ISO-10303-21;
HEADER;
/* Generated by software containing ST-Developer
 * from STEP Tools, Inc. (www.steptools.com) 
 */

FILE_DESCRIPTION(
/* description */ (''),
/* implementation_level */ '2;1');

FILE_NAME(
/* name */ 'Guard (R+D).step',
/* time_stamp */ '2026-07-24T13:10:50+02:00',
/* author */ (''),
/* organization */ (''),
/* preprocessor_version */ 'ST-DEVELOPER v20.1',
/* originating_system */ 'Autodesk Translation Framework v15.8.0.0',
/* authorisation */ '');

FILE_SCHEMA (('AUTOMOTIVE_DESIGN { 1 0 10303 214 3 1 1 }'));
ENDSEC;

DATA;
#10=MECHANICAL_DESIGN_GEOMETRIC_PRESENTATION_REPRESENTATION('',(#13),#2699);
#11=SHAPE_REPRESENTATION_RELATIONSHIP('SRR','None',#2706,#12);
#12=ADVANCED_BREP_SHAPE_REPRESENTATION('',(#14),#2698);
#13=STYLED_ITEM('',(#2716),#14);
#14=MANIFOLD_SOLID_BREP('Body1',#1247);
#15=CONICAL_SURFACE('',#1361,50.5,0.785398163397447);
#16=CONICAL_SURFACE('',#1364,50.5,0.785398163397447);
#17=B_SPLINE_SURFACE_WITH_KNOTS('',3,3,((#2283,#2284,#2285,#2286),(#2287,
#2288,#2289,#2290),(#2291,#2292,#2293,#2294),(#2295,#2296,#2297,#2298)),
 .UNSPECIFIED.,.F.,.F.,.F.,(4,4),(4,4),(0.372534121146767,1.),(0.0953826590082095,
0.103276276229605),.UNSPECIFIED.);
#18=B_SPLINE_SURFACE_WITH_KNOTS('',3,3,((#2307,#2308,#2309,#2310,#2311,
#2312,#2313,#2314,#2315,#2316),(#2317,#2318,#2319,#2320,#2321,#2322,#2323,
#2324,#2325,#2326),(#2327,#2328,#2329,#2330,#2331,#2332,#2333,#2334,#2335,
#2336),(#2337,#2338,#2339,#2340,#2341,#2342,#2343,#2344,#2345,#2346)),
 .UNSPECIFIED.,.F.,.F.,.F.,(4,4),(4,2,2,2,4),(0.,1.),(0.757099577728689,
0.945802444548948,1.1345053113692,1.32286008064527,1.51121484992135),
 .UNSPECIFIED.);
#19=B_SPLINE_SURFACE_WITH_KNOTS('',3,3,((#2374,#2375,#2376,#2377),(#2378,
#2379,#2380,#2381),(#2382,#2383,#2384,#2385),(#2386,#2387,#2388,#2389)),
 .UNSPECIFIED.,.F.,.F.,.F.,(4,4),(4,4),(0.372534120117307,1.),(1.81658590096416,
1.82447951818555),.UNSPECIFIED.);
#20=B_SPLINE_SURFACE_WITH_KNOTS('',3,3,((#2400,#2401,#2402,#2403,#2404,
#2405,#2406,#2407,#2408,#2409),(#2410,#2411,#2412,#2413,#2414,#2415,#2416,
#2417,#2418,#2419),(#2420,#2421,#2422,#2423,#2424,#2425,#2426,#2427,#2428,
#2429),(#2430,#2431,#2432,#2433,#2434,#2435,#2436,#2437,#2438,#2439)),
 .UNSPECIFIED.,.F.,.F.,.F.,(4,4),(4,2,2,2,4),(0.,1.),(1.51121536722577,
1.69957013650184,1.88792490577791,2.07662777259817,2.26533063941842),
 .UNSPECIFIED.);
#21=B_SPLINE_SURFACE_WITH_KNOTS('',3,3,((#2478,#2479,#2480,#2481),(#2482,
#2483,#2484,#2485),(#2486,#2487,#2488,#2489),(#2490,#2491,#2492,#2493)),
 .UNSPECIFIED.,.F.,.F.,.F.,(4,4),(4,4),(0.,1.),(-1.82447951818555,-1.81658590096416),
 .UNSPECIFIED.);
#22=B_SPLINE_SURFACE_WITH_KNOTS('',3,3,((#2502,#2503,#2504,#2505,#2506,
#2507,#2508,#2509,#2510,#2511),(#2512,#2513,#2514,#2515,#2516,#2517,#2518,
#2519,#2520,#2521),(#2522,#2523,#2524,#2525,#2526,#2527,#2528,#2529,#2530,
#2531),(#2532,#2533,#2534,#2535,#2536,#2537,#2538,#2539,#2540,#2541)),
 .UNSPECIFIED.,.F.,.F.,.F.,(4,4),(4,2,2,2,4),(0.,1.),(0.757099577728688,
0.945802444548949,1.13450531136921,1.32286008064527,1.51121484992135),
 .UNSPECIFIED.);
#23=B_SPLINE_SURFACE_WITH_KNOTS('',3,3,((#2573,#2574,#2575,#2576,#2577,
#2578,#2579,#2580,#2581,#2582),(#2583,#2584,#2585,#2586,#2587,#2588,#2589,
#2590,#2591,#2592),(#2593,#2594,#2595,#2596,#2597,#2598,#2599,#2600,#2601,
#2602),(#2603,#2604,#2605,#2606,#2607,#2608,#2609,#2610,#2611,#2612)),
 .UNSPECIFIED.,.F.,.F.,.F.,(4,4),(4,2,2,2,4),(0.,1.),(1.51121484992134,
1.69956961919742,1.88792438847349,2.07662725529374,2.265330122114),
 .UNSPECIFIED.);
#24=B_SPLINE_SURFACE_WITH_KNOTS('',3,3,((#2624,#2625,#2626,#2627),(#2628,
#2629,#2630,#2631),(#2632,#2633,#2634,#2635),(#2636,#2637,#2638,#2639)),
 .UNSPECIFIED.,.F.,.F.,.F.,(4,4),(4,4),(0.,1.),(-0.103276276229605,-0.0953826590082092),
 .UNSPECIFIED.);
#25=B_SPLINE_SURFACE_WITH_KNOTS('',3,3,((#2648,#2649,#2650,#2651),(#2652,
#2653,#2654,#2655),(#2656,#2657,#2658,#2659),(#2660,#2661,#2662,#2663)),
 .UNSPECIFIED.,.F.,.F.,.F.,(4,4),(4,4),(0.,0.0451869475208755),(0.0953826590082095,
0.0975764608923296),.UNSPECIFIED.);
#26=B_SPLINE_SURFACE_WITH_KNOTS('',3,3,((#2664,#2665,#2666,#2667),(#2668,
#2669,#2670,#2671),(#2672,#2673,#2674,#2675),(#2676,#2677,#2678,#2679)),
 .UNSPECIFIED.,.F.,.F.,.F.,(4,4),(4,4),(0.,0.0451869427498436),(1.82228571649786,
1.82447951818555),.UNSPECIFIED.);
#27=(
BOUNDED_CURVE()
B_SPLINE_CURVE(2,(#1850,#1851,#1852),.UNSPECIFIED.,.F.,.F.)
B_SPLINE_CURVE_WITH_KNOTS((3,3),(0.,0.118645747952162),.UNSPECIFIED.)
CURVE()
GEOMETRIC_REPRESENTATION_ITEM()
RATIONAL_B_SPLINE_CURVE((1.,1.00020132047574,1.00032414249775))
REPRESENTATION_ITEM('')
);
#28=(
BOUNDED_CURVE()
B_SPLINE_CURVE(2,(#1915,#1916,#1917),.UNSPECIFIED.,.F.,.F.)
B_SPLINE_CURVE_WITH_KNOTS((3,3),(0.,0.11864574795194),.UNSPECIFIED.)
CURVE()
GEOMETRIC_REPRESENTATION_ITEM()
RATIONAL_B_SPLINE_CURVE((1.,1.00020132047623,1.00032414249854))
REPRESENTATION_ITEM('')
);
#29=(
BOUNDED_CURVE()
B_SPLINE_CURVE(2,(#1941,#1942,#1943),.UNSPECIFIED.,.F.,.F.)
B_SPLINE_CURVE_WITH_KNOTS((3,3),(0.,0.118645747952034),.UNSPECIFIED.)
CURVE()
GEOMETRIC_REPRESENTATION_ITEM()
RATIONAL_B_SPLINE_CURVE((1.,1.00020132047576,1.00032414249778))
REPRESENTATION_ITEM('')
);
#30=(
BOUNDED_CURVE()
B_SPLINE_CURVE(2,(#2000,#2001,#2002),.UNSPECIFIED.,.F.,.F.)
B_SPLINE_CURVE_WITH_KNOTS((3,3),(0.489922117035224,0.608567869528674),
 .UNSPECIFIED.)
CURVE()
GEOMETRIC_REPRESENTATION_ITEM()
RATIONAL_B_SPLINE_CURVE((1.0003241425051,1.00020132048227,1.))
REPRESENTATION_ITEM('')
);
#31=(
BOUNDED_CURVE()
B_SPLINE_CURVE(2,(#2057,#2058,#2059),.UNSPECIFIED.,.F.,.F.)
B_SPLINE_CURVE_WITH_KNOTS((3,3),(0.489922117035268,0.608567869528673),
 .UNSPECIFIED.)
CURVE()
GEOMETRIC_REPRESENTATION_ITEM()
RATIONAL_B_SPLINE_CURVE((1.00032414250466,1.00020132048199,1.))
REPRESENTATION_ITEM('')
);
#32=(
BOUNDED_CURVE()
B_SPLINE_CURVE(2,(#2067,#2068,#2069),.UNSPECIFIED.,.F.,.F.)
B_SPLINE_CURVE_WITH_KNOTS((3,3),(0.,0.118645747952068),.UNSPECIFIED.)
CURVE()
GEOMETRIC_REPRESENTATION_ITEM()
RATIONAL_B_SPLINE_CURVE((1.,1.00020132047583,1.0003241424979))
REPRESENTATION_ITEM('')
);
#33=(
BOUNDED_CURVE()
B_SPLINE_CURVE(2,(#2187,#2188,#2189),.UNSPECIFIED.,.F.,.F.)
B_SPLINE_CURVE_WITH_KNOTS((3,3),(0.489922117034948,0.608567869528673),
 .UNSPECIFIED.)
CURVE()
GEOMETRIC_REPRESENTATION_ITEM()
RATIONAL_B_SPLINE_CURVE((1.00032414250479,1.00020132048208,1.))
REPRESENTATION_ITEM('')
);
#34=(
BOUNDED_CURVE()
B_SPLINE_CURVE(2,(#2278,#2279,#2280),.UNSPECIFIED.,.F.,.F.)
B_SPLINE_CURVE_WITH_KNOTS((3,3),(0.489922117034971,0.608567869528673),
 .UNSPECIFIED.)
CURVE()
GEOMETRIC_REPRESENTATION_ITEM()
RATIONAL_B_SPLINE_CURVE((1.00032414250508,1.00020132048226,1.))
REPRESENTATION_ITEM('')
);
#35=PLANE('',#1279);
#36=PLANE('',#1287);
#37=PLANE('',#1291);
#38=PLANE('',#1296);
#39=PLANE('',#1300);
#40=PLANE('',#1304);
#41=PLANE('',#1309);
#42=PLANE('',#1320);
#43=PLANE('',#1321);
#44=PLANE('',#1329);
#45=PLANE('',#1330);
#46=PLANE('',#1331);
#47=PLANE('',#1339);
#48=PLANE('',#1340);
#49=PLANE('',#1348);
#50=PLANE('',#1349);
#51=PLANE('',#1357);
#52=PLANE('',#1358);
#53=PLANE('',#1359);
#54=PLANE('',#1363);
#55=PLANE('',#1367);
#56=PLANE('',#1369);
#57=PLANE('',#1372);
#58=PLANE('',#1374);
#59=ELLIPSE('',#1264,11.8310080940774,5.);
#60=ELLIPSE('',#1297,11.8310079156913,5.);
#61=FACE_OUTER_BOUND('',#128,.T.);
#62=FACE_OUTER_BOUND('',#129,.T.);
#63=FACE_OUTER_BOUND('',#130,.T.);
#64=FACE_OUTER_BOUND('',#131,.T.);
#65=FACE_OUTER_BOUND('',#132,.T.);
#66=FACE_OUTER_BOUND('',#133,.T.);
#67=FACE_OUTER_BOUND('',#134,.T.);
#68=FACE_OUTER_BOUND('',#135,.T.);
#69=FACE_OUTER_BOUND('',#136,.T.);
#70=FACE_OUTER_BOUND('',#137,.T.);
#71=FACE_OUTER_BOUND('',#138,.T.);
#72=FACE_OUTER_BOUND('',#139,.T.);
#73=FACE_OUTER_BOUND('',#140,.T.);
#74=FACE_OUTER_BOUND('',#141,.T.);
#75=FACE_OUTER_BOUND('',#142,.T.);
#76=FACE_OUTER_BOUND('',#143,.T.);
#77=FACE_OUTER_BOUND('',#144,.T.);
#78=FACE_OUTER_BOUND('',#145,.T.);
#79=FACE_OUTER_BOUND('',#146,.T.);
#80=FACE_OUTER_BOUND('',#147,.T.);
#81=FACE_OUTER_BOUND('',#148,.T.);
#82=FACE_OUTER_BOUND('',#149,.T.);
#83=FACE_OUTER_BOUND('',#150,.T.);
#84=FACE_OUTER_BOUND('',#151,.T.);
#85=FACE_OUTER_BOUND('',#152,.T.);
#86=FACE_OUTER_BOUND('',#153,.T.);
#87=FACE_OUTER_BOUND('',#154,.T.);
#88=FACE_OUTER_BOUND('',#155,.T.);
#89=FACE_OUTER_BOUND('',#156,.T.);
#90=FACE_OUTER_BOUND('',#157,.T.);
#91=FACE_OUTER_BOUND('',#158,.T.);
#92=FACE_OUTER_BOUND('',#159,.T.);
#93=FACE_OUTER_BOUND('',#160,.T.);
#94=FACE_OUTER_BOUND('',#161,.T.);
#95=FACE_OUTER_BOUND('',#162,.T.);
#96=FACE_OUTER_BOUND('',#163,.T.);
#97=FACE_OUTER_BOUND('',#164,.T.);
#98=FACE_OUTER_BOUND('',#165,.T.);
#99=FACE_OUTER_BOUND('',#166,.T.);
#100=FACE_OUTER_BOUND('',#167,.T.);
#101=FACE_OUTER_BOUND('',#168,.T.);
#102=FACE_OUTER_BOUND('',#169,.T.);
#103=FACE_OUTER_BOUND('',#170,.T.);
#104=FACE_OUTER_BOUND('',#171,.T.);
#105=FACE_OUTER_BOUND('',#172,.T.);
#106=FACE_OUTER_BOUND('',#173,.T.);
#107=FACE_OUTER_BOUND('',#174,.T.);
#108=FACE_OUTER_BOUND('',#175,.T.);
#109=FACE_OUTER_BOUND('',#176,.T.);
#110=FACE_OUTER_BOUND('',#177,.T.);
#111=FACE_OUTER_BOUND('',#178,.T.);
#112=FACE_OUTER_BOUND('',#179,.T.);
#113=FACE_OUTER_BOUND('',#180,.T.);
#114=FACE_OUTER_BOUND('',#181,.T.);
#115=FACE_OUTER_BOUND('',#182,.T.);
#116=FACE_OUTER_BOUND('',#183,.T.);
#117=FACE_OUTER_BOUND('',#184,.T.);
#118=FACE_OUTER_BOUND('',#185,.T.);
#119=FACE_OUTER_BOUND('',#186,.T.);
#120=FACE_OUTER_BOUND('',#187,.T.);
#121=FACE_OUTER_BOUND('',#188,.T.);
#122=FACE_OUTER_BOUND('',#189,.T.);
#123=FACE_OUTER_BOUND('',#190,.T.);
#124=FACE_OUTER_BOUND('',#191,.T.);
#125=FACE_OUTER_BOUND('',#192,.T.);
#126=FACE_OUTER_BOUND('',#193,.T.);
#127=FACE_OUTER_BOUND('',#194,.T.);
#128=EDGE_LOOP('',(#771,#772,#773,#774));
#129=EDGE_LOOP('',(#775,#776,#777,#778,#779,#780));
#130=EDGE_LOOP('',(#781,#782,#783,#784,#785,#786,#787,#788,#789,#790,#791,
#792,#793,#794,#795,#796,#797,#798,#799,#800,#801,#802,#803,#804,#805,#806));
#131=EDGE_LOOP('',(#807,#808,#809,#810));
#132=EDGE_LOOP('',(#811,#812,#813,#814,#815,#816));
#133=EDGE_LOOP('',(#817,#818,#819,#820));
#134=EDGE_LOOP('',(#821,#822,#823,#824));
#135=EDGE_LOOP('',(#825,#826,#827,#828,#829));
#136=EDGE_LOOP('',(#830,#831,#832,#833));
#137=EDGE_LOOP('',(#834,#835,#836,#837,#838,#839));
#138=EDGE_LOOP('',(#840,#841,#842,#843));
#139=EDGE_LOOP('',(#844,#845,#846,#847,#848,#849));
#140=EDGE_LOOP('',(#850,#851,#852,#853));
#141=EDGE_LOOP('',(#854,#855,#856,#857,#858));
#142=EDGE_LOOP('',(#859,#860,#861,#862));
#143=EDGE_LOOP('',(#863,#864,#865,#866,#867,#868));
#144=EDGE_LOOP('',(#869,#870,#871,#872));
#145=EDGE_LOOP('',(#873,#874,#875,#876,#877));
#146=EDGE_LOOP('',(#878,#879,#880,#881));
#147=EDGE_LOOP('',(#882,#883,#884,#885));
#148=EDGE_LOOP('',(#886,#887,#888,#889));
#149=EDGE_LOOP('',(#890,#891,#892,#893));
#150=EDGE_LOOP('',(#894,#895,#896,#897,#898));
#151=EDGE_LOOP('',(#899,#900,#901,#902,#903,#904,#905,#906));
#152=EDGE_LOOP('',(#907,#908,#909,#910));
#153=EDGE_LOOP('',(#911,#912,#913,#914));
#154=EDGE_LOOP('',(#915,#916,#917,#918));
#155=EDGE_LOOP('',(#919,#920,#921,#922,#923));
#156=EDGE_LOOP('',(#924,#925,#926,#927,#928,#929,#930,#931));
#157=EDGE_LOOP('',(#932,#933,#934,#935,#936));
#158=EDGE_LOOP('',(#937,#938,#939,#940));
#159=EDGE_LOOP('',(#941,#942,#943,#944,#945));
#160=EDGE_LOOP('',(#946,#947,#948,#949,#950));
#161=EDGE_LOOP('',(#951,#952,#953,#954,#955,#956));
#162=EDGE_LOOP('',(#957,#958,#959,#960,#961,#962,#963,#964));
#163=EDGE_LOOP('',(#965,#966,#967,#968));
#164=EDGE_LOOP('',(#969,#970,#971,#972));
#165=EDGE_LOOP('',(#973,#974,#975,#976));
#166=EDGE_LOOP('',(#977,#978,#979,#980,#981));
#167=EDGE_LOOP('',(#982,#983,#984,#985,#986,#987,#988,#989));
#168=EDGE_LOOP('',(#990,#991,#992,#993,#994));
#169=EDGE_LOOP('',(#995,#996,#997,#998,#999));
#170=EDGE_LOOP('',(#1000,#1001,#1002,#1003));
#171=EDGE_LOOP('',(#1004,#1005,#1006,#1007,#1008));
#172=EDGE_LOOP('',(#1009,#1010,#1011,#1012,#1013,#1014,#1015,#1016));
#173=EDGE_LOOP('',(#1017,#1018,#1019,#1020,#1021));
#174=EDGE_LOOP('',(#1022,#1023,#1024,#1025,#1026,#1027,#1028));
#175=EDGE_LOOP('',(#1029,#1030,#1031,#1032,#1033));
#176=EDGE_LOOP('',(#1034,#1035,#1036,#1037,#1038,#1039));
#177=EDGE_LOOP('',(#1040,#1041,#1042,#1043,#1044,#1045,#1046,#1047,#1048,
#1049,#1050,#1051,#1052,#1053,#1054,#1055,#1056,#1057,#1058,#1059,#1060,
#1061,#1062,#1063,#1064,#1065,#1066,#1067));
#178=EDGE_LOOP('',(#1068,#1069,#1070,#1071));
#179=EDGE_LOOP('',(#1072,#1073,#1074,#1075));
#180=EDGE_LOOP('',(#1076,#1077,#1078,#1079));
#181=EDGE_LOOP('',(#1080,#1081,#1082,#1083));
#182=EDGE_LOOP('',(#1084,#1085,#1086,#1087));
#183=EDGE_LOOP('',(#1088,#1089,#1090,#1091));
#184=EDGE_LOOP('',(#1092,#1093,#1094,#1095,#1096,#1097,#1098));
#185=EDGE_LOOP('',(#1099,#1100,#1101,#1102));
#186=EDGE_LOOP('',(#1103,#1104,#1105));
#187=EDGE_LOOP('',(#1106,#1107,#1108));
#188=EDGE_LOOP('',(#1109,#1110,#1111,#1112,#1113));
#189=EDGE_LOOP('',(#1114,#1115,#1116,#1117));
#190=EDGE_LOOP('',(#1118,#1119,#1120,#1121,#1122,#1123,#1124,#1125,#1126,
#1127,#1128,#1129));
#191=EDGE_LOOP('',(#1130,#1131,#1132,#1133,#1134));
#192=EDGE_LOOP('',(#1135,#1136,#1137,#1138));
#193=EDGE_LOOP('',(#1139,#1140,#1141,#1142,#1143,#1144));
#194=EDGE_LOOP('',(#1145,#1146,#1147,#1148));
#195=CIRCLE('',#1262,0.5);
#196=CIRCLE('',#1266,47.5);
#197=CIRCLE('',#1267,47.5);
#198=CIRCLE('',#1268,47.5);
#199=CIRCLE('',#1269,47.5);
#200=CIRCLE('',#1270,47.5);
#201=CIRCLE('',#1271,47.5);
#202=CIRCLE('',#1272,47.5);
#203=CIRCLE('',#1273,47.5);
#204=CIRCLE('',#1274,47.5);
#205=CIRCLE('',#1275,47.5);
#206=CIRCLE('',#1277,0.5);
#207=CIRCLE('',#1278,0.5);
#208=CIRCLE('',#1280,48.5);
#209=CIRCLE('',#1281,0.5);
#210=CIRCLE('',#1283,0.5);
#211=CIRCLE('',#1285,0.5);
#212=CIRCLE('',#1286,0.5);
#213=CIRCLE('',#1289,0.5);
#214=CIRCLE('',#1290,0.5);
#215=CIRCLE('',#1292,0.5);
#216=CIRCLE('',#1293,48.5);
#217=CIRCLE('',#1295,0.5);
#218=CIRCLE('',#1299,0.5);
#219=CIRCLE('',#1302,0.5);
#220=CIRCLE('',#1303,0.5);
#221=CIRCLE('',#1305,0.5);
#222=CIRCLE('',#1306,48.5);
#223=CIRCLE('',#1308,0.5);
#224=CIRCLE('',#1311,0.5);
#225=CIRCLE('',#1312,0.5);
#226=CIRCLE('',#1314,0.499999999969745);
#227=CIRCLE('',#1316,50.0000000000077);
#228=CIRCLE('',#1317,50.0000000000077);
#229=CIRCLE('',#1319,0.499999977620695);
#230=CIRCLE('',#1323,0.499999999969745);
#231=CIRCLE('',#1325,50.0000000000077);
#232=CIRCLE('',#1326,50.0000000000077);
#233=CIRCLE('',#1328,0.499999977620695);
#234=CIRCLE('',#1333,0.499999999969745);
#235=CIRCLE('',#1335,50.0000000000077);
#236=CIRCLE('',#1336,50.0000000000077);
#237=CIRCLE('',#1338,0.499999977620695);
#238=CIRCLE('',#1342,0.499999999969745);
#239=CIRCLE('',#1344,50.0000000000077);
#240=CIRCLE('',#1345,50.0000000000077);
#241=CIRCLE('',#1347,0.499999977620695);
#242=CIRCLE('',#1351,0.499999999969745);
#243=CIRCLE('',#1353,50.0000000000077);
#244=CIRCLE('',#1354,50.0000000000077);
#245=CIRCLE('',#1356,0.499999977620695);
#246=CIRCLE('',#1360,48.5);
#247=CIRCLE('',#1362,52.5);
#248=CIRCLE('',#1365,52.5);
#249=CIRCLE('',#1366,48.5);
#250=LINE('',#1710,#334);
#251=LINE('',#1713,#335);
#252=LINE('',#1727,#336);
#253=LINE('',#1749,#337);
#254=LINE('',#1753,#338);
#255=LINE('',#1757,#339);
#256=LINE('',#1761,#340);
#257=LINE('',#1765,#341);
#258=LINE('',#1769,#342);
#259=LINE('',#1773,#343);
#260=LINE('',#1777,#344);
#261=LINE('',#1781,#345);
#262=LINE('',#1794,#346);
#263=LINE('',#1819,#347);
#264=LINE('',#1825,#348);
#265=LINE('',#1828,#349);
#266=LINE('',#1832,#350);
#267=LINE('',#1836,#351);
#268=LINE('',#1843,#352);
#269=LINE('',#1846,#353);
#270=LINE('',#1848,#354);
#271=LINE('',#1853,#355);
#272=LINE('',#1858,#356);
#273=LINE('',#1864,#357);
#274=LINE('',#1867,#358);
#275=LINE('',#1889,#359);
#276=LINE('',#1892,#360);
#277=LINE('',#1894,#361);
#278=LINE('',#1909,#362);
#279=LINE('',#1912,#363);
#280=LINE('',#1914,#364);
#281=LINE('',#1922,#365);
#282=LINE('',#1928,#366);
#283=LINE('',#1931,#367);
#284=LINE('',#1935,#368);
#285=LINE('',#1938,#369);
#286=LINE('',#1940,#370);
#287=LINE('',#1948,#371);
#288=LINE('',#1971,#372);
#289=LINE('',#1977,#373);
#290=LINE('',#1998,#374);
#291=LINE('',#2003,#375);
#292=LINE('',#2026,#376);
#293=LINE('',#2032,#377);
#294=LINE('',#2053,#378);
#295=LINE('',#2056,#379);
#296=LINE('',#2060,#380);
#297=LINE('',#2064,#381);
#298=LINE('',#2066,#382);
#299=LINE('',#2091,#383);
#300=LINE('',#2098,#384);
#301=LINE('',#2112,#385);
#302=LINE('',#2135,#386);
#303=LINE('',#2158,#387);
#304=LINE('',#2164,#388);
#305=LINE('',#2185,#389);
#306=LINE('',#2190,#390);
#307=LINE('',#2240,#391);
#308=LINE('',#2254,#392);
#309=LINE('',#2276,#393);
#310=LINE('',#2281,#394);
#311=LINE('',#2300,#395);
#312=LINE('',#2306,#396);
#313=LINE('',#2348,#397);
#314=LINE('',#2361,#398);
#315=LINE('',#2373,#399);
#316=LINE('',#2391,#400);
#317=LINE('',#2442,#401);
#318=LINE('',#2455,#402);
#319=LINE('',#2467,#403);
#320=LINE('',#2468,#404);
#321=LINE('',#2472,#405);
#322=LINE('',#2476,#406);
#323=LINE('',#2544,#407);
#324=LINE('',#2557,#408);
#325=LINE('',#2570,#409);
#326=LINE('',#2571,#410);
#327=LINE('',#2572,#411);
#328=LINE('',#2613,#412);
#329=LINE('',#2685,#413);
#330=LINE('',#2686,#414);
#331=LINE('',#2690,#415);
#332=LINE('',#2691,#416);
#333=LINE('',#2693,#417);
#334=VECTOR('',#1379,10.);
#335=VECTOR('',#1382,10.);
#336=VECTOR('',#1385,10.);
#337=VECTOR('',#1392,10.);
#338=VECTOR('',#1395,10.);
#339=VECTOR('',#1398,10.);
#340=VECTOR('',#1401,10.);
#341=VECTOR('',#1404,10.);
#342=VECTOR('',#1407,10.);
#343=VECTOR('',#1410,10.);
#344=VECTOR('',#1413,10.);
#345=VECTOR('',#1416,10.);
#346=VECTOR('',#1417,10.);
#347=VECTOR('',#1420,10.);
#348=VECTOR('',#1427,10.);
#349=VECTOR('',#1430,10.);
#350=VECTOR('',#1433,10.);
#351=VECTOR('',#1438,10.);
#352=VECTOR('',#1447,10.);
#353=VECTOR('',#1450,10.);
#354=VECTOR('',#1451,10.);
#355=VECTOR('',#1452,10.);
#356=VECTOR('',#1457,10.);
#357=VECTOR('',#1464,10.);
#358=VECTOR('',#1467,10.);
#359=VECTOR('',#1472,10.);
#360=VECTOR('',#1475,10.);
#361=VECTOR('',#1476,10.);
#362=VECTOR('',#1483,10.);
#363=VECTOR('',#1486,10.);
#364=VECTOR('',#1487,10.);
#365=VECTOR('',#1492,10.);
#366=VECTOR('',#1499,10.);
#367=VECTOR('',#1502,10.);
#368=VECTOR('',#1507,10.);
#369=VECTOR('',#1510,10.);
#370=VECTOR('',#1511,10.);
#371=VECTOR('',#1516,10.);
#372=VECTOR('',#1523,10.);
#373=VECTOR('',#1530,10.);
#374=VECTOR('',#1535,10.);
#375=VECTOR('',#1538,10.);
#376=VECTOR('',#1545,10.);
#377=VECTOR('',#1552,10.);
#378=VECTOR('',#1557,10.);
#379=VECTOR('',#1560,10.);
#380=VECTOR('',#1561,10.);
#381=VECTOR('',#1566,10.);
#382=VECTOR('',#1567,10.);
#383=VECTOR('',#1572,10.);
#384=VECTOR('',#1579,10.);
#385=VECTOR('',#1584,10.);
#386=VECTOR('',#1587,10.);
#387=VECTOR('',#1594,10.);
#388=VECTOR('',#1601,10.);
#389=VECTOR('',#1606,10.);
#390=VECTOR('',#1609,10.);
#391=VECTOR('',#1616,10.);
#392=VECTOR('',#1621,10.);
#393=VECTOR('',#1628,10.);
#394=VECTOR('',#1631,10.);
#395=VECTOR('',#1634,10.);
#396=VECTOR('',#1635,10.);
#397=VECTOR('',#1636,10.);
#398=VECTOR('',#1637,10.);
#399=VECTOR('',#1638,10.);
#400=VECTOR('',#1639,10.);
#401=VECTOR('',#1648,10.);
#402=VECTOR('',#1649,10.);
#403=VECTOR('',#1652,10.);
#404=VECTOR('',#1653,10.);
#405=VECTOR('',#1656,10.);
#406=VECTOR('',#1659,10.);
#407=VECTOR('',#1662,10.);
#408=VECTOR('',#1663,10.);
#409=VECTOR('',#1666,10.);
#410=VECTOR('',#1667,10.);
#411=VECTOR('',#1668,10.);
#412=VECTOR('',#1669,10.);
#413=VECTOR('',#1672,10.);
#414=VECTOR('',#1673,10.);
#415=VECTOR('',#1680,10.);
#416=VECTOR('',#1681,10.);
#417=VECTOR('',#1684,10.);
#418=B_SPLINE_CURVE_WITH_KNOTS('',3,(#1693,#1694,#1695,#1696,#1697,#1698,
#1699,#1700,#1701,#1702,#1703,#1704,#1705,#1706,#1707,#1708),
 .UNSPECIFIED.,.F.,.F.,(4,2,2,2,2,2,2,4),(0.0713258388941193,0.0758786433876824,
0.0947843581363203,0.113690072884958,0.132521744011243,0.151353415137529,
0.170185086263814,0.172243502243641),.UNSPECIFIED.);
#419=B_SPLINE_CURVE_WITH_KNOTS('',3,(#1716,#1717,#1718,#1719,#1720,#1721,
#1722,#1723,#1724,#1725),.UNSPECIFIED.,.F.,.F.,(4,2,2,2,4),(0.822457948658479,
0.946729005508541,1.13551200363457,1.32386930554137,1.51222660744817),
 .UNSPECIFIED.);
#420=B_SPLINE_CURVE_WITH_KNOTS('',3,(#1729,#1730,#1731,#1732,#1733,#1734,
#1735,#1736,#1737,#1738),.UNSPECIFIED.,.F.,.F.,(4,2,2,2,4),(-2.265330122114,
-2.07662725529374,-1.88792438847349,-1.69956961919742,-1.51121484992134),
 .UNSPECIFIED.);
#421=B_SPLINE_CURVE_WITH_KNOTS('',3,(#1740,#1741,#1742,#1743),
 .UNSPECIFIED.,.F.,.F.,(4,4),(-0.0975764608923296,-0.0953826590082095),
 .UNSPECIFIED.);
#422=B_SPLINE_CURVE_WITH_KNOTS('',3,(#1783,#1784,#1785,#1786,#1787,#1788,
#1789,#1790,#1791,#1792),.UNSPECIFIED.,.F.,.F.,(4,2,2,2,4),(1.51222581962513,
1.70058312153193,1.88894042343873,2.07772342156476,2.20199447772549),
 .UNSPECIFIED.);
#423=B_SPLINE_CURVE_WITH_KNOTS('',3,(#1796,#1797,#1798,#1799,#1800,#1801,
#1802,#1803,#1804,#1805),.UNSPECIFIED.,.F.,.F.,(4,2,2,2,4),(0.757945219559476,
0.946728217685505,1.13551121581153,1.32386851771833,1.51222581962513),
 .UNSPECIFIED.);
#424=B_SPLINE_CURVE_WITH_KNOTS('',3,(#1809,#1810,#1811,#1812,#1813,#1814,
#1815,#1816,#1817,#1818),.UNSPECIFIED.,.F.,.F.,(4,2,2,2,4),(1.51222660744817,
1.70058390935497,1.88894121126177,2.07772420938779,2.26650720751382),
 .UNSPECIFIED.);
#425=B_SPLINE_CURVE_WITH_KNOTS('',3,(#1870,#1871,#1872,#1873,#1874,#1875,
#1876,#1877,#1878,#1879,#1880,#1881,#1882,#1883,#1884,#1885,#1886),
 .UNSPECIFIED.,.F.,.F.,(4,2,3,2,2,2,2,4),(0.281816856051284,0.2838752723627,
0.302706943488709,0.321538614614718,0.340370285740726,0.359276000491787,
0.378181715242847,0.382734075935767),.UNSPECIFIED.);
#426=B_SPLINE_CURVE_WITH_KNOTS('',3,(#1896,#1897,#1898,#1899),
 .UNSPECIFIED.,.F.,.F.,(4,4),(-0.156897889596373,-0.0687343429397965),
 .UNSPECIFIED.);
#427=B_SPLINE_CURVE_WITH_KNOTS('',3,(#1901,#1902,#1903,#1904),
 .UNSPECIFIED.,.F.,.F.,(4,4),(-0.0281029509468872,0.),.UNSPECIFIED.);
#428=B_SPLINE_CURVE_WITH_KNOTS('',3,(#1952,#1953,#1954,#1955,#1956,#1957,
#1958,#1959,#1960,#1961,#1962,#1963,#1964,#1965,#1966,#1967,#1968),
 .UNSPECIFIED.,.F.,.F.,(4,2,3,2,2,2,2,4),(-0.0343378197026869,-0.0270538399750617,
0.,0.0253299157649781,0.0506598315299563,0.0714821120113958,0.0818932522521155,
0.0923043924928352),.UNSPECIFIED.);
#429=B_SPLINE_CURVE_WITH_KNOTS('',3,(#1980,#1981,#1982,#1983,#1984,#1985,
#1986,#1987,#1988,#1989,#1990,#1991,#1992,#1993,#1994,#1995),
 .UNSPECIFIED.,.F.,.F.,(4,2,2,2,2,2,2,4),(0.0923043883410336,0.102715528113484,
0.113126667885934,0.133948947430834,0.15927886205645,0.184608776682066,
0.211662615454972,0.218946595287004),.UNSPECIFIED.);
#430=B_SPLINE_CURVE_WITH_KNOTS('',3,(#2007,#2008,#2009,#2010,#2011,#2012,
#2013,#2014,#2015,#2016,#2017,#2018,#2019,#2020,#2021,#2022,#2023),
 .UNSPECIFIED.,.F.,.F.,(4,2,3,2,2,2,2,4),(-0.0343378197026905,-0.0270538399750622,
0.,0.0253299157649772,0.0506598315299543,0.0714821120113943,0.0818932522521143,
0.0923043924928342),.UNSPECIFIED.);
#431=B_SPLINE_CURVE_WITH_KNOTS('',3,(#2035,#2036,#2037,#2038,#2039,#2040,
#2041,#2042,#2043,#2044,#2045,#2046,#2047,#2048,#2049,#2050),
 .UNSPECIFIED.,.F.,.F.,(4,2,2,2,2,2,2,4),(0.0923043883410334,0.102715528113484,
0.113126667885934,0.133948947430834,0.15927886205645,0.184608776682067,
0.211662615454974,0.218946595287004),.UNSPECIFIED.);
#432=B_SPLINE_CURVE_WITH_KNOTS('',3,(#2072,#2073,#2074,#2075,#2076,#2077,
#2078,#2079,#2080,#2081,#2082,#2083,#2084,#2085,#2086,#2087,#2088),
 .UNSPECIFIED.,.F.,.F.,(4,2,3,2,2,2,2,4),(-0.0343378197026873,-0.0270538399750617,
0.,0.0253299157649777,0.0506598315299554,0.0714821120113955,0.0818932522521155,
0.0923043924928355),.UNSPECIFIED.);
#433=B_SPLINE_CURVE_WITH_KNOTS('',3,(#2099,#2100,#2101,#2102),
 .UNSPECIFIED.,.F.,.F.,(4,4),(-0.0295534753634892,0.),.UNSPECIFIED.);
#434=B_SPLINE_CURVE_WITH_KNOTS('',3,(#2105,#2106,#2107,#2108),
 .UNSPECIFIED.,.F.,.F.,(4,4),(-0.0101045216322946,0.),.UNSPECIFIED.);
#435=B_SPLINE_CURVE_WITH_KNOTS('',3,(#2113,#2114,#2115,#2116,#2117,#2118,
#2119,#2120,#2121,#2122,#2123,#2124),.UNSPECIFIED.,.F.,.F.,(4,2,2,2,2,4),
(-0.124968540480962,-0.110949468332853,-0.0946484844150796,-0.0694338522070153,
-0.0345350557916845,0.),.UNSPECIFIED.);
#436=B_SPLINE_CURVE_WITH_KNOTS('',3,(#2127,#2128,#2129,#2130),
 .UNSPECIFIED.,.F.,.F.,(4,4),(-0.0281046337280688,0.),.UNSPECIFIED.);
#437=B_SPLINE_CURVE_WITH_KNOTS('',3,(#2131,#2132,#2133,#2134),
 .UNSPECIFIED.,.F.,.F.,(4,4),(-0.0879176446357423,0.),.UNSPECIFIED.);
#438=B_SPLINE_CURVE_WITH_KNOTS('',3,(#2139,#2140,#2141,#2142,#2143,#2144,
#2145,#2146,#2147,#2148,#2149,#2150,#2151,#2152,#2153,#2154,#2155),
 .UNSPECIFIED.,.F.,.F.,(4,2,3,2,2,2,2,4),(-0.0343378197026888,-0.027053839975062,
0.,0.0253299157649776,0.0506598315299552,0.0714821120113951,0.081893252252115,
0.092304392492835),.UNSPECIFIED.);
#439=B_SPLINE_CURVE_WITH_KNOTS('',3,(#2167,#2168,#2169,#2170,#2171,#2172,
#2173,#2174,#2175,#2176,#2177,#2178,#2179,#2180,#2181,#2182),
 .UNSPECIFIED.,.F.,.F.,(4,2,2,2,2,2,2,4),(0.0923043883410341,0.102715528113484,
0.113126667885935,0.133948947430835,0.159278862056452,0.184608776682068,
0.211662615454974,0.218946595287006),.UNSPECIFIED.);
#440=B_SPLINE_CURVE_WITH_KNOTS('',3,(#2194,#2195,#2196,#2197,#2198,#2199,
#2200,#2201,#2202,#2203,#2204,#2205,#2206,#2207,#2208,#2209,#2210,#2211,
#2212,#2213,#2214,#2215,#2216,#2217,#2218,#2219,#2220,#2221,#2222,#2223,
#2224,#2225,#2226,#2227,#2228,#2229,#2230,#2231,#2232,#2233,#2234,#2235,
#2236),.UNSPECIFIED.,.F.,.F.,(4,3,3,3,3,3,3,3,3,3,3,3,3,3,4),(-0.112102050438431,
-0.100871663961388,-0.0926295120601708,-0.0813349819892951,-0.072974832455583,
-0.0622127891876005,-0.0602000339173232,-0.0488467335715683,-0.0378990220598947,
-0.0351758267832846,-0.0254184501779912,-0.0162030929157324,-0.0156610735726978,
-0.00724515104946914,0.),.UNSPECIFIED.);
#441=B_SPLINE_CURVE_WITH_KNOTS('',3,(#2241,#2242,#2243,#2244),
 .UNSPECIFIED.,.F.,.F.,(4,4),(-0.0420703578767622,-0.0319622382687245),
 .UNSPECIFIED.);
#442=B_SPLINE_CURVE_WITH_KNOTS('',3,(#2247,#2248,#2249,#2250),
 .UNSPECIFIED.,.F.,.F.,(4,4),(-0.0295534778601204,0.),.UNSPECIFIED.);
#443=B_SPLINE_CURVE_WITH_KNOTS('',3,(#2258,#2259,#2260,#2261,#2262,#2263,
#2264,#2265,#2266,#2267,#2268,#2269,#2270,#2271,#2272,#2273),
 .UNSPECIFIED.,.F.,.F.,(4,2,2,2,2,2,2,4),(0.0923043883410334,0.102715528113484,
0.113126667885934,0.133948947430834,0.15927886205645,0.184608776682066,
0.211662615454973,0.218946595287004),.UNSPECIFIED.);
#444=B_SPLINE_CURVE_WITH_KNOTS('',3,(#2302,#2303,#2304,#2305),
 .UNSPECIFIED.,.F.,.F.,(4,4),(0.0953826590082095,0.103276276229605),
 .UNSPECIFIED.);
#445=B_SPLINE_CURVE_WITH_KNOTS('',3,(#2350,#2351,#2352,#2353,#2354,#2355,
#2356,#2357,#2358,#2359),.UNSPECIFIED.,.F.,.F.,(4,2,2,2,4),(0.757099577728689,
0.945802444548948,1.1345053113692,1.32286008064527,1.51121484992135),
 .UNSPECIFIED.);
#446=B_SPLINE_CURVE_WITH_KNOTS('',3,(#2363,#2364,#2365,#2366,#2367,#2368,
#2369,#2370,#2371,#2372),.UNSPECIFIED.,.F.,.F.,(4,2,2,2,4),(-1.51121484992135,
-1.32286008064527,-1.1345053113692,-0.945802444548948,-0.757099577728689),
 .UNSPECIFIED.);
#447=B_SPLINE_CURVE_WITH_KNOTS('',3,(#2392,#2393,#2394,#2395),
 .UNSPECIFIED.,.F.,.F.,(4,4),(1.81658590096416,1.82447951818555),
 .UNSPECIFIED.);
#448=B_SPLINE_CURVE_WITH_KNOTS('',3,(#2444,#2445,#2446,#2447,#2448,#2449,
#2450,#2451,#2452,#2453),.UNSPECIFIED.,.F.,.F.,(4,2,2,2,4),(-2.26533063941842,
-2.07662777259817,-1.88792490577791,-1.69957013650184,-1.51121536722577),
 .UNSPECIFIED.);
#449=B_SPLINE_CURVE_WITH_KNOTS('',3,(#2456,#2457,#2458,#2459,#2460,#2461,
#2462,#2463,#2464,#2465),.UNSPECIFIED.,.F.,.F.,(4,2,2,2,4),(1.51121536722577,
1.69957013650184,1.88792490577791,2.07662777259817,2.26533063941842),
 .UNSPECIFIED.);
#450=B_SPLINE_CURVE_WITH_KNOTS('',3,(#2494,#2495,#2496,#2497),
 .UNSPECIFIED.,.F.,.F.,(4,4),(1.81658590096416,1.82447951818555),
 .UNSPECIFIED.);
#451=B_SPLINE_CURVE_WITH_KNOTS('',3,(#2498,#2499,#2500,#2501),
 .UNSPECIFIED.,.F.,.F.,(4,4),(-1.82447951818555,-1.81658590096416),
 .UNSPECIFIED.);
#452=B_SPLINE_CURVE_WITH_KNOTS('',3,(#2546,#2547,#2548,#2549,#2550,#2551,
#2552,#2553,#2554,#2555),.UNSPECIFIED.,.F.,.F.,(4,2,2,2,4),(-1.51121484992135,
-1.32286008064527,-1.13450531136921,-0.945802444548949,-0.757099577728688),
 .UNSPECIFIED.);
#453=B_SPLINE_CURVE_WITH_KNOTS('',3,(#2558,#2559,#2560,#2561,#2562,#2563,
#2564,#2565,#2566,#2567),.UNSPECIFIED.,.F.,.F.,(4,2,2,2,4),(0.757099577728688,
0.945802444548949,1.13450531136921,1.32286008064527,1.51121484992135),
 .UNSPECIFIED.);
#454=B_SPLINE_CURVE_WITH_KNOTS('',3,(#2614,#2615,#2616,#2617,#2618,#2619,
#2620,#2621,#2622,#2623),.UNSPECIFIED.,.F.,.F.,(4,2,2,2,4),(1.51121484992134,
1.69956961919742,1.88792438847349,2.07662725529374,2.265330122114),
 .UNSPECIFIED.);
#455=B_SPLINE_CURVE_WITH_KNOTS('',3,(#2640,#2641,#2642,#2643),
 .UNSPECIFIED.,.F.,.F.,(4,4),(0.0953826590082092,0.103276276229605),
 .UNSPECIFIED.);
#456=B_SPLINE_CURVE_WITH_KNOTS('',3,(#2644,#2645,#2646,#2647),
 .UNSPECIFIED.,.F.,.F.,(4,4),(-0.103276276229605,-0.0953826590082092),
 .UNSPECIFIED.);
#457=B_SPLINE_CURVE_WITH_KNOTS('',3,(#2680,#2681,#2682,#2683),
 .UNSPECIFIED.,.F.,.F.,(4,4),(-1.82447951818555,-1.82228571649786),
 .UNSPECIFIED.);
#458=VERTEX_POINT('',#1691);
#459=VERTEX_POINT('',#1692);
#460=VERTEX_POINT('',#1709);
#461=VERTEX_POINT('',#1711);
#462=VERTEX_POINT('',#1715);
#463=VERTEX_POINT('',#1726);
#464=VERTEX_POINT('',#1728);
#465=VERTEX_POINT('',#1739);
#466=VERTEX_POINT('',#1746);
#467=VERTEX_POINT('',#1748);
#468=VERTEX_POINT('',#1750);
#469=VERTEX_POINT('',#1752);
#470=VERTEX_POINT('',#1754);
#471=VERTEX_POINT('',#1756);
#472=VERTEX_POINT('',#1758);
#473=VERTEX_POINT('',#1760);
#474=VERTEX_POINT('',#1762);
#475=VERTEX_POINT('',#1764);
#476=VERTEX_POINT('',#1766);
#477=VERTEX_POINT('',#1768);
#478=VERTEX_POINT('',#1770);
#479=VERTEX_POINT('',#1772);
#480=VERTEX_POINT('',#1774);
#481=VERTEX_POINT('',#1776);
#482=VERTEX_POINT('',#1778);
#483=VERTEX_POINT('',#1780);
#484=VERTEX_POINT('',#1782);
#485=VERTEX_POINT('',#1793);
#486=VERTEX_POINT('',#1795);
#487=VERTEX_POINT('',#1806);
#488=VERTEX_POINT('',#1808);
#489=VERTEX_POINT('',#1821);
#490=VERTEX_POINT('',#1823);
#491=VERTEX_POINT('',#1827);
#492=VERTEX_POINT('',#1829);
#493=VERTEX_POINT('',#1831);
#494=VERTEX_POINT('',#1835);
#495=VERTEX_POINT('',#1839);
#496=VERTEX_POINT('',#1841);
#497=VERTEX_POINT('',#1845);
#498=VERTEX_POINT('',#1847);
#499=VERTEX_POINT('',#1849);
#500=VERTEX_POINT('',#1855);
#501=VERTEX_POINT('',#1857);
#502=VERTEX_POINT('',#1861);
#503=VERTEX_POINT('',#1863);
#504=VERTEX_POINT('',#1865);
#505=VERTEX_POINT('',#1869);
#506=VERTEX_POINT('',#1887);
#507=VERTEX_POINT('',#1891);
#508=VERTEX_POINT('',#1893);
#509=VERTEX_POINT('',#1895);
#510=VERTEX_POINT('',#1900);
#511=VERTEX_POINT('',#1907);
#512=VERTEX_POINT('',#1911);
#513=VERTEX_POINT('',#1913);
#514=VERTEX_POINT('',#1919);
#515=VERTEX_POINT('',#1921);
#516=VERTEX_POINT('',#1925);
#517=VERTEX_POINT('',#1927);
#518=VERTEX_POINT('',#1929);
#519=VERTEX_POINT('',#1933);
#520=VERTEX_POINT('',#1937);
#521=VERTEX_POINT('',#1939);
#522=VERTEX_POINT('',#1945);
#523=VERTEX_POINT('',#1947);
#524=VERTEX_POINT('',#1951);
#525=VERTEX_POINT('',#1969);
#526=VERTEX_POINT('',#1973);
#527=VERTEX_POINT('',#1975);
#528=VERTEX_POINT('',#1979);
#529=VERTEX_POINT('',#1996);
#530=VERTEX_POINT('',#2006);
#531=VERTEX_POINT('',#2024);
#532=VERTEX_POINT('',#2028);
#533=VERTEX_POINT('',#2030);
#534=VERTEX_POINT('',#2034);
#535=VERTEX_POINT('',#2051);
#536=VERTEX_POINT('',#2055);
#537=VERTEX_POINT('',#2063);
#538=VERTEX_POINT('',#2065);
#539=VERTEX_POINT('',#2071);
#540=VERTEX_POINT('',#2089);
#541=VERTEX_POINT('',#2093);
#542=VERTEX_POINT('',#2095);
#543=VERTEX_POINT('',#2097);
#544=VERTEX_POINT('',#2104);
#545=VERTEX_POINT('',#2109);
#546=VERTEX_POINT('',#2111);
#547=VERTEX_POINT('',#2126);
#548=VERTEX_POINT('',#2138);
#549=VERTEX_POINT('',#2156);
#550=VERTEX_POINT('',#2160);
#551=VERTEX_POINT('',#2162);
#552=VERTEX_POINT('',#2166);
#553=VERTEX_POINT('',#2183);
#554=VERTEX_POINT('',#2193);
#555=VERTEX_POINT('',#2237);
#556=VERTEX_POINT('',#2239);
#557=VERTEX_POINT('',#2246);
#558=VERTEX_POINT('',#2251);
#559=VERTEX_POINT('',#2253);
#560=VERTEX_POINT('',#2257);
#561=VERTEX_POINT('',#2274);
#562=VERTEX_POINT('',#2299);
#563=VERTEX_POINT('',#2301);
#564=VERTEX_POINT('',#2347);
#565=VERTEX_POINT('',#2349);
#566=VERTEX_POINT('',#2360);
#567=VERTEX_POINT('',#2362);
#568=VERTEX_POINT('',#2390);
#569=VERTEX_POINT('',#2440);
#570=VERTEX_POINT('',#2441);
#571=VERTEX_POINT('',#2443);
#572=VERTEX_POINT('',#2454);
#573=VERTEX_POINT('',#2470);
#574=VERTEX_POINT('',#2471);
#575=VERTEX_POINT('',#2473);
#576=VERTEX_POINT('',#2475);
#577=VERTEX_POINT('',#2542);
#578=VERTEX_POINT('',#2543);
#579=VERTEX_POINT('',#2545);
#580=VERTEX_POINT('',#2556);
#581=VERTEX_POINT('',#2569);
#582=EDGE_CURVE('',#458,#459,#418,.T.);
#583=EDGE_CURVE('',#459,#460,#250,.T.);
#584=EDGE_CURVE('',#460,#461,#195,.F.);
#585=EDGE_CURVE('',#461,#458,#251,.T.);
#586=EDGE_CURVE('',#458,#462,#419,.T.);
#587=EDGE_CURVE('',#462,#463,#252,.T.);
#588=EDGE_CURVE('',#464,#463,#420,.T.);
#589=EDGE_CURVE('',#465,#464,#421,.T.);
#590=EDGE_CURVE('',#465,#459,#59,.T.);
#591=EDGE_CURVE('',#461,#466,#196,.T.);
#592=EDGE_CURVE('',#467,#466,#253,.T.);
#593=EDGE_CURVE('',#467,#468,#197,.T.);
#594=EDGE_CURVE('',#469,#468,#254,.T.);
#595=EDGE_CURVE('',#469,#470,#198,.T.);
#596=EDGE_CURVE('',#471,#470,#255,.T.);
#597=EDGE_CURVE('',#471,#472,#199,.T.);
#598=EDGE_CURVE('',#473,#472,#256,.T.);
#599=EDGE_CURVE('',#473,#474,#200,.T.);
#600=EDGE_CURVE('',#475,#474,#257,.T.);
#601=EDGE_CURVE('',#475,#476,#201,.T.);
#602=EDGE_CURVE('',#477,#476,#258,.T.);
#603=EDGE_CURVE('',#477,#478,#202,.T.);
#604=EDGE_CURVE('',#479,#478,#259,.T.);
#605=EDGE_CURVE('',#479,#480,#203,.T.);
#606=EDGE_CURVE('',#481,#480,#260,.T.);
#607=EDGE_CURVE('',#481,#482,#204,.T.);
#608=EDGE_CURVE('',#483,#482,#261,.T.);
#609=EDGE_CURVE('',#484,#483,#422,.T.);
#610=EDGE_CURVE('',#484,#485,#262,.T.);
#611=EDGE_CURVE('',#486,#485,#423,.T.);
#612=EDGE_CURVE('',#487,#486,#205,.T.);
#613=EDGE_CURVE('',#488,#487,#424,.T.);
#614=EDGE_CURVE('',#462,#488,#263,.T.);
#615=EDGE_CURVE('',#489,#467,#206,.T.);
#616=EDGE_CURVE('',#466,#490,#207,.F.);
#617=EDGE_CURVE('',#490,#489,#264,.T.);
#618=EDGE_CURVE('',#489,#491,#265,.T.);
#619=EDGE_CURVE('',#492,#491,#208,.T.);
#620=EDGE_CURVE('',#492,#493,#266,.T.);
#621=EDGE_CURVE('',#468,#493,#209,.T.);
#622=EDGE_CURVE('',#493,#494,#267,.T.);
#623=EDGE_CURVE('',#494,#469,#210,.F.);
#624=EDGE_CURVE('',#495,#471,#211,.T.);
#625=EDGE_CURVE('',#470,#496,#212,.F.);
#626=EDGE_CURVE('',#496,#495,#268,.T.);
#627=EDGE_CURVE('',#497,#496,#269,.T.);
#628=EDGE_CURVE('',#498,#497,#270,.T.);
#629=EDGE_CURVE('',#499,#498,#27,.T.);
#630=EDGE_CURVE('',#495,#499,#271,.T.);
#631=EDGE_CURVE('',#480,#500,#213,.T.);
#632=EDGE_CURVE('',#500,#501,#272,.T.);
#633=EDGE_CURVE('',#501,#481,#214,.F.);
#634=EDGE_CURVE('',#502,#479,#215,.T.);
#635=EDGE_CURVE('',#502,#503,#273,.T.);
#636=EDGE_CURVE('',#504,#503,#216,.T.);
#637=EDGE_CURVE('',#504,#500,#274,.T.);
#638=EDGE_CURVE('',#505,#483,#425,.T.);
#639=EDGE_CURVE('',#482,#506,#217,.F.);
#640=EDGE_CURVE('',#506,#505,#275,.T.);
#641=EDGE_CURVE('',#507,#506,#276,.T.);
#642=EDGE_CURVE('',#508,#507,#277,.T.);
#643=EDGE_CURVE('',#509,#508,#426,.T.);
#644=EDGE_CURVE('',#510,#509,#427,.T.);
#645=EDGE_CURVE('',#505,#510,#60,.T.);
#646=EDGE_CURVE('',#478,#511,#218,.F.);
#647=EDGE_CURVE('',#511,#502,#278,.T.);
#648=EDGE_CURVE('',#512,#511,#279,.T.);
#649=EDGE_CURVE('',#513,#512,#280,.T.);
#650=EDGE_CURVE('',#503,#513,#28,.T.);
#651=EDGE_CURVE('',#476,#514,#219,.T.);
#652=EDGE_CURVE('',#514,#515,#281,.T.);
#653=EDGE_CURVE('',#515,#477,#220,.F.);
#654=EDGE_CURVE('',#516,#475,#221,.T.);
#655=EDGE_CURVE('',#516,#517,#282,.T.);
#656=EDGE_CURVE('',#518,#517,#222,.T.);
#657=EDGE_CURVE('',#518,#514,#283,.T.);
#658=EDGE_CURVE('',#474,#519,#223,.F.);
#659=EDGE_CURVE('',#519,#516,#284,.T.);
#660=EDGE_CURVE('',#520,#519,#285,.T.);
#661=EDGE_CURVE('',#521,#520,#286,.T.);
#662=EDGE_CURVE('',#517,#521,#29,.T.);
#663=EDGE_CURVE('',#472,#522,#224,.T.);
#664=EDGE_CURVE('',#522,#523,#287,.T.);
#665=EDGE_CURVE('',#523,#473,#225,.F.);
#666=EDGE_CURVE('',#498,#524,#428,.T.);
#667=EDGE_CURVE('',#525,#497,#226,.T.);
#668=EDGE_CURVE('',#524,#525,#288,.T.);
#669=EDGE_CURVE('',#524,#526,#227,.T.);
#670=EDGE_CURVE('',#527,#525,#228,.T.);
#671=EDGE_CURVE('',#526,#527,#289,.T.);
#672=EDGE_CURVE('',#526,#528,#429,.T.);
#673=EDGE_CURVE('',#529,#527,#229,.T.);
#674=EDGE_CURVE('',#528,#529,#290,.T.);
#675=EDGE_CURVE('',#528,#492,#30,.T.);
#676=EDGE_CURVE('',#494,#529,#291,.T.);
#677=EDGE_CURVE('',#521,#530,#430,.T.);
#678=EDGE_CURVE('',#531,#520,#230,.T.);
#679=EDGE_CURVE('',#530,#531,#292,.T.);
#680=EDGE_CURVE('',#530,#532,#231,.T.);
#681=EDGE_CURVE('',#533,#531,#232,.T.);
#682=EDGE_CURVE('',#532,#533,#293,.T.);
#683=EDGE_CURVE('',#532,#534,#431,.T.);
#684=EDGE_CURVE('',#535,#533,#233,.T.);
#685=EDGE_CURVE('',#534,#535,#294,.T.);
#686=EDGE_CURVE('',#536,#522,#295,.T.);
#687=EDGE_CURVE('',#534,#536,#31,.T.);
#688=EDGE_CURVE('',#523,#535,#296,.T.);
#689=EDGE_CURVE('',#537,#490,#297,.T.);
#690=EDGE_CURVE('',#538,#537,#298,.T.);
#691=EDGE_CURVE('',#491,#538,#32,.T.);
#692=EDGE_CURVE('',#538,#539,#432,.T.);
#693=EDGE_CURVE('',#540,#537,#234,.T.);
#694=EDGE_CURVE('',#539,#540,#299,.T.);
#695=EDGE_CURVE('',#539,#541,#235,.T.);
#696=EDGE_CURVE('',#542,#540,#236,.T.);
#697=EDGE_CURVE('',#543,#542,#300,.T.);
#698=EDGE_CURVE('',#541,#543,#433,.T.);
#699=EDGE_CURVE('',#543,#544,#434,.T.);
#700=EDGE_CURVE('',#545,#542,#237,.T.);
#701=EDGE_CURVE('',#546,#545,#301,.T.);
#702=EDGE_CURVE('',#544,#546,#435,.T.);
#703=EDGE_CURVE('',#547,#465,#436,.T.);
#704=EDGE_CURVE('',#546,#547,#437,.T.);
#705=EDGE_CURVE('',#460,#545,#302,.T.);
#706=EDGE_CURVE('',#513,#548,#438,.T.);
#707=EDGE_CURVE('',#549,#512,#238,.T.);
#708=EDGE_CURVE('',#548,#549,#303,.T.);
#709=EDGE_CURVE('',#548,#550,#239,.T.);
#710=EDGE_CURVE('',#551,#549,#240,.T.);
#711=EDGE_CURVE('',#550,#551,#304,.T.);
#712=EDGE_CURVE('',#550,#552,#439,.T.);
#713=EDGE_CURVE('',#553,#551,#241,.T.);
#714=EDGE_CURVE('',#552,#553,#305,.T.);
#715=EDGE_CURVE('',#552,#518,#33,.T.);
#716=EDGE_CURVE('',#515,#553,#306,.T.);
#717=EDGE_CURVE('',#508,#554,#440,.T.);
#718=EDGE_CURVE('',#555,#507,#242,.T.);
#719=EDGE_CURVE('',#556,#555,#307,.T.);
#720=EDGE_CURVE('',#554,#556,#441,.T.);
#721=EDGE_CURVE('',#556,#557,#442,.T.);
#722=EDGE_CURVE('',#558,#555,#243,.T.);
#723=EDGE_CURVE('',#559,#558,#308,.T.);
#724=EDGE_CURVE('',#557,#559,#244,.T.);
#725=EDGE_CURVE('',#559,#560,#443,.T.);
#726=EDGE_CURVE('',#561,#558,#245,.T.);
#727=EDGE_CURVE('',#560,#561,#309,.T.);
#728=EDGE_CURVE('',#560,#504,#34,.T.);
#729=EDGE_CURVE('',#501,#561,#310,.T.);
#730=EDGE_CURVE('',#562,#544,#311,.T.);
#731=EDGE_CURVE('',#562,#563,#444,.T.);
#732=EDGE_CURVE('',#541,#563,#312,.T.);
#733=EDGE_CURVE('',#554,#564,#313,.T.);
#734=EDGE_CURVE('',#564,#565,#445,.T.);
#735=EDGE_CURVE('',#565,#566,#314,.T.);
#736=EDGE_CURVE('',#566,#567,#446,.T.);
#737=EDGE_CURVE('',#567,#509,#315,.T.);
#738=EDGE_CURVE('',#568,#557,#316,.T.);
#739=EDGE_CURVE('',#568,#564,#447,.T.);
#740=EDGE_CURVE('',#536,#499,#246,.T.);
#741=EDGE_CURVE('',#563,#568,#247,.T.);
#742=EDGE_CURVE('',#569,#570,#317,.T.);
#743=EDGE_CURVE('',#570,#571,#448,.T.);
#744=EDGE_CURVE('',#571,#572,#318,.T.);
#745=EDGE_CURVE('',#572,#569,#449,.T.);
#746=EDGE_CURVE('',#571,#566,#319,.T.);
#747=EDGE_CURVE('',#565,#572,#320,.T.);
#748=EDGE_CURVE('',#573,#574,#321,.T.);
#749=EDGE_CURVE('',#574,#575,#248,.T.);
#750=EDGE_CURVE('',#575,#576,#322,.T.);
#751=EDGE_CURVE('',#576,#573,#249,.T.);
#752=EDGE_CURVE('',#573,#570,#450,.T.);
#753=EDGE_CURVE('',#569,#574,#451,.T.);
#754=EDGE_CURVE('',#577,#578,#323,.T.);
#755=EDGE_CURVE('',#578,#579,#452,.T.);
#756=EDGE_CURVE('',#579,#580,#324,.T.);
#757=EDGE_CURVE('',#580,#577,#453,.T.);
#758=EDGE_CURVE('',#577,#581,#325,.T.);
#759=EDGE_CURVE('',#581,#463,#326,.T.);
#760=EDGE_CURVE('',#463,#578,#327,.T.);
#761=EDGE_CURVE('',#547,#464,#328,.T.);
#762=EDGE_CURVE('',#581,#562,#454,.T.);
#763=EDGE_CURVE('',#579,#576,#455,.T.);
#764=EDGE_CURVE('',#575,#580,#456,.T.);
#765=EDGE_CURVE('',#567,#510,#457,.T.);
#766=EDGE_CURVE('',#578,#488,#329,.T.);
#767=EDGE_CURVE('',#487,#576,#330,.T.);
#768=EDGE_CURVE('',#573,#486,#331,.T.);
#769=EDGE_CURVE('',#485,#571,#332,.T.);
#770=EDGE_CURVE('',#566,#484,#333,.T.);
#771=ORIENTED_EDGE('',*,*,#582,.T.);
#772=ORIENTED_EDGE('',*,*,#583,.T.);
#773=ORIENTED_EDGE('',*,*,#584,.T.);
#774=ORIENTED_EDGE('',*,*,#585,.T.);
#775=ORIENTED_EDGE('',*,*,#582,.F.);
#776=ORIENTED_EDGE('',*,*,#586,.T.);
#777=ORIENTED_EDGE('',*,*,#587,.T.);
#778=ORIENTED_EDGE('',*,*,#588,.F.);
#779=ORIENTED_EDGE('',*,*,#589,.F.);
#780=ORIENTED_EDGE('',*,*,#590,.T.);
#781=ORIENTED_EDGE('',*,*,#585,.F.);
#782=ORIENTED_EDGE('',*,*,#591,.T.);
#783=ORIENTED_EDGE('',*,*,#592,.F.);
#784=ORIENTED_EDGE('',*,*,#593,.T.);
#785=ORIENTED_EDGE('',*,*,#594,.F.);
#786=ORIENTED_EDGE('',*,*,#595,.T.);
#787=ORIENTED_EDGE('',*,*,#596,.F.);
#788=ORIENTED_EDGE('',*,*,#597,.T.);
#789=ORIENTED_EDGE('',*,*,#598,.F.);
#790=ORIENTED_EDGE('',*,*,#599,.T.);
#791=ORIENTED_EDGE('',*,*,#600,.F.);
#792=ORIENTED_EDGE('',*,*,#601,.T.);
#793=ORIENTED_EDGE('',*,*,#602,.F.);
#794=ORIENTED_EDGE('',*,*,#603,.T.);
#795=ORIENTED_EDGE('',*,*,#604,.F.);
#796=ORIENTED_EDGE('',*,*,#605,.T.);
#797=ORIENTED_EDGE('',*,*,#606,.F.);
#798=ORIENTED_EDGE('',*,*,#607,.T.);
#799=ORIENTED_EDGE('',*,*,#608,.F.);
#800=ORIENTED_EDGE('',*,*,#609,.F.);
#801=ORIENTED_EDGE('',*,*,#610,.T.);
#802=ORIENTED_EDGE('',*,*,#611,.F.);
#803=ORIENTED_EDGE('',*,*,#612,.F.);
#804=ORIENTED_EDGE('',*,*,#613,.F.);
#805=ORIENTED_EDGE('',*,*,#614,.F.);
#806=ORIENTED_EDGE('',*,*,#586,.F.);
#807=ORIENTED_EDGE('',*,*,#615,.T.);
#808=ORIENTED_EDGE('',*,*,#592,.T.);
#809=ORIENTED_EDGE('',*,*,#616,.T.);
#810=ORIENTED_EDGE('',*,*,#617,.T.);
#811=ORIENTED_EDGE('',*,*,#615,.F.);
#812=ORIENTED_EDGE('',*,*,#618,.T.);
#813=ORIENTED_EDGE('',*,*,#619,.F.);
#814=ORIENTED_EDGE('',*,*,#620,.T.);
#815=ORIENTED_EDGE('',*,*,#621,.F.);
#816=ORIENTED_EDGE('',*,*,#593,.F.);
#817=ORIENTED_EDGE('',*,*,#621,.T.);
#818=ORIENTED_EDGE('',*,*,#622,.T.);
#819=ORIENTED_EDGE('',*,*,#623,.T.);
#820=ORIENTED_EDGE('',*,*,#594,.T.);
#821=ORIENTED_EDGE('',*,*,#624,.T.);
#822=ORIENTED_EDGE('',*,*,#596,.T.);
#823=ORIENTED_EDGE('',*,*,#625,.T.);
#824=ORIENTED_EDGE('',*,*,#626,.T.);
#825=ORIENTED_EDGE('',*,*,#626,.F.);
#826=ORIENTED_EDGE('',*,*,#627,.F.);
#827=ORIENTED_EDGE('',*,*,#628,.F.);
#828=ORIENTED_EDGE('',*,*,#629,.F.);
#829=ORIENTED_EDGE('',*,*,#630,.F.);
#830=ORIENTED_EDGE('',*,*,#631,.T.);
#831=ORIENTED_EDGE('',*,*,#632,.T.);
#832=ORIENTED_EDGE('',*,*,#633,.T.);
#833=ORIENTED_EDGE('',*,*,#606,.T.);
#834=ORIENTED_EDGE('',*,*,#631,.F.);
#835=ORIENTED_EDGE('',*,*,#605,.F.);
#836=ORIENTED_EDGE('',*,*,#634,.F.);
#837=ORIENTED_EDGE('',*,*,#635,.T.);
#838=ORIENTED_EDGE('',*,*,#636,.F.);
#839=ORIENTED_EDGE('',*,*,#637,.T.);
#840=ORIENTED_EDGE('',*,*,#638,.T.);
#841=ORIENTED_EDGE('',*,*,#608,.T.);
#842=ORIENTED_EDGE('',*,*,#639,.T.);
#843=ORIENTED_EDGE('',*,*,#640,.T.);
#844=ORIENTED_EDGE('',*,*,#640,.F.);
#845=ORIENTED_EDGE('',*,*,#641,.F.);
#846=ORIENTED_EDGE('',*,*,#642,.F.);
#847=ORIENTED_EDGE('',*,*,#643,.F.);
#848=ORIENTED_EDGE('',*,*,#644,.F.);
#849=ORIENTED_EDGE('',*,*,#645,.F.);
#850=ORIENTED_EDGE('',*,*,#634,.T.);
#851=ORIENTED_EDGE('',*,*,#604,.T.);
#852=ORIENTED_EDGE('',*,*,#646,.T.);
#853=ORIENTED_EDGE('',*,*,#647,.T.);
#854=ORIENTED_EDGE('',*,*,#647,.F.);
#855=ORIENTED_EDGE('',*,*,#648,.F.);
#856=ORIENTED_EDGE('',*,*,#649,.F.);
#857=ORIENTED_EDGE('',*,*,#650,.F.);
#858=ORIENTED_EDGE('',*,*,#635,.F.);
#859=ORIENTED_EDGE('',*,*,#651,.T.);
#860=ORIENTED_EDGE('',*,*,#652,.T.);
#861=ORIENTED_EDGE('',*,*,#653,.T.);
#862=ORIENTED_EDGE('',*,*,#602,.T.);
#863=ORIENTED_EDGE('',*,*,#651,.F.);
#864=ORIENTED_EDGE('',*,*,#601,.F.);
#865=ORIENTED_EDGE('',*,*,#654,.F.);
#866=ORIENTED_EDGE('',*,*,#655,.T.);
#867=ORIENTED_EDGE('',*,*,#656,.F.);
#868=ORIENTED_EDGE('',*,*,#657,.T.);
#869=ORIENTED_EDGE('',*,*,#654,.T.);
#870=ORIENTED_EDGE('',*,*,#600,.T.);
#871=ORIENTED_EDGE('',*,*,#658,.T.);
#872=ORIENTED_EDGE('',*,*,#659,.T.);
#873=ORIENTED_EDGE('',*,*,#659,.F.);
#874=ORIENTED_EDGE('',*,*,#660,.F.);
#875=ORIENTED_EDGE('',*,*,#661,.F.);
#876=ORIENTED_EDGE('',*,*,#662,.F.);
#877=ORIENTED_EDGE('',*,*,#655,.F.);
#878=ORIENTED_EDGE('',*,*,#663,.T.);
#879=ORIENTED_EDGE('',*,*,#664,.T.);
#880=ORIENTED_EDGE('',*,*,#665,.T.);
#881=ORIENTED_EDGE('',*,*,#598,.T.);
#882=ORIENTED_EDGE('',*,*,#666,.F.);
#883=ORIENTED_EDGE('',*,*,#628,.T.);
#884=ORIENTED_EDGE('',*,*,#667,.F.);
#885=ORIENTED_EDGE('',*,*,#668,.F.);
#886=ORIENTED_EDGE('',*,*,#669,.F.);
#887=ORIENTED_EDGE('',*,*,#668,.T.);
#888=ORIENTED_EDGE('',*,*,#670,.F.);
#889=ORIENTED_EDGE('',*,*,#671,.F.);
#890=ORIENTED_EDGE('',*,*,#672,.F.);
#891=ORIENTED_EDGE('',*,*,#671,.T.);
#892=ORIENTED_EDGE('',*,*,#673,.F.);
#893=ORIENTED_EDGE('',*,*,#674,.F.);
#894=ORIENTED_EDGE('',*,*,#622,.F.);
#895=ORIENTED_EDGE('',*,*,#620,.F.);
#896=ORIENTED_EDGE('',*,*,#675,.F.);
#897=ORIENTED_EDGE('',*,*,#674,.T.);
#898=ORIENTED_EDGE('',*,*,#676,.F.);
#899=ORIENTED_EDGE('',*,*,#627,.T.);
#900=ORIENTED_EDGE('',*,*,#625,.F.);
#901=ORIENTED_EDGE('',*,*,#595,.F.);
#902=ORIENTED_EDGE('',*,*,#623,.F.);
#903=ORIENTED_EDGE('',*,*,#676,.T.);
#904=ORIENTED_EDGE('',*,*,#673,.T.);
#905=ORIENTED_EDGE('',*,*,#670,.T.);
#906=ORIENTED_EDGE('',*,*,#667,.T.);
#907=ORIENTED_EDGE('',*,*,#677,.F.);
#908=ORIENTED_EDGE('',*,*,#661,.T.);
#909=ORIENTED_EDGE('',*,*,#678,.F.);
#910=ORIENTED_EDGE('',*,*,#679,.F.);
#911=ORIENTED_EDGE('',*,*,#680,.F.);
#912=ORIENTED_EDGE('',*,*,#679,.T.);
#913=ORIENTED_EDGE('',*,*,#681,.F.);
#914=ORIENTED_EDGE('',*,*,#682,.F.);
#915=ORIENTED_EDGE('',*,*,#683,.F.);
#916=ORIENTED_EDGE('',*,*,#682,.T.);
#917=ORIENTED_EDGE('',*,*,#684,.F.);
#918=ORIENTED_EDGE('',*,*,#685,.F.);
#919=ORIENTED_EDGE('',*,*,#664,.F.);
#920=ORIENTED_EDGE('',*,*,#686,.F.);
#921=ORIENTED_EDGE('',*,*,#687,.F.);
#922=ORIENTED_EDGE('',*,*,#685,.T.);
#923=ORIENTED_EDGE('',*,*,#688,.F.);
#924=ORIENTED_EDGE('',*,*,#660,.T.);
#925=ORIENTED_EDGE('',*,*,#658,.F.);
#926=ORIENTED_EDGE('',*,*,#599,.F.);
#927=ORIENTED_EDGE('',*,*,#665,.F.);
#928=ORIENTED_EDGE('',*,*,#688,.T.);
#929=ORIENTED_EDGE('',*,*,#684,.T.);
#930=ORIENTED_EDGE('',*,*,#681,.T.);
#931=ORIENTED_EDGE('',*,*,#678,.T.);
#932=ORIENTED_EDGE('',*,*,#617,.F.);
#933=ORIENTED_EDGE('',*,*,#689,.F.);
#934=ORIENTED_EDGE('',*,*,#690,.F.);
#935=ORIENTED_EDGE('',*,*,#691,.F.);
#936=ORIENTED_EDGE('',*,*,#618,.F.);
#937=ORIENTED_EDGE('',*,*,#692,.F.);
#938=ORIENTED_EDGE('',*,*,#690,.T.);
#939=ORIENTED_EDGE('',*,*,#693,.F.);
#940=ORIENTED_EDGE('',*,*,#694,.F.);
#941=ORIENTED_EDGE('',*,*,#695,.F.);
#942=ORIENTED_EDGE('',*,*,#694,.T.);
#943=ORIENTED_EDGE('',*,*,#696,.F.);
#944=ORIENTED_EDGE('',*,*,#697,.F.);
#945=ORIENTED_EDGE('',*,*,#698,.F.);
#946=ORIENTED_EDGE('',*,*,#699,.F.);
#947=ORIENTED_EDGE('',*,*,#697,.T.);
#948=ORIENTED_EDGE('',*,*,#700,.F.);
#949=ORIENTED_EDGE('',*,*,#701,.F.);
#950=ORIENTED_EDGE('',*,*,#702,.F.);
#951=ORIENTED_EDGE('',*,*,#583,.F.);
#952=ORIENTED_EDGE('',*,*,#590,.F.);
#953=ORIENTED_EDGE('',*,*,#703,.F.);
#954=ORIENTED_EDGE('',*,*,#704,.F.);
#955=ORIENTED_EDGE('',*,*,#701,.T.);
#956=ORIENTED_EDGE('',*,*,#705,.F.);
#957=ORIENTED_EDGE('',*,*,#689,.T.);
#958=ORIENTED_EDGE('',*,*,#616,.F.);
#959=ORIENTED_EDGE('',*,*,#591,.F.);
#960=ORIENTED_EDGE('',*,*,#584,.F.);
#961=ORIENTED_EDGE('',*,*,#705,.T.);
#962=ORIENTED_EDGE('',*,*,#700,.T.);
#963=ORIENTED_EDGE('',*,*,#696,.T.);
#964=ORIENTED_EDGE('',*,*,#693,.T.);
#965=ORIENTED_EDGE('',*,*,#706,.F.);
#966=ORIENTED_EDGE('',*,*,#649,.T.);
#967=ORIENTED_EDGE('',*,*,#707,.F.);
#968=ORIENTED_EDGE('',*,*,#708,.F.);
#969=ORIENTED_EDGE('',*,*,#709,.F.);
#970=ORIENTED_EDGE('',*,*,#708,.T.);
#971=ORIENTED_EDGE('',*,*,#710,.F.);
#972=ORIENTED_EDGE('',*,*,#711,.F.);
#973=ORIENTED_EDGE('',*,*,#712,.F.);
#974=ORIENTED_EDGE('',*,*,#711,.T.);
#975=ORIENTED_EDGE('',*,*,#713,.F.);
#976=ORIENTED_EDGE('',*,*,#714,.F.);
#977=ORIENTED_EDGE('',*,*,#652,.F.);
#978=ORIENTED_EDGE('',*,*,#657,.F.);
#979=ORIENTED_EDGE('',*,*,#715,.F.);
#980=ORIENTED_EDGE('',*,*,#714,.T.);
#981=ORIENTED_EDGE('',*,*,#716,.F.);
#982=ORIENTED_EDGE('',*,*,#648,.T.);
#983=ORIENTED_EDGE('',*,*,#646,.F.);
#984=ORIENTED_EDGE('',*,*,#603,.F.);
#985=ORIENTED_EDGE('',*,*,#653,.F.);
#986=ORIENTED_EDGE('',*,*,#716,.T.);
#987=ORIENTED_EDGE('',*,*,#713,.T.);
#988=ORIENTED_EDGE('',*,*,#710,.T.);
#989=ORIENTED_EDGE('',*,*,#707,.T.);
#990=ORIENTED_EDGE('',*,*,#717,.F.);
#991=ORIENTED_EDGE('',*,*,#642,.T.);
#992=ORIENTED_EDGE('',*,*,#718,.F.);
#993=ORIENTED_EDGE('',*,*,#719,.F.);
#994=ORIENTED_EDGE('',*,*,#720,.F.);
#995=ORIENTED_EDGE('',*,*,#721,.F.);
#996=ORIENTED_EDGE('',*,*,#719,.T.);
#997=ORIENTED_EDGE('',*,*,#722,.F.);
#998=ORIENTED_EDGE('',*,*,#723,.F.);
#999=ORIENTED_EDGE('',*,*,#724,.F.);
#1000=ORIENTED_EDGE('',*,*,#725,.F.);
#1001=ORIENTED_EDGE('',*,*,#723,.T.);
#1002=ORIENTED_EDGE('',*,*,#726,.F.);
#1003=ORIENTED_EDGE('',*,*,#727,.F.);
#1004=ORIENTED_EDGE('',*,*,#632,.F.);
#1005=ORIENTED_EDGE('',*,*,#637,.F.);
#1006=ORIENTED_EDGE('',*,*,#728,.F.);
#1007=ORIENTED_EDGE('',*,*,#727,.T.);
#1008=ORIENTED_EDGE('',*,*,#729,.F.);
#1009=ORIENTED_EDGE('',*,*,#641,.T.);
#1010=ORIENTED_EDGE('',*,*,#639,.F.);
#1011=ORIENTED_EDGE('',*,*,#607,.F.);
#1012=ORIENTED_EDGE('',*,*,#633,.F.);
#1013=ORIENTED_EDGE('',*,*,#729,.T.);
#1014=ORIENTED_EDGE('',*,*,#726,.T.);
#1015=ORIENTED_EDGE('',*,*,#722,.T.);
#1016=ORIENTED_EDGE('',*,*,#718,.T.);
#1017=ORIENTED_EDGE('',*,*,#698,.T.);
#1018=ORIENTED_EDGE('',*,*,#699,.T.);
#1019=ORIENTED_EDGE('',*,*,#730,.F.);
#1020=ORIENTED_EDGE('',*,*,#731,.T.);
#1021=ORIENTED_EDGE('',*,*,#732,.F.);
#1022=ORIENTED_EDGE('',*,*,#643,.T.);
#1023=ORIENTED_EDGE('',*,*,#717,.T.);
#1024=ORIENTED_EDGE('',*,*,#733,.T.);
#1025=ORIENTED_EDGE('',*,*,#734,.T.);
#1026=ORIENTED_EDGE('',*,*,#735,.T.);
#1027=ORIENTED_EDGE('',*,*,#736,.T.);
#1028=ORIENTED_EDGE('',*,*,#737,.T.);
#1029=ORIENTED_EDGE('',*,*,#720,.T.);
#1030=ORIENTED_EDGE('',*,*,#721,.T.);
#1031=ORIENTED_EDGE('',*,*,#738,.F.);
#1032=ORIENTED_EDGE('',*,*,#739,.T.);
#1033=ORIENTED_EDGE('',*,*,#733,.F.);
#1034=ORIENTED_EDGE('',*,*,#624,.F.);
#1035=ORIENTED_EDGE('',*,*,#630,.T.);
#1036=ORIENTED_EDGE('',*,*,#740,.F.);
#1037=ORIENTED_EDGE('',*,*,#686,.T.);
#1038=ORIENTED_EDGE('',*,*,#663,.F.);
#1039=ORIENTED_EDGE('',*,*,#597,.F.);
#1040=ORIENTED_EDGE('',*,*,#629,.T.);
#1041=ORIENTED_EDGE('',*,*,#666,.T.);
#1042=ORIENTED_EDGE('',*,*,#669,.T.);
#1043=ORIENTED_EDGE('',*,*,#672,.T.);
#1044=ORIENTED_EDGE('',*,*,#675,.T.);
#1045=ORIENTED_EDGE('',*,*,#619,.T.);
#1046=ORIENTED_EDGE('',*,*,#691,.T.);
#1047=ORIENTED_EDGE('',*,*,#692,.T.);
#1048=ORIENTED_EDGE('',*,*,#695,.T.);
#1049=ORIENTED_EDGE('',*,*,#732,.T.);
#1050=ORIENTED_EDGE('',*,*,#741,.T.);
#1051=ORIENTED_EDGE('',*,*,#738,.T.);
#1052=ORIENTED_EDGE('',*,*,#724,.T.);
#1053=ORIENTED_EDGE('',*,*,#725,.T.);
#1054=ORIENTED_EDGE('',*,*,#728,.T.);
#1055=ORIENTED_EDGE('',*,*,#636,.T.);
#1056=ORIENTED_EDGE('',*,*,#650,.T.);
#1057=ORIENTED_EDGE('',*,*,#706,.T.);
#1058=ORIENTED_EDGE('',*,*,#709,.T.);
#1059=ORIENTED_EDGE('',*,*,#712,.T.);
#1060=ORIENTED_EDGE('',*,*,#715,.T.);
#1061=ORIENTED_EDGE('',*,*,#656,.T.);
#1062=ORIENTED_EDGE('',*,*,#662,.T.);
#1063=ORIENTED_EDGE('',*,*,#677,.T.);
#1064=ORIENTED_EDGE('',*,*,#680,.T.);
#1065=ORIENTED_EDGE('',*,*,#683,.T.);
#1066=ORIENTED_EDGE('',*,*,#687,.T.);
#1067=ORIENTED_EDGE('',*,*,#740,.T.);
#1068=ORIENTED_EDGE('',*,*,#742,.T.);
#1069=ORIENTED_EDGE('',*,*,#743,.T.);
#1070=ORIENTED_EDGE('',*,*,#744,.T.);
#1071=ORIENTED_EDGE('',*,*,#745,.T.);
#1072=ORIENTED_EDGE('',*,*,#744,.F.);
#1073=ORIENTED_EDGE('',*,*,#746,.T.);
#1074=ORIENTED_EDGE('',*,*,#735,.F.);
#1075=ORIENTED_EDGE('',*,*,#747,.T.);
#1076=ORIENTED_EDGE('',*,*,#748,.T.);
#1077=ORIENTED_EDGE('',*,*,#749,.T.);
#1078=ORIENTED_EDGE('',*,*,#750,.T.);
#1079=ORIENTED_EDGE('',*,*,#751,.T.);
#1080=ORIENTED_EDGE('',*,*,#748,.F.);
#1081=ORIENTED_EDGE('',*,*,#752,.T.);
#1082=ORIENTED_EDGE('',*,*,#742,.F.);
#1083=ORIENTED_EDGE('',*,*,#753,.T.);
#1084=ORIENTED_EDGE('',*,*,#754,.T.);
#1085=ORIENTED_EDGE('',*,*,#755,.T.);
#1086=ORIENTED_EDGE('',*,*,#756,.T.);
#1087=ORIENTED_EDGE('',*,*,#757,.T.);
#1088=ORIENTED_EDGE('',*,*,#754,.F.);
#1089=ORIENTED_EDGE('',*,*,#758,.T.);
#1090=ORIENTED_EDGE('',*,*,#759,.T.);
#1091=ORIENTED_EDGE('',*,*,#760,.T.);
#1092=ORIENTED_EDGE('',*,*,#704,.T.);
#1093=ORIENTED_EDGE('',*,*,#761,.T.);
#1094=ORIENTED_EDGE('',*,*,#588,.T.);
#1095=ORIENTED_EDGE('',*,*,#759,.F.);
#1096=ORIENTED_EDGE('',*,*,#762,.T.);
#1097=ORIENTED_EDGE('',*,*,#730,.T.);
#1098=ORIENTED_EDGE('',*,*,#702,.T.);
#1099=ORIENTED_EDGE('',*,*,#756,.F.);
#1100=ORIENTED_EDGE('',*,*,#763,.T.);
#1101=ORIENTED_EDGE('',*,*,#750,.F.);
#1102=ORIENTED_EDGE('',*,*,#764,.T.);
#1103=ORIENTED_EDGE('',*,*,#703,.T.);
#1104=ORIENTED_EDGE('',*,*,#589,.T.);
#1105=ORIENTED_EDGE('',*,*,#761,.F.);
#1106=ORIENTED_EDGE('',*,*,#644,.T.);
#1107=ORIENTED_EDGE('',*,*,#737,.F.);
#1108=ORIENTED_EDGE('',*,*,#765,.T.);
#1109=ORIENTED_EDGE('',*,*,#763,.F.);
#1110=ORIENTED_EDGE('',*,*,#755,.F.);
#1111=ORIENTED_EDGE('',*,*,#766,.T.);
#1112=ORIENTED_EDGE('',*,*,#613,.T.);
#1113=ORIENTED_EDGE('',*,*,#767,.T.);
#1114=ORIENTED_EDGE('',*,*,#760,.F.);
#1115=ORIENTED_EDGE('',*,*,#587,.F.);
#1116=ORIENTED_EDGE('',*,*,#614,.T.);
#1117=ORIENTED_EDGE('',*,*,#766,.F.);
#1118=ORIENTED_EDGE('',*,*,#741,.F.);
#1119=ORIENTED_EDGE('',*,*,#731,.F.);
#1120=ORIENTED_EDGE('',*,*,#762,.F.);
#1121=ORIENTED_EDGE('',*,*,#758,.F.);
#1122=ORIENTED_EDGE('',*,*,#757,.F.);
#1123=ORIENTED_EDGE('',*,*,#764,.F.);
#1124=ORIENTED_EDGE('',*,*,#749,.F.);
#1125=ORIENTED_EDGE('',*,*,#753,.F.);
#1126=ORIENTED_EDGE('',*,*,#745,.F.);
#1127=ORIENTED_EDGE('',*,*,#747,.F.);
#1128=ORIENTED_EDGE('',*,*,#734,.F.);
#1129=ORIENTED_EDGE('',*,*,#739,.F.);
#1130=ORIENTED_EDGE('',*,*,#752,.F.);
#1131=ORIENTED_EDGE('',*,*,#768,.T.);
#1132=ORIENTED_EDGE('',*,*,#611,.T.);
#1133=ORIENTED_EDGE('',*,*,#769,.T.);
#1134=ORIENTED_EDGE('',*,*,#743,.F.);
#1135=ORIENTED_EDGE('',*,*,#746,.F.);
#1136=ORIENTED_EDGE('',*,*,#769,.F.);
#1137=ORIENTED_EDGE('',*,*,#610,.F.);
#1138=ORIENTED_EDGE('',*,*,#770,.F.);
#1139=ORIENTED_EDGE('',*,*,#638,.F.);
#1140=ORIENTED_EDGE('',*,*,#645,.T.);
#1141=ORIENTED_EDGE('',*,*,#765,.F.);
#1142=ORIENTED_EDGE('',*,*,#736,.F.);
#1143=ORIENTED_EDGE('',*,*,#770,.T.);
#1144=ORIENTED_EDGE('',*,*,#609,.T.);
#1145=ORIENTED_EDGE('',*,*,#751,.F.);
#1146=ORIENTED_EDGE('',*,*,#767,.F.);
#1147=ORIENTED_EDGE('',*,*,#612,.T.);
#1148=ORIENTED_EDGE('',*,*,#768,.F.);
#1149=CYLINDRICAL_SURFACE('',#1261,0.5);
#1150=CYLINDRICAL_SURFACE('',#1263,5.);
#1151=CYLINDRICAL_SURFACE('',#1265,47.5);
#1152=CYLINDRICAL_SURFACE('',#1276,0.5);
#1153=CYLINDRICAL_SURFACE('',#1282,0.5);
#1154=CYLINDRICAL_SURFACE('',#1284,0.5);
#1155=CYLINDRICAL_SURFACE('',#1288,0.5);
#1156=CYLINDRICAL_SURFACE('',#1294,0.5);
#1157=CYLINDRICAL_SURFACE('',#1298,0.5);
#1158=CYLINDRICAL_SURFACE('',#1301,0.5);
#1159=CYLINDRICAL_SURFACE('',#1307,0.5);
#1160=CYLINDRICAL_SURFACE('',#1310,0.5);
#1161=CYLINDRICAL_SURFACE('',#1313,0.499999999969745);
#1162=CYLINDRICAL_SURFACE('',#1315,50.0000000000077);
#1163=CYLINDRICAL_SURFACE('',#1318,0.499999977620695);
#1164=CYLINDRICAL_SURFACE('',#1322,0.499999999969745);
#1165=CYLINDRICAL_SURFACE('',#1324,50.0000000000077);
#1166=CYLINDRICAL_SURFACE('',#1327,0.499999977620695);
#1167=CYLINDRICAL_SURFACE('',#1332,0.499999999969745);
#1168=CYLINDRICAL_SURFACE('',#1334,50.0000000000077);
#1169=CYLINDRICAL_SURFACE('',#1337,0.499999977620695);
#1170=CYLINDRICAL_SURFACE('',#1341,0.499999999969745);
#1171=CYLINDRICAL_SURFACE('',#1343,50.0000000000077);
#1172=CYLINDRICAL_SURFACE('',#1346,0.499999977620695);
#1173=CYLINDRICAL_SURFACE('',#1350,0.499999999969745);
#1174=CYLINDRICAL_SURFACE('',#1352,50.0000000000077);
#1175=CYLINDRICAL_SURFACE('',#1355,0.499999977620695);
#1176=CYLINDRICAL_SURFACE('',#1368,5.);
#1177=CYLINDRICAL_SURFACE('',#1370,52.5);
#1178=CYLINDRICAL_SURFACE('',#1371,5.);
#1179=CYLINDRICAL_SURFACE('',#1373,5.);
#1180=ADVANCED_FACE('',(#61),#1149,.T.);
#1181=ADVANCED_FACE('',(#62),#1150,.T.);
#1182=ADVANCED_FACE('',(#63),#1151,.F.);
#1183=ADVANCED_FACE('',(#64),#1152,.T.);
#1184=ADVANCED_FACE('',(#65),#35,.T.);
#1185=ADVANCED_FACE('',(#66),#1153,.T.);
#1186=ADVANCED_FACE('',(#67),#1154,.T.);
#1187=ADVANCED_FACE('',(#68),#36,.F.);
#1188=ADVANCED_FACE('',(#69),#1155,.T.);
#1189=ADVANCED_FACE('',(#70),#37,.T.);
#1190=ADVANCED_FACE('',(#71),#1156,.T.);
#1191=ADVANCED_FACE('',(#72),#38,.F.);
#1192=ADVANCED_FACE('',(#73),#1157,.T.);
#1193=ADVANCED_FACE('',(#74),#39,.F.);
#1194=ADVANCED_FACE('',(#75),#1158,.T.);
#1195=ADVANCED_FACE('',(#76),#40,.T.);
#1196=ADVANCED_FACE('',(#77),#1159,.T.);
#1197=ADVANCED_FACE('',(#78),#41,.F.);
#1198=ADVANCED_FACE('',(#79),#1160,.T.);
#1199=ADVANCED_FACE('',(#80),#1161,.F.);
#1200=ADVANCED_FACE('',(#81),#1162,.F.);
#1201=ADVANCED_FACE('',(#82),#1163,.F.);
#1202=ADVANCED_FACE('',(#83),#42,.F.);
#1203=ADVANCED_FACE('',(#84),#43,.F.);
#1204=ADVANCED_FACE('',(#85),#1164,.F.);
#1205=ADVANCED_FACE('',(#86),#1165,.F.);
#1206=ADVANCED_FACE('',(#87),#1166,.F.);
#1207=ADVANCED_FACE('',(#88),#44,.F.);
#1208=ADVANCED_FACE('',(#89),#45,.F.);
#1209=ADVANCED_FACE('',(#90),#46,.F.);
#1210=ADVANCED_FACE('',(#91),#1167,.F.);
#1211=ADVANCED_FACE('',(#92),#1168,.F.);
#1212=ADVANCED_FACE('',(#93),#1169,.F.);
#1213=ADVANCED_FACE('',(#94),#47,.F.);
#1214=ADVANCED_FACE('',(#95),#48,.F.);
#1215=ADVANCED_FACE('',(#96),#1170,.F.);
#1216=ADVANCED_FACE('',(#97),#1171,.F.);
#1217=ADVANCED_FACE('',(#98),#1172,.F.);
#1218=ADVANCED_FACE('',(#99),#49,.F.);
#1219=ADVANCED_FACE('',(#100),#50,.F.);
#1220=ADVANCED_FACE('',(#101),#1173,.F.);
#1221=ADVANCED_FACE('',(#102),#1174,.F.);
#1222=ADVANCED_FACE('',(#103),#1175,.F.);
#1223=ADVANCED_FACE('',(#104),#51,.F.);
#1224=ADVANCED_FACE('',(#105),#52,.F.);
#1225=ADVANCED_FACE('',(#106),#17,.T.);
#1226=ADVANCED_FACE('',(#107),#18,.T.);
#1227=ADVANCED_FACE('',(#108),#19,.T.);
#1228=ADVANCED_FACE('',(#109),#53,.T.);
#1229=ADVANCED_FACE('',(#110),#15,.T.);
#1230=ADVANCED_FACE('',(#111),#20,.T.);
#1231=ADVANCED_FACE('',(#112),#54,.T.);
#1232=ADVANCED_FACE('',(#113),#16,.T.);
#1233=ADVANCED_FACE('',(#114),#21,.T.);
#1234=ADVANCED_FACE('',(#115),#22,.T.);
#1235=ADVANCED_FACE('',(#116),#55,.T.);
#1236=ADVANCED_FACE('',(#117),#23,.T.);
#1237=ADVANCED_FACE('',(#118),#24,.T.);
#1238=ADVANCED_FACE('',(#119),#25,.T.);
#1239=ADVANCED_FACE('',(#120),#26,.T.);
#1240=ADVANCED_FACE('',(#121),#1176,.T.);
#1241=ADVANCED_FACE('',(#122),#56,.T.);
#1242=ADVANCED_FACE('',(#123),#1177,.T.);
#1243=ADVANCED_FACE('',(#124),#1178,.T.);
#1244=ADVANCED_FACE('',(#125),#57,.T.);
#1245=ADVANCED_FACE('',(#126),#1179,.T.);
#1246=ADVANCED_FACE('',(#127),#58,.F.);
#1247=CLOSED_SHELL('',(#1180,#1181,#1182,#1183,#1184,#1185,#1186,#1187,
#1188,#1189,#1190,#1191,#1192,#1193,#1194,#1195,#1196,#1197,#1198,#1199,
#1200,#1201,#1202,#1203,#1204,#1205,#1206,#1207,#1208,#1209,#1210,#1211,
#1212,#1213,#1214,#1215,#1216,#1217,#1218,#1219,#1220,#1221,#1222,#1223,
#1224,#1225,#1226,#1227,#1228,#1229,#1230,#1231,#1232,#1233,#1234,#1235,
#1236,#1237,#1238,#1239,#1240,#1241,#1242,#1243,#1244,#1245,#1246));
#1248=DERIVED_UNIT_ELEMENT(#1250,1.);
#1249=DERIVED_UNIT_ELEMENT(#2701,-3.);
#1250=(
MASS_UNIT()
NAMED_UNIT(*)
SI_UNIT(.KILO.,.GRAM.)
);
#1251=DERIVED_UNIT((#1248,#1249));
#1252=MEASURE_REPRESENTATION_ITEM('density measure',
POSITIVE_RATIO_MEASURE(1380.),#1251);
#1253=PROPERTY_DEFINITION_REPRESENTATION(#1258,#1255);
#1254=PROPERTY_DEFINITION_REPRESENTATION(#1259,#1256);
#1255=REPRESENTATION('material name',(#1257),#2698);
#1256=REPRESENTATION('density',(#1252),#2698);
#1257=DESCRIPTIVE_REPRESENTATION_ITEM('Laminate, White, Matte',
'Laminate, White, Matte');
#1258=PROPERTY_DEFINITION('material property','material name',#2708);
#1259=PROPERTY_DEFINITION('material property','density of part',#2708);
#1260=AXIS2_PLACEMENT_3D('',#1689,#1375,#1376);
#1261=AXIS2_PLACEMENT_3D('',#1690,#1377,#1378);
#1262=AXIS2_PLACEMENT_3D('',#1712,#1380,#1381);
#1263=AXIS2_PLACEMENT_3D('',#1714,#1383,#1384);
#1264=AXIS2_PLACEMENT_3D('',#1744,#1386,#1387);
#1265=AXIS2_PLACEMENT_3D('',#1745,#1388,#1389);
#1266=AXIS2_PLACEMENT_3D('',#1747,#1390,#1391);
#1267=AXIS2_PLACEMENT_3D('',#1751,#1393,#1394);
#1268=AXIS2_PLACEMENT_3D('',#1755,#1396,#1397);
#1269=AXIS2_PLACEMENT_3D('',#1759,#1399,#1400);
#1270=AXIS2_PLACEMENT_3D('',#1763,#1402,#1403);
#1271=AXIS2_PLACEMENT_3D('',#1767,#1405,#1406);
#1272=AXIS2_PLACEMENT_3D('',#1771,#1408,#1409);
#1273=AXIS2_PLACEMENT_3D('',#1775,#1411,#1412);
#1274=AXIS2_PLACEMENT_3D('',#1779,#1414,#1415);
#1275=AXIS2_PLACEMENT_3D('',#1807,#1418,#1419);
#1276=AXIS2_PLACEMENT_3D('',#1820,#1421,#1422);
#1277=AXIS2_PLACEMENT_3D('',#1822,#1423,#1424);
#1278=AXIS2_PLACEMENT_3D('',#1824,#1425,#1426);
#1279=AXIS2_PLACEMENT_3D('',#1826,#1428,#1429);
#1280=AXIS2_PLACEMENT_3D('',#1830,#1431,#1432);
#1281=AXIS2_PLACEMENT_3D('',#1833,#1434,#1435);
#1282=AXIS2_PLACEMENT_3D('',#1834,#1436,#1437);
#1283=AXIS2_PLACEMENT_3D('',#1837,#1439,#1440);
#1284=AXIS2_PLACEMENT_3D('',#1838,#1441,#1442);
#1285=AXIS2_PLACEMENT_3D('',#1840,#1443,#1444);
#1286=AXIS2_PLACEMENT_3D('',#1842,#1445,#1446);
#1287=AXIS2_PLACEMENT_3D('',#1844,#1448,#1449);
#1288=AXIS2_PLACEMENT_3D('',#1854,#1453,#1454);
#1289=AXIS2_PLACEMENT_3D('',#1856,#1455,#1456);
#1290=AXIS2_PLACEMENT_3D('',#1859,#1458,#1459);
#1291=AXIS2_PLACEMENT_3D('',#1860,#1460,#1461);
#1292=AXIS2_PLACEMENT_3D('',#1862,#1462,#1463);
#1293=AXIS2_PLACEMENT_3D('',#1866,#1465,#1466);
#1294=AXIS2_PLACEMENT_3D('',#1868,#1468,#1469);
#1295=AXIS2_PLACEMENT_3D('',#1888,#1470,#1471);
#1296=AXIS2_PLACEMENT_3D('',#1890,#1473,#1474);
#1297=AXIS2_PLACEMENT_3D('',#1905,#1477,#1478);
#1298=AXIS2_PLACEMENT_3D('',#1906,#1479,#1480);
#1299=AXIS2_PLACEMENT_3D('',#1908,#1481,#1482);
#1300=AXIS2_PLACEMENT_3D('',#1910,#1484,#1485);
#1301=AXIS2_PLACEMENT_3D('',#1918,#1488,#1489);
#1302=AXIS2_PLACEMENT_3D('',#1920,#1490,#1491);
#1303=AXIS2_PLACEMENT_3D('',#1923,#1493,#1494);
#1304=AXIS2_PLACEMENT_3D('',#1924,#1495,#1496);
#1305=AXIS2_PLACEMENT_3D('',#1926,#1497,#1498);
#1306=AXIS2_PLACEMENT_3D('',#1930,#1500,#1501);
#1307=AXIS2_PLACEMENT_3D('',#1932,#1503,#1504);
#1308=AXIS2_PLACEMENT_3D('',#1934,#1505,#1506);
#1309=AXIS2_PLACEMENT_3D('',#1936,#1508,#1509);
#1310=AXIS2_PLACEMENT_3D('',#1944,#1512,#1513);
#1311=AXIS2_PLACEMENT_3D('',#1946,#1514,#1515);
#1312=AXIS2_PLACEMENT_3D('',#1949,#1517,#1518);
#1313=AXIS2_PLACEMENT_3D('',#1950,#1519,#1520);
#1314=AXIS2_PLACEMENT_3D('',#1970,#1521,#1522);
#1315=AXIS2_PLACEMENT_3D('',#1972,#1524,#1525);
#1316=AXIS2_PLACEMENT_3D('',#1974,#1526,#1527);
#1317=AXIS2_PLACEMENT_3D('',#1976,#1528,#1529);
#1318=AXIS2_PLACEMENT_3D('',#1978,#1531,#1532);
#1319=AXIS2_PLACEMENT_3D('',#1997,#1533,#1534);
#1320=AXIS2_PLACEMENT_3D('',#1999,#1536,#1537);
#1321=AXIS2_PLACEMENT_3D('',#2004,#1539,#1540);
#1322=AXIS2_PLACEMENT_3D('',#2005,#1541,#1542);
#1323=AXIS2_PLACEMENT_3D('',#2025,#1543,#1544);
#1324=AXIS2_PLACEMENT_3D('',#2027,#1546,#1547);
#1325=AXIS2_PLACEMENT_3D('',#2029,#1548,#1549);
#1326=AXIS2_PLACEMENT_3D('',#2031,#1550,#1551);
#1327=AXIS2_PLACEMENT_3D('',#2033,#1553,#1554);
#1328=AXIS2_PLACEMENT_3D('',#2052,#1555,#1556);
#1329=AXIS2_PLACEMENT_3D('',#2054,#1558,#1559);
#1330=AXIS2_PLACEMENT_3D('',#2061,#1562,#1563);
#1331=AXIS2_PLACEMENT_3D('',#2062,#1564,#1565);
#1332=AXIS2_PLACEMENT_3D('',#2070,#1568,#1569);
#1333=AXIS2_PLACEMENT_3D('',#2090,#1570,#1571);
#1334=AXIS2_PLACEMENT_3D('',#2092,#1573,#1574);
#1335=AXIS2_PLACEMENT_3D('',#2094,#1575,#1576);
#1336=AXIS2_PLACEMENT_3D('',#2096,#1577,#1578);
#1337=AXIS2_PLACEMENT_3D('',#2103,#1580,#1581);
#1338=AXIS2_PLACEMENT_3D('',#2110,#1582,#1583);
#1339=AXIS2_PLACEMENT_3D('',#2125,#1585,#1586);
#1340=AXIS2_PLACEMENT_3D('',#2136,#1588,#1589);
#1341=AXIS2_PLACEMENT_3D('',#2137,#1590,#1591);
#1342=AXIS2_PLACEMENT_3D('',#2157,#1592,#1593);
#1343=AXIS2_PLACEMENT_3D('',#2159,#1595,#1596);
#1344=AXIS2_PLACEMENT_3D('',#2161,#1597,#1598);
#1345=AXIS2_PLACEMENT_3D('',#2163,#1599,#1600);
#1346=AXIS2_PLACEMENT_3D('',#2165,#1602,#1603);
#1347=AXIS2_PLACEMENT_3D('',#2184,#1604,#1605);
#1348=AXIS2_PLACEMENT_3D('',#2186,#1607,#1608);
#1349=AXIS2_PLACEMENT_3D('',#2191,#1610,#1611);
#1350=AXIS2_PLACEMENT_3D('',#2192,#1612,#1613);
#1351=AXIS2_PLACEMENT_3D('',#2238,#1614,#1615);
#1352=AXIS2_PLACEMENT_3D('',#2245,#1617,#1618);
#1353=AXIS2_PLACEMENT_3D('',#2252,#1619,#1620);
#1354=AXIS2_PLACEMENT_3D('',#2255,#1622,#1623);
#1355=AXIS2_PLACEMENT_3D('',#2256,#1624,#1625);
#1356=AXIS2_PLACEMENT_3D('',#2275,#1626,#1627);
#1357=AXIS2_PLACEMENT_3D('',#2277,#1629,#1630);
#1358=AXIS2_PLACEMENT_3D('',#2282,#1632,#1633);
#1359=AXIS2_PLACEMENT_3D('',#2396,#1640,#1641);
#1360=AXIS2_PLACEMENT_3D('',#2397,#1642,#1643);
#1361=AXIS2_PLACEMENT_3D('',#2398,#1644,#1645);
#1362=AXIS2_PLACEMENT_3D('',#2399,#1646,#1647);
#1363=AXIS2_PLACEMENT_3D('',#2466,#1650,#1651);
#1364=AXIS2_PLACEMENT_3D('',#2469,#1654,#1655);
#1365=AXIS2_PLACEMENT_3D('',#2474,#1657,#1658);
#1366=AXIS2_PLACEMENT_3D('',#2477,#1660,#1661);
#1367=AXIS2_PLACEMENT_3D('',#2568,#1664,#1665);
#1368=AXIS2_PLACEMENT_3D('',#2684,#1670,#1671);
#1369=AXIS2_PLACEMENT_3D('',#2687,#1674,#1675);
#1370=AXIS2_PLACEMENT_3D('',#2688,#1676,#1677);
#1371=AXIS2_PLACEMENT_3D('',#2689,#1678,#1679);
#1372=AXIS2_PLACEMENT_3D('',#2692,#1682,#1683);
#1373=AXIS2_PLACEMENT_3D('',#2694,#1685,#1686);
#1374=AXIS2_PLACEMENT_3D('',#2695,#1687,#1688);
#1375=DIRECTION('axis',(0.,0.,1.));
#1376=DIRECTION('refdir',(1.,0.,0.));
#1377=DIRECTION('center_axis',(-1.,0.,0.));
#1378=DIRECTION('ref_axis',(0.,-0.940439013531484,0.339962441790162));
#1379=DIRECTION('',(-1.,0.,0.));
#1380=DIRECTION('center_axis',(-1.,0.,8.32667268468867E-17));
#1381=DIRECTION('ref_axis',(0.,-0.940439013531484,0.339962441790162));
#1382=DIRECTION('',(1.,0.,0.));
#1383=DIRECTION('center_axis',(-4.77598324514528E-17,-0.819152044288996,
-0.57357643635104));
#1384=DIRECTION('ref_axis',(0.707106781186547,0.405579787672635,-0.579227965339572));
#1385=DIRECTION('',(4.77598324514528E-17,0.819152044288996,0.57357643635104));
#1386=DIRECTION('center_axis',(0.,0.173648184588257,-0.984807751791791));
#1387=DIRECTION('ref_axis',(4.69200517739878E-17,0.984807751791791,0.173648184588257));
#1388=DIRECTION('center_axis',(-1.,0.,0.));
#1389=DIRECTION('ref_axis',(0.,1.,0.));
#1390=DIRECTION('center_axis',(1.,0.,-8.32667268468867E-17));
#1391=DIRECTION('ref_axis',(0.,1.,0.));
#1392=DIRECTION('',(-1.,0.,0.));
#1393=DIRECTION('center_axis',(1.,0.,-8.32667268468867E-17));
#1394=DIRECTION('ref_axis',(0.,1.,0.));
#1395=DIRECTION('',(1.,0.,0.));
#1396=DIRECTION('center_axis',(1.,0.,-8.32667268468867E-17));
#1397=DIRECTION('ref_axis',(0.,1.,0.));
#1398=DIRECTION('',(-1.,0.,0.));
#1399=DIRECTION('center_axis',(1.,0.,-8.32667268468867E-17));
#1400=DIRECTION('ref_axis',(0.,1.,0.));
#1401=DIRECTION('',(1.,0.,0.));
#1402=DIRECTION('center_axis',(1.,0.,-8.32667268468867E-17));
#1403=DIRECTION('ref_axis',(0.,1.,0.));
#1404=DIRECTION('',(-1.,0.,0.));
#1405=DIRECTION('center_axis',(1.,0.,-8.32667268468867E-17));
#1406=DIRECTION('ref_axis',(0.,1.,0.));
#1407=DIRECTION('',(1.,0.,0.));
#1408=DIRECTION('center_axis',(1.,0.,-8.32667268468867E-17));
#1409=DIRECTION('ref_axis',(0.,1.,0.));
#1410=DIRECTION('',(-1.,0.,0.));
#1411=DIRECTION('center_axis',(1.,0.,-8.32667268468867E-17));
#1412=DIRECTION('ref_axis',(0.,1.,0.));
#1413=DIRECTION('',(1.,0.,0.));
#1414=DIRECTION('center_axis',(1.,0.,-8.32667268468867E-17));
#1415=DIRECTION('ref_axis',(0.,1.,0.));
#1416=DIRECTION('',(-1.,0.,0.));
#1417=DIRECTION('',(-1.,0.,0.));
#1418=DIRECTION('center_axis',(1.,0.,-8.32667268468867E-17));
#1419=DIRECTION('ref_axis',(0.,1.,0.));
#1420=DIRECTION('',(-1.,0.,0.));
#1421=DIRECTION('center_axis',(1.,0.,0.));
#1422=DIRECTION('ref_axis',(0.,0.339962445166396,-0.940439012310998));
#1423=DIRECTION('center_axis',(-1.,0.,8.32667268468867E-17));
#1424=DIRECTION('ref_axis',(0.,0.339962445166396,-0.940439012310998));
#1425=DIRECTION('center_axis',(-1.,0.,8.32667268468867E-17));
#1426=DIRECTION('ref_axis',(0.,0.339962445166396,-0.940439012310998));
#1427=DIRECTION('',(1.,0.,0.));
#1428=DIRECTION('center_axis',(1.,0.,-8.32667268468867E-17));
#1429=DIRECTION('ref_axis',(-8.32667268468867E-17,0.,-1.));
#1430=DIRECTION('',(8.20017181668045E-17,0.17364817766416,0.984807753012697));
#1431=DIRECTION('center_axis',(-1.,0.,8.32667268468867E-17));
#1432=DIRECTION('ref_axis',(4.77598324514533E-17,0.819152044288992,0.573576436351046));
#1433=DIRECTION('',(-4.47391802167126E-17,-0.843391442036691,-0.537299614274262));
#1434=DIRECTION('center_axis',(-1.,0.,8.32667268468867E-17));
#1435=DIRECTION('ref_axis',(0.,-0.998950350276318,-0.0458060878357983));
#1436=DIRECTION('center_axis',(-1.,0.,0.));
#1437=DIRECTION('ref_axis',(0.,-0.998950350276318,-0.0458060878357983));
#1438=DIRECTION('',(-1.,0.,0.));
#1439=DIRECTION('center_axis',(-1.,0.,8.32667268468867E-17));
#1440=DIRECTION('ref_axis',(0.,-0.998950350276318,-0.0458060878357983));
#1441=DIRECTION('center_axis',(1.,0.,0.));
#1442=DIRECTION('ref_axis',(0.,0.673974774072928,-0.738754359657759));
#1443=DIRECTION('center_axis',(-1.,0.,8.32667268468867E-17));
#1444=DIRECTION('ref_axis',(0.,0.673974774072928,-0.738754359657759));
#1445=DIRECTION('center_axis',(-1.,0.,8.32667268468867E-17));
#1446=DIRECTION('ref_axis',(0.,0.673974774072928,-0.738754359657759));
#1447=DIRECTION('',(1.,0.,0.));
#1448=DIRECTION('center_axis',(0.,-0.976296007119325,-0.216439613940849));
#1449=DIRECTION('ref_axis',(8.1292972946511E-17,-0.216439613940849,0.976296007119325));
#1450=DIRECTION('',(-8.1292972946511E-17,0.216439613940849,-0.976296007119325));
#1451=DIRECTION('',(-1.,0.,0.));
#1452=DIRECTION('',(8.1292972946511E-17,-0.216439613940849,0.976296007119325));
#1453=DIRECTION('center_axis',(-1.,0.,0.));
#1454=DIRECTION('ref_axis',(0.,-0.339962441790146,-0.94043901353149));
#1455=DIRECTION('center_axis',(-1.,0.,8.32667268468867E-17));
#1456=DIRECTION('ref_axis',(0.,-0.339962441790146,-0.94043901353149));
#1457=DIRECTION('',(-1.,0.,0.));
#1458=DIRECTION('center_axis',(-1.,0.,8.32667268468867E-17));
#1459=DIRECTION('ref_axis',(0.,-0.339962441790146,-0.94043901353149));
#1460=DIRECTION('center_axis',(1.,0.,-8.32667268468867E-17));
#1461=DIRECTION('ref_axis',(-8.32667268468867E-17,0.,-1.));
#1462=DIRECTION('center_axis',(-1.,0.,8.32667268468867E-17));
#1463=DIRECTION('ref_axis',(0.,0.998950350440765,-0.0458060842495036));
#1464=DIRECTION('',(4.47391797229566E-17,-0.843391445814397,0.537299608344451));
#1465=DIRECTION('center_axis',(-1.,0.,8.32667268468867E-17));
#1466=DIRECTION('ref_axis',(4.77598324514533E-17,0.819152044288992,0.573576436351046));
#1467=DIRECTION('',(-8.20017180651437E-17,0.173648184588259,-0.984807751791791));
#1468=DIRECTION('center_axis',(1.,0.,0.));
#1469=DIRECTION('ref_axis',(0.,0.940439012310992,0.339962445166411));
#1470=DIRECTION('center_axis',(-1.,0.,8.32667268468867E-17));
#1471=DIRECTION('ref_axis',(0.,0.940439012310992,0.339962445166411));
#1472=DIRECTION('',(1.,0.,0.));
#1473=DIRECTION('center_axis',(0.,-0.173648177664162,-0.984807753012696));
#1474=DIRECTION('ref_axis',(1.44591153770214E-17,-0.984807753012696,0.173648177664162));
#1475=DIRECTION('',(-1.44591153770214E-17,0.984807753012696,-0.173648177664162));
#1476=DIRECTION('',(-1.,0.,0.));
#1477=DIRECTION('center_axis',(0.,-0.173648177664162,-0.984807753012696));
#1478=DIRECTION('ref_axis',(4.6920052481441E-17,-0.984807753012696,0.173648177664162));
#1479=DIRECTION('center_axis',(1.,0.,0.));
#1480=DIRECTION('ref_axis',(0.,0.998950350440765,-0.0458060842495036));
#1481=DIRECTION('center_axis',(-1.,0.,8.32667268468867E-17));
#1482=DIRECTION('ref_axis',(0.,0.998950350440765,-0.0458060842495036));
#1483=DIRECTION('',(1.,0.,0.));
#1484=DIRECTION('center_axis',(0.,-0.537299608344451,-0.843391445814397));
#1485=DIRECTION('ref_axis',(4.47391797229566E-17,-0.843391445814397,0.537299608344451));
#1486=DIRECTION('',(-4.47391797229566E-17,0.843391445814397,-0.537299608344451));
#1487=DIRECTION('',(-1.,0.,0.));
#1488=DIRECTION('center_axis',(-1.,0.,0.));
#1489=DIRECTION('ref_axis',(0.,-0.673974771420748,-0.738754362077376));
#1490=DIRECTION('center_axis',(-1.,0.,8.32667268468867E-17));
#1491=DIRECTION('ref_axis',(0.,-0.673974771420748,-0.738754362077376));
#1492=DIRECTION('',(-1.,0.,0.));
#1493=DIRECTION('center_axis',(-1.,0.,8.32667268468867E-17));
#1494=DIRECTION('ref_axis',(0.,-0.673974771420748,-0.738754362077376));
#1495=DIRECTION('center_axis',(1.,0.,-8.32667268468867E-17));
#1496=DIRECTION('ref_axis',(-8.32667268468867E-17,0.,-1.));
#1497=DIRECTION('center_axis',(-1.,0.,8.32667268468867E-17));
#1498=DIRECTION('ref_axis',(0.,0.905380553223412,-0.424601052571551));
#1499=DIRECTION('',(6.8208109517746E-17,-0.573576436353351,0.819152044287378));
#1500=DIRECTION('center_axis',(-1.,0.,8.32667268468867E-17));
#1501=DIRECTION('ref_axis',(4.77598324514533E-17,0.819152044288992,0.573576436351046));
#1502=DIRECTION('',(-8.12929730732236E-17,-0.216439607076597,-0.976296008641093));
#1503=DIRECTION('center_axis',(1.,0.,0.));
#1504=DIRECTION('ref_axis',(0.,0.905380553223412,-0.424601052571551));
#1505=DIRECTION('center_axis',(-1.,0.,8.32667268468867E-17));
#1506=DIRECTION('ref_axis',(0.,0.905380553223412,-0.424601052571551));
#1507=DIRECTION('',(1.,0.,0.));
#1508=DIRECTION('center_axis',(0.,-0.819152044287378,-0.573576436353351));
#1509=DIRECTION('ref_axis',(6.8208109517746E-17,-0.573576436353351,0.819152044287378));
#1510=DIRECTION('',(-6.8208109517746E-17,0.573576436353351,-0.819152044287378));
#1511=DIRECTION('',(-1.,0.,0.));
#1512=DIRECTION('center_axis',(-1.,0.,0.));
#1513=DIRECTION('ref_axis',(0.,-0.90538055169905,-0.42460105582196));
#1514=DIRECTION('center_axis',(-1.,0.,8.32667268468867E-17));
#1515=DIRECTION('ref_axis',(0.,-0.90538055169905,-0.42460105582196));
#1516=DIRECTION('',(-1.,0.,0.));
#1517=DIRECTION('center_axis',(-1.,0.,8.32667268468867E-17));
#1518=DIRECTION('ref_axis',(0.,-0.90538055169905,-0.42460105582196));
#1519=DIRECTION('center_axis',(-1.,0.,0.));
#1520=DIRECTION('ref_axis',(0.,0.310323963088508,0.950630863128819));
#1521=DIRECTION('center_axis',(1.,0.,-8.32667268468867E-17));
#1522=DIRECTION('ref_axis',(0.,0.310323963088508,0.950630863128819));
#1523=DIRECTION('',(-1.,0.,0.));
#1524=DIRECTION('center_axis',(-1.,0.,0.));
#1525=DIRECTION('ref_axis',(0.,0.452765351457312,0.891629708185935));
#1526=DIRECTION('center_axis',(-1.,0.,0.));
#1527=DIRECTION('ref_axis',(0.,0.452765351457312,0.891629708185935));
#1528=DIRECTION('center_axis',(1.,0.,-8.32667268468867E-17));
#1529=DIRECTION('ref_axis',(0.,0.452765351457312,0.891629708185935));
#1530=DIRECTION('',(-1.,0.,0.));
#1531=DIRECTION('center_axis',(-1.,0.,0.));
#1532=DIRECTION('ref_axis',(0.,0.537299602423878,-0.843391449586218));
#1533=DIRECTION('center_axis',(1.,0.,-8.32667268468867E-17));
#1534=DIRECTION('ref_axis',(0.,0.537299602423878,-0.843391449586218));
#1535=DIRECTION('',(-1.,0.,0.));
#1536=DIRECTION('center_axis',(0.,0.537299614274262,-0.843391442036691));
#1537=DIRECTION('ref_axis',(-4.47391802167126E-17,-0.843391442036691,-0.537299614274262));
#1538=DIRECTION('',(4.47391802167126E-17,0.843391442036691,0.537299614274262));
#1539=DIRECTION('center_axis',(-1.,0.,8.32667268468867E-17));
#1540=DIRECTION('ref_axis',(8.32667268468867E-17,0.,1.));
#1541=DIRECTION('center_axis',(-1.,0.,0.));
#1542=DIRECTION('ref_axis',(0.,-0.0770887236690626,0.997024236758101));
#1543=DIRECTION('center_axis',(1.,0.,-8.32667268468867E-17));
#1544=DIRECTION('ref_axis',(0.,-0.0770887236690626,0.997024236758101));
#1545=DIRECTION('',(-1.,0.,0.));
#1546=DIRECTION('center_axis',(-1.,0.,0.));
#1547=DIRECTION('ref_axis',(0.,0.0770887241144124,0.997024236723667));
#1548=DIRECTION('center_axis',(-1.,0.,0.));
#1549=DIRECTION('ref_axis',(0.,0.0770887241144124,0.997024236723667));
#1550=DIRECTION('center_axis',(1.,0.,-8.32667268468867E-17));
#1551=DIRECTION('ref_axis',(0.,0.0770887241144124,0.997024236723667));
#1552=DIRECTION('',(-1.,0.,0.));
#1553=DIRECTION('center_axis',(-1.,0.,0.));
#1554=DIRECTION('ref_axis',(0.,0.819152040260898,-0.57357644210376));
#1555=DIRECTION('center_axis',(1.,0.,-8.32667268468867E-17));
#1556=DIRECTION('ref_axis',(0.,0.819152040260898,-0.57357644210376));
#1557=DIRECTION('',(-1.,0.,0.));
#1558=DIRECTION('center_axis',(0.,0.819152048320144,-0.573576430593964));
#1559=DIRECTION('ref_axis',(-6.82081098535412E-17,-0.573576430593964,-0.819152048320144));
#1560=DIRECTION('',(-6.82081098535412E-17,-0.573576430593964,-0.819152048320144));
#1561=DIRECTION('',(6.82081098535412E-17,0.573576430593964,0.819152048320144));
#1562=DIRECTION('center_axis',(-1.,0.,8.32667268468867E-17));
#1563=DIRECTION('ref_axis',(8.32667268468867E-17,0.,1.));
#1564=DIRECTION('center_axis',(0.,-0.984807753012697,0.17364817766416));
#1565=DIRECTION('ref_axis',(8.20017181668045E-17,0.17364817766416,0.984807753012697));
#1566=DIRECTION('',(-8.20017181668045E-17,-0.17364817766416,-0.984807753012697));
#1567=DIRECTION('',(-1.,0.,0.));
#1568=DIRECTION('center_axis',(-1.,0.,0.));
#1569=DIRECTION('ref_axis',(0.,0.650492639559582,0.759512558078408));
#1570=DIRECTION('center_axis',(1.,0.,-8.32667268468867E-17));
#1571=DIRECTION('ref_axis',(0.,0.650492639559582,0.759512558078408));
#1572=DIRECTION('',(-1.,0.,0.));
#1573=DIRECTION('center_axis',(-1.,0.,0.));
#1574=DIRECTION('ref_axis',(0.,0.759512558368967,0.650492639220327));
#1575=DIRECTION('center_axis',(-1.,0.,0.));
#1576=DIRECTION('ref_axis',(0.,0.759512558368967,0.650492639220327));
#1577=DIRECTION('center_axis',(1.,0.,-8.32667268468867E-17));
#1578=DIRECTION('ref_axis',(0.,0.759512558368967,0.650492639220327));
#1579=DIRECTION('',(-1.,0.,0.));
#1580=DIRECTION('center_axis',(-1.,0.,0.));
#1581=DIRECTION('ref_axis',(0.,0.173648170750852,-0.984807754231699));
#1582=DIRECTION('center_axis',(1.,0.,-8.32667268468867E-17));
#1583=DIRECTION('ref_axis',(0.,0.173648170750852,-0.984807754231699));
#1584=DIRECTION('',(-1.,0.,0.));
#1585=DIRECTION('center_axis',(0.,0.173648184588257,-0.984807751791791));
#1586=DIRECTION('ref_axis',(-1.44591159535682E-17,-0.984807751791791,-0.173648184588257));
#1587=DIRECTION('',(1.44591159535682E-17,0.984807751791791,0.173648184588257));
#1588=DIRECTION('center_axis',(-1.,0.,8.32667268468867E-17));
#1589=DIRECTION('ref_axis',(8.32667268468867E-17,0.,1.));
#1590=DIRECTION('center_axis',(-1.,0.,0.));
#1591=DIRECTION('ref_axis',(0.,-0.452765351059036,0.891629708388178));
#1592=DIRECTION('center_axis',(1.,0.,-8.32667268468867E-17));
#1593=DIRECTION('ref_axis',(0.,-0.452765351059036,0.891629708388178));
#1594=DIRECTION('',(-1.,0.,0.));
#1595=DIRECTION('center_axis',(-1.,0.,0.));
#1596=DIRECTION('ref_axis',(0.,-0.310323962663882,0.950630863267433));
#1597=DIRECTION('center_axis',(-1.,0.,0.));
#1598=DIRECTION('ref_axis',(0.,-0.310323962663882,0.950630863267433));
#1599=DIRECTION('center_axis',(1.,0.,-8.32667268468867E-17));
#1600=DIRECTION('ref_axis',(0.,-0.310323962663882,0.950630863267433));
#1601=DIRECTION('',(-1.,0.,0.));
#1602=DIRECTION('center_axis',(-1.,0.,0.));
#1603=DIRECTION('ref_axis',(0.,0.976296005599927,-0.216439620794407));
#1604=DIRECTION('center_axis',(1.,0.,-8.32667268468867E-17));
#1605=DIRECTION('ref_axis',(0.,0.976296005599927,-0.216439620794407));
#1606=DIRECTION('',(-1.,0.,0.));
#1607=DIRECTION('center_axis',(0.,0.976296008641093,-0.216439607076597));
#1608=DIRECTION('ref_axis',(-8.12929730732236E-17,-0.216439607076597,-0.976296008641093));
#1609=DIRECTION('',(8.12929730732236E-17,0.216439607076597,0.976296008641093));
#1610=DIRECTION('center_axis',(-1.,0.,8.32667268468867E-17));
#1611=DIRECTION('ref_axis',(8.32667268468867E-17,0.,1.));
#1612=DIRECTION('center_axis',(-1.,0.,0.));
#1613=DIRECTION('ref_axis',(0.,-0.7595125580784,0.650492639559591));
#1614=DIRECTION('center_axis',(1.,0.,-8.32667268468867E-17));
#1615=DIRECTION('ref_axis',(0.,-0.7595125580784,0.650492639559591));
#1616=DIRECTION('',(-1.,0.,0.));
#1617=DIRECTION('center_axis',(-1.,0.,0.));
#1618=DIRECTION('ref_axis',(0.,-0.650492639220327,0.759512558368967));
#1619=DIRECTION('center_axis',(1.,0.,-8.32667268468867E-17));
#1620=DIRECTION('ref_axis',(0.,-0.650492639220327,0.759512558368967));
#1621=DIRECTION('',(-1.,0.,0.));
#1622=DIRECTION('center_axis',(-1.,0.,0.));
#1623=DIRECTION('ref_axis',(0.,-0.650492639220327,0.759512558368967));
#1624=DIRECTION('center_axis',(-1.,0.,0.));
#1625=DIRECTION('ref_axis',(0.,0.984807754231698,0.173648170750861));
#1626=DIRECTION('center_axis',(1.,0.,-8.32667268468867E-17));
#1627=DIRECTION('ref_axis',(0.,0.984807754231698,0.173648170750861));
#1628=DIRECTION('',(-1.,0.,0.));
#1629=DIRECTION('center_axis',(0.,0.984807751791791,0.173648184588259));
#1630=DIRECTION('ref_axis',(-8.20017180651437E-17,0.173648184588259,-0.984807751791791));
#1631=DIRECTION('',(8.20017180651437E-17,-0.173648184588259,0.984807751791791));
#1632=DIRECTION('center_axis',(-1.,0.,8.32667268468867E-17));
#1633=DIRECTION('ref_axis',(8.32667268468867E-17,0.,1.));
#1634=DIRECTION('',(0.705821028833595,-0.538944878727452,-0.45973371961358));
#1635=DIRECTION('',(-0.707106781186548,0.534329341119279,0.463132977900555));
#1636=DIRECTION('',(-0.705821028833595,-0.538944878727452,0.45973371961358));
#1637=DIRECTION('',(1.60088151621748E-15,0.154855014633986,-0.987937206730624));
#1638=DIRECTION('',(-0.705821028833595,-0.538944878727452,0.45973371961358));
#1639=DIRECTION('',(0.707106781186548,0.534329341119278,-0.463132977900556));
#1640=DIRECTION('center_axis',(1.,0.,-8.32667268468867E-17));
#1641=DIRECTION('ref_axis',(-8.32667268468867E-17,0.,-1.));
#1642=DIRECTION('center_axis',(-1.,0.,8.32667268468867E-17));
#1643=DIRECTION('ref_axis',(4.77598324514533E-17,0.819152044288992,0.573576436351046));
#1644=DIRECTION('center_axis',(-1.,0.,8.32667268468867E-17));
#1645=DIRECTION('ref_axis',(2.29341769692622E-17,0.819152044288992,0.573576436351046));
#1646=DIRECTION('center_axis',(1.,0.,-8.32667268468867E-17));
#1647=DIRECTION('ref_axis',(0.,0.819152044288992,0.573576436351046));
#1648=DIRECTION('',(-0.705821028833595,0.538944878727453,-0.459733719613578));
#1649=DIRECTION('',(0.,-0.154855014633987,0.987937206730624));
#1650=DIRECTION('center_axis',(0.,-0.987937206730625,-0.154855014633979));
#1651=DIRECTION('ref_axis',(0.,0.154855014633979,-0.987937206730625));
#1652=DIRECTION('',(1.,0.,0.));
#1653=DIRECTION('',(-1.,0.,0.));
#1654=DIRECTION('center_axis',(1.,0.,-8.32667268468868E-17));
#1655=DIRECTION('ref_axis',(2.29341769692622E-17,0.819152044288992,0.573576436351046));
#1656=DIRECTION('',(0.707106781186548,-0.534329341119278,0.463132977900557));
#1657=DIRECTION('center_axis',(-1.,0.,8.32667268468867E-17));
#1658=DIRECTION('ref_axis',(0.,0.819152044288992,0.573576436351046));
#1659=DIRECTION('',(-0.707106781186548,-0.534329341119279,-0.463132977900555));
#1660=DIRECTION('center_axis',(1.,0.,-8.32667268468867E-17));
#1661=DIRECTION('ref_axis',(4.77598324514533E-17,0.819152044288992,0.573576436351046));
#1662=DIRECTION('',(0.,-0.154855014633986,-0.987937206730624));
#1663=DIRECTION('',(0.705821028833595,0.538944878727452,0.45973371961358));
#1664=DIRECTION('center_axis',(0.,0.987937206730625,-0.154855014633984));
#1665=DIRECTION('ref_axis',(0.,0.154855014633984,0.987937206730624));
#1666=DIRECTION('',(1.,0.,0.));
#1667=DIRECTION('',(0.,-0.154855014633984,-0.987937206730624));
#1668=DIRECTION('',(-1.,0.,0.));
#1669=DIRECTION('',(0.705821028833595,-0.538944878727452,-0.45973371961358));
#1670=DIRECTION('center_axis',(-4.77598324514528E-17,-0.819152044288996,
-0.57357643635104));
#1671=DIRECTION('ref_axis',(-0.707106781186547,0.405579787672635,-0.579227965339572));
#1672=DIRECTION('',(-4.77598324514528E-17,-0.819152044288996,-0.57357643635104));
#1673=DIRECTION('',(4.77598324514528E-17,0.819152044288996,0.57357643635104));
#1674=DIRECTION('center_axis',(0.,0.57357643635104,-0.819152044288996));
#1675=DIRECTION('ref_axis',(-4.77598324514528E-17,-0.819152044288996,-0.57357643635104));
#1676=DIRECTION('center_axis',(-1.,0.,0.));
#1677=DIRECTION('ref_axis',(0.,0.819152044288992,0.573576436351046));
#1678=DIRECTION('center_axis',(4.7759832451453E-17,-0.819152044288994,0.573576436351043));
#1679=DIRECTION('ref_axis',(-0.707106781186547,-0.405579787672637,-0.579227965339571));
#1680=DIRECTION('',(-4.7759832451453E-17,0.819152044288994,-0.573576436351043));
#1681=DIRECTION('',(4.7759832451453E-17,-0.819152044288994,0.573576436351043));
#1682=DIRECTION('center_axis',(0.,-0.573576436351043,-0.819152044288994));
#1683=DIRECTION('ref_axis',(4.7759832451453E-17,-0.819152044288994,0.573576436351043));
#1684=DIRECTION('',(-4.7759832451453E-17,0.819152044288994,-0.573576436351043));
#1685=DIRECTION('center_axis',(4.7759832451453E-17,-0.819152044288994,0.573576436351043));
#1686=DIRECTION('ref_axis',(0.707106781186548,-0.405579787672637,-0.57922796533957));
#1687=DIRECTION('center_axis',(1.,0.,-8.32667268468867E-17));
#1688=DIRECTION('ref_axis',(-8.32667268468867E-17,0.,-1.));
#1689=CARTESIAN_POINT('',(0.,0.,0.));
#1690=CARTESIAN_POINT('Origin',(-50.,36.6347103959181,31.0144803955702));
#1691=CARTESIAN_POINT('',(-50.0428229248277,36.2530988293437,30.691412891391));
#1692=CARTESIAN_POINT('',(-50.0023745582958,36.547886303624,31.5068842714661));
#1693=CARTESIAN_POINT('Ctrl Pts',(-50.0428229248178,36.2530988293445,30.69141289139));
#1694=CARTESIAN_POINT('Ctrl Pts',(-50.0407947417322,36.2431083830704,30.7032137373559));
#1695=CARTESIAN_POINT('Ctrl Pts',(-50.0388530688905,36.2337745468839,30.7153527313893));
#1696=CARTESIAN_POINT('Ctrl Pts',(-50.0293565658419,36.1892556865967,30.7789322529709));
#1697=CARTESIAN_POINT('Ctrl Pts',(-50.0224946258957,36.1610904075959,30.8408881818039));
#1698=CARTESIAN_POINT('Ctrl Pts',(-50.0121980754463,36.1321461105939,30.9711296124794));
#1699=CARTESIAN_POINT('Ctrl Pts',(-50.0086957131322,36.1313768001595,31.0394119063952));
#1700=CARTESIAN_POINT('Ctrl Pts',(-50.0041827514878,36.1532379223522,31.1632067859744));
#1701=CARTESIAN_POINT('Ctrl Pts',(-50.0028523129325,36.1772177984003,31.2269493150041));
#1702=CARTESIAN_POINT('Ctrl Pts',(-50.0013697199602,36.24885034284,31.3393719759247));
#1703=CARTESIAN_POINT('Ctrl Pts',(-50.0011499942182,36.2965021714077,31.3880517416642));
#1704=CARTESIAN_POINT('Ctrl Pts',(-50.0011499942182,36.3993421840775,31.4600610937652));
#1705=CARTESIAN_POINT('Ctrl Pts',(-50.0013697199602,36.461384085961,31.4881897049819));
#1706=CARTESIAN_POINT('Ctrl Pts',(-50.0021920446526,36.5335680286083,31.5041979671186));
#1707=CARTESIAN_POINT('Ctrl Pts',(-50.0022796855162,36.5407154858658,31.5056198627696));
#1708=CARTESIAN_POINT('Ctrl Pts',(-50.0023745582958,36.547886303624,31.5068842714661));
#1709=CARTESIAN_POINT('',(-57.5000000000046,36.547886303624,31.5068842714661));
#1710=CARTESIAN_POINT('',(-50.,36.547886303624,31.5068842714661));
#1711=CARTESIAN_POINT('',(-57.5000000000046,36.253098829294,30.6914128914497));
#1712=CARTESIAN_POINT('Origin',(-57.5000000000046,36.6347103959181,31.0144803955702));
#1713=CARTESIAN_POINT('',(-50.,36.253098829294,30.6914128914497));
#1714=CARTESIAN_POINT('Origin',(-55.,28.0018184763693,25.7109573245411));
#1715=CARTESIAN_POINT('',(-55.,38.9097221037271,27.2448807266747));
#1716=CARTESIAN_POINT('Ctrl Pts',(-50.0428229248178,36.2530988293445,30.69141289139));
#1717=CARTESIAN_POINT('Ctrl Pts',(-50.098687626812,36.528277785196,30.3663679051085));
#1718=CARTESIAN_POINT('Ctrl Pts',(-50.2118480090654,36.8013028144326,30.0346361053055));
#1719=CARTESIAN_POINT('Ctrl Pts',(-50.6345255178273,37.4419886838665,29.2357460578247));
#1720=CARTESIAN_POINT('Ctrl Pts',(-51.0196061027956,37.7848402314528,28.7880867267539));
#1721=CARTESIAN_POINT('Ctrl Pts',(-51.9083229483073,38.3170426391939,28.0758159229027));
#1722=CARTESIAN_POINT('Ctrl Pts',(-52.4705327568981,38.5421217129083,27.7636445836681));
#1723=CARTESIAN_POINT('Ctrl Pts',(-53.7024439925491,38.8381698658815,27.3479737484175));
#1724=CARTESIAN_POINT('Ctrl Pts',(-54.3721423269773,38.9097221037271,27.2448807266747));
#1725=CARTESIAN_POINT('Ctrl Pts',(-55.,38.9097221037271,27.2448807266747));
#1726=CARTESIAN_POINT('',(-55.,39.7288741480161,27.8184571630258));
#1727=CARTESIAN_POINT('',(-55.,30.8697006581245,21.6151971030961));
#1728=CARTESIAN_POINT('',(-50.0145334020503,36.8989306359799,31.4757284104764));
#1729=CARTESIAN_POINT('Ctrl Pts',(-50.0145334020503,36.8989306359799,31.4757284104764));
#1730=CARTESIAN_POINT('Ctrl Pts',(-50.0585945373319,37.2749915718791,31.0351196401499));
#1731=CARTESIAN_POINT('Ctrl Pts',(-50.2092783200195,37.6568469703112,30.5714594751958));
#1732=CARTESIAN_POINT('Ctrl Pts',(-50.7251409572988,38.3470928153912,29.7016565518898));
#1733=CARTESIAN_POINT('Ctrl Pts',(-51.0931691689689,38.6573528635945,29.2940700991968));
#1734=CARTESIAN_POINT('Ctrl Pts',(-51.9469843314044,39.1512663624791,28.629541320961));
#1735=CARTESIAN_POINT('Ctrl Pts',(-52.4900857035791,39.3671369895208,28.3296190854644));
#1736=CARTESIAN_POINT('Ctrl Pts',(-53.7031290197435,39.6566458004495,27.9223126325151));
#1737=CARTESIAN_POINT('Ctrl Pts',(-54.3721507690798,39.7288741480161,27.8184571630258));
#1738=CARTESIAN_POINT('Ctrl Pts',(-55.,39.7288741480161,27.8184571630258));
#1739=CARTESIAN_POINT('',(-50.0075708226676,36.8297757665243,31.556589019941));
#1740=CARTESIAN_POINT('Ctrl Pts',(-50.0075708239904,36.8297757773418,31.5565890293071));
#1741=CARTESIAN_POINT('Ctrl Pts',(-50.0095154583677,36.8528548738144,31.5296590136147));
#1742=CARTESIAN_POINT('Ctrl Pts',(-50.0118357242331,36.8759060080805,31.5027050305332));
#1743=CARTESIAN_POINT('Ctrl Pts',(-50.0145334020503,36.8989306359799,31.4757284104764));
#1744=CARTESIAN_POINT('Origin',(-55.,36.1888461222721,31.4435757977335));
#1745=CARTESIAN_POINT('Origin',(-50.,0.,0.));
#1746=CARTESIAN_POINT('',(-57.5000000000046,30.6914128860395,36.2530988338742));
#1747=CARTESIAN_POINT('Origin',(-57.5000000000046,0.,0.));
#1748=CARTESIAN_POINT('',(-50.,30.6914128860395,36.2530988338742));
#1749=CARTESIAN_POINT('',(-50.,30.6914128860395,36.2530988338742));
#1750=CARTESIAN_POINT('',(-50.,21.7484007690595,42.2286284881284));
#1751=CARTESIAN_POINT('Origin',(-50.,0.,0.));
#1752=CARTESIAN_POINT('',(-57.5000000000046,21.7484007690595,42.2286284881284));
#1753=CARTESIAN_POINT('',(-50.,21.7484007690595,42.2286284881284));
#1754=CARTESIAN_POINT('',(-57.5000000000046,14.4817078936472,45.2385912300889));
#1755=CARTESIAN_POINT('Origin',(-57.5000000000046,0.,0.));
#1756=CARTESIAN_POINT('',(-50.,14.4817078936472,45.2385912300889));
#1757=CARTESIAN_POINT('',(-50.,14.4817078936472,45.2385912300889));
#1758=CARTESIAN_POINT('',(-50.,3.93270584147955,47.3369182009601));
#1759=CARTESIAN_POINT('Origin',(-50.,0.,0.));
#1760=CARTESIAN_POINT('',(-57.5000000000046,3.93270584147955,47.3369182009602));
#1761=CARTESIAN_POINT('',(-50.,3.93270584147955,47.3369182009602));
#1762=CARTESIAN_POINT('',(-57.5000000000046,-3.93270584854387,47.3369182003733));
#1763=CARTESIAN_POINT('Origin',(-57.5000000000046,0.,0.));
#1764=CARTESIAN_POINT('',(-50.,-3.93270584854387,47.3369182003733));
#1765=CARTESIAN_POINT('',(-50.,-3.93270584854387,47.3369182003733));
#1766=CARTESIAN_POINT('',(-50.,-14.4817079003984,45.2385912279277));
#1767=CARTESIAN_POINT('Origin',(-50.,0.,0.));
#1768=CARTESIAN_POINT('',(-57.5000000000046,-14.4817079003984,45.2385912279277));
#1769=CARTESIAN_POINT('',(-50.,-14.4817079003984,45.2385912279277));
#1770=CARTESIAN_POINT('',(-57.5000000000046,-21.7484007753614,42.2286284848828));
#1771=CARTESIAN_POINT('Origin',(-57.5000000000046,0.,0.));
#1772=CARTESIAN_POINT('',(-50.,-21.7484007753614,42.2286284848828));
#1773=CARTESIAN_POINT('',(-50.,-21.7484007753614,42.2286284848828));
#1774=CARTESIAN_POINT('',(-50.,-30.6914128914497,36.253098829294));
#1775=CARTESIAN_POINT('Origin',(-50.,0.,0.));
#1776=CARTESIAN_POINT('',(-57.5000000000046,-30.6914128914497,36.253098829294));
#1777=CARTESIAN_POINT('',(-50.,-30.6914128914497,36.253098829294));
#1778=CARTESIAN_POINT('',(-57.5000000000046,-36.2530988338742,30.6914128860394));
#1779=CARTESIAN_POINT('Origin',(-57.5000000000046,0.,0.));
#1780=CARTESIAN_POINT('',(-50.0428229257575,-36.2530988339239,30.6914128859808));
#1781=CARTESIAN_POINT('',(-50.,-36.2530988338742,30.6914128860394));
#1782=CARTESIAN_POINT('',(-55.,-38.9097221037271,27.2448807266747));
#1783=CARTESIAN_POINT('Ctrl Pts',(-55.,-38.9097221037271,27.2448807266747));
#1784=CARTESIAN_POINT('Ctrl Pts',(-54.3721423269773,-38.9097221037271,27.2448807266747));
#1785=CARTESIAN_POINT('Ctrl Pts',(-53.7024439925491,-38.8381698658815,27.3479737484174));
#1786=CARTESIAN_POINT('Ctrl Pts',(-52.4705327568981,-38.5421217129083,27.7636445836681));
#1787=CARTESIAN_POINT('Ctrl Pts',(-51.9083229483073,-38.3170426391939,28.0758159229027));
#1788=CARTESIAN_POINT('Ctrl Pts',(-51.0196061027956,-37.7848402314527,28.7880867267539));
#1789=CARTESIAN_POINT('Ctrl Pts',(-50.6345255178273,-37.4419886838665,29.2357460578247));
#1790=CARTESIAN_POINT('Ctrl Pts',(-50.2118480099962,-36.8013028158434,30.0346361035464));
#1791=CARTESIAN_POINT('Ctrl Pts',(-50.098687628053,-36.5282777882299,30.3663679014266));
#1792=CARTESIAN_POINT('Ctrl Pts',(-50.0428229257476,-36.2530988339247,30.6914128859798));
#1793=CARTESIAN_POINT('',(-101.5,-38.9097221037271,27.2448807266747));
#1794=CARTESIAN_POINT('',(-50.,-38.9097221037271,27.2448807266747));
#1795=CARTESIAN_POINT('',(-106.5,-35.8256731265606,31.1892793284621));
#1796=CARTESIAN_POINT('Ctrl Pts',(-106.5,-35.8256731265606,31.1892793284621));
#1797=CARTESIAN_POINT('Ctrl Pts',(-106.5,-36.2388665062811,30.714663329675));
#1798=CARTESIAN_POINT('Ctrl Pts',(-106.375254349746,-36.6692748514394,30.199265654132));
#1799=CARTESIAN_POINT('Ctrl Pts',(-105.865474482173,-37.4419886838665,29.2357460578247));
#1800=CARTESIAN_POINT('Ctrl Pts',(-105.480393897204,-37.7848402314527,28.7880867267539));
#1801=CARTESIAN_POINT('Ctrl Pts',(-104.591677051693,-38.3170426391939,28.0758159229027));
#1802=CARTESIAN_POINT('Ctrl Pts',(-104.029467243102,-38.5421217129083,27.7636445836681));
#1803=CARTESIAN_POINT('Ctrl Pts',(-102.797556007451,-38.8381698658815,27.3479737484175));
#1804=CARTESIAN_POINT('Ctrl Pts',(-102.127857673023,-38.9097221037271,27.2448807266747));
#1805=CARTESIAN_POINT('Ctrl Pts',(-101.5,-38.9097221037271,27.2448807266747));
#1806=CARTESIAN_POINT('',(-106.5,35.8256731265606,31.1892793284621));
#1807=CARTESIAN_POINT('Origin',(-106.5,0.,0.));
#1808=CARTESIAN_POINT('',(-101.5,38.9097221037271,27.2448807266747));
#1809=CARTESIAN_POINT('Ctrl Pts',(-101.5,38.9097221037271,27.2448807266747));
#1810=CARTESIAN_POINT('Ctrl Pts',(-102.127857673023,38.9097221037271,27.2448807266747));
#1811=CARTESIAN_POINT('Ctrl Pts',(-102.797556007451,38.8381698658815,27.3479737484175));
#1812=CARTESIAN_POINT('Ctrl Pts',(-104.029467243102,38.5421217129083,27.7636445836681));
#1813=CARTESIAN_POINT('Ctrl Pts',(-104.591677051693,38.3170426391939,28.0758159229027));
#1814=CARTESIAN_POINT('Ctrl Pts',(-105.480393897204,37.7848402314527,28.7880867267539));
#1815=CARTESIAN_POINT('Ctrl Pts',(-105.865474482173,37.4419886838665,29.2357460578247));
#1816=CARTESIAN_POINT('Ctrl Pts',(-106.375254349746,36.6692748514394,30.1992656541321));
#1817=CARTESIAN_POINT('Ctrl Pts',(-106.5,36.2388665062811,30.714663329675));
#1818=CARTESIAN_POINT('Ctrl Pts',(-106.5,35.8256731265606,31.1892793284621));
#1819=CARTESIAN_POINT('',(-50.,38.9097221037271,27.2448807266747));
#1820=CARTESIAN_POINT('Origin',(-50.,31.014480390103,36.6347104005466));
#1821=CARTESIAN_POINT('',(-50.,31.5068842666094,36.5478863117145));
#1822=CARTESIAN_POINT('Origin',(-50.,31.014480390103,36.6347104005466));
#1823=CARTESIAN_POINT('',(-57.5000000000046,31.5068842666094,36.5478863117145));
#1824=CARTESIAN_POINT('Origin',(-57.5000000000046,31.014480390103,36.6347104005466));
#1825=CARTESIAN_POINT('',(-50.,31.5068842666094,36.5478863117145));
#1826=CARTESIAN_POINT('Origin',(-50.,4.44089209850063E-15,39.8724403633374));
#1827=CARTESIAN_POINT('',(-50.,31.5565875455135,36.8297676137435));
#1828=CARTESIAN_POINT('',(-50.,31.2397422336998,35.0328485571935));
#1829=CARTESIAN_POINT('',(-50.,21.9500852413434,43.2486272371478));
#1830=CARTESIAN_POINT('Origin',(-50.,0.,-3.33066907387547E-16));
#1831=CARTESIAN_POINT('',(-50.,21.7086814963335,43.0948360879692));
#1832=CARTESIAN_POINT('',(-50.,13.7436958924632,38.0205805532855));
#1833=CARTESIAN_POINT('Origin',(-50.,21.9773313034706,42.6731403669508));
#1834=CARTESIAN_POINT('Origin',(-50.,21.9773313034706,42.6731403669508));
#1835=CARTESIAN_POINT('',(-57.5000000000046,21.7086814963335,43.0948360879692));
#1836=CARTESIAN_POINT('',(-50.,21.7086814963335,43.0948360879692));
#1837=CARTESIAN_POINT('Origin',(-57.5000000000046,21.9773313034706,42.6731403669508));
#1838=CARTESIAN_POINT('Origin',(-50.,14.6341469241067,45.7147869272477));
#1839=CARTESIAN_POINT('',(-50.,15.1222949276663,45.8230067342181));
#1840=CARTESIAN_POINT('Origin',(-50.,14.6341469241067,45.7147869272477));
#1841=CARTESIAN_POINT('',(-57.5000000000046,15.1222949276663,45.8230067342181));
#1842=CARTESIAN_POINT('Origin',(-57.5000000000046,14.6341469241067,45.7147869272477));
#1843=CARTESIAN_POINT('',(-50.,15.1222949276663,45.8230067342181));
#1844=CARTESIAN_POINT('Origin',(-50.,15.3127083006147,44.9641075136603));
#1845=CARTESIAN_POINT('',(-57.5000000000046,14.8728881697966,46.9480079177971));
#1846=CARTESIAN_POINT('',(-57.5000000000046,15.406984230944,44.5388562730392));
#1847=CARTESIAN_POINT('',(-50.7475202417422,14.8728881697966,46.9480079177971));
#1848=CARTESIAN_POINT('',(-50.,14.8728881697966,46.9480079177971));
#1849=CARTESIAN_POINT('',(-50.,15.0603434655646,46.1024517211312));
#1850=CARTESIAN_POINT('Ctrl Pts',(-50.,15.0603434655646,46.1024517211312));
#1851=CARTESIAN_POINT('Ctrl Pts',(-50.3699231704909,14.96733259611,46.5219966409073));
#1852=CARTESIAN_POINT('Ctrl Pts',(-50.7475202417422,14.8728881697966,46.9480079177971));
#1853=CARTESIAN_POINT('',(-50.,15.4919957989333,44.155393870405));
#1854=CARTESIAN_POINT('Origin',(-50.,-31.0144803955702,36.6347103959181));
#1855=CARTESIAN_POINT('',(-50.,-31.5068842714661,36.547886303624));
#1856=CARTESIAN_POINT('Origin',(-50.,-31.0144803955702,36.6347103959181));
#1857=CARTESIAN_POINT('',(-57.5000000000046,-31.5068842714661,36.547886303624));
#1858=CARTESIAN_POINT('',(-50.,-31.5068842714661,36.547886303624));
#1859=CARTESIAN_POINT('Origin',(-57.5000000000046,-31.0144803955702,36.6347103959181));
#1860=CARTESIAN_POINT('Origin',(-50.,4.44089209850063E-15,39.8724403633374));
#1861=CARTESIAN_POINT('',(-50.,-21.7086815056667,43.0948360865783));
#1862=CARTESIAN_POINT('Origin',(-50.,-21.9773313098389,42.6731403636711));
#1863=CARTESIAN_POINT('',(-50.,-21.9500852498381,43.2486272328365));
#1864=CARTESIAN_POINT('',(-50.,-12.8867812091244,37.4746657638772));
#1865=CARTESIAN_POINT('',(-50.,-31.5565875527474,36.8297676075453));
#1866=CARTESIAN_POINT('Origin',(-50.,0.,-3.33066907387547E-16));
#1867=CARTESIAN_POINT('',(-50.,-31.4161747188843,36.0334468883432));
#1868=CARTESIAN_POINT('Origin',(-50.,-36.6347104005466,31.014480390103));
#1869=CARTESIAN_POINT('',(-50.0023745585616,-36.5478863117145,31.5068842666094));
#1870=CARTESIAN_POINT('Ctrl Pts',(-50.0023745585616,-36.5478863117145,31.5068842666094));
#1871=CARTESIAN_POINT('Ctrl Pts',(-50.0022796857599,-36.5407154927936,31.5056198577599));
#1872=CARTESIAN_POINT('Ctrl Pts',(-50.002192044877,-36.5335680343792,31.5041979619048));
#1873=CARTESIAN_POINT('Ctrl Pts',(-50.0013697201311,-36.4613840905876,31.4881896995139));
#1874=CARTESIAN_POINT('Ctrl Pts',(-50.0011499943712,-36.3993421887052,31.4600610882975));
#1875=CARTESIAN_POINT('Ctrl Pts',(-50.0011499943712,-36.3479221823711,31.4240564122475));
#1876=CARTESIAN_POINT('Ctrl Pts',(-50.0011499943712,-36.2965021760369,31.3880517361975));
#1877=CARTESIAN_POINT('Ctrl Pts',(-50.0013697201311,-36.2488503474699,31.3393719704589));
#1878=CARTESIAN_POINT('Ctrl Pts',(-50.0028523131762,-36.177217803031,31.2269493095412));
#1879=CARTESIAN_POINT('Ctrl Pts',(-50.0041827517864,-36.1532379269831,31.1632067805137));
#1880=CARTESIAN_POINT('Ctrl Pts',(-50.008695713558,-36.1313768047874,31.0394119009324));
#1881=CARTESIAN_POINT('Ctrl Pts',(-50.0121980759531,-36.1321461152221,30.9711296070124));
#1882=CARTESIAN_POINT('Ctrl Pts',(-50.0224946265806,-36.1610904122253,30.8408881763334));
#1883=CARTESIAN_POINT('Ctrl Pts',(-50.0293565666237,-36.1892556912269,30.7789322475012));
#1884=CARTESIAN_POINT('Ctrl Pts',(-50.0388528901251,-36.2337737092796,30.7153539287552));
#1885=CARTESIAN_POINT('Ctrl Pts',(-50.0407945782238,-36.2431075777711,30.7032146885896));
#1886=CARTESIAN_POINT('Ctrl Pts',(-50.0428229257476,-36.2530988339247,30.6914128859798));
#1887=CARTESIAN_POINT('',(-57.5000000000046,-36.5478863117145,31.5068842666094));
#1888=CARTESIAN_POINT('Origin',(-57.5000000000046,-36.6347104005466,31.014480390103));
#1889=CARTESIAN_POINT('',(-50.,-36.5478863117145,31.5068842666094));
#1890=CARTESIAN_POINT('Origin',(-50.,-35.6814988582231,31.354116782814));
#1891=CARTESIAN_POINT('',(-57.5000000000046,-37.6826957134307,31.7069817820903));
#1892=CARTESIAN_POINT('',(-57.5000000000046,-19.1758723037635,28.4437294878126));
#1893=CARTESIAN_POINT('',(-50.7964825919062,-37.6826957134307,31.7069817820903));
#1894=CARTESIAN_POINT('',(-50.,-37.6826957134307,31.7069817820903));
#1895=CARTESIAN_POINT('',(-50.1946244530432,-37.0364430444692,31.5930300001994));
#1896=CARTESIAN_POINT('Ctrl Pts',(-50.1946244530432,-37.0364430444691,31.5930300001994));
#1897=CARTESIAN_POINT('Ctrl Pts',(-50.3902884147572,-37.2513006543955,31.6309151938393));
#1898=CARTESIAN_POINT('Ctrl Pts',(-50.5920333126048,-37.4685760042873,31.6692267002675));
#1899=CARTESIAN_POINT('Ctrl Pts',(-50.7964825919062,-37.6826957134307,31.7069817820903));
#1900=CARTESIAN_POINT('',(-50.00757082319,-36.8297757727236,31.5565890127073));
#1901=CARTESIAN_POINT('Ctrl Pts',(-50.0075708267713,-36.8297758103462,31.5565889907957));
#1902=CARTESIAN_POINT('Ctrl Pts',(-50.0697376943574,-36.8987940223408,31.5687587637304));
#1903=CARTESIAN_POINT('Ctrl Pts',(-50.1321370844513,-36.9677135095755,31.5809111288263));
#1904=CARTESIAN_POINT('Ctrl Pts',(-50.1946244530432,-37.0364430444691,31.5930300001994));
#1905=CARTESIAN_POINT('Origin',(-55.,-36.1888461152468,31.4435757928143));
#1906=CARTESIAN_POINT('Origin',(-50.,-21.9773313098389,42.6731403636711));
#1907=CARTESIAN_POINT('',(-57.5000000000046,-21.7086815056667,43.0948360865783));
#1908=CARTESIAN_POINT('Origin',(-57.5000000000046,-21.9773313098389,42.6731403636711));
#1909=CARTESIAN_POINT('',(-50.,-21.7086815056667,43.0948360865783));
#1910=CARTESIAN_POINT('Origin',(-50.,-20.966705455214,42.6221452106064));
#1911=CARTESIAN_POINT('',(-57.5000000000046,-22.6805346811817,43.7139748425664));
#1912=CARTESIAN_POINT('',(-57.5000000000046,-13.0690891035758,37.590808701742));
#1913=CARTESIAN_POINT('',(-50.7475202417422,-22.6805346811817,43.7139748425664));
#1914=CARTESIAN_POINT('',(-50.,-22.6805346811817,43.7139748425664));
#1915=CARTESIAN_POINT('Ctrl Pts',(-50.,-21.9500852498381,43.2486272328365));
#1916=CARTESIAN_POINT('Ctrl Pts',(-50.3699231704912,-22.3125169241399,43.4795216741074));
#1917=CARTESIAN_POINT('Ctrl Pts',(-50.7475202417422,-22.6805346811817,43.7139748425664));
#1918=CARTESIAN_POINT('Origin',(-50.,-14.6341469309289,45.7147869250638));
#1919=CARTESIAN_POINT('',(-50.,-15.1222949352494,45.8230067286021));
#1920=CARTESIAN_POINT('Origin',(-50.,-14.6341469309289,45.7147869250638));
#1921=CARTESIAN_POINT('',(-57.5000000000046,-15.1222949352494,45.8230067286021));
#1922=CARTESIAN_POINT('',(-50.,-15.1222949352494,45.8230067286021));
#1923=CARTESIAN_POINT('Origin',(-57.5000000000046,-14.6341469309289,45.7147869250638));
#1924=CARTESIAN_POINT('Origin',(-50.,4.44089209850063E-15,39.8724403633374));
#1925=CARTESIAN_POINT('',(-50.,-3.56452673006906,48.1219897680275));
#1926=CARTESIAN_POINT('Origin',(-50.,-3.97410275221275,47.8352015498509));
#1927=CARTESIAN_POINT('',(-50.,-3.72870138466314,48.3564554737422));
#1928=CARTESIAN_POINT('',(-50.,-0.78786709833956,44.1565088495955));
#1929=CARTESIAN_POINT('',(-50.,-15.0603434746197,46.1024517181731));
#1930=CARTESIAN_POINT('Origin',(-50.,0.,-3.33066907387547E-16));
#1931=CARTESIAN_POINT('',(-50.,-15.2720857440828,45.1473440309546));
#1932=CARTESIAN_POINT('Origin',(-50.,-3.97410275221275,47.8352015498509));
#1933=CARTESIAN_POINT('',(-57.5000000000046,-3.56452673006907,48.1219897680275));
#1934=CARTESIAN_POINT('Origin',(-57.5000000000046,-3.97410275221275,47.8352015498509));
#1935=CARTESIAN_POINT('',(-50.,-3.56452673006907,48.1219897680275));
#1936=CARTESIAN_POINT('Origin',(-50.,-3.05992121030682,47.4013384007923));
#1937=CARTESIAN_POINT('',(-57.5000000000046,-4.22546784328173,49.0659115014305));
#1938=CARTESIAN_POINT('',(-57.5000000000046,-0.976890503456875,44.4264622488398));
#1939=CARTESIAN_POINT('',(-50.7475202417422,-4.22546784328173,49.0659115014305));
#1940=CARTESIAN_POINT('',(-50.,-4.22546784328173,49.0659115014305));
#1941=CARTESIAN_POINT('Ctrl Pts',(-50.,-3.72870138466314,48.3564554737422));
#1942=CARTESIAN_POINT('Ctrl Pts',(-50.369923170491,-3.97518511318462,48.7084707193224));
#1943=CARTESIAN_POINT('Ctrl Pts',(-50.7475202417422,-4.22546784328173,49.0659115014305));
#1944=CARTESIAN_POINT('Origin',(-50.,3.97410274507407,47.8352015504439));
#1945=CARTESIAN_POINT('',(-50.,3.564526720914,48.1219897657409));
#1946=CARTESIAN_POINT('Origin',(-50.,3.97410274507407,47.8352015504439));
#1947=CARTESIAN_POINT('',(-57.5000000000046,3.564526720914,48.1219897657409));
#1948=CARTESIAN_POINT('',(-50.,3.564526720914,48.1219897657409));
#1949=CARTESIAN_POINT('Origin',(-57.5000000000046,3.97410274507407,47.8352015504439));
#1950=CARTESIAN_POINT('Origin',(-50.,15.3610361733372,47.0562277247632));
#1951=CARTESIAN_POINT('',(-51.5000000000077,15.5161981548733,47.5315431563028));
#1952=CARTESIAN_POINT('Ctrl Pts',(-50.7475202417453,14.8728881698077,46.9480079177968));
#1953=CARTESIAN_POINT('Ctrl Pts',(-50.7643990315832,14.8686664537391,46.9670508483667));
#1954=CARTESIAN_POINT('Ctrl Pts',(-50.7817126253217,14.865596375741,46.9861820279815));
#1955=CARTESIAN_POINT('Ctrl Pts',(-50.8645939636965,14.8563869067199,47.0760204756889));
#1956=CARTESIAN_POINT('Ctrl Pts',(-50.9337081707474,14.8650027379156,47.1457654207924));
#1957=CARTESIAN_POINT('Ctrl Pts',(-50.9974746830924,14.8841776979919,47.2065806245059));
#1958=CARTESIAN_POINT('Ctrl Pts',(-51.0571778671067,14.9021307916738,47.2635205631141));
#1959=CARTESIAN_POINT('Ctrl Pts',(-51.1220030607843,14.9323098116862,47.3219814090947));
#1960=CARTESIAN_POINT('Ctrl Pts',(-51.2455875402675,15.0167741203819,47.4248941778511));
#1961=CARTESIAN_POINT('Ctrl Pts',(-51.3043497973071,15.0710523753299,47.4693483052651));
#1962=CARTESIAN_POINT('Ctrl Pts',(-51.393046492103,15.1828390710692,47.5268250645572));
#1963=CARTESIAN_POINT('Ctrl Pts',(-51.4313590563621,15.2449814041582,47.5471865791646));
#1964=CARTESIAN_POINT('Ctrl Pts',(-51.4715214573551,15.3452192124116,47.5571041192504));
#1965=CARTESIAN_POINT('Ctrl Pts',(-51.4821294485853,15.3798092927729,47.5570803081413));
#1966=CARTESIAN_POINT('Ctrl Pts',(-51.4963677173886,15.4488036077472,47.5496835008054));
#1967=CARTESIAN_POINT('Ctrl Pts',(-51.5000000000035,15.4832076507661,47.5423125772969));
#1968=CARTESIAN_POINT('Ctrl Pts',(-51.5000000000035,15.5161981548766,47.5315431562974));
#1969=CARTESIAN_POINT('',(-57.5000000000046,15.5161981548733,47.5315431563028));
#1970=CARTESIAN_POINT('Origin',(-57.5000000000046,15.3610361733372,47.0562277247632));
#1971=CARTESIAN_POINT('',(-50.,15.5161981548733,47.5315431563028));
#1972=CARTESIAN_POINT('Origin',(-50.,0.,0.));
#1973=CARTESIAN_POINT('',(-51.5000000000077,22.6382675728691,44.5814854093037));
#1974=CARTESIAN_POINT('Origin',(-51.5000000000077,0.,0.));
#1975=CARTESIAN_POINT('',(-57.5000000000046,22.6382675728691,44.5814854093037));
#1976=CARTESIAN_POINT('Origin',(-57.5000000000046,0.,0.));
#1977=CARTESIAN_POINT('',(-50.,22.6382675728691,44.5814854093037));
#1978=CARTESIAN_POINT('Origin',(-50.,22.4118849072724,44.1356705751613));
#1979=CARTESIAN_POINT('',(-50.7475202724574,22.6805346964599,43.7139748692427));
#1980=CARTESIAN_POINT('Ctrl Pts',(-51.5000000000044,22.6382675728685,44.5814854093002));
#1981=CARTESIAN_POINT('Ctrl Pts',(-51.5000000000044,22.6692105112591,44.5657727314398));
#1982=CARTESIAN_POINT('Ctrl Pts',(-51.4963677175521,22.6987498720376,44.5466574301645));
#1983=CARTESIAN_POINT('Ctrl Pts',(-51.4821294493869,22.7527665501988,44.5031014167466));
#1984=CARTESIAN_POINT('Ctrl Pts',(-51.471521458632,22.7772422664708,44.4786593744485));
#1985=CARTESIAN_POINT('Ctrl Pts',(-51.4313590594397,22.8411083376713,44.4007677841361));
#1986=CARTESIAN_POINT('Ctrl Pts',(-51.3930464968994,22.8706518363971,44.3424287565734));
#1987=CARTESIAN_POINT('Ctrl Pts',(-51.3043498060876,22.9090547589889,44.222741425092));
#1988=CARTESIAN_POINT('Ctrl Pts',(-51.2455875516882,22.9160014658637,44.1529270911418));
#1989=CARTESIAN_POINT('Ctrl Pts',(-51.1220030777602,22.9029564352249,44.0204314949977));
#1990=CARTESIAN_POINT('Ctrl Pts',(-51.057177886998,22.882958165195,43.957753647491));
#1991=CARTESIAN_POINT('Ctrl Pts',(-50.9337081961577,22.8259462066728,43.8482346941465));
#1992=CARTESIAN_POINT('Ctrl Pts',(-50.8645939921786,22.7827213976187,43.7928252603104));
#1993=CARTESIAN_POINT('Ctrl Pts',(-50.781712656456,22.7126839462706,43.7358119645512));
#1994=CARTESIAN_POINT('Ctrl Pts',(-50.7643990624856,22.6969852861854,43.7244550505672));
#1995=CARTESIAN_POINT('Ctrl Pts',(-50.7475202724574,22.6805346964599,43.7139748692427));
#1996=CARTESIAN_POINT('',(-57.5000000000046,22.6805346964599,43.7139748692427));
#1997=CARTESIAN_POINT('Origin',(-57.5000000000046,22.4118849072724,44.1356705751613));
#1998=CARTESIAN_POINT('',(-50.,22.6805346964599,43.7139748692427));
#1999=CARTESIAN_POINT('Origin',(-50.,22.6805346964599,43.7139748692427));
#2000=CARTESIAN_POINT('Ctrl Pts',(-50.7475202724574,22.6805346964599,43.7139748692427));
#2001=CARTESIAN_POINT('Ctrl Pts',(-50.3699231855733,22.312516927334,43.4795216894477));
#2002=CARTESIAN_POINT('Ctrl Pts',(-50.,21.9500852413434,43.2486272371478));
#2003=CARTESIAN_POINT('',(-57.5000000000046,13.9260037914227,38.1367234958242));
#2004=CARTESIAN_POINT('Origin',(-57.5000000000046,0.,-1.73205080756636));
#2005=CARTESIAN_POINT('Origin',(-50.,-3.81589182115396,49.3526997195959));
#2006=CARTESIAN_POINT('',(-51.5000000000035,-3.85443618298616,49.8512118379448));
#2007=CARTESIAN_POINT('Ctrl Pts',(-50.7475202417453,-4.22546784327139,49.0659115014344));
#2008=CARTESIAN_POINT('Ctrl Pts',(-50.7643990315832,-4.23665561437198,49.0818892944314));
#2009=CARTESIAN_POINT('Ctrl Pts',(-50.7817126253217,-4.24681318207781,49.0983893317244));
#2010=CARTESIAN_POINT('Ctrl Pts',(-50.8645939636965,-4.28970130753872,49.1778649235786));
#2011=CARTESIAN_POINT('Ctrl Pts',(-50.9337081707474,-4.30843155242377,49.2455979867105));
#2012=CARTESIAN_POINT('Ctrl Pts',(-50.9974746830924,-4.31398917016967,49.3091218482244));
#2013=CARTESIAN_POINT('Ctrl Pts',(-51.0571778671068,-4.31919264551687,49.3685978435986));
#2014=CARTESIAN_POINT('Ctrl Pts',(-51.1220030607843,-4.31368286381503,49.4341576336172));
#2015=CARTESIAN_POINT('Ctrl Pts',(-51.2455875402675,-4.27503102936527,49.5615597258694));
#2016=CARTESIAN_POINT('Ctrl Pts',(-51.3043497973071,-4.24189631861993,49.623401373229));
#2017=CARTESIAN_POINT('Ctrl Pts',(-51.393046492103,-4.16061428194642,49.7192818911524));
#2018=CARTESIAN_POINT('Ctrl Pts',(-51.4313590563621,-4.11099426660112,49.7618743190708));
#2019=CARTESIAN_POINT('Ctrl Pts',(-51.4715214573551,-4.02218188545264,49.809396279884));
#2020=CARTESIAN_POINT('Ctrl Pts',(-51.4821294485853,-3.990215706062,49.8226113319661));
#2021=CARTESIAN_POINT('Ctrl Pts',(-51.4963677173886,-3.92364263497773,49.8421805543306));
#2022=CARTESIAN_POINT('Ctrl Pts',(-51.5000000000035,-3.88903671348908,49.8485365662351));
#2023=CARTESIAN_POINT('Ctrl Pts',(-51.5000000000035,-3.85443618298144,49.8512118379451));
#2024=CARTESIAN_POINT('',(-57.5000000000046,-3.85443618298616,49.8512118379448));
#2025=CARTESIAN_POINT('Origin',(-57.5000000000046,-3.81589182115396,49.3526997195959));
#2026=CARTESIAN_POINT('',(-50.,-3.85443618298616,49.8512118379448));
#2027=CARTESIAN_POINT('Origin',(-50.,0.,0.));
#2028=CARTESIAN_POINT('',(-51.5000000000044,3.85443620572096,49.8512118361878));
#2029=CARTESIAN_POINT('Origin',(-51.5000000000077,0.,0.));
#2030=CARTESIAN_POINT('',(-57.5000000000046,3.85443620572096,49.8512118361878));
#2031=CARTESIAN_POINT('Origin',(-57.5000000000046,0.,0.));
#2032=CARTESIAN_POINT('',(-50.,3.85443620572096,49.8512118361878));
#2033=CARTESIAN_POINT('Origin',(-50.,3.81589184538991,49.3526997401386));
#2034=CARTESIAN_POINT('',(-50.7475202724574,4.2254678471883,49.0659115319229));
#2035=CARTESIAN_POINT('Ctrl Pts',(-51.5000000000044,3.85443620572194,49.8512118361877));
#2036=CARTESIAN_POINT('Ctrl Pts',(-51.5000000000044,3.8890367346721,49.8485365645822));
#2037=CARTESIAN_POINT('Ctrl Pts',(-51.4963677175521,3.92364265460157,49.8421805529488));
#2038=CARTESIAN_POINT('Ctrl Pts',(-51.4821294493869,3.99021572268385,49.8226113314379));
#2039=CARTESIAN_POINT('Ctrl Pts',(-51.471521458632,4.02218190063173,49.8093962799385));
#2040=CARTESIAN_POINT('Ctrl Pts',(-51.4313590594396,4.11099427776889,49.7618743212328));
#2041=CARTESIAN_POINT('Ctrl Pts',(-51.3930464968994,4.16061429086895,49.7192818952175));
#2042=CARTESIAN_POINT('Ctrl Pts',(-51.3043498060876,4.24189632386204,49.6234013815912));
#2043=CARTESIAN_POINT('Ctrl Pts',(-51.2455875516882,4.27503103310643,49.5615597370092));
#2044=CARTESIAN_POINT('Ctrl Pts',(-51.1220030777603,4.31368286580392,49.4341576504836));
#2045=CARTESIAN_POINT('Ctrl Pts',(-51.057177886998,4.31919264725476,49.3685978634139));
#2046=CARTESIAN_POINT('Ctrl Pts',(-50.9337081961577,4.30843155464266,49.2455980120237));
#2047=CARTESIAN_POINT('Ctrl Pts',(-50.8645939921786,4.28970131058661,49.1778649519023));
#2048=CARTESIAN_POINT('Ctrl Pts',(-50.781712656456,4.2468131864884,49.0983893625934));
#2049=CARTESIAN_POINT('Ctrl Pts',(-50.7643990624856,4.23665561857237,49.0818893250861));
#2050=CARTESIAN_POINT('Ctrl Pts',(-50.7475202724574,4.2254678471883,49.0659115319229));
#2051=CARTESIAN_POINT('',(-57.5000000000046,4.2254678471883,49.0659115319229));
#2052=CARTESIAN_POINT('Origin',(-57.5000000000046,3.81589184538991,49.3526997401386));
#2053=CARTESIAN_POINT('',(-50.,4.2254678471883,49.0659115319229));
#2054=CARTESIAN_POINT('Origin',(-50.,4.22546784718831,49.0659115319229));
#2055=CARTESIAN_POINT('',(-50.,3.72870137516523,48.3564554744746));
#2056=CARTESIAN_POINT('',(-50.,1.37064043594005,44.9887953939693));
#2057=CARTESIAN_POINT('Ctrl Pts',(-50.7475202724574,4.2254678471883,49.0659115319229));
#2058=CARTESIAN_POINT('Ctrl Pts',(-50.3699231855732,3.97518511026526,48.7084707347176));
#2059=CARTESIAN_POINT('Ctrl Pts',(-50.,3.72870137516523,48.3564554744746));
#2060=CARTESIAN_POINT('',(-57.5000000000046,1.55966384162207,45.2587487980597));
#2061=CARTESIAN_POINT('Origin',(-57.5000000000046,0.,-1.73205080756636));
#2062=CARTESIAN_POINT('Origin',(-50.,31.3541167828141,35.6814988582231));
#2063=CARTESIAN_POINT('',(-57.5000000000046,31.7069817820903,37.6826957134307));
#2064=CARTESIAN_POINT('',(-57.5000000000046,31.3085411270899,35.4230264704934));
#2065=CARTESIAN_POINT('',(-50.7475202417422,31.7069817820903,37.6826957134307));
#2066=CARTESIAN_POINT('',(-50.,31.7069817820903,37.6826957134307));
#2067=CARTESIAN_POINT('Ctrl Pts',(-50.,31.5565875455135,36.8297676137435));
#2068=CARTESIAN_POINT('Ctrl Pts',(-50.369923170491,31.6312095968546,37.2529702968639));
#2069=CARTESIAN_POINT('Ctrl Pts',(-50.7475202417422,31.7069817820903,37.6826957134307));
#2070=CARTESIAN_POINT('Origin',(-50.,32.1993856585774,37.5958716246019));
#2071=CARTESIAN_POINT('',(-51.5000000000077,32.5246319783402,37.9756279036213));
#2072=CARTESIAN_POINT('Ctrl Pts',(-50.7475202417453,31.7069817821004,37.6826957134262));
#2073=CARTESIAN_POINT('Ctrl Pts',(-50.7643990315832,31.7103688390653,37.7019046680143));
#2074=CARTESIAN_POINT('Ctrl Pts',(-50.7817126253217,31.7148536423199,37.7207544412791));
#2075=CARTESIAN_POINT('Ctrl Pts',(-50.8645939636965,31.7407248879131,37.8072786555639));
#2076=CARTESIAN_POINT('Ctrl Pts',(-50.9337081707474,31.7753751129926,37.8684174469865));
#2077=CARTESIAN_POINT('Ctrl Pts',(-50.9974746830924,31.8163634370409,37.9172654294255));
#2078=CARTESIAN_POINT('Ctrl Pts',(-51.0571778671067,31.8547399039841,37.9630007217762));
#2079=CARTESIAN_POINT('Ctrl Pts',(-51.1220030607843,31.9049936800836,38.0054624898673));
#2080=CARTESIAN_POINT('Ctrl Pts',(-51.2455875402675,32.0224115376972,38.0682183989914));
#2081=CARTESIAN_POINT('Ctrl Pts',(-51.3043497973071,32.0895699645657,38.0885172685385));
#2082=CARTESIAN_POINT('Ctrl Pts',(-51.393046492103,32.2148428082935,38.0988399536253));
#2083=CARTESIAN_POINT('Ctrl Pts',(-51.4313590563621,32.280046852235,38.0938706989003));
#2084=CARTESIAN_POINT('Ctrl Pts',(-51.4715214573551,32.3764497899448,38.0646739626832));
#2085=CARTESIAN_POINT('Ctrl Pts',(-51.4821294485853,32.4083977451015,38.0514149134085));
#2086=CARTESIAN_POINT('Ctrl Pts',(-51.4963677173886,32.4693095449461,38.0181781732368));
#2087=CARTESIAN_POINT('Ctrl Pts',(-51.5000000000035,32.4982740058189,37.998202470602));
#2088=CARTESIAN_POINT('Ctrl Pts',(-51.5000000000035,32.5246319783411,37.975627903615));
#2089=CARTESIAN_POINT('',(-57.5000000000046,32.5246319783402,37.9756279036213));
#2090=CARTESIAN_POINT('Origin',(-57.5000000000046,32.1993856585774,37.5958716246019));
#2091=CARTESIAN_POINT('',(-50.,32.5246319783402,37.9756279036213));
#2092=CARTESIAN_POINT('Origin',(-50.,0.,0.));
#2093=CARTESIAN_POINT('',(-51.5000000000077,37.782790049244,32.7484469264654));
#2094=CARTESIAN_POINT('Origin',(-51.5000000000077,0.,0.));
#2095=CARTESIAN_POINT('',(-57.5000000000046,37.9756279184542,32.5246319610214));
#2096=CARTESIAN_POINT('Origin',(-57.5000000000046,0.,0.));
#2097=CARTESIAN_POINT('',(-51.5050800486066,37.9756279184542,32.5246319610214));
#2098=CARTESIAN_POINT('',(-50.,37.9756279184542,32.5246319610214));
#2099=CARTESIAN_POINT('Ctrl Pts',(-51.5000000000077,37.782790049244,32.7484469264654));
#2100=CARTESIAN_POINT('Ctrl Pts',(-51.5000000000077,37.8472895586901,32.6740320563754));
#2101=CARTESIAN_POINT('Ctrl Pts',(-51.5016902777306,37.9115668442281,32.5994246370858));
#2102=CARTESIAN_POINT('Ctrl Pts',(-51.5050847530759,37.975631389876,32.5246349463544));
#2103=CARTESIAN_POINT('Origin',(-50.,37.5958716562652,32.1993856559659));
#2104=CARTESIAN_POINT('',(-51.4992556984773,38.0326223868677,32.4427963725313));
#2105=CARTESIAN_POINT('Ctrl Pts',(-51.5050795917069,37.9756274617692,32.5246315820854));
#2106=CARTESIAN_POINT('Ctrl Pts',(-51.5062262503929,37.9973150369535,32.4993092996117));
#2107=CARTESIAN_POINT('Ctrl Pts',(-51.5042704643757,38.0164080282472,32.4718897217218));
#2108=CARTESIAN_POINT('Ctrl Pts',(-51.4992556984773,38.0326223868677,32.4427963725313));
#2109=CARTESIAN_POINT('',(-57.5000000000046,37.6826957377545,31.7069818008893));
#2110=CARTESIAN_POINT('Origin',(-57.5000000000046,37.5958716562652,32.1993856559659));
#2111=CARTESIAN_POINT('',(-50.7964826227767,37.6826957377545,31.7069818008893));
#2112=CARTESIAN_POINT('',(-50.,37.6826957377545,31.7069818008893));
#2113=CARTESIAN_POINT('Ctrl Pts',(-51.4992556984773,38.0326223868677,32.4427963725313));
#2114=CARTESIAN_POINT('Ctrl Pts',(-51.4936438659516,38.0535971782814,32.4051614006475));
#2115=CARTESIAN_POINT('Ctrl Pts',(-51.4835114470553,38.0691572240764,32.3658071032249));
#2116=CARTESIAN_POINT('Ctrl Pts',(-51.4532287385851,38.0917029319373,32.279657078371));
#2117=CARTESIAN_POINT('Ctrl Pts',(-51.4320539676262,38.0966528262902,32.2336551588551));
#2118=CARTESIAN_POINT('Ctrl Pts',(-51.3691602328291,38.0944110706598,32.1210344034087));
#2119=CARTESIAN_POINT('Ctrl Pts',(-51.3229827420092,38.07921570517,32.0576771151719));
#2120=CARTESIAN_POINT('Ctrl Pts',(-51.2040772869554,38.0218816176292,31.9244151934352));
#2121=CARTESIAN_POINT('Ctrl Pts',(-51.124773253971,37.970123545376,31.8577573422266));
#2122=CARTESIAN_POINT('Ctrl Pts',(-50.960143865401,37.8415436345093,31.7563515932069));
#2123=CARTESIAN_POINT('Ctrl Pts',(-50.8753420088486,37.7652851649512,31.7215445446273));
#2124=CARTESIAN_POINT('Ctrl Pts',(-50.7964826227767,37.6826957377545,31.7069818008893));
#2125=CARTESIAN_POINT('Origin',(-50.,37.6826957377545,31.7069818008893));
#2126=CARTESIAN_POINT('',(-50.194624472058,37.0364430589883,31.5930300125846));
#2127=CARTESIAN_POINT('Ctrl Pts',(-50.194624472058,37.0364430589883,31.5930300125846));
#2128=CARTESIAN_POINT('Ctrl Pts',(-50.1321370969298,36.9677135172147,31.5809111395001));
#2129=CARTESIAN_POINT('Ctrl Pts',(-50.0697377003114,36.8987940230668,31.5687587726856));
#2130=CARTESIAN_POINT('Ctrl Pts',(-50.007570826249,36.8297758041468,31.5565889980295));
#2131=CARTESIAN_POINT('Ctrl Pts',(-50.7964826227767,37.6826957377545,31.7069818008893));
#2132=CARTESIAN_POINT('Ctrl Pts',(-50.5920333394158,37.468576025319,31.6692267169338));
#2133=CARTESIAN_POINT('Ctrl Pts',(-50.3902884375134,37.2513006720252,31.6309152083306));
#2134=CARTESIAN_POINT('Ctrl Pts',(-50.194624472058,37.0364430589883,31.5930300125846));
#2135=CARTESIAN_POINT('',(-57.5000000000046,20.1764708217454,28.6201618909854));
#2136=CARTESIAN_POINT('Origin',(-57.5000000000046,0.,-1.73205080756636));
#2137=CARTESIAN_POINT('Origin',(-50.,-22.4118848770199,44.1356705654571));
#2138=CARTESIAN_POINT('',(-51.5000000000077,-22.6382675525377,44.5814854196279));
#2139=CARTESIAN_POINT('Ctrl Pts',(-50.7475202417453,-22.6805346811737,43.713974842574));
#2140=CARTESIAN_POINT('Ctrl Pts',(-50.7643990315832,-22.6969852705736,43.7244550238533));
#2141=CARTESIAN_POINT('Ctrl Pts',(-50.7817126253217,-22.7126839303826,43.7358119377198));
#2142=CARTESIAN_POINT('Ctrl Pts',(-50.8645939636965,-22.7827213839637,43.7928252353091));
#2143=CARTESIAN_POINT('Ctrl Pts',(-50.9337081707474,-22.8259461949359,43.8482346716093));
#2144=CARTESIAN_POINT('Ctrl Pts',(-50.9974746830924,-22.855390293582,43.9047962588533));
#2145=CARTESIAN_POINT('Ctrl Pts',(-51.0571778671068,-22.8829581560064,43.9577536298492));
#2146=CARTESIAN_POINT('Ctrl Pts',(-51.1220030607843,-22.9029564269329,44.0204314801763));
#2147=CARTESIAN_POINT('Ctrl Pts',(-51.2455875402675,-22.9160014581443,44.1529270822816));
#2148=CARTESIAN_POINT('Ctrl Pts',(-51.3043497973071,-22.9090547509457,44.2227414193725));
#2149=CARTESIAN_POINT('Ctrl Pts',(-51.393046492103,-22.8706518265981,44.3424287562323));
#2150=CARTESIAN_POINT('Ctrl Pts',(-51.4313590563621,-22.8411083265263,44.4007677864124));
#2151=CARTESIAN_POINT('Ctrl Pts',(-51.4715214573551,-22.7772422524263,44.478659380207));
#2152=CARTESIAN_POINT('Ctrl Pts',(-51.4821294485853,-22.7527665350444,44.5031014235955));
#2153=CARTESIAN_POINT('Ctrl Pts',(-51.4963677173886,-22.6987498544364,44.5466574389508));
#2154=CARTESIAN_POINT('Ctrl Pts',(-51.5000000000035,-22.6692104923211,44.5657727410732));
#2155=CARTESIAN_POINT('Ctrl Pts',(-51.5000000000035,-22.6382675525315,44.5814854196263));
#2156=CARTESIAN_POINT('',(-57.5000000000046,-22.6382675525377,44.5814854196279));
#2157=CARTESIAN_POINT('Origin',(-57.5000000000046,-22.4118848770199,44.1356705654571));
#2158=CARTESIAN_POINT('',(-50.,-22.6382675525377,44.5814854196279));
#2159=CARTESIAN_POINT('Origin',(-50.,0.,0.));
#2160=CARTESIAN_POINT('',(-51.5000000000077,-15.5161981331965,47.531543163379));
#2161=CARTESIAN_POINT('Origin',(-51.5000000000077,0.,0.));
#2162=CARTESIAN_POINT('',(-57.5000000000046,-15.5161981331965,47.531543163379));
#2163=CARTESIAN_POINT('Origin',(-57.5000000000046,0.,0.));
#2164=CARTESIAN_POINT('',(-50.,-15.5161981331965,47.531543163379));
#2165=CARTESIAN_POINT('Origin',(-50.,-15.3610361588074,47.0562277530169));
#2166=CARTESIAN_POINT('',(-50.7475202724574,-14.8728881778563,46.9480079474635));
#2167=CARTESIAN_POINT('Ctrl Pts',(-51.5000000000044,-15.5161981331945,47.5315431633761));
#2168=CARTESIAN_POINT('Ctrl Pts',(-51.5000000000044,-15.4832076305629,47.5423125838763));
#2169=CARTESIAN_POINT('Ctrl Pts',(-51.4963677175521,-15.4488035890884,47.5496835070385));
#2170=CARTESIAN_POINT('Ctrl Pts',(-51.4821294493869,-15.3798092772142,47.5570803140142));
#2171=CARTESIAN_POINT('Ctrl Pts',(-51.471521458632,-15.3452191984088,47.5571041251095));
#2172=CARTESIAN_POINT('Ctrl Pts',(-51.4313590594397,-15.2449813946679,47.5471865854358));
#2173=CARTESIAN_POINT('Ctrl Pts',(-51.3930464968994,-15.1828390643815,47.5268250717274));
#2174=CARTESIAN_POINT('Ctrl Pts',(-51.3043498060876,-15.0710523736868,47.4693483149968));
#2175=CARTESIAN_POINT('Ctrl Pts',(-51.2455875516882,-15.0167741211885,47.4248941895747));
#2176=CARTESIAN_POINT('Ctrl Pts',(-51.1220030777602,-14.9323098163031,47.3219814254383));
#2177=CARTESIAN_POINT('Ctrl Pts',(-51.057177886998,-14.9021307976511,47.263520582086));
#2178=CARTESIAN_POINT('Ctrl Pts',(-50.9337081961577,-14.8650027455525,47.1457654450279));
#2179=CARTESIAN_POINT('Ctrl Pts',(-50.8645939921786,-14.856386914743,47.076020503023));
#2180=CARTESIAN_POINT('Ctrl Pts',(-50.781712656456,-14.8655963834792,46.9861820581886));
#2181=CARTESIAN_POINT('Ctrl Pts',(-50.7643990624856,-14.8686664615895,46.9670508782954));
#2182=CARTESIAN_POINT('Ctrl Pts',(-50.7475202724574,-14.8728881778563,46.9480079474635));
#2183=CARTESIAN_POINT('',(-57.5000000000046,-14.8728881778563,46.9480079474635));
#2184=CARTESIAN_POINT('Origin',(-57.5000000000046,-15.3610361588074,47.0562277530169));
#2185=CARTESIAN_POINT('',(-50.,-14.8728881778563,46.9480079474635));
#2186=CARTESIAN_POINT('Origin',(-50.,-14.8728881778563,46.9480079474635));
#2187=CARTESIAN_POINT('Ctrl Pts',(-50.7475202724574,-14.8728881778563,46.9480079474635));
#2188=CARTESIAN_POINT('Ctrl Pts',(-50.369923185573,-14.9673326046986,46.5219966540132));
#2189=CARTESIAN_POINT('Ctrl Pts',(-50.,-15.0603434746197,46.1024517181731));
#2190=CARTESIAN_POINT('',(-57.5000000000046,-15.1870741784389,45.5308064357683));
#2191=CARTESIAN_POINT('Origin',(-57.5000000000046,0.,-1.73205080756636));
#2192=CARTESIAN_POINT('Origin',(-50.,-37.5958716246019,32.1993856585774));
#2193=CARTESIAN_POINT('',(-51.4992556943744,-38.0326223837349,32.4427963698589));
#2194=CARTESIAN_POINT('Ctrl Pts',(-50.7968506531961,-37.6825657170452,31.7070235585007));
#2195=CARTESIAN_POINT('Ctrl Pts',(-50.8257831384319,-37.7128332019574,31.7123662904659));
#2196=CARTESIAN_POINT('Ctrl Pts',(-50.8554631849463,-37.74218847396,31.7204170119542));
#2197=CARTESIAN_POINT('Ctrl Pts',(-50.8854060335909,-37.7703296456783,31.7309122136894));
#2198=CARTESIAN_POINT('Ctrl Pts',(-50.9073815468458,-37.7909828807611,31.7386148022969));
#2199=CARTESIAN_POINT('Ctrl Pts',(-50.9294992304214,-37.8109828833778,31.7476331363653));
#2200=CARTESIAN_POINT('Ctrl Pts',(-50.9515781521321,-37.8302187115732,31.7578517304716));
#2201=CARTESIAN_POINT('Ctrl Pts',(-50.9818337271546,-37.8565782888529,31.7718546534703));
#2202=CARTESIAN_POINT('Ctrl Pts',(-51.0122848139459,-37.8817364801497,31.7882377778304));
#2203=CARTESIAN_POINT('Ctrl Pts',(-51.0425148477918,-37.9053432576804,31.806860224269));
#2204=CARTESIAN_POINT('Ctrl Pts',(-51.0648909539046,-37.9228168656062,31.8206444575159));
#2205=CARTESIAN_POINT('Ctrl Pts',(-51.0871465242681,-37.9394411358176,31.8356547347345));
#2206=CARTESIAN_POINT('Ctrl Pts',(-51.1091253043651,-37.9550818532006,31.8518231757801));
#2207=CARTESIAN_POINT('Ctrl Pts',(-51.1374186478545,-37.9752161912936,31.8726368539814));
#2208=CARTESIAN_POINT('Ctrl Pts',(-51.1654198175395,-37.9938368419519,31.895499552768));
#2209=CARTESIAN_POINT('Ctrl Pts',(-51.1927336583748,-38.0105313247685,31.9203023404124));
#2210=CARTESIAN_POINT('Ctrl Pts',(-51.1978419891744,-38.0136535857961,31.9249410451923));
#2211=CARTESIAN_POINT('Ctrl Pts',(-51.202926399722,-38.0167085194197,31.9296475407381));
#2212=CARTESIAN_POINT('Ctrl Pts',(-51.2079844786272,-38.0196934833529,31.9344210262392));
#2213=CARTESIAN_POINT('Ctrl Pts',(-51.236515462911,-38.0365306977698,31.9613467113387));
#2214=CARTESIAN_POINT('Ctrl Pts',(-51.263495749669,-38.0507189276943,31.9897411621569));
#2215=CARTESIAN_POINT('Ctrl Pts',(-51.2886945573803,-38.0621224809027,32.0192293889985));
#2216=CARTESIAN_POINT('Ctrl Pts',(-51.3129931550444,-38.073118650028,32.0476641692492));
#2217=CARTESIAN_POINT('Ctrl Pts',(-51.3356357326787,-38.0815258226965,32.0771155981979));
#2218=CARTESIAN_POINT('Ctrl Pts',(-51.3564412046193,-38.087193769572,32.1072772347317));
#2219=CARTESIAN_POINT('Ctrl Pts',(-51.3616164746158,-38.0886036465261,32.1147798096814));
#2220=CARTESIAN_POINT('Ctrl Pts',(-51.366678187089,-38.0898438824339,32.122326491245));
#2221=CARTESIAN_POINT('Ctrl Pts',(-51.3716237729463,-38.0909118491821,32.1299129007108));
#2222=CARTESIAN_POINT('Ctrl Pts',(-51.3893441120487,-38.0947384398985,32.1570954736519));
#2223=CARTESIAN_POINT('Ctrl Pts',(-51.4058795303554,-38.0964156419518,32.1852682728276));
#2224=CARTESIAN_POINT('Ctrl Pts',(-51.4208631642511,-38.0955826977201,32.2140865947462));
#2225=CARTESIAN_POINT('Ctrl Pts',(-51.4350144617792,-38.0947960232906,32.2413040675283));
#2226=CARTESIAN_POINT('Ctrl Pts',(-51.4477816759445,-38.0917706160545,32.2690970136345));
#2227=CARTESIAN_POINT('Ctrl Pts',(-51.4588749597785,-38.0861730251396,32.2972065235078));
#2228=CARTESIAN_POINT('Ctrl Pts',(-51.4595274330625,-38.0858437918322,32.2988598395585));
#2229=CARTESIAN_POINT('Ctrl Pts',(-51.4601741211916,-38.0855056505944,32.3005142610364));
#2230=CARTESIAN_POINT('Ctrl Pts',(-51.4608149673659,-38.0851585298694,32.3021697392246));
#2231=CARTESIAN_POINT('Ctrl Pts',(-51.4707653719438,-38.0797687939405,32.3278743129635));
#2232=CARTESIAN_POINT('Ctrl Pts',(-51.4791746752082,-38.0722705455476,32.3535124798291));
#2233=CARTESIAN_POINT('Ctrl Pts',(-51.485873842823,-38.0625827913804,32.3787415899661));
#2234=CARTESIAN_POINT('Ctrl Pts',(-51.4916410633672,-38.0542427380971,32.4004609811893));
#2235=CARTESIAN_POINT('Ctrl Pts',(-51.4961406716162,-38.0442794569603,32.4218778502134));
#2236=CARTESIAN_POINT('Ctrl Pts',(-51.4992556943744,-38.0326223837348,32.4427963698589));
#2237=CARTESIAN_POINT('',(-57.5000000000046,-37.9756279036213,32.5246319783402));
#2238=CARTESIAN_POINT('Origin',(-57.5000000000046,-37.5958716246019,32.1993856585774));
#2239=CARTESIAN_POINT('',(-51.5050800478224,-37.9756279036213,32.5246319783402));
#2240=CARTESIAN_POINT('',(-50.,-37.9756279036213,32.5246319783402));
#2241=CARTESIAN_POINT('Ctrl Pts',(-51.4992556943744,-38.0326223837348,32.4427963698589));
#2242=CARTESIAN_POINT('Ctrl Pts',(-51.5042551002187,-38.0164576941157,32.4718006007127));
#2243=CARTESIAN_POINT('Ctrl Pts',(-51.5062299748242,-37.9973816431334,32.4992318563795));
#2244=CARTESIAN_POINT('Ctrl Pts',(-51.5050795909224,-37.9756274469361,32.5246315994041));
#2245=CARTESIAN_POINT('Origin',(-50.,0.,0.));
#2246=CARTESIAN_POINT('',(-51.5000000000077,-37.782790049244,32.7484469264654));
#2247=CARTESIAN_POINT('Ctrl Pts',(-51.5050795909224,-37.9756274469361,32.5246315994041));
#2248=CARTESIAN_POINT('Ctrl Pts',(-51.5016851090799,-37.9115629128142,32.5994212765879));
#2249=CARTESIAN_POINT('Ctrl Pts',(-51.4999948281212,-37.847285638874,32.6740286823913));
#2250=CARTESIAN_POINT('Ctrl Pts',(-51.4999948281212,-37.7827861410779,32.7484435390404));
#2251=CARTESIAN_POINT('',(-57.5000000000046,-32.5246319610214,37.9756279184542));
#2252=CARTESIAN_POINT('Origin',(-57.5000000000046,0.,0.));
#2253=CARTESIAN_POINT('',(-51.5000000000077,-32.5246319610214,37.9756279184542));
#2254=CARTESIAN_POINT('',(-50.,-32.5246319610214,37.9756279184542));
#2255=CARTESIAN_POINT('Origin',(-51.5000000000077,0.,0.));
#2256=CARTESIAN_POINT('Origin',(-50.,-32.1993856559659,37.5958716562652));
#2257=CARTESIAN_POINT('',(-50.7475202724574,-31.7069818008894,37.6826957377545));
#2258=CARTESIAN_POINT('Ctrl Pts',(-51.5000000000044,-32.5246319610185,37.9756279184523));
#2259=CARTESIAN_POINT('Ctrl Pts',(-51.5000000000044,-32.4982739896714,37.9982024844119));
#2260=CARTESIAN_POINT('Ctrl Pts',(-51.4963677175521,-32.4693095300928,38.0181781861359));
#2261=CARTESIAN_POINT('Ctrl Pts',(-51.4821294493869,-32.4083977329746,38.0514149247884));
#2262=CARTESIAN_POINT('Ctrl Pts',(-51.471521458632,-32.37644977925,38.064673973455));
#2263=CARTESIAN_POINT('Ctrl Pts',(-51.4313590594396,-32.2800468458669,38.0938707083259));
#2264=CARTESIAN_POINT('Ctrl Pts',(-51.3930464968994,-32.2148428048587,38.0988399628089));
#2265=CARTESIAN_POINT('Ctrl Pts',(-51.3043498060876,-32.0895699667719,38.0885172781582));
#2266=CARTESIAN_POINT('Ctrl Pts',(-51.2455875516882,-32.0224115429289,38.0682184095138));
#2267=CARTESIAN_POINT('Ctrl Pts',(-51.1220030777602,-31.9049936906036,38.0054625031999));
#2268=CARTESIAN_POINT('Ctrl Pts',(-51.057177886998,-31.8547399167667,37.9630007370165));
#2269=CARTESIAN_POINT('Ctrl Pts',(-50.9337081961577,-31.7753751293228,37.8684174664546));
#2270=CARTESIAN_POINT('Ctrl Pts',(-50.8645939921786,-31.7407249057858,37.807278677747));
#2271=CARTESIAN_POINT('Ctrl Pts',(-50.781712656456,-31.7148536610288,37.7207544662256));
#2272=CARTESIAN_POINT('Ctrl Pts',(-50.7643990624856,-31.7103688577714,37.7019046926606));
#2273=CARTESIAN_POINT('Ctrl Pts',(-50.7475202724574,-31.7069818008894,37.6826957377545));
#2274=CARTESIAN_POINT('',(-57.5000000000046,-31.7069818008894,37.6826957377545));
#2275=CARTESIAN_POINT('Origin',(-57.5000000000046,-32.1993856559659,37.5958716562652));
#2276=CARTESIAN_POINT('',(-50.,-31.7069818008894,37.6826957377545));
#2277=CARTESIAN_POINT('Origin',(-50.,-31.7069818008894,37.6826957377545));
#2278=CARTESIAN_POINT('Ctrl Pts',(-50.7475202724574,-31.7069818008894,37.6826957377545));
#2279=CARTESIAN_POINT('Ctrl Pts',(-50.3699231855731,-31.6312096098049,37.2529703056855));
#2280=CARTESIAN_POINT('Ctrl Pts',(-50.,-31.5565875527474,36.8297676075453));
#2281=CARTESIAN_POINT('',(-57.5000000000046,-31.4849736147921,36.4236247998794));
#2282=CARTESIAN_POINT('Origin',(-57.5000000000046,0.,-1.73205080756636));
#2283=CARTESIAN_POINT('Ctrl Pts',(-51.4992556984773,38.0326223868677,32.4427963725313));
#2284=CARTESIAN_POINT('Ctrl Pts',(-51.493165115666,37.9472418787417,32.5428536652804));
#2285=CARTESIAN_POINT('Ctrl Pts',(-51.4901364845871,37.861487529774,32.6425919476603));
#2286=CARTESIAN_POINT('Ctrl Pts',(-51.4901364845871,37.7753366265983,32.7419866302402));
#2287=CARTESIAN_POINT('Ctrl Pts',(-52.3328371323182,38.6691214800064,32.9857463237587));
#2288=CARTESIAN_POINT('Ctrl Pts',(-52.3287767437773,38.5823179708766,33.0874831637756));
#2289=CARTESIAN_POINT('Ctrl Pts',(-52.3267576563914,38.4951269692898,33.188889386444));
#2290=CARTESIAN_POINT('Ctrl Pts',(-52.3267576563914,38.4075342682989,33.2899475110879));
#2291=CARTESIAN_POINT('Ctrl Pts',(-53.1664185661591,39.3056205731452,33.5286962749862));
#2292=CARTESIAN_POINT('Ctrl Pts',(-53.1643883718887,39.2173940630115,33.6321126622707));
#2293=CARTESIAN_POINT('Ctrl Pts',(-53.1633788281957,39.1287664088057,33.7351868252278));
#2294=CARTESIAN_POINT('Ctrl Pts',(-53.1633788281957,39.0397319099995,33.8379083919356));
#2295=CARTESIAN_POINT('Ctrl Pts',(-54.,39.942119666284,34.0716462262136));
#2296=CARTESIAN_POINT('Ctrl Pts',(-54.,39.8524701551464,34.1767421607659));
#2297=CARTESIAN_POINT('Ctrl Pts',(-54.,39.7624058483215,34.2814842640116));
#2298=CARTESIAN_POINT('Ctrl Pts',(-54.,39.6719295517001,34.3858692727834));
#2299=CARTESIAN_POINT('',(-54.,39.9421196662839,34.0716462262136));
#2300=CARTESIAN_POINT('',(-54.,39.9421196662839,34.0716462262136));
#2301=CARTESIAN_POINT('',(-54.,39.6719295517001,34.3858692727834));
#2302=CARTESIAN_POINT('Ctrl Pts',(-54.,39.942119666284,34.0716462262136));
#2303=CARTESIAN_POINT('Ctrl Pts',(-54.,39.8524701551464,34.1767421607659));
#2304=CARTESIAN_POINT('Ctrl Pts',(-54.,39.7624058483215,34.2814842640116));
#2305=CARTESIAN_POINT('Ctrl Pts',(-54.,39.6719295517001,34.3858692727834));
#2306=CARTESIAN_POINT('',(-50.,36.649306347761,31.7659935186665));
#2307=CARTESIAN_POINT('Ctrl Pts',(-50.0145334020503,-36.8989306359799,31.4757284104764));
#2308=CARTESIAN_POINT('Ctrl Pts',(-50.0585945373319,-37.2749915718791,31.0351196401499));
#2309=CARTESIAN_POINT('Ctrl Pts',(-50.2092783200196,-37.6568469703112,30.5714594751958));
#2310=CARTESIAN_POINT('Ctrl Pts',(-50.7251409572988,-38.3470928153912,29.7016565518899));
#2311=CARTESIAN_POINT('Ctrl Pts',(-51.0931691689689,-38.6573528635945,29.2940700991968));
#2312=CARTESIAN_POINT('Ctrl Pts',(-51.9469843314044,-39.1512663624791,28.629541320961));
#2313=CARTESIAN_POINT('Ctrl Pts',(-52.4900857035791,-39.3671369895209,28.3296190854644));
#2314=CARTESIAN_POINT('Ctrl Pts',(-53.7031290197435,-39.6566458004496,27.9223126325151));
#2315=CARTESIAN_POINT('Ctrl Pts',(-54.3721507690798,-39.7288741480161,27.8184571630257));
#2316=CARTESIAN_POINT('Ctrl Pts',(-55.,-39.7288741480161,27.8184571630258));
#2317=CARTESIAN_POINT('Ctrl Pts',(-51.3430222680335,-37.9133269794146,32.3410343490555));
#2318=CARTESIAN_POINT('Ctrl Pts',(-51.3728112075558,-38.1920955574688,32.0142621269393));
#2319=CARTESIAN_POINT('Ctrl Pts',(-51.4813108080706,-38.4761066274554,31.6705013030377));
#2320=CARTESIAN_POINT('Ctrl Pts',(-51.8596272738953,-38.9892737670607,31.0275456101613));
#2321=CARTESIAN_POINT('Ctrl Pts',(-52.1302872151117,-39.2200058923176,30.7271398203943));
#2322=CARTESIAN_POINT('Ctrl Pts',(-52.7584729650539,-39.5868884302345,30.2388565305454));
#2323=CARTESIAN_POINT('Ctrl Pts',(-53.157972227889,-39.7470505518297,30.0191685790208));
#2324=CARTESIAN_POINT('Ctrl Pts',(-54.0485987614043,-39.9617818936043,29.7212675653831));
#2325=CARTESIAN_POINT('Ctrl Pts',(-54.5397272404817,-40.0148608225588,29.6461356547624));
#2326=CARTESIAN_POINT('Ctrl Pts',(-55.,-40.01525570465,29.645501613532));
#2327=CARTESIAN_POINT('Ctrl Pts',(-52.6715111340168,-38.9277233228493,33.2063402876345));
#2328=CARTESIAN_POINT('Ctrl Pts',(-52.6857833297761,-39.1096211938591,32.993320873154));
#2329=CARTESIAN_POINT('Ctrl Pts',(-52.7536907921907,-39.2953970691389,32.7695261043931));
#2330=CARTESIAN_POINT('Ctrl Pts',(-52.9934302973048,-39.6316318994608,32.3532604343583));
#2331=CARTESIAN_POINT('Ctrl Pts',(-53.1672890532899,-39.782728759261,32.1602049828768));
#2332=CARTESIAN_POINT('Ctrl Pts',(-53.569737507709,-40.0227354244143,31.8478076251901));
#2333=CARTESIAN_POINT('Ctrl Pts',(-53.8253681607241,-40.1272687213141,31.7083695806365));
#2334=CARTESIAN_POINT('Ctrl Pts',(-54.3942924530818,-40.2669316651333,31.520104032318));
#2335=CARTESIAN_POINT('Ctrl Pts',(-54.7064890843186,-40.3020321433752,31.4719120228079));
#2336=CARTESIAN_POINT('Ctrl Pts',(-55.,-40.301637261284,31.4725460640383));
#2337=CARTESIAN_POINT('Ctrl Pts',(-54.,-39.9421196662839,34.0716462262136));
#2338=CARTESIAN_POINT('Ctrl Pts',(-54.,-40.0267251794488,33.9724633599434));
#2339=CARTESIAN_POINT('Ctrl Pts',(-54.0257232802417,-40.1146567262831,33.868567932235));
#2340=CARTESIAN_POINT('Ctrl Pts',(-54.1279166139013,-40.2738128511303,33.6791494926297));
#2341=CARTESIAN_POINT('Ctrl Pts',(-54.2044070994326,-40.3453817879841,33.5932747040744));
#2342=CARTESIAN_POINT('Ctrl Pts',(-54.3812261413585,-40.4583574921696,33.4571228347746));
#2343=CARTESIAN_POINT('Ctrl Pts',(-54.493254685034,-40.5071822836229,33.3979190741929));
#2344=CARTESIAN_POINT('Ctrl Pts',(-54.7397621947425,-40.572067758288,33.319058965186));
#2345=CARTESIAN_POINT('Ctrl Pts',(-54.8740655557205,-40.5880188179179,33.2995905145445));
#2346=CARTESIAN_POINT('Ctrl Pts',(-55.,-40.5880188179179,33.2995905145445));
#2347=CARTESIAN_POINT('',(-54.,-39.9421196662839,34.0716462262136));
#2348=CARTESIAN_POINT('',(-50.0145334020503,-36.8989306359799,31.4757284104764));
#2349=CARTESIAN_POINT('',(-55.,-40.5880188179179,33.2995905145445));
#2350=CARTESIAN_POINT('Ctrl Pts',(-54.,-39.9421196662839,34.0716462262136));
#2351=CARTESIAN_POINT('Ctrl Pts',(-54.,-40.0267251794488,33.9724633599434));
#2352=CARTESIAN_POINT('Ctrl Pts',(-54.0257232802417,-40.1146567262831,33.868567932235));
#2353=CARTESIAN_POINT('Ctrl Pts',(-54.1279166139013,-40.2738128511303,33.6791494926297));
#2354=CARTESIAN_POINT('Ctrl Pts',(-54.2044070994326,-40.3453817879841,33.5932747040744));
#2355=CARTESIAN_POINT('Ctrl Pts',(-54.3812261413585,-40.4583574921696,33.4571228347746));
#2356=CARTESIAN_POINT('Ctrl Pts',(-54.493254685034,-40.5071822836229,33.3979190741929));
#2357=CARTESIAN_POINT('Ctrl Pts',(-54.7397621947425,-40.572067758288,33.319058965186));
#2358=CARTESIAN_POINT('Ctrl Pts',(-54.8740655557205,-40.5880188179179,33.2995905145445));
#2359=CARTESIAN_POINT('Ctrl Pts',(-55.,-40.5880188179179,33.2995905145445));
#2360=CARTESIAN_POINT('',(-55.,-39.7288741480161,27.8184571630258));
#2361=CARTESIAN_POINT('',(-55.,-40.5880188179179,33.2995905145445));
#2362=CARTESIAN_POINT('',(-50.0145334020503,-36.8989306359799,31.4757284104764));
#2363=CARTESIAN_POINT('Ctrl Pts',(-55.,-39.7288741480161,27.8184571630258));
#2364=CARTESIAN_POINT('Ctrl Pts',(-54.3721507690798,-39.7288741480161,27.8184571630257));
#2365=CARTESIAN_POINT('Ctrl Pts',(-53.7031290197435,-39.6566458004496,27.9223126325151));
#2366=CARTESIAN_POINT('Ctrl Pts',(-52.4900857035791,-39.3671369895209,28.3296190854644));
#2367=CARTESIAN_POINT('Ctrl Pts',(-51.9469843314044,-39.1512663624791,28.629541320961));
#2368=CARTESIAN_POINT('Ctrl Pts',(-51.0931691689689,-38.6573528635945,29.2940700991968));
#2369=CARTESIAN_POINT('Ctrl Pts',(-50.7251409572988,-38.3470928153912,29.7016565518899));
#2370=CARTESIAN_POINT('Ctrl Pts',(-50.2092783200196,-37.6568469703112,30.5714594751958));
#2371=CARTESIAN_POINT('Ctrl Pts',(-50.0585945373319,-37.2749915718791,31.0351196401499));
#2372=CARTESIAN_POINT('Ctrl Pts',(-50.0145334020503,-36.8989306359799,31.4757284104764));
#2373=CARTESIAN_POINT('',(-50.0145334020503,-36.8989306359799,31.4757284104764));
#2374=CARTESIAN_POINT('Ctrl Pts',(-51.4901364804692,-37.7753366234866,32.7419866275431));
#2375=CARTESIAN_POINT('Ctrl Pts',(-51.4901364804692,-37.8614875266552,32.6425919449714));
#2376=CARTESIAN_POINT('Ctrl Pts',(-51.4931651115531,-37.9472418756159,32.5428536625998));
#2377=CARTESIAN_POINT('Ctrl Pts',(-51.4992556943744,-38.0326223837348,32.4427963698589));
#2378=CARTESIAN_POINT('Ctrl Pts',(-52.3267576536462,-38.4075342662245,33.2899475092899));
#2379=CARTESIAN_POINT('Ctrl Pts',(-52.3267576536462,-38.4951269672107,33.1888893846515));
#2380=CARTESIAN_POINT('Ctrl Pts',(-52.3287767410354,-38.5823179687927,33.0874831619885));
#2381=CARTESIAN_POINT('Ctrl Pts',(-52.3328371295829,-38.6691214779179,32.9857463219771));
#2382=CARTESIAN_POINT('Ctrl Pts',(-53.1633788268231,-39.0397319089623,33.8379083910366));
#2383=CARTESIAN_POINT('Ctrl Pts',(-53.1633788268231,-39.1287664077661,33.7351868243315));
#2384=CARTESIAN_POINT('Ctrl Pts',(-53.1643883705177,-39.2173940619696,33.6321126613772));
#2385=CARTESIAN_POINT('Ctrl Pts',(-53.1664185647915,-39.3056205721009,33.5286962740954));
#2386=CARTESIAN_POINT('Ctrl Pts',(-54.,-39.6719295517001,34.3858692727834));
#2387=CARTESIAN_POINT('Ctrl Pts',(-54.,-39.7624058483215,34.2814842640116));
#2388=CARTESIAN_POINT('Ctrl Pts',(-54.,-39.8524701551464,34.1767421607659));
#2389=CARTESIAN_POINT('Ctrl Pts',(-54.,-39.9421196662839,34.0716462262136));
#2390=CARTESIAN_POINT('',(-54.,-39.6719295517001,34.3858692727834));
#2391=CARTESIAN_POINT('',(-54.,-39.6719295517001,34.3858692727834));
#2392=CARTESIAN_POINT('Ctrl Pts',(-54.,-39.6719295517001,34.3858692727834));
#2393=CARTESIAN_POINT('Ctrl Pts',(-54.,-39.7624058483215,34.2814842640116));
#2394=CARTESIAN_POINT('Ctrl Pts',(-54.,-39.8524701551464,34.1767421607659));
#2395=CARTESIAN_POINT('Ctrl Pts',(-54.,-39.9421196662839,34.0716462262136));
#2396=CARTESIAN_POINT('Origin',(-50.,4.44089209850063E-15,39.8724403633374));
#2397=CARTESIAN_POINT('Origin',(-50.,0.,-3.33066907387547E-16));
#2398=CARTESIAN_POINT('Origin',(-52.,0.,-1.66533453693774E-16));
#2399=CARTESIAN_POINT('Origin',(-54.,0.,0.));
#2400=CARTESIAN_POINT('Ctrl Pts',(-101.5,-39.7288741480161,27.8184571630258));
#2401=CARTESIAN_POINT('Ctrl Pts',(-102.12784923092,-39.7288741480161,27.8184571630258));
#2402=CARTESIAN_POINT('Ctrl Pts',(-102.796865084279,-39.6566396726873,27.922321082296));
#2403=CARTESIAN_POINT('Ctrl Pts',(-104.00990520889,-39.3671294574428,28.3296287300017));
#2404=CARTESIAN_POINT('Ctrl Pts',(-104.553004827484,-39.1512579030806,28.6295518865028));
#2405=CARTESIAN_POINT('Ctrl Pts',(-105.406819563619,-38.6573451617222,29.2940791068976));
#2406=CARTESIAN_POINT('Ctrl Pts',(-105.774849085746,-38.3470864986334,29.7016636664199));
#2407=CARTESIAN_POINT('Ctrl Pts',(-106.290714547723,-37.6568425520242,30.5714639640912));
#2408=CARTESIAN_POINT('Ctrl Pts',(-106.441405462668,-37.2749915718791,31.03511964015));
#2409=CARTESIAN_POINT('Ctrl Pts',(-106.48546659795,-36.8989306359799,31.4757284104764));
#2410=CARTESIAN_POINT('Ctrl Pts',(-101.5,-40.01525570465,29.645501613532));
#2411=CARTESIAN_POINT('Ctrl Pts',(-101.960272759518,-40.0148608225588,29.6461356547624));
#2412=CARTESIAN_POINT('Ctrl Pts',(-102.451395342619,-39.9617757658421,29.721276015164));
#2413=CARTESIAN_POINT('Ctrl Pts',(-103.34201868458,-39.7470430197517,30.0191782235581));
#2414=CARTESIAN_POINT('Ctrl Pts',(-103.741516193834,-39.5868799708359,30.2388670960873));
#2415=CARTESIAN_POINT('Ctrl Pts',(-104.369701517476,-39.2199981904452,30.7271488280951));
#2416=CARTESIAN_POINT('Ctrl Pts',(-104.640362769149,-38.9892674503029,31.0275527246914));
#2417=CARTESIAN_POINT('Ctrl Pts',(-105.018682059671,-38.4761022091684,31.6705057919331));
#2418=CARTESIAN_POINT('Ctrl Pts',(-105.127188792444,-38.1920955574688,32.0142621269394));
#2419=CARTESIAN_POINT('Ctrl Pts',(-105.156977731966,-37.9133269794146,32.3410343490555));
#2420=CARTESIAN_POINT('Ctrl Pts',(-101.5,-40.301637261284,31.4725460640383));
#2421=CARTESIAN_POINT('Ctrl Pts',(-101.793510915683,-40.3020321433752,31.4719120228079));
#2422=CARTESIAN_POINT('Ctrl Pts',(-102.105706340005,-40.2669303153624,31.5201056590567));
#2423=CARTESIAN_POINT('Ctrl Pts',(-102.674629890149,-40.1272670006137,31.708371624702));
#2424=CARTESIAN_POINT('Ctrl Pts',(-102.93026010415,-40.0227334819254,31.8478099208359));
#2425=CARTESIAN_POINT('Ctrl Pts',(-103.332708325604,-39.7827269596105,32.1602070836116));
#2426=CARTESIAN_POINT('Ctrl Pts',(-103.506567344241,-39.6316304099883,32.3532621615543));
#2427=CARTESIAN_POINT('Ctrl Pts',(-103.746307348867,-39.2953960289537,32.7695272863065));
#2428=CARTESIAN_POINT('Ctrl Pts',(-103.814216670224,-39.1096211938589,32.9933208731542));
#2429=CARTESIAN_POINT('Ctrl Pts',(-103.828488865983,-38.9277233228493,33.2063402876345));
#2430=CARTESIAN_POINT('Ctrl Pts',(-101.5,-40.5880188179179,33.2995905145445));
#2431=CARTESIAN_POINT('Ctrl Pts',(-101.625934444281,-40.5880188179179,33.2995905145445));
#2432=CARTESIAN_POINT('Ctrl Pts',(-101.760236598344,-40.5720664085171,33.3190605919247));
#2433=CARTESIAN_POINT('Ctrl Pts',(-102.006743365839,-40.5071805629226,33.3979211182585));
#2434=CARTESIAN_POINT('Ctrl Pts',(-102.1187714705,-40.4583555496807,33.4571251304204));
#2435=CARTESIAN_POINT('Ctrl Pts',(-102.295590279461,-40.3453799883336,33.5932768048091));
#2436=CARTESIAN_POINT('Ctrl Pts',(-102.372081027645,-40.2738113616579,33.6791512198257));
#2437=CARTESIAN_POINT('Ctrl Pts',(-102.474274860816,-40.1146556860979,33.8685691141484));
#2438=CARTESIAN_POINT('Ctrl Pts',(-102.5,-40.0267251794486,33.9724633599436));
#2439=CARTESIAN_POINT('Ctrl Pts',(-102.5,-39.9421196662839,34.0716462262136));
#2440=CARTESIAN_POINT('',(-102.5,-39.9421196662839,34.0716462262136));
#2441=CARTESIAN_POINT('',(-106.48546659795,-36.8989306359799,31.4757284104764));
#2442=CARTESIAN_POINT('',(-102.5,-39.9421196662839,34.0716462262136));
#2443=CARTESIAN_POINT('',(-101.5,-39.7288741480161,27.8184571630258));
#2444=CARTESIAN_POINT('Ctrl Pts',(-106.48546659795,-36.8989306359799,31.4757284104764));
#2445=CARTESIAN_POINT('Ctrl Pts',(-106.441405462668,-37.2749915718791,31.03511964015));
#2446=CARTESIAN_POINT('Ctrl Pts',(-106.290714547723,-37.6568425520242,30.5714639640912));
#2447=CARTESIAN_POINT('Ctrl Pts',(-105.774849085746,-38.3470864986334,29.7016636664199));
#2448=CARTESIAN_POINT('Ctrl Pts',(-105.406819563619,-38.6573451617222,29.2940791068976));
#2449=CARTESIAN_POINT('Ctrl Pts',(-104.553004827484,-39.1512579030806,28.6295518865028));
#2450=CARTESIAN_POINT('Ctrl Pts',(-104.00990520889,-39.3671294574428,28.3296287300017));
#2451=CARTESIAN_POINT('Ctrl Pts',(-102.796865084279,-39.6566396726873,27.922321082296));
#2452=CARTESIAN_POINT('Ctrl Pts',(-102.12784923092,-39.7288741480161,27.8184571630258));
#2453=CARTESIAN_POINT('Ctrl Pts',(-101.5,-39.7288741480161,27.8184571630258));
#2454=CARTESIAN_POINT('',(-101.5,-40.5880188179179,33.2995905145445));
#2455=CARTESIAN_POINT('',(-101.5,-39.7288741480161,27.8184571630258));
#2456=CARTESIAN_POINT('Ctrl Pts',(-101.5,-40.5880188179179,33.2995905145445));
#2457=CARTESIAN_POINT('Ctrl Pts',(-101.625934444281,-40.5880188179179,33.2995905145445));
#2458=CARTESIAN_POINT('Ctrl Pts',(-101.760236598344,-40.5720664085171,33.3190605919247));
#2459=CARTESIAN_POINT('Ctrl Pts',(-102.006743365839,-40.5071805629226,33.3979211182585));
#2460=CARTESIAN_POINT('Ctrl Pts',(-102.1187714705,-40.4583555496807,33.4571251304204));
#2461=CARTESIAN_POINT('Ctrl Pts',(-102.295590279461,-40.3453799883336,33.5932768048091));
#2462=CARTESIAN_POINT('Ctrl Pts',(-102.372081027645,-40.2738113616579,33.6791512198257));
#2463=CARTESIAN_POINT('Ctrl Pts',(-102.474274860816,-40.1146556860979,33.8685691141484));
#2464=CARTESIAN_POINT('Ctrl Pts',(-102.5,-40.0267251794486,33.9724633599436));
#2465=CARTESIAN_POINT('Ctrl Pts',(-102.5,-39.9421196662839,34.0716462262136));
#2466=CARTESIAN_POINT('Origin',(-50.,-40.158446482967,30.5590238387852));
#2467=CARTESIAN_POINT('',(-50.,-39.7288741480161,27.8184571630258));
#2468=CARTESIAN_POINT('',(-50.,-40.5880188179179,33.2995905145446));
#2469=CARTESIAN_POINT('Origin',(-104.5,0.,1.66533453693774E-16));
#2470=CARTESIAN_POINT('',(-106.5,-36.649306347761,31.7659935186665));
#2471=CARTESIAN_POINT('',(-102.5,-39.6719295517001,34.3858692727834));
#2472=CARTESIAN_POINT('',(-106.5,-36.649306347761,31.7659935186665));
#2473=CARTESIAN_POINT('',(-102.5,39.6719295517001,34.3858692727834));
#2474=CARTESIAN_POINT('Origin',(-102.5,0.,0.));
#2475=CARTESIAN_POINT('',(-106.5,36.649306347761,31.7659935186665));
#2476=CARTESIAN_POINT('',(-102.5,39.6719295517001,34.3858692727834));
#2477=CARTESIAN_POINT('Origin',(-106.5,0.,3.33066907387548E-16));
#2478=CARTESIAN_POINT('Ctrl Pts',(-106.48546659795,-36.8989306359799,31.4757284104764));
#2479=CARTESIAN_POINT('Ctrl Pts',(-106.495173233827,-36.8160846868454,31.5727942003261));
#2480=CARTESIAN_POINT('Ctrl Pts',(-106.5,-36.7328892122589,31.6695616534203));
#2481=CARTESIAN_POINT('Ctrl Pts',(-106.5,-36.649306347761,31.7659935186665));
#2482=CARTESIAN_POINT('Ctrl Pts',(-105.156977731966,-37.9133269794146,32.3410343490554));
#2483=CARTESIAN_POINT('Ctrl Pts',(-105.163448822551,-37.8282131762791,32.440776853806));
#2484=CARTESIAN_POINT('Ctrl Pts',(-105.166666666667,-37.7427280909464,32.5402025236174));
#2485=CARTESIAN_POINT('Ctrl Pts',(-105.166666666667,-37.6568474157407,32.6392854367055));
#2486=CARTESIAN_POINT('Ctrl Pts',(-103.828488865983,-38.9277233228492,33.2063402876345));
#2487=CARTESIAN_POINT('Ctrl Pts',(-103.831724411276,-38.8403416657127,33.3087595072859));
#2488=CARTESIAN_POINT('Ctrl Pts',(-103.833333333333,-38.752566969634,33.4108433938145));
#2489=CARTESIAN_POINT('Ctrl Pts',(-103.833333333333,-38.6643884837204,33.5125773547444));
#2490=CARTESIAN_POINT('Ctrl Pts',(-102.5,-39.9421196662839,34.0716462262136));
#2491=CARTESIAN_POINT('Ctrl Pts',(-102.5,-39.8524701551464,34.1767421607659));
#2492=CARTESIAN_POINT('Ctrl Pts',(-102.5,-39.7624058483215,34.2814842640116));
#2493=CARTESIAN_POINT('Ctrl Pts',(-102.5,-39.6719295517001,34.3858692727834));
#2494=CARTESIAN_POINT('Ctrl Pts',(-106.5,-36.649306347761,31.7659935186665));
#2495=CARTESIAN_POINT('Ctrl Pts',(-106.5,-36.7328892122589,31.6695616534203));
#2496=CARTESIAN_POINT('Ctrl Pts',(-106.495173233827,-36.8160846868454,31.5727942003261));
#2497=CARTESIAN_POINT('Ctrl Pts',(-106.48546659795,-36.8989306359799,31.4757284104764));
#2498=CARTESIAN_POINT('Ctrl Pts',(-102.5,-39.9421196662839,34.0716462262136));
#2499=CARTESIAN_POINT('Ctrl Pts',(-102.5,-39.8524701551464,34.1767421607659));
#2500=CARTESIAN_POINT('Ctrl Pts',(-102.5,-39.7624058483215,34.2814842640116));
#2501=CARTESIAN_POINT('Ctrl Pts',(-102.5,-39.6719295517001,34.3858692727834));
#2502=CARTESIAN_POINT('Ctrl Pts',(-106.48546659795,36.8989306359799,31.4757284104764));
#2503=CARTESIAN_POINT('Ctrl Pts',(-106.441405462668,37.2749915718791,31.0351196401499));
#2504=CARTESIAN_POINT('Ctrl Pts',(-106.290714547722,37.6568425520243,30.5714639640911));
#2505=CARTESIAN_POINT('Ctrl Pts',(-105.774849085746,38.3470864986333,29.70166366642));
#2506=CARTESIAN_POINT('Ctrl Pts',(-105.406819563619,38.6573451617222,29.2940791068975));
#2507=CARTESIAN_POINT('Ctrl Pts',(-104.553004827484,39.1512579030805,28.6295518865029));
#2508=CARTESIAN_POINT('Ctrl Pts',(-104.00990520889,39.3671294574428,28.3296287300017));
#2509=CARTESIAN_POINT('Ctrl Pts',(-102.796865084279,39.6566396726873,27.922321082296));
#2510=CARTESIAN_POINT('Ctrl Pts',(-102.12784923092,39.7288741480161,27.8184571630257));
#2511=CARTESIAN_POINT('Ctrl Pts',(-101.5,39.7288741480161,27.8184571630258));
#2512=CARTESIAN_POINT('Ctrl Pts',(-105.156977731966,37.9133269794146,32.3410343490555));
#2513=CARTESIAN_POINT('Ctrl Pts',(-105.127188792444,38.1920955574688,32.0142621269393));
#2514=CARTESIAN_POINT('Ctrl Pts',(-105.018682059671,38.4761022091685,31.670505791933));
#2515=CARTESIAN_POINT('Ctrl Pts',(-104.640362769149,38.9892674503028,31.0275527246914));
#2516=CARTESIAN_POINT('Ctrl Pts',(-104.369701517476,39.2199981904453,30.727148828095));
#2517=CARTESIAN_POINT('Ctrl Pts',(-103.741516193834,39.5868799708359,30.2388670960873));
#2518=CARTESIAN_POINT('Ctrl Pts',(-103.34201868458,39.7470430197517,30.0191782235581));
#2519=CARTESIAN_POINT('Ctrl Pts',(-102.451395342619,39.9617757658421,29.721276015164));
#2520=CARTESIAN_POINT('Ctrl Pts',(-101.960272759518,40.0148608225588,29.6461356547624));
#2521=CARTESIAN_POINT('Ctrl Pts',(-101.5,40.01525570465,29.645501613532));
#2522=CARTESIAN_POINT('Ctrl Pts',(-103.828488865983,38.9277233228493,33.2063402876345));
#2523=CARTESIAN_POINT('Ctrl Pts',(-103.814216670224,39.1096211938593,32.9933208731539));
#2524=CARTESIAN_POINT('Ctrl Pts',(-103.746307348866,39.2953960289543,32.7695272863059));
#2525=CARTESIAN_POINT('Ctrl Pts',(-103.506567344241,39.6316304099882,32.3532621615545));
#2526=CARTESIAN_POINT('Ctrl Pts',(-103.332708325603,39.7827269596111,32.1602070836109));
#2527=CARTESIAN_POINT('Ctrl Pts',(-102.93026010415,40.0227334819248,31.8478099208367));
#2528=CARTESIAN_POINT('Ctrl Pts',(-102.674629890148,40.1272670006138,31.7083716247019));
#2529=CARTESIAN_POINT('Ctrl Pts',(-102.105706340005,40.2669303153622,31.520105659057));
#2530=CARTESIAN_POINT('Ctrl Pts',(-101.793510915681,40.3020321433752,31.4719120228079));
#2531=CARTESIAN_POINT('Ctrl Pts',(-101.5,40.301637261284,31.4725460640383));
#2532=CARTESIAN_POINT('Ctrl Pts',(-102.5,39.942119666284,34.0716462262136));
#2533=CARTESIAN_POINT('Ctrl Pts',(-102.5,40.026725179449,33.9724633599432));
#2534=CARTESIAN_POINT('Ctrl Pts',(-102.474274860815,40.1146556860985,33.8685691141478));
#2535=CARTESIAN_POINT('Ctrl Pts',(-102.372081027645,40.2738113616577,33.6791512198259));
#2536=CARTESIAN_POINT('Ctrl Pts',(-102.29559027946,40.3453799883342,33.5932768048084));
#2537=CARTESIAN_POINT('Ctrl Pts',(-102.118771470501,40.4583555496801,33.4571251304211));
#2538=CARTESIAN_POINT('Ctrl Pts',(-102.006743365838,40.5071805629227,33.3979211182584));
#2539=CARTESIAN_POINT('Ctrl Pts',(-101.760236598344,40.5720664085169,33.319060591925));
#2540=CARTESIAN_POINT('Ctrl Pts',(-101.625934444279,40.5880188179179,33.2995905145445));
#2541=CARTESIAN_POINT('Ctrl Pts',(-101.5,40.5880188179179,33.2995905145445));
#2542=CARTESIAN_POINT('',(-101.5,40.5880188179179,33.2995905145445));
#2543=CARTESIAN_POINT('',(-101.5,39.7288741480161,27.8184571630258));
#2544=CARTESIAN_POINT('',(-101.5,40.5880188179179,33.2995905145445));
#2545=CARTESIAN_POINT('',(-106.48546659795,36.8989306359799,31.4757284104764));
#2546=CARTESIAN_POINT('Ctrl Pts',(-101.5,39.7288741480161,27.8184571630258));
#2547=CARTESIAN_POINT('Ctrl Pts',(-102.12784923092,39.7288741480161,27.8184571630257));
#2548=CARTESIAN_POINT('Ctrl Pts',(-102.796865084279,39.6566396726873,27.922321082296));
#2549=CARTESIAN_POINT('Ctrl Pts',(-104.00990520889,39.3671294574428,28.3296287300017));
#2550=CARTESIAN_POINT('Ctrl Pts',(-104.553004827484,39.1512579030805,28.6295518865029));
#2551=CARTESIAN_POINT('Ctrl Pts',(-105.406819563619,38.6573451617222,29.2940791068975));
#2552=CARTESIAN_POINT('Ctrl Pts',(-105.774849085746,38.3470864986333,29.70166366642));
#2553=CARTESIAN_POINT('Ctrl Pts',(-106.290714547722,37.6568425520243,30.5714639640911));
#2554=CARTESIAN_POINT('Ctrl Pts',(-106.441405462668,37.2749915718791,31.0351196401499));
#2555=CARTESIAN_POINT('Ctrl Pts',(-106.48546659795,36.8989306359799,31.4757284104764));
#2556=CARTESIAN_POINT('',(-102.5,39.942119666284,34.0716462262136));
#2557=CARTESIAN_POINT('',(-106.48546659795,36.8989306359799,31.4757284104764));
#2558=CARTESIAN_POINT('Ctrl Pts',(-102.5,39.942119666284,34.0716462262136));
#2559=CARTESIAN_POINT('Ctrl Pts',(-102.5,40.026725179449,33.9724633599432));
#2560=CARTESIAN_POINT('Ctrl Pts',(-102.474274860815,40.1146556860985,33.8685691141478));
#2561=CARTESIAN_POINT('Ctrl Pts',(-102.372081027645,40.2738113616577,33.6791512198259));
#2562=CARTESIAN_POINT('Ctrl Pts',(-102.29559027946,40.3453799883342,33.5932768048084));
#2563=CARTESIAN_POINT('Ctrl Pts',(-102.118771470501,40.4583555496801,33.4571251304211));
#2564=CARTESIAN_POINT('Ctrl Pts',(-102.006743365838,40.5071805629227,33.3979211182584));
#2565=CARTESIAN_POINT('Ctrl Pts',(-101.760236598344,40.5720664085169,33.319060591925));
#2566=CARTESIAN_POINT('Ctrl Pts',(-101.625934444279,40.5880188179179,33.2995905145445));
#2567=CARTESIAN_POINT('Ctrl Pts',(-101.5,40.5880188179179,33.2995905145445));
#2568=CARTESIAN_POINT('Origin',(-50.,40.158446482967,30.5590238387851));
#2569=CARTESIAN_POINT('',(-55.,40.5880188179179,33.2995905145445));
#2570=CARTESIAN_POINT('',(-50.,40.5880188179179,33.2995905145445));
#2571=CARTESIAN_POINT('',(-55.,40.5880188179179,33.2995905145445));
#2572=CARTESIAN_POINT('',(-50.,39.7288741480161,27.8184571630258));
#2573=CARTESIAN_POINT('Ctrl Pts',(-55.,39.7288741480161,27.8184571630258));
#2574=CARTESIAN_POINT('Ctrl Pts',(-54.3721507690798,39.7288741480161,27.8184571630258));
#2575=CARTESIAN_POINT('Ctrl Pts',(-53.7031290197435,39.6566458004495,27.9223126325151));
#2576=CARTESIAN_POINT('Ctrl Pts',(-52.4900857035791,39.3671369895208,28.3296190854644));
#2577=CARTESIAN_POINT('Ctrl Pts',(-51.9469843314044,39.1512663624791,28.629541320961));
#2578=CARTESIAN_POINT('Ctrl Pts',(-51.0931691689689,38.6573528635945,29.2940700991968));
#2579=CARTESIAN_POINT('Ctrl Pts',(-50.7251409572988,38.3470928153912,29.7016565518898));
#2580=CARTESIAN_POINT('Ctrl Pts',(-50.2092783200195,37.6568469703112,30.5714594751958));
#2581=CARTESIAN_POINT('Ctrl Pts',(-50.0585945373319,37.2749915718791,31.0351196401499));
#2582=CARTESIAN_POINT('Ctrl Pts',(-50.0145334020503,36.8989306359799,31.4757284104764));
#2583=CARTESIAN_POINT('Ctrl Pts',(-55.,40.01525570465,29.645501613532));
#2584=CARTESIAN_POINT('Ctrl Pts',(-54.5397272404817,40.0148608225588,29.6461356547624));
#2585=CARTESIAN_POINT('Ctrl Pts',(-54.0485987614042,39.9617818936043,29.7212675653831));
#2586=CARTESIAN_POINT('Ctrl Pts',(-53.157972227889,39.7470505518297,30.0191685790208));
#2587=CARTESIAN_POINT('Ctrl Pts',(-52.7584729650539,39.5868884302344,30.2388565305454));
#2588=CARTESIAN_POINT('Ctrl Pts',(-52.1302872151117,39.2200058923176,30.7271398203943));
#2589=CARTESIAN_POINT('Ctrl Pts',(-51.8596272738953,38.9892737670607,31.0275456101613));
#2590=CARTESIAN_POINT('Ctrl Pts',(-51.4813108080706,38.4761066274554,31.6705013030377));
#2591=CARTESIAN_POINT('Ctrl Pts',(-51.3728112075558,38.1920955574688,32.0142621269393));
#2592=CARTESIAN_POINT('Ctrl Pts',(-51.3430222680335,37.9133269794145,32.3410343490555));
#2593=CARTESIAN_POINT('Ctrl Pts',(-55.,40.301637261284,31.4725460640383));
#2594=CARTESIAN_POINT('Ctrl Pts',(-54.7064890843191,40.3020321433752,31.4719120228079));
#2595=CARTESIAN_POINT('Ctrl Pts',(-54.3942924530814,40.2669316651332,31.5201040323181));
#2596=CARTESIAN_POINT('Ctrl Pts',(-53.8253681607247,40.1272687213142,31.7083695806362));
#2597=CARTESIAN_POINT('Ctrl Pts',(-53.5697375077091,40.0227354244144,31.84780762519));
#2598=CARTESIAN_POINT('Ctrl Pts',(-53.16728905329,39.7827287592611,32.1602049828767));
#2599=CARTESIAN_POINT('Ctrl Pts',(-52.993430297305,39.6316318994609,32.353260434358));
#2600=CARTESIAN_POINT('Ctrl Pts',(-52.7536907921907,39.2953970691388,32.7695261043932));
#2601=CARTESIAN_POINT('Ctrl Pts',(-52.6857833297761,39.1096211938592,32.9933208731539));
#2602=CARTESIAN_POINT('Ctrl Pts',(-52.6715111340168,38.9277233228492,33.2063402876345));
#2603=CARTESIAN_POINT('Ctrl Pts',(-55.,40.5880188179179,33.2995905145445));
#2604=CARTESIAN_POINT('Ctrl Pts',(-54.874065555721,40.5880188179179,33.2995905145445));
#2605=CARTESIAN_POINT('Ctrl Pts',(-54.7397621947422,40.5720677582879,33.3190589651861));
#2606=CARTESIAN_POINT('Ctrl Pts',(-54.4932546850346,40.5071822836231,33.3979190741926));
#2607=CARTESIAN_POINT('Ctrl Pts',(-54.3812261413587,40.4583574921697,33.4571228347744));
#2608=CARTESIAN_POINT('Ctrl Pts',(-54.2044070994328,40.3453817879842,33.5932747040742));
#2609=CARTESIAN_POINT('Ctrl Pts',(-54.1279166139015,40.2738128511305,33.6791494926294));
#2610=CARTESIAN_POINT('Ctrl Pts',(-54.0257232802417,40.114656726283,33.8685679322351));
#2611=CARTESIAN_POINT('Ctrl Pts',(-54.,40.0267251794489,33.9724633599433));
#2612=CARTESIAN_POINT('Ctrl Pts',(-54.,39.9421196662839,34.0716462262136));
#2613=CARTESIAN_POINT('',(-54.,39.9421196662839,34.0716462262136));
#2614=CARTESIAN_POINT('Ctrl Pts',(-55.,40.5880188179179,33.2995905145445));
#2615=CARTESIAN_POINT('Ctrl Pts',(-54.874065555721,40.5880188179179,33.2995905145445));
#2616=CARTESIAN_POINT('Ctrl Pts',(-54.7397621947422,40.5720677582879,33.3190589651861));
#2617=CARTESIAN_POINT('Ctrl Pts',(-54.4932546850346,40.5071822836231,33.3979190741926));
#2618=CARTESIAN_POINT('Ctrl Pts',(-54.3812261413587,40.4583574921697,33.4571228347744));
#2619=CARTESIAN_POINT('Ctrl Pts',(-54.2044070994328,40.3453817879842,33.5932747040742));
#2620=CARTESIAN_POINT('Ctrl Pts',(-54.1279166139015,40.2738128511305,33.6791494926294));
#2621=CARTESIAN_POINT('Ctrl Pts',(-54.0257232802417,40.114656726283,33.8685679322351));
#2622=CARTESIAN_POINT('Ctrl Pts',(-54.,40.0267251794489,33.9724633599433));
#2623=CARTESIAN_POINT('Ctrl Pts',(-54.,39.9421196662839,34.0716462262136));
#2624=CARTESIAN_POINT('Ctrl Pts',(-106.5,36.649306347761,31.7659935186665));
#2625=CARTESIAN_POINT('Ctrl Pts',(-106.5,36.7328892122589,31.6695616534202));
#2626=CARTESIAN_POINT('Ctrl Pts',(-106.495173233827,36.8160846868454,31.5727942003261));
#2627=CARTESIAN_POINT('Ctrl Pts',(-106.48546659795,36.8989306359799,31.4757284104764));
#2628=CARTESIAN_POINT('Ctrl Pts',(-105.166666666667,37.6568474157407,32.6392854367055));
#2629=CARTESIAN_POINT('Ctrl Pts',(-105.166666666667,37.7427280909465,32.5402025236174));
#2630=CARTESIAN_POINT('Ctrl Pts',(-105.163448822551,37.8282131762791,32.440776853806));
#2631=CARTESIAN_POINT('Ctrl Pts',(-105.156977731966,37.9133269794146,32.3410343490554));
#2632=CARTESIAN_POINT('Ctrl Pts',(-103.833333333333,38.6643884837204,33.5125773547444));
#2633=CARTESIAN_POINT('Ctrl Pts',(-103.833333333333,38.752566969634,33.4108433938145));
#2634=CARTESIAN_POINT('Ctrl Pts',(-103.831724411276,38.8403416657128,33.3087595072859));
#2635=CARTESIAN_POINT('Ctrl Pts',(-103.828488865983,38.9277233228493,33.2063402876345));
#2636=CARTESIAN_POINT('Ctrl Pts',(-102.5,39.6719295517001,34.3858692727834));
#2637=CARTESIAN_POINT('Ctrl Pts',(-102.5,39.7624058483215,34.2814842640116));
#2638=CARTESIAN_POINT('Ctrl Pts',(-102.5,39.8524701551464,34.1767421607659));
#2639=CARTESIAN_POINT('Ctrl Pts',(-102.5,39.942119666284,34.0716462262136));
#2640=CARTESIAN_POINT('Ctrl Pts',(-106.48546659795,36.8989306359799,31.4757284104764));
#2641=CARTESIAN_POINT('Ctrl Pts',(-106.495173233827,36.8160846868454,31.5727942003261));
#2642=CARTESIAN_POINT('Ctrl Pts',(-106.5,36.7328892122589,31.6695616534202));
#2643=CARTESIAN_POINT('Ctrl Pts',(-106.5,36.649306347761,31.7659935186665));
#2644=CARTESIAN_POINT('Ctrl Pts',(-102.5,39.6719295517001,34.3858692727834));
#2645=CARTESIAN_POINT('Ctrl Pts',(-102.5,39.7624058483215,34.2814842640116));
#2646=CARTESIAN_POINT('Ctrl Pts',(-102.5,39.8524701551464,34.1767421607659));
#2647=CARTESIAN_POINT('Ctrl Pts',(-102.5,39.942119666284,34.0716462262136));
#2648=CARTESIAN_POINT('Ctrl Pts',(-50.0145334020503,36.8989306359799,31.4757284104764));
#2649=CARTESIAN_POINT('Ctrl Pts',(-50.0118357242331,36.8759060080805,31.5027050305332));
#2650=CARTESIAN_POINT('Ctrl Pts',(-50.0095154583677,36.8528548738144,31.5296590136147));
#2651=CARTESIAN_POINT('Ctrl Pts',(-50.0075708239904,36.8297757773418,31.5565890293071));
#2652=CARTESIAN_POINT('Ctrl Pts',(-50.0745637587195,36.944768110316,31.5148289445125));
#2653=CARTESIAN_POINT('Ctrl Pts',(-50.0719067141777,36.9217150017966,31.5418391798285));
#2654=CARTESIAN_POINT('Ctrl Pts',(-50.0696213968896,36.8986353035808,31.5688267074839));
#2655=CARTESIAN_POINT('Ctrl Pts',(-50.0677060532095,36.8755275826613,31.5957902160466));
#2656=CARTESIAN_POINT('Ctrl Pts',(-50.1345941153888,36.9906055846522,31.5539294785485));
#2657=CARTESIAN_POINT('Ctrl Pts',(-50.1319777041222,36.9675239955128,31.5809733291237));
#2658=CARTESIAN_POINT('Ctrl Pts',(-50.1297273354115,36.9444157333472,31.6079944013531));
#2659=CARTESIAN_POINT('Ctrl Pts',(-50.1278412824285,36.9212793879809,31.634991402786));
#2660=CARTESIAN_POINT('Ctrl Pts',(-50.194624472058,37.0364430589883,31.5930300125846));
#2661=CARTESIAN_POINT('Ctrl Pts',(-50.1920486940668,37.0133329892289,31.6201074784189));
#2662=CARTESIAN_POINT('Ctrl Pts',(-50.1898332739333,36.9901961631136,31.6471620952223));
#2663=CARTESIAN_POINT('Ctrl Pts',(-50.1879765116476,36.9670311933005,31.6741925895254));
#2664=CARTESIAN_POINT('Ctrl Pts',(-50.0075708245128,-36.8297757835411,31.5565890220734));
#2665=CARTESIAN_POINT('Ctrl Pts',(-50.0095154587832,-36.8528548779423,31.529659008788));
#2666=CARTESIAN_POINT('Ctrl Pts',(-50.0118357244746,-36.875906010142,31.5027050281178));
#2667=CARTESIAN_POINT('Ctrl Pts',(-50.0145334020503,-36.8989306359799,31.4757284104764));
#2668=CARTESIAN_POINT('Ctrl Pts',(-50.0677060473746,-36.8755275840377,31.5957902046648));
#2669=CARTESIAN_POINT('Ctrl Pts',(-50.0696213909526,-36.8986353028801,31.5688266985157));
#2670=CARTESIAN_POINT('Ctrl Pts',(-50.071906708073,-36.921714999024,31.5418391732781));
#2671=CARTESIAN_POINT('Ctrl Pts',(-50.0745637523813,-36.9447681054763,31.5148289403841));
#2672=CARTESIAN_POINT('Ctrl Pts',(-50.1278412702365,-36.9212793845343,31.6349913872562));
#2673=CARTESIAN_POINT('Ctrl Pts',(-50.129727323122,-36.9444157278179,31.6079943882434));
#2674=CARTESIAN_POINT('Ctrl Pts',(-50.1319776916714,-36.967523987906,31.5809733184384));
#2675=CARTESIAN_POINT('Ctrl Pts',(-50.1345941027123,-36.9906055749727,31.5539294702917));
#2676=CARTESIAN_POINT('Ctrl Pts',(-50.1879764930983,-36.9670311850308,31.6741925698476));
#2677=CARTESIAN_POINT('Ctrl Pts',(-50.1898332552913,-36.9901961527558,31.6471620779711));
#2678=CARTESIAN_POINT('Ctrl Pts',(-50.1920486752698,-37.013332976788,31.6201074635986));
#2679=CARTESIAN_POINT('Ctrl Pts',(-50.1946244530432,-37.0364430444692,31.5930300001994));
#2680=CARTESIAN_POINT('Ctrl Pts',(-50.0145334020503,-36.8989306359799,31.4757284104764));
#2681=CARTESIAN_POINT('Ctrl Pts',(-50.0118357244746,-36.875906010142,31.5027050281178));
#2682=CARTESIAN_POINT('Ctrl Pts',(-50.0095154587832,-36.8528548779423,31.529659008788));
#2683=CARTESIAN_POINT('Ctrl Pts',(-50.0075708245128,-36.8297757835411,31.5565890220734));
#2684=CARTESIAN_POINT('Origin',(-101.5,28.0018184763693,25.7109573245411));
#2685=CARTESIAN_POINT('',(-101.5,30.8697006581245,21.6151971030961));
#2686=CARTESIAN_POINT('',(-106.5,28.0018184763693,25.7109573245411));
#2687=CARTESIAN_POINT('Origin',(-50.,43.0054823251721,30.1127629084299));
#2688=CARTESIAN_POINT('Origin',(-50.,0.,0.));
#2689=CARTESIAN_POINT('Origin',(-101.5,-25.9539383656468,24.2770162336635));
#2690=CARTESIAN_POINT('',(-106.5,-25.9539383656468,24.2770162336635));
#2691=CARTESIAN_POINT('',(-101.5,-28.821820547402,20.1812560122185));
#2692=CARTESIAN_POINT('Origin',(-50.,-38.9097221037271,27.2448807266747));
#2693=CARTESIAN_POINT('',(-55.,-28.821820547402,20.1812560122185));
#2694=CARTESIAN_POINT('Origin',(-55.,-25.9539383656468,24.2770162336635));
#2695=CARTESIAN_POINT('Origin',(-106.5,4.44089209850063E-15,39.8724403633374));
#2696=UNCERTAINTY_MEASURE_WITH_UNIT(LENGTH_MEASURE(0.01),#2700,
'DISTANCE_ACCURACY_VALUE',
'Maximum model space distance between geometric entities at asserted c
onnectivities');
#2697=UNCERTAINTY_MEASURE_WITH_UNIT(LENGTH_MEASURE(0.01),#2700,
'DISTANCE_ACCURACY_VALUE',
'Maximum model space distance between geometric entities at asserted c
onnectivities');
#2698=(
GEOMETRIC_REPRESENTATION_CONTEXT(3)
GLOBAL_UNCERTAINTY_ASSIGNED_CONTEXT((#2696))
GLOBAL_UNIT_ASSIGNED_CONTEXT((#2700,#2702,#2703))
REPRESENTATION_CONTEXT('','3D')
);
#2699=(
GEOMETRIC_REPRESENTATION_CONTEXT(3)
GLOBAL_UNCERTAINTY_ASSIGNED_CONTEXT((#2697))
GLOBAL_UNIT_ASSIGNED_CONTEXT((#2700,#2702,#2703))
REPRESENTATION_CONTEXT('','3D')
);
#2700=(
LENGTH_UNIT()
NAMED_UNIT(*)
SI_UNIT(.MILLI.,.METRE.)
);
#2701=(
LENGTH_UNIT()
NAMED_UNIT(*)
SI_UNIT($,.METRE.)
);
#2702=(
NAMED_UNIT(*)
PLANE_ANGLE_UNIT()
SI_UNIT($,.RADIAN.)
);
#2703=(
NAMED_UNIT(*)
SI_UNIT($,.STERADIAN.)
SOLID_ANGLE_UNIT()
);
#2704=SHAPE_DEFINITION_REPRESENTATION(#2705,#2706);
#2705=PRODUCT_DEFINITION_SHAPE('',$,#2708);
#2706=SHAPE_REPRESENTATION('',(#1260),#2698);
#2707=PRODUCT_DEFINITION_CONTEXT('part definition',#2712,'design');
#2708=PRODUCT_DEFINITION('2026-07-24-13-10-50-626','Guard (R+D)',#2709,
#2707);
#2709=PRODUCT_DEFINITION_FORMATION('',$,#2714);
#2710=PRODUCT_RELATED_PRODUCT_CATEGORY('Guard (R+D)','Guard (R+D)',(#2714));
#2711=APPLICATION_PROTOCOL_DEFINITION('international standard',
'automotive_design',2009,#2712);
#2712=APPLICATION_CONTEXT(
'Core Data for Automotive Mechanical Design Process');
#2713=PRODUCT_CONTEXT('part definition',#2712,'mechanical');
#2714=PRODUCT('2026-07-24-13-10-50-626','Guard (R+D)',$,(#2713));
#2715=PRESENTATION_STYLE_ASSIGNMENT((#2717));
#2716=PRESENTATION_STYLE_ASSIGNMENT((#2718));
#2717=SURFACE_STYLE_USAGE(.BOTH.,#2719);
#2718=SURFACE_STYLE_USAGE(.BOTH.,#2720);
#2719=SURFACE_SIDE_STYLE('',(#2721));
#2720=SURFACE_SIDE_STYLE('',(#2722));
#2721=SURFACE_STYLE_FILL_AREA(#2723);
#2722=SURFACE_STYLE_FILL_AREA(#2724);
#2723=FILL_AREA_STYLE('Plastic - Matte (White)',(#2725));
#2724=FILL_AREA_STYLE('PETG Black',(#2726));
#2725=FILL_AREA_STYLE_COLOUR('Plastic - Matte (White)',#2727);
#2726=FILL_AREA_STYLE_COLOUR('PETG Black',#2728);
#2727=COLOUR_RGB('Plastic - Matte (White)',0.964705882352941,0.964705882352941,
0.952941176470588);
#2728=COLOUR_RGB('PETG Black',0.247058823529412,0.247058823529412,0.247058823529412);
ENDSEC;
END-ISO-10303-21;
