ISO-10303-21;
HEADER;
/* Generated by software containing ST-Developer
 * from STEP Tools, Inc. (www.steptools.com) 
 */

FILE_DESCRIPTION(
/* description */ (''),
/* implementation_level */ '2;1');

FILE_NAME(
/* name */ 'Dogbone (Bolt).step',
/* time_stamp */ '2026-09-05T19:20:29+02:00',
/* author */ (''),
/* organization */ (''),
/* preprocessor_version */ 'ST-DEVELOPER v20.2',
/* originating_system */ 'Autodesk Translation Framework v15.15.0.0',
/* authorisation */ '');

FILE_SCHEMA (('AUTOMOTIVE_DESIGN { 1 0 10303 214 3 1 1 }'));
ENDSEC;

DATA;
#10=MECHANICAL_DESIGN_GEOMETRIC_PRESENTATION_REPRESENTATION('',(#13),#2363);
#11=SHAPE_REPRESENTATION_RELATIONSHIP('SRR','None',#2370,#12);
#12=ADVANCED_BREP_SHAPE_REPRESENTATION('',(#14),#2362);
#13=STYLED_ITEM('',(#2379),#14);
#14=MANIFOLD_SOLID_BREP('Body1',#1387);
#15=CYLINDRICAL_SURFACE('',#1412,3.75);
#16=CYLINDRICAL_SURFACE('',#1433,2.1);
#17=CYLINDRICAL_SURFACE('',#1441,3.75);
#18=CYLINDRICAL_SURFACE('',#1453,2.1);
#19=CYLINDRICAL_SURFACE('',#1474,6.00000000000002);
#20=CYLINDRICAL_SURFACE('',#1476,7.49999999999999);
#21=CYLINDRICAL_SURFACE('',#1478,5.99999999999998);
#22=CYLINDRICAL_SURFACE('',#1491,7.49999999999757);
#23=CYLINDRICAL_SURFACE('',#1492,5.99999999999999);
#24=CYLINDRICAL_SURFACE('',#1542,6.);
#25=FACE_BOUND('',#169,.T.);
#26=FACE_BOUND('',#170,.T.);
#27=FACE_BOUND('',#174,.T.);
#28=FACE_BOUND('',#175,.T.);
#29=PLANE('',#1404);
#30=PLANE('',#1425);
#31=PLANE('',#1465);
#32=PLANE('',#1472);
#33=PLANE('',#1473);
#34=PLANE('',#1481);
#35=PLANE('',#1488);
#36=PLANE('',#1493);
#37=PLANE('',#1494);
#38=PLANE('',#1495);
#39=PLANE('',#1496);
#40=PLANE('',#1497);
#41=PLANE('',#1498);
#42=PLANE('',#1499);
#43=PLANE('',#1500);
#44=PLANE('',#1501);
#45=PLANE('',#1502);
#46=PLANE('',#1503);
#47=PLANE('',#1504);
#48=PLANE('',#1505);
#49=PLANE('',#1506);
#50=PLANE('',#1507);
#51=PLANE('',#1508);
#52=PLANE('',#1509);
#53=PLANE('',#1510);
#54=PLANE('',#1511);
#55=PLANE('',#1512);
#56=PLANE('',#1513);
#57=PLANE('',#1514);
#58=PLANE('',#1515);
#59=PLANE('',#1516);
#60=PLANE('',#1517);
#61=PLANE('',#1518);
#62=PLANE('',#1519);
#63=PLANE('',#1520);
#64=PLANE('',#1521);
#65=PLANE('',#1522);
#66=PLANE('',#1523);
#67=PLANE('',#1524);
#68=PLANE('',#1525);
#69=PLANE('',#1526);
#70=PLANE('',#1527);
#71=PLANE('',#1528);
#72=PLANE('',#1529);
#73=PLANE('',#1530);
#74=PLANE('',#1531);
#75=PLANE('',#1532);
#76=PLANE('',#1533);
#77=PLANE('',#1534);
#78=PLANE('',#1535);
#79=PLANE('',#1536);
#80=PLANE('',#1537);
#81=PLANE('',#1538);
#82=PLANE('',#1539);
#83=PLANE('',#1540);
#84=PLANE('',#1541);
#85=FACE_OUTER_BOUND('',#167,.T.);
#86=FACE_OUTER_BOUND('',#168,.T.);
#87=FACE_OUTER_BOUND('',#171,.T.);
#88=FACE_OUTER_BOUND('',#172,.T.);
#89=FACE_OUTER_BOUND('',#173,.T.);
#90=FACE_OUTER_BOUND('',#176,.T.);
#91=FACE_OUTER_BOUND('',#177,.T.);
#92=FACE_OUTER_BOUND('',#178,.T.);
#93=FACE_OUTER_BOUND('',#179,.T.);
#94=FACE_OUTER_BOUND('',#180,.T.);
#95=FACE_OUTER_BOUND('',#181,.T.);
#96=FACE_OUTER_BOUND('',#182,.T.);
#97=FACE_OUTER_BOUND('',#183,.T.);
#98=FACE_OUTER_BOUND('',#184,.T.);
#99=FACE_OUTER_BOUND('',#185,.T.);
#100=FACE_OUTER_BOUND('',#186,.T.);
#101=FACE_OUTER_BOUND('',#187,.T.);
#102=FACE_OUTER_BOUND('',#188,.T.);
#103=FACE_OUTER_BOUND('',#189,.T.);
#104=FACE_OUTER_BOUND('',#190,.T.);
#105=FACE_OUTER_BOUND('',#191,.T.);
#106=FACE_OUTER_BOUND('',#192,.T.);
#107=FACE_OUTER_BOUND('',#193,.T.);
#108=FACE_OUTER_BOUND('',#194,.T.);
#109=FACE_OUTER_BOUND('',#195,.T.);
#110=FACE_OUTER_BOUND('',#196,.T.);
#111=FACE_OUTER_BOUND('',#197,.T.);
#112=FACE_OUTER_BOUND('',#198,.T.);
#113=FACE_OUTER_BOUND('',#199,.T.);
#114=FACE_OUTER_BOUND('',#200,.T.);
#115=FACE_OUTER_BOUND('',#201,.T.);
#116=FACE_OUTER_BOUND('',#202,.T.);
#117=FACE_OUTER_BOUND('',#203,.T.);
#118=FACE_OUTER_BOUND('',#204,.T.);
#119=FACE_OUTER_BOUND('',#205,.T.);
#120=FACE_OUTER_BOUND('',#206,.T.);
#121=FACE_OUTER_BOUND('',#207,.T.);
#122=FACE_OUTER_BOUND('',#208,.T.);
#123=FACE_OUTER_BOUND('',#209,.T.);
#124=FACE_OUTER_BOUND('',#210,.T.);
#125=FACE_OUTER_BOUND('',#211,.T.);
#126=FACE_OUTER_BOUND('',#212,.T.);
#127=FACE_OUTER_BOUND('',#213,.T.);
#128=FACE_OUTER_BOUND('',#214,.T.);
#129=FACE_OUTER_BOUND('',#215,.T.);
#130=FACE_OUTER_BOUND('',#216,.T.);
#131=FACE_OUTER_BOUND('',#217,.T.);
#132=FACE_OUTER_BOUND('',#218,.T.);
#133=FACE_OUTER_BOUND('',#219,.T.);
#134=FACE_OUTER_BOUND('',#220,.T.);
#135=FACE_OUTER_BOUND('',#221,.T.);
#136=FACE_OUTER_BOUND('',#222,.T.);
#137=FACE_OUTER_BOUND('',#223,.T.);
#138=FACE_OUTER_BOUND('',#224,.T.);
#139=FACE_OUTER_BOUND('',#225,.T.);
#140=FACE_OUTER_BOUND('',#226,.T.);
#141=FACE_OUTER_BOUND('',#227,.T.);
#142=FACE_OUTER_BOUND('',#228,.T.);
#143=FACE_OUTER_BOUND('',#229,.T.);
#144=FACE_OUTER_BOUND('',#230,.T.);
#145=FACE_OUTER_BOUND('',#231,.T.);
#146=FACE_OUTER_BOUND('',#232,.T.);
#147=FACE_OUTER_BOUND('',#233,.T.);
#148=FACE_OUTER_BOUND('',#234,.T.);
#149=FACE_OUTER_BOUND('',#235,.T.);
#150=FACE_OUTER_BOUND('',#236,.T.);
#151=FACE_OUTER_BOUND('',#237,.T.);
#152=FACE_OUTER_BOUND('',#238,.T.);
#153=FACE_OUTER_BOUND('',#239,.T.);
#154=FACE_OUTER_BOUND('',#240,.T.);
#155=FACE_OUTER_BOUND('',#241,.T.);
#156=FACE_OUTER_BOUND('',#242,.T.);
#157=FACE_OUTER_BOUND('',#243,.T.);
#158=FACE_OUTER_BOUND('',#244,.T.);
#159=FACE_OUTER_BOUND('',#245,.T.);
#160=FACE_OUTER_BOUND('',#246,.T.);
#161=FACE_OUTER_BOUND('',#247,.T.);
#162=FACE_OUTER_BOUND('',#248,.T.);
#163=FACE_OUTER_BOUND('',#249,.T.);
#164=FACE_OUTER_BOUND('',#250,.T.);
#165=FACE_OUTER_BOUND('',#251,.T.);
#166=FACE_OUTER_BOUND('',#252,.T.);
#167=EDGE_LOOP('',(#897,#898,#899,#900));
#168=EDGE_LOOP('',(#901,#902,#903,#904,#905,#906,#907,#908));
#169=EDGE_LOOP('',(#909));
#170=EDGE_LOOP('',(#910));
#171=EDGE_LOOP('',(#911,#912,#913,#914,#915,#916,#917,#918,#919,#920,#921,
#922));
#172=EDGE_LOOP('',(#923,#924,#925,#926));
#173=EDGE_LOOP('',(#927,#928,#929,#930,#931,#932,#933,#934));
#174=EDGE_LOOP('',(#935));
#175=EDGE_LOOP('',(#936));
#176=EDGE_LOOP('',(#937,#938,#939,#940,#941,#942,#943,#944));
#177=EDGE_LOOP('',(#945,#946,#947,#948));
#178=EDGE_LOOP('',(#949,#950,#951,#952,#953,#954,#955,#956,#957,#958,#959,
#960));
#179=EDGE_LOOP('',(#961,#962,#963,#964));
#180=EDGE_LOOP('',(#965,#966,#967,#968,#969,#970,#971,#972));
#181=EDGE_LOOP('',(#973,#974,#975,#976));
#182=EDGE_LOOP('',(#977,#978,#979,#980));
#183=EDGE_LOOP('',(#981,#982,#983,#984));
#184=EDGE_LOOP('',(#985,#986,#987,#988));
#185=EDGE_LOOP('',(#989,#990,#991,#992));
#186=EDGE_LOOP('',(#993,#994,#995,#996));
#187=EDGE_LOOP('',(#997,#998,#999,#1000));
#188=EDGE_LOOP('',(#1001,#1002,#1003,#1004));
#189=EDGE_LOOP('',(#1005,#1006,#1007,#1008));
#190=EDGE_LOOP('',(#1009,#1010,#1011,#1012));
#191=EDGE_LOOP('',(#1013,#1014,#1015,#1016));
#192=EDGE_LOOP('',(#1017,#1018,#1019,#1020));
#193=EDGE_LOOP('',(#1021,#1022,#1023,#1024));
#194=EDGE_LOOP('',(#1025,#1026,#1027,#1028));
#195=EDGE_LOOP('',(#1029,#1030,#1031,#1032));
#196=EDGE_LOOP('',(#1033,#1034,#1035,#1036));
#197=EDGE_LOOP('',(#1037,#1038,#1039,#1040));
#198=EDGE_LOOP('',(#1041,#1042,#1043,#1044));
#199=EDGE_LOOP('',(#1045,#1046,#1047,#1048));
#200=EDGE_LOOP('',(#1049,#1050,#1051,#1052));
#201=EDGE_LOOP('',(#1053,#1054,#1055,#1056));
#202=EDGE_LOOP('',(#1057,#1058,#1059,#1060));
#203=EDGE_LOOP('',(#1061,#1062,#1063,#1064));
#204=EDGE_LOOP('',(#1065,#1066,#1067));
#205=EDGE_LOOP('',(#1068,#1069,#1070,#1071));
#206=EDGE_LOOP('',(#1072,#1073,#1074));
#207=EDGE_LOOP('',(#1075,#1076,#1077));
#208=EDGE_LOOP('',(#1078,#1079,#1080,#1081,#1082));
#209=EDGE_LOOP('',(#1083,#1084,#1085,#1086,#1087));
#210=EDGE_LOOP('',(#1088,#1089,#1090));
#211=EDGE_LOOP('',(#1091,#1092,#1093,#1094));
#212=EDGE_LOOP('',(#1095,#1096,#1097));
#213=EDGE_LOOP('',(#1098,#1099,#1100));
#214=EDGE_LOOP('',(#1101,#1102,#1103,#1104,#1105));
#215=EDGE_LOOP('',(#1106,#1107,#1108,#1109,#1110));
#216=EDGE_LOOP('',(#1111,#1112,#1113,#1114,#1115,#1116));
#217=EDGE_LOOP('',(#1117,#1118,#1119,#1120,#1121,#1122));
#218=EDGE_LOOP('',(#1123,#1124,#1125,#1126,#1127,#1128));
#219=EDGE_LOOP('',(#1129,#1130,#1131,#1132));
#220=EDGE_LOOP('',(#1133,#1134,#1135,#1136));
#221=EDGE_LOOP('',(#1137,#1138,#1139,#1140));
#222=EDGE_LOOP('',(#1141,#1142,#1143,#1144));
#223=EDGE_LOOP('',(#1145,#1146,#1147,#1148,#1149,#1150));
#224=EDGE_LOOP('',(#1151,#1152,#1153,#1154));
#225=EDGE_LOOP('',(#1155,#1156,#1157,#1158,#1159,#1160,#1161,#1162,#1163,
#1164,#1165));
#226=EDGE_LOOP('',(#1166,#1167,#1168,#1169));
#227=EDGE_LOOP('',(#1170,#1171,#1172,#1173,#1174,#1175));
#228=EDGE_LOOP('',(#1176,#1177,#1178,#1179));
#229=EDGE_LOOP('',(#1180,#1181,#1182,#1183,#1184,#1185,#1186,#1187,#1188,
#1189,#1190));
#230=EDGE_LOOP('',(#1191,#1192,#1193,#1194));
#231=EDGE_LOOP('',(#1195,#1196,#1197,#1198,#1199,#1200));
#232=EDGE_LOOP('',(#1201,#1202,#1203,#1204));
#233=EDGE_LOOP('',(#1205,#1206,#1207,#1208));
#234=EDGE_LOOP('',(#1209,#1210,#1211,#1212));
#235=EDGE_LOOP('',(#1213,#1214,#1215,#1216));
#236=EDGE_LOOP('',(#1217,#1218,#1219,#1220,#1221,#1222));
#237=EDGE_LOOP('',(#1223,#1224,#1225,#1226));
#238=EDGE_LOOP('',(#1227,#1228,#1229,#1230,#1231,#1232,#1233,#1234,#1235,
#1236,#1237));
#239=EDGE_LOOP('',(#1238,#1239,#1240,#1241));
#240=EDGE_LOOP('',(#1242,#1243,#1244,#1245,#1246,#1247));
#241=EDGE_LOOP('',(#1248,#1249,#1250,#1251));
#242=EDGE_LOOP('',(#1252,#1253,#1254,#1255,#1256,#1257,#1258,#1259,#1260,
#1261,#1262));
#243=EDGE_LOOP('',(#1263,#1264,#1265,#1266));
#244=EDGE_LOOP('',(#1267,#1268));
#245=EDGE_LOOP('',(#1269,#1270));
#246=EDGE_LOOP('',(#1271,#1272,#1273));
#247=EDGE_LOOP('',(#1274,#1275));
#248=EDGE_LOOP('',(#1276,#1277));
#249=EDGE_LOOP('',(#1278,#1279,#1280));
#250=EDGE_LOOP('',(#1281,#1282));
#251=EDGE_LOOP('',(#1283,#1284));
#252=EDGE_LOOP('',(#1285,#1286,#1287,#1288));
#253=LINE('',#1970,#389);
#254=LINE('',#1977,#390);
#255=LINE('',#1985,#391);
#256=LINE('',#1993,#392);
#257=LINE('',#2015,#393);
#258=LINE('',#2026,#394);
#259=LINE('',#2033,#395);
#260=LINE('',#2044,#396);
#261=LINE('',#2050,#397);
#262=LINE('',#2054,#398);
#263=LINE('',#2075,#399);
#264=LINE('',#2084,#400);
#265=LINE('',#2090,#401);
#266=LINE('',#2092,#402);
#267=LINE('',#2097,#403);
#268=LINE('',#2100,#404);
#269=LINE('',#2104,#405);
#270=LINE('',#2105,#406);
#271=LINE('',#2108,#407);
#272=LINE('',#2113,#408);
#273=LINE('',#2116,#409);
#274=LINE('',#2119,#410);
#275=LINE('',#2122,#411);
#276=LINE('',#2124,#412);
#277=LINE('',#2125,#413);
#278=LINE('',#2128,#414);
#279=LINE('',#2132,#415);
#280=LINE('',#2136,#416);
#281=LINE('',#2139,#417);
#282=LINE('',#2140,#418);
#283=LINE('',#2143,#419);
#284=LINE('',#2144,#420);
#285=LINE('',#2147,#421);
#286=LINE('',#2151,#422);
#287=LINE('',#2154,#423);
#288=LINE('',#2157,#424);
#289=LINE('',#2159,#425);
#290=LINE('',#2162,#426);
#291=LINE('',#2163,#427);
#292=LINE('',#2165,#428);
#293=LINE('',#2169,#429);
#294=LINE('',#2170,#430);
#295=LINE('',#2173,#431);
#296=LINE('',#2174,#432);
#297=LINE('',#2177,#433);
#298=LINE('',#2178,#434);
#299=LINE('',#2181,#435);
#300=LINE('',#2182,#436);
#301=LINE('',#2186,#437);
#302=LINE('',#2187,#438);
#303=LINE('',#2188,#439);
#304=LINE('',#2192,#440);
#305=LINE('',#2193,#441);
#306=LINE('',#2194,#442);
#307=LINE('',#2197,#443);
#308=LINE('',#2198,#444);
#309=LINE('',#2201,#445);
#310=LINE('',#2202,#446);
#311=LINE('',#2205,#447);
#312=LINE('',#2206,#448);
#313=LINE('',#2209,#449);
#314=LINE('',#2210,#450);
#315=LINE('',#2214,#451);
#316=LINE('',#2215,#452);
#317=LINE('',#2216,#453);
#318=LINE('',#2220,#454);
#319=LINE('',#2221,#455);
#320=LINE('',#2222,#456);
#321=LINE('',#2225,#457);
#322=LINE('',#2227,#458);
#323=LINE('',#2229,#459);
#324=LINE('',#2231,#460);
#325=LINE('',#2232,#461);
#326=LINE('',#2235,#462);
#327=LINE('',#2237,#463);
#328=LINE('',#2239,#464);
#329=LINE('',#2241,#465);
#330=LINE('',#2242,#466);
#331=LINE('',#2245,#467);
#332=LINE('',#2247,#468);
#333=LINE('',#2249,#469);
#334=LINE('',#2251,#470);
#335=LINE('',#2252,#471);
#336=LINE('',#2255,#472);
#337=LINE('',#2257,#473);
#338=LINE('',#2258,#474);
#339=LINE('',#2261,#475);
#340=LINE('',#2263,#476);
#341=LINE('',#2264,#477);
#342=LINE('',#2267,#478);
#343=LINE('',#2269,#479);
#344=LINE('',#2270,#480);
#345=LINE('',#2273,#481);
#346=LINE('',#2275,#482);
#347=LINE('',#2276,#483);
#348=LINE('',#2278,#484);
#349=LINE('',#2279,#485);
#350=LINE('',#2280,#486);
#351=LINE('',#2282,#487);
#352=LINE('',#2284,#488);
#353=LINE('',#2285,#489);
#354=LINE('',#2287,#490);
#355=LINE('',#2289,#491);
#356=LINE('',#2290,#492);
#357=LINE('',#2292,#493);
#358=LINE('',#2294,#494);
#359=LINE('',#2295,#495);
#360=LINE('',#2299,#496);
#361=LINE('',#2301,#497);
#362=LINE('',#2303,#498);
#363=LINE('',#2305,#499);
#364=LINE('',#2306,#500);
#365=LINE('',#2309,#501);
#366=LINE('',#2311,#502);
#367=LINE('',#2312,#503);
#368=LINE('',#2315,#504);
#369=LINE('',#2317,#505);
#370=LINE('',#2318,#506);
#371=LINE('',#2321,#507);
#372=LINE('',#2323,#508);
#373=LINE('',#2324,#509);
#374=LINE('',#2327,#510);
#375=LINE('',#2329,#511);
#376=LINE('',#2330,#512);
#377=LINE('',#2332,#513);
#378=LINE('',#2333,#514);
#379=LINE('',#2334,#515);
#380=LINE('',#2336,#516);
#381=LINE('',#2338,#517);
#382=LINE('',#2339,#518);
#383=LINE('',#2341,#519);
#384=LINE('',#2343,#520);
#385=LINE('',#2344,#521);
#386=LINE('',#2346,#522);
#387=LINE('',#2348,#523);
#388=LINE('',#2349,#524);
#389=VECTOR('',#1549,4.);
#390=VECTOR('',#1556,10.);
#391=VECTOR('',#1563,10.);
#392=VECTOR('',#1572,3.75);
#393=VECTOR('',#1595,2.35);
#394=VECTOR('',#1606,10.);
#395=VECTOR('',#1613,10.);
#396=VECTOR('',#1624,2.1);
#397=VECTOR('',#1631,4.);
#398=VECTOR('',#1636,3.75);
#399=VECTOR('',#1659,2.35);
#400=VECTOR('',#1668,2.1);
#401=VECTOR('',#1675,10.);
#402=VECTOR('',#1676,10.);
#403=VECTOR('',#1683,10.);
#404=VECTOR('',#1686,10.);
#405=VECTOR('',#1691,10.);
#406=VECTOR('',#1692,10.);
#407=VECTOR('',#1695,10.);
#408=VECTOR('',#1702,10.);
#409=VECTOR('',#1705,10.);
#410=VECTOR('',#1710,10.);
#411=VECTOR('',#1713,10.);
#412=VECTOR('',#1714,10.);
#413=VECTOR('',#1715,10.);
#414=VECTOR('',#1718,10.);
#415=VECTOR('',#1723,10.);
#416=VECTOR('',#1728,10.);
#417=VECTOR('',#1733,10.);
#418=VECTOR('',#1734,10.);
#419=VECTOR('',#1737,10.);
#420=VECTOR('',#1738,10.);
#421=VECTOR('',#1741,10.);
#422=VECTOR('',#1746,10.);
#423=VECTOR('',#1751,10.);
#424=VECTOR('',#1756,10.);
#425=VECTOR('',#1759,10.);
#426=VECTOR('',#1764,10.);
#427=VECTOR('',#1765,10.);
#428=VECTOR('',#1768,10.);
#429=VECTOR('',#1773,10.);
#430=VECTOR('',#1774,10.);
#431=VECTOR('',#1777,10.);
#432=VECTOR('',#1778,10.);
#433=VECTOR('',#1781,10.);
#434=VECTOR('',#1782,10.);
#435=VECTOR('',#1785,10.);
#436=VECTOR('',#1786,10.);
#437=VECTOR('',#1789,10.);
#438=VECTOR('',#1790,10.);
#439=VECTOR('',#1791,10.);
#440=VECTOR('',#1794,10.);
#441=VECTOR('',#1795,10.);
#442=VECTOR('',#1796,10.);
#443=VECTOR('',#1799,10.);
#444=VECTOR('',#1800,10.);
#445=VECTOR('',#1803,10.);
#446=VECTOR('',#1804,10.);
#447=VECTOR('',#1807,10.);
#448=VECTOR('',#1808,10.);
#449=VECTOR('',#1811,10.);
#450=VECTOR('',#1812,10.);
#451=VECTOR('',#1815,10.);
#452=VECTOR('',#1816,10.);
#453=VECTOR('',#1817,10.);
#454=VECTOR('',#1820,10.);
#455=VECTOR('',#1821,10.);
#456=VECTOR('',#1822,10.);
#457=VECTOR('',#1825,10.);
#458=VECTOR('',#1826,10.);
#459=VECTOR('',#1827,10.);
#460=VECTOR('',#1828,10.);
#461=VECTOR('',#1829,10.);
#462=VECTOR('',#1832,10.);
#463=VECTOR('',#1833,10.);
#464=VECTOR('',#1834,10.);
#465=VECTOR('',#1835,10.);
#466=VECTOR('',#1836,10.);
#467=VECTOR('',#1839,10.);
#468=VECTOR('',#1840,10.);
#469=VECTOR('',#1841,10.);
#470=VECTOR('',#1842,10.);
#471=VECTOR('',#1843,10.);
#472=VECTOR('',#1846,10.);
#473=VECTOR('',#1847,10.);
#474=VECTOR('',#1848,10.);
#475=VECTOR('',#1851,10.);
#476=VECTOR('',#1852,10.);
#477=VECTOR('',#1853,10.);
#478=VECTOR('',#1856,10.);
#479=VECTOR('',#1857,10.);
#480=VECTOR('',#1858,10.);
#481=VECTOR('',#1861,10.);
#482=VECTOR('',#1862,10.);
#483=VECTOR('',#1863,10.);
#484=VECTOR('',#1866,10.);
#485=VECTOR('',#1867,10.);
#486=VECTOR('',#1868,10.);
#487=VECTOR('',#1871,10.);
#488=VECTOR('',#1874,10.);
#489=VECTOR('',#1875,10.);
#490=VECTOR('',#1878,10.);
#491=VECTOR('',#1881,10.);
#492=VECTOR('',#1882,10.);
#493=VECTOR('',#1885,10.);
#494=VECTOR('',#1888,10.);
#495=VECTOR('',#1889,10.);
#496=VECTOR('',#1894,10.);
#497=VECTOR('',#1895,10.);
#498=VECTOR('',#1896,10.);
#499=VECTOR('',#1897,10.);
#500=VECTOR('',#1898,10.);
#501=VECTOR('',#1901,10.);
#502=VECTOR('',#1902,10.);
#503=VECTOR('',#1903,10.);
#504=VECTOR('',#1906,10.);
#505=VECTOR('',#1907,10.);
#506=VECTOR('',#1908,10.);
#507=VECTOR('',#1911,10.);
#508=VECTOR('',#1912,10.);
#509=VECTOR('',#1913,10.);
#510=VECTOR('',#1916,10.);
#511=VECTOR('',#1917,10.);
#512=VECTOR('',#1918,10.);
#513=VECTOR('',#1921,10.);
#514=VECTOR('',#1922,10.);
#515=VECTOR('',#1923,10.);
#516=VECTOR('',#1926,10.);
#517=VECTOR('',#1929,10.);
#518=VECTOR('',#1930,10.);
#519=VECTOR('',#1933,10.);
#520=VECTOR('',#1936,10.);
#521=VECTOR('',#1937,10.);
#522=VECTOR('',#1940,10.);
#523=VECTOR('',#1943,10.);
#524=VECTOR('',#1944,10.);
#525=CIRCLE('',#1402,4.25);
#526=CIRCLE('',#1403,3.75);
#527=CIRCLE('',#1405,6.99999999999999);
#528=CIRCLE('',#1406,6.99999999999998);
#529=CIRCLE('',#1407,6.49999999999757);
#530=CIRCLE('',#1408,7.);
#531=CIRCLE('',#1409,7.00000000000002);
#532=CIRCLE('',#1410,6.49999999999999);
#533=CIRCLE('',#1411,4.25);
#534=CIRCLE('',#1413,3.75);
#535=CIRCLE('',#1414,3.75);
#536=CIRCLE('',#1415,3.75);
#537=CIRCLE('',#1416,3.75);
#538=CIRCLE('',#1417,3.75);
#539=CIRCLE('',#1418,3.75);
#540=CIRCLE('',#1419,3.75);
#541=CIRCLE('',#1420,3.75);
#542=CIRCLE('',#1421,3.75);
#543=CIRCLE('',#1423,2.1);
#544=CIRCLE('',#1424,2.6);
#545=CIRCLE('',#1426,6.99999999999999);
#546=CIRCLE('',#1427,6.49999999999999);
#547=CIRCLE('',#1428,7.00000000000002);
#548=CIRCLE('',#1429,7.);
#549=CIRCLE('',#1430,6.49999999999757);
#550=CIRCLE('',#1431,6.99999999999998);
#551=CIRCLE('',#1432,2.6);
#552=CIRCLE('',#1434,2.1);
#553=CIRCLE('',#1435,2.1);
#554=CIRCLE('',#1436,2.1);
#555=CIRCLE('',#1437,2.1);
#556=CIRCLE('',#1438,2.1);
#557=CIRCLE('',#1440,3.75);
#558=CIRCLE('',#1442,3.75);
#559=CIRCLE('',#1443,3.75);
#560=CIRCLE('',#1444,3.75);
#561=CIRCLE('',#1445,3.75);
#562=CIRCLE('',#1446,3.75);
#563=CIRCLE('',#1447,3.75);
#564=CIRCLE('',#1448,3.75);
#565=CIRCLE('',#1449,3.75);
#566=CIRCLE('',#1450,3.75);
#567=CIRCLE('',#1452,2.1);
#568=CIRCLE('',#1454,2.1);
#569=CIRCLE('',#1455,2.1);
#570=CIRCLE('',#1456,2.1);
#571=CIRCLE('',#1457,2.1);
#572=CIRCLE('',#1458,2.1);
#573=CIRCLE('',#1460,5.99999999999998);
#574=CIRCLE('',#1462,7.49999999999999);
#575=CIRCLE('',#1464,6.00000000000002);
#576=CIRCLE('',#1467,6.);
#577=CIRCLE('',#1469,7.49999999999757);
#578=CIRCLE('',#1471,5.99999999999999);
#579=CIRCLE('',#1475,6.00000000000002);
#580=CIRCLE('',#1477,7.49999999999999);
#581=CIRCLE('',#1479,5.99999999999998);
#582=CIRCLE('',#1483,5.99999999999999);
#583=CIRCLE('',#1485,7.49999999999757);
#584=CIRCLE('',#1487,6.);
#585=VERTEX_POINT('',#1967);
#586=VERTEX_POINT('',#1969);
#587=VERTEX_POINT('',#1973);
#588=VERTEX_POINT('',#1974);
#589=VERTEX_POINT('',#1976);
#590=VERTEX_POINT('',#1978);
#591=VERTEX_POINT('',#1980);
#592=VERTEX_POINT('',#1982);
#593=VERTEX_POINT('',#1984);
#594=VERTEX_POINT('',#1986);
#595=VERTEX_POINT('',#1989);
#596=VERTEX_POINT('',#1992);
#597=VERTEX_POINT('',#1994);
#598=VERTEX_POINT('',#1996);
#599=VERTEX_POINT('',#1998);
#600=VERTEX_POINT('',#2000);
#601=VERTEX_POINT('',#2002);
#602=VERTEX_POINT('',#2004);
#603=VERTEX_POINT('',#2006);
#604=VERTEX_POINT('',#2008);
#605=VERTEX_POINT('',#2012);
#606=VERTEX_POINT('',#2014);
#607=VERTEX_POINT('',#2018);
#608=VERTEX_POINT('',#2019);
#609=VERTEX_POINT('',#2021);
#610=VERTEX_POINT('',#2023);
#611=VERTEX_POINT('',#2025);
#612=VERTEX_POINT('',#2027);
#613=VERTEX_POINT('',#2029);
#614=VERTEX_POINT('',#2031);
#615=VERTEX_POINT('',#2034);
#616=VERTEX_POINT('',#2037);
#617=VERTEX_POINT('',#2038);
#618=VERTEX_POINT('',#2040);
#619=VERTEX_POINT('',#2042);
#620=VERTEX_POINT('',#2045);
#621=VERTEX_POINT('',#2049);
#622=VERTEX_POINT('',#2053);
#623=VERTEX_POINT('',#2055);
#624=VERTEX_POINT('',#2057);
#625=VERTEX_POINT('',#2059);
#626=VERTEX_POINT('',#2061);
#627=VERTEX_POINT('',#2063);
#628=VERTEX_POINT('',#2065);
#629=VERTEX_POINT('',#2067);
#630=VERTEX_POINT('',#2069);
#631=VERTEX_POINT('',#2073);
#632=VERTEX_POINT('',#2077);
#633=VERTEX_POINT('',#2078);
#634=VERTEX_POINT('',#2080);
#635=VERTEX_POINT('',#2082);
#636=VERTEX_POINT('',#2085);
#637=VERTEX_POINT('',#2089);
#638=VERTEX_POINT('',#2091);
#639=VERTEX_POINT('',#2095);
#640=VERTEX_POINT('',#2099);
#641=VERTEX_POINT('',#2103);
#642=VERTEX_POINT('',#2107);
#643=VERTEX_POINT('',#2111);
#644=VERTEX_POINT('',#2115);
#645=VERTEX_POINT('',#2121);
#646=VERTEX_POINT('',#2123);
#647=VERTEX_POINT('',#2127);
#648=VERTEX_POINT('',#2131);
#649=VERTEX_POINT('',#2135);
#650=VERTEX_POINT('',#2142);
#651=VERTEX_POINT('',#2146);
#652=VERTEX_POINT('',#2150);
#653=VERTEX_POINT('',#2168);
#654=VERTEX_POINT('',#2172);
#655=VERTEX_POINT('',#2176);
#656=VERTEX_POINT('',#2180);
#657=VERTEX_POINT('',#2184);
#658=VERTEX_POINT('',#2185);
#659=VERTEX_POINT('',#2190);
#660=VERTEX_POINT('',#2191);
#661=VERTEX_POINT('',#2196);
#662=VERTEX_POINT('',#2200);
#663=VERTEX_POINT('',#2204);
#664=VERTEX_POINT('',#2208);
#665=VERTEX_POINT('',#2212);
#666=VERTEX_POINT('',#2213);
#667=VERTEX_POINT('',#2218);
#668=VERTEX_POINT('',#2219);
#669=VERTEX_POINT('',#2224);
#670=VERTEX_POINT('',#2226);
#671=VERTEX_POINT('',#2228);
#672=VERTEX_POINT('',#2230);
#673=VERTEX_POINT('',#2234);
#674=VERTEX_POINT('',#2236);
#675=VERTEX_POINT('',#2238);
#676=VERTEX_POINT('',#2240);
#677=VERTEX_POINT('',#2244);
#678=VERTEX_POINT('',#2246);
#679=VERTEX_POINT('',#2248);
#680=VERTEX_POINT('',#2250);
#681=VERTEX_POINT('',#2254);
#682=VERTEX_POINT('',#2256);
#683=VERTEX_POINT('',#2260);
#684=VERTEX_POINT('',#2262);
#685=VERTEX_POINT('',#2266);
#686=VERTEX_POINT('',#2268);
#687=VERTEX_POINT('',#2272);
#688=VERTEX_POINT('',#2274);
#689=VERTEX_POINT('',#2298);
#690=VERTEX_POINT('',#2300);
#691=VERTEX_POINT('',#2302);
#692=VERTEX_POINT('',#2304);
#693=VERTEX_POINT('',#2308);
#694=VERTEX_POINT('',#2310);
#695=VERTEX_POINT('',#2314);
#696=VERTEX_POINT('',#2316);
#697=VERTEX_POINT('',#2320);
#698=VERTEX_POINT('',#2322);
#699=VERTEX_POINT('',#2326);
#700=VERTEX_POINT('',#2328);
#701=EDGE_CURVE('',#585,#585,#525,.T.);
#702=EDGE_CURVE('',#585,#586,#253,.T.);
#703=EDGE_CURVE('',#586,#586,#526,.T.);
#704=EDGE_CURVE('',#587,#588,#527,.T.);
#705=EDGE_CURVE('',#589,#587,#254,.T.);
#706=EDGE_CURVE('',#590,#589,#528,.T.);
#707=EDGE_CURVE('',#591,#590,#529,.T.);
#708=EDGE_CURVE('',#592,#591,#530,.T.);
#709=EDGE_CURVE('',#593,#592,#255,.T.);
#710=EDGE_CURVE('',#594,#593,#531,.T.);
#711=EDGE_CURVE('',#588,#594,#532,.T.);
#712=EDGE_CURVE('',#595,#595,#533,.T.);
#713=EDGE_CURVE('',#586,#596,#256,.T.);
#714=EDGE_CURVE('',#596,#597,#534,.T.);
#715=EDGE_CURVE('',#597,#598,#535,.T.);
#716=EDGE_CURVE('',#598,#599,#536,.T.);
#717=EDGE_CURVE('',#599,#600,#537,.T.);
#718=EDGE_CURVE('',#600,#601,#538,.T.);
#719=EDGE_CURVE('',#601,#602,#539,.T.);
#720=EDGE_CURVE('',#602,#603,#540,.T.);
#721=EDGE_CURVE('',#603,#604,#541,.T.);
#722=EDGE_CURVE('',#604,#596,#542,.T.);
#723=EDGE_CURVE('',#605,#605,#543,.T.);
#724=EDGE_CURVE('',#605,#606,#257,.T.);
#725=EDGE_CURVE('',#606,#606,#544,.T.);
#726=EDGE_CURVE('',#607,#608,#545,.T.);
#727=EDGE_CURVE('',#609,#607,#546,.T.);
#728=EDGE_CURVE('',#610,#609,#547,.T.);
#729=EDGE_CURVE('',#611,#610,#258,.T.);
#730=EDGE_CURVE('',#612,#611,#548,.T.);
#731=EDGE_CURVE('',#613,#612,#549,.T.);
#732=EDGE_CURVE('',#614,#613,#550,.T.);
#733=EDGE_CURVE('',#608,#614,#259,.T.);
#734=EDGE_CURVE('',#615,#615,#551,.T.);
#735=EDGE_CURVE('',#616,#617,#552,.T.);
#736=EDGE_CURVE('',#617,#618,#553,.T.);
#737=EDGE_CURVE('',#618,#619,#554,.T.);
#738=EDGE_CURVE('',#619,#605,#260,.T.);
#739=EDGE_CURVE('',#619,#620,#555,.T.);
#740=EDGE_CURVE('',#620,#616,#556,.T.);
#741=EDGE_CURVE('',#595,#621,#261,.T.);
#742=EDGE_CURVE('',#621,#621,#557,.T.);
#743=EDGE_CURVE('',#621,#622,#262,.T.);
#744=EDGE_CURVE('',#622,#623,#558,.T.);
#745=EDGE_CURVE('',#623,#624,#559,.T.);
#746=EDGE_CURVE('',#624,#625,#560,.T.);
#747=EDGE_CURVE('',#625,#626,#561,.T.);
#748=EDGE_CURVE('',#626,#627,#562,.T.);
#749=EDGE_CURVE('',#627,#628,#563,.T.);
#750=EDGE_CURVE('',#628,#629,#564,.T.);
#751=EDGE_CURVE('',#629,#630,#565,.T.);
#752=EDGE_CURVE('',#630,#622,#566,.T.);
#753=EDGE_CURVE('',#631,#631,#567,.T.);
#754=EDGE_CURVE('',#631,#615,#263,.T.);
#755=EDGE_CURVE('',#632,#633,#568,.T.);
#756=EDGE_CURVE('',#633,#634,#569,.T.);
#757=EDGE_CURVE('',#634,#635,#570,.T.);
#758=EDGE_CURVE('',#635,#631,#264,.T.);
#759=EDGE_CURVE('',#635,#636,#571,.T.);
#760=EDGE_CURVE('',#636,#632,#572,.T.);
#761=EDGE_CURVE('',#637,#607,#265,.T.);
#762=EDGE_CURVE('',#608,#638,#266,.T.);
#763=EDGE_CURVE('',#638,#637,#573,.T.);
#764=EDGE_CURVE('',#637,#639,#574,.T.);
#765=EDGE_CURVE('',#639,#609,#267,.T.);
#766=EDGE_CURVE('',#640,#610,#268,.T.);
#767=EDGE_CURVE('',#639,#640,#575,.T.);
#768=EDGE_CURVE('',#640,#641,#269,.T.);
#769=EDGE_CURVE('',#641,#611,#270,.T.);
#770=EDGE_CURVE('',#642,#612,#271,.T.);
#771=EDGE_CURVE('',#641,#642,#576,.T.);
#772=EDGE_CURVE('',#642,#643,#577,.T.);
#773=EDGE_CURVE('',#643,#613,#272,.T.);
#774=EDGE_CURVE('',#644,#614,#273,.T.);
#775=EDGE_CURVE('',#643,#644,#578,.T.);
#776=EDGE_CURVE('',#644,#638,#274,.T.);
#777=EDGE_CURVE('',#640,#645,#275,.T.);
#778=EDGE_CURVE('',#646,#645,#276,.T.);
#779=EDGE_CURVE('',#641,#646,#277,.T.);
#780=EDGE_CURVE('',#639,#647,#278,.T.);
#781=EDGE_CURVE('',#645,#647,#579,.T.);
#782=EDGE_CURVE('',#637,#648,#279,.T.);
#783=EDGE_CURVE('',#647,#648,#580,.T.);
#784=EDGE_CURVE('',#638,#649,#280,.T.);
#785=EDGE_CURVE('',#648,#649,#581,.T.);
#786=EDGE_CURVE('',#649,#587,#281,.T.);
#787=EDGE_CURVE('',#588,#648,#282,.T.);
#788=EDGE_CURVE('',#650,#589,#283,.T.);
#789=EDGE_CURVE('',#649,#650,#284,.T.);
#790=EDGE_CURVE('',#651,#590,#285,.T.);
#791=EDGE_CURVE('',#650,#651,#582,.T.);
#792=EDGE_CURVE('',#652,#591,#286,.T.);
#793=EDGE_CURVE('',#651,#652,#583,.T.);
#794=EDGE_CURVE('',#646,#592,#287,.T.);
#795=EDGE_CURVE('',#652,#646,#584,.T.);
#796=EDGE_CURVE('',#645,#593,#288,.T.);
#797=EDGE_CURVE('',#647,#594,#289,.T.);
#798=EDGE_CURVE('',#642,#652,#290,.T.);
#799=EDGE_CURVE('',#643,#651,#291,.T.);
#800=EDGE_CURVE('',#644,#650,#292,.T.);
#801=EDGE_CURVE('',#653,#633,#293,.T.);
#802=EDGE_CURVE('',#634,#653,#294,.T.);
#803=EDGE_CURVE('',#654,#634,#295,.T.);
#804=EDGE_CURVE('',#636,#654,#296,.T.);
#805=EDGE_CURVE('',#655,#636,#297,.T.);
#806=EDGE_CURVE('',#632,#655,#298,.T.);
#807=EDGE_CURVE('',#656,#632,#299,.T.);
#808=EDGE_CURVE('',#633,#656,#300,.T.);
#809=EDGE_CURVE('',#657,#658,#301,.T.);
#810=EDGE_CURVE('',#657,#655,#302,.T.);
#811=EDGE_CURVE('',#658,#654,#303,.T.);
#812=EDGE_CURVE('',#659,#660,#304,.T.);
#813=EDGE_CURVE('',#659,#653,#305,.T.);
#814=EDGE_CURVE('',#660,#656,#306,.T.);
#815=EDGE_CURVE('',#661,#617,#307,.T.);
#816=EDGE_CURVE('',#618,#661,#308,.T.);
#817=EDGE_CURVE('',#662,#618,#309,.T.);
#818=EDGE_CURVE('',#620,#662,#310,.T.);
#819=EDGE_CURVE('',#663,#620,#311,.T.);
#820=EDGE_CURVE('',#616,#663,#312,.T.);
#821=EDGE_CURVE('',#664,#616,#313,.T.);
#822=EDGE_CURVE('',#617,#664,#314,.T.);
#823=EDGE_CURVE('',#665,#666,#315,.T.);
#824=EDGE_CURVE('',#665,#663,#316,.T.);
#825=EDGE_CURVE('',#666,#662,#317,.T.);
#826=EDGE_CURVE('',#667,#668,#318,.T.);
#827=EDGE_CURVE('',#667,#661,#319,.T.);
#828=EDGE_CURVE('',#668,#664,#320,.T.);
#829=EDGE_CURVE('',#669,#660,#321,.T.);
#830=EDGE_CURVE('',#670,#669,#322,.T.);
#831=EDGE_CURVE('',#671,#670,#323,.T.);
#832=EDGE_CURVE('',#672,#671,#324,.T.);
#833=EDGE_CURVE('',#659,#672,#325,.T.);
#834=EDGE_CURVE('',#673,#668,#326,.T.);
#835=EDGE_CURVE('',#674,#673,#327,.T.);
#836=EDGE_CURVE('',#675,#674,#328,.T.);
#837=EDGE_CURVE('',#676,#675,#329,.T.);
#838=EDGE_CURVE('',#667,#676,#330,.T.);
#839=EDGE_CURVE('',#677,#658,#331,.T.);
#840=EDGE_CURVE('',#678,#677,#332,.T.);
#841=EDGE_CURVE('',#679,#678,#333,.T.);
#842=EDGE_CURVE('',#680,#679,#334,.T.);
#843=EDGE_CURVE('',#657,#680,#335,.T.);
#844=EDGE_CURVE('',#625,#681,#336,.T.);
#845=EDGE_CURVE('',#681,#682,#337,.T.);
#846=EDGE_CURVE('',#682,#626,#338,.T.);
#847=EDGE_CURVE('',#623,#683,#339,.T.);
#848=EDGE_CURVE('',#683,#684,#340,.T.);
#849=EDGE_CURVE('',#684,#624,#341,.T.);
#850=EDGE_CURVE('',#629,#685,#342,.T.);
#851=EDGE_CURVE('',#685,#686,#343,.T.);
#852=EDGE_CURVE('',#686,#630,#344,.T.);
#853=EDGE_CURVE('',#627,#687,#345,.T.);
#854=EDGE_CURVE('',#687,#688,#346,.T.);
#855=EDGE_CURVE('',#688,#628,#347,.T.);
#856=EDGE_CURVE('',#684,#671,#348,.T.);
#857=EDGE_CURVE('',#681,#670,#349,.T.);
#858=EDGE_CURVE('',#624,#625,#350,.T.);
#859=EDGE_CURVE('',#683,#672,#351,.T.);
#860=EDGE_CURVE('',#630,#623,#352,.T.);
#861=EDGE_CURVE('',#686,#677,#353,.T.);
#862=EDGE_CURVE('',#685,#678,#354,.T.);
#863=EDGE_CURVE('',#688,#679,#355,.T.);
#864=EDGE_CURVE('',#628,#629,#356,.T.);
#865=EDGE_CURVE('',#687,#680,#357,.T.);
#866=EDGE_CURVE('',#626,#627,#358,.T.);
#867=EDGE_CURVE('',#682,#669,#359,.T.);
#868=EDGE_CURVE('',#689,#666,#360,.T.);
#869=EDGE_CURVE('',#690,#689,#361,.T.);
#870=EDGE_CURVE('',#691,#690,#362,.T.);
#871=EDGE_CURVE('',#692,#691,#363,.T.);
#872=EDGE_CURVE('',#665,#692,#364,.T.);
#873=EDGE_CURVE('',#599,#693,#365,.T.);
#874=EDGE_CURVE('',#693,#694,#366,.T.);
#875=EDGE_CURVE('',#694,#600,#367,.T.);
#876=EDGE_CURVE('',#597,#695,#368,.T.);
#877=EDGE_CURVE('',#695,#696,#369,.T.);
#878=EDGE_CURVE('',#696,#598,#370,.T.);
#879=EDGE_CURVE('',#603,#697,#371,.T.);
#880=EDGE_CURVE('',#697,#698,#372,.T.);
#881=EDGE_CURVE('',#698,#604,#373,.T.);
#882=EDGE_CURVE('',#601,#699,#374,.T.);
#883=EDGE_CURVE('',#699,#700,#375,.T.);
#884=EDGE_CURVE('',#700,#602,#376,.T.);
#885=EDGE_CURVE('',#696,#675,#377,.T.);
#886=EDGE_CURVE('',#693,#674,#378,.T.);
#887=EDGE_CURVE('',#598,#599,#379,.T.);
#888=EDGE_CURVE('',#695,#676,#380,.T.);
#889=EDGE_CURVE('',#604,#597,#381,.T.);
#890=EDGE_CURVE('',#698,#689,#382,.T.);
#891=EDGE_CURVE('',#697,#690,#383,.T.);
#892=EDGE_CURVE('',#700,#691,#384,.T.);
#893=EDGE_CURVE('',#602,#603,#385,.T.);
#894=EDGE_CURVE('',#699,#692,#386,.T.);
#895=EDGE_CURVE('',#600,#601,#387,.T.);
#896=EDGE_CURVE('',#694,#673,#388,.T.);
#897=ORIENTED_EDGE('',*,*,#701,.T.);
#898=ORIENTED_EDGE('',*,*,#702,.T.);
#899=ORIENTED_EDGE('',*,*,#703,.T.);
#900=ORIENTED_EDGE('',*,*,#702,.F.);
#901=ORIENTED_EDGE('',*,*,#704,.F.);
#902=ORIENTED_EDGE('',*,*,#705,.F.);
#903=ORIENTED_EDGE('',*,*,#706,.F.);
#904=ORIENTED_EDGE('',*,*,#707,.F.);
#905=ORIENTED_EDGE('',*,*,#708,.F.);
#906=ORIENTED_EDGE('',*,*,#709,.F.);
#907=ORIENTED_EDGE('',*,*,#710,.F.);
#908=ORIENTED_EDGE('',*,*,#711,.F.);
#909=ORIENTED_EDGE('',*,*,#712,.F.);
#910=ORIENTED_EDGE('',*,*,#701,.F.);
#911=ORIENTED_EDGE('',*,*,#703,.F.);
#912=ORIENTED_EDGE('',*,*,#713,.T.);
#913=ORIENTED_EDGE('',*,*,#714,.T.);
#914=ORIENTED_EDGE('',*,*,#715,.T.);
#915=ORIENTED_EDGE('',*,*,#716,.T.);
#916=ORIENTED_EDGE('',*,*,#717,.T.);
#917=ORIENTED_EDGE('',*,*,#718,.T.);
#918=ORIENTED_EDGE('',*,*,#719,.T.);
#919=ORIENTED_EDGE('',*,*,#720,.T.);
#920=ORIENTED_EDGE('',*,*,#721,.T.);
#921=ORIENTED_EDGE('',*,*,#722,.T.);
#922=ORIENTED_EDGE('',*,*,#713,.F.);
#923=ORIENTED_EDGE('',*,*,#723,.T.);
#924=ORIENTED_EDGE('',*,*,#724,.T.);
#925=ORIENTED_EDGE('',*,*,#725,.T.);
#926=ORIENTED_EDGE('',*,*,#724,.F.);
#927=ORIENTED_EDGE('',*,*,#726,.F.);
#928=ORIENTED_EDGE('',*,*,#727,.F.);
#929=ORIENTED_EDGE('',*,*,#728,.F.);
#930=ORIENTED_EDGE('',*,*,#729,.F.);
#931=ORIENTED_EDGE('',*,*,#730,.F.);
#932=ORIENTED_EDGE('',*,*,#731,.F.);
#933=ORIENTED_EDGE('',*,*,#732,.F.);
#934=ORIENTED_EDGE('',*,*,#733,.F.);
#935=ORIENTED_EDGE('',*,*,#734,.F.);
#936=ORIENTED_EDGE('',*,*,#725,.F.);
#937=ORIENTED_EDGE('',*,*,#735,.T.);
#938=ORIENTED_EDGE('',*,*,#736,.T.);
#939=ORIENTED_EDGE('',*,*,#737,.T.);
#940=ORIENTED_EDGE('',*,*,#738,.T.);
#941=ORIENTED_EDGE('',*,*,#723,.F.);
#942=ORIENTED_EDGE('',*,*,#738,.F.);
#943=ORIENTED_EDGE('',*,*,#739,.T.);
#944=ORIENTED_EDGE('',*,*,#740,.T.);
#945=ORIENTED_EDGE('',*,*,#712,.T.);
#946=ORIENTED_EDGE('',*,*,#741,.T.);
#947=ORIENTED_EDGE('',*,*,#742,.T.);
#948=ORIENTED_EDGE('',*,*,#741,.F.);
#949=ORIENTED_EDGE('',*,*,#742,.F.);
#950=ORIENTED_EDGE('',*,*,#743,.T.);
#951=ORIENTED_EDGE('',*,*,#744,.T.);
#952=ORIENTED_EDGE('',*,*,#745,.T.);
#953=ORIENTED_EDGE('',*,*,#746,.T.);
#954=ORIENTED_EDGE('',*,*,#747,.T.);
#955=ORIENTED_EDGE('',*,*,#748,.T.);
#956=ORIENTED_EDGE('',*,*,#749,.T.);
#957=ORIENTED_EDGE('',*,*,#750,.T.);
#958=ORIENTED_EDGE('',*,*,#751,.T.);
#959=ORIENTED_EDGE('',*,*,#752,.T.);
#960=ORIENTED_EDGE('',*,*,#743,.F.);
#961=ORIENTED_EDGE('',*,*,#753,.T.);
#962=ORIENTED_EDGE('',*,*,#754,.T.);
#963=ORIENTED_EDGE('',*,*,#734,.T.);
#964=ORIENTED_EDGE('',*,*,#754,.F.);
#965=ORIENTED_EDGE('',*,*,#755,.T.);
#966=ORIENTED_EDGE('',*,*,#756,.T.);
#967=ORIENTED_EDGE('',*,*,#757,.T.);
#968=ORIENTED_EDGE('',*,*,#758,.T.);
#969=ORIENTED_EDGE('',*,*,#753,.F.);
#970=ORIENTED_EDGE('',*,*,#758,.F.);
#971=ORIENTED_EDGE('',*,*,#759,.T.);
#972=ORIENTED_EDGE('',*,*,#760,.T.);
#973=ORIENTED_EDGE('',*,*,#761,.T.);
#974=ORIENTED_EDGE('',*,*,#726,.T.);
#975=ORIENTED_EDGE('',*,*,#762,.T.);
#976=ORIENTED_EDGE('',*,*,#763,.T.);
#977=ORIENTED_EDGE('',*,*,#761,.F.);
#978=ORIENTED_EDGE('',*,*,#764,.T.);
#979=ORIENTED_EDGE('',*,*,#765,.T.);
#980=ORIENTED_EDGE('',*,*,#727,.T.);
#981=ORIENTED_EDGE('',*,*,#766,.T.);
#982=ORIENTED_EDGE('',*,*,#728,.T.);
#983=ORIENTED_EDGE('',*,*,#765,.F.);
#984=ORIENTED_EDGE('',*,*,#767,.T.);
#985=ORIENTED_EDGE('',*,*,#766,.F.);
#986=ORIENTED_EDGE('',*,*,#768,.T.);
#987=ORIENTED_EDGE('',*,*,#769,.T.);
#988=ORIENTED_EDGE('',*,*,#729,.T.);
#989=ORIENTED_EDGE('',*,*,#770,.T.);
#990=ORIENTED_EDGE('',*,*,#730,.T.);
#991=ORIENTED_EDGE('',*,*,#769,.F.);
#992=ORIENTED_EDGE('',*,*,#771,.T.);
#993=ORIENTED_EDGE('',*,*,#770,.F.);
#994=ORIENTED_EDGE('',*,*,#772,.T.);
#995=ORIENTED_EDGE('',*,*,#773,.T.);
#996=ORIENTED_EDGE('',*,*,#731,.T.);
#997=ORIENTED_EDGE('',*,*,#774,.T.);
#998=ORIENTED_EDGE('',*,*,#732,.T.);
#999=ORIENTED_EDGE('',*,*,#773,.F.);
#1000=ORIENTED_EDGE('',*,*,#775,.T.);
#1001=ORIENTED_EDGE('',*,*,#774,.F.);
#1002=ORIENTED_EDGE('',*,*,#776,.T.);
#1003=ORIENTED_EDGE('',*,*,#762,.F.);
#1004=ORIENTED_EDGE('',*,*,#733,.T.);
#1005=ORIENTED_EDGE('',*,*,#768,.F.);
#1006=ORIENTED_EDGE('',*,*,#777,.T.);
#1007=ORIENTED_EDGE('',*,*,#778,.F.);
#1008=ORIENTED_EDGE('',*,*,#779,.F.);
#1009=ORIENTED_EDGE('',*,*,#767,.F.);
#1010=ORIENTED_EDGE('',*,*,#780,.T.);
#1011=ORIENTED_EDGE('',*,*,#781,.F.);
#1012=ORIENTED_EDGE('',*,*,#777,.F.);
#1013=ORIENTED_EDGE('',*,*,#764,.F.);
#1014=ORIENTED_EDGE('',*,*,#782,.T.);
#1015=ORIENTED_EDGE('',*,*,#783,.F.);
#1016=ORIENTED_EDGE('',*,*,#780,.F.);
#1017=ORIENTED_EDGE('',*,*,#763,.F.);
#1018=ORIENTED_EDGE('',*,*,#784,.T.);
#1019=ORIENTED_EDGE('',*,*,#785,.F.);
#1020=ORIENTED_EDGE('',*,*,#782,.F.);
#1021=ORIENTED_EDGE('',*,*,#786,.T.);
#1022=ORIENTED_EDGE('',*,*,#704,.T.);
#1023=ORIENTED_EDGE('',*,*,#787,.T.);
#1024=ORIENTED_EDGE('',*,*,#785,.T.);
#1025=ORIENTED_EDGE('',*,*,#788,.T.);
#1026=ORIENTED_EDGE('',*,*,#705,.T.);
#1027=ORIENTED_EDGE('',*,*,#786,.F.);
#1028=ORIENTED_EDGE('',*,*,#789,.T.);
#1029=ORIENTED_EDGE('',*,*,#790,.T.);
#1030=ORIENTED_EDGE('',*,*,#706,.T.);
#1031=ORIENTED_EDGE('',*,*,#788,.F.);
#1032=ORIENTED_EDGE('',*,*,#791,.T.);
#1033=ORIENTED_EDGE('',*,*,#792,.T.);
#1034=ORIENTED_EDGE('',*,*,#707,.T.);
#1035=ORIENTED_EDGE('',*,*,#790,.F.);
#1036=ORIENTED_EDGE('',*,*,#793,.T.);
#1037=ORIENTED_EDGE('',*,*,#794,.T.);
#1038=ORIENTED_EDGE('',*,*,#708,.T.);
#1039=ORIENTED_EDGE('',*,*,#792,.F.);
#1040=ORIENTED_EDGE('',*,*,#795,.T.);
#1041=ORIENTED_EDGE('',*,*,#796,.T.);
#1042=ORIENTED_EDGE('',*,*,#709,.T.);
#1043=ORIENTED_EDGE('',*,*,#794,.F.);
#1044=ORIENTED_EDGE('',*,*,#778,.T.);
#1045=ORIENTED_EDGE('',*,*,#797,.T.);
#1046=ORIENTED_EDGE('',*,*,#710,.T.);
#1047=ORIENTED_EDGE('',*,*,#796,.F.);
#1048=ORIENTED_EDGE('',*,*,#781,.T.);
#1049=ORIENTED_EDGE('',*,*,#787,.F.);
#1050=ORIENTED_EDGE('',*,*,#711,.T.);
#1051=ORIENTED_EDGE('',*,*,#797,.F.);
#1052=ORIENTED_EDGE('',*,*,#783,.T.);
#1053=ORIENTED_EDGE('',*,*,#772,.F.);
#1054=ORIENTED_EDGE('',*,*,#798,.T.);
#1055=ORIENTED_EDGE('',*,*,#793,.F.);
#1056=ORIENTED_EDGE('',*,*,#799,.F.);
#1057=ORIENTED_EDGE('',*,*,#775,.F.);
#1058=ORIENTED_EDGE('',*,*,#799,.T.);
#1059=ORIENTED_EDGE('',*,*,#791,.F.);
#1060=ORIENTED_EDGE('',*,*,#800,.F.);
#1061=ORIENTED_EDGE('',*,*,#776,.F.);
#1062=ORIENTED_EDGE('',*,*,#800,.T.);
#1063=ORIENTED_EDGE('',*,*,#789,.F.);
#1064=ORIENTED_EDGE('',*,*,#784,.F.);
#1065=ORIENTED_EDGE('',*,*,#756,.F.);
#1066=ORIENTED_EDGE('',*,*,#801,.F.);
#1067=ORIENTED_EDGE('',*,*,#802,.F.);
#1068=ORIENTED_EDGE('',*,*,#757,.F.);
#1069=ORIENTED_EDGE('',*,*,#803,.F.);
#1070=ORIENTED_EDGE('',*,*,#804,.F.);
#1071=ORIENTED_EDGE('',*,*,#759,.F.);
#1072=ORIENTED_EDGE('',*,*,#760,.F.);
#1073=ORIENTED_EDGE('',*,*,#805,.F.);
#1074=ORIENTED_EDGE('',*,*,#806,.F.);
#1075=ORIENTED_EDGE('',*,*,#755,.F.);
#1076=ORIENTED_EDGE('',*,*,#807,.F.);
#1077=ORIENTED_EDGE('',*,*,#808,.F.);
#1078=ORIENTED_EDGE('',*,*,#809,.F.);
#1079=ORIENTED_EDGE('',*,*,#810,.T.);
#1080=ORIENTED_EDGE('',*,*,#805,.T.);
#1081=ORIENTED_EDGE('',*,*,#804,.T.);
#1082=ORIENTED_EDGE('',*,*,#811,.F.);
#1083=ORIENTED_EDGE('',*,*,#812,.F.);
#1084=ORIENTED_EDGE('',*,*,#813,.T.);
#1085=ORIENTED_EDGE('',*,*,#801,.T.);
#1086=ORIENTED_EDGE('',*,*,#808,.T.);
#1087=ORIENTED_EDGE('',*,*,#814,.F.);
#1088=ORIENTED_EDGE('',*,*,#736,.F.);
#1089=ORIENTED_EDGE('',*,*,#815,.F.);
#1090=ORIENTED_EDGE('',*,*,#816,.F.);
#1091=ORIENTED_EDGE('',*,*,#737,.F.);
#1092=ORIENTED_EDGE('',*,*,#817,.F.);
#1093=ORIENTED_EDGE('',*,*,#818,.F.);
#1094=ORIENTED_EDGE('',*,*,#739,.F.);
#1095=ORIENTED_EDGE('',*,*,#740,.F.);
#1096=ORIENTED_EDGE('',*,*,#819,.F.);
#1097=ORIENTED_EDGE('',*,*,#820,.F.);
#1098=ORIENTED_EDGE('',*,*,#735,.F.);
#1099=ORIENTED_EDGE('',*,*,#821,.F.);
#1100=ORIENTED_EDGE('',*,*,#822,.F.);
#1101=ORIENTED_EDGE('',*,*,#823,.F.);
#1102=ORIENTED_EDGE('',*,*,#824,.T.);
#1103=ORIENTED_EDGE('',*,*,#819,.T.);
#1104=ORIENTED_EDGE('',*,*,#818,.T.);
#1105=ORIENTED_EDGE('',*,*,#825,.F.);
#1106=ORIENTED_EDGE('',*,*,#826,.F.);
#1107=ORIENTED_EDGE('',*,*,#827,.T.);
#1108=ORIENTED_EDGE('',*,*,#815,.T.);
#1109=ORIENTED_EDGE('',*,*,#822,.T.);
#1110=ORIENTED_EDGE('',*,*,#828,.F.);
#1111=ORIENTED_EDGE('',*,*,#812,.T.);
#1112=ORIENTED_EDGE('',*,*,#829,.F.);
#1113=ORIENTED_EDGE('',*,*,#830,.F.);
#1114=ORIENTED_EDGE('',*,*,#831,.F.);
#1115=ORIENTED_EDGE('',*,*,#832,.F.);
#1116=ORIENTED_EDGE('',*,*,#833,.F.);
#1117=ORIENTED_EDGE('',*,*,#826,.T.);
#1118=ORIENTED_EDGE('',*,*,#834,.F.);
#1119=ORIENTED_EDGE('',*,*,#835,.F.);
#1120=ORIENTED_EDGE('',*,*,#836,.F.);
#1121=ORIENTED_EDGE('',*,*,#837,.F.);
#1122=ORIENTED_EDGE('',*,*,#838,.F.);
#1123=ORIENTED_EDGE('',*,*,#809,.T.);
#1124=ORIENTED_EDGE('',*,*,#839,.F.);
#1125=ORIENTED_EDGE('',*,*,#840,.F.);
#1126=ORIENTED_EDGE('',*,*,#841,.F.);
#1127=ORIENTED_EDGE('',*,*,#842,.F.);
#1128=ORIENTED_EDGE('',*,*,#843,.F.);
#1129=ORIENTED_EDGE('',*,*,#747,.F.);
#1130=ORIENTED_EDGE('',*,*,#844,.T.);
#1131=ORIENTED_EDGE('',*,*,#845,.T.);
#1132=ORIENTED_EDGE('',*,*,#846,.T.);
#1133=ORIENTED_EDGE('',*,*,#745,.F.);
#1134=ORIENTED_EDGE('',*,*,#847,.T.);
#1135=ORIENTED_EDGE('',*,*,#848,.T.);
#1136=ORIENTED_EDGE('',*,*,#849,.T.);
#1137=ORIENTED_EDGE('',*,*,#751,.F.);
#1138=ORIENTED_EDGE('',*,*,#850,.T.);
#1139=ORIENTED_EDGE('',*,*,#851,.T.);
#1140=ORIENTED_EDGE('',*,*,#852,.T.);
#1141=ORIENTED_EDGE('',*,*,#749,.F.);
#1142=ORIENTED_EDGE('',*,*,#853,.T.);
#1143=ORIENTED_EDGE('',*,*,#854,.T.);
#1144=ORIENTED_EDGE('',*,*,#855,.T.);
#1145=ORIENTED_EDGE('',*,*,#849,.F.);
#1146=ORIENTED_EDGE('',*,*,#856,.T.);
#1147=ORIENTED_EDGE('',*,*,#831,.T.);
#1148=ORIENTED_EDGE('',*,*,#857,.F.);
#1149=ORIENTED_EDGE('',*,*,#844,.F.);
#1150=ORIENTED_EDGE('',*,*,#858,.F.);
#1151=ORIENTED_EDGE('',*,*,#848,.F.);
#1152=ORIENTED_EDGE('',*,*,#859,.T.);
#1153=ORIENTED_EDGE('',*,*,#832,.T.);
#1154=ORIENTED_EDGE('',*,*,#856,.F.);
#1155=ORIENTED_EDGE('',*,*,#860,.F.);
#1156=ORIENTED_EDGE('',*,*,#852,.F.);
#1157=ORIENTED_EDGE('',*,*,#861,.T.);
#1158=ORIENTED_EDGE('',*,*,#839,.T.);
#1159=ORIENTED_EDGE('',*,*,#811,.T.);
#1160=ORIENTED_EDGE('',*,*,#803,.T.);
#1161=ORIENTED_EDGE('',*,*,#802,.T.);
#1162=ORIENTED_EDGE('',*,*,#813,.F.);
#1163=ORIENTED_EDGE('',*,*,#833,.T.);
#1164=ORIENTED_EDGE('',*,*,#859,.F.);
#1165=ORIENTED_EDGE('',*,*,#847,.F.);
#1166=ORIENTED_EDGE('',*,*,#851,.F.);
#1167=ORIENTED_EDGE('',*,*,#862,.T.);
#1168=ORIENTED_EDGE('',*,*,#840,.T.);
#1169=ORIENTED_EDGE('',*,*,#861,.F.);
#1170=ORIENTED_EDGE('',*,*,#855,.F.);
#1171=ORIENTED_EDGE('',*,*,#863,.T.);
#1172=ORIENTED_EDGE('',*,*,#841,.T.);
#1173=ORIENTED_EDGE('',*,*,#862,.F.);
#1174=ORIENTED_EDGE('',*,*,#850,.F.);
#1175=ORIENTED_EDGE('',*,*,#864,.F.);
#1176=ORIENTED_EDGE('',*,*,#854,.F.);
#1177=ORIENTED_EDGE('',*,*,#865,.T.);
#1178=ORIENTED_EDGE('',*,*,#842,.T.);
#1179=ORIENTED_EDGE('',*,*,#863,.F.);
#1180=ORIENTED_EDGE('',*,*,#866,.F.);
#1181=ORIENTED_EDGE('',*,*,#846,.F.);
#1182=ORIENTED_EDGE('',*,*,#867,.T.);
#1183=ORIENTED_EDGE('',*,*,#829,.T.);
#1184=ORIENTED_EDGE('',*,*,#814,.T.);
#1185=ORIENTED_EDGE('',*,*,#807,.T.);
#1186=ORIENTED_EDGE('',*,*,#806,.T.);
#1187=ORIENTED_EDGE('',*,*,#810,.F.);
#1188=ORIENTED_EDGE('',*,*,#843,.T.);
#1189=ORIENTED_EDGE('',*,*,#865,.F.);
#1190=ORIENTED_EDGE('',*,*,#853,.F.);
#1191=ORIENTED_EDGE('',*,*,#845,.F.);
#1192=ORIENTED_EDGE('',*,*,#857,.T.);
#1193=ORIENTED_EDGE('',*,*,#830,.T.);
#1194=ORIENTED_EDGE('',*,*,#867,.F.);
#1195=ORIENTED_EDGE('',*,*,#823,.T.);
#1196=ORIENTED_EDGE('',*,*,#868,.F.);
#1197=ORIENTED_EDGE('',*,*,#869,.F.);
#1198=ORIENTED_EDGE('',*,*,#870,.F.);
#1199=ORIENTED_EDGE('',*,*,#871,.F.);
#1200=ORIENTED_EDGE('',*,*,#872,.F.);
#1201=ORIENTED_EDGE('',*,*,#717,.F.);
#1202=ORIENTED_EDGE('',*,*,#873,.T.);
#1203=ORIENTED_EDGE('',*,*,#874,.T.);
#1204=ORIENTED_EDGE('',*,*,#875,.T.);
#1205=ORIENTED_EDGE('',*,*,#715,.F.);
#1206=ORIENTED_EDGE('',*,*,#876,.T.);
#1207=ORIENTED_EDGE('',*,*,#877,.T.);
#1208=ORIENTED_EDGE('',*,*,#878,.T.);
#1209=ORIENTED_EDGE('',*,*,#721,.F.);
#1210=ORIENTED_EDGE('',*,*,#879,.T.);
#1211=ORIENTED_EDGE('',*,*,#880,.T.);
#1212=ORIENTED_EDGE('',*,*,#881,.T.);
#1213=ORIENTED_EDGE('',*,*,#719,.F.);
#1214=ORIENTED_EDGE('',*,*,#882,.T.);
#1215=ORIENTED_EDGE('',*,*,#883,.T.);
#1216=ORIENTED_EDGE('',*,*,#884,.T.);
#1217=ORIENTED_EDGE('',*,*,#878,.F.);
#1218=ORIENTED_EDGE('',*,*,#885,.T.);
#1219=ORIENTED_EDGE('',*,*,#836,.T.);
#1220=ORIENTED_EDGE('',*,*,#886,.F.);
#1221=ORIENTED_EDGE('',*,*,#873,.F.);
#1222=ORIENTED_EDGE('',*,*,#887,.F.);
#1223=ORIENTED_EDGE('',*,*,#877,.F.);
#1224=ORIENTED_EDGE('',*,*,#888,.T.);
#1225=ORIENTED_EDGE('',*,*,#837,.T.);
#1226=ORIENTED_EDGE('',*,*,#885,.F.);
#1227=ORIENTED_EDGE('',*,*,#889,.F.);
#1228=ORIENTED_EDGE('',*,*,#881,.F.);
#1229=ORIENTED_EDGE('',*,*,#890,.T.);
#1230=ORIENTED_EDGE('',*,*,#868,.T.);
#1231=ORIENTED_EDGE('',*,*,#825,.T.);
#1232=ORIENTED_EDGE('',*,*,#817,.T.);
#1233=ORIENTED_EDGE('',*,*,#816,.T.);
#1234=ORIENTED_EDGE('',*,*,#827,.F.);
#1235=ORIENTED_EDGE('',*,*,#838,.T.);
#1236=ORIENTED_EDGE('',*,*,#888,.F.);
#1237=ORIENTED_EDGE('',*,*,#876,.F.);
#1238=ORIENTED_EDGE('',*,*,#880,.F.);
#1239=ORIENTED_EDGE('',*,*,#891,.T.);
#1240=ORIENTED_EDGE('',*,*,#869,.T.);
#1241=ORIENTED_EDGE('',*,*,#890,.F.);
#1242=ORIENTED_EDGE('',*,*,#884,.F.);
#1243=ORIENTED_EDGE('',*,*,#892,.T.);
#1244=ORIENTED_EDGE('',*,*,#870,.T.);
#1245=ORIENTED_EDGE('',*,*,#891,.F.);
#1246=ORIENTED_EDGE('',*,*,#879,.F.);
#1247=ORIENTED_EDGE('',*,*,#893,.F.);
#1248=ORIENTED_EDGE('',*,*,#883,.F.);
#1249=ORIENTED_EDGE('',*,*,#894,.T.);
#1250=ORIENTED_EDGE('',*,*,#871,.T.);
#1251=ORIENTED_EDGE('',*,*,#892,.F.);
#1252=ORIENTED_EDGE('',*,*,#895,.F.);
#1253=ORIENTED_EDGE('',*,*,#875,.F.);
#1254=ORIENTED_EDGE('',*,*,#896,.T.);
#1255=ORIENTED_EDGE('',*,*,#834,.T.);
#1256=ORIENTED_EDGE('',*,*,#828,.T.);
#1257=ORIENTED_EDGE('',*,*,#821,.T.);
#1258=ORIENTED_EDGE('',*,*,#820,.T.);
#1259=ORIENTED_EDGE('',*,*,#824,.F.);
#1260=ORIENTED_EDGE('',*,*,#872,.T.);
#1261=ORIENTED_EDGE('',*,*,#894,.F.);
#1262=ORIENTED_EDGE('',*,*,#882,.F.);
#1263=ORIENTED_EDGE('',*,*,#874,.F.);
#1264=ORIENTED_EDGE('',*,*,#886,.T.);
#1265=ORIENTED_EDGE('',*,*,#835,.T.);
#1266=ORIENTED_EDGE('',*,*,#896,.F.);
#1267=ORIENTED_EDGE('',*,*,#858,.T.);
#1268=ORIENTED_EDGE('',*,*,#746,.F.);
#1269=ORIENTED_EDGE('',*,*,#866,.T.);
#1270=ORIENTED_EDGE('',*,*,#748,.F.);
#1271=ORIENTED_EDGE('',*,*,#860,.T.);
#1272=ORIENTED_EDGE('',*,*,#744,.F.);
#1273=ORIENTED_EDGE('',*,*,#752,.F.);
#1274=ORIENTED_EDGE('',*,*,#887,.T.);
#1275=ORIENTED_EDGE('',*,*,#716,.F.);
#1276=ORIENTED_EDGE('',*,*,#895,.T.);
#1277=ORIENTED_EDGE('',*,*,#718,.F.);
#1278=ORIENTED_EDGE('',*,*,#889,.T.);
#1279=ORIENTED_EDGE('',*,*,#714,.F.);
#1280=ORIENTED_EDGE('',*,*,#722,.F.);
#1281=ORIENTED_EDGE('',*,*,#864,.T.);
#1282=ORIENTED_EDGE('',*,*,#750,.F.);
#1283=ORIENTED_EDGE('',*,*,#893,.T.);
#1284=ORIENTED_EDGE('',*,*,#720,.F.);
#1285=ORIENTED_EDGE('',*,*,#771,.F.);
#1286=ORIENTED_EDGE('',*,*,#779,.T.);
#1287=ORIENTED_EDGE('',*,*,#795,.F.);
#1288=ORIENTED_EDGE('',*,*,#798,.F.);
#1289=CONICAL_SURFACE('',#1401,4.,0.785398163397446);
#1290=CONICAL_SURFACE('',#1422,2.35,0.785398163397446);
#1291=CONICAL_SURFACE('',#1439,4.,0.785398163397446);
#1292=CONICAL_SURFACE('',#1451,2.35,0.785398163397448);
#1293=CONICAL_SURFACE('',#1459,6.49999999999998,0.785398163397451);
#1294=CONICAL_SURFACE('',#1461,6.99999999999999,0.785398163397447);
#1295=CONICAL_SURFACE('',#1463,6.50000000000002,0.785398163397449);
#1296=CONICAL_SURFACE('',#1466,6.5,0.785398163397447);
#1297=CONICAL_SURFACE('',#1468,6.99999999999757,0.785398163397451);
#1298=CONICAL_SURFACE('',#1470,6.49999999999999,0.785398163397447);
#1299=CONICAL_SURFACE('',#1480,6.49999999999998,0.78539816339745);
#1300=CONICAL_SURFACE('',#1482,6.49999999999999,0.785398163397447);
#1301=CONICAL_SURFACE('',#1484,6.99999999999757,0.78539816339745);
#1302=CONICAL_SURFACE('',#1486,6.5,0.785398163397446);
#1303=CONICAL_SURFACE('',#1489,6.50000000000002,0.785398163397448);
#1304=CONICAL_SURFACE('',#1490,6.99999999999999,0.785398163397446);
#1305=ADVANCED_FACE('',(#85),#1289,.F.);
#1306=ADVANCED_FACE('',(#86,#25,#26),#29,.T.);
#1307=ADVANCED_FACE('',(#87),#15,.F.);
#1308=ADVANCED_FACE('',(#88),#1290,.F.);
#1309=ADVANCED_FACE('',(#89,#27,#28),#30,.F.);
#1310=ADVANCED_FACE('',(#90),#16,.F.);
#1311=ADVANCED_FACE('',(#91),#1291,.F.);
#1312=ADVANCED_FACE('',(#92),#17,.F.);
#1313=ADVANCED_FACE('',(#93),#1292,.F.);
#1314=ADVANCED_FACE('',(#94),#18,.F.);
#1315=ADVANCED_FACE('',(#95),#1293,.F.);
#1316=ADVANCED_FACE('',(#96),#1294,.T.);
#1317=ADVANCED_FACE('',(#97),#1295,.F.);
#1318=ADVANCED_FACE('',(#98),#31,.T.);
#1319=ADVANCED_FACE('',(#99),#1296,.F.);
#1320=ADVANCED_FACE('',(#100),#1297,.T.);
#1321=ADVANCED_FACE('',(#101),#1298,.F.);
#1322=ADVANCED_FACE('',(#102),#32,.T.);
#1323=ADVANCED_FACE('',(#103),#33,.T.);
#1324=ADVANCED_FACE('',(#104),#19,.F.);
#1325=ADVANCED_FACE('',(#105),#20,.T.);
#1326=ADVANCED_FACE('',(#106),#21,.F.);
#1327=ADVANCED_FACE('',(#107),#1299,.F.);
#1328=ADVANCED_FACE('',(#108),#34,.T.);
#1329=ADVANCED_FACE('',(#109),#1300,.F.);
#1330=ADVANCED_FACE('',(#110),#1301,.T.);
#1331=ADVANCED_FACE('',(#111),#1302,.F.);
#1332=ADVANCED_FACE('',(#112),#35,.T.);
#1333=ADVANCED_FACE('',(#113),#1303,.F.);
#1334=ADVANCED_FACE('',(#114),#1304,.T.);
#1335=ADVANCED_FACE('',(#115),#22,.T.);
#1336=ADVANCED_FACE('',(#116),#23,.F.);
#1337=ADVANCED_FACE('',(#117),#36,.T.);
#1338=ADVANCED_FACE('',(#118),#37,.F.);
#1339=ADVANCED_FACE('',(#119),#38,.F.);
#1340=ADVANCED_FACE('',(#120),#39,.F.);
#1341=ADVANCED_FACE('',(#121),#40,.F.);
#1342=ADVANCED_FACE('',(#122),#41,.F.);
#1343=ADVANCED_FACE('',(#123),#42,.F.);
#1344=ADVANCED_FACE('',(#124),#43,.F.);
#1345=ADVANCED_FACE('',(#125),#44,.F.);
#1346=ADVANCED_FACE('',(#126),#45,.F.);
#1347=ADVANCED_FACE('',(#127),#46,.F.);
#1348=ADVANCED_FACE('',(#128),#47,.F.);
#1349=ADVANCED_FACE('',(#129),#48,.F.);
#1350=ADVANCED_FACE('',(#130),#49,.F.);
#1351=ADVANCED_FACE('',(#131),#50,.F.);
#1352=ADVANCED_FACE('',(#132),#51,.F.);
#1353=ADVANCED_FACE('',(#133),#52,.F.);
#1354=ADVANCED_FACE('',(#134),#53,.F.);
#1355=ADVANCED_FACE('',(#135),#54,.F.);
#1356=ADVANCED_FACE('',(#136),#55,.F.);
#1357=ADVANCED_FACE('',(#137),#56,.F.);
#1358=ADVANCED_FACE('',(#138),#57,.F.);
#1359=ADVANCED_FACE('',(#139),#58,.F.);
#1360=ADVANCED_FACE('',(#140),#59,.F.);
#1361=ADVANCED_FACE('',(#141),#60,.F.);
#1362=ADVANCED_FACE('',(#142),#61,.F.);
#1363=ADVANCED_FACE('',(#143),#62,.F.);
#1364=ADVANCED_FACE('',(#144),#63,.F.);
#1365=ADVANCED_FACE('',(#145),#64,.F.);
#1366=ADVANCED_FACE('',(#146),#65,.F.);
#1367=ADVANCED_FACE('',(#147),#66,.F.);
#1368=ADVANCED_FACE('',(#148),#67,.F.);
#1369=ADVANCED_FACE('',(#149),#68,.F.);
#1370=ADVANCED_FACE('',(#150),#69,.F.);
#1371=ADVANCED_FACE('',(#151),#70,.F.);
#1372=ADVANCED_FACE('',(#152),#71,.F.);
#1373=ADVANCED_FACE('',(#153),#72,.F.);
#1374=ADVANCED_FACE('',(#154),#73,.F.);
#1375=ADVANCED_FACE('',(#155),#74,.F.);
#1376=ADVANCED_FACE('',(#156),#75,.F.);
#1377=ADVANCED_FACE('',(#157),#76,.F.);
#1378=ADVANCED_FACE('',(#158),#77,.T.);
#1379=ADVANCED_FACE('',(#159),#78,.T.);
#1380=ADVANCED_FACE('',(#160),#79,.T.);
#1381=ADVANCED_FACE('',(#161),#80,.T.);
#1382=ADVANCED_FACE('',(#162),#81,.T.);
#1383=ADVANCED_FACE('',(#163),#82,.T.);
#1384=ADVANCED_FACE('',(#164),#83,.T.);
#1385=ADVANCED_FACE('',(#165),#84,.T.);
#1386=ADVANCED_FACE('',(#166),#24,.F.);
#1387=CLOSED_SHELL('',(#1305,#1306,#1307,#1308,#1309,#1310,#1311,#1312,
#1313,#1314,#1315,#1316,#1317,#1318,#1319,#1320,#1321,#1322,#1323,#1324,
#1325,#1326,#1327,#1328,#1329,#1330,#1331,#1332,#1333,#1334,#1335,#1336,
#1337,#1338,#1339,#1340,#1341,#1342,#1343,#1344,#1345,#1346,#1347,#1348,
#1349,#1350,#1351,#1352,#1353,#1354,#1355,#1356,#1357,#1358,#1359,#1360,
#1361,#1362,#1363,#1364,#1365,#1366,#1367,#1368,#1369,#1370,#1371,#1372,
#1373,#1374,#1375,#1376,#1377,#1378,#1379,#1380,#1381,#1382,#1383,#1384,
#1385,#1386));
#1388=DERIVED_UNIT_ELEMENT(#1390,1.);
#1389=DERIVED_UNIT_ELEMENT(#2365,-3.);
#1390=(
MASS_UNIT()
NAMED_UNIT(*)
SI_UNIT(.KILO.,.GRAM.)
);
#1391=DERIVED_UNIT((#1388,#1389));
#1392=MEASURE_REPRESENTATION_ITEM('density measure',
POSITIVE_RATIO_MEASURE(1380.),#1391);
#1393=PROPERTY_DEFINITION_REPRESENTATION(#1398,#1395);
#1394=PROPERTY_DEFINITION_REPRESENTATION(#1399,#1396);
#1395=REPRESENTATION('material name',(#1397),#2362);
#1396=REPRESENTATION('density',(#1392),#2362);
#1397=DESCRIPTIVE_REPRESENTATION_ITEM('Laminate, White, Matte',
'Laminate, White, Matte');
#1398=PROPERTY_DEFINITION('material property','material name',#2372);
#1399=PROPERTY_DEFINITION('material property','density of part',#2372);
#1400=AXIS2_PLACEMENT_3D('',#1965,#1543,#1544);
#1401=AXIS2_PLACEMENT_3D('',#1966,#1545,#1546);
#1402=AXIS2_PLACEMENT_3D('',#1968,#1547,#1548);
#1403=AXIS2_PLACEMENT_3D('',#1971,#1550,#1551);
#1404=AXIS2_PLACEMENT_3D('',#1972,#1552,#1553);
#1405=AXIS2_PLACEMENT_3D('',#1975,#1554,#1555);
#1406=AXIS2_PLACEMENT_3D('',#1979,#1557,#1558);
#1407=AXIS2_PLACEMENT_3D('',#1981,#1559,#1560);
#1408=AXIS2_PLACEMENT_3D('',#1983,#1561,#1562);
#1409=AXIS2_PLACEMENT_3D('',#1987,#1564,#1565);
#1410=AXIS2_PLACEMENT_3D('',#1988,#1566,#1567);
#1411=AXIS2_PLACEMENT_3D('',#1990,#1568,#1569);
#1412=AXIS2_PLACEMENT_3D('',#1991,#1570,#1571);
#1413=AXIS2_PLACEMENT_3D('',#1995,#1573,#1574);
#1414=AXIS2_PLACEMENT_3D('',#1997,#1575,#1576);
#1415=AXIS2_PLACEMENT_3D('',#1999,#1577,#1578);
#1416=AXIS2_PLACEMENT_3D('',#2001,#1579,#1580);
#1417=AXIS2_PLACEMENT_3D('',#2003,#1581,#1582);
#1418=AXIS2_PLACEMENT_3D('',#2005,#1583,#1584);
#1419=AXIS2_PLACEMENT_3D('',#2007,#1585,#1586);
#1420=AXIS2_PLACEMENT_3D('',#2009,#1587,#1588);
#1421=AXIS2_PLACEMENT_3D('',#2010,#1589,#1590);
#1422=AXIS2_PLACEMENT_3D('',#2011,#1591,#1592);
#1423=AXIS2_PLACEMENT_3D('',#2013,#1593,#1594);
#1424=AXIS2_PLACEMENT_3D('',#2016,#1596,#1597);
#1425=AXIS2_PLACEMENT_3D('',#2017,#1598,#1599);
#1426=AXIS2_PLACEMENT_3D('',#2020,#1600,#1601);
#1427=AXIS2_PLACEMENT_3D('',#2022,#1602,#1603);
#1428=AXIS2_PLACEMENT_3D('',#2024,#1604,#1605);
#1429=AXIS2_PLACEMENT_3D('',#2028,#1607,#1608);
#1430=AXIS2_PLACEMENT_3D('',#2030,#1609,#1610);
#1431=AXIS2_PLACEMENT_3D('',#2032,#1611,#1612);
#1432=AXIS2_PLACEMENT_3D('',#2035,#1614,#1615);
#1433=AXIS2_PLACEMENT_3D('',#2036,#1616,#1617);
#1434=AXIS2_PLACEMENT_3D('',#2039,#1618,#1619);
#1435=AXIS2_PLACEMENT_3D('',#2041,#1620,#1621);
#1436=AXIS2_PLACEMENT_3D('',#2043,#1622,#1623);
#1437=AXIS2_PLACEMENT_3D('',#2046,#1625,#1626);
#1438=AXIS2_PLACEMENT_3D('',#2047,#1627,#1628);
#1439=AXIS2_PLACEMENT_3D('',#2048,#1629,#1630);
#1440=AXIS2_PLACEMENT_3D('',#2051,#1632,#1633);
#1441=AXIS2_PLACEMENT_3D('',#2052,#1634,#1635);
#1442=AXIS2_PLACEMENT_3D('',#2056,#1637,#1638);
#1443=AXIS2_PLACEMENT_3D('',#2058,#1639,#1640);
#1444=AXIS2_PLACEMENT_3D('',#2060,#1641,#1642);
#1445=AXIS2_PLACEMENT_3D('',#2062,#1643,#1644);
#1446=AXIS2_PLACEMENT_3D('',#2064,#1645,#1646);
#1447=AXIS2_PLACEMENT_3D('',#2066,#1647,#1648);
#1448=AXIS2_PLACEMENT_3D('',#2068,#1649,#1650);
#1449=AXIS2_PLACEMENT_3D('',#2070,#1651,#1652);
#1450=AXIS2_PLACEMENT_3D('',#2071,#1653,#1654);
#1451=AXIS2_PLACEMENT_3D('',#2072,#1655,#1656);
#1452=AXIS2_PLACEMENT_3D('',#2074,#1657,#1658);
#1453=AXIS2_PLACEMENT_3D('',#2076,#1660,#1661);
#1454=AXIS2_PLACEMENT_3D('',#2079,#1662,#1663);
#1455=AXIS2_PLACEMENT_3D('',#2081,#1664,#1665);
#1456=AXIS2_PLACEMENT_3D('',#2083,#1666,#1667);
#1457=AXIS2_PLACEMENT_3D('',#2086,#1669,#1670);
#1458=AXIS2_PLACEMENT_3D('',#2087,#1671,#1672);
#1459=AXIS2_PLACEMENT_3D('',#2088,#1673,#1674);
#1460=AXIS2_PLACEMENT_3D('',#2093,#1677,#1678);
#1461=AXIS2_PLACEMENT_3D('',#2094,#1679,#1680);
#1462=AXIS2_PLACEMENT_3D('',#2096,#1681,#1682);
#1463=AXIS2_PLACEMENT_3D('',#2098,#1684,#1685);
#1464=AXIS2_PLACEMENT_3D('',#2101,#1687,#1688);
#1465=AXIS2_PLACEMENT_3D('',#2102,#1689,#1690);
#1466=AXIS2_PLACEMENT_3D('',#2106,#1693,#1694);
#1467=AXIS2_PLACEMENT_3D('',#2109,#1696,#1697);
#1468=AXIS2_PLACEMENT_3D('',#2110,#1698,#1699);
#1469=AXIS2_PLACEMENT_3D('',#2112,#1700,#1701);
#1470=AXIS2_PLACEMENT_3D('',#2114,#1703,#1704);
#1471=AXIS2_PLACEMENT_3D('',#2117,#1706,#1707);
#1472=AXIS2_PLACEMENT_3D('',#2118,#1708,#1709);
#1473=AXIS2_PLACEMENT_3D('',#2120,#1711,#1712);
#1474=AXIS2_PLACEMENT_3D('',#2126,#1716,#1717);
#1475=AXIS2_PLACEMENT_3D('',#2129,#1719,#1720);
#1476=AXIS2_PLACEMENT_3D('',#2130,#1721,#1722);
#1477=AXIS2_PLACEMENT_3D('',#2133,#1724,#1725);
#1478=AXIS2_PLACEMENT_3D('',#2134,#1726,#1727);
#1479=AXIS2_PLACEMENT_3D('',#2137,#1729,#1730);
#1480=AXIS2_PLACEMENT_3D('',#2138,#1731,#1732);
#1481=AXIS2_PLACEMENT_3D('',#2141,#1735,#1736);
#1482=AXIS2_PLACEMENT_3D('',#2145,#1739,#1740);
#1483=AXIS2_PLACEMENT_3D('',#2148,#1742,#1743);
#1484=AXIS2_PLACEMENT_3D('',#2149,#1744,#1745);
#1485=AXIS2_PLACEMENT_3D('',#2152,#1747,#1748);
#1486=AXIS2_PLACEMENT_3D('',#2153,#1749,#1750);
#1487=AXIS2_PLACEMENT_3D('',#2155,#1752,#1753);
#1488=AXIS2_PLACEMENT_3D('',#2156,#1754,#1755);
#1489=AXIS2_PLACEMENT_3D('',#2158,#1757,#1758);
#1490=AXIS2_PLACEMENT_3D('',#2160,#1760,#1761);
#1491=AXIS2_PLACEMENT_3D('',#2161,#1762,#1763);
#1492=AXIS2_PLACEMENT_3D('',#2164,#1766,#1767);
#1493=AXIS2_PLACEMENT_3D('',#2166,#1769,#1770);
#1494=AXIS2_PLACEMENT_3D('',#2167,#1771,#1772);
#1495=AXIS2_PLACEMENT_3D('',#2171,#1775,#1776);
#1496=AXIS2_PLACEMENT_3D('',#2175,#1779,#1780);
#1497=AXIS2_PLACEMENT_3D('',#2179,#1783,#1784);
#1498=AXIS2_PLACEMENT_3D('',#2183,#1787,#1788);
#1499=AXIS2_PLACEMENT_3D('',#2189,#1792,#1793);
#1500=AXIS2_PLACEMENT_3D('',#2195,#1797,#1798);
#1501=AXIS2_PLACEMENT_3D('',#2199,#1801,#1802);
#1502=AXIS2_PLACEMENT_3D('',#2203,#1805,#1806);
#1503=AXIS2_PLACEMENT_3D('',#2207,#1809,#1810);
#1504=AXIS2_PLACEMENT_3D('',#2211,#1813,#1814);
#1505=AXIS2_PLACEMENT_3D('',#2217,#1818,#1819);
#1506=AXIS2_PLACEMENT_3D('',#2223,#1823,#1824);
#1507=AXIS2_PLACEMENT_3D('',#2233,#1830,#1831);
#1508=AXIS2_PLACEMENT_3D('',#2243,#1837,#1838);
#1509=AXIS2_PLACEMENT_3D('',#2253,#1844,#1845);
#1510=AXIS2_PLACEMENT_3D('',#2259,#1849,#1850);
#1511=AXIS2_PLACEMENT_3D('',#2265,#1854,#1855);
#1512=AXIS2_PLACEMENT_3D('',#2271,#1859,#1860);
#1513=AXIS2_PLACEMENT_3D('',#2277,#1864,#1865);
#1514=AXIS2_PLACEMENT_3D('',#2281,#1869,#1870);
#1515=AXIS2_PLACEMENT_3D('',#2283,#1872,#1873);
#1516=AXIS2_PLACEMENT_3D('',#2286,#1876,#1877);
#1517=AXIS2_PLACEMENT_3D('',#2288,#1879,#1880);
#1518=AXIS2_PLACEMENT_3D('',#2291,#1883,#1884);
#1519=AXIS2_PLACEMENT_3D('',#2293,#1886,#1887);
#1520=AXIS2_PLACEMENT_3D('',#2296,#1890,#1891);
#1521=AXIS2_PLACEMENT_3D('',#2297,#1892,#1893);
#1522=AXIS2_PLACEMENT_3D('',#2307,#1899,#1900);
#1523=AXIS2_PLACEMENT_3D('',#2313,#1904,#1905);
#1524=AXIS2_PLACEMENT_3D('',#2319,#1909,#1910);
#1525=AXIS2_PLACEMENT_3D('',#2325,#1914,#1915);
#1526=AXIS2_PLACEMENT_3D('',#2331,#1919,#1920);
#1527=AXIS2_PLACEMENT_3D('',#2335,#1924,#1925);
#1528=AXIS2_PLACEMENT_3D('',#2337,#1927,#1928);
#1529=AXIS2_PLACEMENT_3D('',#2340,#1931,#1932);
#1530=AXIS2_PLACEMENT_3D('',#2342,#1934,#1935);
#1531=AXIS2_PLACEMENT_3D('',#2345,#1938,#1939);
#1532=AXIS2_PLACEMENT_3D('',#2347,#1941,#1942);
#1533=AXIS2_PLACEMENT_3D('',#2350,#1945,#1946);
#1534=AXIS2_PLACEMENT_3D('',#2351,#1947,#1948);
#1535=AXIS2_PLACEMENT_3D('',#2352,#1949,#1950);
#1536=AXIS2_PLACEMENT_3D('',#2353,#1951,#1952);
#1537=AXIS2_PLACEMENT_3D('',#2354,#1953,#1954);
#1538=AXIS2_PLACEMENT_3D('',#2355,#1955,#1956);
#1539=AXIS2_PLACEMENT_3D('',#2356,#1957,#1958);
#1540=AXIS2_PLACEMENT_3D('',#2357,#1959,#1960);
#1541=AXIS2_PLACEMENT_3D('',#2358,#1961,#1962);
#1542=AXIS2_PLACEMENT_3D('',#2359,#1963,#1964);
#1543=DIRECTION('axis',(0.,0.,1.));
#1544=DIRECTION('refdir',(1.,0.,0.));
#1545=DIRECTION('center_axis',(1.,0.,0.));
#1546=DIRECTION('ref_axis',(0.,1.,0.));
#1547=DIRECTION('center_axis',(1.,0.,0.));
#1548=DIRECTION('ref_axis',(0.,1.,0.));
#1549=DIRECTION('',(-0.707106781186549,0.707106781186546,8.65956056235491E-17));
#1550=DIRECTION('center_axis',(-1.,0.,0.));
#1551=DIRECTION('ref_axis',(0.,1.,0.));
#1552=DIRECTION('center_axis',(1.,0.,0.));
#1553=DIRECTION('ref_axis',(0.,1.,0.));
#1554=DIRECTION('center_axis',(1.,0.,0.));
#1555=DIRECTION('ref_axis',(0.,-0.553964006139545,-0.832540617568793));
#1556=DIRECTION('',(0.,0.832540617568794,-0.553964006139543));
#1557=DIRECTION('center_axis',(1.,0.,0.));
#1558=DIRECTION('ref_axis',(0.,-0.934019631090993,-0.357221680104448));
#1559=DIRECTION('center_axis',(-1.,0.,0.));
#1560=DIRECTION('ref_axis',(0.,-0.934019631091326,-0.357221680103579));
#1561=DIRECTION('center_axis',(1.,0.,0.));
#1562=DIRECTION('ref_axis',(0.,0.553964006139544,0.832540617568793));
#1563=DIRECTION('',(0.,-0.832540617568794,0.553964006139543));
#1564=DIRECTION('center_axis',(1.,0.,0.));
#1565=DIRECTION('ref_axis',(0.,0.93401963109127,0.357221680103724));
#1566=DIRECTION('center_axis',(-1.,0.,0.));
#1567=DIRECTION('ref_axis',(0.,0.93401963109127,0.357221680103725));
#1568=DIRECTION('center_axis',(1.,0.,0.));
#1569=DIRECTION('ref_axis',(0.,1.,0.));
#1570=DIRECTION('center_axis',(-1.,0.,0.));
#1571=DIRECTION('ref_axis',(0.,1.,0.));
#1572=DIRECTION('',(-1.,0.,0.));
#1573=DIRECTION('center_axis',(-1.,0.,0.));
#1574=DIRECTION('ref_axis',(0.,1.,0.));
#1575=DIRECTION('center_axis',(-1.,0.,0.));
#1576=DIRECTION('ref_axis',(0.,1.,0.));
#1577=DIRECTION('center_axis',(-1.,0.,0.));
#1578=DIRECTION('ref_axis',(0.,1.,0.));
#1579=DIRECTION('center_axis',(-1.,0.,0.));
#1580=DIRECTION('ref_axis',(0.,1.,0.));
#1581=DIRECTION('center_axis',(-1.,0.,0.));
#1582=DIRECTION('ref_axis',(0.,1.,0.));
#1583=DIRECTION('center_axis',(-1.,0.,0.));
#1584=DIRECTION('ref_axis',(0.,1.,0.));
#1585=DIRECTION('center_axis',(-1.,0.,0.));
#1586=DIRECTION('ref_axis',(0.,1.,0.));
#1587=DIRECTION('center_axis',(-1.,0.,0.));
#1588=DIRECTION('ref_axis',(0.,1.,0.));
#1589=DIRECTION('center_axis',(-1.,0.,0.));
#1590=DIRECTION('ref_axis',(0.,1.,0.));
#1591=DIRECTION('center_axis',(-1.,0.,0.));
#1592=DIRECTION('ref_axis',(0.,1.,0.));
#1593=DIRECTION('center_axis',(1.,0.,0.));
#1594=DIRECTION('ref_axis',(0.,1.,0.));
#1595=DIRECTION('',(-0.707106781186549,-0.707106781186546,-8.65956056235491E-17));
#1596=DIRECTION('center_axis',(-1.,0.,0.));
#1597=DIRECTION('ref_axis',(0.,1.,0.));
#1598=DIRECTION('center_axis',(1.,0.,0.));
#1599=DIRECTION('ref_axis',(0.,1.,0.));
#1600=DIRECTION('center_axis',(-1.,0.,0.));
#1601=DIRECTION('ref_axis',(0.,-0.553964006139545,-0.832540617568793));
#1602=DIRECTION('center_axis',(1.,0.,0.));
#1603=DIRECTION('ref_axis',(0.,0.93401963109127,0.357221680103725));
#1604=DIRECTION('center_axis',(-1.,0.,0.));
#1605=DIRECTION('ref_axis',(0.,0.93401963109127,0.357221680103724));
#1606=DIRECTION('',(0.,0.832540617568794,-0.553964006139543));
#1607=DIRECTION('center_axis',(-1.,0.,0.));
#1608=DIRECTION('ref_axis',(0.,0.553964006139544,0.832540617568793));
#1609=DIRECTION('center_axis',(1.,0.,0.));
#1610=DIRECTION('ref_axis',(0.,-0.934019631091326,-0.357221680103579));
#1611=DIRECTION('center_axis',(-1.,0.,0.));
#1612=DIRECTION('ref_axis',(0.,-0.934019631090993,-0.357221680104448));
#1613=DIRECTION('',(0.,-0.832540617568794,0.553964006139543));
#1614=DIRECTION('center_axis',(-1.,0.,0.));
#1615=DIRECTION('ref_axis',(0.,1.,0.));
#1616=DIRECTION('center_axis',(1.,0.,0.));
#1617=DIRECTION('ref_axis',(0.,1.,0.));
#1618=DIRECTION('center_axis',(1.,0.,0.));
#1619=DIRECTION('ref_axis',(0.,1.,0.));
#1620=DIRECTION('center_axis',(1.,0.,0.));
#1621=DIRECTION('ref_axis',(0.,1.,0.));
#1622=DIRECTION('center_axis',(1.,0.,0.));
#1623=DIRECTION('ref_axis',(0.,1.,0.));
#1624=DIRECTION('',(-1.,0.,0.));
#1625=DIRECTION('center_axis',(1.,0.,0.));
#1626=DIRECTION('ref_axis',(0.,1.,0.));
#1627=DIRECTION('center_axis',(1.,0.,0.));
#1628=DIRECTION('ref_axis',(0.,1.,0.));
#1629=DIRECTION('center_axis',(1.,0.,0.));
#1630=DIRECTION('ref_axis',(0.,1.,0.));
#1631=DIRECTION('',(-0.707106781186549,0.707106781186546,8.65956056235491E-17));
#1632=DIRECTION('center_axis',(-1.,0.,0.));
#1633=DIRECTION('ref_axis',(0.,1.,0.));
#1634=DIRECTION('center_axis',(-1.,0.,0.));
#1635=DIRECTION('ref_axis',(0.,1.,0.));
#1636=DIRECTION('',(-1.,0.,0.));
#1637=DIRECTION('center_axis',(-1.,0.,0.));
#1638=DIRECTION('ref_axis',(0.,1.,0.));
#1639=DIRECTION('center_axis',(-1.,0.,0.));
#1640=DIRECTION('ref_axis',(0.,1.,0.));
#1641=DIRECTION('center_axis',(-1.,0.,0.));
#1642=DIRECTION('ref_axis',(0.,1.,0.));
#1643=DIRECTION('center_axis',(-1.,0.,0.));
#1644=DIRECTION('ref_axis',(0.,1.,0.));
#1645=DIRECTION('center_axis',(-1.,0.,0.));
#1646=DIRECTION('ref_axis',(0.,1.,0.));
#1647=DIRECTION('center_axis',(-1.,0.,0.));
#1648=DIRECTION('ref_axis',(0.,1.,0.));
#1649=DIRECTION('center_axis',(-1.,0.,0.));
#1650=DIRECTION('ref_axis',(0.,1.,0.));
#1651=DIRECTION('center_axis',(-1.,0.,0.));
#1652=DIRECTION('ref_axis',(0.,1.,0.));
#1653=DIRECTION('center_axis',(-1.,0.,0.));
#1654=DIRECTION('ref_axis',(0.,1.,0.));
#1655=DIRECTION('center_axis',(-1.,0.,0.));
#1656=DIRECTION('ref_axis',(0.,1.,0.));
#1657=DIRECTION('center_axis',(1.,0.,0.));
#1658=DIRECTION('ref_axis',(0.,1.,0.));
#1659=DIRECTION('',(-0.707106781186547,-0.707106781186547,-8.65956056235493E-17));
#1660=DIRECTION('center_axis',(1.,0.,0.));
#1661=DIRECTION('ref_axis',(0.,1.,0.));
#1662=DIRECTION('center_axis',(1.,0.,0.));
#1663=DIRECTION('ref_axis',(0.,1.,0.));
#1664=DIRECTION('center_axis',(1.,0.,0.));
#1665=DIRECTION('ref_axis',(0.,1.,0.));
#1666=DIRECTION('center_axis',(1.,0.,0.));
#1667=DIRECTION('ref_axis',(0.,1.,0.));
#1668=DIRECTION('',(-1.,0.,0.));
#1669=DIRECTION('center_axis',(1.,0.,0.));
#1670=DIRECTION('ref_axis',(0.,1.,0.));
#1671=DIRECTION('center_axis',(1.,0.,0.));
#1672=DIRECTION('ref_axis',(0.,1.,0.));
#1673=DIRECTION('center_axis',(-1.,0.,0.));
#1674=DIRECTION('ref_axis',(0.,-0.553964006139545,-0.832540617568793));
#1675=DIRECTION('',(-0.707106781186551,0.0221066137178574,-0.706761131946236));
#1676=DIRECTION('',(0.707106781186545,0.39171170527454,0.588695116296131));
#1677=DIRECTION('center_axis',(1.,0.,0.));
#1678=DIRECTION('ref_axis',(0.,-0.553964006139545,-0.832540617568792));
#1679=DIRECTION('center_axis',(1.,0.,0.));
#1680=DIRECTION('ref_axis',(0.,0.93401963109127,0.357221680103725));
#1681=DIRECTION('center_axis',(-1.,0.,0.));
#1682=DIRECTION('ref_axis',(0.,0.93401963109127,0.357221680103725));
#1683=DIRECTION('',(-0.707106781186548,0.660451614905993,0.252593872388196));
#1684=DIRECTION('center_axis',(-1.,0.,0.));
#1685=DIRECTION('ref_axis',(0.,0.93401963109127,0.357221680103724));
#1686=DIRECTION('',(-0.707106781186546,0.391711705274537,0.588695116296132));
#1687=DIRECTION('center_axis',(1.,0.,0.));
#1688=DIRECTION('ref_axis',(0.,0.93401963109127,0.357221680103724));
#1689=DIRECTION('center_axis',(-0.707106781186549,-0.391711705274536,-0.588695116296129));
#1690=DIRECTION('ref_axis',(-0.639824790728511,0.,0.768520811149066));
#1691=DIRECTION('',(0.,-0.832540617568794,0.553964006139543));
#1692=DIRECTION('',(-0.707106781186546,0.391711705274537,0.588695116296132));
#1693=DIRECTION('center_axis',(-1.,0.,0.));
#1694=DIRECTION('ref_axis',(0.,0.553964006139544,0.832540617568793));
#1695=DIRECTION('',(-0.707106781190017,-0.0221066137182892,0.706761131942754));
#1696=DIRECTION('center_axis',(1.,0.,0.));
#1697=DIRECTION('ref_axis',(0.,0.553964006139544,0.832540617568793));
#1698=DIRECTION('center_axis',(1.,0.,0.));
#1699=DIRECTION('ref_axis',(0.,-0.934019631091326,-0.357221680103579));
#1700=DIRECTION('center_axis',(-1.,0.,0.));
#1701=DIRECTION('ref_axis',(0.,-0.934019631091326,-0.357221680103579));
#1702=DIRECTION('',(-0.707106781186546,-0.660451614906035,-0.252593872388095));
#1703=DIRECTION('center_axis',(-1.,0.,0.));
#1704=DIRECTION('ref_axis',(0.,-0.934019631090993,-0.357221680104448));
#1705=DIRECTION('',(-0.707106781186549,-0.391711705274539,-0.588695116296128));
#1706=DIRECTION('center_axis',(1.,0.,0.));
#1707=DIRECTION('ref_axis',(0.,-0.934019631090993,-0.357221680104448));
#1708=DIRECTION('center_axis',(-0.707106781186546,0.391711705274538,0.588695116296132));
#1709=DIRECTION('ref_axis',(0.639824790728514,0.,0.768520811149062));
#1710=DIRECTION('',(0.,0.832540617568794,-0.553964006139543));
#1711=DIRECTION('center_axis',(0.,-0.553964006139543,-0.832540617568794));
#1712=DIRECTION('ref_axis',(0.,0.832540617568794,-0.553964006139543));
#1713=DIRECTION('',(1.,0.,0.));
#1714=DIRECTION('',(0.,0.832540617568794,-0.553964006139543));
#1715=DIRECTION('',(1.,0.,0.));
#1716=DIRECTION('center_axis',(1.,0.,0.));
#1717=DIRECTION('ref_axis',(0.,0.93401963109127,0.357221680103724));
#1718=DIRECTION('',(1.,0.,0.));
#1719=DIRECTION('center_axis',(-1.,0.,0.));
#1720=DIRECTION('ref_axis',(0.,0.93401963109127,0.357221680103724));
#1721=DIRECTION('center_axis',(1.,0.,0.));
#1722=DIRECTION('ref_axis',(0.,0.832540617568792,-0.553964006139545));
#1723=DIRECTION('',(1.,0.,0.));
#1724=DIRECTION('center_axis',(1.,0.,0.));
#1725=DIRECTION('ref_axis',(0.,0.93401963109127,0.357221680103725));
#1726=DIRECTION('center_axis',(1.,0.,0.));
#1727=DIRECTION('ref_axis',(0.,-0.553964006139545,-0.832540617568792));
#1728=DIRECTION('',(1.,0.,0.));
#1729=DIRECTION('center_axis',(-1.,0.,0.));
#1730=DIRECTION('ref_axis',(0.,-0.553964006139545,-0.832540617568792));
#1731=DIRECTION('center_axis',(1.,0.,0.));
#1732=DIRECTION('ref_axis',(0.,-0.553964006139545,-0.832540617568793));
#1733=DIRECTION('',(0.707106781186545,-0.39171170527454,-0.588695116296131));
#1734=DIRECTION('',(-0.707106781186551,-0.0221066137178574,0.706761131946235));
#1735=DIRECTION('center_axis',(0.707106781186549,0.391711705274536,0.588695116296129));
#1736=DIRECTION('ref_axis',(0.639824790728511,0.,-0.768520811149065));
#1737=DIRECTION('',(0.707106781186539,-0.391711705274542,-0.588695116296138));
#1738=DIRECTION('',(0.,-0.832540617568794,0.553964006139543));
#1739=DIRECTION('center_axis',(1.,0.,0.));
#1740=DIRECTION('ref_axis',(0.,-0.934019631090993,-0.357221680104448));
#1741=DIRECTION('',(0.707106781186549,-0.660451614905799,-0.252593872388705));
#1742=DIRECTION('center_axis',(-1.,0.,0.));
#1743=DIRECTION('ref_axis',(0.,-0.934019631090993,-0.357221680104448));
#1744=DIRECTION('center_axis',(-1.,0.,0.));
#1745=DIRECTION('ref_axis',(0.,-0.934019631091326,-0.357221680103579));
#1746=DIRECTION('',(0.707106781186546,-0.0221066137183973,0.706761131946224));
#1747=DIRECTION('center_axis',(1.,0.,0.));
#1748=DIRECTION('ref_axis',(0.,-0.934019631091326,-0.357221680103579));
#1749=DIRECTION('center_axis',(1.,0.,0.));
#1750=DIRECTION('ref_axis',(0.,0.553964006139544,0.832540617568793));
#1751=DIRECTION('',(0.70710678118655,0.391711705274536,0.588695116296128));
#1752=DIRECTION('center_axis',(-1.,0.,0.));
#1753=DIRECTION('ref_axis',(0.,0.553964006139544,0.832540617568793));
#1754=DIRECTION('center_axis',(0.707106781186549,-0.391711705274536,-0.588695116296129));
#1755=DIRECTION('ref_axis',(-0.639824790728511,0.,-0.768520811149065));
#1756=DIRECTION('',(0.707106781186558,0.391711705274531,0.588695116296122));
#1757=DIRECTION('center_axis',(1.,0.,0.));
#1758=DIRECTION('ref_axis',(0.,0.93401963109127,0.357221680103724));
#1759=DIRECTION('',(0.707106781186547,0.660451614905995,0.252593872388195));
#1760=DIRECTION('center_axis',(-1.,0.,0.));
#1761=DIRECTION('ref_axis',(0.,0.93401963109127,0.357221680103725));
#1762=DIRECTION('center_axis',(1.,0.,0.));
#1763=DIRECTION('ref_axis',(0.,-0.832540617568961,0.553964006139292));
#1764=DIRECTION('',(1.,0.,0.));
#1765=DIRECTION('',(1.,0.,0.));
#1766=DIRECTION('center_axis',(1.,0.,0.));
#1767=DIRECTION('ref_axis',(0.,-0.934019631090993,-0.357221680104448));
#1768=DIRECTION('',(1.,0.,0.));
#1769=DIRECTION('center_axis',(0.,0.553964006139543,0.832540617568794));
#1770=DIRECTION('ref_axis',(0.,-0.832540617568794,0.553964006139543));
#1771=DIRECTION('center_axis',(-1.,0.,0.));
#1772=DIRECTION('ref_axis',(0.,0.,1.));
#1773=DIRECTION('',(0.,0.832540617568794,-0.553964006139543));
#1774=DIRECTION('',(0.,0.553964006139543,0.832540617568794));
#1775=DIRECTION('center_axis',(-1.,0.,0.));
#1776=DIRECTION('ref_axis',(0.,0.,1.));
#1777=DIRECTION('',(0.,0.553964006139543,0.832540617568794));
#1778=DIRECTION('',(0.,-0.832540617568794,0.553964006139543));
#1779=DIRECTION('center_axis',(-1.,0.,0.));
#1780=DIRECTION('ref_axis',(0.,0.,1.));
#1781=DIRECTION('',(0.,-0.832540617568794,0.553964006139543));
#1782=DIRECTION('',(0.,-0.553964006139543,-0.832540617568794));
#1783=DIRECTION('center_axis',(-1.,0.,0.));
#1784=DIRECTION('ref_axis',(0.,0.,1.));
#1785=DIRECTION('',(0.,-0.553964006139543,-0.832540617568794));
#1786=DIRECTION('',(0.,0.832540617568794,-0.553964006139543));
#1787=DIRECTION('center_axis',(0.,-0.553964006139543,-0.832540617568794));
#1788=DIRECTION('ref_axis',(0.,-0.832540617568794,0.553964006139543));
#1789=DIRECTION('',(0.,-0.832540617568794,0.553964006139543));
#1790=DIRECTION('',(-1.,0.,0.));
#1791=DIRECTION('',(-1.,0.,0.));
#1792=DIRECTION('center_axis',(0.,0.553964006139543,0.832540617568794));
#1793=DIRECTION('ref_axis',(0.,0.832540617568794,-0.553964006139543));
#1794=DIRECTION('',(0.,0.832540617568794,-0.553964006139543));
#1795=DIRECTION('',(-1.,0.,0.));
#1796=DIRECTION('',(-1.,0.,0.));
#1797=DIRECTION('center_axis',(-1.,0.,0.));
#1798=DIRECTION('ref_axis',(0.,0.,1.));
#1799=DIRECTION('',(0.,0.832540617568789,-0.55396400613955));
#1800=DIRECTION('',(0.,0.553964006139557,0.832540617568784));
#1801=DIRECTION('center_axis',(-1.,0.,0.));
#1802=DIRECTION('ref_axis',(0.,0.,1.));
#1803=DIRECTION('',(0.,0.553964006139557,0.832540617568784));
#1804=DIRECTION('',(0.,-0.832540617568793,0.553964006139543));
#1805=DIRECTION('center_axis',(-1.,0.,0.));
#1806=DIRECTION('ref_axis',(0.,0.,1.));
#1807=DIRECTION('',(0.,-0.832540617568793,0.553964006139543));
#1808=DIRECTION('',(0.,-0.553964006139544,-0.832540617568793));
#1809=DIRECTION('center_axis',(-1.,0.,0.));
#1810=DIRECTION('ref_axis',(0.,0.,1.));
#1811=DIRECTION('',(0.,-0.553964006139544,-0.832540617568793));
#1812=DIRECTION('',(0.,0.832540617568789,-0.55396400613955));
#1813=DIRECTION('center_axis',(0.,-0.553964006139544,-0.832540617568793));
#1814=DIRECTION('ref_axis',(0.,-0.832540617568793,0.553964006139543));
#1815=DIRECTION('',(0.,-0.832540617568793,0.553964006139543));
#1816=DIRECTION('',(-1.,0.,0.));
#1817=DIRECTION('',(-1.,0.,0.));
#1818=DIRECTION('center_axis',(0.,0.55396400613955,0.832540617568789));
#1819=DIRECTION('ref_axis',(0.,0.832540617568789,-0.55396400613955));
#1820=DIRECTION('',(0.,0.832540617568789,-0.55396400613955));
#1821=DIRECTION('',(-1.,0.,0.));
#1822=DIRECTION('',(-1.,0.,0.));
#1823=DIRECTION('center_axis',(-1.,0.,0.));
#1824=DIRECTION('ref_axis',(0.,0.,1.));
#1825=DIRECTION('',(0.,-0.553964006139543,-0.832540617568794));
#1826=DIRECTION('',(0.,-0.0634765933146477,-0.997983327566732));
#1827=DIRECTION('',(0.,0.832540617568793,-0.553964006139544));
#1828=DIRECTION('',(0.,0.896017210883441,0.444019321427187));
#1829=DIRECTION('',(0.,0.553964006139543,0.832540617568794));
#1830=DIRECTION('center_axis',(-1.,0.,0.));
#1831=DIRECTION('ref_axis',(0.,0.,1.));
#1832=DIRECTION('',(0.,-0.553964006139544,-0.832540617568793));
#1833=DIRECTION('',(0.,-0.0634765933146457,-0.997983327566732));
#1834=DIRECTION('',(0.,0.832540617568793,-0.553964006139544));
#1835=DIRECTION('',(0.,0.896017210883441,0.444019321427187));
#1836=DIRECTION('',(0.,0.553964006139557,0.832540617568784));
#1837=DIRECTION('center_axis',(-1.,0.,0.));
#1838=DIRECTION('ref_axis',(0.,0.,1.));
#1839=DIRECTION('',(0.,0.553964006139543,0.832540617568794));
#1840=DIRECTION('',(0.,0.0634765933146472,0.997983327566732));
#1841=DIRECTION('',(0.,-0.832540617568793,0.553964006139544));
#1842=DIRECTION('',(0.,-0.896017210883441,-0.444019321427187));
#1843=DIRECTION('',(0.,-0.553964006139543,-0.832540617568794));
#1844=DIRECTION('center_axis',(1.,0.,0.));
#1845=DIRECTION('ref_axis',(0.,0.,-1.));
#1846=DIRECTION('',(0.,0.832540617568793,-0.553964006139544));
#1847=DIRECTION('',(0.,-0.0634765933146477,-0.997983327566732));
#1848=DIRECTION('',(0.,-0.553964006139543,-0.832540617568794));
#1849=DIRECTION('center_axis',(1.,0.,0.));
#1850=DIRECTION('ref_axis',(0.,0.,-1.));
#1851=DIRECTION('',(0.,0.553964006139543,0.832540617568794));
#1852=DIRECTION('',(0.,0.896017210883441,0.444019321427187));
#1853=DIRECTION('',(0.,0.832540617568793,-0.553964006139544));
#1854=DIRECTION('center_axis',(1.,0.,0.));
#1855=DIRECTION('ref_axis',(0.,0.,-1.));
#1856=DIRECTION('',(0.,-0.832540617568793,0.553964006139544));
#1857=DIRECTION('',(0.,0.0634765933146472,0.997983327566732));
#1858=DIRECTION('',(0.,0.553964006139543,0.832540617568794));
#1859=DIRECTION('center_axis',(1.,0.,0.));
#1860=DIRECTION('ref_axis',(0.,0.,-1.));
#1861=DIRECTION('',(0.,-0.553964006139543,-0.832540617568794));
#1862=DIRECTION('',(0.,-0.896017210883441,-0.444019321427187));
#1863=DIRECTION('',(0.,-0.832540617568793,0.553964006139544));
#1864=DIRECTION('center_axis',(0.,0.553964006139544,0.832540617568793));
#1865=DIRECTION('ref_axis',(0.,0.832540617568793,-0.553964006139544));
#1866=DIRECTION('',(-1.,0.,0.));
#1867=DIRECTION('',(-1.,0.,0.));
#1868=DIRECTION('',(0.,0.832540617568793,-0.553964006139544));
#1869=DIRECTION('center_axis',(0.,-0.444019321427187,0.896017210883441));
#1870=DIRECTION('ref_axis',(0.,0.896017210883441,0.444019321427187));
#1871=DIRECTION('',(-1.,0.,0.));
#1872=DIRECTION('center_axis',(0.,-0.832540617568794,0.553964006139543));
#1873=DIRECTION('ref_axis',(0.,0.553964006139543,0.832540617568794));
#1874=DIRECTION('',(0.,0.553964006139543,0.832540617568794));
#1875=DIRECTION('',(-1.,0.,0.));
#1876=DIRECTION('center_axis',(0.,-0.997983327566732,0.0634765933146472));
#1877=DIRECTION('ref_axis',(0.,0.0634765933146472,0.997983327566732));
#1878=DIRECTION('',(-1.,0.,0.));
#1879=DIRECTION('center_axis',(0.,-0.553964006139544,-0.832540617568793));
#1880=DIRECTION('ref_axis',(0.,-0.832540617568793,0.553964006139544));
#1881=DIRECTION('',(-1.,0.,0.));
#1882=DIRECTION('',(0.,-0.832540617568793,0.553964006139544));
#1883=DIRECTION('center_axis',(0.,0.444019321427187,-0.896017210883441));
#1884=DIRECTION('ref_axis',(0.,-0.896017210883441,-0.444019321427187));
#1885=DIRECTION('',(-1.,0.,0.));
#1886=DIRECTION('center_axis',(0.,0.832540617568794,-0.553964006139543));
#1887=DIRECTION('ref_axis',(0.,-0.553964006139543,-0.832540617568794));
#1888=DIRECTION('',(0.,-0.553964006139543,-0.832540617568794));
#1889=DIRECTION('',(-1.,0.,0.));
#1890=DIRECTION('center_axis',(0.,0.997983327566732,-0.0634765933146477));
#1891=DIRECTION('ref_axis',(0.,-0.0634765933146477,-0.997983327566732));
#1892=DIRECTION('center_axis',(-1.,0.,0.));
#1893=DIRECTION('ref_axis',(0.,0.,1.));
#1894=DIRECTION('',(0.,0.553964006139557,0.832540617568784));
#1895=DIRECTION('',(0.,0.0634765933146468,0.997983327566732));
#1896=DIRECTION('',(0.,-0.832540617568793,0.553964006139543));
#1897=DIRECTION('',(0.,-0.89601721088344,-0.444019321427189));
#1898=DIRECTION('',(0.,-0.553964006139544,-0.832540617568793));
#1899=DIRECTION('center_axis',(1.,0.,0.));
#1900=DIRECTION('ref_axis',(0.,0.,-1.));
#1901=DIRECTION('',(0.,0.832540617568793,-0.553964006139544));
#1902=DIRECTION('',(0.,-0.0634765933146457,-0.997983327566732));
#1903=DIRECTION('',(0.,-0.553964006139544,-0.832540617568793));
#1904=DIRECTION('center_axis',(1.,0.,0.));
#1905=DIRECTION('ref_axis',(0.,0.,-1.));
#1906=DIRECTION('',(0.,0.553964006139557,0.832540617568784));
#1907=DIRECTION('',(0.,0.896017210883441,0.444019321427187));
#1908=DIRECTION('',(0.,0.832540617568793,-0.553964006139544));
#1909=DIRECTION('center_axis',(1.,0.,0.));
#1910=DIRECTION('ref_axis',(0.,0.,-1.));
#1911=DIRECTION('',(0.,-0.832540617568793,0.553964006139543));
#1912=DIRECTION('',(0.,0.0634765933146468,0.997983327566732));
#1913=DIRECTION('',(0.,0.553964006139557,0.832540617568784));
#1914=DIRECTION('center_axis',(1.,0.,0.));
#1915=DIRECTION('ref_axis',(0.,0.,-1.));
#1916=DIRECTION('',(0.,-0.553964006139544,-0.832540617568793));
#1917=DIRECTION('',(0.,-0.89601721088344,-0.444019321427189));
#1918=DIRECTION('',(0.,-0.832540617568793,0.553964006139543));
#1919=DIRECTION('center_axis',(0.,0.553964006139544,0.832540617568793));
#1920=DIRECTION('ref_axis',(0.,0.832540617568793,-0.553964006139544));
#1921=DIRECTION('',(-1.,0.,0.));
#1922=DIRECTION('',(-1.,0.,0.));
#1923=DIRECTION('',(0.,0.832540617568793,-0.553964006139544));
#1924=DIRECTION('center_axis',(0.,-0.444019321427187,0.896017210883441));
#1925=DIRECTION('ref_axis',(0.,0.896017210883441,0.444019321427187));
#1926=DIRECTION('',(-1.,0.,0.));
#1927=DIRECTION('center_axis',(0.,-0.832540617568784,0.553964006139557));
#1928=DIRECTION('ref_axis',(0.,0.553964006139557,0.832540617568784));
#1929=DIRECTION('',(0.,0.553964006139557,0.832540617568784));
#1930=DIRECTION('',(-1.,0.,0.));
#1931=DIRECTION('center_axis',(0.,-0.997983327566732,0.0634765933146468));
#1932=DIRECTION('ref_axis',(0.,0.0634765933146468,0.997983327566732));
#1933=DIRECTION('',(-1.,0.,0.));
#1934=DIRECTION('center_axis',(0.,-0.553964006139543,-0.832540617568793));
#1935=DIRECTION('ref_axis',(0.,-0.832540617568793,0.553964006139543));
#1936=DIRECTION('',(-1.,0.,0.));
#1937=DIRECTION('',(0.,-0.832540617568793,0.553964006139543));
#1938=DIRECTION('center_axis',(0.,0.444019321427189,-0.89601721088344));
#1939=DIRECTION('ref_axis',(0.,-0.89601721088344,-0.444019321427189));
#1940=DIRECTION('',(-1.,0.,0.));
#1941=DIRECTION('center_axis',(0.,0.832540617568793,-0.553964006139544));
#1942=DIRECTION('ref_axis',(0.,-0.553964006139544,-0.832540617568793));
#1943=DIRECTION('',(0.,-0.553964006139544,-0.832540617568793));
#1944=DIRECTION('',(-1.,0.,0.));
#1945=DIRECTION('center_axis',(0.,0.997983327566732,-0.0634765933146457));
#1946=DIRECTION('ref_axis',(0.,-0.0634765933146457,-0.997983327566732));
#1947=DIRECTION('center_axis',(1.,0.,0.));
#1948=DIRECTION('ref_axis',(0.,0.,-1.));
#1949=DIRECTION('center_axis',(1.,0.,0.));
#1950=DIRECTION('ref_axis',(0.,0.,-1.));
#1951=DIRECTION('center_axis',(1.,0.,0.));
#1952=DIRECTION('ref_axis',(0.,0.,-1.));
#1953=DIRECTION('center_axis',(1.,0.,0.));
#1954=DIRECTION('ref_axis',(0.,0.,-1.));
#1955=DIRECTION('center_axis',(1.,0.,0.));
#1956=DIRECTION('ref_axis',(0.,0.,-1.));
#1957=DIRECTION('center_axis',(1.,0.,0.));
#1958=DIRECTION('ref_axis',(0.,0.,-1.));
#1959=DIRECTION('center_axis',(1.,0.,0.));
#1960=DIRECTION('ref_axis',(0.,0.,-1.));
#1961=DIRECTION('center_axis',(1.,0.,0.));
#1962=DIRECTION('ref_axis',(0.,0.,-1.));
#1963=DIRECTION('center_axis',(1.,0.,0.));
#1964=DIRECTION('ref_axis',(0.,0.553964006139544,0.832540617568793));
#1965=CARTESIAN_POINT('',(0.,0.,0.));
#1966=CARTESIAN_POINT('Origin',(13.75,41.7588034437488,43.5856879725214));
#1967=CARTESIAN_POINT('',(14.,37.5088034437488,43.5856879725214));
#1968=CARTESIAN_POINT('Origin',(14.,41.7588034437488,43.5856879725214));
#1969=CARTESIAN_POINT('',(13.5,38.0088034437488,43.5856879725214));
#1970=CARTESIAN_POINT('',(13.75,37.7588034437488,43.5856879725214));
#1971=CARTESIAN_POINT('Origin',(13.5,41.7588034437488,43.5856879725214));
#1972=CARTESIAN_POINT('Origin',(14.,29.2706941802181,51.8951480646133));
#1973=CARTESIAN_POINT('',(14.,37.4589985161098,51.251304554653));
#1974=CARTESIAN_POINT('',(14.,41.5555908696522,50.0825106305388));
#1975=CARTESIAN_POINT('Origin',(14.,41.3367465590866,57.0790888776345));
#1976=CARTESIAN_POINT('',(14.,25.5141018934368,59.1993165151288));
#1977=CARTESIAN_POINT('',(14.,34.4727743604432,53.2383075447709));
#1978=CARTESIAN_POINT('',(14.,22.8537125187767,62.5265490773792));
#1979=CARTESIAN_POINT('Origin',(14.,29.3918499364136,65.0271008381103));
#1980=CARTESIAN_POINT('',(14.,16.9857974907864,53.7077854986928));
#1981=CARTESIAN_POINT('Origin',(14.,16.782584916685,60.2046081567077));
#1982=CARTESIAN_POINT('',(14.,21.0823898443345,52.538991574569));
#1983=CARTESIAN_POINT('Origin',(14.,17.2046418013577,46.7112072515874));
#1984=CARTESIAN_POINT('',(14.,33.0272864669934,44.5909796141026));
#1985=CARTESIAN_POINT('',(14.,24.0686139999973,50.5519885844537));
#1986=CARTESIAN_POINT('',(14.,35.6876758416555,41.2637470518472));
#1987=CARTESIAN_POINT('Origin',(14.,29.1495384240166,38.7631952911211));
#1988=CARTESIAN_POINT('Origin',(14.,41.7588034437488,43.5856879725214));
#1989=CARTESIAN_POINT('',(14.,12.532584916685,60.2046081567077));
#1990=CARTESIAN_POINT('Origin',(14.,16.782584916685,60.2046081567077));
#1991=CARTESIAN_POINT('Origin',(14.,41.7588034437488,43.5856879725214));
#1992=CARTESIAN_POINT('',(10.,38.0088034437488,43.5856879725214));
#1993=CARTESIAN_POINT('',(14.,38.0088034437488,43.5856879725214));
#1994=CARTESIAN_POINT('',(10.,41.731549710653,47.3355889357512));
#1995=CARTESIAN_POINT('Origin',(10.,41.7588034437488,43.5856879725214));
#1996=CARTESIAN_POINT('',(10.,42.5768353566767,47.2453770015826));
#1997=CARTESIAN_POINT('Origin',(10.,41.7588034437488,43.5856879725214));
#1998=CARTESIAN_POINT('',(10.,44.8185195737976,45.7537832664416));
#1999=CARTESIAN_POINT('Origin',(10.,41.7588034437488,43.5856879725214));
#2000=CARTESIAN_POINT('',(10.,45.2282203044419,45.0089401099651));
#2001=CARTESIAN_POINT('Origin',(10.,41.7588034437488,43.5856879725214));
#2002=CARTESIAN_POINT('',(10.,41.7860571768446,39.8357870092915));
#2003=CARTESIAN_POINT('Origin',(10.,41.7588034437488,43.5856879725214));
#2004=CARTESIAN_POINT('',(10.,40.9407715308208,39.9259989434601));
#2005=CARTESIAN_POINT('Origin',(10.,41.7588034437488,43.5856879725214));
#2006=CARTESIAN_POINT('',(10.,38.6990873136999,41.4175926786012));
#2007=CARTESIAN_POINT('Origin',(10.,41.7588034437488,43.5856879725214));
#2008=CARTESIAN_POINT('',(10.,38.2893865830556,42.1624358350776));
#2009=CARTESIAN_POINT('Origin',(10.,41.7588034437488,43.5856879725214));
#2010=CARTESIAN_POINT('Origin',(10.,41.7588034437488,43.5856879725214));
#2011=CARTESIAN_POINT('Origin',(8.25,41.7588034437488,43.5856879725214));
#2012=CARTESIAN_POINT('',(8.5,39.6588034437488,43.5856879725214));
#2013=CARTESIAN_POINT('Origin',(8.5,41.7588034437488,43.5856879725214));
#2014=CARTESIAN_POINT('',(8.,39.1588034437488,43.5856879725214));
#2015=CARTESIAN_POINT('',(8.25,39.4088034437488,43.5856879725214));
#2016=CARTESIAN_POINT('Origin',(8.,41.7588034437488,43.5856879725214));
#2017=CARTESIAN_POINT('Origin',(8.,29.2706941802181,51.8951480646133));
#2018=CARTESIAN_POINT('',(8.,41.5555908696522,50.0825106305388));
#2019=CARTESIAN_POINT('',(8.,37.4589985161098,51.251304554653));
#2020=CARTESIAN_POINT('Origin',(8.,41.3367465590866,57.0790888776345));
#2021=CARTESIAN_POINT('',(8.,35.6876758416555,41.2637470518472));
#2022=CARTESIAN_POINT('Origin',(8.,41.7588034437488,43.5856879725214));
#2023=CARTESIAN_POINT('',(8.,33.0272864669934,44.5909796141027));
#2024=CARTESIAN_POINT('Origin',(8.,29.1495384240166,38.7631952911211));
#2025=CARTESIAN_POINT('',(8.,21.0823898443345,52.538991574569));
#2026=CARTESIAN_POINT('',(8.,24.0686139999973,50.5519885844537));
#2027=CARTESIAN_POINT('',(8.,16.9857974907868,53.707785498683));
#2028=CARTESIAN_POINT('Origin',(8.,17.2046418013577,46.7112072515874));
#2029=CARTESIAN_POINT('',(8.,22.8537125187763,62.5265490773801));
#2030=CARTESIAN_POINT('Origin',(8.,16.782584916685,60.2046081567077));
#2031=CARTESIAN_POINT('',(8.,25.5141018934368,59.1993165151288));
#2032=CARTESIAN_POINT('Origin',(8.,29.3918499364136,65.0271008381103));
#2033=CARTESIAN_POINT('',(8.,34.4727743604432,53.2383075447709));
#2034=CARTESIAN_POINT('',(8.,14.182584916685,60.2046081567077));
#2035=CARTESIAN_POINT('Origin',(8.,16.782584916685,60.2046081567077));
#2036=CARTESIAN_POINT('Origin',(8.,41.7588034437488,43.5856879725214));
#2037=CARTESIAN_POINT('',(9.6,43.5071387406432,42.4223635596283));
#2038=CARTESIAN_POINT('',(9.6,42.9221278566418,45.3340232694158));
#2039=CARTESIAN_POINT('Origin',(9.6,41.7588034437488,43.5856879725214));
#2040=CARTESIAN_POINT('',(9.6,40.0104681468543,44.7490123854144));
#2041=CARTESIAN_POINT('Origin',(9.6,41.7588034437488,43.5856879725214));
#2042=CARTESIAN_POINT('',(9.6,39.6588034437488,43.5856879725214));
#2043=CARTESIAN_POINT('Origin',(9.6,41.7588034437488,43.5856879725214));
#2044=CARTESIAN_POINT('',(8.,39.6588034437488,43.5856879725214));
#2045=CARTESIAN_POINT('',(9.6,40.5954790308557,41.8373526756269));
#2046=CARTESIAN_POINT('Origin',(9.6,41.7588034437488,43.5856879725214));
#2047=CARTESIAN_POINT('Origin',(9.6,41.7588034437488,43.5856879725214));
#2048=CARTESIAN_POINT('Origin',(13.75,16.782584916685,60.2046081567077));
#2049=CARTESIAN_POINT('',(13.5,13.032584916685,60.2046081567077));
#2050=CARTESIAN_POINT('',(13.75,12.782584916685,60.2046081567077));
#2051=CARTESIAN_POINT('Origin',(13.5,16.782584916685,60.2046081567077));
#2052=CARTESIAN_POINT('Origin',(14.,16.782584916685,60.2046081567077));
#2053=CARTESIAN_POINT('',(10.,13.032584916685,60.2046081567077));
#2054=CARTESIAN_POINT('',(14.,13.032584916685,60.2046081567077));
#2055=CARTESIAN_POINT('',(10.,16.7553311835892,63.9545091199376));
#2056=CARTESIAN_POINT('Origin',(10.,16.782584916685,60.2046081567077));
#2057=CARTESIAN_POINT('',(10.,17.6006168296129,63.864297185769));
#2058=CARTESIAN_POINT('Origin',(10.,16.782584916685,60.2046081567077));
#2059=CARTESIAN_POINT('',(10.,19.8423010467338,62.3727034506279));
#2060=CARTESIAN_POINT('Origin',(10.,16.782584916685,60.2046081567077));
#2061=CARTESIAN_POINT('',(10.,20.2520017773781,61.6278602941515));
#2062=CARTESIAN_POINT('Origin',(10.,16.782584916685,60.2046081567077));
#2063=CARTESIAN_POINT('',(10.,16.8098386497808,56.4547071934778));
#2064=CARTESIAN_POINT('Origin',(10.,16.782584916685,60.2046081567077));
#2065=CARTESIAN_POINT('',(10.,15.964553003757,56.5449191276464));
#2066=CARTESIAN_POINT('Origin',(10.,16.782584916685,60.2046081567077));
#2067=CARTESIAN_POINT('',(10.,13.7228687866361,58.0365128627875));
#2068=CARTESIAN_POINT('Origin',(10.,16.782584916685,60.2046081567077));
#2069=CARTESIAN_POINT('',(10.,13.3131680559919,58.7813560192639));
#2070=CARTESIAN_POINT('Origin',(10.,16.782584916685,60.2046081567077));
#2071=CARTESIAN_POINT('Origin',(10.,16.782584916685,60.2046081567077));
#2072=CARTESIAN_POINT('Origin',(8.25,16.782584916685,60.2046081567077));
#2073=CARTESIAN_POINT('',(8.5,14.682584916685,60.2046081567077));
#2074=CARTESIAN_POINT('Origin',(8.5,16.782584916685,60.2046081567077));
#2075=CARTESIAN_POINT('',(8.25,14.432584916685,60.2046081567077));
#2076=CARTESIAN_POINT('Origin',(8.,16.782584916685,60.2046081567077));
#2077=CARTESIAN_POINT('',(9.6,18.5309202135794,59.0412837438146));
#2078=CARTESIAN_POINT('',(9.6,17.945909329578,61.9529434536021));
#2079=CARTESIAN_POINT('Origin',(9.6,16.782584916685,60.2046081567077));
#2080=CARTESIAN_POINT('',(9.6,15.0342496197905,61.3679325696007));
#2081=CARTESIAN_POINT('Origin',(9.6,16.782584916685,60.2046081567077));
#2082=CARTESIAN_POINT('',(9.6,14.682584916685,60.2046081567077));
#2083=CARTESIAN_POINT('Origin',(9.6,16.782584916685,60.2046081567077));
#2084=CARTESIAN_POINT('',(8.,14.682584916685,60.2046081567077));
#2085=CARTESIAN_POINT('',(9.6,15.6192605037919,58.4562728598132));
#2086=CARTESIAN_POINT('Origin',(9.6,16.782584916685,60.2046081567077));
#2087=CARTESIAN_POINT('Origin',(9.6,16.782584916685,60.2046081567077));
#2088=CARTESIAN_POINT('Origin',(8.5,41.3367465590866,57.0790888776345));
#2089=CARTESIAN_POINT('',(9.,41.5243273967143,51.0820218086953));
#2090=CARTESIAN_POINT('',(9.,41.5243273967143,51.0820218086953));
#2091=CARTESIAN_POINT('',(9.,38.0129625222494,52.0838451722218));
#2092=CARTESIAN_POINT('',(8.,37.4589985161098,51.251304554653));
#2093=CARTESIAN_POINT('Origin',(9.,41.3367465590866,57.0790888776345));
#2094=CARTESIAN_POINT('Origin',(8.5,41.7588034437488,43.5856879725214));
#2095=CARTESIAN_POINT('',(9.,34.7536562105643,40.9065253717434));
#2096=CARTESIAN_POINT('Origin',(9.,41.7588034437488,43.5856879725214));
#2097=CARTESIAN_POINT('',(9.,34.7536562105643,40.9065253717434));
#2098=CARTESIAN_POINT('Origin',(8.5,29.1495384240166,38.7631952911211));
#2099=CARTESIAN_POINT('',(9.,32.4733224608539,43.7584389965339));
#2100=CARTESIAN_POINT('',(9.,32.4733224608539,43.7584389965339));
#2101=CARTESIAN_POINT('Origin',(9.,29.1495384240166,38.7631952911211));
#2102=CARTESIAN_POINT('Origin',(8.5,23.7916319969275,50.1357182756693));
#2103=CARTESIAN_POINT('',(9.,20.5284258381949,51.7064509570002));
#2104=CARTESIAN_POINT('',(9.,23.5146499938577,49.7194479668849));
#2105=CARTESIAN_POINT('',(9.,20.5284258381949,51.7064509570002));
#2106=CARTESIAN_POINT('Origin',(8.5,17.2046418013577,46.7112072515874));
#2107=CARTESIAN_POINT('',(9.,17.0170609637252,52.7082743205363));
#2108=CARTESIAN_POINT('',(9.,17.0170609637252,52.7082743205363));
#2109=CARTESIAN_POINT('Origin',(9.,17.2046418013577,46.7112072515874));
#2110=CARTESIAN_POINT('Origin',(8.5,16.782584916685,60.2046081567077));
#2111=CARTESIAN_POINT('',(9.,23.7877321498676,62.8837707574837));
#2112=CARTESIAN_POINT('Origin',(9.,16.782584916685,60.2046081567077));
#2113=CARTESIAN_POINT('',(9.,23.7877321498676,62.8837707574837));
#2114=CARTESIAN_POINT('Origin',(8.5,29.3918499364136,65.0271008381103));
#2115=CARTESIAN_POINT('',(9.,26.0680658995763,60.0318571326976));
#2116=CARTESIAN_POINT('',(9.,26.0680658995763,60.0318571326976));
#2117=CARTESIAN_POINT('Origin',(9.,29.3918499364136,65.0271008381103));
#2118=CARTESIAN_POINT('Origin',(8.5,34.7497563635129,53.6545778535553));
#2119=CARTESIAN_POINT('',(9.,35.0267383665827,54.0708481623397));
#2120=CARTESIAN_POINT('Origin',(8.,20.5284258381949,51.7064509570002));
#2121=CARTESIAN_POINT('',(13.,32.4733224608539,43.7584389965339));
#2122=CARTESIAN_POINT('',(8.,32.4733224608539,43.7584389965339));
#2123=CARTESIAN_POINT('',(13.,20.5284258381949,51.7064509570002));
#2124=CARTESIAN_POINT('',(13.,23.5146499938577,49.7194479668849));
#2125=CARTESIAN_POINT('',(8.,20.5284258381949,51.7064509570002));
#2126=CARTESIAN_POINT('Origin',(8.,29.1495384240166,38.7631952911211));
#2127=CARTESIAN_POINT('',(13.,34.7536562105643,40.9065253717434));
#2128=CARTESIAN_POINT('',(8.,34.7536562105643,40.9065253717434));
#2129=CARTESIAN_POINT('Origin',(13.,29.1495384240166,38.7631952911211));
#2130=CARTESIAN_POINT('Origin',(8.,41.7588034437488,43.5856879725214));
#2131=CARTESIAN_POINT('',(13.,41.5243273967143,51.0820218086953));
#2132=CARTESIAN_POINT('',(8.,41.5243273967143,51.0820218086953));
#2133=CARTESIAN_POINT('Origin',(13.,41.7588034437488,43.5856879725214));
#2134=CARTESIAN_POINT('Origin',(8.,41.3367465590866,57.0790888776345));
#2135=CARTESIAN_POINT('',(13.,38.0129625222494,52.0838451722218));
#2136=CARTESIAN_POINT('',(8.,38.0129625222494,52.0838451722218));
#2137=CARTESIAN_POINT('Origin',(13.,41.3367465590866,57.0790888776345));
#2138=CARTESIAN_POINT('Origin',(13.5,41.3367465590866,57.0790888776345));
#2139=CARTESIAN_POINT('',(13.,38.0129625222494,52.0838451722218));
#2140=CARTESIAN_POINT('',(14.,41.5555908696522,50.0825106305388));
#2141=CARTESIAN_POINT('Origin',(13.5,34.7497563635129,53.6545778535553));
#2142=CARTESIAN_POINT('',(13.,26.0680658995763,60.0318571326976));
#2143=CARTESIAN_POINT('',(13.,26.0680658995763,60.0318571326976));
#2144=CARTESIAN_POINT('',(13.,35.0267383665827,54.0708481623397));
#2145=CARTESIAN_POINT('Origin',(13.5,29.3918499364136,65.0271008381103));
#2146=CARTESIAN_POINT('',(13.,23.7877321498676,62.8837707574837));
#2147=CARTESIAN_POINT('',(13.,23.7877321498676,62.8837707574837));
#2148=CARTESIAN_POINT('Origin',(13.,29.3918499364136,65.0271008381103));
#2149=CARTESIAN_POINT('Origin',(13.5,16.782584916685,60.2046081567077));
#2150=CARTESIAN_POINT('',(13.,17.0170609637252,52.7082743205363));
#2151=CARTESIAN_POINT('',(13.,17.0170609637252,52.7082743205363));
#2152=CARTESIAN_POINT('Origin',(13.,16.782584916685,60.2046081567077));
#2153=CARTESIAN_POINT('Origin',(13.5,17.2046418013577,46.7112072515874));
#2154=CARTESIAN_POINT('',(13.,20.5284258381949,51.7064509570002));
#2155=CARTESIAN_POINT('Origin',(13.,17.2046418013577,46.7112072515874));
#2156=CARTESIAN_POINT('Origin',(13.5,23.7916319969275,50.1357182756693));
#2157=CARTESIAN_POINT('',(13.,32.4733224608539,43.7584389965339));
#2158=CARTESIAN_POINT('Origin',(13.5,29.1495384240166,38.7631952911211));
#2159=CARTESIAN_POINT('',(13.,34.7536562105643,40.9065253717434));
#2160=CARTESIAN_POINT('Origin',(13.5,41.7588034437488,43.5856879725214));
#2161=CARTESIAN_POINT('Origin',(8.,16.782584916685,60.2046081567077));
#2162=CARTESIAN_POINT('',(8.,17.0170609637252,52.7082743205363));
#2163=CARTESIAN_POINT('',(8.,23.7877321498676,62.8837707574837));
#2164=CARTESIAN_POINT('Origin',(8.,29.3918499364136,65.0271008381103));
#2165=CARTESIAN_POINT('',(8.,26.0680658995763,60.0318571326976));
#2166=CARTESIAN_POINT('Origin',(8.,38.0129625222494,52.0838451722218));
#2167=CARTESIAN_POINT('Origin',(9.6,29.2706941802169,51.8951480646145));
#2168=CARTESIAN_POINT('',(9.6,16.1975740326835,63.1162678664952));
#2169=CARTESIAN_POINT('',(9.6,25.0641316097912,57.216551201109));
#2170=CARTESIAN_POINT('',(9.6,15.615911826237,62.2421002180479));
#2171=CARTESIAN_POINT('Origin',(9.6,29.2706941802169,51.8951480646145));
#2172=CARTESIAN_POINT('',(9.6,13.8709252068975,59.6195972727062));
#2173=CARTESIAN_POINT('',(9.6,15.615911826237,62.2421002180479));
#2174=CARTESIAN_POINT('',(9.6,20.9891474871107,54.8832050202131));
#2175=CARTESIAN_POINT('Origin',(9.6,29.2706941802169,51.8951480646145));
#2176=CARTESIAN_POINT('',(9.6,17.3675958006864,57.2929484469202));
#2177=CARTESIAN_POINT('',(9.6,20.9891474871107,54.8832050202131));
#2178=CARTESIAN_POINT('',(9.6,17.9492580071329,58.1671160953674));
#2179=CARTESIAN_POINT('Origin',(9.6,29.2706941802169,51.8951480646145));
#2180=CARTESIAN_POINT('',(9.6,19.6942446264725,60.7896190407091));
#2181=CARTESIAN_POINT('',(9.6,17.9492580071329,58.1671160953674));
#2182=CARTESIAN_POINT('',(9.6,25.0641316097912,57.216551201109));
#2183=CARTESIAN_POINT('Origin',(9.8,17.3675958006864,57.2929484469202));
#2184=CARTESIAN_POINT('',(9.8,17.3675958006864,57.2929484469202));
#2185=CARTESIAN_POINT('',(9.8,13.8709252068975,59.6195972727062));
#2186=CARTESIAN_POINT('',(9.8,22.7374827840051,53.7198806073201));
#2187=CARTESIAN_POINT('',(9.8,17.3675958006864,57.2929484469202));
#2188=CARTESIAN_POINT('',(9.8,13.8709252068975,59.6195972727062));
#2189=CARTESIAN_POINT('Origin',(9.8,16.1975740326835,63.1162678664952));
#2190=CARTESIAN_POINT('',(9.8,16.1975740326835,63.1162678664952));
#2191=CARTESIAN_POINT('',(9.8,19.6942446264725,60.7896190407091));
#2192=CARTESIAN_POINT('',(9.8,23.3157963128967,58.3798756140021));
#2193=CARTESIAN_POINT('',(9.8,16.1975740326835,63.1162678664952));
#2194=CARTESIAN_POINT('',(9.8,19.6942446264725,60.7896190407091));
#2195=CARTESIAN_POINT('Origin',(9.6,29.2706941802169,51.8951480646145));
#2196=CARTESIAN_POINT('',(9.6,41.1737925597473,46.4973476823089));
#2197=CARTESIAN_POINT('',(9.6,37.5522408733231,48.9070911090159));
#2198=CARTESIAN_POINT('',(9.6,40.5921303533008,45.6231800338615));
#2199=CARTESIAN_POINT('Origin',(9.6,29.2706941802169,51.8951480646145));
#2200=CARTESIAN_POINT('',(9.6,38.8471437339612,43.00067708852));
#2201=CARTESIAN_POINT('',(9.6,40.5921303533008,45.6231800338615));
#2202=CARTESIAN_POINT('',(9.6,33.4772567506425,46.57374492812));
#2203=CARTESIAN_POINT('Origin',(9.6,29.2706941802169,51.8951480646145));
#2204=CARTESIAN_POINT('',(9.6,42.3438143277502,40.6740282627339));
#2205=CARTESIAN_POINT('',(9.6,33.4772567506425,46.57374492812));
#2206=CARTESIAN_POINT('',(9.6,42.9254765341967,41.5481959111811));
#2207=CARTESIAN_POINT('Origin',(9.6,29.2706941802169,51.8951480646145));
#2208=CARTESIAN_POINT('',(9.6,44.6704631535363,44.1706988565228));
#2209=CARTESIAN_POINT('',(9.6,42.9254765341967,41.5481959111811));
#2210=CARTESIAN_POINT('',(9.6,37.5522408733231,48.9070911090159));
#2211=CARTESIAN_POINT('Origin',(9.8,42.3438143277502,40.6740282627339));
#2212=CARTESIAN_POINT('',(9.8,42.3438143277502,40.6740282627339));
#2213=CARTESIAN_POINT('',(9.8,38.8471437339612,43.00067708852));
#2214=CARTESIAN_POINT('',(9.8,35.225592047537,45.4104205152269));
#2215=CARTESIAN_POINT('',(9.8,42.3438143277502,40.6740282627339));
#2216=CARTESIAN_POINT('',(9.8,38.8471437339612,43.00067708852));
#2217=CARTESIAN_POINT('Origin',(9.8,41.1737925597473,46.4973476823089));
#2218=CARTESIAN_POINT('',(9.8,41.1737925597473,46.4973476823089));
#2219=CARTESIAN_POINT('',(9.8,44.6704631535363,44.1706988565228));
#2220=CARTESIAN_POINT('',(9.8,35.8039055764287,50.070415521909));
#2221=CARTESIAN_POINT('',(9.8,41.1737925597473,46.4973476823089));
#2222=CARTESIAN_POINT('',(9.8,44.6704631535363,44.1706988565228));
#2223=CARTESIAN_POINT('Origin',(9.8,29.2706941802169,51.8951480646145));
#2224=CARTESIAN_POINT('',(9.8,20.3937312677402,61.8408625039089));
#2225=CARTESIAN_POINT('',(9.8,17.599514686499,57.6414943637675));
#2226=CARTESIAN_POINT('',(9.8,20.4037953619996,61.9990908799673));
#2227=CARTESIAN_POINT('',(9.8,20.0965916905244,57.1692138136324));
#2228=CARTESIAN_POINT('',(9.8,17.0391225143471,64.2379097564295));
#2229=CARTESIAN_POINT('',(9.8,25.8066817818524,58.4040655530363));
#2230=CARTESIAN_POINT('',(9.8,16.8970606739513,64.167511329695));
#2231=CARTESIAN_POINT('',(9.8,19.4938844438314,65.4543615309666));
#2232=CARTESIAN_POINT('',(9.8,15.9656551468709,62.7677219496478));
#2233=CARTESIAN_POINT('Origin',(9.8,29.2706941802169,51.8951480646145));
#2234=CARTESIAN_POINT('',(9.8,45.369949794804,45.2219423197226));
#2235=CARTESIAN_POINT('',(9.8,42.5757332135628,41.0225741795812));
#2236=CARTESIAN_POINT('',(9.8,45.3800138890634,45.380170695781));
#2237=CARTESIAN_POINT('',(9.8,45.5488846674481,48.0351685861966));
#2238=CARTESIAN_POINT('',(9.8,42.0153410414109,47.6189895722432));
#2239=CARTESIAN_POINT('',(9.8,38.2947910453843,50.0946054609431));
#2240=CARTESIAN_POINT('',(9.8,41.8732792010152,47.5485911455087));
#2241=CARTESIAN_POINT('',(9.8,37.7499738892694,45.5052964360763));
#2242=CARTESIAN_POINT('',(9.8,40.9418736739347,46.1488017654615));
#2243=CARTESIAN_POINT('Origin',(9.8,29.2706941802169,51.8951480646145));
#2244=CARTESIAN_POINT('',(9.8,13.1714385656297,58.5683538095064));
#2245=CARTESIAN_POINT('',(9.8,15.9656551468709,62.7677219496478));
#2246=CARTESIAN_POINT('',(9.8,13.1613744713704,58.410125433448));
#2247=CARTESIAN_POINT('',(9.8,12.9925036929856,55.7551275430324));
#2248=CARTESIAN_POINT('',(9.8,16.5260473190228,56.1713065569858));
#2249=CARTESIAN_POINT('',(9.8,20.2465973150494,53.6956906682859));
#2250=CARTESIAN_POINT('',(9.8,16.6681091594187,56.2417049837204));
#2251=CARTESIAN_POINT('',(9.8,20.7914144711644,58.2849996931527));
#2252=CARTESIAN_POINT('',(9.8,17.599514686499,57.6414943637675));
#2253=CARTESIAN_POINT('Origin',(10.,29.2706941802169,51.8951480646145));
#2254=CARTESIAN_POINT('',(10.,20.4037953619996,61.9990908799673));
#2255=CARTESIAN_POINT('',(10.,25.8066817818524,58.4040655530363));
#2256=CARTESIAN_POINT('',(10.,20.3937312677402,61.8408625039089));
#2257=CARTESIAN_POINT('',(10.,20.0965916905244,57.1692138136324));
#2258=CARTESIAN_POINT('',(10.,17.599514686499,57.6414943637675));
#2259=CARTESIAN_POINT('Origin',(10.,29.2706941802169,51.8951480646145));
#2260=CARTESIAN_POINT('',(10.,16.8970606739513,64.167511329695));
#2261=CARTESIAN_POINT('',(10.,15.9656551468709,62.7677219496478));
#2262=CARTESIAN_POINT('',(10.,17.0391225143471,64.2379097564295));
#2263=CARTESIAN_POINT('',(10.,19.4938844438314,65.4543615309666));
#2264=CARTESIAN_POINT('',(10.,25.8066817818524,58.4040655530363));
#2265=CARTESIAN_POINT('Origin',(10.,29.2706941802169,51.8951480646145));
#2266=CARTESIAN_POINT('',(10.,13.1613744713704,58.410125433448));
#2267=CARTESIAN_POINT('',(10.,20.2465973150494,53.6956906682859));
#2268=CARTESIAN_POINT('',(10.,13.1714385656297,58.5683538095064));
#2269=CARTESIAN_POINT('',(10.,12.9925036929856,55.7551275430324));
#2270=CARTESIAN_POINT('',(10.,15.9656551468709,62.7677219496478));
#2271=CARTESIAN_POINT('Origin',(10.,29.2706941802169,51.8951480646145));
#2272=CARTESIAN_POINT('',(10.,16.6681091594187,56.2417049837204));
#2273=CARTESIAN_POINT('',(10.,17.599514686499,57.6414943637675));
#2274=CARTESIAN_POINT('',(10.,16.5260473190228,56.1713065569858));
#2275=CARTESIAN_POINT('',(10.,20.7914144711644,58.2849996931527));
#2276=CARTESIAN_POINT('',(10.,20.2465973150494,53.6956906682859));
#2277=CARTESIAN_POINT('Origin',(10.,17.0391225143471,64.2379097564295));
#2278=CARTESIAN_POINT('',(10.,17.0391225143471,64.2379097564295));
#2279=CARTESIAN_POINT('',(10.,20.4037953619996,61.9990908799673));
#2280=CARTESIAN_POINT('',(10.,24.1243453580262,59.5234749912674));
#2281=CARTESIAN_POINT('Origin',(10.,16.8970606739513,64.167511329695));
#2282=CARTESIAN_POINT('',(10.,16.8970606739513,64.167511329695));
#2283=CARTESIAN_POINT('Origin',(10.,13.1714385656297,58.5683538095064));
#2284=CARTESIAN_POINT('',(10.,14.1028440927101,59.9681431895535));
#2285=CARTESIAN_POINT('',(10.,13.1714385656297,58.5683538095064));
#2286=CARTESIAN_POINT('Origin',(10.,13.1613744713704,58.410125433448));
#2287=CARTESIAN_POINT('',(10.,13.1613744713704,58.410125433448));
#2288=CARTESIAN_POINT('Origin',(10.,16.5260473190228,56.1713065569859));
#2289=CARTESIAN_POINT('',(10.,16.5260473190228,56.1713065569858));
#2290=CARTESIAN_POINT('',(10.,21.9289337388756,52.5762812300548));
#2291=CARTESIAN_POINT('Origin',(10.,16.6681091594187,56.2417049837204));
#2292=CARTESIAN_POINT('',(10.,16.6681091594187,56.2417049837204));
#2293=CARTESIAN_POINT('Origin',(10.,20.3937312677402,61.8408625039089));
#2294=CARTESIAN_POINT('',(10.,19.4623257406598,60.4410731238618));
#2295=CARTESIAN_POINT('',(10.,20.3937312677402,61.8408625039089));
#2296=CARTESIAN_POINT('Origin',(10.,20.4037953619996,61.9990908799673));
#2297=CARTESIAN_POINT('Origin',(9.8,29.2706941802169,51.8951480646145));
#2298=CARTESIAN_POINT('',(9.8,38.1476570926935,41.9494336253202));
#2299=CARTESIAN_POINT('',(9.8,40.9418736739347,46.1488017654615));
#2300=CARTESIAN_POINT('',(9.8,38.1375929984342,41.7912052492617));
#2301=CARTESIAN_POINT('',(9.8,38.4447966699093,46.6210823155967));
#2302=CARTESIAN_POINT('',(9.8,41.5022658460866,39.5523863727995));
#2303=CARTESIAN_POINT('',(9.8,32.7347065785813,45.3862305761927));
#2304=CARTESIAN_POINT('',(9.8,41.6443276864824,39.6227847995341));
#2305=CARTESIAN_POINT('',(9.8,39.0475039166024,38.3359345982625));
#2306=CARTESIAN_POINT('',(9.8,42.5757332135628,41.0225741795812));
#2307=CARTESIAN_POINT('Origin',(10.,29.2706941802169,51.8951480646145));
#2308=CARTESIAN_POINT('',(10.,45.3800138890634,45.380170695781));
#2309=CARTESIAN_POINT('',(10.,38.2947910453843,50.0946054609431));
#2310=CARTESIAN_POINT('',(10.,45.369949794804,45.2219423197226));
#2311=CARTESIAN_POINT('',(10.,45.5488846674481,48.0351685861966));
#2312=CARTESIAN_POINT('',(10.,42.5757332135628,41.0225741795812));
#2313=CARTESIAN_POINT('Origin',(10.,29.2706941802169,51.8951480646145));
#2314=CARTESIAN_POINT('',(10.,41.8732792010152,47.5485911455087));
#2315=CARTESIAN_POINT('',(10.,40.9418736739347,46.1488017654615));
#2316=CARTESIAN_POINT('',(10.,42.0153410414109,47.6189895722432));
#2317=CARTESIAN_POINT('',(10.,37.7499738892694,45.5052964360763));
#2318=CARTESIAN_POINT('',(10.,38.2947910453843,50.0946054609431));
#2319=CARTESIAN_POINT('Origin',(10.,29.2706941802169,51.8951480646145));
#2320=CARTESIAN_POINT('',(10.,38.1375929984342,41.7912052492617));
#2321=CARTESIAN_POINT('',(10.,32.7347065785813,45.3862305761927));
#2322=CARTESIAN_POINT('',(10.,38.1476570926935,41.9494336253202));
#2323=CARTESIAN_POINT('',(10.,38.4447966699093,46.6210823155967));
#2324=CARTESIAN_POINT('',(10.,40.9418736739347,46.1488017654615));
#2325=CARTESIAN_POINT('Origin',(10.,29.2706941802169,51.8951480646145));
#2326=CARTESIAN_POINT('',(10.,41.6443276864824,39.6227847995341));
#2327=CARTESIAN_POINT('',(10.,42.5757332135628,41.0225741795812));
#2328=CARTESIAN_POINT('',(10.,41.5022658460866,39.5523863727995));
#2329=CARTESIAN_POINT('',(10.,39.0475039166024,38.3359345982625));
#2330=CARTESIAN_POINT('',(10.,32.7347065785813,45.3862305761927));
#2331=CARTESIAN_POINT('Origin',(10.,42.0153410414109,47.6189895722432));
#2332=CARTESIAN_POINT('',(10.,42.0153410414109,47.6189895722432));
#2333=CARTESIAN_POINT('',(10.,45.3800138890634,45.380170695781));
#2334=CARTESIAN_POINT('',(10.,36.6124546215581,51.2140148991742));
#2335=CARTESIAN_POINT('Origin',(10.,41.8732792010152,47.5485911455087));
#2336=CARTESIAN_POINT('',(10.,41.8732792010152,47.5485911455087));
#2337=CARTESIAN_POINT('Origin',(10.,38.1476570926935,41.9494336253202));
#2338=CARTESIAN_POINT('',(10.,39.0790626197739,43.3492230053672));
#2339=CARTESIAN_POINT('',(10.,38.1476570926935,41.9494336253202));
#2340=CARTESIAN_POINT('Origin',(10.,38.1375929984342,41.7912052492617));
#2341=CARTESIAN_POINT('',(10.,38.1375929984342,41.7912052492617));
#2342=CARTESIAN_POINT('Origin',(10.,41.5022658460866,39.5523863727995));
#2343=CARTESIAN_POINT('',(10.,41.5022658460866,39.5523863727995));
#2344=CARTESIAN_POINT('',(10.,34.4170430024075,44.2668211379616));
#2345=CARTESIAN_POINT('Origin',(10.,41.6443276864824,39.6227847995341));
#2346=CARTESIAN_POINT('',(10.,41.6443276864824,39.6227847995341));
#2347=CARTESIAN_POINT('Origin',(10.,45.369949794804,45.2219423197226));
#2348=CARTESIAN_POINT('',(10.,44.4385442677236,43.8221529396754));
#2349=CARTESIAN_POINT('',(10.,45.369949794804,45.2219423197226));
#2350=CARTESIAN_POINT('Origin',(10.,45.3800138890634,45.380170695781));
#2351=CARTESIAN_POINT('Origin',(10.,29.2706941802169,51.8951480646145));
#2352=CARTESIAN_POINT('Origin',(10.,29.2706941802169,51.8951480646145));
#2353=CARTESIAN_POINT('Origin',(10.,29.2706941802169,51.8951480646145));
#2354=CARTESIAN_POINT('Origin',(10.,29.2706941802169,51.8951480646145));
#2355=CARTESIAN_POINT('Origin',(10.,29.2706941802169,51.8951480646145));
#2356=CARTESIAN_POINT('Origin',(10.,29.2706941802169,51.8951480646145));
#2357=CARTESIAN_POINT('Origin',(10.,29.2706941802169,51.8951480646145));
#2358=CARTESIAN_POINT('Origin',(10.,29.2706941802169,51.8951480646145));
#2359=CARTESIAN_POINT('Origin',(8.,17.2046418013577,46.7112072515874));
#2360=UNCERTAINTY_MEASURE_WITH_UNIT(LENGTH_MEASURE(0.01),#2364,
'DISTANCE_ACCURACY_VALUE',
'Maximum model space distance between geometric entities at asserted c
onnectivities');
#2361=UNCERTAINTY_MEASURE_WITH_UNIT(LENGTH_MEASURE(0.01),#2364,
'DISTANCE_ACCURACY_VALUE',
'Maximum model space distance between geometric entities at asserted c
onnectivities');
#2362=(
GEOMETRIC_REPRESENTATION_CONTEXT(3)
GLOBAL_UNCERTAINTY_ASSIGNED_CONTEXT((#2360))
GLOBAL_UNIT_ASSIGNED_CONTEXT((#2364,#2366,#2367))
REPRESENTATION_CONTEXT('','3D')
);
#2363=(
GEOMETRIC_REPRESENTATION_CONTEXT(3)
GLOBAL_UNCERTAINTY_ASSIGNED_CONTEXT((#2361))
GLOBAL_UNIT_ASSIGNED_CONTEXT((#2364,#2366,#2367))
REPRESENTATION_CONTEXT('','3D')
);
#2364=(
LENGTH_UNIT()
NAMED_UNIT(*)
SI_UNIT(.MILLI.,.METRE.)
);
#2365=(
LENGTH_UNIT()
NAMED_UNIT(*)
SI_UNIT($,.METRE.)
);
#2366=(
NAMED_UNIT(*)
PLANE_ANGLE_UNIT()
SI_UNIT($,.RADIAN.)
);
#2367=(
NAMED_UNIT(*)
SI_UNIT($,.STERADIAN.)
SOLID_ANGLE_UNIT()
);
#2368=SHAPE_DEFINITION_REPRESENTATION(#2369,#2370);
#2369=PRODUCT_DEFINITION_SHAPE('',$,#2372);
#2370=SHAPE_REPRESENTATION('',(#1400),#2362);
#2371=PRODUCT_DEFINITION_CONTEXT('part definition',#2376,'design');
#2372=PRODUCT_DEFINITION('2026-09-05-19-20-29-512','Dogbone (Bolt)',#2373,
#2371);
#2373=PRODUCT_DEFINITION_FORMATION('',$,#2378);
#2374=PRODUCT_RELATED_PRODUCT_CATEGORY('Dogbone (Bolt)',
'Dogbone (Bolt)',(#2378));
#2375=APPLICATION_PROTOCOL_DEFINITION('international standard',
'automotive_design',2009,#2376);
#2376=APPLICATION_CONTEXT(
'Core Data for Automotive Mechanical Design Process');
#2377=PRODUCT_CONTEXT('part definition',#2376,'mechanical');
#2378=PRODUCT('2026-09-05-19-20-29-512','Dogbone (Bolt)',$,(#2377));
#2379=PRESENTATION_STYLE_ASSIGNMENT((#2380));
#2380=SURFACE_STYLE_USAGE(.BOTH.,#2381);
#2381=SURFACE_SIDE_STYLE('',(#2382));
#2382=SURFACE_STYLE_FILL_AREA(#2383);
#2383=FILL_AREA_STYLE('PETG Black',(#2384));
#2384=FILL_AREA_STYLE_COLOUR('PETG Black',#2385);
#2385=COLOUR_RGB('PETG Black',0.247058823529412,0.247058823529412,0.247058823529412);
ENDSEC;
END-ISO-10303-21;
