ISO-10303-21;
HEADER;
/* Generated by software containing ST-Developer
 * from STEP Tools, Inc. (www.steptools.com) 
 */

FILE_DESCRIPTION(
/* description */ (''),
/* implementation_level */ '2;1');

FILE_NAME(
/* name */ 'SC63 Stroker Top (XL).step',
/* time_stamp */ '2026-09-05T09:31:58+02:00',
/* author */ (''),
/* organization */ (''),
/* preprocessor_version */ 'ST-DEVELOPER v20.2',
/* originating_system */ 'Autodesk Translation Framework v15.15.0.0',
/* authorisation */ '');

FILE_SCHEMA (('AUTOMOTIVE_DESIGN { 1 0 10303 214 3 1 1 }'));
ENDSEC;

DATA;
#10=MECHANICAL_DESIGN_GEOMETRIC_PRESENTATION_REPRESENTATION('',(#13),#3170);
#11=SHAPE_REPRESENTATION_RELATIONSHIP('SRR','None',#3177,#12);
#12=ADVANCED_BREP_SHAPE_REPRESENTATION('',(#14),#3169);
#13=STYLED_ITEM('',(#3187),#14);
#14=MANIFOLD_SOLID_BREP('Body1',#1553);
#15=TOROIDAL_SURFACE('',#1610,7.50000001129752,4.5);
#16=TOROIDAL_SURFACE('',#1616,7.49999998860259,4.5);
#17=TOROIDAL_SURFACE('',#1625,7.49999998860259,4.5);
#18=TOROIDAL_SURFACE('',#1630,7.50000001129752,4.5);
#19=FACE_BOUND('',#465,.T.);
#20=ELLIPSE('',#1600,10.6066017177987,7.5);
#21=ELLIPSE('',#1601,9.73233688528886,6.88180140837942);
#22=ELLIPSE('',#1602,9.73233688528916,6.88180140837964);
#23=ELLIPSE('',#1603,10.6066017177986,7.49999999999992);
#24=ELLIPSE('',#1677,10.6066017177987,7.5);
#25=ELLIPSE('',#1678,10.6066017177985,7.49999999999992);
#26=ELLIPSE('',#1680,9.73233691472625,6.88180140837915);
#27=ELLIPSE('',#1681,9.7323369147333,6.88180140837915);
#28=ELLIPSE('',#1683,9.7323369147266,6.8818014083794);
#29=ELLIPSE('',#1684,9.73233691473364,6.8818014083794);
#30=ELLIPSE('',#1686,67.1751444159121,47.5);
#31=ELLIPSE('',#1687,67.1751444159607,47.5);
#32=ELLIPSE('',#1696,9.73233691472658,6.88180140837938);
#33=ELLIPSE('',#1697,9.73233691473362,6.88180140837938);
#34=ELLIPSE('',#1699,9.73233691472656,6.88180140837937);
#35=ELLIPSE('',#1700,9.73233691473361,6.88180140837937);
#36=CYLINDRICAL_SURFACE('',#1576,2.1);
#37=CYLINDRICAL_SURFACE('',#1588,2.1);
#38=CYLINDRICAL_SURFACE('',#1593,3.75);
#39=CYLINDRICAL_SURFACE('',#1604,3.75);
#40=CYLINDRICAL_SURFACE('',#1614,4.5);
#41=CYLINDRICAL_SURFACE('',#1619,42.5);
#42=CYLINDRICAL_SURFACE('',#1620,11.9999999886026);
#43=CYLINDRICAL_SURFACE('',#1623,12.0000000112975);
#44=CYLINDRICAL_SURFACE('',#1628,4.5);
#45=CYLINDRICAL_SURFACE('',#1632,42.5);
#46=CYLINDRICAL_SURFACE('',#1633,1.);
#47=CYLINDRICAL_SURFACE('',#1634,1.);
#48=CYLINDRICAL_SURFACE('',#1636,42.5);
#49=CYLINDRICAL_SURFACE('',#1637,1.);
#50=CYLINDRICAL_SURFACE('',#1640,34.);
#51=CYLINDRICAL_SURFACE('',#1647,1.);
#52=CYLINDRICAL_SURFACE('',#1679,6.88180140837915);
#53=CYLINDRICAL_SURFACE('',#1682,6.8818014083794);
#54=CYLINDRICAL_SURFACE('',#1685,47.5);
#55=CYLINDRICAL_SURFACE('',#1688,6.88180140837943);
#56=CYLINDRICAL_SURFACE('',#1689,42.5);
#57=CYLINDRICAL_SURFACE('',#1691,7.49999999999992);
#58=CYLINDRICAL_SURFACE('',#1693,7.5);
#59=CYLINDRICAL_SURFACE('',#1694,6.88180140837964);
#60=CYLINDRICAL_SURFACE('',#1695,6.88180140837938);
#61=CYLINDRICAL_SURFACE('',#1698,6.88180140837937);
#62=CYLINDRICAL_SURFACE('',#1702,34.);
#63=CYLINDRICAL_SURFACE('',#1705,3.99999999999999);
#64=CYLINDRICAL_SURFACE('',#1708,3.99999999999999);
#65=CYLINDRICAL_SURFACE('',#1711,34.);
#66=LINE('',#2235,#193);
#67=LINE('',#2237,#194);
#68=LINE('',#2243,#195);
#69=LINE('',#2249,#196);
#70=LINE('',#2250,#197);
#71=LINE('',#2253,#198);
#72=LINE('',#2352,#199);
#73=LINE('',#2356,#200);
#74=LINE('',#2359,#201);
#75=LINE('',#2362,#202);
#76=LINE('',#2424,#203);
#77=LINE('',#2461,#204);
#78=LINE('',#2465,#205);
#79=LINE('',#2469,#206);
#80=LINE('',#2472,#207);
#81=LINE('',#2475,#208);
#82=LINE('',#2481,#209);
#83=LINE('',#2485,#210);
#84=LINE('',#2489,#211);
#85=LINE('',#2492,#212);
#86=LINE('',#2592,#213);
#87=LINE('',#2596,#214);
#88=LINE('',#2600,#215);
#89=LINE('',#2603,#216);
#90=LINE('',#2605,#217);
#91=LINE('',#2633,#218);
#92=LINE('',#2636,#219);
#93=LINE('',#2663,#220);
#94=LINE('',#2664,#221);
#95=LINE('',#2695,#222);
#96=LINE('',#2696,#223);
#97=LINE('',#2711,#224);
#98=LINE('',#2728,#225);
#99=LINE('',#2742,#226);
#100=LINE('',#2745,#227);
#101=LINE('',#2759,#228);
#102=LINE('',#2760,#229);
#103=LINE('',#2763,#230);
#104=LINE('',#2764,#231);
#105=LINE('',#2778,#232);
#106=LINE('',#2813,#233);
#107=LINE('',#2831,#234);
#108=LINE('',#2846,#235);
#109=LINE('',#2863,#236);
#110=LINE('',#2877,#237);
#111=LINE('',#2878,#238);
#112=LINE('',#2880,#239);
#113=LINE('',#2896,#240);
#114=LINE('',#2911,#241);
#115=LINE('',#2913,#242);
#116=LINE('',#2914,#243);
#117=LINE('',#2917,#244);
#118=LINE('',#2932,#245);
#119=LINE('',#2947,#246);
#120=LINE('',#2948,#247);
#121=LINE('',#2954,#248);
#122=LINE('',#2957,#249);
#123=LINE('',#2962,#250);
#124=LINE('',#2966,#251);
#125=LINE('',#2970,#252);
#126=LINE('',#2973,#253);
#127=LINE('',#2978,#254);
#128=LINE('',#2981,#255);
#129=LINE('',#2982,#256);
#130=LINE('',#2985,#257);
#131=LINE('',#2986,#258);
#132=LINE('',#2989,#259);
#133=LINE('',#2990,#260);
#134=LINE('',#2993,#261);
#135=LINE('',#2994,#262);
#136=LINE('',#2997,#263);
#137=LINE('',#2998,#264);
#138=LINE('',#3002,#265);
#139=LINE('',#3003,#266);
#140=LINE('',#3004,#267);
#141=LINE('',#3008,#268);
#142=LINE('',#3009,#269);
#143=LINE('',#3010,#270);
#144=LINE('',#3013,#271);
#145=LINE('',#3014,#272);
#146=LINE('',#3017,#273);
#147=LINE('',#3018,#274);
#148=LINE('',#3021,#275);
#149=LINE('',#3022,#276);
#150=LINE('',#3025,#277);
#151=LINE('',#3026,#278);
#152=LINE('',#3030,#279);
#153=LINE('',#3031,#280);
#154=LINE('',#3032,#281);
#155=LINE('',#3036,#282);
#156=LINE('',#3037,#283);
#157=LINE('',#3038,#284);
#158=LINE('',#3040,#285);
#159=LINE('',#3041,#286);
#160=LINE('',#3043,#287);
#161=LINE('',#3044,#288);
#162=LINE('',#3046,#289);
#163=LINE('',#3047,#290);
#164=LINE('',#3049,#291);
#165=LINE('',#3051,#292);
#166=LINE('',#3053,#293);
#167=LINE('',#3054,#294);
#168=LINE('',#3056,#295);
#169=LINE('',#3058,#296);
#170=LINE('',#3064,#297);
#171=LINE('',#3066,#298);
#172=LINE('',#3071,#299);
#173=LINE('',#3078,#300);
#174=LINE('',#3081,#301);
#175=LINE('',#3087,#302);
#176=LINE('',#3092,#303);
#177=LINE('',#3095,#304);
#178=LINE('',#3096,#305);
#179=LINE('',#3098,#306);
#180=LINE('',#3115,#307);
#181=LINE('',#3129,#308);
#182=LINE('',#3130,#309);
#183=LINE('',#3132,#310);
#184=LINE('',#3134,#311);
#185=LINE('',#3136,#312);
#186=LINE('',#3145,#313);
#187=LINE('',#3147,#314);
#188=LINE('',#3149,#315);
#189=LINE('',#3153,#316);
#190=LINE('',#3157,#317);
#191=LINE('',#3161,#318);
#192=LINE('',#3164,#319);
#193=VECTOR('',#1728,10.);
#194=VECTOR('',#1729,10.);
#195=VECTOR('',#1734,10.);
#196=VECTOR('',#1739,10.);
#197=VECTOR('',#1740,10.);
#198=VECTOR('',#1743,2.1);
#199=VECTOR('',#1762,10.);
#200=VECTOR('',#1765,10.);
#201=VECTOR('',#1768,10.);
#202=VECTOR('',#1771,2.1);
#203=VECTOR('',#1780,10.);
#204=VECTOR('',#1785,10.);
#205=VECTOR('',#1788,10.);
#206=VECTOR('',#1791,10.);
#207=VECTOR('',#1794,3.75);
#208=VECTOR('',#1797,10.);
#209=VECTOR('',#1802,10.);
#210=VECTOR('',#1805,10.);
#211=VECTOR('',#1808,10.);
#212=VECTOR('',#1811,10.);
#213=VECTOR('',#1816,10.);
#214=VECTOR('',#1819,10.);
#215=VECTOR('',#1822,10.);
#216=VECTOR('',#1825,3.75);
#217=VECTOR('',#1826,10.);
#218=VECTOR('',#1827,10.);
#219=VECTOR('',#1830,10.);
#220=VECTOR('',#1843,10.);
#221=VECTOR('',#1844,10.);
#222=VECTOR('',#1853,10.);
#223=VECTOR('',#1854,10.);
#224=VECTOR('',#1855,10.);
#225=VECTOR('',#1856,10.);
#226=VECTOR('',#1857,10.);
#227=VECTOR('',#1860,10.);
#228=VECTOR('',#1863,10.);
#229=VECTOR('',#1864,10.);
#230=VECTOR('',#1867,10.);
#231=VECTOR('',#1868,10.);
#232=VECTOR('',#1871,10.);
#233=VECTOR('',#1884,10.);
#234=VECTOR('',#1891,10.);
#235=VECTOR('',#1892,10.);
#236=VECTOR('',#1893,10.);
#237=VECTOR('',#1894,10.);
#238=VECTOR('',#1895,10.);
#239=VECTOR('',#1898,10.);
#240=VECTOR('',#1901,10.);
#241=VECTOR('',#1904,10.);
#242=VECTOR('',#1905,10.);
#243=VECTOR('',#1906,10.);
#244=VECTOR('',#1909,10.);
#245=VECTOR('',#1910,10.);
#246=VECTOR('',#1911,10.);
#247=VECTOR('',#1912,10.);
#248=VECTOR('',#1917,10.);
#249=VECTOR('',#1920,10.);
#250=VECTOR('',#1925,10.);
#251=VECTOR('',#1930,10.);
#252=VECTOR('',#1933,10.);
#253=VECTOR('',#1936,10.);
#254=VECTOR('',#1943,10.);
#255=VECTOR('',#1946,10.);
#256=VECTOR('',#1947,10.);
#257=VECTOR('',#1950,10.);
#258=VECTOR('',#1951,10.);
#259=VECTOR('',#1954,10.);
#260=VECTOR('',#1955,10.);
#261=VECTOR('',#1958,10.);
#262=VECTOR('',#1959,10.);
#263=VECTOR('',#1962,10.);
#264=VECTOR('',#1963,10.);
#265=VECTOR('',#1966,10.);
#266=VECTOR('',#1967,10.);
#267=VECTOR('',#1968,10.);
#268=VECTOR('',#1971,10.);
#269=VECTOR('',#1972,10.);
#270=VECTOR('',#1973,10.);
#271=VECTOR('',#1976,10.);
#272=VECTOR('',#1977,10.);
#273=VECTOR('',#1980,10.);
#274=VECTOR('',#1981,10.);
#275=VECTOR('',#1984,10.);
#276=VECTOR('',#1985,10.);
#277=VECTOR('',#1988,10.);
#278=VECTOR('',#1989,10.);
#279=VECTOR('',#1992,10.);
#280=VECTOR('',#1993,10.);
#281=VECTOR('',#1994,10.);
#282=VECTOR('',#1997,10.);
#283=VECTOR('',#1998,10.);
#284=VECTOR('',#1999,10.);
#285=VECTOR('',#2002,10.);
#286=VECTOR('',#2003,10.);
#287=VECTOR('',#2006,10.);
#288=VECTOR('',#2007,10.);
#289=VECTOR('',#2010,10.);
#290=VECTOR('',#2011,10.);
#291=VECTOR('',#2014,10.);
#292=VECTOR('',#2017,10.);
#293=VECTOR('',#2020,10.);
#294=VECTOR('',#2021,10.);
#295=VECTOR('',#2024,10.);
#296=VECTOR('',#2027,10.);
#297=VECTOR('',#2038,10.);
#298=VECTOR('',#2041,10.);
#299=VECTOR('',#2046,10.);
#300=VECTOR('',#2053,10.);
#301=VECTOR('',#2056,10.);
#302=VECTOR('',#2063,10.);
#303=VECTOR('',#2068,10.);
#304=VECTOR('',#2073,10.);
#305=VECTOR('',#2074,10.);
#306=VECTOR('',#2077,10.);
#307=VECTOR('',#2078,10.);
#308=VECTOR('',#2081,10.);
#309=VECTOR('',#2082,10.);
#310=VECTOR('',#2085,10.);
#311=VECTOR('',#2088,10.);
#312=VECTOR('',#2091,10.);
#313=VECTOR('',#2108,10.);
#314=VECTOR('',#2111,10.);
#315=VECTOR('',#2114,10.);
#316=VECTOR('',#2119,10.);
#317=VECTOR('',#2126,10.);
#318=VECTOR('',#2133,10.);
#319=VECTOR('',#2138,10.);
#320=PLANE('',#1571);
#321=PLANE('',#1585);
#322=PLANE('',#1599);
#323=PLANE('',#1622);
#324=PLANE('',#1635);
#325=PLANE('',#1643);
#326=PLANE('',#1649);
#327=PLANE('',#1650);
#328=PLANE('',#1651);
#329=PLANE('',#1652);
#330=PLANE('',#1653);
#331=PLANE('',#1654);
#332=PLANE('',#1655);
#333=PLANE('',#1656);
#334=PLANE('',#1657);
#335=PLANE('',#1658);
#336=PLANE('',#1659);
#337=PLANE('',#1660);
#338=PLANE('',#1661);
#339=PLANE('',#1662);
#340=PLANE('',#1663);
#341=PLANE('',#1664);
#342=PLANE('',#1665);
#343=PLANE('',#1666);
#344=PLANE('',#1667);
#345=PLANE('',#1668);
#346=PLANE('',#1669);
#347=PLANE('',#1670);
#348=PLANE('',#1671);
#349=PLANE('',#1672);
#350=PLANE('',#1673);
#351=PLANE('',#1674);
#352=PLANE('',#1675);
#353=PLANE('',#1676);
#354=PLANE('',#1690);
#355=PLANE('',#1692);
#356=PLANE('',#1701);
#357=PLANE('',#1703);
#358=PLANE('',#1704);
#359=PLANE('',#1707);
#360=PLANE('',#1710);
#361=PLANE('',#1712);
#362=PLANE('',#1713);
#363=PLANE('',#1714);
#364=PLANE('',#1715);
#365=B_SPLINE_SURFACE_WITH_KNOTS('',3,3,((#2179,#2180,#2181,#2182,#2183,
#2184,#2185,#2186,#2187),(#2188,#2189,#2190,#2191,#2192,#2193,#2194,#2195,
#2196),(#2197,#2198,#2199,#2200,#2201,#2202,#2203,#2204,#2205),(#2206,#2207,
#2208,#2209,#2210,#2211,#2212,#2213,#2214)),.UNSPECIFIED.,.F.,.F.,.F.,(4,
4),(4,1,1,1,1,1,4),(0.,1.),(-1.64068361873848,-0.703150122316491,-0.234383374105498,
0.234383374105495,0.703150122316489,1.17191687052748,1.64068361873848),
 .UNSPECIFIED.);
#366=B_SPLINE_SURFACE_WITH_KNOTS('',3,3,((#2296,#2297,#2298,#2299,#2300,
#2301,#2302,#2303,#2304),(#2305,#2306,#2307,#2308,#2309,#2310,#2311,#2312,
#2313),(#2314,#2315,#2316,#2317,#2318,#2319,#2320,#2321,#2322),(#2323,#2324,
#2325,#2326,#2327,#2328,#2329,#2330,#2331)),.UNSPECIFIED.,.F.,.F.,.F.,(4,
4),(4,1,1,1,1,1,4),(0.,1.),(-1.64068388014337,-1.17191705724526,-0.234383411449054,
0.234383411449052,0.703150234347157,1.17191705724526,1.64068388014337),
 .UNSPECIFIED.);
#367=B_SPLINE_SURFACE_WITH_KNOTS('',3,3,((#2370,#2371,#2372,#2373,#2374,
#2375,#2376,#2377,#2378,#2379,#2380,#2381,#2382),(#2383,#2384,#2385,#2386,
#2387,#2388,#2389,#2390,#2391,#2392,#2393,#2394,#2395),(#2396,#2397,#2398,
#2399,#2400,#2401,#2402,#2403,#2404,#2405,#2406,#2407,#2408),(#2409,#2410,
#2411,#2412,#2413,#2414,#2415,#2416,#2417,#2418,#2419,#2420,#2421)),
 .UNSPECIFIED.,.F.,.T.,.F.,(4,4),(4,1,1,1,1,1,1,1,1,1,4),(0.,1.),(-3.14159265358979,
-2.69279370307697,-2.24399475256414,-1.34639685153848,-0.448798950512828,
-0.149599650170943,0.448798950512828,1.34639685153848,2.24399475256414,
2.69279370307697,3.14159265358979),.UNSPECIFIED.);
#368=B_SPLINE_SURFACE_WITH_KNOTS('',3,3,((#2493,#2494,#2495,#2496,#2497,
#2498,#2499,#2500,#2501),(#2502,#2503,#2504,#2505,#2506,#2507,#2508,#2509,
#2510),(#2511,#2512,#2513,#2514,#2515,#2516,#2517,#2518,#2519),(#2520,#2521,
#2522,#2523,#2524,#2525,#2526,#2527,#2528)),.UNSPECIFIED.,.F.,.F.,.F.,(4,
4),(4,1,1,1,1,1,4),(0.,1.),(1.57079618062027,2.46839416517428,2.91719315745129,
3.3659921497283,3.8147911420053,4.03919063814381,4.71238912655932),
 .UNSPECIFIED.);
#369=FACE_OUTER_BOUND('',#454,.T.);
#370=FACE_OUTER_BOUND('',#455,.T.);
#371=FACE_OUTER_BOUND('',#456,.T.);
#372=FACE_OUTER_BOUND('',#457,.T.);
#373=FACE_OUTER_BOUND('',#458,.T.);
#374=FACE_OUTER_BOUND('',#459,.T.);
#375=FACE_OUTER_BOUND('',#460,.T.);
#376=FACE_OUTER_BOUND('',#461,.T.);
#377=FACE_OUTER_BOUND('',#462,.T.);
#378=FACE_OUTER_BOUND('',#463,.T.);
#379=FACE_OUTER_BOUND('',#464,.T.);
#380=FACE_OUTER_BOUND('',#466,.T.);
#381=FACE_OUTER_BOUND('',#467,.T.);
#382=FACE_OUTER_BOUND('',#468,.T.);
#383=FACE_OUTER_BOUND('',#469,.T.);
#384=FACE_OUTER_BOUND('',#470,.T.);
#385=FACE_OUTER_BOUND('',#471,.T.);
#386=FACE_OUTER_BOUND('',#472,.T.);
#387=FACE_OUTER_BOUND('',#473,.T.);
#388=FACE_OUTER_BOUND('',#474,.T.);
#389=FACE_OUTER_BOUND('',#475,.T.);
#390=FACE_OUTER_BOUND('',#476,.T.);
#391=FACE_OUTER_BOUND('',#477,.T.);
#392=FACE_OUTER_BOUND('',#478,.T.);
#393=FACE_OUTER_BOUND('',#479,.T.);
#394=FACE_OUTER_BOUND('',#480,.T.);
#395=FACE_OUTER_BOUND('',#481,.T.);
#396=FACE_OUTER_BOUND('',#482,.T.);
#397=FACE_OUTER_BOUND('',#483,.T.);
#398=FACE_OUTER_BOUND('',#484,.T.);
#399=FACE_OUTER_BOUND('',#485,.T.);
#400=FACE_OUTER_BOUND('',#486,.T.);
#401=FACE_OUTER_BOUND('',#487,.T.);
#402=FACE_OUTER_BOUND('',#488,.T.);
#403=FACE_OUTER_BOUND('',#489,.T.);
#404=FACE_OUTER_BOUND('',#490,.T.);
#405=FACE_OUTER_BOUND('',#491,.T.);
#406=FACE_OUTER_BOUND('',#492,.T.);
#407=FACE_OUTER_BOUND('',#493,.T.);
#408=FACE_OUTER_BOUND('',#494,.T.);
#409=FACE_OUTER_BOUND('',#495,.T.);
#410=FACE_OUTER_BOUND('',#496,.T.);
#411=FACE_OUTER_BOUND('',#497,.T.);
#412=FACE_OUTER_BOUND('',#498,.T.);
#413=FACE_OUTER_BOUND('',#499,.T.);
#414=FACE_OUTER_BOUND('',#500,.T.);
#415=FACE_OUTER_BOUND('',#501,.T.);
#416=FACE_OUTER_BOUND('',#502,.T.);
#417=FACE_OUTER_BOUND('',#503,.T.);
#418=FACE_OUTER_BOUND('',#504,.T.);
#419=FACE_OUTER_BOUND('',#505,.T.);
#420=FACE_OUTER_BOUND('',#506,.T.);
#421=FACE_OUTER_BOUND('',#507,.T.);
#422=FACE_OUTER_BOUND('',#508,.T.);
#423=FACE_OUTER_BOUND('',#509,.T.);
#424=FACE_OUTER_BOUND('',#510,.T.);
#425=FACE_OUTER_BOUND('',#511,.T.);
#426=FACE_OUTER_BOUND('',#512,.T.);
#427=FACE_OUTER_BOUND('',#513,.T.);
#428=FACE_OUTER_BOUND('',#514,.T.);
#429=FACE_OUTER_BOUND('',#515,.T.);
#430=FACE_OUTER_BOUND('',#516,.T.);
#431=FACE_OUTER_BOUND('',#517,.T.);
#432=FACE_OUTER_BOUND('',#518,.T.);
#433=FACE_OUTER_BOUND('',#519,.T.);
#434=FACE_OUTER_BOUND('',#520,.T.);
#435=FACE_OUTER_BOUND('',#521,.T.);
#436=FACE_OUTER_BOUND('',#522,.T.);
#437=FACE_OUTER_BOUND('',#523,.T.);
#438=FACE_OUTER_BOUND('',#524,.T.);
#439=FACE_OUTER_BOUND('',#525,.T.);
#440=FACE_OUTER_BOUND('',#526,.T.);
#441=FACE_OUTER_BOUND('',#527,.T.);
#442=FACE_OUTER_BOUND('',#528,.T.);
#443=FACE_OUTER_BOUND('',#529,.T.);
#444=FACE_OUTER_BOUND('',#530,.T.);
#445=FACE_OUTER_BOUND('',#531,.T.);
#446=FACE_OUTER_BOUND('',#532,.T.);
#447=FACE_OUTER_BOUND('',#533,.T.);
#448=FACE_OUTER_BOUND('',#534,.T.);
#449=FACE_OUTER_BOUND('',#535,.T.);
#450=FACE_OUTER_BOUND('',#536,.T.);
#451=FACE_OUTER_BOUND('',#537,.T.);
#452=FACE_OUTER_BOUND('',#538,.T.);
#453=FACE_OUTER_BOUND('',#539,.T.);
#454=EDGE_LOOP('',(#1004,#1005,#1006,#1007,#1008));
#455=EDGE_LOOP('',(#1009,#1010,#1011,#1012));
#456=EDGE_LOOP('',(#1013,#1014,#1015,#1016,#1017,#1018,#1019,#1020,#1021,
#1022));
#457=EDGE_LOOP('',(#1023,#1024,#1025,#1026,#1027,#1028,#1029,#1030,#1031));
#458=EDGE_LOOP('',(#1032,#1033,#1034,#1035,#1036));
#459=EDGE_LOOP('',(#1037,#1038,#1039,#1040));
#460=EDGE_LOOP('',(#1041,#1042,#1043,#1044,#1045,#1046));
#461=EDGE_LOOP('',(#1047,#1048,#1049,#1050,#1051,#1052,#1053,#1054,#1055));
#462=EDGE_LOOP('',(#1056,#1057,#1058,#1059,#1060));
#463=EDGE_LOOP('',(#1061,#1062,#1063,#1064,#1065,#1066,#1067,#1068,#1069,
#1070,#1071,#1072,#1073));
#464=EDGE_LOOP('',(#1074,#1075,#1076,#1077,#1078,#1079,#1080,#1081));
#465=EDGE_LOOP('',(#1082));
#466=EDGE_LOOP('',(#1083,#1084,#1085,#1086));
#467=EDGE_LOOP('',(#1087,#1088,#1089,#1090,#1091,#1092,#1093,#1094,#1095,
#1096,#1097,#1098,#1099,#1100,#1101));
#468=EDGE_LOOP('',(#1102,#1103,#1104,#1105));
#469=EDGE_LOOP('',(#1106,#1107,#1108,#1109));
#470=EDGE_LOOP('',(#1110,#1111,#1112,#1113));
#471=EDGE_LOOP('',(#1114,#1115,#1116,#1117,#1118,#1119,#1120,#1121,#1122,
#1123,#1124));
#472=EDGE_LOOP('',(#1125,#1126,#1127,#1128,#1129,#1130,#1131,#1132));
#473=EDGE_LOOP('',(#1133,#1134,#1135,#1136));
#474=EDGE_LOOP('',(#1137,#1138,#1139,#1140,#1141,#1142));
#475=EDGE_LOOP('',(#1143,#1144,#1145,#1146));
#476=EDGE_LOOP('',(#1147,#1148,#1149,#1150));
#477=EDGE_LOOP('',(#1151,#1152,#1153,#1154));
#478=EDGE_LOOP('',(#1155,#1156,#1157,#1158,#1159,#1160,#1161,#1162,#1163,
#1164,#1165));
#479=EDGE_LOOP('',(#1166,#1167,#1168,#1169));
#480=EDGE_LOOP('',(#1170,#1171,#1172,#1173));
#481=EDGE_LOOP('',(#1174,#1175,#1176,#1177));
#482=EDGE_LOOP('',(#1178,#1179,#1180,#1181,#1182,#1183,#1184,#1185,#1186,
#1187,#1188));
#483=EDGE_LOOP('',(#1189,#1190,#1191,#1192));
#484=EDGE_LOOP('',(#1193,#1194,#1195,#1196));
#485=EDGE_LOOP('',(#1197,#1198,#1199,#1200,#1201,#1202,#1203,#1204,#1205,
#1206,#1207,#1208));
#486=EDGE_LOOP('',(#1209,#1210,#1211,#1212));
#487=EDGE_LOOP('',(#1213,#1214,#1215,#1216));
#488=EDGE_LOOP('',(#1217,#1218,#1219));
#489=EDGE_LOOP('',(#1220,#1221,#1222));
#490=EDGE_LOOP('',(#1223,#1224,#1225));
#491=EDGE_LOOP('',(#1226,#1227,#1228));
#492=EDGE_LOOP('',(#1229,#1230,#1231,#1232,#1233));
#493=EDGE_LOOP('',(#1234,#1235,#1236,#1237,#1238));
#494=EDGE_LOOP('',(#1239,#1240,#1241));
#495=EDGE_LOOP('',(#1242,#1243,#1244));
#496=EDGE_LOOP('',(#1245,#1246,#1247));
#497=EDGE_LOOP('',(#1248,#1249,#1250));
#498=EDGE_LOOP('',(#1251,#1252,#1253,#1254,#1255));
#499=EDGE_LOOP('',(#1256,#1257,#1258,#1259,#1260));
#500=EDGE_LOOP('',(#1261,#1262,#1263,#1264,#1265));
#501=EDGE_LOOP('',(#1266,#1267,#1268,#1269,#1270));
#502=EDGE_LOOP('',(#1271,#1272,#1273,#1274));
#503=EDGE_LOOP('',(#1275,#1276,#1277,#1278,#1279,#1280,#1281,#1282,#1283));
#504=EDGE_LOOP('',(#1284,#1285,#1286,#1287,#1288,#1289,#1290,#1291,#1292));
#505=EDGE_LOOP('',(#1293,#1294,#1295,#1296));
#506=EDGE_LOOP('',(#1297,#1298,#1299,#1300,#1301,#1302,#1303,#1304,#1305));
#507=EDGE_LOOP('',(#1306,#1307,#1308,#1309,#1310,#1311,#1312,#1313,#1314));
#508=EDGE_LOOP('',(#1315,#1316));
#509=EDGE_LOOP('',(#1317,#1318));
#510=EDGE_LOOP('',(#1319,#1320));
#511=EDGE_LOOP('',(#1321,#1322));
#512=EDGE_LOOP('',(#1323,#1324,#1325,#1326,#1327));
#513=EDGE_LOOP('',(#1328,#1329,#1330,#1331,#1332));
#514=EDGE_LOOP('',(#1333,#1334,#1335,#1336,#1337,#1338));
#515=EDGE_LOOP('',(#1339,#1340,#1341,#1342));
#516=EDGE_LOOP('',(#1343,#1344,#1345,#1346));
#517=EDGE_LOOP('',(#1347,#1348,#1349,#1350));
#518=EDGE_LOOP('',(#1351,#1352,#1353,#1354));
#519=EDGE_LOOP('',(#1355,#1356,#1357,#1358,#1359,#1360,#1361,#1362,#1363,
#1364,#1365));
#520=EDGE_LOOP('',(#1366,#1367,#1368,#1369));
#521=EDGE_LOOP('',(#1370,#1371,#1372,#1373));
#522=EDGE_LOOP('',(#1374,#1375,#1376,#1377));
#523=EDGE_LOOP('',(#1378,#1379,#1380,#1381));
#524=EDGE_LOOP('',(#1382,#1383,#1384,#1385));
#525=EDGE_LOOP('',(#1386,#1387,#1388,#1389));
#526=EDGE_LOOP('',(#1390,#1391,#1392,#1393));
#527=EDGE_LOOP('',(#1394,#1395,#1396,#1397));
#528=EDGE_LOOP('',(#1398,#1399,#1400,#1401));
#529=EDGE_LOOP('',(#1402,#1403,#1404,#1405));
#530=EDGE_LOOP('',(#1406,#1407,#1408,#1409,#1410,#1411,#1412,#1413));
#531=EDGE_LOOP('',(#1414,#1415,#1416,#1417,#1418,#1419));
#532=EDGE_LOOP('',(#1420,#1421,#1422,#1423));
#533=EDGE_LOOP('',(#1424,#1425,#1426,#1427,#1428,#1429));
#534=EDGE_LOOP('',(#1430,#1431,#1432,#1433));
#535=EDGE_LOOP('',(#1434,#1435,#1436,#1437));
#536=EDGE_LOOP('',(#1438,#1439,#1440,#1441));
#537=EDGE_LOOP('',(#1442,#1443,#1444,#1445));
#538=EDGE_LOOP('',(#1446,#1447,#1448,#1449,#1450,#1451,#1452,#1453));
#539=EDGE_LOOP('',(#1454,#1455,#1456,#1457,#1458,#1459,#1460,#1461,#1462,
#1463,#1464,#1465));
#540=B_SPLINE_CURVE_WITH_KNOTS('',3,(#2151,#2152,#2153,#2154,#2155,#2156,
#2157,#2158,#2159,#2160,#2161,#2162,#2163),.UNSPECIFIED.,.F.,.F.,(4,3,3,
3,4),(0.,0.0184428952404026,0.0364446112948157,0.0575004026363235,0.0741853535149373),
 .UNSPECIFIED.);
#541=B_SPLINE_CURVE_WITH_KNOTS('',3,(#2166,#2167,#2168,#2169,#2170,#2171,
#2172,#2173,#2174,#2175,#2176,#2177,#2178),.UNSPECIFIED.,.F.,.F.,(4,3,3,
3,4),(-0.0742647673096465,-0.0558963431622012,-0.0377707856267576,-0.016627569802734,
0.),.UNSPECIFIED.);
#542=B_SPLINE_CURVE_WITH_KNOTS('',3,(#2215,#2216,#2217,#2218,#2219,#2220,
#2221,#2222,#2223),.UNSPECIFIED.,.F.,.F.,(4,1,1,1,1,1,4),(-1.57080360547032,
-1.17191687052748,-0.703150122316489,-0.234383374105495,0.234383374105498,
0.703150122316491,1.57076799120176),.UNSPECIFIED.);
#543=B_SPLINE_CURVE_WITH_KNOTS('',3,(#2224,#2225,#2226,#2227,#2228,#2229,
#2230,#2231,#2232),.UNSPECIFIED.,.F.,.F.,(4,1,1,1,1,1,4),(-1.64068361873848,
-0.703150122316491,-0.234383374105498,0.234383374105495,0.703150122316489,
1.17191687052748,1.64068361873848),.UNSPECIFIED.);
#544=B_SPLINE_CURVE_WITH_KNOTS('',3,(#2268,#2269,#2270,#2271,#2272,#2273,
#2274,#2275,#2276,#2277,#2278,#2279,#2280),.UNSPECIFIED.,.F.,.F.,(4,3,3,
3,4),(0.,0.0182699786398195,0.0364446092399772,0.0577542758185743,0.0741853498872962),
 .UNSPECIFIED.);
#545=B_SPLINE_CURVE_WITH_KNOTS('',3,(#2283,#2284,#2285,#2286,#2287,#2288,
#2289,#2290,#2291,#2292,#2293,#2294,#2295),.UNSPECIFIED.,.F.,.F.,(4,3,3,
3,4),(-0.074264763631093,-0.0558918638721072,-0.0377707840237325,-0.0166651075806651,
0.),.UNSPECIFIED.);
#546=B_SPLINE_CURVE_WITH_KNOTS('',3,(#2332,#2333,#2334,#2335,#2336,#2337,
#2338,#2339,#2340),.UNSPECIFIED.,.F.,.F.,(4,1,1,1,1,1,4),(-1.57080783603005,
-1.17191705724526,-0.703150234347157,-0.234383411449052,0.234383411449054,
1.17191705724526,1.57074206396379),.UNSPECIFIED.);
#547=B_SPLINE_CURVE_WITH_KNOTS('',3,(#2341,#2342,#2343,#2344,#2345,#2346,
#2347,#2348,#2349),.UNSPECIFIED.,.F.,.F.,(4,1,1,1,1,1,4),(-1.64068388014337,
-1.17191705724526,-0.234383411449054,0.234383411449052,0.703150234347157,
1.17191705724526,1.64068388014337),.UNSPECIFIED.);
#548=B_SPLINE_CURVE_WITH_KNOTS('',3,(#2426,#2427,#2428,#2429,#2430,#2431),
 .UNSPECIFIED.,.F.,.F.,(4,1,1,4),(-3.14159265358979,-2.69279370307697,-2.24399475256414,
-1.47663779121442),.UNSPECIFIED.);
#549=B_SPLINE_CURVE_WITH_KNOTS('',3,(#2432,#2433,#2434,#2435,#2436,#2437,
#2438,#2439,#2440,#2441,#2442),.UNSPECIFIED.,.F.,.F.,(4,1,1,1,1,1,1,1,4),
(-1.47663779121442,-1.34639685153848,-0.448798950512828,-0.149599650170943,
0.448798950512828,1.34639685153848,2.24399475256414,2.69279370307697,3.14159265358979),
 .UNSPECIFIED.);
#550=B_SPLINE_CURVE_WITH_KNOTS('',3,(#2443,#2444,#2445,#2446,#2447,#2448,
#2449,#2450,#2451,#2452,#2453,#2454,#2455),.UNSPECIFIED.,.T.,.F.,(4,1,1,
1,1,1,1,1,1,1,4),(-3.14159265358979,-2.69279370307697,-2.24399475256414,
-1.34639685153848,-0.448798950512828,0.149599650170943,0.448798950512828,
1.34639685153848,2.24399475256414,2.69279370307697,3.14159265358979),
 .UNSPECIFIED.);
#551=B_SPLINE_CURVE_WITH_KNOTS('',3,(#2531,#2532,#2533,#2534,#2535,#2536,
#2537,#2538,#2539,#2540,#2541,#2542,#2543),.UNSPECIFIED.,.F.,.F.,(4,3,3,
3,4),(0.,0.0366329071247219,0.043031865621224,0.0821299272589637,0.0866128035540397),
 .UNSPECIFIED.);
#552=B_SPLINE_CURVE_WITH_KNOTS('',3,(#2545,#2546,#2547,#2548,#2549,#2550,
#2551,#2552,#2553),.UNSPECIFIED.,.F.,.F.,(4,1,1,1,1,1,4),(1.6650022895522,
2.46839416517428,2.91719315745129,3.3659921497283,3.8147911420053,4.03919063814381,
4.61821788477584),.UNSPECIFIED.);
#553=B_SPLINE_CURVE_WITH_KNOTS('',3,(#2555,#2556,#2557,#2558,#2559,#2560,
#2561,#2562,#2563,#2564,#2565,#2566,#2567),.UNSPECIFIED.,.F.,.F.,(4,3,3,
3,4),(0.,0.0390483486475366,0.0435572774435174,0.0801612001553722,0.0866045413048748),
 .UNSPECIFIED.);
#554=B_SPLINE_CURVE_WITH_KNOTS('',3,(#2568,#2569,#2570,#2571,#2572,#2573,
#2574,#2575,#2576,#2577,#2578,#2579,#2580,#2581,#2582,#2583,#2584,#2585,
#2586),.UNSPECIFIED.,.F.,.F.,(4,3,3,3,3,3,4),(-4.71238912655932,-4.03919063814381,
-3.8147911420053,-3.3659921497283,-2.91719315745129,-2.46839416517428,-1.57079618062027),
 .UNSPECIFIED.);
#555=B_SPLINE_CURVE_WITH_KNOTS('',3,(#2607,#2608,#2609,#2610,#2611,#2612,
#2613,#2614,#2615,#2616,#2617,#2618,#2619,#2620,#2621,#2622,#2623,#2624,
#2625,#2626,#2627,#2628,#2629,#2630,#2631,#2632),.UNSPECIFIED.,.F.,.F.,
(4,2,2,2,2,2,2,2,2,2,2,2,4),(-2.29925903448585,-2.07386609521849,-1.84847315595114,
-1.62308021668378,-1.39768727741642,-1.27365839732967,-1.14962951724293,
-1.02560063715618,-0.901571757069435,-0.676178817802076,-0.450785878534718,
-0.225392939267358,0.),.UNSPECIFIED.);
#556=B_SPLINE_CURVE_WITH_KNOTS('',3,(#2640,#2641,#2642,#2643,#2644,#2645,
#2646,#2647,#2648,#2649,#2650,#2651,#2652,#2653),.UNSPECIFIED.,.F.,.F.,
(4,2,2,2,2,2,4),(3.63667389267138,3.64902559992646,3.76109639855401,3.87656026870612,
4.0179162987889,4.19625659763154,4.40249135260568),.UNSPECIFIED.);
#557=B_SPLINE_CURVE_WITH_KNOTS('',3,(#2668,#2669,#2670,#2671,#2672,#2673,
#2674,#2675,#2676,#2677,#2678,#2679),.UNSPECIFIED.,.F.,.F.,(4,2,2,2,2,4),
(3.73638888900835,3.95300975225106,4.13601792239264,4.2825865266239,4.39766979388534,
4.48038073127515),.UNSPECIFIED.);
#558=B_SPLINE_CURVE_WITH_KNOTS('',3,(#2684,#2685,#2686,#2687,#2688,#2689,
#2690,#2691,#2692,#2693),.UNSPECIFIED.,.F.,.F.,(4,2,2,2,4),(2.78887056928713,
3.49155983212489,4.02058088907673,4.28509141755266,4.54960194602858),
 .UNSPECIFIED.);
#559=B_SPLINE_CURVE_WITH_KNOTS('',3,(#2698,#2699,#2700,#2701,#2702,#2703,
#2704,#2705,#2706,#2707,#2708,#2709),.UNSPECIFIED.,.F.,.F.,(4,2,2,2,2,4),
(0.791394926461092,0.809913687598708,0.828432448736324,0.865469971011556,
0.925911050445044,0.986352129878532),.UNSPECIFIED.);
#560=B_SPLINE_CURVE_WITH_KNOTS('',3,(#2713,#2714,#2715,#2716,#2717,#2718,
#2719,#2720,#2721,#2722,#2723,#2724,#2725,#2726),.UNSPECIFIED.,.F.,.F.,
(4,2,2,2,2,2,4),(2.96542933704027,3.15348792281456,3.63716252432846,4.12083712584237,
4.60451172735627,5.08818632887017,5.27624491462693),.UNSPECIFIED.);
#561=B_SPLINE_CURVE_WITH_KNOTS('',3,(#2730,#2731,#2732,#2733,#2734,#2735,
#2736,#2737,#2738,#2739,#2740,#2741),.UNSPECIFIED.,.F.,.F.,(4,2,2,2,2,4),
(1.4185131022199,1.49418221125096,1.56985132028202,1.72118953834414,1.93520935592072,
1.938923058393),.UNSPECIFIED.);
#562=B_SPLINE_CURVE_WITH_KNOTS('',3,(#2749,#2750,#2751,#2752,#2753,#2754,
#2755,#2756,#2757,#2758),.UNSPECIFIED.,.F.,.F.,(4,2,2,2,4),(4.54960194602858,
4.81411247450451,5.07862300298043,5.60764405993228,6.31033332277003),
 .UNSPECIFIED.);
#563=B_SPLINE_CURVE_WITH_KNOTS('',3,(#2767,#2768,#2769,#2770,#2771,#2772,
#2773,#2774,#2775,#2776),.UNSPECIFIED.,.F.,.F.,(4,2,2,2,4),(0.,0.264510528663104,
0.529021057326209,1.05804211465242,1.76073137143402),.UNSPECIFIED.);
#564=B_SPLINE_CURVE_WITH_KNOTS('',3,(#2780,#2781,#2782,#2783,#2784,#2785,
#2786,#2787,#2788,#2789),.UNSPECIFIED.,.F.,.F.,(4,2,2,2,4),(-1.76073137143402,
-1.05804211465242,-0.529021057326208,-0.264510528663104,0.),
 .UNSPECIFIED.);
#565=B_SPLINE_CURVE_WITH_KNOTS('',3,(#2793,#2794,#2795,#2796,#2797,#2798,
#2799,#2800,#2801,#2802,#2803,#2804,#2805,#2806),.UNSPECIFIED.,.F.,.F.,
(4,2,2,2,2,2,4),(3.63667414458418,3.64902584066667,3.76109663799814,3.87656050637604,
4.01791653342904,4.19625682913812,4.40249160487239),.UNSPECIFIED.);
#566=B_SPLINE_CURVE_WITH_KNOTS('',3,(#2816,#2817,#2818,#2819,#2820,#2821,
#2822,#2823,#2824,#2825,#2826,#2827),.UNSPECIFIED.,.F.,.F.,(4,2,2,2,2,4),
(3.73638903048066,3.95300989421536,4.13601806548609,4.28258667128292,4.39766994042679,
4.48038088031589),.UNSPECIFIED.);
#567=B_SPLINE_CURVE_WITH_KNOTS('',3,(#2833,#2834,#2835,#2836,#2837,#2838,
#2839,#2840,#2841,#2842,#2843,#2844),.UNSPECIFIED.,.F.,.F.,(4,2,2,2,2,4),
(0.898103146046802,0.901816848519086,1.11583666609567,1.26717488415779,
1.34284399318884,1.4185131022199),.UNSPECIFIED.);
#568=B_SPLINE_CURVE_WITH_KNOTS('',3,(#2848,#2849,#2850,#2851,#2852,#2853,
#2854,#2855,#2856,#2857,#2858,#2859,#2860,#2861),.UNSPECIFIED.,.F.,.F.,
(4,2,2,2,2,2,4),(2.96542933705781,3.15348792281456,3.63716252432846,4.12083712584237,
4.60451172735627,5.08818632887018,5.27624491464446),.UNSPECIFIED.);
#569=B_SPLINE_CURVE_WITH_KNOTS('',3,(#2864,#2865,#2866,#2867,#2868,#2869,
#2870,#2871,#2872,#2873,#2874,#2875),.UNSPECIFIED.,.F.,.F.,(4,2,2,2,2,4),
(0.59594824975528,0.656389329188768,0.716830408622256,0.753867930897488,
0.772386692035104,0.790905453172719),.UNSPECIFIED.);
#570=B_SPLINE_CURVE_WITH_KNOTS('',3,(#2883,#2884,#2885,#2886,#2887,#2888,
#2889,#2890,#2891,#2892,#2893,#2894),.UNSPECIFIED.,.F.,.F.,(4,2,2,2,2,4),
(0.20049552286715,0.260936602171894,0.321377681476639,0.35841520375275,
0.376933964890806,0.395452726028862),.UNSPECIFIED.);
#571=B_SPLINE_CURVE_WITH_KNOTS('',3,(#2897,#2898,#2899,#2900,#2901,#2902,
#2903,#2904,#2905,#2906,#2907,#2908),.UNSPECIFIED.,.F.,.F.,(4,2,2,2,2,4),
(0.395452726028862,0.413971487166918,0.432490248304973,0.469527770581085,
0.52996884988583,0.590409929190574),.UNSPECIFIED.);
#572=B_SPLINE_CURVE_WITH_KNOTS('',3,(#2919,#2920,#2921,#2922,#2923,#2924,
#2925,#2926,#2927,#2928,#2929,#2930),.UNSPECIFIED.,.F.,.F.,(4,2,2,2,2,4),
(-0.520409949569125,-0.51669625334091,-0.302676436095934,-0.151338218047967,
-0.0756691090239832,0.),.UNSPECIFIED.);
#573=B_SPLINE_CURVE_WITH_KNOTS('',3,(#2933,#2934,#2935,#2936,#2937,#2938,
#2939,#2940,#2941,#2942,#2943,#2944,#2945,#2946),.UNSPECIFIED.,.F.,.F.,
(4,2,2,2,2,2,4),(2.96542932545887,3.15348791754926,3.63716251827866,4.12083711900807,
4.60451171973747,5.08818632046687,5.27624491255263),.UNSPECIFIED.);
#574=B_SPLINE_CURVE_WITH_KNOTS('',3,(#3100,#3101,#3102,#3103,#3104,#3105,
#3106,#3107,#3108,#3109,#3110,#3111,#3112,#3113),.UNSPECIFIED.,.F.,.F.,
(4,2,2,2,2,2,4),(2.9654293254635,3.15348791754926,3.63716251827866,4.12083711900807,
4.60451171973747,5.08818632046687,5.27624491255726),.UNSPECIFIED.);
#575=B_SPLINE_CURVE_WITH_KNOTS('',3,(#3116,#3117,#3118,#3119,#3120,#3121,
#3122,#3123,#3124,#3125,#3126,#3127),.UNSPECIFIED.,.F.,.F.,(4,2,2,2,2,4),
(0.,0.0756691090239834,0.151338218047967,0.302676436095934,0.51669625334091,
0.520409949569126),.UNSPECIFIED.);
#576=CIRCLE('',#1568,2.1);
#577=CIRCLE('',#1569,2.1);
#578=CIRCLE('',#1570,2.59999999999996);
#579=CIRCLE('',#1572,6.88180140837964);
#580=CIRCLE('',#1573,42.5);
#581=CIRCLE('',#1574,42.5);
#582=CIRCLE('',#1575,6.88180140837943);
#583=CIRCLE('',#1577,2.1);
#584=CIRCLE('',#1578,2.1);
#585=CIRCLE('',#1579,2.1);
#586=CIRCLE('',#1580,2.1);
#587=CIRCLE('',#1582,2.1);
#588=CIRCLE('',#1583,2.1);
#589=CIRCLE('',#1584,2.60000000000004);
#590=CIRCLE('',#1586,42.5);
#591=CIRCLE('',#1587,42.5);
#592=CIRCLE('',#1589,2.1);
#593=CIRCLE('',#1590,2.1);
#594=CIRCLE('',#1591,2.1);
#595=CIRCLE('',#1592,2.1);
#596=CIRCLE('',#1594,3.75);
#597=CIRCLE('',#1595,3.75);
#598=CIRCLE('',#1596,3.75);
#599=CIRCLE('',#1597,3.75);
#600=CIRCLE('',#1598,3.75);
#601=CIRCLE('',#1605,3.75);
#602=CIRCLE('',#1606,3.75);
#603=CIRCLE('',#1607,3.75);
#604=CIRCLE('',#1608,3.75);
#605=CIRCLE('',#1609,3.75);
#606=CIRCLE('',#1611,12.0000000112975);
#607=CIRCLE('',#1612,4.5);
#608=CIRCLE('',#1613,7.50000001129752);
#609=CIRCLE('',#1615,4.5);
#610=CIRCLE('',#1617,7.49999998860259);
#611=CIRCLE('',#1618,11.9999999886026);
#612=CIRCLE('',#1621,11.9999999886026);
#613=CIRCLE('',#1624,12.0000000112975);
#614=CIRCLE('',#1626,4.49999999999999);
#615=CIRCLE('',#1627,7.49999998860259);
#616=CIRCLE('',#1629,4.5);
#617=CIRCLE('',#1631,7.50000001129752);
#618=CIRCLE('',#1638,1.);
#619=CIRCLE('',#1639,1.);
#620=CIRCLE('',#1641,34.);
#621=CIRCLE('',#1642,34.);
#622=CIRCLE('',#1644,3.99999999999999);
#623=CIRCLE('',#1645,1.);
#624=CIRCLE('',#1646,3.99999999999999);
#625=CIRCLE('',#1648,1.);
#626=CIRCLE('',#1706,3.99999999999999);
#627=CIRCLE('',#1709,3.99999999999999);
#628=VERTEX_POINT('',#2145);
#629=VERTEX_POINT('',#2146);
#630=VERTEX_POINT('',#2148);
#631=VERTEX_POINT('',#2150);
#632=VERTEX_POINT('',#2164);
#633=VERTEX_POINT('',#2234);
#634=VERTEX_POINT('',#2236);
#635=VERTEX_POINT('',#2238);
#636=VERTEX_POINT('',#2240);
#637=VERTEX_POINT('',#2242);
#638=VERTEX_POINT('',#2244);
#639=VERTEX_POINT('',#2246);
#640=VERTEX_POINT('',#2248);
#641=VERTEX_POINT('',#2252);
#642=VERTEX_POINT('',#2254);
#643=VERTEX_POINT('',#2256);
#644=VERTEX_POINT('',#2258);
#645=VERTEX_POINT('',#2262);
#646=VERTEX_POINT('',#2263);
#647=VERTEX_POINT('',#2265);
#648=VERTEX_POINT('',#2267);
#649=VERTEX_POINT('',#2281);
#650=VERTEX_POINT('',#2351);
#651=VERTEX_POINT('',#2353);
#652=VERTEX_POINT('',#2355);
#653=VERTEX_POINT('',#2357);
#654=VERTEX_POINT('',#2361);
#655=VERTEX_POINT('',#2363);
#656=VERTEX_POINT('',#2365);
#657=VERTEX_POINT('',#2367);
#658=VERTEX_POINT('',#2422);
#659=VERTEX_POINT('',#2423);
#660=VERTEX_POINT('',#2425);
#661=VERTEX_POINT('',#2457);
#662=VERTEX_POINT('',#2458);
#663=VERTEX_POINT('',#2460);
#664=VERTEX_POINT('',#2462);
#665=VERTEX_POINT('',#2464);
#666=VERTEX_POINT('',#2466);
#667=VERTEX_POINT('',#2468);
#668=VERTEX_POINT('',#2470);
#669=VERTEX_POINT('',#2473);
#670=VERTEX_POINT('',#2477);
#671=VERTEX_POINT('',#2478);
#672=VERTEX_POINT('',#2480);
#673=VERTEX_POINT('',#2482);
#674=VERTEX_POINT('',#2484);
#675=VERTEX_POINT('',#2486);
#676=VERTEX_POINT('',#2488);
#677=VERTEX_POINT('',#2490);
#678=VERTEX_POINT('',#2529);
#679=VERTEX_POINT('',#2530);
#680=VERTEX_POINT('',#2544);
#681=VERTEX_POINT('',#2554);
#682=VERTEX_POINT('',#2588);
#683=VERTEX_POINT('',#2589);
#684=VERTEX_POINT('',#2591);
#685=VERTEX_POINT('',#2593);
#686=VERTEX_POINT('',#2595);
#687=VERTEX_POINT('',#2597);
#688=VERTEX_POINT('',#2599);
#689=VERTEX_POINT('',#2601);
#690=VERTEX_POINT('',#2604);
#691=VERTEX_POINT('',#2606);
#692=VERTEX_POINT('',#2634);
#693=VERTEX_POINT('',#2638);
#694=VERTEX_POINT('',#2639);
#695=VERTEX_POINT('',#2654);
#696=VERTEX_POINT('',#2656);
#697=VERTEX_POINT('',#2660);
#698=VERTEX_POINT('',#2661);
#699=VERTEX_POINT('',#2666);
#700=VERTEX_POINT('',#2667);
#701=VERTEX_POINT('',#2683);
#702=VERTEX_POINT('',#2694);
#703=VERTEX_POINT('',#2697);
#704=VERTEX_POINT('',#2710);
#705=VERTEX_POINT('',#2712);
#706=VERTEX_POINT('',#2727);
#707=VERTEX_POINT('',#2729);
#708=VERTEX_POINT('',#2744);
#709=VERTEX_POINT('',#2746);
#710=VERTEX_POINT('',#2748);
#711=VERTEX_POINT('',#2762);
#712=VERTEX_POINT('',#2766);
#713=VERTEX_POINT('',#2777);
#714=VERTEX_POINT('',#2779);
#715=VERTEX_POINT('',#2792);
#716=VERTEX_POINT('',#2807);
#717=VERTEX_POINT('',#2811);
#718=VERTEX_POINT('',#2815);
#719=VERTEX_POINT('',#2830);
#720=VERTEX_POINT('',#2832);
#721=VERTEX_POINT('',#2845);
#722=VERTEX_POINT('',#2847);
#723=VERTEX_POINT('',#2862);
#724=VERTEX_POINT('',#2876);
#725=VERTEX_POINT('',#2882);
#726=VERTEX_POINT('',#2895);
#727=VERTEX_POINT('',#2910);
#728=VERTEX_POINT('',#2912);
#729=VERTEX_POINT('',#2916);
#730=VERTEX_POINT('',#2918);
#731=VERTEX_POINT('',#2931);
#732=VERTEX_POINT('',#2950);
#733=VERTEX_POINT('',#2951);
#734=VERTEX_POINT('',#2953);
#735=VERTEX_POINT('',#2955);
#736=VERTEX_POINT('',#2959);
#737=VERTEX_POINT('',#2961);
#738=VERTEX_POINT('',#2965);
#739=VERTEX_POINT('',#2967);
#740=VERTEX_POINT('',#2969);
#741=VERTEX_POINT('',#2972);
#742=VERTEX_POINT('',#2976);
#743=VERTEX_POINT('',#2980);
#744=VERTEX_POINT('',#2984);
#745=VERTEX_POINT('',#2988);
#746=VERTEX_POINT('',#2992);
#747=VERTEX_POINT('',#2996);
#748=VERTEX_POINT('',#3000);
#749=VERTEX_POINT('',#3001);
#750=VERTEX_POINT('',#3006);
#751=VERTEX_POINT('',#3007);
#752=VERTEX_POINT('',#3012);
#753=VERTEX_POINT('',#3016);
#754=VERTEX_POINT('',#3020);
#755=VERTEX_POINT('',#3024);
#756=VERTEX_POINT('',#3028);
#757=VERTEX_POINT('',#3029);
#758=VERTEX_POINT('',#3034);
#759=VERTEX_POINT('',#3035);
#760=VERTEX_POINT('',#3068);
#761=VERTEX_POINT('',#3070);
#762=VERTEX_POINT('',#3074);
#763=VERTEX_POINT('',#3075);
#764=VERTEX_POINT('',#3077);
#765=VERTEX_POINT('',#3079);
#766=VERTEX_POINT('',#3083);
#767=VERTEX_POINT('',#3085);
#768=VERTEX_POINT('',#3089);
#769=VERTEX_POINT('',#3091);
#770=VERTEX_POINT('',#3099);
#771=VERTEX_POINT('',#3114);
#772=VERTEX_POINT('',#3152);
#773=EDGE_CURVE('',#628,#629,#576,.T.);
#774=EDGE_CURVE('',#629,#630,#577,.T.);
#775=EDGE_CURVE('',#630,#631,#540,.T.);
#776=EDGE_CURVE('',#631,#632,#578,.T.);
#777=EDGE_CURVE('',#628,#632,#541,.T.);
#778=EDGE_CURVE('',#632,#631,#542,.T.);
#779=EDGE_CURVE('',#630,#628,#543,.T.);
#780=EDGE_CURVE('',#631,#633,#66,.T.);
#781=EDGE_CURVE('',#634,#633,#67,.T.);
#782=EDGE_CURVE('',#635,#634,#579,.T.);
#783=EDGE_CURVE('',#636,#635,#580,.T.);
#784=EDGE_CURVE('',#637,#636,#68,.T.);
#785=EDGE_CURVE('',#638,#637,#581,.T.);
#786=EDGE_CURVE('',#639,#638,#582,.T.);
#787=EDGE_CURVE('',#640,#639,#69,.T.);
#788=EDGE_CURVE('',#640,#632,#70,.T.);
#789=EDGE_CURVE('',#629,#641,#71,.T.);
#790=EDGE_CURVE('',#641,#642,#583,.T.);
#791=EDGE_CURVE('',#642,#643,#584,.T.);
#792=EDGE_CURVE('',#643,#644,#585,.T.);
#793=EDGE_CURVE('',#644,#641,#586,.T.);
#794=EDGE_CURVE('',#645,#646,#587,.T.);
#795=EDGE_CURVE('',#646,#647,#588,.T.);
#796=EDGE_CURVE('',#647,#648,#544,.T.);
#797=EDGE_CURVE('',#648,#649,#589,.T.);
#798=EDGE_CURVE('',#645,#649,#545,.T.);
#799=EDGE_CURVE('',#649,#648,#546,.T.);
#800=EDGE_CURVE('',#647,#645,#547,.T.);
#801=EDGE_CURVE('',#650,#648,#72,.T.);
#802=EDGE_CURVE('',#651,#650,#590,.T.);
#803=EDGE_CURVE('',#652,#651,#73,.T.);
#804=EDGE_CURVE('',#653,#652,#591,.T.);
#805=EDGE_CURVE('',#649,#653,#74,.T.);
#806=EDGE_CURVE('',#646,#654,#75,.T.);
#807=EDGE_CURVE('',#654,#655,#592,.T.);
#808=EDGE_CURVE('',#655,#656,#593,.T.);
#809=EDGE_CURVE('',#656,#657,#594,.T.);
#810=EDGE_CURVE('',#657,#654,#595,.T.);
#811=EDGE_CURVE('',#658,#659,#76,.T.);
#812=EDGE_CURVE('',#659,#660,#548,.T.);
#813=EDGE_CURVE('',#660,#659,#549,.T.);
#814=EDGE_CURVE('',#658,#658,#550,.T.);
#815=EDGE_CURVE('',#661,#662,#596,.T.);
#816=EDGE_CURVE('',#661,#663,#77,.T.);
#817=EDGE_CURVE('',#663,#664,#597,.T.);
#818=EDGE_CURVE('',#665,#664,#78,.T.);
#819=EDGE_CURVE('',#666,#665,#598,.T.);
#820=EDGE_CURVE('',#666,#667,#79,.T.);
#821=EDGE_CURVE('',#667,#668,#599,.T.);
#822=EDGE_CURVE('',#668,#660,#80,.T.);
#823=EDGE_CURVE('',#668,#669,#600,.T.);
#824=EDGE_CURVE('',#662,#669,#81,.T.);
#825=EDGE_CURVE('',#670,#671,#20,.T.);
#826=EDGE_CURVE('',#672,#670,#82,.T.);
#827=EDGE_CURVE('',#673,#672,#21,.T.);
#828=EDGE_CURVE('',#673,#674,#83,.T.);
#829=EDGE_CURVE('',#675,#674,#22,.T.);
#830=EDGE_CURVE('',#676,#675,#84,.T.);
#831=EDGE_CURVE('',#677,#676,#23,.T.);
#832=EDGE_CURVE('',#677,#671,#85,.T.);
#833=EDGE_CURVE('',#678,#679,#551,.F.);
#834=EDGE_CURVE('',#679,#680,#552,.T.);
#835=EDGE_CURVE('',#680,#681,#553,.F.);
#836=EDGE_CURVE('',#681,#678,#554,.T.);
#837=EDGE_CURVE('',#682,#683,#601,.T.);
#838=EDGE_CURVE('',#682,#684,#86,.T.);
#839=EDGE_CURVE('',#684,#685,#602,.T.);
#840=EDGE_CURVE('',#686,#685,#87,.T.);
#841=EDGE_CURVE('',#687,#686,#603,.T.);
#842=EDGE_CURVE('',#687,#688,#88,.T.);
#843=EDGE_CURVE('',#688,#689,#604,.T.);
#844=EDGE_CURVE('',#689,#680,#89,.T.);
#845=EDGE_CURVE('',#690,#679,#90,.T.);
#846=EDGE_CURVE('',#691,#690,#555,.T.);
#847=EDGE_CURVE('',#680,#691,#91,.T.);
#848=EDGE_CURVE('',#689,#692,#605,.T.);
#849=EDGE_CURVE('',#683,#692,#92,.T.);
#850=EDGE_CURVE('',#693,#694,#556,.T.);
#851=EDGE_CURVE('',#694,#695,#606,.T.);
#852=EDGE_CURVE('',#695,#696,#607,.T.);
#853=EDGE_CURVE('',#696,#693,#608,.T.);
#854=EDGE_CURVE('',#697,#698,#609,.T.);
#855=EDGE_CURVE('',#698,#696,#93,.T.);
#856=EDGE_CURVE('',#695,#697,#94,.T.);
#857=EDGE_CURVE('',#699,#700,#557,.T.);
#858=EDGE_CURVE('',#700,#698,#610,.T.);
#859=EDGE_CURVE('',#697,#699,#611,.T.);
#860=EDGE_CURVE('',#699,#701,#558,.T.);
#861=EDGE_CURVE('',#701,#702,#95,.T.);
#862=EDGE_CURVE('',#702,#653,#96,.T.);
#863=EDGE_CURVE('',#703,#652,#559,.T.);
#864=EDGE_CURVE('',#703,#704,#97,.T.);
#865=EDGE_CURVE('',#704,#705,#560,.T.);
#866=EDGE_CURVE('',#705,#706,#98,.T.);
#867=EDGE_CURVE('',#706,#707,#561,.T.);
#868=EDGE_CURVE('',#707,#700,#99,.T.);
#869=EDGE_CURVE('',#708,#697,#100,.T.);
#870=EDGE_CURVE('',#709,#708,#612,.T.);
#871=EDGE_CURVE('',#710,#709,#562,.T.);
#872=EDGE_CURVE('',#710,#691,#101,.T.);
#873=EDGE_CURVE('',#690,#701,#102,.T.);
#874=EDGE_CURVE('',#711,#695,#103,.T.);
#875=EDGE_CURVE('',#708,#711,#104,.T.);
#876=EDGE_CURVE('',#712,#694,#563,.T.);
#877=EDGE_CURVE('',#713,#712,#105,.T.);
#878=EDGE_CURVE('',#714,#713,#564,.T.);
#879=EDGE_CURVE('',#711,#714,#613,.T.);
#880=EDGE_CURVE('',#715,#709,#565,.T.);
#881=EDGE_CURVE('',#708,#716,#614,.T.);
#882=EDGE_CURVE('',#716,#715,#615,.T.);
#883=EDGE_CURVE('',#711,#717,#616,.T.);
#884=EDGE_CURVE('',#717,#716,#106,.T.);
#885=EDGE_CURVE('',#714,#718,#566,.T.);
#886=EDGE_CURVE('',#718,#717,#617,.T.);
#887=EDGE_CURVE('',#715,#719,#107,.T.);
#888=EDGE_CURVE('',#719,#720,#567,.T.);
#889=EDGE_CURVE('',#720,#721,#108,.T.);
#890=EDGE_CURVE('',#721,#722,#568,.T.);
#891=EDGE_CURVE('',#722,#723,#109,.T.);
#892=EDGE_CURVE('',#651,#723,#569,.T.);
#893=EDGE_CURVE('',#650,#724,#110,.T.);
#894=EDGE_CURVE('',#724,#710,#111,.T.);
#895=EDGE_CURVE('',#723,#703,#112,.T.);
#896=EDGE_CURVE('',#636,#725,#570,.T.);
#897=EDGE_CURVE('',#725,#726,#113,.T.);
#898=EDGE_CURVE('',#726,#637,#571,.T.);
#899=EDGE_CURVE('',#727,#725,#114,.T.);
#900=EDGE_CURVE('',#728,#727,#115,.T.);
#901=EDGE_CURVE('',#726,#728,#116,.T.);
#902=EDGE_CURVE('',#693,#729,#117,.T.);
#903=EDGE_CURVE('',#729,#730,#572,.T.);
#904=EDGE_CURVE('',#730,#731,#118,.T.);
#905=EDGE_CURVE('',#731,#727,#573,.T.);
#906=EDGE_CURVE('',#674,#635,#119,.T.);
#907=EDGE_CURVE('',#674,#712,#120,.T.);
#908=EDGE_CURVE('',#732,#733,#618,.T.);
#909=EDGE_CURVE('',#733,#734,#121,.T.);
#910=EDGE_CURVE('',#734,#735,#619,.T.);
#911=EDGE_CURVE('',#735,#732,#122,.T.);
#912=EDGE_CURVE('',#736,#735,#620,.T.);
#913=EDGE_CURVE('',#737,#736,#123,.T.);
#914=EDGE_CURVE('',#732,#737,#621,.T.);
#915=EDGE_CURVE('',#738,#718,#124,.T.);
#916=EDGE_CURVE('',#738,#739,#622,.T.);
#917=EDGE_CURVE('',#739,#740,#125,.T.);
#918=EDGE_CURVE('',#736,#740,#623,.T.);
#919=EDGE_CURVE('',#734,#741,#126,.T.);
#920=EDGE_CURVE('',#741,#719,#624,.T.);
#921=EDGE_CURVE('',#742,#737,#625,.T.);
#922=EDGE_CURVE('',#740,#742,#127,.T.);
#923=EDGE_CURVE('',#739,#743,#128,.T.);
#924=EDGE_CURVE('',#742,#743,#129,.T.);
#925=EDGE_CURVE('',#744,#642,#130,.T.);
#926=EDGE_CURVE('',#643,#744,#131,.T.);
#927=EDGE_CURVE('',#745,#643,#132,.T.);
#928=EDGE_CURVE('',#644,#745,#133,.T.);
#929=EDGE_CURVE('',#746,#644,#134,.T.);
#930=EDGE_CURVE('',#641,#746,#135,.T.);
#931=EDGE_CURVE('',#747,#641,#136,.T.);
#932=EDGE_CURVE('',#642,#747,#137,.T.);
#933=EDGE_CURVE('',#748,#749,#138,.T.);
#934=EDGE_CURVE('',#748,#747,#139,.T.);
#935=EDGE_CURVE('',#749,#746,#140,.T.);
#936=EDGE_CURVE('',#750,#751,#141,.T.);
#937=EDGE_CURVE('',#750,#745,#142,.T.);
#938=EDGE_CURVE('',#751,#744,#143,.T.);
#939=EDGE_CURVE('',#752,#655,#144,.T.);
#940=EDGE_CURVE('',#656,#752,#145,.T.);
#941=EDGE_CURVE('',#753,#656,#146,.T.);
#942=EDGE_CURVE('',#657,#753,#147,.T.);
#943=EDGE_CURVE('',#754,#657,#148,.T.);
#944=EDGE_CURVE('',#654,#754,#149,.T.);
#945=EDGE_CURVE('',#755,#654,#150,.T.);
#946=EDGE_CURVE('',#655,#755,#151,.T.);
#947=EDGE_CURVE('',#756,#757,#152,.T.);
#948=EDGE_CURVE('',#756,#753,#153,.T.);
#949=EDGE_CURVE('',#757,#752,#154,.T.);
#950=EDGE_CURVE('',#758,#759,#155,.T.);
#951=EDGE_CURVE('',#758,#755,#156,.T.);
#952=EDGE_CURVE('',#759,#754,#157,.T.);
#953=EDGE_CURVE('',#669,#749,#158,.T.);
#954=EDGE_CURVE('',#748,#667,#159,.T.);
#955=EDGE_CURVE('',#692,#757,#160,.T.);
#956=EDGE_CURVE('',#756,#688,#161,.T.);
#957=EDGE_CURVE('',#664,#751,#162,.T.);
#958=EDGE_CURVE('',#750,#663,#163,.T.);
#959=EDGE_CURVE('',#665,#666,#164,.T.);
#960=EDGE_CURVE('',#662,#661,#165,.T.);
#961=EDGE_CURVE('',#685,#759,#166,.T.);
#962=EDGE_CURVE('',#758,#684,#167,.T.);
#963=EDGE_CURVE('',#683,#682,#168,.T.);
#964=EDGE_CURVE('',#686,#687,#169,.T.);
#965=EDGE_CURVE('',#724,#681,#170,.T.);
#966=EDGE_CURVE('',#678,#702,#171,.T.);
#967=EDGE_CURVE('',#760,#640,#24,.T.);
#968=EDGE_CURVE('',#760,#761,#172,.T.);
#969=EDGE_CURVE('',#633,#761,#25,.T.);
#970=EDGE_CURVE('',#762,#763,#26,.T.);
#971=EDGE_CURVE('',#764,#763,#173,.T.);
#972=EDGE_CURVE('',#764,#765,#27,.T.);
#973=EDGE_CURVE('',#762,#765,#174,.T.);
#974=EDGE_CURVE('',#766,#653,#28,.T.);
#975=EDGE_CURVE('',#702,#767,#29,.T.);
#976=EDGE_CURVE('',#766,#767,#175,.T.);
#977=EDGE_CURVE('',#763,#768,#30,.T.);
#978=EDGE_CURVE('',#768,#769,#176,.T.);
#979=EDGE_CURVE('',#769,#764,#31,.T.);
#980=EDGE_CURVE('',#673,#638,#177,.T.);
#981=EDGE_CURVE('',#672,#639,#178,.T.);
#982=EDGE_CURVE('',#713,#673,#179,.T.);
#983=EDGE_CURVE('',#728,#770,#574,.T.);
#984=EDGE_CURVE('',#770,#771,#180,.T.);
#985=EDGE_CURVE('',#771,#738,#575,.T.);
#986=EDGE_CURVE('',#633,#676,#181,.T.);
#987=EDGE_CURVE('',#675,#634,#182,.T.);
#988=EDGE_CURVE('',#761,#677,#183,.T.);
#989=EDGE_CURVE('',#640,#670,#184,.T.);
#990=EDGE_CURVE('',#760,#671,#185,.T.);
#991=EDGE_CURVE('',#650,#762,#32,.T.);
#992=EDGE_CURVE('',#765,#724,#33,.T.);
#993=EDGE_CURVE('',#768,#766,#34,.T.);
#994=EDGE_CURVE('',#767,#769,#35,.T.);
#995=EDGE_CURVE('',#722,#704,#186,.T.);
#996=EDGE_CURVE('',#721,#705,#187,.T.);
#997=EDGE_CURVE('',#720,#706,#188,.T.);
#998=EDGE_CURVE('',#741,#772,#189,.T.);
#999=EDGE_CURVE('',#707,#772,#626,.T.);
#1000=EDGE_CURVE('',#771,#730,#190,.T.);
#1001=EDGE_CURVE('',#743,#729,#627,.T.);
#1002=EDGE_CURVE('',#770,#731,#191,.T.);
#1003=EDGE_CURVE('',#772,#733,#192,.T.);
#1004=ORIENTED_EDGE('',*,*,#773,.T.);
#1005=ORIENTED_EDGE('',*,*,#774,.T.);
#1006=ORIENTED_EDGE('',*,*,#775,.T.);
#1007=ORIENTED_EDGE('',*,*,#776,.T.);
#1008=ORIENTED_EDGE('',*,*,#777,.F.);
#1009=ORIENTED_EDGE('',*,*,#778,.T.);
#1010=ORIENTED_EDGE('',*,*,#775,.F.);
#1011=ORIENTED_EDGE('',*,*,#779,.T.);
#1012=ORIENTED_EDGE('',*,*,#777,.T.);
#1013=ORIENTED_EDGE('',*,*,#776,.F.);
#1014=ORIENTED_EDGE('',*,*,#780,.T.);
#1015=ORIENTED_EDGE('',*,*,#781,.F.);
#1016=ORIENTED_EDGE('',*,*,#782,.F.);
#1017=ORIENTED_EDGE('',*,*,#783,.F.);
#1018=ORIENTED_EDGE('',*,*,#784,.F.);
#1019=ORIENTED_EDGE('',*,*,#785,.F.);
#1020=ORIENTED_EDGE('',*,*,#786,.F.);
#1021=ORIENTED_EDGE('',*,*,#787,.F.);
#1022=ORIENTED_EDGE('',*,*,#788,.T.);
#1023=ORIENTED_EDGE('',*,*,#773,.F.);
#1024=ORIENTED_EDGE('',*,*,#779,.F.);
#1025=ORIENTED_EDGE('',*,*,#774,.F.);
#1026=ORIENTED_EDGE('',*,*,#789,.T.);
#1027=ORIENTED_EDGE('',*,*,#790,.T.);
#1028=ORIENTED_EDGE('',*,*,#791,.T.);
#1029=ORIENTED_EDGE('',*,*,#792,.T.);
#1030=ORIENTED_EDGE('',*,*,#793,.T.);
#1031=ORIENTED_EDGE('',*,*,#789,.F.);
#1032=ORIENTED_EDGE('',*,*,#794,.T.);
#1033=ORIENTED_EDGE('',*,*,#795,.T.);
#1034=ORIENTED_EDGE('',*,*,#796,.T.);
#1035=ORIENTED_EDGE('',*,*,#797,.T.);
#1036=ORIENTED_EDGE('',*,*,#798,.F.);
#1037=ORIENTED_EDGE('',*,*,#799,.T.);
#1038=ORIENTED_EDGE('',*,*,#796,.F.);
#1039=ORIENTED_EDGE('',*,*,#800,.T.);
#1040=ORIENTED_EDGE('',*,*,#798,.T.);
#1041=ORIENTED_EDGE('',*,*,#797,.F.);
#1042=ORIENTED_EDGE('',*,*,#801,.F.);
#1043=ORIENTED_EDGE('',*,*,#802,.F.);
#1044=ORIENTED_EDGE('',*,*,#803,.F.);
#1045=ORIENTED_EDGE('',*,*,#804,.F.);
#1046=ORIENTED_EDGE('',*,*,#805,.F.);
#1047=ORIENTED_EDGE('',*,*,#794,.F.);
#1048=ORIENTED_EDGE('',*,*,#800,.F.);
#1049=ORIENTED_EDGE('',*,*,#795,.F.);
#1050=ORIENTED_EDGE('',*,*,#806,.T.);
#1051=ORIENTED_EDGE('',*,*,#807,.T.);
#1052=ORIENTED_EDGE('',*,*,#808,.T.);
#1053=ORIENTED_EDGE('',*,*,#809,.T.);
#1054=ORIENTED_EDGE('',*,*,#810,.T.);
#1055=ORIENTED_EDGE('',*,*,#806,.F.);
#1056=ORIENTED_EDGE('',*,*,#811,.T.);
#1057=ORIENTED_EDGE('',*,*,#812,.T.);
#1058=ORIENTED_EDGE('',*,*,#813,.T.);
#1059=ORIENTED_EDGE('',*,*,#811,.F.);
#1060=ORIENTED_EDGE('',*,*,#814,.T.);
#1061=ORIENTED_EDGE('',*,*,#815,.F.);
#1062=ORIENTED_EDGE('',*,*,#816,.T.);
#1063=ORIENTED_EDGE('',*,*,#817,.T.);
#1064=ORIENTED_EDGE('',*,*,#818,.F.);
#1065=ORIENTED_EDGE('',*,*,#819,.F.);
#1066=ORIENTED_EDGE('',*,*,#820,.T.);
#1067=ORIENTED_EDGE('',*,*,#821,.T.);
#1068=ORIENTED_EDGE('',*,*,#822,.T.);
#1069=ORIENTED_EDGE('',*,*,#812,.F.);
#1070=ORIENTED_EDGE('',*,*,#813,.F.);
#1071=ORIENTED_EDGE('',*,*,#822,.F.);
#1072=ORIENTED_EDGE('',*,*,#823,.T.);
#1073=ORIENTED_EDGE('',*,*,#824,.F.);
#1074=ORIENTED_EDGE('',*,*,#825,.F.);
#1075=ORIENTED_EDGE('',*,*,#826,.F.);
#1076=ORIENTED_EDGE('',*,*,#827,.F.);
#1077=ORIENTED_EDGE('',*,*,#828,.T.);
#1078=ORIENTED_EDGE('',*,*,#829,.F.);
#1079=ORIENTED_EDGE('',*,*,#830,.F.);
#1080=ORIENTED_EDGE('',*,*,#831,.F.);
#1081=ORIENTED_EDGE('',*,*,#832,.T.);
#1082=ORIENTED_EDGE('',*,*,#814,.F.);
#1083=ORIENTED_EDGE('',*,*,#833,.T.);
#1084=ORIENTED_EDGE('',*,*,#834,.T.);
#1085=ORIENTED_EDGE('',*,*,#835,.T.);
#1086=ORIENTED_EDGE('',*,*,#836,.T.);
#1087=ORIENTED_EDGE('',*,*,#837,.F.);
#1088=ORIENTED_EDGE('',*,*,#838,.T.);
#1089=ORIENTED_EDGE('',*,*,#839,.T.);
#1090=ORIENTED_EDGE('',*,*,#840,.F.);
#1091=ORIENTED_EDGE('',*,*,#841,.F.);
#1092=ORIENTED_EDGE('',*,*,#842,.T.);
#1093=ORIENTED_EDGE('',*,*,#843,.T.);
#1094=ORIENTED_EDGE('',*,*,#844,.T.);
#1095=ORIENTED_EDGE('',*,*,#834,.F.);
#1096=ORIENTED_EDGE('',*,*,#845,.F.);
#1097=ORIENTED_EDGE('',*,*,#846,.F.);
#1098=ORIENTED_EDGE('',*,*,#847,.F.);
#1099=ORIENTED_EDGE('',*,*,#844,.F.);
#1100=ORIENTED_EDGE('',*,*,#848,.T.);
#1101=ORIENTED_EDGE('',*,*,#849,.F.);
#1102=ORIENTED_EDGE('',*,*,#850,.T.);
#1103=ORIENTED_EDGE('',*,*,#851,.T.);
#1104=ORIENTED_EDGE('',*,*,#852,.T.);
#1105=ORIENTED_EDGE('',*,*,#853,.T.);
#1106=ORIENTED_EDGE('',*,*,#854,.T.);
#1107=ORIENTED_EDGE('',*,*,#855,.T.);
#1108=ORIENTED_EDGE('',*,*,#852,.F.);
#1109=ORIENTED_EDGE('',*,*,#856,.T.);
#1110=ORIENTED_EDGE('',*,*,#857,.T.);
#1111=ORIENTED_EDGE('',*,*,#858,.T.);
#1112=ORIENTED_EDGE('',*,*,#854,.F.);
#1113=ORIENTED_EDGE('',*,*,#859,.T.);
#1114=ORIENTED_EDGE('',*,*,#857,.F.);
#1115=ORIENTED_EDGE('',*,*,#860,.T.);
#1116=ORIENTED_EDGE('',*,*,#861,.T.);
#1117=ORIENTED_EDGE('',*,*,#862,.T.);
#1118=ORIENTED_EDGE('',*,*,#804,.T.);
#1119=ORIENTED_EDGE('',*,*,#863,.F.);
#1120=ORIENTED_EDGE('',*,*,#864,.T.);
#1121=ORIENTED_EDGE('',*,*,#865,.T.);
#1122=ORIENTED_EDGE('',*,*,#866,.T.);
#1123=ORIENTED_EDGE('',*,*,#867,.T.);
#1124=ORIENTED_EDGE('',*,*,#868,.T.);
#1125=ORIENTED_EDGE('',*,*,#859,.F.);
#1126=ORIENTED_EDGE('',*,*,#869,.F.);
#1127=ORIENTED_EDGE('',*,*,#870,.F.);
#1128=ORIENTED_EDGE('',*,*,#871,.F.);
#1129=ORIENTED_EDGE('',*,*,#872,.T.);
#1130=ORIENTED_EDGE('',*,*,#846,.T.);
#1131=ORIENTED_EDGE('',*,*,#873,.T.);
#1132=ORIENTED_EDGE('',*,*,#860,.F.);
#1133=ORIENTED_EDGE('',*,*,#856,.F.);
#1134=ORIENTED_EDGE('',*,*,#874,.F.);
#1135=ORIENTED_EDGE('',*,*,#875,.F.);
#1136=ORIENTED_EDGE('',*,*,#869,.T.);
#1137=ORIENTED_EDGE('',*,*,#851,.F.);
#1138=ORIENTED_EDGE('',*,*,#876,.F.);
#1139=ORIENTED_EDGE('',*,*,#877,.F.);
#1140=ORIENTED_EDGE('',*,*,#878,.F.);
#1141=ORIENTED_EDGE('',*,*,#879,.F.);
#1142=ORIENTED_EDGE('',*,*,#874,.T.);
#1143=ORIENTED_EDGE('',*,*,#880,.T.);
#1144=ORIENTED_EDGE('',*,*,#870,.T.);
#1145=ORIENTED_EDGE('',*,*,#881,.T.);
#1146=ORIENTED_EDGE('',*,*,#882,.T.);
#1147=ORIENTED_EDGE('',*,*,#883,.T.);
#1148=ORIENTED_EDGE('',*,*,#884,.T.);
#1149=ORIENTED_EDGE('',*,*,#881,.F.);
#1150=ORIENTED_EDGE('',*,*,#875,.T.);
#1151=ORIENTED_EDGE('',*,*,#885,.T.);
#1152=ORIENTED_EDGE('',*,*,#886,.T.);
#1153=ORIENTED_EDGE('',*,*,#883,.F.);
#1154=ORIENTED_EDGE('',*,*,#879,.T.);
#1155=ORIENTED_EDGE('',*,*,#880,.F.);
#1156=ORIENTED_EDGE('',*,*,#887,.T.);
#1157=ORIENTED_EDGE('',*,*,#888,.T.);
#1158=ORIENTED_EDGE('',*,*,#889,.T.);
#1159=ORIENTED_EDGE('',*,*,#890,.T.);
#1160=ORIENTED_EDGE('',*,*,#891,.T.);
#1161=ORIENTED_EDGE('',*,*,#892,.F.);
#1162=ORIENTED_EDGE('',*,*,#802,.T.);
#1163=ORIENTED_EDGE('',*,*,#893,.T.);
#1164=ORIENTED_EDGE('',*,*,#894,.T.);
#1165=ORIENTED_EDGE('',*,*,#871,.T.);
#1166=ORIENTED_EDGE('',*,*,#863,.T.);
#1167=ORIENTED_EDGE('',*,*,#803,.T.);
#1168=ORIENTED_EDGE('',*,*,#892,.T.);
#1169=ORIENTED_EDGE('',*,*,#895,.T.);
#1170=ORIENTED_EDGE('',*,*,#896,.T.);
#1171=ORIENTED_EDGE('',*,*,#897,.T.);
#1172=ORIENTED_EDGE('',*,*,#898,.T.);
#1173=ORIENTED_EDGE('',*,*,#784,.T.);
#1174=ORIENTED_EDGE('',*,*,#897,.F.);
#1175=ORIENTED_EDGE('',*,*,#899,.F.);
#1176=ORIENTED_EDGE('',*,*,#900,.F.);
#1177=ORIENTED_EDGE('',*,*,#901,.F.);
#1178=ORIENTED_EDGE('',*,*,#850,.F.);
#1179=ORIENTED_EDGE('',*,*,#902,.T.);
#1180=ORIENTED_EDGE('',*,*,#903,.T.);
#1181=ORIENTED_EDGE('',*,*,#904,.T.);
#1182=ORIENTED_EDGE('',*,*,#905,.T.);
#1183=ORIENTED_EDGE('',*,*,#899,.T.);
#1184=ORIENTED_EDGE('',*,*,#896,.F.);
#1185=ORIENTED_EDGE('',*,*,#783,.T.);
#1186=ORIENTED_EDGE('',*,*,#906,.F.);
#1187=ORIENTED_EDGE('',*,*,#907,.T.);
#1188=ORIENTED_EDGE('',*,*,#876,.T.);
#1189=ORIENTED_EDGE('',*,*,#908,.T.);
#1190=ORIENTED_EDGE('',*,*,#909,.T.);
#1191=ORIENTED_EDGE('',*,*,#910,.T.);
#1192=ORIENTED_EDGE('',*,*,#911,.T.);
#1193=ORIENTED_EDGE('',*,*,#911,.F.);
#1194=ORIENTED_EDGE('',*,*,#912,.F.);
#1195=ORIENTED_EDGE('',*,*,#913,.F.);
#1196=ORIENTED_EDGE('',*,*,#914,.F.);
#1197=ORIENTED_EDGE('',*,*,#886,.F.);
#1198=ORIENTED_EDGE('',*,*,#915,.F.);
#1199=ORIENTED_EDGE('',*,*,#916,.T.);
#1200=ORIENTED_EDGE('',*,*,#917,.T.);
#1201=ORIENTED_EDGE('',*,*,#918,.F.);
#1202=ORIENTED_EDGE('',*,*,#912,.T.);
#1203=ORIENTED_EDGE('',*,*,#910,.F.);
#1204=ORIENTED_EDGE('',*,*,#919,.T.);
#1205=ORIENTED_EDGE('',*,*,#920,.T.);
#1206=ORIENTED_EDGE('',*,*,#887,.F.);
#1207=ORIENTED_EDGE('',*,*,#882,.F.);
#1208=ORIENTED_EDGE('',*,*,#884,.F.);
#1209=ORIENTED_EDGE('',*,*,#921,.T.);
#1210=ORIENTED_EDGE('',*,*,#913,.T.);
#1211=ORIENTED_EDGE('',*,*,#918,.T.);
#1212=ORIENTED_EDGE('',*,*,#922,.T.);
#1213=ORIENTED_EDGE('',*,*,#922,.F.);
#1214=ORIENTED_EDGE('',*,*,#917,.F.);
#1215=ORIENTED_EDGE('',*,*,#923,.T.);
#1216=ORIENTED_EDGE('',*,*,#924,.F.);
#1217=ORIENTED_EDGE('',*,*,#791,.F.);
#1218=ORIENTED_EDGE('',*,*,#925,.F.);
#1219=ORIENTED_EDGE('',*,*,#926,.F.);
#1220=ORIENTED_EDGE('',*,*,#792,.F.);
#1221=ORIENTED_EDGE('',*,*,#927,.F.);
#1222=ORIENTED_EDGE('',*,*,#928,.F.);
#1223=ORIENTED_EDGE('',*,*,#793,.F.);
#1224=ORIENTED_EDGE('',*,*,#929,.F.);
#1225=ORIENTED_EDGE('',*,*,#930,.F.);
#1226=ORIENTED_EDGE('',*,*,#790,.F.);
#1227=ORIENTED_EDGE('',*,*,#931,.F.);
#1228=ORIENTED_EDGE('',*,*,#932,.F.);
#1229=ORIENTED_EDGE('',*,*,#933,.F.);
#1230=ORIENTED_EDGE('',*,*,#934,.T.);
#1231=ORIENTED_EDGE('',*,*,#931,.T.);
#1232=ORIENTED_EDGE('',*,*,#930,.T.);
#1233=ORIENTED_EDGE('',*,*,#935,.F.);
#1234=ORIENTED_EDGE('',*,*,#936,.F.);
#1235=ORIENTED_EDGE('',*,*,#937,.T.);
#1236=ORIENTED_EDGE('',*,*,#927,.T.);
#1237=ORIENTED_EDGE('',*,*,#926,.T.);
#1238=ORIENTED_EDGE('',*,*,#938,.F.);
#1239=ORIENTED_EDGE('',*,*,#808,.F.);
#1240=ORIENTED_EDGE('',*,*,#939,.F.);
#1241=ORIENTED_EDGE('',*,*,#940,.F.);
#1242=ORIENTED_EDGE('',*,*,#809,.F.);
#1243=ORIENTED_EDGE('',*,*,#941,.F.);
#1244=ORIENTED_EDGE('',*,*,#942,.F.);
#1245=ORIENTED_EDGE('',*,*,#810,.F.);
#1246=ORIENTED_EDGE('',*,*,#943,.F.);
#1247=ORIENTED_EDGE('',*,*,#944,.F.);
#1248=ORIENTED_EDGE('',*,*,#807,.F.);
#1249=ORIENTED_EDGE('',*,*,#945,.F.);
#1250=ORIENTED_EDGE('',*,*,#946,.F.);
#1251=ORIENTED_EDGE('',*,*,#947,.F.);
#1252=ORIENTED_EDGE('',*,*,#948,.T.);
#1253=ORIENTED_EDGE('',*,*,#941,.T.);
#1254=ORIENTED_EDGE('',*,*,#940,.T.);
#1255=ORIENTED_EDGE('',*,*,#949,.F.);
#1256=ORIENTED_EDGE('',*,*,#950,.F.);
#1257=ORIENTED_EDGE('',*,*,#951,.T.);
#1258=ORIENTED_EDGE('',*,*,#945,.T.);
#1259=ORIENTED_EDGE('',*,*,#944,.T.);
#1260=ORIENTED_EDGE('',*,*,#952,.F.);
#1261=ORIENTED_EDGE('',*,*,#933,.T.);
#1262=ORIENTED_EDGE('',*,*,#953,.F.);
#1263=ORIENTED_EDGE('',*,*,#823,.F.);
#1264=ORIENTED_EDGE('',*,*,#821,.F.);
#1265=ORIENTED_EDGE('',*,*,#954,.F.);
#1266=ORIENTED_EDGE('',*,*,#947,.T.);
#1267=ORIENTED_EDGE('',*,*,#955,.F.);
#1268=ORIENTED_EDGE('',*,*,#848,.F.);
#1269=ORIENTED_EDGE('',*,*,#843,.F.);
#1270=ORIENTED_EDGE('',*,*,#956,.F.);
#1271=ORIENTED_EDGE('',*,*,#936,.T.);
#1272=ORIENTED_EDGE('',*,*,#957,.F.);
#1273=ORIENTED_EDGE('',*,*,#817,.F.);
#1274=ORIENTED_EDGE('',*,*,#958,.F.);
#1275=ORIENTED_EDGE('',*,*,#959,.F.);
#1276=ORIENTED_EDGE('',*,*,#818,.T.);
#1277=ORIENTED_EDGE('',*,*,#957,.T.);
#1278=ORIENTED_EDGE('',*,*,#938,.T.);
#1279=ORIENTED_EDGE('',*,*,#925,.T.);
#1280=ORIENTED_EDGE('',*,*,#932,.T.);
#1281=ORIENTED_EDGE('',*,*,#934,.F.);
#1282=ORIENTED_EDGE('',*,*,#954,.T.);
#1283=ORIENTED_EDGE('',*,*,#820,.F.);
#1284=ORIENTED_EDGE('',*,*,#960,.F.);
#1285=ORIENTED_EDGE('',*,*,#824,.T.);
#1286=ORIENTED_EDGE('',*,*,#953,.T.);
#1287=ORIENTED_EDGE('',*,*,#935,.T.);
#1288=ORIENTED_EDGE('',*,*,#929,.T.);
#1289=ORIENTED_EDGE('',*,*,#928,.T.);
#1290=ORIENTED_EDGE('',*,*,#937,.F.);
#1291=ORIENTED_EDGE('',*,*,#958,.T.);
#1292=ORIENTED_EDGE('',*,*,#816,.F.);
#1293=ORIENTED_EDGE('',*,*,#950,.T.);
#1294=ORIENTED_EDGE('',*,*,#961,.F.);
#1295=ORIENTED_EDGE('',*,*,#839,.F.);
#1296=ORIENTED_EDGE('',*,*,#962,.F.);
#1297=ORIENTED_EDGE('',*,*,#963,.F.);
#1298=ORIENTED_EDGE('',*,*,#849,.T.);
#1299=ORIENTED_EDGE('',*,*,#955,.T.);
#1300=ORIENTED_EDGE('',*,*,#949,.T.);
#1301=ORIENTED_EDGE('',*,*,#939,.T.);
#1302=ORIENTED_EDGE('',*,*,#946,.T.);
#1303=ORIENTED_EDGE('',*,*,#951,.F.);
#1304=ORIENTED_EDGE('',*,*,#962,.T.);
#1305=ORIENTED_EDGE('',*,*,#838,.F.);
#1306=ORIENTED_EDGE('',*,*,#964,.F.);
#1307=ORIENTED_EDGE('',*,*,#840,.T.);
#1308=ORIENTED_EDGE('',*,*,#961,.T.);
#1309=ORIENTED_EDGE('',*,*,#952,.T.);
#1310=ORIENTED_EDGE('',*,*,#943,.T.);
#1311=ORIENTED_EDGE('',*,*,#942,.T.);
#1312=ORIENTED_EDGE('',*,*,#948,.F.);
#1313=ORIENTED_EDGE('',*,*,#956,.T.);
#1314=ORIENTED_EDGE('',*,*,#842,.F.);
#1315=ORIENTED_EDGE('',*,*,#959,.T.);
#1316=ORIENTED_EDGE('',*,*,#819,.T.);
#1317=ORIENTED_EDGE('',*,*,#960,.T.);
#1318=ORIENTED_EDGE('',*,*,#815,.T.);
#1319=ORIENTED_EDGE('',*,*,#964,.T.);
#1320=ORIENTED_EDGE('',*,*,#841,.T.);
#1321=ORIENTED_EDGE('',*,*,#963,.T.);
#1322=ORIENTED_EDGE('',*,*,#837,.T.);
#1323=ORIENTED_EDGE('',*,*,#847,.T.);
#1324=ORIENTED_EDGE('',*,*,#872,.F.);
#1325=ORIENTED_EDGE('',*,*,#894,.F.);
#1326=ORIENTED_EDGE('',*,*,#965,.T.);
#1327=ORIENTED_EDGE('',*,*,#835,.F.);
#1328=ORIENTED_EDGE('',*,*,#845,.T.);
#1329=ORIENTED_EDGE('',*,*,#833,.F.);
#1330=ORIENTED_EDGE('',*,*,#966,.T.);
#1331=ORIENTED_EDGE('',*,*,#861,.F.);
#1332=ORIENTED_EDGE('',*,*,#873,.F.);
#1333=ORIENTED_EDGE('',*,*,#778,.F.);
#1334=ORIENTED_EDGE('',*,*,#788,.F.);
#1335=ORIENTED_EDGE('',*,*,#967,.F.);
#1336=ORIENTED_EDGE('',*,*,#968,.T.);
#1337=ORIENTED_EDGE('',*,*,#969,.F.);
#1338=ORIENTED_EDGE('',*,*,#780,.F.);
#1339=ORIENTED_EDGE('',*,*,#970,.T.);
#1340=ORIENTED_EDGE('',*,*,#971,.F.);
#1341=ORIENTED_EDGE('',*,*,#972,.T.);
#1342=ORIENTED_EDGE('',*,*,#973,.F.);
#1343=ORIENTED_EDGE('',*,*,#974,.T.);
#1344=ORIENTED_EDGE('',*,*,#862,.F.);
#1345=ORIENTED_EDGE('',*,*,#975,.T.);
#1346=ORIENTED_EDGE('',*,*,#976,.F.);
#1347=ORIENTED_EDGE('',*,*,#977,.T.);
#1348=ORIENTED_EDGE('',*,*,#978,.T.);
#1349=ORIENTED_EDGE('',*,*,#979,.T.);
#1350=ORIENTED_EDGE('',*,*,#971,.T.);
#1351=ORIENTED_EDGE('',*,*,#786,.T.);
#1352=ORIENTED_EDGE('',*,*,#980,.F.);
#1353=ORIENTED_EDGE('',*,*,#827,.T.);
#1354=ORIENTED_EDGE('',*,*,#981,.T.);
#1355=ORIENTED_EDGE('',*,*,#885,.F.);
#1356=ORIENTED_EDGE('',*,*,#878,.T.);
#1357=ORIENTED_EDGE('',*,*,#982,.T.);
#1358=ORIENTED_EDGE('',*,*,#980,.T.);
#1359=ORIENTED_EDGE('',*,*,#785,.T.);
#1360=ORIENTED_EDGE('',*,*,#898,.F.);
#1361=ORIENTED_EDGE('',*,*,#901,.T.);
#1362=ORIENTED_EDGE('',*,*,#983,.T.);
#1363=ORIENTED_EDGE('',*,*,#984,.T.);
#1364=ORIENTED_EDGE('',*,*,#985,.T.);
#1365=ORIENTED_EDGE('',*,*,#915,.T.);
#1366=ORIENTED_EDGE('',*,*,#781,.T.);
#1367=ORIENTED_EDGE('',*,*,#986,.T.);
#1368=ORIENTED_EDGE('',*,*,#830,.T.);
#1369=ORIENTED_EDGE('',*,*,#987,.T.);
#1370=ORIENTED_EDGE('',*,*,#969,.T.);
#1371=ORIENTED_EDGE('',*,*,#988,.T.);
#1372=ORIENTED_EDGE('',*,*,#831,.T.);
#1373=ORIENTED_EDGE('',*,*,#986,.F.);
#1374=ORIENTED_EDGE('',*,*,#787,.T.);
#1375=ORIENTED_EDGE('',*,*,#981,.F.);
#1376=ORIENTED_EDGE('',*,*,#826,.T.);
#1377=ORIENTED_EDGE('',*,*,#989,.F.);
#1378=ORIENTED_EDGE('',*,*,#967,.T.);
#1379=ORIENTED_EDGE('',*,*,#989,.T.);
#1380=ORIENTED_EDGE('',*,*,#825,.T.);
#1381=ORIENTED_EDGE('',*,*,#990,.F.);
#1382=ORIENTED_EDGE('',*,*,#782,.T.);
#1383=ORIENTED_EDGE('',*,*,#987,.F.);
#1384=ORIENTED_EDGE('',*,*,#829,.T.);
#1385=ORIENTED_EDGE('',*,*,#906,.T.);
#1386=ORIENTED_EDGE('',*,*,#991,.T.);
#1387=ORIENTED_EDGE('',*,*,#973,.T.);
#1388=ORIENTED_EDGE('',*,*,#992,.T.);
#1389=ORIENTED_EDGE('',*,*,#893,.F.);
#1390=ORIENTED_EDGE('',*,*,#993,.T.);
#1391=ORIENTED_EDGE('',*,*,#976,.T.);
#1392=ORIENTED_EDGE('',*,*,#994,.T.);
#1393=ORIENTED_EDGE('',*,*,#978,.F.);
#1394=ORIENTED_EDGE('',*,*,#895,.F.);
#1395=ORIENTED_EDGE('',*,*,#891,.F.);
#1396=ORIENTED_EDGE('',*,*,#995,.T.);
#1397=ORIENTED_EDGE('',*,*,#864,.F.);
#1398=ORIENTED_EDGE('',*,*,#890,.F.);
#1399=ORIENTED_EDGE('',*,*,#996,.T.);
#1400=ORIENTED_EDGE('',*,*,#865,.F.);
#1401=ORIENTED_EDGE('',*,*,#995,.F.);
#1402=ORIENTED_EDGE('',*,*,#889,.F.);
#1403=ORIENTED_EDGE('',*,*,#997,.T.);
#1404=ORIENTED_EDGE('',*,*,#866,.F.);
#1405=ORIENTED_EDGE('',*,*,#996,.F.);
#1406=ORIENTED_EDGE('',*,*,#836,.F.);
#1407=ORIENTED_EDGE('',*,*,#965,.F.);
#1408=ORIENTED_EDGE('',*,*,#992,.F.);
#1409=ORIENTED_EDGE('',*,*,#972,.F.);
#1410=ORIENTED_EDGE('',*,*,#979,.F.);
#1411=ORIENTED_EDGE('',*,*,#994,.F.);
#1412=ORIENTED_EDGE('',*,*,#975,.F.);
#1413=ORIENTED_EDGE('',*,*,#966,.F.);
#1414=ORIENTED_EDGE('',*,*,#888,.F.);
#1415=ORIENTED_EDGE('',*,*,#920,.F.);
#1416=ORIENTED_EDGE('',*,*,#998,.T.);
#1417=ORIENTED_EDGE('',*,*,#999,.F.);
#1418=ORIENTED_EDGE('',*,*,#867,.F.);
#1419=ORIENTED_EDGE('',*,*,#997,.F.);
#1420=ORIENTED_EDGE('',*,*,#990,.T.);
#1421=ORIENTED_EDGE('',*,*,#832,.F.);
#1422=ORIENTED_EDGE('',*,*,#988,.F.);
#1423=ORIENTED_EDGE('',*,*,#968,.F.);
#1424=ORIENTED_EDGE('',*,*,#985,.F.);
#1425=ORIENTED_EDGE('',*,*,#1000,.T.);
#1426=ORIENTED_EDGE('',*,*,#903,.F.);
#1427=ORIENTED_EDGE('',*,*,#1001,.F.);
#1428=ORIENTED_EDGE('',*,*,#923,.F.);
#1429=ORIENTED_EDGE('',*,*,#916,.F.);
#1430=ORIENTED_EDGE('',*,*,#982,.F.);
#1431=ORIENTED_EDGE('',*,*,#877,.T.);
#1432=ORIENTED_EDGE('',*,*,#907,.F.);
#1433=ORIENTED_EDGE('',*,*,#828,.F.);
#1434=ORIENTED_EDGE('',*,*,#983,.F.);
#1435=ORIENTED_EDGE('',*,*,#900,.T.);
#1436=ORIENTED_EDGE('',*,*,#905,.F.);
#1437=ORIENTED_EDGE('',*,*,#1002,.F.);
#1438=ORIENTED_EDGE('',*,*,#984,.F.);
#1439=ORIENTED_EDGE('',*,*,#1002,.T.);
#1440=ORIENTED_EDGE('',*,*,#904,.F.);
#1441=ORIENTED_EDGE('',*,*,#1000,.F.);
#1442=ORIENTED_EDGE('',*,*,#909,.F.);
#1443=ORIENTED_EDGE('',*,*,#1003,.F.);
#1444=ORIENTED_EDGE('',*,*,#998,.F.);
#1445=ORIENTED_EDGE('',*,*,#919,.F.);
#1446=ORIENTED_EDGE('',*,*,#799,.F.);
#1447=ORIENTED_EDGE('',*,*,#805,.T.);
#1448=ORIENTED_EDGE('',*,*,#974,.F.);
#1449=ORIENTED_EDGE('',*,*,#993,.F.);
#1450=ORIENTED_EDGE('',*,*,#977,.F.);
#1451=ORIENTED_EDGE('',*,*,#970,.F.);
#1452=ORIENTED_EDGE('',*,*,#991,.F.);
#1453=ORIENTED_EDGE('',*,*,#801,.T.);
#1454=ORIENTED_EDGE('',*,*,#858,.F.);
#1455=ORIENTED_EDGE('',*,*,#868,.F.);
#1456=ORIENTED_EDGE('',*,*,#999,.T.);
#1457=ORIENTED_EDGE('',*,*,#1003,.T.);
#1458=ORIENTED_EDGE('',*,*,#908,.F.);
#1459=ORIENTED_EDGE('',*,*,#914,.T.);
#1460=ORIENTED_EDGE('',*,*,#921,.F.);
#1461=ORIENTED_EDGE('',*,*,#924,.T.);
#1462=ORIENTED_EDGE('',*,*,#1001,.T.);
#1463=ORIENTED_EDGE('',*,*,#902,.F.);
#1464=ORIENTED_EDGE('',*,*,#853,.F.);
#1465=ORIENTED_EDGE('',*,*,#855,.F.);
#1466=CONICAL_SURFACE('',#1567,2.34999999999998,0.785398163393638);
#1467=CONICAL_SURFACE('',#1581,2.35000000000002,0.785398163397447);
#1468=ADVANCED_FACE('',(#369),#1466,.F.);
#1469=ADVANCED_FACE('',(#370),#365,.T.);
#1470=ADVANCED_FACE('',(#371),#320,.T.);
#1471=ADVANCED_FACE('',(#372),#36,.F.);
#1472=ADVANCED_FACE('',(#373),#1467,.F.);
#1473=ADVANCED_FACE('',(#374),#366,.T.);
#1474=ADVANCED_FACE('',(#375),#321,.T.);
#1475=ADVANCED_FACE('',(#376),#37,.F.);
#1476=ADVANCED_FACE('',(#377),#367,.T.);
#1477=ADVANCED_FACE('',(#378),#38,.F.);
#1478=ADVANCED_FACE('',(#379,#19),#322,.T.);
#1479=ADVANCED_FACE('',(#380),#368,.T.);
#1480=ADVANCED_FACE('',(#381),#39,.F.);
#1481=ADVANCED_FACE('',(#382),#15,.T.);
#1482=ADVANCED_FACE('',(#383),#40,.T.);
#1483=ADVANCED_FACE('',(#384),#16,.T.);
#1484=ADVANCED_FACE('',(#385),#41,.T.);
#1485=ADVANCED_FACE('',(#386),#42,.T.);
#1486=ADVANCED_FACE('',(#387),#323,.T.);
#1487=ADVANCED_FACE('',(#388),#43,.T.);
#1488=ADVANCED_FACE('',(#389),#17,.T.);
#1489=ADVANCED_FACE('',(#390),#44,.T.);
#1490=ADVANCED_FACE('',(#391),#18,.T.);
#1491=ADVANCED_FACE('',(#392),#45,.T.);
#1492=ADVANCED_FACE('',(#393),#46,.T.);
#1493=ADVANCED_FACE('',(#394),#47,.T.);
#1494=ADVANCED_FACE('',(#395),#324,.T.);
#1495=ADVANCED_FACE('',(#396),#48,.T.);
#1496=ADVANCED_FACE('',(#397),#49,.T.);
#1497=ADVANCED_FACE('',(#398),#50,.F.);
#1498=ADVANCED_FACE('',(#399),#325,.F.);
#1499=ADVANCED_FACE('',(#400),#51,.T.);
#1500=ADVANCED_FACE('',(#401),#326,.T.);
#1501=ADVANCED_FACE('',(#402),#327,.F.);
#1502=ADVANCED_FACE('',(#403),#328,.F.);
#1503=ADVANCED_FACE('',(#404),#329,.F.);
#1504=ADVANCED_FACE('',(#405),#330,.F.);
#1505=ADVANCED_FACE('',(#406),#331,.F.);
#1506=ADVANCED_FACE('',(#407),#332,.F.);
#1507=ADVANCED_FACE('',(#408),#333,.F.);
#1508=ADVANCED_FACE('',(#409),#334,.F.);
#1509=ADVANCED_FACE('',(#410),#335,.F.);
#1510=ADVANCED_FACE('',(#411),#336,.F.);
#1511=ADVANCED_FACE('',(#412),#337,.F.);
#1512=ADVANCED_FACE('',(#413),#338,.F.);
#1513=ADVANCED_FACE('',(#414),#339,.T.);
#1514=ADVANCED_FACE('',(#415),#340,.T.);
#1515=ADVANCED_FACE('',(#416),#341,.T.);
#1516=ADVANCED_FACE('',(#417),#342,.F.);
#1517=ADVANCED_FACE('',(#418),#343,.F.);
#1518=ADVANCED_FACE('',(#419),#344,.T.);
#1519=ADVANCED_FACE('',(#420),#345,.F.);
#1520=ADVANCED_FACE('',(#421),#346,.F.);
#1521=ADVANCED_FACE('',(#422),#347,.T.);
#1522=ADVANCED_FACE('',(#423),#348,.T.);
#1523=ADVANCED_FACE('',(#424),#349,.T.);
#1524=ADVANCED_FACE('',(#425),#350,.T.);
#1525=ADVANCED_FACE('',(#426),#351,.T.);
#1526=ADVANCED_FACE('',(#427),#352,.T.);
#1527=ADVANCED_FACE('',(#428),#353,.T.);
#1528=ADVANCED_FACE('',(#429),#52,.T.);
#1529=ADVANCED_FACE('',(#430),#53,.F.);
#1530=ADVANCED_FACE('',(#431),#54,.T.);
#1531=ADVANCED_FACE('',(#432),#55,.F.);
#1532=ADVANCED_FACE('',(#433),#56,.T.);
#1533=ADVANCED_FACE('',(#434),#354,.T.);
#1534=ADVANCED_FACE('',(#435),#57,.T.);
#1535=ADVANCED_FACE('',(#436),#355,.T.);
#1536=ADVANCED_FACE('',(#437),#58,.T.);
#1537=ADVANCED_FACE('',(#438),#59,.F.);
#1538=ADVANCED_FACE('',(#439),#60,.F.);
#1539=ADVANCED_FACE('',(#440),#61,.T.);
#1540=ADVANCED_FACE('',(#441),#356,.T.);
#1541=ADVANCED_FACE('',(#442),#62,.F.);
#1542=ADVANCED_FACE('',(#443),#357,.T.);
#1543=ADVANCED_FACE('',(#444),#358,.T.);
#1544=ADVANCED_FACE('',(#445),#63,.F.);
#1545=ADVANCED_FACE('',(#446),#359,.T.);
#1546=ADVANCED_FACE('',(#447),#64,.F.);
#1547=ADVANCED_FACE('',(#448),#360,.T.);
#1548=ADVANCED_FACE('',(#449),#65,.F.);
#1549=ADVANCED_FACE('',(#450),#361,.T.);
#1550=ADVANCED_FACE('',(#451),#362,.T.);
#1551=ADVANCED_FACE('',(#452),#363,.T.);
#1552=ADVANCED_FACE('',(#453),#364,.T.);
#1553=CLOSED_SHELL('',(#1468,#1469,#1470,#1471,#1472,#1473,#1474,#1475,
#1476,#1477,#1478,#1479,#1480,#1481,#1482,#1483,#1484,#1485,#1486,#1487,
#1488,#1489,#1490,#1491,#1492,#1493,#1494,#1495,#1496,#1497,#1498,#1499,
#1500,#1501,#1502,#1503,#1504,#1505,#1506,#1507,#1508,#1509,#1510,#1511,
#1512,#1513,#1514,#1515,#1516,#1517,#1518,#1519,#1520,#1521,#1522,#1523,
#1524,#1525,#1526,#1527,#1528,#1529,#1530,#1531,#1532,#1533,#1534,#1535,
#1536,#1537,#1538,#1539,#1540,#1541,#1542,#1543,#1544,#1545,#1546,#1547,
#1548,#1549,#1550,#1551,#1552));
#1554=DERIVED_UNIT_ELEMENT(#1556,1.);
#1555=DERIVED_UNIT_ELEMENT(#3172,-3.);
#1556=(
MASS_UNIT()
NAMED_UNIT(*)
SI_UNIT(.KILO.,.GRAM.)
);
#1557=DERIVED_UNIT((#1554,#1555));
#1558=MEASURE_REPRESENTATION_ITEM('density measure',
POSITIVE_RATIO_MEASURE(7850.),#1557);
#1559=PROPERTY_DEFINITION_REPRESENTATION(#1564,#1561);
#1560=PROPERTY_DEFINITION_REPRESENTATION(#1565,#1562);
#1561=REPRESENTATION('material name',(#1563),#3169);
#1562=REPRESENTATION('density',(#1558),#3169);
#1563=DESCRIPTIVE_REPRESENTATION_ITEM('Steel','Steel');
#1564=PROPERTY_DEFINITION('material property','material name',#3179);
#1565=PROPERTY_DEFINITION('material property','density of part',#3179);
#1566=AXIS2_PLACEMENT_3D('',#2143,#1716,#1717);
#1567=AXIS2_PLACEMENT_3D('',#2144,#1718,#1719);
#1568=AXIS2_PLACEMENT_3D('',#2147,#1720,#1721);
#1569=AXIS2_PLACEMENT_3D('',#2149,#1722,#1723);
#1570=AXIS2_PLACEMENT_3D('',#2165,#1724,#1725);
#1571=AXIS2_PLACEMENT_3D('',#2233,#1726,#1727);
#1572=AXIS2_PLACEMENT_3D('',#2239,#1730,#1731);
#1573=AXIS2_PLACEMENT_3D('',#2241,#1732,#1733);
#1574=AXIS2_PLACEMENT_3D('',#2245,#1735,#1736);
#1575=AXIS2_PLACEMENT_3D('',#2247,#1737,#1738);
#1576=AXIS2_PLACEMENT_3D('',#2251,#1741,#1742);
#1577=AXIS2_PLACEMENT_3D('',#2255,#1744,#1745);
#1578=AXIS2_PLACEMENT_3D('',#2257,#1746,#1747);
#1579=AXIS2_PLACEMENT_3D('',#2259,#1748,#1749);
#1580=AXIS2_PLACEMENT_3D('',#2260,#1750,#1751);
#1581=AXIS2_PLACEMENT_3D('',#2261,#1752,#1753);
#1582=AXIS2_PLACEMENT_3D('',#2264,#1754,#1755);
#1583=AXIS2_PLACEMENT_3D('',#2266,#1756,#1757);
#1584=AXIS2_PLACEMENT_3D('',#2282,#1758,#1759);
#1585=AXIS2_PLACEMENT_3D('',#2350,#1760,#1761);
#1586=AXIS2_PLACEMENT_3D('',#2354,#1763,#1764);
#1587=AXIS2_PLACEMENT_3D('',#2358,#1766,#1767);
#1588=AXIS2_PLACEMENT_3D('',#2360,#1769,#1770);
#1589=AXIS2_PLACEMENT_3D('',#2364,#1772,#1773);
#1590=AXIS2_PLACEMENT_3D('',#2366,#1774,#1775);
#1591=AXIS2_PLACEMENT_3D('',#2368,#1776,#1777);
#1592=AXIS2_PLACEMENT_3D('',#2369,#1778,#1779);
#1593=AXIS2_PLACEMENT_3D('',#2456,#1781,#1782);
#1594=AXIS2_PLACEMENT_3D('',#2459,#1783,#1784);
#1595=AXIS2_PLACEMENT_3D('',#2463,#1786,#1787);
#1596=AXIS2_PLACEMENT_3D('',#2467,#1789,#1790);
#1597=AXIS2_PLACEMENT_3D('',#2471,#1792,#1793);
#1598=AXIS2_PLACEMENT_3D('',#2474,#1795,#1796);
#1599=AXIS2_PLACEMENT_3D('',#2476,#1798,#1799);
#1600=AXIS2_PLACEMENT_3D('',#2479,#1800,#1801);
#1601=AXIS2_PLACEMENT_3D('',#2483,#1803,#1804);
#1602=AXIS2_PLACEMENT_3D('',#2487,#1806,#1807);
#1603=AXIS2_PLACEMENT_3D('',#2491,#1809,#1810);
#1604=AXIS2_PLACEMENT_3D('',#2587,#1812,#1813);
#1605=AXIS2_PLACEMENT_3D('',#2590,#1814,#1815);
#1606=AXIS2_PLACEMENT_3D('',#2594,#1817,#1818);
#1607=AXIS2_PLACEMENT_3D('',#2598,#1820,#1821);
#1608=AXIS2_PLACEMENT_3D('',#2602,#1823,#1824);
#1609=AXIS2_PLACEMENT_3D('',#2635,#1828,#1829);
#1610=AXIS2_PLACEMENT_3D('',#2637,#1831,#1832);
#1611=AXIS2_PLACEMENT_3D('',#2655,#1833,#1834);
#1612=AXIS2_PLACEMENT_3D('',#2657,#1835,#1836);
#1613=AXIS2_PLACEMENT_3D('',#2658,#1837,#1838);
#1614=AXIS2_PLACEMENT_3D('',#2659,#1839,#1840);
#1615=AXIS2_PLACEMENT_3D('',#2662,#1841,#1842);
#1616=AXIS2_PLACEMENT_3D('',#2665,#1845,#1846);
#1617=AXIS2_PLACEMENT_3D('',#2680,#1847,#1848);
#1618=AXIS2_PLACEMENT_3D('',#2681,#1849,#1850);
#1619=AXIS2_PLACEMENT_3D('',#2682,#1851,#1852);
#1620=AXIS2_PLACEMENT_3D('',#2743,#1858,#1859);
#1621=AXIS2_PLACEMENT_3D('',#2747,#1861,#1862);
#1622=AXIS2_PLACEMENT_3D('',#2761,#1865,#1866);
#1623=AXIS2_PLACEMENT_3D('',#2765,#1869,#1870);
#1624=AXIS2_PLACEMENT_3D('',#2790,#1872,#1873);
#1625=AXIS2_PLACEMENT_3D('',#2791,#1874,#1875);
#1626=AXIS2_PLACEMENT_3D('',#2808,#1876,#1877);
#1627=AXIS2_PLACEMENT_3D('',#2809,#1878,#1879);
#1628=AXIS2_PLACEMENT_3D('',#2810,#1880,#1881);
#1629=AXIS2_PLACEMENT_3D('',#2812,#1882,#1883);
#1630=AXIS2_PLACEMENT_3D('',#2814,#1885,#1886);
#1631=AXIS2_PLACEMENT_3D('',#2828,#1887,#1888);
#1632=AXIS2_PLACEMENT_3D('',#2829,#1889,#1890);
#1633=AXIS2_PLACEMENT_3D('',#2879,#1896,#1897);
#1634=AXIS2_PLACEMENT_3D('',#2881,#1899,#1900);
#1635=AXIS2_PLACEMENT_3D('',#2909,#1902,#1903);
#1636=AXIS2_PLACEMENT_3D('',#2915,#1907,#1908);
#1637=AXIS2_PLACEMENT_3D('',#2949,#1913,#1914);
#1638=AXIS2_PLACEMENT_3D('',#2952,#1915,#1916);
#1639=AXIS2_PLACEMENT_3D('',#2956,#1918,#1919);
#1640=AXIS2_PLACEMENT_3D('',#2958,#1921,#1922);
#1641=AXIS2_PLACEMENT_3D('',#2960,#1923,#1924);
#1642=AXIS2_PLACEMENT_3D('',#2963,#1926,#1927);
#1643=AXIS2_PLACEMENT_3D('',#2964,#1928,#1929);
#1644=AXIS2_PLACEMENT_3D('',#2968,#1931,#1932);
#1645=AXIS2_PLACEMENT_3D('',#2971,#1934,#1935);
#1646=AXIS2_PLACEMENT_3D('',#2974,#1937,#1938);
#1647=AXIS2_PLACEMENT_3D('',#2975,#1939,#1940);
#1648=AXIS2_PLACEMENT_3D('',#2977,#1941,#1942);
#1649=AXIS2_PLACEMENT_3D('',#2979,#1944,#1945);
#1650=AXIS2_PLACEMENT_3D('',#2983,#1948,#1949);
#1651=AXIS2_PLACEMENT_3D('',#2987,#1952,#1953);
#1652=AXIS2_PLACEMENT_3D('',#2991,#1956,#1957);
#1653=AXIS2_PLACEMENT_3D('',#2995,#1960,#1961);
#1654=AXIS2_PLACEMENT_3D('',#2999,#1964,#1965);
#1655=AXIS2_PLACEMENT_3D('',#3005,#1969,#1970);
#1656=AXIS2_PLACEMENT_3D('',#3011,#1974,#1975);
#1657=AXIS2_PLACEMENT_3D('',#3015,#1978,#1979);
#1658=AXIS2_PLACEMENT_3D('',#3019,#1982,#1983);
#1659=AXIS2_PLACEMENT_3D('',#3023,#1986,#1987);
#1660=AXIS2_PLACEMENT_3D('',#3027,#1990,#1991);
#1661=AXIS2_PLACEMENT_3D('',#3033,#1995,#1996);
#1662=AXIS2_PLACEMENT_3D('',#3039,#2000,#2001);
#1663=AXIS2_PLACEMENT_3D('',#3042,#2004,#2005);
#1664=AXIS2_PLACEMENT_3D('',#3045,#2008,#2009);
#1665=AXIS2_PLACEMENT_3D('',#3048,#2012,#2013);
#1666=AXIS2_PLACEMENT_3D('',#3050,#2015,#2016);
#1667=AXIS2_PLACEMENT_3D('',#3052,#2018,#2019);
#1668=AXIS2_PLACEMENT_3D('',#3055,#2022,#2023);
#1669=AXIS2_PLACEMENT_3D('',#3057,#2025,#2026);
#1670=AXIS2_PLACEMENT_3D('',#3059,#2028,#2029);
#1671=AXIS2_PLACEMENT_3D('',#3060,#2030,#2031);
#1672=AXIS2_PLACEMENT_3D('',#3061,#2032,#2033);
#1673=AXIS2_PLACEMENT_3D('',#3062,#2034,#2035);
#1674=AXIS2_PLACEMENT_3D('',#3063,#2036,#2037);
#1675=AXIS2_PLACEMENT_3D('',#3065,#2039,#2040);
#1676=AXIS2_PLACEMENT_3D('',#3067,#2042,#2043);
#1677=AXIS2_PLACEMENT_3D('',#3069,#2044,#2045);
#1678=AXIS2_PLACEMENT_3D('',#3072,#2047,#2048);
#1679=AXIS2_PLACEMENT_3D('',#3073,#2049,#2050);
#1680=AXIS2_PLACEMENT_3D('',#3076,#2051,#2052);
#1681=AXIS2_PLACEMENT_3D('',#3080,#2054,#2055);
#1682=AXIS2_PLACEMENT_3D('',#3082,#2057,#2058);
#1683=AXIS2_PLACEMENT_3D('',#3084,#2059,#2060);
#1684=AXIS2_PLACEMENT_3D('',#3086,#2061,#2062);
#1685=AXIS2_PLACEMENT_3D('',#3088,#2064,#2065);
#1686=AXIS2_PLACEMENT_3D('',#3090,#2066,#2067);
#1687=AXIS2_PLACEMENT_3D('',#3093,#2069,#2070);
#1688=AXIS2_PLACEMENT_3D('',#3094,#2071,#2072);
#1689=AXIS2_PLACEMENT_3D('',#3097,#2075,#2076);
#1690=AXIS2_PLACEMENT_3D('',#3128,#2079,#2080);
#1691=AXIS2_PLACEMENT_3D('',#3131,#2083,#2084);
#1692=AXIS2_PLACEMENT_3D('',#3133,#2086,#2087);
#1693=AXIS2_PLACEMENT_3D('',#3135,#2089,#2090);
#1694=AXIS2_PLACEMENT_3D('',#3137,#2092,#2093);
#1695=AXIS2_PLACEMENT_3D('',#3138,#2094,#2095);
#1696=AXIS2_PLACEMENT_3D('',#3139,#2096,#2097);
#1697=AXIS2_PLACEMENT_3D('',#3140,#2098,#2099);
#1698=AXIS2_PLACEMENT_3D('',#3141,#2100,#2101);
#1699=AXIS2_PLACEMENT_3D('',#3142,#2102,#2103);
#1700=AXIS2_PLACEMENT_3D('',#3143,#2104,#2105);
#1701=AXIS2_PLACEMENT_3D('',#3144,#2106,#2107);
#1702=AXIS2_PLACEMENT_3D('',#3146,#2109,#2110);
#1703=AXIS2_PLACEMENT_3D('',#3148,#2112,#2113);
#1704=AXIS2_PLACEMENT_3D('',#3150,#2115,#2116);
#1705=AXIS2_PLACEMENT_3D('',#3151,#2117,#2118);
#1706=AXIS2_PLACEMENT_3D('',#3154,#2120,#2121);
#1707=AXIS2_PLACEMENT_3D('',#3155,#2122,#2123);
#1708=AXIS2_PLACEMENT_3D('',#3156,#2124,#2125);
#1709=AXIS2_PLACEMENT_3D('',#3158,#2127,#2128);
#1710=AXIS2_PLACEMENT_3D('',#3159,#2129,#2130);
#1711=AXIS2_PLACEMENT_3D('',#3160,#2131,#2132);
#1712=AXIS2_PLACEMENT_3D('',#3162,#2134,#2135);
#1713=AXIS2_PLACEMENT_3D('',#3163,#2136,#2137);
#1714=AXIS2_PLACEMENT_3D('',#3165,#2139,#2140);
#1715=AXIS2_PLACEMENT_3D('',#3166,#2141,#2142);
#1716=DIRECTION('axis',(0.,0.,1.));
#1717=DIRECTION('refdir',(1.,0.,0.));
#1718=DIRECTION('center_axis',(-1.,0.,-8.88178419693433E-14));
#1719=DIRECTION('ref_axis',(8.88178419693434E-14,2.83276944882399E-16,-1.));
#1720=DIRECTION('center_axis',(1.,0.,8.28075182836712E-14));
#1721=DIRECTION('ref_axis',(0.,1.,0.));
#1722=DIRECTION('center_axis',(1.,0.,8.28075182836712E-14));
#1723=DIRECTION('ref_axis',(0.,1.,0.));
#1724=DIRECTION('center_axis',(-1.,0.,-8.28075182836712E-14));
#1725=DIRECTION('ref_axis',(0.,1.,0.));
#1726=DIRECTION('center_axis',(-1.,0.,-8.28075182836712E-14));
#1727=DIRECTION('ref_axis',(-8.28075182836712E-14,0.,1.));
#1728=DIRECTION('',(0.,1.,0.));
#1729=DIRECTION('',(-8.28075182836712E-14,0.,1.));
#1730=DIRECTION('center_axis',(-1.,0.,-8.28075182836712E-14));
#1731=DIRECTION('ref_axis',(0.,-1.,0.));
#1732=DIRECTION('center_axis',(1.,0.,8.28075182836712E-14));
#1733=DIRECTION('ref_axis',(0.,0.337915449796355,-0.941176470588235));
#1734=DIRECTION('',(0.,1.,0.));
#1735=DIRECTION('center_axis',(1.,0.,8.28075182836712E-14));
#1736=DIRECTION('ref_axis',(0.,-0.337915449796355,0.941176470588235));
#1737=DIRECTION('center_axis',(-1.,0.,-8.28075182836712E-14));
#1738=DIRECTION('ref_axis',(0.,0.337915449796355,-0.941176470588235));
#1739=DIRECTION('',(8.28075182836712E-14,-1.30261840290903E-16,-1.));
#1740=DIRECTION('',(0.,1.,0.));
#1741=DIRECTION('center_axis',(1.,0.,0.));
#1742=DIRECTION('ref_axis',(0.,1.,0.));
#1743=DIRECTION('',(1.,0.,0.));
#1744=DIRECTION('center_axis',(1.,0.,0.));
#1745=DIRECTION('ref_axis',(0.,1.,0.));
#1746=DIRECTION('center_axis',(1.,0.,0.));
#1747=DIRECTION('ref_axis',(0.,1.,0.));
#1748=DIRECTION('center_axis',(1.,0.,0.));
#1749=DIRECTION('ref_axis',(0.,1.,0.));
#1750=DIRECTION('center_axis',(1.,0.,0.));
#1751=DIRECTION('ref_axis',(0.,1.,0.));
#1752=DIRECTION('center_axis',(-1.,0.,-8.88178419700051E-14));
#1753=DIRECTION('ref_axis',(-8.88178419700052E-14,1.93716910436791E-15,
1.));
#1754=DIRECTION('center_axis',(1.,0.,8.28075182836712E-14));
#1755=DIRECTION('ref_axis',(0.,-1.,0.));
#1756=DIRECTION('center_axis',(1.,0.,8.28075182836712E-14));
#1757=DIRECTION('ref_axis',(0.,-1.,0.));
#1758=DIRECTION('center_axis',(-1.,0.,-8.28075182836712E-14));
#1759=DIRECTION('ref_axis',(0.,-1.,0.));
#1760=DIRECTION('center_axis',(-1.,0.,-8.28075182836712E-14));
#1761=DIRECTION('ref_axis',(-8.28075182836712E-14,0.,1.));
#1762=DIRECTION('',(0.,1.,0.));
#1763=DIRECTION('center_axis',(1.,0.,8.28075182836712E-14));
#1764=DIRECTION('ref_axis',(0.,-0.337915449796355,0.941176470588235));
#1765=DIRECTION('',(0.,-1.,0.));
#1766=DIRECTION('center_axis',(1.,0.,8.28075182836712E-14));
#1767=DIRECTION('ref_axis',(0.,0.337915449796355,-0.941176470588235));
#1768=DIRECTION('',(0.,1.,0.));
#1769=DIRECTION('center_axis',(1.,0.,0.));
#1770=DIRECTION('ref_axis',(0.,-1.,0.));
#1771=DIRECTION('',(1.,0.,0.));
#1772=DIRECTION('center_axis',(1.,0.,0.));
#1773=DIRECTION('ref_axis',(0.,-1.,0.));
#1774=DIRECTION('center_axis',(1.,0.,0.));
#1775=DIRECTION('ref_axis',(0.,-1.,0.));
#1776=DIRECTION('center_axis',(1.,0.,0.));
#1777=DIRECTION('ref_axis',(0.,-1.,0.));
#1778=DIRECTION('center_axis',(1.,0.,0.));
#1779=DIRECTION('ref_axis',(0.,-1.,0.));
#1780=DIRECTION('',(-0.923879532511296,-6.19213179984903E-17,0.382683432365067));
#1781=DIRECTION('center_axis',(1.,0.,0.));
#1782=DIRECTION('ref_axis',(0.,1.,0.));
#1783=DIRECTION('center_axis',(1.,0.,0.));
#1784=DIRECTION('ref_axis',(0.,1.,0.));
#1785=DIRECTION('',(-1.,0.,0.));
#1786=DIRECTION('center_axis',(-1.,0.,0.));
#1787=DIRECTION('ref_axis',(0.,1.,0.));
#1788=DIRECTION('',(-1.,0.,0.));
#1789=DIRECTION('center_axis',(1.,0.,0.));
#1790=DIRECTION('ref_axis',(0.,1.,0.));
#1791=DIRECTION('',(-1.,0.,0.));
#1792=DIRECTION('center_axis',(-1.,0.,0.));
#1793=DIRECTION('ref_axis',(0.,1.,0.));
#1794=DIRECTION('',(1.,0.,0.));
#1795=DIRECTION('center_axis',(-1.,0.,0.));
#1796=DIRECTION('ref_axis',(0.,1.,0.));
#1797=DIRECTION('',(-1.,0.,0.));
#1798=DIRECTION('center_axis',(0.707106781186518,0.,0.707106781186577));
#1799=DIRECTION('ref_axis',(0.707106781186577,0.,-0.707106781186518));
#1800=DIRECTION('center_axis',(-0.707106781186518,0.,-0.707106781186577));
#1801=DIRECTION('ref_axis',(-0.707106781186577,7.32709814052398E-16,0.707106781186518));
#1802=DIRECTION('',(-0.707106781186577,9.21090305995323E-17,0.707106781186518));
#1803=DIRECTION('center_axis',(0.707106781186518,0.,0.707106781186577));
#1804=DIRECTION('ref_axis',(0.707106781186577,5.7037843927461E-17,-0.707106781186518));
#1805=DIRECTION('',(0.,1.,0.));
#1806=DIRECTION('center_axis',(0.707106781186518,0.,0.707106781186577));
#1807=DIRECTION('ref_axis',(0.707106781186577,0.,-0.707106781186518));
#1808=DIRECTION('',(0.707106781186577,0.,-0.707106781186518));
#1809=DIRECTION('center_axis',(-0.707106781186518,0.,-0.707106781186577));
#1810=DIRECTION('ref_axis',(-0.707106781186577,0.,0.707106781186518));
#1811=DIRECTION('',(0.,-1.,0.));
#1812=DIRECTION('center_axis',(1.,0.,0.));
#1813=DIRECTION('ref_axis',(0.,1.,0.));
#1814=DIRECTION('center_axis',(1.,0.,0.));
#1815=DIRECTION('ref_axis',(0.,1.,0.));
#1816=DIRECTION('',(-1.,0.,0.));
#1817=DIRECTION('center_axis',(-1.,0.,0.));
#1818=DIRECTION('ref_axis',(0.,1.,0.));
#1819=DIRECTION('',(-1.,0.,0.));
#1820=DIRECTION('center_axis',(1.,0.,0.));
#1821=DIRECTION('ref_axis',(0.,1.,0.));
#1822=DIRECTION('',(-1.,0.,0.));
#1823=DIRECTION('center_axis',(-1.,0.,0.));
#1824=DIRECTION('ref_axis',(0.,1.,0.));
#1825=DIRECTION('',(1.,0.,0.));
#1826=DIRECTION('',(-1.,0.,0.));
#1827=DIRECTION('',(1.,0.,0.));
#1828=DIRECTION('center_axis',(-1.,0.,0.));
#1829=DIRECTION('ref_axis',(0.,1.,0.));
#1830=DIRECTION('',(-1.,0.,0.));
#1831=DIRECTION('center_axis',(0.,1.,0.));
#1832=DIRECTION('ref_axis',(0.,0.,1.));
#1833=DIRECTION('center_axis',(0.,1.,0.));
#1834=DIRECTION('ref_axis',(0.997771456309478,0.,0.0667242157995367));
#1835=DIRECTION('center_axis',(4.04869224565926E-10,0.,1.));
#1836=DIRECTION('ref_axis',(1.,0.,-4.04869224565926E-10));
#1837=DIRECTION('center_axis',(0.,-1.,0.));
#1838=DIRECTION('ref_axis',(0.997771456309478,0.,0.0667242157995367));
#1839=DIRECTION('center_axis',(-4.0486978848801E-10,0.,-1.));
#1840=DIRECTION('ref_axis',(0.707106781186548,0.707106781186547,-2.86286472003176E-10));
#1841=DIRECTION('center_axis',(4.04868237701016E-10,0.,1.));
#1842=DIRECTION('ref_axis',(1.,0.,-4.04868237701016E-10));
#1843=DIRECTION('',(4.0486978848801E-10,0.,1.));
#1844=DIRECTION('',(-4.0486978848801E-10,0.,-1.));
#1845=DIRECTION('center_axis',(0.,1.,0.));
#1846=DIRECTION('ref_axis',(0.,0.,1.));
#1847=DIRECTION('center_axis',(0.,-1.,0.));
#1848=DIRECTION('ref_axis',(0.997771456401312,0.,-0.0667242144262786));
#1849=DIRECTION('center_axis',(0.,1.,0.));
#1850=DIRECTION('ref_axis',(0.997771456401312,0.,-0.0667242144262786));
#1851=DIRECTION('center_axis',(1.,0.,0.));
#1852=DIRECTION('ref_axis',(0.,0.337915449796355,-0.941176470588235));
#1853=DIRECTION('',(-1.,0.,0.));
#1854=DIRECTION('',(-1.,0.,0.));
#1855=DIRECTION('',(1.,0.,0.));
#1856=DIRECTION('',(1.,0.,0.));
#1857=DIRECTION('',(1.,0.,0.));
#1858=DIRECTION('center_axis',(0.,1.,0.));
#1859=DIRECTION('ref_axis',(1.,0.,-4.04869841741035E-10));
#1860=DIRECTION('',(0.,1.,0.));
#1861=DIRECTION('center_axis',(0.,-1.,0.));
#1862=DIRECTION('ref_axis',(0.997771456401312,0.,-0.0667242144262786));
#1863=DIRECTION('',(0.,1.,0.));
#1864=DIRECTION('',(0.,1.,0.));
#1865=DIRECTION('center_axis',(1.,0.,-4.0486978848801E-10));
#1866=DIRECTION('ref_axis',(-4.0486978848801E-10,0.,-1.));
#1867=DIRECTION('',(0.,1.,0.));
#1868=DIRECTION('',(4.0486978848801E-10,0.,1.));
#1869=DIRECTION('center_axis',(0.,1.,0.));
#1870=DIRECTION('ref_axis',(7.40148682386617E-16,0.,1.));
#1871=DIRECTION('',(0.,1.,0.));
#1872=DIRECTION('center_axis',(0.,-1.,0.));
#1873=DIRECTION('ref_axis',(0.997771456309478,0.,0.0667242157995367));
#1874=DIRECTION('center_axis',(0.,-1.,0.));
#1875=DIRECTION('ref_axis',(0.,0.,-1.));
#1876=DIRECTION('center_axis',(-4.04869224565927E-10,0.,-1.));
#1877=DIRECTION('ref_axis',(1.,0.,-4.04869224565927E-10));
#1878=DIRECTION('center_axis',(0.,1.,0.));
#1879=DIRECTION('ref_axis',(0.997771456401312,0.,-0.0667242144262786));
#1880=DIRECTION('center_axis',(4.0486978848801E-10,0.,1.));
#1881=DIRECTION('ref_axis',(0.707106781186548,-0.707106781186547,-2.86286472003176E-10));
#1882=DIRECTION('center_axis',(-4.04870211430837E-10,0.,-1.));
#1883=DIRECTION('ref_axis',(1.,0.,-4.04870211430837E-10));
#1884=DIRECTION('',(-4.0486978848801E-10,0.,-1.));
#1885=DIRECTION('center_axis',(0.,-1.,0.));
#1886=DIRECTION('ref_axis',(0.,0.,-1.));
#1887=DIRECTION('center_axis',(0.,1.,0.));
#1888=DIRECTION('ref_axis',(0.997771456309478,0.,0.0667242157995367));
#1889=DIRECTION('center_axis',(1.,0.,0.));
#1890=DIRECTION('ref_axis',(0.,-0.337915449796355,0.941176470588235));
#1891=DIRECTION('',(-1.,0.,0.));
#1892=DIRECTION('',(-1.,0.,0.));
#1893=DIRECTION('',(-1.,0.,0.));
#1894=DIRECTION('',(1.,0.,0.));
#1895=DIRECTION('',(1.,0.,0.));
#1896=DIRECTION('center_axis',(0.,1.,0.));
#1897=DIRECTION('ref_axis',(-0.707106781186773,0.,0.707106781186322));
#1898=DIRECTION('',(0.,1.,0.));
#1899=DIRECTION('center_axis',(0.,1.,0.));
#1900=DIRECTION('ref_axis',(-0.707106781185534,0.,-0.707106781187561));
#1901=DIRECTION('',(0.,-1.,0.));
#1902=DIRECTION('center_axis',(2.77202115362033E-12,0.,-1.));
#1903=DIRECTION('ref_axis',(-1.,0.,-2.77202115362033E-12));
#1904=DIRECTION('',(-1.,0.,0.));
#1905=DIRECTION('',(0.,1.,0.));
#1906=DIRECTION('',(1.,0.,0.));
#1907=DIRECTION('center_axis',(1.,0.,0.));
#1908=DIRECTION('ref_axis',(0.,0.337915449796355,-0.941176470588235));
#1909=DIRECTION('',(-1.,0.,0.));
#1910=DIRECTION('',(-1.,0.,0.));
#1911=DIRECTION('',(-1.,0.,0.));
#1912=DIRECTION('',(1.,0.,0.));
#1913=DIRECTION('center_axis',(0.,1.,0.));
#1914=DIRECTION('ref_axis',(-0.910258989833218,0.,-0.414039335604492));
#1915=DIRECTION('center_axis',(0.,-1.,0.));
#1916=DIRECTION('ref_axis',(-0.910258989833218,0.,-0.414039335604492));
#1917=DIRECTION('',(0.,-1.,0.));
#1918=DIRECTION('center_axis',(0.,1.,0.));
#1919=DIRECTION('ref_axis',(-0.910258989833218,0.,-0.414039335604492));
#1920=DIRECTION('',(0.,1.,0.));
#1921=DIRECTION('center_axis',(0.,1.,0.));
#1922=DIRECTION('ref_axis',(1.,0.,0.));
#1923=DIRECTION('center_axis',(0.,1.,0.));
#1924=DIRECTION('ref_axis',(1.,0.,0.));
#1925=DIRECTION('',(0.,-1.,0.));
#1926=DIRECTION('center_axis',(0.,-1.,0.));
#1927=DIRECTION('ref_axis',(1.,0.,0.));
#1928=DIRECTION('center_axis',(0.,1.,0.));
#1929=DIRECTION('ref_axis',(1.,0.,0.));
#1930=DIRECTION('',(1.,0.,0.));
#1931=DIRECTION('center_axis',(0.,1.,0.));
#1932=DIRECTION('ref_axis',(1.,0.,0.));
#1933=DIRECTION('',(-1.,0.,-5.1656067328017E-12));
#1934=DIRECTION('center_axis',(0.,1.,0.));
#1935=DIRECTION('ref_axis',(-0.910258989834171,0.,0.414039335602397));
#1936=DIRECTION('',(1.,0.,1.1338030515684E-15));
#1937=DIRECTION('center_axis',(0.,1.,0.));
#1938=DIRECTION('ref_axis',(1.,0.,0.));
#1939=DIRECTION('center_axis',(0.,1.,0.));
#1940=DIRECTION('ref_axis',(-0.910258989834171,0.,0.414039335602397));
#1941=DIRECTION('center_axis',(0.,-1.,0.));
#1942=DIRECTION('ref_axis',(-0.910258989834171,0.,0.414039335602397));
#1943=DIRECTION('',(0.,1.,0.));
#1944=DIRECTION('center_axis',(-5.1656067328017E-12,0.,1.));
#1945=DIRECTION('ref_axis',(1.,0.,5.1656067328017E-12));
#1946=DIRECTION('',(0.,1.,0.));
#1947=DIRECTION('',(1.,0.,5.1656067328017E-12));
#1948=DIRECTION('center_axis',(-1.,0.,0.));
#1949=DIRECTION('ref_axis',(0.,0.,1.));
#1950=DIRECTION('',(0.,-1.,0.));
#1951=DIRECTION('',(0.,8.59101150007562E-16,-1.));
#1952=DIRECTION('center_axis',(-1.,0.,0.));
#1953=DIRECTION('ref_axis',(0.,0.,1.));
#1954=DIRECTION('',(0.,8.59101150007562E-16,-1.));
#1955=DIRECTION('',(0.,1.,0.));
#1956=DIRECTION('center_axis',(-1.,0.,0.));
#1957=DIRECTION('ref_axis',(0.,0.,1.));
#1958=DIRECTION('',(0.,1.,0.));
#1959=DIRECTION('',(0.,2.64338815386942E-16,1.));
#1960=DIRECTION('center_axis',(-1.,0.,0.));
#1961=DIRECTION('ref_axis',(0.,0.,1.));
#1962=DIRECTION('',(0.,2.64338815386942E-16,1.));
#1963=DIRECTION('',(0.,-1.,0.));
#1964=DIRECTION('center_axis',(0.,-1.,2.64338815386942E-16));
#1965=DIRECTION('ref_axis',(0.,2.64338815386942E-16,1.));
#1966=DIRECTION('',(0.,2.64338815386942E-16,1.));
#1967=DIRECTION('',(-1.,0.,0.));
#1968=DIRECTION('',(-1.,0.,0.));
#1969=DIRECTION('center_axis',(0.,1.,8.59101150007562E-16));
#1970=DIRECTION('ref_axis',(0.,8.59101150007562E-16,-1.));
#1971=DIRECTION('',(0.,8.59101150007562E-16,-1.));
#1972=DIRECTION('',(-1.,0.,0.));
#1973=DIRECTION('',(-1.,0.,0.));
#1974=DIRECTION('center_axis',(-1.,0.,0.));
#1975=DIRECTION('ref_axis',(0.,0.,1.));
#1976=DIRECTION('',(0.,1.,0.));
#1977=DIRECTION('',(0.,1.32169407693471E-16,1.));
#1978=DIRECTION('center_axis',(-1.,0.,0.));
#1979=DIRECTION('ref_axis',(0.,0.,1.));
#1980=DIRECTION('',(0.,1.32169407693471E-16,1.));
#1981=DIRECTION('',(0.,-1.,0.));
#1982=DIRECTION('center_axis',(-1.,0.,0.));
#1983=DIRECTION('ref_axis',(0.,0.,1.));
#1984=DIRECTION('',(0.,-1.,0.));
#1985=DIRECTION('',(0.,1.32169407693471E-16,-1.));
#1986=DIRECTION('center_axis',(-1.,0.,0.));
#1987=DIRECTION('ref_axis',(0.,0.,1.));
#1988=DIRECTION('',(0.,1.32169407693471E-16,-1.));
#1989=DIRECTION('',(0.,1.,0.));
#1990=DIRECTION('center_axis',(0.,-1.,1.32169407693471E-16));
#1991=DIRECTION('ref_axis',(0.,1.32169407693471E-16,1.));
#1992=DIRECTION('',(0.,1.32169407693471E-16,1.));
#1993=DIRECTION('',(-1.,0.,0.));
#1994=DIRECTION('',(-1.,0.,0.));
#1995=DIRECTION('center_axis',(0.,1.,1.32169407693471E-16));
#1996=DIRECTION('ref_axis',(0.,1.32169407693471E-16,-1.));
#1997=DIRECTION('',(0.,1.32169407693471E-16,-1.));
#1998=DIRECTION('',(-1.,0.,0.));
#1999=DIRECTION('',(-1.,0.,0.));
#2000=DIRECTION('center_axis',(1.,0.,0.));
#2001=DIRECTION('ref_axis',(0.,0.,-1.));
#2002=DIRECTION('',(0.,1.,0.));
#2003=DIRECTION('',(0.,-1.,0.));
#2004=DIRECTION('center_axis',(1.,0.,0.));
#2005=DIRECTION('ref_axis',(0.,0.,-1.));
#2006=DIRECTION('',(0.,1.,0.));
#2007=DIRECTION('',(0.,-1.,0.));
#2008=DIRECTION('center_axis',(1.,0.,0.));
#2009=DIRECTION('ref_axis',(0.,0.,-1.));
#2010=DIRECTION('',(0.,-1.,0.));
#2011=DIRECTION('',(0.,1.,0.));
#2012=DIRECTION('center_axis',(0.,0.,-1.));
#2013=DIRECTION('ref_axis',(0.,-1.,0.));
#2014=DIRECTION('',(0.,-1.,0.));
#2015=DIRECTION('center_axis',(0.,0.,1.));
#2016=DIRECTION('ref_axis',(0.,1.,0.));
#2017=DIRECTION('',(0.,1.,0.));
#2018=DIRECTION('center_axis',(1.,0.,0.));
#2019=DIRECTION('ref_axis',(0.,0.,-1.));
#2020=DIRECTION('',(0.,-1.,0.));
#2021=DIRECTION('',(0.,1.,0.));
#2022=DIRECTION('center_axis',(0.,0.,1.));
#2023=DIRECTION('ref_axis',(0.,1.,0.));
#2024=DIRECTION('',(0.,1.,0.));
#2025=DIRECTION('center_axis',(0.,0.,-1.));
#2026=DIRECTION('ref_axis',(0.,-1.,0.));
#2027=DIRECTION('',(0.,-1.,0.));
#2028=DIRECTION('center_axis',(1.,0.,0.));
#2029=DIRECTION('ref_axis',(0.,1.,0.));
#2030=DIRECTION('center_axis',(1.,0.,0.));
#2031=DIRECTION('ref_axis',(0.,1.,0.));
#2032=DIRECTION('center_axis',(1.,0.,0.));
#2033=DIRECTION('ref_axis',(0.,1.,0.));
#2034=DIRECTION('center_axis',(1.,0.,0.));
#2035=DIRECTION('ref_axis',(0.,1.,0.));
#2036=DIRECTION('center_axis',(-1.26882631385624E-16,0.,-1.));
#2037=DIRECTION('ref_axis',(-1.,0.,1.26882631385624E-16));
#2038=DIRECTION('',(0.,1.,0.));
#2039=DIRECTION('center_axis',(-1.26882631385624E-16,0.,-1.));
#2040=DIRECTION('ref_axis',(-1.,0.,1.26882631385624E-16));
#2041=DIRECTION('',(0.,1.,0.));
#2042=DIRECTION('center_axis',(-0.707106781186518,0.,-0.707106781186577));
#2043=DIRECTION('ref_axis',(-0.707106781186577,0.,0.707106781186518));
#2044=DIRECTION('center_axis',(0.707106781186518,0.,0.707106781186577));
#2045=DIRECTION('ref_axis',(-0.707106781186577,7.32709814052398E-16,0.707106781186518));
#2046=DIRECTION('',(0.,1.,0.));
#2047=DIRECTION('center_axis',(0.707106781186518,0.,0.707106781186577));
#2048=DIRECTION('ref_axis',(-0.707106781186577,0.,0.707106781186518));
#2049=DIRECTION('center_axis',(1.,0.,0.));
#2050=DIRECTION('ref_axis',(0.,-0.896716794643393,-0.442604778786311));
#2051=DIRECTION('center_axis',(0.707106779047704,0.,-0.707106783325391));
#2052=DIRECTION('ref_axis',(-0.707106783325391,0.,-0.707106779047704));
#2053=DIRECTION('',(-1.,0.,0.));
#2054=DIRECTION('center_axis',(-0.707106779047192,0.,0.707106783325903));
#2055=DIRECTION('ref_axis',(-0.707106783325903,0.,-0.707106779047192));
#2056=DIRECTION('',(1.,0.,0.));
#2057=DIRECTION('center_axis',(1.,0.,0.));
#2058=DIRECTION('ref_axis',(0.,-0.337915449796356,0.941176470588235));
#2059=DIRECTION('center_axis',(-0.707106779047704,0.,0.707106783325391));
#2060=DIRECTION('ref_axis',(0.707106783325391,5.70378437549367E-17,0.707106779047704));
#2061=DIRECTION('center_axis',(0.707106779047192,0.,-0.707106783325903));
#2062=DIRECTION('ref_axis',(0.707106783325903,5.70378437548954E-17,0.707106779047192));
#2063=DIRECTION('',(1.,0.,0.));
#2064=DIRECTION('center_axis',(1.,0.,0.));
#2065=DIRECTION('ref_axis',(0.,1.,0.));
#2066=DIRECTION('center_axis',(0.707106779047704,0.,-0.707106783325391));
#2067=DIRECTION('ref_axis',(0.707106783325391,0.,0.707106779047704));
#2068=DIRECTION('',(1.,0.,0.));
#2069=DIRECTION('center_axis',(-0.707106779047192,0.,0.707106783325903));
#2070=DIRECTION('ref_axis',(0.707106783325903,0.,0.707106779047192));
#2071=DIRECTION('center_axis',(1.,0.,0.));
#2072=DIRECTION('ref_axis',(0.,0.337915449796355,-0.941176470588235));
#2073=DIRECTION('',(-1.,0.,0.));
#2074=DIRECTION('',(-1.,0.,0.));
#2075=DIRECTION('center_axis',(1.,0.,0.));
#2076=DIRECTION('ref_axis',(0.,-0.337915449796355,0.941176470588235));
#2077=DIRECTION('',(-1.,0.,0.));
#2078=DIRECTION('',(1.,0.,0.));
#2079=DIRECTION('center_axis',(0.,1.,0.));
#2080=DIRECTION('ref_axis',(0.,0.,1.));
#2081=DIRECTION('',(1.,0.,0.));
#2082=DIRECTION('',(-1.,0.,0.));
#2083=DIRECTION('center_axis',(1.,0.,0.));
#2084=DIRECTION('ref_axis',(0.,1.,0.));
#2085=DIRECTION('',(1.,0.,0.));
#2086=DIRECTION('center_axis',(0.,-1.,1.30261840290903E-16));
#2087=DIRECTION('ref_axis',(0.,-1.30261840290903E-16,-1.));
#2088=DIRECTION('',(1.,0.,0.));
#2089=DIRECTION('center_axis',(1.,0.,0.));
#2090=DIRECTION('ref_axis',(0.,1.03620815631681E-15,1.));
#2091=DIRECTION('',(1.,0.,0.));
#2092=DIRECTION('center_axis',(1.,0.,0.));
#2093=DIRECTION('ref_axis',(0.,-1.,0.));
#2094=DIRECTION('center_axis',(1.,0.,0.));
#2095=DIRECTION('ref_axis',(0.,0.89671679464337,0.442604778786358));
#2096=DIRECTION('center_axis',(-0.707106779047704,0.,0.707106783325391));
#2097=DIRECTION('ref_axis',(0.707106783325391,0.,0.707106779047704));
#2098=DIRECTION('center_axis',(0.707106779047192,0.,-0.707106783325903));
#2099=DIRECTION('ref_axis',(0.707106783325903,0.,0.707106779047192));
#2100=DIRECTION('center_axis',(1.,0.,0.));
#2101=DIRECTION('ref_axis',(0.,0.106967319692374,-0.994262537018181));
#2102=DIRECTION('center_axis',(0.707106779047704,0.,-0.707106783325391));
#2103=DIRECTION('ref_axis',(-0.707106783325391,0.,-0.707106779047704));
#2104=DIRECTION('center_axis',(-0.707106779047192,0.,0.707106783325903));
#2105=DIRECTION('ref_axis',(-0.707106783325903,-1.42594609387239E-17,-0.707106779047192));
#2106=DIRECTION('center_axis',(-5.61972888003643E-13,0.,1.));
#2107=DIRECTION('ref_axis',(1.,0.,5.61972888003643E-13));
#2108=DIRECTION('',(0.,1.,0.));
#2109=DIRECTION('center_axis',(0.,1.,0.));
#2110=DIRECTION('ref_axis',(1.,0.,0.));
#2111=DIRECTION('',(0.,1.,0.));
#2112=DIRECTION('center_axis',(1.34483852877946E-15,0.,1.));
#2113=DIRECTION('ref_axis',(1.,0.,-1.34483852877946E-15));
#2114=DIRECTION('',(0.,1.,0.));
#2115=DIRECTION('center_axis',(0.707106779047192,0.,-0.707106783325903));
#2116=DIRECTION('ref_axis',(-0.707106783325903,0.,-0.707106779047192));
#2117=DIRECTION('center_axis',(0.,1.,0.));
#2118=DIRECTION('ref_axis',(1.,0.,0.));
#2119=DIRECTION('',(0.,1.,0.));
#2120=DIRECTION('center_axis',(0.,-1.,0.));
#2121=DIRECTION('ref_axis',(1.,0.,0.));
#2122=DIRECTION('center_axis',(2.368475785867E-15,0.,1.));
#2123=DIRECTION('ref_axis',(1.,0.,-2.368475785867E-15));
#2124=DIRECTION('center_axis',(0.,1.,0.));
#2125=DIRECTION('ref_axis',(1.,0.,0.));
#2126=DIRECTION('',(0.,1.,0.));
#2127=DIRECTION('center_axis',(0.,-1.,0.));
#2128=DIRECTION('ref_axis',(1.,0.,0.));
#2129=DIRECTION('center_axis',(0.,0.,1.));
#2130=DIRECTION('ref_axis',(1.,0.,0.));
#2131=DIRECTION('center_axis',(0.,1.,0.));
#2132=DIRECTION('ref_axis',(1.,0.,0.));
#2133=DIRECTION('',(0.,1.,0.));
#2134=DIRECTION('center_axis',(0.,0.,-1.));
#2135=DIRECTION('ref_axis',(-1.,0.,0.));
#2136=DIRECTION('center_axis',(1.1338030515684E-15,0.,-1.));
#2137=DIRECTION('ref_axis',(-1.,0.,-1.1338030515684E-15));
#2138=DIRECTION('',(-1.,0.,-1.1338030515684E-15));
#2139=DIRECTION('center_axis',(-0.707106779047704,0.,0.707106783325391));
#2140=DIRECTION('ref_axis',(0.707106783325391,0.,0.707106779047704));
#2141=DIRECTION('center_axis',(0.,1.,0.));
#2142=DIRECTION('ref_axis',(1.,0.,0.));
#2143=CARTESIAN_POINT('',(0.,0.,0.));
#2144=CARTESIAN_POINT('Origin',(0.249999999997329,0.,55.));
#2145=CARTESIAN_POINT('',(0.499999999999196,-2.08976603939904,55.2070697963838));
#2146=CARTESIAN_POINT('',(0.499999999999213,-2.1,55.));
#2147=CARTESIAN_POINT('Origin',(0.499999999999213,0.,55.));
#2148=CARTESIAN_POINT('',(0.499999999999197,2.08976603939904,55.2070697963838));
#2149=CARTESIAN_POINT('Origin',(0.499999999999213,0.,55.));
#2150=CARTESIAN_POINT('',(-3.31512595153072E-12,2.59999999999996,55.));
#2151=CARTESIAN_POINT('Ctrl Pts',(0.499999999999116,2.08976603939907,55.2070697963839));
#2152=CARTESIAN_POINT('Ctrl Pts',(0.460202799495621,2.1318080488914,55.1863818801196));
#2153=CARTESIAN_POINT('Ctrl Pts',(0.41969403825864,2.17403778480057,55.1666357971859));
#2154=CARTESIAN_POINT('Ctrl Pts',(0.378771003838107,2.21629877517334,55.1478159861011));
#2155=CARTESIAN_POINT('Ctrl Pts',(0.33882690416608,2.25754882506802,55.1294463705429));
#2156=CARTESIAN_POINT('Ctrl Pts',(0.298488156581571,2.29882834025066,55.1119594384372));
#2157=CARTESIAN_POINT('Ctrl Pts',(0.258057897502189,2.33996016680867,55.0953165215127));
#2158=CARTESIAN_POINT('Ctrl Pts',(0.210768455957538,2.38807020003454,55.0758500559258));
#2159=CARTESIAN_POINT('Ctrl Pts',(0.162928348680465,2.43640701757402,55.057367521694));
#2160=CARTESIAN_POINT('Ctrl Pts',(0.114813468067251,2.48480147810778,55.0398385266143));
#2161=CARTESIAN_POINT('Ctrl Pts',(0.0766864555726283,2.52315003427014,55.0259482663475));
#2162=CARTESIAN_POINT('Ctrl Pts',(0.0383874504495765,2.56153409499584,55.0126562887335));
#2163=CARTESIAN_POINT('Ctrl Pts',(6.66544704520022E-5,2.5998562397,54.9999333455263));
#2164=CARTESIAN_POINT('',(-3.31518137003371E-12,-2.6,55.));
#2165=CARTESIAN_POINT('Origin',(-4.55441240276855E-12,0.,54.9999999999999));
#2166=CARTESIAN_POINT('Ctrl Pts',(0.499999999999118,-2.08976603939907,55.2070697963839));
#2167=CARTESIAN_POINT('Ctrl Pts',(0.460405898420125,-2.13159349392764,55.1864874577353));
#2168=CARTESIAN_POINT('Ctrl Pts',(0.420105424372404,-2.17361294485334,55.1668419356888));
#2169=CARTESIAN_POINT('Ctrl Pts',(0.37939134424793,-2.21566730302153,55.1481160978533));
#2170=CARTESIAN_POINT('Ctrl Pts',(0.339215584156858,-2.25716562005052,55.1296378523402));
#2171=CARTESIAN_POINT('Ctrl Pts',(0.298637083516925,-2.29869760010987,55.1120553314095));
#2172=CARTESIAN_POINT('Ctrl Pts',(0.257964608222924,-2.34007930371038,55.0953268308907));
#2173=CARTESIAN_POINT('Ctrl Pts',(0.210520720135248,-2.38835049695123,55.0758132630354));
#2174=CARTESIAN_POINT('Ctrl Pts',(0.16252080462481,-2.43684874172077,55.0572900232015));
#2175=CARTESIAN_POINT('Ctrl Pts',(0.114244132142012,-2.4853973968557,55.0397225123458));
#2176=CARTESIAN_POINT('Ctrl Pts',(0.0762781127704752,-2.52357731039409,
55.025906969079));
#2177=CARTESIAN_POINT('Ctrl Pts',(0.0381414932943559,-2.56178768468498,
55.0126820163548));
#2178=CARTESIAN_POINT('Ctrl Pts',(-1.70824880762034E-5,-2.59992992692709,
55.0000170824848));
#2179=CARTESIAN_POINT('Ctrl Pts',(0.164122795982228,2.59426224235097,54.8358772040145));
#2180=CARTESIAN_POINT('Ctrl Pts',(-0.568771582959483,2.64556579917088,55.5687715829561));
#2181=CARTESIAN_POINT('Ctrl Pts',(-1.6917714609138,2.19143814220235,56.6917714609104));
#2182=CARTESIAN_POINT('Ctrl Pts',(-2.4763867543263,0.69129958629086,57.4763867543228));
#2183=CARTESIAN_POINT('Ctrl Pts',(-2.47587930949085,-0.690373763205024,
57.4758793094874));
#2184=CARTESIAN_POINT('Ctrl Pts',(-1.88596055973362,-1.81659594246831,56.8859605597302));
#2185=CARTESIAN_POINT('Ctrl Pts',(-0.945904005235786,-2.49661808576557,
55.9459040052324));
#2186=CARTESIAN_POINT('Ctrl Pts',(-0.202324393488636,-2.61991402076092,
55.2023243934853));
#2187=CARTESIAN_POINT('Ctrl Pts',(0.16412279598222,-2.59426224235097,54.8358772040145));
#2188=CARTESIAN_POINT('Ctrl Pts',(0.276081863987884,2.42609684136699,54.9596080681376));
#2189=CARTESIAN_POINT('Ctrl Pts',(-0.432032593374945,2.43860072487657,55.667187308634));
#2190=CARTESIAN_POINT('Ctrl Pts',(-1.50347238469738,1.9369424358057,56.7063518233408));
#2191=CARTESIAN_POINT('Ctrl Pts',(-2.18956005122818,0.582087699079044,57.3546882641954));
#2192=CARTESIAN_POINT('Ctrl Pts',(-2.18955184224439,-0.582539088974566,
57.3551791366024));
#2193=CARTESIAN_POINT('Ctrl Pts',(-1.67379473822767,-1.59730771104041,56.8666481494127));
#2194=CARTESIAN_POINT('Ctrl Pts',(-0.792243979307685,-2.27659894567161,
56.0181369296617));
#2195=CARTESIAN_POINT('Ctrl Pts',(-0.0779753646935374,-2.43234878312178,
55.3133976883858));
#2196=CARTESIAN_POINT('Ctrl Pts',(0.276081863987877,-2.42609684136699,54.9596080681376));
#2197=CARTESIAN_POINT('Ctrl Pts',(0.388040931993541,2.25793144038302,55.0833389322607));
#2198=CARTESIAN_POINT('Ctrl Pts',(-0.295293603790409,2.23163565058227,55.765603034312));
#2199=CARTESIAN_POINT('Ctrl Pts',(-1.31517330848096,1.68244672940905,56.7209321857713));
#2200=CARTESIAN_POINT('Ctrl Pts',(-1.90273334813005,0.472875811867229,57.2329897740679));
#2201=CARTESIAN_POINT('Ctrl Pts',(-1.90322437499793,-0.474704414744107,
57.2344789637174));
#2202=CARTESIAN_POINT('Ctrl Pts',(-1.46162891672173,-1.37801947961251,56.8473357390952));
#2203=CARTESIAN_POINT('Ctrl Pts',(-0.638583953379584,-2.05657980557764,
56.0903698540909));
#2204=CARTESIAN_POINT('Ctrl Pts',(0.0463736641015604,-2.24478354548264,
55.4244709832864));
#2205=CARTESIAN_POINT('Ctrl Pts',(0.388040931993535,-2.25793144038302,55.0833389322607));
#2206=CARTESIAN_POINT('Ctrl Pts',(0.499999999999198,2.08976603939904,55.2070697963838));
#2207=CARTESIAN_POINT('Ctrl Pts',(-0.158554614205871,2.02467057628797,55.8640187599899));
#2208=CARTESIAN_POINT('Ctrl Pts',(-1.12687423226454,1.4279510230124,56.7355125482018));
#2209=CARTESIAN_POINT('Ctrl Pts',(-1.61590664503193,0.363663924655413,57.1112912839405));
#2210=CARTESIAN_POINT('Ctrl Pts',(-1.61689690775148,-0.366869740513649,
57.1137787908324));
#2211=CARTESIAN_POINT('Ctrl Pts',(-1.24946309521579,-1.15873124818461,56.8280233287778));
#2212=CARTESIAN_POINT('Ctrl Pts',(-0.484923927451482,-1.83656066548367,
56.1626027785202));
#2213=CARTESIAN_POINT('Ctrl Pts',(0.170722692896659,-2.0572183078435,55.5355442781869));
#2214=CARTESIAN_POINT('Ctrl Pts',(0.499999999999193,-2.08976603939904,55.2070697963838));
#2215=CARTESIAN_POINT('Ctrl Pts',(2.57252172758404E-8,-2.59992993955524,
54.9999999742715));
#2216=CARTESIAN_POINT('Ctrl Pts',(-0.312522005478412,-2.59970040107709,
55.3125220054751));
#2217=CARTESIAN_POINT('Ctrl Pts',(-0.992616053215461,-2.46282732410027,
55.9926160532121));
#2218=CARTESIAN_POINT('Ctrl Pts',(-1.88596055973362,-1.81659594246831,56.8859605597302));
#2219=CARTESIAN_POINT('Ctrl Pts',(-2.47587930949085,-0.690373763205024,
57.4758793094874));
#2220=CARTESIAN_POINT('Ctrl Pts',(-2.4763867543263,0.69129958629086,57.4763867543228));
#2221=CARTESIAN_POINT('Ctrl Pts',(-1.72102741327347,2.13550247220824,56.72102741327));
#2222=CARTESIAN_POINT('Ctrl Pts',(-0.67911250571466,2.59875253576931,55.6791125057113));
#2223=CARTESIAN_POINT('Ctrl Pts',(1.16900872301762E-7,2.59985613253153,
54.9999998830958));
#2224=CARTESIAN_POINT('Ctrl Pts',(0.499999999999198,2.08976603939904,55.2070697963838));
#2225=CARTESIAN_POINT('Ctrl Pts',(-0.158554614205871,2.02467057628797,55.8640187599899));
#2226=CARTESIAN_POINT('Ctrl Pts',(-1.12687423226454,1.4279510230124,56.7355125482018));
#2227=CARTESIAN_POINT('Ctrl Pts',(-1.61590664503193,0.363663924655413,57.1112912839405));
#2228=CARTESIAN_POINT('Ctrl Pts',(-1.61689690775148,-0.366869740513649,
57.1137787908324));
#2229=CARTESIAN_POINT('Ctrl Pts',(-1.24946309521579,-1.15873124818461,56.8280233287778));
#2230=CARTESIAN_POINT('Ctrl Pts',(-0.484923927451482,-1.83656066548367,
56.1626027785202));
#2231=CARTESIAN_POINT('Ctrl Pts',(0.170722692896659,-2.0572183078435,55.5355442781869));
#2232=CARTESIAN_POINT('Ctrl Pts',(0.499999999999193,-2.08976603939904,55.2070697963838));
#2233=CARTESIAN_POINT('Origin',(-2.64984058319659E-12,0.,31.999999977286));
#2234=CARTESIAN_POINT('',(-3.35065308831873E-12,9.80507222628725,55.));
#2235=CARTESIAN_POINT('',(-3.31512595153072E-12,0.,55.));
#2236=CARTESIAN_POINT('',(-3.84864416282825E-12,9.80507222628725,46.4769895608279));
#2237=CARTESIAN_POINT('',(-3.24924237301242E-12,9.80507222628725,39.238494769057));
#2238=CARTESIAN_POINT('',(-3.31230073134685E-12,14.3614066163451,40.));
#2239=CARTESIAN_POINT('Origin',(-2.64984058319659E-12,16.6868736346669,
46.4769895608279));
#2240=CARTESIAN_POINT('',(-5.38248868467708E-12,26.7815235096688,32.9999999772887));
#2241=CARTESIAN_POINT('Origin',(-2.64984058319659E-12,0.,0.));
#2242=CARTESIAN_POINT('',(-5.38248868467708E-12,-26.7815235096688,32.9999999772887));
#2243=CARTESIAN_POINT('',(-2.73267519723674E-12,0.,32.9999999772887));
#2244=CARTESIAN_POINT('',(-3.31230073134685E-12,-14.3614066163451,40.));
#2245=CARTESIAN_POINT('Origin',(-2.64984058319659E-12,0.,0.));
#2246=CARTESIAN_POINT('',(-3.84864416282824E-12,-9.80507222628736,46.4769895608277));
#2247=CARTESIAN_POINT('Origin',(-2.64984058319659E-12,-16.6868736346668,
46.4769895608277));
#2248=CARTESIAN_POINT('',(-3.30624416733372E-12,-9.80507222628735,55.));
#2249=CARTESIAN_POINT('',(-3.60212704439925E-12,-9.80507222628735,43.499999988643));
#2250=CARTESIAN_POINT('',(-3.31512595153072E-12,0.,55.));
#2251=CARTESIAN_POINT('Origin',(3.,0.,55.));
#2252=CARTESIAN_POINT('',(2.6,-2.1,55.));
#2253=CARTESIAN_POINT('',(3.,-2.1,55.));
#2254=CARTESIAN_POINT('',(2.6,0.,52.9));
#2255=CARTESIAN_POINT('Origin',(2.6,0.,55.));
#2256=CARTESIAN_POINT('',(2.6,2.1,55.));
#2257=CARTESIAN_POINT('Origin',(2.6,0.,55.));
#2258=CARTESIAN_POINT('',(2.6,0.,57.1));
#2259=CARTESIAN_POINT('Origin',(2.6,0.,55.));
#2260=CARTESIAN_POINT('Origin',(2.6,0.,55.));
#2261=CARTESIAN_POINT('Origin',(0.250000000003333,-4.89858726958405E-15,
-40.0000005960465));
#2262=CARTESIAN_POINT('',(0.500000000003371,2.08976609374295,-40.2070698439862));
#2263=CARTESIAN_POINT('',(0.500000000003354,2.1,-40.0000005960464));
#2264=CARTESIAN_POINT('Origin',(0.500000000003354,-4.89858726958405E-15,
-40.0000005960464));
#2265=CARTESIAN_POINT('',(0.500000000003371,-2.08976609374296,-40.2070698439862));
#2266=CARTESIAN_POINT('Origin',(0.500000000003354,-4.89858726958405E-15,
-40.0000005960464));
#2267=CARTESIAN_POINT('',(3.31179528245684E-12,-2.59999999999999,-40.0000000453723));
#2268=CARTESIAN_POINT('Ctrl Pts',(0.500000000003291,-2.08976609374299,-40.2070698439862));
#2269=CARTESIAN_POINT('Ctrl Pts',(0.460575926282376,-2.13141392320915,-40.1865758926889));
#2270=CARTESIAN_POINT('Ctrl Pts',(0.420443057221543,-2.17324947934594,-40.1670190064284));
#2271=CARTESIAN_POINT('Ctrl Pts',(0.379898472642112,-2.21512401220767,-40.1483744001652));
#2272=CARTESIAN_POINT('Ctrl Pts',(0.339565483638942,-2.25678000870989,-40.1298270970621));
#2273=CARTESIAN_POINT('Ctrl Pts',(0.298825194533285,-2.2984744094055,-40.1121826497945));
#2274=CARTESIAN_POINT('Ctrl Pts',(0.257998706973799,-2.34002749846251,-40.0953902858525));
#2275=CARTESIAN_POINT('Ctrl Pts',(0.210129847539576,-2.38874829464243,-40.075701320253));
#2276=CARTESIAN_POINT('Ctrl Pts',(0.161706713609741,-2.43771435427557,-40.0570088457405));
#2277=CARTESIAN_POINT('Ctrl Pts',(0.1130296446853,-2.48675328756705,-40.0392641480439));
#2278=CARTESIAN_POINT('Ctrl Pts',(0.0754966067095164,-2.52456534540435,
-40.0255818860008));
#2279=CARTESIAN_POINT('Ctrl Pts',(0.037813193692974,-2.56241996877878,-40.0124625781172));
#2280=CARTESIAN_POINT('Ctrl Pts',(0.000128136611693919,-2.60022467422304,
-39.9998719087647));
#2281=CARTESIAN_POINT('',(3.31179528245684E-12,2.59999999999993,-40.0000000453723));
#2282=CARTESIAN_POINT('Origin',(3.31228100503012E-12,-4.89858726958405E-15,
-40.0000005960465));
#2283=CARTESIAN_POINT('Ctrl Pts',(0.500000000003293,2.08976609374298,-40.2070698439862));
#2284=CARTESIAN_POINT('Ctrl Pts',(0.46039624779962,2.13160373664297,-40.1864824898076));
#2285=CARTESIAN_POINT('Ctrl Pts',(0.420086375929006,2.17363338244169,-40.166831800378));
#2286=CARTESIAN_POINT('Ctrl Pts',(0.379362801960952,2.21569818467073,-40.1481012026805));
#2287=CARTESIAN_POINT('Ctrl Pts',(0.339197387395656,2.25718644455337,-40.1296273275201));
#2288=CARTESIAN_POINT('Ctrl Pts',(0.298629524560804,2.29870858052766,-40.1120487045916));
#2289=CARTESIAN_POINT('Ctrl Pts',(0.25796715979489,2.34008112258187,-40.0953242599489));
#2290=CARTESIAN_POINT('Ctrl Pts',(0.210607580711289,2.3882678472986,-40.0758452487492));
#2291=CARTESIAN_POINT('Ctrl Pts',(0.162693169775627,2.43668165016692,-40.0573538372504));
#2292=CARTESIAN_POINT('Ctrl Pts',(0.114500828148574,2.48514732323272,-40.0398165057889));
#2293=CARTESIAN_POINT('Ctrl Pts',(0.0764480057268226,2.52341596900627,-40.0259689744732));
#2294=CARTESIAN_POINT('Ctrl Pts',(0.0382224585078636,2.56171624337399,-40.0127157995618));
#2295=CARTESIAN_POINT('Ctrl Pts',(-2.64908955027732E-5,2.59994904872955,
-40.000026536271));
#2296=CARTESIAN_POINT('Ctrl Pts',(0.164122859243024,-2.59426219944092,-39.8358771871255));
#2297=CARTESIAN_POINT('Ctrl Pts',(-0.202324384959169,-2.61991407778745,
-40.2023244291108));
#2298=CARTESIAN_POINT('Ctrl Pts',(-1.31034478566747,-2.44985719274922,-41.3103448231161));
#2299=CARTESIAN_POINT('Ctrl Pts',(-2.47334774350369,-1.16162206060372,-42.4733477739167));
#2300=CARTESIAN_POINT('Ctrl Pts',(-2.4771770558507,0.693274864772076,-42.4771770862405));
#2301=CARTESIAN_POINT('Ctrl Pts',(-1.88545075306871,1.81499266866244,-41.8854507870382));
#2302=CARTESIAN_POINT('Ctrl Pts',(-0.946223923462008,2.49727853521834,-40.9462239631134));
#2303=CARTESIAN_POINT('Ctrl Pts',(-0.202324384959174,2.61991407778744,-40.2023244291108));
#2304=CARTESIAN_POINT('Ctrl Pts',(0.16412285924302,2.59426219944091,-39.8358771871255));
#2305=CARTESIAN_POINT('Ctrl Pts',(0.27608190616314,-2.42609683087493,-39.9596080727457));
#2306=CARTESIAN_POINT('Ctrl Pts',(-0.0779753775815795,-2.43234886602034,
-40.3133977507226));
#2307=CARTESIAN_POINT('Ctrl Pts',(-1.15197746763045,-2.20643432578572,-41.3728761252477));
#2308=CARTESIAN_POINT('Ctrl Pts',(-2.19239876966595,-0.976639487727111,
-42.3577369869391));
#2309=CARTESIAN_POINT('Ctrl Pts',(-2.18896280184132,0.584195673483487,-42.3545554957951));
#2310=CARTESIAN_POINT('Ctrl Pts',(-1.67427149662075,1.59625558423288,-41.8671875340056));
#2311=CARTESIAN_POINT('Ctrl Pts',(-0.792109787888526,2.27698911574175,-41.0179960625996));
#2312=CARTESIAN_POINT('Ctrl Pts',(-0.0779753775815834,2.43234886602033,
-40.3133977507226));
#2313=CARTESIAN_POINT('Ctrl Pts',(0.276081906163136,2.42609683087492,-39.9596080727457));
#2314=CARTESIAN_POINT('Ctrl Pts',(0.388040953083256,-2.25793146230894,-40.0833389583659));
#2315=CARTESIAN_POINT('Ctrl Pts',(0.0463736297960102,-2.24478365425323,
-40.4244710723343));
#2316=CARTESIAN_POINT('Ctrl Pts',(-0.993610149593436,-1.96301145882222,
-41.4354074273794));
#2317=CARTESIAN_POINT('Ctrl Pts',(-1.91144979582821,-0.791656914850502,
-42.2421261999615));
#2318=CARTESIAN_POINT('Ctrl Pts',(-1.90074854783195,0.475116482194899,-42.2319339053497));
#2319=CARTESIAN_POINT('Ctrl Pts',(-1.46309224017279,1.37751849980333,-41.8489242809729));
#2320=CARTESIAN_POINT('Ctrl Pts',(-0.637995652315045,2.05669969626516,-41.0897681620858));
#2321=CARTESIAN_POINT('Ctrl Pts',(0.0463736297960055,2.24478365425321,-40.4244710723343));
#2322=CARTESIAN_POINT('Ctrl Pts',(0.388040953083252,2.25793146230893,-40.0833389583659));
#2323=CARTESIAN_POINT('Ctrl Pts',(0.500000000003371,-2.08976609374296,-40.2070698439862));
#2324=CARTESIAN_POINT('Ctrl Pts',(0.1707226371736,-2.05721844248611,-40.535544393946));
#2325=CARTESIAN_POINT('Ctrl Pts',(-0.83524283155642,-1.71958859185871,-41.497938729511));
#2326=CARTESIAN_POINT('Ctrl Pts',(-1.63050082199047,-0.606674341973894,
-42.1265154129839));
#2327=CARTESIAN_POINT('Ctrl Pts',(-1.61253429382258,0.366037290906311,-42.1093123149043));
#2328=CARTESIAN_POINT('Ctrl Pts',(-1.25191298372483,1.15878141537377,-41.8306610279403));
#2329=CARTESIAN_POINT('Ctrl Pts',(-0.483881516741563,1.83641027678856,-41.1615402615719));
#2330=CARTESIAN_POINT('Ctrl Pts',(0.170722637173596,2.0572184424861,-40.535544393946));
#2331=CARTESIAN_POINT('Ctrl Pts',(0.500000000003368,2.08976609374295,-40.2070698439862));
#2332=CARTESIAN_POINT('Ctrl Pts',(1.31185250162869E-8,2.59994906252839,
-40.0000000322571));
#2333=CARTESIAN_POINT('Ctrl Pts',(-0.312558596685654,2.59978810255172,-40.3125586401705));
#2334=CARTESIAN_POINT('Ctrl Pts',(-0.992892083530919,2.46337721869982,-40.9928921229));
#2335=CARTESIAN_POINT('Ctrl Pts',(-1.88545075306871,1.81499266866244,-41.8854507870382));
#2336=CARTESIAN_POINT('Ctrl Pts',(-2.4771770558507,0.693274864772076,-42.4771770862405));
#2337=CARTESIAN_POINT('Ctrl Pts',(-2.47334774350369,-1.16162206060372,-42.4733477739167));
#2338=CARTESIAN_POINT('Ctrl Pts',(-1.35372591628503,-2.40180478139705,-41.3537259534712));
#2339=CARTESIAN_POINT('Ctrl Pts',(-0.3119551468315,-2.60102942233122,-40.31195519032));
#2340=CARTESIAN_POINT('Ctrl Pts',(2.55778041600985E-7,-2.60022500735472,
-39.9999997895976));
#2341=CARTESIAN_POINT('Ctrl Pts',(0.500000000003371,-2.08976609374296,-40.2070698439862));
#2342=CARTESIAN_POINT('Ctrl Pts',(0.1707226371736,-2.05721844248611,-40.535544393946));
#2343=CARTESIAN_POINT('Ctrl Pts',(-0.83524283155642,-1.71958859185871,-41.497938729511));
#2344=CARTESIAN_POINT('Ctrl Pts',(-1.63050082199047,-0.606674341973894,
-42.1265154129839));
#2345=CARTESIAN_POINT('Ctrl Pts',(-1.61253429382258,0.366037290906311,-42.1093123149043));
#2346=CARTESIAN_POINT('Ctrl Pts',(-1.25191298372483,1.15878141537377,-41.8306610279403));
#2347=CARTESIAN_POINT('Ctrl Pts',(-0.483881516741563,1.83641027678856,-41.1615402615719));
#2348=CARTESIAN_POINT('Ctrl Pts',(0.170722637173596,2.0572184424861,-40.535544393946));
#2349=CARTESIAN_POINT('Ctrl Pts',(0.500000000003368,2.08976609374295,-40.2070698439862));
#2350=CARTESIAN_POINT('Origin',(3.31230073228654E-12,0.,-40.0000000113479));
#2351=CARTESIAN_POINT('',(3.31230073134684E-12,-14.3614066163451,-39.9999999999999));
#2352=CARTESIAN_POINT('',(3.31179528245684E-12,0.,-40.0000000453723));
#2353=CARTESIAN_POINT('',(6.04494883752764E-12,-26.7815234537102,-33.0000000227026));
#2354=CARTESIAN_POINT('Origin',(3.31230073228654E-12,0.,0.));
#2355=CARTESIAN_POINT('',(6.04494883752764E-12,26.7815234537102,-33.0000000227026));
#2356=CARTESIAN_POINT('',(2.73267519723674E-12,0.,-33.0000000227026));
#2357=CARTESIAN_POINT('',(3.31230073134685E-12,14.3614066163451,-40.));
#2358=CARTESIAN_POINT('Origin',(3.31230073228654E-12,0.,0.));
#2359=CARTESIAN_POINT('',(3.31179528245684E-12,0.,-40.0000000453723));
#2360=CARTESIAN_POINT('Origin',(3.,-4.89858726958405E-15,-40.0000005960464));
#2361=CARTESIAN_POINT('',(2.6,2.1,-40.0000005960464));
#2362=CARTESIAN_POINT('',(3.,2.1,-40.0000005960464));
#2363=CARTESIAN_POINT('',(2.6,-4.89858726958405E-15,-37.9000005960464));
#2364=CARTESIAN_POINT('Origin',(2.6,-4.89858726958405E-15,-40.0000005960464));
#2365=CARTESIAN_POINT('',(2.6,-2.10000000000001,-40.0000005960464));
#2366=CARTESIAN_POINT('Origin',(2.6,-4.89858726958405E-15,-40.0000005960464));
#2367=CARTESIAN_POINT('',(2.6,-4.89858726958405E-15,-42.1000005960464));
#2368=CARTESIAN_POINT('Origin',(2.6,-4.89858726958405E-15,-40.0000005960464));
#2369=CARTESIAN_POINT('Origin',(2.6,-4.89858726958405E-15,-40.0000005960464));
#2370=CARTESIAN_POINT('Ctrl Pts',(11.6035533905903,-5.4583815530381E-16,
50.8964466094067));
#2371=CARTESIAN_POINT('Ctrl Pts',(11.6035533905903,-0.666781615240048,50.8964466094067));
#2372=CARTESIAN_POINT('Ctrl Pts',(11.2920405930826,-1.98807049940694,51.2079594069144));
#2373=CARTESIAN_POINT('Ctrl Pts',(9.69419791587848,-3.98920594646494,52.8058020841184));
#2374=CARTESIAN_POINT('Ctrl Pts',(6.49592763044113,-4.70109011956367,56.0040723695555));
#2375=CARTESIAN_POINT('Ctrl Pts',(4.03694241730116,-2.79690682346652,58.4630575826953));
#2376=CARTESIAN_POINT('Ctrl Pts',(3.24345340334616,-0.250343963481502,59.2565465966502));
#2377=CARTESIAN_POINT('Ctrl Pts',(3.67340059314234,2.52294387473087,58.8265994068541));
#2378=CARTESIAN_POINT('Ctrl Pts',(6.50436977566193,4.70753052747365,55.9956302243347));
#2379=CARTESIAN_POINT('Ctrl Pts',(9.69017481459129,3.98664083437531,52.8098251854056));
#2380=CARTESIAN_POINT('Ctrl Pts',(11.2929213089086,1.98802009172347,51.2070786910884));
#2381=CARTESIAN_POINT('Ctrl Pts',(11.6035533905903,0.666781615240048,50.8964466094067));
#2382=CARTESIAN_POINT('Ctrl Pts',(11.6035533905903,5.4583815530381E-16,
50.8964466094067));
#2383=CARTESIAN_POINT('Ctrl Pts',(11.3190355937259,-5.64907434745453E-16,
51.0142977396045));
#2384=CARTESIAN_POINT('Ctrl Pts',(11.3190355937259,-0.606587364511885,51.0142977396045));
#2385=CARTESIAN_POINT('Ctrl Pts',(11.038514538699,-1.81305401129847,51.2845244323716));
#2386=CARTESIAN_POINT('Ctrl Pts',(9.53066469576161,-3.74938887077692,52.747162119668));
#2387=CARTESIAN_POINT('Ctrl Pts',(6.40175345392233,-4.55517400140462,55.8460117336383));
#2388=CARTESIAN_POINT('Ctrl Pts',(3.97776569817846,-2.74845223296545,58.3271735276639));
#2389=CARTESIAN_POINT('Ctrl Pts',(3.19721939713932,-0.247981779035205,59.1438638994193));
#2390=CARTESIAN_POINT('Ctrl Pts',(3.619727271203,2.4880141187199,58.6966946209352));
#2391=CARTESIAN_POINT('Ctrl Pts',(6.40987588306627,4.56258728669053,55.835137688123));
#2392=CARTESIAN_POINT('Ctrl Pts',(9.52664331093115,3.74642751503028,52.7520597530303));
#2393=CARTESIAN_POINT('Ctrl Pts',(11.039309617843,1.81299342650639,51.2834404136865));
#2394=CARTESIAN_POINT('Ctrl Pts',(11.3190355937259,0.606587364511884,51.0142977396045));
#2395=CARTESIAN_POINT('Ctrl Pts',(11.3190355937259,4.40432528482583E-16,
51.0142977396045));
#2396=CARTESIAN_POINT('Ctrl Pts',(11.0345177968614,-5.83976714187096E-16,
51.1321488698022));
#2397=CARTESIAN_POINT('Ctrl Pts',(11.0345177968614,-0.546393113783721,51.1321488698022));
#2398=CARTESIAN_POINT('Ctrl Pts',(10.7849884843154,-1.63803752318999,51.3610894578289));
#2399=CARTESIAN_POINT('Ctrl Pts',(9.36713147564474,-3.5095717950889,52.6885221552176));
#2400=CARTESIAN_POINT('Ctrl Pts',(6.30757927740354,-4.40925788324556,55.6879510977211));
#2401=CARTESIAN_POINT('Ctrl Pts',(3.91858897905577,-2.69999764246438,58.1912894726326));
#2402=CARTESIAN_POINT('Ctrl Pts',(3.15098539093249,-0.24561959458891,59.0311812021885));
#2403=CARTESIAN_POINT('Ctrl Pts',(3.56605394926364,2.45308436270894,58.5667898350163));
#2404=CARTESIAN_POINT('Ctrl Pts',(6.31538199047062,4.41764404590741,55.6746451519114));
#2405=CARTESIAN_POINT('Ctrl Pts',(9.363111807271,3.50621419568525,52.6942943206549));
#2406=CARTESIAN_POINT('Ctrl Pts',(10.7856979267775,1.6379667612893,51.3598021362846));
#2407=CARTESIAN_POINT('Ctrl Pts',(11.0345177968614,0.54639311378372,51.1321488698022));
#2408=CARTESIAN_POINT('Ctrl Pts',(11.0345177968614,3.35026901661356E-16,
51.1321488698022));
#2409=CARTESIAN_POINT('Ctrl Pts',(10.749999999997,-6.03045993628739E-16,
51.25));
#2410=CARTESIAN_POINT('Ctrl Pts',(10.749999999997,-0.486198863055557,51.25));
#2411=CARTESIAN_POINT('Ctrl Pts',(10.5314624299319,-1.46302103508152,51.4376544832861));
#2412=CARTESIAN_POINT('Ctrl Pts',(9.20359825552788,-3.26975471940088,52.6298821907672));
#2413=CARTESIAN_POINT('Ctrl Pts',(6.21340510088474,-4.26334176508652,55.529890461804));
#2414=CARTESIAN_POINT('Ctrl Pts',(3.85941225993307,-2.6515430519633,58.0554054176012));
#2415=CARTESIAN_POINT('Ctrl Pts',(3.10475138472566,-0.243257410142613,58.9184985049577));
#2416=CARTESIAN_POINT('Ctrl Pts',(3.5123806273243,2.41815460669797,58.4368850490974));
#2417=CARTESIAN_POINT('Ctrl Pts',(6.22088809787496,4.27270080512429,55.5141526156999));
#2418=CARTESIAN_POINT('Ctrl Pts',(9.19958030361085,3.26600087634022,52.6365288882796));
#2419=CARTESIAN_POINT('Ctrl Pts',(10.5320862357119,1.46294009607221,51.4361638588827));
#2420=CARTESIAN_POINT('Ctrl Pts',(10.749999999997,0.486198863055557,51.25));
#2421=CARTESIAN_POINT('Ctrl Pts',(10.749999999997,2.29621274840129E-16,
51.25));
#2422=CARTESIAN_POINT('',(11.6035533905903,5.4583815530381E-16,50.8964466094067));
#2423=CARTESIAN_POINT('',(10.749999999997,-6.03045993628739E-16,51.25));
#2424=CARTESIAN_POINT('',(11.6035533905903,-5.4583815530381E-16,50.8964466094067));
#2425=CARTESIAN_POINT('',(6.79146100970796,-3.74934868833274,55.0018364547349));
#2426=CARTESIAN_POINT('Ctrl Pts',(10.749999999997,-6.03045993628739E-16,
51.25));
#2427=CARTESIAN_POINT('Ctrl Pts',(10.749999999997,-0.486198863055557,51.25));
#2428=CARTESIAN_POINT('Ctrl Pts',(10.5314624299319,-1.46302103508152,51.4376544832861));
#2429=CARTESIAN_POINT('Ctrl Pts',(9.2999344198832,-3.13867670968125,52.5433864131185));
#2430=CARTESIAN_POINT('Ctrl Pts',(7.74911347553021,-3.74347061026645,54.0411702198307));
#2431=CARTESIAN_POINT('Ctrl Pts',(6.79146100970796,-3.74934868833274,55.0018364547349));
#2432=CARTESIAN_POINT('Ctrl Pts',(6.79146100970796,-3.74934868833274,55.0018364547349));
#2433=CARTESIAN_POINT('Ctrl Pts',(6.62892184825657,-3.75034635493303,55.1648871331685));
#2434=CARTESIAN_POINT('Ctrl Pts',(5.35093517273814,-3.67280134537472,56.4552036847529));
#2435=CARTESIAN_POINT('Ctrl Pts',(3.85941225993307,-2.6515430519633,58.0554054176012));
#2436=CARTESIAN_POINT('Ctrl Pts',(3.10475138472566,-0.243257410142613,58.9184985049577));
#2437=CARTESIAN_POINT('Ctrl Pts',(3.5123806273243,2.41815460669797,58.4368850490974));
#2438=CARTESIAN_POINT('Ctrl Pts',(6.22088809787496,4.27270080512429,55.5141526156999));
#2439=CARTESIAN_POINT('Ctrl Pts',(9.19958030361085,3.26600087634022,52.6365288882796));
#2440=CARTESIAN_POINT('Ctrl Pts',(10.5320862357119,1.46294009607221,51.4361638588827));
#2441=CARTESIAN_POINT('Ctrl Pts',(10.749999999997,0.486198863055557,51.25));
#2442=CARTESIAN_POINT('Ctrl Pts',(10.749999999997,2.29621274840129E-16,
51.25));
#2443=CARTESIAN_POINT('Ctrl Pts',(11.6035533905903,5.4583815530381E-16,
50.8964466094067));
#2444=CARTESIAN_POINT('Ctrl Pts',(11.6035533905903,0.666781615240048,50.8964466094067));
#2445=CARTESIAN_POINT('Ctrl Pts',(11.2929213089086,1.98802009172347,51.2070786910884));
#2446=CARTESIAN_POINT('Ctrl Pts',(9.69017481459129,3.98664083437531,52.8098251854056));
#2447=CARTESIAN_POINT('Ctrl Pts',(6.50436977566193,4.70753052747365,55.9956302243347));
#2448=CARTESIAN_POINT('Ctrl Pts',(3.67340059314234,2.52294387473087,58.8265994068541));
#2449=CARTESIAN_POINT('Ctrl Pts',(3.24345340334616,-0.250343963481502,59.2565465966502));
#2450=CARTESIAN_POINT('Ctrl Pts',(4.03694241730116,-2.79690682346652,58.4630575826953));
#2451=CARTESIAN_POINT('Ctrl Pts',(6.49592763044113,-4.70109011956367,56.0040723695555));
#2452=CARTESIAN_POINT('Ctrl Pts',(9.69419791587848,-3.98920594646494,52.8058020841184));
#2453=CARTESIAN_POINT('Ctrl Pts',(11.2920405930826,-1.98807049940694,51.2079594069144));
#2454=CARTESIAN_POINT('Ctrl Pts',(11.6035533905903,-0.666781615240048,50.8964466094067));
#2455=CARTESIAN_POINT('Ctrl Pts',(11.6035533905903,-5.4583815530381E-16,
50.8964466094067));
#2456=CARTESIAN_POINT('Origin',(3.,0.,55.));
#2457=CARTESIAN_POINT('',(3.,3.1068472765812,57.1));
#2458=CARTESIAN_POINT('',(3.,-3.1068472765812,57.1));
#2459=CARTESIAN_POINT('Origin',(3.,0.,55.));
#2460=CARTESIAN_POINT('',(2.8,3.1068472765812,57.1));
#2461=CARTESIAN_POINT('',(3.,3.1068472765812,57.1));
#2462=CARTESIAN_POINT('',(2.8,3.1068472765812,52.9));
#2463=CARTESIAN_POINT('Origin',(2.8,0.,55.));
#2464=CARTESIAN_POINT('',(3.,3.1068472765812,52.9));
#2465=CARTESIAN_POINT('',(3.,3.1068472765812,52.9));
#2466=CARTESIAN_POINT('',(3.,-3.1068472765812,52.9));
#2467=CARTESIAN_POINT('Origin',(3.,0.,55.));
#2468=CARTESIAN_POINT('',(2.8,-3.1068472765812,52.9));
#2469=CARTESIAN_POINT('',(3.,-3.1068472765812,52.9));
#2470=CARTESIAN_POINT('',(2.8,-3.75,55.));
#2471=CARTESIAN_POINT('Origin',(2.8,0.,55.));
#2472=CARTESIAN_POINT('',(3.,-3.75,55.));
#2473=CARTESIAN_POINT('',(2.8,-3.1068472765812,57.1));
#2474=CARTESIAN_POINT('Origin',(2.8,0.,55.));
#2475=CARTESIAN_POINT('',(3.,-3.1068472765812,57.1));
#2476=CARTESIAN_POINT('Origin',(-3.93519635070553E-12,0.,62.5));
#2477=CARTESIAN_POINT('',(7.49999999999669,-9.80507222628735,55.));
#2478=CARTESIAN_POINT('',(0.,-2.30507222628734,62.5));
#2479=CARTESIAN_POINT('Origin',(7.49999999999669,-2.30507222628735,55.));
#2480=CARTESIAN_POINT('',(16.0230104391697,-9.80507222628736,46.4769895608277));
#2481=CARTESIAN_POINT('',(1.87499999999704,-9.80507222628735,60.6249999999992));
#2482=CARTESIAN_POINT('',(22.5000000061226,-14.3614066334037,39.9999999938753));
#2483=CARTESIAN_POINT('Origin',(16.0230104391697,-16.6868736346668,46.4769895608277));
#2484=CARTESIAN_POINT('',(22.5000000061226,14.3614066334037,39.9999999938753));
#2485=CARTESIAN_POINT('',(22.5000000061226,0.,39.9999999938753));
#2486=CARTESIAN_POINT('',(16.0230104391695,9.80507222628725,46.4769895608279));
#2487=CARTESIAN_POINT('Origin',(16.0230104391695,16.6868736346669,46.4769895608279));
#2488=CARTESIAN_POINT('',(7.49999999999664,9.80507222628725,55.));
#2489=CARTESIAN_POINT('',(4.00575260979007,9.80507222628725,58.4942473902063));
#2490=CARTESIAN_POINT('',(0.,2.30507222628733,62.5));
#2491=CARTESIAN_POINT('Origin',(7.49999999999664,2.30507222628733,55.));
#2492=CARTESIAN_POINT('',(-3.93519635070553E-12,0.,62.5));
#2493=CARTESIAN_POINT('Ctrl Pts',(7.50000003403857,4.24999999999995,-40.0000000113479));
#2494=CARTESIAN_POINT('Ctrl Pts',(6.30320271451068,4.25000017494135,-41.196797323634));
#2495=CARTESIAN_POINT('Ctrl Pts',(4.52219677547986,3.40926995474868,-42.9778032518879));
#2496=CARTESIAN_POINT('Ctrl Pts',(3.36219058101861,1.03815658744723,-44.13780943933));
#2497=CARTESIAN_POINT('Ctrl Pts',(3.36175010163996,-1.03774627506999,-44.138249918706));
#2498=CARTESIAN_POINT('Ctrl Pts',(4.08990011210972,-2.51830989144532,-43.4100999126422));
#2499=CARTESIAN_POINT('Ctrl Pts',(5.40851073045508,-3.83477275073287,-42.0914893022758));
#2500=CARTESIAN_POINT('Ctrl Pts',(6.60240204439265,-4.25000013120601,-40.8975979955625));
#2501=CARTESIAN_POINT('Ctrl Pts',(7.50000003403857,-4.24999999999996,-40.0000000113479));
#2502=CARTESIAN_POINT('Ctrl Pts',(7.38221452904572,4.07777157393168,-39.8822145308178));
#2503=CARTESIAN_POINT('Ctrl Pts',(6.21035048944799,4.11301308527436,-41.0524144886596));
#2504=CARTESIAN_POINT('Ctrl Pts',(4.45590255567905,3.34107118434633,-42.8327912929041));
#2505=CARTESIAN_POINT('Ctrl Pts',(3.31398479352131,1.02438628312569,-44.0209013512451));
#2506=CARTESIAN_POINT('Ctrl Pts',(3.31343392806623,-1.02395239667527,-44.0209123243788));
#2507=CARTESIAN_POINT('Ctrl Pts',(4.03047798917423,-2.47034017268232,-43.2758334925132));
#2508=CARTESIAN_POINT('Ctrl Pts',(5.32871701640438,-3.73269853061129,-41.9461248815187));
#2509=CARTESIAN_POINT('Ctrl Pts',(6.50331649934742,-4.1042027074387,-40.7598644991991));
#2510=CARTESIAN_POINT('Ctrl Pts',(7.38221452904572,-4.07777157393169,-39.8822145308178));
#2511=CARTESIAN_POINT('Ctrl Pts',(7.26442902405287,3.9055431478634,-39.7644290502877));
#2512=CARTESIAN_POINT('Ctrl Pts',(6.11749826438531,3.97602599560736,-40.9080316536851));
#2513=CARTESIAN_POINT('Ctrl Pts',(4.38960833587824,3.27287241394398,-42.6877793339204));
#2514=CARTESIAN_POINT('Ctrl Pts',(3.26577900602401,1.01061597880414,-43.9039932631602));
#2515=CARTESIAN_POINT('Ctrl Pts',(3.2651177544925,-1.01015851828055,-43.9035747300516));
#2516=CARTESIAN_POINT('Ctrl Pts',(3.97105586623875,-2.42237045391933,-43.1415670723842));
#2517=CARTESIAN_POINT('Ctrl Pts',(5.24892330235367,-3.63062431048971,-41.8007604607616));
#2518=CARTESIAN_POINT('Ctrl Pts',(6.4042309543022,-3.95840528367138,-40.6221310028358));
#2519=CARTESIAN_POINT('Ctrl Pts',(7.26442902405287,-3.90554314786341,-39.7644290502877));
#2520=CARTESIAN_POINT('Ctrl Pts',(7.14664351906003,3.73331472179512,-39.6466435697575));
#2521=CARTESIAN_POINT('Ctrl Pts',(6.02464603932262,3.83903890594037,-40.7636488187107));
#2522=CARTESIAN_POINT('Ctrl Pts',(4.32331411607742,3.20467364354162,-42.5427673749366));
#2523=CARTESIAN_POINT('Ctrl Pts',(3.21757321852671,0.996845674482588,-43.7870851750753));
#2524=CARTESIAN_POINT('Ctrl Pts',(3.21680158091877,-0.996364639885825,-43.7862371357244));
#2525=CARTESIAN_POINT('Ctrl Pts',(3.91163374330326,-2.37440073515634,-43.0073006522553));
#2526=CARTESIAN_POINT('Ctrl Pts',(5.16912958830297,-3.52855009036813,-41.6553960400045));
#2527=CARTESIAN_POINT('Ctrl Pts',(6.30514540925697,-3.81260785990407,-40.4843975064724));
#2528=CARTESIAN_POINT('Ctrl Pts',(7.14664351906003,-3.73331472179513,-39.6466435697575));
#2529=CARTESIAN_POINT('',(7.50000003403857,4.24999999999995,-40.0000000113479));
#2530=CARTESIAN_POINT('',(6.79342886046297,3.74922027282392,-40.0001127322861));
#2531=CARTESIAN_POINT('Ctrl Pts',(6.79360700140864,3.74922097101075,-39.9999335671757));
#2532=CARTESIAN_POINT('Ctrl Pts',(6.89429652047834,3.8183939004128,-39.9999248926556));
#2533=CARTESIAN_POINT('Ctrl Pts',(6.99443043473182,3.88811426811028,-39.9999347452002));
#2534=CARTESIAN_POINT('Ctrl Pts',(7.09419056767461,3.95850233987275,-39.9999498455606));
#2535=CARTESIAN_POINT('Ctrl Pts',(7.11161645604686,3.97079757891352,-39.9999524832596));
#2536=CARTESIAN_POINT('Ctrl Pts',(7.12903104163052,3.98311326771527,-39.9999552662305));
#2537=CARTESIAN_POINT('Ctrl Pts',(7.14643542151526,3.99545014293342,-39.9999581015693));
#2538=CARTESIAN_POINT('Ctrl Pts',(7.25277733916828,4.07082927032736,-39.9999754256774));
#2539=CARTESIAN_POINT('Ctrl Pts',(7.35850497634187,4.14683406755047,-39.9999952925272));
#2540=CARTESIAN_POINT('Ctrl Pts',(7.46379865698299,4.22357424943493,-39.9999993049415));
#2541=CARTESIAN_POINT('Ctrl Pts',(7.47587134102909,4.23237306778652,-39.9999997649939));
#2542=CARTESIAN_POINT('Ctrl Pts',(7.4879383647059,4.24118158755261,-40.0000000113479));
#2543=CARTESIAN_POINT('Ctrl Pts',(7.50000003403857,4.24999999999995,-40.0000000113479));
#2544=CARTESIAN_POINT('',(6.79337129568918,-3.74948218365297,-40.0000655278134));
#2545=CARTESIAN_POINT('Ctrl Pts',(6.79342886046297,3.74922027282392,-40.0001127322861));
#2546=CARTESIAN_POINT('Ctrl Pts',(5.79083405409851,3.7452660924895,-41.0084741189087));
#2547=CARTESIAN_POINT('Ctrl Pts',(4.26528839117737,3.08881393477708,-42.6080651698531));
#2548=CARTESIAN_POINT('Ctrl Pts',(3.21757321852671,0.996845674482588,-43.7870851750753));
#2549=CARTESIAN_POINT('Ctrl Pts',(3.21680158091877,-0.996364639885825,-43.7862371357244));
#2550=CARTESIAN_POINT('Ctrl Pts',(3.91163374330326,-2.37440073515634,-43.0073006522553));
#2551=CARTESIAN_POINT('Ctrl Pts',(5.08117637145907,-3.44782525226005,-41.7499525031422));
#2552=CARTESIAN_POINT('Ctrl Pts',(6.07005249527751,-3.7476616048802,-40.7271385430589));
#2553=CARTESIAN_POINT('Ctrl Pts',(6.79337129568918,-3.74948218365297,-40.0000655278134));
#2554=CARTESIAN_POINT('',(7.50000003403857,-4.24999999999996,-40.0000000113479));
#2555=CARTESIAN_POINT('Ctrl Pts',(7.50000003403857,-4.24999999999996,-40.0000000113479));
#2556=CARTESIAN_POINT('Ctrl Pts',(7.3949261492084,-4.17317938518117,-40.0000000113479));
#2557=CARTESIAN_POINT('Ctrl Pts',(7.28943176958717,-4.09712012929625,-39.9999926159207));
#2558=CARTESIAN_POINT('Ctrl Pts',(7.18332973729162,-4.02171548224232,-39.9999898893677));
#2559=CARTESIAN_POINT('Ctrl Pts',(7.17107809220804,-4.01300847679322,-39.9999895745315));
#2560=CARTESIAN_POINT('Ctrl Pts',(7.15881839042277,-4.00431023403608,-39.9999893162481));
#2561=CARTESIAN_POINT('Ctrl Pts',(7.14655037979722,-3.99562061700025,-39.9999891294751));
#2562=CARTESIAN_POINT('Ctrl Pts',(7.04695747578724,-3.92507746035102,-39.9999876132337));
#2563=CARTESIAN_POINT('Ctrl Pts',(6.94701521197618,-3.8552428545874,-39.9999911359881));
#2564=CARTESIAN_POINT('Ctrl Pts',(6.8465329947885,-3.78599618374916,-40.0000076959825));
#2565=CARTESIAN_POINT('Ctrl Pts',(6.82884524012091,-3.77380678188668,-40.0000106110169));
#2566=CARTESIAN_POINT('Ctrl Pts',(6.81114085859314,-3.76163567451949,-40.0000139136629));
#2567=CARTESIAN_POINT('Ctrl Pts',(6.79341894623265,-3.74948230327841,-40.0000176299811));
#2568=CARTESIAN_POINT('Ctrl Pts',(7.50000003403857,-4.24999999999996,-40.0000000113479));
#2569=CARTESIAN_POINT('Ctrl Pts',(6.60240204439265,-4.25000013120601,-40.8975979955625));
#2570=CARTESIAN_POINT('Ctrl Pts',(5.70698355893948,-3.93857959585116,-41.7930164755975));
#2571=CARTESIAN_POINT('Ctrl Pts',(4.98864995569667,-3.36705088977961,-42.5113500744936));
#2572=CARTESIAN_POINT('Ctrl Pts',(4.7492054212824,-3.17654132108909,-42.750794607459));
#2573=CARTESIAN_POINT('Ctrl Pts',(4.52943698489151,-2.95713084454117,-42.9705630425201));
#2574=CARTESIAN_POINT('Ctrl Pts',(4.33438135993293,-2.71215295241753,-43.1656186662984));
#2575=CARTESIAN_POINT('Ctrl Pts',(3.94427011001577,-2.22219716817025,-43.555729913855));
#2576=CARTESIAN_POINT('Ctrl Pts',(3.65301010582786,-1.62997172162012,-43.8469899162805));
#2577=CARTESIAN_POINT('Ctrl Pts',(3.50745351696368,-0.987875187925518,-43.9925465042639));
#2578=CARTESIAN_POINT('Ctrl Pts',(3.36189692809951,-0.345778654230915,-44.1381030922473));
#2579=CARTESIAN_POINT('Ctrl Pts',(3.36204375455906,0.34618896660816,-44.1379562657886));
#2580=CARTESIAN_POINT('Ctrl Pts',(3.50711794209649,0.988561947940378,-43.992882079129));
#2581=CARTESIAN_POINT('Ctrl Pts',(3.65219212963392,1.6309349292726,-43.8478078924695));
#2582=CARTESIAN_POINT('Ctrl Pts',(3.94219367824923,2.22371327109796,-43.557806345609));
#2583=CARTESIAN_POINT('Ctrl Pts',(4.33341759277398,2.71231330122516,-43.1665824334515));
#2584=CARTESIAN_POINT('Ctrl Pts',(5.11586542182347,3.68951336147957,-42.3841346091366));
#2585=CARTESIAN_POINT('Ctrl Pts',(6.30320271451068,4.25000017494135,-41.196797323634));
#2586=CARTESIAN_POINT('Ctrl Pts',(7.50000003403857,4.24999999999995,-40.0000000113479));
#2587=CARTESIAN_POINT('Origin',(3.,-4.89858726958405E-15,-40.0000005960464));
#2588=CARTESIAN_POINT('',(3.,3.10684727658119,-37.9000005960464));
#2589=CARTESIAN_POINT('',(3.,-3.1068472765812,-37.9000005960464));
#2590=CARTESIAN_POINT('Origin',(3.,-4.89858726958405E-15,-40.0000005960464));
#2591=CARTESIAN_POINT('',(2.8,3.10684727658119,-37.9000005960464));
#2592=CARTESIAN_POINT('',(3.,3.10684727658119,-37.9000005960464));
#2593=CARTESIAN_POINT('',(2.8,3.10684727658119,-42.1000005960464));
#2594=CARTESIAN_POINT('Origin',(2.8,-4.89858726958405E-15,-40.0000005960464));
#2595=CARTESIAN_POINT('',(3.,3.10684727658119,-42.1000005960464));
#2596=CARTESIAN_POINT('',(3.,3.10684727658119,-42.1000005960464));
#2597=CARTESIAN_POINT('',(3.,-3.1068472765812,-42.1000005960464));
#2598=CARTESIAN_POINT('Origin',(3.,-4.89858726958405E-15,-40.0000005960464));
#2599=CARTESIAN_POINT('',(2.8,-3.1068472765812,-42.1000005960464));
#2600=CARTESIAN_POINT('',(3.,-3.1068472765812,-42.1000005960464));
#2601=CARTESIAN_POINT('',(2.8,-3.75,-40.0000005960464));
#2602=CARTESIAN_POINT('Origin',(2.8,-4.89858726958405E-15,-40.0000005960464));
#2603=CARTESIAN_POINT('',(3.,-3.75,-40.0000005960464));
#2604=CARTESIAN_POINT('',(70.0000000000631,3.74999999999995,-40.0000000113475));
#2605=CARTESIAN_POINT('',(3.,3.74999999999995,-40.0000000113479));
#2606=CARTESIAN_POINT('',(70.0000000000631,-3.74999999999996,-40.0000000113475));
#2607=CARTESIAN_POINT('Ctrl Pts',(70.0000000000631,-3.74999999999996,-40.0000000113475));
#2608=CARTESIAN_POINT('Ctrl Pts',(70.7513097976209,-3.74999999999996,-40.0000000113475));
#2609=CARTESIAN_POINT('Ctrl Pts',(71.5229343775055,-3.7521848127085,-39.927957273096));
#2610=CARTESIAN_POINT('Ctrl Pts',(73.0381713589266,-3.73504991377859,-39.6346469019906));
#2611=CARTESIAN_POINT('Ctrl Pts',(73.7817739609816,-3.71507582215813,-39.4133672385748));
#2612=CARTESIAN_POINT('Ctrl Pts',(75.1785284346594,-3.58139092889174,-38.8512455340562));
#2613=CARTESIAN_POINT('Ctrl Pts',(75.8304555149236,-3.46782603992267,-38.5110445384913));
#2614=CARTESIAN_POINT('Ctrl Pts',(76.9970134640495,-3.04709171564685,-37.7733346816879));
#2615=CARTESIAN_POINT('Ctrl Pts',(77.5132683391598,-2.74797468680308,-37.373825634966));
#2616=CARTESIAN_POINT('Ctrl Pts',(78.1688118065482,-1.97803330174448,-36.795836975185));
#2617=CARTESIAN_POINT('Ctrl Pts',(78.3740936108347,-1.62945610799024,-36.5971966058047));
#2618=CARTESIAN_POINT('Ctrl Pts',(78.6461634004591,-0.847197673179857,-36.3235259473096));
#2619=CARTESIAN_POINT('Ctrl Pts',(78.7142119705735,-0.413429600289157,-36.2500005960464));
#2620=CARTESIAN_POINT('Ctrl Pts',(78.7142119705735,0.413429600289148,-36.2500005960464));
#2621=CARTESIAN_POINT('Ctrl Pts',(78.6461634004591,0.847197673179848,-36.3235259473096));
#2622=CARTESIAN_POINT('Ctrl Pts',(78.3740936108347,1.62945610799023,-36.5971966058047));
#2623=CARTESIAN_POINT('Ctrl Pts',(78.1688118065482,1.97803330174447,-36.795836975185));
#2624=CARTESIAN_POINT('Ctrl Pts',(77.5132683391598,2.74797468680307,-37.3738256349661));
#2625=CARTESIAN_POINT('Ctrl Pts',(76.9970134640495,3.04709171564684,-37.7733346816879));
#2626=CARTESIAN_POINT('Ctrl Pts',(75.8304555149236,3.46782603992266,-38.5110445384913));
#2627=CARTESIAN_POINT('Ctrl Pts',(75.1785284346594,3.58139092889173,-38.8512455340562));
#2628=CARTESIAN_POINT('Ctrl Pts',(73.7817739609816,3.71507582215812,-39.4133672385748));
#2629=CARTESIAN_POINT('Ctrl Pts',(73.0381713589266,3.73504991377858,-39.6346469019906));
#2630=CARTESIAN_POINT('Ctrl Pts',(71.5229343775055,3.75218481270849,-39.927957273096));
#2631=CARTESIAN_POINT('Ctrl Pts',(70.7513097976209,3.74999999999995,-40.0000000113475));
#2632=CARTESIAN_POINT('Ctrl Pts',(70.0000000000631,3.74999999999995,-40.0000000113475));
#2633=CARTESIAN_POINT('',(3.,-3.74999999999996,-40.0000000113479));
#2634=CARTESIAN_POINT('',(2.8,-3.1068472765812,-37.9000005960464));
#2635=CARTESIAN_POINT('Origin',(2.8,-4.89858726958405E-15,-40.0000005960464));
#2636=CARTESIAN_POINT('',(3.,-3.1068472765812,-37.9000005960464));
#2637=CARTESIAN_POINT('Origin',(70.0000000000408,25.9995,27.9999999773551));
#2638=CARTESIAN_POINT('',(77.3278233865425,30.4995,29.5978124149404));
#2639=CARTESIAN_POINT('',(80.6028461897096,25.9994999999814,33.6195776260193));
#2640=CARTESIAN_POINT('Ctrl Pts',(77.3278233865425,30.4995,29.5978124149404));
#2641=CARTESIAN_POINT('Ctrl Pts',(77.3750925172455,30.4995,29.5978124149404));
#2642=CARTESIAN_POINT('Ctrl Pts',(77.4223539562191,30.498789121013,29.5985450050253));
#2643=CARTESIAN_POINT('Ctrl Pts',(77.8983364705268,30.4843039162973,29.6134693286041));
#2644=CARTESIAN_POINT('Ctrl Pts',(78.3023260894916,30.4123499577885,29.687881299883));
#2645=CARTESIAN_POINT('Ctrl Pts',(79.0592410988964,30.1602693957956,29.9439710389522));
#2646=CARTESIAN_POINT('Ctrl Pts',(79.394416472765,29.9821330418399,30.1232365637315));
#2647=CARTESIAN_POINT('Ctrl Pts',(80.0260037119014,29.512095292187,30.5845982199989));
#2648=CARTESIAN_POINT('Ctrl Pts',(80.292716413642,29.2071189204841,30.8770598625347));
#2649=CARTESIAN_POINT('Ctrl Pts',(80.7288760099483,28.4676461194346,31.561991012893));
#2650=CARTESIAN_POINT('Ctrl Pts',(80.8544217827522,28.0215996256754,31.9592017758472));
#2651=CARTESIAN_POINT('Ctrl Pts',(80.9137251652199,27.0498639107804,32.7875547591052));
#2652=CARTESIAN_POINT('Ctrl Pts',(80.8148734847702,26.5167944448432,33.2195310499055));
#2653=CARTESIAN_POINT('Ctrl Pts',(80.6028461897249,25.9995,33.6195776259905));
#2654=CARTESIAN_POINT('',(82.0000000113384,25.9995,27.9999999724966));
#2655=CARTESIAN_POINT('Origin',(70.0000000000408,25.9995,27.9999999773551));
#2656=CARTESIAN_POINT('',(77.5000000113384,30.4995,27.9999999743185));
#2657=CARTESIAN_POINT('Origin',(77.5000000113384,25.9995,27.9999999743185));
#2658=CARTESIAN_POINT('Origin',(70.0000000000408,30.4995,27.9999999773551));
#2659=CARTESIAN_POINT('Origin',(77.5000000071884,25.9995,17.7499999790113));
#2660=CARTESIAN_POINT('',(81.9999999886657,25.9995,-28.0000000276034));
#2661=CARTESIAN_POINT('',(77.4999999886657,30.4995,-28.0000000257815));
#2662=CARTESIAN_POINT('Origin',(77.4999999886657,25.9995,-28.0000000257815));
#2663=CARTESIAN_POINT('',(77.5000000071884,30.4995,17.7499999790113));
#2664=CARTESIAN_POINT('',(82.0000000071885,25.9995,17.7499999771894));
#2665=CARTESIAN_POINT('Origin',(70.0000000000631,25.9995,-28.0000000227449));
#2666=CARTESIAN_POINT('',(80.6028461881033,25.9994999999814,-33.6195776260193));
#2667=CARTESIAN_POINT('',(77.3278233732337,30.4995,-29.5978124149404));
#2668=CARTESIAN_POINT('Ctrl Pts',(80.6028461881186,25.9995,-33.6195776259905));
#2669=CARTESIAN_POINT('Ctrl Pts',(80.8255513056929,26.5428457095585,-33.1993844595914));
#2670=CARTESIAN_POINT('Ctrl Pts',(80.9313577397764,27.1213169471398,-32.7302375379916));
#2671=CARTESIAN_POINT('Ctrl Pts',(80.8204172745313,28.1907822437721,-31.8111116189683));
#2672=CARTESIAN_POINT('Ctrl Pts',(80.6523271912413,28.6556554547994,-31.3913880947738));
#2673=CARTESIAN_POINT('Ctrl Pts',(80.1373890740912,29.3940498123933,-30.6992250468764));
#2674=CARTESIAN_POINT('Ctrl Pts',(79.8252552001976,29.6986409265916,-30.4033307178133));
#2675=CARTESIAN_POINT('Ctrl Pts',(79.0977789118995,30.1407169676073,-29.9643499318159));
#2676=CARTESIAN_POINT('Ctrl Pts',(78.7234593754399,30.2969559261137,-29.8054294432684));
#2677=CARTESIAN_POINT('Ctrl Pts',(77.9893197029856,30.4632555023622,-29.6352823917086));
#2678=CARTESIAN_POINT('Ctrl Pts',(77.66590983909,30.4995,-29.5978124149404));
#2679=CARTESIAN_POINT('Ctrl Pts',(77.3278233732337,30.4995,-29.5978124149404));
#2680=CARTESIAN_POINT('Origin',(70.0000000000631,30.4995,-28.0000000227449));
#2681=CARTESIAN_POINT('Origin',(70.0000000000631,25.9995,-28.0000000227449));
#2682=CARTESIAN_POINT('Origin',(0.,0.,0.));
#2683=CARTESIAN_POINT('',(70.0000000000631,14.3614065847394,-40.0000000113475));
#2684=CARTESIAN_POINT('Ctrl Pts',(80.6028461881076,25.9994999999733,-33.6195776260112));
#2685=CARTESIAN_POINT('Ctrl Pts',(79.8258845635988,24.1039047403525,-35.0855249231696));
#2686=CARTESIAN_POINT('Ctrl Pts',(78.773362404102,22.1478554673695,-36.3290664677675));
#2687=CARTESIAN_POINT('Ctrl Pts',(76.693600996451,19.0412389271098,-38.0262133094106));
#2688=CARTESIAN_POINT('Ctrl Pts',(75.600752868394,17.6172958572724,-38.6969649099801));
#2689=CARTESIAN_POINT('Ctrl Pts',(73.7284864596391,15.8825516961866,-39.42572244184));
#2690=CARTESIAN_POINT('Ctrl Pts',(73.0703199185185,15.3755187732356,-39.6233164794942));
#2691=CARTESIAN_POINT('Ctrl Pts',(71.6449017261915,14.6181732638103,-39.9089313070914));
#2692=CARTESIAN_POINT('Ctrl Pts',(70.8817017616495,14.3614065847394,-40.0000000113475));
#2693=CARTESIAN_POINT('Ctrl Pts',(70.0000000000631,14.3614065847394,-40.0000000113475));
#2694=CARTESIAN_POINT('',(7.50000004538652,14.3614066163451,-40.));
#2695=CARTESIAN_POINT('',(0.,14.3614065847383,-40.0000000113479));
#2696=CARTESIAN_POINT('',(0.,14.3614066163451,-40.));
#2697=CARTESIAN_POINT('',(1.00000000000217,27.9687325159186,-32.0000000227031));
#2698=CARTESIAN_POINT('Ctrl Pts',(1.00000000000273,27.9687325159193,-32.0000000227025));
#2699=CARTESIAN_POINT('Ctrl Pts',(0.93827079621068,27.9687325159193,-32.0000000227025));
#2700=CARTESIAN_POINT('Ctrl Pts',(0.875830985206695,27.9620840302265,-32.0058146691956));
#2701=CARTESIAN_POINT('Ctrl Pts',(0.754196421820182,27.9358633862202,-32.0287031722229));
#2702=CARTESIAN_POINT('Ctrl Pts',(0.695002642280352,27.9162881563347,-32.045778679779));
#2703=CARTESIAN_POINT('Ctrl Pts',(0.52801241775967,27.8420478466665,-32.1103515185608));
#2704=CARTESIAN_POINT('Ctrl Pts',(0.43092712502203,27.7711106230324,-32.1718037402239));
#2705=CARTESIAN_POINT('Ctrl Pts',(0.232209276927147,27.5761206134599,-32.3393410648374));
#2706=CARTESIAN_POINT('Ctrl Pts',(0.141494026020994,27.4260977832505,-32.4669432315607));
#2707=CARTESIAN_POINT('Ctrl Pts',(0.0251652439385745,27.1070773154525,-32.7337685257062));
#2708=CARTESIAN_POINT('Ctrl Pts',(2.73291064265683E-12,26.9379591888222,
-32.8730428316111));
#2709=CARTESIAN_POINT('Ctrl Pts',(2.73295817400376E-12,26.7815234537103,
-33.0000000227025));
#2710=CARTESIAN_POINT('',(30.5108747385003,27.9687325159383,-32.0000000226859));
#2711=CARTESIAN_POINT('',(0.,27.9687325159186,-32.0000000227031));
#2712=CARTESIAN_POINT('',(53.4891252613274,27.9687325158707,-32.0000000227449));
#2713=CARTESIAN_POINT('Ctrl Pts',(30.510874731253,27.9687325059363,-32.0000000314278));
#2714=CARTESIAN_POINT('Ctrl Pts',(31.0986157557644,27.7272975299485,-32.2110197268762));
#2715=CARTESIAN_POINT('Ctrl Pts',(31.6964082887284,27.4971473229177,-32.4073412942367));
#2716=CARTESIAN_POINT('Ctrl Pts',(33.8609268233818,26.7277491690143,-33.0514679973536));
#2717=CARTESIAN_POINT('Ctrl Pts',(35.4766754810081,26.2723447531838,-33.4090505545915));
#2718=CARTESIAN_POINT('Ctrl Pts',(38.7398937463925,25.6575648517274,-33.8834786624454));
#2719=CARTESIAN_POINT('Ctrl Pts',(40.3877513282831,25.4999999697448,-34.0000000226914));
#2720=CARTESIAN_POINT('Ctrl Pts',(43.6122486717091,25.4999999697448,-34.0000000226914));
#2721=CARTESIAN_POINT('Ctrl Pts',(45.2601062535997,25.6575648517274,-33.8834786624454));
#2722=CARTESIAN_POINT('Ctrl Pts',(48.523324518984,26.2723447531838,-33.4090505545915));
#2723=CARTESIAN_POINT('Ctrl Pts',(50.1390731766103,26.7277491690143,-33.0514679973536));
#2724=CARTESIAN_POINT('Ctrl Pts',(52.3035917112072,27.4971473228976,-32.4073412942535));
#2725=CARTESIAN_POINT('Ctrl Pts',(52.9013842441163,27.7272975299056,-32.2110197269128));
#2726=CARTESIAN_POINT('Ctrl Pts',(53.4891252685747,27.9687325058688,-32.0000000314869));
#2727=CARTESIAN_POINT('',(70.0000000000631,27.9687325158707,-32.000000022745));
#2728=CARTESIAN_POINT('',(0.,27.9687325158708,-32.0000000227449));
#2729=CARTESIAN_POINT('',(73.6670145295334,30.4995,-29.5978124149404));
#2730=CARTESIAN_POINT('Ctrl Pts',(70.0000000000631,27.9687325158707,-32.0000000227449));
#2731=CARTESIAN_POINT('Ctrl Pts',(70.2522303634999,27.9687325158707,-32.0000000227449));
#2732=CARTESIAN_POINT('Ctrl Pts',(70.5068821462128,27.996518224943,-31.9757748120268));
#2733=CARTESIAN_POINT('Ctrl Pts',(71.0026488776894,28.1049437027183,-31.8805167306173));
#2734=CARTESIAN_POINT('Ctrl Pts',(71.2437949884527,28.1854863155758,-31.8095354900103));
#2735=CARTESIAN_POINT('Ctrl Pts',(71.9248041770909,28.4874434347358,-31.5402649928033));
#2736=CARTESIAN_POINT('Ctrl Pts',(72.3221265315554,28.7711897148493,-31.2830072970782));
#2737=CARTESIAN_POINT('Ctrl Pts',(73.0723799022873,29.4711869745071,-30.6270294124434));
#2738=CARTESIAN_POINT('Ctrl Pts',(73.4227606485328,29.9651742884912,-30.1474573061262));
#2739=CARTESIAN_POINT('Ctrl Pts',(73.659058434808,30.4818620809409,-29.6159795366828));
#2740=CARTESIAN_POINT('Ctrl Pts',(73.6630539369212,30.4906790794107,-29.6069020619637));
#2741=CARTESIAN_POINT('Ctrl Pts',(73.6670145295334,30.4995,-29.5978124149404));
#2742=CARTESIAN_POINT('',(0.,30.4995,-29.5978124149404));
#2743=CARTESIAN_POINT('Origin',(70.0000000000631,0.,-28.0000000227449));
#2744=CARTESIAN_POINT('',(81.9999999886657,-25.9995,-28.0000000276034));
#2745=CARTESIAN_POINT('',(81.9999999886657,0.,-28.0000000276034));
#2746=CARTESIAN_POINT('',(80.6028461881033,-25.9994999999814,-33.6195776260193));
#2747=CARTESIAN_POINT('Origin',(70.0000000000631,-25.9995,-28.0000000227449));
#2748=CARTESIAN_POINT('',(70.0000000000631,-14.361406584739,-40.0000000113475));
#2749=CARTESIAN_POINT('Ctrl Pts',(70.0000000000631,-14.3614065847394,-40.0000000113475));
#2750=CARTESIAN_POINT('Ctrl Pts',(70.8817017616495,-14.3614065847394,-40.0000000113475));
#2751=CARTESIAN_POINT('Ctrl Pts',(71.6449017261915,-14.6181732638103,-39.9089313070914));
#2752=CARTESIAN_POINT('Ctrl Pts',(73.0703199185185,-15.3755187732356,-39.6233164794942));
#2753=CARTESIAN_POINT('Ctrl Pts',(73.7284864596391,-15.8825516961866,-39.42572244184));
#2754=CARTESIAN_POINT('Ctrl Pts',(75.600752868394,-17.6172958572724,-38.6969649099801));
#2755=CARTESIAN_POINT('Ctrl Pts',(76.693600996451,-19.0412389271098,-38.0262133094106));
#2756=CARTESIAN_POINT('Ctrl Pts',(78.7733624041019,-22.1478554673695,-36.3290664677675));
#2757=CARTESIAN_POINT('Ctrl Pts',(79.8258845635988,-24.1039047403525,-35.0855249231696));
#2758=CARTESIAN_POINT('Ctrl Pts',(80.6028461881076,-25.9994999999733,-33.6195776260111));
#2759=CARTESIAN_POINT('',(70.0000000000631,0.,-40.0000000113475));
#2760=CARTESIAN_POINT('',(70.0000000000631,0.,-40.0000000113475));
#2761=CARTESIAN_POINT('Origin',(82.0000000113384,0.,27.9999999724966));
#2762=CARTESIAN_POINT('',(82.0000000113384,-25.9995,27.9999999724966));
#2763=CARTESIAN_POINT('',(82.0000000113384,0.,27.9999999724966));
#2764=CARTESIAN_POINT('',(82.0000000071885,-25.9995,17.7499999771894));
#2765=CARTESIAN_POINT('Origin',(70.0000000000408,0.,27.9999999773551));
#2766=CARTESIAN_POINT('',(70.0000000000408,14.3614066163451,40.));
#2767=CARTESIAN_POINT('Ctrl Pts',(70.0000000000408,14.3614066479504,39.9999999886526));
#2768=CARTESIAN_POINT('Ctrl Pts',(70.8817017622512,14.3614066479504,39.9999999886526));
#2769=CARTESIAN_POINT('Ctrl Pts',(71.6449017287285,14.6181733259274,39.9089312843326));
#2770=CARTESIAN_POINT('Ctrl Pts',(73.0703199247839,15.375518833784,39.6233164559927));
#2771=CARTESIAN_POINT('Ctrl Pts',(73.7284864678284,15.8825517560657,39.4257224177133));
#2772=CARTESIAN_POINT('Ctrl Pts',(75.600752881607,17.6172959152163,38.6969648835805));
#2773=CARTESIAN_POINT('Ctrl Pts',(76.6936010123534,19.0412389841064,38.0262132808822));
#2774=CARTESIAN_POINT('Ctrl Pts',(78.7733624134758,22.1478555058996,36.3290664432532));
#2775=CARTESIAN_POINT('Ctrl Pts',(79.8258845663603,24.1039047581905,35.0855249093747));
#2776=CARTESIAN_POINT('Ctrl Pts',(80.6028461897139,25.9994999999733,33.6195776260112));
#2777=CARTESIAN_POINT('',(70.0000000000408,-14.3614066163451,40.));
#2778=CARTESIAN_POINT('',(70.0000000000409,0.,39.9999999886526));
#2779=CARTESIAN_POINT('',(80.6028461897096,-25.9994999999814,33.6195776260193));
#2780=CARTESIAN_POINT('Ctrl Pts',(80.6028461897139,-25.9994999999733,33.6195776260112));
#2781=CARTESIAN_POINT('Ctrl Pts',(79.8258845663603,-24.1039047581905,35.0855249093747));
#2782=CARTESIAN_POINT('Ctrl Pts',(78.7733624134758,-22.1478555058996,36.3290664432532));
#2783=CARTESIAN_POINT('Ctrl Pts',(76.6936010123534,-19.0412389841064,38.0262132808822));
#2784=CARTESIAN_POINT('Ctrl Pts',(75.600752881607,-17.6172959152163,38.6969648835805));
#2785=CARTESIAN_POINT('Ctrl Pts',(73.7284864678283,-15.8825517560657,39.4257224177133));
#2786=CARTESIAN_POINT('Ctrl Pts',(73.0703199247839,-15.375518833784,39.6233164559927));
#2787=CARTESIAN_POINT('Ctrl Pts',(71.6449017287285,-14.6181733259274,39.9089312843326));
#2788=CARTESIAN_POINT('Ctrl Pts',(70.8817017622512,-14.3614066479504,39.9999999886526));
#2789=CARTESIAN_POINT('Ctrl Pts',(70.0000000000408,-14.3614066479504,39.9999999886526));
#2790=CARTESIAN_POINT('Origin',(70.0000000000408,-25.9995,27.9999999773551));
#2791=CARTESIAN_POINT('Origin',(70.0000000000631,-25.9995,-28.0000000227449));
#2792=CARTESIAN_POINT('',(77.3278233732337,-30.4995,-29.5978124149404));
#2793=CARTESIAN_POINT('Ctrl Pts',(77.3278233732337,-30.4995,-29.5978124149404));
#2794=CARTESIAN_POINT('Ctrl Pts',(77.3750924616467,-30.4995,-29.5978124149404));
#2795=CARTESIAN_POINT('Ctrl Pts',(77.4223538583686,-30.4987891222831,-29.5985450037163));
#2796=CARTESIAN_POINT('Ctrl Pts',(77.8983363303529,-30.48430393193,-29.6134693125009));
#2797=CARTESIAN_POINT('Ctrl Pts',(78.3023259518354,-30.4123499856689,-29.6878812712254));
#2798=CARTESIAN_POINT('Ctrl Pts',(79.0592409710551,-30.160269447635,-29.9439709866322));
#2799=CARTESIAN_POINT('Ctrl Pts',(79.3944163515717,-29.9821331055522,-30.1232365001745));
#2800=CARTESIAN_POINT('Ctrl Pts',(80.0260036075974,-29.5120953817207,-30.5845981333674));
#2801=CARTESIAN_POINT('Ctrl Pts',(80.2927163208183,-29.2071190242733,-30.8770597641204));
#2802=CARTESIAN_POINT('Ctrl Pts',(80.7288759494134,-28.4676462516034,-31.5619908933496));
#2803=CARTESIAN_POINT('Ctrl Pts',(80.8544217435082,-28.0215997709649,-31.9592016482353));
#2804=CARTESIAN_POINT('Ctrl Pts',(80.9137251802121,-27.0498640182293,-32.7875546718594));
#2805=CARTESIAN_POINT('Ctrl Pts',(80.8148735029869,-26.5167944973053,-33.2195310093343));
#2806=CARTESIAN_POINT('Ctrl Pts',(80.6028461881186,-25.9995,-33.6195776259905));
#2807=CARTESIAN_POINT('',(77.4999999886657,-30.4995,-28.0000000257815));
#2808=CARTESIAN_POINT('Origin',(77.4999999886657,-25.9995,-28.0000000257815));
#2809=CARTESIAN_POINT('Origin',(70.0000000000631,-30.4995,-28.0000000227449));
#2810=CARTESIAN_POINT('Origin',(77.5000000071884,-25.9995,17.7499999790113));
#2811=CARTESIAN_POINT('',(77.5000000113384,-30.4995,27.9999999743185));
#2812=CARTESIAN_POINT('Origin',(77.5000000113384,-25.9995,27.9999999743185));
#2813=CARTESIAN_POINT('',(77.5000000071884,-30.4995,17.7499999790113));
#2814=CARTESIAN_POINT('Origin',(70.0000000000408,-25.9995,27.9999999773551));
#2815=CARTESIAN_POINT('',(77.3278233865425,-30.4995,29.5978124149404));
#2816=CARTESIAN_POINT('Ctrl Pts',(80.6028461897249,-25.9995,33.6195776259905));
#2817=CARTESIAN_POINT('Ctrl Pts',(80.8255513094018,-26.542845710383,33.1993844589537));
#2818=CARTESIAN_POINT('Ctrl Pts',(80.931357744576,-27.121316947727,32.730237537458));
#2819=CARTESIAN_POINT('Ctrl Pts',(80.8204172827458,-28.1907822434786,31.811111619245));
#2820=CARTESIAN_POINT('Ctrl Pts',(80.6523272006422,-28.6556554538568,31.3913880956025));
#2821=CARTESIAN_POINT('Ctrl Pts',(80.1373890871088,-29.3940498106499,30.6992250485547));
#2822=CARTESIAN_POINT('Ctrl Pts',(79.8252552145469,-29.6986409244711,30.4033307198762));
#2823=CARTESIAN_POINT('Ctrl Pts',(79.0977789294779,-30.1407169656973,29.9643499337461));
#2824=CARTESIAN_POINT('Ctrl Pts',(78.7234593939464,-30.2969559242698,29.8054294451447));
#2825=CARTESIAN_POINT('Ctrl Pts',(77.9893197209121,-30.4632555019911,29.6352823920957));
#2826=CARTESIAN_POINT('Ctrl Pts',(77.665909854503,-30.4995,29.5978124149404));
#2827=CARTESIAN_POINT('Ctrl Pts',(77.3278233865425,-30.4995,29.5978124149404));
#2828=CARTESIAN_POINT('Origin',(70.0000000000408,-30.4995,27.9999999773551));
#2829=CARTESIAN_POINT('Origin',(0.,0.,0.));
#2830=CARTESIAN_POINT('',(73.6670145295334,-30.4995,-29.5978124149404));
#2831=CARTESIAN_POINT('',(0.,-30.4995,-29.5978124149404));
#2832=CARTESIAN_POINT('',(70.0000000000631,-27.9687325158707,-32.000000022745));
#2833=CARTESIAN_POINT('Ctrl Pts',(73.6670145295334,-30.4995,-29.5978124149404));
#2834=CARTESIAN_POINT('Ctrl Pts',(73.6630539369212,-30.4906790794107,-29.6069020619637));
#2835=CARTESIAN_POINT('Ctrl Pts',(73.659058434808,-30.4818620809409,-29.6159795366828));
#2836=CARTESIAN_POINT('Ctrl Pts',(73.4227606485328,-29.9651742884912,-30.1474573061262));
#2837=CARTESIAN_POINT('Ctrl Pts',(73.0723799022873,-29.4711869745071,-30.6270294124434));
#2838=CARTESIAN_POINT('Ctrl Pts',(72.3221265315554,-28.7711897148493,-31.2830072970782));
#2839=CARTESIAN_POINT('Ctrl Pts',(71.9248041770909,-28.4874434347358,-31.5402649928033));
#2840=CARTESIAN_POINT('Ctrl Pts',(71.2437949884527,-28.1854863155758,-31.8095354900103));
#2841=CARTESIAN_POINT('Ctrl Pts',(71.0026488776894,-28.1049437027183,-31.8805167306173));
#2842=CARTESIAN_POINT('Ctrl Pts',(70.5068821462128,-27.9965182249431,-31.9757748120268));
#2843=CARTESIAN_POINT('Ctrl Pts',(70.2522303634999,-27.9687325158707,-32.0000000227449));
#2844=CARTESIAN_POINT('Ctrl Pts',(70.0000000000631,-27.9687325158707,-32.0000000227449));
#2845=CARTESIAN_POINT('',(53.4891252613274,-27.9687325158707,-32.0000000227449));
#2846=CARTESIAN_POINT('',(0.,-27.9687325158708,-32.0000000227449));
#2847=CARTESIAN_POINT('',(30.5108747385003,-27.9687325159383,-32.0000000226859));
#2848=CARTESIAN_POINT('Ctrl Pts',(53.4891252685747,-27.9687325058688,-32.0000000314869));
#2849=CARTESIAN_POINT('Ctrl Pts',(52.9013842441162,-27.7272975299056,-32.2110197269128));
#2850=CARTESIAN_POINT('Ctrl Pts',(52.3035917112073,-27.4971473228976,-32.4073412942535));
#2851=CARTESIAN_POINT('Ctrl Pts',(50.1390731766103,-26.7277491690143,-33.0514679973536));
#2852=CARTESIAN_POINT('Ctrl Pts',(48.523324518984,-26.2723447531838,-33.4090505545915));
#2853=CARTESIAN_POINT('Ctrl Pts',(45.2601062535997,-25.6575648517274,-33.8834786624454));
#2854=CARTESIAN_POINT('Ctrl Pts',(43.6122486717091,-25.4999999697448,-34.0000000226914));
#2855=CARTESIAN_POINT('Ctrl Pts',(40.3877513282831,-25.4999999697448,-34.0000000226914));
#2856=CARTESIAN_POINT('Ctrl Pts',(38.7398937463925,-25.6575648517274,-33.8834786624454));
#2857=CARTESIAN_POINT('Ctrl Pts',(35.4766754810081,-26.2723447531838,-33.4090505545915));
#2858=CARTESIAN_POINT('Ctrl Pts',(33.8609268233818,-26.7277491690143,-33.0514679973536));
#2859=CARTESIAN_POINT('Ctrl Pts',(31.6964082887284,-27.4971473229177,-32.4073412942367));
#2860=CARTESIAN_POINT('Ctrl Pts',(31.0986157557644,-27.7272975299485,-32.2110197268762));
#2861=CARTESIAN_POINT('Ctrl Pts',(30.510874731253,-27.9687325059363,-32.0000000314278));
#2862=CARTESIAN_POINT('',(1.00000000000217,-27.9687325159186,-32.0000000227031));
#2863=CARTESIAN_POINT('',(0.,-27.9687325159186,-32.0000000227031));
#2864=CARTESIAN_POINT('Ctrl Pts',(2.73265785000198E-12,-26.7815234537103,
-33.0000000227025));
#2865=CARTESIAN_POINT('Ctrl Pts',(2.73266344192515E-12,-26.9379591888222,
-32.8730428316111));
#2866=CARTESIAN_POINT('Ctrl Pts',(0.0251652439385796,-27.1070773154525,
-32.7337685257062));
#2867=CARTESIAN_POINT('Ctrl Pts',(0.141494026020996,-27.4260977832505,-32.4669432315607));
#2868=CARTESIAN_POINT('Ctrl Pts',(0.232209276927146,-27.5761206134599,-32.3393410648374));
#2869=CARTESIAN_POINT('Ctrl Pts',(0.430927125022029,-27.7711106230324,-32.1718037402239));
#2870=CARTESIAN_POINT('Ctrl Pts',(0.52801241775967,-27.8420478466665,-32.1103515185608));
#2871=CARTESIAN_POINT('Ctrl Pts',(0.695002642280351,-27.9162881563347,-32.045778679779));
#2872=CARTESIAN_POINT('Ctrl Pts',(0.754196421820182,-27.9358633862202,-32.0287031722229));
#2873=CARTESIAN_POINT('Ctrl Pts',(0.875830985206695,-27.9620840302265,-32.0058146691956));
#2874=CARTESIAN_POINT('Ctrl Pts',(0.93827079621068,-27.9687325159193,-32.0000000227025));
#2875=CARTESIAN_POINT('Ctrl Pts',(1.00000000000273,-27.9687325159193,-32.0000000227025));
#2876=CARTESIAN_POINT('',(7.50000004538665,-14.3614066163451,-39.9999999999999));
#2877=CARTESIAN_POINT('',(0.,-14.3614066163451,-39.9999999999999));
#2878=CARTESIAN_POINT('',(0.,-14.3614065847383,-40.0000000113479));
#2879=CARTESIAN_POINT('Origin',(1.00000000000273,0.,-33.0000000227025));
#2880=CARTESIAN_POINT('',(1.00000000000217,0.,-32.0000000227025));
#2881=CARTESIAN_POINT('Origin',(0.999999999997268,0.,32.9999999772888));
#2882=CARTESIAN_POINT('',(1.00000000000004,27.9687325678818,31.999999977286));
#2883=CARTESIAN_POINT('Ctrl Pts',(-2.73262857654333E-12,26.7815235096687,
32.9999999772888));
#2884=CARTESIAN_POINT('Ctrl Pts',(-2.73268449577489E-12,26.9379592442322,
32.8730427862026));
#2885=CARTESIAN_POINT('Ctrl Pts',(0.0251652439337932,27.10707737026,32.7337684803167));
#2886=CARTESIAN_POINT('Ctrl Pts',(0.141494025958311,27.4260978368826,32.4669431862525));
#2887=CARTESIAN_POINT('Ctrl Pts',(0.232209276813623,27.5761206665176,32.3393410195925));
#2888=CARTESIAN_POINT('Ctrl Pts',(0.430927124790956,27.7711106754771,32.1718036949528));
#2889=CARTESIAN_POINT('Ctrl Pts',(0.528012417597723,27.8420478989565,32.1103514732214));
#2890=CARTESIAN_POINT('Ctrl Pts',(0.695002642202504,27.9162882084419,32.0457786343865));
#2891=CARTESIAN_POINT('Ctrl Pts',(0.754196421766886,27.9358634382748,32.0287031268202));
#2892=CARTESIAN_POINT('Ctrl Pts',(0.875830985188848,27.9620840822072,32.0058146237823));
#2893=CARTESIAN_POINT('Ctrl Pts',(0.938270796203748,27.9687325678786,31.9999999772888));
#2894=CARTESIAN_POINT('Ctrl Pts',(0.999999999997268,27.9687325678786,31.9999999772888));
#2895=CARTESIAN_POINT('',(1.00000000000004,-27.9687325678818,31.999999977286));
#2896=CARTESIAN_POINT('',(1.00000000000004,0.,31.9999999772888));
#2897=CARTESIAN_POINT('Ctrl Pts',(0.999999999997268,-27.9687325678786,31.9999999772888));
#2898=CARTESIAN_POINT('Ctrl Pts',(0.938270796203748,-27.9687325678786,31.9999999772888));
#2899=CARTESIAN_POINT('Ctrl Pts',(0.875830985188849,-27.9620840822072,32.0058146237823));
#2900=CARTESIAN_POINT('Ctrl Pts',(0.754196421766886,-27.9358634382748,32.0287031268202));
#2901=CARTESIAN_POINT('Ctrl Pts',(0.695002642202505,-27.9162882084419,32.0457786343865));
#2902=CARTESIAN_POINT('Ctrl Pts',(0.528012417597723,-27.8420478989565,32.1103514732214));
#2903=CARTESIAN_POINT('Ctrl Pts',(0.430927124790957,-27.7711106754771,32.1718036949528));
#2904=CARTESIAN_POINT('Ctrl Pts',(0.232209276813623,-27.5761206665176,32.3393410195925));
#2905=CARTESIAN_POINT('Ctrl Pts',(0.141494025958312,-27.4260978368826,32.4669431862525));
#2906=CARTESIAN_POINT('Ctrl Pts',(0.0251652439337934,-27.10707737026,32.7337684803167));
#2907=CARTESIAN_POINT('Ctrl Pts',(-2.73256244021081E-12,-26.9379592442322,
32.8730427862026));
#2908=CARTESIAN_POINT('Ctrl Pts',(-2.73256244021081E-12,-26.7815235096687,
32.9999999772888));
#2909=CARTESIAN_POINT('Origin',(30.5108746754972,0.,31.9999999773706));
#2910=CARTESIAN_POINT('',(30.5108746754972,27.9687325677851,31.9999999773706));
#2911=CARTESIAN_POINT('',(0.,27.9687325678818,31.999999977286));
#2912=CARTESIAN_POINT('',(30.5108746754972,-27.9687325677851,31.9999999773706));
#2913=CARTESIAN_POINT('',(30.5108746754972,0.,31.9999999773706));
#2914=CARTESIAN_POINT('',(0.,-27.9687325678818,31.999999977286));
#2915=CARTESIAN_POINT('Origin',(0.,0.,0.));
#2916=CARTESIAN_POINT('',(73.6670145097336,30.4995,29.5978124149404));
#2917=CARTESIAN_POINT('',(0.,30.4995,29.5978124149404));
#2918=CARTESIAN_POINT('',(70.0000000000408,27.9687325678029,31.999999977355));
#2919=CARTESIAN_POINT('Ctrl Pts',(73.6670145097336,30.4995,29.5978124149404));
#2920=CARTESIAN_POINT('Ctrl Pts',(73.6630539236593,30.4906790942699,29.6069020466518));
#2921=CARTESIAN_POINT('Ctrl Pts',(73.6590584282015,30.4818621106468,29.6159795060994));
#2922=CARTESIAN_POINT('Ctrl Pts',(73.4227606488249,29.9651743346747,30.147457260192));
#2923=CARTESIAN_POINT('Ctrl Pts',(73.0723799027551,29.4711870223334,30.6270293664017));
#2924=CARTESIAN_POINT('Ctrl Pts',(72.3221265322149,28.7711897646754,31.2830072512501));
#2925=CARTESIAN_POINT('Ctrl Pts',(71.9248041775152,28.4874434852232,31.5402649471998));
#2926=CARTESIAN_POINT('Ctrl Pts',(71.2437949886009,28.1854863668562,31.8095354445715));
#2927=CARTESIAN_POINT('Ctrl Pts',(71.0026488777596,28.1049437542289,31.8805166852068));
#2928=CARTESIAN_POINT('Ctrl Pts',(70.5068821461859,27.9965182767798,31.9757747666407));
#2929=CARTESIAN_POINT('Ctrl Pts',(70.2522303634541,27.9687325678029,31.999999977355));
#2930=CARTESIAN_POINT('Ctrl Pts',(70.0000000000409,27.9687325678029,31.999999977355));
#2931=CARTESIAN_POINT('',(53.4891253245384,27.9687325678029,31.999999977355));
#2932=CARTESIAN_POINT('',(0.,27.9687325678029,31.999999977355));
#2933=CARTESIAN_POINT('Ctrl Pts',(53.4891253172911,27.9687325778048,31.9999999686131));
#2934=CARTESIAN_POINT('Ctrl Pts',(52.9013842732854,27.7272975937516,32.2110196720673));
#2935=CARTESIAN_POINT('Ctrl Pts',(52.303591720085,27.4971473793024,32.4073412464708));
#2936=CARTESIAN_POINT('Ctrl Pts',(50.139073166085,26.7277492219512,33.0514679544804));
#2937=CARTESIAN_POINT('Ctrl Pts',(48.5233245101246,26.2723448087953,33.4090505108376));
#2938=CARTESIAN_POINT('Ctrl Pts',(45.2601062486918,25.6575649111395,33.8834786174352));
#2939=CARTESIAN_POINT('Ctrl Pts',(43.6122486690941,25.5000000302552,33.9999999773086));
#2940=CARTESIAN_POINT('Ctrl Pts',(40.3877513308981,25.5000000302552,33.9999999773086));
#2941=CARTESIAN_POINT('Ctrl Pts',(38.7398937513004,25.6575649111395,33.8834786174352));
#2942=CARTESIAN_POINT('Ctrl Pts',(35.4766754898675,26.2723448087953,33.4090505108376));
#2943=CARTESIAN_POINT('Ctrl Pts',(33.8609268339072,26.7277492219512,33.0514679544804));
#2944=CARTESIAN_POINT('Ctrl Pts',(31.6964082799221,27.4971473792971,32.4073412464752));
#2945=CARTESIAN_POINT('Ctrl Pts',(31.0986157267362,27.7272975937403,32.211019672077));
#2946=CARTESIAN_POINT('Ctrl Pts',(30.5108746827445,27.968732577787,31.9999999686287));
#2947=CARTESIAN_POINT('',(0.,14.3614066163451,40.));
#2948=CARTESIAN_POINT('',(0.,14.3614066479504,39.9999999886526));
#2949=CARTESIAN_POINT('Origin',(68.3818119164953,0.,-23.0000000227449));
#2950=CARTESIAN_POINT('',(67.6280458617381,30.4995,-22.3428571656006));
#2951=CARTESIAN_POINT('',(68.3818119164953,30.4995,-24.000000022745));
#2952=CARTESIAN_POINT('Origin',(68.3818119164953,30.4995,-23.0000000227449));
#2953=CARTESIAN_POINT('',(68.3818119164953,-30.4995,-24.000000022745));
#2954=CARTESIAN_POINT('',(68.3818119164953,0.,-24.000000022745));
#2955=CARTESIAN_POINT('',(67.6280458617381,-30.4995,-22.3428571656006));
#2956=CARTESIAN_POINT('Origin',(68.3818119164953,-30.4995,-23.0000000227449));
#2957=CARTESIAN_POINT('',(67.6280458617381,0.,-22.3428571656006));
#2958=CARTESIAN_POINT('Origin',(41.9999999999961,0.,-2.26914331769024E-8));
#2959=CARTESIAN_POINT('',(67.6280458617512,-30.4995,22.3428571202028));
#2960=CARTESIAN_POINT('Origin',(41.9999999999961,-30.4995,-2.26914331769024E-8));
#2961=CARTESIAN_POINT('',(67.6280458617512,30.4995,22.3428571202028));
#2962=CARTESIAN_POINT('',(67.6280458617512,0.,22.3428571202028));
#2963=CARTESIAN_POINT('Origin',(41.9999999999961,30.4995,-2.26914331769024E-8));
#2964=CARTESIAN_POINT('Origin',(37.2500000056672,-30.4995,7.50000000000001));
#2965=CARTESIAN_POINT('',(73.6670145097336,-30.4995,29.5978124149404));
#2966=CARTESIAN_POINT('',(0.,-30.4995,29.5978124149404));
#2967=CARTESIAN_POINT('',(70.0000000000615,-30.4995,23.9999999773551));
#2968=CARTESIAN_POINT('Origin',(70.0000000000408,-30.4995,27.9999999773551));
#2969=CARTESIAN_POINT('',(68.3818119165035,-30.4995,23.9999999773467));
#2970=CARTESIAN_POINT('',(70.0000000000615,-30.4995,23.9999999773551));
#2971=CARTESIAN_POINT('Origin',(68.3818119165087,-30.4995,22.9999999773467));
#2972=CARTESIAN_POINT('',(70.0000000000631,-30.4995,-24.000000022745));
#2973=CARTESIAN_POINT('',(70.0000000000631,-30.4995,-24.000000022745));
#2974=CARTESIAN_POINT('Origin',(70.0000000000631,-30.4995,-28.0000000227449));
#2975=CARTESIAN_POINT('Origin',(68.3818119165087,0.,22.9999999773467));
#2976=CARTESIAN_POINT('',(68.3818119165035,30.4995,23.9999999773467));
#2977=CARTESIAN_POINT('Origin',(68.3818119165087,30.4995,22.9999999773467));
#2978=CARTESIAN_POINT('',(68.3818119165035,0.,23.9999999773467));
#2979=CARTESIAN_POINT('Origin',(66.0831891688593,0.,23.9999999773348));
#2980=CARTESIAN_POINT('',(70.0000000000615,30.4995,23.9999999773551));
#2981=CARTESIAN_POINT('',(70.0000000000615,0.,23.9999999773551));
#2982=CARTESIAN_POINT('',(70.0000000000615,30.4995,23.9999999773551));
#2983=CARTESIAN_POINT('Origin',(2.6,-1.38777878078145E-15,7.49999970197678));
#2984=CARTESIAN_POINT('',(2.6,2.1,52.9));
#2985=CARTESIAN_POINT('',(2.6,-1.05,52.9));
#2986=CARTESIAN_POINT('',(2.6,2.10000000000002,30.1999998509884));
#2987=CARTESIAN_POINT('Origin',(2.6,-1.38777878078145E-15,7.49999970197678));
#2988=CARTESIAN_POINT('',(2.6,2.1,57.1));
#2989=CARTESIAN_POINT('',(2.6,2.10000000000002,30.1999998509884));
#2990=CARTESIAN_POINT('',(2.6,1.05,57.1));
#2991=CARTESIAN_POINT('Origin',(2.6,-1.38777878078145E-15,7.49999970197678));
#2992=CARTESIAN_POINT('',(2.6,-2.1,57.1));
#2993=CARTESIAN_POINT('',(2.6,1.05,57.1));
#2994=CARTESIAN_POINT('',(2.6,-2.10000000000001,32.2999998509884));
#2995=CARTESIAN_POINT('Origin',(2.6,-1.38777878078145E-15,7.49999970197678));
#2996=CARTESIAN_POINT('',(2.6,-2.1,52.9));
#2997=CARTESIAN_POINT('',(2.6,-2.10000000000001,32.2999998509884));
#2998=CARTESIAN_POINT('',(2.6,-1.05,52.9));
#2999=CARTESIAN_POINT('Origin',(2.8,-2.1,52.9));
#3000=CARTESIAN_POINT('',(2.8,-2.1,52.9));
#3001=CARTESIAN_POINT('',(2.8,-2.1,57.1));
#3002=CARTESIAN_POINT('',(2.8,-2.10000000000001,30.1999998509884));
#3003=CARTESIAN_POINT('',(2.8,-2.1,52.9));
#3004=CARTESIAN_POINT('',(2.8,-2.1,57.1));
#3005=CARTESIAN_POINT('Origin',(2.8,2.1,57.1));
#3006=CARTESIAN_POINT('',(2.8,2.1,57.1));
#3007=CARTESIAN_POINT('',(2.8,2.1,52.9));
#3008=CARTESIAN_POINT('',(2.8,2.10000000000002,32.2999998509884));
#3009=CARTESIAN_POINT('',(2.8,2.1,57.1));
#3010=CARTESIAN_POINT('',(2.8,2.1,52.9));
#3011=CARTESIAN_POINT('Origin',(2.6,-1.38777878078145E-15,7.49999970197678));
#3012=CARTESIAN_POINT('',(2.6,-2.1,-37.9000005960464));
#3013=CARTESIAN_POINT('',(2.6,1.05,-37.9000005960464));
#3014=CARTESIAN_POINT('',(2.6,-2.1,-15.2000004470348));
#3015=CARTESIAN_POINT('Origin',(2.6,-1.38777878078145E-15,7.49999970197678));
#3016=CARTESIAN_POINT('',(2.6,-2.10000000000001,-42.1000005960464));
#3017=CARTESIAN_POINT('',(2.6,-2.1,-15.2000004470348));
#3018=CARTESIAN_POINT('',(2.6,-1.05,-42.1000005960464));
#3019=CARTESIAN_POINT('Origin',(2.6,-1.38777878078145E-15,7.49999970197678));
#3020=CARTESIAN_POINT('',(2.6,2.1,-42.1000005960464));
#3021=CARTESIAN_POINT('',(2.6,-1.05,-42.1000005960464));
#3022=CARTESIAN_POINT('',(2.6,2.09999999999999,-17.3000004470348));
#3023=CARTESIAN_POINT('Origin',(2.6,-1.38777878078145E-15,7.49999970197678));
#3024=CARTESIAN_POINT('',(2.6,2.1,-37.9000005960464));
#3025=CARTESIAN_POINT('',(2.6,2.09999999999999,-17.3000004470348));
#3026=CARTESIAN_POINT('',(2.6,1.05,-37.9000005960464));
#3027=CARTESIAN_POINT('Origin',(2.8,-2.10000000000001,-42.1000005960464));
#3028=CARTESIAN_POINT('',(2.8,-2.10000000000001,-42.1000005960464));
#3029=CARTESIAN_POINT('',(2.8,-2.1,-37.9000005960464));
#3030=CARTESIAN_POINT('',(2.8,-2.1,-17.3000004470348));
#3031=CARTESIAN_POINT('',(2.8,-2.10000000000001,-42.1000005960464));
#3032=CARTESIAN_POINT('',(2.8,-2.1,-37.9000005960464));
#3033=CARTESIAN_POINT('Origin',(2.8,2.1,-37.9000005960464));
#3034=CARTESIAN_POINT('',(2.8,2.1,-37.9000005960464));
#3035=CARTESIAN_POINT('',(2.8,2.1,-42.1000005960464));
#3036=CARTESIAN_POINT('',(2.8,2.09999999999999,-15.2000004470348));
#3037=CARTESIAN_POINT('',(2.8,2.1,-37.9000005960464));
#3038=CARTESIAN_POINT('',(2.8,2.1,-42.1000005960464));
#3039=CARTESIAN_POINT('Origin',(2.8,-2.4980018054066E-15,7.49999970197677));
#3040=CARTESIAN_POINT('',(2.8,1.5534236382906,57.1));
#3041=CARTESIAN_POINT('',(2.8,-1.5534236382906,52.9));
#3042=CARTESIAN_POINT('Origin',(2.8,-2.4980018054066E-15,7.49999970197677));
#3043=CARTESIAN_POINT('',(2.8,1.55342363829059,-37.9000005960464));
#3044=CARTESIAN_POINT('',(2.8,-1.5534236382906,-42.1000005960464));
#3045=CARTESIAN_POINT('Origin',(2.8,-2.4980018054066E-15,7.49999970197677));
#3046=CARTESIAN_POINT('',(2.8,-1.5534236382906,52.9));
#3047=CARTESIAN_POINT('',(2.8,1.5534236382906,57.1));
#3048=CARTESIAN_POINT('Origin',(3.,3.1068472765812,52.9));
#3049=CARTESIAN_POINT('',(3.,1.5534236382906,52.9));
#3050=CARTESIAN_POINT('Origin',(3.,-3.1068472765812,57.1));
#3051=CARTESIAN_POINT('',(3.,-1.5534236382906,57.1));
#3052=CARTESIAN_POINT('Origin',(2.8,-2.4980018054066E-15,7.49999970197677));
#3053=CARTESIAN_POINT('',(2.8,-1.5534236382906,-42.1000005960464));
#3054=CARTESIAN_POINT('',(2.8,1.55342363829059,-37.9000005960464));
#3055=CARTESIAN_POINT('Origin',(3.,-3.1068472765812,-37.9000005960464));
#3056=CARTESIAN_POINT('',(3.,-1.5534236382906,-37.9000005960464));
#3057=CARTESIAN_POINT('Origin',(3.,3.10684727658119,-42.1000005960464));
#3058=CARTESIAN_POINT('',(3.,1.55342363829059,-42.1000005960465));
#3059=CARTESIAN_POINT('Origin',(3.,0.,55.));
#3060=CARTESIAN_POINT('Origin',(3.,0.,55.));
#3061=CARTESIAN_POINT('Origin',(3.,-4.9960036108132E-15,-40.0000005960464));
#3062=CARTESIAN_POINT('Origin',(3.,-4.9960036108132E-15,-40.0000005960464));
#3063=CARTESIAN_POINT('Origin',(70.0000000000631,0.,-40.000000011348));
#3064=CARTESIAN_POINT('',(7.50000003403857,0.,-40.0000000113479));
#3065=CARTESIAN_POINT('Origin',(70.0000000000631,0.,-40.000000011348));
#3066=CARTESIAN_POINT('',(7.50000003403857,0.,-40.0000000113479));
#3067=CARTESIAN_POINT('Origin',(-3.31512595153072E-12,0.,55.));
#3068=CARTESIAN_POINT('',(-7.50000000000393,-2.30507222628734,62.5));
#3069=CARTESIAN_POINT('Origin',(-3.30624416733372E-12,-2.30507222628735,
55.));
#3070=CARTESIAN_POINT('',(-7.50000000000389,2.30507222628733,62.5));
#3071=CARTESIAN_POINT('',(-7.50000000000394,0.,62.5));
#3072=CARTESIAN_POINT('Origin',(-3.35065308831873E-12,2.30507222628733,
55.));
#3073=CARTESIAN_POINT('Origin',(0.,-4.34481983407844,-40.3851531808131));
#3074=CARTESIAN_POINT('',(-3.43107134620093,-10.5158467343726,-43.4310713708201));
#3075=CARTESIAN_POINT('',(-7.22747050671085,-5.080947685388,-47.2274705083635));
#3076=CARTESIAN_POINT('Origin',(-0.385153137767487,-4.34481983407844,-40.3851531808131));
#3077=CARTESIAN_POINT('',(0.272529493289546,-5.080947685388,-47.2274705083635));
#3078=CARTESIAN_POINT('',(0.,-5.080947685388,-47.2274705083635));
#3079=CARTESIAN_POINT('',(4.06892865380496,-10.5158467343726,-43.4310713708201));
#3080=CARTESIAN_POINT('Origin',(7.11484686224282,-4.34481983407844,-40.3851531808131));
#3081=CARTESIAN_POINT('',(0.,-10.5158467343726,-43.4310713708201));
#3082=CARTESIAN_POINT('Origin',(0.,16.6868736346668,-46.4769895608277));
#3083=CARTESIAN_POINT('',(-3.43107134620103,10.5158467343726,-43.4310713708202));
#3084=CARTESIAN_POINT('Origin',(-6.47698955463496,16.6868736346668,-46.4769895608277));
#3085=CARTESIAN_POINT('',(4.06892865380486,10.5158467343726,-43.4310713708202));
#3086=CARTESIAN_POINT('Origin',(1.02301044536652,16.6868736346668,-46.4769895608277));
#3087=CARTESIAN_POINT('',(0.,10.5158467343726,-43.4310713708202));
#3088=CARTESIAN_POINT('Origin',(0.,0.,0.));
#3089=CARTESIAN_POINT('',(-7.22747050671096,5.08094768538778,-47.2274705083636));
#3090=CARTESIAN_POINT('Origin',(40.0000002873581,0.,0.));
#3091=CARTESIAN_POINT('',(0.27252949328943,5.08094768538778,-47.2274705083636));
#3092=CARTESIAN_POINT('',(0.,5.08094768538778,-47.2274705083636));
#3093=CARTESIAN_POINT('Origin',(47.5000002874269,0.,0.));
#3094=CARTESIAN_POINT('Origin',(0.,-16.6868736346668,46.4769895608277));
#3095=CARTESIAN_POINT('',(0.,-14.3614066163451,40.));
#3096=CARTESIAN_POINT('',(0.,-9.80507222628736,46.4769895608277));
#3097=CARTESIAN_POINT('Origin',(0.,0.,0.));
#3098=CARTESIAN_POINT('',(0.,-14.3614066479504,39.9999999886526));
#3099=CARTESIAN_POINT('',(53.4891253245384,-27.9687325678029,31.999999977355));
#3100=CARTESIAN_POINT('Ctrl Pts',(30.5108746827445,-27.968732577787,31.9999999686287));
#3101=CARTESIAN_POINT('Ctrl Pts',(31.0986157267361,-27.7272975937403,32.211019672077));
#3102=CARTESIAN_POINT('Ctrl Pts',(31.6964082799221,-27.4971473792971,32.4073412464752));
#3103=CARTESIAN_POINT('Ctrl Pts',(33.8609268339072,-26.7277492219512,33.0514679544804));
#3104=CARTESIAN_POINT('Ctrl Pts',(35.4766754898675,-26.2723448087953,33.4090505108376));
#3105=CARTESIAN_POINT('Ctrl Pts',(38.7398937513004,-25.6575649111395,33.8834786174352));
#3106=CARTESIAN_POINT('Ctrl Pts',(40.3877513308981,-25.5000000302552,33.9999999773086));
#3107=CARTESIAN_POINT('Ctrl Pts',(43.6122486690941,-25.5000000302552,33.9999999773086));
#3108=CARTESIAN_POINT('Ctrl Pts',(45.2601062486918,-25.6575649111395,33.8834786174352));
#3109=CARTESIAN_POINT('Ctrl Pts',(48.5233245101246,-26.2723448087953,33.4090505108376));
#3110=CARTESIAN_POINT('Ctrl Pts',(50.139073166085,-26.7277492219512,33.0514679544804));
#3111=CARTESIAN_POINT('Ctrl Pts',(52.303591720085,-27.4971473793024,32.4073412464708));
#3112=CARTESIAN_POINT('Ctrl Pts',(52.9013842732854,-27.7272975937516,32.2110196720673));
#3113=CARTESIAN_POINT('Ctrl Pts',(53.4891253172911,-27.9687325778048,31.9999999686131));
#3114=CARTESIAN_POINT('',(70.0000000000408,-27.9687325678029,31.999999977355));
#3115=CARTESIAN_POINT('',(0.,-27.9687325678029,31.999999977355));
#3116=CARTESIAN_POINT('Ctrl Pts',(70.0000000000408,-27.9687325678029,31.999999977355));
#3117=CARTESIAN_POINT('Ctrl Pts',(70.2522303634541,-27.9687325678029,31.999999977355));
#3118=CARTESIAN_POINT('Ctrl Pts',(70.5068821461859,-27.9965182767798,31.9757747666407));
#3119=CARTESIAN_POINT('Ctrl Pts',(71.0026488777596,-28.1049437542289,31.8805166852068));
#3120=CARTESIAN_POINT('Ctrl Pts',(71.2437949886009,-28.1854863668562,31.8095354445715));
#3121=CARTESIAN_POINT('Ctrl Pts',(71.9248041775152,-28.4874434852232,31.5402649471998));
#3122=CARTESIAN_POINT('Ctrl Pts',(72.3221265322149,-28.7711897646754,31.2830072512501));
#3123=CARTESIAN_POINT('Ctrl Pts',(73.0723799027551,-29.4711870223334,30.6270293664017));
#3124=CARTESIAN_POINT('Ctrl Pts',(73.4227606488249,-29.9651743346747,30.1474572601921));
#3125=CARTESIAN_POINT('Ctrl Pts',(73.6590584282015,-30.4818621106467,29.6159795060994));
#3126=CARTESIAN_POINT('Ctrl Pts',(73.6630539236593,-30.4906790942699,29.6069020466518));
#3127=CARTESIAN_POINT('Ctrl Pts',(73.6670145097336,-30.4995,29.5978124149404));
#3128=CARTESIAN_POINT('Origin',(0.,9.80507222628725,46.4769895608279));
#3129=CARTESIAN_POINT('',(0.,9.80507222628725,55.));
#3130=CARTESIAN_POINT('',(0.,9.80507222628725,46.4769895608279));
#3131=CARTESIAN_POINT('Origin',(0.,2.30507222628733,55.));
#3132=CARTESIAN_POINT('',(0.,2.30507222628733,62.5));
#3133=CARTESIAN_POINT('Origin',(0.,-9.80507222628735,55.));
#3134=CARTESIAN_POINT('',(0.,-9.80507222628735,55.));
#3135=CARTESIAN_POINT('Origin',(0.,-2.30507222628735,55.));
#3136=CARTESIAN_POINT('',(0.,-2.30507222628735,62.5));
#3137=CARTESIAN_POINT('Origin',(0.,16.6868736346669,46.4769895608279));
#3138=CARTESIAN_POINT('Origin',(0.,-16.6868736346668,-46.4769895608275));
#3139=CARTESIAN_POINT('Origin',(-6.47698955463481,-16.6868736346668,-46.4769895608275));
#3140=CARTESIAN_POINT('Origin',(1.02301044536667,-16.6868736346668,-46.4769895608275));
#3141=CARTESIAN_POINT('Origin',(0.,4.34481983407824,-40.385153180813));
#3142=CARTESIAN_POINT('Origin',(-0.38515313776738,4.34481983407824,-40.385153180813));
#3143=CARTESIAN_POINT('Origin',(7.11484686224292,4.34481983407824,-40.385153180813));
#3144=CARTESIAN_POINT('Origin',(2.64984058695746E-12,0.,-32.0000000227031));
#3145=CARTESIAN_POINT('',(30.5108747385003,0.,-32.0000000226859));
#3146=CARTESIAN_POINT('Origin',(41.9999999999961,0.,-2.26914331769024E-8));
#3147=CARTESIAN_POINT('',(53.4891252613274,0.,-32.0000000227449));
#3148=CARTESIAN_POINT('Origin',(53.4891252613274,0.,-32.0000000227449));
#3149=CARTESIAN_POINT('',(70.0000000000631,0.,-32.000000022745));
#3150=CARTESIAN_POINT('Origin',(7.50000003403857,0.,-40.0000000113479));
#3151=CARTESIAN_POINT('Origin',(70.0000000000631,0.,-28.0000000227449));
#3152=CARTESIAN_POINT('',(70.0000000000631,30.4995,-24.000000022745));
#3153=CARTESIAN_POINT('',(70.0000000000631,0.,-24.000000022745));
#3154=CARTESIAN_POINT('Origin',(70.0000000000631,30.4995,-28.0000000227449));
#3155=CARTESIAN_POINT('Origin',(-7.50000000000394,0.,62.5));
#3156=CARTESIAN_POINT('Origin',(70.0000000000408,0.,27.9999999773551));
#3157=CARTESIAN_POINT('',(70.0000000000408,0.,31.999999977355));
#3158=CARTESIAN_POINT('Origin',(70.0000000000408,30.4995,27.9999999773551));
#3159=CARTESIAN_POINT('Origin',(22.5000000061226,0.,39.9999999886526));
#3160=CARTESIAN_POINT('Origin',(41.9999999999961,0.,-2.26914331769024E-8));
#3161=CARTESIAN_POINT('',(53.4891253245384,0.,31.999999977355));
#3162=CARTESIAN_POINT('Origin',(70.0000000000408,0.,31.999999977355));
#3163=CARTESIAN_POINT('Origin',(70.0000000000631,0.,-24.000000022745));
#3164=CARTESIAN_POINT('',(70.0000000000631,30.4995,-24.000000022745));
#3165=CARTESIAN_POINT('Origin',(-7.49999999999607,0.,-47.5));
#3166=CARTESIAN_POINT('Origin',(37.2500000056672,30.4995,7.50000000000001));
#3167=UNCERTAINTY_MEASURE_WITH_UNIT(LENGTH_MEASURE(0.01),#3171,
'DISTANCE_ACCURACY_VALUE',
'Maximum model space distance between geometric entities at asserted c
onnectivities');
#3168=UNCERTAINTY_MEASURE_WITH_UNIT(LENGTH_MEASURE(0.01),#3171,
'DISTANCE_ACCURACY_VALUE',
'Maximum model space distance between geometric entities at asserted c
onnectivities');
#3169=(
GEOMETRIC_REPRESENTATION_CONTEXT(3)
GLOBAL_UNCERTAINTY_ASSIGNED_CONTEXT((#3167))
GLOBAL_UNIT_ASSIGNED_CONTEXT((#3171,#3173,#3174))
REPRESENTATION_CONTEXT('','3D')
);
#3170=(
GEOMETRIC_REPRESENTATION_CONTEXT(3)
GLOBAL_UNCERTAINTY_ASSIGNED_CONTEXT((#3168))
GLOBAL_UNIT_ASSIGNED_CONTEXT((#3171,#3173,#3174))
REPRESENTATION_CONTEXT('','3D')
);
#3171=(
LENGTH_UNIT()
NAMED_UNIT(*)
SI_UNIT(.MILLI.,.METRE.)
);
#3172=(
LENGTH_UNIT()
NAMED_UNIT(*)
SI_UNIT($,.METRE.)
);
#3173=(
NAMED_UNIT(*)
PLANE_ANGLE_UNIT()
SI_UNIT($,.RADIAN.)
);
#3174=(
NAMED_UNIT(*)
SI_UNIT($,.STERADIAN.)
SOLID_ANGLE_UNIT()
);
#3175=SHAPE_DEFINITION_REPRESENTATION(#3176,#3177);
#3176=PRODUCT_DEFINITION_SHAPE('',$,#3179);
#3177=SHAPE_REPRESENTATION('',(#1566),#3169);
#3178=PRODUCT_DEFINITION_CONTEXT('part definition',#3183,'design');
#3179=PRODUCT_DEFINITION('2026-09-05-09-31-58-783',
'SC63 Stroker Top (XL)',#3180,#3178);
#3180=PRODUCT_DEFINITION_FORMATION('',$,#3185);
#3181=PRODUCT_RELATED_PRODUCT_CATEGORY('SC63 Stroker Top (XL)',
'SC63 Stroker Top (XL)',(#3185));
#3182=APPLICATION_PROTOCOL_DEFINITION('international standard',
'automotive_design',2009,#3183);
#3183=APPLICATION_CONTEXT(
'Core Data for Automotive Mechanical Design Process');
#3184=PRODUCT_CONTEXT('part definition',#3183,'mechanical');
#3185=PRODUCT('2026-09-05-09-31-58-783','SC63 Stroker Top (XL)',$,(#3184));
#3186=PRESENTATION_STYLE_ASSIGNMENT((#3188));
#3187=PRESENTATION_STYLE_ASSIGNMENT((#3189));
#3188=SURFACE_STYLE_USAGE(.BOTH.,#3190);
#3189=SURFACE_STYLE_USAGE(.BOTH.,#3191);
#3190=SURFACE_SIDE_STYLE('',(#3192));
#3191=SURFACE_SIDE_STYLE('',(#3193));
#3192=SURFACE_STYLE_FILL_AREA(#3194);
#3193=SURFACE_STYLE_FILL_AREA(#3195);
#3194=FILL_AREA_STYLE('Steel - Satin',(#3196));
#3195=FILL_AREA_STYLE('PETG Black',(#3197));
#3196=FILL_AREA_STYLE_COLOUR('Steel - Satin',#3198);
#3197=FILL_AREA_STYLE_COLOUR('PETG Black',#3199);
#3198=COLOUR_RGB('Steel - Satin',0.627450980392157,0.627450980392157,0.627450980392157);
#3199=COLOUR_RGB('PETG Black',0.247058823529412,0.247058823529412,0.247058823529412);
ENDSEC;
END-ISO-10303-21;
