ISO-10303-21;
HEADER;
/* Generated by software containing ST-Developer
 * from STEP Tools, Inc. (www.steptools.com) 
 */

FILE_DESCRIPTION(
/* description */ (''),
/* implementation_level */ '2;1');

FILE_NAME(
/* name */ 'SC63 Stroker Top (Std).step',
/* time_stamp */ '2026-09-05T09:31:50+02:00',
/* author */ (''),
/* organization */ (''),
/* preprocessor_version */ 'ST-DEVELOPER v20.2',
/* originating_system */ 'Autodesk Translation Framework v15.15.0.0',
/* authorisation */ '');

FILE_SCHEMA (('AUTOMOTIVE_DESIGN { 1 0 10303 214 3 1 1 }'));
ENDSEC;

DATA;
#10=MECHANICAL_DESIGN_GEOMETRIC_PRESENTATION_REPRESENTATION('',(#13),#3187);
#11=SHAPE_REPRESENTATION_RELATIONSHIP('SRR','None',#3194,#12);
#12=ADVANCED_BREP_SHAPE_REPRESENTATION('',(#14),#3186);
#13=STYLED_ITEM('',(#3204),#14);
#14=MANIFOLD_SOLID_BREP('Body1',#1537);
#15=TOROIDAL_SURFACE('',#1590,7.50000001129752,4.5);
#16=TOROIDAL_SURFACE('',#1596,7.49999998860259,4.5);
#17=TOROIDAL_SURFACE('',#1605,7.49999998860259,4.5);
#18=TOROIDAL_SURFACE('',#1610,7.50000001129752,4.5);
#19=ELLIPSE('',#1568,9.7323369147266,6.8818014083794);
#20=ELLIPSE('',#1569,9.73233691472656,6.88180140837937);
#21=ELLIPSE('',#1570,67.1751444159121,47.5);
#22=ELLIPSE('',#1571,9.73233691472625,6.88180140837915);
#23=ELLIPSE('',#1572,9.73233691472658,6.88180140837938);
#24=ELLIPSE('',#1657,9.73233688528923,6.88180140837964);
#25=ELLIPSE('',#1658,9.73233688528884,6.88180140837937);
#26=ELLIPSE('',#1659,67.1751442127253,47.5);
#27=ELLIPSE('',#1660,9.73233688528895,6.88180140837944);
#28=ELLIPSE('',#1661,9.73233688528892,6.88180140837943);
#29=ELLIPSE('',#1665,9.73233688528886,6.88180140837943);
#30=ELLIPSE('',#1666,9.73233688528888,6.88180140837945);
#31=ELLIPSE('',#1667,67.1751442127248,47.5);
#32=ELLIPSE('',#1668,9.73233688528877,6.88180140837937);
#33=ELLIPSE('',#1669,9.73233688528916,6.88180140837964);
#34=ELLIPSE('',#1672,9.73233691473364,6.8818014083794);
#35=ELLIPSE('',#1674,9.7323369147333,6.88180140837915);
#36=ELLIPSE('',#1676,67.1751444159607,47.5);
#37=ELLIPSE('',#1685,9.73233691473362,6.88180140837938);
#38=ELLIPSE('',#1687,9.73233691473361,6.88180140837937);
#39=CYLINDRICAL_SURFACE('',#1558,2.1);
#40=CYLINDRICAL_SURFACE('',#1573,2.1);
#41=CYLINDRICAL_SURFACE('',#1578,3.75);
#42=CYLINDRICAL_SURFACE('',#1584,3.75);
#43=CYLINDRICAL_SURFACE('',#1594,4.5);
#44=CYLINDRICAL_SURFACE('',#1599,11.9999999886026);
#45=CYLINDRICAL_SURFACE('',#1602,12.0000000112975);
#46=CYLINDRICAL_SURFACE('',#1604,42.5);
#47=CYLINDRICAL_SURFACE('',#1608,4.5);
#48=CYLINDRICAL_SURFACE('',#1618,42.5);
#49=CYLINDRICAL_SURFACE('',#1619,1.);
#50=CYLINDRICAL_SURFACE('',#1620,1.);
#51=CYLINDRICAL_SURFACE('',#1622,42.5);
#52=CYLINDRICAL_SURFACE('',#1624,1.);
#53=CYLINDRICAL_SURFACE('',#1626,34.);
#54=CYLINDRICAL_SURFACE('',#1628,1.);
#55=CYLINDRICAL_SURFACE('',#1671,6.8818014083794);
#56=CYLINDRICAL_SURFACE('',#1673,6.88180140837915);
#57=CYLINDRICAL_SURFACE('',#1675,47.5);
#58=CYLINDRICAL_SURFACE('',#1677,47.5);
#59=CYLINDRICAL_SURFACE('',#1678,6.88180140837945);
#60=CYLINDRICAL_SURFACE('',#1679,6.88180140837943);
#61=CYLINDRICAL_SURFACE('',#1680,42.5);
#62=CYLINDRICAL_SURFACE('',#1682,6.88180140837937);
#63=CYLINDRICAL_SURFACE('',#1683,6.88180140837964);
#64=CYLINDRICAL_SURFACE('',#1684,6.88180140837938);
#65=CYLINDRICAL_SURFACE('',#1686,6.88180140837937);
#66=CYLINDRICAL_SURFACE('',#1690,34.);
#67=CYLINDRICAL_SURFACE('',#1692,3.99999999999999);
#68=CYLINDRICAL_SURFACE('',#1695,3.99999999999999);
#69=CYLINDRICAL_SURFACE('',#1698,34.);
#70=LINE('',#2223,#192);
#71=LINE('',#2227,#193);
#72=LINE('',#2230,#194);
#73=LINE('',#2233,#195);
#74=LINE('',#2332,#196);
#75=LINE('',#2343,#197);
#76=LINE('',#2346,#198);
#77=LINE('',#2453,#199);
#78=LINE('',#2457,#200);
#79=LINE('',#2461,#201);
#80=LINE('',#2464,#202);
#81=LINE('',#2466,#203);
#82=LINE('',#2494,#204);
#83=LINE('',#2497,#205);
#84=LINE('',#2597,#206);
#85=LINE('',#2601,#207);
#86=LINE('',#2605,#208);
#87=LINE('',#2608,#209);
#88=LINE('',#2610,#210);
#89=LINE('',#2638,#211);
#90=LINE('',#2641,#212);
#91=LINE('',#2668,#213);
#92=LINE('',#2669,#214);
#93=LINE('',#2689,#215);
#94=LINE('',#2703,#216);
#95=LINE('',#2705,#217);
#96=LINE('',#2718,#218);
#97=LINE('',#2719,#219);
#98=LINE('',#2732,#220);
#99=LINE('',#2734,#221);
#100=LINE('',#2749,#222);
#101=LINE('',#2764,#223);
#102=LINE('',#2781,#224);
#103=LINE('',#2795,#225);
#104=LINE('',#2796,#226);
#105=LINE('',#2819,#227);
#106=LINE('',#2837,#228);
#107=LINE('',#2841,#229);
#108=LINE('',#2849,#230);
#109=LINE('',#2852,#231);
#110=LINE('',#2855,#232);
#111=LINE('',#2856,#233);
#112=LINE('',#2871,#234);
#113=LINE('',#2888,#235);
#114=LINE('',#2902,#236);
#115=LINE('',#2919,#237);
#116=LINE('',#2933,#238);
#117=LINE('',#2936,#239);
#118=LINE('',#2938,#240);
#119=LINE('',#2939,#241);
#120=LINE('',#2955,#242);
#121=LINE('',#2972,#243);
#122=LINE('',#2973,#244);
#123=LINE('',#2978,#245);
#124=LINE('',#2979,#246);
#125=LINE('',#2982,#247);
#126=LINE('',#2987,#248);
#127=LINE('',#2990,#249);
#128=LINE('',#2991,#250);
#129=LINE('',#2994,#251);
#130=LINE('',#2995,#252);
#131=LINE('',#2998,#253);
#132=LINE('',#2999,#254);
#133=LINE('',#3002,#255);
#134=LINE('',#3003,#256);
#135=LINE('',#3006,#257);
#136=LINE('',#3007,#258);
#137=LINE('',#3011,#259);
#138=LINE('',#3012,#260);
#139=LINE('',#3013,#261);
#140=LINE('',#3017,#262);
#141=LINE('',#3018,#263);
#142=LINE('',#3019,#264);
#143=LINE('',#3022,#265);
#144=LINE('',#3023,#266);
#145=LINE('',#3026,#267);
#146=LINE('',#3027,#268);
#147=LINE('',#3030,#269);
#148=LINE('',#3031,#270);
#149=LINE('',#3034,#271);
#150=LINE('',#3035,#272);
#151=LINE('',#3039,#273);
#152=LINE('',#3040,#274);
#153=LINE('',#3041,#275);
#154=LINE('',#3045,#276);
#155=LINE('',#3046,#277);
#156=LINE('',#3047,#278);
#157=LINE('',#3049,#279);
#158=LINE('',#3050,#280);
#159=LINE('',#3052,#281);
#160=LINE('',#3053,#282);
#161=LINE('',#3055,#283);
#162=LINE('',#3056,#284);
#163=LINE('',#3058,#285);
#164=LINE('',#3060,#286);
#165=LINE('',#3062,#287);
#166=LINE('',#3063,#288);
#167=LINE('',#3065,#289);
#168=LINE('',#3067,#290);
#169=LINE('',#3073,#291);
#170=LINE('',#3075,#292);
#171=LINE('',#3086,#293);
#172=LINE('',#3089,#294);
#173=LINE('',#3090,#295);
#174=LINE('',#3103,#296);
#175=LINE('',#3106,#297);
#176=LINE('',#3109,#298);
#177=LINE('',#3112,#299);
#178=LINE('',#3115,#300);
#179=LINE('',#3118,#301);
#180=LINE('',#3119,#302);
#181=LINE('',#3121,#303);
#182=LINE('',#3141,#304);
#183=LINE('',#3155,#305);
#184=LINE('',#3157,#306);
#185=LINE('',#3165,#307);
#186=LINE('',#3167,#308);
#187=LINE('',#3169,#309);
#188=LINE('',#3174,#310);
#189=LINE('',#3175,#311);
#190=LINE('',#3177,#312);
#191=LINE('',#3180,#313);
#192=VECTOR('',#1713,10.);
#193=VECTOR('',#1716,10.);
#194=VECTOR('',#1719,10.);
#195=VECTOR('',#1722,2.1);
#196=VECTOR('',#1741,10.);
#197=VECTOR('',#1752,10.);
#198=VECTOR('',#1755,2.1);
#199=VECTOR('',#1768,10.);
#200=VECTOR('',#1771,10.);
#201=VECTOR('',#1774,10.);
#202=VECTOR('',#1777,3.75);
#203=VECTOR('',#1778,10.);
#204=VECTOR('',#1779,10.);
#205=VECTOR('',#1782,10.);
#206=VECTOR('',#1787,10.);
#207=VECTOR('',#1790,10.);
#208=VECTOR('',#1793,10.);
#209=VECTOR('',#1796,3.75);
#210=VECTOR('',#1797,10.);
#211=VECTOR('',#1798,10.);
#212=VECTOR('',#1801,10.);
#213=VECTOR('',#1814,10.);
#214=VECTOR('',#1815,10.);
#215=VECTOR('',#1824,10.);
#216=VECTOR('',#1827,10.);
#217=VECTOR('',#1828,10.);
#218=VECTOR('',#1831,10.);
#219=VECTOR('',#1832,10.);
#220=VECTOR('',#1835,10.);
#221=VECTOR('',#1836,10.);
#222=VECTOR('',#1841,10.);
#223=VECTOR('',#1842,10.);
#224=VECTOR('',#1843,10.);
#225=VECTOR('',#1844,10.);
#226=VECTOR('',#1845,10.);
#227=VECTOR('',#1856,10.);
#228=VECTOR('',#1863,10.);
#229=VECTOR('',#1866,10.);
#230=VECTOR('',#1873,10.);
#231=VECTOR('',#1876,10.);
#232=VECTOR('',#1879,10.);
#233=VECTOR('',#1880,10.);
#234=VECTOR('',#1881,10.);
#235=VECTOR('',#1882,10.);
#236=VECTOR('',#1885,10.);
#237=VECTOR('',#1888,10.);
#238=VECTOR('',#1889,10.);
#239=VECTOR('',#1892,10.);
#240=VECTOR('',#1893,10.);
#241=VECTOR('',#1894,10.);
#242=VECTOR('',#1897,10.);
#243=VECTOR('',#1900,10.);
#244=VECTOR('',#1901,10.);
#245=VECTOR('',#1906,10.);
#246=VECTOR('',#1907,10.);
#247=VECTOR('',#1910,10.);
#248=VECTOR('',#1917,10.);
#249=VECTOR('',#1920,10.);
#250=VECTOR('',#1921,10.);
#251=VECTOR('',#1924,10.);
#252=VECTOR('',#1925,10.);
#253=VECTOR('',#1928,10.);
#254=VECTOR('',#1929,10.);
#255=VECTOR('',#1932,10.);
#256=VECTOR('',#1933,10.);
#257=VECTOR('',#1936,10.);
#258=VECTOR('',#1937,10.);
#259=VECTOR('',#1940,10.);
#260=VECTOR('',#1941,10.);
#261=VECTOR('',#1942,10.);
#262=VECTOR('',#1945,10.);
#263=VECTOR('',#1946,10.);
#264=VECTOR('',#1947,10.);
#265=VECTOR('',#1950,10.);
#266=VECTOR('',#1951,10.);
#267=VECTOR('',#1954,10.);
#268=VECTOR('',#1955,10.);
#269=VECTOR('',#1958,10.);
#270=VECTOR('',#1959,10.);
#271=VECTOR('',#1962,10.);
#272=VECTOR('',#1963,10.);
#273=VECTOR('',#1966,10.);
#274=VECTOR('',#1967,10.);
#275=VECTOR('',#1968,10.);
#276=VECTOR('',#1971,10.);
#277=VECTOR('',#1972,10.);
#278=VECTOR('',#1973,10.);
#279=VECTOR('',#1976,10.);
#280=VECTOR('',#1977,10.);
#281=VECTOR('',#1980,10.);
#282=VECTOR('',#1981,10.);
#283=VECTOR('',#1984,10.);
#284=VECTOR('',#1985,10.);
#285=VECTOR('',#1988,10.);
#286=VECTOR('',#1991,10.);
#287=VECTOR('',#1994,10.);
#288=VECTOR('',#1995,10.);
#289=VECTOR('',#1998,10.);
#290=VECTOR('',#2001,10.);
#291=VECTOR('',#2012,10.);
#292=VECTOR('',#2015,10.);
#293=VECTOR('',#2028,10.);
#294=VECTOR('',#2031,10.);
#295=VECTOR('',#2032,10.);
#296=VECTOR('',#2049,10.);
#297=VECTOR('',#2052,10.);
#298=VECTOR('',#2055,10.);
#299=VECTOR('',#2058,10.);
#300=VECTOR('',#2061,10.);
#301=VECTOR('',#2066,10.);
#302=VECTOR('',#2067,10.);
#303=VECTOR('',#2070,10.);
#304=VECTOR('',#2077,10.);
#305=VECTOR('',#2078,10.);
#306=VECTOR('',#2081,10.);
#307=VECTOR('',#2096,10.);
#308=VECTOR('',#2099,10.);
#309=VECTOR('',#2102,10.);
#310=VECTOR('',#2109,10.);
#311=VECTOR('',#2110,10.);
#312=VECTOR('',#2113,10.);
#313=VECTOR('',#2118,10.);
#314=PLANE('',#1555);
#315=PLANE('',#1567);
#316=PLANE('',#1601);
#317=PLANE('',#1612);
#318=PLANE('',#1621);
#319=PLANE('',#1630);
#320=PLANE('',#1631);
#321=PLANE('',#1632);
#322=PLANE('',#1633);
#323=PLANE('',#1634);
#324=PLANE('',#1635);
#325=PLANE('',#1636);
#326=PLANE('',#1637);
#327=PLANE('',#1638);
#328=PLANE('',#1639);
#329=PLANE('',#1640);
#330=PLANE('',#1641);
#331=PLANE('',#1642);
#332=PLANE('',#1643);
#333=PLANE('',#1644);
#334=PLANE('',#1645);
#335=PLANE('',#1646);
#336=PLANE('',#1647);
#337=PLANE('',#1648);
#338=PLANE('',#1649);
#339=PLANE('',#1650);
#340=PLANE('',#1651);
#341=PLANE('',#1652);
#342=PLANE('',#1653);
#343=PLANE('',#1654);
#344=PLANE('',#1655);
#345=PLANE('',#1656);
#346=PLANE('',#1662);
#347=PLANE('',#1663);
#348=PLANE('',#1664);
#349=PLANE('',#1670);
#350=PLANE('',#1688);
#351=PLANE('',#1689);
#352=PLANE('',#1691);
#353=PLANE('',#1694);
#354=PLANE('',#1697);
#355=PLANE('',#1699);
#356=PLANE('',#1700);
#357=B_SPLINE_SURFACE_WITH_KNOTS('',3,3,((#2161,#2162,#2163,#2164,#2165,
#2166,#2167,#2168,#2169,#2170),(#2171,#2172,#2173,#2174,#2175,#2176,#2177,
#2178,#2179,#2180),(#2181,#2182,#2183,#2184,#2185,#2186,#2187,#2188,#2189,
#2190),(#2191,#2192,#2193,#2194,#2195,#2196,#2197,#2198,#2199,#2200)),
 .UNSPECIFIED.,.F.,.F.,.F.,(4,4),(4,1,1,1,1,1,1,4),(0.,1.),(-1.64068390158637,
-1.17191707256169,-0.703150243537015,-0.234383414512338,0.234383414512338,
0.703150243537014,1.17191707256169,1.64068390158637),.UNSPECIFIED.);
#358=B_SPLINE_SURFACE_WITH_KNOTS('',3,3,((#2241,#2242,#2243,#2244,#2245,
#2246,#2247,#2248,#2249),(#2250,#2251,#2252,#2253,#2254,#2255,#2256,#2257,
#2258),(#2259,#2260,#2261,#2262,#2263,#2264,#2265,#2266,#2267),(#2268,#2269,
#2270,#2271,#2272,#2273,#2274,#2275,#2276)),.UNSPECIFIED.,.F.,.F.,.F.,(4,
4),(4,1,1,1,1,1,4),(0.,1.),(-1.64068388014337,-1.17191705724526,-0.234383411449054,
0.234383411449052,0.703150234347157,1.17191705724526,1.64068388014337),
 .UNSPECIFIED.);
#359=B_SPLINE_SURFACE_WITH_KNOTS('',3,3,((#2354,#2355,#2356,#2357,#2358,
#2359,#2360,#2361,#2362),(#2363,#2364,#2365,#2366,#2367,#2368,#2369,#2370,
#2371),(#2372,#2373,#2374,#2375,#2376,#2377,#2378,#2379,#2380),(#2381,#2382,
#2383,#2384,#2385,#2386,#2387,#2388,#2389)),.UNSPECIFIED.,.F.,.F.,.F.,(4,
4),(4,1,1,1,1,1,4),(0.,1.),(1.57079618062027,2.46839416517428,2.91719315745129,
3.3659921497283,3.8147911420053,4.03919063814381,4.71238912655932),
 .UNSPECIFIED.);
#360=B_SPLINE_SURFACE_WITH_KNOTS('',3,3,((#2498,#2499,#2500,#2501,#2502,
#2503,#2504,#2505,#2506),(#2507,#2508,#2509,#2510,#2511,#2512,#2513,#2514,
#2515),(#2516,#2517,#2518,#2519,#2520,#2521,#2522,#2523,#2524),(#2525,#2526,
#2527,#2528,#2529,#2530,#2531,#2532,#2533)),.UNSPECIFIED.,.F.,.F.,.F.,(4,
4),(4,1,1,1,1,1,4),(0.,1.),(-1.57079647864336,-0.673198490847156,-0.224399496949052,
0.224399496949052,0.673198490847156,0.897597987796208,1.57079647864336),
 .UNSPECIFIED.);
#361=FACE_OUTER_BOUND('',#445,.T.);
#362=FACE_OUTER_BOUND('',#446,.T.);
#363=FACE_OUTER_BOUND('',#447,.T.);
#364=FACE_OUTER_BOUND('',#448,.T.);
#365=FACE_OUTER_BOUND('',#449,.T.);
#366=FACE_OUTER_BOUND('',#450,.T.);
#367=FACE_OUTER_BOUND('',#451,.T.);
#368=FACE_OUTER_BOUND('',#452,.T.);
#369=FACE_OUTER_BOUND('',#453,.T.);
#370=FACE_OUTER_BOUND('',#454,.T.);
#371=FACE_OUTER_BOUND('',#455,.T.);
#372=FACE_OUTER_BOUND('',#456,.T.);
#373=FACE_OUTER_BOUND('',#457,.T.);
#374=FACE_OUTER_BOUND('',#458,.T.);
#375=FACE_OUTER_BOUND('',#459,.T.);
#376=FACE_OUTER_BOUND('',#460,.T.);
#377=FACE_OUTER_BOUND('',#461,.T.);
#378=FACE_OUTER_BOUND('',#462,.T.);
#379=FACE_OUTER_BOUND('',#463,.T.);
#380=FACE_OUTER_BOUND('',#464,.T.);
#381=FACE_OUTER_BOUND('',#465,.T.);
#382=FACE_OUTER_BOUND('',#466,.T.);
#383=FACE_OUTER_BOUND('',#467,.T.);
#384=FACE_OUTER_BOUND('',#468,.T.);
#385=FACE_OUTER_BOUND('',#469,.T.);
#386=FACE_OUTER_BOUND('',#470,.T.);
#387=FACE_OUTER_BOUND('',#471,.T.);
#388=FACE_OUTER_BOUND('',#472,.T.);
#389=FACE_OUTER_BOUND('',#473,.T.);
#390=FACE_OUTER_BOUND('',#474,.T.);
#391=FACE_OUTER_BOUND('',#475,.T.);
#392=FACE_OUTER_BOUND('',#476,.T.);
#393=FACE_OUTER_BOUND('',#477,.T.);
#394=FACE_OUTER_BOUND('',#478,.T.);
#395=FACE_OUTER_BOUND('',#479,.T.);
#396=FACE_OUTER_BOUND('',#480,.T.);
#397=FACE_OUTER_BOUND('',#481,.T.);
#398=FACE_OUTER_BOUND('',#482,.T.);
#399=FACE_OUTER_BOUND('',#483,.T.);
#400=FACE_OUTER_BOUND('',#484,.T.);
#401=FACE_OUTER_BOUND('',#485,.T.);
#402=FACE_OUTER_BOUND('',#486,.T.);
#403=FACE_OUTER_BOUND('',#487,.T.);
#404=FACE_OUTER_BOUND('',#488,.T.);
#405=FACE_OUTER_BOUND('',#489,.T.);
#406=FACE_OUTER_BOUND('',#490,.T.);
#407=FACE_OUTER_BOUND('',#491,.T.);
#408=FACE_OUTER_BOUND('',#492,.T.);
#409=FACE_OUTER_BOUND('',#493,.T.);
#410=FACE_OUTER_BOUND('',#494,.T.);
#411=FACE_OUTER_BOUND('',#495,.T.);
#412=FACE_OUTER_BOUND('',#496,.T.);
#413=FACE_OUTER_BOUND('',#497,.T.);
#414=FACE_OUTER_BOUND('',#498,.T.);
#415=FACE_OUTER_BOUND('',#499,.T.);
#416=FACE_OUTER_BOUND('',#500,.T.);
#417=FACE_OUTER_BOUND('',#501,.T.);
#418=FACE_OUTER_BOUND('',#502,.T.);
#419=FACE_OUTER_BOUND('',#503,.T.);
#420=FACE_OUTER_BOUND('',#504,.T.);
#421=FACE_OUTER_BOUND('',#505,.T.);
#422=FACE_OUTER_BOUND('',#506,.T.);
#423=FACE_OUTER_BOUND('',#507,.T.);
#424=FACE_OUTER_BOUND('',#508,.T.);
#425=FACE_OUTER_BOUND('',#509,.T.);
#426=FACE_OUTER_BOUND('',#510,.T.);
#427=FACE_OUTER_BOUND('',#511,.T.);
#428=FACE_OUTER_BOUND('',#512,.T.);
#429=FACE_OUTER_BOUND('',#513,.T.);
#430=FACE_OUTER_BOUND('',#514,.T.);
#431=FACE_OUTER_BOUND('',#515,.T.);
#432=FACE_OUTER_BOUND('',#516,.T.);
#433=FACE_OUTER_BOUND('',#517,.T.);
#434=FACE_OUTER_BOUND('',#518,.T.);
#435=FACE_OUTER_BOUND('',#519,.T.);
#436=FACE_OUTER_BOUND('',#520,.T.);
#437=FACE_OUTER_BOUND('',#521,.T.);
#438=FACE_OUTER_BOUND('',#522,.T.);
#439=FACE_OUTER_BOUND('',#523,.T.);
#440=FACE_OUTER_BOUND('',#524,.T.);
#441=FACE_OUTER_BOUND('',#525,.T.);
#442=FACE_OUTER_BOUND('',#526,.T.);
#443=FACE_OUTER_BOUND('',#527,.T.);
#444=FACE_OUTER_BOUND('',#528,.T.);
#445=EDGE_LOOP('',(#991,#992,#993,#994,#995));
#446=EDGE_LOOP('',(#996,#997,#998,#999));
#447=EDGE_LOOP('',(#1000,#1001,#1002,#1003,#1004,#1005));
#448=EDGE_LOOP('',(#1006,#1007,#1008,#1009,#1010,#1011,#1012,#1013,#1014));
#449=EDGE_LOOP('',(#1015,#1016,#1017,#1018));
#450=EDGE_LOOP('',(#1019,#1020,#1021,#1022,#1023));
#451=EDGE_LOOP('',(#1024,#1025,#1026,#1027,#1028,#1029,#1030,#1031));
#452=EDGE_LOOP('',(#1032,#1033,#1034,#1035,#1036,#1037,#1038,#1039,#1040));
#453=EDGE_LOOP('',(#1041,#1042,#1043,#1044));
#454=EDGE_LOOP('',(#1045,#1046,#1047,#1048,#1049,#1050,#1051,#1052,#1053,
#1054,#1055,#1056,#1057,#1058,#1059));
#455=EDGE_LOOP('',(#1060,#1061,#1062,#1063));
#456=EDGE_LOOP('',(#1064,#1065,#1066,#1067,#1068,#1069,#1070,#1071,#1072,
#1073,#1074,#1075,#1076,#1077,#1078));
#457=EDGE_LOOP('',(#1079,#1080,#1081,#1082));
#458=EDGE_LOOP('',(#1083,#1084,#1085,#1086));
#459=EDGE_LOOP('',(#1087,#1088,#1089,#1090));
#460=EDGE_LOOP('',(#1091,#1092,#1093,#1094,#1095,#1096,#1097,#1098));
#461=EDGE_LOOP('',(#1099,#1100,#1101,#1102));
#462=EDGE_LOOP('',(#1103,#1104,#1105,#1106,#1107,#1108,#1109,#1110));
#463=EDGE_LOOP('',(#1111,#1112,#1113,#1114,#1115,#1116,#1117,#1118,#1119,
#1120,#1121));
#464=EDGE_LOOP('',(#1122,#1123,#1124,#1125));
#465=EDGE_LOOP('',(#1126,#1127,#1128,#1129));
#466=EDGE_LOOP('',(#1130,#1131,#1132,#1133));
#467=EDGE_LOOP('',(#1134,#1135,#1136,#1137,#1138,#1139,#1140,#1141,#1142,
#1143,#1144,#1145));
#468=EDGE_LOOP('',(#1146,#1147,#1148,#1149,#1150,#1151,#1152,#1153,#1154,
#1155,#1156));
#469=EDGE_LOOP('',(#1157,#1158,#1159,#1160));
#470=EDGE_LOOP('',(#1161,#1162,#1163,#1164));
#471=EDGE_LOOP('',(#1165,#1166,#1167,#1168));
#472=EDGE_LOOP('',(#1169,#1170,#1171,#1172,#1173,#1174,#1175,#1176,#1177,
#1178,#1179));
#473=EDGE_LOOP('',(#1180,#1181,#1182,#1183));
#474=EDGE_LOOP('',(#1184,#1185,#1186,#1187));
#475=EDGE_LOOP('',(#1188,#1189,#1190,#1191));
#476=EDGE_LOOP('',(#1192,#1193,#1194,#1195));
#477=EDGE_LOOP('',(#1196,#1197,#1198));
#478=EDGE_LOOP('',(#1199,#1200,#1201));
#479=EDGE_LOOP('',(#1202,#1203,#1204));
#480=EDGE_LOOP('',(#1205,#1206,#1207));
#481=EDGE_LOOP('',(#1208,#1209,#1210,#1211,#1212));
#482=EDGE_LOOP('',(#1213,#1214,#1215,#1216,#1217));
#483=EDGE_LOOP('',(#1218,#1219,#1220));
#484=EDGE_LOOP('',(#1221,#1222,#1223));
#485=EDGE_LOOP('',(#1224,#1225,#1226));
#486=EDGE_LOOP('',(#1227,#1228,#1229));
#487=EDGE_LOOP('',(#1230,#1231,#1232,#1233,#1234));
#488=EDGE_LOOP('',(#1235,#1236,#1237,#1238,#1239));
#489=EDGE_LOOP('',(#1240,#1241,#1242,#1243,#1244));
#490=EDGE_LOOP('',(#1245,#1246,#1247,#1248,#1249));
#491=EDGE_LOOP('',(#1250,#1251,#1252,#1253));
#492=EDGE_LOOP('',(#1254,#1255,#1256,#1257,#1258,#1259,#1260,#1261,#1262));
#493=EDGE_LOOP('',(#1263,#1264,#1265,#1266,#1267,#1268,#1269,#1270,#1271));
#494=EDGE_LOOP('',(#1272,#1273,#1274,#1275));
#495=EDGE_LOOP('',(#1276,#1277,#1278,#1279,#1280,#1281,#1282,#1283,#1284));
#496=EDGE_LOOP('',(#1285,#1286,#1287,#1288,#1289,#1290,#1291,#1292,#1293));
#497=EDGE_LOOP('',(#1294,#1295));
#498=EDGE_LOOP('',(#1296,#1297));
#499=EDGE_LOOP('',(#1298,#1299));
#500=EDGE_LOOP('',(#1300,#1301));
#501=EDGE_LOOP('',(#1302,#1303,#1304,#1305,#1306));
#502=EDGE_LOOP('',(#1307,#1308,#1309,#1310,#1311,#1312,#1313,#1314));
#503=EDGE_LOOP('',(#1315,#1316,#1317,#1318,#1319));
#504=EDGE_LOOP('',(#1320,#1321,#1322,#1323,#1324));
#505=EDGE_LOOP('',(#1325,#1326,#1327,#1328,#1329,#1330,#1331,#1332));
#506=EDGE_LOOP('',(#1333,#1334,#1335,#1336,#1337));
#507=EDGE_LOOP('',(#1338,#1339,#1340,#1341));
#508=EDGE_LOOP('',(#1342,#1343,#1344,#1345));
#509=EDGE_LOOP('',(#1346,#1347,#1348,#1349));
#510=EDGE_LOOP('',(#1350,#1351,#1352,#1353));
#511=EDGE_LOOP('',(#1354,#1355,#1356,#1357));
#512=EDGE_LOOP('',(#1358,#1359,#1360,#1361));
#513=EDGE_LOOP('',(#1362,#1363,#1364,#1365,#1366,#1367,#1368,#1369,#1370,
#1371,#1372));
#514=EDGE_LOOP('',(#1373,#1374,#1375,#1376));
#515=EDGE_LOOP('',(#1377,#1378,#1379,#1380));
#516=EDGE_LOOP('',(#1381,#1382,#1383,#1384));
#517=EDGE_LOOP('',(#1385,#1386,#1387,#1388));
#518=EDGE_LOOP('',(#1389,#1390,#1391,#1392,#1393,#1394,#1395,#1396));
#519=EDGE_LOOP('',(#1397,#1398,#1399,#1400));
#520=EDGE_LOOP('',(#1401,#1402,#1403,#1404));
#521=EDGE_LOOP('',(#1405,#1406,#1407,#1408));
#522=EDGE_LOOP('',(#1409,#1410,#1411,#1412,#1413,#1414));
#523=EDGE_LOOP('',(#1415,#1416,#1417,#1418));
#524=EDGE_LOOP('',(#1419,#1420,#1421,#1422,#1423,#1424));
#525=EDGE_LOOP('',(#1425,#1426,#1427,#1428));
#526=EDGE_LOOP('',(#1429,#1430,#1431,#1432));
#527=EDGE_LOOP('',(#1433,#1434,#1435,#1436,#1437,#1438));
#528=EDGE_LOOP('',(#1439,#1440,#1441,#1442,#1443,#1444,#1445,#1446,#1447,
#1448,#1449,#1450));
#529=B_SPLINE_CURVE_WITH_KNOTS('',3,(#2133,#2134,#2135,#2136,#2137,#2138,
#2139,#2140,#2141,#2142,#2143,#2144,#2145),.UNSPECIFIED.,.F.,.F.,(4,3,3,
3,4),(0.,0.0183487876615433,0.0364446090579785,0.0575639415216893,0.0741853495546538),
 .UNSPECIFIED.);
#530=B_SPLINE_CURVE_WITH_KNOTS('',3,(#2148,#2149,#2150,#2151,#2152,#2153,
#2154,#2155,#2156,#2157,#2158,#2159,#2160),.UNSPECIFIED.,.F.,.F.,(4,3,3,
3,4),(-0.0742647633009528,-0.0558977785025093,-0.0377707838740999,-0.0166396752640019,
0.),.UNSPECIFIED.);
#531=B_SPLINE_CURVE_WITH_KNOTS('',3,(#2201,#2202,#2203,#2204,#2205,#2206,
#2207,#2208,#2209,#2210),.UNSPECIFIED.,.F.,.F.,(4,1,1,1,1,1,1,4),(-1.57081344106827,
-1.17191707256169,-0.703150243537014,-0.234383414512338,0.234383414512338,
0.703150243537015,1.17191707256169,1.57080405890577),.UNSPECIFIED.);
#532=B_SPLINE_CURVE_WITH_KNOTS('',3,(#2211,#2212,#2213,#2214,#2215,#2216,
#2217,#2218,#2219,#2220),.UNSPECIFIED.,.F.,.F.,(4,1,1,1,1,1,1,4),(-1.64068390158637,
-1.17191707256169,-0.703150243537015,-0.234383414512338,0.234383414512338,
0.703150243537014,1.17191707256169,1.64068390158637),.UNSPECIFIED.);
#533=B_SPLINE_CURVE_WITH_KNOTS('',3,(#2279,#2280,#2281,#2282,#2283,#2284,
#2285,#2286,#2287),.UNSPECIFIED.,.F.,.F.,(4,1,1,1,1,1,4),(-1.57080783603005,
-1.17191705724526,-0.703150234347157,-0.234383411449052,0.234383411449054,
1.17191705724526,1.57074206396379),.UNSPECIFIED.);
#534=B_SPLINE_CURVE_WITH_KNOTS('',3,(#2289,#2290,#2291,#2292,#2293,#2294,
#2295,#2296,#2297,#2298,#2299,#2300,#2301),.UNSPECIFIED.,.F.,.F.,(4,3,3,
3,4),(-0.0741853498872962,-0.0528756833086991,-0.0364446092399772,-0.0181746306001576,
0.),.UNSPECIFIED.);
#535=B_SPLINE_CURVE_WITH_KNOTS('',3,(#2303,#2304,#2305,#2306,#2307,#2308,
#2309,#2310,#2311),.UNSPECIFIED.,.F.,.F.,(4,1,1,1,1,1,4),(-1.64068388014337,
-1.17191705724526,-0.234383411449054,0.234383411449052,0.703150234347157,
1.17191705724526,1.64068388014337),.UNSPECIFIED.);
#536=B_SPLINE_CURVE_WITH_KNOTS('',3,(#2312,#2313,#2314,#2315,#2316,#2317,
#2318,#2319,#2320,#2321,#2322,#2323,#2324),.UNSPECIFIED.,.F.,.F.,(4,3,3,
3,4),(-0.074264763631093,-0.0558918638721072,-0.0377707840237325,-0.0166651075806651,
0.),.UNSPECIFIED.);
#537=B_SPLINE_CURVE_WITH_KNOTS('',3,(#2392,#2393,#2394,#2395,#2396,#2397,
#2398,#2399,#2400,#2401,#2402,#2403,#2404),.UNSPECIFIED.,.F.,.F.,(4,3,3,
3,4),(0.,0.0366329071247219,0.043031865621224,0.0821299272589637,0.0866128035540397),
 .UNSPECIFIED.);
#538=B_SPLINE_CURVE_WITH_KNOTS('',3,(#2406,#2407,#2408,#2409,#2410,#2411,
#2412,#2413,#2414),.UNSPECIFIED.,.F.,.F.,(4,1,1,1,1,1,4),(1.6650022895522,
2.46839416517428,2.91719315745129,3.3659921497283,3.8147911420053,4.03919063814381,
4.61821788477584),.UNSPECIFIED.);
#539=B_SPLINE_CURVE_WITH_KNOTS('',3,(#2416,#2417,#2418,#2419,#2420,#2421,
#2422,#2423,#2424,#2425,#2426,#2427,#2428),.UNSPECIFIED.,.F.,.F.,(4,3,3,
3,4),(0.,0.0390483486475366,0.0435572774435174,0.0801612001553722,0.0866045413048748),
 .UNSPECIFIED.);
#540=B_SPLINE_CURVE_WITH_KNOTS('',3,(#2429,#2430,#2431,#2432,#2433,#2434,
#2435,#2436,#2437,#2438,#2439,#2440,#2441,#2442,#2443,#2444,#2445,#2446,
#2447),.UNSPECIFIED.,.F.,.F.,(4,3,3,3,3,3,4),(-4.71238912655932,-4.03919063814381,
-3.8147911420053,-3.3659921497283,-2.91719315745129,-2.46839416517428,-1.57079618062027),
 .UNSPECIFIED.);
#541=B_SPLINE_CURVE_WITH_KNOTS('',3,(#2468,#2469,#2470,#2471,#2472,#2473,
#2474,#2475,#2476,#2477,#2478,#2479,#2480,#2481,#2482,#2483,#2484,#2485,
#2486,#2487,#2488,#2489,#2490,#2491,#2492,#2493),.UNSPECIFIED.,.F.,.F.,
(4,2,2,2,2,2,2,2,2,2,2,2,4),(-2.29925903448585,-2.07386609521849,-1.84847315595114,
-1.62308021668378,-1.39768727741642,-1.27365839732967,-1.14962951724293,
-1.02560063715618,-0.901571757069435,-0.676178817802076,-0.450785878534718,
-0.225392939267358,0.),.UNSPECIFIED.);
#542=B_SPLINE_CURVE_WITH_KNOTS('',3,(#2536,#2537,#2538,#2539,#2540,#2541,
#2542,#2543,#2544,#2545,#2546,#2547,#2548),.UNSPECIFIED.,.F.,.F.,(4,3,3,
3,4),(0.,0.0366329072560917,0.0430318655433367,0.0821299273447461,0.0866128033870335),
 .UNSPECIFIED.);
#543=B_SPLINE_CURVE_WITH_KNOTS('',3,(#2550,#2551,#2552,#2553,#2554,#2555,
#2556,#2557,#2558),.UNSPECIFIED.,.F.,.F.,(4,1,1,1,1,1,4),(-1.47659037034869,
-0.673198490847156,-0.224399496949052,0.224399496949052,0.673198490847156,
0.897597987796208,1.4766252374966),.UNSPECIFIED.);
#544=B_SPLINE_CURVE_WITH_KNOTS('',3,(#2560,#2561,#2562,#2563,#2564,#2565,
#2566,#2567,#2568,#2569,#2570,#2571,#2572),.UNSPECIFIED.,.F.,.F.,(4,3,3,
3,4),(0.,0.0390483488106249,0.0435572773548373,0.0801612002064097,0.0866045411380269),
 .UNSPECIFIED.);
#545=B_SPLINE_CURVE_WITH_KNOTS('',3,(#2573,#2574,#2575,#2576,#2577,#2578,
#2579,#2580,#2581,#2582,#2583,#2584,#2585,#2586,#2587,#2588,#2589,#2590,
#2591),.UNSPECIFIED.,.F.,.F.,(4,3,3,3,3,3,4),(-1.57079647733767,-0.897597987796208,
-0.673198490847156,-0.224399496949052,0.224399496949052,0.673198490847156,
1.57079647733767),.UNSPECIFIED.);
#546=B_SPLINE_CURVE_WITH_KNOTS('',3,(#2612,#2613,#2614,#2615,#2616,#2617,
#2618,#2619,#2620,#2621,#2622,#2623,#2624,#2625,#2626,#2627,#2628,#2629,
#2630,#2631,#2632,#2633,#2634,#2635,#2636,#2637),.UNSPECIFIED.,.F.,.F.,
(4,2,2,2,2,2,2,2,2,2,2,2,4),(-2.29925902879737,-2.07386609002469,-1.84847315125201,
-1.62308021247933,-1.39768727370665,-1.27365839405267,-1.14962951439869,
-1.0256006347447,-0.90157175509072,-0.67617881631804,-0.450785877545361,
-0.22539293877268,0.),.UNSPECIFIED.);
#547=B_SPLINE_CURVE_WITH_KNOTS('',3,(#2645,#2646,#2647,#2648,#2649,#2650,
#2651,#2652,#2653,#2654,#2655,#2656,#2657,#2658),.UNSPECIFIED.,.F.,.F.,
(4,2,2,2,2,2,4),(3.63667389267138,3.64902559992646,3.76109639855401,3.87656026870612,
4.0179162987889,4.19625659763154,4.40249135260568),.UNSPECIFIED.);
#548=B_SPLINE_CURVE_WITH_KNOTS('',3,(#2673,#2674,#2675,#2676,#2677,#2678,
#2679,#2680,#2681,#2682,#2683,#2684),.UNSPECIFIED.,.F.,.F.,(4,2,2,2,2,4),
(3.73638888900835,3.95300975225106,4.13601792239264,4.2825865266239,4.39766979388534,
4.48038073127515),.UNSPECIFIED.);
#549=B_SPLINE_CURVE_WITH_KNOTS('',3,(#2693,#2694,#2695,#2696,#2697,#2698,
#2699,#2700,#2701,#2702),.UNSPECIFIED.,.F.,.F.,(4,2,2,2,4),(4.54960194602858,
4.81411247450451,5.07862300298043,5.60764405993228,6.31033332277003),
 .UNSPECIFIED.);
#550=B_SPLINE_CURVE_WITH_KNOTS('',3,(#2706,#2707,#2708,#2709,#2710,#2711,
#2712,#2713,#2714,#2715),.UNSPECIFIED.,.F.,.F.,(4,2,2,2,4),(2.78887056928713,
3.49155983212489,4.02058088907673,4.28509141755266,4.54960194602858),
 .UNSPECIFIED.);
#551=B_SPLINE_CURVE_WITH_KNOTS('',3,(#2722,#2723,#2724,#2725,#2726,#2727,
#2728,#2729,#2730,#2731),.UNSPECIFIED.,.F.,.F.,(4,2,2,2,4),(0.,0.264510528663104,
0.529021057326209,1.05804211465242,1.76073137143402),.UNSPECIFIED.);
#552=B_SPLINE_CURVE_WITH_KNOTS('',3,(#2736,#2737,#2738,#2739,#2740,#2741,
#2742,#2743,#2744,#2745),.UNSPECIFIED.,.F.,.F.,(4,2,2,2,4),(-1.76073137143402,
-1.05804211465242,-0.529021057326208,-0.264510528663104,0.),
 .UNSPECIFIED.);
#553=B_SPLINE_CURVE_WITH_KNOTS('',3,(#2751,#2752,#2753,#2754,#2755,#2756,
#2757,#2758,#2759,#2760,#2761,#2762),.UNSPECIFIED.,.F.,.F.,(4,2,2,2,2,4),
(-0.520409949569125,-0.51669625334091,-0.302676436095934,-0.151338218047967,
-0.0756691090239832,0.),.UNSPECIFIED.);
#554=B_SPLINE_CURVE_WITH_KNOTS('',3,(#2766,#2767,#2768,#2769,#2770,#2771,
#2772,#2773,#2774,#2775,#2776,#2777,#2778,#2779),.UNSPECIFIED.,.F.,.F.,
(4,2,2,2,2,2,4),(2.96542932545887,3.15348791754926,3.63716251827866,4.12083711900807,
4.60451171973747,5.08818632046687,5.27624491255263),.UNSPECIFIED.);
#555=B_SPLINE_CURVE_WITH_KNOTS('',3,(#2782,#2783,#2784,#2785,#2786,#2787,
#2788,#2789,#2790,#2791,#2792,#2793),.UNSPECIFIED.,.F.,.F.,(4,2,2,2,2,4),
(0.20049552286715,0.260936602171894,0.321377681476639,0.35841520375275,
0.376933964890806,0.395452726028862),.UNSPECIFIED.);
#556=B_SPLINE_CURVE_WITH_KNOTS('',3,(#2799,#2800,#2801,#2802,#2803,#2804,
#2805,#2806,#2807,#2808,#2809,#2810,#2811,#2812),.UNSPECIFIED.,.F.,.F.,
(4,2,2,2,2,2,4),(3.63667414458418,3.64902584066667,3.76109663799814,3.87656050637604,
4.01791653342904,4.19625682913812,4.40249160487239),.UNSPECIFIED.);
#557=B_SPLINE_CURVE_WITH_KNOTS('',3,(#2822,#2823,#2824,#2825,#2826,#2827,
#2828,#2829,#2830,#2831,#2832,#2833),.UNSPECIFIED.,.F.,.F.,(4,2,2,2,2,4),
(3.73638903048066,3.95300989421536,4.13601806548609,4.28258667128292,4.39766994042679,
4.48038088031589),.UNSPECIFIED.);
#558=B_SPLINE_CURVE_WITH_KNOTS('',3,(#2858,#2859,#2860,#2861,#2862,#2863,
#2864,#2865,#2866,#2867,#2868,#2869),.UNSPECIFIED.,.F.,.F.,(4,2,2,2,2,4),
(0.395452726028862,0.413971487166918,0.432490248304973,0.469527770581085,
0.52996884988583,0.590409929190574),.UNSPECIFIED.);
#559=B_SPLINE_CURVE_WITH_KNOTS('',3,(#2873,#2874,#2875,#2876,#2877,#2878,
#2879,#2880,#2881,#2882,#2883,#2884,#2885,#2886),.UNSPECIFIED.,.F.,.F.,
(4,2,2,2,2,2,4),(2.9654293254635,3.15348791754926,3.63716251827866,4.12083711900807,
4.60451171973747,5.08818632046687,5.27624491255726),.UNSPECIFIED.);
#560=B_SPLINE_CURVE_WITH_KNOTS('',3,(#2889,#2890,#2891,#2892,#2893,#2894,
#2895,#2896,#2897,#2898,#2899,#2900),.UNSPECIFIED.,.F.,.F.,(4,2,2,2,2,4),
(0.,0.0756691090239834,0.151338218047967,0.302676436095934,0.51669625334091,
0.520409949569126),.UNSPECIFIED.);
#561=B_SPLINE_CURVE_WITH_KNOTS('',3,(#2906,#2907,#2908,#2909,#2910,#2911,
#2912,#2913,#2914,#2915,#2916,#2917),.UNSPECIFIED.,.F.,.F.,(4,2,2,2,2,4),
(0.791394926461092,0.809913687598708,0.828432448736324,0.865469971011556,
0.925911050445044,0.986352129878532),.UNSPECIFIED.);
#562=B_SPLINE_CURVE_WITH_KNOTS('',3,(#2921,#2922,#2923,#2924,#2925,#2926,
#2927,#2928,#2929,#2930,#2931,#2932),.UNSPECIFIED.,.F.,.F.,(4,2,2,2,2,4),
(0.59594824975528,0.656389329188768,0.716830408622256,0.753867930897488,
0.772386692035104,0.790905453172719),.UNSPECIFIED.);
#563=B_SPLINE_CURVE_WITH_KNOTS('',3,(#2942,#2943,#2944,#2945,#2946,#2947,
#2948,#2949,#2950,#2951,#2952,#2953),.UNSPECIFIED.,.F.,.F.,(4,2,2,2,2,4),
(0.898103146046802,0.901816848519086,1.11583666609567,1.26717488415779,
1.34284399318884,1.4185131022199),.UNSPECIFIED.);
#564=B_SPLINE_CURVE_WITH_KNOTS('',3,(#2956,#2957,#2958,#2959,#2960,#2961,
#2962,#2963,#2964,#2965,#2966,#2967,#2968,#2969),.UNSPECIFIED.,.F.,.F.,
(4,2,2,2,2,2,4),(2.96542933705781,3.15348792281456,3.63716252432846,4.12083712584237,
4.60451172735627,5.08818632887018,5.27624491464446),.UNSPECIFIED.);
#565=B_SPLINE_CURVE_WITH_KNOTS('',3,(#3126,#3127,#3128,#3129,#3130,#3131,
#3132,#3133,#3134,#3135,#3136,#3137,#3138,#3139),.UNSPECIFIED.,.F.,.F.,
(4,2,2,2,2,2,4),(2.96542933704027,3.15348792281456,3.63716252432846,4.12083712584237,
4.60451172735627,5.08818632887017,5.27624491462693),.UNSPECIFIED.);
#566=B_SPLINE_CURVE_WITH_KNOTS('',3,(#3143,#3144,#3145,#3146,#3147,#3148,
#3149,#3150,#3151,#3152,#3153,#3154),.UNSPECIFIED.,.F.,.F.,(4,2,2,2,2,4),
(1.4185131022199,1.49418221125096,1.56985132028202,1.72118953834414,1.93520935592072,
1.938923058393),.UNSPECIFIED.);
#567=CIRCLE('',#1552,2.1);
#568=CIRCLE('',#1553,2.1);
#569=CIRCLE('',#1554,2.59999999999996);
#570=CIRCLE('',#1556,42.5);
#571=CIRCLE('',#1557,42.5);
#572=CIRCLE('',#1559,2.1);
#573=CIRCLE('',#1560,2.1);
#574=CIRCLE('',#1561,2.1);
#575=CIRCLE('',#1562,2.1);
#576=CIRCLE('',#1564,2.1);
#577=CIRCLE('',#1565,2.1);
#578=CIRCLE('',#1566,2.60000000000004);
#579=CIRCLE('',#1574,2.1);
#580=CIRCLE('',#1575,2.1);
#581=CIRCLE('',#1576,2.1);
#582=CIRCLE('',#1577,2.1);
#583=CIRCLE('',#1579,3.75);
#584=CIRCLE('',#1580,3.75);
#585=CIRCLE('',#1581,3.75);
#586=CIRCLE('',#1582,3.75);
#587=CIRCLE('',#1583,3.75);
#588=CIRCLE('',#1585,3.75);
#589=CIRCLE('',#1586,3.75);
#590=CIRCLE('',#1587,3.75);
#591=CIRCLE('',#1588,3.75);
#592=CIRCLE('',#1589,3.75);
#593=CIRCLE('',#1591,12.0000000112975);
#594=CIRCLE('',#1592,4.5);
#595=CIRCLE('',#1593,7.50000001129752);
#596=CIRCLE('',#1595,4.5);
#597=CIRCLE('',#1597,7.49999998860259);
#598=CIRCLE('',#1598,11.9999999886026);
#599=CIRCLE('',#1600,11.9999999886026);
#600=CIRCLE('',#1603,12.0000000112975);
#601=CIRCLE('',#1606,4.49999999999999);
#602=CIRCLE('',#1607,7.49999998860259);
#603=CIRCLE('',#1609,4.5);
#604=CIRCLE('',#1611,7.50000001129752);
#605=CIRCLE('',#1613,3.99999999999999);
#606=CIRCLE('',#1614,1.);
#607=CIRCLE('',#1615,34.);
#608=CIRCLE('',#1616,1.);
#609=CIRCLE('',#1617,3.99999999999999);
#610=CIRCLE('',#1623,42.5);
#611=CIRCLE('',#1625,1.);
#612=CIRCLE('',#1627,34.);
#613=CIRCLE('',#1629,1.);
#614=CIRCLE('',#1681,42.5);
#615=CIRCLE('',#1693,3.99999999999999);
#616=CIRCLE('',#1696,3.99999999999999);
#617=VERTEX_POINT('',#2127);
#618=VERTEX_POINT('',#2128);
#619=VERTEX_POINT('',#2130);
#620=VERTEX_POINT('',#2132);
#621=VERTEX_POINT('',#2146);
#622=VERTEX_POINT('',#2222);
#623=VERTEX_POINT('',#2224);
#624=VERTEX_POINT('',#2226);
#625=VERTEX_POINT('',#2228);
#626=VERTEX_POINT('',#2232);
#627=VERTEX_POINT('',#2234);
#628=VERTEX_POINT('',#2236);
#629=VERTEX_POINT('',#2238);
#630=VERTEX_POINT('',#2277);
#631=VERTEX_POINT('',#2278);
#632=VERTEX_POINT('',#2288);
#633=VERTEX_POINT('',#2302);
#634=VERTEX_POINT('',#2326);
#635=VERTEX_POINT('',#2331);
#636=VERTEX_POINT('',#2333);
#637=VERTEX_POINT('',#2335);
#638=VERTEX_POINT('',#2337);
#639=VERTEX_POINT('',#2339);
#640=VERTEX_POINT('',#2341);
#641=VERTEX_POINT('',#2345);
#642=VERTEX_POINT('',#2347);
#643=VERTEX_POINT('',#2349);
#644=VERTEX_POINT('',#2351);
#645=VERTEX_POINT('',#2390);
#646=VERTEX_POINT('',#2391);
#647=VERTEX_POINT('',#2405);
#648=VERTEX_POINT('',#2415);
#649=VERTEX_POINT('',#2449);
#650=VERTEX_POINT('',#2450);
#651=VERTEX_POINT('',#2452);
#652=VERTEX_POINT('',#2454);
#653=VERTEX_POINT('',#2456);
#654=VERTEX_POINT('',#2458);
#655=VERTEX_POINT('',#2460);
#656=VERTEX_POINT('',#2462);
#657=VERTEX_POINT('',#2465);
#658=VERTEX_POINT('',#2467);
#659=VERTEX_POINT('',#2495);
#660=VERTEX_POINT('',#2534);
#661=VERTEX_POINT('',#2535);
#662=VERTEX_POINT('',#2549);
#663=VERTEX_POINT('',#2559);
#664=VERTEX_POINT('',#2593);
#665=VERTEX_POINT('',#2594);
#666=VERTEX_POINT('',#2596);
#667=VERTEX_POINT('',#2598);
#668=VERTEX_POINT('',#2600);
#669=VERTEX_POINT('',#2602);
#670=VERTEX_POINT('',#2604);
#671=VERTEX_POINT('',#2606);
#672=VERTEX_POINT('',#2609);
#673=VERTEX_POINT('',#2611);
#674=VERTEX_POINT('',#2639);
#675=VERTEX_POINT('',#2643);
#676=VERTEX_POINT('',#2644);
#677=VERTEX_POINT('',#2659);
#678=VERTEX_POINT('',#2661);
#679=VERTEX_POINT('',#2665);
#680=VERTEX_POINT('',#2666);
#681=VERTEX_POINT('',#2671);
#682=VERTEX_POINT('',#2672);
#683=VERTEX_POINT('',#2688);
#684=VERTEX_POINT('',#2690);
#685=VERTEX_POINT('',#2692);
#686=VERTEX_POINT('',#2704);
#687=VERTEX_POINT('',#2717);
#688=VERTEX_POINT('',#2721);
#689=VERTEX_POINT('',#2733);
#690=VERTEX_POINT('',#2735);
#691=VERTEX_POINT('',#2748);
#692=VERTEX_POINT('',#2750);
#693=VERTEX_POINT('',#2763);
#694=VERTEX_POINT('',#2765);
#695=VERTEX_POINT('',#2780);
#696=VERTEX_POINT('',#2794);
#697=VERTEX_POINT('',#2798);
#698=VERTEX_POINT('',#2813);
#699=VERTEX_POINT('',#2817);
#700=VERTEX_POINT('',#2821);
#701=VERTEX_POINT('',#2836);
#702=VERTEX_POINT('',#2838);
#703=VERTEX_POINT('',#2840);
#704=VERTEX_POINT('',#2842);
#705=VERTEX_POINT('',#2844);
#706=VERTEX_POINT('',#2846);
#707=VERTEX_POINT('',#2848);
#708=VERTEX_POINT('',#2850);
#709=VERTEX_POINT('',#2854);
#710=VERTEX_POINT('',#2857);
#711=VERTEX_POINT('',#2870);
#712=VERTEX_POINT('',#2872);
#713=VERTEX_POINT('',#2887);
#714=VERTEX_POINT('',#2904);
#715=VERTEX_POINT('',#2905);
#716=VERTEX_POINT('',#2918);
#717=VERTEX_POINT('',#2920);
#718=VERTEX_POINT('',#2935);
#719=VERTEX_POINT('',#2937);
#720=VERTEX_POINT('',#2941);
#721=VERTEX_POINT('',#2954);
#722=VERTEX_POINT('',#2971);
#723=VERTEX_POINT('',#2975);
#724=VERTEX_POINT('',#2976);
#725=VERTEX_POINT('',#2981);
#726=VERTEX_POINT('',#2985);
#727=VERTEX_POINT('',#2989);
#728=VERTEX_POINT('',#2993);
#729=VERTEX_POINT('',#2997);
#730=VERTEX_POINT('',#3001);
#731=VERTEX_POINT('',#3005);
#732=VERTEX_POINT('',#3009);
#733=VERTEX_POINT('',#3010);
#734=VERTEX_POINT('',#3015);
#735=VERTEX_POINT('',#3016);
#736=VERTEX_POINT('',#3021);
#737=VERTEX_POINT('',#3025);
#738=VERTEX_POINT('',#3029);
#739=VERTEX_POINT('',#3033);
#740=VERTEX_POINT('',#3037);
#741=VERTEX_POINT('',#3038);
#742=VERTEX_POINT('',#3043);
#743=VERTEX_POINT('',#3044);
#744=VERTEX_POINT('',#3076);
#745=VERTEX_POINT('',#3078);
#746=VERTEX_POINT('',#3080);
#747=VERTEX_POINT('',#3082);
#748=VERTEX_POINT('',#3088);
#749=VERTEX_POINT('',#3092);
#750=VERTEX_POINT('',#3094);
#751=VERTEX_POINT('',#3096);
#752=VERTEX_POINT('',#3098);
#753=VERTEX_POINT('',#3104);
#754=VERTEX_POINT('',#3108);
#755=VERTEX_POINT('',#3110);
#756=VERTEX_POINT('',#3114);
#757=VERTEX_POINT('',#3125);
#758=VERTEX_POINT('',#3140);
#759=VERTEX_POINT('',#3142);
#760=VERTEX_POINT('',#3173);
#761=EDGE_CURVE('',#617,#618,#567,.T.);
#762=EDGE_CURVE('',#618,#619,#568,.T.);
#763=EDGE_CURVE('',#619,#620,#529,.T.);
#764=EDGE_CURVE('',#620,#621,#569,.T.);
#765=EDGE_CURVE('',#617,#621,#530,.T.);
#766=EDGE_CURVE('',#621,#620,#531,.T.);
#767=EDGE_CURVE('',#619,#617,#532,.T.);
#768=EDGE_CURVE('',#620,#622,#70,.T.);
#769=EDGE_CURVE('',#623,#622,#570,.T.);
#770=EDGE_CURVE('',#624,#623,#71,.T.);
#771=EDGE_CURVE('',#625,#624,#571,.T.);
#772=EDGE_CURVE('',#625,#621,#72,.T.);
#773=EDGE_CURVE('',#618,#626,#73,.T.);
#774=EDGE_CURVE('',#626,#627,#572,.T.);
#775=EDGE_CURVE('',#627,#628,#573,.T.);
#776=EDGE_CURVE('',#628,#629,#574,.T.);
#777=EDGE_CURVE('',#629,#626,#575,.T.);
#778=EDGE_CURVE('',#630,#631,#533,.T.);
#779=EDGE_CURVE('',#631,#632,#534,.T.);
#780=EDGE_CURVE('',#632,#633,#535,.T.);
#781=EDGE_CURVE('',#633,#630,#536,.T.);
#782=EDGE_CURVE('',#633,#634,#576,.T.);
#783=EDGE_CURVE('',#634,#632,#577,.T.);
#784=EDGE_CURVE('',#631,#630,#578,.T.);
#785=EDGE_CURVE('',#630,#635,#74,.T.);
#786=EDGE_CURVE('',#636,#635,#19,.T.);
#787=EDGE_CURVE('',#637,#636,#20,.T.);
#788=EDGE_CURVE('',#638,#637,#21,.T.);
#789=EDGE_CURVE('',#639,#638,#22,.T.);
#790=EDGE_CURVE('',#640,#639,#23,.T.);
#791=EDGE_CURVE('',#640,#631,#75,.T.);
#792=EDGE_CURVE('',#634,#641,#76,.T.);
#793=EDGE_CURVE('',#641,#642,#579,.T.);
#794=EDGE_CURVE('',#642,#643,#580,.T.);
#795=EDGE_CURVE('',#643,#644,#581,.T.);
#796=EDGE_CURVE('',#644,#641,#582,.T.);
#797=EDGE_CURVE('',#645,#646,#537,.F.);
#798=EDGE_CURVE('',#646,#647,#538,.T.);
#799=EDGE_CURVE('',#647,#648,#539,.F.);
#800=EDGE_CURVE('',#648,#645,#540,.T.);
#801=EDGE_CURVE('',#649,#650,#583,.T.);
#802=EDGE_CURVE('',#649,#651,#77,.T.);
#803=EDGE_CURVE('',#651,#652,#584,.T.);
#804=EDGE_CURVE('',#653,#652,#78,.T.);
#805=EDGE_CURVE('',#654,#653,#585,.T.);
#806=EDGE_CURVE('',#654,#655,#79,.T.);
#807=EDGE_CURVE('',#655,#656,#586,.T.);
#808=EDGE_CURVE('',#656,#647,#80,.T.);
#809=EDGE_CURVE('',#657,#646,#81,.T.);
#810=EDGE_CURVE('',#658,#657,#541,.T.);
#811=EDGE_CURVE('',#647,#658,#82,.T.);
#812=EDGE_CURVE('',#656,#659,#587,.T.);
#813=EDGE_CURVE('',#650,#659,#83,.T.);
#814=EDGE_CURVE('',#660,#661,#542,.F.);
#815=EDGE_CURVE('',#661,#662,#543,.T.);
#816=EDGE_CURVE('',#662,#663,#544,.F.);
#817=EDGE_CURVE('',#663,#660,#545,.T.);
#818=EDGE_CURVE('',#664,#665,#588,.T.);
#819=EDGE_CURVE('',#664,#666,#84,.T.);
#820=EDGE_CURVE('',#666,#667,#589,.T.);
#821=EDGE_CURVE('',#668,#667,#85,.T.);
#822=EDGE_CURVE('',#669,#668,#590,.T.);
#823=EDGE_CURVE('',#669,#670,#86,.T.);
#824=EDGE_CURVE('',#670,#671,#591,.T.);
#825=EDGE_CURVE('',#671,#661,#87,.T.);
#826=EDGE_CURVE('',#672,#661,#88,.T.);
#827=EDGE_CURVE('',#673,#672,#546,.T.);
#828=EDGE_CURVE('',#662,#673,#89,.T.);
#829=EDGE_CURVE('',#671,#674,#592,.T.);
#830=EDGE_CURVE('',#665,#674,#90,.T.);
#831=EDGE_CURVE('',#675,#676,#547,.T.);
#832=EDGE_CURVE('',#676,#677,#593,.T.);
#833=EDGE_CURVE('',#677,#678,#594,.T.);
#834=EDGE_CURVE('',#678,#675,#595,.T.);
#835=EDGE_CURVE('',#679,#680,#596,.T.);
#836=EDGE_CURVE('',#680,#678,#91,.T.);
#837=EDGE_CURVE('',#677,#679,#92,.T.);
#838=EDGE_CURVE('',#681,#682,#548,.T.);
#839=EDGE_CURVE('',#682,#680,#597,.T.);
#840=EDGE_CURVE('',#679,#681,#598,.T.);
#841=EDGE_CURVE('',#683,#679,#93,.T.);
#842=EDGE_CURVE('',#684,#683,#599,.T.);
#843=EDGE_CURVE('',#685,#684,#549,.T.);
#844=EDGE_CURVE('',#685,#658,#94,.T.);
#845=EDGE_CURVE('',#657,#686,#95,.T.);
#846=EDGE_CURVE('',#681,#686,#550,.T.);
#847=EDGE_CURVE('',#687,#677,#96,.T.);
#848=EDGE_CURVE('',#683,#687,#97,.T.);
#849=EDGE_CURVE('',#688,#676,#551,.T.);
#850=EDGE_CURVE('',#673,#688,#98,.T.);
#851=EDGE_CURVE('',#689,#672,#99,.T.);
#852=EDGE_CURVE('',#690,#689,#552,.T.);
#853=EDGE_CURVE('',#687,#690,#600,.T.);
#854=EDGE_CURVE('',#675,#691,#100,.T.);
#855=EDGE_CURVE('',#691,#692,#553,.T.);
#856=EDGE_CURVE('',#692,#693,#101,.T.);
#857=EDGE_CURVE('',#693,#694,#554,.T.);
#858=EDGE_CURVE('',#694,#695,#102,.T.);
#859=EDGE_CURVE('',#623,#695,#555,.T.);
#860=EDGE_CURVE('',#622,#696,#103,.T.);
#861=EDGE_CURVE('',#696,#688,#104,.T.);
#862=EDGE_CURVE('',#697,#684,#556,.T.);
#863=EDGE_CURVE('',#683,#698,#601,.T.);
#864=EDGE_CURVE('',#698,#697,#602,.T.);
#865=EDGE_CURVE('',#687,#699,#603,.T.);
#866=EDGE_CURVE('',#699,#698,#105,.T.);
#867=EDGE_CURVE('',#690,#700,#557,.T.);
#868=EDGE_CURVE('',#700,#699,#604,.T.);
#869=EDGE_CURVE('',#701,#700,#106,.T.);
#870=EDGE_CURVE('',#701,#702,#605,.T.);
#871=EDGE_CURVE('',#702,#703,#107,.T.);
#872=EDGE_CURVE('',#704,#703,#606,.T.);
#873=EDGE_CURVE('',#704,#705,#607,.T.);
#874=EDGE_CURVE('',#706,#705,#608,.T.);
#875=EDGE_CURVE('',#706,#707,#108,.T.);
#876=EDGE_CURVE('',#707,#708,#609,.T.);
#877=EDGE_CURVE('',#697,#708,#109,.T.);
#878=EDGE_CURVE('',#689,#709,#110,.T.);
#879=EDGE_CURVE('',#625,#709,#111,.T.);
#880=EDGE_CURVE('',#710,#624,#558,.T.);
#881=EDGE_CURVE('',#710,#711,#112,.T.);
#882=EDGE_CURVE('',#711,#712,#559,.T.);
#883=EDGE_CURVE('',#712,#713,#113,.T.);
#884=EDGE_CURVE('',#713,#701,#560,.T.);
#885=EDGE_CURVE('',#695,#710,#114,.T.);
#886=EDGE_CURVE('',#714,#715,#561,.T.);
#887=EDGE_CURVE('',#715,#716,#115,.T.);
#888=EDGE_CURVE('',#716,#717,#562,.T.);
#889=EDGE_CURVE('',#717,#714,#116,.T.);
#890=EDGE_CURVE('',#718,#717,#117,.T.);
#891=EDGE_CURVE('',#718,#719,#118,.T.);
#892=EDGE_CURVE('',#714,#719,#119,.T.);
#893=EDGE_CURVE('',#708,#720,#563,.T.);
#894=EDGE_CURVE('',#720,#721,#120,.T.);
#895=EDGE_CURVE('',#721,#718,#564,.T.);
#896=EDGE_CURVE('',#716,#640,#610,.T.);
#897=EDGE_CURVE('',#640,#722,#121,.T.);
#898=EDGE_CURVE('',#722,#685,#122,.T.);
#899=EDGE_CURVE('',#723,#724,#611,.T.);
#900=EDGE_CURVE('',#724,#706,#123,.T.);
#901=EDGE_CURVE('',#705,#723,#124,.T.);
#902=EDGE_CURVE('',#725,#704,#125,.T.);
#903=EDGE_CURVE('',#723,#725,#612,.T.);
#904=EDGE_CURVE('',#726,#725,#613,.T.);
#905=EDGE_CURVE('',#703,#726,#126,.T.);
#906=EDGE_CURVE('',#702,#727,#127,.T.);
#907=EDGE_CURVE('',#726,#727,#128,.T.);
#908=EDGE_CURVE('',#728,#627,#129,.T.);
#909=EDGE_CURVE('',#628,#728,#130,.T.);
#910=EDGE_CURVE('',#729,#628,#131,.T.);
#911=EDGE_CURVE('',#629,#729,#132,.T.);
#912=EDGE_CURVE('',#730,#629,#133,.T.);
#913=EDGE_CURVE('',#626,#730,#134,.T.);
#914=EDGE_CURVE('',#731,#626,#135,.T.);
#915=EDGE_CURVE('',#627,#731,#136,.T.);
#916=EDGE_CURVE('',#732,#733,#137,.T.);
#917=EDGE_CURVE('',#732,#731,#138,.T.);
#918=EDGE_CURVE('',#733,#730,#139,.T.);
#919=EDGE_CURVE('',#734,#735,#140,.T.);
#920=EDGE_CURVE('',#734,#729,#141,.T.);
#921=EDGE_CURVE('',#735,#728,#142,.T.);
#922=EDGE_CURVE('',#736,#642,#143,.T.);
#923=EDGE_CURVE('',#643,#736,#144,.T.);
#924=EDGE_CURVE('',#737,#643,#145,.T.);
#925=EDGE_CURVE('',#644,#737,#146,.T.);
#926=EDGE_CURVE('',#738,#644,#147,.T.);
#927=EDGE_CURVE('',#641,#738,#148,.T.);
#928=EDGE_CURVE('',#739,#641,#149,.T.);
#929=EDGE_CURVE('',#642,#739,#150,.T.);
#930=EDGE_CURVE('',#740,#741,#151,.T.);
#931=EDGE_CURVE('',#740,#737,#152,.T.);
#932=EDGE_CURVE('',#741,#736,#153,.T.);
#933=EDGE_CURVE('',#742,#743,#154,.T.);
#934=EDGE_CURVE('',#742,#739,#155,.T.);
#935=EDGE_CURVE('',#743,#738,#156,.T.);
#936=EDGE_CURVE('',#674,#733,#157,.T.);
#937=EDGE_CURVE('',#732,#670,#158,.T.);
#938=EDGE_CURVE('',#659,#741,#159,.T.);
#939=EDGE_CURVE('',#740,#655,#160,.T.);
#940=EDGE_CURVE('',#667,#735,#161,.T.);
#941=EDGE_CURVE('',#734,#666,#162,.T.);
#942=EDGE_CURVE('',#665,#664,#163,.T.);
#943=EDGE_CURVE('',#668,#669,#164,.T.);
#944=EDGE_CURVE('',#652,#743,#165,.T.);
#945=EDGE_CURVE('',#742,#651,#166,.T.);
#946=EDGE_CURVE('',#650,#649,#167,.T.);
#947=EDGE_CURVE('',#653,#654,#168,.T.);
#948=EDGE_CURVE('',#709,#660,#169,.T.);
#949=EDGE_CURVE('',#663,#696,#170,.T.);
#950=EDGE_CURVE('',#744,#696,#24,.T.);
#951=EDGE_CURVE('',#745,#744,#25,.T.);
#952=EDGE_CURVE('',#746,#745,#26,.T.);
#953=EDGE_CURVE('',#747,#746,#27,.T.);
#954=EDGE_CURVE('',#709,#747,#28,.T.);
#955=EDGE_CURVE('',#722,#648,#171,.T.);
#956=EDGE_CURVE('',#645,#748,#172,.T.);
#957=EDGE_CURVE('',#686,#748,#173,.T.);
#958=EDGE_CURVE('',#749,#625,#29,.T.);
#959=EDGE_CURVE('',#750,#749,#30,.T.);
#960=EDGE_CURVE('',#751,#750,#31,.T.);
#961=EDGE_CURVE('',#752,#751,#32,.T.);
#962=EDGE_CURVE('',#622,#752,#33,.T.);
#963=EDGE_CURVE('',#748,#635,#174,.T.);
#964=EDGE_CURVE('',#748,#753,#34,.T.);
#965=EDGE_CURVE('',#636,#753,#175,.T.);
#966=EDGE_CURVE('',#754,#638,#176,.T.);
#967=EDGE_CURVE('',#754,#755,#35,.T.);
#968=EDGE_CURVE('',#639,#755,#177,.T.);
#969=EDGE_CURVE('',#637,#756,#178,.T.);
#970=EDGE_CURVE('',#756,#754,#36,.T.);
#971=EDGE_CURVE('',#750,#746,#179,.T.);
#972=EDGE_CURVE('',#751,#745,#180,.T.);
#973=EDGE_CURVE('',#749,#747,#181,.T.);
#974=EDGE_CURVE('',#635,#715,#614,.T.);
#975=EDGE_CURVE('',#719,#757,#565,.T.);
#976=EDGE_CURVE('',#757,#758,#182,.T.);
#977=EDGE_CURVE('',#758,#759,#566,.T.);
#978=EDGE_CURVE('',#759,#682,#183,.T.);
#979=EDGE_CURVE('',#752,#744,#184,.T.);
#980=EDGE_CURVE('',#755,#722,#37,.T.);
#981=EDGE_CURVE('',#753,#756,#38,.T.);
#982=EDGE_CURVE('',#711,#694,#185,.T.);
#983=EDGE_CURVE('',#712,#693,#186,.T.);
#984=EDGE_CURVE('',#713,#692,#187,.T.);
#985=EDGE_CURVE('',#727,#691,#615,.T.);
#986=EDGE_CURVE('',#760,#724,#188,.T.);
#987=EDGE_CURVE('',#707,#760,#189,.T.);
#988=EDGE_CURVE('',#720,#758,#190,.T.);
#989=EDGE_CURVE('',#759,#760,#616,.T.);
#990=EDGE_CURVE('',#721,#757,#191,.T.);
#991=ORIENTED_EDGE('',*,*,#761,.T.);
#992=ORIENTED_EDGE('',*,*,#762,.T.);
#993=ORIENTED_EDGE('',*,*,#763,.T.);
#994=ORIENTED_EDGE('',*,*,#764,.T.);
#995=ORIENTED_EDGE('',*,*,#765,.F.);
#996=ORIENTED_EDGE('',*,*,#766,.T.);
#997=ORIENTED_EDGE('',*,*,#763,.F.);
#998=ORIENTED_EDGE('',*,*,#767,.T.);
#999=ORIENTED_EDGE('',*,*,#765,.T.);
#1000=ORIENTED_EDGE('',*,*,#764,.F.);
#1001=ORIENTED_EDGE('',*,*,#768,.T.);
#1002=ORIENTED_EDGE('',*,*,#769,.F.);
#1003=ORIENTED_EDGE('',*,*,#770,.F.);
#1004=ORIENTED_EDGE('',*,*,#771,.F.);
#1005=ORIENTED_EDGE('',*,*,#772,.T.);
#1006=ORIENTED_EDGE('',*,*,#761,.F.);
#1007=ORIENTED_EDGE('',*,*,#767,.F.);
#1008=ORIENTED_EDGE('',*,*,#762,.F.);
#1009=ORIENTED_EDGE('',*,*,#773,.T.);
#1010=ORIENTED_EDGE('',*,*,#774,.T.);
#1011=ORIENTED_EDGE('',*,*,#775,.T.);
#1012=ORIENTED_EDGE('',*,*,#776,.T.);
#1013=ORIENTED_EDGE('',*,*,#777,.T.);
#1014=ORIENTED_EDGE('',*,*,#773,.F.);
#1015=ORIENTED_EDGE('',*,*,#778,.T.);
#1016=ORIENTED_EDGE('',*,*,#779,.T.);
#1017=ORIENTED_EDGE('',*,*,#780,.T.);
#1018=ORIENTED_EDGE('',*,*,#781,.T.);
#1019=ORIENTED_EDGE('',*,*,#782,.T.);
#1020=ORIENTED_EDGE('',*,*,#783,.T.);
#1021=ORIENTED_EDGE('',*,*,#779,.F.);
#1022=ORIENTED_EDGE('',*,*,#784,.T.);
#1023=ORIENTED_EDGE('',*,*,#781,.F.);
#1024=ORIENTED_EDGE('',*,*,#778,.F.);
#1025=ORIENTED_EDGE('',*,*,#785,.T.);
#1026=ORIENTED_EDGE('',*,*,#786,.F.);
#1027=ORIENTED_EDGE('',*,*,#787,.F.);
#1028=ORIENTED_EDGE('',*,*,#788,.F.);
#1029=ORIENTED_EDGE('',*,*,#789,.F.);
#1030=ORIENTED_EDGE('',*,*,#790,.F.);
#1031=ORIENTED_EDGE('',*,*,#791,.T.);
#1032=ORIENTED_EDGE('',*,*,#780,.F.);
#1033=ORIENTED_EDGE('',*,*,#783,.F.);
#1034=ORIENTED_EDGE('',*,*,#792,.T.);
#1035=ORIENTED_EDGE('',*,*,#793,.T.);
#1036=ORIENTED_EDGE('',*,*,#794,.T.);
#1037=ORIENTED_EDGE('',*,*,#795,.T.);
#1038=ORIENTED_EDGE('',*,*,#796,.T.);
#1039=ORIENTED_EDGE('',*,*,#792,.F.);
#1040=ORIENTED_EDGE('',*,*,#782,.F.);
#1041=ORIENTED_EDGE('',*,*,#797,.T.);
#1042=ORIENTED_EDGE('',*,*,#798,.T.);
#1043=ORIENTED_EDGE('',*,*,#799,.T.);
#1044=ORIENTED_EDGE('',*,*,#800,.T.);
#1045=ORIENTED_EDGE('',*,*,#801,.F.);
#1046=ORIENTED_EDGE('',*,*,#802,.T.);
#1047=ORIENTED_EDGE('',*,*,#803,.T.);
#1048=ORIENTED_EDGE('',*,*,#804,.F.);
#1049=ORIENTED_EDGE('',*,*,#805,.F.);
#1050=ORIENTED_EDGE('',*,*,#806,.T.);
#1051=ORIENTED_EDGE('',*,*,#807,.T.);
#1052=ORIENTED_EDGE('',*,*,#808,.T.);
#1053=ORIENTED_EDGE('',*,*,#798,.F.);
#1054=ORIENTED_EDGE('',*,*,#809,.F.);
#1055=ORIENTED_EDGE('',*,*,#810,.F.);
#1056=ORIENTED_EDGE('',*,*,#811,.F.);
#1057=ORIENTED_EDGE('',*,*,#808,.F.);
#1058=ORIENTED_EDGE('',*,*,#812,.T.);
#1059=ORIENTED_EDGE('',*,*,#813,.F.);
#1060=ORIENTED_EDGE('',*,*,#814,.T.);
#1061=ORIENTED_EDGE('',*,*,#815,.T.);
#1062=ORIENTED_EDGE('',*,*,#816,.T.);
#1063=ORIENTED_EDGE('',*,*,#817,.T.);
#1064=ORIENTED_EDGE('',*,*,#818,.F.);
#1065=ORIENTED_EDGE('',*,*,#819,.T.);
#1066=ORIENTED_EDGE('',*,*,#820,.T.);
#1067=ORIENTED_EDGE('',*,*,#821,.F.);
#1068=ORIENTED_EDGE('',*,*,#822,.F.);
#1069=ORIENTED_EDGE('',*,*,#823,.T.);
#1070=ORIENTED_EDGE('',*,*,#824,.T.);
#1071=ORIENTED_EDGE('',*,*,#825,.T.);
#1072=ORIENTED_EDGE('',*,*,#826,.F.);
#1073=ORIENTED_EDGE('',*,*,#827,.F.);
#1074=ORIENTED_EDGE('',*,*,#828,.F.);
#1075=ORIENTED_EDGE('',*,*,#815,.F.);
#1076=ORIENTED_EDGE('',*,*,#825,.F.);
#1077=ORIENTED_EDGE('',*,*,#829,.T.);
#1078=ORIENTED_EDGE('',*,*,#830,.F.);
#1079=ORIENTED_EDGE('',*,*,#831,.T.);
#1080=ORIENTED_EDGE('',*,*,#832,.T.);
#1081=ORIENTED_EDGE('',*,*,#833,.T.);
#1082=ORIENTED_EDGE('',*,*,#834,.T.);
#1083=ORIENTED_EDGE('',*,*,#835,.T.);
#1084=ORIENTED_EDGE('',*,*,#836,.T.);
#1085=ORIENTED_EDGE('',*,*,#833,.F.);
#1086=ORIENTED_EDGE('',*,*,#837,.T.);
#1087=ORIENTED_EDGE('',*,*,#838,.T.);
#1088=ORIENTED_EDGE('',*,*,#839,.T.);
#1089=ORIENTED_EDGE('',*,*,#835,.F.);
#1090=ORIENTED_EDGE('',*,*,#840,.T.);
#1091=ORIENTED_EDGE('',*,*,#840,.F.);
#1092=ORIENTED_EDGE('',*,*,#841,.F.);
#1093=ORIENTED_EDGE('',*,*,#842,.F.);
#1094=ORIENTED_EDGE('',*,*,#843,.F.);
#1095=ORIENTED_EDGE('',*,*,#844,.T.);
#1096=ORIENTED_EDGE('',*,*,#810,.T.);
#1097=ORIENTED_EDGE('',*,*,#845,.T.);
#1098=ORIENTED_EDGE('',*,*,#846,.F.);
#1099=ORIENTED_EDGE('',*,*,#837,.F.);
#1100=ORIENTED_EDGE('',*,*,#847,.F.);
#1101=ORIENTED_EDGE('',*,*,#848,.F.);
#1102=ORIENTED_EDGE('',*,*,#841,.T.);
#1103=ORIENTED_EDGE('',*,*,#832,.F.);
#1104=ORIENTED_EDGE('',*,*,#849,.F.);
#1105=ORIENTED_EDGE('',*,*,#850,.F.);
#1106=ORIENTED_EDGE('',*,*,#827,.T.);
#1107=ORIENTED_EDGE('',*,*,#851,.F.);
#1108=ORIENTED_EDGE('',*,*,#852,.F.);
#1109=ORIENTED_EDGE('',*,*,#853,.F.);
#1110=ORIENTED_EDGE('',*,*,#847,.T.);
#1111=ORIENTED_EDGE('',*,*,#831,.F.);
#1112=ORIENTED_EDGE('',*,*,#854,.T.);
#1113=ORIENTED_EDGE('',*,*,#855,.T.);
#1114=ORIENTED_EDGE('',*,*,#856,.T.);
#1115=ORIENTED_EDGE('',*,*,#857,.T.);
#1116=ORIENTED_EDGE('',*,*,#858,.T.);
#1117=ORIENTED_EDGE('',*,*,#859,.F.);
#1118=ORIENTED_EDGE('',*,*,#769,.T.);
#1119=ORIENTED_EDGE('',*,*,#860,.T.);
#1120=ORIENTED_EDGE('',*,*,#861,.T.);
#1121=ORIENTED_EDGE('',*,*,#849,.T.);
#1122=ORIENTED_EDGE('',*,*,#862,.T.);
#1123=ORIENTED_EDGE('',*,*,#842,.T.);
#1124=ORIENTED_EDGE('',*,*,#863,.T.);
#1125=ORIENTED_EDGE('',*,*,#864,.T.);
#1126=ORIENTED_EDGE('',*,*,#865,.T.);
#1127=ORIENTED_EDGE('',*,*,#866,.T.);
#1128=ORIENTED_EDGE('',*,*,#863,.F.);
#1129=ORIENTED_EDGE('',*,*,#848,.T.);
#1130=ORIENTED_EDGE('',*,*,#867,.T.);
#1131=ORIENTED_EDGE('',*,*,#868,.T.);
#1132=ORIENTED_EDGE('',*,*,#865,.F.);
#1133=ORIENTED_EDGE('',*,*,#853,.T.);
#1134=ORIENTED_EDGE('',*,*,#864,.F.);
#1135=ORIENTED_EDGE('',*,*,#866,.F.);
#1136=ORIENTED_EDGE('',*,*,#868,.F.);
#1137=ORIENTED_EDGE('',*,*,#869,.F.);
#1138=ORIENTED_EDGE('',*,*,#870,.T.);
#1139=ORIENTED_EDGE('',*,*,#871,.T.);
#1140=ORIENTED_EDGE('',*,*,#872,.F.);
#1141=ORIENTED_EDGE('',*,*,#873,.T.);
#1142=ORIENTED_EDGE('',*,*,#874,.F.);
#1143=ORIENTED_EDGE('',*,*,#875,.T.);
#1144=ORIENTED_EDGE('',*,*,#876,.T.);
#1145=ORIENTED_EDGE('',*,*,#877,.F.);
#1146=ORIENTED_EDGE('',*,*,#867,.F.);
#1147=ORIENTED_EDGE('',*,*,#852,.T.);
#1148=ORIENTED_EDGE('',*,*,#878,.T.);
#1149=ORIENTED_EDGE('',*,*,#879,.F.);
#1150=ORIENTED_EDGE('',*,*,#771,.T.);
#1151=ORIENTED_EDGE('',*,*,#880,.F.);
#1152=ORIENTED_EDGE('',*,*,#881,.T.);
#1153=ORIENTED_EDGE('',*,*,#882,.T.);
#1154=ORIENTED_EDGE('',*,*,#883,.T.);
#1155=ORIENTED_EDGE('',*,*,#884,.T.);
#1156=ORIENTED_EDGE('',*,*,#869,.T.);
#1157=ORIENTED_EDGE('',*,*,#859,.T.);
#1158=ORIENTED_EDGE('',*,*,#885,.T.);
#1159=ORIENTED_EDGE('',*,*,#880,.T.);
#1160=ORIENTED_EDGE('',*,*,#770,.T.);
#1161=ORIENTED_EDGE('',*,*,#886,.T.);
#1162=ORIENTED_EDGE('',*,*,#887,.T.);
#1163=ORIENTED_EDGE('',*,*,#888,.T.);
#1164=ORIENTED_EDGE('',*,*,#889,.T.);
#1165=ORIENTED_EDGE('',*,*,#889,.F.);
#1166=ORIENTED_EDGE('',*,*,#890,.F.);
#1167=ORIENTED_EDGE('',*,*,#891,.T.);
#1168=ORIENTED_EDGE('',*,*,#892,.F.);
#1169=ORIENTED_EDGE('',*,*,#862,.F.);
#1170=ORIENTED_EDGE('',*,*,#877,.T.);
#1171=ORIENTED_EDGE('',*,*,#893,.T.);
#1172=ORIENTED_EDGE('',*,*,#894,.T.);
#1173=ORIENTED_EDGE('',*,*,#895,.T.);
#1174=ORIENTED_EDGE('',*,*,#890,.T.);
#1175=ORIENTED_EDGE('',*,*,#888,.F.);
#1176=ORIENTED_EDGE('',*,*,#896,.T.);
#1177=ORIENTED_EDGE('',*,*,#897,.T.);
#1178=ORIENTED_EDGE('',*,*,#898,.T.);
#1179=ORIENTED_EDGE('',*,*,#843,.T.);
#1180=ORIENTED_EDGE('',*,*,#899,.T.);
#1181=ORIENTED_EDGE('',*,*,#900,.T.);
#1182=ORIENTED_EDGE('',*,*,#874,.T.);
#1183=ORIENTED_EDGE('',*,*,#901,.T.);
#1184=ORIENTED_EDGE('',*,*,#901,.F.);
#1185=ORIENTED_EDGE('',*,*,#873,.F.);
#1186=ORIENTED_EDGE('',*,*,#902,.F.);
#1187=ORIENTED_EDGE('',*,*,#903,.F.);
#1188=ORIENTED_EDGE('',*,*,#904,.T.);
#1189=ORIENTED_EDGE('',*,*,#902,.T.);
#1190=ORIENTED_EDGE('',*,*,#872,.T.);
#1191=ORIENTED_EDGE('',*,*,#905,.T.);
#1192=ORIENTED_EDGE('',*,*,#905,.F.);
#1193=ORIENTED_EDGE('',*,*,#871,.F.);
#1194=ORIENTED_EDGE('',*,*,#906,.T.);
#1195=ORIENTED_EDGE('',*,*,#907,.F.);
#1196=ORIENTED_EDGE('',*,*,#775,.F.);
#1197=ORIENTED_EDGE('',*,*,#908,.F.);
#1198=ORIENTED_EDGE('',*,*,#909,.F.);
#1199=ORIENTED_EDGE('',*,*,#776,.F.);
#1200=ORIENTED_EDGE('',*,*,#910,.F.);
#1201=ORIENTED_EDGE('',*,*,#911,.F.);
#1202=ORIENTED_EDGE('',*,*,#777,.F.);
#1203=ORIENTED_EDGE('',*,*,#912,.F.);
#1204=ORIENTED_EDGE('',*,*,#913,.F.);
#1205=ORIENTED_EDGE('',*,*,#774,.F.);
#1206=ORIENTED_EDGE('',*,*,#914,.F.);
#1207=ORIENTED_EDGE('',*,*,#915,.F.);
#1208=ORIENTED_EDGE('',*,*,#916,.F.);
#1209=ORIENTED_EDGE('',*,*,#917,.T.);
#1210=ORIENTED_EDGE('',*,*,#914,.T.);
#1211=ORIENTED_EDGE('',*,*,#913,.T.);
#1212=ORIENTED_EDGE('',*,*,#918,.F.);
#1213=ORIENTED_EDGE('',*,*,#919,.F.);
#1214=ORIENTED_EDGE('',*,*,#920,.T.);
#1215=ORIENTED_EDGE('',*,*,#910,.T.);
#1216=ORIENTED_EDGE('',*,*,#909,.T.);
#1217=ORIENTED_EDGE('',*,*,#921,.F.);
#1218=ORIENTED_EDGE('',*,*,#794,.F.);
#1219=ORIENTED_EDGE('',*,*,#922,.F.);
#1220=ORIENTED_EDGE('',*,*,#923,.F.);
#1221=ORIENTED_EDGE('',*,*,#795,.F.);
#1222=ORIENTED_EDGE('',*,*,#924,.F.);
#1223=ORIENTED_EDGE('',*,*,#925,.F.);
#1224=ORIENTED_EDGE('',*,*,#796,.F.);
#1225=ORIENTED_EDGE('',*,*,#926,.F.);
#1226=ORIENTED_EDGE('',*,*,#927,.F.);
#1227=ORIENTED_EDGE('',*,*,#793,.F.);
#1228=ORIENTED_EDGE('',*,*,#928,.F.);
#1229=ORIENTED_EDGE('',*,*,#929,.F.);
#1230=ORIENTED_EDGE('',*,*,#930,.F.);
#1231=ORIENTED_EDGE('',*,*,#931,.T.);
#1232=ORIENTED_EDGE('',*,*,#924,.T.);
#1233=ORIENTED_EDGE('',*,*,#923,.T.);
#1234=ORIENTED_EDGE('',*,*,#932,.F.);
#1235=ORIENTED_EDGE('',*,*,#933,.F.);
#1236=ORIENTED_EDGE('',*,*,#934,.T.);
#1237=ORIENTED_EDGE('',*,*,#928,.T.);
#1238=ORIENTED_EDGE('',*,*,#927,.T.);
#1239=ORIENTED_EDGE('',*,*,#935,.F.);
#1240=ORIENTED_EDGE('',*,*,#916,.T.);
#1241=ORIENTED_EDGE('',*,*,#936,.F.);
#1242=ORIENTED_EDGE('',*,*,#829,.F.);
#1243=ORIENTED_EDGE('',*,*,#824,.F.);
#1244=ORIENTED_EDGE('',*,*,#937,.F.);
#1245=ORIENTED_EDGE('',*,*,#930,.T.);
#1246=ORIENTED_EDGE('',*,*,#938,.F.);
#1247=ORIENTED_EDGE('',*,*,#812,.F.);
#1248=ORIENTED_EDGE('',*,*,#807,.F.);
#1249=ORIENTED_EDGE('',*,*,#939,.F.);
#1250=ORIENTED_EDGE('',*,*,#919,.T.);
#1251=ORIENTED_EDGE('',*,*,#940,.F.);
#1252=ORIENTED_EDGE('',*,*,#820,.F.);
#1253=ORIENTED_EDGE('',*,*,#941,.F.);
#1254=ORIENTED_EDGE('',*,*,#942,.F.);
#1255=ORIENTED_EDGE('',*,*,#830,.T.);
#1256=ORIENTED_EDGE('',*,*,#936,.T.);
#1257=ORIENTED_EDGE('',*,*,#918,.T.);
#1258=ORIENTED_EDGE('',*,*,#912,.T.);
#1259=ORIENTED_EDGE('',*,*,#911,.T.);
#1260=ORIENTED_EDGE('',*,*,#920,.F.);
#1261=ORIENTED_EDGE('',*,*,#941,.T.);
#1262=ORIENTED_EDGE('',*,*,#819,.F.);
#1263=ORIENTED_EDGE('',*,*,#943,.F.);
#1264=ORIENTED_EDGE('',*,*,#821,.T.);
#1265=ORIENTED_EDGE('',*,*,#940,.T.);
#1266=ORIENTED_EDGE('',*,*,#921,.T.);
#1267=ORIENTED_EDGE('',*,*,#908,.T.);
#1268=ORIENTED_EDGE('',*,*,#915,.T.);
#1269=ORIENTED_EDGE('',*,*,#917,.F.);
#1270=ORIENTED_EDGE('',*,*,#937,.T.);
#1271=ORIENTED_EDGE('',*,*,#823,.F.);
#1272=ORIENTED_EDGE('',*,*,#933,.T.);
#1273=ORIENTED_EDGE('',*,*,#944,.F.);
#1274=ORIENTED_EDGE('',*,*,#803,.F.);
#1275=ORIENTED_EDGE('',*,*,#945,.F.);
#1276=ORIENTED_EDGE('',*,*,#946,.F.);
#1277=ORIENTED_EDGE('',*,*,#813,.T.);
#1278=ORIENTED_EDGE('',*,*,#938,.T.);
#1279=ORIENTED_EDGE('',*,*,#932,.T.);
#1280=ORIENTED_EDGE('',*,*,#922,.T.);
#1281=ORIENTED_EDGE('',*,*,#929,.T.);
#1282=ORIENTED_EDGE('',*,*,#934,.F.);
#1283=ORIENTED_EDGE('',*,*,#945,.T.);
#1284=ORIENTED_EDGE('',*,*,#802,.F.);
#1285=ORIENTED_EDGE('',*,*,#947,.F.);
#1286=ORIENTED_EDGE('',*,*,#804,.T.);
#1287=ORIENTED_EDGE('',*,*,#944,.T.);
#1288=ORIENTED_EDGE('',*,*,#935,.T.);
#1289=ORIENTED_EDGE('',*,*,#926,.T.);
#1290=ORIENTED_EDGE('',*,*,#925,.T.);
#1291=ORIENTED_EDGE('',*,*,#931,.F.);
#1292=ORIENTED_EDGE('',*,*,#939,.T.);
#1293=ORIENTED_EDGE('',*,*,#806,.F.);
#1294=ORIENTED_EDGE('',*,*,#943,.T.);
#1295=ORIENTED_EDGE('',*,*,#822,.T.);
#1296=ORIENTED_EDGE('',*,*,#942,.T.);
#1297=ORIENTED_EDGE('',*,*,#818,.T.);
#1298=ORIENTED_EDGE('',*,*,#947,.T.);
#1299=ORIENTED_EDGE('',*,*,#805,.T.);
#1300=ORIENTED_EDGE('',*,*,#946,.T.);
#1301=ORIENTED_EDGE('',*,*,#801,.T.);
#1302=ORIENTED_EDGE('',*,*,#826,.T.);
#1303=ORIENTED_EDGE('',*,*,#814,.F.);
#1304=ORIENTED_EDGE('',*,*,#948,.F.);
#1305=ORIENTED_EDGE('',*,*,#878,.F.);
#1306=ORIENTED_EDGE('',*,*,#851,.T.);
#1307=ORIENTED_EDGE('',*,*,#817,.F.);
#1308=ORIENTED_EDGE('',*,*,#949,.T.);
#1309=ORIENTED_EDGE('',*,*,#950,.F.);
#1310=ORIENTED_EDGE('',*,*,#951,.F.);
#1311=ORIENTED_EDGE('',*,*,#952,.F.);
#1312=ORIENTED_EDGE('',*,*,#953,.F.);
#1313=ORIENTED_EDGE('',*,*,#954,.F.);
#1314=ORIENTED_EDGE('',*,*,#948,.T.);
#1315=ORIENTED_EDGE('',*,*,#811,.T.);
#1316=ORIENTED_EDGE('',*,*,#844,.F.);
#1317=ORIENTED_EDGE('',*,*,#898,.F.);
#1318=ORIENTED_EDGE('',*,*,#955,.T.);
#1319=ORIENTED_EDGE('',*,*,#799,.F.);
#1320=ORIENTED_EDGE('',*,*,#809,.T.);
#1321=ORIENTED_EDGE('',*,*,#797,.F.);
#1322=ORIENTED_EDGE('',*,*,#956,.T.);
#1323=ORIENTED_EDGE('',*,*,#957,.F.);
#1324=ORIENTED_EDGE('',*,*,#845,.F.);
#1325=ORIENTED_EDGE('',*,*,#766,.F.);
#1326=ORIENTED_EDGE('',*,*,#772,.F.);
#1327=ORIENTED_EDGE('',*,*,#958,.F.);
#1328=ORIENTED_EDGE('',*,*,#959,.F.);
#1329=ORIENTED_EDGE('',*,*,#960,.F.);
#1330=ORIENTED_EDGE('',*,*,#961,.F.);
#1331=ORIENTED_EDGE('',*,*,#962,.F.);
#1332=ORIENTED_EDGE('',*,*,#768,.F.);
#1333=ORIENTED_EDGE('',*,*,#828,.T.);
#1334=ORIENTED_EDGE('',*,*,#850,.T.);
#1335=ORIENTED_EDGE('',*,*,#861,.F.);
#1336=ORIENTED_EDGE('',*,*,#949,.F.);
#1337=ORIENTED_EDGE('',*,*,#816,.F.);
#1338=ORIENTED_EDGE('',*,*,#786,.T.);
#1339=ORIENTED_EDGE('',*,*,#963,.F.);
#1340=ORIENTED_EDGE('',*,*,#964,.T.);
#1341=ORIENTED_EDGE('',*,*,#965,.F.);
#1342=ORIENTED_EDGE('',*,*,#789,.T.);
#1343=ORIENTED_EDGE('',*,*,#966,.F.);
#1344=ORIENTED_EDGE('',*,*,#967,.T.);
#1345=ORIENTED_EDGE('',*,*,#968,.F.);
#1346=ORIENTED_EDGE('',*,*,#788,.T.);
#1347=ORIENTED_EDGE('',*,*,#969,.T.);
#1348=ORIENTED_EDGE('',*,*,#970,.T.);
#1349=ORIENTED_EDGE('',*,*,#966,.T.);
#1350=ORIENTED_EDGE('',*,*,#960,.T.);
#1351=ORIENTED_EDGE('',*,*,#971,.T.);
#1352=ORIENTED_EDGE('',*,*,#952,.T.);
#1353=ORIENTED_EDGE('',*,*,#972,.F.);
#1354=ORIENTED_EDGE('',*,*,#959,.T.);
#1355=ORIENTED_EDGE('',*,*,#973,.T.);
#1356=ORIENTED_EDGE('',*,*,#953,.T.);
#1357=ORIENTED_EDGE('',*,*,#971,.F.);
#1358=ORIENTED_EDGE('',*,*,#958,.T.);
#1359=ORIENTED_EDGE('',*,*,#879,.T.);
#1360=ORIENTED_EDGE('',*,*,#954,.T.);
#1361=ORIENTED_EDGE('',*,*,#973,.F.);
#1362=ORIENTED_EDGE('',*,*,#838,.F.);
#1363=ORIENTED_EDGE('',*,*,#846,.T.);
#1364=ORIENTED_EDGE('',*,*,#957,.T.);
#1365=ORIENTED_EDGE('',*,*,#963,.T.);
#1366=ORIENTED_EDGE('',*,*,#974,.T.);
#1367=ORIENTED_EDGE('',*,*,#886,.F.);
#1368=ORIENTED_EDGE('',*,*,#892,.T.);
#1369=ORIENTED_EDGE('',*,*,#975,.T.);
#1370=ORIENTED_EDGE('',*,*,#976,.T.);
#1371=ORIENTED_EDGE('',*,*,#977,.T.);
#1372=ORIENTED_EDGE('',*,*,#978,.T.);
#1373=ORIENTED_EDGE('',*,*,#961,.T.);
#1374=ORIENTED_EDGE('',*,*,#972,.T.);
#1375=ORIENTED_EDGE('',*,*,#951,.T.);
#1376=ORIENTED_EDGE('',*,*,#979,.F.);
#1377=ORIENTED_EDGE('',*,*,#962,.T.);
#1378=ORIENTED_EDGE('',*,*,#979,.T.);
#1379=ORIENTED_EDGE('',*,*,#950,.T.);
#1380=ORIENTED_EDGE('',*,*,#860,.F.);
#1381=ORIENTED_EDGE('',*,*,#790,.T.);
#1382=ORIENTED_EDGE('',*,*,#968,.T.);
#1383=ORIENTED_EDGE('',*,*,#980,.T.);
#1384=ORIENTED_EDGE('',*,*,#897,.F.);
#1385=ORIENTED_EDGE('',*,*,#787,.T.);
#1386=ORIENTED_EDGE('',*,*,#965,.T.);
#1387=ORIENTED_EDGE('',*,*,#981,.T.);
#1388=ORIENTED_EDGE('',*,*,#969,.F.);
#1389=ORIENTED_EDGE('',*,*,#800,.F.);
#1390=ORIENTED_EDGE('',*,*,#955,.F.);
#1391=ORIENTED_EDGE('',*,*,#980,.F.);
#1392=ORIENTED_EDGE('',*,*,#967,.F.);
#1393=ORIENTED_EDGE('',*,*,#970,.F.);
#1394=ORIENTED_EDGE('',*,*,#981,.F.);
#1395=ORIENTED_EDGE('',*,*,#964,.F.);
#1396=ORIENTED_EDGE('',*,*,#956,.F.);
#1397=ORIENTED_EDGE('',*,*,#885,.F.);
#1398=ORIENTED_EDGE('',*,*,#858,.F.);
#1399=ORIENTED_EDGE('',*,*,#982,.F.);
#1400=ORIENTED_EDGE('',*,*,#881,.F.);
#1401=ORIENTED_EDGE('',*,*,#857,.F.);
#1402=ORIENTED_EDGE('',*,*,#983,.F.);
#1403=ORIENTED_EDGE('',*,*,#882,.F.);
#1404=ORIENTED_EDGE('',*,*,#982,.T.);
#1405=ORIENTED_EDGE('',*,*,#856,.F.);
#1406=ORIENTED_EDGE('',*,*,#984,.F.);
#1407=ORIENTED_EDGE('',*,*,#883,.F.);
#1408=ORIENTED_EDGE('',*,*,#983,.T.);
#1409=ORIENTED_EDGE('',*,*,#855,.F.);
#1410=ORIENTED_EDGE('',*,*,#985,.F.);
#1411=ORIENTED_EDGE('',*,*,#906,.F.);
#1412=ORIENTED_EDGE('',*,*,#870,.F.);
#1413=ORIENTED_EDGE('',*,*,#884,.F.);
#1414=ORIENTED_EDGE('',*,*,#984,.T.);
#1415=ORIENTED_EDGE('',*,*,#900,.F.);
#1416=ORIENTED_EDGE('',*,*,#986,.F.);
#1417=ORIENTED_EDGE('',*,*,#987,.F.);
#1418=ORIENTED_EDGE('',*,*,#875,.F.);
#1419=ORIENTED_EDGE('',*,*,#977,.F.);
#1420=ORIENTED_EDGE('',*,*,#988,.F.);
#1421=ORIENTED_EDGE('',*,*,#893,.F.);
#1422=ORIENTED_EDGE('',*,*,#876,.F.);
#1423=ORIENTED_EDGE('',*,*,#987,.T.);
#1424=ORIENTED_EDGE('',*,*,#989,.F.);
#1425=ORIENTED_EDGE('',*,*,#976,.F.);
#1426=ORIENTED_EDGE('',*,*,#990,.F.);
#1427=ORIENTED_EDGE('',*,*,#894,.F.);
#1428=ORIENTED_EDGE('',*,*,#988,.T.);
#1429=ORIENTED_EDGE('',*,*,#975,.F.);
#1430=ORIENTED_EDGE('',*,*,#891,.F.);
#1431=ORIENTED_EDGE('',*,*,#895,.F.);
#1432=ORIENTED_EDGE('',*,*,#990,.T.);
#1433=ORIENTED_EDGE('',*,*,#784,.F.);
#1434=ORIENTED_EDGE('',*,*,#791,.F.);
#1435=ORIENTED_EDGE('',*,*,#896,.F.);
#1436=ORIENTED_EDGE('',*,*,#887,.F.);
#1437=ORIENTED_EDGE('',*,*,#974,.F.);
#1438=ORIENTED_EDGE('',*,*,#785,.F.);
#1439=ORIENTED_EDGE('',*,*,#839,.F.);
#1440=ORIENTED_EDGE('',*,*,#978,.F.);
#1441=ORIENTED_EDGE('',*,*,#989,.T.);
#1442=ORIENTED_EDGE('',*,*,#986,.T.);
#1443=ORIENTED_EDGE('',*,*,#899,.F.);
#1444=ORIENTED_EDGE('',*,*,#903,.T.);
#1445=ORIENTED_EDGE('',*,*,#904,.F.);
#1446=ORIENTED_EDGE('',*,*,#907,.T.);
#1447=ORIENTED_EDGE('',*,*,#985,.T.);
#1448=ORIENTED_EDGE('',*,*,#854,.F.);
#1449=ORIENTED_EDGE('',*,*,#834,.F.);
#1450=ORIENTED_EDGE('',*,*,#836,.F.);
#1451=CONICAL_SURFACE('',#1551,2.34999999999998,0.785398163396122);
#1452=CONICAL_SURFACE('',#1563,2.35000000000002,0.785398163397447);
#1453=ADVANCED_FACE('',(#361),#1451,.F.);
#1454=ADVANCED_FACE('',(#362),#357,.T.);
#1455=ADVANCED_FACE('',(#363),#314,.T.);
#1456=ADVANCED_FACE('',(#364),#39,.F.);
#1457=ADVANCED_FACE('',(#365),#358,.T.);
#1458=ADVANCED_FACE('',(#366),#1452,.F.);
#1459=ADVANCED_FACE('',(#367),#315,.T.);
#1460=ADVANCED_FACE('',(#368),#40,.F.);
#1461=ADVANCED_FACE('',(#369),#359,.T.);
#1462=ADVANCED_FACE('',(#370),#41,.F.);
#1463=ADVANCED_FACE('',(#371),#360,.T.);
#1464=ADVANCED_FACE('',(#372),#42,.F.);
#1465=ADVANCED_FACE('',(#373),#15,.T.);
#1466=ADVANCED_FACE('',(#374),#43,.T.);
#1467=ADVANCED_FACE('',(#375),#16,.T.);
#1468=ADVANCED_FACE('',(#376),#44,.T.);
#1469=ADVANCED_FACE('',(#377),#316,.T.);
#1470=ADVANCED_FACE('',(#378),#45,.T.);
#1471=ADVANCED_FACE('',(#379),#46,.T.);
#1472=ADVANCED_FACE('',(#380),#17,.T.);
#1473=ADVANCED_FACE('',(#381),#47,.T.);
#1474=ADVANCED_FACE('',(#382),#18,.T.);
#1475=ADVANCED_FACE('',(#383),#317,.F.);
#1476=ADVANCED_FACE('',(#384),#48,.T.);
#1477=ADVANCED_FACE('',(#385),#49,.T.);
#1478=ADVANCED_FACE('',(#386),#50,.T.);
#1479=ADVANCED_FACE('',(#387),#318,.T.);
#1480=ADVANCED_FACE('',(#388),#51,.T.);
#1481=ADVANCED_FACE('',(#389),#52,.T.);
#1482=ADVANCED_FACE('',(#390),#53,.F.);
#1483=ADVANCED_FACE('',(#391),#54,.T.);
#1484=ADVANCED_FACE('',(#392),#319,.T.);
#1485=ADVANCED_FACE('',(#393),#320,.F.);
#1486=ADVANCED_FACE('',(#394),#321,.F.);
#1487=ADVANCED_FACE('',(#395),#322,.F.);
#1488=ADVANCED_FACE('',(#396),#323,.F.);
#1489=ADVANCED_FACE('',(#397),#324,.F.);
#1490=ADVANCED_FACE('',(#398),#325,.F.);
#1491=ADVANCED_FACE('',(#399),#326,.F.);
#1492=ADVANCED_FACE('',(#400),#327,.F.);
#1493=ADVANCED_FACE('',(#401),#328,.F.);
#1494=ADVANCED_FACE('',(#402),#329,.F.);
#1495=ADVANCED_FACE('',(#403),#330,.F.);
#1496=ADVANCED_FACE('',(#404),#331,.F.);
#1497=ADVANCED_FACE('',(#405),#332,.T.);
#1498=ADVANCED_FACE('',(#406),#333,.T.);
#1499=ADVANCED_FACE('',(#407),#334,.T.);
#1500=ADVANCED_FACE('',(#408),#335,.F.);
#1501=ADVANCED_FACE('',(#409),#336,.F.);
#1502=ADVANCED_FACE('',(#410),#337,.T.);
#1503=ADVANCED_FACE('',(#411),#338,.F.);
#1504=ADVANCED_FACE('',(#412),#339,.F.);
#1505=ADVANCED_FACE('',(#413),#340,.T.);
#1506=ADVANCED_FACE('',(#414),#341,.T.);
#1507=ADVANCED_FACE('',(#415),#342,.T.);
#1508=ADVANCED_FACE('',(#416),#343,.T.);
#1509=ADVANCED_FACE('',(#417),#344,.T.);
#1510=ADVANCED_FACE('',(#418),#345,.T.);
#1511=ADVANCED_FACE('',(#419),#346,.T.);
#1512=ADVANCED_FACE('',(#420),#347,.T.);
#1513=ADVANCED_FACE('',(#421),#348,.T.);
#1514=ADVANCED_FACE('',(#422),#349,.T.);
#1515=ADVANCED_FACE('',(#423),#55,.F.);
#1516=ADVANCED_FACE('',(#424),#56,.T.);
#1517=ADVANCED_FACE('',(#425),#57,.T.);
#1518=ADVANCED_FACE('',(#426),#58,.T.);
#1519=ADVANCED_FACE('',(#427),#59,.T.);
#1520=ADVANCED_FACE('',(#428),#60,.F.);
#1521=ADVANCED_FACE('',(#429),#61,.T.);
#1522=ADVANCED_FACE('',(#430),#62,.T.);
#1523=ADVANCED_FACE('',(#431),#63,.F.);
#1524=ADVANCED_FACE('',(#432),#64,.F.);
#1525=ADVANCED_FACE('',(#433),#65,.T.);
#1526=ADVANCED_FACE('',(#434),#350,.T.);
#1527=ADVANCED_FACE('',(#435),#351,.T.);
#1528=ADVANCED_FACE('',(#436),#66,.F.);
#1529=ADVANCED_FACE('',(#437),#352,.T.);
#1530=ADVANCED_FACE('',(#438),#67,.F.);
#1531=ADVANCED_FACE('',(#439),#353,.T.);
#1532=ADVANCED_FACE('',(#440),#68,.F.);
#1533=ADVANCED_FACE('',(#441),#354,.T.);
#1534=ADVANCED_FACE('',(#442),#69,.F.);
#1535=ADVANCED_FACE('',(#443),#355,.T.);
#1536=ADVANCED_FACE('',(#444),#356,.T.);
#1537=CLOSED_SHELL('',(#1453,#1454,#1455,#1456,#1457,#1458,#1459,#1460,
#1461,#1462,#1463,#1464,#1465,#1466,#1467,#1468,#1469,#1470,#1471,#1472,
#1473,#1474,#1475,#1476,#1477,#1478,#1479,#1480,#1481,#1482,#1483,#1484,
#1485,#1486,#1487,#1488,#1489,#1490,#1491,#1492,#1493,#1494,#1495,#1496,
#1497,#1498,#1499,#1500,#1501,#1502,#1503,#1504,#1505,#1506,#1507,#1508,
#1509,#1510,#1511,#1512,#1513,#1514,#1515,#1516,#1517,#1518,#1519,#1520,
#1521,#1522,#1523,#1524,#1525,#1526,#1527,#1528,#1529,#1530,#1531,#1532,
#1533,#1534,#1535,#1536));
#1538=DERIVED_UNIT_ELEMENT(#1540,1.);
#1539=DERIVED_UNIT_ELEMENT(#3189,-3.);
#1540=(
MASS_UNIT()
NAMED_UNIT(*)
SI_UNIT(.KILO.,.GRAM.)
);
#1541=DERIVED_UNIT((#1538,#1539));
#1542=MEASURE_REPRESENTATION_ITEM('density measure',
POSITIVE_RATIO_MEASURE(7850.),#1541);
#1543=PROPERTY_DEFINITION_REPRESENTATION(#1548,#1545);
#1544=PROPERTY_DEFINITION_REPRESENTATION(#1549,#1546);
#1545=REPRESENTATION('material name',(#1547),#3186);
#1546=REPRESENTATION('density',(#1542),#3186);
#1547=DESCRIPTIVE_REPRESENTATION_ITEM('Steel','Steel');
#1548=PROPERTY_DEFINITION('material property','material name',#3196);
#1549=PROPERTY_DEFINITION('material property','density of part',#3196);
#1550=AXIS2_PLACEMENT_3D('',#2125,#1701,#1702);
#1551=AXIS2_PLACEMENT_3D('',#2126,#1703,#1704);
#1552=AXIS2_PLACEMENT_3D('',#2129,#1705,#1706);
#1553=AXIS2_PLACEMENT_3D('',#2131,#1707,#1708);
#1554=AXIS2_PLACEMENT_3D('',#2147,#1709,#1710);
#1555=AXIS2_PLACEMENT_3D('',#2221,#1711,#1712);
#1556=AXIS2_PLACEMENT_3D('',#2225,#1714,#1715);
#1557=AXIS2_PLACEMENT_3D('',#2229,#1717,#1718);
#1558=AXIS2_PLACEMENT_3D('',#2231,#1720,#1721);
#1559=AXIS2_PLACEMENT_3D('',#2235,#1723,#1724);
#1560=AXIS2_PLACEMENT_3D('',#2237,#1725,#1726);
#1561=AXIS2_PLACEMENT_3D('',#2239,#1727,#1728);
#1562=AXIS2_PLACEMENT_3D('',#2240,#1729,#1730);
#1563=AXIS2_PLACEMENT_3D('',#2325,#1731,#1732);
#1564=AXIS2_PLACEMENT_3D('',#2327,#1733,#1734);
#1565=AXIS2_PLACEMENT_3D('',#2328,#1735,#1736);
#1566=AXIS2_PLACEMENT_3D('',#2329,#1737,#1738);
#1567=AXIS2_PLACEMENT_3D('',#2330,#1739,#1740);
#1568=AXIS2_PLACEMENT_3D('',#2334,#1742,#1743);
#1569=AXIS2_PLACEMENT_3D('',#2336,#1744,#1745);
#1570=AXIS2_PLACEMENT_3D('',#2338,#1746,#1747);
#1571=AXIS2_PLACEMENT_3D('',#2340,#1748,#1749);
#1572=AXIS2_PLACEMENT_3D('',#2342,#1750,#1751);
#1573=AXIS2_PLACEMENT_3D('',#2344,#1753,#1754);
#1574=AXIS2_PLACEMENT_3D('',#2348,#1756,#1757);
#1575=AXIS2_PLACEMENT_3D('',#2350,#1758,#1759);
#1576=AXIS2_PLACEMENT_3D('',#2352,#1760,#1761);
#1577=AXIS2_PLACEMENT_3D('',#2353,#1762,#1763);
#1578=AXIS2_PLACEMENT_3D('',#2448,#1764,#1765);
#1579=AXIS2_PLACEMENT_3D('',#2451,#1766,#1767);
#1580=AXIS2_PLACEMENT_3D('',#2455,#1769,#1770);
#1581=AXIS2_PLACEMENT_3D('',#2459,#1772,#1773);
#1582=AXIS2_PLACEMENT_3D('',#2463,#1775,#1776);
#1583=AXIS2_PLACEMENT_3D('',#2496,#1780,#1781);
#1584=AXIS2_PLACEMENT_3D('',#2592,#1783,#1784);
#1585=AXIS2_PLACEMENT_3D('',#2595,#1785,#1786);
#1586=AXIS2_PLACEMENT_3D('',#2599,#1788,#1789);
#1587=AXIS2_PLACEMENT_3D('',#2603,#1791,#1792);
#1588=AXIS2_PLACEMENT_3D('',#2607,#1794,#1795);
#1589=AXIS2_PLACEMENT_3D('',#2640,#1799,#1800);
#1590=AXIS2_PLACEMENT_3D('',#2642,#1802,#1803);
#1591=AXIS2_PLACEMENT_3D('',#2660,#1804,#1805);
#1592=AXIS2_PLACEMENT_3D('',#2662,#1806,#1807);
#1593=AXIS2_PLACEMENT_3D('',#2663,#1808,#1809);
#1594=AXIS2_PLACEMENT_3D('',#2664,#1810,#1811);
#1595=AXIS2_PLACEMENT_3D('',#2667,#1812,#1813);
#1596=AXIS2_PLACEMENT_3D('',#2670,#1816,#1817);
#1597=AXIS2_PLACEMENT_3D('',#2685,#1818,#1819);
#1598=AXIS2_PLACEMENT_3D('',#2686,#1820,#1821);
#1599=AXIS2_PLACEMENT_3D('',#2687,#1822,#1823);
#1600=AXIS2_PLACEMENT_3D('',#2691,#1825,#1826);
#1601=AXIS2_PLACEMENT_3D('',#2716,#1829,#1830);
#1602=AXIS2_PLACEMENT_3D('',#2720,#1833,#1834);
#1603=AXIS2_PLACEMENT_3D('',#2746,#1837,#1838);
#1604=AXIS2_PLACEMENT_3D('',#2747,#1839,#1840);
#1605=AXIS2_PLACEMENT_3D('',#2797,#1846,#1847);
#1606=AXIS2_PLACEMENT_3D('',#2814,#1848,#1849);
#1607=AXIS2_PLACEMENT_3D('',#2815,#1850,#1851);
#1608=AXIS2_PLACEMENT_3D('',#2816,#1852,#1853);
#1609=AXIS2_PLACEMENT_3D('',#2818,#1854,#1855);
#1610=AXIS2_PLACEMENT_3D('',#2820,#1857,#1858);
#1611=AXIS2_PLACEMENT_3D('',#2834,#1859,#1860);
#1612=AXIS2_PLACEMENT_3D('',#2835,#1861,#1862);
#1613=AXIS2_PLACEMENT_3D('',#2839,#1864,#1865);
#1614=AXIS2_PLACEMENT_3D('',#2843,#1867,#1868);
#1615=AXIS2_PLACEMENT_3D('',#2845,#1869,#1870);
#1616=AXIS2_PLACEMENT_3D('',#2847,#1871,#1872);
#1617=AXIS2_PLACEMENT_3D('',#2851,#1874,#1875);
#1618=AXIS2_PLACEMENT_3D('',#2853,#1877,#1878);
#1619=AXIS2_PLACEMENT_3D('',#2901,#1883,#1884);
#1620=AXIS2_PLACEMENT_3D('',#2903,#1886,#1887);
#1621=AXIS2_PLACEMENT_3D('',#2934,#1890,#1891);
#1622=AXIS2_PLACEMENT_3D('',#2940,#1895,#1896);
#1623=AXIS2_PLACEMENT_3D('',#2970,#1898,#1899);
#1624=AXIS2_PLACEMENT_3D('',#2974,#1902,#1903);
#1625=AXIS2_PLACEMENT_3D('',#2977,#1904,#1905);
#1626=AXIS2_PLACEMENT_3D('',#2980,#1908,#1909);
#1627=AXIS2_PLACEMENT_3D('',#2983,#1911,#1912);
#1628=AXIS2_PLACEMENT_3D('',#2984,#1913,#1914);
#1629=AXIS2_PLACEMENT_3D('',#2986,#1915,#1916);
#1630=AXIS2_PLACEMENT_3D('',#2988,#1918,#1919);
#1631=AXIS2_PLACEMENT_3D('',#2992,#1922,#1923);
#1632=AXIS2_PLACEMENT_3D('',#2996,#1926,#1927);
#1633=AXIS2_PLACEMENT_3D('',#3000,#1930,#1931);
#1634=AXIS2_PLACEMENT_3D('',#3004,#1934,#1935);
#1635=AXIS2_PLACEMENT_3D('',#3008,#1938,#1939);
#1636=AXIS2_PLACEMENT_3D('',#3014,#1943,#1944);
#1637=AXIS2_PLACEMENT_3D('',#3020,#1948,#1949);
#1638=AXIS2_PLACEMENT_3D('',#3024,#1952,#1953);
#1639=AXIS2_PLACEMENT_3D('',#3028,#1956,#1957);
#1640=AXIS2_PLACEMENT_3D('',#3032,#1960,#1961);
#1641=AXIS2_PLACEMENT_3D('',#3036,#1964,#1965);
#1642=AXIS2_PLACEMENT_3D('',#3042,#1969,#1970);
#1643=AXIS2_PLACEMENT_3D('',#3048,#1974,#1975);
#1644=AXIS2_PLACEMENT_3D('',#3051,#1978,#1979);
#1645=AXIS2_PLACEMENT_3D('',#3054,#1982,#1983);
#1646=AXIS2_PLACEMENT_3D('',#3057,#1986,#1987);
#1647=AXIS2_PLACEMENT_3D('',#3059,#1989,#1990);
#1648=AXIS2_PLACEMENT_3D('',#3061,#1992,#1993);
#1649=AXIS2_PLACEMENT_3D('',#3064,#1996,#1997);
#1650=AXIS2_PLACEMENT_3D('',#3066,#1999,#2000);
#1651=AXIS2_PLACEMENT_3D('',#3068,#2002,#2003);
#1652=AXIS2_PLACEMENT_3D('',#3069,#2004,#2005);
#1653=AXIS2_PLACEMENT_3D('',#3070,#2006,#2007);
#1654=AXIS2_PLACEMENT_3D('',#3071,#2008,#2009);
#1655=AXIS2_PLACEMENT_3D('',#3072,#2010,#2011);
#1656=AXIS2_PLACEMENT_3D('',#3074,#2013,#2014);
#1657=AXIS2_PLACEMENT_3D('',#3077,#2016,#2017);
#1658=AXIS2_PLACEMENT_3D('',#3079,#2018,#2019);
#1659=AXIS2_PLACEMENT_3D('',#3081,#2020,#2021);
#1660=AXIS2_PLACEMENT_3D('',#3083,#2022,#2023);
#1661=AXIS2_PLACEMENT_3D('',#3084,#2024,#2025);
#1662=AXIS2_PLACEMENT_3D('',#3085,#2026,#2027);
#1663=AXIS2_PLACEMENT_3D('',#3087,#2029,#2030);
#1664=AXIS2_PLACEMENT_3D('',#3091,#2033,#2034);
#1665=AXIS2_PLACEMENT_3D('',#3093,#2035,#2036);
#1666=AXIS2_PLACEMENT_3D('',#3095,#2037,#2038);
#1667=AXIS2_PLACEMENT_3D('',#3097,#2039,#2040);
#1668=AXIS2_PLACEMENT_3D('',#3099,#2041,#2042);
#1669=AXIS2_PLACEMENT_3D('',#3100,#2043,#2044);
#1670=AXIS2_PLACEMENT_3D('',#3101,#2045,#2046);
#1671=AXIS2_PLACEMENT_3D('',#3102,#2047,#2048);
#1672=AXIS2_PLACEMENT_3D('',#3105,#2050,#2051);
#1673=AXIS2_PLACEMENT_3D('',#3107,#2053,#2054);
#1674=AXIS2_PLACEMENT_3D('',#3111,#2056,#2057);
#1675=AXIS2_PLACEMENT_3D('',#3113,#2059,#2060);
#1676=AXIS2_PLACEMENT_3D('',#3116,#2062,#2063);
#1677=AXIS2_PLACEMENT_3D('',#3117,#2064,#2065);
#1678=AXIS2_PLACEMENT_3D('',#3120,#2068,#2069);
#1679=AXIS2_PLACEMENT_3D('',#3122,#2071,#2072);
#1680=AXIS2_PLACEMENT_3D('',#3123,#2073,#2074);
#1681=AXIS2_PLACEMENT_3D('',#3124,#2075,#2076);
#1682=AXIS2_PLACEMENT_3D('',#3156,#2079,#2080);
#1683=AXIS2_PLACEMENT_3D('',#3158,#2082,#2083);
#1684=AXIS2_PLACEMENT_3D('',#3159,#2084,#2085);
#1685=AXIS2_PLACEMENT_3D('',#3160,#2086,#2087);
#1686=AXIS2_PLACEMENT_3D('',#3161,#2088,#2089);
#1687=AXIS2_PLACEMENT_3D('',#3162,#2090,#2091);
#1688=AXIS2_PLACEMENT_3D('',#3163,#2092,#2093);
#1689=AXIS2_PLACEMENT_3D('',#3164,#2094,#2095);
#1690=AXIS2_PLACEMENT_3D('',#3166,#2097,#2098);
#1691=AXIS2_PLACEMENT_3D('',#3168,#2100,#2101);
#1692=AXIS2_PLACEMENT_3D('',#3170,#2103,#2104);
#1693=AXIS2_PLACEMENT_3D('',#3171,#2105,#2106);
#1694=AXIS2_PLACEMENT_3D('',#3172,#2107,#2108);
#1695=AXIS2_PLACEMENT_3D('',#3176,#2111,#2112);
#1696=AXIS2_PLACEMENT_3D('',#3178,#2114,#2115);
#1697=AXIS2_PLACEMENT_3D('',#3179,#2116,#2117);
#1698=AXIS2_PLACEMENT_3D('',#3181,#2119,#2120);
#1699=AXIS2_PLACEMENT_3D('',#3182,#2121,#2122);
#1700=AXIS2_PLACEMENT_3D('',#3183,#2123,#2124);
#1701=DIRECTION('axis',(0.,0.,1.));
#1702=DIRECTION('refdir',(1.,0.,0.));
#1703=DIRECTION('center_axis',(-1.,0.,-8.88178419697846E-14));
#1704=DIRECTION('ref_axis',(8.88178419697846E-14,6.12323399573677E-17,-1.));
#1705=DIRECTION('center_axis',(1.,0.,8.28075182836712E-14));
#1706=DIRECTION('ref_axis',(0.,1.,0.));
#1707=DIRECTION('center_axis',(1.,0.,8.28075182836712E-14));
#1708=DIRECTION('ref_axis',(0.,1.,0.));
#1709=DIRECTION('center_axis',(-1.,0.,-8.28075182836712E-14));
#1710=DIRECTION('ref_axis',(0.,1.,0.));
#1711=DIRECTION('center_axis',(-1.,0.,-8.28075182836712E-14));
#1712=DIRECTION('ref_axis',(-8.28075182836712E-14,0.,1.));
#1713=DIRECTION('',(0.,1.,0.));
#1714=DIRECTION('center_axis',(1.,0.,8.28075182836712E-14));
#1715=DIRECTION('ref_axis',(0.,0.337915449796355,-0.941176470588235));
#1716=DIRECTION('',(0.,1.,0.));
#1717=DIRECTION('center_axis',(1.,0.,8.28075182836712E-14));
#1718=DIRECTION('ref_axis',(0.,-0.337915449796355,0.941176470588235));
#1719=DIRECTION('',(0.,1.,0.));
#1720=DIRECTION('center_axis',(1.,0.,0.));
#1721=DIRECTION('ref_axis',(0.,1.,0.));
#1722=DIRECTION('',(1.,0.,0.));
#1723=DIRECTION('center_axis',(1.,0.,0.));
#1724=DIRECTION('ref_axis',(0.,1.,0.));
#1725=DIRECTION('center_axis',(1.,0.,0.));
#1726=DIRECTION('ref_axis',(0.,1.,0.));
#1727=DIRECTION('center_axis',(1.,0.,0.));
#1728=DIRECTION('ref_axis',(0.,1.,0.));
#1729=DIRECTION('center_axis',(1.,0.,0.));
#1730=DIRECTION('ref_axis',(0.,1.,0.));
#1731=DIRECTION('center_axis',(-1.,0.,-8.88178419700051E-14));
#1732=DIRECTION('ref_axis',(-8.88178419700052E-14,1.93716910436791E-15,
1.));
#1733=DIRECTION('center_axis',(1.,0.,8.28075182836712E-14));
#1734=DIRECTION('ref_axis',(0.,-1.,0.));
#1735=DIRECTION('center_axis',(1.,0.,8.28075182836712E-14));
#1736=DIRECTION('ref_axis',(0.,-1.,0.));
#1737=DIRECTION('center_axis',(-1.,0.,-8.28075182836712E-14));
#1738=DIRECTION('ref_axis',(0.,-1.,0.));
#1739=DIRECTION('center_axis',(-0.707106779047704,0.,0.707106783325391));
#1740=DIRECTION('ref_axis',(0.707106783325391,0.,0.707106779047704));
#1741=DIRECTION('',(0.,1.,0.));
#1742=DIRECTION('center_axis',(-0.707106779047704,0.,0.707106783325391));
#1743=DIRECTION('ref_axis',(0.707106783325391,5.70378437549367E-17,0.707106779047704));
#1744=DIRECTION('center_axis',(0.707106779047704,0.,-0.707106783325391));
#1745=DIRECTION('ref_axis',(-0.707106783325391,0.,-0.707106779047704));
#1746=DIRECTION('center_axis',(0.707106779047704,0.,-0.707106783325391));
#1747=DIRECTION('ref_axis',(0.707106783325391,0.,0.707106779047704));
#1748=DIRECTION('center_axis',(0.707106779047704,0.,-0.707106783325391));
#1749=DIRECTION('ref_axis',(-0.707106783325391,0.,-0.707106779047704));
#1750=DIRECTION('center_axis',(-0.707106779047704,0.,0.707106783325391));
#1751=DIRECTION('ref_axis',(0.707106783325391,0.,0.707106779047704));
#1752=DIRECTION('',(0.,1.,0.));
#1753=DIRECTION('center_axis',(1.,0.,0.));
#1754=DIRECTION('ref_axis',(0.,-1.,0.));
#1755=DIRECTION('',(1.,0.,0.));
#1756=DIRECTION('center_axis',(1.,0.,0.));
#1757=DIRECTION('ref_axis',(0.,-1.,0.));
#1758=DIRECTION('center_axis',(1.,0.,0.));
#1759=DIRECTION('ref_axis',(0.,-1.,0.));
#1760=DIRECTION('center_axis',(1.,0.,0.));
#1761=DIRECTION('ref_axis',(0.,-1.,0.));
#1762=DIRECTION('center_axis',(1.,0.,0.));
#1763=DIRECTION('ref_axis',(0.,-1.,0.));
#1764=DIRECTION('center_axis',(1.,0.,0.));
#1765=DIRECTION('ref_axis',(0.,1.,0.));
#1766=DIRECTION('center_axis',(1.,0.,0.));
#1767=DIRECTION('ref_axis',(0.,1.,0.));
#1768=DIRECTION('',(-1.,0.,0.));
#1769=DIRECTION('center_axis',(-1.,0.,0.));
#1770=DIRECTION('ref_axis',(0.,1.,0.));
#1771=DIRECTION('',(-1.,0.,0.));
#1772=DIRECTION('center_axis',(1.,0.,0.));
#1773=DIRECTION('ref_axis',(0.,1.,0.));
#1774=DIRECTION('',(-1.,0.,0.));
#1775=DIRECTION('center_axis',(-1.,0.,0.));
#1776=DIRECTION('ref_axis',(0.,1.,0.));
#1777=DIRECTION('',(1.,0.,0.));
#1778=DIRECTION('',(-1.,0.,0.));
#1779=DIRECTION('',(1.,0.,0.));
#1780=DIRECTION('center_axis',(-1.,0.,0.));
#1781=DIRECTION('ref_axis',(0.,1.,0.));
#1782=DIRECTION('',(-1.,0.,0.));
#1783=DIRECTION('center_axis',(1.,0.,0.));
#1784=DIRECTION('ref_axis',(0.,1.,0.));
#1785=DIRECTION('center_axis',(1.,0.,0.));
#1786=DIRECTION('ref_axis',(0.,1.,0.));
#1787=DIRECTION('',(-1.,0.,0.));
#1788=DIRECTION('center_axis',(-1.,0.,0.));
#1789=DIRECTION('ref_axis',(0.,1.,0.));
#1790=DIRECTION('',(-1.,0.,0.));
#1791=DIRECTION('center_axis',(1.,0.,0.));
#1792=DIRECTION('ref_axis',(0.,1.,0.));
#1793=DIRECTION('',(-1.,0.,0.));
#1794=DIRECTION('center_axis',(-1.,0.,0.));
#1795=DIRECTION('ref_axis',(0.,1.,0.));
#1796=DIRECTION('',(1.,0.,0.));
#1797=DIRECTION('',(-1.,0.,0.));
#1798=DIRECTION('',(1.,0.,0.));
#1799=DIRECTION('center_axis',(-1.,0.,0.));
#1800=DIRECTION('ref_axis',(0.,1.,0.));
#1801=DIRECTION('',(-1.,0.,0.));
#1802=DIRECTION('center_axis',(0.,1.,0.));
#1803=DIRECTION('ref_axis',(0.,0.,1.));
#1804=DIRECTION('center_axis',(0.,1.,0.));
#1805=DIRECTION('ref_axis',(0.997771456309478,0.,0.0667242157995367));
#1806=DIRECTION('center_axis',(4.04869224565926E-10,0.,1.));
#1807=DIRECTION('ref_axis',(1.,0.,-4.04869224565926E-10));
#1808=DIRECTION('center_axis',(0.,-1.,0.));
#1809=DIRECTION('ref_axis',(0.997771456309478,0.,0.0667242157995367));
#1810=DIRECTION('center_axis',(-4.0486978848801E-10,0.,-1.));
#1811=DIRECTION('ref_axis',(0.707106781186548,0.707106781186547,-2.86286472003176E-10));
#1812=DIRECTION('center_axis',(4.04868237701016E-10,0.,1.));
#1813=DIRECTION('ref_axis',(1.,0.,-4.04868237701016E-10));
#1814=DIRECTION('',(4.0486978848801E-10,0.,1.));
#1815=DIRECTION('',(-4.0486978848801E-10,0.,-1.));
#1816=DIRECTION('center_axis',(0.,1.,0.));
#1817=DIRECTION('ref_axis',(0.,0.,1.));
#1818=DIRECTION('center_axis',(0.,-1.,0.));
#1819=DIRECTION('ref_axis',(0.997771456401312,0.,-0.0667242144262786));
#1820=DIRECTION('center_axis',(0.,1.,0.));
#1821=DIRECTION('ref_axis',(0.997771456401312,0.,-0.0667242144262786));
#1822=DIRECTION('center_axis',(0.,1.,0.));
#1823=DIRECTION('ref_axis',(1.,0.,-4.04869841741035E-10));
#1824=DIRECTION('',(0.,1.,0.));
#1825=DIRECTION('center_axis',(0.,-1.,0.));
#1826=DIRECTION('ref_axis',(0.997771456401312,0.,-0.0667242144262786));
#1827=DIRECTION('',(0.,1.,0.));
#1828=DIRECTION('',(0.,1.,0.));
#1829=DIRECTION('center_axis',(1.,0.,-4.0486978848801E-10));
#1830=DIRECTION('ref_axis',(-4.0486978848801E-10,0.,-1.));
#1831=DIRECTION('',(0.,1.,0.));
#1832=DIRECTION('',(4.0486978848801E-10,0.,1.));
#1833=DIRECTION('center_axis',(0.,1.,0.));
#1834=DIRECTION('ref_axis',(7.40148682386617E-16,0.,1.));
#1835=DIRECTION('',(0.,1.,0.));
#1836=DIRECTION('',(0.,1.,0.));
#1837=DIRECTION('center_axis',(0.,-1.,0.));
#1838=DIRECTION('ref_axis',(0.997771456309478,0.,0.0667242157995367));
#1839=DIRECTION('center_axis',(1.,0.,0.));
#1840=DIRECTION('ref_axis',(0.,0.337915449796355,-0.941176470588235));
#1841=DIRECTION('',(-1.,0.,0.));
#1842=DIRECTION('',(-1.,0.,0.));
#1843=DIRECTION('',(-1.,0.,0.));
#1844=DIRECTION('',(1.,0.,0.));
#1845=DIRECTION('',(1.,0.,0.));
#1846=DIRECTION('center_axis',(0.,-1.,0.));
#1847=DIRECTION('ref_axis',(0.,0.,-1.));
#1848=DIRECTION('center_axis',(-4.04869224565927E-10,0.,-1.));
#1849=DIRECTION('ref_axis',(1.,0.,-4.04869224565927E-10));
#1850=DIRECTION('center_axis',(0.,1.,0.));
#1851=DIRECTION('ref_axis',(0.997771456401312,0.,-0.0667242144262786));
#1852=DIRECTION('center_axis',(4.0486978848801E-10,0.,1.));
#1853=DIRECTION('ref_axis',(0.707106781186548,-0.707106781186547,-2.86286472003176E-10));
#1854=DIRECTION('center_axis',(-4.04870211430837E-10,0.,-1.));
#1855=DIRECTION('ref_axis',(1.,0.,-4.04870211430837E-10));
#1856=DIRECTION('',(-4.0486978848801E-10,0.,-1.));
#1857=DIRECTION('center_axis',(0.,-1.,0.));
#1858=DIRECTION('ref_axis',(0.,0.,-1.));
#1859=DIRECTION('center_axis',(0.,1.,0.));
#1860=DIRECTION('ref_axis',(0.997771456309478,0.,0.0667242157995367));
#1861=DIRECTION('center_axis',(0.,1.,0.));
#1862=DIRECTION('ref_axis',(1.,0.,0.));
#1863=DIRECTION('',(1.,0.,0.));
#1864=DIRECTION('center_axis',(0.,1.,0.));
#1865=DIRECTION('ref_axis',(1.,0.,0.));
#1866=DIRECTION('',(-1.,0.,-5.1656067328017E-12));
#1867=DIRECTION('center_axis',(0.,1.,0.));
#1868=DIRECTION('ref_axis',(-0.910258989834171,0.,0.414039335602397));
#1869=DIRECTION('center_axis',(0.,1.,0.));
#1870=DIRECTION('ref_axis',(1.,0.,0.));
#1871=DIRECTION('center_axis',(0.,1.,0.));
#1872=DIRECTION('ref_axis',(-0.910258989833218,0.,-0.414039335604492));
#1873=DIRECTION('',(1.,0.,1.1338030515684E-15));
#1874=DIRECTION('center_axis',(0.,1.,0.));
#1875=DIRECTION('ref_axis',(1.,0.,0.));
#1876=DIRECTION('',(-1.,0.,0.));
#1877=DIRECTION('center_axis',(1.,0.,0.));
#1878=DIRECTION('ref_axis',(0.,-0.337915449796355,0.941176470588235));
#1879=DIRECTION('',(-1.,0.,0.));
#1880=DIRECTION('',(1.,0.,0.));
#1881=DIRECTION('',(1.,0.,0.));
#1882=DIRECTION('',(1.,0.,0.));
#1883=DIRECTION('center_axis',(0.,1.,0.));
#1884=DIRECTION('ref_axis',(-0.707106781185534,0.,-0.707106781187561));
#1885=DIRECTION('',(0.,-1.,0.));
#1886=DIRECTION('center_axis',(0.,1.,0.));
#1887=DIRECTION('ref_axis',(-0.707106781186773,0.,0.707106781186322));
#1888=DIRECTION('',(0.,-1.,0.));
#1889=DIRECTION('',(0.,1.,0.));
#1890=DIRECTION('center_axis',(-5.61972888003643E-13,0.,1.));
#1891=DIRECTION('ref_axis',(1.,0.,5.61972888003643E-13));
#1892=DIRECTION('',(-1.,0.,0.));
#1893=DIRECTION('',(0.,1.,0.));
#1894=DIRECTION('',(1.,0.,0.));
#1895=DIRECTION('center_axis',(1.,0.,0.));
#1896=DIRECTION('ref_axis',(0.,-0.337915449796355,0.941176470588235));
#1897=DIRECTION('',(-1.,0.,0.));
#1898=DIRECTION('center_axis',(1.,0.,8.28075182836712E-14));
#1899=DIRECTION('ref_axis',(0.,-0.337915449796355,0.941176470588235));
#1900=DIRECTION('',(1.,0.,0.));
#1901=DIRECTION('',(1.,0.,0.));
#1902=DIRECTION('center_axis',(0.,1.,0.));
#1903=DIRECTION('ref_axis',(-0.910258989833218,0.,-0.414039335604492));
#1904=DIRECTION('center_axis',(0.,-1.,0.));
#1905=DIRECTION('ref_axis',(-0.910258989833218,0.,-0.414039335604492));
#1906=DIRECTION('',(0.,-1.,0.));
#1907=DIRECTION('',(0.,1.,0.));
#1908=DIRECTION('center_axis',(0.,1.,0.));
#1909=DIRECTION('ref_axis',(1.,0.,0.));
#1910=DIRECTION('',(0.,-1.,0.));
#1911=DIRECTION('center_axis',(0.,-1.,0.));
#1912=DIRECTION('ref_axis',(1.,0.,0.));
#1913=DIRECTION('center_axis',(0.,1.,0.));
#1914=DIRECTION('ref_axis',(-0.910258989834171,0.,0.414039335602397));
#1915=DIRECTION('center_axis',(0.,-1.,0.));
#1916=DIRECTION('ref_axis',(-0.910258989834171,0.,0.414039335602397));
#1917=DIRECTION('',(0.,1.,0.));
#1918=DIRECTION('center_axis',(-5.1656067328017E-12,0.,1.));
#1919=DIRECTION('ref_axis',(1.,0.,5.1656067328017E-12));
#1920=DIRECTION('',(0.,1.,0.));
#1921=DIRECTION('',(1.,0.,5.1656067328017E-12));
#1922=DIRECTION('center_axis',(-1.,0.,0.));
#1923=DIRECTION('ref_axis',(0.,0.,1.));
#1924=DIRECTION('',(0.,-1.,0.));
#1925=DIRECTION('',(0.,1.32169407693471E-16,-1.));
#1926=DIRECTION('center_axis',(-1.,0.,0.));
#1927=DIRECTION('ref_axis',(0.,0.,1.));
#1928=DIRECTION('',(0.,1.32169407693471E-16,-1.));
#1929=DIRECTION('',(0.,1.,0.));
#1930=DIRECTION('center_axis',(-1.,0.,0.));
#1931=DIRECTION('ref_axis',(0.,0.,1.));
#1932=DIRECTION('',(0.,1.,0.));
#1933=DIRECTION('',(0.,0.,1.));
#1934=DIRECTION('center_axis',(-1.,0.,0.));
#1935=DIRECTION('ref_axis',(0.,0.,1.));
#1936=DIRECTION('',(0.,0.,1.));
#1937=DIRECTION('',(0.,-1.,0.));
#1938=DIRECTION('center_axis',(0.,-1.,0.));
#1939=DIRECTION('ref_axis',(0.,0.,1.));
#1940=DIRECTION('',(0.,0.,1.));
#1941=DIRECTION('',(-1.,0.,0.));
#1942=DIRECTION('',(-1.,0.,0.));
#1943=DIRECTION('center_axis',(0.,1.,1.32169407693471E-16));
#1944=DIRECTION('ref_axis',(0.,1.32169407693471E-16,-1.));
#1945=DIRECTION('',(0.,1.32169407693471E-16,-1.));
#1946=DIRECTION('',(-1.,0.,0.));
#1947=DIRECTION('',(-1.,0.,0.));
#1948=DIRECTION('center_axis',(-1.,0.,0.));
#1949=DIRECTION('ref_axis',(0.,0.,1.));
#1950=DIRECTION('',(0.,1.,0.));
#1951=DIRECTION('',(0.,1.32169407693471E-16,1.));
#1952=DIRECTION('center_axis',(-1.,0.,0.));
#1953=DIRECTION('ref_axis',(0.,0.,1.));
#1954=DIRECTION('',(0.,1.32169407693471E-16,1.));
#1955=DIRECTION('',(0.,-1.,0.));
#1956=DIRECTION('center_axis',(-1.,0.,0.));
#1957=DIRECTION('ref_axis',(0.,0.,1.));
#1958=DIRECTION('',(0.,-1.,0.));
#1959=DIRECTION('',(0.,1.32169407693471E-16,-1.));
#1960=DIRECTION('center_axis',(-1.,0.,0.));
#1961=DIRECTION('ref_axis',(0.,0.,1.));
#1962=DIRECTION('',(0.,1.32169407693471E-16,-1.));
#1963=DIRECTION('',(0.,1.,0.));
#1964=DIRECTION('center_axis',(0.,-1.,1.32169407693471E-16));
#1965=DIRECTION('ref_axis',(0.,1.32169407693471E-16,1.));
#1966=DIRECTION('',(0.,1.32169407693471E-16,1.));
#1967=DIRECTION('',(-1.,0.,0.));
#1968=DIRECTION('',(-1.,0.,0.));
#1969=DIRECTION('center_axis',(0.,1.,1.32169407693471E-16));
#1970=DIRECTION('ref_axis',(0.,1.32169407693471E-16,-1.));
#1971=DIRECTION('',(0.,1.32169407693471E-16,-1.));
#1972=DIRECTION('',(-1.,0.,0.));
#1973=DIRECTION('',(-1.,0.,0.));
#1974=DIRECTION('center_axis',(1.,0.,0.));
#1975=DIRECTION('ref_axis',(0.,0.,-1.));
#1976=DIRECTION('',(0.,1.,0.));
#1977=DIRECTION('',(0.,-1.,0.));
#1978=DIRECTION('center_axis',(1.,0.,0.));
#1979=DIRECTION('ref_axis',(0.,0.,-1.));
#1980=DIRECTION('',(0.,1.,0.));
#1981=DIRECTION('',(0.,-1.,0.));
#1982=DIRECTION('center_axis',(1.,0.,0.));
#1983=DIRECTION('ref_axis',(0.,0.,-1.));
#1984=DIRECTION('',(0.,-1.,0.));
#1985=DIRECTION('',(0.,1.,0.));
#1986=DIRECTION('center_axis',(0.,0.,1.));
#1987=DIRECTION('ref_axis',(0.,1.,0.));
#1988=DIRECTION('',(0.,1.,0.));
#1989=DIRECTION('center_axis',(0.,0.,-1.));
#1990=DIRECTION('ref_axis',(0.,-1.,0.));
#1991=DIRECTION('',(0.,-1.,0.));
#1992=DIRECTION('center_axis',(1.,0.,0.));
#1993=DIRECTION('ref_axis',(0.,0.,-1.));
#1994=DIRECTION('',(0.,-1.,0.));
#1995=DIRECTION('',(0.,1.,0.));
#1996=DIRECTION('center_axis',(0.,0.,1.));
#1997=DIRECTION('ref_axis',(0.,1.,0.));
#1998=DIRECTION('',(0.,1.,0.));
#1999=DIRECTION('center_axis',(0.,0.,-1.));
#2000=DIRECTION('ref_axis',(0.,-1.,0.));
#2001=DIRECTION('',(0.,-1.,0.));
#2002=DIRECTION('center_axis',(1.,0.,0.));
#2003=DIRECTION('ref_axis',(0.,1.,0.));
#2004=DIRECTION('center_axis',(1.,0.,0.));
#2005=DIRECTION('ref_axis',(0.,1.,0.));
#2006=DIRECTION('center_axis',(1.,0.,0.));
#2007=DIRECTION('ref_axis',(0.,1.,0.));
#2008=DIRECTION('center_axis',(1.,0.,0.));
#2009=DIRECTION('ref_axis',(0.,1.,0.));
#2010=DIRECTION('center_axis',(0.,0.,1.));
#2011=DIRECTION('ref_axis',(1.,0.,0.));
#2012=DIRECTION('',(0.,1.,0.));
#2013=DIRECTION('center_axis',(0.707106781186513,0.,0.707106781186582));
#2014=DIRECTION('ref_axis',(0.707106781186582,0.,-0.707106781186513));
#2015=DIRECTION('',(0.,1.,0.));
#2016=DIRECTION('center_axis',(0.707106781186513,0.,0.707106781186582));
#2017=DIRECTION('ref_axis',(0.707106781186582,0.,-0.707106781186513));
#2018=DIRECTION('center_axis',(-0.707106781186513,0.,-0.707106781186582));
#2019=DIRECTION('ref_axis',(-0.707106781186582,-5.70378439274611E-17,0.707106781186513));
#2020=DIRECTION('center_axis',(-0.707106781186513,0.,-0.707106781186582));
#2021=DIRECTION('ref_axis',(-0.707106781186582,0.,0.707106781186513));
#2022=DIRECTION('center_axis',(-0.707106781186513,0.,-0.707106781186582));
#2023=DIRECTION('ref_axis',(-0.707106781186582,-1.42594609818651E-17,0.707106781186513));
#2024=DIRECTION('center_axis',(0.707106781186513,0.,0.707106781186582));
#2025=DIRECTION('ref_axis',(0.707106781186582,-2.85189219637303E-17,-0.707106781186513));
#2026=DIRECTION('center_axis',(-1.26882631385624E-16,0.,-1.));
#2027=DIRECTION('ref_axis',(-1.,0.,1.26882631385624E-16));
#2028=DIRECTION('',(0.,1.,0.));
#2029=DIRECTION('center_axis',(-1.26882631385624E-16,0.,-1.));
#2030=DIRECTION('ref_axis',(-1.,0.,1.26882631385624E-16));
#2031=DIRECTION('',(0.,1.,0.));
#2032=DIRECTION('',(-1.,0.,0.));
#2033=DIRECTION('center_axis',(-0.707106781186518,0.,-0.707106781186577));
#2034=DIRECTION('ref_axis',(-0.707106781186577,0.,0.707106781186518));
#2035=DIRECTION('center_axis',(-0.707106781186518,0.,-0.707106781186577));
#2036=DIRECTION('ref_axis',(0.707106781186577,2.85189219637305E-17,-0.707106781186518));
#2037=DIRECTION('center_axis',(0.707106781186518,0.,0.707106781186577));
#2038=DIRECTION('ref_axis',(-0.707106781186577,0.,0.707106781186518));
#2039=DIRECTION('center_axis',(0.707106781186518,0.,0.707106781186577));
#2040=DIRECTION('ref_axis',(-0.707106781186577,0.,0.707106781186518));
#2041=DIRECTION('center_axis',(0.707106781186518,0.,0.707106781186577));
#2042=DIRECTION('ref_axis',(-0.707106781186577,5.70378439274615E-17,0.707106781186518));
#2043=DIRECTION('center_axis',(-0.707106781186518,0.,-0.707106781186577));
#2044=DIRECTION('ref_axis',(0.707106781186577,0.,-0.707106781186518));
#2045=DIRECTION('center_axis',(0.,0.,1.));
#2046=DIRECTION('ref_axis',(1.,0.,0.));
#2047=DIRECTION('center_axis',(1.,0.,0.));
#2048=DIRECTION('ref_axis',(0.,-0.337915449796356,0.941176470588235));
#2049=DIRECTION('',(-1.,0.,0.));
#2050=DIRECTION('center_axis',(0.707106779047192,0.,-0.707106783325903));
#2051=DIRECTION('ref_axis',(0.707106783325903,5.70378437548954E-17,0.707106779047192));
#2052=DIRECTION('',(1.,0.,0.));
#2053=DIRECTION('center_axis',(1.,0.,0.));
#2054=DIRECTION('ref_axis',(0.,-0.896716794643393,-0.442604778786311));
#2055=DIRECTION('',(-1.,0.,0.));
#2056=DIRECTION('center_axis',(-0.707106779047192,0.,0.707106783325903));
#2057=DIRECTION('ref_axis',(-0.707106783325903,0.,-0.707106779047192));
#2058=DIRECTION('',(1.,0.,0.));
#2059=DIRECTION('center_axis',(1.,0.,0.));
#2060=DIRECTION('ref_axis',(0.,1.,0.));
#2061=DIRECTION('',(1.,0.,0.));
#2062=DIRECTION('center_axis',(-0.707106779047192,0.,0.707106783325903));
#2063=DIRECTION('ref_axis',(0.707106783325903,0.,0.707106779047192));
#2064=DIRECTION('center_axis',(1.,0.,0.));
#2065=DIRECTION('ref_axis',(0.,1.,0.));
#2066=DIRECTION('',(1.,0.,0.));
#2067=DIRECTION('',(1.,0.,0.));
#2068=DIRECTION('center_axis',(1.,0.,0.));
#2069=DIRECTION('ref_axis',(0.,-0.106967319692379,0.99426253701818));
#2070=DIRECTION('',(1.,0.,0.));
#2071=DIRECTION('center_axis',(1.,0.,0.));
#2072=DIRECTION('ref_axis',(0.,0.337915449796355,-0.941176470588235));
#2073=DIRECTION('center_axis',(1.,0.,0.));
#2074=DIRECTION('ref_axis',(0.,0.337915449796355,-0.941176470588235));
#2075=DIRECTION('center_axis',(1.,0.,8.28075182836712E-14));
#2076=DIRECTION('ref_axis',(0.,0.337915449796355,-0.941176470588235));
#2077=DIRECTION('',(1.,0.,0.));
#2078=DIRECTION('',(1.,0.,0.));
#2079=DIRECTION('center_axis',(1.,0.,0.));
#2080=DIRECTION('ref_axis',(0.,0.896716794643389,0.442604778786319));
#2081=DIRECTION('',(1.,0.,0.));
#2082=DIRECTION('center_axis',(1.,0.,0.));
#2083=DIRECTION('ref_axis',(0.,-1.,0.));
#2084=DIRECTION('center_axis',(1.,0.,0.));
#2085=DIRECTION('ref_axis',(0.,0.89671679464337,0.442604778786358));
#2086=DIRECTION('center_axis',(0.707106779047192,0.,-0.707106783325903));
#2087=DIRECTION('ref_axis',(0.707106783325903,0.,0.707106779047192));
#2088=DIRECTION('center_axis',(1.,0.,0.));
#2089=DIRECTION('ref_axis',(0.,0.106967319692374,-0.994262537018181));
#2090=DIRECTION('center_axis',(-0.707106779047192,0.,0.707106783325903));
#2091=DIRECTION('ref_axis',(-0.707106783325903,-1.42594609387239E-17,-0.707106779047192));
#2092=DIRECTION('center_axis',(0.707106779047192,0.,-0.707106783325903));
#2093=DIRECTION('ref_axis',(-0.707106783325903,0.,-0.707106779047192));
#2094=DIRECTION('center_axis',(2.77202115362033E-12,0.,-1.));
#2095=DIRECTION('ref_axis',(-1.,0.,-2.77202115362033E-12));
#2096=DIRECTION('',(0.,1.,0.));
#2097=DIRECTION('center_axis',(0.,1.,0.));
#2098=DIRECTION('ref_axis',(1.,0.,0.));
#2099=DIRECTION('',(0.,1.,0.));
#2100=DIRECTION('center_axis',(0.,0.,-1.));
#2101=DIRECTION('ref_axis',(-1.,0.,0.));
#2102=DIRECTION('',(0.,1.,0.));
#2103=DIRECTION('center_axis',(0.,1.,0.));
#2104=DIRECTION('ref_axis',(1.,0.,0.));
#2105=DIRECTION('center_axis',(0.,-1.,0.));
#2106=DIRECTION('ref_axis',(1.,0.,0.));
#2107=DIRECTION('center_axis',(1.1338030515684E-15,0.,-1.));
#2108=DIRECTION('ref_axis',(-1.,0.,-1.1338030515684E-15));
#2109=DIRECTION('',(-1.,0.,-1.1338030515684E-15));
#2110=DIRECTION('',(0.,1.,0.));
#2111=DIRECTION('center_axis',(0.,1.,0.));
#2112=DIRECTION('ref_axis',(1.,0.,0.));
#2113=DIRECTION('',(0.,1.,0.));
#2114=DIRECTION('center_axis',(0.,-1.,0.));
#2115=DIRECTION('ref_axis',(1.,0.,0.));
#2116=DIRECTION('center_axis',(1.34483852877946E-15,0.,1.));
#2117=DIRECTION('ref_axis',(1.,0.,-1.34483852877946E-15));
#2118=DIRECTION('',(0.,1.,0.));
#2119=DIRECTION('center_axis',(0.,1.,0.));
#2120=DIRECTION('ref_axis',(1.,0.,0.));
#2121=DIRECTION('center_axis',(-1.,0.,-8.28075182836712E-14));
#2122=DIRECTION('ref_axis',(-8.28075182836712E-14,0.,1.));
#2123=DIRECTION('center_axis',(0.,1.,0.));
#2124=DIRECTION('ref_axis',(1.,0.,0.));
#2125=CARTESIAN_POINT('',(0.,0.,0.));
#2126=CARTESIAN_POINT('Origin',(0.249999999997329,0.,40.0000005960464));
#2127=CARTESIAN_POINT('',(0.499999999997954,-2.08976609831562,40.2070697978383));
#2128=CARTESIAN_POINT('',(0.499999999997971,-2.1,40.0000005960464));
#2129=CARTESIAN_POINT('Origin',(0.499999999997971,0.,40.0000005960464));
#2130=CARTESIAN_POINT('',(0.499999999997955,2.08976609831562,40.2070697978383));
#2131=CARTESIAN_POINT('Origin',(0.499999999997971,0.,40.0000005960464));
#2132=CARTESIAN_POINT('',(-3.31179528245684E-12,2.59999999999989,40.));
#2133=CARTESIAN_POINT('Ctrl Pts',(0.499999999997877,2.08976609831566,40.2070697978383));
#2134=CARTESIAN_POINT('Ctrl Pts',(0.460405867074263,2.13159357878531,40.1864874442715));
#2135=CARTESIAN_POINT('Ctrl Pts',(0.420105447858159,2.17361309762895,40.1668418561609));
#2136=CARTESIAN_POINT('Ctrl Pts',(0.379391495052503,2.21566750280842,40.1481159566648));
#2137=CARTESIAN_POINT('Ctrl Pts',(0.339238846719327,2.25714212331733,40.1296482225005));
#2138=CARTESIAN_POINT('Ctrl Pts',(0.298683990833455,2.29865034403732,40.1120751912076));
#2139=CARTESIAN_POINT('Ctrl Pts',(0.258035137247785,2.34000848007458,40.0953552978194));
#2140=CARTESIAN_POINT('Ctrl Pts',(0.210594535667048,2.38827687341882,40.075841788071));
#2141=CARTESIAN_POINT('Ctrl Pts',(0.162597807291787,2.43677232328866,40.0573185962979));
#2142=CARTESIAN_POINT('Ctrl Pts',(0.114324103207141,2.48531815363107,40.0397512398917));
#2143=CARTESIAN_POINT('Ctrl Pts',(0.0763315703355549,2.52352485622485,40.0259253199963));
#2144=CARTESIAN_POINT('Ctrl Pts',(0.0381680407946905,2.56176204875317,40.0126909563293));
#2145=CARTESIAN_POINT('Ctrl Pts',(-1.75529696256257E-5,2.59993090236108,
40.0000175529663));
#2146=CARTESIAN_POINT('',(-3.31141874025858E-12,-2.59999999999992,40.));
#2147=CARTESIAN_POINT('Origin',(-3.31228100503012E-12,0.,40.0000005960464));
#2148=CARTESIAN_POINT('Ctrl Pts',(0.499999999997874,-2.08976609831565,40.2070697978383));
#2149=CARTESIAN_POINT('Ctrl Pts',(0.460408997513274,-2.13159027177068,40.1864890715784));
#2150=CARTESIAN_POINT('Ctrl Pts',(0.420111847505457,-2.17360674188147,40.1668449695634));
#2151=CARTESIAN_POINT('Ctrl Pts',(0.379400832233607,-2.21565819958056,40.1481207331653));
#2152=CARTESIAN_POINT('Ctrl Pts',(0.339221762928097,-2.25716019657099,40.1296411549256));
#2153=CARTESIAN_POINT('Ctrl Pts',(0.298639565689362,-2.29869594109262,40.1120577673295));
#2154=CARTESIAN_POINT('Ctrl Pts',(0.257962662059611,-2.34008115784231,40.0953292194235));
#2155=CARTESIAN_POINT('Ctrl Pts',(0.210544538639658,-2.38832498026941,40.0758283164918));
#2156=CARTESIAN_POINT('Ctrl Pts',(0.162570038808416,-2.43679528148466,40.05731754899));
#2157=CARTESIAN_POINT('Ctrl Pts',(0.114317303721025,-2.48531527489979,40.039762938255));
#2158=CARTESIAN_POINT('Ctrl Pts',(0.0763207244942065,-2.52352230649175,
40.0259395734989));
#2159=CARTESIAN_POINT('Ctrl Pts',(0.0381521800132321,-2.56175943587006,
40.0127086068044));
#2160=CARTESIAN_POINT('Ctrl Pts',(-3.96133858252594E-5,-2.59992767019601,
40.0000396133825));
#2161=CARTESIAN_POINT('Ctrl Pts',(0.164122863264475,2.59426219591701,39.8358771367322));
#2162=CARTESIAN_POINT('Ctrl Pts',(-0.202324383283735,2.61991408247918,40.2023243832804));
#2163=CARTESIAN_POINT('Ctrl Pts',(-0.94591569694141,2.4966519557881,40.945915696938));
#2164=CARTESIAN_POINT('Ctrl Pts',(-1.88617946827944,1.81651612821305,41.886179468276));
#2165=CARTESIAN_POINT('Ctrl Pts',(-2.47574956460098,0.690574010286207,42.4757495645975));
#2166=CARTESIAN_POINT('Ctrl Pts',(-2.47719522834013,-0.691712175505734,
42.4771952283366));
#2167=CARTESIAN_POINT('Ctrl Pts',(-1.8865525173971,-1.81583160066586,41.8865525173937));
#2168=CARTESIAN_POINT('Ctrl Pts',(-0.946636891543016,-2.49655777042229,
40.9466368915396));
#2169=CARTESIAN_POINT('Ctrl Pts',(-0.202324383283735,-2.61991408247918,
40.2023243832804));
#2170=CARTESIAN_POINT('Ctrl Pts',(0.164122863264474,-2.59426219591701,39.8358771367322));
#2171=CARTESIAN_POINT('Ctrl Pts',(0.2760819088423,2.42609683004988,39.9596080237676));
#2172=CARTESIAN_POINT('Ctrl Pts',(-0.0779753772738596,2.43234887292853,
40.3133977066581));
#2173=CARTESIAN_POINT('Ctrl Pts',(-0.792220949921805,2.27666988904442,41.0180996965058));
#2174=CARTESIAN_POINT('Ctrl Pts',(-1.67397740374486,1.59704327267147,41.8669092753471));
#2175=CARTESIAN_POINT('Ctrl Pts',(-2.18940585247473,0.582812529783133,42.3549570851626));
#2176=CARTESIAN_POINT('Ctrl Pts',(-2.19030767715091,-0.583220045003467,
42.3557719836165));
#2177=CARTESIAN_POINT('Ctrl Pts',(-1.67379854512558,-1.59667926979414,41.8667618896441));
#2178=CARTESIAN_POINT('Ctrl Pts',(-0.792669378559477,-2.27675083070807,
41.018602051959));
#2179=CARTESIAN_POINT('Ctrl Pts',(-0.0779753772738603,-2.43234887292853,
40.3133977066581));
#2180=CARTESIAN_POINT('Ctrl Pts',(0.2760819088423,-2.42609683004988,39.9596080237676));
#2181=CARTESIAN_POINT('Ctrl Pts',(0.388040954420126,2.25793146418275,40.0833389108029));
#2182=CARTESIAN_POINT('Ctrl Pts',(0.0463736287360147,2.24478366337787,40.4244710300358));
#2183=CARTESIAN_POINT('Ctrl Pts',(-0.638526202902201,2.05668782230074,41.0902836960735));
#2184=CARTESIAN_POINT('Ctrl Pts',(-1.46177533921029,1.37757041712989,41.8476390824182));
#2185=CARTESIAN_POINT('Ctrl Pts',(-1.90306214034849,0.475051049280059,42.2341646057278));
#2186=CARTESIAN_POINT('Ctrl Pts',(-1.90342012596169,-0.474727914501201,
42.2343487388963));
#2187=CARTESIAN_POINT('Ctrl Pts',(-1.46104457285405,-1.37752693892241,41.8469712618946));
#2188=CARTESIAN_POINT('Ctrl Pts',(-0.638701865575938,-2.05694389099385,
41.0905672123785));
#2189=CARTESIAN_POINT('Ctrl Pts',(0.0463736287360138,-2.24478366337787,
40.4244710300358));
#2190=CARTESIAN_POINT('Ctrl Pts',(0.388040954420126,-2.25793146418275,40.0833389108029));
#2191=CARTESIAN_POINT('Ctrl Pts',(0.499999999997952,2.08976609831562,40.2070697978383));
#2192=CARTESIAN_POINT('Ctrl Pts',(0.17072263474589,2.05721845382722,40.5355443534135));
#2193=CARTESIAN_POINT('Ctrl Pts',(-0.484831455882596,1.83670575555706,41.1624676956412));
#2194=CARTESIAN_POINT('Ctrl Pts',(-1.24957327467571,1.15809756158832,41.8283688894893));
#2195=CARTESIAN_POINT('Ctrl Pts',(-1.61671842822224,0.367289568776986,42.113372126293));
#2196=CARTESIAN_POINT('Ctrl Pts',(-1.61653257477247,-0.366235783998934,
42.1129254941762));
#2197=CARTESIAN_POINT('Ctrl Pts',(-1.24829060058253,-1.15837460805069,41.8271806341451));
#2198=CARTESIAN_POINT('Ctrl Pts',(-0.484734352592398,-1.83713695127964,
41.1625323727979));
#2199=CARTESIAN_POINT('Ctrl Pts',(0.170722634745889,-2.05721845382722,40.5355443534135));
#2200=CARTESIAN_POINT('Ctrl Pts',(0.499999999997952,-2.08976609831562,40.2070697978383));
#2201=CARTESIAN_POINT('Ctrl Pts',(2.72264194939309E-8,-2.59992770039355,
39.9999999727703));
#2202=CARTESIAN_POINT('Ctrl Pts',(-0.31261164790848,-2.59969220968992,40.3126116479051));
#2203=CARTESIAN_POINT('Ctrl Pts',(-0.993335543950667,-2.46273665508828,
40.9933355439473));
#2204=CARTESIAN_POINT('Ctrl Pts',(-1.8865525173971,-1.81583160066586,41.8865525173937));
#2205=CARTESIAN_POINT('Ctrl Pts',(-2.47719522834013,-0.691712175505734,
42.4771952283366));
#2206=CARTESIAN_POINT('Ctrl Pts',(-2.47574956460098,0.690574010286207,42.4757495645975));
#2207=CARTESIAN_POINT('Ctrl Pts',(-1.88617946827944,1.81651612821305,41.886179468276));
#2208=CARTESIAN_POINT('Ctrl Pts',(-0.992637919555492,2.46285563340235,40.9926379195521));
#2209=CARTESIAN_POINT('Ctrl Pts',(-0.312524155850496,2.59970495139597,40.3125241558472));
#2210=CARTESIAN_POINT('Ctrl Pts',(2.49716580538739E-8,2.59993091513655,
39.999999975025));
#2211=CARTESIAN_POINT('Ctrl Pts',(0.499999999997952,2.08976609831562,40.2070697978383));
#2212=CARTESIAN_POINT('Ctrl Pts',(0.17072263474589,2.05721845382722,40.5355443534135));
#2213=CARTESIAN_POINT('Ctrl Pts',(-0.484831455882596,1.83670575555706,41.1624676956412));
#2214=CARTESIAN_POINT('Ctrl Pts',(-1.24957327467571,1.15809756158832,41.8283688894893));
#2215=CARTESIAN_POINT('Ctrl Pts',(-1.61671842822224,0.367289568776986,42.113372126293));
#2216=CARTESIAN_POINT('Ctrl Pts',(-1.61653257477247,-0.366235783998934,
42.1129254941762));
#2217=CARTESIAN_POINT('Ctrl Pts',(-1.24829060058253,-1.15837460805069,41.8271806341451));
#2218=CARTESIAN_POINT('Ctrl Pts',(-0.484734352592398,-1.83713695127964,
41.1625323727979));
#2219=CARTESIAN_POINT('Ctrl Pts',(0.170722634745889,-2.05721845382722,40.5355443534135));
#2220=CARTESIAN_POINT('Ctrl Pts',(0.499999999997952,-2.08976609831562,40.2070697978383));
#2221=CARTESIAN_POINT('Origin',(-2.64984058319659E-12,0.,31.999999977286));
#2222=CARTESIAN_POINT('',(-3.29847260616134E-12,14.3614066163451,40.));
#2223=CARTESIAN_POINT('',(-3.31179528245684E-12,0.,40.));
#2224=CARTESIAN_POINT('',(-5.38248868467708E-12,26.7815235096688,32.9999999772887));
#2225=CARTESIAN_POINT('Origin',(-2.64984058319659E-12,0.,0.));
#2226=CARTESIAN_POINT('',(-5.38248868467708E-12,-26.7815235096688,32.9999999772887));
#2227=CARTESIAN_POINT('',(-2.73267519723674E-12,0.,32.9999999772887));
#2228=CARTESIAN_POINT('',(-3.30291349825984E-12,-14.3614066163451,40.));
#2229=CARTESIAN_POINT('Origin',(-2.64984058319659E-12,0.,0.));
#2230=CARTESIAN_POINT('',(-3.31179528245684E-12,0.,40.));
#2231=CARTESIAN_POINT('Origin',(3.,0.,40.0000005960464));
#2232=CARTESIAN_POINT('',(2.6,-2.1,40.0000005960464));
#2233=CARTESIAN_POINT('',(3.,-2.1,40.0000005960464));
#2234=CARTESIAN_POINT('',(2.6,0.,37.9000005960464));
#2235=CARTESIAN_POINT('Origin',(2.6,0.,40.0000005960464));
#2236=CARTESIAN_POINT('',(2.6,2.1,40.0000005960464));
#2237=CARTESIAN_POINT('Origin',(2.6,0.,40.0000005960464));
#2238=CARTESIAN_POINT('',(2.6,0.,42.1000005960464));
#2239=CARTESIAN_POINT('Origin',(2.6,0.,40.0000005960464));
#2240=CARTESIAN_POINT('Origin',(2.6,0.,40.0000005960464));
#2241=CARTESIAN_POINT('Ctrl Pts',(0.164122859243024,-2.59426219944092,-39.8358771871255));
#2242=CARTESIAN_POINT('Ctrl Pts',(-0.202324384959169,-2.61991407778745,
-40.2023244291108));
#2243=CARTESIAN_POINT('Ctrl Pts',(-1.31034478566747,-2.44985719274922,-41.3103448231161));
#2244=CARTESIAN_POINT('Ctrl Pts',(-2.47334774350369,-1.16162206060372,-42.4733477739167));
#2245=CARTESIAN_POINT('Ctrl Pts',(-2.4771770558507,0.693274864772076,-42.4771770862405));
#2246=CARTESIAN_POINT('Ctrl Pts',(-1.88545075306871,1.81499266866244,-41.8854507870382));
#2247=CARTESIAN_POINT('Ctrl Pts',(-0.946223923462008,2.49727853521834,-40.9462239631134));
#2248=CARTESIAN_POINT('Ctrl Pts',(-0.202324384959174,2.61991407778744,-40.2023244291108));
#2249=CARTESIAN_POINT('Ctrl Pts',(0.16412285924302,2.59426219944091,-39.8358771871255));
#2250=CARTESIAN_POINT('Ctrl Pts',(0.27608190616314,-2.42609683087493,-39.9596080727457));
#2251=CARTESIAN_POINT('Ctrl Pts',(-0.0779753775815795,-2.43234886602034,
-40.3133977507226));
#2252=CARTESIAN_POINT('Ctrl Pts',(-1.15197746763045,-2.20643432578572,-41.3728761252477));
#2253=CARTESIAN_POINT('Ctrl Pts',(-2.19239876966595,-0.976639487727111,
-42.3577369869391));
#2254=CARTESIAN_POINT('Ctrl Pts',(-2.18896280184132,0.584195673483487,-42.3545554957951));
#2255=CARTESIAN_POINT('Ctrl Pts',(-1.67427149662075,1.59625558423288,-41.8671875340056));
#2256=CARTESIAN_POINT('Ctrl Pts',(-0.792109787888526,2.27698911574175,-41.0179960625996));
#2257=CARTESIAN_POINT('Ctrl Pts',(-0.0779753775815834,2.43234886602033,
-40.3133977507226));
#2258=CARTESIAN_POINT('Ctrl Pts',(0.276081906163136,2.42609683087492,-39.9596080727457));
#2259=CARTESIAN_POINT('Ctrl Pts',(0.388040953083256,-2.25793146230894,-40.0833389583659));
#2260=CARTESIAN_POINT('Ctrl Pts',(0.0463736297960102,-2.24478365425323,
-40.4244710723343));
#2261=CARTESIAN_POINT('Ctrl Pts',(-0.993610149593436,-1.96301145882222,
-41.4354074273794));
#2262=CARTESIAN_POINT('Ctrl Pts',(-1.91144979582821,-0.791656914850502,
-42.2421261999615));
#2263=CARTESIAN_POINT('Ctrl Pts',(-1.90074854783195,0.475116482194899,-42.2319339053497));
#2264=CARTESIAN_POINT('Ctrl Pts',(-1.46309224017279,1.37751849980333,-41.8489242809729));
#2265=CARTESIAN_POINT('Ctrl Pts',(-0.637995652315045,2.05669969626516,-41.0897681620858));
#2266=CARTESIAN_POINT('Ctrl Pts',(0.0463736297960055,2.24478365425321,-40.4244710723343));
#2267=CARTESIAN_POINT('Ctrl Pts',(0.388040953083252,2.25793146230893,-40.0833389583659));
#2268=CARTESIAN_POINT('Ctrl Pts',(0.500000000003371,-2.08976609374296,-40.2070698439862));
#2269=CARTESIAN_POINT('Ctrl Pts',(0.1707226371736,-2.05721844248611,-40.535544393946));
#2270=CARTESIAN_POINT('Ctrl Pts',(-0.83524283155642,-1.71958859185871,-41.497938729511));
#2271=CARTESIAN_POINT('Ctrl Pts',(-1.63050082199047,-0.606674341973894,
-42.1265154129839));
#2272=CARTESIAN_POINT('Ctrl Pts',(-1.61253429382258,0.366037290906311,-42.1093123149043));
#2273=CARTESIAN_POINT('Ctrl Pts',(-1.25191298372483,1.15878141537377,-41.8306610279403));
#2274=CARTESIAN_POINT('Ctrl Pts',(-0.483881516741563,1.83641027678856,-41.1615402615719));
#2275=CARTESIAN_POINT('Ctrl Pts',(0.170722637173596,2.0572184424861,-40.535544393946));
#2276=CARTESIAN_POINT('Ctrl Pts',(0.500000000003368,2.08976609374295,-40.2070698439862));
#2277=CARTESIAN_POINT('',(3.31179528245684E-12,2.59999999999993,-40.0000000453723));
#2278=CARTESIAN_POINT('',(3.31179528245684E-12,-2.59999999999999,-40.0000000453723));
#2279=CARTESIAN_POINT('Ctrl Pts',(1.31185250162869E-8,2.59994906252839,
-40.0000000322571));
#2280=CARTESIAN_POINT('Ctrl Pts',(-0.312558596685654,2.59978810255172,-40.3125586401705));
#2281=CARTESIAN_POINT('Ctrl Pts',(-0.992892083530919,2.46337721869982,-40.9928921229));
#2282=CARTESIAN_POINT('Ctrl Pts',(-1.88545075306871,1.81499266866244,-41.8854507870382));
#2283=CARTESIAN_POINT('Ctrl Pts',(-2.4771770558507,0.693274864772076,-42.4771770862405));
#2284=CARTESIAN_POINT('Ctrl Pts',(-2.47334774350369,-1.16162206060372,-42.4733477739167));
#2285=CARTESIAN_POINT('Ctrl Pts',(-1.35372591628503,-2.40180478139705,-41.3537259534712));
#2286=CARTESIAN_POINT('Ctrl Pts',(-0.3119551468315,-2.60102942233122,-40.31195519032));
#2287=CARTESIAN_POINT('Ctrl Pts',(2.55778041600985E-7,-2.60022500735472,
-39.9999997895976));
#2288=CARTESIAN_POINT('',(0.500000000003371,-2.08976609374296,-40.2070698439862));
#2289=CARTESIAN_POINT('Ctrl Pts',(0.000128136611693919,-2.60022467422304,
-39.9998719087647));
#2290=CARTESIAN_POINT('Ctrl Pts',(0.0490023610256762,-2.55119527634254,
-40.0162009061742));
#2291=CARTESIAN_POINT('Ctrl Pts',(0.0978729200389593,-2.50208300120962,
-40.0334200837761));
#2292=CARTESIAN_POINT('Ctrl Pts',(0.146418423060911,-2.45308592030382,-40.0516008422904));
#2293=CARTESIAN_POINT('Ctrl Pts',(0.183850015569177,-2.41530613325061,-40.0656193342585));
#2294=CARTESIAN_POINT('Ctrl Pts',(0.221088848621584,-2.37759425286323,-40.0802088727174));
#2295=CARTESIAN_POINT('Ctrl Pts',(0.257998706973799,-2.34002749846251,-40.0953902858525));
#2296=CARTESIAN_POINT('Ctrl Pts',(0.299039379109617,-2.2982564129207,-40.1122707461646));
#2297=CARTESIAN_POINT('Ctrl Pts',(0.33999292124686,-2.25634255779749,-40.1300122774799));
#2298=CARTESIAN_POINT('Ctrl Pts',(0.38053322588861,-2.21446840610123,-40.1486663840135));
#2299=CARTESIAN_POINT('Ctrl Pts',(0.420861957290396,-2.17281278877523,-40.1672231378066));
#2300=CARTESIAN_POINT('Ctrl Pts',(0.460781674095162,-2.13119656997771,-40.1866828472792));
#2301=CARTESIAN_POINT('Ctrl Pts',(0.500000000003291,-2.08976609374299,-40.2070698439862));
#2302=CARTESIAN_POINT('',(0.500000000003371,2.08976609374295,-40.2070698439862));
#2303=CARTESIAN_POINT('Ctrl Pts',(0.500000000003371,-2.08976609374296,-40.2070698439862));
#2304=CARTESIAN_POINT('Ctrl Pts',(0.1707226371736,-2.05721844248611,-40.535544393946));
#2305=CARTESIAN_POINT('Ctrl Pts',(-0.83524283155642,-1.71958859185871,-41.497938729511));
#2306=CARTESIAN_POINT('Ctrl Pts',(-1.63050082199047,-0.606674341973894,
-42.1265154129839));
#2307=CARTESIAN_POINT('Ctrl Pts',(-1.61253429382258,0.366037290906311,-42.1093123149043));
#2308=CARTESIAN_POINT('Ctrl Pts',(-1.25191298372483,1.15878141537377,-41.8306610279403));
#2309=CARTESIAN_POINT('Ctrl Pts',(-0.483881516741563,1.83641027678856,-41.1615402615719));
#2310=CARTESIAN_POINT('Ctrl Pts',(0.170722637173596,2.0572184424861,-40.535544393946));
#2311=CARTESIAN_POINT('Ctrl Pts',(0.500000000003368,2.08976609374295,-40.2070698439862));
#2312=CARTESIAN_POINT('Ctrl Pts',(0.500000000003293,2.08976609374298,-40.2070698439862));
#2313=CARTESIAN_POINT('Ctrl Pts',(0.46039624779962,2.13160373664297,-40.1864824898076));
#2314=CARTESIAN_POINT('Ctrl Pts',(0.420086375929006,2.17363338244169,-40.166831800378));
#2315=CARTESIAN_POINT('Ctrl Pts',(0.379362801960952,2.21569818467073,-40.1481012026805));
#2316=CARTESIAN_POINT('Ctrl Pts',(0.339197387395656,2.25718644455337,-40.1296273275201));
#2317=CARTESIAN_POINT('Ctrl Pts',(0.298629524560804,2.29870858052766,-40.1120487045916));
#2318=CARTESIAN_POINT('Ctrl Pts',(0.25796715979489,2.34008112258187,-40.0953242599489));
#2319=CARTESIAN_POINT('Ctrl Pts',(0.210607580711289,2.3882678472986,-40.0758452487492));
#2320=CARTESIAN_POINT('Ctrl Pts',(0.162693169775627,2.43668165016692,-40.0573538372504));
#2321=CARTESIAN_POINT('Ctrl Pts',(0.114500828148574,2.48514732323272,-40.0398165057889));
#2322=CARTESIAN_POINT('Ctrl Pts',(0.0764480057268226,2.52341596900627,-40.0259689744732));
#2323=CARTESIAN_POINT('Ctrl Pts',(0.0382224585078636,2.56171624337399,-40.0127157995618));
#2324=CARTESIAN_POINT('Ctrl Pts',(-2.64908955027732E-5,2.59994904872955,
-40.000026536271));
#2325=CARTESIAN_POINT('Origin',(0.250000000003333,-4.89858726958405E-15,
-40.0000005960465));
#2326=CARTESIAN_POINT('',(0.500000000003354,2.1,-40.0000005960464));
#2327=CARTESIAN_POINT('Origin',(0.500000000003354,-4.89858726958405E-15,
-40.0000005960464));
#2328=CARTESIAN_POINT('Origin',(0.500000000003354,-4.89858726958405E-15,
-40.0000005960464));
#2329=CARTESIAN_POINT('Origin',(3.31228100503012E-12,-4.89858726958405E-15,
-40.0000005960465));
#2330=CARTESIAN_POINT('Origin',(-7.49999999999607,0.,-47.5));
#2331=CARTESIAN_POINT('',(3.31230073134685E-12,14.3614066163451,-40.));
#2332=CARTESIAN_POINT('',(3.31179528245684E-12,0.,-40.0000000453723));
#2333=CARTESIAN_POINT('',(-3.43107134620103,10.5158467343726,-43.4310713708202));
#2334=CARTESIAN_POINT('Origin',(-6.47698955463496,16.6868736346668,-46.4769895608277));
#2335=CARTESIAN_POINT('',(-7.22747050671096,5.08094768538778,-47.2274705083636));
#2336=CARTESIAN_POINT('Origin',(-0.38515313776738,4.34481983407824,-40.385153180813));
#2337=CARTESIAN_POINT('',(-7.22747050671085,-5.080947685388,-47.2274705083635));
#2338=CARTESIAN_POINT('Origin',(40.0000002873581,0.,0.));
#2339=CARTESIAN_POINT('',(-3.43107134620093,-10.5158467343726,-43.4310713708201));
#2340=CARTESIAN_POINT('Origin',(-0.385153137767487,-4.34481983407844,-40.3851531808131));
#2341=CARTESIAN_POINT('',(3.31230073134684E-12,-14.3614066163451,-39.9999999999999));
#2342=CARTESIAN_POINT('Origin',(-6.47698955463481,-16.6868736346668,-46.4769895608275));
#2343=CARTESIAN_POINT('',(3.31179528245684E-12,0.,-40.0000000453723));
#2344=CARTESIAN_POINT('Origin',(3.,-4.89858726958405E-15,-40.0000005960464));
#2345=CARTESIAN_POINT('',(2.6,2.1,-40.0000005960464));
#2346=CARTESIAN_POINT('',(3.,2.1,-40.0000005960464));
#2347=CARTESIAN_POINT('',(2.6,-4.89858726958405E-15,-37.9000005960464));
#2348=CARTESIAN_POINT('Origin',(2.6,-4.89858726958405E-15,-40.0000005960464));
#2349=CARTESIAN_POINT('',(2.6,-2.10000000000001,-40.0000005960464));
#2350=CARTESIAN_POINT('Origin',(2.6,-4.89858726958405E-15,-40.0000005960464));
#2351=CARTESIAN_POINT('',(2.6,-4.89858726958405E-15,-42.1000005960464));
#2352=CARTESIAN_POINT('Origin',(2.6,-4.89858726958405E-15,-40.0000005960464));
#2353=CARTESIAN_POINT('Origin',(2.6,-4.89858726958405E-15,-40.0000005960464));
#2354=CARTESIAN_POINT('Ctrl Pts',(7.50000003403857,4.24999999999995,-40.0000000113479));
#2355=CARTESIAN_POINT('Ctrl Pts',(6.30320271451068,4.25000017494135,-41.196797323634));
#2356=CARTESIAN_POINT('Ctrl Pts',(4.52219677547986,3.40926995474868,-42.9778032518879));
#2357=CARTESIAN_POINT('Ctrl Pts',(3.36219058101861,1.03815658744723,-44.13780943933));
#2358=CARTESIAN_POINT('Ctrl Pts',(3.36175010163996,-1.03774627506999,-44.138249918706));
#2359=CARTESIAN_POINT('Ctrl Pts',(4.08990011210972,-2.51830989144532,-43.4100999126422));
#2360=CARTESIAN_POINT('Ctrl Pts',(5.40851073045508,-3.83477275073287,-42.0914893022758));
#2361=CARTESIAN_POINT('Ctrl Pts',(6.60240204439265,-4.25000013120601,-40.8975979955625));
#2362=CARTESIAN_POINT('Ctrl Pts',(7.50000003403857,-4.24999999999996,-40.0000000113479));
#2363=CARTESIAN_POINT('Ctrl Pts',(7.38221452904572,4.07777157393168,-39.8822145308178));
#2364=CARTESIAN_POINT('Ctrl Pts',(6.21035048944799,4.11301308527436,-41.0524144886596));
#2365=CARTESIAN_POINT('Ctrl Pts',(4.45590255567905,3.34107118434633,-42.8327912929041));
#2366=CARTESIAN_POINT('Ctrl Pts',(3.31398479352131,1.02438628312569,-44.0209013512451));
#2367=CARTESIAN_POINT('Ctrl Pts',(3.31343392806623,-1.02395239667527,-44.0209123243788));
#2368=CARTESIAN_POINT('Ctrl Pts',(4.03047798917423,-2.47034017268232,-43.2758334925132));
#2369=CARTESIAN_POINT('Ctrl Pts',(5.32871701640438,-3.73269853061129,-41.9461248815187));
#2370=CARTESIAN_POINT('Ctrl Pts',(6.50331649934742,-4.1042027074387,-40.7598644991991));
#2371=CARTESIAN_POINT('Ctrl Pts',(7.38221452904572,-4.07777157393169,-39.8822145308178));
#2372=CARTESIAN_POINT('Ctrl Pts',(7.26442902405287,3.9055431478634,-39.7644290502877));
#2373=CARTESIAN_POINT('Ctrl Pts',(6.11749826438531,3.97602599560736,-40.9080316536851));
#2374=CARTESIAN_POINT('Ctrl Pts',(4.38960833587824,3.27287241394398,-42.6877793339204));
#2375=CARTESIAN_POINT('Ctrl Pts',(3.26577900602401,1.01061597880414,-43.9039932631602));
#2376=CARTESIAN_POINT('Ctrl Pts',(3.2651177544925,-1.01015851828055,-43.9035747300516));
#2377=CARTESIAN_POINT('Ctrl Pts',(3.97105586623875,-2.42237045391933,-43.1415670723842));
#2378=CARTESIAN_POINT('Ctrl Pts',(5.24892330235367,-3.63062431048971,-41.8007604607616));
#2379=CARTESIAN_POINT('Ctrl Pts',(6.4042309543022,-3.95840528367138,-40.6221310028358));
#2380=CARTESIAN_POINT('Ctrl Pts',(7.26442902405287,-3.90554314786341,-39.7644290502877));
#2381=CARTESIAN_POINT('Ctrl Pts',(7.14664351906003,3.73331472179512,-39.6466435697575));
#2382=CARTESIAN_POINT('Ctrl Pts',(6.02464603932262,3.83903890594037,-40.7636488187107));
#2383=CARTESIAN_POINT('Ctrl Pts',(4.32331411607742,3.20467364354162,-42.5427673749366));
#2384=CARTESIAN_POINT('Ctrl Pts',(3.21757321852671,0.996845674482588,-43.7870851750753));
#2385=CARTESIAN_POINT('Ctrl Pts',(3.21680158091877,-0.996364639885825,-43.7862371357244));
#2386=CARTESIAN_POINT('Ctrl Pts',(3.91163374330326,-2.37440073515634,-43.0073006522553));
#2387=CARTESIAN_POINT('Ctrl Pts',(5.16912958830297,-3.52855009036813,-41.6553960400045));
#2388=CARTESIAN_POINT('Ctrl Pts',(6.30514540925697,-3.81260785990407,-40.4843975064724));
#2389=CARTESIAN_POINT('Ctrl Pts',(7.14664351906003,-3.73331472179513,-39.6466435697575));
#2390=CARTESIAN_POINT('',(7.50000003403857,4.24999999999995,-40.0000000113479));
#2391=CARTESIAN_POINT('',(6.79342886046297,3.74922027282392,-40.0001127322861));
#2392=CARTESIAN_POINT('Ctrl Pts',(6.79360700140864,3.74922097101075,-39.9999335671757));
#2393=CARTESIAN_POINT('Ctrl Pts',(6.89429652047834,3.8183939004128,-39.9999248926556));
#2394=CARTESIAN_POINT('Ctrl Pts',(6.99443043473182,3.88811426811028,-39.9999347452002));
#2395=CARTESIAN_POINT('Ctrl Pts',(7.09419056767461,3.95850233987275,-39.9999498455606));
#2396=CARTESIAN_POINT('Ctrl Pts',(7.11161645604686,3.97079757891352,-39.9999524832596));
#2397=CARTESIAN_POINT('Ctrl Pts',(7.12903104163052,3.98311326771527,-39.9999552662305));
#2398=CARTESIAN_POINT('Ctrl Pts',(7.14643542151526,3.99545014293342,-39.9999581015693));
#2399=CARTESIAN_POINT('Ctrl Pts',(7.25277733916828,4.07082927032736,-39.9999754256774));
#2400=CARTESIAN_POINT('Ctrl Pts',(7.35850497634187,4.14683406755047,-39.9999952925272));
#2401=CARTESIAN_POINT('Ctrl Pts',(7.46379865698299,4.22357424943493,-39.9999993049415));
#2402=CARTESIAN_POINT('Ctrl Pts',(7.47587134102909,4.23237306778652,-39.9999997649939));
#2403=CARTESIAN_POINT('Ctrl Pts',(7.4879383647059,4.24118158755261,-40.0000000113479));
#2404=CARTESIAN_POINT('Ctrl Pts',(7.50000003403857,4.24999999999995,-40.0000000113479));
#2405=CARTESIAN_POINT('',(6.79337129568918,-3.74948218365297,-40.0000655278134));
#2406=CARTESIAN_POINT('Ctrl Pts',(6.79342886046297,3.74922027282392,-40.0001127322861));
#2407=CARTESIAN_POINT('Ctrl Pts',(5.79083405409851,3.7452660924895,-41.0084741189087));
#2408=CARTESIAN_POINT('Ctrl Pts',(4.26528839117737,3.08881393477708,-42.6080651698531));
#2409=CARTESIAN_POINT('Ctrl Pts',(3.21757321852671,0.996845674482588,-43.7870851750753));
#2410=CARTESIAN_POINT('Ctrl Pts',(3.21680158091877,-0.996364639885825,-43.7862371357244));
#2411=CARTESIAN_POINT('Ctrl Pts',(3.91163374330326,-2.37440073515634,-43.0073006522553));
#2412=CARTESIAN_POINT('Ctrl Pts',(5.08117637145907,-3.44782525226005,-41.7499525031422));
#2413=CARTESIAN_POINT('Ctrl Pts',(6.07005249527751,-3.7476616048802,-40.7271385430589));
#2414=CARTESIAN_POINT('Ctrl Pts',(6.79337129568918,-3.74948218365297,-40.0000655278134));
#2415=CARTESIAN_POINT('',(7.50000003403857,-4.24999999999996,-40.0000000113479));
#2416=CARTESIAN_POINT('Ctrl Pts',(7.50000003403857,-4.24999999999996,-40.0000000113479));
#2417=CARTESIAN_POINT('Ctrl Pts',(7.3949261492084,-4.17317938518117,-40.0000000113479));
#2418=CARTESIAN_POINT('Ctrl Pts',(7.28943176958717,-4.09712012929625,-39.9999926159207));
#2419=CARTESIAN_POINT('Ctrl Pts',(7.18332973729162,-4.02171548224232,-39.9999898893677));
#2420=CARTESIAN_POINT('Ctrl Pts',(7.17107809220804,-4.01300847679322,-39.9999895745315));
#2421=CARTESIAN_POINT('Ctrl Pts',(7.15881839042277,-4.00431023403608,-39.9999893162481));
#2422=CARTESIAN_POINT('Ctrl Pts',(7.14655037979722,-3.99562061700025,-39.9999891294751));
#2423=CARTESIAN_POINT('Ctrl Pts',(7.04695747578724,-3.92507746035102,-39.9999876132337));
#2424=CARTESIAN_POINT('Ctrl Pts',(6.94701521197618,-3.8552428545874,-39.9999911359881));
#2425=CARTESIAN_POINT('Ctrl Pts',(6.8465329947885,-3.78599618374916,-40.0000076959825));
#2426=CARTESIAN_POINT('Ctrl Pts',(6.82884524012091,-3.77380678188668,-40.0000106110169));
#2427=CARTESIAN_POINT('Ctrl Pts',(6.81114085859314,-3.76163567451949,-40.0000139136629));
#2428=CARTESIAN_POINT('Ctrl Pts',(6.79341894623265,-3.74948230327841,-40.0000176299811));
#2429=CARTESIAN_POINT('Ctrl Pts',(7.50000003403857,-4.24999999999996,-40.0000000113479));
#2430=CARTESIAN_POINT('Ctrl Pts',(6.60240204439265,-4.25000013120601,-40.8975979955625));
#2431=CARTESIAN_POINT('Ctrl Pts',(5.70698355893948,-3.93857959585116,-41.7930164755975));
#2432=CARTESIAN_POINT('Ctrl Pts',(4.98864995569667,-3.36705088977961,-42.5113500744936));
#2433=CARTESIAN_POINT('Ctrl Pts',(4.7492054212824,-3.17654132108909,-42.750794607459));
#2434=CARTESIAN_POINT('Ctrl Pts',(4.52943698489151,-2.95713084454117,-42.9705630425201));
#2435=CARTESIAN_POINT('Ctrl Pts',(4.33438135993293,-2.71215295241753,-43.1656186662984));
#2436=CARTESIAN_POINT('Ctrl Pts',(3.94427011001577,-2.22219716817025,-43.555729913855));
#2437=CARTESIAN_POINT('Ctrl Pts',(3.65301010582786,-1.62997172162012,-43.8469899162805));
#2438=CARTESIAN_POINT('Ctrl Pts',(3.50745351696368,-0.987875187925518,-43.9925465042639));
#2439=CARTESIAN_POINT('Ctrl Pts',(3.36189692809951,-0.345778654230915,-44.1381030922473));
#2440=CARTESIAN_POINT('Ctrl Pts',(3.36204375455906,0.34618896660816,-44.1379562657886));
#2441=CARTESIAN_POINT('Ctrl Pts',(3.50711794209649,0.988561947940378,-43.992882079129));
#2442=CARTESIAN_POINT('Ctrl Pts',(3.65219212963392,1.6309349292726,-43.8478078924695));
#2443=CARTESIAN_POINT('Ctrl Pts',(3.94219367824923,2.22371327109796,-43.557806345609));
#2444=CARTESIAN_POINT('Ctrl Pts',(4.33341759277398,2.71231330122516,-43.1665824334515));
#2445=CARTESIAN_POINT('Ctrl Pts',(5.11586542182347,3.68951336147957,-42.3841346091366));
#2446=CARTESIAN_POINT('Ctrl Pts',(6.30320271451068,4.25000017494135,-41.196797323634));
#2447=CARTESIAN_POINT('Ctrl Pts',(7.50000003403857,4.24999999999995,-40.0000000113479));
#2448=CARTESIAN_POINT('Origin',(3.,-4.89858726958405E-15,-40.0000005960464));
#2449=CARTESIAN_POINT('',(3.,3.10684727658119,-37.9000005960464));
#2450=CARTESIAN_POINT('',(3.,-3.1068472765812,-37.9000005960464));
#2451=CARTESIAN_POINT('Origin',(3.,-4.89858726958405E-15,-40.0000005960464));
#2452=CARTESIAN_POINT('',(2.8,3.10684727658119,-37.9000005960464));
#2453=CARTESIAN_POINT('',(3.,3.10684727658119,-37.9000005960464));
#2454=CARTESIAN_POINT('',(2.8,3.10684727658119,-42.1000005960464));
#2455=CARTESIAN_POINT('Origin',(2.8,-4.89858726958405E-15,-40.0000005960464));
#2456=CARTESIAN_POINT('',(3.,3.10684727658119,-42.1000005960464));
#2457=CARTESIAN_POINT('',(3.,3.10684727658119,-42.1000005960464));
#2458=CARTESIAN_POINT('',(3.,-3.1068472765812,-42.1000005960464));
#2459=CARTESIAN_POINT('Origin',(3.,-4.89858726958405E-15,-40.0000005960464));
#2460=CARTESIAN_POINT('',(2.8,-3.1068472765812,-42.1000005960464));
#2461=CARTESIAN_POINT('',(3.,-3.1068472765812,-42.1000005960464));
#2462=CARTESIAN_POINT('',(2.8,-3.75,-40.0000005960464));
#2463=CARTESIAN_POINT('Origin',(2.8,-4.89858726958405E-15,-40.0000005960464));
#2464=CARTESIAN_POINT('',(3.,-3.75,-40.0000005960464));
#2465=CARTESIAN_POINT('',(70.0000000000631,3.74999999999995,-40.0000000113475));
#2466=CARTESIAN_POINT('',(3.,3.74999999999995,-40.0000000113479));
#2467=CARTESIAN_POINT('',(70.0000000000631,-3.74999999999996,-40.0000000113475));
#2468=CARTESIAN_POINT('Ctrl Pts',(70.0000000000631,-3.74999999999996,-40.0000000113475));
#2469=CARTESIAN_POINT('Ctrl Pts',(70.7513097976209,-3.74999999999996,-40.0000000113475));
#2470=CARTESIAN_POINT('Ctrl Pts',(71.5229343775055,-3.7521848127085,-39.927957273096));
#2471=CARTESIAN_POINT('Ctrl Pts',(73.0381713589266,-3.73504991377859,-39.6346469019906));
#2472=CARTESIAN_POINT('Ctrl Pts',(73.7817739609816,-3.71507582215813,-39.4133672385748));
#2473=CARTESIAN_POINT('Ctrl Pts',(75.1785284346594,-3.58139092889174,-38.8512455340562));
#2474=CARTESIAN_POINT('Ctrl Pts',(75.8304555149236,-3.46782603992267,-38.5110445384913));
#2475=CARTESIAN_POINT('Ctrl Pts',(76.9970134640495,-3.04709171564685,-37.7733346816879));
#2476=CARTESIAN_POINT('Ctrl Pts',(77.5132683391598,-2.74797468680308,-37.373825634966));
#2477=CARTESIAN_POINT('Ctrl Pts',(78.1688118065482,-1.97803330174448,-36.795836975185));
#2478=CARTESIAN_POINT('Ctrl Pts',(78.3740936108347,-1.62945610799024,-36.5971966058047));
#2479=CARTESIAN_POINT('Ctrl Pts',(78.6461634004591,-0.847197673179857,-36.3235259473096));
#2480=CARTESIAN_POINT('Ctrl Pts',(78.7142119705735,-0.413429600289157,-36.2500005960464));
#2481=CARTESIAN_POINT('Ctrl Pts',(78.7142119705735,0.413429600289148,-36.2500005960464));
#2482=CARTESIAN_POINT('Ctrl Pts',(78.6461634004591,0.847197673179848,-36.3235259473096));
#2483=CARTESIAN_POINT('Ctrl Pts',(78.3740936108347,1.62945610799023,-36.5971966058047));
#2484=CARTESIAN_POINT('Ctrl Pts',(78.1688118065482,1.97803330174447,-36.795836975185));
#2485=CARTESIAN_POINT('Ctrl Pts',(77.5132683391598,2.74797468680307,-37.3738256349661));
#2486=CARTESIAN_POINT('Ctrl Pts',(76.9970134640495,3.04709171564684,-37.7733346816879));
#2487=CARTESIAN_POINT('Ctrl Pts',(75.8304555149236,3.46782603992266,-38.5110445384913));
#2488=CARTESIAN_POINT('Ctrl Pts',(75.1785284346594,3.58139092889173,-38.8512455340562));
#2489=CARTESIAN_POINT('Ctrl Pts',(73.7817739609816,3.71507582215812,-39.4133672385748));
#2490=CARTESIAN_POINT('Ctrl Pts',(73.0381713589266,3.73504991377858,-39.6346469019906));
#2491=CARTESIAN_POINT('Ctrl Pts',(71.5229343775055,3.75218481270849,-39.927957273096));
#2492=CARTESIAN_POINT('Ctrl Pts',(70.7513097976209,3.74999999999995,-40.0000000113475));
#2493=CARTESIAN_POINT('Ctrl Pts',(70.0000000000631,3.74999999999995,-40.0000000113475));
#2494=CARTESIAN_POINT('',(3.,-3.74999999999996,-40.0000000113479));
#2495=CARTESIAN_POINT('',(2.8,-3.1068472765812,-37.9000005960464));
#2496=CARTESIAN_POINT('Origin',(2.8,-4.89858726958405E-15,-40.0000005960464));
#2497=CARTESIAN_POINT('',(3.,-3.1068472765812,-37.9000005960464));
#2498=CARTESIAN_POINT('Ctrl Pts',(7.50000001134422,-4.24999999999995,39.9999999886526));
#2499=CARTESIAN_POINT('Ctrl Pts',(6.30320269428251,-4.25000018173179,41.1967973057142));
#2500=CARTESIAN_POINT('Ctrl Pts',(4.52219675473009,-3.40926996483219,42.9778032452664));
#2501=CARTESIAN_POINT('Ctrl Pts',(3.36219055934815,-1.03815659076009,44.1378094406483));
#2502=CARTESIAN_POINT('Ctrl Pts',(3.36175007997731,1.03774627841498,44.1382499200191));
#2503=CARTESIAN_POINT('Ctrl Pts',(4.08990009100099,2.51830989892161,43.4100999089955));
#2504=CARTESIAN_POINT('Ctrl Pts',(5.40851070997387,3.83477275933146,42.0914892900227));
#2505=CARTESIAN_POINT('Ctrl Pts',(6.60240202354794,4.25000013629883,40.8975979764488));
#2506=CARTESIAN_POINT('Ctrl Pts',(7.50000001134422,4.24999999999995,39.9999999886526));
#2507=CARTESIAN_POINT('Ctrl Pts',(7.3822145055214,-4.07777157329703,39.8822145089824));
#2508=CARTESIAN_POINT('Ctrl Pts',(6.21035046858012,-4.11301309129072,41.0524144710631));
#2509=CARTESIAN_POINT('Ctrl Pts',(4.45590253447391,-3.34107119395952,42.8327912860999));
#2510=CARTESIAN_POINT('Ctrl Pts',(3.31398477149748,-1.02438628631894,44.0209013522045));
#2511=CARTESIAN_POINT('Ctrl Pts',(3.31343390604997,1.02395239990225,44.0209123253281));
#2512=CARTESIAN_POINT('Ctrl Pts',(4.03047796764883,2.47034017981548,43.2758334886243));
#2513=CARTESIAN_POINT('Ctrl Pts',(5.32871699537513,3.73269853859799,41.9461248693257));
#2514=CARTESIAN_POINT('Ctrl Pts',(6.50331647781544,4.1042027117923,40.7598644805429));
#2515=CARTESIAN_POINT('Ctrl Pts',(7.3822145055214,4.07777157329703,39.8822145089824));
#2516=CARTESIAN_POINT('Ctrl Pts',(7.26442899969859,-3.90554314659412,39.7644290293122));
#2517=CARTESIAN_POINT('Ctrl Pts',(6.11749824287772,-3.97602600084964,40.908031636412));
#2518=CARTESIAN_POINT('Ctrl Pts',(4.38960831421774,-3.27287242308685,42.6877793269333));
#2519=CARTESIAN_POINT('Ctrl Pts',(3.26577898364681,-1.0106159818778,43.9039932637608));
#2520=CARTESIAN_POINT('Ctrl Pts',(3.26511773212262,1.01015852138952,43.9035747306371));
#2521=CARTESIAN_POINT('Ctrl Pts',(3.97105584429667,2.42237046070935,43.1415670682531));
#2522=CARTESIAN_POINT('Ctrl Pts',(5.24892328077638,3.63062431786453,41.8007604486286));
#2523=CARTESIAN_POINT('Ctrl Pts',(6.40423093208294,3.95840528728576,40.6221309846371));
#2524=CARTESIAN_POINT('Ctrl Pts',(7.26442899969859,3.90554314659412,39.7644290293122));
#2525=CARTESIAN_POINT('Ctrl Pts',(7.14664349387577,-3.7333147198912,39.646643549642));
#2526=CARTESIAN_POINT('Ctrl Pts',(6.02464601717532,-3.83903891040857,40.7636488017609));
#2527=CARTESIAN_POINT('Ctrl Pts',(4.32331409396156,-3.20467365221419,42.5427673677667));
#2528=CARTESIAN_POINT('Ctrl Pts',(3.21757319579615,-0.996845677436649,43.7870851753171));
#2529=CARTESIAN_POINT('Ctrl Pts',(3.21680155819528,0.99636464287679,43.786237135946));
#2530=CARTESIAN_POINT('Ctrl Pts',(3.91163372094451,2.37440074160323,43.0073006478819));
#2531=CARTESIAN_POINT('Ctrl Pts',(5.16912956617764,3.52855009713107,41.6553960279316));
#2532=CARTESIAN_POINT('Ctrl Pts',(6.30514538635044,3.81260786277922,40.4843974887312));
#2533=CARTESIAN_POINT('Ctrl Pts',(7.14664349387577,3.7333147198912,39.646643549642));
#2534=CARTESIAN_POINT('',(7.50000000612146,-4.24999999999995,39.9999999938753));
#2535=CARTESIAN_POINT('',(6.79342883979824,-3.74922027282257,40.0001127095913));
#2536=CARTESIAN_POINT('Ctrl Pts',(6.79360698073972,-3.74922097100832,39.9999335444842));
#2537=CARTESIAN_POINT('Ctrl Pts',(6.89429650008472,-3.81839390078808,39.9999248699632));
#2538=CARTESIAN_POINT('Ctrl Pts',(6.99443041460633,-3.88811426887366,39.9999347225071));
#2539=CARTESIAN_POINT('Ctrl Pts',(7.09419054780971,-3.95850234103221,39.999949822867));
#2540=CARTESIAN_POINT('Ctrl Pts',(7.11161643559513,-3.970797579696,39.9999524605658));
#2541=CARTESIAN_POINT('Ctrl Pts',(7.12903102059255,-3.98311326811952,39.9999552435365));
#2542=CARTESIAN_POINT('Ctrl Pts',(7.14643539989152,-3.99545014295812,39.9999580788751));
#2543=CARTESIAN_POINT('Ctrl Pts',(7.25277731788816,-4.07082927081351,39.9999754029827));
#2544=CARTESIAN_POINT('Ctrl Pts',(7.35850495539829,-4.14683406850867,39.9999952698322));
#2545=CARTESIAN_POINT('Ctrl Pts',(7.46379863636791,-4.22357425087236,39.9999992822463));
#2546=CARTESIAN_POINT('Ctrl Pts',(7.47587131972036,-4.2323730687459,39.9999997422986));
#2547=CARTESIAN_POINT('Ctrl Pts',(7.4879383427041,-4.24118158803286,39.9999999886526));
#2548=CARTESIAN_POINT('Ctrl Pts',(7.50000001134422,-4.24999999999995,39.9999999886526));
#2549=CARTESIAN_POINT('',(6.79337127502556,3.74948218365324,40.0000655051186));
#2550=CARTESIAN_POINT('Ctrl Pts',(6.79342883979824,-3.74922027282257,40.0001127095913));
#2551=CARTESIAN_POINT('Ctrl Pts',(5.79083403433507,-3.74526609852939,41.0084741008093));
#2552=CARTESIAN_POINT('Ctrl Pts',(4.26528836963136,-3.08881394435178,42.6080651623946));
#2553=CARTESIAN_POINT('Ctrl Pts',(3.21757319579615,-0.996845677436649,43.7870851753171));
#2554=CARTESIAN_POINT('Ctrl Pts',(3.21680155819528,0.99636464287679,43.786237135946));
#2555=CARTESIAN_POINT('Ctrl Pts',(3.91163372094451,2.37440074160323,43.0073006478819));
#2556=CARTESIAN_POINT('Ctrl Pts',(5.08117635022978,3.44782525983826,41.749952490627));
#2557=CARTESIAN_POINT('Ctrl Pts',(6.07005247492929,3.74766160925514,40.727138524014));
#2558=CARTESIAN_POINT('Ctrl Pts',(6.79337127502556,3.74948218365324,40.0000655051186));
#2559=CARTESIAN_POINT('',(7.50000000612146,4.24999999999995,39.9999999938753));
#2560=CARTESIAN_POINT('Ctrl Pts',(7.50000001134422,4.24999999999995,39.9999999886526));
#2561=CARTESIAN_POINT('Ctrl Pts',(7.39492612618344,4.17317938471227,39.9999999886526));
#2562=CARTESIAN_POINT('Ctrl Pts',(7.2894317462222,4.09712012836464,39.9999925932255));
#2563=CARTESIAN_POINT('Ctrl Pts',(7.18332971357847,4.02171548085794,39.9999898666727));
#2564=CARTESIAN_POINT('Ctrl Pts',(7.17107806918996,4.01300847587911,39.9999895518366));
#2565=CARTESIAN_POINT('Ctrl Pts',(7.15881836810061,4.00431023359131,39.9999892935533));
#2566=CARTESIAN_POINT('Ctrl Pts',(7.14655035817189,3.99562061702394,39.9999891067803));
#2567=CARTESIAN_POINT('Ctrl Pts',(7.04695745387767,3.92507745996945,39.9999875905392));
#2568=CARTESIAN_POINT('Ctrl Pts',(6.94701518977297,3.85524285380761,39.999991113294));
#2569=CARTESIAN_POINT('Ctrl Pts',(6.84653297228308,3.78599618258114,40.000007673289));
#2570=CARTESIAN_POINT('Ctrl Pts',(6.82884521822793,3.77380678110903,40.0000105883233));
#2571=CARTESIAN_POINT('Ctrl Pts',(6.81114083731359,3.76163567413115,40.0000138909693));
#2572=CARTESIAN_POINT('Ctrl Pts',(6.79341892556762,3.7494823032784,40.0000176072874));
#2573=CARTESIAN_POINT('Ctrl Pts',(7.50000000612146,4.24999999999995,39.9999999938753));
#2574=CARTESIAN_POINT('Ctrl Pts',(6.60240202007455,4.25000013509081,40.8975979799222));
#2575=CARTESIAN_POINT('Ctrl Pts',(5.70698353697416,3.9385796024648,41.7930164630225));
#2576=CARTESIAN_POINT('Ctrl Pts',(4.98864993495742,3.36705089773822,42.5113500650391));
#2577=CARTESIAN_POINT('Ctrl Pts',(4.74920540048743,3.17654132912653,42.7507945995091));
#2578=CARTESIAN_POINT('Ctrl Pts',(4.52943696399195,2.95713085239156,42.9705630360046));
#2579=CARTESIAN_POINT('Ctrl Pts',(4.33438133892672,2.7121529598678,43.1656186610698));
#2580=CARTESIAN_POINT('Ctrl Pts',(3.94427008879625,2.22219717482028,43.5557299112002));
#2581=CARTESIAN_POINT('Ctrl Pts',(3.65301008438678,1.62997172661763,43.8469899156097));
#2582=CARTESIAN_POINT('Ctrl Pts',(3.50745349541052,0.987875190987129,43.9925465045859));
#2583=CARTESIAN_POINT('Ctrl Pts',(3.36189690643426,0.345778655356625,44.1381030935622));
#2584=CARTESIAN_POINT('Ctrl Pts',(3.3620437328912,-0.346188967701732,44.1379562671052));
#2585=CARTESIAN_POINT('Ctrl Pts',(3.50711792054242,-0.988561950989923,43.992882079454));
#2586=CARTESIAN_POINT('Ctrl Pts',(3.65219210819363,-1.63093493427811,43.8478078918028));
#2587=CARTESIAN_POINT('Ctrl Pts',(3.94219365703912,-2.22371327779614,43.5578063429573));
#2588=CARTESIAN_POINT('Ctrl Pts',(4.33341757177527,-2.71231330868589,43.1665824282212));
#2589=CARTESIAN_POINT('Ctrl Pts',(5.11586540010938,-3.6895133690439,42.3841345998872));
#2590=CARTESIAN_POINT('Ctrl Pts',(6.30320269082819,-4.25000018010117,41.1967973091685));
#2591=CARTESIAN_POINT('Ctrl Pts',(7.50000000612146,-4.24999999999995,39.9999999938753));
#2592=CARTESIAN_POINT('Origin',(3.,0.,40.0000005960464));
#2593=CARTESIAN_POINT('',(3.,3.1068472765812,42.1000005960464));
#2594=CARTESIAN_POINT('',(3.,-3.1068472765812,42.1000005960464));
#2595=CARTESIAN_POINT('Origin',(3.,0.,40.0000005960464));
#2596=CARTESIAN_POINT('',(2.8,3.1068472765812,42.1000005960464));
#2597=CARTESIAN_POINT('',(3.,3.1068472765812,42.1000005960464));
#2598=CARTESIAN_POINT('',(2.8,3.10684727658119,37.9000005960464));
#2599=CARTESIAN_POINT('Origin',(2.8,0.,40.0000005960464));
#2600=CARTESIAN_POINT('',(3.,3.10684727658119,37.9000005960464));
#2601=CARTESIAN_POINT('',(3.,3.10684727658119,37.9000005960464));
#2602=CARTESIAN_POINT('',(3.,-3.1068472765812,37.9000005960464));
#2603=CARTESIAN_POINT('Origin',(3.,0.,40.0000005960464));
#2604=CARTESIAN_POINT('',(2.8,-3.1068472765812,37.9000005960464));
#2605=CARTESIAN_POINT('',(3.,-3.1068472765812,37.9000005960464));
#2606=CARTESIAN_POINT('',(2.8,-3.75,40.0000005960464));
#2607=CARTESIAN_POINT('Origin',(2.8,0.,40.0000005960464));
#2608=CARTESIAN_POINT('',(3.,-3.75,40.0000005960464));
#2609=CARTESIAN_POINT('',(70.0000000000409,-3.74999999999995,39.9999999886526));
#2610=CARTESIAN_POINT('',(3.,-3.74999999999995,39.9999999886526));
#2611=CARTESIAN_POINT('',(70.0000000000409,3.74999999999995,39.9999999886526));
#2612=CARTESIAN_POINT('Ctrl Pts',(70.0000000000408,3.74999999999995,39.9999999886526));
#2613=CARTESIAN_POINT('Ctrl Pts',(70.7513097959498,3.74999999999995,39.9999999886526));
#2614=CARTESIAN_POINT('Ctrl Pts',(71.5229343742855,3.75218481224978,39.9279572508497));
#2615=CARTESIAN_POINT('Ctrl Pts',(73.0381713529942,3.73504991173788,39.6346468814526));
#2616=CARTESIAN_POINT('Ctrl Pts',(73.7817739538849,3.71507581901402,39.4133672192952));
#2617=CARTESIAN_POINT('Ctrl Pts',(75.1785284257152,3.5813909236129,38.8512455179214));
#2618=CARTESIAN_POINT('Ctrl Pts',(75.8304555052922,3.46782603362118,38.511044524242));
#2619=CARTESIAN_POINT('Ctrl Pts',(76.9970134534751,3.04709170807464,37.7733346716112));
#2620=CARTESIAN_POINT('Ctrl Pts',(77.5132683283379,2.74797467894336,37.3738256271847));
#2621=CARTESIAN_POINT('Ctrl Pts',(78.1688117951478,1.97803329516071,36.7958369712778));
#2622=CARTESIAN_POINT('Ctrl Pts',(78.374093599242,1.62945610246464,36.597196603346));
#2623=CARTESIAN_POINT('Ctrl Pts',(78.6461633887102,0.847197670228891,36.3235259468029));
#2624=CARTESIAN_POINT('Ctrl Pts',(78.7142119588316,0.413429598846611,36.2500005960464));
#2625=CARTESIAN_POINT('Ctrl Pts',(78.7142119588316,-0.413429598846611,36.2500005960464));
#2626=CARTESIAN_POINT('Ctrl Pts',(78.6461633887102,-0.847197670228891,36.3235259468029));
#2627=CARTESIAN_POINT('Ctrl Pts',(78.374093599242,-1.62945610246464,36.597196603346));
#2628=CARTESIAN_POINT('Ctrl Pts',(78.1688117951478,-1.97803329516071,36.7958369712778));
#2629=CARTESIAN_POINT('Ctrl Pts',(77.5132683283379,-2.74797467894336,37.3738256271847));
#2630=CARTESIAN_POINT('Ctrl Pts',(76.9970134534751,-3.04709170807464,37.7733346716112));
#2631=CARTESIAN_POINT('Ctrl Pts',(75.8304555052922,-3.46782603362118,38.511044524242));
#2632=CARTESIAN_POINT('Ctrl Pts',(75.1785284257152,-3.5813909236129,38.8512455179214));
#2633=CARTESIAN_POINT('Ctrl Pts',(73.7817739538849,-3.71507581901402,39.4133672192952));
#2634=CARTESIAN_POINT('Ctrl Pts',(73.0381713529942,-3.73504991173788,39.6346468814526));
#2635=CARTESIAN_POINT('Ctrl Pts',(71.5229343742855,-3.75218481224978,39.9279572508497));
#2636=CARTESIAN_POINT('Ctrl Pts',(70.7513097959498,-3.74999999999995,39.9999999886526));
#2637=CARTESIAN_POINT('Ctrl Pts',(70.0000000000408,-3.74999999999995,39.9999999886526));
#2638=CARTESIAN_POINT('',(3.,3.74999999999995,39.9999999886526));
#2639=CARTESIAN_POINT('',(2.8,-3.1068472765812,42.1000005960464));
#2640=CARTESIAN_POINT('Origin',(2.8,0.,40.0000005960464));
#2641=CARTESIAN_POINT('',(3.,-3.1068472765812,42.1000005960464));
#2642=CARTESIAN_POINT('Origin',(70.0000000000408,25.9995,27.9999999773551));
#2643=CARTESIAN_POINT('',(77.3278233865425,30.4995,29.5978124149404));
#2644=CARTESIAN_POINT('',(80.6028461897096,25.9994999999814,33.6195776260193));
#2645=CARTESIAN_POINT('Ctrl Pts',(77.3278233865425,30.4995,29.5978124149404));
#2646=CARTESIAN_POINT('Ctrl Pts',(77.3750925172455,30.4995,29.5978124149404));
#2647=CARTESIAN_POINT('Ctrl Pts',(77.4223539562191,30.498789121013,29.5985450050253));
#2648=CARTESIAN_POINT('Ctrl Pts',(77.8983364705268,30.4843039162973,29.6134693286041));
#2649=CARTESIAN_POINT('Ctrl Pts',(78.3023260894916,30.4123499577885,29.687881299883));
#2650=CARTESIAN_POINT('Ctrl Pts',(79.0592410988964,30.1602693957956,29.9439710389522));
#2651=CARTESIAN_POINT('Ctrl Pts',(79.394416472765,29.9821330418399,30.1232365637315));
#2652=CARTESIAN_POINT('Ctrl Pts',(80.0260037119014,29.512095292187,30.5845982199989));
#2653=CARTESIAN_POINT('Ctrl Pts',(80.292716413642,29.2071189204841,30.8770598625347));
#2654=CARTESIAN_POINT('Ctrl Pts',(80.7288760099483,28.4676461194346,31.561991012893));
#2655=CARTESIAN_POINT('Ctrl Pts',(80.8544217827522,28.0215996256754,31.9592017758472));
#2656=CARTESIAN_POINT('Ctrl Pts',(80.9137251652199,27.0498639107804,32.7875547591052));
#2657=CARTESIAN_POINT('Ctrl Pts',(80.8148734847702,26.5167944448432,33.2195310499055));
#2658=CARTESIAN_POINT('Ctrl Pts',(80.6028461897249,25.9995,33.6195776259905));
#2659=CARTESIAN_POINT('',(82.0000000113384,25.9995,27.9999999724966));
#2660=CARTESIAN_POINT('Origin',(70.0000000000408,25.9995,27.9999999773551));
#2661=CARTESIAN_POINT('',(77.5000000113384,30.4995,27.9999999743185));
#2662=CARTESIAN_POINT('Origin',(77.5000000113384,25.9995,27.9999999743185));
#2663=CARTESIAN_POINT('Origin',(70.0000000000408,30.4995,27.9999999773551));
#2664=CARTESIAN_POINT('Origin',(77.5000000056702,25.9995,13.9999999790113));
#2665=CARTESIAN_POINT('',(81.9999999886657,25.9995,-28.0000000276034));
#2666=CARTESIAN_POINT('',(77.4999999886657,30.4995,-28.0000000257815));
#2667=CARTESIAN_POINT('Origin',(77.4999999886657,25.9995,-28.0000000257815));
#2668=CARTESIAN_POINT('',(77.5000000056702,30.4995,13.9999999790113));
#2669=CARTESIAN_POINT('',(82.0000000056702,25.9995,13.9999999771894));
#2670=CARTESIAN_POINT('Origin',(70.0000000000631,25.9995,-28.0000000227449));
#2671=CARTESIAN_POINT('',(80.6028461881033,25.9994999999814,-33.6195776260193));
#2672=CARTESIAN_POINT('',(77.3278233732337,30.4995,-29.5978124149404));
#2673=CARTESIAN_POINT('Ctrl Pts',(80.6028461881186,25.9995,-33.6195776259905));
#2674=CARTESIAN_POINT('Ctrl Pts',(80.8255513056929,26.5428457095585,-33.1993844595914));
#2675=CARTESIAN_POINT('Ctrl Pts',(80.9313577397764,27.1213169471398,-32.7302375379916));
#2676=CARTESIAN_POINT('Ctrl Pts',(80.8204172745313,28.1907822437721,-31.8111116189683));
#2677=CARTESIAN_POINT('Ctrl Pts',(80.6523271912413,28.6556554547994,-31.3913880947738));
#2678=CARTESIAN_POINT('Ctrl Pts',(80.1373890740912,29.3940498123933,-30.6992250468764));
#2679=CARTESIAN_POINT('Ctrl Pts',(79.8252552001976,29.6986409265916,-30.4033307178133));
#2680=CARTESIAN_POINT('Ctrl Pts',(79.0977789118995,30.1407169676073,-29.9643499318159));
#2681=CARTESIAN_POINT('Ctrl Pts',(78.7234593754399,30.2969559261137,-29.8054294432684));
#2682=CARTESIAN_POINT('Ctrl Pts',(77.9893197029856,30.4632555023622,-29.6352823917086));
#2683=CARTESIAN_POINT('Ctrl Pts',(77.66590983909,30.4995,-29.5978124149404));
#2684=CARTESIAN_POINT('Ctrl Pts',(77.3278233732337,30.4995,-29.5978124149404));
#2685=CARTESIAN_POINT('Origin',(70.0000000000631,30.4995,-28.0000000227449));
#2686=CARTESIAN_POINT('Origin',(70.0000000000631,25.9995,-28.0000000227449));
#2687=CARTESIAN_POINT('Origin',(70.0000000000631,0.,-28.0000000227449));
#2688=CARTESIAN_POINT('',(81.9999999886657,-25.9995,-28.0000000276034));
#2689=CARTESIAN_POINT('',(81.9999999886657,0.,-28.0000000276034));
#2690=CARTESIAN_POINT('',(80.6028461881033,-25.9994999999814,-33.6195776260193));
#2691=CARTESIAN_POINT('Origin',(70.0000000000631,-25.9995,-28.0000000227449));
#2692=CARTESIAN_POINT('',(70.0000000000631,-14.361406584739,-40.0000000113475));
#2693=CARTESIAN_POINT('Ctrl Pts',(70.0000000000631,-14.3614065847394,-40.0000000113475));
#2694=CARTESIAN_POINT('Ctrl Pts',(70.8817017616495,-14.3614065847394,-40.0000000113475));
#2695=CARTESIAN_POINT('Ctrl Pts',(71.6449017261915,-14.6181732638103,-39.9089313070914));
#2696=CARTESIAN_POINT('Ctrl Pts',(73.0703199185185,-15.3755187732356,-39.6233164794942));
#2697=CARTESIAN_POINT('Ctrl Pts',(73.7284864596391,-15.8825516961866,-39.42572244184));
#2698=CARTESIAN_POINT('Ctrl Pts',(75.600752868394,-17.6172958572724,-38.6969649099801));
#2699=CARTESIAN_POINT('Ctrl Pts',(76.693600996451,-19.0412389271098,-38.0262133094106));
#2700=CARTESIAN_POINT('Ctrl Pts',(78.7733624041019,-22.1478554673695,-36.3290664677675));
#2701=CARTESIAN_POINT('Ctrl Pts',(79.8258845635988,-24.1039047403525,-35.0855249231696));
#2702=CARTESIAN_POINT('Ctrl Pts',(80.6028461881076,-25.9994999999733,-33.6195776260111));
#2703=CARTESIAN_POINT('',(70.0000000000631,0.,-40.0000000113475));
#2704=CARTESIAN_POINT('',(70.0000000000631,14.3614065847394,-40.0000000113475));
#2705=CARTESIAN_POINT('',(70.0000000000631,0.,-40.0000000113475));
#2706=CARTESIAN_POINT('Ctrl Pts',(80.6028461881076,25.9994999999733,-33.6195776260112));
#2707=CARTESIAN_POINT('Ctrl Pts',(79.8258845635988,24.1039047403525,-35.0855249231696));
#2708=CARTESIAN_POINT('Ctrl Pts',(78.773362404102,22.1478554673695,-36.3290664677675));
#2709=CARTESIAN_POINT('Ctrl Pts',(76.693600996451,19.0412389271098,-38.0262133094106));
#2710=CARTESIAN_POINT('Ctrl Pts',(75.600752868394,17.6172958572724,-38.6969649099801));
#2711=CARTESIAN_POINT('Ctrl Pts',(73.7284864596391,15.8825516961866,-39.42572244184));
#2712=CARTESIAN_POINT('Ctrl Pts',(73.0703199185185,15.3755187732356,-39.6233164794942));
#2713=CARTESIAN_POINT('Ctrl Pts',(71.6449017261915,14.6181732638103,-39.9089313070914));
#2714=CARTESIAN_POINT('Ctrl Pts',(70.8817017616495,14.3614065847394,-40.0000000113475));
#2715=CARTESIAN_POINT('Ctrl Pts',(70.0000000000631,14.3614065847394,-40.0000000113475));
#2716=CARTESIAN_POINT('Origin',(82.0000000113384,0.,27.9999999724966));
#2717=CARTESIAN_POINT('',(82.0000000113384,-25.9995,27.9999999724966));
#2718=CARTESIAN_POINT('',(82.0000000113384,0.,27.9999999724966));
#2719=CARTESIAN_POINT('',(82.0000000056702,-25.9995,13.9999999771894));
#2720=CARTESIAN_POINT('Origin',(70.0000000000408,0.,27.9999999773551));
#2721=CARTESIAN_POINT('',(70.0000000000408,14.3614066163451,40.));
#2722=CARTESIAN_POINT('Ctrl Pts',(70.0000000000408,14.3614066479504,39.9999999886526));
#2723=CARTESIAN_POINT('Ctrl Pts',(70.8817017622512,14.3614066479504,39.9999999886526));
#2724=CARTESIAN_POINT('Ctrl Pts',(71.6449017287285,14.6181733259274,39.9089312843326));
#2725=CARTESIAN_POINT('Ctrl Pts',(73.0703199247839,15.375518833784,39.6233164559927));
#2726=CARTESIAN_POINT('Ctrl Pts',(73.7284864678284,15.8825517560657,39.4257224177133));
#2727=CARTESIAN_POINT('Ctrl Pts',(75.600752881607,17.6172959152163,38.6969648835805));
#2728=CARTESIAN_POINT('Ctrl Pts',(76.6936010123534,19.0412389841064,38.0262132808822));
#2729=CARTESIAN_POINT('Ctrl Pts',(78.7733624134758,22.1478555058996,36.3290664432532));
#2730=CARTESIAN_POINT('Ctrl Pts',(79.8258845663603,24.1039047581905,35.0855249093747));
#2731=CARTESIAN_POINT('Ctrl Pts',(80.6028461897139,25.9994999999733,33.6195776260112));
#2732=CARTESIAN_POINT('',(70.0000000000409,0.,39.9999999886526));
#2733=CARTESIAN_POINT('',(70.0000000000408,-14.3614066163451,40.));
#2734=CARTESIAN_POINT('',(70.0000000000409,0.,39.9999999886526));
#2735=CARTESIAN_POINT('',(80.6028461897096,-25.9994999999814,33.6195776260193));
#2736=CARTESIAN_POINT('Ctrl Pts',(80.6028461897139,-25.9994999999733,33.6195776260112));
#2737=CARTESIAN_POINT('Ctrl Pts',(79.8258845663603,-24.1039047581905,35.0855249093747));
#2738=CARTESIAN_POINT('Ctrl Pts',(78.7733624134758,-22.1478555058996,36.3290664432532));
#2739=CARTESIAN_POINT('Ctrl Pts',(76.6936010123534,-19.0412389841064,38.0262132808822));
#2740=CARTESIAN_POINT('Ctrl Pts',(75.600752881607,-17.6172959152163,38.6969648835805));
#2741=CARTESIAN_POINT('Ctrl Pts',(73.7284864678283,-15.8825517560657,39.4257224177133));
#2742=CARTESIAN_POINT('Ctrl Pts',(73.0703199247839,-15.375518833784,39.6233164559927));
#2743=CARTESIAN_POINT('Ctrl Pts',(71.6449017287285,-14.6181733259274,39.9089312843326));
#2744=CARTESIAN_POINT('Ctrl Pts',(70.8817017622512,-14.3614066479504,39.9999999886526));
#2745=CARTESIAN_POINT('Ctrl Pts',(70.0000000000408,-14.3614066479504,39.9999999886526));
#2746=CARTESIAN_POINT('Origin',(70.0000000000408,-25.9995,27.9999999773551));
#2747=CARTESIAN_POINT('Origin',(0.,0.,0.));
#2748=CARTESIAN_POINT('',(73.6670145097336,30.4995,29.5978124149404));
#2749=CARTESIAN_POINT('',(0.,30.4995,29.5978124149404));
#2750=CARTESIAN_POINT('',(70.0000000000408,27.9687325678029,31.999999977355));
#2751=CARTESIAN_POINT('Ctrl Pts',(73.6670145097336,30.4995,29.5978124149404));
#2752=CARTESIAN_POINT('Ctrl Pts',(73.6630539236593,30.4906790942699,29.6069020466518));
#2753=CARTESIAN_POINT('Ctrl Pts',(73.6590584282015,30.4818621106468,29.6159795060994));
#2754=CARTESIAN_POINT('Ctrl Pts',(73.4227606488249,29.9651743346747,30.147457260192));
#2755=CARTESIAN_POINT('Ctrl Pts',(73.0723799027551,29.4711870223334,30.6270293664017));
#2756=CARTESIAN_POINT('Ctrl Pts',(72.3221265322149,28.7711897646754,31.2830072512501));
#2757=CARTESIAN_POINT('Ctrl Pts',(71.9248041775152,28.4874434852232,31.5402649471998));
#2758=CARTESIAN_POINT('Ctrl Pts',(71.2437949886009,28.1854863668562,31.8095354445715));
#2759=CARTESIAN_POINT('Ctrl Pts',(71.0026488777596,28.1049437542289,31.8805166852068));
#2760=CARTESIAN_POINT('Ctrl Pts',(70.5068821461859,27.9965182767798,31.9757747666407));
#2761=CARTESIAN_POINT('Ctrl Pts',(70.2522303634541,27.9687325678029,31.999999977355));
#2762=CARTESIAN_POINT('Ctrl Pts',(70.0000000000409,27.9687325678029,31.999999977355));
#2763=CARTESIAN_POINT('',(53.4891253245384,27.9687325678029,31.999999977355));
#2764=CARTESIAN_POINT('',(0.,27.9687325678029,31.999999977355));
#2765=CARTESIAN_POINT('',(30.5108746754972,27.9687325677851,31.9999999773706));
#2766=CARTESIAN_POINT('Ctrl Pts',(53.4891253172911,27.9687325778048,31.9999999686131));
#2767=CARTESIAN_POINT('Ctrl Pts',(52.9013842732854,27.7272975937516,32.2110196720673));
#2768=CARTESIAN_POINT('Ctrl Pts',(52.303591720085,27.4971473793024,32.4073412464708));
#2769=CARTESIAN_POINT('Ctrl Pts',(50.139073166085,26.7277492219512,33.0514679544804));
#2770=CARTESIAN_POINT('Ctrl Pts',(48.5233245101246,26.2723448087953,33.4090505108376));
#2771=CARTESIAN_POINT('Ctrl Pts',(45.2601062486918,25.6575649111395,33.8834786174352));
#2772=CARTESIAN_POINT('Ctrl Pts',(43.6122486690941,25.5000000302552,33.9999999773086));
#2773=CARTESIAN_POINT('Ctrl Pts',(40.3877513308981,25.5000000302552,33.9999999773086));
#2774=CARTESIAN_POINT('Ctrl Pts',(38.7398937513004,25.6575649111395,33.8834786174352));
#2775=CARTESIAN_POINT('Ctrl Pts',(35.4766754898675,26.2723448087953,33.4090505108376));
#2776=CARTESIAN_POINT('Ctrl Pts',(33.8609268339072,26.7277492219512,33.0514679544804));
#2777=CARTESIAN_POINT('Ctrl Pts',(31.6964082799221,27.4971473792971,32.4073412464752));
#2778=CARTESIAN_POINT('Ctrl Pts',(31.0986157267362,27.7272975937403,32.211019672077));
#2779=CARTESIAN_POINT('Ctrl Pts',(30.5108746827445,27.968732577787,31.9999999686287));
#2780=CARTESIAN_POINT('',(1.00000000000004,27.9687325678818,31.999999977286));
#2781=CARTESIAN_POINT('',(0.,27.9687325678818,31.999999977286));
#2782=CARTESIAN_POINT('Ctrl Pts',(-2.73262857654333E-12,26.7815235096687,
32.9999999772888));
#2783=CARTESIAN_POINT('Ctrl Pts',(-2.73268449577489E-12,26.9379592442322,
32.8730427862026));
#2784=CARTESIAN_POINT('Ctrl Pts',(0.0251652439337932,27.10707737026,32.7337684803167));
#2785=CARTESIAN_POINT('Ctrl Pts',(0.141494025958311,27.4260978368826,32.4669431862525));
#2786=CARTESIAN_POINT('Ctrl Pts',(0.232209276813623,27.5761206665176,32.3393410195925));
#2787=CARTESIAN_POINT('Ctrl Pts',(0.430927124790956,27.7711106754771,32.1718036949528));
#2788=CARTESIAN_POINT('Ctrl Pts',(0.528012417597723,27.8420478989565,32.1103514732214));
#2789=CARTESIAN_POINT('Ctrl Pts',(0.695002642202504,27.9162882084419,32.0457786343865));
#2790=CARTESIAN_POINT('Ctrl Pts',(0.754196421766886,27.9358634382748,32.0287031268202));
#2791=CARTESIAN_POINT('Ctrl Pts',(0.875830985188848,27.9620840822072,32.0058146237823));
#2792=CARTESIAN_POINT('Ctrl Pts',(0.938270796203748,27.9687325678786,31.9999999772888));
#2793=CARTESIAN_POINT('Ctrl Pts',(0.999999999997268,27.9687325678786,31.9999999772888));
#2794=CARTESIAN_POINT('',(7.50000000612146,14.3614066334037,39.9999999938753));
#2795=CARTESIAN_POINT('',(0.,14.3614066163451,40.));
#2796=CARTESIAN_POINT('',(0.,14.3614066479504,39.9999999886526));
#2797=CARTESIAN_POINT('Origin',(70.0000000000631,-25.9995,-28.0000000227449));
#2798=CARTESIAN_POINT('',(77.3278233732337,-30.4995,-29.5978124149404));
#2799=CARTESIAN_POINT('Ctrl Pts',(77.3278233732337,-30.4995,-29.5978124149404));
#2800=CARTESIAN_POINT('Ctrl Pts',(77.3750924616467,-30.4995,-29.5978124149404));
#2801=CARTESIAN_POINT('Ctrl Pts',(77.4223538583686,-30.4987891222831,-29.5985450037163));
#2802=CARTESIAN_POINT('Ctrl Pts',(77.8983363303529,-30.48430393193,-29.6134693125009));
#2803=CARTESIAN_POINT('Ctrl Pts',(78.3023259518354,-30.4123499856689,-29.6878812712254));
#2804=CARTESIAN_POINT('Ctrl Pts',(79.0592409710551,-30.160269447635,-29.9439709866322));
#2805=CARTESIAN_POINT('Ctrl Pts',(79.3944163515717,-29.9821331055522,-30.1232365001745));
#2806=CARTESIAN_POINT('Ctrl Pts',(80.0260036075974,-29.5120953817207,-30.5845981333674));
#2807=CARTESIAN_POINT('Ctrl Pts',(80.2927163208183,-29.2071190242733,-30.8770597641204));
#2808=CARTESIAN_POINT('Ctrl Pts',(80.7288759494134,-28.4676462516034,-31.5619908933496));
#2809=CARTESIAN_POINT('Ctrl Pts',(80.8544217435082,-28.0215997709649,-31.9592016482353));
#2810=CARTESIAN_POINT('Ctrl Pts',(80.9137251802121,-27.0498640182293,-32.7875546718594));
#2811=CARTESIAN_POINT('Ctrl Pts',(80.8148735029869,-26.5167944973053,-33.2195310093343));
#2812=CARTESIAN_POINT('Ctrl Pts',(80.6028461881186,-25.9995,-33.6195776259905));
#2813=CARTESIAN_POINT('',(77.4999999886657,-30.4995,-28.0000000257815));
#2814=CARTESIAN_POINT('Origin',(77.4999999886657,-25.9995,-28.0000000257815));
#2815=CARTESIAN_POINT('Origin',(70.0000000000631,-30.4995,-28.0000000227449));
#2816=CARTESIAN_POINT('Origin',(77.5000000056702,-25.9995,13.9999999790113));
#2817=CARTESIAN_POINT('',(77.5000000113384,-30.4995,27.9999999743185));
#2818=CARTESIAN_POINT('Origin',(77.5000000113384,-25.9995,27.9999999743185));
#2819=CARTESIAN_POINT('',(77.5000000056702,-30.4995,13.9999999790113));
#2820=CARTESIAN_POINT('Origin',(70.0000000000408,-25.9995,27.9999999773551));
#2821=CARTESIAN_POINT('',(77.3278233865425,-30.4995,29.5978124149404));
#2822=CARTESIAN_POINT('Ctrl Pts',(80.6028461897249,-25.9995,33.6195776259905));
#2823=CARTESIAN_POINT('Ctrl Pts',(80.8255513094018,-26.542845710383,33.1993844589537));
#2824=CARTESIAN_POINT('Ctrl Pts',(80.931357744576,-27.121316947727,32.730237537458));
#2825=CARTESIAN_POINT('Ctrl Pts',(80.8204172827458,-28.1907822434786,31.811111619245));
#2826=CARTESIAN_POINT('Ctrl Pts',(80.6523272006422,-28.6556554538568,31.3913880956025));
#2827=CARTESIAN_POINT('Ctrl Pts',(80.1373890871088,-29.3940498106499,30.6992250485547));
#2828=CARTESIAN_POINT('Ctrl Pts',(79.8252552145469,-29.6986409244711,30.4033307198762));
#2829=CARTESIAN_POINT('Ctrl Pts',(79.0977789294779,-30.1407169656973,29.9643499337461));
#2830=CARTESIAN_POINT('Ctrl Pts',(78.7234593939464,-30.2969559242698,29.8054294451447));
#2831=CARTESIAN_POINT('Ctrl Pts',(77.9893197209121,-30.4632555019911,29.6352823920957));
#2832=CARTESIAN_POINT('Ctrl Pts',(77.665909854503,-30.4995,29.5978124149404));
#2833=CARTESIAN_POINT('Ctrl Pts',(77.3278233865425,-30.4995,29.5978124149404));
#2834=CARTESIAN_POINT('Origin',(70.0000000000408,-30.4995,27.9999999773551));
#2835=CARTESIAN_POINT('Origin',(37.2500000056672,-30.4995,8.88178419700125E-15));
#2836=CARTESIAN_POINT('',(73.6670145097336,-30.4995,29.5978124149404));
#2837=CARTESIAN_POINT('',(0.,-30.4995,29.5978124149404));
#2838=CARTESIAN_POINT('',(70.0000000000615,-30.4995,23.9999999773551));
#2839=CARTESIAN_POINT('Origin',(70.0000000000408,-30.4995,27.9999999773551));
#2840=CARTESIAN_POINT('',(68.3818119165035,-30.4995,23.9999999773467));
#2841=CARTESIAN_POINT('',(70.0000000000615,-30.4995,23.9999999773551));
#2842=CARTESIAN_POINT('',(67.6280458617512,-30.4995,22.3428571202028));
#2843=CARTESIAN_POINT('Origin',(68.3818119165087,-30.4995,22.9999999773467));
#2844=CARTESIAN_POINT('',(67.6280458617381,-30.4995,-22.3428571656006));
#2845=CARTESIAN_POINT('Origin',(41.9999999999961,-30.4995,-2.26914331769024E-8));
#2846=CARTESIAN_POINT('',(68.3818119164953,-30.4995,-24.000000022745));
#2847=CARTESIAN_POINT('Origin',(68.3818119164953,-30.4995,-23.0000000227449));
#2848=CARTESIAN_POINT('',(70.0000000000631,-30.4995,-24.000000022745));
#2849=CARTESIAN_POINT('',(70.0000000000631,-30.4995,-24.000000022745));
#2850=CARTESIAN_POINT('',(73.6670145295334,-30.4995,-29.5978124149404));
#2851=CARTESIAN_POINT('Origin',(70.0000000000631,-30.4995,-28.0000000227449));
#2852=CARTESIAN_POINT('',(0.,-30.4995,-29.5978124149404));
#2853=CARTESIAN_POINT('Origin',(0.,0.,0.));
#2854=CARTESIAN_POINT('',(7.50000000612146,-14.3614066334037,39.9999999938753));
#2855=CARTESIAN_POINT('',(0.,-14.3614066479504,39.9999999886526));
#2856=CARTESIAN_POINT('',(0.,-14.3614066163451,40.));
#2857=CARTESIAN_POINT('',(1.00000000000004,-27.9687325678818,31.999999977286));
#2858=CARTESIAN_POINT('Ctrl Pts',(0.999999999997268,-27.9687325678786,31.9999999772888));
#2859=CARTESIAN_POINT('Ctrl Pts',(0.938270796203748,-27.9687325678786,31.9999999772888));
#2860=CARTESIAN_POINT('Ctrl Pts',(0.875830985188849,-27.9620840822072,32.0058146237823));
#2861=CARTESIAN_POINT('Ctrl Pts',(0.754196421766886,-27.9358634382748,32.0287031268202));
#2862=CARTESIAN_POINT('Ctrl Pts',(0.695002642202505,-27.9162882084419,32.0457786343865));
#2863=CARTESIAN_POINT('Ctrl Pts',(0.528012417597723,-27.8420478989565,32.1103514732214));
#2864=CARTESIAN_POINT('Ctrl Pts',(0.430927124790957,-27.7711106754771,32.1718036949528));
#2865=CARTESIAN_POINT('Ctrl Pts',(0.232209276813623,-27.5761206665176,32.3393410195925));
#2866=CARTESIAN_POINT('Ctrl Pts',(0.141494025958312,-27.4260978368826,32.4669431862525));
#2867=CARTESIAN_POINT('Ctrl Pts',(0.0251652439337934,-27.10707737026,32.7337684803167));
#2868=CARTESIAN_POINT('Ctrl Pts',(-2.73256244021081E-12,-26.9379592442322,
32.8730427862026));
#2869=CARTESIAN_POINT('Ctrl Pts',(-2.73256244021081E-12,-26.7815235096687,
32.9999999772888));
#2870=CARTESIAN_POINT('',(30.5108746754972,-27.9687325677851,31.9999999773706));
#2871=CARTESIAN_POINT('',(0.,-27.9687325678818,31.999999977286));
#2872=CARTESIAN_POINT('',(53.4891253245384,-27.9687325678029,31.999999977355));
#2873=CARTESIAN_POINT('Ctrl Pts',(30.5108746827445,-27.968732577787,31.9999999686287));
#2874=CARTESIAN_POINT('Ctrl Pts',(31.0986157267361,-27.7272975937403,32.211019672077));
#2875=CARTESIAN_POINT('Ctrl Pts',(31.6964082799221,-27.4971473792971,32.4073412464752));
#2876=CARTESIAN_POINT('Ctrl Pts',(33.8609268339072,-26.7277492219512,33.0514679544804));
#2877=CARTESIAN_POINT('Ctrl Pts',(35.4766754898675,-26.2723448087953,33.4090505108376));
#2878=CARTESIAN_POINT('Ctrl Pts',(38.7398937513004,-25.6575649111395,33.8834786174352));
#2879=CARTESIAN_POINT('Ctrl Pts',(40.3877513308981,-25.5000000302552,33.9999999773086));
#2880=CARTESIAN_POINT('Ctrl Pts',(43.6122486690941,-25.5000000302552,33.9999999773086));
#2881=CARTESIAN_POINT('Ctrl Pts',(45.2601062486918,-25.6575649111395,33.8834786174352));
#2882=CARTESIAN_POINT('Ctrl Pts',(48.5233245101246,-26.2723448087953,33.4090505108376));
#2883=CARTESIAN_POINT('Ctrl Pts',(50.139073166085,-26.7277492219512,33.0514679544804));
#2884=CARTESIAN_POINT('Ctrl Pts',(52.303591720085,-27.4971473793024,32.4073412464708));
#2885=CARTESIAN_POINT('Ctrl Pts',(52.9013842732854,-27.7272975937516,32.2110196720673));
#2886=CARTESIAN_POINT('Ctrl Pts',(53.4891253172911,-27.9687325778048,31.9999999686131));
#2887=CARTESIAN_POINT('',(70.0000000000408,-27.9687325678029,31.999999977355));
#2888=CARTESIAN_POINT('',(0.,-27.9687325678029,31.999999977355));
#2889=CARTESIAN_POINT('Ctrl Pts',(70.0000000000408,-27.9687325678029,31.999999977355));
#2890=CARTESIAN_POINT('Ctrl Pts',(70.2522303634541,-27.9687325678029,31.999999977355));
#2891=CARTESIAN_POINT('Ctrl Pts',(70.5068821461859,-27.9965182767798,31.9757747666407));
#2892=CARTESIAN_POINT('Ctrl Pts',(71.0026488777596,-28.1049437542289,31.8805166852068));
#2893=CARTESIAN_POINT('Ctrl Pts',(71.2437949886009,-28.1854863668562,31.8095354445715));
#2894=CARTESIAN_POINT('Ctrl Pts',(71.9248041775152,-28.4874434852232,31.5402649471998));
#2895=CARTESIAN_POINT('Ctrl Pts',(72.3221265322149,-28.7711897646754,31.2830072512501));
#2896=CARTESIAN_POINT('Ctrl Pts',(73.0723799027551,-29.4711870223334,30.6270293664017));
#2897=CARTESIAN_POINT('Ctrl Pts',(73.4227606488249,-29.9651743346747,30.1474572601921));
#2898=CARTESIAN_POINT('Ctrl Pts',(73.6590584282015,-30.4818621106467,29.6159795060994));
#2899=CARTESIAN_POINT('Ctrl Pts',(73.6630539236593,-30.4906790942699,29.6069020466518));
#2900=CARTESIAN_POINT('Ctrl Pts',(73.6670145097336,-30.4995,29.5978124149404));
#2901=CARTESIAN_POINT('Origin',(0.999999999997268,0.,32.9999999772888));
#2902=CARTESIAN_POINT('',(1.00000000000004,0.,31.9999999772888));
#2903=CARTESIAN_POINT('Origin',(1.00000000000273,0.,-33.0000000227025));
#2904=CARTESIAN_POINT('',(1.00000000000217,27.9687325159186,-32.0000000227031));
#2905=CARTESIAN_POINT('',(6.04494883752764E-12,26.7815234537102,-33.0000000227026));
#2906=CARTESIAN_POINT('Ctrl Pts',(1.00000000000273,27.9687325159193,-32.0000000227025));
#2907=CARTESIAN_POINT('Ctrl Pts',(0.93827079621068,27.9687325159193,-32.0000000227025));
#2908=CARTESIAN_POINT('Ctrl Pts',(0.875830985206695,27.9620840302265,-32.0058146691956));
#2909=CARTESIAN_POINT('Ctrl Pts',(0.754196421820182,27.9358633862202,-32.0287031722229));
#2910=CARTESIAN_POINT('Ctrl Pts',(0.695002642280352,27.9162881563347,-32.045778679779));
#2911=CARTESIAN_POINT('Ctrl Pts',(0.52801241775967,27.8420478466665,-32.1103515185608));
#2912=CARTESIAN_POINT('Ctrl Pts',(0.43092712502203,27.7711106230324,-32.1718037402239));
#2913=CARTESIAN_POINT('Ctrl Pts',(0.232209276927147,27.5761206134599,-32.3393410648374));
#2914=CARTESIAN_POINT('Ctrl Pts',(0.141494026020994,27.4260977832505,-32.4669432315607));
#2915=CARTESIAN_POINT('Ctrl Pts',(0.0251652439385745,27.1070773154525,-32.7337685257062));
#2916=CARTESIAN_POINT('Ctrl Pts',(2.73291064265683E-12,26.9379591888222,
-32.8730428316111));
#2917=CARTESIAN_POINT('Ctrl Pts',(2.73295817400376E-12,26.7815234537103,
-33.0000000227025));
#2918=CARTESIAN_POINT('',(6.04494883752764E-12,-26.7815234537102,-33.0000000227026));
#2919=CARTESIAN_POINT('',(2.73267519723674E-12,0.,-33.0000000227026));
#2920=CARTESIAN_POINT('',(1.00000000000217,-27.9687325159186,-32.0000000227031));
#2921=CARTESIAN_POINT('Ctrl Pts',(2.73265785000198E-12,-26.7815234537103,
-33.0000000227025));
#2922=CARTESIAN_POINT('Ctrl Pts',(2.73266344192515E-12,-26.9379591888222,
-32.8730428316111));
#2923=CARTESIAN_POINT('Ctrl Pts',(0.0251652439385796,-27.1070773154525,
-32.7337685257062));
#2924=CARTESIAN_POINT('Ctrl Pts',(0.141494026020996,-27.4260977832505,-32.4669432315607));
#2925=CARTESIAN_POINT('Ctrl Pts',(0.232209276927146,-27.5761206134599,-32.3393410648374));
#2926=CARTESIAN_POINT('Ctrl Pts',(0.430927125022029,-27.7711106230324,-32.1718037402239));
#2927=CARTESIAN_POINT('Ctrl Pts',(0.52801241775967,-27.8420478466665,-32.1103515185608));
#2928=CARTESIAN_POINT('Ctrl Pts',(0.695002642280351,-27.9162881563347,-32.045778679779));
#2929=CARTESIAN_POINT('Ctrl Pts',(0.754196421820182,-27.9358633862202,-32.0287031722229));
#2930=CARTESIAN_POINT('Ctrl Pts',(0.875830985206695,-27.9620840302265,-32.0058146691956));
#2931=CARTESIAN_POINT('Ctrl Pts',(0.93827079621068,-27.9687325159193,-32.0000000227025));
#2932=CARTESIAN_POINT('Ctrl Pts',(1.00000000000273,-27.9687325159193,-32.0000000227025));
#2933=CARTESIAN_POINT('',(1.00000000000217,0.,-32.0000000227025));
#2934=CARTESIAN_POINT('Origin',(2.64984058695746E-12,0.,-32.0000000227031));
#2935=CARTESIAN_POINT('',(30.5108747385003,-27.9687325159383,-32.0000000226859));
#2936=CARTESIAN_POINT('',(0.,-27.9687325159186,-32.0000000227031));
#2937=CARTESIAN_POINT('',(30.5108747385003,27.9687325159383,-32.0000000226859));
#2938=CARTESIAN_POINT('',(30.5108747385003,0.,-32.0000000226859));
#2939=CARTESIAN_POINT('',(0.,27.9687325159186,-32.0000000227031));
#2940=CARTESIAN_POINT('Origin',(0.,0.,0.));
#2941=CARTESIAN_POINT('',(70.0000000000631,-27.9687325158707,-32.000000022745));
#2942=CARTESIAN_POINT('Ctrl Pts',(73.6670145295334,-30.4995,-29.5978124149404));
#2943=CARTESIAN_POINT('Ctrl Pts',(73.6630539369212,-30.4906790794107,-29.6069020619637));
#2944=CARTESIAN_POINT('Ctrl Pts',(73.659058434808,-30.4818620809409,-29.6159795366828));
#2945=CARTESIAN_POINT('Ctrl Pts',(73.4227606485328,-29.9651742884912,-30.1474573061262));
#2946=CARTESIAN_POINT('Ctrl Pts',(73.0723799022873,-29.4711869745071,-30.6270294124434));
#2947=CARTESIAN_POINT('Ctrl Pts',(72.3221265315554,-28.7711897148493,-31.2830072970782));
#2948=CARTESIAN_POINT('Ctrl Pts',(71.9248041770909,-28.4874434347358,-31.5402649928033));
#2949=CARTESIAN_POINT('Ctrl Pts',(71.2437949884527,-28.1854863155758,-31.8095354900103));
#2950=CARTESIAN_POINT('Ctrl Pts',(71.0026488776894,-28.1049437027183,-31.8805167306173));
#2951=CARTESIAN_POINT('Ctrl Pts',(70.5068821462128,-27.9965182249431,-31.9757748120268));
#2952=CARTESIAN_POINT('Ctrl Pts',(70.2522303634999,-27.9687325158707,-32.0000000227449));
#2953=CARTESIAN_POINT('Ctrl Pts',(70.0000000000631,-27.9687325158707,-32.0000000227449));
#2954=CARTESIAN_POINT('',(53.4891252613274,-27.9687325158707,-32.0000000227449));
#2955=CARTESIAN_POINT('',(0.,-27.9687325158708,-32.0000000227449));
#2956=CARTESIAN_POINT('Ctrl Pts',(53.4891252685747,-27.9687325058688,-32.0000000314869));
#2957=CARTESIAN_POINT('Ctrl Pts',(52.9013842441162,-27.7272975299056,-32.2110197269128));
#2958=CARTESIAN_POINT('Ctrl Pts',(52.3035917112073,-27.4971473228976,-32.4073412942535));
#2959=CARTESIAN_POINT('Ctrl Pts',(50.1390731766103,-26.7277491690143,-33.0514679973536));
#2960=CARTESIAN_POINT('Ctrl Pts',(48.523324518984,-26.2723447531838,-33.4090505545915));
#2961=CARTESIAN_POINT('Ctrl Pts',(45.2601062535997,-25.6575648517274,-33.8834786624454));
#2962=CARTESIAN_POINT('Ctrl Pts',(43.6122486717091,-25.4999999697448,-34.0000000226914));
#2963=CARTESIAN_POINT('Ctrl Pts',(40.3877513282831,-25.4999999697448,-34.0000000226914));
#2964=CARTESIAN_POINT('Ctrl Pts',(38.7398937463925,-25.6575648517274,-33.8834786624454));
#2965=CARTESIAN_POINT('Ctrl Pts',(35.4766754810081,-26.2723447531838,-33.4090505545915));
#2966=CARTESIAN_POINT('Ctrl Pts',(33.8609268233818,-26.7277491690143,-33.0514679973536));
#2967=CARTESIAN_POINT('Ctrl Pts',(31.6964082887284,-27.4971473229177,-32.4073412942367));
#2968=CARTESIAN_POINT('Ctrl Pts',(31.0986157557644,-27.7272975299485,-32.2110197268762));
#2969=CARTESIAN_POINT('Ctrl Pts',(30.510874731253,-27.9687325059363,-32.0000000314278));
#2970=CARTESIAN_POINT('Origin',(3.31230073228654E-12,0.,0.));
#2971=CARTESIAN_POINT('',(7.50000004538665,-14.3614066163451,-39.9999999999999));
#2972=CARTESIAN_POINT('',(0.,-14.3614066163451,-39.9999999999999));
#2973=CARTESIAN_POINT('',(0.,-14.3614065847383,-40.0000000113479));
#2974=CARTESIAN_POINT('Origin',(68.3818119164953,0.,-23.0000000227449));
#2975=CARTESIAN_POINT('',(67.6280458617381,30.4995,-22.3428571656006));
#2976=CARTESIAN_POINT('',(68.3818119164953,30.4995,-24.000000022745));
#2977=CARTESIAN_POINT('Origin',(68.3818119164953,30.4995,-23.0000000227449));
#2978=CARTESIAN_POINT('',(68.3818119164953,0.,-24.000000022745));
#2979=CARTESIAN_POINT('',(67.6280458617381,0.,-22.3428571656006));
#2980=CARTESIAN_POINT('Origin',(41.9999999999961,0.,-2.26914331769024E-8));
#2981=CARTESIAN_POINT('',(67.6280458617512,30.4995,22.3428571202028));
#2982=CARTESIAN_POINT('',(67.6280458617512,0.,22.3428571202028));
#2983=CARTESIAN_POINT('Origin',(41.9999999999961,30.4995,-2.26914331769024E-8));
#2984=CARTESIAN_POINT('Origin',(68.3818119165087,0.,22.9999999773467));
#2985=CARTESIAN_POINT('',(68.3818119165035,30.4995,23.9999999773467));
#2986=CARTESIAN_POINT('Origin',(68.3818119165087,30.4995,22.9999999773467));
#2987=CARTESIAN_POINT('',(68.3818119165035,0.,23.9999999773467));
#2988=CARTESIAN_POINT('Origin',(66.0831891688593,0.,23.9999999773348));
#2989=CARTESIAN_POINT('',(70.0000000000615,30.4995,23.9999999773551));
#2990=CARTESIAN_POINT('',(70.0000000000615,0.,23.9999999773551));
#2991=CARTESIAN_POINT('',(70.0000000000615,30.4995,23.9999999773551));
#2992=CARTESIAN_POINT('Origin',(2.6,-1.94289029309402E-15,0.));
#2993=CARTESIAN_POINT('',(2.6,2.1,37.9000005960464));
#2994=CARTESIAN_POINT('',(2.6,-1.05,37.9000005960464));
#2995=CARTESIAN_POINT('',(2.6,2.1,18.9500002980232));
#2996=CARTESIAN_POINT('Origin',(2.6,-1.94289029309402E-15,0.));
#2997=CARTESIAN_POINT('',(2.6,2.1,42.1000005960464));
#2998=CARTESIAN_POINT('',(2.6,2.1,18.9500002980232));
#2999=CARTESIAN_POINT('',(2.6,1.05,42.1000005960464));
#3000=CARTESIAN_POINT('Origin',(2.6,-1.94289029309402E-15,0.));
#3001=CARTESIAN_POINT('',(2.6,-2.1,42.1000005960464));
#3002=CARTESIAN_POINT('',(2.6,1.05,42.1000005960464));
#3003=CARTESIAN_POINT('',(2.6,-2.1,21.0500002980232));
#3004=CARTESIAN_POINT('Origin',(2.6,-1.94289029309402E-15,0.));
#3005=CARTESIAN_POINT('',(2.6,-2.1,37.9000005960464));
#3006=CARTESIAN_POINT('',(2.6,-2.1,21.0500002980232));
#3007=CARTESIAN_POINT('',(2.6,-1.05,37.9000005960464));
#3008=CARTESIAN_POINT('Origin',(2.8,-2.1,37.9000005960464));
#3009=CARTESIAN_POINT('',(2.8,-2.1,37.9000005960464));
#3010=CARTESIAN_POINT('',(2.8,-2.1,42.1000005960464));
#3011=CARTESIAN_POINT('',(2.8,-2.1,18.9500002980232));
#3012=CARTESIAN_POINT('',(2.8,-2.1,37.9000005960464));
#3013=CARTESIAN_POINT('',(2.8,-2.1,42.1000005960464));
#3014=CARTESIAN_POINT('Origin',(2.8,2.1,42.1000005960464));
#3015=CARTESIAN_POINT('',(2.8,2.1,42.1000005960464));
#3016=CARTESIAN_POINT('',(2.8,2.1,37.9000005960464));
#3017=CARTESIAN_POINT('',(2.8,2.1,21.0500002980232));
#3018=CARTESIAN_POINT('',(2.8,2.1,42.1000005960464));
#3019=CARTESIAN_POINT('',(2.8,2.1,37.9000005960464));
#3020=CARTESIAN_POINT('Origin',(2.6,-1.94289029309402E-15,0.));
#3021=CARTESIAN_POINT('',(2.6,-2.1,-37.9000005960464));
#3022=CARTESIAN_POINT('',(2.6,1.05,-37.9000005960464));
#3023=CARTESIAN_POINT('',(2.6,-2.1,-18.9500002980232));
#3024=CARTESIAN_POINT('Origin',(2.6,-1.94289029309402E-15,0.));
#3025=CARTESIAN_POINT('',(2.6,-2.10000000000001,-42.1000005960464));
#3026=CARTESIAN_POINT('',(2.6,-2.1,-18.9500002980232));
#3027=CARTESIAN_POINT('',(2.6,-1.05,-42.1000005960464));
#3028=CARTESIAN_POINT('Origin',(2.6,-1.94289029309402E-15,0.));
#3029=CARTESIAN_POINT('',(2.6,2.1,-42.1000005960464));
#3030=CARTESIAN_POINT('',(2.6,-1.05,-42.1000005960464));
#3031=CARTESIAN_POINT('',(2.6,2.09999999999999,-21.0500002980232));
#3032=CARTESIAN_POINT('Origin',(2.6,-1.94289029309402E-15,0.));
#3033=CARTESIAN_POINT('',(2.6,2.1,-37.9000005960464));
#3034=CARTESIAN_POINT('',(2.6,2.09999999999999,-21.0500002980232));
#3035=CARTESIAN_POINT('',(2.6,1.05,-37.9000005960464));
#3036=CARTESIAN_POINT('Origin',(2.8,-2.10000000000001,-42.1000005960464));
#3037=CARTESIAN_POINT('',(2.8,-2.10000000000001,-42.1000005960464));
#3038=CARTESIAN_POINT('',(2.8,-2.1,-37.9000005960464));
#3039=CARTESIAN_POINT('',(2.8,-2.1,-21.0500002980232));
#3040=CARTESIAN_POINT('',(2.8,-2.10000000000001,-42.1000005960464));
#3041=CARTESIAN_POINT('',(2.8,-2.1,-37.9000005960464));
#3042=CARTESIAN_POINT('Origin',(2.8,2.1,-37.9000005960464));
#3043=CARTESIAN_POINT('',(2.8,2.1,-37.9000005960464));
#3044=CARTESIAN_POINT('',(2.8,2.1,-42.1000005960464));
#3045=CARTESIAN_POINT('',(2.8,2.09999999999999,-18.9500002980232));
#3046=CARTESIAN_POINT('',(2.8,2.1,-37.9000005960464));
#3047=CARTESIAN_POINT('',(2.8,2.1,-42.1000005960464));
#3048=CARTESIAN_POINT('Origin',(2.8,-2.4980018054066E-15,0.));
#3049=CARTESIAN_POINT('',(2.8,1.5534236382906,42.1000005960464));
#3050=CARTESIAN_POINT('',(2.8,-1.5534236382906,37.9000005960464));
#3051=CARTESIAN_POINT('Origin',(2.8,-2.4980018054066E-15,0.));
#3052=CARTESIAN_POINT('',(2.8,1.55342363829059,-37.9000005960464));
#3053=CARTESIAN_POINT('',(2.8,-1.5534236382906,-42.1000005960464));
#3054=CARTESIAN_POINT('Origin',(2.8,-2.4980018054066E-15,0.));
#3055=CARTESIAN_POINT('',(2.8,-1.5534236382906,37.9000005960464));
#3056=CARTESIAN_POINT('',(2.8,1.5534236382906,42.1000005960464));
#3057=CARTESIAN_POINT('Origin',(3.,-3.1068472765812,42.1000005960464));
#3058=CARTESIAN_POINT('',(3.,-1.5534236382906,42.1000005960465));
#3059=CARTESIAN_POINT('Origin',(3.,3.10684727658119,37.9000005960464));
#3060=CARTESIAN_POINT('',(3.,1.5534236382906,37.9000005960464));
#3061=CARTESIAN_POINT('Origin',(2.8,-2.4980018054066E-15,0.));
#3062=CARTESIAN_POINT('',(2.8,-1.5534236382906,-42.1000005960464));
#3063=CARTESIAN_POINT('',(2.8,1.55342363829059,-37.9000005960464));
#3064=CARTESIAN_POINT('Origin',(3.,-3.1068472765812,-37.9000005960464));
#3065=CARTESIAN_POINT('',(3.,-1.5534236382906,-37.9000005960464));
#3066=CARTESIAN_POINT('Origin',(3.,3.10684727658119,-42.1000005960464));
#3067=CARTESIAN_POINT('',(3.,1.55342363829059,-42.1000005960465));
#3068=CARTESIAN_POINT('Origin',(3.,0.,40.0000005960464));
#3069=CARTESIAN_POINT('Origin',(3.,0.,40.0000005960464));
#3070=CARTESIAN_POINT('Origin',(3.,-4.9960036108132E-15,-40.0000005960464));
#3071=CARTESIAN_POINT('Origin',(3.,-4.9960036108132E-15,-40.0000005960464));
#3072=CARTESIAN_POINT('Origin',(7.50000000612146,0.,39.9999999886526));
#3073=CARTESIAN_POINT('',(7.50000000612146,0.,39.9999999938753));
#3074=CARTESIAN_POINT('Origin',(-3.93335711847438E-12,0.,47.5));
#3075=CARTESIAN_POINT('',(7.50000000612146,0.,39.9999999938753));
#3076=CARTESIAN_POINT('',(4.06892862917616,10.5158467343725,43.4310713708203));
#3077=CARTESIAN_POINT('Origin',(1.02301043916828,16.6868736346669,46.4769895608279));
#3078=CARTESIAN_POINT('',(0.272529491632786,5.08094768538775,47.2274705083633));
#3079=CARTESIAN_POINT('Origin',(7.11484681918401,4.3448198340782,40.3851531808128));
#3080=CARTESIAN_POINT('',(0.272529491632511,-5.08094768538801,47.2274705083636));
#3081=CARTESIAN_POINT('Origin',(47.5000000000007,0.,0.));
#3082=CARTESIAN_POINT('',(4.06892862917617,-10.5158467343726,43.4310713708203));
#3083=CARTESIAN_POINT('Origin',(7.11484681918381,-4.34481983407842,40.3851531808129));
#3084=CARTESIAN_POINT('Origin',(1.02301043916847,-16.6868736346668,46.4769895608277));
#3085=CARTESIAN_POINT('Origin',(70.0000000000631,0.,-40.000000011348));
#3086=CARTESIAN_POINT('',(7.50000003403857,0.,-40.0000000113479));
#3087=CARTESIAN_POINT('Origin',(70.0000000000631,0.,-40.000000011348));
#3088=CARTESIAN_POINT('',(7.50000004538652,14.3614066163451,-40.));
#3089=CARTESIAN_POINT('',(7.50000003403857,0.,-40.0000000113479));
#3090=CARTESIAN_POINT('',(0.,14.3614065847383,-40.0000000113479));
#3091=CARTESIAN_POINT('Origin',(-3.31179528245684E-12,0.,40.));
#3092=CARTESIAN_POINT('',(-3.43107137082388,-10.5158467343726,43.4310713708203));
#3093=CARTESIAN_POINT('Origin',(-6.47698956083154,-16.6868736346668,46.4769895608277));
#3094=CARTESIAN_POINT('',(-7.22747050836749,-5.08094768538801,47.2274705083636));
#3095=CARTESIAN_POINT('Origin',(-0.385153180816284,-4.34481983407842,40.3851531808129));
#3096=CARTESIAN_POINT('',(-7.22747050836721,5.08094768538775,47.2274705083633));
#3097=CARTESIAN_POINT('Origin',(40.,0.,0.));
#3098=CARTESIAN_POINT('',(-3.43107137082389,10.5158467343725,43.4310713708203));
#3099=CARTESIAN_POINT('Origin',(-0.385153180816089,4.3448198340782,40.3851531808128));
#3100=CARTESIAN_POINT('Origin',(-6.47698956083173,16.6868736346669,46.4769895608279));
#3101=CARTESIAN_POINT('Origin',(7.50000000612146,0.,39.9999999886526));
#3102=CARTESIAN_POINT('Origin',(0.,16.6868736346668,-46.4769895608277));
#3103=CARTESIAN_POINT('',(0.,14.3614066163451,-40.));
#3104=CARTESIAN_POINT('',(4.06892865380486,10.5158467343726,-43.4310713708202));
#3105=CARTESIAN_POINT('Origin',(1.02301044536652,16.6868736346668,-46.4769895608277));
#3106=CARTESIAN_POINT('',(0.,10.5158467343726,-43.4310713708202));
#3107=CARTESIAN_POINT('Origin',(0.,-4.34481983407844,-40.3851531808131));
#3108=CARTESIAN_POINT('',(0.272529493289546,-5.080947685388,-47.2274705083635));
#3109=CARTESIAN_POINT('',(0.,-5.080947685388,-47.2274705083635));
#3110=CARTESIAN_POINT('',(4.06892865380496,-10.5158467343726,-43.4310713708201));
#3111=CARTESIAN_POINT('Origin',(7.11484686224282,-4.34481983407844,-40.3851531808131));
#3112=CARTESIAN_POINT('',(0.,-10.5158467343726,-43.4310713708201));
#3113=CARTESIAN_POINT('Origin',(0.,0.,0.));
#3114=CARTESIAN_POINT('',(0.27252949328943,5.08094768538778,-47.2274705083636));
#3115=CARTESIAN_POINT('',(0.,5.08094768538778,-47.2274705083636));
#3116=CARTESIAN_POINT('Origin',(47.5000002874269,0.,0.));
#3117=CARTESIAN_POINT('Origin',(0.,0.,0.));
#3118=CARTESIAN_POINT('',(0.,-5.08094768538801,47.2274705083636));
#3119=CARTESIAN_POINT('',(0.,5.08094768538775,47.2274705083633));
#3120=CARTESIAN_POINT('Origin',(0.,-4.34481983407842,40.3851531808129));
#3121=CARTESIAN_POINT('',(0.,-10.5158467343726,43.4310713708203));
#3122=CARTESIAN_POINT('Origin',(0.,-16.6868736346668,46.4769895608277));
#3123=CARTESIAN_POINT('Origin',(0.,0.,0.));
#3124=CARTESIAN_POINT('Origin',(3.31230073228654E-12,0.,0.));
#3125=CARTESIAN_POINT('',(53.4891252613274,27.9687325158707,-32.0000000227449));
#3126=CARTESIAN_POINT('Ctrl Pts',(30.510874731253,27.9687325059363,-32.0000000314278));
#3127=CARTESIAN_POINT('Ctrl Pts',(31.0986157557644,27.7272975299485,-32.2110197268762));
#3128=CARTESIAN_POINT('Ctrl Pts',(31.6964082887284,27.4971473229177,-32.4073412942367));
#3129=CARTESIAN_POINT('Ctrl Pts',(33.8609268233818,26.7277491690143,-33.0514679973536));
#3130=CARTESIAN_POINT('Ctrl Pts',(35.4766754810081,26.2723447531838,-33.4090505545915));
#3131=CARTESIAN_POINT('Ctrl Pts',(38.7398937463925,25.6575648517274,-33.8834786624454));
#3132=CARTESIAN_POINT('Ctrl Pts',(40.3877513282831,25.4999999697448,-34.0000000226914));
#3133=CARTESIAN_POINT('Ctrl Pts',(43.6122486717091,25.4999999697448,-34.0000000226914));
#3134=CARTESIAN_POINT('Ctrl Pts',(45.2601062535997,25.6575648517274,-33.8834786624454));
#3135=CARTESIAN_POINT('Ctrl Pts',(48.523324518984,26.2723447531838,-33.4090505545915));
#3136=CARTESIAN_POINT('Ctrl Pts',(50.1390731766103,26.7277491690143,-33.0514679973536));
#3137=CARTESIAN_POINT('Ctrl Pts',(52.3035917112072,27.4971473228976,-32.4073412942535));
#3138=CARTESIAN_POINT('Ctrl Pts',(52.9013842441163,27.7272975299056,-32.2110197269128));
#3139=CARTESIAN_POINT('Ctrl Pts',(53.4891252685747,27.9687325058688,-32.0000000314869));
#3140=CARTESIAN_POINT('',(70.0000000000631,27.9687325158707,-32.000000022745));
#3141=CARTESIAN_POINT('',(0.,27.9687325158708,-32.0000000227449));
#3142=CARTESIAN_POINT('',(73.6670145295334,30.4995,-29.5978124149404));
#3143=CARTESIAN_POINT('Ctrl Pts',(70.0000000000631,27.9687325158707,-32.0000000227449));
#3144=CARTESIAN_POINT('Ctrl Pts',(70.2522303634999,27.9687325158707,-32.0000000227449));
#3145=CARTESIAN_POINT('Ctrl Pts',(70.5068821462128,27.996518224943,-31.9757748120268));
#3146=CARTESIAN_POINT('Ctrl Pts',(71.0026488776894,28.1049437027183,-31.8805167306173));
#3147=CARTESIAN_POINT('Ctrl Pts',(71.2437949884527,28.1854863155758,-31.8095354900103));
#3148=CARTESIAN_POINT('Ctrl Pts',(71.9248041770909,28.4874434347358,-31.5402649928033));
#3149=CARTESIAN_POINT('Ctrl Pts',(72.3221265315554,28.7711897148493,-31.2830072970782));
#3150=CARTESIAN_POINT('Ctrl Pts',(73.0723799022873,29.4711869745071,-30.6270294124434));
#3151=CARTESIAN_POINT('Ctrl Pts',(73.4227606485328,29.9651742884912,-30.1474573061262));
#3152=CARTESIAN_POINT('Ctrl Pts',(73.659058434808,30.4818620809409,-29.6159795366828));
#3153=CARTESIAN_POINT('Ctrl Pts',(73.6630539369212,30.4906790794107,-29.6069020619637));
#3154=CARTESIAN_POINT('Ctrl Pts',(73.6670145295334,30.4995,-29.5978124149404));
#3155=CARTESIAN_POINT('',(0.,30.4995,-29.5978124149404));
#3156=CARTESIAN_POINT('Origin',(0.,4.3448198340782,40.3851531808128));
#3157=CARTESIAN_POINT('',(0.,10.5158467343725,43.4310713708203));
#3158=CARTESIAN_POINT('Origin',(0.,16.6868736346669,46.4769895608279));
#3159=CARTESIAN_POINT('Origin',(0.,-16.6868736346668,-46.4769895608275));
#3160=CARTESIAN_POINT('Origin',(1.02301044536667,-16.6868736346668,-46.4769895608275));
#3161=CARTESIAN_POINT('Origin',(0.,4.34481983407824,-40.385153180813));
#3162=CARTESIAN_POINT('Origin',(7.11484686224292,4.34481983407824,-40.385153180813));
#3163=CARTESIAN_POINT('Origin',(7.50000003403857,0.,-40.0000000113479));
#3164=CARTESIAN_POINT('Origin',(30.5108746754972,0.,31.9999999773706));
#3165=CARTESIAN_POINT('',(30.5108746754972,0.,31.9999999773706));
#3166=CARTESIAN_POINT('Origin',(41.9999999999961,0.,-2.26914331769024E-8));
#3167=CARTESIAN_POINT('',(53.4891253245384,0.,31.999999977355));
#3168=CARTESIAN_POINT('Origin',(70.0000000000408,0.,31.999999977355));
#3169=CARTESIAN_POINT('',(70.0000000000408,0.,31.999999977355));
#3170=CARTESIAN_POINT('Origin',(70.0000000000408,0.,27.9999999773551));
#3171=CARTESIAN_POINT('Origin',(70.0000000000408,30.4995,27.9999999773551));
#3172=CARTESIAN_POINT('Origin',(70.0000000000631,0.,-24.000000022745));
#3173=CARTESIAN_POINT('',(70.0000000000631,30.4995,-24.000000022745));
#3174=CARTESIAN_POINT('',(70.0000000000631,30.4995,-24.000000022745));
#3175=CARTESIAN_POINT('',(70.0000000000631,0.,-24.000000022745));
#3176=CARTESIAN_POINT('Origin',(70.0000000000631,0.,-28.0000000227449));
#3177=CARTESIAN_POINT('',(70.0000000000631,0.,-32.000000022745));
#3178=CARTESIAN_POINT('Origin',(70.0000000000631,30.4995,-28.0000000227449));
#3179=CARTESIAN_POINT('Origin',(53.4891252613274,0.,-32.0000000227449));
#3180=CARTESIAN_POINT('',(53.4891252613274,0.,-32.0000000227449));
#3181=CARTESIAN_POINT('Origin',(41.9999999999961,0.,-2.26914331769024E-8));
#3182=CARTESIAN_POINT('Origin',(3.31230073228654E-12,0.,-40.0000000113479));
#3183=CARTESIAN_POINT('Origin',(37.2500000056672,30.4995,8.88178419700125E-15));
#3184=UNCERTAINTY_MEASURE_WITH_UNIT(LENGTH_MEASURE(0.01),#3188,
'DISTANCE_ACCURACY_VALUE',
'Maximum model space distance between geometric entities at asserted c
onnectivities');
#3185=UNCERTAINTY_MEASURE_WITH_UNIT(LENGTH_MEASURE(0.01),#3188,
'DISTANCE_ACCURACY_VALUE',
'Maximum model space distance between geometric entities at asserted c
onnectivities');
#3186=(
GEOMETRIC_REPRESENTATION_CONTEXT(3)
GLOBAL_UNCERTAINTY_ASSIGNED_CONTEXT((#3184))
GLOBAL_UNIT_ASSIGNED_CONTEXT((#3188,#3190,#3191))
REPRESENTATION_CONTEXT('','3D')
);
#3187=(
GEOMETRIC_REPRESENTATION_CONTEXT(3)
GLOBAL_UNCERTAINTY_ASSIGNED_CONTEXT((#3185))
GLOBAL_UNIT_ASSIGNED_CONTEXT((#3188,#3190,#3191))
REPRESENTATION_CONTEXT('','3D')
);
#3188=(
LENGTH_UNIT()
NAMED_UNIT(*)
SI_UNIT(.MILLI.,.METRE.)
);
#3189=(
LENGTH_UNIT()
NAMED_UNIT(*)
SI_UNIT($,.METRE.)
);
#3190=(
NAMED_UNIT(*)
PLANE_ANGLE_UNIT()
SI_UNIT($,.RADIAN.)
);
#3191=(
NAMED_UNIT(*)
SI_UNIT($,.STERADIAN.)
SOLID_ANGLE_UNIT()
);
#3192=SHAPE_DEFINITION_REPRESENTATION(#3193,#3194);
#3193=PRODUCT_DEFINITION_SHAPE('',$,#3196);
#3194=SHAPE_REPRESENTATION('',(#1550),#3186);
#3195=PRODUCT_DEFINITION_CONTEXT('part definition',#3200,'design');
#3196=PRODUCT_DEFINITION('2026-09-05-09-31-50-837',
'SC63 Stroker Top (Std)',#3197,#3195);
#3197=PRODUCT_DEFINITION_FORMATION('',$,#3202);
#3198=PRODUCT_RELATED_PRODUCT_CATEGORY('SC63 Stroker Top (Std)',
'SC63 Stroker Top (Std)',(#3202));
#3199=APPLICATION_PROTOCOL_DEFINITION('international standard',
'automotive_design',2009,#3200);
#3200=APPLICATION_CONTEXT(
'Core Data for Automotive Mechanical Design Process');
#3201=PRODUCT_CONTEXT('part definition',#3200,'mechanical');
#3202=PRODUCT('2026-09-05-09-31-50-837','SC63 Stroker Top (Std)',$,(#3201));
#3203=PRESENTATION_STYLE_ASSIGNMENT((#3205));
#3204=PRESENTATION_STYLE_ASSIGNMENT((#3206));
#3205=SURFACE_STYLE_USAGE(.BOTH.,#3207);
#3206=SURFACE_STYLE_USAGE(.BOTH.,#3208);
#3207=SURFACE_SIDE_STYLE('',(#3209));
#3208=SURFACE_SIDE_STYLE('',(#3210));
#3209=SURFACE_STYLE_FILL_AREA(#3211);
#3210=SURFACE_STYLE_FILL_AREA(#3212);
#3211=FILL_AREA_STYLE('Steel - Satin',(#3213));
#3212=FILL_AREA_STYLE('PETG Black',(#3214));
#3213=FILL_AREA_STYLE_COLOUR('Steel - Satin',#3215);
#3214=FILL_AREA_STYLE_COLOUR('PETG Black',#3216);
#3215=COLOUR_RGB('Steel - Satin',0.627450980392157,0.627450980392157,0.627450980392157);
#3216=COLOUR_RGB('PETG Black',0.247058823529412,0.247058823529412,0.247058823529412);
ENDSEC;
END-ISO-10303-21;
