ISO-10303-21;
HEADER;
/* Generated by software containing ST-Developer
 * from STEP Tools, Inc. (www.steptools.com) 
 */

FILE_DESCRIPTION(
/* description */ (''),
/* implementation_level */ '2;1');

FILE_NAME(
/* name */ 'Tensioner Belt Clamp (2MGTx15mm).step',
/* time_stamp */ '2026-09-01T21:58:30+02:00',
/* author */ (''),
/* organization */ (''),
/* preprocessor_version */ 'ST-DEVELOPER v20.1',
/* originating_system */ 'Autodesk Translation Framework v15.8.0.0',
/* authorisation */ '');

FILE_SCHEMA (('AUTOMOTIVE_DESIGN { 1 0 10303 214 3 1 1 }'));
ENDSEC;

DATA;
#10=MECHANICAL_DESIGN_GEOMETRIC_PRESENTATION_REPRESENTATION('',(#13),#5571);
#11=SHAPE_REPRESENTATION_RELATIONSHIP('SRR','None',#5578,#12);
#12=ADVANCED_BREP_SHAPE_REPRESENTATION('',(#14),#5570);
#13=STYLED_ITEM('',(#5587),#14);
#14=MANIFOLD_SOLID_BREP('Body1',#2927);
#15=CYLINDRICAL_SURFACE('',#3193,1.00000000000817);
#16=CYLINDRICAL_SURFACE('',#3194,0.149999999999212);
#17=CYLINDRICAL_SURFACE('',#3196,0.150000000006337);
#18=CYLINDRICAL_SURFACE('',#3197,1.00000000000871);
#19=CYLINDRICAL_SURFACE('',#3198,0.555000000001585);
#20=CYLINDRICAL_SURFACE('',#3199,1.00000000000817);
#21=CYLINDRICAL_SURFACE('',#3200,0.149999999999212);
#22=CYLINDRICAL_SURFACE('',#3202,0.150000000006338);
#23=CYLINDRICAL_SURFACE('',#3203,1.00000000000871);
#24=CYLINDRICAL_SURFACE('',#3204,0.555000000001585);
#25=CYLINDRICAL_SURFACE('',#3205,1.00000000000817);
#26=CYLINDRICAL_SURFACE('',#3206,0.149999999999213);
#27=CYLINDRICAL_SURFACE('',#3208,0.15000000000634);
#28=CYLINDRICAL_SURFACE('',#3209,1.00000000000871);
#29=CYLINDRICAL_SURFACE('',#3210,0.555000000001585);
#30=CYLINDRICAL_SURFACE('',#3211,1.00000000000817);
#31=CYLINDRICAL_SURFACE('',#3212,0.149999999999211);
#32=CYLINDRICAL_SURFACE('',#3214,0.150000000006342);
#33=CYLINDRICAL_SURFACE('',#3215,1.00000000000871);
#34=CYLINDRICAL_SURFACE('',#3216,0.555000000001587);
#35=CYLINDRICAL_SURFACE('',#3217,1.00000000000817);
#36=CYLINDRICAL_SURFACE('',#3218,0.149999999999216);
#37=CYLINDRICAL_SURFACE('',#3220,0.150000000006344);
#38=CYLINDRICAL_SURFACE('',#3221,1.00000000000871);
#39=CYLINDRICAL_SURFACE('',#3222,0.555000000001587);
#40=CYLINDRICAL_SURFACE('',#3223,1.00000000000817);
#41=CYLINDRICAL_SURFACE('',#3224,0.149999999999214);
#42=CYLINDRICAL_SURFACE('',#3226,0.150000000006342);
#43=CYLINDRICAL_SURFACE('',#3227,1.00000000000871);
#44=CYLINDRICAL_SURFACE('',#3228,0.555000000001587);
#45=CYLINDRICAL_SURFACE('',#3229,1.00000000000818);
#46=CYLINDRICAL_SURFACE('',#3230,0.149999999999213);
#47=CYLINDRICAL_SURFACE('',#3232,0.150000000006342);
#48=CYLINDRICAL_SURFACE('',#3233,1.00000000000871);
#49=CYLINDRICAL_SURFACE('',#3234,0.555000000001587);
#50=CYLINDRICAL_SURFACE('',#3235,1.00000000000818);
#51=CYLINDRICAL_SURFACE('',#3236,0.149999999999213);
#52=CYLINDRICAL_SURFACE('',#3238,0.150000000006342);
#53=CYLINDRICAL_SURFACE('',#3239,1.00000000000871);
#54=CYLINDRICAL_SURFACE('',#3240,0.555000000001587);
#55=CYLINDRICAL_SURFACE('',#3241,0.55);
#56=CYLINDRICAL_SURFACE('',#3243,0.55);
#57=CYLINDRICAL_SURFACE('',#3250,0.55);
#58=CYLINDRICAL_SURFACE('',#3253,0.55);
#59=CYLINDRICAL_SURFACE('',#3254,0.555000000001585);
#60=B_SPLINE_CURVE_WITH_KNOTS('',3,(#4414,#4415,#4416,#4417),
 .UNSPECIFIED.,.F.,.F.,(4,4),(-0.322591485879345,-0.309743088102042),
 .UNSPECIFIED.);
#61=B_SPLINE_CURVE_WITH_KNOTS('',3,(#4418,#4419,#4420,#4421),
 .UNSPECIFIED.,.F.,.F.,(4,4),(0.309743088102042,0.322591485879345),
 .UNSPECIFIED.);
#62=B_SPLINE_CURVE_WITH_KNOTS('',3,(#4454,#4455,#4456,#4457,#4458,#4459,
#4460),.UNSPECIFIED.,.F.,.F.,(4,1,1,1,4),(-0.194074468448347,-0.171175219381116,
-0.1597255948475,-0.136826345780268,-0.113927096713036),.UNSPECIFIED.);
#63=B_SPLINE_CURVE_WITH_KNOTS('',3,(#4463,#4464,#4465,#4466,#4467,#4468,
#4469),.UNSPECIFIED.,.F.,.F.,(4,1,1,1,4),(0.113927096713036,0.136826345780268,
0.1597255948475,0.171175219381116,0.194074468448347),.UNSPECIFIED.);
#64=B_SPLINE_CURVE_WITH_KNOTS('',3,(#4507,#4508,#4509,#4510,#4511,#4512,
#4513),.UNSPECIFIED.,.F.,.F.,(4,1,1,1,4),(0.261633918403798,0.28453316747103,
0.295982792004646,0.318882041071878,0.34178129013911),.UNSPECIFIED.);
#65=B_SPLINE_CURVE_WITH_KNOTS('',3,(#4514,#4515,#4516,#4517,#4518,#4519,
#4520),.UNSPECIFIED.,.F.,.F.,(4,1,1,1,4),(-0.34178129013911,-0.318882041071878,
-0.295982792004646,-0.28453316747103,-0.261633918403798),.UNSPECIFIED.);
#66=B_SPLINE_CURVE_WITH_KNOTS('',3,(#4540,#4541,#4542,#4543),
 .UNSPECIFIED.,.F.,.F.,(4,4),(-0.202849664421172,-0.194074468446339),
 .UNSPECIFIED.);
#67=B_SPLINE_CURVE_WITH_KNOTS('',3,(#4544,#4545,#4546,#4547),
 .UNSPECIFIED.,.F.,.F.,(4,4),(0.194074468446339,0.202849664421172),
 .UNSPECIFIED.);
#68=B_SPLINE_CURVE_WITH_KNOTS('',3,(#4852,#4853,#4854,#4855),
 .UNSPECIFIED.,.F.,.F.,(4,4),(-0.322591485879774,-0.309743088102384),
 .UNSPECIFIED.);
#69=B_SPLINE_CURVE_WITH_KNOTS('',3,(#4856,#4857,#4858,#4859),
 .UNSPECIFIED.,.F.,.F.,(4,4),(0.309743088102384,0.322591485879774),
 .UNSPECIFIED.);
#70=B_SPLINE_CURVE_WITH_KNOTS('',3,(#4900,#4901,#4902,#4903,#4904,#4905,
#4906),.UNSPECIFIED.,.F.,.F.,(4,1,1,1,4),(0.261633918403799,0.284533167471031,
0.295982792004646,0.318882041071878,0.34178129013911),.UNSPECIFIED.);
#71=B_SPLINE_CURVE_WITH_KNOTS('',3,(#4907,#4908,#4909,#4910,#4911,#4912,
#4913),.UNSPECIFIED.,.F.,.F.,(4,1,1,1,4),(-0.34178129013911,-0.318882041071878,
-0.295982792004646,-0.284533167471031,-0.261633918403799),.UNSPECIFIED.);
#72=B_SPLINE_CURVE_WITH_KNOTS('',3,(#4945,#4946,#4947,#4948,#4949,#4950,
#4951),.UNSPECIFIED.,.F.,.F.,(4,1,1,1,4),(-0.194074468448347,-0.176900031647924,
-0.171175219381116,-0.148275970313884,-0.113927096713037),.UNSPECIFIED.);
#73=B_SPLINE_CURVE_WITH_KNOTS('',3,(#4952,#4953,#4954,#4955,#4956,#4957,
#4958),.UNSPECIFIED.,.F.,.F.,(4,1,1,1,4),(0.113927096713037,0.148275970313884,
0.171175219381116,0.176900031647924,0.194074468448347),.UNSPECIFIED.);
#74=B_SPLINE_CURVE_WITH_KNOTS('',3,(#4978,#4979,#4980,#4981),
 .UNSPECIFIED.,.F.,.F.,(4,4),(0.252858722431115,0.261633918405808),
 .UNSPECIFIED.);
#75=B_SPLINE_CURVE_WITH_KNOTS('',3,(#4982,#4983,#4984,#4985),
 .UNSPECIFIED.,.F.,.F.,(4,4),(-0.261633918405808,-0.252858722431115),
 .UNSPECIFIED.);
#76=B_SPLINE_CURVE_WITH_KNOTS('',3,(#5002,#5003,#5004,#5005),
 .UNSPECIFIED.,.F.,.F.,(4,4),(-0.252858722431117,-0.252331936627102),
 .UNSPECIFIED.);
#77=B_SPLINE_CURVE_WITH_KNOTS('',3,(#5006,#5007,#5008,#5009),
 .UNSPECIFIED.,.F.,.F.,(4,4),(0.252331936627102,0.252858722431117),
 .UNSPECIFIED.);
#78=B_SPLINE_CURVE_WITH_KNOTS('',3,(#5029,#5030,#5031,#5032),
 .UNSPECIFIED.,.F.,.F.,(4,4),(0.235910621294159,0.248759019071463),
 .UNSPECIFIED.);
#79=B_SPLINE_CURVE_WITH_KNOTS('',3,(#5033,#5034,#5035,#5036),
 .UNSPECIFIED.,.F.,.F.,(4,4),(-0.248759019071463,-0.235910621294159),
 .UNSPECIFIED.);
#80=B_SPLINE_CURVE_WITH_KNOTS('',3,(#5053,#5054,#5055,#5056),
 .UNSPECIFIED.,.F.,.F.,(4,4),(-0.203376450225175,-0.202849664421169),
 .UNSPECIFIED.);
#81=B_SPLINE_CURVE_WITH_KNOTS('',3,(#5057,#5058,#5059,#5060),
 .UNSPECIFIED.,.F.,.F.,(4,4),(0.202849664421169,0.203376450225175),
 .UNSPECIFIED.);
#82=B_SPLINE_CURVE_WITH_KNOTS('',3,(#5080,#5081,#5082,#5083),
 .UNSPECIFIED.,.F.,.F.,(4,4),(0.25285872241818,0.261633918405807),
 .UNSPECIFIED.);
#83=B_SPLINE_CURVE_WITH_KNOTS('',3,(#5084,#5085,#5086,#5087),
 .UNSPECIFIED.,.F.,.F.,(4,4),(-0.261633918405807,-0.25285872241818),
 .UNSPECIFIED.);
#84=B_SPLINE_CURVE_WITH_KNOTS('',3,(#5104,#5105,#5106,#5107),
 .UNSPECIFIED.,.F.,.F.,(4,4),(-0.25285872241818,-0.252331936626972),
 .UNSPECIFIED.);
#85=B_SPLINE_CURVE_WITH_KNOTS('',3,(#5108,#5109,#5110,#5111),
 .UNSPECIFIED.,.F.,.F.,(4,4),(0.252331936626972,0.25285872241818),
 .UNSPECIFIED.);
#86=B_SPLINE_CURVE_WITH_KNOTS('',3,(#5131,#5132,#5133,#5134),
 .UNSPECIFIED.,.F.,.F.,(4,4),(0.235910621294076,0.248759019071466),
 .UNSPECIFIED.);
#87=B_SPLINE_CURVE_WITH_KNOTS('',3,(#5135,#5136,#5137,#5138),
 .UNSPECIFIED.,.F.,.F.,(4,4),(-0.248759019071466,-0.235910621294076),
 .UNSPECIFIED.);
#88=B_SPLINE_CURVE_WITH_KNOTS('',3,(#5158,#5159,#5160,#5161),
 .UNSPECIFIED.,.F.,.F.,(4,4),(-0.202849664421032,-0.194074468446339),
 .UNSPECIFIED.);
#89=B_SPLINE_CURVE_WITH_KNOTS('',3,(#5162,#5163,#5164,#5165),
 .UNSPECIFIED.,.F.,.F.,(4,4),(0.194074468446339,0.202849664421032),
 .UNSPECIFIED.);
#90=B_SPLINE_CURVE_WITH_KNOTS('',3,(#5182,#5183,#5184,#5185),
 .UNSPECIFIED.,.F.,.F.,(4,4),(-0.203376450225044,-0.202849664421029),
 .UNSPECIFIED.);
#91=B_SPLINE_CURVE_WITH_KNOTS('',3,(#5186,#5187,#5188,#5189),
 .UNSPECIFIED.,.F.,.F.,(4,4),(0.202849664421029,0.203376450225044),
 .UNSPECIFIED.);
#92=B_SPLINE_CURVE_WITH_KNOTS('',3,(#5290,#5291,#5292,#5293,#5294),
 .UNSPECIFIED.,.F.,.F.,(4,1,4),(3.02535774210355E-15,0.765581530380682,
1.53116306076136),.UNSPECIFIED.);
#93=B_SPLINE_CURVE_WITH_KNOTS('',3,(#5301,#5302,#5303,#5304),
 .UNSPECIFIED.,.F.,.F.,(4,4),(1.53116306076137,1.57079632679494),
 .UNSPECIFIED.);
#94=B_SPLINE_CURVE_WITH_KNOTS('',3,(#5309,#5310,#5311,#5312,#5313),
 .UNSPECIFIED.,.F.,.F.,(4,1,4),(-1.57079632679493,-0.785398163397486,-3.7914116290949E-14),
 .UNSPECIFIED.);
#95=B_SPLINE_CURVE_WITH_KNOTS('',3,(#5314,#5315,#5316,#5317),
 .UNSPECIFIED.,.F.,.F.,(4,4),(-4.05723544482941,-4.05505239768398),
 .UNSPECIFIED.);
#96=B_SPLINE_CURVE_WITH_KNOTS('',3,(#5350,#5351,#5352,#5353,#5354),
 .UNSPECIFIED.,.F.,.F.,(4,1,4),(3.7914116290949E-14,0.785398163397486,1.57079632679493),
 .UNSPECIFIED.);
#97=B_SPLINE_CURVE_WITH_KNOTS('',3,(#5376,#5377,#5378,#5379,#5380),
 .UNSPECIFIED.,.F.,.F.,(4,1,4),(3.79141162909491E-14,0.785398163397486,
1.57079632679493),.UNSPECIFIED.);
#98=B_SPLINE_CURVE_WITH_KNOTS('',3,(#5383,#5384,#5385,#5386,#5387),
 .UNSPECIFIED.,.F.,.F.,(4,1,4),(-1.57079632679493,-0.785398163397486,-3.79141162909491E-14),
 .UNSPECIFIED.);
#99=B_SPLINE_CURVE_WITH_KNOTS('',3,(#5410,#5411,#5412,#5413),
 .UNSPECIFIED.,.F.,.F.,(4,4),(4.05505239768398,4.05723544482941),
 .UNSPECIFIED.);
#100=B_SPLINE_CURVE_WITH_KNOTS('',3,(#5437,#5438,#5439,#5440,#5441),
 .UNSPECIFIED.,.F.,.F.,(4,1,4),(-1.53116306076136,-0.765581530380682,-3.02535774210355E-15),
 .UNSPECIFIED.);
#101=B_SPLINE_CURVE_WITH_KNOTS('',3,(#5472,#5473,#5474,#5475,#5476),
 .UNSPECIFIED.,.F.,.F.,(4,1,4),(-1.53116306076136,-0.765581530380682,-2.89983973435572E-15),
 .UNSPECIFIED.);
#102=B_SPLINE_CURVE_WITH_KNOTS('',3,(#5477,#5478,#5479,#5480,#5481),
 .UNSPECIFIED.,.F.,.F.,(4,1,4),(2.89983973435572E-15,0.765581530380682,
1.53116306076136),.UNSPECIFIED.);
#103=B_SPLINE_CURVE_WITH_KNOTS('',3,(#5498,#5499,#5500,#5501),
 .UNSPECIFIED.,.F.,.F.,(4,4),(-1.57079632679494,-1.53116306076137),
 .UNSPECIFIED.);
#104=B_SPLINE_CURVE_WITH_KNOTS('',3,(#5527,#5528,#5529,#5530),
 .UNSPECIFIED.,.F.,.F.,(4,4),(-1.57079632679494,-1.53116306076137),
 .UNSPECIFIED.);
#105=B_SPLINE_CURVE_WITH_KNOTS('',3,(#5531,#5532,#5533,#5534),
 .UNSPECIFIED.,.F.,.F.,(4,4),(1.53116306076137,1.57079632679494),
 .UNSPECIFIED.);
#106=B_SPLINE_CURVE_WITH_KNOTS('',3,(#5551,#5552,#5553,#5554),
 .UNSPECIFIED.,.F.,.F.,(4,4),(4.05505239768398,4.05723544482941),
 .UNSPECIFIED.);
#107=B_SPLINE_CURVE_WITH_KNOTS('',3,(#5555,#5556,#5557,#5558),
 .UNSPECIFIED.,.F.,.F.,(4,4),(-4.05723544482941,-4.05505239768398),
 .UNSPECIFIED.);
#108=B_SPLINE_SURFACE_WITH_KNOTS('',3,3,((#4395,#4396,#4397,#4398),(#4399,
#4400,#4401,#4402),(#4403,#4404,#4405,#4406),(#4407,#4408,#4409,#4410)),
 .UNSPECIFIED.,.F.,.F.,.F.,(4,4),(4,4),(0.,1.),(-0.322591485879345,-0.309743088102042),
 .UNSPECIFIED.);
#109=B_SPLINE_SURFACE_WITH_KNOTS('',3,3,((#4422,#4423,#4424,#4425,#4426,
#4427,#4428),(#4429,#4430,#4431,#4432,#4433,#4434,#4435),(#4436,#4437,#4438,
#4439,#4440,#4441,#4442),(#4443,#4444,#4445,#4446,#4447,#4448,#4449)),
 .UNSPECIFIED.,.F.,.F.,.F.,(4,4),(4,1,1,1,4),(0.,1.),(0.113927096713036,
0.136826345780268,0.1597255948475,0.171175219381116,0.194074468448347),
 .UNSPECIFIED.);
#110=B_SPLINE_SURFACE_WITH_KNOTS('',3,3,((#4476,#4477,#4478,#4479,#4480,
#4481,#4482),(#4483,#4484,#4485,#4486,#4487,#4488,#4489),(#4490,#4491,#4492,
#4493,#4494,#4495,#4496),(#4497,#4498,#4499,#4500,#4501,#4502,#4503)),
 .UNSPECIFIED.,.F.,.F.,.F.,(4,4),(4,1,1,1,4),(0.,1.),(0.261633918403798,
0.28453316747103,0.295982792004646,0.318882041071878,0.34178129013911),
 .UNSPECIFIED.);
#111=B_SPLINE_SURFACE_WITH_KNOTS('',3,3,((#4521,#4522,#4523,#4524),(#4525,
#4526,#4527,#4528),(#4529,#4530,#4531,#4532),(#4533,#4534,#4535,#4536)),
 .UNSPECIFIED.,.F.,.F.,.F.,(4,4),(4,4),(0.,1.),(-0.202849664421172,-0.194074468446339),
 .UNSPECIFIED.);
#112=B_SPLINE_SURFACE_WITH_KNOTS('',3,3,((#4833,#4834,#4835,#4836),(#4837,
#4838,#4839,#4840),(#4841,#4842,#4843,#4844),(#4845,#4846,#4847,#4848)),
 .UNSPECIFIED.,.F.,.F.,.F.,(4,4),(4,4),(0.,1.),(-0.322591485879774,-0.309743088102384),
 .UNSPECIFIED.);
#113=B_SPLINE_SURFACE_WITH_KNOTS('',3,3,((#4869,#4870,#4871,#4872,#4873,
#4874,#4875),(#4876,#4877,#4878,#4879,#4880,#4881,#4882),(#4883,#4884,#4885,
#4886,#4887,#4888,#4889),(#4890,#4891,#4892,#4893,#4894,#4895,#4896)),
 .UNSPECIFIED.,.F.,.F.,.F.,(4,4),(4,1,1,1,4),(0.,1.),(0.261633918403799,
0.284533167471031,0.295982792004646,0.318882041071878,0.34178129013911),
 .UNSPECIFIED.);
#114=B_SPLINE_SURFACE_WITH_KNOTS('',3,3,((#4914,#4915,#4916,#4917,#4918,
#4919,#4920),(#4921,#4922,#4923,#4924,#4925,#4926,#4927),(#4928,#4929,#4930,
#4931,#4932,#4933,#4934),(#4935,#4936,#4937,#4938,#4939,#4940,#4941)),
 .UNSPECIFIED.,.F.,.F.,.F.,(4,4),(4,1,1,1,4),(0.,1.),(0.113927096713037,
0.148275970313884,0.171175219381116,0.176900031647924,0.194074468448347),
 .UNSPECIFIED.);
#115=B_SPLINE_SURFACE_WITH_KNOTS('',3,3,((#4959,#4960,#4961,#4962),(#4963,
#4964,#4965,#4966),(#4967,#4968,#4969,#4970),(#4971,#4972,#4973,#4974)),
 .UNSPECIFIED.,.F.,.F.,.F.,(4,4),(4,4),(0.,1.),(-0.261633918405808,-0.252858722431115),
 .UNSPECIFIED.);
#116=B_SPLINE_SURFACE_WITH_KNOTS('',3,3,((#4986,#4987,#4988,#4989),(#4990,
#4991,#4992,#4993),(#4994,#4995,#4996,#4997),(#4998,#4999,#5000,#5001)),
 .UNSPECIFIED.,.F.,.F.,.F.,(4,4),(4,4),(0.,1.),(0.252331936627102,0.252858722431117),
 .UNSPECIFIED.);
#117=B_SPLINE_SURFACE_WITH_KNOTS('',3,3,((#5010,#5011,#5012,#5013),(#5014,
#5015,#5016,#5017),(#5018,#5019,#5020,#5021),(#5022,#5023,#5024,#5025)),
 .UNSPECIFIED.,.F.,.F.,.F.,(4,4),(4,4),(0.,1.),(-0.248759019071463,-0.235910621294159),
 .UNSPECIFIED.);
#118=B_SPLINE_SURFACE_WITH_KNOTS('',3,3,((#5037,#5038,#5039,#5040),(#5041,
#5042,#5043,#5044),(#5045,#5046,#5047,#5048),(#5049,#5050,#5051,#5052)),
 .UNSPECIFIED.,.F.,.F.,.F.,(4,4),(4,4),(0.,1.),(0.202849664421169,0.203376450225175),
 .UNSPECIFIED.);
#119=B_SPLINE_SURFACE_WITH_KNOTS('',3,3,((#5061,#5062,#5063,#5064),(#5065,
#5066,#5067,#5068),(#5069,#5070,#5071,#5072),(#5073,#5074,#5075,#5076)),
 .UNSPECIFIED.,.F.,.F.,.F.,(4,4),(4,4),(0.,1.),(-0.261633918405807,-0.25285872241818),
 .UNSPECIFIED.);
#120=B_SPLINE_SURFACE_WITH_KNOTS('',3,3,((#5088,#5089,#5090,#5091),(#5092,
#5093,#5094,#5095),(#5096,#5097,#5098,#5099),(#5100,#5101,#5102,#5103)),
 .UNSPECIFIED.,.F.,.F.,.F.,(4,4),(4,4),(0.,1.),(0.252331936626972,0.25285872241818),
 .UNSPECIFIED.);
#121=B_SPLINE_SURFACE_WITH_KNOTS('',3,3,((#5112,#5113,#5114,#5115),(#5116,
#5117,#5118,#5119),(#5120,#5121,#5122,#5123),(#5124,#5125,#5126,#5127)),
 .UNSPECIFIED.,.F.,.F.,.F.,(4,4),(4,4),(0.,1.),(-0.248759019071466,-0.235910621294076),
 .UNSPECIFIED.);
#122=B_SPLINE_SURFACE_WITH_KNOTS('',3,3,((#5139,#5140,#5141,#5142),(#5143,
#5144,#5145,#5146),(#5147,#5148,#5149,#5150),(#5151,#5152,#5153,#5154)),
 .UNSPECIFIED.,.F.,.F.,.F.,(4,4),(4,4),(0.,1.),(-0.202849664421032,-0.194074468446339),
 .UNSPECIFIED.);
#123=B_SPLINE_SURFACE_WITH_KNOTS('',3,3,((#5166,#5167,#5168,#5169),(#5170,
#5171,#5172,#5173),(#5174,#5175,#5176,#5177),(#5178,#5179,#5180,#5181)),
 .UNSPECIFIED.,.F.,.F.,.F.,(4,4),(4,4),(0.,1.),(0.202849664421029,0.203376450225044),
 .UNSPECIFIED.);
#124=B_SPLINE_SURFACE_WITH_KNOTS('',3,3,((#5328,#5329,#5330,#5331,#5332),
(#5333,#5334,#5335,#5336,#5337),(#5338,#5339,#5340,#5341,#5342),(#5343,
#5344,#5345,#5346,#5347)),.UNSPECIFIED.,.F.,.F.,.F.,(4,4),(4,1,4),(0.,1.),
(3.7914116290949E-14,0.785398163397486,1.57079632679493),.UNSPECIFIED.);
#125=B_SPLINE_SURFACE_WITH_KNOTS('',3,3,((#5355,#5356,#5357,#5358,#5359),
(#5360,#5361,#5362,#5363,#5364),(#5365,#5366,#5367,#5368,#5369),(#5370,
#5371,#5372,#5373,#5374)),.UNSPECIFIED.,.F.,.F.,.F.,(4,4),(4,1,4),(0.,1.),
(-1.57079632679493,-0.785398163397486,-3.79141162909491E-14),
 .UNSPECIFIED.);
#126=B_SPLINE_SURFACE_WITH_KNOTS('',3,3,((#5394,#5395,#5396,#5397),(#5398,
#5399,#5400,#5401),(#5402,#5403,#5404,#5405),(#5406,#5407,#5408,#5409)),
 .UNSPECIFIED.,.F.,.F.,.F.,(4,4),(4,4),(0.,1.),(4.05505239768398,4.05723544482941),
 .UNSPECIFIED.);
#127=B_SPLINE_SURFACE_WITH_KNOTS('',3,3,((#5414,#5415,#5416,#5417,#5418),
(#5419,#5420,#5421,#5422,#5423),(#5424,#5425,#5426,#5427,#5428),(#5429,
#5430,#5431,#5432,#5433)),.UNSPECIFIED.,.F.,.F.,.F.,(4,4),(4,1,4),(0.,1.),
(-1.53116306076136,-0.765581530380682,-3.02535774210355E-15),
 .UNSPECIFIED.);
#128=B_SPLINE_SURFACE_WITH_KNOTS('',3,3,((#5449,#5450,#5451,#5452,#5453),
(#5454,#5455,#5456,#5457,#5458),(#5459,#5460,#5461,#5462,#5463),(#5464,
#5465,#5466,#5467,#5468)),.UNSPECIFIED.,.F.,.F.,.F.,(4,4),(4,1,4),(0.,1.),
(2.89983973435572E-15,0.765581530380682,1.53116306076136),.UNSPECIFIED.);
#129=B_SPLINE_SURFACE_WITH_KNOTS('',3,3,((#5482,#5483,#5484,#5485),(#5486,
#5487,#5488,#5489),(#5490,#5491,#5492,#5493),(#5494,#5495,#5496,#5497)),
 .UNSPECIFIED.,.F.,.F.,.F.,(4,4),(4,4),(0.,1.),(-1.57079632679494,-1.53116306076137),
 .UNSPECIFIED.);
#130=B_SPLINE_SURFACE_WITH_KNOTS('',3,3,((#5511,#5512,#5513,#5514),(#5515,
#5516,#5517,#5518),(#5519,#5520,#5521,#5522),(#5523,#5524,#5525,#5526)),
 .UNSPECIFIED.,.F.,.F.,.F.,(4,4),(4,4),(0.,1.),(1.53116306076137,1.57079632679494),
 .UNSPECIFIED.);
#131=B_SPLINE_SURFACE_WITH_KNOTS('',3,3,((#5535,#5536,#5537,#5538),(#5539,
#5540,#5541,#5542),(#5543,#5544,#5545,#5546),(#5547,#5548,#5549,#5550)),
 .UNSPECIFIED.,.F.,.F.,.F.,(4,4),(4,4),(0.,1.),(-4.05723544482941,-4.05505239768398),
 .UNSPECIFIED.);
#132=PLANE('',#2947);
#133=PLANE('',#2963);
#134=PLANE('',#2979);
#135=PLANE('',#2995);
#136=PLANE('',#3011);
#137=PLANE('',#3027);
#138=PLANE('',#3043);
#139=PLANE('',#3059);
#140=PLANE('',#3066);
#141=PLANE('',#3073);
#142=PLANE('',#3089);
#143=PLANE('',#3105);
#144=PLANE('',#3121);
#145=PLANE('',#3137);
#146=PLANE('',#3153);
#147=PLANE('',#3169);
#148=PLANE('',#3185);
#149=PLANE('',#3192);
#150=PLANE('',#3195);
#151=PLANE('',#3201);
#152=PLANE('',#3207);
#153=PLANE('',#3213);
#154=PLANE('',#3219);
#155=PLANE('',#3225);
#156=PLANE('',#3231);
#157=PLANE('',#3237);
#158=PLANE('',#3242);
#159=PLANE('',#3244);
#160=PLANE('',#3245);
#161=PLANE('',#3246);
#162=PLANE('',#3247);
#163=PLANE('',#3248);
#164=PLANE('',#3249);
#165=PLANE('',#3251);
#166=PLANE('',#3252);
#167=FACE_OUTER_BOUND('',#349,.T.);
#168=FACE_OUTER_BOUND('',#350,.T.);
#169=FACE_OUTER_BOUND('',#351,.T.);
#170=FACE_OUTER_BOUND('',#352,.T.);
#171=FACE_OUTER_BOUND('',#353,.T.);
#172=FACE_OUTER_BOUND('',#354,.T.);
#173=FACE_OUTER_BOUND('',#355,.T.);
#174=FACE_OUTER_BOUND('',#356,.T.);
#175=FACE_OUTER_BOUND('',#357,.T.);
#176=FACE_OUTER_BOUND('',#358,.T.);
#177=FACE_OUTER_BOUND('',#359,.T.);
#178=FACE_OUTER_BOUND('',#360,.T.);
#179=FACE_OUTER_BOUND('',#361,.T.);
#180=FACE_OUTER_BOUND('',#362,.T.);
#181=FACE_OUTER_BOUND('',#363,.T.);
#182=FACE_OUTER_BOUND('',#364,.T.);
#183=FACE_OUTER_BOUND('',#365,.T.);
#184=FACE_OUTER_BOUND('',#366,.T.);
#185=FACE_OUTER_BOUND('',#367,.T.);
#186=FACE_OUTER_BOUND('',#368,.T.);
#187=FACE_OUTER_BOUND('',#369,.T.);
#188=FACE_OUTER_BOUND('',#370,.T.);
#189=FACE_OUTER_BOUND('',#371,.T.);
#190=FACE_OUTER_BOUND('',#372,.T.);
#191=FACE_OUTER_BOUND('',#373,.T.);
#192=FACE_OUTER_BOUND('',#374,.T.);
#193=FACE_OUTER_BOUND('',#375,.T.);
#194=FACE_OUTER_BOUND('',#376,.T.);
#195=FACE_OUTER_BOUND('',#377,.T.);
#196=FACE_OUTER_BOUND('',#378,.T.);
#197=FACE_OUTER_BOUND('',#379,.T.);
#198=FACE_OUTER_BOUND('',#380,.T.);
#199=FACE_OUTER_BOUND('',#381,.T.);
#200=FACE_OUTER_BOUND('',#382,.T.);
#201=FACE_OUTER_BOUND('',#383,.T.);
#202=FACE_OUTER_BOUND('',#384,.T.);
#203=FACE_OUTER_BOUND('',#385,.T.);
#204=FACE_OUTER_BOUND('',#386,.T.);
#205=FACE_OUTER_BOUND('',#387,.T.);
#206=FACE_OUTER_BOUND('',#388,.T.);
#207=FACE_OUTER_BOUND('',#389,.T.);
#208=FACE_OUTER_BOUND('',#390,.T.);
#209=FACE_OUTER_BOUND('',#391,.T.);
#210=FACE_OUTER_BOUND('',#392,.T.);
#211=FACE_OUTER_BOUND('',#393,.T.);
#212=FACE_OUTER_BOUND('',#394,.T.);
#213=FACE_OUTER_BOUND('',#395,.T.);
#214=FACE_OUTER_BOUND('',#396,.T.);
#215=FACE_OUTER_BOUND('',#397,.T.);
#216=FACE_OUTER_BOUND('',#398,.T.);
#217=FACE_OUTER_BOUND('',#399,.T.);
#218=FACE_OUTER_BOUND('',#400,.T.);
#219=FACE_OUTER_BOUND('',#401,.T.);
#220=FACE_OUTER_BOUND('',#402,.T.);
#221=FACE_OUTER_BOUND('',#403,.T.);
#222=FACE_OUTER_BOUND('',#404,.T.);
#223=FACE_OUTER_BOUND('',#405,.T.);
#224=FACE_OUTER_BOUND('',#406,.T.);
#225=FACE_OUTER_BOUND('',#407,.T.);
#226=FACE_OUTER_BOUND('',#408,.T.);
#227=FACE_OUTER_BOUND('',#409,.T.);
#228=FACE_OUTER_BOUND('',#410,.T.);
#229=FACE_OUTER_BOUND('',#411,.T.);
#230=FACE_OUTER_BOUND('',#412,.T.);
#231=FACE_OUTER_BOUND('',#413,.T.);
#232=FACE_OUTER_BOUND('',#414,.T.);
#233=FACE_OUTER_BOUND('',#415,.T.);
#234=FACE_OUTER_BOUND('',#416,.T.);
#235=FACE_OUTER_BOUND('',#417,.T.);
#236=FACE_OUTER_BOUND('',#418,.T.);
#237=FACE_OUTER_BOUND('',#419,.T.);
#238=FACE_OUTER_BOUND('',#420,.T.);
#239=FACE_OUTER_BOUND('',#421,.T.);
#240=FACE_OUTER_BOUND('',#422,.T.);
#241=FACE_OUTER_BOUND('',#423,.T.);
#242=FACE_OUTER_BOUND('',#424,.T.);
#243=FACE_OUTER_BOUND('',#425,.T.);
#244=FACE_OUTER_BOUND('',#426,.T.);
#245=FACE_OUTER_BOUND('',#427,.T.);
#246=FACE_OUTER_BOUND('',#428,.T.);
#247=FACE_OUTER_BOUND('',#429,.T.);
#248=FACE_OUTER_BOUND('',#430,.T.);
#249=FACE_OUTER_BOUND('',#431,.T.);
#250=FACE_OUTER_BOUND('',#432,.T.);
#251=FACE_OUTER_BOUND('',#433,.T.);
#252=FACE_OUTER_BOUND('',#434,.T.);
#253=FACE_OUTER_BOUND('',#435,.T.);
#254=FACE_OUTER_BOUND('',#436,.T.);
#255=FACE_OUTER_BOUND('',#437,.T.);
#256=FACE_OUTER_BOUND('',#438,.T.);
#257=FACE_OUTER_BOUND('',#439,.T.);
#258=FACE_OUTER_BOUND('',#440,.T.);
#259=FACE_OUTER_BOUND('',#441,.T.);
#260=FACE_OUTER_BOUND('',#442,.T.);
#261=FACE_OUTER_BOUND('',#443,.T.);
#262=FACE_OUTER_BOUND('',#444,.T.);
#263=FACE_OUTER_BOUND('',#445,.T.);
#264=FACE_OUTER_BOUND('',#446,.T.);
#265=FACE_OUTER_BOUND('',#447,.T.);
#266=FACE_OUTER_BOUND('',#448,.T.);
#267=FACE_OUTER_BOUND('',#449,.T.);
#268=FACE_OUTER_BOUND('',#450,.T.);
#269=FACE_OUTER_BOUND('',#451,.T.);
#270=FACE_OUTER_BOUND('',#452,.T.);
#271=FACE_OUTER_BOUND('',#453,.T.);
#272=FACE_OUTER_BOUND('',#454,.T.);
#273=FACE_OUTER_BOUND('',#455,.T.);
#274=FACE_OUTER_BOUND('',#456,.T.);
#275=FACE_OUTER_BOUND('',#457,.T.);
#276=FACE_OUTER_BOUND('',#458,.T.);
#277=FACE_OUTER_BOUND('',#459,.T.);
#278=FACE_OUTER_BOUND('',#460,.T.);
#279=FACE_OUTER_BOUND('',#461,.T.);
#280=FACE_OUTER_BOUND('',#462,.T.);
#281=FACE_OUTER_BOUND('',#463,.T.);
#282=FACE_OUTER_BOUND('',#464,.T.);
#283=FACE_OUTER_BOUND('',#465,.T.);
#284=FACE_OUTER_BOUND('',#466,.T.);
#285=FACE_OUTER_BOUND('',#467,.T.);
#286=FACE_OUTER_BOUND('',#468,.T.);
#287=FACE_OUTER_BOUND('',#469,.T.);
#288=FACE_OUTER_BOUND('',#470,.T.);
#289=FACE_OUTER_BOUND('',#471,.T.);
#290=FACE_OUTER_BOUND('',#472,.T.);
#291=FACE_OUTER_BOUND('',#473,.T.);
#292=FACE_OUTER_BOUND('',#474,.T.);
#293=FACE_OUTER_BOUND('',#475,.T.);
#294=FACE_OUTER_BOUND('',#476,.T.);
#295=FACE_OUTER_BOUND('',#477,.T.);
#296=FACE_OUTER_BOUND('',#478,.T.);
#297=FACE_OUTER_BOUND('',#479,.T.);
#298=FACE_OUTER_BOUND('',#480,.T.);
#299=FACE_OUTER_BOUND('',#481,.T.);
#300=FACE_OUTER_BOUND('',#482,.T.);
#301=FACE_OUTER_BOUND('',#483,.T.);
#302=FACE_OUTER_BOUND('',#484,.T.);
#303=FACE_OUTER_BOUND('',#485,.T.);
#304=FACE_OUTER_BOUND('',#486,.T.);
#305=FACE_OUTER_BOUND('',#487,.T.);
#306=FACE_OUTER_BOUND('',#488,.T.);
#307=FACE_OUTER_BOUND('',#489,.T.);
#308=FACE_OUTER_BOUND('',#490,.T.);
#309=FACE_OUTER_BOUND('',#491,.T.);
#310=FACE_OUTER_BOUND('',#492,.T.);
#311=FACE_OUTER_BOUND('',#493,.T.);
#312=FACE_OUTER_BOUND('',#494,.T.);
#313=FACE_OUTER_BOUND('',#495,.T.);
#314=FACE_OUTER_BOUND('',#496,.T.);
#315=FACE_OUTER_BOUND('',#497,.T.);
#316=FACE_OUTER_BOUND('',#498,.T.);
#317=FACE_OUTER_BOUND('',#499,.T.);
#318=FACE_OUTER_BOUND('',#500,.T.);
#319=FACE_OUTER_BOUND('',#501,.T.);
#320=FACE_OUTER_BOUND('',#502,.T.);
#321=FACE_OUTER_BOUND('',#503,.T.);
#322=FACE_OUTER_BOUND('',#504,.T.);
#323=FACE_OUTER_BOUND('',#505,.T.);
#324=FACE_OUTER_BOUND('',#506,.T.);
#325=FACE_OUTER_BOUND('',#507,.T.);
#326=FACE_OUTER_BOUND('',#508,.T.);
#327=FACE_OUTER_BOUND('',#509,.T.);
#328=FACE_OUTER_BOUND('',#510,.T.);
#329=FACE_OUTER_BOUND('',#511,.T.);
#330=FACE_OUTER_BOUND('',#512,.T.);
#331=FACE_OUTER_BOUND('',#513,.T.);
#332=FACE_OUTER_BOUND('',#514,.T.);
#333=FACE_OUTER_BOUND('',#515,.T.);
#334=FACE_OUTER_BOUND('',#516,.T.);
#335=FACE_OUTER_BOUND('',#517,.T.);
#336=FACE_OUTER_BOUND('',#518,.T.);
#337=FACE_OUTER_BOUND('',#519,.T.);
#338=FACE_OUTER_BOUND('',#520,.T.);
#339=FACE_OUTER_BOUND('',#521,.T.);
#340=FACE_OUTER_BOUND('',#522,.T.);
#341=FACE_OUTER_BOUND('',#523,.T.);
#342=FACE_OUTER_BOUND('',#524,.T.);
#343=FACE_OUTER_BOUND('',#525,.T.);
#344=FACE_OUTER_BOUND('',#526,.T.);
#345=FACE_OUTER_BOUND('',#527,.T.);
#346=FACE_OUTER_BOUND('',#528,.T.);
#347=FACE_OUTER_BOUND('',#529,.T.);
#348=FACE_OUTER_BOUND('',#530,.T.);
#349=EDGE_LOOP('',(#1811,#1812,#1813,#1814));
#350=EDGE_LOOP('',(#1815,#1816,#1817,#1818));
#351=EDGE_LOOP('',(#1819,#1820,#1821,#1822));
#352=EDGE_LOOP('',(#1823,#1824,#1825,#1826));
#353=EDGE_LOOP('',(#1827,#1828,#1829,#1830));
#354=EDGE_LOOP('',(#1831,#1832,#1833,#1834));
#355=EDGE_LOOP('',(#1835,#1836,#1837,#1838));
#356=EDGE_LOOP('',(#1839,#1840,#1841,#1842));
#357=EDGE_LOOP('',(#1843,#1844,#1845,#1846));
#358=EDGE_LOOP('',(#1847,#1848,#1849,#1850));
#359=EDGE_LOOP('',(#1851,#1852,#1853,#1854));
#360=EDGE_LOOP('',(#1855,#1856,#1857,#1858));
#361=EDGE_LOOP('',(#1859,#1860,#1861,#1862));
#362=EDGE_LOOP('',(#1863,#1864,#1865,#1866));
#363=EDGE_LOOP('',(#1867,#1868,#1869,#1870));
#364=EDGE_LOOP('',(#1871,#1872,#1873,#1874));
#365=EDGE_LOOP('',(#1875,#1876,#1877,#1878));
#366=EDGE_LOOP('',(#1879,#1880,#1881,#1882));
#367=EDGE_LOOP('',(#1883,#1884,#1885,#1886));
#368=EDGE_LOOP('',(#1887,#1888,#1889,#1890));
#369=EDGE_LOOP('',(#1891,#1892,#1893,#1894));
#370=EDGE_LOOP('',(#1895,#1896,#1897,#1898));
#371=EDGE_LOOP('',(#1899,#1900,#1901,#1902));
#372=EDGE_LOOP('',(#1903,#1904,#1905,#1906));
#373=EDGE_LOOP('',(#1907,#1908,#1909,#1910));
#374=EDGE_LOOP('',(#1911,#1912,#1913,#1914));
#375=EDGE_LOOP('',(#1915,#1916,#1917,#1918));
#376=EDGE_LOOP('',(#1919,#1920,#1921,#1922));
#377=EDGE_LOOP('',(#1923,#1924,#1925,#1926));
#378=EDGE_LOOP('',(#1927,#1928,#1929,#1930));
#379=EDGE_LOOP('',(#1931,#1932,#1933,#1934));
#380=EDGE_LOOP('',(#1935,#1936,#1937,#1938));
#381=EDGE_LOOP('',(#1939,#1940,#1941,#1942));
#382=EDGE_LOOP('',(#1943,#1944,#1945,#1946));
#383=EDGE_LOOP('',(#1947,#1948,#1949,#1950));
#384=EDGE_LOOP('',(#1951,#1952,#1953,#1954));
#385=EDGE_LOOP('',(#1955,#1956,#1957,#1958));
#386=EDGE_LOOP('',(#1959,#1960,#1961,#1962));
#387=EDGE_LOOP('',(#1963,#1964,#1965,#1966));
#388=EDGE_LOOP('',(#1967,#1968,#1969,#1970));
#389=EDGE_LOOP('',(#1971,#1972,#1973,#1974));
#390=EDGE_LOOP('',(#1975,#1976,#1977,#1978));
#391=EDGE_LOOP('',(#1979,#1980,#1981,#1982));
#392=EDGE_LOOP('',(#1983,#1984,#1985,#1986));
#393=EDGE_LOOP('',(#1987,#1988,#1989,#1990));
#394=EDGE_LOOP('',(#1991,#1992,#1993,#1994));
#395=EDGE_LOOP('',(#1995,#1996,#1997,#1998));
#396=EDGE_LOOP('',(#1999,#2000,#2001,#2002));
#397=EDGE_LOOP('',(#2003,#2004,#2005,#2006));
#398=EDGE_LOOP('',(#2007,#2008,#2009,#2010));
#399=EDGE_LOOP('',(#2011,#2012,#2013,#2014));
#400=EDGE_LOOP('',(#2015,#2016,#2017,#2018));
#401=EDGE_LOOP('',(#2019,#2020,#2021,#2022));
#402=EDGE_LOOP('',(#2023,#2024,#2025,#2026));
#403=EDGE_LOOP('',(#2027,#2028,#2029,#2030));
#404=EDGE_LOOP('',(#2031,#2032,#2033,#2034));
#405=EDGE_LOOP('',(#2035,#2036,#2037,#2038));
#406=EDGE_LOOP('',(#2039,#2040,#2041,#2042));
#407=EDGE_LOOP('',(#2043,#2044,#2045,#2046));
#408=EDGE_LOOP('',(#2047,#2048,#2049,#2050));
#409=EDGE_LOOP('',(#2051,#2052,#2053,#2054));
#410=EDGE_LOOP('',(#2055,#2056,#2057,#2058));
#411=EDGE_LOOP('',(#2059,#2060,#2061,#2062));
#412=EDGE_LOOP('',(#2063,#2064,#2065,#2066));
#413=EDGE_LOOP('',(#2067,#2068,#2069,#2070));
#414=EDGE_LOOP('',(#2071,#2072,#2073,#2074));
#415=EDGE_LOOP('',(#2075,#2076,#2077,#2078));
#416=EDGE_LOOP('',(#2079,#2080,#2081,#2082));
#417=EDGE_LOOP('',(#2083,#2084,#2085,#2086));
#418=EDGE_LOOP('',(#2087,#2088,#2089,#2090));
#419=EDGE_LOOP('',(#2091,#2092,#2093,#2094));
#420=EDGE_LOOP('',(#2095,#2096,#2097,#2098));
#421=EDGE_LOOP('',(#2099,#2100,#2101,#2102));
#422=EDGE_LOOP('',(#2103,#2104,#2105,#2106));
#423=EDGE_LOOP('',(#2107,#2108,#2109,#2110));
#424=EDGE_LOOP('',(#2111,#2112,#2113,#2114));
#425=EDGE_LOOP('',(#2115,#2116,#2117,#2118));
#426=EDGE_LOOP('',(#2119,#2120,#2121,#2122));
#427=EDGE_LOOP('',(#2123,#2124,#2125,#2126));
#428=EDGE_LOOP('',(#2127,#2128,#2129,#2130));
#429=EDGE_LOOP('',(#2131,#2132,#2133,#2134));
#430=EDGE_LOOP('',(#2135,#2136,#2137,#2138));
#431=EDGE_LOOP('',(#2139,#2140,#2141,#2142));
#432=EDGE_LOOP('',(#2143,#2144,#2145,#2146));
#433=EDGE_LOOP('',(#2147,#2148,#2149,#2150));
#434=EDGE_LOOP('',(#2151,#2152,#2153,#2154));
#435=EDGE_LOOP('',(#2155,#2156,#2157,#2158));
#436=EDGE_LOOP('',(#2159,#2160,#2161,#2162));
#437=EDGE_LOOP('',(#2163,#2164,#2165,#2166));
#438=EDGE_LOOP('',(#2167,#2168,#2169,#2170));
#439=EDGE_LOOP('',(#2171,#2172,#2173,#2174));
#440=EDGE_LOOP('',(#2175,#2176,#2177,#2178));
#441=EDGE_LOOP('',(#2179,#2180,#2181,#2182));
#442=EDGE_LOOP('',(#2183,#2184,#2185,#2186));
#443=EDGE_LOOP('',(#2187,#2188,#2189,#2190));
#444=EDGE_LOOP('',(#2191,#2192,#2193,#2194));
#445=EDGE_LOOP('',(#2195,#2196,#2197,#2198));
#446=EDGE_LOOP('',(#2199,#2200,#2201,#2202));
#447=EDGE_LOOP('',(#2203,#2204,#2205,#2206));
#448=EDGE_LOOP('',(#2207,#2208,#2209,#2210));
#449=EDGE_LOOP('',(#2211,#2212,#2213,#2214));
#450=EDGE_LOOP('',(#2215,#2216,#2217,#2218));
#451=EDGE_LOOP('',(#2219,#2220,#2221,#2222));
#452=EDGE_LOOP('',(#2223,#2224,#2225,#2226));
#453=EDGE_LOOP('',(#2227,#2228,#2229,#2230));
#454=EDGE_LOOP('',(#2231,#2232,#2233,#2234));
#455=EDGE_LOOP('',(#2235,#2236,#2237,#2238));
#456=EDGE_LOOP('',(#2239,#2240,#2241,#2242));
#457=EDGE_LOOP('',(#2243,#2244,#2245,#2246));
#458=EDGE_LOOP('',(#2247,#2248,#2249,#2250));
#459=EDGE_LOOP('',(#2251,#2252,#2253,#2254));
#460=EDGE_LOOP('',(#2255,#2256,#2257,#2258));
#461=EDGE_LOOP('',(#2259,#2260,#2261,#2262,#2263,#2264,#2265,#2266));
#462=EDGE_LOOP('',(#2267,#2268,#2269,#2270));
#463=EDGE_LOOP('',(#2271,#2272,#2273,#2274));
#464=EDGE_LOOP('',(#2275,#2276,#2277,#2278));
#465=EDGE_LOOP('',(#2279,#2280,#2281,#2282));
#466=EDGE_LOOP('',(#2283,#2284,#2285,#2286));
#467=EDGE_LOOP('',(#2287,#2288,#2289,#2290));
#468=EDGE_LOOP('',(#2291,#2292,#2293,#2294));
#469=EDGE_LOOP('',(#2295,#2296,#2297,#2298));
#470=EDGE_LOOP('',(#2299,#2300,#2301,#2302));
#471=EDGE_LOOP('',(#2303,#2304,#2305,#2306));
#472=EDGE_LOOP('',(#2307,#2308,#2309,#2310));
#473=EDGE_LOOP('',(#2311,#2312,#2313,#2314));
#474=EDGE_LOOP('',(#2315,#2316,#2317,#2318));
#475=EDGE_LOOP('',(#2319,#2320,#2321,#2322));
#476=EDGE_LOOP('',(#2323,#2324,#2325,#2326));
#477=EDGE_LOOP('',(#2327,#2328,#2329,#2330));
#478=EDGE_LOOP('',(#2331,#2332,#2333,#2334));
#479=EDGE_LOOP('',(#2335,#2336,#2337,#2338));
#480=EDGE_LOOP('',(#2339,#2340,#2341,#2342));
#481=EDGE_LOOP('',(#2343,#2344,#2345,#2346));
#482=EDGE_LOOP('',(#2347,#2348,#2349,#2350));
#483=EDGE_LOOP('',(#2351,#2352,#2353,#2354));
#484=EDGE_LOOP('',(#2355,#2356,#2357,#2358));
#485=EDGE_LOOP('',(#2359,#2360,#2361,#2362));
#486=EDGE_LOOP('',(#2363,#2364,#2365,#2366));
#487=EDGE_LOOP('',(#2367,#2368,#2369,#2370));
#488=EDGE_LOOP('',(#2371,#2372,#2373,#2374));
#489=EDGE_LOOP('',(#2375,#2376,#2377,#2378));
#490=EDGE_LOOP('',(#2379,#2380,#2381,#2382));
#491=EDGE_LOOP('',(#2383,#2384,#2385,#2386));
#492=EDGE_LOOP('',(#2387,#2388,#2389,#2390));
#493=EDGE_LOOP('',(#2391,#2392,#2393,#2394));
#494=EDGE_LOOP('',(#2395,#2396,#2397,#2398));
#495=EDGE_LOOP('',(#2399,#2400,#2401,#2402));
#496=EDGE_LOOP('',(#2403,#2404,#2405,#2406));
#497=EDGE_LOOP('',(#2407,#2408,#2409,#2410));
#498=EDGE_LOOP('',(#2411,#2412,#2413,#2414));
#499=EDGE_LOOP('',(#2415,#2416,#2417,#2418));
#500=EDGE_LOOP('',(#2419,#2420,#2421,#2422));
#501=EDGE_LOOP('',(#2423,#2424,#2425,#2426));
#502=EDGE_LOOP('',(#2427,#2428,#2429,#2430));
#503=EDGE_LOOP('',(#2431,#2432,#2433,#2434));
#504=EDGE_LOOP('',(#2435,#2436,#2437,#2438));
#505=EDGE_LOOP('',(#2439,#2440,#2441,#2442));
#506=EDGE_LOOP('',(#2443,#2444,#2445,#2446));
#507=EDGE_LOOP('',(#2447,#2448,#2449,#2450,#2451,#2452,#2453,#2454));
#508=EDGE_LOOP('',(#2455,#2456,#2457,#2458,#2459,#2460));
#509=EDGE_LOOP('',(#2461,#2462,#2463,#2464));
#510=EDGE_LOOP('',(#2465,#2466,#2467,#2468,#2469,#2470,#2471,#2472,#2473,
#2474,#2475,#2476,#2477,#2478,#2479,#2480,#2481,#2482,#2483,#2484,#2485,
#2486,#2487,#2488,#2489,#2490,#2491,#2492,#2493,#2494,#2495,#2496,#2497,
#2498,#2499,#2500,#2501,#2502,#2503,#2504,#2505,#2506,#2507,#2508,#2509,
#2510,#2511,#2512,#2513,#2514,#2515,#2516,#2517,#2518,#2519,#2520,#2521));
#511=EDGE_LOOP('',(#2522,#2523,#2524,#2525,#2526));
#512=EDGE_LOOP('',(#2527,#2528,#2529,#2530));
#513=EDGE_LOOP('',(#2531,#2532,#2533,#2534));
#514=EDGE_LOOP('',(#2535,#2536,#2537,#2538));
#515=EDGE_LOOP('',(#2539,#2540,#2541,#2542));
#516=EDGE_LOOP('',(#2543,#2544,#2545,#2546));
#517=EDGE_LOOP('',(#2547,#2548,#2549,#2550));
#518=EDGE_LOOP('',(#2551,#2552,#2553,#2554));
#519=EDGE_LOOP('',(#2555,#2556,#2557,#2558));
#520=EDGE_LOOP('',(#2559,#2560,#2561,#2562));
#521=EDGE_LOOP('',(#2563,#2564,#2565,#2566));
#522=EDGE_LOOP('',(#2567,#2568,#2569,#2570));
#523=EDGE_LOOP('',(#2571,#2572,#2573,#2574));
#524=EDGE_LOOP('',(#2575,#2576,#2577,#2578));
#525=EDGE_LOOP('',(#2579,#2580,#2581,#2582));
#526=EDGE_LOOP('',(#2583,#2584,#2585,#2586));
#527=EDGE_LOOP('',(#2587,#2588,#2589,#2590,#2591,#2592,#2593,#2594,#2595,
#2596,#2597,#2598,#2599,#2600,#2601,#2602,#2603,#2604,#2605,#2606,#2607,
#2608,#2609,#2610,#2611,#2612,#2613,#2614,#2615,#2616,#2617,#2618,#2619,
#2620,#2621,#2622,#2623,#2624,#2625,#2626,#2627,#2628,#2629,#2630,#2631,
#2632,#2633,#2634,#2635,#2636,#2637,#2638,#2639,#2640,#2641,#2642,#2643));
#528=EDGE_LOOP('',(#2644,#2645,#2646,#2647,#2648,#2649,#2650,#2651,#2652,
#2653,#2654,#2655));
#529=EDGE_LOOP('',(#2656,#2657,#2658,#2659,#2660));
#530=EDGE_LOOP('',(#2661,#2662,#2663,#2664,#2665,#2666));
#531=CIRCLE('',#2942,1.12500000000817);
#532=CIRCLE('',#2943,1.00000000000817);
#533=CIRCLE('',#2945,0.0249999999992131);
#534=CIRCLE('',#2946,0.149999999999212);
#535=CIRCLE('',#2949,0.0250000000063375);
#536=CIRCLE('',#2950,0.150000000006337);
#537=CIRCLE('',#2952,1.1250000000087);
#538=CIRCLE('',#2953,1.00000000000871);
#539=CIRCLE('',#2955,0.680000000001585);
#540=CIRCLE('',#2956,0.555000000001585);
#541=CIRCLE('',#2958,1.12500000000817);
#542=CIRCLE('',#2959,1.00000000000817);
#543=CIRCLE('',#2961,0.0249999999992133);
#544=CIRCLE('',#2962,0.149999999999212);
#545=CIRCLE('',#2965,0.0250000000063388);
#546=CIRCLE('',#2966,0.150000000006338);
#547=CIRCLE('',#2968,1.12500000000871);
#548=CIRCLE('',#2969,1.00000000000871);
#549=CIRCLE('',#2971,0.680000000001585);
#550=CIRCLE('',#2972,0.555000000001585);
#551=CIRCLE('',#2974,1.12500000000817);
#552=CIRCLE('',#2975,1.00000000000817);
#553=CIRCLE('',#2977,0.0249999999992118);
#554=CIRCLE('',#2978,0.149999999999213);
#555=CIRCLE('',#2981,0.0250000000063389);
#556=CIRCLE('',#2982,0.15000000000634);
#557=CIRCLE('',#2984,1.1250000000087);
#558=CIRCLE('',#2985,1.00000000000871);
#559=CIRCLE('',#2987,0.680000000001585);
#560=CIRCLE('',#2988,0.555000000001585);
#561=CIRCLE('',#2990,1.12500000000817);
#562=CIRCLE('',#2991,1.00000000000817);
#563=CIRCLE('',#2993,0.0249999999992114);
#564=CIRCLE('',#2994,0.149999999999211);
#565=CIRCLE('',#2997,0.0250000000063414);
#566=CIRCLE('',#2998,0.150000000006342);
#567=CIRCLE('',#3000,1.12500000000871);
#568=CIRCLE('',#3001,1.00000000000871);
#569=CIRCLE('',#3003,0.680000000001587);
#570=CIRCLE('',#3004,0.555000000001587);
#571=CIRCLE('',#3006,1.12500000000817);
#572=CIRCLE('',#3007,1.00000000000817);
#573=CIRCLE('',#3009,0.0249999999992157);
#574=CIRCLE('',#3010,0.149999999999216);
#575=CIRCLE('',#3013,0.0250000000063435);
#576=CIRCLE('',#3014,0.150000000006344);
#577=CIRCLE('',#3016,1.12500000000871);
#578=CIRCLE('',#3017,1.00000000000871);
#579=CIRCLE('',#3019,0.680000000001587);
#580=CIRCLE('',#3020,0.555000000001587);
#581=CIRCLE('',#3022,1.12500000000817);
#582=CIRCLE('',#3023,1.00000000000817);
#583=CIRCLE('',#3025,0.0249999999992144);
#584=CIRCLE('',#3026,0.149999999999214);
#585=CIRCLE('',#3029,0.0250000000063413);
#586=CIRCLE('',#3030,0.150000000006342);
#587=CIRCLE('',#3032,1.12500000000871);
#588=CIRCLE('',#3033,1.00000000000871);
#589=CIRCLE('',#3035,0.680000000001587);
#590=CIRCLE('',#3036,0.555000000001587);
#591=CIRCLE('',#3038,1.12500000000818);
#592=CIRCLE('',#3039,1.00000000000818);
#593=CIRCLE('',#3041,0.0249999999992135);
#594=CIRCLE('',#3042,0.149999999999213);
#595=CIRCLE('',#3045,0.0250000000063418);
#596=CIRCLE('',#3046,0.150000000006342);
#597=CIRCLE('',#3048,1.12500000000871);
#598=CIRCLE('',#3049,1.00000000000871);
#599=CIRCLE('',#3051,0.680000000001587);
#600=CIRCLE('',#3052,0.555000000001587);
#601=CIRCLE('',#3054,1.12500000000818);
#602=CIRCLE('',#3055,1.00000000000818);
#603=CIRCLE('',#3057,0.0249999999992129);
#604=CIRCLE('',#3058,0.149999999999213);
#605=CIRCLE('',#3061,0.0250000000063417);
#606=CIRCLE('',#3062,0.150000000006342);
#607=CIRCLE('',#3064,1.12500000000871);
#608=CIRCLE('',#3065,1.00000000000871);
#609=CIRCLE('',#3068,1.12500000000871);
#610=CIRCLE('',#3069,1.00000000000871);
#611=CIRCLE('',#3071,0.0250000000063417);
#612=CIRCLE('',#3072,0.150000000006342);
#613=CIRCLE('',#3075,0.0249999999992129);
#614=CIRCLE('',#3076,0.149999999999213);
#615=CIRCLE('',#3078,1.12500000000818);
#616=CIRCLE('',#3079,1.00000000000818);
#617=CIRCLE('',#3081,0.680000000001587);
#618=CIRCLE('',#3082,0.555000000001587);
#619=CIRCLE('',#3084,1.12500000000871);
#620=CIRCLE('',#3085,1.00000000000871);
#621=CIRCLE('',#3087,0.0250000000063418);
#622=CIRCLE('',#3088,0.150000000006342);
#623=CIRCLE('',#3091,0.0249999999992135);
#624=CIRCLE('',#3092,0.149999999999213);
#625=CIRCLE('',#3094,1.12500000000818);
#626=CIRCLE('',#3095,1.00000000000818);
#627=CIRCLE('',#3097,0.680000000001587);
#628=CIRCLE('',#3098,0.555000000001587);
#629=CIRCLE('',#3100,1.12500000000871);
#630=CIRCLE('',#3101,1.00000000000871);
#631=CIRCLE('',#3103,0.0250000000063413);
#632=CIRCLE('',#3104,0.150000000006342);
#633=CIRCLE('',#3107,0.0249999999992144);
#634=CIRCLE('',#3108,0.149999999999214);
#635=CIRCLE('',#3110,1.12500000000817);
#636=CIRCLE('',#3111,1.00000000000817);
#637=CIRCLE('',#3113,0.680000000001587);
#638=CIRCLE('',#3114,0.555000000001587);
#639=CIRCLE('',#3116,1.12500000000871);
#640=CIRCLE('',#3117,1.00000000000871);
#641=CIRCLE('',#3119,0.0250000000063435);
#642=CIRCLE('',#3120,0.150000000006344);
#643=CIRCLE('',#3123,0.0249999999992157);
#644=CIRCLE('',#3124,0.149999999999216);
#645=CIRCLE('',#3126,1.12500000000817);
#646=CIRCLE('',#3127,1.00000000000817);
#647=CIRCLE('',#3129,0.680000000001587);
#648=CIRCLE('',#3130,0.555000000001587);
#649=CIRCLE('',#3132,1.12500000000871);
#650=CIRCLE('',#3133,1.00000000000871);
#651=CIRCLE('',#3135,0.0250000000063414);
#652=CIRCLE('',#3136,0.150000000006342);
#653=CIRCLE('',#3139,0.0249999999992114);
#654=CIRCLE('',#3140,0.149999999999211);
#655=CIRCLE('',#3142,1.12500000000817);
#656=CIRCLE('',#3143,1.00000000000817);
#657=CIRCLE('',#3145,0.680000000001585);
#658=CIRCLE('',#3146,0.555000000001585);
#659=CIRCLE('',#3148,1.1250000000087);
#660=CIRCLE('',#3149,1.00000000000871);
#661=CIRCLE('',#3151,0.0250000000063389);
#662=CIRCLE('',#3152,0.15000000000634);
#663=CIRCLE('',#3155,0.0249999999992118);
#664=CIRCLE('',#3156,0.149999999999213);
#665=CIRCLE('',#3158,1.12500000000817);
#666=CIRCLE('',#3159,1.00000000000817);
#667=CIRCLE('',#3161,0.680000000001585);
#668=CIRCLE('',#3162,0.555000000001585);
#669=CIRCLE('',#3164,1.12500000000871);
#670=CIRCLE('',#3165,1.00000000000871);
#671=CIRCLE('',#3167,0.0250000000063388);
#672=CIRCLE('',#3168,0.150000000006338);
#673=CIRCLE('',#3171,0.0249999999992133);
#674=CIRCLE('',#3172,0.149999999999212);
#675=CIRCLE('',#3174,1.12500000000817);
#676=CIRCLE('',#3175,1.00000000000817);
#677=CIRCLE('',#3177,0.680000000001585);
#678=CIRCLE('',#3178,0.555000000001585);
#679=CIRCLE('',#3180,1.1250000000087);
#680=CIRCLE('',#3181,1.00000000000871);
#681=CIRCLE('',#3183,0.0250000000063375);
#682=CIRCLE('',#3184,0.150000000006337);
#683=CIRCLE('',#3187,0.0249999999992131);
#684=CIRCLE('',#3188,0.149999999999212);
#685=CIRCLE('',#3190,1.12500000000817);
#686=CIRCLE('',#3191,1.00000000000817);
#687=LINE('',#4113,#911);
#688=LINE('',#4117,#912);
#689=LINE('',#4123,#913);
#690=LINE('',#4127,#914);
#691=LINE('',#4129,#915);
#692=LINE('',#4130,#916);
#693=LINE('',#4135,#917);
#694=LINE('',#4141,#918);
#695=LINE('',#4147,#919);
#696=LINE('',#4153,#920);
#697=LINE('',#4159,#921);
#698=LINE('',#4163,#922);
#699=LINE('',#4165,#923);
#700=LINE('',#4166,#924);
#701=LINE('',#4171,#925);
#702=LINE('',#4177,#926);
#703=LINE('',#4183,#927);
#704=LINE('',#4189,#928);
#705=LINE('',#4195,#929);
#706=LINE('',#4199,#930);
#707=LINE('',#4201,#931);
#708=LINE('',#4202,#932);
#709=LINE('',#4207,#933);
#710=LINE('',#4213,#934);
#711=LINE('',#4219,#935);
#712=LINE('',#4225,#936);
#713=LINE('',#4231,#937);
#714=LINE('',#4235,#938);
#715=LINE('',#4237,#939);
#716=LINE('',#4238,#940);
#717=LINE('',#4243,#941);
#718=LINE('',#4249,#942);
#719=LINE('',#4255,#943);
#720=LINE('',#4261,#944);
#721=LINE('',#4267,#945);
#722=LINE('',#4271,#946);
#723=LINE('',#4273,#947);
#724=LINE('',#4274,#948);
#725=LINE('',#4279,#949);
#726=LINE('',#4285,#950);
#727=LINE('',#4291,#951);
#728=LINE('',#4297,#952);
#729=LINE('',#4303,#953);
#730=LINE('',#4307,#954);
#731=LINE('',#4309,#955);
#732=LINE('',#4310,#956);
#733=LINE('',#4315,#957);
#734=LINE('',#4321,#958);
#735=LINE('',#4327,#959);
#736=LINE('',#4333,#960);
#737=LINE('',#4339,#961);
#738=LINE('',#4343,#962);
#739=LINE('',#4345,#963);
#740=LINE('',#4346,#964);
#741=LINE('',#4351,#965);
#742=LINE('',#4357,#966);
#743=LINE('',#4363,#967);
#744=LINE('',#4369,#968);
#745=LINE('',#4375,#969);
#746=LINE('',#4379,#970);
#747=LINE('',#4381,#971);
#748=LINE('',#4382,#972);
#749=LINE('',#4387,#973);
#750=LINE('',#4393,#974);
#751=LINE('',#4413,#975);
#752=LINE('',#4452,#976);
#753=LINE('',#4462,#977);
#754=LINE('',#4472,#978);
#755=LINE('',#4474,#979);
#756=LINE('',#4475,#980);
#757=LINE('',#4506,#981);
#758=LINE('',#4539,#982);
#759=LINE('',#4551,#983);
#760=LINE('',#4555,#984);
#761=LINE('',#4561,#985);
#762=LINE('',#4565,#986);
#763=LINE('',#4567,#987);
#764=LINE('',#4568,#988);
#765=LINE('',#4573,#989);
#766=LINE('',#4579,#990);
#767=LINE('',#4585,#991);
#768=LINE('',#4591,#992);
#769=LINE('',#4597,#993);
#770=LINE('',#4601,#994);
#771=LINE('',#4603,#995);
#772=LINE('',#4604,#996);
#773=LINE('',#4609,#997);
#774=LINE('',#4615,#998);
#775=LINE('',#4621,#999);
#776=LINE('',#4627,#1000);
#777=LINE('',#4633,#1001);
#778=LINE('',#4637,#1002);
#779=LINE('',#4639,#1003);
#780=LINE('',#4640,#1004);
#781=LINE('',#4645,#1005);
#782=LINE('',#4651,#1006);
#783=LINE('',#4657,#1007);
#784=LINE('',#4663,#1008);
#785=LINE('',#4669,#1009);
#786=LINE('',#4673,#1010);
#787=LINE('',#4675,#1011);
#788=LINE('',#4676,#1012);
#789=LINE('',#4681,#1013);
#790=LINE('',#4687,#1014);
#791=LINE('',#4693,#1015);
#792=LINE('',#4699,#1016);
#793=LINE('',#4705,#1017);
#794=LINE('',#4709,#1018);
#795=LINE('',#4711,#1019);
#796=LINE('',#4712,#1020);
#797=LINE('',#4717,#1021);
#798=LINE('',#4723,#1022);
#799=LINE('',#4729,#1023);
#800=LINE('',#4735,#1024);
#801=LINE('',#4741,#1025);
#802=LINE('',#4745,#1026);
#803=LINE('',#4747,#1027);
#804=LINE('',#4748,#1028);
#805=LINE('',#4753,#1029);
#806=LINE('',#4759,#1030);
#807=LINE('',#4765,#1031);
#808=LINE('',#4771,#1032);
#809=LINE('',#4777,#1033);
#810=LINE('',#4781,#1034);
#811=LINE('',#4783,#1035);
#812=LINE('',#4784,#1036);
#813=LINE('',#4789,#1037);
#814=LINE('',#4795,#1038);
#815=LINE('',#4801,#1039);
#816=LINE('',#4807,#1040);
#817=LINE('',#4813,#1041);
#818=LINE('',#4817,#1042);
#819=LINE('',#4819,#1043);
#820=LINE('',#4820,#1044);
#821=LINE('',#4825,#1045);
#822=LINE('',#4831,#1046);
#823=LINE('',#4851,#1047);
#824=LINE('',#4863,#1048);
#825=LINE('',#4865,#1049);
#826=LINE('',#4867,#1050);
#827=LINE('',#4868,#1051);
#828=LINE('',#4899,#1052);
#829=LINE('',#4944,#1053);
#830=LINE('',#4977,#1054);
#831=LINE('',#5028,#1055);
#832=LINE('',#5079,#1056);
#833=LINE('',#5130,#1057);
#834=LINE('',#5157,#1058);
#835=LINE('',#5191,#1059);
#836=LINE('',#5192,#1060);
#837=LINE('',#5194,#1061);
#838=LINE('',#5196,#1062);
#839=LINE('',#5198,#1063);
#840=LINE('',#5200,#1064);
#841=LINE('',#5202,#1065);
#842=LINE('',#5204,#1066);
#843=LINE('',#5206,#1067);
#844=LINE('',#5208,#1068);
#845=LINE('',#5210,#1069);
#846=LINE('',#5212,#1070);
#847=LINE('',#5214,#1071);
#848=LINE('',#5216,#1072);
#849=LINE('',#5218,#1073);
#850=LINE('',#5220,#1074);
#851=LINE('',#5222,#1075);
#852=LINE('',#5224,#1076);
#853=LINE('',#5226,#1077);
#854=LINE('',#5228,#1078);
#855=LINE('',#5230,#1079);
#856=LINE('',#5232,#1080);
#857=LINE('',#5234,#1081);
#858=LINE('',#5236,#1082);
#859=LINE('',#5238,#1083);
#860=LINE('',#5240,#1084);
#861=LINE('',#5242,#1085);
#862=LINE('',#5244,#1086);
#863=LINE('',#5246,#1087);
#864=LINE('',#5248,#1088);
#865=LINE('',#5250,#1089);
#866=LINE('',#5252,#1090);
#867=LINE('',#5254,#1091);
#868=LINE('',#5256,#1092);
#869=LINE('',#5258,#1093);
#870=LINE('',#5260,#1094);
#871=LINE('',#5262,#1095);
#872=LINE('',#5264,#1096);
#873=LINE('',#5266,#1097);
#874=LINE('',#5268,#1098);
#875=LINE('',#5270,#1099);
#876=LINE('',#5272,#1100);
#877=LINE('',#5274,#1101);
#878=LINE('',#5276,#1102);
#879=LINE('',#5278,#1103);
#880=LINE('',#5280,#1104);
#881=LINE('',#5282,#1105);
#882=LINE('',#5284,#1106);
#883=LINE('',#5288,#1107);
#884=LINE('',#5295,#1108);
#885=LINE('',#5298,#1109);
#886=LINE('',#5300,#1110);
#887=LINE('',#5307,#1111);
#888=LINE('',#5320,#1112);
#889=LINE('',#5321,#1113);
#890=LINE('',#5324,#1114);
#891=LINE('',#5326,#1115);
#892=LINE('',#5327,#1116);
#893=LINE('',#5349,#1117);
#894=LINE('',#5382,#1118);
#895=LINE('',#5390,#1119);
#896=LINE('',#5392,#1120);
#897=LINE('',#5393,#1121);
#898=LINE('',#5435,#1122);
#899=LINE('',#5442,#1123);
#900=LINE('',#5445,#1124);
#901=LINE('',#5447,#1125);
#902=LINE('',#5448,#1126);
#903=LINE('',#5471,#1127);
#904=LINE('',#5505,#1128);
#905=LINE('',#5507,#1129);
#906=LINE('',#5509,#1130);
#907=LINE('',#5510,#1131);
#908=LINE('',#5560,#1132);
#909=LINE('',#5562,#1133);
#910=LINE('',#5564,#1134);
#911=VECTOR('',#3259,10.);
#912=VECTOR('',#3262,10.);
#913=VECTOR('',#3269,10.);
#914=VECTOR('',#3274,10.);
#915=VECTOR('',#3275,10.);
#916=VECTOR('',#3276,10.);
#917=VECTOR('',#3281,10.);
#918=VECTOR('',#3288,10.);
#919=VECTOR('',#3295,10.);
#920=VECTOR('',#3302,10.);
#921=VECTOR('',#3309,10.);
#922=VECTOR('',#3314,10.);
#923=VECTOR('',#3315,10.);
#924=VECTOR('',#3316,10.);
#925=VECTOR('',#3321,10.);
#926=VECTOR('',#3328,10.);
#927=VECTOR('',#3335,10.);
#928=VECTOR('',#3342,10.);
#929=VECTOR('',#3349,10.);
#930=VECTOR('',#3354,10.);
#931=VECTOR('',#3355,10.);
#932=VECTOR('',#3356,10.);
#933=VECTOR('',#3361,10.);
#934=VECTOR('',#3368,10.);
#935=VECTOR('',#3375,10.);
#936=VECTOR('',#3382,10.);
#937=VECTOR('',#3389,10.);
#938=VECTOR('',#3394,10.);
#939=VECTOR('',#3395,10.);
#940=VECTOR('',#3396,10.);
#941=VECTOR('',#3401,10.);
#942=VECTOR('',#3408,10.);
#943=VECTOR('',#3415,10.);
#944=VECTOR('',#3422,10.);
#945=VECTOR('',#3429,10.);
#946=VECTOR('',#3434,10.);
#947=VECTOR('',#3435,10.);
#948=VECTOR('',#3436,10.);
#949=VECTOR('',#3441,10.);
#950=VECTOR('',#3448,10.);
#951=VECTOR('',#3455,10.);
#952=VECTOR('',#3462,10.);
#953=VECTOR('',#3469,10.);
#954=VECTOR('',#3474,10.);
#955=VECTOR('',#3475,10.);
#956=VECTOR('',#3476,10.);
#957=VECTOR('',#3481,10.);
#958=VECTOR('',#3488,10.);
#959=VECTOR('',#3495,10.);
#960=VECTOR('',#3502,10.);
#961=VECTOR('',#3509,10.);
#962=VECTOR('',#3514,10.);
#963=VECTOR('',#3515,10.);
#964=VECTOR('',#3516,10.);
#965=VECTOR('',#3521,10.);
#966=VECTOR('',#3528,10.);
#967=VECTOR('',#3535,10.);
#968=VECTOR('',#3542,10.);
#969=VECTOR('',#3549,10.);
#970=VECTOR('',#3554,10.);
#971=VECTOR('',#3555,10.);
#972=VECTOR('',#3556,10.);
#973=VECTOR('',#3561,10.);
#974=VECTOR('',#3568,10.);
#975=VECTOR('',#3571,10.);
#976=VECTOR('',#3572,10.);
#977=VECTOR('',#3573,10.);
#978=VECTOR('',#3576,10.);
#979=VECTOR('',#3577,10.);
#980=VECTOR('',#3578,10.);
#981=VECTOR('',#3579,10.);
#982=VECTOR('',#3580,10.);
#983=VECTOR('',#3583,10.);
#984=VECTOR('',#3586,10.);
#985=VECTOR('',#3593,10.);
#986=VECTOR('',#3598,10.);
#987=VECTOR('',#3599,10.);
#988=VECTOR('',#3600,10.);
#989=VECTOR('',#3605,10.);
#990=VECTOR('',#3612,10.);
#991=VECTOR('',#3619,10.);
#992=VECTOR('',#3626,10.);
#993=VECTOR('',#3633,10.);
#994=VECTOR('',#3638,10.);
#995=VECTOR('',#3639,10.);
#996=VECTOR('',#3640,10.);
#997=VECTOR('',#3645,10.);
#998=VECTOR('',#3652,10.);
#999=VECTOR('',#3659,10.);
#1000=VECTOR('',#3666,10.);
#1001=VECTOR('',#3673,10.);
#1002=VECTOR('',#3678,10.);
#1003=VECTOR('',#3679,10.);
#1004=VECTOR('',#3680,10.);
#1005=VECTOR('',#3685,10.);
#1006=VECTOR('',#3692,10.);
#1007=VECTOR('',#3699,10.);
#1008=VECTOR('',#3706,10.);
#1009=VECTOR('',#3713,10.);
#1010=VECTOR('',#3718,10.);
#1011=VECTOR('',#3719,10.);
#1012=VECTOR('',#3720,10.);
#1013=VECTOR('',#3725,10.);
#1014=VECTOR('',#3732,10.);
#1015=VECTOR('',#3739,10.);
#1016=VECTOR('',#3746,10.);
#1017=VECTOR('',#3753,10.);
#1018=VECTOR('',#3758,10.);
#1019=VECTOR('',#3759,10.);
#1020=VECTOR('',#3760,10.);
#1021=VECTOR('',#3765,10.);
#1022=VECTOR('',#3772,10.);
#1023=VECTOR('',#3779,10.);
#1024=VECTOR('',#3786,10.);
#1025=VECTOR('',#3793,10.);
#1026=VECTOR('',#3798,10.);
#1027=VECTOR('',#3799,10.);
#1028=VECTOR('',#3800,10.);
#1029=VECTOR('',#3805,10.);
#1030=VECTOR('',#3812,10.);
#1031=VECTOR('',#3819,10.);
#1032=VECTOR('',#3826,10.);
#1033=VECTOR('',#3833,10.);
#1034=VECTOR('',#3838,10.);
#1035=VECTOR('',#3839,10.);
#1036=VECTOR('',#3840,10.);
#1037=VECTOR('',#3845,10.);
#1038=VECTOR('',#3852,10.);
#1039=VECTOR('',#3859,10.);
#1040=VECTOR('',#3866,10.);
#1041=VECTOR('',#3873,10.);
#1042=VECTOR('',#3878,10.);
#1043=VECTOR('',#3879,10.);
#1044=VECTOR('',#3880,10.);
#1045=VECTOR('',#3885,10.);
#1046=VECTOR('',#3892,10.);
#1047=VECTOR('',#3895,10.);
#1048=VECTOR('',#3898,10.);
#1049=VECTOR('',#3899,10.);
#1050=VECTOR('',#3900,10.);
#1051=VECTOR('',#3901,10.);
#1052=VECTOR('',#3902,10.);
#1053=VECTOR('',#3903,10.);
#1054=VECTOR('',#3904,10.);
#1055=VECTOR('',#3905,10.);
#1056=VECTOR('',#3906,10.);
#1057=VECTOR('',#3907,10.);
#1058=VECTOR('',#3908,10.);
#1059=VECTOR('',#3911,10.);
#1060=VECTOR('',#3912,10.);
#1061=VECTOR('',#3915,10.);
#1062=VECTOR('',#3918,10.);
#1063=VECTOR('',#3921,10.);
#1064=VECTOR('',#3924,10.);
#1065=VECTOR('',#3927,10.);
#1066=VECTOR('',#3930,10.);
#1067=VECTOR('',#3933,10.);
#1068=VECTOR('',#3936,10.);
#1069=VECTOR('',#3939,10.);
#1070=VECTOR('',#3942,10.);
#1071=VECTOR('',#3945,10.);
#1072=VECTOR('',#3948,10.);
#1073=VECTOR('',#3951,10.);
#1074=VECTOR('',#3954,10.);
#1075=VECTOR('',#3957,10.);
#1076=VECTOR('',#3960,10.);
#1077=VECTOR('',#3963,10.);
#1078=VECTOR('',#3966,10.);
#1079=VECTOR('',#3969,10.);
#1080=VECTOR('',#3972,10.);
#1081=VECTOR('',#3975,10.);
#1082=VECTOR('',#3978,10.);
#1083=VECTOR('',#3981,10.);
#1084=VECTOR('',#3984,10.);
#1085=VECTOR('',#3987,10.);
#1086=VECTOR('',#3990,10.);
#1087=VECTOR('',#3993,10.);
#1088=VECTOR('',#3996,10.);
#1089=VECTOR('',#3999,10.);
#1090=VECTOR('',#4002,10.);
#1091=VECTOR('',#4005,10.);
#1092=VECTOR('',#4008,10.);
#1093=VECTOR('',#4011,10.);
#1094=VECTOR('',#4014,10.);
#1095=VECTOR('',#4017,10.);
#1096=VECTOR('',#4020,10.);
#1097=VECTOR('',#4023,10.);
#1098=VECTOR('',#4026,10.);
#1099=VECTOR('',#4029,10.);
#1100=VECTOR('',#4032,10.);
#1101=VECTOR('',#4035,10.);
#1102=VECTOR('',#4038,10.);
#1103=VECTOR('',#4041,10.);
#1104=VECTOR('',#4044,10.);
#1105=VECTOR('',#4047,10.);
#1106=VECTOR('',#4050,10.);
#1107=VECTOR('',#4055,10.);
#1108=VECTOR('',#4056,10.);
#1109=VECTOR('',#4059,10.);
#1110=VECTOR('',#4060,10.);
#1111=VECTOR('',#4063,10.);
#1112=VECTOR('',#4066,10.);
#1113=VECTOR('',#4067,10.);
#1114=VECTOR('',#4070,10.);
#1115=VECTOR('',#4071,10.);
#1116=VECTOR('',#4072,10.);
#1117=VECTOR('',#4073,10.);
#1118=VECTOR('',#4074,10.);
#1119=VECTOR('',#4077,10.);
#1120=VECTOR('',#4078,10.);
#1121=VECTOR('',#4079,10.);
#1122=VECTOR('',#4080,10.);
#1123=VECTOR('',#4081,10.);
#1124=VECTOR('',#4084,10.);
#1125=VECTOR('',#4085,10.);
#1126=VECTOR('',#4086,10.);
#1127=VECTOR('',#4087,10.);
#1128=VECTOR('',#4090,10.);
#1129=VECTOR('',#4091,10.);
#1130=VECTOR('',#4092,10.);
#1131=VECTOR('',#4093,10.);
#1132=VECTOR('',#4096,10.);
#1133=VECTOR('',#4099,10.);
#1134=VECTOR('',#4102,10.);
#1135=VERTEX_POINT('',#4111);
#1136=VERTEX_POINT('',#4112);
#1137=VERTEX_POINT('',#4114);
#1138=VERTEX_POINT('',#4116);
#1139=VERTEX_POINT('',#4120);
#1140=VERTEX_POINT('',#4122);
#1141=VERTEX_POINT('',#4126);
#1142=VERTEX_POINT('',#4128);
#1143=VERTEX_POINT('',#4132);
#1144=VERTEX_POINT('',#4134);
#1145=VERTEX_POINT('',#4138);
#1146=VERTEX_POINT('',#4140);
#1147=VERTEX_POINT('',#4144);
#1148=VERTEX_POINT('',#4146);
#1149=VERTEX_POINT('',#4150);
#1150=VERTEX_POINT('',#4152);
#1151=VERTEX_POINT('',#4156);
#1152=VERTEX_POINT('',#4158);
#1153=VERTEX_POINT('',#4162);
#1154=VERTEX_POINT('',#4164);
#1155=VERTEX_POINT('',#4168);
#1156=VERTEX_POINT('',#4170);
#1157=VERTEX_POINT('',#4174);
#1158=VERTEX_POINT('',#4176);
#1159=VERTEX_POINT('',#4180);
#1160=VERTEX_POINT('',#4182);
#1161=VERTEX_POINT('',#4186);
#1162=VERTEX_POINT('',#4188);
#1163=VERTEX_POINT('',#4192);
#1164=VERTEX_POINT('',#4194);
#1165=VERTEX_POINT('',#4198);
#1166=VERTEX_POINT('',#4200);
#1167=VERTEX_POINT('',#4204);
#1168=VERTEX_POINT('',#4206);
#1169=VERTEX_POINT('',#4210);
#1170=VERTEX_POINT('',#4212);
#1171=VERTEX_POINT('',#4216);
#1172=VERTEX_POINT('',#4218);
#1173=VERTEX_POINT('',#4222);
#1174=VERTEX_POINT('',#4224);
#1175=VERTEX_POINT('',#4228);
#1176=VERTEX_POINT('',#4230);
#1177=VERTEX_POINT('',#4234);
#1178=VERTEX_POINT('',#4236);
#1179=VERTEX_POINT('',#4240);
#1180=VERTEX_POINT('',#4242);
#1181=VERTEX_POINT('',#4246);
#1182=VERTEX_POINT('',#4248);
#1183=VERTEX_POINT('',#4252);
#1184=VERTEX_POINT('',#4254);
#1185=VERTEX_POINT('',#4258);
#1186=VERTEX_POINT('',#4260);
#1187=VERTEX_POINT('',#4264);
#1188=VERTEX_POINT('',#4266);
#1189=VERTEX_POINT('',#4270);
#1190=VERTEX_POINT('',#4272);
#1191=VERTEX_POINT('',#4276);
#1192=VERTEX_POINT('',#4278);
#1193=VERTEX_POINT('',#4282);
#1194=VERTEX_POINT('',#4284);
#1195=VERTEX_POINT('',#4288);
#1196=VERTEX_POINT('',#4290);
#1197=VERTEX_POINT('',#4294);
#1198=VERTEX_POINT('',#4296);
#1199=VERTEX_POINT('',#4300);
#1200=VERTEX_POINT('',#4302);
#1201=VERTEX_POINT('',#4306);
#1202=VERTEX_POINT('',#4308);
#1203=VERTEX_POINT('',#4312);
#1204=VERTEX_POINT('',#4314);
#1205=VERTEX_POINT('',#4318);
#1206=VERTEX_POINT('',#4320);
#1207=VERTEX_POINT('',#4324);
#1208=VERTEX_POINT('',#4326);
#1209=VERTEX_POINT('',#4330);
#1210=VERTEX_POINT('',#4332);
#1211=VERTEX_POINT('',#4336);
#1212=VERTEX_POINT('',#4338);
#1213=VERTEX_POINT('',#4342);
#1214=VERTEX_POINT('',#4344);
#1215=VERTEX_POINT('',#4348);
#1216=VERTEX_POINT('',#4350);
#1217=VERTEX_POINT('',#4354);
#1218=VERTEX_POINT('',#4356);
#1219=VERTEX_POINT('',#4360);
#1220=VERTEX_POINT('',#4362);
#1221=VERTEX_POINT('',#4366);
#1222=VERTEX_POINT('',#4368);
#1223=VERTEX_POINT('',#4372);
#1224=VERTEX_POINT('',#4374);
#1225=VERTEX_POINT('',#4378);
#1226=VERTEX_POINT('',#4380);
#1227=VERTEX_POINT('',#4384);
#1228=VERTEX_POINT('',#4386);
#1229=VERTEX_POINT('',#4390);
#1230=VERTEX_POINT('',#4392);
#1231=VERTEX_POINT('',#4411);
#1232=VERTEX_POINT('',#4412);
#1233=VERTEX_POINT('',#4450);
#1234=VERTEX_POINT('',#4451);
#1235=VERTEX_POINT('',#4453);
#1236=VERTEX_POINT('',#4461);
#1237=VERTEX_POINT('',#4471);
#1238=VERTEX_POINT('',#4473);
#1239=VERTEX_POINT('',#4504);
#1240=VERTEX_POINT('',#4505);
#1241=VERTEX_POINT('',#4537);
#1242=VERTEX_POINT('',#4538);
#1243=VERTEX_POINT('',#4549);
#1244=VERTEX_POINT('',#4550);
#1245=VERTEX_POINT('',#4552);
#1246=VERTEX_POINT('',#4554);
#1247=VERTEX_POINT('',#4558);
#1248=VERTEX_POINT('',#4560);
#1249=VERTEX_POINT('',#4564);
#1250=VERTEX_POINT('',#4566);
#1251=VERTEX_POINT('',#4570);
#1252=VERTEX_POINT('',#4572);
#1253=VERTEX_POINT('',#4576);
#1254=VERTEX_POINT('',#4578);
#1255=VERTEX_POINT('',#4582);
#1256=VERTEX_POINT('',#4584);
#1257=VERTEX_POINT('',#4588);
#1258=VERTEX_POINT('',#4590);
#1259=VERTEX_POINT('',#4594);
#1260=VERTEX_POINT('',#4596);
#1261=VERTEX_POINT('',#4600);
#1262=VERTEX_POINT('',#4602);
#1263=VERTEX_POINT('',#4606);
#1264=VERTEX_POINT('',#4608);
#1265=VERTEX_POINT('',#4612);
#1266=VERTEX_POINT('',#4614);
#1267=VERTEX_POINT('',#4618);
#1268=VERTEX_POINT('',#4620);
#1269=VERTEX_POINT('',#4624);
#1270=VERTEX_POINT('',#4626);
#1271=VERTEX_POINT('',#4630);
#1272=VERTEX_POINT('',#4632);
#1273=VERTEX_POINT('',#4636);
#1274=VERTEX_POINT('',#4638);
#1275=VERTEX_POINT('',#4642);
#1276=VERTEX_POINT('',#4644);
#1277=VERTEX_POINT('',#4648);
#1278=VERTEX_POINT('',#4650);
#1279=VERTEX_POINT('',#4654);
#1280=VERTEX_POINT('',#4656);
#1281=VERTEX_POINT('',#4660);
#1282=VERTEX_POINT('',#4662);
#1283=VERTEX_POINT('',#4666);
#1284=VERTEX_POINT('',#4668);
#1285=VERTEX_POINT('',#4672);
#1286=VERTEX_POINT('',#4674);
#1287=VERTEX_POINT('',#4678);
#1288=VERTEX_POINT('',#4680);
#1289=VERTEX_POINT('',#4684);
#1290=VERTEX_POINT('',#4686);
#1291=VERTEX_POINT('',#4690);
#1292=VERTEX_POINT('',#4692);
#1293=VERTEX_POINT('',#4696);
#1294=VERTEX_POINT('',#4698);
#1295=VERTEX_POINT('',#4702);
#1296=VERTEX_POINT('',#4704);
#1297=VERTEX_POINT('',#4708);
#1298=VERTEX_POINT('',#4710);
#1299=VERTEX_POINT('',#4714);
#1300=VERTEX_POINT('',#4716);
#1301=VERTEX_POINT('',#4720);
#1302=VERTEX_POINT('',#4722);
#1303=VERTEX_POINT('',#4726);
#1304=VERTEX_POINT('',#4728);
#1305=VERTEX_POINT('',#4732);
#1306=VERTEX_POINT('',#4734);
#1307=VERTEX_POINT('',#4738);
#1308=VERTEX_POINT('',#4740);
#1309=VERTEX_POINT('',#4744);
#1310=VERTEX_POINT('',#4746);
#1311=VERTEX_POINT('',#4750);
#1312=VERTEX_POINT('',#4752);
#1313=VERTEX_POINT('',#4756);
#1314=VERTEX_POINT('',#4758);
#1315=VERTEX_POINT('',#4762);
#1316=VERTEX_POINT('',#4764);
#1317=VERTEX_POINT('',#4768);
#1318=VERTEX_POINT('',#4770);
#1319=VERTEX_POINT('',#4774);
#1320=VERTEX_POINT('',#4776);
#1321=VERTEX_POINT('',#4780);
#1322=VERTEX_POINT('',#4782);
#1323=VERTEX_POINT('',#4786);
#1324=VERTEX_POINT('',#4788);
#1325=VERTEX_POINT('',#4792);
#1326=VERTEX_POINT('',#4794);
#1327=VERTEX_POINT('',#4798);
#1328=VERTEX_POINT('',#4800);
#1329=VERTEX_POINT('',#4804);
#1330=VERTEX_POINT('',#4806);
#1331=VERTEX_POINT('',#4810);
#1332=VERTEX_POINT('',#4812);
#1333=VERTEX_POINT('',#4816);
#1334=VERTEX_POINT('',#4818);
#1335=VERTEX_POINT('',#4822);
#1336=VERTEX_POINT('',#4824);
#1337=VERTEX_POINT('',#4828);
#1338=VERTEX_POINT('',#4830);
#1339=VERTEX_POINT('',#4849);
#1340=VERTEX_POINT('',#4850);
#1341=VERTEX_POINT('',#4861);
#1342=VERTEX_POINT('',#4862);
#1343=VERTEX_POINT('',#4864);
#1344=VERTEX_POINT('',#4866);
#1345=VERTEX_POINT('',#4897);
#1346=VERTEX_POINT('',#4898);
#1347=VERTEX_POINT('',#4942);
#1348=VERTEX_POINT('',#4943);
#1349=VERTEX_POINT('',#4975);
#1350=VERTEX_POINT('',#4976);
#1351=VERTEX_POINT('',#5026);
#1352=VERTEX_POINT('',#5027);
#1353=VERTEX_POINT('',#5077);
#1354=VERTEX_POINT('',#5078);
#1355=VERTEX_POINT('',#5128);
#1356=VERTEX_POINT('',#5129);
#1357=VERTEX_POINT('',#5155);
#1358=VERTEX_POINT('',#5156);
#1359=VERTEX_POINT('',#5287);
#1360=VERTEX_POINT('',#5289);
#1361=VERTEX_POINT('',#5297);
#1362=VERTEX_POINT('',#5299);
#1363=VERTEX_POINT('',#5306);
#1364=VERTEX_POINT('',#5308);
#1365=VERTEX_POINT('',#5319);
#1366=VERTEX_POINT('',#5323);
#1367=VERTEX_POINT('',#5325);
#1368=VERTEX_POINT('',#5348);
#1369=VERTEX_POINT('',#5375);
#1370=VERTEX_POINT('',#5381);
#1371=VERTEX_POINT('',#5389);
#1372=VERTEX_POINT('',#5391);
#1373=VERTEX_POINT('',#5434);
#1374=VERTEX_POINT('',#5436);
#1375=VERTEX_POINT('',#5444);
#1376=VERTEX_POINT('',#5446);
#1377=VERTEX_POINT('',#5469);
#1378=VERTEX_POINT('',#5470);
#1379=VERTEX_POINT('',#5503);
#1380=VERTEX_POINT('',#5504);
#1381=VERTEX_POINT('',#5506);
#1382=VERTEX_POINT('',#5508);
#1383=EDGE_CURVE('',#1135,#1136,#687,.T.);
#1384=EDGE_CURVE('',#1136,#1137,#531,.T.);
#1385=EDGE_CURVE('',#1137,#1138,#688,.T.);
#1386=EDGE_CURVE('',#1138,#1135,#532,.T.);
#1387=EDGE_CURVE('',#1137,#1139,#533,.T.);
#1388=EDGE_CURVE('',#1139,#1140,#689,.T.);
#1389=EDGE_CURVE('',#1140,#1138,#534,.T.);
#1390=EDGE_CURVE('',#1139,#1141,#690,.T.);
#1391=EDGE_CURVE('',#1141,#1142,#691,.T.);
#1392=EDGE_CURVE('',#1142,#1140,#692,.T.);
#1393=EDGE_CURVE('',#1141,#1143,#535,.T.);
#1394=EDGE_CURVE('',#1143,#1144,#693,.T.);
#1395=EDGE_CURVE('',#1144,#1142,#536,.T.);
#1396=EDGE_CURVE('',#1143,#1145,#537,.T.);
#1397=EDGE_CURVE('',#1145,#1146,#694,.T.);
#1398=EDGE_CURVE('',#1146,#1144,#538,.T.);
#1399=EDGE_CURVE('',#1145,#1147,#539,.T.);
#1400=EDGE_CURVE('',#1147,#1148,#695,.T.);
#1401=EDGE_CURVE('',#1148,#1146,#540,.T.);
#1402=EDGE_CURVE('',#1147,#1149,#541,.T.);
#1403=EDGE_CURVE('',#1149,#1150,#696,.T.);
#1404=EDGE_CURVE('',#1150,#1148,#542,.T.);
#1405=EDGE_CURVE('',#1149,#1151,#543,.T.);
#1406=EDGE_CURVE('',#1151,#1152,#697,.T.);
#1407=EDGE_CURVE('',#1152,#1150,#544,.T.);
#1408=EDGE_CURVE('',#1151,#1153,#698,.T.);
#1409=EDGE_CURVE('',#1153,#1154,#699,.T.);
#1410=EDGE_CURVE('',#1154,#1152,#700,.T.);
#1411=EDGE_CURVE('',#1153,#1155,#545,.T.);
#1412=EDGE_CURVE('',#1155,#1156,#701,.T.);
#1413=EDGE_CURVE('',#1156,#1154,#546,.T.);
#1414=EDGE_CURVE('',#1155,#1157,#547,.T.);
#1415=EDGE_CURVE('',#1157,#1158,#702,.T.);
#1416=EDGE_CURVE('',#1158,#1156,#548,.T.);
#1417=EDGE_CURVE('',#1157,#1159,#549,.T.);
#1418=EDGE_CURVE('',#1159,#1160,#703,.T.);
#1419=EDGE_CURVE('',#1160,#1158,#550,.T.);
#1420=EDGE_CURVE('',#1159,#1161,#551,.T.);
#1421=EDGE_CURVE('',#1161,#1162,#704,.T.);
#1422=EDGE_CURVE('',#1162,#1160,#552,.T.);
#1423=EDGE_CURVE('',#1161,#1163,#553,.T.);
#1424=EDGE_CURVE('',#1163,#1164,#705,.T.);
#1425=EDGE_CURVE('',#1164,#1162,#554,.T.);
#1426=EDGE_CURVE('',#1163,#1165,#706,.T.);
#1427=EDGE_CURVE('',#1165,#1166,#707,.T.);
#1428=EDGE_CURVE('',#1166,#1164,#708,.T.);
#1429=EDGE_CURVE('',#1165,#1167,#555,.T.);
#1430=EDGE_CURVE('',#1167,#1168,#709,.T.);
#1431=EDGE_CURVE('',#1168,#1166,#556,.T.);
#1432=EDGE_CURVE('',#1167,#1169,#557,.T.);
#1433=EDGE_CURVE('',#1169,#1170,#710,.T.);
#1434=EDGE_CURVE('',#1170,#1168,#558,.T.);
#1435=EDGE_CURVE('',#1169,#1171,#559,.T.);
#1436=EDGE_CURVE('',#1171,#1172,#711,.T.);
#1437=EDGE_CURVE('',#1172,#1170,#560,.T.);
#1438=EDGE_CURVE('',#1171,#1173,#561,.T.);
#1439=EDGE_CURVE('',#1173,#1174,#712,.T.);
#1440=EDGE_CURVE('',#1174,#1172,#562,.T.);
#1441=EDGE_CURVE('',#1173,#1175,#563,.T.);
#1442=EDGE_CURVE('',#1175,#1176,#713,.T.);
#1443=EDGE_CURVE('',#1176,#1174,#564,.T.);
#1444=EDGE_CURVE('',#1175,#1177,#714,.T.);
#1445=EDGE_CURVE('',#1177,#1178,#715,.T.);
#1446=EDGE_CURVE('',#1178,#1176,#716,.T.);
#1447=EDGE_CURVE('',#1177,#1179,#565,.T.);
#1448=EDGE_CURVE('',#1179,#1180,#717,.T.);
#1449=EDGE_CURVE('',#1180,#1178,#566,.T.);
#1450=EDGE_CURVE('',#1179,#1181,#567,.T.);
#1451=EDGE_CURVE('',#1181,#1182,#718,.T.);
#1452=EDGE_CURVE('',#1182,#1180,#568,.T.);
#1453=EDGE_CURVE('',#1181,#1183,#569,.T.);
#1454=EDGE_CURVE('',#1183,#1184,#719,.T.);
#1455=EDGE_CURVE('',#1184,#1182,#570,.T.);
#1456=EDGE_CURVE('',#1183,#1185,#571,.T.);
#1457=EDGE_CURVE('',#1185,#1186,#720,.T.);
#1458=EDGE_CURVE('',#1186,#1184,#572,.T.);
#1459=EDGE_CURVE('',#1185,#1187,#573,.T.);
#1460=EDGE_CURVE('',#1187,#1188,#721,.T.);
#1461=EDGE_CURVE('',#1188,#1186,#574,.T.);
#1462=EDGE_CURVE('',#1187,#1189,#722,.T.);
#1463=EDGE_CURVE('',#1189,#1190,#723,.T.);
#1464=EDGE_CURVE('',#1190,#1188,#724,.T.);
#1465=EDGE_CURVE('',#1189,#1191,#575,.T.);
#1466=EDGE_CURVE('',#1191,#1192,#725,.T.);
#1467=EDGE_CURVE('',#1192,#1190,#576,.T.);
#1468=EDGE_CURVE('',#1191,#1193,#577,.T.);
#1469=EDGE_CURVE('',#1193,#1194,#726,.T.);
#1470=EDGE_CURVE('',#1194,#1192,#578,.T.);
#1471=EDGE_CURVE('',#1193,#1195,#579,.T.);
#1472=EDGE_CURVE('',#1195,#1196,#727,.T.);
#1473=EDGE_CURVE('',#1196,#1194,#580,.T.);
#1474=EDGE_CURVE('',#1195,#1197,#581,.T.);
#1475=EDGE_CURVE('',#1197,#1198,#728,.T.);
#1476=EDGE_CURVE('',#1198,#1196,#582,.T.);
#1477=EDGE_CURVE('',#1197,#1199,#583,.T.);
#1478=EDGE_CURVE('',#1199,#1200,#729,.T.);
#1479=EDGE_CURVE('',#1200,#1198,#584,.T.);
#1480=EDGE_CURVE('',#1199,#1201,#730,.T.);
#1481=EDGE_CURVE('',#1201,#1202,#731,.T.);
#1482=EDGE_CURVE('',#1202,#1200,#732,.T.);
#1483=EDGE_CURVE('',#1201,#1203,#585,.T.);
#1484=EDGE_CURVE('',#1203,#1204,#733,.T.);
#1485=EDGE_CURVE('',#1204,#1202,#586,.T.);
#1486=EDGE_CURVE('',#1203,#1205,#587,.T.);
#1487=EDGE_CURVE('',#1205,#1206,#734,.T.);
#1488=EDGE_CURVE('',#1206,#1204,#588,.T.);
#1489=EDGE_CURVE('',#1205,#1207,#589,.T.);
#1490=EDGE_CURVE('',#1207,#1208,#735,.T.);
#1491=EDGE_CURVE('',#1208,#1206,#590,.T.);
#1492=EDGE_CURVE('',#1207,#1209,#591,.T.);
#1493=EDGE_CURVE('',#1209,#1210,#736,.T.);
#1494=EDGE_CURVE('',#1210,#1208,#592,.T.);
#1495=EDGE_CURVE('',#1209,#1211,#593,.T.);
#1496=EDGE_CURVE('',#1211,#1212,#737,.T.);
#1497=EDGE_CURVE('',#1212,#1210,#594,.T.);
#1498=EDGE_CURVE('',#1211,#1213,#738,.T.);
#1499=EDGE_CURVE('',#1213,#1214,#739,.T.);
#1500=EDGE_CURVE('',#1214,#1212,#740,.T.);
#1501=EDGE_CURVE('',#1213,#1215,#595,.T.);
#1502=EDGE_CURVE('',#1215,#1216,#741,.T.);
#1503=EDGE_CURVE('',#1216,#1214,#596,.T.);
#1504=EDGE_CURVE('',#1215,#1217,#597,.T.);
#1505=EDGE_CURVE('',#1217,#1218,#742,.T.);
#1506=EDGE_CURVE('',#1218,#1216,#598,.T.);
#1507=EDGE_CURVE('',#1217,#1219,#599,.T.);
#1508=EDGE_CURVE('',#1219,#1220,#743,.T.);
#1509=EDGE_CURVE('',#1220,#1218,#600,.T.);
#1510=EDGE_CURVE('',#1219,#1221,#601,.T.);
#1511=EDGE_CURVE('',#1221,#1222,#744,.T.);
#1512=EDGE_CURVE('',#1222,#1220,#602,.T.);
#1513=EDGE_CURVE('',#1221,#1223,#603,.T.);
#1514=EDGE_CURVE('',#1223,#1224,#745,.T.);
#1515=EDGE_CURVE('',#1224,#1222,#604,.T.);
#1516=EDGE_CURVE('',#1223,#1225,#746,.T.);
#1517=EDGE_CURVE('',#1225,#1226,#747,.T.);
#1518=EDGE_CURVE('',#1226,#1224,#748,.T.);
#1519=EDGE_CURVE('',#1225,#1227,#605,.T.);
#1520=EDGE_CURVE('',#1227,#1228,#749,.T.);
#1521=EDGE_CURVE('',#1228,#1226,#606,.T.);
#1522=EDGE_CURVE('',#1227,#1229,#607,.T.);
#1523=EDGE_CURVE('',#1229,#1230,#750,.T.);
#1524=EDGE_CURVE('',#1230,#1228,#608,.T.);
#1525=EDGE_CURVE('',#1231,#1232,#751,.T.);
#1526=EDGE_CURVE('',#1232,#1136,#60,.T.);
#1527=EDGE_CURVE('',#1135,#1231,#61,.T.);
#1528=EDGE_CURVE('',#1233,#1234,#752,.T.);
#1529=EDGE_CURVE('',#1234,#1235,#62,.T.);
#1530=EDGE_CURVE('',#1235,#1236,#753,.T.);
#1531=EDGE_CURVE('',#1236,#1233,#63,.T.);
#1532=EDGE_CURVE('',#1235,#1237,#754,.T.);
#1533=EDGE_CURVE('',#1237,#1238,#755,.T.);
#1534=EDGE_CURVE('',#1238,#1236,#756,.T.);
#1535=EDGE_CURVE('',#1239,#1240,#757,.T.);
#1536=EDGE_CURVE('',#1240,#1238,#64,.T.);
#1537=EDGE_CURVE('',#1237,#1239,#65,.T.);
#1538=EDGE_CURVE('',#1241,#1242,#758,.T.);
#1539=EDGE_CURVE('',#1242,#1234,#66,.T.);
#1540=EDGE_CURVE('',#1233,#1241,#67,.T.);
#1541=EDGE_CURVE('',#1243,#1244,#759,.T.);
#1542=EDGE_CURVE('',#1244,#1245,#609,.T.);
#1543=EDGE_CURVE('',#1245,#1246,#760,.T.);
#1544=EDGE_CURVE('',#1246,#1243,#610,.T.);
#1545=EDGE_CURVE('',#1245,#1247,#611,.T.);
#1546=EDGE_CURVE('',#1247,#1248,#761,.T.);
#1547=EDGE_CURVE('',#1248,#1246,#612,.T.);
#1548=EDGE_CURVE('',#1247,#1249,#762,.T.);
#1549=EDGE_CURVE('',#1249,#1250,#763,.T.);
#1550=EDGE_CURVE('',#1250,#1248,#764,.T.);
#1551=EDGE_CURVE('',#1249,#1251,#613,.T.);
#1552=EDGE_CURVE('',#1251,#1252,#765,.T.);
#1553=EDGE_CURVE('',#1252,#1250,#614,.T.);
#1554=EDGE_CURVE('',#1251,#1253,#615,.T.);
#1555=EDGE_CURVE('',#1253,#1254,#766,.T.);
#1556=EDGE_CURVE('',#1254,#1252,#616,.T.);
#1557=EDGE_CURVE('',#1253,#1255,#617,.T.);
#1558=EDGE_CURVE('',#1255,#1256,#767,.T.);
#1559=EDGE_CURVE('',#1256,#1254,#618,.T.);
#1560=EDGE_CURVE('',#1255,#1257,#619,.T.);
#1561=EDGE_CURVE('',#1257,#1258,#768,.T.);
#1562=EDGE_CURVE('',#1258,#1256,#620,.T.);
#1563=EDGE_CURVE('',#1257,#1259,#621,.T.);
#1564=EDGE_CURVE('',#1259,#1260,#769,.T.);
#1565=EDGE_CURVE('',#1260,#1258,#622,.T.);
#1566=EDGE_CURVE('',#1259,#1261,#770,.T.);
#1567=EDGE_CURVE('',#1261,#1262,#771,.T.);
#1568=EDGE_CURVE('',#1262,#1260,#772,.T.);
#1569=EDGE_CURVE('',#1261,#1263,#623,.T.);
#1570=EDGE_CURVE('',#1263,#1264,#773,.T.);
#1571=EDGE_CURVE('',#1264,#1262,#624,.T.);
#1572=EDGE_CURVE('',#1263,#1265,#625,.T.);
#1573=EDGE_CURVE('',#1265,#1266,#774,.T.);
#1574=EDGE_CURVE('',#1266,#1264,#626,.T.);
#1575=EDGE_CURVE('',#1265,#1267,#627,.T.);
#1576=EDGE_CURVE('',#1267,#1268,#775,.T.);
#1577=EDGE_CURVE('',#1268,#1266,#628,.T.);
#1578=EDGE_CURVE('',#1267,#1269,#629,.T.);
#1579=EDGE_CURVE('',#1269,#1270,#776,.T.);
#1580=EDGE_CURVE('',#1270,#1268,#630,.T.);
#1581=EDGE_CURVE('',#1269,#1271,#631,.T.);
#1582=EDGE_CURVE('',#1271,#1272,#777,.T.);
#1583=EDGE_CURVE('',#1272,#1270,#632,.T.);
#1584=EDGE_CURVE('',#1271,#1273,#778,.T.);
#1585=EDGE_CURVE('',#1273,#1274,#779,.T.);
#1586=EDGE_CURVE('',#1274,#1272,#780,.T.);
#1587=EDGE_CURVE('',#1273,#1275,#633,.T.);
#1588=EDGE_CURVE('',#1275,#1276,#781,.T.);
#1589=EDGE_CURVE('',#1276,#1274,#634,.T.);
#1590=EDGE_CURVE('',#1275,#1277,#635,.T.);
#1591=EDGE_CURVE('',#1277,#1278,#782,.T.);
#1592=EDGE_CURVE('',#1278,#1276,#636,.T.);
#1593=EDGE_CURVE('',#1277,#1279,#637,.T.);
#1594=EDGE_CURVE('',#1279,#1280,#783,.T.);
#1595=EDGE_CURVE('',#1280,#1278,#638,.T.);
#1596=EDGE_CURVE('',#1279,#1281,#639,.T.);
#1597=EDGE_CURVE('',#1281,#1282,#784,.T.);
#1598=EDGE_CURVE('',#1282,#1280,#640,.T.);
#1599=EDGE_CURVE('',#1281,#1283,#641,.T.);
#1600=EDGE_CURVE('',#1283,#1284,#785,.T.);
#1601=EDGE_CURVE('',#1284,#1282,#642,.T.);
#1602=EDGE_CURVE('',#1283,#1285,#786,.T.);
#1603=EDGE_CURVE('',#1285,#1286,#787,.T.);
#1604=EDGE_CURVE('',#1286,#1284,#788,.T.);
#1605=EDGE_CURVE('',#1285,#1287,#643,.T.);
#1606=EDGE_CURVE('',#1287,#1288,#789,.T.);
#1607=EDGE_CURVE('',#1288,#1286,#644,.T.);
#1608=EDGE_CURVE('',#1287,#1289,#645,.T.);
#1609=EDGE_CURVE('',#1289,#1290,#790,.T.);
#1610=EDGE_CURVE('',#1290,#1288,#646,.T.);
#1611=EDGE_CURVE('',#1289,#1291,#647,.T.);
#1612=EDGE_CURVE('',#1291,#1292,#791,.T.);
#1613=EDGE_CURVE('',#1292,#1290,#648,.T.);
#1614=EDGE_CURVE('',#1291,#1293,#649,.T.);
#1615=EDGE_CURVE('',#1293,#1294,#792,.T.);
#1616=EDGE_CURVE('',#1294,#1292,#650,.T.);
#1617=EDGE_CURVE('',#1293,#1295,#651,.T.);
#1618=EDGE_CURVE('',#1295,#1296,#793,.T.);
#1619=EDGE_CURVE('',#1296,#1294,#652,.T.);
#1620=EDGE_CURVE('',#1295,#1297,#794,.T.);
#1621=EDGE_CURVE('',#1297,#1298,#795,.T.);
#1622=EDGE_CURVE('',#1298,#1296,#796,.T.);
#1623=EDGE_CURVE('',#1297,#1299,#653,.T.);
#1624=EDGE_CURVE('',#1299,#1300,#797,.T.);
#1625=EDGE_CURVE('',#1300,#1298,#654,.T.);
#1626=EDGE_CURVE('',#1299,#1301,#655,.T.);
#1627=EDGE_CURVE('',#1301,#1302,#798,.T.);
#1628=EDGE_CURVE('',#1302,#1300,#656,.T.);
#1629=EDGE_CURVE('',#1301,#1303,#657,.T.);
#1630=EDGE_CURVE('',#1303,#1304,#799,.T.);
#1631=EDGE_CURVE('',#1304,#1302,#658,.T.);
#1632=EDGE_CURVE('',#1303,#1305,#659,.T.);
#1633=EDGE_CURVE('',#1305,#1306,#800,.T.);
#1634=EDGE_CURVE('',#1306,#1304,#660,.T.);
#1635=EDGE_CURVE('',#1305,#1307,#661,.T.);
#1636=EDGE_CURVE('',#1307,#1308,#801,.T.);
#1637=EDGE_CURVE('',#1308,#1306,#662,.T.);
#1638=EDGE_CURVE('',#1307,#1309,#802,.T.);
#1639=EDGE_CURVE('',#1309,#1310,#803,.T.);
#1640=EDGE_CURVE('',#1310,#1308,#804,.T.);
#1641=EDGE_CURVE('',#1309,#1311,#663,.T.);
#1642=EDGE_CURVE('',#1311,#1312,#805,.T.);
#1643=EDGE_CURVE('',#1312,#1310,#664,.T.);
#1644=EDGE_CURVE('',#1311,#1313,#665,.T.);
#1645=EDGE_CURVE('',#1313,#1314,#806,.T.);
#1646=EDGE_CURVE('',#1314,#1312,#666,.T.);
#1647=EDGE_CURVE('',#1313,#1315,#667,.T.);
#1648=EDGE_CURVE('',#1315,#1316,#807,.T.);
#1649=EDGE_CURVE('',#1316,#1314,#668,.T.);
#1650=EDGE_CURVE('',#1315,#1317,#669,.T.);
#1651=EDGE_CURVE('',#1317,#1318,#808,.T.);
#1652=EDGE_CURVE('',#1318,#1316,#670,.T.);
#1653=EDGE_CURVE('',#1317,#1319,#671,.T.);
#1654=EDGE_CURVE('',#1319,#1320,#809,.T.);
#1655=EDGE_CURVE('',#1320,#1318,#672,.T.);
#1656=EDGE_CURVE('',#1319,#1321,#810,.T.);
#1657=EDGE_CURVE('',#1321,#1322,#811,.T.);
#1658=EDGE_CURVE('',#1322,#1320,#812,.T.);
#1659=EDGE_CURVE('',#1321,#1323,#673,.T.);
#1660=EDGE_CURVE('',#1323,#1324,#813,.T.);
#1661=EDGE_CURVE('',#1324,#1322,#674,.T.);
#1662=EDGE_CURVE('',#1323,#1325,#675,.T.);
#1663=EDGE_CURVE('',#1325,#1326,#814,.T.);
#1664=EDGE_CURVE('',#1326,#1324,#676,.T.);
#1665=EDGE_CURVE('',#1325,#1327,#677,.T.);
#1666=EDGE_CURVE('',#1327,#1328,#815,.T.);
#1667=EDGE_CURVE('',#1328,#1326,#678,.T.);
#1668=EDGE_CURVE('',#1327,#1329,#679,.T.);
#1669=EDGE_CURVE('',#1329,#1330,#816,.T.);
#1670=EDGE_CURVE('',#1330,#1328,#680,.T.);
#1671=EDGE_CURVE('',#1329,#1331,#681,.T.);
#1672=EDGE_CURVE('',#1331,#1332,#817,.T.);
#1673=EDGE_CURVE('',#1332,#1330,#682,.T.);
#1674=EDGE_CURVE('',#1331,#1333,#818,.T.);
#1675=EDGE_CURVE('',#1333,#1334,#819,.T.);
#1676=EDGE_CURVE('',#1334,#1332,#820,.T.);
#1677=EDGE_CURVE('',#1333,#1335,#683,.T.);
#1678=EDGE_CURVE('',#1335,#1336,#821,.T.);
#1679=EDGE_CURVE('',#1336,#1334,#684,.T.);
#1680=EDGE_CURVE('',#1335,#1337,#685,.T.);
#1681=EDGE_CURVE('',#1337,#1338,#822,.T.);
#1682=EDGE_CURVE('',#1338,#1336,#686,.T.);
#1683=EDGE_CURVE('',#1339,#1340,#823,.T.);
#1684=EDGE_CURVE('',#1340,#1244,#68,.T.);
#1685=EDGE_CURVE('',#1243,#1339,#69,.T.);
#1686=EDGE_CURVE('',#1341,#1342,#824,.T.);
#1687=EDGE_CURVE('',#1342,#1343,#825,.T.);
#1688=EDGE_CURVE('',#1343,#1344,#826,.T.);
#1689=EDGE_CURVE('',#1344,#1341,#827,.T.);
#1690=EDGE_CURVE('',#1345,#1346,#828,.T.);
#1691=EDGE_CURVE('',#1346,#1342,#70,.T.);
#1692=EDGE_CURVE('',#1341,#1345,#71,.T.);
#1693=EDGE_CURVE('',#1347,#1348,#829,.T.);
#1694=EDGE_CURVE('',#1348,#1344,#72,.T.);
#1695=EDGE_CURVE('',#1343,#1347,#73,.T.);
#1696=EDGE_CURVE('',#1349,#1350,#830,.T.);
#1697=EDGE_CURVE('',#1350,#1346,#74,.T.);
#1698=EDGE_CURVE('',#1345,#1349,#75,.T.);
#1699=EDGE_CURVE('',#1349,#1340,#76,.T.);
#1700=EDGE_CURVE('',#1339,#1350,#77,.T.);
#1701=EDGE_CURVE('',#1351,#1352,#831,.T.);
#1702=EDGE_CURVE('',#1352,#1338,#78,.T.);
#1703=EDGE_CURVE('',#1337,#1351,#79,.T.);
#1704=EDGE_CURVE('',#1351,#1242,#80,.T.);
#1705=EDGE_CURVE('',#1241,#1352,#81,.T.);
#1706=EDGE_CURVE('',#1353,#1354,#832,.T.);
#1707=EDGE_CURVE('',#1354,#1240,#82,.T.);
#1708=EDGE_CURVE('',#1239,#1353,#83,.T.);
#1709=EDGE_CURVE('',#1353,#1232,#84,.T.);
#1710=EDGE_CURVE('',#1231,#1354,#85,.T.);
#1711=EDGE_CURVE('',#1355,#1356,#833,.T.);
#1712=EDGE_CURVE('',#1356,#1230,#86,.T.);
#1713=EDGE_CURVE('',#1229,#1355,#87,.T.);
#1714=EDGE_CURVE('',#1357,#1358,#834,.T.);
#1715=EDGE_CURVE('',#1358,#1348,#88,.T.);
#1716=EDGE_CURVE('',#1347,#1357,#89,.T.);
#1717=EDGE_CURVE('',#1355,#1358,#90,.T.);
#1718=EDGE_CURVE('',#1357,#1356,#91,.T.);
#1719=EDGE_CURVE('',#1138,#1336,#835,.T.);
#1720=EDGE_CURVE('',#1354,#1241,#836,.T.);
#1721=EDGE_CURVE('',#1140,#1334,#837,.T.);
#1722=EDGE_CURVE('',#1332,#1142,#838,.T.);
#1723=EDGE_CURVE('',#1144,#1330,#839,.T.);
#1724=EDGE_CURVE('',#1146,#1328,#840,.T.);
#1725=EDGE_CURVE('',#1148,#1326,#841,.T.);
#1726=EDGE_CURVE('',#1150,#1324,#842,.T.);
#1727=EDGE_CURVE('',#1152,#1322,#843,.T.);
#1728=EDGE_CURVE('',#1154,#1320,#844,.T.);
#1729=EDGE_CURVE('',#1156,#1318,#845,.T.);
#1730=EDGE_CURVE('',#1158,#1316,#846,.T.);
#1731=EDGE_CURVE('',#1160,#1314,#847,.T.);
#1732=EDGE_CURVE('',#1162,#1312,#848,.T.);
#1733=EDGE_CURVE('',#1164,#1310,#849,.T.);
#1734=EDGE_CURVE('',#1166,#1308,#850,.T.);
#1735=EDGE_CURVE('',#1168,#1306,#851,.T.);
#1736=EDGE_CURVE('',#1170,#1304,#852,.T.);
#1737=EDGE_CURVE('',#1172,#1302,#853,.T.);
#1738=EDGE_CURVE('',#1174,#1300,#854,.T.);
#1739=EDGE_CURVE('',#1176,#1298,#855,.T.);
#1740=EDGE_CURVE('',#1178,#1296,#856,.T.);
#1741=EDGE_CURVE('',#1180,#1294,#857,.T.);
#1742=EDGE_CURVE('',#1182,#1292,#858,.T.);
#1743=EDGE_CURVE('',#1184,#1290,#859,.T.);
#1744=EDGE_CURVE('',#1186,#1288,#860,.T.);
#1745=EDGE_CURVE('',#1188,#1286,#861,.T.);
#1746=EDGE_CURVE('',#1190,#1284,#862,.T.);
#1747=EDGE_CURVE('',#1192,#1282,#863,.T.);
#1748=EDGE_CURVE('',#1194,#1280,#864,.T.);
#1749=EDGE_CURVE('',#1196,#1278,#865,.T.);
#1750=EDGE_CURVE('',#1198,#1276,#866,.T.);
#1751=EDGE_CURVE('',#1200,#1274,#867,.T.);
#1752=EDGE_CURVE('',#1202,#1272,#868,.T.);
#1753=EDGE_CURVE('',#1204,#1270,#869,.T.);
#1754=EDGE_CURVE('',#1206,#1268,#870,.T.);
#1755=EDGE_CURVE('',#1208,#1266,#871,.T.);
#1756=EDGE_CURVE('',#1210,#1264,#872,.T.);
#1757=EDGE_CURVE('',#1212,#1262,#873,.T.);
#1758=EDGE_CURVE('',#1214,#1260,#874,.T.);
#1759=EDGE_CURVE('',#1216,#1258,#875,.T.);
#1760=EDGE_CURVE('',#1218,#1256,#876,.T.);
#1761=EDGE_CURVE('',#1220,#1254,#877,.T.);
#1762=EDGE_CURVE('',#1222,#1252,#878,.T.);
#1763=EDGE_CURVE('',#1224,#1250,#879,.T.);
#1764=EDGE_CURVE('',#1226,#1248,#880,.T.);
#1765=EDGE_CURVE('',#1228,#1246,#881,.T.);
#1766=EDGE_CURVE('',#1357,#1350,#882,.T.);
#1767=EDGE_CURVE('',#1234,#1359,#883,.T.);
#1768=EDGE_CURVE('',#1360,#1359,#92,.T.);
#1769=EDGE_CURVE('',#1360,#1235,#884,.T.);
#1770=EDGE_CURVE('',#1361,#1345,#885,.T.);
#1771=EDGE_CURVE('',#1362,#1361,#886,.T.);
#1772=EDGE_CURVE('',#1359,#1362,#93,.T.);
#1773=EDGE_CURVE('',#1341,#1363,#887,.T.);
#1774=EDGE_CURVE('',#1364,#1363,#94,.T.);
#1775=EDGE_CURVE('',#1361,#1364,#95,.T.);
#1776=EDGE_CURVE('',#1365,#1344,#888,.T.);
#1777=EDGE_CURVE('',#1363,#1365,#889,.T.);
#1778=EDGE_CURVE('',#1366,#1363,#890,.T.);
#1779=EDGE_CURVE('',#1365,#1367,#891,.T.);
#1780=EDGE_CURVE('',#1367,#1366,#892,.T.);
#1781=EDGE_CURVE('',#1368,#1364,#893,.T.);
#1782=EDGE_CURVE('',#1366,#1368,#96,.T.);
#1783=EDGE_CURVE('',#1365,#1369,#97,.T.);
#1784=EDGE_CURVE('',#1369,#1370,#894,.T.);
#1785=EDGE_CURVE('',#1370,#1367,#98,.T.);
#1786=EDGE_CURVE('',#1361,#1371,#895,.T.);
#1787=EDGE_CURVE('',#1371,#1372,#896,.T.);
#1788=EDGE_CURVE('',#1372,#1362,#897,.T.);
#1789=EDGE_CURVE('',#1368,#1371,#99,.T.);
#1790=EDGE_CURVE('',#1359,#1373,#898,.T.);
#1791=EDGE_CURVE('',#1373,#1374,#100,.T.);
#1792=EDGE_CURVE('',#1374,#1360,#899,.T.);
#1793=EDGE_CURVE('',#1374,#1375,#900,.T.);
#1794=EDGE_CURVE('',#1375,#1376,#901,.T.);
#1795=EDGE_CURVE('',#1376,#1360,#902,.T.);
#1796=EDGE_CURVE('',#1377,#1378,#903,.T.);
#1797=EDGE_CURVE('',#1378,#1376,#101,.T.);
#1798=EDGE_CURVE('',#1375,#1377,#102,.T.);
#1799=EDGE_CURVE('',#1372,#1373,#103,.T.);
#1800=EDGE_CURVE('',#1379,#1380,#904,.T.);
#1801=EDGE_CURVE('',#1380,#1381,#905,.T.);
#1802=EDGE_CURVE('',#1381,#1382,#906,.T.);
#1803=EDGE_CURVE('',#1382,#1379,#907,.T.);
#1804=EDGE_CURVE('',#1381,#1378,#104,.T.);
#1805=EDGE_CURVE('',#1377,#1382,#105,.T.);
#1806=EDGE_CURVE('',#1369,#1380,#106,.T.);
#1807=EDGE_CURVE('',#1379,#1370,#107,.T.);
#1808=EDGE_CURVE('',#1237,#1376,#908,.T.);
#1809=EDGE_CURVE('',#1378,#1239,#909,.T.);
#1810=EDGE_CURVE('',#1348,#1380,#910,.T.);
#1811=ORIENTED_EDGE('',*,*,#1383,.T.);
#1812=ORIENTED_EDGE('',*,*,#1384,.T.);
#1813=ORIENTED_EDGE('',*,*,#1385,.T.);
#1814=ORIENTED_EDGE('',*,*,#1386,.T.);
#1815=ORIENTED_EDGE('',*,*,#1385,.F.);
#1816=ORIENTED_EDGE('',*,*,#1387,.T.);
#1817=ORIENTED_EDGE('',*,*,#1388,.T.);
#1818=ORIENTED_EDGE('',*,*,#1389,.T.);
#1819=ORIENTED_EDGE('',*,*,#1388,.F.);
#1820=ORIENTED_EDGE('',*,*,#1390,.T.);
#1821=ORIENTED_EDGE('',*,*,#1391,.T.);
#1822=ORIENTED_EDGE('',*,*,#1392,.T.);
#1823=ORIENTED_EDGE('',*,*,#1391,.F.);
#1824=ORIENTED_EDGE('',*,*,#1393,.T.);
#1825=ORIENTED_EDGE('',*,*,#1394,.T.);
#1826=ORIENTED_EDGE('',*,*,#1395,.T.);
#1827=ORIENTED_EDGE('',*,*,#1394,.F.);
#1828=ORIENTED_EDGE('',*,*,#1396,.T.);
#1829=ORIENTED_EDGE('',*,*,#1397,.T.);
#1830=ORIENTED_EDGE('',*,*,#1398,.T.);
#1831=ORIENTED_EDGE('',*,*,#1397,.F.);
#1832=ORIENTED_EDGE('',*,*,#1399,.T.);
#1833=ORIENTED_EDGE('',*,*,#1400,.T.);
#1834=ORIENTED_EDGE('',*,*,#1401,.T.);
#1835=ORIENTED_EDGE('',*,*,#1400,.F.);
#1836=ORIENTED_EDGE('',*,*,#1402,.T.);
#1837=ORIENTED_EDGE('',*,*,#1403,.T.);
#1838=ORIENTED_EDGE('',*,*,#1404,.T.);
#1839=ORIENTED_EDGE('',*,*,#1403,.F.);
#1840=ORIENTED_EDGE('',*,*,#1405,.T.);
#1841=ORIENTED_EDGE('',*,*,#1406,.T.);
#1842=ORIENTED_EDGE('',*,*,#1407,.T.);
#1843=ORIENTED_EDGE('',*,*,#1406,.F.);
#1844=ORIENTED_EDGE('',*,*,#1408,.T.);
#1845=ORIENTED_EDGE('',*,*,#1409,.T.);
#1846=ORIENTED_EDGE('',*,*,#1410,.T.);
#1847=ORIENTED_EDGE('',*,*,#1409,.F.);
#1848=ORIENTED_EDGE('',*,*,#1411,.T.);
#1849=ORIENTED_EDGE('',*,*,#1412,.T.);
#1850=ORIENTED_EDGE('',*,*,#1413,.T.);
#1851=ORIENTED_EDGE('',*,*,#1412,.F.);
#1852=ORIENTED_EDGE('',*,*,#1414,.T.);
#1853=ORIENTED_EDGE('',*,*,#1415,.T.);
#1854=ORIENTED_EDGE('',*,*,#1416,.T.);
#1855=ORIENTED_EDGE('',*,*,#1415,.F.);
#1856=ORIENTED_EDGE('',*,*,#1417,.T.);
#1857=ORIENTED_EDGE('',*,*,#1418,.T.);
#1858=ORIENTED_EDGE('',*,*,#1419,.T.);
#1859=ORIENTED_EDGE('',*,*,#1418,.F.);
#1860=ORIENTED_EDGE('',*,*,#1420,.T.);
#1861=ORIENTED_EDGE('',*,*,#1421,.T.);
#1862=ORIENTED_EDGE('',*,*,#1422,.T.);
#1863=ORIENTED_EDGE('',*,*,#1421,.F.);
#1864=ORIENTED_EDGE('',*,*,#1423,.T.);
#1865=ORIENTED_EDGE('',*,*,#1424,.T.);
#1866=ORIENTED_EDGE('',*,*,#1425,.T.);
#1867=ORIENTED_EDGE('',*,*,#1424,.F.);
#1868=ORIENTED_EDGE('',*,*,#1426,.T.);
#1869=ORIENTED_EDGE('',*,*,#1427,.T.);
#1870=ORIENTED_EDGE('',*,*,#1428,.T.);
#1871=ORIENTED_EDGE('',*,*,#1427,.F.);
#1872=ORIENTED_EDGE('',*,*,#1429,.T.);
#1873=ORIENTED_EDGE('',*,*,#1430,.T.);
#1874=ORIENTED_EDGE('',*,*,#1431,.T.);
#1875=ORIENTED_EDGE('',*,*,#1430,.F.);
#1876=ORIENTED_EDGE('',*,*,#1432,.T.);
#1877=ORIENTED_EDGE('',*,*,#1433,.T.);
#1878=ORIENTED_EDGE('',*,*,#1434,.T.);
#1879=ORIENTED_EDGE('',*,*,#1433,.F.);
#1880=ORIENTED_EDGE('',*,*,#1435,.T.);
#1881=ORIENTED_EDGE('',*,*,#1436,.T.);
#1882=ORIENTED_EDGE('',*,*,#1437,.T.);
#1883=ORIENTED_EDGE('',*,*,#1436,.F.);
#1884=ORIENTED_EDGE('',*,*,#1438,.T.);
#1885=ORIENTED_EDGE('',*,*,#1439,.T.);
#1886=ORIENTED_EDGE('',*,*,#1440,.T.);
#1887=ORIENTED_EDGE('',*,*,#1439,.F.);
#1888=ORIENTED_EDGE('',*,*,#1441,.T.);
#1889=ORIENTED_EDGE('',*,*,#1442,.T.);
#1890=ORIENTED_EDGE('',*,*,#1443,.T.);
#1891=ORIENTED_EDGE('',*,*,#1442,.F.);
#1892=ORIENTED_EDGE('',*,*,#1444,.T.);
#1893=ORIENTED_EDGE('',*,*,#1445,.T.);
#1894=ORIENTED_EDGE('',*,*,#1446,.T.);
#1895=ORIENTED_EDGE('',*,*,#1445,.F.);
#1896=ORIENTED_EDGE('',*,*,#1447,.T.);
#1897=ORIENTED_EDGE('',*,*,#1448,.T.);
#1898=ORIENTED_EDGE('',*,*,#1449,.T.);
#1899=ORIENTED_EDGE('',*,*,#1448,.F.);
#1900=ORIENTED_EDGE('',*,*,#1450,.T.);
#1901=ORIENTED_EDGE('',*,*,#1451,.T.);
#1902=ORIENTED_EDGE('',*,*,#1452,.T.);
#1903=ORIENTED_EDGE('',*,*,#1451,.F.);
#1904=ORIENTED_EDGE('',*,*,#1453,.T.);
#1905=ORIENTED_EDGE('',*,*,#1454,.T.);
#1906=ORIENTED_EDGE('',*,*,#1455,.T.);
#1907=ORIENTED_EDGE('',*,*,#1454,.F.);
#1908=ORIENTED_EDGE('',*,*,#1456,.T.);
#1909=ORIENTED_EDGE('',*,*,#1457,.T.);
#1910=ORIENTED_EDGE('',*,*,#1458,.T.);
#1911=ORIENTED_EDGE('',*,*,#1457,.F.);
#1912=ORIENTED_EDGE('',*,*,#1459,.T.);
#1913=ORIENTED_EDGE('',*,*,#1460,.T.);
#1914=ORIENTED_EDGE('',*,*,#1461,.T.);
#1915=ORIENTED_EDGE('',*,*,#1460,.F.);
#1916=ORIENTED_EDGE('',*,*,#1462,.T.);
#1917=ORIENTED_EDGE('',*,*,#1463,.T.);
#1918=ORIENTED_EDGE('',*,*,#1464,.T.);
#1919=ORIENTED_EDGE('',*,*,#1463,.F.);
#1920=ORIENTED_EDGE('',*,*,#1465,.T.);
#1921=ORIENTED_EDGE('',*,*,#1466,.T.);
#1922=ORIENTED_EDGE('',*,*,#1467,.T.);
#1923=ORIENTED_EDGE('',*,*,#1466,.F.);
#1924=ORIENTED_EDGE('',*,*,#1468,.T.);
#1925=ORIENTED_EDGE('',*,*,#1469,.T.);
#1926=ORIENTED_EDGE('',*,*,#1470,.T.);
#1927=ORIENTED_EDGE('',*,*,#1469,.F.);
#1928=ORIENTED_EDGE('',*,*,#1471,.T.);
#1929=ORIENTED_EDGE('',*,*,#1472,.T.);
#1930=ORIENTED_EDGE('',*,*,#1473,.T.);
#1931=ORIENTED_EDGE('',*,*,#1472,.F.);
#1932=ORIENTED_EDGE('',*,*,#1474,.T.);
#1933=ORIENTED_EDGE('',*,*,#1475,.T.);
#1934=ORIENTED_EDGE('',*,*,#1476,.T.);
#1935=ORIENTED_EDGE('',*,*,#1475,.F.);
#1936=ORIENTED_EDGE('',*,*,#1477,.T.);
#1937=ORIENTED_EDGE('',*,*,#1478,.T.);
#1938=ORIENTED_EDGE('',*,*,#1479,.T.);
#1939=ORIENTED_EDGE('',*,*,#1478,.F.);
#1940=ORIENTED_EDGE('',*,*,#1480,.T.);
#1941=ORIENTED_EDGE('',*,*,#1481,.T.);
#1942=ORIENTED_EDGE('',*,*,#1482,.T.);
#1943=ORIENTED_EDGE('',*,*,#1481,.F.);
#1944=ORIENTED_EDGE('',*,*,#1483,.T.);
#1945=ORIENTED_EDGE('',*,*,#1484,.T.);
#1946=ORIENTED_EDGE('',*,*,#1485,.T.);
#1947=ORIENTED_EDGE('',*,*,#1484,.F.);
#1948=ORIENTED_EDGE('',*,*,#1486,.T.);
#1949=ORIENTED_EDGE('',*,*,#1487,.T.);
#1950=ORIENTED_EDGE('',*,*,#1488,.T.);
#1951=ORIENTED_EDGE('',*,*,#1487,.F.);
#1952=ORIENTED_EDGE('',*,*,#1489,.T.);
#1953=ORIENTED_EDGE('',*,*,#1490,.T.);
#1954=ORIENTED_EDGE('',*,*,#1491,.T.);
#1955=ORIENTED_EDGE('',*,*,#1490,.F.);
#1956=ORIENTED_EDGE('',*,*,#1492,.T.);
#1957=ORIENTED_EDGE('',*,*,#1493,.T.);
#1958=ORIENTED_EDGE('',*,*,#1494,.T.);
#1959=ORIENTED_EDGE('',*,*,#1493,.F.);
#1960=ORIENTED_EDGE('',*,*,#1495,.T.);
#1961=ORIENTED_EDGE('',*,*,#1496,.T.);
#1962=ORIENTED_EDGE('',*,*,#1497,.T.);
#1963=ORIENTED_EDGE('',*,*,#1496,.F.);
#1964=ORIENTED_EDGE('',*,*,#1498,.T.);
#1965=ORIENTED_EDGE('',*,*,#1499,.T.);
#1966=ORIENTED_EDGE('',*,*,#1500,.T.);
#1967=ORIENTED_EDGE('',*,*,#1499,.F.);
#1968=ORIENTED_EDGE('',*,*,#1501,.T.);
#1969=ORIENTED_EDGE('',*,*,#1502,.T.);
#1970=ORIENTED_EDGE('',*,*,#1503,.T.);
#1971=ORIENTED_EDGE('',*,*,#1502,.F.);
#1972=ORIENTED_EDGE('',*,*,#1504,.T.);
#1973=ORIENTED_EDGE('',*,*,#1505,.T.);
#1974=ORIENTED_EDGE('',*,*,#1506,.T.);
#1975=ORIENTED_EDGE('',*,*,#1505,.F.);
#1976=ORIENTED_EDGE('',*,*,#1507,.T.);
#1977=ORIENTED_EDGE('',*,*,#1508,.T.);
#1978=ORIENTED_EDGE('',*,*,#1509,.T.);
#1979=ORIENTED_EDGE('',*,*,#1508,.F.);
#1980=ORIENTED_EDGE('',*,*,#1510,.T.);
#1981=ORIENTED_EDGE('',*,*,#1511,.T.);
#1982=ORIENTED_EDGE('',*,*,#1512,.T.);
#1983=ORIENTED_EDGE('',*,*,#1511,.F.);
#1984=ORIENTED_EDGE('',*,*,#1513,.T.);
#1985=ORIENTED_EDGE('',*,*,#1514,.T.);
#1986=ORIENTED_EDGE('',*,*,#1515,.T.);
#1987=ORIENTED_EDGE('',*,*,#1514,.F.);
#1988=ORIENTED_EDGE('',*,*,#1516,.T.);
#1989=ORIENTED_EDGE('',*,*,#1517,.T.);
#1990=ORIENTED_EDGE('',*,*,#1518,.T.);
#1991=ORIENTED_EDGE('',*,*,#1517,.F.);
#1992=ORIENTED_EDGE('',*,*,#1519,.T.);
#1993=ORIENTED_EDGE('',*,*,#1520,.T.);
#1994=ORIENTED_EDGE('',*,*,#1521,.T.);
#1995=ORIENTED_EDGE('',*,*,#1520,.F.);
#1996=ORIENTED_EDGE('',*,*,#1522,.T.);
#1997=ORIENTED_EDGE('',*,*,#1523,.T.);
#1998=ORIENTED_EDGE('',*,*,#1524,.T.);
#1999=ORIENTED_EDGE('',*,*,#1525,.T.);
#2000=ORIENTED_EDGE('',*,*,#1526,.T.);
#2001=ORIENTED_EDGE('',*,*,#1383,.F.);
#2002=ORIENTED_EDGE('',*,*,#1527,.T.);
#2003=ORIENTED_EDGE('',*,*,#1528,.T.);
#2004=ORIENTED_EDGE('',*,*,#1529,.T.);
#2005=ORIENTED_EDGE('',*,*,#1530,.T.);
#2006=ORIENTED_EDGE('',*,*,#1531,.T.);
#2007=ORIENTED_EDGE('',*,*,#1530,.F.);
#2008=ORIENTED_EDGE('',*,*,#1532,.T.);
#2009=ORIENTED_EDGE('',*,*,#1533,.T.);
#2010=ORIENTED_EDGE('',*,*,#1534,.T.);
#2011=ORIENTED_EDGE('',*,*,#1535,.T.);
#2012=ORIENTED_EDGE('',*,*,#1536,.T.);
#2013=ORIENTED_EDGE('',*,*,#1533,.F.);
#2014=ORIENTED_EDGE('',*,*,#1537,.T.);
#2015=ORIENTED_EDGE('',*,*,#1538,.T.);
#2016=ORIENTED_EDGE('',*,*,#1539,.T.);
#2017=ORIENTED_EDGE('',*,*,#1528,.F.);
#2018=ORIENTED_EDGE('',*,*,#1540,.T.);
#2019=ORIENTED_EDGE('',*,*,#1541,.T.);
#2020=ORIENTED_EDGE('',*,*,#1542,.T.);
#2021=ORIENTED_EDGE('',*,*,#1543,.T.);
#2022=ORIENTED_EDGE('',*,*,#1544,.T.);
#2023=ORIENTED_EDGE('',*,*,#1543,.F.);
#2024=ORIENTED_EDGE('',*,*,#1545,.T.);
#2025=ORIENTED_EDGE('',*,*,#1546,.T.);
#2026=ORIENTED_EDGE('',*,*,#1547,.T.);
#2027=ORIENTED_EDGE('',*,*,#1546,.F.);
#2028=ORIENTED_EDGE('',*,*,#1548,.T.);
#2029=ORIENTED_EDGE('',*,*,#1549,.T.);
#2030=ORIENTED_EDGE('',*,*,#1550,.T.);
#2031=ORIENTED_EDGE('',*,*,#1549,.F.);
#2032=ORIENTED_EDGE('',*,*,#1551,.T.);
#2033=ORIENTED_EDGE('',*,*,#1552,.T.);
#2034=ORIENTED_EDGE('',*,*,#1553,.T.);
#2035=ORIENTED_EDGE('',*,*,#1552,.F.);
#2036=ORIENTED_EDGE('',*,*,#1554,.T.);
#2037=ORIENTED_EDGE('',*,*,#1555,.T.);
#2038=ORIENTED_EDGE('',*,*,#1556,.T.);
#2039=ORIENTED_EDGE('',*,*,#1555,.F.);
#2040=ORIENTED_EDGE('',*,*,#1557,.T.);
#2041=ORIENTED_EDGE('',*,*,#1558,.T.);
#2042=ORIENTED_EDGE('',*,*,#1559,.T.);
#2043=ORIENTED_EDGE('',*,*,#1558,.F.);
#2044=ORIENTED_EDGE('',*,*,#1560,.T.);
#2045=ORIENTED_EDGE('',*,*,#1561,.T.);
#2046=ORIENTED_EDGE('',*,*,#1562,.T.);
#2047=ORIENTED_EDGE('',*,*,#1561,.F.);
#2048=ORIENTED_EDGE('',*,*,#1563,.T.);
#2049=ORIENTED_EDGE('',*,*,#1564,.T.);
#2050=ORIENTED_EDGE('',*,*,#1565,.T.);
#2051=ORIENTED_EDGE('',*,*,#1564,.F.);
#2052=ORIENTED_EDGE('',*,*,#1566,.T.);
#2053=ORIENTED_EDGE('',*,*,#1567,.T.);
#2054=ORIENTED_EDGE('',*,*,#1568,.T.);
#2055=ORIENTED_EDGE('',*,*,#1567,.F.);
#2056=ORIENTED_EDGE('',*,*,#1569,.T.);
#2057=ORIENTED_EDGE('',*,*,#1570,.T.);
#2058=ORIENTED_EDGE('',*,*,#1571,.T.);
#2059=ORIENTED_EDGE('',*,*,#1570,.F.);
#2060=ORIENTED_EDGE('',*,*,#1572,.T.);
#2061=ORIENTED_EDGE('',*,*,#1573,.T.);
#2062=ORIENTED_EDGE('',*,*,#1574,.T.);
#2063=ORIENTED_EDGE('',*,*,#1573,.F.);
#2064=ORIENTED_EDGE('',*,*,#1575,.T.);
#2065=ORIENTED_EDGE('',*,*,#1576,.T.);
#2066=ORIENTED_EDGE('',*,*,#1577,.T.);
#2067=ORIENTED_EDGE('',*,*,#1576,.F.);
#2068=ORIENTED_EDGE('',*,*,#1578,.T.);
#2069=ORIENTED_EDGE('',*,*,#1579,.T.);
#2070=ORIENTED_EDGE('',*,*,#1580,.T.);
#2071=ORIENTED_EDGE('',*,*,#1579,.F.);
#2072=ORIENTED_EDGE('',*,*,#1581,.T.);
#2073=ORIENTED_EDGE('',*,*,#1582,.T.);
#2074=ORIENTED_EDGE('',*,*,#1583,.T.);
#2075=ORIENTED_EDGE('',*,*,#1582,.F.);
#2076=ORIENTED_EDGE('',*,*,#1584,.T.);
#2077=ORIENTED_EDGE('',*,*,#1585,.T.);
#2078=ORIENTED_EDGE('',*,*,#1586,.T.);
#2079=ORIENTED_EDGE('',*,*,#1585,.F.);
#2080=ORIENTED_EDGE('',*,*,#1587,.T.);
#2081=ORIENTED_EDGE('',*,*,#1588,.T.);
#2082=ORIENTED_EDGE('',*,*,#1589,.T.);
#2083=ORIENTED_EDGE('',*,*,#1588,.F.);
#2084=ORIENTED_EDGE('',*,*,#1590,.T.);
#2085=ORIENTED_EDGE('',*,*,#1591,.T.);
#2086=ORIENTED_EDGE('',*,*,#1592,.T.);
#2087=ORIENTED_EDGE('',*,*,#1591,.F.);
#2088=ORIENTED_EDGE('',*,*,#1593,.T.);
#2089=ORIENTED_EDGE('',*,*,#1594,.T.);
#2090=ORIENTED_EDGE('',*,*,#1595,.T.);
#2091=ORIENTED_EDGE('',*,*,#1594,.F.);
#2092=ORIENTED_EDGE('',*,*,#1596,.T.);
#2093=ORIENTED_EDGE('',*,*,#1597,.T.);
#2094=ORIENTED_EDGE('',*,*,#1598,.T.);
#2095=ORIENTED_EDGE('',*,*,#1597,.F.);
#2096=ORIENTED_EDGE('',*,*,#1599,.T.);
#2097=ORIENTED_EDGE('',*,*,#1600,.T.);
#2098=ORIENTED_EDGE('',*,*,#1601,.T.);
#2099=ORIENTED_EDGE('',*,*,#1600,.F.);
#2100=ORIENTED_EDGE('',*,*,#1602,.T.);
#2101=ORIENTED_EDGE('',*,*,#1603,.T.);
#2102=ORIENTED_EDGE('',*,*,#1604,.T.);
#2103=ORIENTED_EDGE('',*,*,#1603,.F.);
#2104=ORIENTED_EDGE('',*,*,#1605,.T.);
#2105=ORIENTED_EDGE('',*,*,#1606,.T.);
#2106=ORIENTED_EDGE('',*,*,#1607,.T.);
#2107=ORIENTED_EDGE('',*,*,#1606,.F.);
#2108=ORIENTED_EDGE('',*,*,#1608,.T.);
#2109=ORIENTED_EDGE('',*,*,#1609,.T.);
#2110=ORIENTED_EDGE('',*,*,#1610,.T.);
#2111=ORIENTED_EDGE('',*,*,#1609,.F.);
#2112=ORIENTED_EDGE('',*,*,#1611,.T.);
#2113=ORIENTED_EDGE('',*,*,#1612,.T.);
#2114=ORIENTED_EDGE('',*,*,#1613,.T.);
#2115=ORIENTED_EDGE('',*,*,#1612,.F.);
#2116=ORIENTED_EDGE('',*,*,#1614,.T.);
#2117=ORIENTED_EDGE('',*,*,#1615,.T.);
#2118=ORIENTED_EDGE('',*,*,#1616,.T.);
#2119=ORIENTED_EDGE('',*,*,#1615,.F.);
#2120=ORIENTED_EDGE('',*,*,#1617,.T.);
#2121=ORIENTED_EDGE('',*,*,#1618,.T.);
#2122=ORIENTED_EDGE('',*,*,#1619,.T.);
#2123=ORIENTED_EDGE('',*,*,#1618,.F.);
#2124=ORIENTED_EDGE('',*,*,#1620,.T.);
#2125=ORIENTED_EDGE('',*,*,#1621,.T.);
#2126=ORIENTED_EDGE('',*,*,#1622,.T.);
#2127=ORIENTED_EDGE('',*,*,#1621,.F.);
#2128=ORIENTED_EDGE('',*,*,#1623,.T.);
#2129=ORIENTED_EDGE('',*,*,#1624,.T.);
#2130=ORIENTED_EDGE('',*,*,#1625,.T.);
#2131=ORIENTED_EDGE('',*,*,#1624,.F.);
#2132=ORIENTED_EDGE('',*,*,#1626,.T.);
#2133=ORIENTED_EDGE('',*,*,#1627,.T.);
#2134=ORIENTED_EDGE('',*,*,#1628,.T.);
#2135=ORIENTED_EDGE('',*,*,#1627,.F.);
#2136=ORIENTED_EDGE('',*,*,#1629,.T.);
#2137=ORIENTED_EDGE('',*,*,#1630,.T.);
#2138=ORIENTED_EDGE('',*,*,#1631,.T.);
#2139=ORIENTED_EDGE('',*,*,#1630,.F.);
#2140=ORIENTED_EDGE('',*,*,#1632,.T.);
#2141=ORIENTED_EDGE('',*,*,#1633,.T.);
#2142=ORIENTED_EDGE('',*,*,#1634,.T.);
#2143=ORIENTED_EDGE('',*,*,#1633,.F.);
#2144=ORIENTED_EDGE('',*,*,#1635,.T.);
#2145=ORIENTED_EDGE('',*,*,#1636,.T.);
#2146=ORIENTED_EDGE('',*,*,#1637,.T.);
#2147=ORIENTED_EDGE('',*,*,#1636,.F.);
#2148=ORIENTED_EDGE('',*,*,#1638,.T.);
#2149=ORIENTED_EDGE('',*,*,#1639,.T.);
#2150=ORIENTED_EDGE('',*,*,#1640,.T.);
#2151=ORIENTED_EDGE('',*,*,#1639,.F.);
#2152=ORIENTED_EDGE('',*,*,#1641,.T.);
#2153=ORIENTED_EDGE('',*,*,#1642,.T.);
#2154=ORIENTED_EDGE('',*,*,#1643,.T.);
#2155=ORIENTED_EDGE('',*,*,#1642,.F.);
#2156=ORIENTED_EDGE('',*,*,#1644,.T.);
#2157=ORIENTED_EDGE('',*,*,#1645,.T.);
#2158=ORIENTED_EDGE('',*,*,#1646,.T.);
#2159=ORIENTED_EDGE('',*,*,#1645,.F.);
#2160=ORIENTED_EDGE('',*,*,#1647,.T.);
#2161=ORIENTED_EDGE('',*,*,#1648,.T.);
#2162=ORIENTED_EDGE('',*,*,#1649,.T.);
#2163=ORIENTED_EDGE('',*,*,#1648,.F.);
#2164=ORIENTED_EDGE('',*,*,#1650,.T.);
#2165=ORIENTED_EDGE('',*,*,#1651,.T.);
#2166=ORIENTED_EDGE('',*,*,#1652,.T.);
#2167=ORIENTED_EDGE('',*,*,#1651,.F.);
#2168=ORIENTED_EDGE('',*,*,#1653,.T.);
#2169=ORIENTED_EDGE('',*,*,#1654,.T.);
#2170=ORIENTED_EDGE('',*,*,#1655,.T.);
#2171=ORIENTED_EDGE('',*,*,#1654,.F.);
#2172=ORIENTED_EDGE('',*,*,#1656,.T.);
#2173=ORIENTED_EDGE('',*,*,#1657,.T.);
#2174=ORIENTED_EDGE('',*,*,#1658,.T.);
#2175=ORIENTED_EDGE('',*,*,#1657,.F.);
#2176=ORIENTED_EDGE('',*,*,#1659,.T.);
#2177=ORIENTED_EDGE('',*,*,#1660,.T.);
#2178=ORIENTED_EDGE('',*,*,#1661,.T.);
#2179=ORIENTED_EDGE('',*,*,#1660,.F.);
#2180=ORIENTED_EDGE('',*,*,#1662,.T.);
#2181=ORIENTED_EDGE('',*,*,#1663,.T.);
#2182=ORIENTED_EDGE('',*,*,#1664,.T.);
#2183=ORIENTED_EDGE('',*,*,#1663,.F.);
#2184=ORIENTED_EDGE('',*,*,#1665,.T.);
#2185=ORIENTED_EDGE('',*,*,#1666,.T.);
#2186=ORIENTED_EDGE('',*,*,#1667,.T.);
#2187=ORIENTED_EDGE('',*,*,#1666,.F.);
#2188=ORIENTED_EDGE('',*,*,#1668,.T.);
#2189=ORIENTED_EDGE('',*,*,#1669,.T.);
#2190=ORIENTED_EDGE('',*,*,#1670,.T.);
#2191=ORIENTED_EDGE('',*,*,#1669,.F.);
#2192=ORIENTED_EDGE('',*,*,#1671,.T.);
#2193=ORIENTED_EDGE('',*,*,#1672,.T.);
#2194=ORIENTED_EDGE('',*,*,#1673,.T.);
#2195=ORIENTED_EDGE('',*,*,#1672,.F.);
#2196=ORIENTED_EDGE('',*,*,#1674,.T.);
#2197=ORIENTED_EDGE('',*,*,#1675,.T.);
#2198=ORIENTED_EDGE('',*,*,#1676,.T.);
#2199=ORIENTED_EDGE('',*,*,#1675,.F.);
#2200=ORIENTED_EDGE('',*,*,#1677,.T.);
#2201=ORIENTED_EDGE('',*,*,#1678,.T.);
#2202=ORIENTED_EDGE('',*,*,#1679,.T.);
#2203=ORIENTED_EDGE('',*,*,#1678,.F.);
#2204=ORIENTED_EDGE('',*,*,#1680,.T.);
#2205=ORIENTED_EDGE('',*,*,#1681,.T.);
#2206=ORIENTED_EDGE('',*,*,#1682,.T.);
#2207=ORIENTED_EDGE('',*,*,#1683,.T.);
#2208=ORIENTED_EDGE('',*,*,#1684,.T.);
#2209=ORIENTED_EDGE('',*,*,#1541,.F.);
#2210=ORIENTED_EDGE('',*,*,#1685,.T.);
#2211=ORIENTED_EDGE('',*,*,#1686,.T.);
#2212=ORIENTED_EDGE('',*,*,#1687,.T.);
#2213=ORIENTED_EDGE('',*,*,#1688,.T.);
#2214=ORIENTED_EDGE('',*,*,#1689,.T.);
#2215=ORIENTED_EDGE('',*,*,#1690,.T.);
#2216=ORIENTED_EDGE('',*,*,#1691,.T.);
#2217=ORIENTED_EDGE('',*,*,#1686,.F.);
#2218=ORIENTED_EDGE('',*,*,#1692,.T.);
#2219=ORIENTED_EDGE('',*,*,#1693,.T.);
#2220=ORIENTED_EDGE('',*,*,#1694,.T.);
#2221=ORIENTED_EDGE('',*,*,#1688,.F.);
#2222=ORIENTED_EDGE('',*,*,#1695,.T.);
#2223=ORIENTED_EDGE('',*,*,#1696,.T.);
#2224=ORIENTED_EDGE('',*,*,#1697,.T.);
#2225=ORIENTED_EDGE('',*,*,#1690,.F.);
#2226=ORIENTED_EDGE('',*,*,#1698,.T.);
#2227=ORIENTED_EDGE('',*,*,#1696,.F.);
#2228=ORIENTED_EDGE('',*,*,#1699,.T.);
#2229=ORIENTED_EDGE('',*,*,#1683,.F.);
#2230=ORIENTED_EDGE('',*,*,#1700,.T.);
#2231=ORIENTED_EDGE('',*,*,#1701,.T.);
#2232=ORIENTED_EDGE('',*,*,#1702,.T.);
#2233=ORIENTED_EDGE('',*,*,#1681,.F.);
#2234=ORIENTED_EDGE('',*,*,#1703,.T.);
#2235=ORIENTED_EDGE('',*,*,#1701,.F.);
#2236=ORIENTED_EDGE('',*,*,#1704,.T.);
#2237=ORIENTED_EDGE('',*,*,#1538,.F.);
#2238=ORIENTED_EDGE('',*,*,#1705,.T.);
#2239=ORIENTED_EDGE('',*,*,#1706,.T.);
#2240=ORIENTED_EDGE('',*,*,#1707,.T.);
#2241=ORIENTED_EDGE('',*,*,#1535,.F.);
#2242=ORIENTED_EDGE('',*,*,#1708,.T.);
#2243=ORIENTED_EDGE('',*,*,#1706,.F.);
#2244=ORIENTED_EDGE('',*,*,#1709,.T.);
#2245=ORIENTED_EDGE('',*,*,#1525,.F.);
#2246=ORIENTED_EDGE('',*,*,#1710,.T.);
#2247=ORIENTED_EDGE('',*,*,#1711,.T.);
#2248=ORIENTED_EDGE('',*,*,#1712,.T.);
#2249=ORIENTED_EDGE('',*,*,#1523,.F.);
#2250=ORIENTED_EDGE('',*,*,#1713,.T.);
#2251=ORIENTED_EDGE('',*,*,#1714,.T.);
#2252=ORIENTED_EDGE('',*,*,#1715,.T.);
#2253=ORIENTED_EDGE('',*,*,#1693,.F.);
#2254=ORIENTED_EDGE('',*,*,#1716,.T.);
#2255=ORIENTED_EDGE('',*,*,#1711,.F.);
#2256=ORIENTED_EDGE('',*,*,#1717,.T.);
#2257=ORIENTED_EDGE('',*,*,#1714,.F.);
#2258=ORIENTED_EDGE('',*,*,#1718,.T.);
#2259=ORIENTED_EDGE('',*,*,#1710,.F.);
#2260=ORIENTED_EDGE('',*,*,#1527,.F.);
#2261=ORIENTED_EDGE('',*,*,#1386,.F.);
#2262=ORIENTED_EDGE('',*,*,#1719,.T.);
#2263=ORIENTED_EDGE('',*,*,#1682,.F.);
#2264=ORIENTED_EDGE('',*,*,#1702,.F.);
#2265=ORIENTED_EDGE('',*,*,#1705,.F.);
#2266=ORIENTED_EDGE('',*,*,#1720,.F.);
#2267=ORIENTED_EDGE('',*,*,#1389,.F.);
#2268=ORIENTED_EDGE('',*,*,#1721,.T.);
#2269=ORIENTED_EDGE('',*,*,#1679,.F.);
#2270=ORIENTED_EDGE('',*,*,#1719,.F.);
#2271=ORIENTED_EDGE('',*,*,#1392,.F.);
#2272=ORIENTED_EDGE('',*,*,#1722,.F.);
#2273=ORIENTED_EDGE('',*,*,#1676,.F.);
#2274=ORIENTED_EDGE('',*,*,#1721,.F.);
#2275=ORIENTED_EDGE('',*,*,#1395,.F.);
#2276=ORIENTED_EDGE('',*,*,#1723,.T.);
#2277=ORIENTED_EDGE('',*,*,#1673,.F.);
#2278=ORIENTED_EDGE('',*,*,#1722,.T.);
#2279=ORIENTED_EDGE('',*,*,#1398,.F.);
#2280=ORIENTED_EDGE('',*,*,#1724,.T.);
#2281=ORIENTED_EDGE('',*,*,#1670,.F.);
#2282=ORIENTED_EDGE('',*,*,#1723,.F.);
#2283=ORIENTED_EDGE('',*,*,#1401,.F.);
#2284=ORIENTED_EDGE('',*,*,#1725,.T.);
#2285=ORIENTED_EDGE('',*,*,#1667,.F.);
#2286=ORIENTED_EDGE('',*,*,#1724,.F.);
#2287=ORIENTED_EDGE('',*,*,#1404,.F.);
#2288=ORIENTED_EDGE('',*,*,#1726,.T.);
#2289=ORIENTED_EDGE('',*,*,#1664,.F.);
#2290=ORIENTED_EDGE('',*,*,#1725,.F.);
#2291=ORIENTED_EDGE('',*,*,#1407,.F.);
#2292=ORIENTED_EDGE('',*,*,#1727,.T.);
#2293=ORIENTED_EDGE('',*,*,#1661,.F.);
#2294=ORIENTED_EDGE('',*,*,#1726,.F.);
#2295=ORIENTED_EDGE('',*,*,#1410,.F.);
#2296=ORIENTED_EDGE('',*,*,#1728,.T.);
#2297=ORIENTED_EDGE('',*,*,#1658,.F.);
#2298=ORIENTED_EDGE('',*,*,#1727,.F.);
#2299=ORIENTED_EDGE('',*,*,#1413,.F.);
#2300=ORIENTED_EDGE('',*,*,#1729,.T.);
#2301=ORIENTED_EDGE('',*,*,#1655,.F.);
#2302=ORIENTED_EDGE('',*,*,#1728,.F.);
#2303=ORIENTED_EDGE('',*,*,#1416,.F.);
#2304=ORIENTED_EDGE('',*,*,#1730,.T.);
#2305=ORIENTED_EDGE('',*,*,#1652,.F.);
#2306=ORIENTED_EDGE('',*,*,#1729,.F.);
#2307=ORIENTED_EDGE('',*,*,#1419,.F.);
#2308=ORIENTED_EDGE('',*,*,#1731,.T.);
#2309=ORIENTED_EDGE('',*,*,#1649,.F.);
#2310=ORIENTED_EDGE('',*,*,#1730,.F.);
#2311=ORIENTED_EDGE('',*,*,#1422,.F.);
#2312=ORIENTED_EDGE('',*,*,#1732,.T.);
#2313=ORIENTED_EDGE('',*,*,#1646,.F.);
#2314=ORIENTED_EDGE('',*,*,#1731,.F.);
#2315=ORIENTED_EDGE('',*,*,#1425,.F.);
#2316=ORIENTED_EDGE('',*,*,#1733,.T.);
#2317=ORIENTED_EDGE('',*,*,#1643,.F.);
#2318=ORIENTED_EDGE('',*,*,#1732,.F.);
#2319=ORIENTED_EDGE('',*,*,#1428,.F.);
#2320=ORIENTED_EDGE('',*,*,#1734,.T.);
#2321=ORIENTED_EDGE('',*,*,#1640,.F.);
#2322=ORIENTED_EDGE('',*,*,#1733,.F.);
#2323=ORIENTED_EDGE('',*,*,#1431,.F.);
#2324=ORIENTED_EDGE('',*,*,#1735,.T.);
#2325=ORIENTED_EDGE('',*,*,#1637,.F.);
#2326=ORIENTED_EDGE('',*,*,#1734,.F.);
#2327=ORIENTED_EDGE('',*,*,#1434,.F.);
#2328=ORIENTED_EDGE('',*,*,#1736,.T.);
#2329=ORIENTED_EDGE('',*,*,#1634,.F.);
#2330=ORIENTED_EDGE('',*,*,#1735,.F.);
#2331=ORIENTED_EDGE('',*,*,#1437,.F.);
#2332=ORIENTED_EDGE('',*,*,#1737,.T.);
#2333=ORIENTED_EDGE('',*,*,#1631,.F.);
#2334=ORIENTED_EDGE('',*,*,#1736,.F.);
#2335=ORIENTED_EDGE('',*,*,#1440,.F.);
#2336=ORIENTED_EDGE('',*,*,#1738,.T.);
#2337=ORIENTED_EDGE('',*,*,#1628,.F.);
#2338=ORIENTED_EDGE('',*,*,#1737,.F.);
#2339=ORIENTED_EDGE('',*,*,#1443,.F.);
#2340=ORIENTED_EDGE('',*,*,#1739,.T.);
#2341=ORIENTED_EDGE('',*,*,#1625,.F.);
#2342=ORIENTED_EDGE('',*,*,#1738,.F.);
#2343=ORIENTED_EDGE('',*,*,#1446,.F.);
#2344=ORIENTED_EDGE('',*,*,#1740,.T.);
#2345=ORIENTED_EDGE('',*,*,#1622,.F.);
#2346=ORIENTED_EDGE('',*,*,#1739,.F.);
#2347=ORIENTED_EDGE('',*,*,#1449,.F.);
#2348=ORIENTED_EDGE('',*,*,#1741,.T.);
#2349=ORIENTED_EDGE('',*,*,#1619,.F.);
#2350=ORIENTED_EDGE('',*,*,#1740,.F.);
#2351=ORIENTED_EDGE('',*,*,#1452,.F.);
#2352=ORIENTED_EDGE('',*,*,#1742,.T.);
#2353=ORIENTED_EDGE('',*,*,#1616,.F.);
#2354=ORIENTED_EDGE('',*,*,#1741,.F.);
#2355=ORIENTED_EDGE('',*,*,#1455,.F.);
#2356=ORIENTED_EDGE('',*,*,#1743,.T.);
#2357=ORIENTED_EDGE('',*,*,#1613,.F.);
#2358=ORIENTED_EDGE('',*,*,#1742,.F.);
#2359=ORIENTED_EDGE('',*,*,#1458,.F.);
#2360=ORIENTED_EDGE('',*,*,#1744,.T.);
#2361=ORIENTED_EDGE('',*,*,#1610,.F.);
#2362=ORIENTED_EDGE('',*,*,#1743,.F.);
#2363=ORIENTED_EDGE('',*,*,#1461,.F.);
#2364=ORIENTED_EDGE('',*,*,#1745,.T.);
#2365=ORIENTED_EDGE('',*,*,#1607,.F.);
#2366=ORIENTED_EDGE('',*,*,#1744,.F.);
#2367=ORIENTED_EDGE('',*,*,#1464,.F.);
#2368=ORIENTED_EDGE('',*,*,#1746,.T.);
#2369=ORIENTED_EDGE('',*,*,#1604,.F.);
#2370=ORIENTED_EDGE('',*,*,#1745,.F.);
#2371=ORIENTED_EDGE('',*,*,#1467,.F.);
#2372=ORIENTED_EDGE('',*,*,#1747,.T.);
#2373=ORIENTED_EDGE('',*,*,#1601,.F.);
#2374=ORIENTED_EDGE('',*,*,#1746,.F.);
#2375=ORIENTED_EDGE('',*,*,#1470,.F.);
#2376=ORIENTED_EDGE('',*,*,#1748,.T.);
#2377=ORIENTED_EDGE('',*,*,#1598,.F.);
#2378=ORIENTED_EDGE('',*,*,#1747,.F.);
#2379=ORIENTED_EDGE('',*,*,#1473,.F.);
#2380=ORIENTED_EDGE('',*,*,#1749,.T.);
#2381=ORIENTED_EDGE('',*,*,#1595,.F.);
#2382=ORIENTED_EDGE('',*,*,#1748,.F.);
#2383=ORIENTED_EDGE('',*,*,#1476,.F.);
#2384=ORIENTED_EDGE('',*,*,#1750,.T.);
#2385=ORIENTED_EDGE('',*,*,#1592,.F.);
#2386=ORIENTED_EDGE('',*,*,#1749,.F.);
#2387=ORIENTED_EDGE('',*,*,#1479,.F.);
#2388=ORIENTED_EDGE('',*,*,#1751,.T.);
#2389=ORIENTED_EDGE('',*,*,#1589,.F.);
#2390=ORIENTED_EDGE('',*,*,#1750,.F.);
#2391=ORIENTED_EDGE('',*,*,#1482,.F.);
#2392=ORIENTED_EDGE('',*,*,#1752,.T.);
#2393=ORIENTED_EDGE('',*,*,#1586,.F.);
#2394=ORIENTED_EDGE('',*,*,#1751,.F.);
#2395=ORIENTED_EDGE('',*,*,#1485,.F.);
#2396=ORIENTED_EDGE('',*,*,#1753,.T.);
#2397=ORIENTED_EDGE('',*,*,#1583,.F.);
#2398=ORIENTED_EDGE('',*,*,#1752,.F.);
#2399=ORIENTED_EDGE('',*,*,#1488,.F.);
#2400=ORIENTED_EDGE('',*,*,#1754,.T.);
#2401=ORIENTED_EDGE('',*,*,#1580,.F.);
#2402=ORIENTED_EDGE('',*,*,#1753,.F.);
#2403=ORIENTED_EDGE('',*,*,#1491,.F.);
#2404=ORIENTED_EDGE('',*,*,#1755,.T.);
#2405=ORIENTED_EDGE('',*,*,#1577,.F.);
#2406=ORIENTED_EDGE('',*,*,#1754,.F.);
#2407=ORIENTED_EDGE('',*,*,#1494,.F.);
#2408=ORIENTED_EDGE('',*,*,#1756,.T.);
#2409=ORIENTED_EDGE('',*,*,#1574,.F.);
#2410=ORIENTED_EDGE('',*,*,#1755,.F.);
#2411=ORIENTED_EDGE('',*,*,#1497,.F.);
#2412=ORIENTED_EDGE('',*,*,#1757,.T.);
#2413=ORIENTED_EDGE('',*,*,#1571,.F.);
#2414=ORIENTED_EDGE('',*,*,#1756,.F.);
#2415=ORIENTED_EDGE('',*,*,#1500,.F.);
#2416=ORIENTED_EDGE('',*,*,#1758,.T.);
#2417=ORIENTED_EDGE('',*,*,#1568,.F.);
#2418=ORIENTED_EDGE('',*,*,#1757,.F.);
#2419=ORIENTED_EDGE('',*,*,#1503,.F.);
#2420=ORIENTED_EDGE('',*,*,#1759,.T.);
#2421=ORIENTED_EDGE('',*,*,#1565,.F.);
#2422=ORIENTED_EDGE('',*,*,#1758,.F.);
#2423=ORIENTED_EDGE('',*,*,#1506,.F.);
#2424=ORIENTED_EDGE('',*,*,#1760,.T.);
#2425=ORIENTED_EDGE('',*,*,#1562,.F.);
#2426=ORIENTED_EDGE('',*,*,#1759,.F.);
#2427=ORIENTED_EDGE('',*,*,#1509,.F.);
#2428=ORIENTED_EDGE('',*,*,#1761,.T.);
#2429=ORIENTED_EDGE('',*,*,#1559,.F.);
#2430=ORIENTED_EDGE('',*,*,#1760,.F.);
#2431=ORIENTED_EDGE('',*,*,#1512,.F.);
#2432=ORIENTED_EDGE('',*,*,#1762,.T.);
#2433=ORIENTED_EDGE('',*,*,#1556,.F.);
#2434=ORIENTED_EDGE('',*,*,#1761,.F.);
#2435=ORIENTED_EDGE('',*,*,#1515,.F.);
#2436=ORIENTED_EDGE('',*,*,#1763,.T.);
#2437=ORIENTED_EDGE('',*,*,#1553,.F.);
#2438=ORIENTED_EDGE('',*,*,#1762,.F.);
#2439=ORIENTED_EDGE('',*,*,#1518,.F.);
#2440=ORIENTED_EDGE('',*,*,#1764,.T.);
#2441=ORIENTED_EDGE('',*,*,#1550,.F.);
#2442=ORIENTED_EDGE('',*,*,#1763,.F.);
#2443=ORIENTED_EDGE('',*,*,#1521,.F.);
#2444=ORIENTED_EDGE('',*,*,#1765,.T.);
#2445=ORIENTED_EDGE('',*,*,#1547,.F.);
#2446=ORIENTED_EDGE('',*,*,#1764,.F.);
#2447=ORIENTED_EDGE('',*,*,#1524,.F.);
#2448=ORIENTED_EDGE('',*,*,#1712,.F.);
#2449=ORIENTED_EDGE('',*,*,#1718,.F.);
#2450=ORIENTED_EDGE('',*,*,#1766,.T.);
#2451=ORIENTED_EDGE('',*,*,#1700,.F.);
#2452=ORIENTED_EDGE('',*,*,#1685,.F.);
#2453=ORIENTED_EDGE('',*,*,#1544,.F.);
#2454=ORIENTED_EDGE('',*,*,#1765,.F.);
#2455=ORIENTED_EDGE('',*,*,#1716,.F.);
#2456=ORIENTED_EDGE('',*,*,#1695,.F.);
#2457=ORIENTED_EDGE('',*,*,#1687,.F.);
#2458=ORIENTED_EDGE('',*,*,#1691,.F.);
#2459=ORIENTED_EDGE('',*,*,#1697,.F.);
#2460=ORIENTED_EDGE('',*,*,#1766,.F.);
#2461=ORIENTED_EDGE('',*,*,#1529,.F.);
#2462=ORIENTED_EDGE('',*,*,#1767,.T.);
#2463=ORIENTED_EDGE('',*,*,#1768,.F.);
#2464=ORIENTED_EDGE('',*,*,#1769,.T.);
#2465=ORIENTED_EDGE('',*,*,#1539,.F.);
#2466=ORIENTED_EDGE('',*,*,#1704,.F.);
#2467=ORIENTED_EDGE('',*,*,#1703,.F.);
#2468=ORIENTED_EDGE('',*,*,#1680,.F.);
#2469=ORIENTED_EDGE('',*,*,#1677,.F.);
#2470=ORIENTED_EDGE('',*,*,#1674,.F.);
#2471=ORIENTED_EDGE('',*,*,#1671,.F.);
#2472=ORIENTED_EDGE('',*,*,#1668,.F.);
#2473=ORIENTED_EDGE('',*,*,#1665,.F.);
#2474=ORIENTED_EDGE('',*,*,#1662,.F.);
#2475=ORIENTED_EDGE('',*,*,#1659,.F.);
#2476=ORIENTED_EDGE('',*,*,#1656,.F.);
#2477=ORIENTED_EDGE('',*,*,#1653,.F.);
#2478=ORIENTED_EDGE('',*,*,#1650,.F.);
#2479=ORIENTED_EDGE('',*,*,#1647,.F.);
#2480=ORIENTED_EDGE('',*,*,#1644,.F.);
#2481=ORIENTED_EDGE('',*,*,#1641,.F.);
#2482=ORIENTED_EDGE('',*,*,#1638,.F.);
#2483=ORIENTED_EDGE('',*,*,#1635,.F.);
#2484=ORIENTED_EDGE('',*,*,#1632,.F.);
#2485=ORIENTED_EDGE('',*,*,#1629,.F.);
#2486=ORIENTED_EDGE('',*,*,#1626,.F.);
#2487=ORIENTED_EDGE('',*,*,#1623,.F.);
#2488=ORIENTED_EDGE('',*,*,#1620,.F.);
#2489=ORIENTED_EDGE('',*,*,#1617,.F.);
#2490=ORIENTED_EDGE('',*,*,#1614,.F.);
#2491=ORIENTED_EDGE('',*,*,#1611,.F.);
#2492=ORIENTED_EDGE('',*,*,#1608,.F.);
#2493=ORIENTED_EDGE('',*,*,#1605,.F.);
#2494=ORIENTED_EDGE('',*,*,#1602,.F.);
#2495=ORIENTED_EDGE('',*,*,#1599,.F.);
#2496=ORIENTED_EDGE('',*,*,#1596,.F.);
#2497=ORIENTED_EDGE('',*,*,#1593,.F.);
#2498=ORIENTED_EDGE('',*,*,#1590,.F.);
#2499=ORIENTED_EDGE('',*,*,#1587,.F.);
#2500=ORIENTED_EDGE('',*,*,#1584,.F.);
#2501=ORIENTED_EDGE('',*,*,#1581,.F.);
#2502=ORIENTED_EDGE('',*,*,#1578,.F.);
#2503=ORIENTED_EDGE('',*,*,#1575,.F.);
#2504=ORIENTED_EDGE('',*,*,#1572,.F.);
#2505=ORIENTED_EDGE('',*,*,#1569,.F.);
#2506=ORIENTED_EDGE('',*,*,#1566,.F.);
#2507=ORIENTED_EDGE('',*,*,#1563,.F.);
#2508=ORIENTED_EDGE('',*,*,#1560,.F.);
#2509=ORIENTED_EDGE('',*,*,#1557,.F.);
#2510=ORIENTED_EDGE('',*,*,#1554,.F.);
#2511=ORIENTED_EDGE('',*,*,#1551,.F.);
#2512=ORIENTED_EDGE('',*,*,#1548,.F.);
#2513=ORIENTED_EDGE('',*,*,#1545,.F.);
#2514=ORIENTED_EDGE('',*,*,#1542,.F.);
#2515=ORIENTED_EDGE('',*,*,#1684,.F.);
#2516=ORIENTED_EDGE('',*,*,#1699,.F.);
#2517=ORIENTED_EDGE('',*,*,#1698,.F.);
#2518=ORIENTED_EDGE('',*,*,#1770,.F.);
#2519=ORIENTED_EDGE('',*,*,#1771,.F.);
#2520=ORIENTED_EDGE('',*,*,#1772,.F.);
#2521=ORIENTED_EDGE('',*,*,#1767,.F.);
#2522=ORIENTED_EDGE('',*,*,#1692,.F.);
#2523=ORIENTED_EDGE('',*,*,#1773,.T.);
#2524=ORIENTED_EDGE('',*,*,#1774,.F.);
#2525=ORIENTED_EDGE('',*,*,#1775,.F.);
#2526=ORIENTED_EDGE('',*,*,#1770,.T.);
#2527=ORIENTED_EDGE('',*,*,#1689,.F.);
#2528=ORIENTED_EDGE('',*,*,#1776,.F.);
#2529=ORIENTED_EDGE('',*,*,#1777,.F.);
#2530=ORIENTED_EDGE('',*,*,#1773,.F.);
#2531=ORIENTED_EDGE('',*,*,#1778,.T.);
#2532=ORIENTED_EDGE('',*,*,#1777,.T.);
#2533=ORIENTED_EDGE('',*,*,#1779,.T.);
#2534=ORIENTED_EDGE('',*,*,#1780,.T.);
#2535=ORIENTED_EDGE('',*,*,#1781,.T.);
#2536=ORIENTED_EDGE('',*,*,#1774,.T.);
#2537=ORIENTED_EDGE('',*,*,#1778,.F.);
#2538=ORIENTED_EDGE('',*,*,#1782,.T.);
#2539=ORIENTED_EDGE('',*,*,#1779,.F.);
#2540=ORIENTED_EDGE('',*,*,#1783,.T.);
#2541=ORIENTED_EDGE('',*,*,#1784,.T.);
#2542=ORIENTED_EDGE('',*,*,#1785,.T.);
#2543=ORIENTED_EDGE('',*,*,#1786,.T.);
#2544=ORIENTED_EDGE('',*,*,#1787,.T.);
#2545=ORIENTED_EDGE('',*,*,#1788,.T.);
#2546=ORIENTED_EDGE('',*,*,#1771,.T.);
#2547=ORIENTED_EDGE('',*,*,#1786,.F.);
#2548=ORIENTED_EDGE('',*,*,#1775,.T.);
#2549=ORIENTED_EDGE('',*,*,#1781,.F.);
#2550=ORIENTED_EDGE('',*,*,#1789,.T.);
#2551=ORIENTED_EDGE('',*,*,#1790,.T.);
#2552=ORIENTED_EDGE('',*,*,#1791,.T.);
#2553=ORIENTED_EDGE('',*,*,#1792,.T.);
#2554=ORIENTED_EDGE('',*,*,#1768,.T.);
#2555=ORIENTED_EDGE('',*,*,#1792,.F.);
#2556=ORIENTED_EDGE('',*,*,#1793,.T.);
#2557=ORIENTED_EDGE('',*,*,#1794,.T.);
#2558=ORIENTED_EDGE('',*,*,#1795,.T.);
#2559=ORIENTED_EDGE('',*,*,#1796,.T.);
#2560=ORIENTED_EDGE('',*,*,#1797,.T.);
#2561=ORIENTED_EDGE('',*,*,#1794,.F.);
#2562=ORIENTED_EDGE('',*,*,#1798,.T.);
#2563=ORIENTED_EDGE('',*,*,#1790,.F.);
#2564=ORIENTED_EDGE('',*,*,#1772,.T.);
#2565=ORIENTED_EDGE('',*,*,#1788,.F.);
#2566=ORIENTED_EDGE('',*,*,#1799,.T.);
#2567=ORIENTED_EDGE('',*,*,#1800,.T.);
#2568=ORIENTED_EDGE('',*,*,#1801,.T.);
#2569=ORIENTED_EDGE('',*,*,#1802,.T.);
#2570=ORIENTED_EDGE('',*,*,#1803,.T.);
#2571=ORIENTED_EDGE('',*,*,#1802,.F.);
#2572=ORIENTED_EDGE('',*,*,#1804,.T.);
#2573=ORIENTED_EDGE('',*,*,#1796,.F.);
#2574=ORIENTED_EDGE('',*,*,#1805,.T.);
#2575=ORIENTED_EDGE('',*,*,#1784,.F.);
#2576=ORIENTED_EDGE('',*,*,#1806,.T.);
#2577=ORIENTED_EDGE('',*,*,#1800,.F.);
#2578=ORIENTED_EDGE('',*,*,#1807,.T.);
#2579=ORIENTED_EDGE('',*,*,#1532,.F.);
#2580=ORIENTED_EDGE('',*,*,#1769,.F.);
#2581=ORIENTED_EDGE('',*,*,#1795,.F.);
#2582=ORIENTED_EDGE('',*,*,#1808,.F.);
#2583=ORIENTED_EDGE('',*,*,#1537,.F.);
#2584=ORIENTED_EDGE('',*,*,#1808,.T.);
#2585=ORIENTED_EDGE('',*,*,#1797,.F.);
#2586=ORIENTED_EDGE('',*,*,#1809,.T.);
#2587=ORIENTED_EDGE('',*,*,#1708,.F.);
#2588=ORIENTED_EDGE('',*,*,#1809,.F.);
#2589=ORIENTED_EDGE('',*,*,#1804,.F.);
#2590=ORIENTED_EDGE('',*,*,#1801,.F.);
#2591=ORIENTED_EDGE('',*,*,#1810,.F.);
#2592=ORIENTED_EDGE('',*,*,#1715,.F.);
#2593=ORIENTED_EDGE('',*,*,#1717,.F.);
#2594=ORIENTED_EDGE('',*,*,#1713,.F.);
#2595=ORIENTED_EDGE('',*,*,#1522,.F.);
#2596=ORIENTED_EDGE('',*,*,#1519,.F.);
#2597=ORIENTED_EDGE('',*,*,#1516,.F.);
#2598=ORIENTED_EDGE('',*,*,#1513,.F.);
#2599=ORIENTED_EDGE('',*,*,#1510,.F.);
#2600=ORIENTED_EDGE('',*,*,#1507,.F.);
#2601=ORIENTED_EDGE('',*,*,#1504,.F.);
#2602=ORIENTED_EDGE('',*,*,#1501,.F.);
#2603=ORIENTED_EDGE('',*,*,#1498,.F.);
#2604=ORIENTED_EDGE('',*,*,#1495,.F.);
#2605=ORIENTED_EDGE('',*,*,#1492,.F.);
#2606=ORIENTED_EDGE('',*,*,#1489,.F.);
#2607=ORIENTED_EDGE('',*,*,#1486,.F.);
#2608=ORIENTED_EDGE('',*,*,#1483,.F.);
#2609=ORIENTED_EDGE('',*,*,#1480,.F.);
#2610=ORIENTED_EDGE('',*,*,#1477,.F.);
#2611=ORIENTED_EDGE('',*,*,#1474,.F.);
#2612=ORIENTED_EDGE('',*,*,#1471,.F.);
#2613=ORIENTED_EDGE('',*,*,#1468,.F.);
#2614=ORIENTED_EDGE('',*,*,#1465,.F.);
#2615=ORIENTED_EDGE('',*,*,#1462,.F.);
#2616=ORIENTED_EDGE('',*,*,#1459,.F.);
#2617=ORIENTED_EDGE('',*,*,#1456,.F.);
#2618=ORIENTED_EDGE('',*,*,#1453,.F.);
#2619=ORIENTED_EDGE('',*,*,#1450,.F.);
#2620=ORIENTED_EDGE('',*,*,#1447,.F.);
#2621=ORIENTED_EDGE('',*,*,#1444,.F.);
#2622=ORIENTED_EDGE('',*,*,#1441,.F.);
#2623=ORIENTED_EDGE('',*,*,#1438,.F.);
#2624=ORIENTED_EDGE('',*,*,#1435,.F.);
#2625=ORIENTED_EDGE('',*,*,#1432,.F.);
#2626=ORIENTED_EDGE('',*,*,#1429,.F.);
#2627=ORIENTED_EDGE('',*,*,#1426,.F.);
#2628=ORIENTED_EDGE('',*,*,#1423,.F.);
#2629=ORIENTED_EDGE('',*,*,#1420,.F.);
#2630=ORIENTED_EDGE('',*,*,#1417,.F.);
#2631=ORIENTED_EDGE('',*,*,#1414,.F.);
#2632=ORIENTED_EDGE('',*,*,#1411,.F.);
#2633=ORIENTED_EDGE('',*,*,#1408,.F.);
#2634=ORIENTED_EDGE('',*,*,#1405,.F.);
#2635=ORIENTED_EDGE('',*,*,#1402,.F.);
#2636=ORIENTED_EDGE('',*,*,#1399,.F.);
#2637=ORIENTED_EDGE('',*,*,#1396,.F.);
#2638=ORIENTED_EDGE('',*,*,#1393,.F.);
#2639=ORIENTED_EDGE('',*,*,#1390,.F.);
#2640=ORIENTED_EDGE('',*,*,#1387,.F.);
#2641=ORIENTED_EDGE('',*,*,#1384,.F.);
#2642=ORIENTED_EDGE('',*,*,#1526,.F.);
#2643=ORIENTED_EDGE('',*,*,#1709,.F.);
#2644=ORIENTED_EDGE('',*,*,#1803,.F.);
#2645=ORIENTED_EDGE('',*,*,#1805,.F.);
#2646=ORIENTED_EDGE('',*,*,#1798,.F.);
#2647=ORIENTED_EDGE('',*,*,#1793,.F.);
#2648=ORIENTED_EDGE('',*,*,#1791,.F.);
#2649=ORIENTED_EDGE('',*,*,#1799,.F.);
#2650=ORIENTED_EDGE('',*,*,#1787,.F.);
#2651=ORIENTED_EDGE('',*,*,#1789,.F.);
#2652=ORIENTED_EDGE('',*,*,#1782,.F.);
#2653=ORIENTED_EDGE('',*,*,#1780,.F.);
#2654=ORIENTED_EDGE('',*,*,#1785,.F.);
#2655=ORIENTED_EDGE('',*,*,#1807,.F.);
#2656=ORIENTED_EDGE('',*,*,#1694,.F.);
#2657=ORIENTED_EDGE('',*,*,#1810,.T.);
#2658=ORIENTED_EDGE('',*,*,#1806,.F.);
#2659=ORIENTED_EDGE('',*,*,#1783,.F.);
#2660=ORIENTED_EDGE('',*,*,#1776,.T.);
#2661=ORIENTED_EDGE('',*,*,#1707,.F.);
#2662=ORIENTED_EDGE('',*,*,#1720,.T.);
#2663=ORIENTED_EDGE('',*,*,#1540,.F.);
#2664=ORIENTED_EDGE('',*,*,#1531,.F.);
#2665=ORIENTED_EDGE('',*,*,#1534,.F.);
#2666=ORIENTED_EDGE('',*,*,#1536,.F.);
#2667=CONICAL_SURFACE('',#2941,1.06250000000817,0.785398163397447);
#2668=CONICAL_SURFACE('',#2944,0.0874999999992127,0.785398163397447);
#2669=CONICAL_SURFACE('',#2948,0.0875000000063373,0.785398163397448);
#2670=CONICAL_SURFACE('',#2951,1.0625000000087,0.785398163397437);
#2671=CONICAL_SURFACE('',#2954,0.617500000001585,0.785398163397449);
#2672=CONICAL_SURFACE('',#2957,1.06250000000817,0.785398163397445);
#2673=CONICAL_SURFACE('',#2960,0.0874999999992129,0.785398163397447);
#2674=CONICAL_SURFACE('',#2964,0.0875000000063385,0.785398163397447);
#2675=CONICAL_SURFACE('',#2967,1.06250000000871,0.785398163397454);
#2676=CONICAL_SURFACE('',#2970,0.617500000001585,0.785398163397449);
#2677=CONICAL_SURFACE('',#2973,1.06250000000817,0.785398163397447);
#2678=CONICAL_SURFACE('',#2976,0.0874999999992122,0.785398163397453);
#2679=CONICAL_SURFACE('',#2980,0.0875000000063396,0.785398163397456);
#2680=CONICAL_SURFACE('',#2983,1.0625000000087,0.785398163397447);
#2681=CONICAL_SURFACE('',#2986,0.617500000001585,0.785398163397449);
#2682=CONICAL_SURFACE('',#2989,1.06250000000817,0.785398163397445);
#2683=CONICAL_SURFACE('',#2992,0.0874999999992114,0.78539816339745);
#2684=CONICAL_SURFACE('',#2996,0.0875000000063415,0.785398163397451);
#2685=CONICAL_SURFACE('',#2999,1.06250000000871,0.78539816339745);
#2686=CONICAL_SURFACE('',#3002,0.617500000001587,0.785398163397449);
#2687=CONICAL_SURFACE('',#3005,1.06250000000817,0.785398163397445);
#2688=CONICAL_SURFACE('',#3008,0.0874999999992157,0.78539816339745);
#2689=CONICAL_SURFACE('',#3012,0.0875000000063436,0.785398163397451);
#2690=CONICAL_SURFACE('',#3015,1.06250000000871,0.785398163397451);
#2691=CONICAL_SURFACE('',#3018,0.617500000001587,0.785398163397449);
#2692=CONICAL_SURFACE('',#3021,1.06250000000817,0.785398163397445);
#2693=CONICAL_SURFACE('',#3024,0.0874999999992144,0.78539816339745);
#2694=CONICAL_SURFACE('',#3028,0.0875000000063414,0.785398163397451);
#2695=CONICAL_SURFACE('',#3031,1.06250000000871,0.785398163397453);
#2696=CONICAL_SURFACE('',#3034,0.617500000001587,0.785398163397449);
#2697=CONICAL_SURFACE('',#3037,1.06250000000818,0.78539816339745);
#2698=CONICAL_SURFACE('',#3040,0.0874999999992135,0.78539816339745);
#2699=CONICAL_SURFACE('',#3044,0.0875000000063417,0.785398163397449);
#2700=CONICAL_SURFACE('',#3047,1.06250000000871,0.78539816339745);
#2701=CONICAL_SURFACE('',#3050,0.617500000001587,0.785398163397449);
#2702=CONICAL_SURFACE('',#3053,1.06250000000818,0.785398163397449);
#2703=CONICAL_SURFACE('',#3056,0.0874999999992128,0.785398163397449);
#2704=CONICAL_SURFACE('',#3060,0.0875000000063417,0.78539816339745);
#2705=CONICAL_SURFACE('',#3063,1.06250000000871,0.785398163397449);
#2706=CONICAL_SURFACE('',#3067,1.06250000000871,0.785398163397449);
#2707=CONICAL_SURFACE('',#3070,0.0875000000063417,0.78539816339745);
#2708=CONICAL_SURFACE('',#3074,0.0874999999992128,0.785398163397449);
#2709=CONICAL_SURFACE('',#3077,1.06250000000818,0.785398163397449);
#2710=CONICAL_SURFACE('',#3080,0.617500000001587,0.785398163397449);
#2711=CONICAL_SURFACE('',#3083,1.06250000000871,0.78539816339745);
#2712=CONICAL_SURFACE('',#3086,0.0875000000063417,0.785398163397449);
#2713=CONICAL_SURFACE('',#3090,0.0874999999992135,0.78539816339745);
#2714=CONICAL_SURFACE('',#3093,1.06250000000818,0.78539816339745);
#2715=CONICAL_SURFACE('',#3096,0.617500000001587,0.785398163397449);
#2716=CONICAL_SURFACE('',#3099,1.06250000000871,0.785398163397453);
#2717=CONICAL_SURFACE('',#3102,0.0875000000063414,0.785398163397451);
#2718=CONICAL_SURFACE('',#3106,0.0874999999992144,0.78539816339745);
#2719=CONICAL_SURFACE('',#3109,1.06250000000817,0.785398163397445);
#2720=CONICAL_SURFACE('',#3112,0.617500000001587,0.785398163397449);
#2721=CONICAL_SURFACE('',#3115,1.06250000000871,0.785398163397451);
#2722=CONICAL_SURFACE('',#3118,0.0875000000063436,0.785398163397451);
#2723=CONICAL_SURFACE('',#3122,0.0874999999992157,0.78539816339745);
#2724=CONICAL_SURFACE('',#3125,1.06250000000817,0.785398163397445);
#2725=CONICAL_SURFACE('',#3128,0.617500000001587,0.785398163397449);
#2726=CONICAL_SURFACE('',#3131,1.06250000000871,0.78539816339745);
#2727=CONICAL_SURFACE('',#3134,0.0875000000063415,0.785398163397451);
#2728=CONICAL_SURFACE('',#3138,0.0874999999992114,0.78539816339745);
#2729=CONICAL_SURFACE('',#3141,1.06250000000817,0.785398163397445);
#2730=CONICAL_SURFACE('',#3144,0.617500000001585,0.785398163397449);
#2731=CONICAL_SURFACE('',#3147,1.0625000000087,0.785398163397447);
#2732=CONICAL_SURFACE('',#3150,0.0875000000063396,0.785398163397456);
#2733=CONICAL_SURFACE('',#3154,0.0874999999992122,0.785398163397453);
#2734=CONICAL_SURFACE('',#3157,1.06250000000817,0.785398163397447);
#2735=CONICAL_SURFACE('',#3160,0.617500000001585,0.785398163397449);
#2736=CONICAL_SURFACE('',#3163,1.06250000000871,0.785398163397454);
#2737=CONICAL_SURFACE('',#3166,0.0875000000063385,0.785398163397447);
#2738=CONICAL_SURFACE('',#3170,0.0874999999992129,0.785398163397447);
#2739=CONICAL_SURFACE('',#3173,1.06250000000817,0.785398163397445);
#2740=CONICAL_SURFACE('',#3176,0.617500000001585,0.785398163397449);
#2741=CONICAL_SURFACE('',#3179,1.0625000000087,0.785398163397437);
#2742=CONICAL_SURFACE('',#3182,0.0875000000063373,0.785398163397448);
#2743=CONICAL_SURFACE('',#3186,0.0874999999992127,0.785398163397447);
#2744=CONICAL_SURFACE('',#3189,1.06250000000817,0.785398163397447);
#2745=ADVANCED_FACE('',(#167),#2667,.F.);
#2746=ADVANCED_FACE('',(#168),#2668,.T.);
#2747=ADVANCED_FACE('',(#169),#132,.T.);
#2748=ADVANCED_FACE('',(#170),#2669,.T.);
#2749=ADVANCED_FACE('',(#171),#2670,.F.);
#2750=ADVANCED_FACE('',(#172),#2671,.F.);
#2751=ADVANCED_FACE('',(#173),#2672,.F.);
#2752=ADVANCED_FACE('',(#174),#2673,.T.);
#2753=ADVANCED_FACE('',(#175),#133,.T.);
#2754=ADVANCED_FACE('',(#176),#2674,.T.);
#2755=ADVANCED_FACE('',(#177),#2675,.F.);
#2756=ADVANCED_FACE('',(#178),#2676,.F.);
#2757=ADVANCED_FACE('',(#179),#2677,.F.);
#2758=ADVANCED_FACE('',(#180),#2678,.T.);
#2759=ADVANCED_FACE('',(#181),#134,.T.);
#2760=ADVANCED_FACE('',(#182),#2679,.T.);
#2761=ADVANCED_FACE('',(#183),#2680,.F.);
#2762=ADVANCED_FACE('',(#184),#2681,.F.);
#2763=ADVANCED_FACE('',(#185),#2682,.F.);
#2764=ADVANCED_FACE('',(#186),#2683,.T.);
#2765=ADVANCED_FACE('',(#187),#135,.T.);
#2766=ADVANCED_FACE('',(#188),#2684,.T.);
#2767=ADVANCED_FACE('',(#189),#2685,.F.);
#2768=ADVANCED_FACE('',(#190),#2686,.F.);
#2769=ADVANCED_FACE('',(#191),#2687,.F.);
#2770=ADVANCED_FACE('',(#192),#2688,.T.);
#2771=ADVANCED_FACE('',(#193),#136,.T.);
#2772=ADVANCED_FACE('',(#194),#2689,.T.);
#2773=ADVANCED_FACE('',(#195),#2690,.F.);
#2774=ADVANCED_FACE('',(#196),#2691,.F.);
#2775=ADVANCED_FACE('',(#197),#2692,.F.);
#2776=ADVANCED_FACE('',(#198),#2693,.T.);
#2777=ADVANCED_FACE('',(#199),#137,.T.);
#2778=ADVANCED_FACE('',(#200),#2694,.T.);
#2779=ADVANCED_FACE('',(#201),#2695,.F.);
#2780=ADVANCED_FACE('',(#202),#2696,.F.);
#2781=ADVANCED_FACE('',(#203),#2697,.F.);
#2782=ADVANCED_FACE('',(#204),#2698,.T.);
#2783=ADVANCED_FACE('',(#205),#138,.T.);
#2784=ADVANCED_FACE('',(#206),#2699,.T.);
#2785=ADVANCED_FACE('',(#207),#2700,.F.);
#2786=ADVANCED_FACE('',(#208),#2701,.F.);
#2787=ADVANCED_FACE('',(#209),#2702,.F.);
#2788=ADVANCED_FACE('',(#210),#2703,.T.);
#2789=ADVANCED_FACE('',(#211),#139,.T.);
#2790=ADVANCED_FACE('',(#212),#2704,.T.);
#2791=ADVANCED_FACE('',(#213),#2705,.F.);
#2792=ADVANCED_FACE('',(#214),#108,.T.);
#2793=ADVANCED_FACE('',(#215),#109,.T.);
#2794=ADVANCED_FACE('',(#216),#140,.T.);
#2795=ADVANCED_FACE('',(#217),#110,.T.);
#2796=ADVANCED_FACE('',(#218),#111,.T.);
#2797=ADVANCED_FACE('',(#219),#2706,.F.);
#2798=ADVANCED_FACE('',(#220),#2707,.T.);
#2799=ADVANCED_FACE('',(#221),#141,.T.);
#2800=ADVANCED_FACE('',(#222),#2708,.T.);
#2801=ADVANCED_FACE('',(#223),#2709,.F.);
#2802=ADVANCED_FACE('',(#224),#2710,.F.);
#2803=ADVANCED_FACE('',(#225),#2711,.F.);
#2804=ADVANCED_FACE('',(#226),#2712,.T.);
#2805=ADVANCED_FACE('',(#227),#142,.T.);
#2806=ADVANCED_FACE('',(#228),#2713,.T.);
#2807=ADVANCED_FACE('',(#229),#2714,.F.);
#2808=ADVANCED_FACE('',(#230),#2715,.F.);
#2809=ADVANCED_FACE('',(#231),#2716,.F.);
#2810=ADVANCED_FACE('',(#232),#2717,.T.);
#2811=ADVANCED_FACE('',(#233),#143,.T.);
#2812=ADVANCED_FACE('',(#234),#2718,.T.);
#2813=ADVANCED_FACE('',(#235),#2719,.F.);
#2814=ADVANCED_FACE('',(#236),#2720,.F.);
#2815=ADVANCED_FACE('',(#237),#2721,.F.);
#2816=ADVANCED_FACE('',(#238),#2722,.T.);
#2817=ADVANCED_FACE('',(#239),#144,.T.);
#2818=ADVANCED_FACE('',(#240),#2723,.T.);
#2819=ADVANCED_FACE('',(#241),#2724,.F.);
#2820=ADVANCED_FACE('',(#242),#2725,.F.);
#2821=ADVANCED_FACE('',(#243),#2726,.F.);
#2822=ADVANCED_FACE('',(#244),#2727,.T.);
#2823=ADVANCED_FACE('',(#245),#145,.T.);
#2824=ADVANCED_FACE('',(#246),#2728,.T.);
#2825=ADVANCED_FACE('',(#247),#2729,.F.);
#2826=ADVANCED_FACE('',(#248),#2730,.F.);
#2827=ADVANCED_FACE('',(#249),#2731,.F.);
#2828=ADVANCED_FACE('',(#250),#2732,.T.);
#2829=ADVANCED_FACE('',(#251),#146,.T.);
#2830=ADVANCED_FACE('',(#252),#2733,.T.);
#2831=ADVANCED_FACE('',(#253),#2734,.F.);
#2832=ADVANCED_FACE('',(#254),#2735,.F.);
#2833=ADVANCED_FACE('',(#255),#2736,.F.);
#2834=ADVANCED_FACE('',(#256),#2737,.T.);
#2835=ADVANCED_FACE('',(#257),#147,.T.);
#2836=ADVANCED_FACE('',(#258),#2738,.T.);
#2837=ADVANCED_FACE('',(#259),#2739,.F.);
#2838=ADVANCED_FACE('',(#260),#2740,.F.);
#2839=ADVANCED_FACE('',(#261),#2741,.F.);
#2840=ADVANCED_FACE('',(#262),#2742,.T.);
#2841=ADVANCED_FACE('',(#263),#148,.T.);
#2842=ADVANCED_FACE('',(#264),#2743,.T.);
#2843=ADVANCED_FACE('',(#265),#2744,.F.);
#2844=ADVANCED_FACE('',(#266),#112,.T.);
#2845=ADVANCED_FACE('',(#267),#149,.T.);
#2846=ADVANCED_FACE('',(#268),#113,.T.);
#2847=ADVANCED_FACE('',(#269),#114,.T.);
#2848=ADVANCED_FACE('',(#270),#115,.T.);
#2849=ADVANCED_FACE('',(#271),#116,.T.);
#2850=ADVANCED_FACE('',(#272),#117,.T.);
#2851=ADVANCED_FACE('',(#273),#118,.T.);
#2852=ADVANCED_FACE('',(#274),#119,.T.);
#2853=ADVANCED_FACE('',(#275),#120,.T.);
#2854=ADVANCED_FACE('',(#276),#121,.T.);
#2855=ADVANCED_FACE('',(#277),#122,.T.);
#2856=ADVANCED_FACE('',(#278),#123,.T.);
#2857=ADVANCED_FACE('',(#279),#15,.F.);
#2858=ADVANCED_FACE('',(#280),#16,.T.);
#2859=ADVANCED_FACE('',(#281),#150,.T.);
#2860=ADVANCED_FACE('',(#282),#17,.T.);
#2861=ADVANCED_FACE('',(#283),#18,.F.);
#2862=ADVANCED_FACE('',(#284),#19,.F.);
#2863=ADVANCED_FACE('',(#285),#20,.F.);
#2864=ADVANCED_FACE('',(#286),#21,.T.);
#2865=ADVANCED_FACE('',(#287),#151,.T.);
#2866=ADVANCED_FACE('',(#288),#22,.T.);
#2867=ADVANCED_FACE('',(#289),#23,.F.);
#2868=ADVANCED_FACE('',(#290),#24,.F.);
#2869=ADVANCED_FACE('',(#291),#25,.F.);
#2870=ADVANCED_FACE('',(#292),#26,.T.);
#2871=ADVANCED_FACE('',(#293),#152,.T.);
#2872=ADVANCED_FACE('',(#294),#27,.T.);
#2873=ADVANCED_FACE('',(#295),#28,.F.);
#2874=ADVANCED_FACE('',(#296),#29,.F.);
#2875=ADVANCED_FACE('',(#297),#30,.F.);
#2876=ADVANCED_FACE('',(#298),#31,.T.);
#2877=ADVANCED_FACE('',(#299),#153,.T.);
#2878=ADVANCED_FACE('',(#300),#32,.T.);
#2879=ADVANCED_FACE('',(#301),#33,.F.);
#2880=ADVANCED_FACE('',(#302),#34,.F.);
#2881=ADVANCED_FACE('',(#303),#35,.F.);
#2882=ADVANCED_FACE('',(#304),#36,.T.);
#2883=ADVANCED_FACE('',(#305),#154,.T.);
#2884=ADVANCED_FACE('',(#306),#37,.T.);
#2885=ADVANCED_FACE('',(#307),#38,.F.);
#2886=ADVANCED_FACE('',(#308),#39,.F.);
#2887=ADVANCED_FACE('',(#309),#40,.F.);
#2888=ADVANCED_FACE('',(#310),#41,.T.);
#2889=ADVANCED_FACE('',(#311),#155,.T.);
#2890=ADVANCED_FACE('',(#312),#42,.T.);
#2891=ADVANCED_FACE('',(#313),#43,.F.);
#2892=ADVANCED_FACE('',(#314),#44,.F.);
#2893=ADVANCED_FACE('',(#315),#45,.F.);
#2894=ADVANCED_FACE('',(#316),#46,.T.);
#2895=ADVANCED_FACE('',(#317),#156,.T.);
#2896=ADVANCED_FACE('',(#318),#47,.T.);
#2897=ADVANCED_FACE('',(#319),#48,.F.);
#2898=ADVANCED_FACE('',(#320),#49,.F.);
#2899=ADVANCED_FACE('',(#321),#50,.F.);
#2900=ADVANCED_FACE('',(#322),#51,.T.);
#2901=ADVANCED_FACE('',(#323),#157,.T.);
#2902=ADVANCED_FACE('',(#324),#52,.T.);
#2903=ADVANCED_FACE('',(#325),#53,.F.);
#2904=ADVANCED_FACE('',(#326),#54,.F.);
#2905=ADVANCED_FACE('',(#327),#55,.T.);
#2906=ADVANCED_FACE('',(#328),#158,.T.);
#2907=ADVANCED_FACE('',(#329),#56,.T.);
#2908=ADVANCED_FACE('',(#330),#159,.T.);
#2909=ADVANCED_FACE('',(#331),#160,.T.);
#2910=ADVANCED_FACE('',(#332),#124,.T.);
#2911=ADVANCED_FACE('',(#333),#125,.T.);
#2912=ADVANCED_FACE('',(#334),#161,.T.);
#2913=ADVANCED_FACE('',(#335),#126,.T.);
#2914=ADVANCED_FACE('',(#336),#127,.T.);
#2915=ADVANCED_FACE('',(#337),#162,.T.);
#2916=ADVANCED_FACE('',(#338),#128,.T.);
#2917=ADVANCED_FACE('',(#339),#129,.T.);
#2918=ADVANCED_FACE('',(#340),#163,.T.);
#2919=ADVANCED_FACE('',(#341),#130,.T.);
#2920=ADVANCED_FACE('',(#342),#131,.T.);
#2921=ADVANCED_FACE('',(#343),#164,.T.);
#2922=ADVANCED_FACE('',(#344),#57,.T.);
#2923=ADVANCED_FACE('',(#345),#165,.F.);
#2924=ADVANCED_FACE('',(#346),#166,.T.);
#2925=ADVANCED_FACE('',(#347),#58,.T.);
#2926=ADVANCED_FACE('',(#348),#59,.F.);
#2927=CLOSED_SHELL('',(#2745,#2746,#2747,#2748,#2749,#2750,#2751,#2752,
#2753,#2754,#2755,#2756,#2757,#2758,#2759,#2760,#2761,#2762,#2763,#2764,
#2765,#2766,#2767,#2768,#2769,#2770,#2771,#2772,#2773,#2774,#2775,#2776,
#2777,#2778,#2779,#2780,#2781,#2782,#2783,#2784,#2785,#2786,#2787,#2788,
#2789,#2790,#2791,#2792,#2793,#2794,#2795,#2796,#2797,#2798,#2799,#2800,
#2801,#2802,#2803,#2804,#2805,#2806,#2807,#2808,#2809,#2810,#2811,#2812,
#2813,#2814,#2815,#2816,#2817,#2818,#2819,#2820,#2821,#2822,#2823,#2824,
#2825,#2826,#2827,#2828,#2829,#2830,#2831,#2832,#2833,#2834,#2835,#2836,
#2837,#2838,#2839,#2840,#2841,#2842,#2843,#2844,#2845,#2846,#2847,#2848,
#2849,#2850,#2851,#2852,#2853,#2854,#2855,#2856,#2857,#2858,#2859,#2860,
#2861,#2862,#2863,#2864,#2865,#2866,#2867,#2868,#2869,#2870,#2871,#2872,
#2873,#2874,#2875,#2876,#2877,#2878,#2879,#2880,#2881,#2882,#2883,#2884,
#2885,#2886,#2887,#2888,#2889,#2890,#2891,#2892,#2893,#2894,#2895,#2896,
#2897,#2898,#2899,#2900,#2901,#2902,#2903,#2904,#2905,#2906,#2907,#2908,
#2909,#2910,#2911,#2912,#2913,#2914,#2915,#2916,#2917,#2918,#2919,#2920,
#2921,#2922,#2923,#2924,#2925,#2926));
#2928=DERIVED_UNIT_ELEMENT(#2930,1.);
#2929=DERIVED_UNIT_ELEMENT(#5573,-3.);
#2930=(
MASS_UNIT()
NAMED_UNIT(*)
SI_UNIT(.KILO.,.GRAM.)
);
#2931=DERIVED_UNIT((#2928,#2929));
#2932=MEASURE_REPRESENTATION_ITEM('density measure',
POSITIVE_RATIO_MEASURE(1380.),#2931);
#2933=PROPERTY_DEFINITION_REPRESENTATION(#2938,#2935);
#2934=PROPERTY_DEFINITION_REPRESENTATION(#2939,#2936);
#2935=REPRESENTATION('material name',(#2937),#5570);
#2936=REPRESENTATION('density',(#2932),#5570);
#2937=DESCRIPTIVE_REPRESENTATION_ITEM('Laminate, White, Matte',
'Laminate, White, Matte');
#2938=PROPERTY_DEFINITION('material property','material name',#5580);
#2939=PROPERTY_DEFINITION('material property','density of part',#5580);
#2940=AXIS2_PLACEMENT_3D('',#4109,#3255,#3256);
#2941=AXIS2_PLACEMENT_3D('',#4110,#3257,#3258);
#2942=AXIS2_PLACEMENT_3D('',#4115,#3260,#3261);
#2943=AXIS2_PLACEMENT_3D('',#4118,#3263,#3264);
#2944=AXIS2_PLACEMENT_3D('',#4119,#3265,#3266);
#2945=AXIS2_PLACEMENT_3D('',#4121,#3267,#3268);
#2946=AXIS2_PLACEMENT_3D('',#4124,#3270,#3271);
#2947=AXIS2_PLACEMENT_3D('',#4125,#3272,#3273);
#2948=AXIS2_PLACEMENT_3D('',#4131,#3277,#3278);
#2949=AXIS2_PLACEMENT_3D('',#4133,#3279,#3280);
#2950=AXIS2_PLACEMENT_3D('',#4136,#3282,#3283);
#2951=AXIS2_PLACEMENT_3D('',#4137,#3284,#3285);
#2952=AXIS2_PLACEMENT_3D('',#4139,#3286,#3287);
#2953=AXIS2_PLACEMENT_3D('',#4142,#3289,#3290);
#2954=AXIS2_PLACEMENT_3D('',#4143,#3291,#3292);
#2955=AXIS2_PLACEMENT_3D('',#4145,#3293,#3294);
#2956=AXIS2_PLACEMENT_3D('',#4148,#3296,#3297);
#2957=AXIS2_PLACEMENT_3D('',#4149,#3298,#3299);
#2958=AXIS2_PLACEMENT_3D('',#4151,#3300,#3301);
#2959=AXIS2_PLACEMENT_3D('',#4154,#3303,#3304);
#2960=AXIS2_PLACEMENT_3D('',#4155,#3305,#3306);
#2961=AXIS2_PLACEMENT_3D('',#4157,#3307,#3308);
#2962=AXIS2_PLACEMENT_3D('',#4160,#3310,#3311);
#2963=AXIS2_PLACEMENT_3D('',#4161,#3312,#3313);
#2964=AXIS2_PLACEMENT_3D('',#4167,#3317,#3318);
#2965=AXIS2_PLACEMENT_3D('',#4169,#3319,#3320);
#2966=AXIS2_PLACEMENT_3D('',#4172,#3322,#3323);
#2967=AXIS2_PLACEMENT_3D('',#4173,#3324,#3325);
#2968=AXIS2_PLACEMENT_3D('',#4175,#3326,#3327);
#2969=AXIS2_PLACEMENT_3D('',#4178,#3329,#3330);
#2970=AXIS2_PLACEMENT_3D('',#4179,#3331,#3332);
#2971=AXIS2_PLACEMENT_3D('',#4181,#3333,#3334);
#2972=AXIS2_PLACEMENT_3D('',#4184,#3336,#3337);
#2973=AXIS2_PLACEMENT_3D('',#4185,#3338,#3339);
#2974=AXIS2_PLACEMENT_3D('',#4187,#3340,#3341);
#2975=AXIS2_PLACEMENT_3D('',#4190,#3343,#3344);
#2976=AXIS2_PLACEMENT_3D('',#4191,#3345,#3346);
#2977=AXIS2_PLACEMENT_3D('',#4193,#3347,#3348);
#2978=AXIS2_PLACEMENT_3D('',#4196,#3350,#3351);
#2979=AXIS2_PLACEMENT_3D('',#4197,#3352,#3353);
#2980=AXIS2_PLACEMENT_3D('',#4203,#3357,#3358);
#2981=AXIS2_PLACEMENT_3D('',#4205,#3359,#3360);
#2982=AXIS2_PLACEMENT_3D('',#4208,#3362,#3363);
#2983=AXIS2_PLACEMENT_3D('',#4209,#3364,#3365);
#2984=AXIS2_PLACEMENT_3D('',#4211,#3366,#3367);
#2985=AXIS2_PLACEMENT_3D('',#4214,#3369,#3370);
#2986=AXIS2_PLACEMENT_3D('',#4215,#3371,#3372);
#2987=AXIS2_PLACEMENT_3D('',#4217,#3373,#3374);
#2988=AXIS2_PLACEMENT_3D('',#4220,#3376,#3377);
#2989=AXIS2_PLACEMENT_3D('',#4221,#3378,#3379);
#2990=AXIS2_PLACEMENT_3D('',#4223,#3380,#3381);
#2991=AXIS2_PLACEMENT_3D('',#4226,#3383,#3384);
#2992=AXIS2_PLACEMENT_3D('',#4227,#3385,#3386);
#2993=AXIS2_PLACEMENT_3D('',#4229,#3387,#3388);
#2994=AXIS2_PLACEMENT_3D('',#4232,#3390,#3391);
#2995=AXIS2_PLACEMENT_3D('',#4233,#3392,#3393);
#2996=AXIS2_PLACEMENT_3D('',#4239,#3397,#3398);
#2997=AXIS2_PLACEMENT_3D('',#4241,#3399,#3400);
#2998=AXIS2_PLACEMENT_3D('',#4244,#3402,#3403);
#2999=AXIS2_PLACEMENT_3D('',#4245,#3404,#3405);
#3000=AXIS2_PLACEMENT_3D('',#4247,#3406,#3407);
#3001=AXIS2_PLACEMENT_3D('',#4250,#3409,#3410);
#3002=AXIS2_PLACEMENT_3D('',#4251,#3411,#3412);
#3003=AXIS2_PLACEMENT_3D('',#4253,#3413,#3414);
#3004=AXIS2_PLACEMENT_3D('',#4256,#3416,#3417);
#3005=AXIS2_PLACEMENT_3D('',#4257,#3418,#3419);
#3006=AXIS2_PLACEMENT_3D('',#4259,#3420,#3421);
#3007=AXIS2_PLACEMENT_3D('',#4262,#3423,#3424);
#3008=AXIS2_PLACEMENT_3D('',#4263,#3425,#3426);
#3009=AXIS2_PLACEMENT_3D('',#4265,#3427,#3428);
#3010=AXIS2_PLACEMENT_3D('',#4268,#3430,#3431);
#3011=AXIS2_PLACEMENT_3D('',#4269,#3432,#3433);
#3012=AXIS2_PLACEMENT_3D('',#4275,#3437,#3438);
#3013=AXIS2_PLACEMENT_3D('',#4277,#3439,#3440);
#3014=AXIS2_PLACEMENT_3D('',#4280,#3442,#3443);
#3015=AXIS2_PLACEMENT_3D('',#4281,#3444,#3445);
#3016=AXIS2_PLACEMENT_3D('',#4283,#3446,#3447);
#3017=AXIS2_PLACEMENT_3D('',#4286,#3449,#3450);
#3018=AXIS2_PLACEMENT_3D('',#4287,#3451,#3452);
#3019=AXIS2_PLACEMENT_3D('',#4289,#3453,#3454);
#3020=AXIS2_PLACEMENT_3D('',#4292,#3456,#3457);
#3021=AXIS2_PLACEMENT_3D('',#4293,#3458,#3459);
#3022=AXIS2_PLACEMENT_3D('',#4295,#3460,#3461);
#3023=AXIS2_PLACEMENT_3D('',#4298,#3463,#3464);
#3024=AXIS2_PLACEMENT_3D('',#4299,#3465,#3466);
#3025=AXIS2_PLACEMENT_3D('',#4301,#3467,#3468);
#3026=AXIS2_PLACEMENT_3D('',#4304,#3470,#3471);
#3027=AXIS2_PLACEMENT_3D('',#4305,#3472,#3473);
#3028=AXIS2_PLACEMENT_3D('',#4311,#3477,#3478);
#3029=AXIS2_PLACEMENT_3D('',#4313,#3479,#3480);
#3030=AXIS2_PLACEMENT_3D('',#4316,#3482,#3483);
#3031=AXIS2_PLACEMENT_3D('',#4317,#3484,#3485);
#3032=AXIS2_PLACEMENT_3D('',#4319,#3486,#3487);
#3033=AXIS2_PLACEMENT_3D('',#4322,#3489,#3490);
#3034=AXIS2_PLACEMENT_3D('',#4323,#3491,#3492);
#3035=AXIS2_PLACEMENT_3D('',#4325,#3493,#3494);
#3036=AXIS2_PLACEMENT_3D('',#4328,#3496,#3497);
#3037=AXIS2_PLACEMENT_3D('',#4329,#3498,#3499);
#3038=AXIS2_PLACEMENT_3D('',#4331,#3500,#3501);
#3039=AXIS2_PLACEMENT_3D('',#4334,#3503,#3504);
#3040=AXIS2_PLACEMENT_3D('',#4335,#3505,#3506);
#3041=AXIS2_PLACEMENT_3D('',#4337,#3507,#3508);
#3042=AXIS2_PLACEMENT_3D('',#4340,#3510,#3511);
#3043=AXIS2_PLACEMENT_3D('',#4341,#3512,#3513);
#3044=AXIS2_PLACEMENT_3D('',#4347,#3517,#3518);
#3045=AXIS2_PLACEMENT_3D('',#4349,#3519,#3520);
#3046=AXIS2_PLACEMENT_3D('',#4352,#3522,#3523);
#3047=AXIS2_PLACEMENT_3D('',#4353,#3524,#3525);
#3048=AXIS2_PLACEMENT_3D('',#4355,#3526,#3527);
#3049=AXIS2_PLACEMENT_3D('',#4358,#3529,#3530);
#3050=AXIS2_PLACEMENT_3D('',#4359,#3531,#3532);
#3051=AXIS2_PLACEMENT_3D('',#4361,#3533,#3534);
#3052=AXIS2_PLACEMENT_3D('',#4364,#3536,#3537);
#3053=AXIS2_PLACEMENT_3D('',#4365,#3538,#3539);
#3054=AXIS2_PLACEMENT_3D('',#4367,#3540,#3541);
#3055=AXIS2_PLACEMENT_3D('',#4370,#3543,#3544);
#3056=AXIS2_PLACEMENT_3D('',#4371,#3545,#3546);
#3057=AXIS2_PLACEMENT_3D('',#4373,#3547,#3548);
#3058=AXIS2_PLACEMENT_3D('',#4376,#3550,#3551);
#3059=AXIS2_PLACEMENT_3D('',#4377,#3552,#3553);
#3060=AXIS2_PLACEMENT_3D('',#4383,#3557,#3558);
#3061=AXIS2_PLACEMENT_3D('',#4385,#3559,#3560);
#3062=AXIS2_PLACEMENT_3D('',#4388,#3562,#3563);
#3063=AXIS2_PLACEMENT_3D('',#4389,#3564,#3565);
#3064=AXIS2_PLACEMENT_3D('',#4391,#3566,#3567);
#3065=AXIS2_PLACEMENT_3D('',#4394,#3569,#3570);
#3066=AXIS2_PLACEMENT_3D('',#4470,#3574,#3575);
#3067=AXIS2_PLACEMENT_3D('',#4548,#3581,#3582);
#3068=AXIS2_PLACEMENT_3D('',#4553,#3584,#3585);
#3069=AXIS2_PLACEMENT_3D('',#4556,#3587,#3588);
#3070=AXIS2_PLACEMENT_3D('',#4557,#3589,#3590);
#3071=AXIS2_PLACEMENT_3D('',#4559,#3591,#3592);
#3072=AXIS2_PLACEMENT_3D('',#4562,#3594,#3595);
#3073=AXIS2_PLACEMENT_3D('',#4563,#3596,#3597);
#3074=AXIS2_PLACEMENT_3D('',#4569,#3601,#3602);
#3075=AXIS2_PLACEMENT_3D('',#4571,#3603,#3604);
#3076=AXIS2_PLACEMENT_3D('',#4574,#3606,#3607);
#3077=AXIS2_PLACEMENT_3D('',#4575,#3608,#3609);
#3078=AXIS2_PLACEMENT_3D('',#4577,#3610,#3611);
#3079=AXIS2_PLACEMENT_3D('',#4580,#3613,#3614);
#3080=AXIS2_PLACEMENT_3D('',#4581,#3615,#3616);
#3081=AXIS2_PLACEMENT_3D('',#4583,#3617,#3618);
#3082=AXIS2_PLACEMENT_3D('',#4586,#3620,#3621);
#3083=AXIS2_PLACEMENT_3D('',#4587,#3622,#3623);
#3084=AXIS2_PLACEMENT_3D('',#4589,#3624,#3625);
#3085=AXIS2_PLACEMENT_3D('',#4592,#3627,#3628);
#3086=AXIS2_PLACEMENT_3D('',#4593,#3629,#3630);
#3087=AXIS2_PLACEMENT_3D('',#4595,#3631,#3632);
#3088=AXIS2_PLACEMENT_3D('',#4598,#3634,#3635);
#3089=AXIS2_PLACEMENT_3D('',#4599,#3636,#3637);
#3090=AXIS2_PLACEMENT_3D('',#4605,#3641,#3642);
#3091=AXIS2_PLACEMENT_3D('',#4607,#3643,#3644);
#3092=AXIS2_PLACEMENT_3D('',#4610,#3646,#3647);
#3093=AXIS2_PLACEMENT_3D('',#4611,#3648,#3649);
#3094=AXIS2_PLACEMENT_3D('',#4613,#3650,#3651);
#3095=AXIS2_PLACEMENT_3D('',#4616,#3653,#3654);
#3096=AXIS2_PLACEMENT_3D('',#4617,#3655,#3656);
#3097=AXIS2_PLACEMENT_3D('',#4619,#3657,#3658);
#3098=AXIS2_PLACEMENT_3D('',#4622,#3660,#3661);
#3099=AXIS2_PLACEMENT_3D('',#4623,#3662,#3663);
#3100=AXIS2_PLACEMENT_3D('',#4625,#3664,#3665);
#3101=AXIS2_PLACEMENT_3D('',#4628,#3667,#3668);
#3102=AXIS2_PLACEMENT_3D('',#4629,#3669,#3670);
#3103=AXIS2_PLACEMENT_3D('',#4631,#3671,#3672);
#3104=AXIS2_PLACEMENT_3D('',#4634,#3674,#3675);
#3105=AXIS2_PLACEMENT_3D('',#4635,#3676,#3677);
#3106=AXIS2_PLACEMENT_3D('',#4641,#3681,#3682);
#3107=AXIS2_PLACEMENT_3D('',#4643,#3683,#3684);
#3108=AXIS2_PLACEMENT_3D('',#4646,#3686,#3687);
#3109=AXIS2_PLACEMENT_3D('',#4647,#3688,#3689);
#3110=AXIS2_PLACEMENT_3D('',#4649,#3690,#3691);
#3111=AXIS2_PLACEMENT_3D('',#4652,#3693,#3694);
#3112=AXIS2_PLACEMENT_3D('',#4653,#3695,#3696);
#3113=AXIS2_PLACEMENT_3D('',#4655,#3697,#3698);
#3114=AXIS2_PLACEMENT_3D('',#4658,#3700,#3701);
#3115=AXIS2_PLACEMENT_3D('',#4659,#3702,#3703);
#3116=AXIS2_PLACEMENT_3D('',#4661,#3704,#3705);
#3117=AXIS2_PLACEMENT_3D('',#4664,#3707,#3708);
#3118=AXIS2_PLACEMENT_3D('',#4665,#3709,#3710);
#3119=AXIS2_PLACEMENT_3D('',#4667,#3711,#3712);
#3120=AXIS2_PLACEMENT_3D('',#4670,#3714,#3715);
#3121=AXIS2_PLACEMENT_3D('',#4671,#3716,#3717);
#3122=AXIS2_PLACEMENT_3D('',#4677,#3721,#3722);
#3123=AXIS2_PLACEMENT_3D('',#4679,#3723,#3724);
#3124=AXIS2_PLACEMENT_3D('',#4682,#3726,#3727);
#3125=AXIS2_PLACEMENT_3D('',#4683,#3728,#3729);
#3126=AXIS2_PLACEMENT_3D('',#4685,#3730,#3731);
#3127=AXIS2_PLACEMENT_3D('',#4688,#3733,#3734);
#3128=AXIS2_PLACEMENT_3D('',#4689,#3735,#3736);
#3129=AXIS2_PLACEMENT_3D('',#4691,#3737,#3738);
#3130=AXIS2_PLACEMENT_3D('',#4694,#3740,#3741);
#3131=AXIS2_PLACEMENT_3D('',#4695,#3742,#3743);
#3132=AXIS2_PLACEMENT_3D('',#4697,#3744,#3745);
#3133=AXIS2_PLACEMENT_3D('',#4700,#3747,#3748);
#3134=AXIS2_PLACEMENT_3D('',#4701,#3749,#3750);
#3135=AXIS2_PLACEMENT_3D('',#4703,#3751,#3752);
#3136=AXIS2_PLACEMENT_3D('',#4706,#3754,#3755);
#3137=AXIS2_PLACEMENT_3D('',#4707,#3756,#3757);
#3138=AXIS2_PLACEMENT_3D('',#4713,#3761,#3762);
#3139=AXIS2_PLACEMENT_3D('',#4715,#3763,#3764);
#3140=AXIS2_PLACEMENT_3D('',#4718,#3766,#3767);
#3141=AXIS2_PLACEMENT_3D('',#4719,#3768,#3769);
#3142=AXIS2_PLACEMENT_3D('',#4721,#3770,#3771);
#3143=AXIS2_PLACEMENT_3D('',#4724,#3773,#3774);
#3144=AXIS2_PLACEMENT_3D('',#4725,#3775,#3776);
#3145=AXIS2_PLACEMENT_3D('',#4727,#3777,#3778);
#3146=AXIS2_PLACEMENT_3D('',#4730,#3780,#3781);
#3147=AXIS2_PLACEMENT_3D('',#4731,#3782,#3783);
#3148=AXIS2_PLACEMENT_3D('',#4733,#3784,#3785);
#3149=AXIS2_PLACEMENT_3D('',#4736,#3787,#3788);
#3150=AXIS2_PLACEMENT_3D('',#4737,#3789,#3790);
#3151=AXIS2_PLACEMENT_3D('',#4739,#3791,#3792);
#3152=AXIS2_PLACEMENT_3D('',#4742,#3794,#3795);
#3153=AXIS2_PLACEMENT_3D('',#4743,#3796,#3797);
#3154=AXIS2_PLACEMENT_3D('',#4749,#3801,#3802);
#3155=AXIS2_PLACEMENT_3D('',#4751,#3803,#3804);
#3156=AXIS2_PLACEMENT_3D('',#4754,#3806,#3807);
#3157=AXIS2_PLACEMENT_3D('',#4755,#3808,#3809);
#3158=AXIS2_PLACEMENT_3D('',#4757,#3810,#3811);
#3159=AXIS2_PLACEMENT_3D('',#4760,#3813,#3814);
#3160=AXIS2_PLACEMENT_3D('',#4761,#3815,#3816);
#3161=AXIS2_PLACEMENT_3D('',#4763,#3817,#3818);
#3162=AXIS2_PLACEMENT_3D('',#4766,#3820,#3821);
#3163=AXIS2_PLACEMENT_3D('',#4767,#3822,#3823);
#3164=AXIS2_PLACEMENT_3D('',#4769,#3824,#3825);
#3165=AXIS2_PLACEMENT_3D('',#4772,#3827,#3828);
#3166=AXIS2_PLACEMENT_3D('',#4773,#3829,#3830);
#3167=AXIS2_PLACEMENT_3D('',#4775,#3831,#3832);
#3168=AXIS2_PLACEMENT_3D('',#4778,#3834,#3835);
#3169=AXIS2_PLACEMENT_3D('',#4779,#3836,#3837);
#3170=AXIS2_PLACEMENT_3D('',#4785,#3841,#3842);
#3171=AXIS2_PLACEMENT_3D('',#4787,#3843,#3844);
#3172=AXIS2_PLACEMENT_3D('',#4790,#3846,#3847);
#3173=AXIS2_PLACEMENT_3D('',#4791,#3848,#3849);
#3174=AXIS2_PLACEMENT_3D('',#4793,#3850,#3851);
#3175=AXIS2_PLACEMENT_3D('',#4796,#3853,#3854);
#3176=AXIS2_PLACEMENT_3D('',#4797,#3855,#3856);
#3177=AXIS2_PLACEMENT_3D('',#4799,#3857,#3858);
#3178=AXIS2_PLACEMENT_3D('',#4802,#3860,#3861);
#3179=AXIS2_PLACEMENT_3D('',#4803,#3862,#3863);
#3180=AXIS2_PLACEMENT_3D('',#4805,#3864,#3865);
#3181=AXIS2_PLACEMENT_3D('',#4808,#3867,#3868);
#3182=AXIS2_PLACEMENT_3D('',#4809,#3869,#3870);
#3183=AXIS2_PLACEMENT_3D('',#4811,#3871,#3872);
#3184=AXIS2_PLACEMENT_3D('',#4814,#3874,#3875);
#3185=AXIS2_PLACEMENT_3D('',#4815,#3876,#3877);
#3186=AXIS2_PLACEMENT_3D('',#4821,#3881,#3882);
#3187=AXIS2_PLACEMENT_3D('',#4823,#3883,#3884);
#3188=AXIS2_PLACEMENT_3D('',#4826,#3886,#3887);
#3189=AXIS2_PLACEMENT_3D('',#4827,#3888,#3889);
#3190=AXIS2_PLACEMENT_3D('',#4829,#3890,#3891);
#3191=AXIS2_PLACEMENT_3D('',#4832,#3893,#3894);
#3192=AXIS2_PLACEMENT_3D('',#4860,#3896,#3897);
#3193=AXIS2_PLACEMENT_3D('',#5190,#3909,#3910);
#3194=AXIS2_PLACEMENT_3D('',#5193,#3913,#3914);
#3195=AXIS2_PLACEMENT_3D('',#5195,#3916,#3917);
#3196=AXIS2_PLACEMENT_3D('',#5197,#3919,#3920);
#3197=AXIS2_PLACEMENT_3D('',#5199,#3922,#3923);
#3198=AXIS2_PLACEMENT_3D('',#5201,#3925,#3926);
#3199=AXIS2_PLACEMENT_3D('',#5203,#3928,#3929);
#3200=AXIS2_PLACEMENT_3D('',#5205,#3931,#3932);
#3201=AXIS2_PLACEMENT_3D('',#5207,#3934,#3935);
#3202=AXIS2_PLACEMENT_3D('',#5209,#3937,#3938);
#3203=AXIS2_PLACEMENT_3D('',#5211,#3940,#3941);
#3204=AXIS2_PLACEMENT_3D('',#5213,#3943,#3944);
#3205=AXIS2_PLACEMENT_3D('',#5215,#3946,#3947);
#3206=AXIS2_PLACEMENT_3D('',#5217,#3949,#3950);
#3207=AXIS2_PLACEMENT_3D('',#5219,#3952,#3953);
#3208=AXIS2_PLACEMENT_3D('',#5221,#3955,#3956);
#3209=AXIS2_PLACEMENT_3D('',#5223,#3958,#3959);
#3210=AXIS2_PLACEMENT_3D('',#5225,#3961,#3962);
#3211=AXIS2_PLACEMENT_3D('',#5227,#3964,#3965);
#3212=AXIS2_PLACEMENT_3D('',#5229,#3967,#3968);
#3213=AXIS2_PLACEMENT_3D('',#5231,#3970,#3971);
#3214=AXIS2_PLACEMENT_3D('',#5233,#3973,#3974);
#3215=AXIS2_PLACEMENT_3D('',#5235,#3976,#3977);
#3216=AXIS2_PLACEMENT_3D('',#5237,#3979,#3980);
#3217=AXIS2_PLACEMENT_3D('',#5239,#3982,#3983);
#3218=AXIS2_PLACEMENT_3D('',#5241,#3985,#3986);
#3219=AXIS2_PLACEMENT_3D('',#5243,#3988,#3989);
#3220=AXIS2_PLACEMENT_3D('',#5245,#3991,#3992);
#3221=AXIS2_PLACEMENT_3D('',#5247,#3994,#3995);
#3222=AXIS2_PLACEMENT_3D('',#5249,#3997,#3998);
#3223=AXIS2_PLACEMENT_3D('',#5251,#4000,#4001);
#3224=AXIS2_PLACEMENT_3D('',#5253,#4003,#4004);
#3225=AXIS2_PLACEMENT_3D('',#5255,#4006,#4007);
#3226=AXIS2_PLACEMENT_3D('',#5257,#4009,#4010);
#3227=AXIS2_PLACEMENT_3D('',#5259,#4012,#4013);
#3228=AXIS2_PLACEMENT_3D('',#5261,#4015,#4016);
#3229=AXIS2_PLACEMENT_3D('',#5263,#4018,#4019);
#3230=AXIS2_PLACEMENT_3D('',#5265,#4021,#4022);
#3231=AXIS2_PLACEMENT_3D('',#5267,#4024,#4025);
#3232=AXIS2_PLACEMENT_3D('',#5269,#4027,#4028);
#3233=AXIS2_PLACEMENT_3D('',#5271,#4030,#4031);
#3234=AXIS2_PLACEMENT_3D('',#5273,#4033,#4034);
#3235=AXIS2_PLACEMENT_3D('',#5275,#4036,#4037);
#3236=AXIS2_PLACEMENT_3D('',#5277,#4039,#4040);
#3237=AXIS2_PLACEMENT_3D('',#5279,#4042,#4043);
#3238=AXIS2_PLACEMENT_3D('',#5281,#4045,#4046);
#3239=AXIS2_PLACEMENT_3D('',#5283,#4048,#4049);
#3240=AXIS2_PLACEMENT_3D('',#5285,#4051,#4052);
#3241=AXIS2_PLACEMENT_3D('',#5286,#4053,#4054);
#3242=AXIS2_PLACEMENT_3D('',#5296,#4057,#4058);
#3243=AXIS2_PLACEMENT_3D('',#5305,#4061,#4062);
#3244=AXIS2_PLACEMENT_3D('',#5318,#4064,#4065);
#3245=AXIS2_PLACEMENT_3D('',#5322,#4068,#4069);
#3246=AXIS2_PLACEMENT_3D('',#5388,#4075,#4076);
#3247=AXIS2_PLACEMENT_3D('',#5443,#4082,#4083);
#3248=AXIS2_PLACEMENT_3D('',#5502,#4088,#4089);
#3249=AXIS2_PLACEMENT_3D('',#5559,#4094,#4095);
#3250=AXIS2_PLACEMENT_3D('',#5561,#4097,#4098);
#3251=AXIS2_PLACEMENT_3D('',#5563,#4100,#4101);
#3252=AXIS2_PLACEMENT_3D('',#5565,#4103,#4104);
#3253=AXIS2_PLACEMENT_3D('',#5566,#4105,#4106);
#3254=AXIS2_PLACEMENT_3D('',#5567,#4107,#4108);
#3255=DIRECTION('axis',(0.,0.,1.));
#3256=DIRECTION('refdir',(1.,0.,0.));
#3257=DIRECTION('center_axis',(-1.,0.,0.));
#3258=DIRECTION('ref_axis',(0.,0.996202729426197,0.0870638954090331));
#3259=DIRECTION('',(-0.707106781186546,0.680742983556151,0.191282488323086));
#3260=DIRECTION('center_axis',(-1.,0.,0.));
#3261=DIRECTION('ref_axis',(0.,0.996202729426197,0.0870638954090331));
#3262=DIRECTION('',(0.707106781186547,-0.704421705413812,-0.0615634708402461));
#3263=DIRECTION('center_axis',(1.,0.,0.));
#3264=DIRECTION('ref_axis',(0.,0.996202729426197,0.0870638954090331));
#3265=DIRECTION('center_axis',(1.,0.,0.));
#3266=DIRECTION('ref_axis',(0.,-0.996202729426198,-0.0870638954090288));
#3267=DIRECTION('center_axis',(1.,0.,0.));
#3268=DIRECTION('ref_axis',(0.,-0.996202729426197,-0.0870638954090288));
#3269=DIRECTION('',(0.707106781186549,-0.0308435645971541,-0.706433772212894));
#3270=DIRECTION('center_axis',(-1.,0.,0.));
#3271=DIRECTION('ref_axis',(0.,-0.996202729426198,-0.0870638954090288));
#3272=DIRECTION('center_axis',(-0.707106781186548,-0.0308435645972322,-0.706433772212892));
#3273=DIRECTION('ref_axis',(-0.706770036377103,0.,0.70744336570464));
#3274=DIRECTION('',(0.,0.999048221581858,-0.0436193873653364));
#3275=DIRECTION('',(0.707106781186541,-0.0308435645972291,-0.706433772212899));
#3276=DIRECTION('',(0.,-0.999048221581858,0.0436193873653364));
#3277=DIRECTION('center_axis',(1.,0.,0.));
#3278=DIRECTION('ref_axis',(0.,-0.0436193873653014,-0.999048221581859));
#3279=DIRECTION('center_axis',(1.,0.,0.));
#3280=DIRECTION('ref_axis',(0.,-0.0436193873653014,-0.999048221581859));
#3281=DIRECTION('',(0.707106781186542,0.696375558126012,-0.122723600194474));
#3282=DIRECTION('center_axis',(-1.,0.,0.));
#3283=DIRECTION('ref_axis',(0.,-0.0436193873653014,-0.999048221581859));
#3284=DIRECTION('center_axis',(-1.,0.,0.));
#3285=DIRECTION('ref_axis',(0.,-0.878906759751767,0.476993613859399));
#3286=DIRECTION('center_axis',(-1.,0.,0.));
#3287=DIRECTION('ref_axis',(0.,-0.878906759751767,0.476993613859399));
#3288=DIRECTION('',(0.707106781186549,0.621480929851169,-0.337285418942658));
#3289=DIRECTION('center_axis',(1.,0.,0.));
#3290=DIRECTION('ref_axis',(0.,-0.878906759751767,0.476993613859399));
#3291=DIRECTION('center_axis',(-1.,0.,0.));
#3292=DIRECTION('ref_axis',(0.,0.917134986884484,0.398576737696013));
#3293=DIRECTION('center_axis',(-1.,0.,0.));
#3294=DIRECTION('ref_axis',(0.,0.917134986884484,0.398576737696013));
#3295=DIRECTION('',(0.707106781186537,-0.648512368489464,-0.281836314048067));
#3296=DIRECTION('center_axis',(1.,0.,0.));
#3297=DIRECTION('ref_axis',(0.,0.917134986884484,0.398576737696013));
#3298=DIRECTION('center_axis',(-1.,0.,0.));
#3299=DIRECTION('ref_axis',(0.,0.996202729426197,0.087063895409032));
#3300=DIRECTION('center_axis',(-1.,0.,0.));
#3301=DIRECTION('ref_axis',(0.,0.996202729426197,0.087063895409032));
#3302=DIRECTION('',(0.707106781186547,-0.704421705413812,-0.0615634708402399));
#3303=DIRECTION('center_axis',(1.,0.,0.));
#3304=DIRECTION('ref_axis',(0.,0.996202729426197,0.087063895409032));
#3305=DIRECTION('center_axis',(1.,0.,0.));
#3306=DIRECTION('ref_axis',(0.,-0.996202729426196,-0.0870638954090435));
#3307=DIRECTION('center_axis',(1.,0.,0.));
#3308=DIRECTION('ref_axis',(0.,-0.996202729426196,-0.0870638954090434));
#3309=DIRECTION('',(0.707106781186549,-0.0308435645971541,-0.706433772212894));
#3310=DIRECTION('center_axis',(-1.,0.,0.));
#3311=DIRECTION('ref_axis',(0.,-0.996202729426196,-0.0870638954090435));
#3312=DIRECTION('center_axis',(-0.707106781186548,-0.0308435645972322,-0.706433772212892));
#3313=DIRECTION('ref_axis',(-0.706770036377103,0.,0.70744336570464));
#3314=DIRECTION('',(0.,0.999048221581858,-0.0436193873653364));
#3315=DIRECTION('',(0.707106781186541,-0.0308435645972291,-0.706433772212899));
#3316=DIRECTION('',(0.,-0.999048221581858,0.0436193873653364));
#3317=DIRECTION('center_axis',(1.,0.,0.));
#3318=DIRECTION('ref_axis',(0.,-0.0436193873653011,-0.999048221581859));
#3319=DIRECTION('center_axis',(1.,0.,0.));
#3320=DIRECTION('ref_axis',(0.,-0.0436193873653011,-0.999048221581859));
#3321=DIRECTION('',(0.707106781186556,0.696375558125988,-0.122723600194533));
#3322=DIRECTION('center_axis',(-1.,0.,0.));
#3323=DIRECTION('ref_axis',(0.,-0.0436193873653011,-0.999048221581859));
#3324=DIRECTION('center_axis',(-1.,0.,0.));
#3325=DIRECTION('ref_axis',(0.,-0.878906759751767,0.476993613859399));
#3326=DIRECTION('center_axis',(-1.,0.,0.));
#3327=DIRECTION('ref_axis',(0.,-0.878906759751767,0.476993613859399));
#3328=DIRECTION('',(0.707106781186535,0.621480929851182,-0.337285418942664));
#3329=DIRECTION('center_axis',(1.,0.,0.));
#3330=DIRECTION('ref_axis',(0.,-0.878906759751767,0.476993613859399));
#3331=DIRECTION('center_axis',(-1.,0.,0.));
#3332=DIRECTION('ref_axis',(0.,0.917134986884484,0.398576737696013));
#3333=DIRECTION('center_axis',(-1.,0.,0.));
#3334=DIRECTION('ref_axis',(0.,0.917134986884484,0.398576737696013));
#3335=DIRECTION('',(0.707106781186537,-0.648512368489464,-0.281836314048067));
#3336=DIRECTION('center_axis',(1.,0.,0.));
#3337=DIRECTION('ref_axis',(0.,0.917134986884484,0.398576737696013));
#3338=DIRECTION('center_axis',(-1.,0.,0.));
#3339=DIRECTION('ref_axis',(0.,0.996202729426197,0.0870638954090309));
#3340=DIRECTION('center_axis',(-1.,0.,0.));
#3341=DIRECTION('ref_axis',(0.,0.996202729426197,0.0870638954090309));
#3342=DIRECTION('',(0.707106781186547,-0.704421705413812,-0.0615634708402399));
#3343=DIRECTION('center_axis',(1.,0.,0.));
#3344=DIRECTION('ref_axis',(0.,0.996202729426197,0.0870638954090309));
#3345=DIRECTION('center_axis',(1.,0.,0.));
#3346=DIRECTION('ref_axis',(0.,-0.996202729426196,-0.0870638954090508));
#3347=DIRECTION('center_axis',(1.,0.,0.));
#3348=DIRECTION('ref_axis',(0.,-0.996202729426196,-0.0870638954090508));
#3349=DIRECTION('',(0.707106781186543,-0.0308435645971538,-0.7064337722129));
#3350=DIRECTION('center_axis',(-1.,0.,0.));
#3351=DIRECTION('ref_axis',(0.,-0.996202729426196,-0.0870638954090508));
#3352=DIRECTION('center_axis',(-0.707106781186548,-0.0308435645972322,-0.706433772212892));
#3353=DIRECTION('ref_axis',(-0.706770036377103,0.,0.70744336570464));
#3354=DIRECTION('',(0.,0.999048221581858,-0.0436193873653364));
#3355=DIRECTION('',(0.707106781186541,-0.0308435645972291,-0.706433772212899));
#3356=DIRECTION('',(0.,-0.999048221581858,0.0436193873653364));
#3357=DIRECTION('center_axis',(1.,0.,0.));
#3358=DIRECTION('ref_axis',(0.,-0.0436193873653005,-0.999048221581859));
#3359=DIRECTION('center_axis',(1.,0.,0.));
#3360=DIRECTION('ref_axis',(0.,-0.0436193873653005,-0.999048221581859));
#3361=DIRECTION('',(0.707106781186539,0.696375558126021,-0.122723600194436));
#3362=DIRECTION('center_axis',(-1.,0.,0.));
#3363=DIRECTION('ref_axis',(0.,-0.0436193873653005,-0.999048221581859));
#3364=DIRECTION('center_axis',(-1.,0.,0.));
#3365=DIRECTION('ref_axis',(0.,-0.878906759751766,0.476993613859401));
#3366=DIRECTION('center_axis',(-1.,0.,0.));
#3367=DIRECTION('ref_axis',(0.,-0.878906759751766,0.476993613859401));
#3368=DIRECTION('',(0.707106781186542,0.621480929851176,-0.337285418942661));
#3369=DIRECTION('center_axis',(1.,0.,0.));
#3370=DIRECTION('ref_axis',(0.,-0.878906759751766,0.476993613859401));
#3371=DIRECTION('center_axis',(-1.,0.,0.));
#3372=DIRECTION('ref_axis',(0.,0.917134986884483,0.398576737696016));
#3373=DIRECTION('center_axis',(-1.,0.,0.));
#3374=DIRECTION('ref_axis',(0.,0.917134986884483,0.398576737696016));
#3375=DIRECTION('',(0.707106781186537,-0.648512368489464,-0.281836314048067));
#3376=DIRECTION('center_axis',(1.,0.,0.));
#3377=DIRECTION('ref_axis',(0.,0.917134986884483,0.398576737696016));
#3378=DIRECTION('center_axis',(-1.,0.,0.));
#3379=DIRECTION('ref_axis',(0.,0.996202729426197,0.0870638954090322));
#3380=DIRECTION('center_axis',(-1.,0.,0.));
#3381=DIRECTION('ref_axis',(0.,0.996202729426197,0.0870638954090322));
#3382=DIRECTION('',(0.707106781186551,-0.704421705413809,-0.0615634708402401));
#3383=DIRECTION('center_axis',(1.,0.,0.));
#3384=DIRECTION('ref_axis',(0.,0.996202729426197,0.0870638954090322));
#3385=DIRECTION('center_axis',(1.,0.,0.));
#3386=DIRECTION('ref_axis',(0.,-0.996202729426196,-0.0870638954090514));
#3387=DIRECTION('center_axis',(1.,0.,0.));
#3388=DIRECTION('ref_axis',(0.,-0.996202729426196,-0.0870638954090515));
#3389=DIRECTION('',(0.707106781186546,-0.0308435645971477,-0.706433772212897));
#3390=DIRECTION('center_axis',(-1.,0.,0.));
#3391=DIRECTION('ref_axis',(0.,-0.996202729426196,-0.0870638954090514));
#3392=DIRECTION('center_axis',(-0.707106781186548,-0.0308435645972322,-0.706433772212892));
#3393=DIRECTION('ref_axis',(-0.706770036377103,0.,0.70744336570464));
#3394=DIRECTION('',(0.,0.999048221581858,-0.0436193873653364));
#3395=DIRECTION('',(0.707106781186541,-0.0308435645972291,-0.706433772212899));
#3396=DIRECTION('',(0.,-0.999048221581858,0.0436193873653364));
#3397=DIRECTION('center_axis',(1.,0.,0.));
#3398=DIRECTION('ref_axis',(0.,-0.0436193873653297,-0.999048221581858));
#3399=DIRECTION('center_axis',(1.,0.,0.));
#3400=DIRECTION('ref_axis',(0.,-0.0436193873653297,-0.999048221581858));
#3401=DIRECTION('',(0.707106781186548,0.696375558126011,-0.122723600194443));
#3402=DIRECTION('center_axis',(-1.,0.,0.));
#3403=DIRECTION('ref_axis',(0.,-0.0436193873653297,-0.999048221581858));
#3404=DIRECTION('center_axis',(-1.,0.,0.));
#3405=DIRECTION('ref_axis',(0.,-0.878906759751767,0.4769936138594));
#3406=DIRECTION('center_axis',(-1.,0.,0.));
#3407=DIRECTION('ref_axis',(0.,-0.878906759751767,0.4769936138594));
#3408=DIRECTION('',(0.707106781186549,0.621480929851169,-0.337285418942658));
#3409=DIRECTION('center_axis',(1.,0.,0.));
#3410=DIRECTION('ref_axis',(0.,-0.878906759751767,0.4769936138594));
#3411=DIRECTION('center_axis',(-1.,0.,0.));
#3412=DIRECTION('ref_axis',(0.,0.917134986884485,0.398576737696012));
#3413=DIRECTION('center_axis',(-1.,0.,0.));
#3414=DIRECTION('ref_axis',(0.,0.917134986884485,0.398576737696012));
#3415=DIRECTION('',(0.70710678118654,-0.648512368489461,-0.281836314048068));
#3416=DIRECTION('center_axis',(1.,0.,0.));
#3417=DIRECTION('ref_axis',(0.,0.917134986884485,0.398576737696012));
#3418=DIRECTION('center_axis',(-1.,0.,0.));
#3419=DIRECTION('ref_axis',(0.,0.996202729426197,0.087063895409032));
#3420=DIRECTION('center_axis',(-1.,0.,0.));
#3421=DIRECTION('ref_axis',(0.,0.996202729426197,0.087063895409032));
#3422=DIRECTION('',(0.707106781186551,-0.704421705413809,-0.0615634708402401));
#3423=DIRECTION('center_axis',(1.,0.,0.));
#3424=DIRECTION('ref_axis',(0.,0.996202729426197,0.087063895409032));
#3425=DIRECTION('center_axis',(1.,0.,0.));
#3426=DIRECTION('ref_axis',(0.,-0.996202729426197,-0.0870638954090342));
#3427=DIRECTION('center_axis',(1.,0.,0.));
#3428=DIRECTION('ref_axis',(0.,-0.996202729426197,-0.0870638954090342));
#3429=DIRECTION('',(0.707106781186549,-0.0308435645971666,-0.706433772212894));
#3430=DIRECTION('center_axis',(-1.,0.,0.));
#3431=DIRECTION('ref_axis',(0.,-0.996202729426197,-0.0870638954090342));
#3432=DIRECTION('center_axis',(-0.707106781186548,-0.0308435645972322,-0.706433772212892));
#3433=DIRECTION('ref_axis',(-0.706770036377103,0.,0.70744336570464));
#3434=DIRECTION('',(0.,0.999048221581858,-0.0436193873653364));
#3435=DIRECTION('',(0.707106781186541,-0.0308435645972291,-0.706433772212899));
#3436=DIRECTION('',(0.,-0.999048221581858,0.0436193873653364));
#3437=DIRECTION('center_axis',(1.,0.,0.));
#3438=DIRECTION('ref_axis',(0.,-0.0436193873653069,-0.999048221581859));
#3439=DIRECTION('center_axis',(1.,0.,0.));
#3440=DIRECTION('ref_axis',(0.,-0.0436193873653069,-0.999048221581859));
#3441=DIRECTION('',(0.707106781186546,0.696375558126009,-0.122723600194468));
#3442=DIRECTION('center_axis',(-1.,0.,0.));
#3443=DIRECTION('ref_axis',(0.,-0.0436193873653069,-0.999048221581859));
#3444=DIRECTION('center_axis',(-1.,0.,0.));
#3445=DIRECTION('ref_axis',(0.,-0.878906759751767,0.476993613859399));
#3446=DIRECTION('center_axis',(-1.,0.,0.));
#3447=DIRECTION('ref_axis',(0.,-0.878906759751767,0.476993613859399));
#3448=DIRECTION('',(0.707106781186549,0.621480929851169,-0.337285418942658));
#3449=DIRECTION('center_axis',(1.,0.,0.));
#3450=DIRECTION('ref_axis',(0.,-0.878906759751767,0.476993613859399));
#3451=DIRECTION('center_axis',(-1.,0.,0.));
#3452=DIRECTION('ref_axis',(0.,0.917134986884485,0.398576737696012));
#3453=DIRECTION('center_axis',(-1.,0.,0.));
#3454=DIRECTION('ref_axis',(0.,0.917134986884485,0.398576737696012));
#3455=DIRECTION('',(0.70710678118654,-0.648512368489461,-0.281836314048068));
#3456=DIRECTION('center_axis',(1.,0.,0.));
#3457=DIRECTION('ref_axis',(0.,0.917134986884485,0.398576737696012));
#3458=DIRECTION('center_axis',(-1.,0.,0.));
#3459=DIRECTION('ref_axis',(0.,0.996202729426197,0.0870638954090319));
#3460=DIRECTION('center_axis',(-1.,0.,0.));
#3461=DIRECTION('ref_axis',(0.,0.996202729426197,0.0870638954090319));
#3462=DIRECTION('',(0.707106781186551,-0.704421705413809,-0.0615634708402401));
#3463=DIRECTION('center_axis',(1.,0.,0.));
#3464=DIRECTION('ref_axis',(0.,0.996202729426197,0.0870638954090319));
#3465=DIRECTION('center_axis',(1.,0.,0.));
#3466=DIRECTION('ref_axis',(0.,-0.996202729426198,-0.0870638954090201));
#3467=DIRECTION('center_axis',(1.,0.,0.));
#3468=DIRECTION('ref_axis',(0.,-0.996202729426198,-0.0870638954090201));
#3469=DIRECTION('',(0.707106781186546,-0.0308435645971602,-0.706433772212897));
#3470=DIRECTION('center_axis',(-1.,0.,0.));
#3471=DIRECTION('ref_axis',(0.,-0.996202729426198,-0.0870638954090201));
#3472=DIRECTION('center_axis',(-0.707106781186548,-0.0308435645972322,-0.706433772212892));
#3473=DIRECTION('ref_axis',(-0.706770036377103,0.,0.70744336570464));
#3474=DIRECTION('',(0.,0.999048221581858,-0.0436193873653364));
#3475=DIRECTION('',(0.707106781186541,-0.0308435645972323,-0.706433772212899));
#3476=DIRECTION('',(0.,-0.999048221581858,0.0436193873653364));
#3477=DIRECTION('center_axis',(1.,0.,0.));
#3478=DIRECTION('ref_axis',(0.,-0.0436193873653149,-0.999048221581859));
#3479=DIRECTION('center_axis',(1.,0.,0.));
#3480=DIRECTION('ref_axis',(0.,-0.0436193873653149,-0.999048221581859));
#3481=DIRECTION('',(0.707106781186547,0.69637555812601,-0.122723600194456));
#3482=DIRECTION('center_axis',(-1.,0.,0.));
#3483=DIRECTION('ref_axis',(0.,-0.0436193873653149,-0.999048221581859));
#3484=DIRECTION('center_axis',(-1.,0.,0.));
#3485=DIRECTION('ref_axis',(0.,-0.878906759751767,0.476993613859399));
#3486=DIRECTION('center_axis',(-1.,0.,0.));
#3487=DIRECTION('ref_axis',(0.,-0.878906759751767,0.476993613859399));
#3488=DIRECTION('',(0.70710678118655,0.621480929851167,-0.337285418942659));
#3489=DIRECTION('center_axis',(1.,0.,0.));
#3490=DIRECTION('ref_axis',(0.,-0.878906759751767,0.476993613859399));
#3491=DIRECTION('center_axis',(-1.,0.,0.));
#3492=DIRECTION('ref_axis',(0.,0.917134986884485,0.398576737696012));
#3493=DIRECTION('center_axis',(-1.,0.,0.));
#3494=DIRECTION('ref_axis',(0.,0.917134986884485,0.398576737696012));
#3495=DIRECTION('',(0.707106781186543,-0.648512368489457,-0.281836314048069));
#3496=DIRECTION('center_axis',(1.,0.,0.));
#3497=DIRECTION('ref_axis',(0.,0.917134986884485,0.398576737696012));
#3498=DIRECTION('center_axis',(-1.,0.,0.));
#3499=DIRECTION('ref_axis',(0.,0.996202729426197,0.0870638954090318));
#3500=DIRECTION('center_axis',(-1.,0.,0.));
#3501=DIRECTION('ref_axis',(0.,0.996202729426197,0.0870638954090318));
#3502=DIRECTION('',(0.707106781186546,-0.704421705413813,-0.0615634708402397));
#3503=DIRECTION('center_axis',(1.,0.,0.));
#3504=DIRECTION('ref_axis',(0.,0.996202729426197,0.0870638954090318));
#3505=DIRECTION('center_axis',(1.,0.,0.));
#3506=DIRECTION('ref_axis',(0.,-0.996202729426197,-0.0870638954090355));
#3507=DIRECTION('center_axis',(1.,0.,0.));
#3508=DIRECTION('ref_axis',(0.,-0.996202729426197,-0.0870638954090355));
#3509=DIRECTION('',(0.707106781186549,-0.0308435645971604,-0.706433772212894));
#3510=DIRECTION('center_axis',(-1.,0.,0.));
#3511=DIRECTION('ref_axis',(0.,-0.996202729426197,-0.0870638954090355));
#3512=DIRECTION('center_axis',(-0.707106781186548,-0.0308435645972322,-0.706433772212892));
#3513=DIRECTION('ref_axis',(-0.706770036377103,0.,0.70744336570464));
#3514=DIRECTION('',(0.,0.999048221581858,-0.0436193873653364));
#3515=DIRECTION('',(0.707106781186541,-0.0308435645972323,-0.706433772212899));
#3516=DIRECTION('',(0.,-0.999048221581858,0.0436193873653364));
#3517=DIRECTION('center_axis',(1.,0.,0.));
#3518=DIRECTION('ref_axis',(0.,-0.0436193873653112,-0.999048221581859));
#3519=DIRECTION('center_axis',(1.,0.,0.));
#3520=DIRECTION('ref_axis',(0.,-0.0436193873653112,-0.999048221581859));
#3521=DIRECTION('',(0.707106781186547,0.69637555812601,-0.122723600194456));
#3522=DIRECTION('center_axis',(-1.,0.,0.));
#3523=DIRECTION('ref_axis',(0.,-0.0436193873653112,-0.999048221581859));
#3524=DIRECTION('center_axis',(-1.,0.,0.));
#3525=DIRECTION('ref_axis',(0.,-0.878906759751767,0.4769936138594));
#3526=DIRECTION('center_axis',(-1.,0.,0.));
#3527=DIRECTION('ref_axis',(0.,-0.878906759751767,0.4769936138594));
#3528=DIRECTION('',(0.707106781186549,0.621480929851169,-0.337285418942658));
#3529=DIRECTION('center_axis',(1.,0.,0.));
#3530=DIRECTION('ref_axis',(0.,-0.878906759751767,0.4769936138594));
#3531=DIRECTION('center_axis',(-1.,0.,0.));
#3532=DIRECTION('ref_axis',(0.,0.917134986884485,0.398576737696012));
#3533=DIRECTION('center_axis',(-1.,0.,0.));
#3534=DIRECTION('ref_axis',(0.,0.917134986884485,0.398576737696012));
#3535=DIRECTION('',(0.707106781186544,-0.648512368489455,-0.28183631404807));
#3536=DIRECTION('center_axis',(1.,0.,0.));
#3537=DIRECTION('ref_axis',(0.,0.917134986884485,0.398576737696012));
#3538=DIRECTION('center_axis',(-1.,0.,0.));
#3539=DIRECTION('ref_axis',(0.,0.996202729426197,0.0870638954090318));
#3540=DIRECTION('center_axis',(-1.,0.,0.));
#3541=DIRECTION('ref_axis',(0.,0.996202729426197,0.0870638954090318));
#3542=DIRECTION('',(0.707106781186547,-0.704421705413813,-0.0615634708402398));
#3543=DIRECTION('center_axis',(1.,0.,0.));
#3544=DIRECTION('ref_axis',(0.,0.996202729426197,0.0870638954090318));
#3545=DIRECTION('center_axis',(1.,0.,0.));
#3546=DIRECTION('ref_axis',(0.,-0.996202729426197,-0.0870638954090359));
#3547=DIRECTION('center_axis',(1.,0.,0.));
#3548=DIRECTION('ref_axis',(0.,-0.996202729426197,-0.087063895409036));
#3549=DIRECTION('',(0.707106781186549,-0.0308435645971572,-0.706433772212894));
#3550=DIRECTION('center_axis',(-1.,0.,0.));
#3551=DIRECTION('ref_axis',(0.,-0.996202729426197,-0.0870638954090359));
#3552=DIRECTION('center_axis',(-0.707106781186548,-0.0308435645972322,-0.706433772212892));
#3553=DIRECTION('ref_axis',(-0.706770036377103,0.,0.70744336570464));
#3554=DIRECTION('',(0.,0.999048221581858,-0.0436193873653364));
#3555=DIRECTION('',(0.707106781186547,-0.0308435645972372,-0.706433772212892));
#3556=DIRECTION('',(0.,-0.999048221581858,0.0436193873653364));
#3557=DIRECTION('center_axis',(1.,0.,0.));
#3558=DIRECTION('ref_axis',(0.,-0.0436193873653371,-0.999048221581858));
#3559=DIRECTION('center_axis',(1.,0.,0.));
#3560=DIRECTION('ref_axis',(0.,-0.0436193873653371,-0.999048221581858));
#3561=DIRECTION('',(0.70710678118656,0.696375558125999,-0.122723600194445));
#3562=DIRECTION('center_axis',(-1.,0.,0.));
#3563=DIRECTION('ref_axis',(0.,-0.0436193873653371,-0.999048221581858));
#3564=DIRECTION('center_axis',(-1.,0.,0.));
#3565=DIRECTION('ref_axis',(0.,-0.878906759751767,0.476993613859399));
#3566=DIRECTION('center_axis',(-1.,0.,0.));
#3567=DIRECTION('ref_axis',(0.,-0.878906759751767,0.476993613859399));
#3568=DIRECTION('',(0.707106781186547,0.66148118363697,-0.249885261058416));
#3569=DIRECTION('center_axis',(1.,0.,0.));
#3570=DIRECTION('ref_axis',(0.,-0.878906759751767,0.476993613859399));
#3571=DIRECTION('',(-0.713182482665111,0.630706072180821,0.305909458719193));
#3572=DIRECTION('',(0.728175277645961,0.524774307530793,0.440877183783426));
#3573=DIRECTION('',(0.,0.632935450921078,-0.774204569198175));
#3574=DIRECTION('center_axis',(0.,-0.774204569198234,-0.632935450921005));
#3575=DIRECTION('ref_axis',(-1.,0.,0.));
#3576=DIRECTION('',(-1.,0.,0.));
#3577=DIRECTION('',(0.,0.632935450921005,-0.774204569198234));
#3578=DIRECTION('',(1.,0.,0.));
#3579=DIRECTION('',(0.728175277645957,-0.52477430753079,-0.440877183783436));
#3580=DIRECTION('',(0.713706862195259,0.626270362314547,0.31370041144666));
#3581=DIRECTION('center_axis',(1.,0.,0.));
#3582=DIRECTION('ref_axis',(0.,-0.878906759751767,0.476993613859399));
#3583=DIRECTION('',(0.707106781186547,-0.66148118363697,0.249885261058416));
#3584=DIRECTION('center_axis',(1.,0.,0.));
#3585=DIRECTION('ref_axis',(0.,-0.878906759751767,0.476993613859399));
#3586=DIRECTION('',(-0.707106781186547,0.696375558125987,-0.122723600194588));
#3587=DIRECTION('center_axis',(-1.,0.,0.));
#3588=DIRECTION('ref_axis',(0.,-0.878906759751767,0.476993613859399));
#3589=DIRECTION('center_axis',(-1.,0.,0.));
#3590=DIRECTION('ref_axis',(0.,-0.0436193873653371,-0.999048221581858));
#3591=DIRECTION('center_axis',(-1.,0.,0.));
#3592=DIRECTION('ref_axis',(0.,-0.0436193873653371,-0.999048221581858));
#3593=DIRECTION('',(-0.70710678118655,-0.0308435645972335,-0.706433772212889));
#3594=DIRECTION('center_axis',(1.,0.,0.));
#3595=DIRECTION('ref_axis',(0.,-0.0436193873653371,-0.999048221581858));
#3596=DIRECTION('center_axis',(0.707106781186548,-0.0308435645972322,-0.706433772212892));
#3597=DIRECTION('ref_axis',(-0.706770036377103,0.,-0.70744336570464));
#3598=DIRECTION('',(0.,-0.999048221581858,0.0436193873653364));
#3599=DIRECTION('',(-0.707106781186547,-0.0308435645972325,-0.706433772212892));
#3600=DIRECTION('',(0.,0.999048221581858,-0.0436193873653364));
#3601=DIRECTION('center_axis',(-1.,0.,0.));
#3602=DIRECTION('ref_axis',(0.,-0.996202729426197,-0.0870638954090359));
#3603=DIRECTION('center_axis',(-1.,0.,0.));
#3604=DIRECTION('ref_axis',(0.,-0.996202729426197,-0.087063895409036));
#3605=DIRECTION('',(-0.707106781186547,-0.704421705413812,-0.0615634708402461));
#3606=DIRECTION('center_axis',(1.,0.,0.));
#3607=DIRECTION('ref_axis',(0.,-0.996202729426197,-0.0870638954090359));
#3608=DIRECTION('center_axis',(1.,0.,0.));
#3609=DIRECTION('ref_axis',(0.,0.996202729426197,0.0870638954090318));
#3610=DIRECTION('center_axis',(1.,0.,0.));
#3611=DIRECTION('ref_axis',(0.,0.996202729426197,0.0870638954090318));
#3612=DIRECTION('',(-0.707106781186547,-0.648512368489454,-0.281836314048065));
#3613=DIRECTION('center_axis',(-1.,0.,0.));
#3614=DIRECTION('ref_axis',(0.,0.996202729426197,0.0870638954090318));
#3615=DIRECTION('center_axis',(1.,0.,0.));
#3616=DIRECTION('ref_axis',(0.,0.917134986884485,0.398576737696012));
#3617=DIRECTION('center_axis',(1.,0.,0.));
#3618=DIRECTION('ref_axis',(0.,0.917134986884485,0.398576737696012));
#3619=DIRECTION('',(-0.707106781186547,0.621480929851171,-0.337285418942657));
#3620=DIRECTION('center_axis',(-1.,0.,0.));
#3621=DIRECTION('ref_axis',(0.,0.917134986884485,0.398576737696012));
#3622=DIRECTION('center_axis',(1.,0.,0.));
#3623=DIRECTION('ref_axis',(0.,-0.878906759751767,0.4769936138594));
#3624=DIRECTION('center_axis',(1.,0.,0.));
#3625=DIRECTION('ref_axis',(0.,-0.878906759751767,0.4769936138594));
#3626=DIRECTION('',(-0.707106781186546,0.696375558125988,-0.122723600194587));
#3627=DIRECTION('center_axis',(-1.,0.,0.));
#3628=DIRECTION('ref_axis',(0.,-0.878906759751767,0.4769936138594));
#3629=DIRECTION('center_axis',(-1.,0.,0.));
#3630=DIRECTION('ref_axis',(0.,-0.0436193873653112,-0.999048221581859));
#3631=DIRECTION('center_axis',(-1.,0.,0.));
#3632=DIRECTION('ref_axis',(0.,-0.0436193873653112,-0.999048221581859));
#3633=DIRECTION('',(-0.707106781186548,-0.0308435645972137,-0.706433772212893));
#3634=DIRECTION('center_axis',(1.,0.,0.));
#3635=DIRECTION('ref_axis',(0.,-0.0436193873653112,-0.999048221581859));
#3636=DIRECTION('center_axis',(0.707106781186548,-0.0308435645972322,-0.706433772212892));
#3637=DIRECTION('ref_axis',(-0.706770036377103,0.,-0.70744336570464));
#3638=DIRECTION('',(0.,-0.999048221581858,0.0436193873653364));
#3639=DIRECTION('',(-0.707106781186541,-0.0308435645972323,-0.706433772212899));
#3640=DIRECTION('',(0.,0.999048221581858,-0.0436193873653364));
#3641=DIRECTION('center_axis',(-1.,0.,0.));
#3642=DIRECTION('ref_axis',(0.,-0.996202729426197,-0.0870638954090355));
#3643=DIRECTION('center_axis',(-1.,0.,0.));
#3644=DIRECTION('ref_axis',(0.,-0.996202729426197,-0.0870638954090355));
#3645=DIRECTION('',(-0.707106781186546,-0.704421705413813,-0.061563470840246));
#3646=DIRECTION('center_axis',(1.,0.,0.));
#3647=DIRECTION('ref_axis',(0.,-0.996202729426197,-0.0870638954090355));
#3648=DIRECTION('center_axis',(1.,0.,0.));
#3649=DIRECTION('ref_axis',(0.,0.996202729426197,0.0870638954090318));
#3650=DIRECTION('center_axis',(1.,0.,0.));
#3651=DIRECTION('ref_axis',(0.,0.996202729426197,0.0870638954090318));
#3652=DIRECTION('',(-0.707106781186547,-0.648512368489454,-0.281836314048065));
#3653=DIRECTION('center_axis',(-1.,0.,0.));
#3654=DIRECTION('ref_axis',(0.,0.996202729426197,0.0870638954090318));
#3655=DIRECTION('center_axis',(1.,0.,0.));
#3656=DIRECTION('ref_axis',(0.,0.917134986884485,0.398576737696012));
#3657=DIRECTION('center_axis',(1.,0.,0.));
#3658=DIRECTION('ref_axis',(0.,0.917134986884485,0.398576737696012));
#3659=DIRECTION('',(-0.707106781186549,0.621480929851169,-0.337285418942658));
#3660=DIRECTION('center_axis',(-1.,0.,0.));
#3661=DIRECTION('ref_axis',(0.,0.917134986884485,0.398576737696012));
#3662=DIRECTION('center_axis',(1.,0.,0.));
#3663=DIRECTION('ref_axis',(0.,-0.878906759751767,0.476993613859399));
#3664=DIRECTION('center_axis',(1.,0.,0.));
#3665=DIRECTION('ref_axis',(0.,-0.878906759751767,0.476993613859399));
#3666=DIRECTION('',(-0.707106781186545,0.696375558125989,-0.122723600194587));
#3667=DIRECTION('center_axis',(-1.,0.,0.));
#3668=DIRECTION('ref_axis',(0.,-0.878906759751767,0.476993613859399));
#3669=DIRECTION('center_axis',(-1.,0.,0.));
#3670=DIRECTION('ref_axis',(0.,-0.0436193873653149,-0.999048221581859));
#3671=DIRECTION('center_axis',(-1.,0.,0.));
#3672=DIRECTION('ref_axis',(0.,-0.0436193873653149,-0.999048221581859));
#3673=DIRECTION('',(-0.707106781186544,-0.0308435645972167,-0.706433772212896));
#3674=DIRECTION('center_axis',(1.,0.,0.));
#3675=DIRECTION('ref_axis',(0.,-0.0436193873653149,-0.999048221581859));
#3676=DIRECTION('center_axis',(0.707106781186548,-0.0308435645972322,-0.706433772212892));
#3677=DIRECTION('ref_axis',(-0.706770036377103,0.,-0.70744336570464));
#3678=DIRECTION('',(0.,-0.999048221581858,0.0436193873653364));
#3679=DIRECTION('',(-0.707106781186532,-0.0308435645972287,-0.706433772212908));
#3680=DIRECTION('',(0.,0.999048221581858,-0.0436193873653364));
#3681=DIRECTION('center_axis',(-1.,0.,0.));
#3682=DIRECTION('ref_axis',(0.,-0.996202729426198,-0.0870638954090201));
#3683=DIRECTION('center_axis',(-1.,0.,0.));
#3684=DIRECTION('ref_axis',(0.,-0.996202729426198,-0.0870638954090201));
#3685=DIRECTION('',(-0.707106781186548,-0.704421705413812,-0.0615634708402336));
#3686=DIRECTION('center_axis',(1.,0.,0.));
#3687=DIRECTION('ref_axis',(0.,-0.996202729426198,-0.0870638954090201));
#3688=DIRECTION('center_axis',(1.,0.,0.));
#3689=DIRECTION('ref_axis',(0.,0.996202729426197,0.0870638954090319));
#3690=DIRECTION('center_axis',(1.,0.,0.));
#3691=DIRECTION('ref_axis',(0.,0.996202729426197,0.0870638954090319));
#3692=DIRECTION('',(-0.707106781186548,-0.648512368489456,-0.281836314048059));
#3693=DIRECTION('center_axis',(-1.,0.,0.));
#3694=DIRECTION('ref_axis',(0.,0.996202729426197,0.0870638954090319));
#3695=DIRECTION('center_axis',(1.,0.,0.));
#3696=DIRECTION('ref_axis',(0.,0.917134986884485,0.398576737696012));
#3697=DIRECTION('center_axis',(1.,0.,0.));
#3698=DIRECTION('ref_axis',(0.,0.917134986884485,0.398576737696012));
#3699=DIRECTION('',(-0.707106781186549,0.621480929851169,-0.337285418942658));
#3700=DIRECTION('center_axis',(-1.,0.,0.));
#3701=DIRECTION('ref_axis',(0.,0.917134986884485,0.398576737696012));
#3702=DIRECTION('center_axis',(1.,0.,0.));
#3703=DIRECTION('ref_axis',(0.,-0.878906759751767,0.476993613859399));
#3704=DIRECTION('center_axis',(1.,0.,0.));
#3705=DIRECTION('ref_axis',(0.,-0.878906759751767,0.476993613859399));
#3706=DIRECTION('',(-0.707106781186542,0.696375558125992,-0.122723600194587));
#3707=DIRECTION('center_axis',(-1.,0.,0.));
#3708=DIRECTION('ref_axis',(0.,-0.878906759751767,0.476993613859399));
#3709=DIRECTION('center_axis',(-1.,0.,0.));
#3710=DIRECTION('ref_axis',(0.,-0.0436193873653069,-0.999048221581859));
#3711=DIRECTION('center_axis',(-1.,0.,0.));
#3712=DIRECTION('ref_axis',(0.,-0.0436193873653069,-0.999048221581859));
#3713=DIRECTION('',(-0.707106781186545,-0.0308435645972104,-0.706433772212896));
#3714=DIRECTION('center_axis',(1.,0.,0.));
#3715=DIRECTION('ref_axis',(0.,-0.0436193873653069,-0.999048221581859));
#3716=DIRECTION('center_axis',(0.707106781186548,-0.0308435645972322,-0.706433772212892));
#3717=DIRECTION('ref_axis',(-0.706770036377103,0.,-0.70744336570464));
#3718=DIRECTION('',(0.,-0.999048221581858,0.0436193873653364));
#3719=DIRECTION('',(-0.707106781186535,-0.0308435645972289,-0.706433772212905));
#3720=DIRECTION('',(0.,0.999048221581858,-0.0436193873653364));
#3721=DIRECTION('center_axis',(-1.,0.,0.));
#3722=DIRECTION('ref_axis',(0.,-0.996202729426197,-0.0870638954090342));
#3723=DIRECTION('center_axis',(-1.,0.,0.));
#3724=DIRECTION('ref_axis',(0.,-0.996202729426197,-0.0870638954090342));
#3725=DIRECTION('',(-0.707106781186547,-0.704421705413812,-0.0615634708402461));
#3726=DIRECTION('center_axis',(1.,0.,0.));
#3727=DIRECTION('ref_axis',(0.,-0.996202729426197,-0.0870638954090342));
#3728=DIRECTION('center_axis',(1.,0.,0.));
#3729=DIRECTION('ref_axis',(0.,0.996202729426197,0.087063895409032));
#3730=DIRECTION('center_axis',(1.,0.,0.));
#3731=DIRECTION('ref_axis',(0.,0.996202729426197,0.087063895409032));
#3732=DIRECTION('',(-0.707106781186548,-0.648512368489456,-0.281836314048059));
#3733=DIRECTION('center_axis',(-1.,0.,0.));
#3734=DIRECTION('ref_axis',(0.,0.996202729426197,0.087063895409032));
#3735=DIRECTION('center_axis',(1.,0.,0.));
#3736=DIRECTION('ref_axis',(0.,0.917134986884485,0.398576737696012));
#3737=DIRECTION('center_axis',(1.,0.,0.));
#3738=DIRECTION('ref_axis',(0.,0.917134986884485,0.398576737696012));
#3739=DIRECTION('',(-0.707106781186545,0.621480929851172,-0.337285418942662));
#3740=DIRECTION('center_axis',(-1.,0.,0.));
#3741=DIRECTION('ref_axis',(0.,0.917134986884485,0.398576737696012));
#3742=DIRECTION('center_axis',(1.,0.,0.));
#3743=DIRECTION('ref_axis',(0.,-0.878906759751767,0.4769936138594));
#3744=DIRECTION('center_axis',(1.,0.,0.));
#3745=DIRECTION('ref_axis',(0.,-0.878906759751767,0.4769936138594));
#3746=DIRECTION('',(-0.707106781186542,0.696375558125992,-0.122723600194587));
#3747=DIRECTION('center_axis',(-1.,0.,0.));
#3748=DIRECTION('ref_axis',(0.,-0.878906759751767,0.4769936138594));
#3749=DIRECTION('center_axis',(-1.,0.,0.));
#3750=DIRECTION('ref_axis',(0.,-0.0436193873653297,-0.999048221581858));
#3751=DIRECTION('center_axis',(-1.,0.,0.));
#3752=DIRECTION('ref_axis',(0.,-0.0436193873653297,-0.999048221581858));
#3753=DIRECTION('',(-0.707106781186544,-0.0308435645972293,-0.706433772212896));
#3754=DIRECTION('center_axis',(1.,0.,0.));
#3755=DIRECTION('ref_axis',(0.,-0.0436193873653297,-0.999048221581858));
#3756=DIRECTION('center_axis',(0.707106781186548,-0.0308435645972322,-0.706433772212892));
#3757=DIRECTION('ref_axis',(-0.706770036377103,0.,-0.70744336570464));
#3758=DIRECTION('',(0.,-0.999048221581858,0.0436193873653364));
#3759=DIRECTION('',(-0.70710678118655,-0.0308435645972295,-0.706433772212889));
#3760=DIRECTION('',(0.,0.999048221581858,-0.0436193873653364));
#3761=DIRECTION('center_axis',(-1.,0.,0.));
#3762=DIRECTION('ref_axis',(0.,-0.996202729426196,-0.0870638954090514));
#3763=DIRECTION('center_axis',(-1.,0.,0.));
#3764=DIRECTION('ref_axis',(0.,-0.996202729426196,-0.0870638954090515));
#3765=DIRECTION('',(-0.707106781186547,-0.704421705413811,-0.0615634708402586));
#3766=DIRECTION('center_axis',(1.,0.,0.));
#3767=DIRECTION('ref_axis',(0.,-0.996202729426196,-0.0870638954090514));
#3768=DIRECTION('center_axis',(1.,0.,0.));
#3769=DIRECTION('ref_axis',(0.,0.996202729426197,0.0870638954090322));
#3770=DIRECTION('center_axis',(1.,0.,0.));
#3771=DIRECTION('ref_axis',(0.,0.996202729426197,0.0870638954090322));
#3772=DIRECTION('',(-0.707106781186551,-0.648512368489452,-0.28183631404806));
#3773=DIRECTION('center_axis',(-1.,0.,0.));
#3774=DIRECTION('ref_axis',(0.,0.996202729426197,0.0870638954090322));
#3775=DIRECTION('center_axis',(1.,0.,0.));
#3776=DIRECTION('ref_axis',(0.,0.917134986884483,0.398576737696016));
#3777=DIRECTION('center_axis',(1.,0.,0.));
#3778=DIRECTION('ref_axis',(0.,0.917134986884483,0.398576737696016));
#3779=DIRECTION('',(-0.707106781186547,0.621480929851168,-0.337285418942664));
#3780=DIRECTION('center_axis',(-1.,0.,0.));
#3781=DIRECTION('ref_axis',(0.,0.917134986884483,0.398576737696016));
#3782=DIRECTION('center_axis',(1.,0.,0.));
#3783=DIRECTION('ref_axis',(0.,-0.878906759751766,0.476993613859401));
#3784=DIRECTION('center_axis',(1.,0.,0.));
#3785=DIRECTION('ref_axis',(0.,-0.878906759751766,0.476993613859401));
#3786=DIRECTION('',(-0.707106781186557,0.696375558125976,-0.122723600194589));
#3787=DIRECTION('center_axis',(-1.,0.,0.));
#3788=DIRECTION('ref_axis',(0.,-0.878906759751766,0.476993613859401));
#3789=DIRECTION('center_axis',(-1.,0.,0.));
#3790=DIRECTION('ref_axis',(0.,-0.0436193873653005,-0.999048221581859));
#3791=DIRECTION('center_axis',(-1.,0.,0.));
#3792=DIRECTION('ref_axis',(0.,-0.0436193873653005,-0.999048221581859));
#3793=DIRECTION('',(-0.707106781186541,-0.030843564597204,-0.706433772212899));
#3794=DIRECTION('center_axis',(1.,0.,0.));
#3795=DIRECTION('ref_axis',(0.,-0.0436193873653005,-0.999048221581859));
#3796=DIRECTION('center_axis',(0.707106781186548,-0.0308435645972322,-0.706433772212892));
#3797=DIRECTION('ref_axis',(-0.706770036377103,0.,-0.70744336570464));
#3798=DIRECTION('',(0.,-0.999048221581858,0.0436193873653364));
#3799=DIRECTION('',(-0.707106781186544,-0.0308435645972293,-0.706433772212896));
#3800=DIRECTION('',(0.,0.999048221581858,-0.0436193873653364));
#3801=DIRECTION('center_axis',(-1.,0.,0.));
#3802=DIRECTION('ref_axis',(0.,-0.996202729426196,-0.0870638954090508));
#3803=DIRECTION('center_axis',(-1.,0.,0.));
#3804=DIRECTION('ref_axis',(0.,-0.996202729426196,-0.0870638954090508));
#3805=DIRECTION('',(-0.707106781186547,-0.704421705413811,-0.0615634708402586));
#3806=DIRECTION('center_axis',(1.,0.,0.));
#3807=DIRECTION('ref_axis',(0.,-0.996202729426196,-0.0870638954090508));
#3808=DIRECTION('center_axis',(1.,0.,0.));
#3809=DIRECTION('ref_axis',(0.,0.996202729426197,0.0870638954090309));
#3810=DIRECTION('center_axis',(1.,0.,0.));
#3811=DIRECTION('ref_axis',(0.,0.996202729426197,0.0870638954090309));
#3812=DIRECTION('',(-0.707106781186557,-0.648512368489445,-0.281836314048062));
#3813=DIRECTION('center_axis',(-1.,0.,0.));
#3814=DIRECTION('ref_axis',(0.,0.996202729426197,0.0870638954090309));
#3815=DIRECTION('center_axis',(1.,0.,0.));
#3816=DIRECTION('ref_axis',(0.,0.917134986884484,0.398576737696013));
#3817=DIRECTION('center_axis',(1.,0.,0.));
#3818=DIRECTION('ref_axis',(0.,0.917134986884484,0.398576737696013));
#3819=DIRECTION('',(-0.707106781186549,0.621480929851169,-0.337285418942658));
#3820=DIRECTION('center_axis',(-1.,0.,0.));
#3821=DIRECTION('ref_axis',(0.,0.917134986884484,0.398576737696013));
#3822=DIRECTION('center_axis',(1.,0.,0.));
#3823=DIRECTION('ref_axis',(0.,-0.878906759751767,0.476993613859399));
#3824=DIRECTION('center_axis',(1.,0.,0.));
#3825=DIRECTION('ref_axis',(0.,-0.878906759751767,0.476993613859399));
#3826=DIRECTION('',(-0.707106781186572,0.696375558125965,-0.122723600194567));
#3827=DIRECTION('center_axis',(-1.,0.,0.));
#3828=DIRECTION('ref_axis',(0.,-0.878906759751767,0.476993613859399));
#3829=DIRECTION('center_axis',(-1.,0.,0.));
#3830=DIRECTION('ref_axis',(0.,-0.0436193873653011,-0.999048221581859));
#3831=DIRECTION('center_axis',(-1.,0.,0.));
#3832=DIRECTION('ref_axis',(0.,-0.0436193873653011,-0.999048221581859));
#3833=DIRECTION('',(-0.707106781186548,-0.0308435645972043,-0.706433772212893));
#3834=DIRECTION('center_axis',(1.,0.,0.));
#3835=DIRECTION('ref_axis',(0.,-0.0436193873653011,-0.999048221581859));
#3836=DIRECTION('center_axis',(0.707106781186548,-0.0308435645972322,-0.706433772212892));
#3837=DIRECTION('ref_axis',(-0.706770036377103,0.,-0.70744336570464));
#3838=DIRECTION('',(0.,-0.999048221581858,0.0436193873653364));
#3839=DIRECTION('',(-0.707106781186544,-0.0308435645972293,-0.706433772212896));
#3840=DIRECTION('',(0.,0.999048221581858,-0.0436193873653364));
#3841=DIRECTION('center_axis',(-1.,0.,0.));
#3842=DIRECTION('ref_axis',(0.,-0.996202729426196,-0.0870638954090435));
#3843=DIRECTION('center_axis',(-1.,0.,0.));
#3844=DIRECTION('ref_axis',(0.,-0.996202729426196,-0.0870638954090434));
#3845=DIRECTION('',(-0.707106781186547,-0.704421705413811,-0.0615634708402524));
#3846=DIRECTION('center_axis',(1.,0.,0.));
#3847=DIRECTION('ref_axis',(0.,-0.996202729426196,-0.0870638954090435));
#3848=DIRECTION('center_axis',(1.,0.,0.));
#3849=DIRECTION('ref_axis',(0.,0.996202729426197,0.087063895409032));
#3850=DIRECTION('center_axis',(1.,0.,0.));
#3851=DIRECTION('ref_axis',(0.,0.996202729426197,0.087063895409032));
#3852=DIRECTION('',(-0.707106781186557,-0.648512368489445,-0.281836314048062));
#3853=DIRECTION('center_axis',(-1.,0.,0.));
#3854=DIRECTION('ref_axis',(0.,0.996202729426197,0.087063895409032));
#3855=DIRECTION('center_axis',(1.,0.,0.));
#3856=DIRECTION('ref_axis',(0.,0.917134986884484,0.398576737696013));
#3857=DIRECTION('center_axis',(1.,0.,0.));
#3858=DIRECTION('ref_axis',(0.,0.917134986884484,0.398576737696013));
#3859=DIRECTION('',(-0.707106781186549,0.621480929851169,-0.337285418942658));
#3860=DIRECTION('center_axis',(-1.,0.,0.));
#3861=DIRECTION('ref_axis',(0.,0.917134986884484,0.398576737696013));
#3862=DIRECTION('center_axis',(1.,0.,0.));
#3863=DIRECTION('ref_axis',(0.,-0.878906759751767,0.476993613859399));
#3864=DIRECTION('center_axis',(1.,0.,0.));
#3865=DIRECTION('ref_axis',(0.,-0.878906759751767,0.476993613859399));
#3866=DIRECTION('',(-0.707106781186571,0.696375558125964,-0.122723600194579));
#3867=DIRECTION('center_axis',(-1.,0.,0.));
#3868=DIRECTION('ref_axis',(0.,-0.878906759751767,0.476993613859399));
#3869=DIRECTION('center_axis',(-1.,0.,0.));
#3870=DIRECTION('ref_axis',(0.,-0.0436193873653014,-0.999048221581859));
#3871=DIRECTION('center_axis',(-1.,0.,0.));
#3872=DIRECTION('ref_axis',(0.,-0.0436193873653014,-0.999048221581859));
#3873=DIRECTION('',(-0.707106781186548,-0.0308435645972043,-0.706433772212893));
#3874=DIRECTION('center_axis',(1.,0.,0.));
#3875=DIRECTION('ref_axis',(0.,-0.0436193873653014,-0.999048221581859));
#3876=DIRECTION('center_axis',(0.707106781186548,-0.0308435645972322,-0.706433772212892));
#3877=DIRECTION('ref_axis',(-0.706770036377103,0.,-0.70744336570464));
#3878=DIRECTION('',(0.,-0.999048221581858,0.0436193873653364));
#3879=DIRECTION('',(-0.707106781186541,-0.0308435645972291,-0.706433772212899));
#3880=DIRECTION('',(0.,0.999048221581858,-0.0436193873653364));
#3881=DIRECTION('center_axis',(-1.,0.,0.));
#3882=DIRECTION('ref_axis',(0.,-0.996202729426198,-0.0870638954090288));
#3883=DIRECTION('center_axis',(-1.,0.,0.));
#3884=DIRECTION('ref_axis',(0.,-0.996202729426197,-0.0870638954090288));
#3885=DIRECTION('',(-0.707106781186547,-0.704421705413812,-0.0615634708402399));
#3886=DIRECTION('center_axis',(1.,0.,0.));
#3887=DIRECTION('ref_axis',(0.,-0.996202729426198,-0.0870638954090288));
#3888=DIRECTION('center_axis',(1.,0.,0.));
#3889=DIRECTION('ref_axis',(0.,0.996202729426197,0.0870638954090331));
#3890=DIRECTION('center_axis',(1.,0.,0.));
#3891=DIRECTION('ref_axis',(0.,0.996202729426197,0.0870638954090331));
#3892=DIRECTION('',(-0.707106781186546,-0.680742983556151,-0.191282488323086));
#3893=DIRECTION('center_axis',(-1.,0.,0.));
#3894=DIRECTION('ref_axis',(0.,0.996202729426197,0.0870638954090331));
#3895=DIRECTION('',(0.713182482665247,-0.601644279071344,0.359715037050381));
#3896=DIRECTION('center_axis',(0.,0.716094527737353,-0.698003314708904));
#3897=DIRECTION('ref_axis',(-1.,0.,0.));
#3898=DIRECTION('',(0.,-0.698003314708904,-0.716094527737353));
#3899=DIRECTION('',(-1.,0.,0.));
#3900=DIRECTION('',(0.,0.698003314708904,0.716094527737353));
#3901=DIRECTION('',(1.,0.,0.));
#3902=DIRECTION('',(-0.728175277645961,0.484352404443808,-0.484936607542399));
#3903=DIRECTION('',(-0.728175277645961,-0.484352404443806,0.484936607542399));
#3904=DIRECTION('',(-0.713706862195418,0.596546422148485,-0.367089745262669));
#3905=DIRECTION('',(-0.71318248266511,-0.63070607218082,-0.305909458719198));
#3906=DIRECTION('',(0.713706862166647,-0.626270362439039,-0.31370041126322));
#3907=DIRECTION('',(0.713182482665247,0.601644279071344,-0.359715037050381));
#3908=DIRECTION('',(-0.71370686219542,-0.596546422148478,0.367089745262677));
#3909=DIRECTION('center_axis',(1.,0.,0.));
#3910=DIRECTION('ref_axis',(0.,0.996202729426197,0.0870638954090331));
#3911=DIRECTION('',(1.,0.,0.));
#3912=DIRECTION('',(1.,0.,0.));
#3913=DIRECTION('center_axis',(1.,0.,0.));
#3914=DIRECTION('ref_axis',(0.,-0.996202729426198,-0.0870638954090288));
#3915=DIRECTION('',(1.,0.,0.));
#3916=DIRECTION('center_axis',(0.,-0.0436193873653364,-0.999048221581858));
#3917=DIRECTION('ref_axis',(0.,0.999048221581858,-0.0436193873653364));
#3918=DIRECTION('',(-1.,0.,0.));
#3919=DIRECTION('center_axis',(1.,0.,0.));
#3920=DIRECTION('ref_axis',(0.,-0.0436193873653014,-0.999048221581859));
#3921=DIRECTION('',(1.,0.,0.));
#3922=DIRECTION('center_axis',(1.,0.,0.));
#3923=DIRECTION('ref_axis',(0.,-0.878906759751767,0.476993613859399));
#3924=DIRECTION('',(1.,0.,0.));
#3925=DIRECTION('center_axis',(1.,0.,0.));
#3926=DIRECTION('ref_axis',(0.,0.917134986884484,0.398576737696013));
#3927=DIRECTION('',(1.,0.,0.));
#3928=DIRECTION('center_axis',(1.,0.,0.));
#3929=DIRECTION('ref_axis',(0.,0.996202729426197,0.087063895409032));
#3930=DIRECTION('',(1.,0.,0.));
#3931=DIRECTION('center_axis',(1.,0.,0.));
#3932=DIRECTION('ref_axis',(0.,-0.996202729426196,-0.0870638954090435));
#3933=DIRECTION('',(1.,0.,0.));
#3934=DIRECTION('center_axis',(0.,-0.0436193873653364,-0.999048221581858));
#3935=DIRECTION('ref_axis',(0.,0.999048221581858,-0.0436193873653364));
#3936=DIRECTION('',(1.,0.,0.));
#3937=DIRECTION('center_axis',(1.,0.,0.));
#3938=DIRECTION('ref_axis',(0.,-0.0436193873653011,-0.999048221581859));
#3939=DIRECTION('',(1.,0.,0.));
#3940=DIRECTION('center_axis',(1.,0.,0.));
#3941=DIRECTION('ref_axis',(0.,-0.878906759751767,0.476993613859399));
#3942=DIRECTION('',(1.,0.,0.));
#3943=DIRECTION('center_axis',(1.,0.,0.));
#3944=DIRECTION('ref_axis',(0.,0.917134986884484,0.398576737696013));
#3945=DIRECTION('',(1.,0.,0.));
#3946=DIRECTION('center_axis',(1.,0.,0.));
#3947=DIRECTION('ref_axis',(0.,0.996202729426197,0.0870638954090309));
#3948=DIRECTION('',(1.,0.,0.));
#3949=DIRECTION('center_axis',(1.,0.,0.));
#3950=DIRECTION('ref_axis',(0.,-0.996202729426196,-0.0870638954090508));
#3951=DIRECTION('',(1.,0.,0.));
#3952=DIRECTION('center_axis',(0.,-0.0436193873653364,-0.999048221581858));
#3953=DIRECTION('ref_axis',(0.,0.999048221581858,-0.0436193873653364));
#3954=DIRECTION('',(1.,0.,0.));
#3955=DIRECTION('center_axis',(1.,0.,0.));
#3956=DIRECTION('ref_axis',(0.,-0.0436193873653005,-0.999048221581859));
#3957=DIRECTION('',(1.,0.,0.));
#3958=DIRECTION('center_axis',(1.,0.,0.));
#3959=DIRECTION('ref_axis',(0.,-0.878906759751766,0.476993613859401));
#3960=DIRECTION('',(1.,0.,0.));
#3961=DIRECTION('center_axis',(1.,0.,0.));
#3962=DIRECTION('ref_axis',(0.,0.917134986884483,0.398576737696016));
#3963=DIRECTION('',(1.,0.,0.));
#3964=DIRECTION('center_axis',(1.,0.,0.));
#3965=DIRECTION('ref_axis',(0.,0.996202729426197,0.0870638954090322));
#3966=DIRECTION('',(1.,0.,0.));
#3967=DIRECTION('center_axis',(1.,0.,0.));
#3968=DIRECTION('ref_axis',(0.,-0.996202729426196,-0.0870638954090514));
#3969=DIRECTION('',(1.,0.,0.));
#3970=DIRECTION('center_axis',(0.,-0.0436193873653364,-0.999048221581858));
#3971=DIRECTION('ref_axis',(0.,0.999048221581858,-0.0436193873653364));
#3972=DIRECTION('',(1.,0.,0.));
#3973=DIRECTION('center_axis',(1.,0.,0.));
#3974=DIRECTION('ref_axis',(0.,-0.0436193873653297,-0.999048221581858));
#3975=DIRECTION('',(1.,0.,0.));
#3976=DIRECTION('center_axis',(1.,0.,0.));
#3977=DIRECTION('ref_axis',(0.,-0.878906759751767,0.4769936138594));
#3978=DIRECTION('',(1.,0.,0.));
#3979=DIRECTION('center_axis',(1.,0.,0.));
#3980=DIRECTION('ref_axis',(0.,0.917134986884485,0.398576737696012));
#3981=DIRECTION('',(1.,0.,0.));
#3982=DIRECTION('center_axis',(1.,0.,0.));
#3983=DIRECTION('ref_axis',(0.,0.996202729426197,0.087063895409032));
#3984=DIRECTION('',(1.,0.,0.));
#3985=DIRECTION('center_axis',(1.,0.,0.));
#3986=DIRECTION('ref_axis',(0.,-0.996202729426197,-0.0870638954090342));
#3987=DIRECTION('',(1.,0.,0.));
#3988=DIRECTION('center_axis',(0.,-0.0436193873653364,-0.999048221581858));
#3989=DIRECTION('ref_axis',(0.,0.999048221581858,-0.0436193873653364));
#3990=DIRECTION('',(1.,0.,0.));
#3991=DIRECTION('center_axis',(1.,0.,0.));
#3992=DIRECTION('ref_axis',(0.,-0.0436193873653069,-0.999048221581859));
#3993=DIRECTION('',(1.,0.,0.));
#3994=DIRECTION('center_axis',(1.,0.,0.));
#3995=DIRECTION('ref_axis',(0.,-0.878906759751767,0.476993613859399));
#3996=DIRECTION('',(1.,0.,0.));
#3997=DIRECTION('center_axis',(1.,0.,0.));
#3998=DIRECTION('ref_axis',(0.,0.917134986884485,0.398576737696012));
#3999=DIRECTION('',(1.,0.,0.));
#4000=DIRECTION('center_axis',(1.,0.,0.));
#4001=DIRECTION('ref_axis',(0.,0.996202729426197,0.0870638954090319));
#4002=DIRECTION('',(1.,0.,0.));
#4003=DIRECTION('center_axis',(1.,0.,0.));
#4004=DIRECTION('ref_axis',(0.,-0.996202729426198,-0.0870638954090201));
#4005=DIRECTION('',(1.,0.,0.));
#4006=DIRECTION('center_axis',(0.,-0.0436193873653364,-0.999048221581858));
#4007=DIRECTION('ref_axis',(0.,0.999048221581858,-0.0436193873653364));
#4008=DIRECTION('',(1.,0.,0.));
#4009=DIRECTION('center_axis',(1.,0.,0.));
#4010=DIRECTION('ref_axis',(0.,-0.0436193873653149,-0.999048221581859));
#4011=DIRECTION('',(1.,0.,0.));
#4012=DIRECTION('center_axis',(1.,0.,0.));
#4013=DIRECTION('ref_axis',(0.,-0.878906759751767,0.476993613859399));
#4014=DIRECTION('',(1.,0.,0.));
#4015=DIRECTION('center_axis',(1.,0.,0.));
#4016=DIRECTION('ref_axis',(0.,0.917134986884485,0.398576737696012));
#4017=DIRECTION('',(1.,0.,0.));
#4018=DIRECTION('center_axis',(1.,0.,0.));
#4019=DIRECTION('ref_axis',(0.,0.996202729426197,0.0870638954090318));
#4020=DIRECTION('',(1.,0.,0.));
#4021=DIRECTION('center_axis',(1.,0.,0.));
#4022=DIRECTION('ref_axis',(0.,-0.996202729426197,-0.0870638954090355));
#4023=DIRECTION('',(1.,0.,0.));
#4024=DIRECTION('center_axis',(0.,-0.0436193873653364,-0.999048221581858));
#4025=DIRECTION('ref_axis',(0.,0.999048221581858,-0.0436193873653364));
#4026=DIRECTION('',(1.,0.,0.));
#4027=DIRECTION('center_axis',(1.,0.,0.));
#4028=DIRECTION('ref_axis',(0.,-0.0436193873653112,-0.999048221581859));
#4029=DIRECTION('',(1.,0.,0.));
#4030=DIRECTION('center_axis',(1.,0.,0.));
#4031=DIRECTION('ref_axis',(0.,-0.878906759751767,0.4769936138594));
#4032=DIRECTION('',(1.,0.,0.));
#4033=DIRECTION('center_axis',(1.,0.,0.));
#4034=DIRECTION('ref_axis',(0.,0.917134986884485,0.398576737696012));
#4035=DIRECTION('',(1.,0.,0.));
#4036=DIRECTION('center_axis',(1.,0.,0.));
#4037=DIRECTION('ref_axis',(0.,0.996202729426197,0.0870638954090318));
#4038=DIRECTION('',(1.,0.,0.));
#4039=DIRECTION('center_axis',(1.,0.,0.));
#4040=DIRECTION('ref_axis',(0.,-0.996202729426197,-0.0870638954090359));
#4041=DIRECTION('',(1.,0.,0.));
#4042=DIRECTION('center_axis',(0.,-0.0436193873653364,-0.999048221581858));
#4043=DIRECTION('ref_axis',(0.,0.999048221581858,-0.0436193873653364));
#4044=DIRECTION('',(1.,0.,0.));
#4045=DIRECTION('center_axis',(1.,0.,0.));
#4046=DIRECTION('ref_axis',(0.,-0.0436193873653371,-0.999048221581858));
#4047=DIRECTION('',(1.,0.,0.));
#4048=DIRECTION('center_axis',(1.,0.,0.));
#4049=DIRECTION('ref_axis',(0.,-0.878906759751767,0.476993613859399));
#4050=DIRECTION('',(1.,0.,0.));
#4051=DIRECTION('center_axis',(1.,0.,0.));
#4052=DIRECTION('ref_axis',(0.,0.917134986884485,0.398576737696012));
#4053=DIRECTION('center_axis',(0.,-0.0436193873653283,-0.999048221581858));
#4054=DIRECTION('ref_axis',(0.707106781186545,-0.706433772212895,0.0308435645972258));
#4055=DIRECTION('',(0.,0.0436193873653283,0.999048221581858));
#4056=DIRECTION('',(0.,-0.0436193873653283,-0.999048221581858));
#4057=DIRECTION('center_axis',(1.,0.,0.));
#4058=DIRECTION('ref_axis',(0.,1.,0.));
#4059=DIRECTION('',(0.,-0.0436193873653361,-0.999048221581858));
#4060=DIRECTION('',(0.,1.,-6.34413156928661E-17));
#4061=DIRECTION('center_axis',(0.,0.0436193873653361,0.999048221581858));
#4062=DIRECTION('ref_axis',(0.707106781186547,0.706433772212892,-0.0308435645972316));
#4063=DIRECTION('',(0.,0.0436193873653361,0.999048221581858));
#4064=DIRECTION('center_axis',(0.,0.999048221581858,-0.0436193873653361));
#4065=DIRECTION('ref_axis',(0.,0.0436193873653361,0.999048221581858));
#4066=DIRECTION('',(0.,-0.0436193873653361,-0.999048221581858));
#4067=DIRECTION('',(-1.,0.,0.));
#4068=DIRECTION('center_axis',(0.,0.722363962059756,0.69151305578227));
#4069=DIRECTION('ref_axis',(1.,0.,0.));
#4070=DIRECTION('',(0.,0.69151305578227,-0.722363962059755));
#4071=DIRECTION('',(0.,-0.69151305578227,0.722363962059755));
#4072=DIRECTION('',(1.,0.,0.));
#4073=DIRECTION('',(0.706800827341059,5.89039540036555E-16,-0.707412602707921));
#4074=DIRECTION('',(0.706800827341059,-5.89039540036555E-16,0.707412602707921));
#4075=DIRECTION('center_axis',(0.707106781186547,4.48597845338222E-17,0.707106781186548));
#4076=DIRECTION('ref_axis',(0.707106781186548,0.,-0.707106781186547));
#4077=DIRECTION('',(-0.707106781186548,0.,0.707106781186547));
#4078=DIRECTION('',(0.,-1.,6.34413156928661E-17));
#4079=DIRECTION('',(0.707106781186548,0.,-0.707106781186547));
#4080=DIRECTION('',(-0.706857891151778,0.028003086605275,0.706801067385327));
#4081=DIRECTION('',(0.,-0.722363962059753,-0.691513055782272));
#4082=DIRECTION('center_axis',(0.,-0.691513055782273,0.722363962059753));
#4083=DIRECTION('ref_axis',(1.,0.,0.));
#4084=DIRECTION('',(-1.,0.,0.));
#4085=DIRECTION('',(0.,-0.722363962059753,-0.691513055782273));
#4086=DIRECTION('',(1.,0.,0.));
#4087=DIRECTION('',(-0.706857891151778,-0.028003086605275,-0.706801067385327));
#4088=DIRECTION('center_axis',(-0.707106781186547,4.48597845338222E-17,
0.707106781186548));
#4089=DIRECTION('ref_axis',(0.707106781186548,0.,0.707106781186547));
#4090=DIRECTION('',(-0.707106781186548,0.,-0.707106781186547));
#4091=DIRECTION('',(0.,-1.,6.34413156928661E-17));
#4092=DIRECTION('',(0.707106781186548,0.,0.707106781186547));
#4093=DIRECTION('',(0.,1.,-6.34413156928661E-17));
#4094=DIRECTION('center_axis',(0.,-0.999048221581858,0.0436193873653283));
#4095=DIRECTION('ref_axis',(0.,-0.0436193873653283,-0.999048221581858));
#4096=DIRECTION('',(0.,0.0436193873653283,0.999048221581858));
#4097=DIRECTION('center_axis',(0.,0.0436193873653283,0.999048221581858));
#4098=DIRECTION('ref_axis',(-0.707106781186545,-0.706433772212895,0.0308435645972258));
#4099=DIRECTION('',(0.,-0.0436193873653283,-0.999048221581858));
#4100=DIRECTION('center_axis',(1.,0.,0.));
#4101=DIRECTION('ref_axis',(0.,1.,0.));
#4102=DIRECTION('',(0.,0.0436193873653361,0.999048221581858));
#4103=DIRECTION('center_axis',(0.,6.34413156928661E-17,1.));
#4104=DIRECTION('ref_axis',(0.,-1.,6.34413156928661E-17));
#4105=DIRECTION('center_axis',(0.,-0.0436193873653361,-0.999048221581858));
#4106=DIRECTION('ref_axis',(-0.707106781186547,0.706433772212892,-0.0308435645972316));
#4107=DIRECTION('center_axis',(1.,0.,0.));
#4108=DIRECTION('ref_axis',(0.,0.917134986884484,0.398576737696013));
#4109=CARTESIAN_POINT('',(0.,0.,0.));
#4110=CARTESIAN_POINT('Origin',(-7.4375,-16.5394894361645,-8.5869840693912));
#4111=CARTESIAN_POINT('',(-7.375,-15.5767734763212,-8.316469780158));
#4112=CARTESIAN_POINT('',(-7.5,-15.4564339813418,-8.28265549400413));
#4113=CARTESIAN_POINT('',(-7.375,-15.5767734763212,-8.316469780158));
#4114=CARTESIAN_POINT('',(-7.5,-15.4187613655519,-8.48903718705532));
#4115=CARTESIAN_POINT('Origin',(-7.5,-16.5394894361645,-8.5869840693912));
#4116=CARTESIAN_POINT('',(-7.375,-15.5432867067302,-8.49992017398145));
#4117=CARTESIAN_POINT('',(-7.5,-15.4187613655519,-8.48903718705532));
#4118=CARTESIAN_POINT('Origin',(-7.375,-16.5394894361645,-8.5869840693912));
#4119=CARTESIAN_POINT('Origin',(-7.4375,-15.393856297317,-8.48686058967017));
#4120=CARTESIAN_POINT('',(-7.5,-15.3949467820011,-8.51183679520893));
#4121=CARTESIAN_POINT('Origin',(-7.5,-15.393856297317,-8.48686058967017));
#4122=CARTESIAN_POINT('',(-7.375,-15.4003992054218,-8.63671782290666));
#4123=CARTESIAN_POINT('',(-7.5,-15.3949467820011,-8.51183679520893));
#4124=CARTESIAN_POINT('Origin',(-7.375,-15.393856297317,-8.48686058967017));
#4125=CARTESIAN_POINT('Origin',(-7.4375,-11.755799327593,-8.7332849472742));
#4126=CARTESIAN_POINT('',(-7.5,-14.8757922230625,-8.53450357276744));
#4127=CARTESIAN_POINT('',(-7.5,-11.7530731158827,-8.67084443342534));
#4128=CARTESIAN_POINT('',(-7.375,-14.8812446464832,-8.65938460046517));
#4129=CARTESIAN_POINT('',(-7.5,-14.8757922230625,-8.53450357276744));
#4130=CARTESIAN_POINT('',(-7.375,-11.7585255393033,-8.79572546112307));
#4131=CARTESIAN_POINT('Origin',(-7.4375,-14.8747017383781,-8.50952736722156));
#4132=CARTESIAN_POINT('',(-7.5,-14.8500811444017,-8.51386630171812));
#4133=CARTESIAN_POINT('Origin',(-7.5,-14.8747017383781,-8.50952736722156));
#4134=CARTESIAN_POINT('',(-7.375,-14.7269781745508,-8.5355609741954));
#4135=CARTESIAN_POINT('',(-7.5,-14.8500811444017,-8.51386630171812));
#4136=CARTESIAN_POINT('Origin',(-7.375,-14.8747017383781,-8.50952736722156));
#4137=CARTESIAN_POINT('Origin',(-7.4375,-13.7421544157353,-8.70911835401535));
#4138=CARTESIAN_POINT('',(-7.5,-14.7309245204637,-8.17250053841937));
#4139=CARTESIAN_POINT('Origin',(-7.5,-13.7421544157353,-8.70911835401535));
#4140=CARTESIAN_POINT('',(-7.375,-14.6210611754948,-8.2321247401518));
#4141=CARTESIAN_POINT('',(-7.5,-14.7309245204637,-8.17250053841937));
#4142=CARTESIAN_POINT('Origin',(-7.375,-13.7421544157353,-8.70911835401535));
#4143=CARTESIAN_POINT('Origin',(-7.4375,-14.1332679238311,-8.49685619584452));
#4144=CARTESIAN_POINT('',(-7.5,-13.5096161327482,-8.22582401421059));
#4145=CARTESIAN_POINT('Origin',(-7.5,-14.1332679238311,-8.49685619584452));
#4146=CARTESIAN_POINT('',(-7.375,-13.6242580061088,-8.2756461064226));
#4147=CARTESIAN_POINT('',(-7.5,-13.5096161327482,-8.22582401421059));
#4148=CARTESIAN_POINT('Origin',(-7.375,-14.1332679238311,-8.49685619584452));
#4149=CARTESIAN_POINT('Origin',(-7.4375,-14.5413929930008,-8.67422284412187));
#4150=CARTESIAN_POINT('',(-7.5,-13.4206649223882,-8.576275961786));
#4151=CARTESIAN_POINT('Origin',(-7.5,-14.5413929930008,-8.67422284412187));
#4152=CARTESIAN_POINT('',(-7.375,-13.5451902635664,-8.58715894871213));
#4153=CARTESIAN_POINT('',(-7.5,-13.4206649223882,-8.576275961786));
#4154=CARTESIAN_POINT('Origin',(-7.375,-14.5413929930008,-8.67422284412187));
#4155=CARTESIAN_POINT('Origin',(-7.4375,-13.3957598541533,-8.57409936440084));
#4156=CARTESIAN_POINT('',(-7.5,-13.3968503388374,-8.5990755699396));
#4157=CARTESIAN_POINT('Origin',(-7.5,-13.3957598541533,-8.57409936440084));
#4158=CARTESIAN_POINT('',(-7.375,-13.402302762258,-8.72395659763733));
#4159=CARTESIAN_POINT('',(-7.5,-13.3968503388374,-8.5990755699396));
#4160=CARTESIAN_POINT('Origin',(-7.375,-13.3957598541533,-8.57409936440084));
#4161=CARTESIAN_POINT('Origin',(-7.4375,-10.7567511060111,-8.77690433463954));
#4162=CARTESIAN_POINT('',(-7.5,-12.8776957798988,-8.62174234749811));
#4163=CARTESIAN_POINT('',(-7.5,-10.7540248943008,-8.71446382079067));
#4164=CARTESIAN_POINT('',(-7.375,-12.8831482033195,-8.74662337519584));
#4165=CARTESIAN_POINT('',(-7.5,-12.8776957798988,-8.62174234749811));
#4166=CARTESIAN_POINT('',(-7.375,-10.7594773177215,-8.83934484848841));
#4167=CARTESIAN_POINT('Origin',(-7.4375,-12.8766052952144,-8.59676614195223));
#4168=CARTESIAN_POINT('',(-7.5,-12.851984701238,-8.60110507644879));
#4169=CARTESIAN_POINT('Origin',(-7.5,-12.8766052952144,-8.59676614195223));
#4170=CARTESIAN_POINT('',(-7.375,-12.7288817313871,-8.62279974892609));
#4171=CARTESIAN_POINT('',(-7.5,-12.851984701238,-8.60110507644879));
#4172=CARTESIAN_POINT('Origin',(-7.375,-12.8766052952144,-8.59676614195223));
#4173=CARTESIAN_POINT('Origin',(-7.4375,-11.7440579725716,-8.79635712874602));
#4174=CARTESIAN_POINT('',(-7.5,-12.7328280773,-8.25973931315004));
#4175=CARTESIAN_POINT('Origin',(-7.5,-11.7440579725716,-8.79635712874602));
#4176=CARTESIAN_POINT('',(-7.375,-12.622964732331,-8.31936351488247));
#4177=CARTESIAN_POINT('',(-7.5,-12.7328280773,-8.25973931315004));
#4178=CARTESIAN_POINT('Origin',(-7.375,-11.7440579725716,-8.79635712874602));
#4179=CARTESIAN_POINT('Origin',(-7.4375,-12.1351714806674,-8.58409497057519));
#4180=CARTESIAN_POINT('',(-7.5,-11.5115196895845,-8.31306278894127));
#4181=CARTESIAN_POINT('Origin',(-7.5,-12.1351714806674,-8.58409497057519));
#4182=CARTESIAN_POINT('',(-7.375,-11.6261615629451,-8.36288488115327));
#4183=CARTESIAN_POINT('',(-7.5,-11.5115196895845,-8.31306278894127));
#4184=CARTESIAN_POINT('Origin',(-7.375,-12.1351714806674,-8.58409497057519));
#4185=CARTESIAN_POINT('Origin',(-7.4375,-12.5432965498371,-8.76146161885254));
#4186=CARTESIAN_POINT('',(-7.5,-11.4225684792244,-8.66351473651667));
#4187=CARTESIAN_POINT('Origin',(-7.5,-12.5432965498371,-8.76146161885254));
#4188=CARTESIAN_POINT('',(-7.375,-11.5470938204027,-8.6743977234428));
#4189=CARTESIAN_POINT('',(-7.5,-11.4225684792244,-8.66351473651667));
#4190=CARTESIAN_POINT('Origin',(-7.375,-12.5432965498371,-8.76146161885254));
#4191=CARTESIAN_POINT('Origin',(-7.4375,-11.3976634109896,-8.66133813913151));
#4192=CARTESIAN_POINT('',(-7.5,-11.3987538956737,-8.68631434467027));
#4193=CARTESIAN_POINT('Origin',(-7.5,-11.3976634109896,-8.66133813913151));
#4194=CARTESIAN_POINT('',(-7.375,-11.4042063190943,-8.811195372368));
#4195=CARTESIAN_POINT('',(-7.5,-11.3987538956737,-8.68631434467027));
#4196=CARTESIAN_POINT('Origin',(-7.375,-11.3976634109896,-8.66133813913151));
#4197=CARTESIAN_POINT('Origin',(-7.4375,-9.75770288442929,-8.82052372200488));
#4198=CARTESIAN_POINT('',(-7.5,-10.8795993367351,-8.70898112222878));
#4199=CARTESIAN_POINT('',(-7.5,-9.75497667271896,-8.75808320815601));
#4200=CARTESIAN_POINT('',(-7.375,-10.8850517601558,-8.83386214992652));
#4201=CARTESIAN_POINT('',(-7.5,-10.8795993367351,-8.70898112222878));
#4202=CARTESIAN_POINT('',(-7.375,-9.76042909613962,-8.88296423585374));
#4203=CARTESIAN_POINT('Origin',(-7.4375,-10.8785088520507,-8.6840049166829));
#4204=CARTESIAN_POINT('',(-7.5,-10.8538882580743,-8.68834385117946));
#4205=CARTESIAN_POINT('Origin',(-7.5,-10.8785088520507,-8.6840049166829));
#4206=CARTESIAN_POINT('',(-7.375,-10.7307852882234,-8.71003852365673));
#4207=CARTESIAN_POINT('',(-7.5,-10.8538882580743,-8.68834385117946));
#4208=CARTESIAN_POINT('Origin',(-7.375,-10.8785088520507,-8.6840049166829));
#4209=CARTESIAN_POINT('Origin',(-7.4375,-9.74596152940791,-8.88359590347669));
#4210=CARTESIAN_POINT('',(-7.5,-10.7347316341363,-8.34697808788072));
#4211=CARTESIAN_POINT('Origin',(-7.5,-9.74596152940791,-8.88359590347669));
#4212=CARTESIAN_POINT('',(-7.375,-10.6248682891673,-8.40660228961314));
#4213=CARTESIAN_POINT('',(-7.5,-10.7347316341363,-8.34697808788072));
#4214=CARTESIAN_POINT('Origin',(-7.375,-9.74596152940791,-8.88359590347669));
#4215=CARTESIAN_POINT('Origin',(-7.4375,-10.1370750375037,-8.67133374530586));
#4216=CARTESIAN_POINT('',(-7.5,-9.5134232464208,-8.40030156367194));
#4217=CARTESIAN_POINT('Origin',(-7.5,-10.1370750375037,-8.67133374530586));
#4218=CARTESIAN_POINT('',(-7.375,-9.62806511978137,-8.45012365588394));
#4219=CARTESIAN_POINT('',(-7.5,-9.5134232464208,-8.40030156367194));
#4220=CARTESIAN_POINT('Origin',(-7.375,-10.1370750375037,-8.67133374530586));
#4221=CARTESIAN_POINT('Origin',(-7.4375,-10.5452001066733,-8.84870039358321));
#4222=CARTESIAN_POINT('',(-7.5,-9.42447203606073,-8.75075351124734));
#4223=CARTESIAN_POINT('Origin',(-7.5,-10.5452001066733,-8.84870039358321));
#4224=CARTESIAN_POINT('',(-7.375,-9.54899737723901,-8.76163649817347));
#4225=CARTESIAN_POINT('',(-7.5,-9.42447203606073,-8.75075351124734));
#4226=CARTESIAN_POINT('Origin',(-7.375,-10.5452001066733,-8.84870039358321));
#4227=CARTESIAN_POINT('Origin',(-7.4375,-9.39956696782586,-8.74857691386218));
#4228=CARTESIAN_POINT('',(-7.5,-9.40065745250996,-8.77355311940094));
#4229=CARTESIAN_POINT('Origin',(-7.5,-9.39956696782586,-8.74857691386218));
#4230=CARTESIAN_POINT('',(-7.375,-9.40610987593061,-8.89843414709867));
#4231=CARTESIAN_POINT('',(-7.5,-9.40065745250996,-8.77355311940094));
#4232=CARTESIAN_POINT('Origin',(-7.375,-9.39956696782586,-8.74857691386218));
#4233=CARTESIAN_POINT('Origin',(-7.4375,-8.75865466284743,-8.86414310937021));
#4234=CARTESIAN_POINT('',(-7.5,-8.88150289357137,-8.79621989695945));
#4235=CARTESIAN_POINT('',(-7.5,-8.7559284511371,-8.80170259552134));
#4236=CARTESIAN_POINT('',(-7.375,-8.88695531699204,-8.92110092465719));
#4237=CARTESIAN_POINT('',(-7.5,-8.88150289357137,-8.79621989695945));
#4238=CARTESIAN_POINT('',(-7.375,-8.76138087455776,-8.92658362321908));
#4239=CARTESIAN_POINT('Origin',(-7.4375,-8.88041240888696,-8.77124369141358));
#4240=CARTESIAN_POINT('',(-7.5,-8.85579181491054,-8.77558262591013));
#4241=CARTESIAN_POINT('Origin',(-7.5,-8.88041240888696,-8.77124369141358));
#4242=CARTESIAN_POINT('',(-7.375,-8.73268884505968,-8.79727729838741));
#4243=CARTESIAN_POINT('',(-7.5,-8.85579181491054,-8.77558262591013));
#4244=CARTESIAN_POINT('Origin',(-7.375,-8.88041240888696,-8.77124369141358));
#4245=CARTESIAN_POINT('Origin',(-7.4375,-7.7478650862442,-8.97083467820737));
#4246=CARTESIAN_POINT('',(-7.5,-8.73663519097259,-8.43421686261139));
#4247=CARTESIAN_POINT('Origin',(-7.5,-7.7478650862442,-8.97083467820737));
#4248=CARTESIAN_POINT('',(-7.375,-8.62677184600362,-8.49384106434381));
#4249=CARTESIAN_POINT('',(-7.5,-8.73663519097259,-8.43421686261139));
#4250=CARTESIAN_POINT('Origin',(-7.375,-7.7478650862442,-8.97083467820737));
#4251=CARTESIAN_POINT('Origin',(-7.4375,-8.13897859433999,-8.75857252003654));
#4252=CARTESIAN_POINT('',(-7.5,-7.51532680325709,-8.48754033840261));
#4253=CARTESIAN_POINT('Origin',(-7.5,-8.13897859433999,-8.75857252003654));
#4254=CARTESIAN_POINT('',(-7.375,-7.62996867661765,-8.53736243061462));
#4255=CARTESIAN_POINT('',(-7.5,-7.51532680325709,-8.48754033840261));
#4256=CARTESIAN_POINT('Origin',(-7.375,-8.13897859433999,-8.75857252003654));
#4257=CARTESIAN_POINT('Origin',(-7.4375,-8.54710366350963,-8.93593916831389));
#4258=CARTESIAN_POINT('',(-7.5,-7.42637559289702,-8.83799228597802));
#4259=CARTESIAN_POINT('Origin',(-7.5,-8.54710366350963,-8.93593916831389));
#4260=CARTESIAN_POINT('',(-7.375,-7.55090093407529,-8.84887527290415));
#4261=CARTESIAN_POINT('',(-7.5,-7.42637559289702,-8.83799228597802));
#4262=CARTESIAN_POINT('Origin',(-7.375,-8.54710366350963,-8.93593916831389));
#4263=CARTESIAN_POINT('Origin',(-7.4375,-7.40147052466214,-8.83581568859286));
#4264=CARTESIAN_POINT('',(-7.5,-7.40256100934624,-8.86079189413162));
#4265=CARTESIAN_POINT('Origin',(-7.5,-7.40147052466214,-8.83581568859286));
#4266=CARTESIAN_POINT('',(-7.375,-7.4080134327669,-8.98567292182935));
#4267=CARTESIAN_POINT('',(-7.5,-7.40256100934624,-8.86079189413162));
#4268=CARTESIAN_POINT('Origin',(-7.375,-7.40147052466214,-8.83581568859286));
#4269=CARTESIAN_POINT('Origin',(-7.4375,-7.75960644126557,-8.90776249673555));
#4270=CARTESIAN_POINT('',(-7.5,-6.88340645040765,-8.88345867169013));
#4271=CARTESIAN_POINT('',(-7.5,-7.75688022955524,-8.84532198288668));
#4272=CARTESIAN_POINT('',(-7.375,-6.88885887382832,-9.00833969938786));
#4273=CARTESIAN_POINT('',(-7.5,-6.88340645040765,-8.88345867169013));
#4274=CARTESIAN_POINT('',(-7.375,-7.76233265297591,-8.97020301058441));
#4275=CARTESIAN_POINT('Origin',(-7.4375,-6.88231596572325,-8.85848246614425));
#4276=CARTESIAN_POINT('',(-7.5,-6.85769537174683,-8.8628214006408));
#4277=CARTESIAN_POINT('Origin',(-7.5,-6.88231596572325,-8.85848246614425));
#4278=CARTESIAN_POINT('',(-7.375,-6.73459240189596,-8.88451607311809));
#4279=CARTESIAN_POINT('',(-7.5,-6.85769537174683,-8.8628214006408));
#4280=CARTESIAN_POINT('Origin',(-7.375,-6.88231596572325,-8.85848246614425));
#4281=CARTESIAN_POINT('Origin',(-7.4375,-5.74976864308048,-9.05807345293804));
#4282=CARTESIAN_POINT('',(-7.5,-6.73853874780887,-8.52145563734206));
#4283=CARTESIAN_POINT('Origin',(-7.5,-5.74976864308048,-9.05807345293804));
#4284=CARTESIAN_POINT('',(-7.375,-6.6286754028399,-8.58107983907449));
#4285=CARTESIAN_POINT('',(-7.5,-6.73853874780887,-8.52145563734206));
#4286=CARTESIAN_POINT('Origin',(-7.375,-5.74976864308048,-9.05807345293804));
#4287=CARTESIAN_POINT('Origin',(-7.4375,-6.14088215117628,-8.84581129476721));
#4288=CARTESIAN_POINT('',(-7.5,-5.51723036009337,-8.57477911313329));
#4289=CARTESIAN_POINT('Origin',(-7.5,-6.14088215117628,-8.84581129476721));
#4290=CARTESIAN_POINT('',(-7.375,-5.63187223345394,-8.62460120534529));
#4291=CARTESIAN_POINT('',(-7.5,-5.51723036009337,-8.57477911313329));
#4292=CARTESIAN_POINT('Origin',(-7.375,-6.14088215117628,-8.84581129476721));
#4293=CARTESIAN_POINT('Origin',(-7.4375,-6.54900722034592,-9.02317794304456));
#4294=CARTESIAN_POINT('',(-7.5,-5.4282791497333,-8.92523106070869));
#4295=CARTESIAN_POINT('Origin',(-7.5,-6.54900722034592,-9.02317794304456));
#4296=CARTESIAN_POINT('',(-7.375,-5.55280449091158,-8.93611404763482));
#4297=CARTESIAN_POINT('',(-7.5,-5.4282791497333,-8.92523106070869));
#4298=CARTESIAN_POINT('Origin',(-7.375,-6.54900722034592,-9.02317794304456));
#4299=CARTESIAN_POINT('Origin',(-7.4375,-5.40337408149843,-8.92305446332353));
#4300=CARTESIAN_POINT('',(-7.5,-5.40446456618253,-8.94803066886229));
#4301=CARTESIAN_POINT('Origin',(-7.5,-5.40337408149843,-8.92305446332353));
#4302=CARTESIAN_POINT('',(-7.375,-5.40991698960318,-9.07291169656003));
#4303=CARTESIAN_POINT('',(-7.5,-5.40446456618253,-8.94803066886229));
#4304=CARTESIAN_POINT('Origin',(-7.375,-5.40337408149843,-8.92305446332353));
#4305=CARTESIAN_POINT('Origin',(-7.4375,-6.76055821968371,-8.95138188410088));
#4306=CARTESIAN_POINT('',(-7.5,-4.88531000724394,-8.9706974464208));
#4307=CARTESIAN_POINT('',(-7.5,-6.75783200797338,-8.88894137025202));
#4308=CARTESIAN_POINT('',(-7.375,-4.8907624306646,-9.09557847411853));
#4309=CARTESIAN_POINT('',(-7.5,-4.88531000724394,-8.9706974464208));
#4310=CARTESIAN_POINT('',(-7.375,-6.76328443139405,-9.01382239794975));
#4311=CARTESIAN_POINT('Origin',(-7.4375,-4.88421952255953,-8.94572124087492));
#4312=CARTESIAN_POINT('',(-7.5,-4.85959892858311,-8.95006017537148));
#4313=CARTESIAN_POINT('Origin',(-7.5,-4.88421952255953,-8.94572124087492));
#4314=CARTESIAN_POINT('',(-7.375,-4.73649595873225,-8.97175484784876));
#4315=CARTESIAN_POINT('',(-7.5,-4.85959892858311,-8.95006017537148));
#4316=CARTESIAN_POINT('Origin',(-7.375,-4.88421952255953,-8.94572124087492));
#4317=CARTESIAN_POINT('Origin',(-7.4375,-3.75167219991677,-9.14531222766871));
#4318=CARTESIAN_POINT('',(-7.5,-4.74044230464516,-8.60869441207273));
#4319=CARTESIAN_POINT('Origin',(-7.5,-3.75167219991677,-9.14531222766871));
#4320=CARTESIAN_POINT('',(-7.375,-4.63057895967619,-8.66831861380516));
#4321=CARTESIAN_POINT('',(-7.5,-4.74044230464516,-8.60869441207273));
#4322=CARTESIAN_POINT('Origin',(-7.375,-3.75167219991677,-9.14531222766871));
#4323=CARTESIAN_POINT('Origin',(-7.4375,-4.14278570801256,-8.93305006949788));
#4324=CARTESIAN_POINT('',(-7.5,-3.51913391692966,-8.66201788786396));
#4325=CARTESIAN_POINT('Origin',(-7.5,-4.14278570801256,-8.93305006949788));
#4326=CARTESIAN_POINT('',(-7.375,-3.63377579029022,-8.71183998007596));
#4327=CARTESIAN_POINT('',(-7.5,-3.51913391692966,-8.66201788786396));
#4328=CARTESIAN_POINT('Origin',(-7.375,-4.14278570801256,-8.93305006949788));
#4329=CARTESIAN_POINT('Origin',(-7.4375,-4.5509107771822,-9.11041671777523));
#4330=CARTESIAN_POINT('',(-7.5,-3.43018270656959,-9.01246983543936));
#4331=CARTESIAN_POINT('Origin',(-7.5,-4.5509107771822,-9.11041671777523));
#4332=CARTESIAN_POINT('',(-7.375,-3.55470804774786,-9.02335282236549));
#4333=CARTESIAN_POINT('',(-7.5,-3.43018270656959,-9.01246983543936));
#4334=CARTESIAN_POINT('Origin',(-7.375,-4.5509107771822,-9.11041671777523));
#4335=CARTESIAN_POINT('Origin',(-7.4375,-3.40527763833471,-9.0102932380542));
#4336=CARTESIAN_POINT('',(-7.5,-3.40636812301881,-9.03526944359296));
#4337=CARTESIAN_POINT('Origin',(-7.5,-3.40527763833471,-9.0102932380542));
#4338=CARTESIAN_POINT('',(-7.375,-3.41182054643947,-9.1601504712907));
#4339=CARTESIAN_POINT('',(-7.5,-3.40636812301881,-9.03526944359296));
#4340=CARTESIAN_POINT('Origin',(-7.375,-3.40527763833471,-9.0102932380542));
#4341=CARTESIAN_POINT('Origin',(-7.4375,-5.76150999810186,-8.99500127146622));
#4342=CARTESIAN_POINT('',(-7.5,-2.88721356408022,-9.05793622115147));
#4343=CARTESIAN_POINT('',(-7.5,-5.75878378639152,-8.93256075761735));
#4344=CARTESIAN_POINT('',(-7.375,-2.89266598750089,-9.18281724884921));
#4345=CARTESIAN_POINT('',(-7.5,-2.88721356408022,-9.05793622115147));
#4346=CARTESIAN_POINT('',(-7.375,-5.76423620981219,-9.05744178531509));
#4347=CARTESIAN_POINT('Origin',(-7.4375,-2.88612307939582,-9.03296001560559));
#4348=CARTESIAN_POINT('',(-7.5,-2.8615024854194,-9.03729895010215));
#4349=CARTESIAN_POINT('Origin',(-7.5,-2.88612307939582,-9.03296001560559));
#4350=CARTESIAN_POINT('',(-7.375,-2.73839951556853,-9.05899362257943));
#4351=CARTESIAN_POINT('',(-7.5,-2.8615024854194,-9.03729895010215));
#4352=CARTESIAN_POINT('Origin',(-7.375,-2.88612307939582,-9.03296001560559));
#4353=CARTESIAN_POINT('Origin',(-7.4375,-1.75357575675305,-9.23255100239938));
#4354=CARTESIAN_POINT('',(-7.5,-2.74234586148144,-8.69593318680341));
#4355=CARTESIAN_POINT('Origin',(-7.5,-1.75357575675305,-9.23255100239938));
#4356=CARTESIAN_POINT('',(-7.375,-2.63248251651247,-8.75555738853583));
#4357=CARTESIAN_POINT('',(-7.5,-2.74234586148144,-8.69593318680341));
#4358=CARTESIAN_POINT('Origin',(-7.375,-1.75357575675305,-9.23255100239938));
#4359=CARTESIAN_POINT('Origin',(-7.4375,-2.14468926484885,-9.02028884422855));
#4360=CARTESIAN_POINT('',(-7.5,-1.52103747376594,-8.74925666259463));
#4361=CARTESIAN_POINT('Origin',(-7.5,-2.14468926484885,-9.02028884422855));
#4362=CARTESIAN_POINT('',(-7.375,-1.6356793471265,-8.79907875480663));
#4363=CARTESIAN_POINT('',(-7.5,-1.52103747376594,-8.74925666259463));
#4364=CARTESIAN_POINT('Origin',(-7.375,-2.14468926484885,-9.02028884422855));
#4365=CARTESIAN_POINT('Origin',(-7.4375,-2.55281433401849,-9.19765549250591));
#4366=CARTESIAN_POINT('',(-7.5,-1.43208626340587,-9.09970861017003));
#4367=CARTESIAN_POINT('Origin',(-7.5,-2.55281433401849,-9.19765549250591));
#4368=CARTESIAN_POINT('',(-7.375,-1.55661160458414,-9.11059159709616));
#4369=CARTESIAN_POINT('',(-7.5,-1.43208626340587,-9.09970861017003));
#4370=CARTESIAN_POINT('Origin',(-7.375,-2.55281433401849,-9.19765549250591));
#4371=CARTESIAN_POINT('Origin',(-7.4375,-1.407181195171,-9.09753201278487));
#4372=CARTESIAN_POINT('',(-7.5,-1.4082716798551,-9.12250821832363));
#4373=CARTESIAN_POINT('Origin',(-7.5,-1.407181195171,-9.09753201278487));
#4374=CARTESIAN_POINT('',(-7.375,-1.41372410327575,-9.24738924602137));
#4375=CARTESIAN_POINT('',(-7.5,-1.4082716798551,-9.12250821832363));
#4376=CARTESIAN_POINT('Origin',(-7.375,-1.407181195171,-9.09753201278487));
#4377=CARTESIAN_POINT('Origin',(-7.4375,-4.76246177652,-9.03862065883156));
#4378=CARTESIAN_POINT('',(-7.5,-0.889117120916506,-9.14517499588215));
#4379=CARTESIAN_POINT('',(-7.5,-4.75973556480966,-8.97618014498269));
#4380=CARTESIAN_POINT('',(-7.375,-0.894569544337174,-9.27005602357988));
#4381=CARTESIAN_POINT('',(-7.5,-0.889117120916506,-9.14517499588215));
#4382=CARTESIAN_POINT('',(-7.375,-4.76518798823033,-9.10106117268042));
#4383=CARTESIAN_POINT('Origin',(-7.4375,-0.888026636232096,-9.12019879033626));
#4384=CARTESIAN_POINT('',(-7.5,-0.863406042255677,-9.12453772483282));
#4385=CARTESIAN_POINT('Origin',(-7.5,-0.888026636232096,-9.12019879033626));
#4386=CARTESIAN_POINT('',(-7.375,-0.740303072404815,-9.1462323973101));
#4387=CARTESIAN_POINT('',(-7.5,-0.863406042255677,-9.12453772483282));
#4388=CARTESIAN_POINT('Origin',(-7.375,-0.888026636232096,-9.12019879033626));
#4389=CARTESIAN_POINT('Origin',(-7.4375,0.244520686410663,-9.31978977713005));
#4390=CARTESIAN_POINT('',(-7.5,-0.807889432395742,-8.92222476124778));
#4391=CARTESIAN_POINT('Origin',(-7.5,0.244520686410663,-9.31978977713005));
#4392=CARTESIAN_POINT('',(-7.375,-0.690954974751491,-8.96639865190102));
#4393=CARTESIAN_POINT('',(-7.5,-0.807889432395742,-8.92222476124778));
#4394=CARTESIAN_POINT('Origin',(-7.375,0.244520686410663,-9.31978977713005));
#4395=CARTESIAN_POINT('Ctrl Pts',(-7.37272329106903,-15.62032995761,-8.19309848575073));
#4396=CARTESIAN_POINT('Ctrl Pts',(-7.37446739015378,-15.6035371381503,-8.23228570107205));
#4397=CARTESIAN_POINT('Ctrl Pts',(-7.375,-15.5887986721125,-8.27367408185557));
#4398=CARTESIAN_POINT('Ctrl Pts',(-7.375,-15.5767734763212,-8.316469780158));
#4399=CARTESIAN_POINT('Ctrl Pts',(-7.41514886071269,-15.582810718088,-8.17490064247639));
#4400=CARTESIAN_POINT('Ctrl Pts',(-7.41631159343585,-15.5648471663662,-8.21656642046052));
#4401=CARTESIAN_POINT('Ctrl Pts',(-7.41666666666667,-15.5492887466526,-8.26025582263974));
#4402=CARTESIAN_POINT('Ctrl Pts',(-7.41666666666667,-15.5366603113281,-8.30519835144005));
#4403=CARTESIAN_POINT('Ctrl Pts',(-7.45757443035635,-15.5452914785661,-8.15670279920205));
#4404=CARTESIAN_POINT('Ctrl Pts',(-7.45815579671793,-15.5261571945822,-8.20084713984898));
#4405=CARTESIAN_POINT('Ctrl Pts',(-7.45833333333333,-15.5097788211926,-8.2468375634239));
#4406=CARTESIAN_POINT('Ctrl Pts',(-7.45833333333333,-15.4965471463349,-8.29392692272209));
#4407=CARTESIAN_POINT('Ctrl Pts',(-7.5,-15.5077722390441,-8.13850495592771));
#4408=CARTESIAN_POINT('Ctrl Pts',(-7.5,-15.4874672227982,-8.18512785923744));
#4409=CARTESIAN_POINT('Ctrl Pts',(-7.5,-15.4702688957327,-8.23341930420807));
#4410=CARTESIAN_POINT('Ctrl Pts',(-7.5,-15.4564339813418,-8.28265549400413));
#4411=CARTESIAN_POINT('',(-7.37272329106903,-15.62032995761,-8.19309848575073));
#4412=CARTESIAN_POINT('',(-7.5,-15.5077722390441,-8.13850495592771));
#4413=CARTESIAN_POINT('',(-7.37272329106903,-15.62032995761,-8.19309848575073));
#4414=CARTESIAN_POINT('Ctrl Pts',(-7.5,-15.5077722390441,-8.13850495592771));
#4415=CARTESIAN_POINT('Ctrl Pts',(-7.5,-15.4874672227982,-8.18512785923744));
#4416=CARTESIAN_POINT('Ctrl Pts',(-7.5,-15.4702688957327,-8.23341930420807));
#4417=CARTESIAN_POINT('Ctrl Pts',(-7.5,-15.4564339813418,-8.28265549400413));
#4418=CARTESIAN_POINT('Ctrl Pts',(-7.375,-15.5767734763212,-8.316469780158));
#4419=CARTESIAN_POINT('Ctrl Pts',(-7.375,-15.5887986721125,-8.27367408185557));
#4420=CARTESIAN_POINT('Ctrl Pts',(-7.37446739015378,-15.6035371381503,-8.23228570107205));
#4421=CARTESIAN_POINT('Ctrl Pts',(-7.37272329106903,-15.62032995761,-8.19309848575073));
#4422=CARTESIAN_POINT('Ctrl Pts',(6.95,-16.1017031835864,-7.7302646304366));
#4423=CARTESIAN_POINT('Ctrl Pts',(7.02633083022411,-16.1017031835864,-7.7302646304366));
#4424=CARTESIAN_POINT('Ctrl Pts',(7.19271041898412,-16.065825119878,-7.73111387355435));
#4425=CARTESIAN_POINT('Ctrl Pts',(7.36823363803188,-15.9320008319532,-7.75307627089771));
#4426=CARTESIAN_POINT('Ctrl Pts',(7.48787573002055,-15.725842470081,-7.85337238770745));
#4427=CARTESIAN_POINT('Ctrl Pts',(7.49999999990761,-15.618668148454,-7.95391390148901));
#4428=CARTESIAN_POINT('Ctrl Pts',(7.5,-15.5644711695278,-8.03470060945621));
#4429=CARTESIAN_POINT('Ctrl Pts',(6.95,-16.0623631100982,-7.77838527939505));
#4430=CARTESIAN_POINT('Ctrl Pts',(7.02058497511809,-16.0623631100982,-7.77838527939505));
#4431=CARTESIAN_POINT('Ctrl Pts',(7.17442937715047,-16.0288238528398,-7.78141837149392));
#4432=CARTESIAN_POINT('Ctrl Pts',(7.33080894744361,-15.9114524489828,-7.80711937174505));
#4433=CARTESIAN_POINT('Ctrl Pts',(7.43821604607413,-15.7372419266654,-7.89907007330903));
#4434=CARTESIAN_POINT('Ctrl Pts',(7.4529865160879,-15.6449001531621,-7.98821858800282));
#4435=CARTESIAN_POINT('Ctrl Pts',(7.45549798252164,-15.5965424524126,-8.06164456743008));
#4436=CARTESIAN_POINT('Ctrl Pts',(6.95,-16.02302303661,-7.8265059283535));
#4437=CARTESIAN_POINT('Ctrl Pts',(7.01483912001208,-16.02302303661,-7.8265059283535));
#4438=CARTESIAN_POINT('Ctrl Pts',(7.15614833531681,-15.9918225858017,-7.8317228694335));
#4439=CARTESIAN_POINT('Ctrl Pts',(7.29338425685533,-15.8909040660124,-7.8611624725924));
#4440=CARTESIAN_POINT('Ctrl Pts',(7.38855636212771,-15.7486413832499,-7.94476775891061));
#4441=CARTESIAN_POINT('Ctrl Pts',(7.40597303226819,-15.6711321578703,-8.02252327451663));
#4442=CARTESIAN_POINT('Ctrl Pts',(7.41099596504327,-15.6286137352975,-8.08858852540395));
#4443=CARTESIAN_POINT('Ctrl Pts',(6.95,-15.9836829631219,-7.87462657731195));
#4444=CARTESIAN_POINT('Ctrl Pts',(7.00909326490607,-15.9836829631219,-7.87462657731195));
#4445=CARTESIAN_POINT('Ctrl Pts',(7.13786729348316,-15.9548213187635,-7.88202736737307));
#4446=CARTESIAN_POINT('Ctrl Pts',(7.25595956626706,-15.8703556830419,-7.91520557343974));
#4447=CARTESIAN_POINT('Ctrl Pts',(7.33889667818129,-15.7600408398343,-7.99046544451219));
#4448=CARTESIAN_POINT('Ctrl Pts',(7.35895954844848,-15.6973641625784,-8.05682796103044));
#4449=CARTESIAN_POINT('Ctrl Pts',(7.36649394756491,-15.6606850181824,-8.11553248337782));
#4450=CARTESIAN_POINT('',(7.3664939475632,-15.6606850181907,-8.1155324833645));
#4451=CARTESIAN_POINT('',(7.5,-15.5644711691773,-8.03470060919451));
#4452=CARTESIAN_POINT('',(7.3664939475632,-15.6606850181907,-8.1155324833645));
#4453=CARTESIAN_POINT('',(6.95,-16.1017031835864,-7.7302646304366));
#4454=CARTESIAN_POINT('Ctrl Pts',(7.5,-15.5644711695278,-8.03470060945621));
#4455=CARTESIAN_POINT('Ctrl Pts',(7.49999999990761,-15.618668148454,-7.95391390148901));
#4456=CARTESIAN_POINT('Ctrl Pts',(7.48787573002055,-15.725842470081,-7.85337238770745));
#4457=CARTESIAN_POINT('Ctrl Pts',(7.36823363803188,-15.9320008319532,-7.75307627089771));
#4458=CARTESIAN_POINT('Ctrl Pts',(7.19271041898412,-16.065825119878,-7.73111387355435));
#4459=CARTESIAN_POINT('Ctrl Pts',(7.02633083022411,-16.1017031835864,-7.7302646304366));
#4460=CARTESIAN_POINT('Ctrl Pts',(6.95,-16.1017031835864,-7.7302646304366));
#4461=CARTESIAN_POINT('',(6.95,-15.9836829631219,-7.87462657731195));
#4462=CARTESIAN_POINT('',(6.95,-16.1017031835864,-7.7302646304366));
#4463=CARTESIAN_POINT('Ctrl Pts',(6.95,-15.9836829631219,-7.87462657731195));
#4464=CARTESIAN_POINT('Ctrl Pts',(7.00909326490607,-15.9836829631219,-7.87462657731195));
#4465=CARTESIAN_POINT('Ctrl Pts',(7.13786729348316,-15.9548213187635,-7.88202736737307));
#4466=CARTESIAN_POINT('Ctrl Pts',(7.25595956626706,-15.8703556830419,-7.91520557343974));
#4467=CARTESIAN_POINT('Ctrl Pts',(7.33889667818129,-15.7600408398343,-7.99046544451219));
#4468=CARTESIAN_POINT('Ctrl Pts',(7.35895954844848,-15.6973641625784,-8.05682796103044));
#4469=CARTESIAN_POINT('Ctrl Pts',(7.36649394756491,-15.6606850181824,-8.11553248337782));
#4470=CARTESIAN_POINT('Origin',(0.,-16.0426930733541,-7.80244560387427));
#4471=CARTESIAN_POINT('',(-6.95,-16.1017031835864,-7.7302646304366));
#4472=CARTESIAN_POINT('',(0.,-16.1017031835864,-7.7302646304366));
#4473=CARTESIAN_POINT('',(-6.95,-15.9836829631219,-7.87462657731195));
#4474=CARTESIAN_POINT('',(-6.95,-16.1017031835864,-7.7302646304366));
#4475=CARTESIAN_POINT('',(0.,-15.9836829631219,-7.87462657731195));
#4476=CARTESIAN_POINT('Ctrl Pts',(-7.5,-15.5644711695278,-8.03470060945621));
#4477=CARTESIAN_POINT('Ctrl Pts',(-7.49999999990761,-15.6186681484539,-7.95391390148901));
#4478=CARTESIAN_POINT('Ctrl Pts',(-7.48787573002055,-15.725842470081,-7.85337238770745));
#4479=CARTESIAN_POINT('Ctrl Pts',(-7.36823363803189,-15.9320008319532,-7.75307627089771));
#4480=CARTESIAN_POINT('Ctrl Pts',(-7.19271041898411,-16.065825119878,-7.73111387355435));
#4481=CARTESIAN_POINT('Ctrl Pts',(-7.02633083022411,-16.1017031835864,-7.7302646304366));
#4482=CARTESIAN_POINT('Ctrl Pts',(-6.95,-16.1017031835864,-7.7302646304366));
#4483=CARTESIAN_POINT('Ctrl Pts',(-7.45549798252164,-15.5965424524126,-8.06164456743008));
#4484=CARTESIAN_POINT('Ctrl Pts',(-7.4529865160879,-15.6449001531621,-7.98821858800282));
#4485=CARTESIAN_POINT('Ctrl Pts',(-7.43821604607413,-15.7372419266655,-7.89907007330903));
#4486=CARTESIAN_POINT('Ctrl Pts',(-7.33080894744361,-15.9114524489828,-7.80711937174505));
#4487=CARTESIAN_POINT('Ctrl Pts',(-7.17442937715046,-16.0288238528398,-7.78141837149392));
#4488=CARTESIAN_POINT('Ctrl Pts',(-7.02058497511809,-16.0623631100982,-7.77838527939505));
#4489=CARTESIAN_POINT('Ctrl Pts',(-6.95,-16.0623631100982,-7.77838527939505));
#4490=CARTESIAN_POINT('Ctrl Pts',(-7.41099596504327,-15.6286137352975,-8.08858852540395));
#4491=CARTESIAN_POINT('Ctrl Pts',(-7.40597303226819,-15.6711321578703,-8.02252327451663));
#4492=CARTESIAN_POINT('Ctrl Pts',(-7.38855636212771,-15.7486413832499,-7.94476775891061));
#4493=CARTESIAN_POINT('Ctrl Pts',(-7.29338425685534,-15.8909040660124,-7.8611624725924));
#4494=CARTESIAN_POINT('Ctrl Pts',(-7.15614833531681,-15.9918225858017,-7.8317228694335));
#4495=CARTESIAN_POINT('Ctrl Pts',(-7.01483912001208,-16.02302303661,-7.8265059283535));
#4496=CARTESIAN_POINT('Ctrl Pts',(-6.95,-16.02302303661,-7.8265059283535));
#4497=CARTESIAN_POINT('Ctrl Pts',(-7.36649394756491,-15.6606850181824,-8.11553248337782));
#4498=CARTESIAN_POINT('Ctrl Pts',(-7.35895954844848,-15.6973641625784,-8.05682796103044));
#4499=CARTESIAN_POINT('Ctrl Pts',(-7.33889667818129,-15.7600408398343,-7.9904654445122));
#4500=CARTESIAN_POINT('Ctrl Pts',(-7.25595956626707,-15.8703556830419,-7.91520557343974));
#4501=CARTESIAN_POINT('Ctrl Pts',(-7.13786729348316,-15.9548213187635,-7.88202736737307));
#4502=CARTESIAN_POINT('Ctrl Pts',(-7.00909326490607,-15.9836829631219,-7.87462657731195));
#4503=CARTESIAN_POINT('Ctrl Pts',(-6.95,-15.9836829631219,-7.87462657731195));
#4504=CARTESIAN_POINT('',(-7.5,-15.5644711691773,-8.03470060919451));
#4505=CARTESIAN_POINT('',(-7.3664939475632,-15.6606850181907,-8.1155324833645));
#4506=CARTESIAN_POINT('',(-7.5,-15.5644711691773,-8.03470060919451));
#4507=CARTESIAN_POINT('Ctrl Pts',(-7.36649394756491,-15.6606850181824,-8.11553248337782));
#4508=CARTESIAN_POINT('Ctrl Pts',(-7.35895954844848,-15.6973641625784,-8.05682796103044));
#4509=CARTESIAN_POINT('Ctrl Pts',(-7.33889667818129,-15.7600408398343,-7.9904654445122));
#4510=CARTESIAN_POINT('Ctrl Pts',(-7.25595956626707,-15.8703556830419,-7.91520557343974));
#4511=CARTESIAN_POINT('Ctrl Pts',(-7.13786729348316,-15.9548213187635,-7.88202736737307));
#4512=CARTESIAN_POINT('Ctrl Pts',(-7.00909326490607,-15.9836829631219,-7.87462657731195));
#4513=CARTESIAN_POINT('Ctrl Pts',(-6.95,-15.9836829631219,-7.87462657731195));
#4514=CARTESIAN_POINT('Ctrl Pts',(-6.95,-16.1017031835864,-7.7302646304366));
#4515=CARTESIAN_POINT('Ctrl Pts',(-7.02633083022411,-16.1017031835864,-7.7302646304366));
#4516=CARTESIAN_POINT('Ctrl Pts',(-7.19271041898411,-16.065825119878,-7.73111387355435));
#4517=CARTESIAN_POINT('Ctrl Pts',(-7.36823363803189,-15.9320008319532,-7.75307627089771));
#4518=CARTESIAN_POINT('Ctrl Pts',(-7.48787573002055,-15.725842470081,-7.85337238770745));
#4519=CARTESIAN_POINT('Ctrl Pts',(-7.49999999990761,-15.6186681484539,-7.95391390148901));
#4520=CARTESIAN_POINT('Ctrl Pts',(-7.5,-15.5644711695278,-8.03470060945621));
#4521=CARTESIAN_POINT('Ctrl Pts',(7.37250713394539,-15.6223544493179,-8.18840733158757));
#4522=CARTESIAN_POINT('Ctrl Pts',(7.37126864546652,-15.6336442386037,-8.16242924565462));
#4523=CARTESIAN_POINT('Ctrl Pts',(7.36938119633757,-15.6466292437284,-8.13802857861314));
#4524=CARTESIAN_POINT('Ctrl Pts',(7.36649394756293,-15.660685018192,-8.11553248336237));
#4525=CARTESIAN_POINT('Ctrl Pts',(7.41500475596359,-15.5850632271794,-8.16972806392286));
#4526=CARTESIAN_POINT('Ctrl Pts',(7.41417909697768,-15.5976594133429,-8.14107878502833));
#4527=CARTESIAN_POINT('Ctrl Pts',(7.41292079755838,-15.6123202974946,-8.11390531730208));
#4528=CARTESIAN_POINT('Ctrl Pts',(7.41099596504195,-15.6286137353087,-8.08858852538657));
#4529=CARTESIAN_POINT('Ctrl Pts',(7.4575023779818,-15.5477720050408,-8.15104879625815));
#4530=CARTESIAN_POINT('Ctrl Pts',(7.45708954848884,-15.5616745880821,-8.11972832440205));
#4531=CARTESIAN_POINT('Ctrl Pts',(7.45646039877919,-15.5780113512608,-8.08978205599103));
#4532=CARTESIAN_POINT('Ctrl Pts',(7.45549798252098,-15.5965424524254,-8.06164456741076));
#4533=CARTESIAN_POINT('Ctrl Pts',(7.5,-15.5104807829023,-8.13236952859344));
#4534=CARTESIAN_POINT('Ctrl Pts',(7.5,-15.5256897628213,-8.09837786377576));
#4535=CARTESIAN_POINT('Ctrl Pts',(7.5,-15.543702405027,-8.06565879467998));
#4536=CARTESIAN_POINT('Ctrl Pts',(7.5,-15.564471169542,-8.03470060943495));
#4537=CARTESIAN_POINT('',(7.37250713394043,-15.6223544493178,-8.18840733158774));
#4538=CARTESIAN_POINT('',(7.5,-15.5104807829023,-8.13236952859341));
#4539=CARTESIAN_POINT('',(7.37250713394043,-15.6223544493178,-8.18840733158774));
#4540=CARTESIAN_POINT('Ctrl Pts',(7.5,-15.5104807829023,-8.13236952859344));
#4541=CARTESIAN_POINT('Ctrl Pts',(7.5,-15.5256897628213,-8.09837786377576));
#4542=CARTESIAN_POINT('Ctrl Pts',(7.5,-15.543702405027,-8.06565879467998));
#4543=CARTESIAN_POINT('Ctrl Pts',(7.5,-15.564471169542,-8.03470060943495));
#4544=CARTESIAN_POINT('Ctrl Pts',(7.36649394756293,-15.660685018192,-8.11553248336237));
#4545=CARTESIAN_POINT('Ctrl Pts',(7.36938119633757,-15.6466292437284,-8.13802857861314));
#4546=CARTESIAN_POINT('Ctrl Pts',(7.37126864546652,-15.6336442386037,-8.16242924565462));
#4547=CARTESIAN_POINT('Ctrl Pts',(7.37250713394539,-15.6223544493179,-8.18840733158757));
#4548=CARTESIAN_POINT('Origin',(7.4375,0.244520686410663,-9.31978977713005));
#4549=CARTESIAN_POINT('',(7.375,-0.690954974751491,-8.96639865190102));
#4550=CARTESIAN_POINT('',(7.5,-0.807889432395742,-8.92222476124778));
#4551=CARTESIAN_POINT('',(7.375,-0.690954974751491,-8.96639865190102));
#4552=CARTESIAN_POINT('',(7.5,-0.863406042255677,-9.12453772483279));
#4553=CARTESIAN_POINT('Origin',(7.5,0.244520686410663,-9.31978977713005));
#4554=CARTESIAN_POINT('',(7.375,-0.740303072404815,-9.1462323973101));
#4555=CARTESIAN_POINT('',(7.5,-0.863406042255677,-9.12453772483279));
#4556=CARTESIAN_POINT('Origin',(7.375,0.244520686410663,-9.31978977713005));
#4557=CARTESIAN_POINT('Origin',(7.4375,-0.888026636232096,-9.12019879033626));
#4558=CARTESIAN_POINT('',(7.5,-0.889117120916506,-9.14517499588215));
#4559=CARTESIAN_POINT('Origin',(7.5,-0.888026636232096,-9.12019879033626));
#4560=CARTESIAN_POINT('',(7.375,-0.894569544337174,-9.27005602357988));
#4561=CARTESIAN_POINT('',(7.5,-0.889117120916506,-9.14517499588215));
#4562=CARTESIAN_POINT('Origin',(7.375,-0.888026636232096,-9.12019879033626));
#4563=CARTESIAN_POINT('Origin',(7.4375,-4.76246177652,-9.03862065883156));
#4564=CARTESIAN_POINT('',(7.5,-1.40827167985508,-9.12250821832363));
#4565=CARTESIAN_POINT('',(7.5,-4.75973556480966,-8.97618014498269));
#4566=CARTESIAN_POINT('',(7.375,-1.41372410327575,-9.24738924602137));
#4567=CARTESIAN_POINT('',(7.5,-1.40827167985508,-9.12250821832363));
#4568=CARTESIAN_POINT('',(7.375,-4.76518798823033,-9.10106117268042));
#4569=CARTESIAN_POINT('Origin',(7.4375,-1.407181195171,-9.09753201278487));
#4570=CARTESIAN_POINT('',(7.5,-1.43208626340587,-9.09970861017003));
#4571=CARTESIAN_POINT('Origin',(7.5,-1.407181195171,-9.09753201278487));
#4572=CARTESIAN_POINT('',(7.375,-1.55661160458414,-9.11059159709616));
#4573=CARTESIAN_POINT('',(7.5,-1.43208626340587,-9.09970861017003));
#4574=CARTESIAN_POINT('Origin',(7.375,-1.407181195171,-9.09753201278487));
#4575=CARTESIAN_POINT('Origin',(7.4375,-2.55281433401849,-9.19765549250591));
#4576=CARTESIAN_POINT('',(7.5,-1.52103747376594,-8.74925666259463));
#4577=CARTESIAN_POINT('Origin',(7.5,-2.55281433401849,-9.19765549250591));
#4578=CARTESIAN_POINT('',(7.375,-1.6356793471265,-8.79907875480663));
#4579=CARTESIAN_POINT('',(7.5,-1.52103747376594,-8.74925666259463));
#4580=CARTESIAN_POINT('Origin',(7.375,-2.55281433401849,-9.19765549250591));
#4581=CARTESIAN_POINT('Origin',(7.4375,-2.14468926484885,-9.02028884422855));
#4582=CARTESIAN_POINT('',(7.5,-2.74234586148144,-8.69593318680341));
#4583=CARTESIAN_POINT('Origin',(7.5,-2.14468926484885,-9.02028884422855));
#4584=CARTESIAN_POINT('',(7.375,-2.63248251651247,-8.75555738853583));
#4585=CARTESIAN_POINT('',(7.5,-2.74234586148144,-8.69593318680341));
#4586=CARTESIAN_POINT('Origin',(7.375,-2.14468926484885,-9.02028884422855));
#4587=CARTESIAN_POINT('Origin',(7.4375,-1.75357575675305,-9.23255100239938));
#4588=CARTESIAN_POINT('',(7.5,-2.86150248541939,-9.03729895010212));
#4589=CARTESIAN_POINT('Origin',(7.5,-1.75357575675305,-9.23255100239938));
#4590=CARTESIAN_POINT('',(7.375,-2.73839951556853,-9.05899362257943));
#4591=CARTESIAN_POINT('',(7.5,-2.86150248541939,-9.03729895010212));
#4592=CARTESIAN_POINT('Origin',(7.375,-1.75357575675305,-9.23255100239938));
#4593=CARTESIAN_POINT('Origin',(7.4375,-2.88612307939582,-9.03296001560559));
#4594=CARTESIAN_POINT('',(7.5,-2.88721356408023,-9.05793622115148));
#4595=CARTESIAN_POINT('Origin',(7.5,-2.88612307939582,-9.03296001560559));
#4596=CARTESIAN_POINT('',(7.375,-2.89266598750089,-9.18281724884921));
#4597=CARTESIAN_POINT('',(7.5,-2.88721356408023,-9.05793622115148));
#4598=CARTESIAN_POINT('Origin',(7.375,-2.88612307939582,-9.03296001560559));
#4599=CARTESIAN_POINT('Origin',(7.4375,-5.76150999810186,-8.99500127146622));
#4600=CARTESIAN_POINT('',(7.5,-3.4063681230188,-9.03526944359296));
#4601=CARTESIAN_POINT('',(7.5,-5.75878378639152,-8.93256075761735));
#4602=CARTESIAN_POINT('',(7.375,-3.41182054643947,-9.1601504712907));
#4603=CARTESIAN_POINT('',(7.5,-3.4063681230188,-9.03526944359296));
#4604=CARTESIAN_POINT('',(7.375,-5.76423620981219,-9.05744178531509));
#4605=CARTESIAN_POINT('Origin',(7.4375,-3.40527763833471,-9.0102932380542));
#4606=CARTESIAN_POINT('',(7.5,-3.43018270656959,-9.01246983543936));
#4607=CARTESIAN_POINT('Origin',(7.5,-3.40527763833471,-9.0102932380542));
#4608=CARTESIAN_POINT('',(7.375,-3.55470804774786,-9.02335282236549));
#4609=CARTESIAN_POINT('',(7.5,-3.43018270656959,-9.01246983543936));
#4610=CARTESIAN_POINT('Origin',(7.375,-3.40527763833471,-9.0102932380542));
#4611=CARTESIAN_POINT('Origin',(7.4375,-4.5509107771822,-9.11041671777523));
#4612=CARTESIAN_POINT('',(7.5,-3.51913391692966,-8.66201788786396));
#4613=CARTESIAN_POINT('Origin',(7.5,-4.5509107771822,-9.11041671777523));
#4614=CARTESIAN_POINT('',(7.375,-3.63377579029022,-8.71183998007596));
#4615=CARTESIAN_POINT('',(7.5,-3.51913391692966,-8.66201788786396));
#4616=CARTESIAN_POINT('Origin',(7.375,-4.5509107771822,-9.11041671777523));
#4617=CARTESIAN_POINT('Origin',(7.4375,-4.14278570801256,-8.93305006949788));
#4618=CARTESIAN_POINT('',(7.5,-4.74044230464516,-8.60869441207273));
#4619=CARTESIAN_POINT('Origin',(7.5,-4.14278570801256,-8.93305006949788));
#4620=CARTESIAN_POINT('',(7.375,-4.63057895967619,-8.66831861380516));
#4621=CARTESIAN_POINT('',(7.5,-4.74044230464516,-8.60869441207273));
#4622=CARTESIAN_POINT('Origin',(7.375,-4.14278570801256,-8.93305006949788));
#4623=CARTESIAN_POINT('Origin',(7.4375,-3.75167219991677,-9.14531222766871));
#4624=CARTESIAN_POINT('',(7.5,-4.85959892858311,-8.95006017537145));
#4625=CARTESIAN_POINT('Origin',(7.5,-3.75167219991677,-9.14531222766871));
#4626=CARTESIAN_POINT('',(7.375,-4.73649595873225,-8.97175484784876));
#4627=CARTESIAN_POINT('',(7.5,-4.85959892858311,-8.95006017537145));
#4628=CARTESIAN_POINT('Origin',(7.375,-3.75167219991677,-9.14531222766871));
#4629=CARTESIAN_POINT('Origin',(7.4375,-4.88421952255953,-8.94572124087492));
#4630=CARTESIAN_POINT('',(7.5,-4.88531000724394,-8.9706974464208));
#4631=CARTESIAN_POINT('Origin',(7.5,-4.88421952255953,-8.94572124087492));
#4632=CARTESIAN_POINT('',(7.375,-4.8907624306646,-9.09557847411853));
#4633=CARTESIAN_POINT('',(7.5,-4.88531000724394,-8.9706974464208));
#4634=CARTESIAN_POINT('Origin',(7.375,-4.88421952255953,-8.94572124087492));
#4635=CARTESIAN_POINT('Origin',(7.4375,-6.76055821968371,-8.95138188410088));
#4636=CARTESIAN_POINT('',(7.5,-5.40446456618251,-8.94803066886229));
#4637=CARTESIAN_POINT('',(7.5,-6.75783200797338,-8.88894137025202));
#4638=CARTESIAN_POINT('',(7.375,-5.40991698960318,-9.07291169656003));
#4639=CARTESIAN_POINT('',(7.5,-5.40446456618251,-8.94803066886229));
#4640=CARTESIAN_POINT('',(7.375,-6.76328443139405,-9.01382239794975));
#4641=CARTESIAN_POINT('Origin',(7.4375,-5.40337408149843,-8.92305446332353));
#4642=CARTESIAN_POINT('',(7.5,-5.4282791497333,-8.92523106070869));
#4643=CARTESIAN_POINT('Origin',(7.5,-5.40337408149843,-8.92305446332353));
#4644=CARTESIAN_POINT('',(7.375,-5.55280449091158,-8.93611404763482));
#4645=CARTESIAN_POINT('',(7.5,-5.4282791497333,-8.92523106070869));
#4646=CARTESIAN_POINT('Origin',(7.375,-5.40337408149843,-8.92305446332353));
#4647=CARTESIAN_POINT('Origin',(7.4375,-6.54900722034592,-9.02317794304456));
#4648=CARTESIAN_POINT('',(7.5,-5.51723036009338,-8.57477911313329));
#4649=CARTESIAN_POINT('Origin',(7.5,-6.54900722034592,-9.02317794304456));
#4650=CARTESIAN_POINT('',(7.375,-5.63187223345394,-8.62460120534529));
#4651=CARTESIAN_POINT('',(7.5,-5.51723036009338,-8.57477911313329));
#4652=CARTESIAN_POINT('Origin',(7.375,-6.54900722034592,-9.02317794304456));
#4653=CARTESIAN_POINT('Origin',(7.4375,-6.14088215117628,-8.84581129476721));
#4654=CARTESIAN_POINT('',(7.5,-6.73853874780887,-8.52145563734206));
#4655=CARTESIAN_POINT('Origin',(7.5,-6.14088215117628,-8.84581129476721));
#4656=CARTESIAN_POINT('',(7.375,-6.6286754028399,-8.58107983907449));
#4657=CARTESIAN_POINT('',(7.5,-6.73853874780887,-8.52145563734206));
#4658=CARTESIAN_POINT('Origin',(7.375,-6.14088215117628,-8.84581129476721));
#4659=CARTESIAN_POINT('Origin',(7.4375,-5.74976864308048,-9.05807345293804));
#4660=CARTESIAN_POINT('',(7.5,-6.85769537174682,-8.86282140064078));
#4661=CARTESIAN_POINT('Origin',(7.5,-5.74976864308048,-9.05807345293804));
#4662=CARTESIAN_POINT('',(7.375,-6.73459240189596,-8.88451607311809));
#4663=CARTESIAN_POINT('',(7.5,-6.85769537174682,-8.86282140064078));
#4664=CARTESIAN_POINT('Origin',(7.375,-5.74976864308048,-9.05807345293804));
#4665=CARTESIAN_POINT('Origin',(7.4375,-6.88231596572325,-8.85848246614425));
#4666=CARTESIAN_POINT('',(7.5,-6.88340645040766,-8.88345867169013));
#4667=CARTESIAN_POINT('Origin',(7.5,-6.88231596572325,-8.85848246614425));
#4668=CARTESIAN_POINT('',(7.375,-6.88885887382832,-9.00833969938786));
#4669=CARTESIAN_POINT('',(7.5,-6.88340645040766,-8.88345867169013));
#4670=CARTESIAN_POINT('Origin',(7.375,-6.88231596572325,-8.85848246614425));
#4671=CARTESIAN_POINT('Origin',(7.4375,-7.75960644126557,-8.90776249673555));
#4672=CARTESIAN_POINT('',(7.5,-7.40256100934623,-8.86079189413162));
#4673=CARTESIAN_POINT('',(7.5,-7.75688022955524,-8.84532198288668));
#4674=CARTESIAN_POINT('',(7.375,-7.4080134327669,-8.98567292182935));
#4675=CARTESIAN_POINT('',(7.5,-7.40256100934623,-8.86079189413162));
#4676=CARTESIAN_POINT('',(7.375,-7.76233265297591,-8.97020301058441));
#4677=CARTESIAN_POINT('Origin',(7.4375,-7.40147052466214,-8.83581568859286));
#4678=CARTESIAN_POINT('',(7.5,-7.42637559289702,-8.83799228597801));
#4679=CARTESIAN_POINT('Origin',(7.5,-7.40147052466214,-8.83581568859286));
#4680=CARTESIAN_POINT('',(7.375,-7.55090093407529,-8.84887527290415));
#4681=CARTESIAN_POINT('',(7.5,-7.42637559289702,-8.83799228597801));
#4682=CARTESIAN_POINT('Origin',(7.375,-7.40147052466214,-8.83581568859286));
#4683=CARTESIAN_POINT('Origin',(7.4375,-8.54710366350963,-8.93593916831389));
#4684=CARTESIAN_POINT('',(7.5,-7.51532680325709,-8.48754033840262));
#4685=CARTESIAN_POINT('Origin',(7.5,-8.54710366350963,-8.93593916831389));
#4686=CARTESIAN_POINT('',(7.375,-7.62996867661765,-8.53736243061462));
#4687=CARTESIAN_POINT('',(7.5,-7.51532680325709,-8.48754033840262));
#4688=CARTESIAN_POINT('Origin',(7.375,-8.54710366350963,-8.93593916831389));
#4689=CARTESIAN_POINT('Origin',(7.4375,-8.13897859433999,-8.75857252003654));
#4690=CARTESIAN_POINT('',(7.5,-8.73663519097259,-8.43421686261139));
#4691=CARTESIAN_POINT('Origin',(7.5,-8.13897859433999,-8.75857252003654));
#4692=CARTESIAN_POINT('',(7.375,-8.62677184600362,-8.49384106434381));
#4693=CARTESIAN_POINT('',(7.5,-8.73663519097259,-8.43421686261139));
#4694=CARTESIAN_POINT('Origin',(7.375,-8.13897859433999,-8.75857252003654));
#4695=CARTESIAN_POINT('Origin',(7.4375,-7.7478650862442,-8.97083467820737));
#4696=CARTESIAN_POINT('',(7.5,-8.85579181491054,-8.77558262591011));
#4697=CARTESIAN_POINT('Origin',(7.5,-7.7478650862442,-8.97083467820737));
#4698=CARTESIAN_POINT('',(7.375,-8.73268884505968,-8.79727729838741));
#4699=CARTESIAN_POINT('',(7.5,-8.85579181491054,-8.77558262591011));
#4700=CARTESIAN_POINT('Origin',(7.375,-7.7478650862442,-8.97083467820737));
#4701=CARTESIAN_POINT('Origin',(7.4375,-8.88041240888696,-8.77124369141358));
#4702=CARTESIAN_POINT('',(7.5,-8.88150289357137,-8.79621989695946));
#4703=CARTESIAN_POINT('Origin',(7.5,-8.88041240888696,-8.77124369141358));
#4704=CARTESIAN_POINT('',(7.375,-8.88695531699204,-8.92110092465719));
#4705=CARTESIAN_POINT('',(7.5,-8.88150289357137,-8.79621989695946));
#4706=CARTESIAN_POINT('Origin',(7.375,-8.88041240888696,-8.77124369141358));
#4707=CARTESIAN_POINT('Origin',(7.4375,-8.75865466284743,-8.86414310937021));
#4708=CARTESIAN_POINT('',(7.5,-9.40065745250994,-8.77355311940094));
#4709=CARTESIAN_POINT('',(7.5,-8.7559284511371,-8.80170259552134));
#4710=CARTESIAN_POINT('',(7.375,-9.40610987593061,-8.89843414709867));
#4711=CARTESIAN_POINT('',(7.5,-9.40065745250994,-8.77355311940094));
#4712=CARTESIAN_POINT('',(7.375,-8.76138087455776,-8.92658362321908));
#4713=CARTESIAN_POINT('Origin',(7.4375,-9.39956696782586,-8.74857691386218));
#4714=CARTESIAN_POINT('',(7.5,-9.42447203606073,-8.75075351124734));
#4715=CARTESIAN_POINT('Origin',(7.5,-9.39956696782586,-8.74857691386218));
#4716=CARTESIAN_POINT('',(7.375,-9.54899737723901,-8.76163649817347));
#4717=CARTESIAN_POINT('',(7.5,-9.42447203606073,-8.75075351124734));
#4718=CARTESIAN_POINT('Origin',(7.375,-9.39956696782586,-8.74857691386218));
#4719=CARTESIAN_POINT('Origin',(7.4375,-10.5452001066733,-8.84870039358321));
#4720=CARTESIAN_POINT('',(7.5,-9.51342324642081,-8.40030156367194));
#4721=CARTESIAN_POINT('Origin',(7.5,-10.5452001066733,-8.84870039358321));
#4722=CARTESIAN_POINT('',(7.375,-9.62806511978137,-8.45012365588394));
#4723=CARTESIAN_POINT('',(7.5,-9.51342324642081,-8.40030156367194));
#4724=CARTESIAN_POINT('Origin',(7.375,-10.5452001066733,-8.84870039358321));
#4725=CARTESIAN_POINT('Origin',(7.4375,-10.1370750375037,-8.67133374530586));
#4726=CARTESIAN_POINT('',(7.5,-10.7347316341363,-8.34697808788072));
#4727=CARTESIAN_POINT('Origin',(7.5,-10.1370750375037,-8.67133374530586));
#4728=CARTESIAN_POINT('',(7.375,-10.6248682891673,-8.40660228961314));
#4729=CARTESIAN_POINT('',(7.5,-10.7347316341363,-8.34697808788072));
#4730=CARTESIAN_POINT('Origin',(7.375,-10.1370750375037,-8.67133374530586));
#4731=CARTESIAN_POINT('Origin',(7.4375,-9.74596152940791,-8.88359590347669));
#4732=CARTESIAN_POINT('',(7.5,-10.8538882580743,-8.68834385117943));
#4733=CARTESIAN_POINT('Origin',(7.5,-9.74596152940791,-8.88359590347669));
#4734=CARTESIAN_POINT('',(7.375,-10.7307852882234,-8.71003852365673));
#4735=CARTESIAN_POINT('',(7.5,-10.8538882580743,-8.68834385117943));
#4736=CARTESIAN_POINT('Origin',(7.375,-9.74596152940791,-8.88359590347669));
#4737=CARTESIAN_POINT('Origin',(7.4375,-10.8785088520507,-8.6840049166829));
#4738=CARTESIAN_POINT('',(7.5,-10.8795993367351,-8.70898112222878));
#4739=CARTESIAN_POINT('Origin',(7.5,-10.8785088520507,-8.6840049166829));
#4740=CARTESIAN_POINT('',(7.375,-10.8850517601558,-8.83386214992652));
#4741=CARTESIAN_POINT('',(7.5,-10.8795993367351,-8.70898112222878));
#4742=CARTESIAN_POINT('Origin',(7.375,-10.8785088520507,-8.6840049166829));
#4743=CARTESIAN_POINT('Origin',(7.4375,-9.75770288442929,-8.82052372200488));
#4744=CARTESIAN_POINT('',(7.5,-11.3987538956737,-8.68631434467027));
#4745=CARTESIAN_POINT('',(7.5,-9.75497667271896,-8.75808320815601));
#4746=CARTESIAN_POINT('',(7.375,-11.4042063190943,-8.811195372368));
#4747=CARTESIAN_POINT('',(7.5,-11.3987538956737,-8.68631434467027));
#4748=CARTESIAN_POINT('',(7.375,-9.76042909613962,-8.88296423585374));
#4749=CARTESIAN_POINT('Origin',(7.4375,-11.3976634109896,-8.66133813913151));
#4750=CARTESIAN_POINT('',(7.5,-11.4225684792244,-8.66351473651667));
#4751=CARTESIAN_POINT('Origin',(7.5,-11.3976634109896,-8.66133813913151));
#4752=CARTESIAN_POINT('',(7.375,-11.5470938204027,-8.6743977234428));
#4753=CARTESIAN_POINT('',(7.5,-11.4225684792244,-8.66351473651667));
#4754=CARTESIAN_POINT('Origin',(7.375,-11.3976634109896,-8.66133813913151));
#4755=CARTESIAN_POINT('Origin',(7.4375,-12.5432965498371,-8.76146161885254));
#4756=CARTESIAN_POINT('',(7.5,-11.5115196895845,-8.31306278894127));
#4757=CARTESIAN_POINT('Origin',(7.5,-12.5432965498371,-8.76146161885254));
#4758=CARTESIAN_POINT('',(7.375,-11.6261615629451,-8.36288488115327));
#4759=CARTESIAN_POINT('',(7.5,-11.5115196895845,-8.31306278894127));
#4760=CARTESIAN_POINT('Origin',(7.375,-12.5432965498371,-8.76146161885254));
#4761=CARTESIAN_POINT('Origin',(7.4375,-12.1351714806674,-8.58409497057519));
#4762=CARTESIAN_POINT('',(7.5,-12.7328280773,-8.25973931315004));
#4763=CARTESIAN_POINT('Origin',(7.5,-12.1351714806674,-8.58409497057519));
#4764=CARTESIAN_POINT('',(7.375,-12.622964732331,-8.31936351488247));
#4765=CARTESIAN_POINT('',(7.5,-12.7328280773,-8.25973931315004));
#4766=CARTESIAN_POINT('Origin',(7.375,-12.1351714806674,-8.58409497057519));
#4767=CARTESIAN_POINT('Origin',(7.4375,-11.7440579725716,-8.79635712874602));
#4768=CARTESIAN_POINT('',(7.5,-12.851984701238,-8.60110507644879));
#4769=CARTESIAN_POINT('Origin',(7.5,-11.7440579725716,-8.79635712874602));
#4770=CARTESIAN_POINT('',(7.375,-12.7288817313871,-8.62279974892609));
#4771=CARTESIAN_POINT('',(7.5,-12.851984701238,-8.60110507644879));
#4772=CARTESIAN_POINT('Origin',(7.375,-11.7440579725716,-8.79635712874602));
#4773=CARTESIAN_POINT('Origin',(7.4375,-12.8766052952144,-8.59676614195223));
#4774=CARTESIAN_POINT('',(7.5,-12.8776957798988,-8.62174234749811));
#4775=CARTESIAN_POINT('Origin',(7.5,-12.8766052952144,-8.59676614195223));
#4776=CARTESIAN_POINT('',(7.375,-12.8831482033195,-8.74662337519584));
#4777=CARTESIAN_POINT('',(7.5,-12.8776957798988,-8.62174234749811));
#4778=CARTESIAN_POINT('Origin',(7.375,-12.8766052952144,-8.59676614195223));
#4779=CARTESIAN_POINT('Origin',(7.4375,-10.7567511060111,-8.77690433463954));
#4780=CARTESIAN_POINT('',(7.5,-13.3968503388374,-8.5990755699396));
#4781=CARTESIAN_POINT('',(7.5,-10.7540248943008,-8.71446382079067));
#4782=CARTESIAN_POINT('',(7.375,-13.402302762258,-8.72395659763733));
#4783=CARTESIAN_POINT('',(7.5,-13.3968503388374,-8.5990755699396));
#4784=CARTESIAN_POINT('',(7.375,-10.7594773177215,-8.83934484848841));
#4785=CARTESIAN_POINT('Origin',(7.4375,-13.3957598541533,-8.57409936440084));
#4786=CARTESIAN_POINT('',(7.5,-13.4206649223882,-8.576275961786));
#4787=CARTESIAN_POINT('Origin',(7.5,-13.3957598541533,-8.57409936440084));
#4788=CARTESIAN_POINT('',(7.375,-13.5451902635664,-8.58715894871213));
#4789=CARTESIAN_POINT('',(7.5,-13.4206649223882,-8.576275961786));
#4790=CARTESIAN_POINT('Origin',(7.375,-13.3957598541533,-8.57409936440084));
#4791=CARTESIAN_POINT('Origin',(7.4375,-14.5413929930008,-8.67422284412187));
#4792=CARTESIAN_POINT('',(7.5,-13.5096161327482,-8.2258240142106));
#4793=CARTESIAN_POINT('Origin',(7.5,-14.5413929930008,-8.67422284412187));
#4794=CARTESIAN_POINT('',(7.375,-13.6242580061088,-8.2756461064226));
#4795=CARTESIAN_POINT('',(7.5,-13.5096161327482,-8.2258240142106));
#4796=CARTESIAN_POINT('Origin',(7.375,-14.5413929930008,-8.67422284412187));
#4797=CARTESIAN_POINT('Origin',(7.4375,-14.1332679238311,-8.49685619584452));
#4798=CARTESIAN_POINT('',(7.5,-14.7309245204637,-8.17250053841937));
#4799=CARTESIAN_POINT('Origin',(7.5,-14.1332679238311,-8.49685619584452));
#4800=CARTESIAN_POINT('',(7.375,-14.6210611754948,-8.2321247401518));
#4801=CARTESIAN_POINT('',(7.5,-14.7309245204637,-8.17250053841937));
#4802=CARTESIAN_POINT('Origin',(7.375,-14.1332679238311,-8.49685619584452));
#4803=CARTESIAN_POINT('Origin',(7.4375,-13.7421544157353,-8.70911835401535));
#4804=CARTESIAN_POINT('',(7.5,-14.8500811444017,-8.5138663017181));
#4805=CARTESIAN_POINT('Origin',(7.5,-13.7421544157353,-8.70911835401535));
#4806=CARTESIAN_POINT('',(7.375,-14.7269781745508,-8.5355609741954));
#4807=CARTESIAN_POINT('',(7.5,-14.8500811444017,-8.5138663017181));
#4808=CARTESIAN_POINT('Origin',(7.375,-13.7421544157353,-8.70911835401535));
#4809=CARTESIAN_POINT('Origin',(7.4375,-14.8747017383781,-8.50952736722156));
#4810=CARTESIAN_POINT('',(7.5,-14.8757922230625,-8.53450357276744));
#4811=CARTESIAN_POINT('Origin',(7.5,-14.8747017383781,-8.50952736722156));
#4812=CARTESIAN_POINT('',(7.375,-14.8812446464832,-8.65938460046517));
#4813=CARTESIAN_POINT('',(7.5,-14.8757922230625,-8.53450357276744));
#4814=CARTESIAN_POINT('Origin',(7.375,-14.8747017383781,-8.50952736722156));
#4815=CARTESIAN_POINT('Origin',(7.4375,-11.755799327593,-8.7332849472742));
#4816=CARTESIAN_POINT('',(7.5,-15.3949467820011,-8.51183679520893));
#4817=CARTESIAN_POINT('',(7.5,-11.7530731158827,-8.67084443342534));
#4818=CARTESIAN_POINT('',(7.375,-15.4003992054218,-8.63671782290666));
#4819=CARTESIAN_POINT('',(7.5,-15.3949467820011,-8.51183679520893));
#4820=CARTESIAN_POINT('',(7.375,-11.7585255393033,-8.79572546112307));
#4821=CARTESIAN_POINT('Origin',(7.4375,-15.393856297317,-8.48686058967017));
#4822=CARTESIAN_POINT('',(7.5,-15.4187613655519,-8.48903718705532));
#4823=CARTESIAN_POINT('Origin',(7.5,-15.393856297317,-8.48686058967017));
#4824=CARTESIAN_POINT('',(7.375,-15.5432867067302,-8.49992017398145));
#4825=CARTESIAN_POINT('',(7.5,-15.4187613655519,-8.48903718705532));
#4826=CARTESIAN_POINT('Origin',(7.375,-15.393856297317,-8.48686058967017));
#4827=CARTESIAN_POINT('Origin',(7.4375,-16.5394894361645,-8.5869840693912));
#4828=CARTESIAN_POINT('',(7.5,-15.4564339813418,-8.28265549400413));
#4829=CARTESIAN_POINT('Origin',(7.5,-16.5394894361645,-8.5869840693912));
#4830=CARTESIAN_POINT('',(7.375,-15.5767734763212,-8.316469780158));
#4831=CARTESIAN_POINT('',(7.5,-15.4564339813418,-8.28265549400413));
#4832=CARTESIAN_POINT('Origin',(7.375,-16.5394894361645,-8.5869840693912));
#4833=CARTESIAN_POINT('Ctrl Pts',(7.37272329106898,-0.636811722225666,-8.84729301999335));
#4834=CARTESIAN_POINT('Ctrl Pts',(7.37446739015377,-0.65695603079523,-8.88486752547676));
#4835=CARTESIAN_POINT('Ctrl Pts',(7.375,-0.675245647588566,-8.92481386902164));
#4836=CARTESIAN_POINT('Ctrl Pts',(7.375,-0.690954974751491,-8.96639865190102));
#4837=CARTESIAN_POINT('Ctrl Pts',(7.41514886071266,-0.672602143166837,-8.82589440781877));
#4838=CARTESIAN_POINT('Ctrl Pts',(7.41631159343584,-0.694128749978588,-8.86583600824592));
#4839=CARTESIAN_POINT('Ctrl Pts',(7.41666666666667,-0.713435747505374,-8.90800315343376));
#4840=CARTESIAN_POINT('Ctrl Pts',(7.41666666666667,-0.729933127299575,-8.95167402168327));
#4841=CARTESIAN_POINT('Ctrl Pts',(7.45757443035633,-0.708392564108007,-8.80449579564419));
#4842=CARTESIAN_POINT('Ctrl Pts',(7.45815579671792,-0.731301469161946,-8.84680449101507));
#4843=CARTESIAN_POINT('Ctrl Pts',(7.45833333333333,-0.751625847422181,-8.89119243784588));
#4844=CARTESIAN_POINT('Ctrl Pts',(7.45833333333333,-0.768911279847659,-8.93694939146552));
#4845=CARTESIAN_POINT('Ctrl Pts',(7.5,-0.744182985049178,-8.78309718346961));
#4846=CARTESIAN_POINT('Ctrl Pts',(7.5,-0.768474188345304,-8.82777297378422));
#4847=CARTESIAN_POINT('Ctrl Pts',(7.5,-0.789815947338988,-8.874381722258));
#4848=CARTESIAN_POINT('Ctrl Pts',(7.5,-0.807889432395743,-8.92222476124777));
#4849=CARTESIAN_POINT('',(7.37272329106898,-0.636811722225666,-8.84729301999335));
#4850=CARTESIAN_POINT('',(7.5,-0.744182985049178,-8.78309718346961));
#4851=CARTESIAN_POINT('',(7.37272329106898,-0.636811722225666,-8.84729301999335));
#4852=CARTESIAN_POINT('Ctrl Pts',(7.5,-0.744182985049178,-8.78309718346961));
#4853=CARTESIAN_POINT('Ctrl Pts',(7.5,-0.768474188345304,-8.82777297378422));
#4854=CARTESIAN_POINT('Ctrl Pts',(7.5,-0.789815947338988,-8.874381722258));
#4855=CARTESIAN_POINT('Ctrl Pts',(7.5,-0.807889432395743,-8.92222476124777));
#4856=CARTESIAN_POINT('Ctrl Pts',(7.375,-0.690954974751491,-8.96639865190102));
#4857=CARTESIAN_POINT('Ctrl Pts',(7.375,-0.675245647588566,-8.92481386902164));
#4858=CARTESIAN_POINT('Ctrl Pts',(7.37446739015377,-0.65695603079523,-8.88486752547676));
#4859=CARTESIAN_POINT('Ctrl Pts',(7.37272329106898,-0.636811722225666,-8.84729301999335));
#4860=CARTESIAN_POINT('Origin',(0.,-0.182008183576009,-8.49493806133678));
#4861=CARTESIAN_POINT('',(6.95,-0.116931638276634,-8.42817482828197));
#4862=CARTESIAN_POINT('',(6.95,-0.247084728875383,-8.56170129439158));
#4863=CARTESIAN_POINT('',(6.95,-0.116931638276634,-8.42817482828197));
#4864=CARTESIAN_POINT('',(-6.95,-0.247084728875383,-8.56170129439158));
#4865=CARTESIAN_POINT('',(0.,-0.247084728875383,-8.56170129439158));
#4866=CARTESIAN_POINT('',(-6.95,-0.116931638276634,-8.42817482828197));
#4867=CARTESIAN_POINT('',(-6.95,-0.247084728875383,-8.56170129439158));
#4868=CARTESIAN_POINT('',(0.,-0.116931638276634,-8.42817482828197));
#4869=CARTESIAN_POINT('Ctrl Pts',(7.5,-0.678652666197502,-8.68462948127658));
#4870=CARTESIAN_POINT('Ctrl Pts',(7.49999999990761,-0.617620897601647,-8.60887376907636));
#4871=CARTESIAN_POINT('Ctrl Pts',(7.48787116554739,-0.502086828136806,-8.51805484516555));
#4872=CARTESIAN_POINT('Ctrl Pts',(7.36823051299106,-0.287973766403054,-8.43610927375734));
#4873=CARTESIAN_POINT('Ctrl Pts',(7.1927048460315,-0.152742049504889,-8.42589391482882));
#4874=CARTESIAN_POINT('Ctrl Pts',(7.0263308302241,-0.116931638276633,-8.42817482828198));
#4875=CARTESIAN_POINT('Ctrl Pts',(6.95,-0.116931638276633,-8.42817482828198));
#4876=CARTESIAN_POINT('Ctrl Pts',(7.45549798252164,-0.649051744896381,-8.71426610583646));
#4877=CARTESIAN_POINT('Ctrl Pts',(7.4529865160879,-0.59447856402389,-8.64533418575522));
#4878=CARTESIAN_POINT('Ctrl Pts',(7.43821175576807,-0.494712900426267,-8.56457183236505));
#4879=CARTESIAN_POINT('Ctrl Pts',(7.33080605009272,-0.313153502927083,-8.48815547239941));
#4880=CARTESIAN_POINT('Ctrl Pts',(7.17442416763507,-0.193985951416417,-8.47278158715731));
#4881=CARTESIAN_POINT('Ctrl Pts',(7.02058497511809,-0.16031600180956,-8.47268365031851));
#4882=CARTESIAN_POINT('Ctrl Pts',(6.95,-0.16031600180956,-8.47268365031851));
#4883=CARTESIAN_POINT('Ctrl Pts',(7.41099596504327,-0.619450823595259,-8.74390273039634));
#4884=CARTESIAN_POINT('Ctrl Pts',(7.40597303226819,-0.571336230446133,-8.68179460243408));
#4885=CARTESIAN_POINT('Ctrl Pts',(7.38855234598874,-0.487338972715727,-8.61108881956454));
#4886=CARTESIAN_POINT('Ctrl Pts',(7.29338158719437,-0.338333239451112,-8.54020167104149));
#4887=CARTESIAN_POINT('Ctrl Pts',(7.15614348923864,-0.235229853327946,-8.5196692594858));
#4888=CARTESIAN_POINT('Ctrl Pts',(7.01483912001208,-0.203700365342487,-8.51719247235505));
#4889=CARTESIAN_POINT('Ctrl Pts',(6.95,-0.203700365342487,-8.51719247235505));
#4890=CARTESIAN_POINT('Ctrl Pts',(7.36649394756491,-0.589849902294138,-8.77353935495622));
#4891=CARTESIAN_POINT('Ctrl Pts',(7.35895954844848,-0.548193896868376,-8.71825501911294));
#4892=CARTESIAN_POINT('Ctrl Pts',(7.33889293620942,-0.479965045005188,-8.65760580676404));
#4893=CARTESIAN_POINT('Ctrl Pts',(7.25595712429603,-0.363512975975141,-8.59224786968357));
#4894=CARTESIAN_POINT('Ctrl Pts',(7.13786281084221,-0.276473755239474,-8.5665569318143));
#4895=CARTESIAN_POINT('Ctrl Pts',(7.00909326490607,-0.247084728875413,-8.56170129439158));
#4896=CARTESIAN_POINT('Ctrl Pts',(6.95,-0.247084728875413,-8.56170129439158));
#4897=CARTESIAN_POINT('',(7.5,-0.678652666523826,-8.68462948098534));
#4898=CARTESIAN_POINT('',(7.3664939475632,-0.589849902284685,-8.77353935494367));
#4899=CARTESIAN_POINT('',(7.5,-0.678652666523826,-8.68462948098534));
#4900=CARTESIAN_POINT('Ctrl Pts',(7.36649394756491,-0.589849902294138,-8.77353935495622));
#4901=CARTESIAN_POINT('Ctrl Pts',(7.35895954844848,-0.548193896868376,-8.71825501911294));
#4902=CARTESIAN_POINT('Ctrl Pts',(7.33889293620942,-0.479965045005188,-8.65760580676404));
#4903=CARTESIAN_POINT('Ctrl Pts',(7.25595712429603,-0.363512975975141,-8.59224786968357));
#4904=CARTESIAN_POINT('Ctrl Pts',(7.13786281084221,-0.276473755239474,-8.5665569318143));
#4905=CARTESIAN_POINT('Ctrl Pts',(7.00909326490607,-0.247084728875413,-8.56170129439158));
#4906=CARTESIAN_POINT('Ctrl Pts',(6.95,-0.247084728875413,-8.56170129439158));
#4907=CARTESIAN_POINT('Ctrl Pts',(6.95,-0.116931638276633,-8.42817482828198));
#4908=CARTESIAN_POINT('Ctrl Pts',(7.0263308302241,-0.116931638276633,-8.42817482828198));
#4909=CARTESIAN_POINT('Ctrl Pts',(7.1927048460315,-0.152742049504889,-8.42589391482882));
#4910=CARTESIAN_POINT('Ctrl Pts',(7.36823051299106,-0.287973766403054,-8.43610927375734));
#4911=CARTESIAN_POINT('Ctrl Pts',(7.48787116554739,-0.502086828136806,-8.51805484516555));
#4912=CARTESIAN_POINT('Ctrl Pts',(7.49999999990761,-0.617620897601647,-8.60887376907636));
#4913=CARTESIAN_POINT('Ctrl Pts',(7.5,-0.678652666197502,-8.68462948127658));
#4914=CARTESIAN_POINT('Ctrl Pts',(-6.95,-0.116931638276633,-8.42817482828198));
#4915=CARTESIAN_POINT('Ctrl Pts',(-7.06449624533616,-0.116931638276633,
-8.42817482828198));
#4916=CARTESIAN_POINT('Ctrl Pts',(-7.27748246684628,-0.180314912786718,
-8.41661043996636));
#4917=CARTESIAN_POINT('Ctrl Pts',(-7.43702374453468,-0.39438694458673,-8.4686262224318));
#4918=CARTESIAN_POINT('Ctrl Pts',(-7.49467640763544,-0.564775601580477,
-8.56607487863563));
#4919=CARTESIAN_POINT('Ctrl Pts',(-7.49999999993071,-0.632878839750613,
-8.62781269712642));
#4920=CARTESIAN_POINT('Ctrl Pts',(-7.5,-0.678652666197505,-8.68462948127659));
#4921=CARTESIAN_POINT('Ctrl Pts',(-6.95,-0.16031600180956,-8.47268365031851));
#4922=CARTESIAN_POINT('Ctrl Pts',(-7.05587746267714,-0.16031600180956,-8.47268365031851));
#4923=CARTESIAN_POINT('Ctrl Pts',(-7.25121556013094,-0.220564993028321,
-8.46713462977892));
#4924=CARTESIAN_POINT('Ctrl Pts',(-7.39176085779116,-0.403369197129656,
-8.51933648125217));
#4925=CARTESIAN_POINT('Ctrl Pts',(-7.44630121838274,-0.548561530396544,
-8.60722890142138));
#4926=CARTESIAN_POINT('Ctrl Pts',(-7.45361438269633,-0.608121859242015,
-8.66256716577553));
#4927=CARTESIAN_POINT('Ctrl Pts',(-7.45549798252164,-0.649051744896383,
-8.71426610583647));
#4928=CARTESIAN_POINT('Ctrl Pts',(-6.95,-0.203700365342487,-8.51719247235505));
#4929=CARTESIAN_POINT('Ctrl Pts',(-7.04725868001812,-0.203700365342487,
-8.51719247235505));
#4930=CARTESIAN_POINT('Ctrl Pts',(-7.2249486534156,-0.260815073269923,-8.51765881959149));
#4931=CARTESIAN_POINT('Ctrl Pts',(-7.34649797104765,-0.412351449672582,
-8.57004674007255));
#4932=CARTESIAN_POINT('Ctrl Pts',(-7.39792602913005,-0.532347459212612,
-8.64838292420714));
#4933=CARTESIAN_POINT('Ctrl Pts',(-7.40722876546196,-0.583364878733416,
-8.69732163442465));
#4934=CARTESIAN_POINT('Ctrl Pts',(-7.41099596504327,-0.619450823595262,
-8.74390273039634));
#4935=CARTESIAN_POINT('Ctrl Pts',(-6.95,-0.247084728875413,-8.56170129439158));
#4936=CARTESIAN_POINT('Ctrl Pts',(-7.0386398973591,-0.247084728875413,-8.56170129439158));
#4937=CARTESIAN_POINT('Ctrl Pts',(-7.19868174670026,-0.301065153511525,
-8.56818300940405));
#4938=CARTESIAN_POINT('Ctrl Pts',(-7.30123508430414,-0.421333702215509,
-8.62075699889292));
#4939=CARTESIAN_POINT('Ctrl Pts',(-7.34955083987735,-0.516133388028679,
-8.68953694699289));
#4940=CARTESIAN_POINT('Ctrl Pts',(-7.36084314822759,-0.558607898224818,
-8.73207610307376));
#4941=CARTESIAN_POINT('Ctrl Pts',(-7.36649394756491,-0.58984990229414,-8.77353935495622));
#4942=CARTESIAN_POINT('',(-7.3664939475632,-0.589849902284687,-8.77353935494368));
#4943=CARTESIAN_POINT('',(-7.5,-0.678652666523828,-8.68462948098534));
#4944=CARTESIAN_POINT('',(-7.3664939475632,-0.589849902284687,-8.77353935494368));
#4945=CARTESIAN_POINT('Ctrl Pts',(-7.5,-0.678652666197505,-8.68462948127659));
#4946=CARTESIAN_POINT('Ctrl Pts',(-7.49999999993071,-0.632878839750613,
-8.62781269712642));
#4947=CARTESIAN_POINT('Ctrl Pts',(-7.49467640763544,-0.564775601580477,
-8.56607487863563));
#4948=CARTESIAN_POINT('Ctrl Pts',(-7.43702374453468,-0.39438694458673,-8.4686262224318));
#4949=CARTESIAN_POINT('Ctrl Pts',(-7.27748246684628,-0.180314912786718,
-8.41661043996636));
#4950=CARTESIAN_POINT('Ctrl Pts',(-7.06449624533616,-0.116931638276633,
-8.42817482828198));
#4951=CARTESIAN_POINT('Ctrl Pts',(-6.95,-0.116931638276633,-8.42817482828198));
#4952=CARTESIAN_POINT('Ctrl Pts',(-6.95,-0.247084728875413,-8.56170129439158));
#4953=CARTESIAN_POINT('Ctrl Pts',(-7.0386398973591,-0.247084728875413,-8.56170129439158));
#4954=CARTESIAN_POINT('Ctrl Pts',(-7.19868174670026,-0.301065153511525,
-8.56818300940405));
#4955=CARTESIAN_POINT('Ctrl Pts',(-7.30123508430414,-0.421333702215509,
-8.62075699889292));
#4956=CARTESIAN_POINT('Ctrl Pts',(-7.34955083987735,-0.516133388028679,
-8.68953694699289));
#4957=CARTESIAN_POINT('Ctrl Pts',(-7.36084314822759,-0.558607898224818,
-8.73207610307376));
#4958=CARTESIAN_POINT('Ctrl Pts',(-7.36649394756491,-0.58984990229414,-8.77353935495622));
#4959=CARTESIAN_POINT('Ctrl Pts',(7.36649394756293,-0.589849902283177,-8.77353935494167));
#4960=CARTESIAN_POINT('Ctrl Pts',(7.36938119633753,-0.605812854171691,-8.79472480429464));
#4961=CARTESIAN_POINT('Ctrl Pts',(7.37126864546645,-0.620875105690926,-8.81790090166464));
#4962=CARTESIAN_POINT('Ctrl Pts',(7.37250713394533,-0.63438607329448,-8.84279616316649));
#4963=CARTESIAN_POINT('Ctrl Pts',(7.41099596504195,-0.619450823582599,-8.74390273038));
#4964=CARTESIAN_POINT('Ctrl Pts',(7.41292079755835,-0.637888763749813,-8.76770311758395));
#4965=CARTESIAN_POINT('Ctrl Pts',(7.41417909697764,-0.654862182573524,-8.79349540181358));
#4966=CARTESIAN_POINT('Ctrl Pts',(7.41500475596355,-0.669907385626853,-8.8209378315911));
#4967=CARTESIAN_POINT('Ctrl Pts',(7.45549798252098,-0.649051744882021,-8.71426610581832));
#4968=CARTESIAN_POINT('Ctrl Pts',(7.45646039877918,-0.669964673327935,-8.74068143087325));
#4969=CARTESIAN_POINT('Ctrl Pts',(7.45708954848882,-0.688849259456122,-8.76908990196253));
#4970=CARTESIAN_POINT('Ctrl Pts',(7.45750237798178,-0.705428697959227,-8.79907950001571));
#4971=CARTESIAN_POINT('Ctrl Pts',(7.5,-0.678652666181443,-8.68462948125665));
#4972=CARTESIAN_POINT('Ctrl Pts',(7.5,-0.702040582906057,-8.71365974416256));
#4973=CARTESIAN_POINT('Ctrl Pts',(7.5,-0.72283633633872,-8.74468440211147));
#4974=CARTESIAN_POINT('Ctrl Pts',(7.5,-0.7409500102916,-8.77722116844032));
#4975=CARTESIAN_POINT('',(7.5,-0.740950010291586,-8.77722116844029));
#4976=CARTESIAN_POINT('',(7.37250713394037,-0.634386073294572,-8.84279616316666));
#4977=CARTESIAN_POINT('',(7.5,-0.740950010291586,-8.77722116844029));
#4978=CARTESIAN_POINT('Ctrl Pts',(7.37250713394533,-0.63438607329448,-8.84279616316649));
#4979=CARTESIAN_POINT('Ctrl Pts',(7.37126864546645,-0.620875105690926,-8.81790090166464));
#4980=CARTESIAN_POINT('Ctrl Pts',(7.36938119633753,-0.605812854171691,-8.79472480429464));
#4981=CARTESIAN_POINT('Ctrl Pts',(7.36649394756293,-0.589849902283177,-8.77353935494167));
#4982=CARTESIAN_POINT('Ctrl Pts',(7.5,-0.678652666181443,-8.68462948125665));
#4983=CARTESIAN_POINT('Ctrl Pts',(7.5,-0.702040582906057,-8.71365974416256));
#4984=CARTESIAN_POINT('Ctrl Pts',(7.5,-0.72283633633872,-8.74468440211147));
#4985=CARTESIAN_POINT('Ctrl Pts',(7.5,-0.7409500102916,-8.77722116844032));
#4986=CARTESIAN_POINT('Ctrl Pts',(7.5,-0.744182985049179,-8.78309718346961));
#4987=CARTESIAN_POINT('Ctrl Pts',(7.5,-0.743115070059269,-8.78113310019299));
#4988=CARTESIAN_POINT('Ctrl Pts',(7.5,-0.742037396410874,-8.77917439052901));
#4989=CARTESIAN_POINT('Ctrl Pts',(7.5,-0.740950010291584,-8.77722116844029));
#4990=CARTESIAN_POINT('Ctrl Pts',(7.45757443035633,-0.708392564108008,-8.80449579564419));
#4991=CARTESIAN_POINT('Ctrl Pts',(7.45755116911308,-0.707411953900183,-8.80268527143934));
#4992=CARTESIAN_POINT('Ctrl Pts',(7.45752716064384,-0.706423982037968,-8.80087981246093));
#4993=CARTESIAN_POINT('Ctrl Pts',(7.45750237798178,-0.705428697959212,-8.79907950001568));
#4994=CARTESIAN_POINT('Ctrl Pts',(7.41514886071266,-0.672602143166837,-8.82589440781877));
#4995=CARTESIAN_POINT('Ctrl Pts',(7.41510233822616,-0.671708837741097,-8.82423744268568));
#4996=CARTESIAN_POINT('Ctrl Pts',(7.41505432128768,-0.670810567665062,-8.82258523439286));
#4997=CARTESIAN_POINT('Ctrl Pts',(7.41500475596355,-0.66990738562684,-8.82093783159108));
#4998=CARTESIAN_POINT('Ctrl Pts',(7.37272329106898,-0.636811722225666,-8.84729301999335));
#4999=CARTESIAN_POINT('Ctrl Pts',(7.37265350733925,-0.636005721582011,-8.84578961393203));
#5000=CARTESIAN_POINT('Ctrl Pts',(7.37258148193151,-0.635197153292156,-8.84429065632479));
#5001=CARTESIAN_POINT('Ctrl Pts',(7.37250713394533,-0.634386073294468,-8.84279616316647));
#5002=CARTESIAN_POINT('Ctrl Pts',(7.5,-0.740950010291584,-8.77722116844029));
#5003=CARTESIAN_POINT('Ctrl Pts',(7.5,-0.742037396410874,-8.77917439052901));
#5004=CARTESIAN_POINT('Ctrl Pts',(7.5,-0.743115070059269,-8.78113310019299));
#5005=CARTESIAN_POINT('Ctrl Pts',(7.5,-0.744182985049179,-8.78309718346961));
#5006=CARTESIAN_POINT('Ctrl Pts',(7.37272329106898,-0.636811722225666,-8.84729301999335));
#5007=CARTESIAN_POINT('Ctrl Pts',(7.37265350733925,-0.636005721582011,-8.84578961393203));
#5008=CARTESIAN_POINT('Ctrl Pts',(7.37258148193151,-0.635197153292156,-8.84429065632479));
#5009=CARTESIAN_POINT('Ctrl Pts',(7.37250713394533,-0.634386073294468,-8.84279616316647));
#5010=CARTESIAN_POINT('Ctrl Pts',(7.375,-15.5767734763212,-8.316469780158));
#5011=CARTESIAN_POINT('Ctrl Pts',(7.375,-15.5887986721125,-8.27367408185557));
#5012=CARTESIAN_POINT('Ctrl Pts',(7.37446739015378,-15.6035371381503,-8.23228570107206));
#5013=CARTESIAN_POINT('Ctrl Pts',(7.37272329106903,-15.62032995761,-8.19309848575073));
#5014=CARTESIAN_POINT('Ctrl Pts',(7.41666666666667,-15.5366603113281,-8.30519835144005));
#5015=CARTESIAN_POINT('Ctrl Pts',(7.41666666666667,-15.5492887466526,-8.26025582263974));
#5016=CARTESIAN_POINT('Ctrl Pts',(7.41631159343585,-15.5648471663662,-8.21656642046052));
#5017=CARTESIAN_POINT('Ctrl Pts',(7.41514886071269,-15.582810718088,-8.17490064247639));
#5018=CARTESIAN_POINT('Ctrl Pts',(7.45833333333333,-15.4965471463349,-8.29392692272209));
#5019=CARTESIAN_POINT('Ctrl Pts',(7.45833333333333,-15.5097788211926,-8.2468375634239));
#5020=CARTESIAN_POINT('Ctrl Pts',(7.45815579671793,-15.5261571945822,-8.20084713984898));
#5021=CARTESIAN_POINT('Ctrl Pts',(7.45757443035635,-15.5452914785661,-8.15670279920205));
#5022=CARTESIAN_POINT('Ctrl Pts',(7.5,-15.4564339813418,-8.28265549400413));
#5023=CARTESIAN_POINT('Ctrl Pts',(7.5,-15.4702688957327,-8.23341930420807));
#5024=CARTESIAN_POINT('Ctrl Pts',(7.5,-15.4874672227982,-8.18512785923744));
#5025=CARTESIAN_POINT('Ctrl Pts',(7.5,-15.5077722390441,-8.13850495592771));
#5026=CARTESIAN_POINT('',(7.5,-15.5077722390441,-8.13850495592771));
#5027=CARTESIAN_POINT('',(7.37272329106903,-15.62032995761,-8.19309848575073));
#5028=CARTESIAN_POINT('',(7.5,-15.5077722390441,-8.13850495592771));
#5029=CARTESIAN_POINT('Ctrl Pts',(7.37272329106903,-15.62032995761,-8.19309848575073));
#5030=CARTESIAN_POINT('Ctrl Pts',(7.37446739015378,-15.6035371381503,-8.23228570107206));
#5031=CARTESIAN_POINT('Ctrl Pts',(7.375,-15.5887986721125,-8.27367408185557));
#5032=CARTESIAN_POINT('Ctrl Pts',(7.375,-15.5767734763212,-8.316469780158));
#5033=CARTESIAN_POINT('Ctrl Pts',(7.5,-15.4564339813418,-8.28265549400413));
#5034=CARTESIAN_POINT('Ctrl Pts',(7.5,-15.4702688957327,-8.23341930420807));
#5035=CARTESIAN_POINT('Ctrl Pts',(7.5,-15.4874672227982,-8.18512785923744));
#5036=CARTESIAN_POINT('Ctrl Pts',(7.5,-15.5077722390441,-8.13850495592771));
#5037=CARTESIAN_POINT('Ctrl Pts',(7.5,-15.5104807829023,-8.13236952859341));
#5038=CARTESIAN_POINT('Ctrl Pts',(7.5,-15.5095677691374,-8.13441009002723));
#5039=CARTESIAN_POINT('Ctrl Pts',(7.5,-15.5086649091583,-8.13645527165682));
#5040=CARTESIAN_POINT('Ctrl Pts',(7.5,-15.5077722390441,-8.13850495592771));
#5041=CARTESIAN_POINT('Ctrl Pts',(7.4575023779818,-15.5477720050409,-8.15104879625812));
#5042=CARTESIAN_POINT('Ctrl Pts',(7.45752716064386,-15.5469374158869,-8.15292900269409));
#5043=CARTESIAN_POINT('Ctrl Pts',(7.4575511691131,-15.5461105596741,-8.15481369877743));
#5044=CARTESIAN_POINT('Ctrl Pts',(7.45757443035635,-15.5452914785661,-8.15670279920205));
#5045=CARTESIAN_POINT('Ctrl Pts',(7.41500475596359,-15.5850632271794,-8.16972806392284));
#5046=CARTESIAN_POINT('Ctrl Pts',(7.41505432128771,-15.5843070626363,-8.17144791536094));
#5047=CARTESIAN_POINT('Ctrl Pts',(7.4151023382262,-15.58355621019,-8.17317212589803));
#5048=CARTESIAN_POINT('Ctrl Pts',(7.41514886071269,-15.582810718088,-8.17490064247639));
#5049=CARTESIAN_POINT('Ctrl Pts',(7.37250713394539,-15.6223544493179,-8.18840733158755));
#5050=CARTESIAN_POINT('Ctrl Pts',(7.37258148193157,-15.6216767093857,-8.1899668280278));
#5051=CARTESIAN_POINT('Ctrl Pts',(7.3726535073393,-15.6210018607059,-8.19153055301863));
#5052=CARTESIAN_POINT('Ctrl Pts',(7.37272329106904,-15.62032995761,-8.19309848575073));
#5053=CARTESIAN_POINT('Ctrl Pts',(7.5,-15.5077722390441,-8.13850495592771));
#5054=CARTESIAN_POINT('Ctrl Pts',(7.5,-15.5086649091583,-8.13645527165682));
#5055=CARTESIAN_POINT('Ctrl Pts',(7.5,-15.5095677691374,-8.13441009002723));
#5056=CARTESIAN_POINT('Ctrl Pts',(7.5,-15.5104807829023,-8.13236952859341));
#5057=CARTESIAN_POINT('Ctrl Pts',(7.37250713394539,-15.6223544493179,-8.18840733158755));
#5058=CARTESIAN_POINT('Ctrl Pts',(7.37258148193157,-15.6216767093857,-8.1899668280278));
#5059=CARTESIAN_POINT('Ctrl Pts',(7.3726535073393,-15.6210018607059,-8.19153055301863));
#5060=CARTESIAN_POINT('Ctrl Pts',(7.37272329106904,-15.62032995761,-8.19309848575073));
#5061=CARTESIAN_POINT('Ctrl Pts',(-7.36649394756293,-15.660685018192,-8.11553248336237));
#5062=CARTESIAN_POINT('Ctrl Pts',(-7.36938119634178,-15.6466292437079,-8.13802857864594));
#5063=CARTESIAN_POINT('Ctrl Pts',(-7.37126864547201,-15.6336442385658,-8.16242924572581));
#5064=CARTESIAN_POINT('Ctrl Pts',(-7.3725071339508,-15.6223544492685,-8.1884073317012));
#5065=CARTESIAN_POINT('Ctrl Pts',(-7.41099596504195,-15.6286137353087,-8.08858852538657));
#5066=CARTESIAN_POINT('Ctrl Pts',(-7.41292079756119,-15.6123202974708,-8.113905317339));
#5067=CARTESIAN_POINT('Ctrl Pts',(-7.41417909698134,-15.5976594133001,-8.14107878510759));
#5068=CARTESIAN_POINT('Ctrl Pts',(-7.4150047559672,-15.5850632271243,-8.16972806404817));
#5069=CARTESIAN_POINT('Ctrl Pts',(-7.45549798252098,-15.5965424524254,-8.06164456741076));
#5070=CARTESIAN_POINT('Ctrl Pts',(-7.45646039878059,-15.5780113512337,-8.08978205603206));
#5071=CARTESIAN_POINT('Ctrl Pts',(-7.45708954849067,-15.5616745880344,-8.11972832448937));
#5072=CARTESIAN_POINT('Ctrl Pts',(-7.4575023779836,-15.54777200498,-8.15104879639515));
#5073=CARTESIAN_POINT('Ctrl Pts',(-7.5,-15.564471169542,-8.03470060943495));
#5074=CARTESIAN_POINT('Ctrl Pts',(-7.5,-15.5437024049967,-8.06565879472512));
#5075=CARTESIAN_POINT('Ctrl Pts',(-7.5,-15.5256897627687,-8.09837786387114));
#5076=CARTESIAN_POINT('Ctrl Pts',(-7.5,-15.5104807828358,-8.13236952874212));
#5077=CARTESIAN_POINT('',(-7.5,-15.5104807828358,-8.13236952874212));
#5078=CARTESIAN_POINT('',(-7.37250713395124,-15.6223544492685,-8.18840733170117));
#5079=CARTESIAN_POINT('',(-7.5,-15.5104807828358,-8.13236952874212));
#5080=CARTESIAN_POINT('Ctrl Pts',(-7.3725071339508,-15.6223544492685,-8.1884073317012));
#5081=CARTESIAN_POINT('Ctrl Pts',(-7.37126864547201,-15.6336442385658,-8.16242924572581));
#5082=CARTESIAN_POINT('Ctrl Pts',(-7.36938119634178,-15.6466292437079,-8.13802857864594));
#5083=CARTESIAN_POINT('Ctrl Pts',(-7.36649394756293,-15.660685018192,-8.11553248336237));
#5084=CARTESIAN_POINT('Ctrl Pts',(-7.5,-15.564471169542,-8.03470060943495));
#5085=CARTESIAN_POINT('Ctrl Pts',(-7.5,-15.5437024049967,-8.06565879472512));
#5086=CARTESIAN_POINT('Ctrl Pts',(-7.5,-15.5256897627687,-8.09837786387114));
#5087=CARTESIAN_POINT('Ctrl Pts',(-7.5,-15.5104807828358,-8.13236952874212));
#5088=CARTESIAN_POINT('Ctrl Pts',(-7.5,-15.5077722390441,-8.13850495592771));
#5089=CARTESIAN_POINT('Ctrl Pts',(-7.5,-15.5086649091366,-8.13645527170661));
#5090=CARTESIAN_POINT('Ctrl Pts',(-7.5,-15.5095677690936,-8.1344100901266));
#5091=CARTESIAN_POINT('Ctrl Pts',(-7.5,-15.5104807828358,-8.13236952874212));
#5092=CARTESIAN_POINT('Ctrl Pts',(-7.45757443035635,-15.5452914785661,-8.15670279920205));
#5093=CARTESIAN_POINT('Ctrl Pts',(-7.45755116911367,-15.5461105596543,-8.15481369882331));
#5094=CARTESIAN_POINT('Ctrl Pts',(-7.45752716064502,-15.5469374158467,-8.15292900278565));
#5095=CARTESIAN_POINT('Ctrl Pts',(-7.4575023779836,-15.54777200498,-8.15104879639515));
#5096=CARTESIAN_POINT('Ctrl Pts',(-7.41514886071269,-15.582810718088,-8.17490064247639));
#5097=CARTESIAN_POINT('Ctrl Pts',(-7.41510233822733,-15.5835562101719,-8.17317212594002));
#5098=CARTESIAN_POINT('Ctrl Pts',(-7.41505432129004,-15.5843070625998,-8.17144791544471));
#5099=CARTESIAN_POINT('Ctrl Pts',(-7.4150047559672,-15.5850632271243,-8.16972806404817));
#5100=CARTESIAN_POINT('Ctrl Pts',(-7.37272329106903,-15.62032995761,-8.19309848575073));
#5101=CARTESIAN_POINT('Ctrl Pts',(-7.372653507341,-15.6210018606896,-8.19153055305672));
#5102=CARTESIAN_POINT('Ctrl Pts',(-7.37258148193507,-15.6216767093529,-8.18996682810377));
#5103=CARTESIAN_POINT('Ctrl Pts',(-7.3725071339508,-15.6223544492685,-8.1884073317012));
#5104=CARTESIAN_POINT('Ctrl Pts',(-7.5,-15.5104807828358,-8.13236952874212));
#5105=CARTESIAN_POINT('Ctrl Pts',(-7.5,-15.5095677690936,-8.1344100901266));
#5106=CARTESIAN_POINT('Ctrl Pts',(-7.5,-15.5086649091366,-8.13645527170661));
#5107=CARTESIAN_POINT('Ctrl Pts',(-7.5,-15.5077722390441,-8.13850495592771));
#5108=CARTESIAN_POINT('Ctrl Pts',(-7.37272329106903,-15.62032995761,-8.19309848575073));
#5109=CARTESIAN_POINT('Ctrl Pts',(-7.372653507341,-15.6210018606896,-8.19153055305672));
#5110=CARTESIAN_POINT('Ctrl Pts',(-7.37258148193507,-15.6216767093529,-8.18996682810377));
#5111=CARTESIAN_POINT('Ctrl Pts',(-7.3725071339508,-15.6223544492685,-8.1884073317012));
#5112=CARTESIAN_POINT('Ctrl Pts',(-7.375,-0.690954974751491,-8.96639865190102));
#5113=CARTESIAN_POINT('Ctrl Pts',(-7.375,-0.675245647588567,-8.92481386902164));
#5114=CARTESIAN_POINT('Ctrl Pts',(-7.37446739015377,-0.656956030795231,
-8.88486752547677));
#5115=CARTESIAN_POINT('Ctrl Pts',(-7.37272329106898,-0.636811722225666,
-8.84729301999335));
#5116=CARTESIAN_POINT('Ctrl Pts',(-7.41666666666667,-0.729933127299575,
-8.95167402168327));
#5117=CARTESIAN_POINT('Ctrl Pts',(-7.41666666666667,-0.713435747505375,
-8.90800315343376));
#5118=CARTESIAN_POINT('Ctrl Pts',(-7.41631159343584,-0.694128749978589,
-8.86583600824592));
#5119=CARTESIAN_POINT('Ctrl Pts',(-7.41514886071266,-0.672602143166837,
-8.82589440781877));
#5120=CARTESIAN_POINT('Ctrl Pts',(-7.45833333333333,-0.768911279847659,
-8.93694939146552));
#5121=CARTESIAN_POINT('Ctrl Pts',(-7.45833333333333,-0.751625847422182,
-8.89119243784588));
#5122=CARTESIAN_POINT('Ctrl Pts',(-7.45815579671792,-0.731301469161947,
-8.84680449101507));
#5123=CARTESIAN_POINT('Ctrl Pts',(-7.45757443035633,-0.708392564108007,
-8.80449579564419));
#5124=CARTESIAN_POINT('Ctrl Pts',(-7.5,-0.807889432395743,-8.92222476124777));
#5125=CARTESIAN_POINT('Ctrl Pts',(-7.5,-0.789815947338989,-8.87438172225801));
#5126=CARTESIAN_POINT('Ctrl Pts',(-7.5,-0.768474188345305,-8.82777297378422));
#5127=CARTESIAN_POINT('Ctrl Pts',(-7.5,-0.744182985049178,-8.78309718346961));
#5128=CARTESIAN_POINT('',(-7.5,-0.744182985049178,-8.78309718346961));
#5129=CARTESIAN_POINT('',(-7.37272329106898,-0.636811722225666,-8.84729301999335));
#5130=CARTESIAN_POINT('',(-7.5,-0.744182985049178,-8.78309718346961));
#5131=CARTESIAN_POINT('Ctrl Pts',(-7.37272329106898,-0.636811722225666,
-8.84729301999335));
#5132=CARTESIAN_POINT('Ctrl Pts',(-7.37446739015377,-0.656956030795231,
-8.88486752547677));
#5133=CARTESIAN_POINT('Ctrl Pts',(-7.375,-0.675245647588567,-8.92481386902164));
#5134=CARTESIAN_POINT('Ctrl Pts',(-7.375,-0.690954974751491,-8.96639865190102));
#5135=CARTESIAN_POINT('Ctrl Pts',(-7.5,-0.807889432395743,-8.92222476124777));
#5136=CARTESIAN_POINT('Ctrl Pts',(-7.5,-0.789815947338989,-8.87438172225801));
#5137=CARTESIAN_POINT('Ctrl Pts',(-7.5,-0.768474188345305,-8.82777297378422));
#5138=CARTESIAN_POINT('Ctrl Pts',(-7.5,-0.744182985049178,-8.78309718346961));
#5139=CARTESIAN_POINT('Ctrl Pts',(-7.37250713394533,-0.63438607329448,-8.84279616316649));
#5140=CARTESIAN_POINT('Ctrl Pts',(-7.37126864546645,-0.620875105690927,
-8.81790090166464));
#5141=CARTESIAN_POINT('Ctrl Pts',(-7.36938119633753,-0.605812854171691,
-8.79472480429464));
#5142=CARTESIAN_POINT('Ctrl Pts',(-7.36649394756293,-0.589849902283178,
-8.77353935494167));
#5143=CARTESIAN_POINT('Ctrl Pts',(-7.41500475596355,-0.669907385626854,
-8.8209378315911));
#5144=CARTESIAN_POINT('Ctrl Pts',(-7.41417909697764,-0.654862182573525,
-8.79349540181358));
#5145=CARTESIAN_POINT('Ctrl Pts',(-7.41292079755835,-0.637888763749813,
-8.76770311758395));
#5146=CARTESIAN_POINT('Ctrl Pts',(-7.41099596504195,-0.6194508235826,-8.74390273038));
#5147=CARTESIAN_POINT('Ctrl Pts',(-7.45750237798178,-0.705428697959227,
-8.79907950001571));
#5148=CARTESIAN_POINT('Ctrl Pts',(-7.45708954848882,-0.688849259456123,
-8.76908990196253));
#5149=CARTESIAN_POINT('Ctrl Pts',(-7.45646039877918,-0.669964673327935,
-8.74068143087326));
#5150=CARTESIAN_POINT('Ctrl Pts',(-7.45549798252098,-0.649051744882022,
-8.71426610581833));
#5151=CARTESIAN_POINT('Ctrl Pts',(-7.5,-0.740950010291601,-8.77722116844032));
#5152=CARTESIAN_POINT('Ctrl Pts',(-7.5,-0.722836336338722,-8.74468440211147));
#5153=CARTESIAN_POINT('Ctrl Pts',(-7.5,-0.702040582906057,-8.71365974416257));
#5154=CARTESIAN_POINT('Ctrl Pts',(-7.5,-0.678652666181444,-8.68462948125665));
#5155=CARTESIAN_POINT('',(-7.37250713394037,-0.634386073294573,-8.84279616316666));
#5156=CARTESIAN_POINT('',(-7.5,-0.740950010291584,-8.77722116844029));
#5157=CARTESIAN_POINT('',(-7.37250713394037,-0.634386073294573,-8.84279616316666));
#5158=CARTESIAN_POINT('Ctrl Pts',(-7.5,-0.740950010291601,-8.77722116844032));
#5159=CARTESIAN_POINT('Ctrl Pts',(-7.5,-0.722836336338722,-8.74468440211147));
#5160=CARTESIAN_POINT('Ctrl Pts',(-7.5,-0.702040582906057,-8.71365974416257));
#5161=CARTESIAN_POINT('Ctrl Pts',(-7.5,-0.678652666181444,-8.68462948125665));
#5162=CARTESIAN_POINT('Ctrl Pts',(-7.36649394756293,-0.589849902283178,
-8.77353935494167));
#5163=CARTESIAN_POINT('Ctrl Pts',(-7.36938119633753,-0.605812854171691,
-8.79472480429464));
#5164=CARTESIAN_POINT('Ctrl Pts',(-7.37126864546645,-0.620875105690927,
-8.81790090166464));
#5165=CARTESIAN_POINT('Ctrl Pts',(-7.37250713394533,-0.63438607329448,-8.84279616316649));
#5166=CARTESIAN_POINT('Ctrl Pts',(-7.5,-0.740950010291586,-8.77722116844029));
#5167=CARTESIAN_POINT('Ctrl Pts',(-7.5,-0.742037396410875,-8.77917439052901));
#5168=CARTESIAN_POINT('Ctrl Pts',(-7.5,-0.743115070059269,-8.78113310019299));
#5169=CARTESIAN_POINT('Ctrl Pts',(-7.5,-0.744182985049179,-8.78309718346961));
#5170=CARTESIAN_POINT('Ctrl Pts',(-7.45750237798178,-0.705428697959213,
-8.79907950001568));
#5171=CARTESIAN_POINT('Ctrl Pts',(-7.45752716064384,-0.706423982037969,
-8.80087981246093));
#5172=CARTESIAN_POINT('Ctrl Pts',(-7.45755116911308,-0.707411953900183,
-8.80268527143934));
#5173=CARTESIAN_POINT('Ctrl Pts',(-7.45757443035633,-0.708392564108008,
-8.80449579564419));
#5174=CARTESIAN_POINT('Ctrl Pts',(-7.41500475596355,-0.669907385626841,
-8.82093783159108));
#5175=CARTESIAN_POINT('Ctrl Pts',(-7.41505432128768,-0.670810567665062,
-8.82258523439286));
#5176=CARTESIAN_POINT('Ctrl Pts',(-7.41510233822616,-0.671708837741097,
-8.82423744268568));
#5177=CARTESIAN_POINT('Ctrl Pts',(-7.41514886071266,-0.672602143166837,
-8.82589440781877));
#5178=CARTESIAN_POINT('Ctrl Pts',(-7.37250713394533,-0.634386073294468,
-8.84279616316647));
#5179=CARTESIAN_POINT('Ctrl Pts',(-7.37258148193151,-0.635197153292156,
-8.84429065632479));
#5180=CARTESIAN_POINT('Ctrl Pts',(-7.37265350733925,-0.636005721582011,
-8.84578961393203));
#5181=CARTESIAN_POINT('Ctrl Pts',(-7.37272329106898,-0.636811722225666,
-8.84729301999335));
#5182=CARTESIAN_POINT('Ctrl Pts',(-7.5,-0.744182985049179,-8.78309718346961));
#5183=CARTESIAN_POINT('Ctrl Pts',(-7.5,-0.743115070059269,-8.78113310019299));
#5184=CARTESIAN_POINT('Ctrl Pts',(-7.5,-0.742037396410875,-8.77917439052901));
#5185=CARTESIAN_POINT('Ctrl Pts',(-7.5,-0.740950010291586,-8.77722116844029));
#5186=CARTESIAN_POINT('Ctrl Pts',(-7.37250713394533,-0.634386073294468,
-8.84279616316647));
#5187=CARTESIAN_POINT('Ctrl Pts',(-7.37258148193151,-0.635197153292156,
-8.84429065632479));
#5188=CARTESIAN_POINT('Ctrl Pts',(-7.37265350733925,-0.636005721582011,
-8.84578961393203));
#5189=CARTESIAN_POINT('Ctrl Pts',(-7.37272329106898,-0.636811722225666,
-8.84729301999335));
#5190=CARTESIAN_POINT('Origin',(0.,-16.5394894361645,-8.5869840693912));
#5191=CARTESIAN_POINT('',(0.,-15.5432867067302,-8.49992017398145));
#5192=CARTESIAN_POINT('',(0.,-15.6223544492725,-8.18840733169193));
#5193=CARTESIAN_POINT('Origin',(0.,-15.393856297317,-8.48686058967017));
#5194=CARTESIAN_POINT('',(0.,-15.4003992054218,-8.63671782290666));
#5195=CARTESIAN_POINT('Origin',(0.,-15.4003992054218,-8.63671782290666));
#5196=CARTESIAN_POINT('',(0.,-14.8812446464832,-8.65938460046517));
#5197=CARTESIAN_POINT('Origin',(0.,-14.8747017383781,-8.50952736722156));
#5198=CARTESIAN_POINT('',(0.,-14.7269781745508,-8.5355609741954));
#5199=CARTESIAN_POINT('Origin',(0.,-13.7421544157353,-8.70911835401535));
#5200=CARTESIAN_POINT('',(0.,-14.6210611754948,-8.2321247401518));
#5201=CARTESIAN_POINT('Origin',(0.,-14.1332679238311,-8.49685619584452));
#5202=CARTESIAN_POINT('',(0.,-13.6242580061088,-8.2756461064226));
#5203=CARTESIAN_POINT('Origin',(0.,-14.5413929930008,-8.67422284412187));
#5204=CARTESIAN_POINT('',(0.,-13.5451902635664,-8.58715894871213));
#5205=CARTESIAN_POINT('Origin',(0.,-13.3957598541533,-8.57409936440084));
#5206=CARTESIAN_POINT('',(0.,-13.402302762258,-8.72395659763733));
#5207=CARTESIAN_POINT('Origin',(0.,-13.402302762258,-8.72395659763733));
#5208=CARTESIAN_POINT('',(0.,-12.8831482033195,-8.74662337519584));
#5209=CARTESIAN_POINT('Origin',(0.,-12.8766052952144,-8.59676614195223));
#5210=CARTESIAN_POINT('',(0.,-12.7288817313871,-8.62279974892609));
#5211=CARTESIAN_POINT('Origin',(0.,-11.7440579725716,-8.79635712874602));
#5212=CARTESIAN_POINT('',(0.,-12.622964732331,-8.31936351488247));
#5213=CARTESIAN_POINT('Origin',(0.,-12.1351714806674,-8.58409497057519));
#5214=CARTESIAN_POINT('',(0.,-11.6261615629451,-8.36288488115327));
#5215=CARTESIAN_POINT('Origin',(0.,-12.5432965498371,-8.76146161885254));
#5216=CARTESIAN_POINT('',(0.,-11.5470938204027,-8.6743977234428));
#5217=CARTESIAN_POINT('Origin',(0.,-11.3976634109896,-8.66133813913151));
#5218=CARTESIAN_POINT('',(0.,-11.4042063190943,-8.811195372368));
#5219=CARTESIAN_POINT('Origin',(0.,-11.4042063190943,-8.811195372368));
#5220=CARTESIAN_POINT('',(0.,-10.8850517601558,-8.83386214992652));
#5221=CARTESIAN_POINT('Origin',(0.,-10.8785088520507,-8.6840049166829));
#5222=CARTESIAN_POINT('',(0.,-10.7307852882234,-8.71003852365673));
#5223=CARTESIAN_POINT('Origin',(0.,-9.74596152940791,-8.88359590347669));
#5224=CARTESIAN_POINT('',(0.,-10.6248682891673,-8.40660228961314));
#5225=CARTESIAN_POINT('Origin',(0.,-10.1370750375037,-8.67133374530586));
#5226=CARTESIAN_POINT('',(0.,-9.62806511978137,-8.45012365588394));
#5227=CARTESIAN_POINT('Origin',(0.,-10.5452001066733,-8.84870039358321));
#5228=CARTESIAN_POINT('',(0.,-9.54899737723901,-8.76163649817347));
#5229=CARTESIAN_POINT('Origin',(0.,-9.39956696782586,-8.74857691386218));
#5230=CARTESIAN_POINT('',(0.,-9.40610987593061,-8.89843414709867));
#5231=CARTESIAN_POINT('Origin',(0.,-9.40610987593061,-8.89843414709867));
#5232=CARTESIAN_POINT('',(0.,-8.88695531699204,-8.92110092465719));
#5233=CARTESIAN_POINT('Origin',(0.,-8.88041240888696,-8.77124369141358));
#5234=CARTESIAN_POINT('',(0.,-8.73268884505968,-8.79727729838741));
#5235=CARTESIAN_POINT('Origin',(0.,-7.7478650862442,-8.97083467820737));
#5236=CARTESIAN_POINT('',(0.,-8.62677184600362,-8.49384106434381));
#5237=CARTESIAN_POINT('Origin',(0.,-8.13897859433999,-8.75857252003654));
#5238=CARTESIAN_POINT('',(0.,-7.62996867661765,-8.53736243061462));
#5239=CARTESIAN_POINT('Origin',(0.,-8.54710366350963,-8.93593916831389));
#5240=CARTESIAN_POINT('',(0.,-7.55090093407529,-8.84887527290415));
#5241=CARTESIAN_POINT('Origin',(0.,-7.40147052466214,-8.83581568859286));
#5242=CARTESIAN_POINT('',(0.,-7.4080134327669,-8.98567292182935));
#5243=CARTESIAN_POINT('Origin',(0.,-7.4080134327669,-8.98567292182935));
#5244=CARTESIAN_POINT('',(0.,-6.88885887382832,-9.00833969938786));
#5245=CARTESIAN_POINT('Origin',(0.,-6.88231596572325,-8.85848246614425));
#5246=CARTESIAN_POINT('',(0.,-6.73459240189596,-8.88451607311809));
#5247=CARTESIAN_POINT('Origin',(0.,-5.74976864308048,-9.05807345293804));
#5248=CARTESIAN_POINT('',(0.,-6.6286754028399,-8.58107983907449));
#5249=CARTESIAN_POINT('Origin',(0.,-6.14088215117628,-8.84581129476721));
#5250=CARTESIAN_POINT('',(0.,-5.63187223345394,-8.62460120534529));
#5251=CARTESIAN_POINT('Origin',(0.,-6.54900722034592,-9.02317794304456));
#5252=CARTESIAN_POINT('',(0.,-5.55280449091158,-8.93611404763482));
#5253=CARTESIAN_POINT('Origin',(0.,-5.40337408149843,-8.92305446332353));
#5254=CARTESIAN_POINT('',(0.,-5.40991698960318,-9.07291169656003));
#5255=CARTESIAN_POINT('Origin',(0.,-5.40991698960318,-9.07291169656002));
#5256=CARTESIAN_POINT('',(0.,-4.8907624306646,-9.09557847411853));
#5257=CARTESIAN_POINT('Origin',(0.,-4.88421952255953,-8.94572124087492));
#5258=CARTESIAN_POINT('',(0.,-4.73649595873225,-8.97175484784876));
#5259=CARTESIAN_POINT('Origin',(0.,-3.75167219991677,-9.14531222766871));
#5260=CARTESIAN_POINT('',(0.,-4.63057895967619,-8.66831861380516));
#5261=CARTESIAN_POINT('Origin',(0.,-4.14278570801256,-8.93305006949788));
#5262=CARTESIAN_POINT('',(0.,-3.63377579029022,-8.71183998007596));
#5263=CARTESIAN_POINT('Origin',(0.,-4.5509107771822,-9.11041671777523));
#5264=CARTESIAN_POINT('',(0.,-3.55470804774786,-9.02335282236549));
#5265=CARTESIAN_POINT('Origin',(0.,-3.40527763833471,-9.0102932380542));
#5266=CARTESIAN_POINT('',(0.,-3.41182054643947,-9.1601504712907));
#5267=CARTESIAN_POINT('Origin',(0.,-3.41182054643947,-9.16015047129069));
#5268=CARTESIAN_POINT('',(0.,-2.89266598750089,-9.18281724884921));
#5269=CARTESIAN_POINT('Origin',(0.,-2.88612307939582,-9.03296001560559));
#5270=CARTESIAN_POINT('',(0.,-2.73839951556853,-9.05899362257943));
#5271=CARTESIAN_POINT('Origin',(0.,-1.75357575675305,-9.23255100239938));
#5272=CARTESIAN_POINT('',(0.,-2.63248251651247,-8.75555738853583));
#5273=CARTESIAN_POINT('Origin',(0.,-2.14468926484885,-9.02028884422855));
#5274=CARTESIAN_POINT('',(0.,-1.6356793471265,-8.79907875480663));
#5275=CARTESIAN_POINT('Origin',(0.,-2.55281433401849,-9.19765549250591));
#5276=CARTESIAN_POINT('',(0.,-1.55661160458414,-9.11059159709616));
#5277=CARTESIAN_POINT('Origin',(0.,-1.407181195171,-9.09753201278487));
#5278=CARTESIAN_POINT('',(0.,-1.41372410327575,-9.24738924602137));
#5279=CARTESIAN_POINT('Origin',(0.,-1.41372410327575,-9.24738924602137));
#5280=CARTESIAN_POINT('',(0.,-0.894569544337174,-9.27005602357988));
#5281=CARTESIAN_POINT('Origin',(0.,-0.888026636232096,-9.12019879033626));
#5282=CARTESIAN_POINT('',(0.,-0.740303072404815,-9.1462323973101));
#5283=CARTESIAN_POINT('Origin',(0.,0.244520686410663,-9.31978977713005));
#5284=CARTESIAN_POINT('',(0.,-0.634386073348757,-8.8427961632665));
#5285=CARTESIAN_POINT('Origin',(0.,-0.146592821685131,-9.10752761895923));
#5286=CARTESIAN_POINT('Origin',(6.95,-15.4965429983614,-6.47888972312724));
#5287=CARTESIAN_POINT('',(7.5,-15.4865494480009,-6.2499998131125));
#5288=CARTESIAN_POINT('',(7.5,-15.4965429983614,-6.47888972312724));
#5289=CARTESIAN_POINT('',(6.95,-16.0370526562958,-6.24952411079093));
#5290=CARTESIAN_POINT('Ctrl Pts',(6.95,-16.0370526562958,-6.24952411079093));
#5291=CARTESIAN_POINT('Ctrl Pts',(7.09592761581808,-16.0370526562958,-6.24952411079093));
#5292=CARTESIAN_POINT('Ctrl Pts',(7.38595215304919,-15.91358781807,-6.24975881945886));
#5293=CARTESIAN_POINT('Ctrl Pts',(7.50000000027297,-15.6272600602651,-6.2499949978252));
#5294=CARTESIAN_POINT('Ctrl Pts',(7.5,-15.4865494480009,-6.24999981315896));
#5295=CARTESIAN_POINT('',(6.95,-16.0460195202314,-6.45489906007631));
#5296=CARTESIAN_POINT('Origin',(7.5,-8.05357780350351,-7.5100993951713));
#5297=CARTESIAN_POINT('',(7.5,-0.572354448294082,-6.25));
#5298=CARTESIAN_POINT('',(7.5,-0.656680818988624,-8.18139142393788));
#5299=CARTESIAN_POINT('',(7.5,-15.4647189857733,-6.25));
#5300=CARTESIAN_POINT('',(7.5,-4.02678890175176,-6.25));
#5301=CARTESIAN_POINT('Ctrl Pts',(7.5,-15.4865494480009,-6.24999981315896));
#5302=CARTESIAN_POINT('Ctrl Pts',(7.5,-15.4792650231449,-6.25000006244318));
#5303=CARTESIAN_POINT('Ctrl Pts',(7.5,-15.4719920068506,-6.25));
#5304=CARTESIAN_POINT('Ctrl Pts',(7.5,-15.4647189857733,-6.25));
#5305=CARTESIAN_POINT('Origin',(6.95,-0.656680818988624,-8.18139142393788));
#5306=CARTESIAN_POINT('',(6.95,-0.021809693682668,-6.24952411079093));
#5307=CARTESIAN_POINT('',(6.95,-0.107204297118602,-8.20538208698882));
#5308=CARTESIAN_POINT('',(7.49956740953,-0.550523976839825,-6.24999981286545));
#5309=CARTESIAN_POINT('Ctrl Pts',(7.49956740953,-0.550523976839825,-6.24999981286545));
#5310=CARTESIAN_POINT('Ctrl Pts',(7.49385764721278,-0.406510280863885,-6.24999487288608));
#5311=CARTESIAN_POINT('Ctrl Pts',(7.36476990961429,-0.130212703558402,-6.24975120508119));
#5312=CARTESIAN_POINT('Ctrl Pts',(7.08827445922744,-0.0218096936826677,
-6.24952411079093));
#5313=CARTESIAN_POINT('Ctrl Pts',(6.95,-0.0218096936826677,-6.24952411079093));
#5314=CARTESIAN_POINT('Ctrl Pts',(7.5,-0.572354448294083,-6.25));
#5315=CARTESIAN_POINT('Ctrl Pts',(7.5,-0.565077624475997,-6.25));
#5316=CARTESIAN_POINT('Ctrl Pts',(7.49985591635669,-0.557800800657911,-6.25000006247615));
#5317=CARTESIAN_POINT('Ctrl Pts',(7.49956740953,-0.550523976839825,-6.24999981286545));
#5318=CARTESIAN_POINT('Origin',(0.,-0.122384061697301,-8.55305585597971));
#5319=CARTESIAN_POINT('',(-6.95,-0.021809693682668,-6.24952411079093));
#5320=CARTESIAN_POINT('',(-6.95,-0.107204297118602,-8.20538208698882));
#5321=CARTESIAN_POINT('',(0.,-0.021809693682668,-6.24952411079093));
#5322=CARTESIAN_POINT('Origin',(0.,-0.260904846841334,-5.99976205539547));
#5323=CARTESIAN_POINT('',(6.95,-0.5,-5.75));
#5324=CARTESIAN_POINT('',(6.95,-0.5,-5.75));
#5325=CARTESIAN_POINT('',(-6.95,-0.5,-5.75));
#5326=CARTESIAN_POINT('',(-6.95,-0.021809693682668,-6.24952411079093));
#5327=CARTESIAN_POINT('',(0.,-0.5,-5.75));
#5328=CARTESIAN_POINT('Ctrl Pts',(6.95,-0.0218096936826677,-6.24952411079093));
#5329=CARTESIAN_POINT('Ctrl Pts',(7.08827445922744,-0.0218096936826677,
-6.24952411079093));
#5330=CARTESIAN_POINT('Ctrl Pts',(7.36476990961429,-0.130212703558402,-6.24975120508119));
#5331=CARTESIAN_POINT('Ctrl Pts',(7.49385764721278,-0.406510280863885,-6.24999487288608));
#5332=CARTESIAN_POINT('Ctrl Pts',(7.49956740953,-0.550523976839825,-6.24999981286545));
#5333=CARTESIAN_POINT('Ctrl Pts',(6.95,-0.181206462455112,-6.08301607386062));
#5334=CARTESIAN_POINT('Ctrl Pts',(7.04650472721619,-0.181206462455112,-6.08301607386062));
#5335=CARTESIAN_POINT('Ctrl Pts',(7.23948317434814,-0.257025397713803,-6.08316747005413));
#5336=CARTESIAN_POINT('Ctrl Pts',(7.32923843147519,-0.450064268286052,-6.08332991525739));
#5337=CARTESIAN_POINT('Ctrl Pts',(7.33304493968667,-0.550523976839825,-6.08333320857697));
#5338=CARTESIAN_POINT('Ctrl Pts',(6.95,-0.340603231227556,-5.91650803693031));
#5339=CARTESIAN_POINT('Ctrl Pts',(7.00473499520494,-0.340603231227556,-5.91650803693031));
#5340=CARTESIAN_POINT('Ctrl Pts',(7.114196439082,-0.383838091869204,-5.91658373502707));
#5341=CARTESIAN_POINT('Ctrl Pts',(7.16461921573759,-0.493618255708219,-5.91666495762869));
#5342=CARTESIAN_POINT('Ctrl Pts',(7.16652246984333,-0.550523976839826,-5.91666660428849));
#5343=CARTESIAN_POINT('Ctrl Pts',(6.95,-0.5,-5.75));
#5344=CARTESIAN_POINT('Ctrl Pts',(6.9629652631937,-0.499999999999999,-5.75));
#5345=CARTESIAN_POINT('Ctrl Pts',(6.98890970381586,-0.510650786024605,-5.75));
#5346=CARTESIAN_POINT('Ctrl Pts',(7.,-0.537172243130386,-5.75));
#5347=CARTESIAN_POINT('Ctrl Pts',(7.,-0.550523976839826,-5.75));
#5348=CARTESIAN_POINT('',(7.,-0.550523976839826,-5.75));
#5349=CARTESIAN_POINT('',(7.,-0.550523976839826,-5.75));
#5350=CARTESIAN_POINT('Ctrl Pts',(6.95,-0.5,-5.75));
#5351=CARTESIAN_POINT('Ctrl Pts',(6.9629652631937,-0.499999999999999,-5.75));
#5352=CARTESIAN_POINT('Ctrl Pts',(6.98890970381586,-0.510650786024605,-5.75));
#5353=CARTESIAN_POINT('Ctrl Pts',(7.,-0.537172243130386,-5.75));
#5354=CARTESIAN_POINT('Ctrl Pts',(7.,-0.550523976839826,-5.75));
#5355=CARTESIAN_POINT('Ctrl Pts',(-7.49956740953,-0.550523976839825,-6.24999981286545));
#5356=CARTESIAN_POINT('Ctrl Pts',(-7.49385764721278,-0.406510280863885,
-6.24999487288608));
#5357=CARTESIAN_POINT('Ctrl Pts',(-7.36476990961429,-0.130212703558402,
-6.2497512050812));
#5358=CARTESIAN_POINT('Ctrl Pts',(-7.08827445922744,-0.0218096936826678,
-6.24952411079093));
#5359=CARTESIAN_POINT('Ctrl Pts',(-6.95,-0.0218096936826677,-6.24952411079093));
#5360=CARTESIAN_POINT('Ctrl Pts',(-7.33304493968667,-0.550523976839825,
-6.08333320857697));
#5361=CARTESIAN_POINT('Ctrl Pts',(-7.32923843147519,-0.450064268286052,
-6.08332991525739));
#5362=CARTESIAN_POINT('Ctrl Pts',(-7.23948317434815,-0.257025397713803,
-6.08316747005413));
#5363=CARTESIAN_POINT('Ctrl Pts',(-7.04650472721619,-0.181206462455112,
-6.08301607386062));
#5364=CARTESIAN_POINT('Ctrl Pts',(-6.95,-0.181206462455112,-6.08301607386062));
#5365=CARTESIAN_POINT('Ctrl Pts',(-7.16652246984333,-0.550523976839826,
-5.91666660428849));
#5366=CARTESIAN_POINT('Ctrl Pts',(-7.16461921573759,-0.493618255708219,
-5.91666495762869));
#5367=CARTESIAN_POINT('Ctrl Pts',(-7.114196439082,-0.383838091869204,-5.91658373502707));
#5368=CARTESIAN_POINT('Ctrl Pts',(-7.00473499520494,-0.340603231227556,
-5.91650803693031));
#5369=CARTESIAN_POINT('Ctrl Pts',(-6.95,-0.340603231227556,-5.91650803693031));
#5370=CARTESIAN_POINT('Ctrl Pts',(-7.,-0.550523976839826,-5.75));
#5371=CARTESIAN_POINT('Ctrl Pts',(-7.,-0.537172243130386,-5.75));
#5372=CARTESIAN_POINT('Ctrl Pts',(-6.98890970381586,-0.510650786024605,
-5.75));
#5373=CARTESIAN_POINT('Ctrl Pts',(-6.9629652631937,-0.5,-5.75));
#5374=CARTESIAN_POINT('Ctrl Pts',(-6.95,-0.5,-5.75));
#5375=CARTESIAN_POINT('',(-7.49956740953,-0.550523976839825,-6.24999981286545));
#5376=CARTESIAN_POINT('Ctrl Pts',(-6.95,-0.0218096936826677,-6.24952411079093));
#5377=CARTESIAN_POINT('Ctrl Pts',(-7.08827445922744,-0.0218096936826678,
-6.24952411079093));
#5378=CARTESIAN_POINT('Ctrl Pts',(-7.36476990961429,-0.130212703558402,
-6.2497512050812));
#5379=CARTESIAN_POINT('Ctrl Pts',(-7.49385764721278,-0.406510280863885,
-6.24999487288608));
#5380=CARTESIAN_POINT('Ctrl Pts',(-7.49956740953,-0.550523976839825,-6.24999981286545));
#5381=CARTESIAN_POINT('',(-7.,-0.550523976839826,-5.75));
#5382=CARTESIAN_POINT('',(-7.49956740953,-0.550523976839825,-6.24999981286545));
#5383=CARTESIAN_POINT('Ctrl Pts',(-7.,-0.550523976839826,-5.75));
#5384=CARTESIAN_POINT('Ctrl Pts',(-7.,-0.537172243130386,-5.75));
#5385=CARTESIAN_POINT('Ctrl Pts',(-6.98890970381586,-0.510650786024605,
-5.75));
#5386=CARTESIAN_POINT('Ctrl Pts',(-6.9629652631937,-0.5,-5.75));
#5387=CARTESIAN_POINT('Ctrl Pts',(-6.95,-0.5,-5.75));
#5388=CARTESIAN_POINT('Origin',(7.25,-4.02678890175176,-6.));
#5389=CARTESIAN_POINT('',(7.,-0.572354448294082,-5.75));
#5390=CARTESIAN_POINT('',(7.5,-0.572354448294082,-6.25));
#5391=CARTESIAN_POINT('',(7.,-15.4647189857733,-5.75));
#5392=CARTESIAN_POINT('',(7.,-4.02678890175176,-5.75));
#5393=CARTESIAN_POINT('',(7.,-15.4647189857733,-5.75));
#5394=CARTESIAN_POINT('Ctrl Pts',(7.49956740953,-0.550523976839825,-6.24999981286545));
#5395=CARTESIAN_POINT('Ctrl Pts',(7.49985591635669,-0.557800800657911,-6.25000006247615));
#5396=CARTESIAN_POINT('Ctrl Pts',(7.5,-0.565077624475997,-6.25));
#5397=CARTESIAN_POINT('Ctrl Pts',(7.5,-0.572354448294083,-6.25));
#5398=CARTESIAN_POINT('Ctrl Pts',(7.33304493968667,-0.550523976839825,-6.08333320857697));
#5399=CARTESIAN_POINT('Ctrl Pts',(7.33323727757113,-0.557800800657911,-6.0833333749841));
#5400=CARTESIAN_POINT('Ctrl Pts',(7.33333333333333,-0.565077624475997,-6.08333333333334));
#5401=CARTESIAN_POINT('Ctrl Pts',(7.33333333333333,-0.572354448294083,-6.08333333333334));
#5402=CARTESIAN_POINT('Ctrl Pts',(7.16652246984333,-0.550523976839825,-5.91666660428849));
#5403=CARTESIAN_POINT('Ctrl Pts',(7.16661863878556,-0.557800800657911,-5.91666668749205));
#5404=CARTESIAN_POINT('Ctrl Pts',(7.16666666666667,-0.565077624475997,-5.91666666666667));
#5405=CARTESIAN_POINT('Ctrl Pts',(7.16666666666667,-0.572354448294083,-5.91666666666667));
#5406=CARTESIAN_POINT('Ctrl Pts',(7.,-0.550523976839825,-5.75));
#5407=CARTESIAN_POINT('Ctrl Pts',(7.,-0.557800800657911,-5.75));
#5408=CARTESIAN_POINT('Ctrl Pts',(7.,-0.565077624475997,-5.75));
#5409=CARTESIAN_POINT('Ctrl Pts',(7.,-0.572354448294083,-5.75));
#5410=CARTESIAN_POINT('Ctrl Pts',(7.,-0.550523976839825,-5.75));
#5411=CARTESIAN_POINT('Ctrl Pts',(7.,-0.557800800657911,-5.75));
#5412=CARTESIAN_POINT('Ctrl Pts',(7.,-0.565077624475997,-5.75));
#5413=CARTESIAN_POINT('Ctrl Pts',(7.,-0.572354448294083,-5.75));
#5414=CARTESIAN_POINT('Ctrl Pts',(7.5,-15.4865494480009,-6.24999981315896));
#5415=CARTESIAN_POINT('Ctrl Pts',(7.50000000027297,-15.6272600602651,-6.2499949978252));
#5416=CARTESIAN_POINT('Ctrl Pts',(7.38595215304919,-15.91358781807,-6.24975881945886));
#5417=CARTESIAN_POINT('Ctrl Pts',(7.09592761581808,-16.0370526562958,-6.24952411079093));
#5418=CARTESIAN_POINT('Ctrl Pts',(6.95,-16.0370526562958,-6.24952411079093));
#5419=CARTESIAN_POINT('Ctrl Pts',(7.33331999635087,-15.4799462047805,-6.08333320877264));
#5420=CARTESIAN_POINT('Ctrl Pts',(7.33314827232449,-15.5780879664916,-6.08332999855013));
#5421=CARTESIAN_POINT('Ctrl Pts',(7.25327452166887,-15.7774382639809,-6.08317254630591));
#5422=CARTESIAN_POINT('Ctrl Pts',(7.05149778803832,-15.8631160917349,-6.08301607386062));
#5423=CARTESIAN_POINT('Ctrl Pts',(6.95,-15.8631160917349,-6.08301607386062));
#5424=CARTESIAN_POINT('Ctrl Pts',(7.16663999270174,-15.4733429615601,-5.91666660438632));
#5425=CARTESIAN_POINT('Ctrl Pts',(7.16629654437602,-15.5289158727181,-5.91666499927507));
#5426=CARTESIAN_POINT('Ctrl Pts',(7.12059689028856,-15.6412887098919,-5.91658627315296));
#5427=CARTESIAN_POINT('Ctrl Pts',(7.00706796025855,-15.689179527174,-5.91650803693031));
#5428=CARTESIAN_POINT('Ctrl Pts',(6.95,-15.689179527174,-5.91650803693031));
#5429=CARTESIAN_POINT('Ctrl Pts',(6.99995998905262,-15.4667397183396,-5.75));
#5430=CARTESIAN_POINT('Ctrl Pts',(6.99944481642754,-15.4797437789446,-5.75));
#5431=CARTESIAN_POINT('Ctrl Pts',(6.98791925890824,-15.5051391558028,-5.75));
#5432=CARTESIAN_POINT('Ctrl Pts',(6.96263813247879,-15.5152429626131,-5.75));
#5433=CARTESIAN_POINT('Ctrl Pts',(6.95,-15.5152429626131,-5.75));
#5434=CARTESIAN_POINT('',(6.99995998905262,-15.4667397183396,-5.75));
#5435=CARTESIAN_POINT('',(7.5,-15.4865494480009,-6.2499998131125));
#5436=CARTESIAN_POINT('',(6.95,-15.5152429626131,-5.75));
#5437=CARTESIAN_POINT('Ctrl Pts',(6.99995998905262,-15.4667397183396,-5.75));
#5438=CARTESIAN_POINT('Ctrl Pts',(6.99944481642754,-15.4797437789446,-5.75));
#5439=CARTESIAN_POINT('Ctrl Pts',(6.98791925890824,-15.5051391558028,-5.75));
#5440=CARTESIAN_POINT('Ctrl Pts',(6.96263813247879,-15.5152429626131,-5.75));
#5441=CARTESIAN_POINT('Ctrl Pts',(6.95,-15.5152429626131,-5.75));
#5442=CARTESIAN_POINT('',(6.95,-15.5152429626131,-5.75));
#5443=CARTESIAN_POINT('Origin',(0.,-15.7761478094545,-5.99976205539547));
#5444=CARTESIAN_POINT('',(-6.95,-15.5152429626131,-5.75));
#5445=CARTESIAN_POINT('',(0.,-15.5152429626131,-5.75));
#5446=CARTESIAN_POINT('',(-6.95,-16.0370526562958,-6.24952411079093));
#5447=CARTESIAN_POINT('',(-6.95,-15.5152429626131,-5.75));
#5448=CARTESIAN_POINT('',(0.,-16.0370526562958,-6.24952411079093));
#5449=CARTESIAN_POINT('Ctrl Pts',(-6.95,-16.0370526562958,-6.24952411079093));
#5450=CARTESIAN_POINT('Ctrl Pts',(-7.09592761581808,-16.0370526562958,-6.24952411079093));
#5451=CARTESIAN_POINT('Ctrl Pts',(-7.3859521530492,-15.91358781807,-6.24975881945886));
#5452=CARTESIAN_POINT('Ctrl Pts',(-7.50000000027297,-15.6272600602651,-6.2499949978252));
#5453=CARTESIAN_POINT('Ctrl Pts',(-7.5,-15.4865494480009,-6.24999981315896));
#5454=CARTESIAN_POINT('Ctrl Pts',(-6.95,-15.8631160917349,-6.08301607386062));
#5455=CARTESIAN_POINT('Ctrl Pts',(-7.05149778803832,-15.8631160917349,-6.08301607386062));
#5456=CARTESIAN_POINT('Ctrl Pts',(-7.25327452166888,-15.7774382639809,-6.08317254630591));
#5457=CARTESIAN_POINT('Ctrl Pts',(-7.33314827232449,-15.5780879664916,-6.08332999855013));
#5458=CARTESIAN_POINT('Ctrl Pts',(-7.33331999635087,-15.4799462047805,-6.08333320877264));
#5459=CARTESIAN_POINT('Ctrl Pts',(-6.95,-15.689179527174,-5.91650803693031));
#5460=CARTESIAN_POINT('Ctrl Pts',(-7.00706796025855,-15.689179527174,-5.91650803693031));
#5461=CARTESIAN_POINT('Ctrl Pts',(-7.12059689028856,-15.6412887098919,-5.91658627315296));
#5462=CARTESIAN_POINT('Ctrl Pts',(-7.16629654437602,-15.5289158727181,-5.91666499927507));
#5463=CARTESIAN_POINT('Ctrl Pts',(-7.16663999270174,-15.4733429615601,-5.91666660438632));
#5464=CARTESIAN_POINT('Ctrl Pts',(-6.95,-15.5152429626131,-5.75));
#5465=CARTESIAN_POINT('Ctrl Pts',(-6.96263813247879,-15.5152429626131,-5.75));
#5466=CARTESIAN_POINT('Ctrl Pts',(-6.98791925890824,-15.5051391558028,-5.75));
#5467=CARTESIAN_POINT('Ctrl Pts',(-6.99944481642754,-15.4797437789446,-5.75));
#5468=CARTESIAN_POINT('Ctrl Pts',(-6.99995998905262,-15.4667397183396,-5.75));
#5469=CARTESIAN_POINT('',(-6.99995998905262,-15.4667397183396,-5.75));
#5470=CARTESIAN_POINT('',(-7.5,-15.4865494480009,-6.2499998131125));
#5471=CARTESIAN_POINT('',(-6.99995998905262,-15.4667397183396,-5.75));
#5472=CARTESIAN_POINT('Ctrl Pts',(-7.5,-15.4865494480009,-6.24999981315896));
#5473=CARTESIAN_POINT('Ctrl Pts',(-7.50000000027297,-15.6272600602651,-6.2499949978252));
#5474=CARTESIAN_POINT('Ctrl Pts',(-7.3859521530492,-15.91358781807,-6.24975881945886));
#5475=CARTESIAN_POINT('Ctrl Pts',(-7.09592761581808,-16.0370526562958,-6.24952411079093));
#5476=CARTESIAN_POINT('Ctrl Pts',(-6.95,-16.0370526562958,-6.24952411079093));
#5477=CARTESIAN_POINT('Ctrl Pts',(-6.95,-15.5152429626131,-5.75));
#5478=CARTESIAN_POINT('Ctrl Pts',(-6.96263813247879,-15.5152429626131,-5.75));
#5479=CARTESIAN_POINT('Ctrl Pts',(-6.98791925890824,-15.5051391558028,-5.75));
#5480=CARTESIAN_POINT('Ctrl Pts',(-6.99944481642754,-15.4797437789446,-5.75));
#5481=CARTESIAN_POINT('Ctrl Pts',(-6.99995998905262,-15.4667397183396,-5.75));
#5482=CARTESIAN_POINT('Ctrl Pts',(7.5,-15.4647189857733,-6.25));
#5483=CARTESIAN_POINT('Ctrl Pts',(7.5,-15.4719920068506,-6.25));
#5484=CARTESIAN_POINT('Ctrl Pts',(7.5,-15.4792650231449,-6.25000006244318));
#5485=CARTESIAN_POINT('Ctrl Pts',(7.5,-15.4865494480009,-6.24999981315896));
#5486=CARTESIAN_POINT('Ctrl Pts',(7.33333333333333,-15.4647189857733,-6.08333333333333));
#5487=CARTESIAN_POINT('Ctrl Pts',(7.33333333333333,-15.4697922544092,-6.08333333333333));
#5488=CARTESIAN_POINT('Ctrl Pts',(7.33332888631355,-15.474865519842,-6.08333337496212));
#5489=CARTESIAN_POINT('Ctrl Pts',(7.33331999635087,-15.4799462047805,-6.08333320877264));
#5490=CARTESIAN_POINT('Ctrl Pts',(7.16666666666667,-15.4647189857733,-5.91666666666667));
#5491=CARTESIAN_POINT('Ctrl Pts',(7.16666666666667,-15.4675925019677,-5.91666666666667));
#5492=CARTESIAN_POINT('Ctrl Pts',(7.16665777262711,-15.470466016539,-5.91666668748106));
#5493=CARTESIAN_POINT('Ctrl Pts',(7.16663999270174,-15.4733429615601,-5.91666660438632));
#5494=CARTESIAN_POINT('Ctrl Pts',(7.,-15.4647189857733,-5.75));
#5495=CARTESIAN_POINT('Ctrl Pts',(7.,-15.4653927495262,-5.75));
#5496=CARTESIAN_POINT('Ctrl Pts',(6.99998665894066,-15.466066513236,-5.75));
#5497=CARTESIAN_POINT('Ctrl Pts',(6.99995998905262,-15.4667397183396,-5.75));
#5498=CARTESIAN_POINT('Ctrl Pts',(7.,-15.4647189857733,-5.75));
#5499=CARTESIAN_POINT('Ctrl Pts',(7.,-15.4653927495262,-5.75));
#5500=CARTESIAN_POINT('Ctrl Pts',(6.99998665894066,-15.466066513236,-5.75));
#5501=CARTESIAN_POINT('Ctrl Pts',(6.99995998905262,-15.4667397183396,-5.75));
#5502=CARTESIAN_POINT('Origin',(-7.25,-4.02678890175176,-6.));
#5503=CARTESIAN_POINT('',(-7.,-0.572354448294082,-5.75));
#5504=CARTESIAN_POINT('',(-7.5,-0.572354448294082,-6.25));
#5505=CARTESIAN_POINT('',(-7.,-0.572354448294082,-5.75));
#5506=CARTESIAN_POINT('',(-7.5,-15.4647189857733,-6.25));
#5507=CARTESIAN_POINT('',(-7.5,-4.02678890175176,-6.25));
#5508=CARTESIAN_POINT('',(-7.,-15.4647189857733,-5.75));
#5509=CARTESIAN_POINT('',(-7.5,-15.4647189857733,-6.25));
#5510=CARTESIAN_POINT('',(-7.,-4.02678890175176,-5.75));
#5511=CARTESIAN_POINT('Ctrl Pts',(-7.5,-15.4865494480009,-6.24999981315896));
#5512=CARTESIAN_POINT('Ctrl Pts',(-7.5,-15.4792650231449,-6.25000006244318));
#5513=CARTESIAN_POINT('Ctrl Pts',(-7.5,-15.4719920068506,-6.25));
#5514=CARTESIAN_POINT('Ctrl Pts',(-7.5,-15.4647189857733,-6.25));
#5515=CARTESIAN_POINT('Ctrl Pts',(-7.33331999635087,-15.4799462047805,-6.08333320877264));
#5516=CARTESIAN_POINT('Ctrl Pts',(-7.33332888631355,-15.474865519842,-6.08333337496212));
#5517=CARTESIAN_POINT('Ctrl Pts',(-7.33333333333333,-15.4697922544092,-6.08333333333333));
#5518=CARTESIAN_POINT('Ctrl Pts',(-7.33333333333333,-15.4647189857733,-6.08333333333333));
#5519=CARTESIAN_POINT('Ctrl Pts',(-7.16663999270174,-15.4733429615601,-5.91666660438632));
#5520=CARTESIAN_POINT('Ctrl Pts',(-7.16665777262711,-15.470466016539,-5.91666668748106));
#5521=CARTESIAN_POINT('Ctrl Pts',(-7.16666666666667,-15.4675925019677,-5.91666666666667));
#5522=CARTESIAN_POINT('Ctrl Pts',(-7.16666666666667,-15.4647189857733,-5.91666666666667));
#5523=CARTESIAN_POINT('Ctrl Pts',(-6.99995998905262,-15.4667397183396,-5.75));
#5524=CARTESIAN_POINT('Ctrl Pts',(-6.99998665894066,-15.466066513236,-5.75));
#5525=CARTESIAN_POINT('Ctrl Pts',(-7.,-15.4653927495262,-5.75));
#5526=CARTESIAN_POINT('Ctrl Pts',(-7.,-15.4647189857733,-5.75));
#5527=CARTESIAN_POINT('Ctrl Pts',(-7.5,-15.4647189857733,-6.25));
#5528=CARTESIAN_POINT('Ctrl Pts',(-7.5,-15.4719920068506,-6.25));
#5529=CARTESIAN_POINT('Ctrl Pts',(-7.5,-15.4792650231449,-6.25000006244318));
#5530=CARTESIAN_POINT('Ctrl Pts',(-7.5,-15.4865494480009,-6.24999981315896));
#5531=CARTESIAN_POINT('Ctrl Pts',(-6.99995998905262,-15.4667397183396,-5.75));
#5532=CARTESIAN_POINT('Ctrl Pts',(-6.99998665894066,-15.466066513236,-5.75));
#5533=CARTESIAN_POINT('Ctrl Pts',(-7.,-15.4653927495262,-5.75));
#5534=CARTESIAN_POINT('Ctrl Pts',(-7.,-15.4647189857733,-5.75));
#5535=CARTESIAN_POINT('Ctrl Pts',(-7.5,-0.572354448294084,-6.25));
#5536=CARTESIAN_POINT('Ctrl Pts',(-7.5,-0.565077624475997,-6.25));
#5537=CARTESIAN_POINT('Ctrl Pts',(-7.49985591635669,-0.557800800657911,
-6.25000006247615));
#5538=CARTESIAN_POINT('Ctrl Pts',(-7.49956740953,-0.550523976839825,-6.24999981286545));
#5539=CARTESIAN_POINT('Ctrl Pts',(-7.33333333333333,-0.572354448294084,
-6.08333333333334));
#5540=CARTESIAN_POINT('Ctrl Pts',(-7.33333333333333,-0.565077624475997,
-6.08333333333334));
#5541=CARTESIAN_POINT('Ctrl Pts',(-7.33323727757113,-0.557800800657911,
-6.0833333749841));
#5542=CARTESIAN_POINT('Ctrl Pts',(-7.33304493968667,-0.550523976839825,
-6.08333320857697));
#5543=CARTESIAN_POINT('Ctrl Pts',(-7.16666666666667,-0.572354448294083,
-5.91666666666667));
#5544=CARTESIAN_POINT('Ctrl Pts',(-7.16666666666667,-0.565077624475997,
-5.91666666666667));
#5545=CARTESIAN_POINT('Ctrl Pts',(-7.16661863878556,-0.557800800657911,
-5.91666668749205));
#5546=CARTESIAN_POINT('Ctrl Pts',(-7.16652246984333,-0.550523976839825,
-5.91666660428849));
#5547=CARTESIAN_POINT('Ctrl Pts',(-7.,-0.572354448294083,-5.75));
#5548=CARTESIAN_POINT('Ctrl Pts',(-7.,-0.565077624475997,-5.75));
#5549=CARTESIAN_POINT('Ctrl Pts',(-7.,-0.557800800657911,-5.75));
#5550=CARTESIAN_POINT('Ctrl Pts',(-7.,-0.550523976839825,-5.75));
#5551=CARTESIAN_POINT('Ctrl Pts',(-7.49956740953,-0.550523976839825,-6.24999981286545));
#5552=CARTESIAN_POINT('Ctrl Pts',(-7.49985591635669,-0.557800800657911,
-6.25000006247615));
#5553=CARTESIAN_POINT('Ctrl Pts',(-7.5,-0.565077624475997,-6.25));
#5554=CARTESIAN_POINT('Ctrl Pts',(-7.5,-0.572354448294084,-6.25));
#5555=CARTESIAN_POINT('Ctrl Pts',(-7.,-0.572354448294083,-5.75));
#5556=CARTESIAN_POINT('Ctrl Pts',(-7.,-0.565077624475997,-5.75));
#5557=CARTESIAN_POINT('Ctrl Pts',(-7.,-0.557800800657911,-5.75));
#5558=CARTESIAN_POINT('Ctrl Pts',(-7.,-0.550523976839825,-5.75));
#5559=CARTESIAN_POINT('Origin',(0.,-16.0152429626131,-5.75));
#5560=CARTESIAN_POINT('',(-6.95,-16.0460195202314,-6.45489906007631));
#5561=CARTESIAN_POINT('Origin',(-6.95,-15.4965429983614,-6.47888972312724));
#5562=CARTESIAN_POINT('',(-7.5,-15.4965429983614,-6.47888972312724));
#5563=CARTESIAN_POINT('Origin',(-7.5,-8.05357780350351,-7.5100993951713));
#5564=CARTESIAN_POINT('',(-7.5,-0.656680818988624,-8.18139142393788));
#5565=CARTESIAN_POINT('Origin',(0.,0.,-5.75));
#5566=CARTESIAN_POINT('Origin',(-6.95,-0.656680818988624,-8.18139142393788));
#5567=CARTESIAN_POINT('Origin',(0.,-16.1313643669949,-8.40961742111385));
#5568=UNCERTAINTY_MEASURE_WITH_UNIT(LENGTH_MEASURE(0.01),#5572,
'DISTANCE_ACCURACY_VALUE',
'Maximum model space distance between geometric entities at asserted c
onnectivities');
#5569=UNCERTAINTY_MEASURE_WITH_UNIT(LENGTH_MEASURE(0.01),#5572,
'DISTANCE_ACCURACY_VALUE',
'Maximum model space distance between geometric entities at asserted c
onnectivities');
#5570=(
GEOMETRIC_REPRESENTATION_CONTEXT(3)
GLOBAL_UNCERTAINTY_ASSIGNED_CONTEXT((#5568))
GLOBAL_UNIT_ASSIGNED_CONTEXT((#5572,#5574,#5575))
REPRESENTATION_CONTEXT('','3D')
);
#5571=(
GEOMETRIC_REPRESENTATION_CONTEXT(3)
GLOBAL_UNCERTAINTY_ASSIGNED_CONTEXT((#5569))
GLOBAL_UNIT_ASSIGNED_CONTEXT((#5572,#5574,#5575))
REPRESENTATION_CONTEXT('','3D')
);
#5572=(
LENGTH_UNIT()
NAMED_UNIT(*)
SI_UNIT(.MILLI.,.METRE.)
);
#5573=(
LENGTH_UNIT()
NAMED_UNIT(*)
SI_UNIT($,.METRE.)
);
#5574=(
NAMED_UNIT(*)
PLANE_ANGLE_UNIT()
SI_UNIT($,.RADIAN.)
);
#5575=(
NAMED_UNIT(*)
SI_UNIT($,.STERADIAN.)
SOLID_ANGLE_UNIT()
);
#5576=SHAPE_DEFINITION_REPRESENTATION(#5577,#5578);
#5577=PRODUCT_DEFINITION_SHAPE('',$,#5580);
#5578=SHAPE_REPRESENTATION('',(#2940),#5570);
#5579=PRODUCT_DEFINITION_CONTEXT('part definition',#5584,'design');
#5580=PRODUCT_DEFINITION('2026-09-01-21-58-30-181',
'Tensioner Belt Clamp (2MGTx15mm)',#5581,#5579);
#5581=PRODUCT_DEFINITION_FORMATION('',$,#5586);
#5582=PRODUCT_RELATED_PRODUCT_CATEGORY(
'Tensioner Belt Clamp (2MGTx15mm)','Tensioner Belt Clamp (2MGTx15mm)',(#5586));
#5583=APPLICATION_PROTOCOL_DEFINITION('international standard',
'automotive_design',2009,#5584);
#5584=APPLICATION_CONTEXT(
'Core Data for Automotive Mechanical Design Process');
#5585=PRODUCT_CONTEXT('part definition',#5584,'mechanical');
#5586=PRODUCT('2026-09-01-21-58-30-181',
'Tensioner Belt Clamp (2MGTx15mm)',$,(#5585));
#5587=PRESENTATION_STYLE_ASSIGNMENT((#5588));
#5588=SURFACE_STYLE_USAGE(.BOTH.,#5589);
#5589=SURFACE_SIDE_STYLE('',(#5590));
#5590=SURFACE_STYLE_FILL_AREA(#5591);
#5591=FILL_AREA_STYLE('PETG Black',(#5592));
#5592=FILL_AREA_STYLE_COLOUR('PETG Black',#5593);
#5593=COLOUR_RGB('PETG Black',0.247058823529412,0.247058823529412,0.247058823529412);
ENDSEC;
END-ISO-10303-21;
