ISO-10303-21;
HEADER;
/* Generated by software containing ST-Developer
 * from STEP Tools, Inc. (www.steptools.com) 
 */

FILE_DESCRIPTION(
/* description */ (''),
/* implementation_level */ '2;1');

FILE_NAME(
/* name */ 'Tensioner Belt Clamp (3MGTx12mm).step',
/* time_stamp */ '2026-09-01T22:01:37+02:00',
/* author */ (''),
/* organization */ (''),
/* preprocessor_version */ 'ST-DEVELOPER v20.1',
/* originating_system */ 'Autodesk Translation Framework v15.8.0.0',
/* authorisation */ '');

FILE_SCHEMA (('AUTOMOTIVE_DESIGN { 1 0 10303 214 3 1 1 }'));
ENDSEC;

DATA;
#10=MECHANICAL_DESIGN_GEOMETRIC_PRESENTATION_REPRESENTATION('',(#13),#3593);
#11=SHAPE_REPRESENTATION_RELATIONSHIP('SRR','None',#3600,#12);
#12=ADVANCED_BREP_SHAPE_REPRESENTATION('',(#14),#3592);
#13=STYLED_ITEM('',(#3609),#14);
#14=MANIFOLD_SOLID_BREP('Body2',#1893);
#15=CYLINDRICAL_SURFACE('',#2056,0.55);
#16=CYLINDRICAL_SURFACE('',#2058,0.55);
#17=CYLINDRICAL_SURFACE('',#2059,0.850000000000029);
#18=CYLINDRICAL_SURFACE('',#2064,0.55);
#19=CYLINDRICAL_SURFACE('',#2067,0.55);
#20=CYLINDRICAL_SURFACE('',#2069,0.850000000000029);
#21=CYLINDRICAL_SURFACE('',#2070,1.52000000000001);
#22=CYLINDRICAL_SURFACE('',#2071,0.250000000001715);
#23=CYLINDRICAL_SURFACE('',#2073,0.250000000000292);
#24=CYLINDRICAL_SURFACE('',#2074,1.52000000000031);
#25=CYLINDRICAL_SURFACE('',#2075,0.850000000000029);
#26=CYLINDRICAL_SURFACE('',#2076,1.52000000000001);
#27=CYLINDRICAL_SURFACE('',#2077,0.250000000001715);
#28=CYLINDRICAL_SURFACE('',#2079,0.250000000000291);
#29=CYLINDRICAL_SURFACE('',#2080,1.52000000000031);
#30=CYLINDRICAL_SURFACE('',#2081,0.85000000000003);
#31=CYLINDRICAL_SURFACE('',#2082,1.52000000000001);
#32=CYLINDRICAL_SURFACE('',#2083,0.250000000001715);
#33=CYLINDRICAL_SURFACE('',#2085,0.250000000000292);
#34=CYLINDRICAL_SURFACE('',#2086,1.52000000000031);
#35=CYLINDRICAL_SURFACE('',#2087,0.85000000000003);
#36=CYLINDRICAL_SURFACE('',#2088,1.52000000000001);
#37=CYLINDRICAL_SURFACE('',#2089,0.250000000001715);
#38=CYLINDRICAL_SURFACE('',#2091,0.250000000000294);
#39=CYLINDRICAL_SURFACE('',#2092,1.52000000000031);
#40=CYLINDRICAL_SURFACE('',#2093,0.850000000000029);
#41=CYLINDRICAL_SURFACE('',#2094,1.52000000000001);
#42=CYLINDRICAL_SURFACE('',#2095,0.250000000001715);
#43=CYLINDRICAL_SURFACE('',#2097,0.250000000000294);
#44=CYLINDRICAL_SURFACE('',#2098,1.52000000000031);
#45=B_SPLINE_CURVE_WITH_KNOTS('',3,(#2821,#2822,#2823,#2824,#2825,#2826),
 .UNSPECIFIED.,.F.,.F.,(4,1,1,4),(0.404219503043853,0.424782436514741,0.445345369985628,
0.476189770191959),.UNSPECIFIED.);
#46=B_SPLINE_CURVE_WITH_KNOTS('',3,(#2829,#2830,#2831,#2832,#2833,#2834),
 .UNSPECIFIED.,.F.,.F.,(4,1,1,4),(-0.476189770191959,-0.445345369985628,
-0.424782436514741,-0.404219503043853),.UNSPECIFIED.);
#47=B_SPLINE_CURVE_WITH_KNOTS('',3,(#2868,#2869,#2870,#2871,#2872,#2873),
 .UNSPECIFIED.,.F.,.F.,(4,1,1,4),(-0.230700190545425,-0.210137257074538,
-0.199855790339094,-0.15872992339732),.UNSPECIFIED.);
#48=B_SPLINE_CURVE_WITH_KNOTS('',3,(#2874,#2875,#2876,#2877,#2878,#2879),
 .UNSPECIFIED.,.F.,.F.,(4,1,1,4),(0.15872992339732,0.199855790339094,0.210137257074538,
0.230700190545425),.UNSPECIFIED.);
#49=B_SPLINE_CURVE_WITH_KNOTS('',3,(#2896,#2897,#2898,#2899),
 .UNSPECIFIED.,.F.,.F.,(4,4),(-0.404219503052656,-0.389856970517916),
 .UNSPECIFIED.);
#50=B_SPLINE_CURVE_WITH_KNOTS('',3,(#2900,#2901,#2902,#2903),
 .UNSPECIFIED.,.F.,.F.,(4,4),(0.389856970517916,0.404219503052656),
 .UNSPECIFIED.);
#51=B_SPLINE_CURVE_WITH_KNOTS('',3,(#2935,#2936,#2937,#2938),
 .UNSPECIFIED.,.F.,.F.,(4,4),(-0.245062723071363,-0.230700190536622),
 .UNSPECIFIED.);
#52=B_SPLINE_CURVE_WITH_KNOTS('',3,(#2939,#2940,#2941,#2942),
 .UNSPECIFIED.,.F.,.F.,(4,4),(0.230700190536622,0.245062723071363),
 .UNSPECIFIED.);
#53=B_SPLINE_CURVE_WITH_KNOTS('',3,(#3125,#3126,#3127,#3128,#3129,#3130),
 .UNSPECIFIED.,.F.,.F.,(4,1,1,4),(0.404219503043853,0.424782436514741,0.435063903250184,
0.47618977019196),.UNSPECIFIED.);
#54=B_SPLINE_CURVE_WITH_KNOTS('',3,(#3133,#3134,#3135,#3136,#3137,#3138),
 .UNSPECIFIED.,.F.,.F.,(4,1,1,4),(-0.47618977019196,-0.435063903250184,
-0.424782436514741,-0.404219503043853),.UNSPECIFIED.);
#55=B_SPLINE_CURVE_WITH_KNOTS('',3,(#3172,#3173,#3174,#3175,#3176,#3177),
 .UNSPECIFIED.,.F.,.F.,(4,1,1,4),(-0.230700190545426,-0.210137257074538,
-0.189574323603651,-0.15872992339732),.UNSPECIFIED.);
#56=B_SPLINE_CURVE_WITH_KNOTS('',3,(#3178,#3179,#3180,#3181,#3182,#3183),
 .UNSPECIFIED.,.F.,.F.,(4,1,1,4),(0.15872992339732,0.189574323603651,0.210137257074538,
0.230700190545426),.UNSPECIFIED.);
#57=B_SPLINE_CURVE_WITH_KNOTS('',3,(#3200,#3201,#3202,#3203),
 .UNSPECIFIED.,.F.,.F.,(4,4),(-0.404219503052657,-0.389856970517916),
 .UNSPECIFIED.);
#58=B_SPLINE_CURVE_WITH_KNOTS('',3,(#3204,#3205,#3206,#3207),
 .UNSPECIFIED.,.F.,.F.,(4,4),(0.389856970517916,0.404219503052657),
 .UNSPECIFIED.);
#59=B_SPLINE_CURVE_WITH_KNOTS('',3,(#3238,#3239,#3240,#3241),
 .UNSPECIFIED.,.F.,.F.,(4,4),(-0.245062723071363,-0.230700190536622),
 .UNSPECIFIED.);
#60=B_SPLINE_CURVE_WITH_KNOTS('',3,(#3242,#3243,#3244,#3245),
 .UNSPECIFIED.,.F.,.F.,(4,4),(0.230700190536622,0.245062723071363),
 .UNSPECIFIED.);
#61=B_SPLINE_CURVE_WITH_KNOTS('',3,(#3252,#3253,#3254,#3255),
 .UNSPECIFIED.,.F.,.F.,(4,4),(-1.57079632679474,-1.53116306076125),
 .UNSPECIFIED.);
#62=B_SPLINE_CURVE_WITH_KNOTS('',3,(#3262,#3263,#3264,#3265,#3266),
 .UNSPECIFIED.,.F.,.F.,(4,1,4),(-1.53116306076132,-0.765581530380625,7.20951076615961E-14),
 .UNSPECIFIED.);
#63=B_SPLINE_CURVE_WITH_KNOTS('',3,(#3274,#3275,#3276,#3277,#3278),
 .UNSPECIFIED.,.F.,.F.,(4,1,4),(-7.22755189030977E-14,0.765581530380605,
1.53116306076128),.UNSPECIFIED.);
#64=B_SPLINE_CURVE_WITH_KNOTS('',3,(#3313,#3314,#3315,#3316,#3317),
 .UNSPECIFIED.,.F.,.F.,(4,1,4),(-1.53116306076128,-0.765581530380605,7.22755189030977E-14),
 .UNSPECIFIED.);
#65=B_SPLINE_CURVE_WITH_KNOTS('',3,(#3345,#3346,#3347,#3348,#3349),
 .UNSPECIFIED.,.F.,.F.,(4,1,4),(-7.20951076615961E-14,0.765581530380625,
1.53116306076132),.UNSPECIFIED.);
#66=B_SPLINE_CURVE_WITH_KNOTS('',3,(#3366,#3367,#3368,#3369),
 .UNSPECIFIED.,.F.,.F.,(4,4),(1.53116306076131,1.57079632679474),
 .UNSPECIFIED.);
#67=B_SPLINE_CURVE_WITH_KNOTS('',3,(#3370,#3371,#3372,#3373),
 .UNSPECIFIED.,.F.,.F.,(4,4),(-1.57079632679474,-1.53116306076131),
 .UNSPECIFIED.);
#68=B_SPLINE_CURVE_WITH_KNOTS('',3,(#3396,#3397,#3398,#3399),
 .UNSPECIFIED.,.F.,.F.,(4,4),(1.53116306076125,1.57079632679474),
 .UNSPECIFIED.);
#69=B_SPLINE_CURVE_WITH_KNOTS('',3,(#3424,#3425,#3426,#3427,#3428),
 .UNSPECIFIED.,.F.,.F.,(4,1,4),(-6.20948939992333E-15,0.785398163397445,
1.5707963267949),.UNSPECIFIED.);
#70=B_SPLINE_CURVE_WITH_KNOTS('',3,(#3431,#3432,#3433,#3434,#3435),
 .UNSPECIFIED.,.F.,.F.,(4,1,4),(-1.5707963267949,-0.785398163397445,6.20948939992333E-15),
 .UNSPECIFIED.);
#71=B_SPLINE_CURVE_WITH_KNOTS('',3,(#3465,#3466,#3467,#3468,#3469),
 .UNSPECIFIED.,.F.,.F.,(4,1,4),(-1.5707963267949,-0.785398163397448,8.40001073132197E-16),
 .UNSPECIFIED.);
#72=B_SPLINE_CURVE_WITH_KNOTS('',3,(#3470,#3471,#3472,#3473,#3474),
 .UNSPECIFIED.,.F.,.F.,(4,1,4),(-8.40001073132197E-16,0.785398163397448,
1.5707963267949),.UNSPECIFIED.);
#73=B_SPLINE_CURVE_WITH_KNOTS('',3,(#3491,#3492,#3493,#3494),
 .UNSPECIFIED.,.F.,.F.,(4,4),(4.05505239768398,4.05723544482941),
 .UNSPECIFIED.);
#74=B_SPLINE_CURVE_WITH_KNOTS('',3,(#3495,#3496,#3497,#3498),
 .UNSPECIFIED.,.F.,.F.,(4,4),(-4.05723544482941,-4.05505239768398),
 .UNSPECIFIED.);
#75=B_SPLINE_CURVE_WITH_KNOTS('',3,(#3515,#3516,#3517,#3518),
 .UNSPECIFIED.,.F.,.F.,(4,4),(-4.05723544482941,-4.05505239768398),
 .UNSPECIFIED.);
#76=B_SPLINE_CURVE_WITH_KNOTS('',3,(#3519,#3520,#3521,#3522),
 .UNSPECIFIED.,.F.,.F.,(4,4),(4.05505239768398,4.05723544482941),
 .UNSPECIFIED.);
#77=B_SPLINE_SURFACE_WITH_KNOTS('',3,3,((#2793,#2794,#2795,#2796,#2797,
#2798),(#2799,#2800,#2801,#2802,#2803,#2804),(#2805,#2806,#2807,#2808,#2809,
#2810),(#2811,#2812,#2813,#2814,#2815,#2816)),.UNSPECIFIED.,.F.,.F.,.F.,
(4,4),(4,1,1,4),(0.,1.),(0.404219503043853,0.424782436514741,0.445345369985628,
0.476189770191959),.UNSPECIFIED.);
#78=B_SPLINE_SURFACE_WITH_KNOTS('',3,3,((#2841,#2842,#2843,#2844,#2845,
#2846),(#2847,#2848,#2849,#2850,#2851,#2852),(#2853,#2854,#2855,#2856,#2857,
#2858),(#2859,#2860,#2861,#2862,#2863,#2864)),.UNSPECIFIED.,.F.,.F.,.F.,
(4,4),(4,1,1,4),(0.,1.),(0.15872992339732,0.199855790339094,0.210137257074538,
0.230700190545425),.UNSPECIFIED.);
#79=B_SPLINE_SURFACE_WITH_KNOTS('',3,3,((#2880,#2881,#2882,#2883),(#2884,
#2885,#2886,#2887),(#2888,#2889,#2890,#2891),(#2892,#2893,#2894,#2895)),
 .UNSPECIFIED.,.F.,.F.,.F.,(4,4),(4,4),(0.,1.),(0.389856970517916,0.404219503052656),
 .UNSPECIFIED.);
#80=B_SPLINE_SURFACE_WITH_KNOTS('',3,3,((#2919,#2920,#2921,#2922),(#2923,
#2924,#2925,#2926),(#2927,#2928,#2929,#2930),(#2931,#2932,#2933,#2934)),
 .UNSPECIFIED.,.F.,.F.,.F.,(4,4),(4,4),(0.,1.),(0.230700190536622,0.245062723071363),
 .UNSPECIFIED.);
#81=B_SPLINE_SURFACE_WITH_KNOTS('',3,3,((#3097,#3098,#3099,#3100,#3101,
#3102),(#3103,#3104,#3105,#3106,#3107,#3108),(#3109,#3110,#3111,#3112,#3113,
#3114),(#3115,#3116,#3117,#3118,#3119,#3120)),.UNSPECIFIED.,.F.,.F.,.F.,
(4,4),(4,1,1,4),(0.,1.),(0.404219503043853,0.424782436514741,0.435063903250184,
0.47618977019196),.UNSPECIFIED.);
#82=B_SPLINE_SURFACE_WITH_KNOTS('',3,3,((#3145,#3146,#3147,#3148,#3149,
#3150),(#3151,#3152,#3153,#3154,#3155,#3156),(#3157,#3158,#3159,#3160,#3161,
#3162),(#3163,#3164,#3165,#3166,#3167,#3168)),.UNSPECIFIED.,.F.,.F.,.F.,
(4,4),(4,1,1,4),(0.,1.),(0.15872992339732,0.189574323603651,0.210137257074538,
0.230700190545426),.UNSPECIFIED.);
#83=B_SPLINE_SURFACE_WITH_KNOTS('',3,3,((#3184,#3185,#3186,#3187),(#3188,
#3189,#3190,#3191),(#3192,#3193,#3194,#3195),(#3196,#3197,#3198,#3199)),
 .UNSPECIFIED.,.F.,.F.,.F.,(4,4),(4,4),(0.,1.),(0.389856970517916,0.404219503052657),
 .UNSPECIFIED.);
#84=B_SPLINE_SURFACE_WITH_KNOTS('',3,3,((#3222,#3223,#3224,#3225),(#3226,
#3227,#3228,#3229),(#3230,#3231,#3232,#3233),(#3234,#3235,#3236,#3237)),
 .UNSPECIFIED.,.F.,.F.,.F.,(4,4),(4,4),(0.,1.),(0.230700190536622,0.245062723071363),
 .UNSPECIFIED.);
#85=B_SPLINE_SURFACE_WITH_KNOTS('',3,3,((#3290,#3291,#3292,#3293,#3294),
(#3295,#3296,#3297,#3298,#3299),(#3300,#3301,#3302,#3303,#3304),(#3305,
#3306,#3307,#3308,#3309)),.UNSPECIFIED.,.F.,.F.,.F.,(4,4),(4,1,4),(0.,1.),
(-1.53116306076128,-0.765581530380605,7.22755189030977E-14),
 .UNSPECIFIED.);
#86=B_SPLINE_SURFACE_WITH_KNOTS('',3,3,((#3323,#3324,#3325,#3326,#3327),
(#3328,#3329,#3330,#3331,#3332),(#3333,#3334,#3335,#3336,#3337),(#3338,
#3339,#3340,#3341,#3342)),.UNSPECIFIED.,.F.,.F.,.F.,(4,4),(4,1,4),(0.,1.),
(-7.20951076615961E-14,0.765581530380625,1.53116306076132),
 .UNSPECIFIED.);
#87=B_SPLINE_SURFACE_WITH_KNOTS('',3,3,((#3350,#3351,#3352,#3353),(#3354,
#3355,#3356,#3357),(#3358,#3359,#3360,#3361),(#3362,#3363,#3364,#3365)),
 .UNSPECIFIED.,.F.,.F.,.F.,(4,4),(4,4),(0.,1.),(-1.57079632679474,-1.53116306076131),
 .UNSPECIFIED.);
#88=B_SPLINE_SURFACE_WITH_KNOTS('',3,3,((#3380,#3381,#3382,#3383),(#3384,
#3385,#3386,#3387),(#3388,#3389,#3390,#3391),(#3392,#3393,#3394,#3395)),
 .UNSPECIFIED.,.F.,.F.,.F.,(4,4),(4,4),(0.,1.),(1.53116306076125,1.57079632679474),
 .UNSPECIFIED.);
#89=B_SPLINE_SURFACE_WITH_KNOTS('',3,3,((#3400,#3401,#3402,#3403,#3404),
(#3405,#3406,#3407,#3408,#3409),(#3410,#3411,#3412,#3413,#3414),(#3415,
#3416,#3417,#3418,#3419)),.UNSPECIFIED.,.F.,.F.,.F.,(4,4),(4,1,4),(0.,1.),
(-1.5707963267949,-0.785398163397445,6.20948939992333E-15),
 .UNSPECIFIED.);
#90=B_SPLINE_SURFACE_WITH_KNOTS('',3,3,((#3442,#3443,#3444,#3445,#3446),
(#3447,#3448,#3449,#3450,#3451),(#3452,#3453,#3454,#3455,#3456),(#3457,
#3458,#3459,#3460,#3461)),.UNSPECIFIED.,.F.,.F.,.F.,(4,4),(4,1,4),(0.,1.),
(-8.40001073132197E-16,0.785398163397448,1.5707963267949),.UNSPECIFIED.);
#91=B_SPLINE_SURFACE_WITH_KNOTS('',3,3,((#3475,#3476,#3477,#3478),(#3479,
#3480,#3481,#3482),(#3483,#3484,#3485,#3486),(#3487,#3488,#3489,#3490)),
 .UNSPECIFIED.,.F.,.F.,.F.,(4,4),(4,4),(0.,1.),(-4.05723544482941,-4.05505239768398),
 .UNSPECIFIED.);
#92=B_SPLINE_SURFACE_WITH_KNOTS('',3,3,((#3499,#3500,#3501,#3502),(#3503,
#3504,#3505,#3506),(#3507,#3508,#3509,#3510),(#3511,#3512,#3513,#3514)),
 .UNSPECIFIED.,.F.,.F.,.F.,(4,4),(4,4),(0.,1.),(4.05505239768398,4.05723544482941),
 .UNSPECIFIED.);
#93=CIRCLE('',#1909,1.77000000000001);
#94=CIRCLE('',#1910,1.52000000000001);
#95=CIRCLE('',#1912,1.10000000000003);
#96=CIRCLE('',#1913,0.850000000000029);
#97=CIRCLE('',#1915,1.77000000000031);
#98=CIRCLE('',#1916,1.52000000000031);
#99=CIRCLE('',#1918,0.250000000001715);
#100=CIRCLE('',#1921,0.250000000000294);
#101=CIRCLE('',#1923,1.77000000000001);
#102=CIRCLE('',#1924,1.52000000000001);
#103=CIRCLE('',#1926,1.10000000000003);
#104=CIRCLE('',#1927,0.85000000000003);
#105=CIRCLE('',#1929,1.77000000000031);
#106=CIRCLE('',#1930,1.52000000000031);
#107=CIRCLE('',#1932,0.250000000001715);
#108=CIRCLE('',#1935,0.250000000000292);
#109=CIRCLE('',#1937,1.77000000000001);
#110=CIRCLE('',#1938,1.52000000000001);
#111=CIRCLE('',#1940,1.10000000000003);
#112=CIRCLE('',#1941,0.85000000000003);
#113=CIRCLE('',#1943,1.77000000000031);
#114=CIRCLE('',#1944,1.52000000000031);
#115=CIRCLE('',#1946,0.250000000001715);
#116=CIRCLE('',#1949,0.250000000000291);
#117=CIRCLE('',#1951,1.77000000000001);
#118=CIRCLE('',#1952,1.52000000000001);
#119=CIRCLE('',#1954,1.10000000000003);
#120=CIRCLE('',#1955,0.850000000000029);
#121=CIRCLE('',#1957,1.77000000000031);
#122=CIRCLE('',#1958,1.52000000000031);
#123=CIRCLE('',#1960,0.250000000001715);
#124=CIRCLE('',#1963,0.250000000000292);
#125=CIRCLE('',#1965,1.77000000000001);
#126=CIRCLE('',#1966,1.52000000000001);
#127=CIRCLE('',#1968,1.10000000000003);
#128=CIRCLE('',#1969,0.850000000000029);
#129=CIRCLE('',#1971,0.250000000001715);
#130=CIRCLE('',#1974,1.10000000000003);
#131=CIRCLE('',#1975,0.850000000000029);
#132=CIRCLE('',#1977,1.77000000000001);
#133=CIRCLE('',#1978,1.52000000000001);
#134=CIRCLE('',#1981,0.250000000001715);
#135=CIRCLE('',#1983,1.77000000000031);
#136=CIRCLE('',#1984,1.52000000000031);
#137=CIRCLE('',#1986,1.10000000000003);
#138=CIRCLE('',#1987,0.850000000000029);
#139=CIRCLE('',#1989,1.77000000000001);
#140=CIRCLE('',#1990,1.52000000000001);
#141=CIRCLE('',#1992,0.250000000000292);
#142=CIRCLE('',#1995,0.250000000001715);
#143=CIRCLE('',#1997,1.77000000000031);
#144=CIRCLE('',#1998,1.52000000000031);
#145=CIRCLE('',#2000,1.10000000000003);
#146=CIRCLE('',#2001,0.85000000000003);
#147=CIRCLE('',#2003,1.77000000000001);
#148=CIRCLE('',#2004,1.52000000000001);
#149=CIRCLE('',#2006,0.250000000000291);
#150=CIRCLE('',#2009,0.250000000001715);
#151=CIRCLE('',#2011,1.77000000000031);
#152=CIRCLE('',#2012,1.52000000000031);
#153=CIRCLE('',#2014,1.10000000000003);
#154=CIRCLE('',#2015,0.85000000000003);
#155=CIRCLE('',#2017,1.77000000000001);
#156=CIRCLE('',#2018,1.52000000000001);
#157=CIRCLE('',#2020,0.250000000000292);
#158=CIRCLE('',#2023,0.250000000001715);
#159=CIRCLE('',#2025,1.77000000000031);
#160=CIRCLE('',#2026,1.52000000000031);
#161=CIRCLE('',#2028,1.10000000000003);
#162=CIRCLE('',#2029,0.850000000000029);
#163=CIRCLE('',#2031,1.77000000000001);
#164=CIRCLE('',#2032,1.52000000000001);
#165=CIRCLE('',#2034,0.250000000000294);
#166=CIRCLE('',#2037,0.250000000001715);
#167=CIRCLE('',#2039,1.77000000000031);
#168=CIRCLE('',#2040,1.52000000000031);
#169=CIRCLE('',#2042,1.10000000000003);
#170=CIRCLE('',#2043,0.850000000000029);
#171=CIRCLE('',#2045,0.250000000000294);
#172=CIRCLE('',#2048,1.10000000000003);
#173=CIRCLE('',#2049,0.850000000000029);
#174=CIRCLE('',#2051,1.77000000000031);
#175=CIRCLE('',#2052,1.52000000000031);
#176=CIRCLE('',#2054,0.250000000000294);
#177=CONICAL_SURFACE('',#1908,1.64500000000001,0.785398163397448);
#178=CONICAL_SURFACE('',#1911,0.975000000000029,0.785398163397448);
#179=CONICAL_SURFACE('',#1914,1.64500000000031,0.785398163397452);
#180=CONICAL_SURFACE('',#1917,0.250000000001715,0.785398163400878);
#181=CONICAL_SURFACE('',#1920,0.250000000000294,0.785398163398036);
#182=CONICAL_SURFACE('',#1922,1.64500000000001,0.785398163397448);
#183=CONICAL_SURFACE('',#1925,0.97500000000003,0.785398163397447);
#184=CONICAL_SURFACE('',#1928,1.64500000000031,0.785398163397451);
#185=CONICAL_SURFACE('',#1931,0.250000000001715,0.785398163400878);
#186=CONICAL_SURFACE('',#1934,0.250000000000292,0.785398163398031);
#187=CONICAL_SURFACE('',#1936,1.64500000000001,0.78539816339745);
#188=CONICAL_SURFACE('',#1939,0.97500000000003,0.785398163397447);
#189=CONICAL_SURFACE('',#1942,1.64500000000031,0.785398163397447);
#190=CONICAL_SURFACE('',#1945,0.250000000001715,0.785398163400878);
#191=CONICAL_SURFACE('',#1948,0.250000000000291,0.78539816339803);
#192=CONICAL_SURFACE('',#1950,1.64500000000001,0.785398163397448);
#193=CONICAL_SURFACE('',#1953,0.975000000000029,0.785398163397448);
#194=CONICAL_SURFACE('',#1956,1.64500000000031,0.785398163397448);
#195=CONICAL_SURFACE('',#1959,0.250000000001715,0.785398163400878);
#196=CONICAL_SURFACE('',#1962,0.250000000000292,0.785398163398031);
#197=CONICAL_SURFACE('',#1964,1.64500000000001,0.785398163397447);
#198=CONICAL_SURFACE('',#1967,0.975000000000029,0.785398163397448);
#199=CONICAL_SURFACE('',#1970,0.250000000001715,0.785398163400878);
#200=CONICAL_SURFACE('',#1973,0.975000000000029,0.785398163397448);
#201=CONICAL_SURFACE('',#1976,1.64500000000001,0.785398163397447);
#202=CONICAL_SURFACE('',#1980,0.250000000001715,0.785398163400878);
#203=CONICAL_SURFACE('',#1982,1.64500000000031,0.785398163397448);
#204=CONICAL_SURFACE('',#1985,0.975000000000029,0.785398163397448);
#205=CONICAL_SURFACE('',#1988,1.64500000000001,0.785398163397448);
#206=CONICAL_SURFACE('',#1991,0.250000000000292,0.785398163398031);
#207=CONICAL_SURFACE('',#1994,0.250000000001715,0.785398163400878);
#208=CONICAL_SURFACE('',#1996,1.64500000000031,0.785398163397447);
#209=CONICAL_SURFACE('',#1999,0.97500000000003,0.785398163397447);
#210=CONICAL_SURFACE('',#2002,1.64500000000001,0.78539816339745);
#211=CONICAL_SURFACE('',#2005,0.250000000000291,0.78539816339803);
#212=CONICAL_SURFACE('',#2008,0.250000000001715,0.785398163400878);
#213=CONICAL_SURFACE('',#2010,1.64500000000031,0.785398163397451);
#214=CONICAL_SURFACE('',#2013,0.97500000000003,0.785398163397447);
#215=CONICAL_SURFACE('',#2016,1.64500000000001,0.785398163397448);
#216=CONICAL_SURFACE('',#2019,0.250000000000292,0.785398163398031);
#217=CONICAL_SURFACE('',#2022,0.250000000001715,0.785398163400878);
#218=CONICAL_SURFACE('',#2024,1.64500000000031,0.785398163397452);
#219=CONICAL_SURFACE('',#2027,0.975000000000029,0.785398163397448);
#220=CONICAL_SURFACE('',#2030,1.64500000000001,0.785398163397448);
#221=CONICAL_SURFACE('',#2033,0.250000000000294,0.785398163398036);
#222=CONICAL_SURFACE('',#2036,0.250000000001715,0.785398163400878);
#223=CONICAL_SURFACE('',#2038,1.64500000000031,0.785398163397449);
#224=CONICAL_SURFACE('',#2041,0.975000000000029,0.785398163397448);
#225=CONICAL_SURFACE('',#2044,0.250000000000294,0.785398163398036);
#226=CONICAL_SURFACE('',#2047,0.975000000000029,0.785398163397448);
#227=CONICAL_SURFACE('',#2050,1.64500000000031,0.785398163397449);
#228=CONICAL_SURFACE('',#2053,0.250000000000294,0.785398163398036);
#229=FACE_OUTER_BOUND('',#353,.T.);
#230=FACE_OUTER_BOUND('',#354,.T.);
#231=FACE_OUTER_BOUND('',#355,.T.);
#232=FACE_OUTER_BOUND('',#356,.T.);
#233=FACE_OUTER_BOUND('',#357,.T.);
#234=FACE_OUTER_BOUND('',#358,.T.);
#235=FACE_OUTER_BOUND('',#359,.T.);
#236=FACE_OUTER_BOUND('',#360,.T.);
#237=FACE_OUTER_BOUND('',#361,.T.);
#238=FACE_OUTER_BOUND('',#362,.T.);
#239=FACE_OUTER_BOUND('',#363,.T.);
#240=FACE_OUTER_BOUND('',#364,.T.);
#241=FACE_OUTER_BOUND('',#365,.T.);
#242=FACE_OUTER_BOUND('',#366,.T.);
#243=FACE_OUTER_BOUND('',#367,.T.);
#244=FACE_OUTER_BOUND('',#368,.T.);
#245=FACE_OUTER_BOUND('',#369,.T.);
#246=FACE_OUTER_BOUND('',#370,.T.);
#247=FACE_OUTER_BOUND('',#371,.T.);
#248=FACE_OUTER_BOUND('',#372,.T.);
#249=FACE_OUTER_BOUND('',#373,.T.);
#250=FACE_OUTER_BOUND('',#374,.T.);
#251=FACE_OUTER_BOUND('',#375,.T.);
#252=FACE_OUTER_BOUND('',#376,.T.);
#253=FACE_OUTER_BOUND('',#377,.T.);
#254=FACE_OUTER_BOUND('',#378,.T.);
#255=FACE_OUTER_BOUND('',#379,.T.);
#256=FACE_OUTER_BOUND('',#380,.T.);
#257=FACE_OUTER_BOUND('',#381,.T.);
#258=FACE_OUTER_BOUND('',#382,.T.);
#259=FACE_OUTER_BOUND('',#383,.T.);
#260=FACE_OUTER_BOUND('',#384,.T.);
#261=FACE_OUTER_BOUND('',#385,.T.);
#262=FACE_OUTER_BOUND('',#386,.T.);
#263=FACE_OUTER_BOUND('',#387,.T.);
#264=FACE_OUTER_BOUND('',#388,.T.);
#265=FACE_OUTER_BOUND('',#389,.T.);
#266=FACE_OUTER_BOUND('',#390,.T.);
#267=FACE_OUTER_BOUND('',#391,.T.);
#268=FACE_OUTER_BOUND('',#392,.T.);
#269=FACE_OUTER_BOUND('',#393,.T.);
#270=FACE_OUTER_BOUND('',#394,.T.);
#271=FACE_OUTER_BOUND('',#395,.T.);
#272=FACE_OUTER_BOUND('',#396,.T.);
#273=FACE_OUTER_BOUND('',#397,.T.);
#274=FACE_OUTER_BOUND('',#398,.T.);
#275=FACE_OUTER_BOUND('',#399,.T.);
#276=FACE_OUTER_BOUND('',#400,.T.);
#277=FACE_OUTER_BOUND('',#401,.T.);
#278=FACE_OUTER_BOUND('',#402,.T.);
#279=FACE_OUTER_BOUND('',#403,.T.);
#280=FACE_OUTER_BOUND('',#404,.T.);
#281=FACE_OUTER_BOUND('',#405,.T.);
#282=FACE_OUTER_BOUND('',#406,.T.);
#283=FACE_OUTER_BOUND('',#407,.T.);
#284=FACE_OUTER_BOUND('',#408,.T.);
#285=FACE_OUTER_BOUND('',#409,.T.);
#286=FACE_OUTER_BOUND('',#410,.T.);
#287=FACE_OUTER_BOUND('',#411,.T.);
#288=FACE_OUTER_BOUND('',#412,.T.);
#289=FACE_OUTER_BOUND('',#413,.T.);
#290=FACE_OUTER_BOUND('',#414,.T.);
#291=FACE_OUTER_BOUND('',#415,.T.);
#292=FACE_OUTER_BOUND('',#416,.T.);
#293=FACE_OUTER_BOUND('',#417,.T.);
#294=FACE_OUTER_BOUND('',#418,.T.);
#295=FACE_OUTER_BOUND('',#419,.T.);
#296=FACE_OUTER_BOUND('',#420,.T.);
#297=FACE_OUTER_BOUND('',#421,.T.);
#298=FACE_OUTER_BOUND('',#422,.T.);
#299=FACE_OUTER_BOUND('',#423,.T.);
#300=FACE_OUTER_BOUND('',#424,.T.);
#301=FACE_OUTER_BOUND('',#425,.T.);
#302=FACE_OUTER_BOUND('',#426,.T.);
#303=FACE_OUTER_BOUND('',#427,.T.);
#304=FACE_OUTER_BOUND('',#428,.T.);
#305=FACE_OUTER_BOUND('',#429,.T.);
#306=FACE_OUTER_BOUND('',#430,.T.);
#307=FACE_OUTER_BOUND('',#431,.T.);
#308=FACE_OUTER_BOUND('',#432,.T.);
#309=FACE_OUTER_BOUND('',#433,.T.);
#310=FACE_OUTER_BOUND('',#434,.T.);
#311=FACE_OUTER_BOUND('',#435,.T.);
#312=FACE_OUTER_BOUND('',#436,.T.);
#313=FACE_OUTER_BOUND('',#437,.T.);
#314=FACE_OUTER_BOUND('',#438,.T.);
#315=FACE_OUTER_BOUND('',#439,.T.);
#316=FACE_OUTER_BOUND('',#440,.T.);
#317=FACE_OUTER_BOUND('',#441,.T.);
#318=FACE_OUTER_BOUND('',#442,.T.);
#319=FACE_OUTER_BOUND('',#443,.T.);
#320=FACE_OUTER_BOUND('',#444,.T.);
#321=FACE_OUTER_BOUND('',#445,.T.);
#322=FACE_OUTER_BOUND('',#446,.T.);
#323=FACE_OUTER_BOUND('',#447,.T.);
#324=FACE_OUTER_BOUND('',#448,.T.);
#325=FACE_OUTER_BOUND('',#449,.T.);
#326=FACE_OUTER_BOUND('',#450,.T.);
#327=FACE_OUTER_BOUND('',#451,.T.);
#328=FACE_OUTER_BOUND('',#452,.T.);
#329=FACE_OUTER_BOUND('',#453,.T.);
#330=FACE_OUTER_BOUND('',#454,.T.);
#331=FACE_OUTER_BOUND('',#455,.T.);
#332=FACE_OUTER_BOUND('',#456,.T.);
#333=FACE_OUTER_BOUND('',#457,.T.);
#334=FACE_OUTER_BOUND('',#458,.T.);
#335=FACE_OUTER_BOUND('',#459,.T.);
#336=FACE_OUTER_BOUND('',#460,.T.);
#337=FACE_OUTER_BOUND('',#461,.T.);
#338=FACE_OUTER_BOUND('',#462,.T.);
#339=FACE_OUTER_BOUND('',#463,.T.);
#340=FACE_OUTER_BOUND('',#464,.T.);
#341=FACE_OUTER_BOUND('',#465,.T.);
#342=FACE_OUTER_BOUND('',#466,.T.);
#343=FACE_OUTER_BOUND('',#467,.T.);
#344=FACE_OUTER_BOUND('',#468,.T.);
#345=FACE_OUTER_BOUND('',#469,.T.);
#346=FACE_OUTER_BOUND('',#470,.T.);
#347=FACE_OUTER_BOUND('',#471,.T.);
#348=FACE_OUTER_BOUND('',#472,.T.);
#349=FACE_OUTER_BOUND('',#473,.T.);
#350=FACE_OUTER_BOUND('',#474,.T.);
#351=FACE_OUTER_BOUND('',#475,.T.);
#352=FACE_OUTER_BOUND('',#476,.T.);
#353=EDGE_LOOP('',(#1203,#1204,#1205,#1206));
#354=EDGE_LOOP('',(#1207,#1208,#1209,#1210));
#355=EDGE_LOOP('',(#1211,#1212,#1213,#1214));
#356=EDGE_LOOP('',(#1215,#1216,#1217,#1218));
#357=EDGE_LOOP('',(#1219,#1220,#1221));
#358=EDGE_LOOP('',(#1222,#1223,#1224,#1225));
#359=EDGE_LOOP('',(#1226,#1227,#1228));
#360=EDGE_LOOP('',(#1229,#1230,#1231,#1232));
#361=EDGE_LOOP('',(#1233,#1234,#1235,#1236));
#362=EDGE_LOOP('',(#1237,#1238,#1239,#1240));
#363=EDGE_LOOP('',(#1241,#1242,#1243));
#364=EDGE_LOOP('',(#1244,#1245,#1246,#1247));
#365=EDGE_LOOP('',(#1248,#1249,#1250));
#366=EDGE_LOOP('',(#1251,#1252,#1253,#1254));
#367=EDGE_LOOP('',(#1255,#1256,#1257,#1258));
#368=EDGE_LOOP('',(#1259,#1260,#1261,#1262));
#369=EDGE_LOOP('',(#1263,#1264,#1265));
#370=EDGE_LOOP('',(#1266,#1267,#1268,#1269));
#371=EDGE_LOOP('',(#1270,#1271,#1272));
#372=EDGE_LOOP('',(#1273,#1274,#1275,#1276));
#373=EDGE_LOOP('',(#1277,#1278,#1279,#1280));
#374=EDGE_LOOP('',(#1281,#1282,#1283,#1284));
#375=EDGE_LOOP('',(#1285,#1286,#1287));
#376=EDGE_LOOP('',(#1288,#1289,#1290,#1291));
#377=EDGE_LOOP('',(#1292,#1293,#1294));
#378=EDGE_LOOP('',(#1295,#1296,#1297,#1298));
#379=EDGE_LOOP('',(#1299,#1300,#1301,#1302));
#380=EDGE_LOOP('',(#1303,#1304,#1305));
#381=EDGE_LOOP('',(#1306,#1307,#1308,#1309));
#382=EDGE_LOOP('',(#1310,#1311,#1312,#1313));
#383=EDGE_LOOP('',(#1314,#1315,#1316,#1317));
#384=EDGE_LOOP('',(#1318,#1319,#1320,#1321));
#385=EDGE_LOOP('',(#1322,#1323,#1324,#1325));
#386=EDGE_LOOP('',(#1326,#1327,#1328,#1329));
#387=EDGE_LOOP('',(#1330,#1331,#1332,#1333));
#388=EDGE_LOOP('',(#1334,#1335,#1336,#1337));
#389=EDGE_LOOP('',(#1338,#1339,#1340));
#390=EDGE_LOOP('',(#1341,#1342,#1343,#1344));
#391=EDGE_LOOP('',(#1345,#1346,#1347,#1348));
#392=EDGE_LOOP('',(#1349,#1350,#1351,#1352));
#393=EDGE_LOOP('',(#1353,#1354,#1355));
#394=EDGE_LOOP('',(#1356,#1357,#1358,#1359));
#395=EDGE_LOOP('',(#1360,#1361,#1362));
#396=EDGE_LOOP('',(#1363,#1364,#1365,#1366));
#397=EDGE_LOOP('',(#1367,#1368,#1369,#1370));
#398=EDGE_LOOP('',(#1371,#1372,#1373,#1374));
#399=EDGE_LOOP('',(#1375,#1376,#1377));
#400=EDGE_LOOP('',(#1378,#1379,#1380,#1381));
#401=EDGE_LOOP('',(#1382,#1383,#1384));
#402=EDGE_LOOP('',(#1385,#1386,#1387,#1388));
#403=EDGE_LOOP('',(#1389,#1390,#1391,#1392));
#404=EDGE_LOOP('',(#1393,#1394,#1395,#1396));
#405=EDGE_LOOP('',(#1397,#1398,#1399));
#406=EDGE_LOOP('',(#1400,#1401,#1402,#1403));
#407=EDGE_LOOP('',(#1404,#1405,#1406));
#408=EDGE_LOOP('',(#1407,#1408,#1409,#1410));
#409=EDGE_LOOP('',(#1411,#1412,#1413,#1414));
#410=EDGE_LOOP('',(#1415,#1416,#1417,#1418));
#411=EDGE_LOOP('',(#1419,#1420,#1421));
#412=EDGE_LOOP('',(#1422,#1423,#1424,#1425));
#413=EDGE_LOOP('',(#1426,#1427,#1428));
#414=EDGE_LOOP('',(#1429,#1430,#1431,#1432));
#415=EDGE_LOOP('',(#1433,#1434,#1435,#1436));
#416=EDGE_LOOP('',(#1437,#1438,#1439));
#417=EDGE_LOOP('',(#1440,#1441,#1442,#1443));
#418=EDGE_LOOP('',(#1444,#1445,#1446,#1447));
#419=EDGE_LOOP('',(#1448,#1449,#1450,#1451));
#420=EDGE_LOOP('',(#1452,#1453,#1454,#1455));
#421=EDGE_LOOP('',(#1456,#1457,#1458,#1459));
#422=EDGE_LOOP('',(#1460,#1461,#1462,#1463));
#423=EDGE_LOOP('',(#1464,#1465,#1466,#1467));
#424=EDGE_LOOP('',(#1468,#1469,#1470));
#425=EDGE_LOOP('',(#1471,#1472,#1473,#1474,#1475,#1476,#1477,#1478,#1479,
#1480,#1481,#1482,#1483,#1484,#1485,#1486,#1487,#1488,#1489,#1490,#1491,
#1492,#1493,#1494,#1495,#1496,#1497));
#426=EDGE_LOOP('',(#1498,#1499,#1500,#1501));
#427=EDGE_LOOP('',(#1502,#1503,#1504,#1505));
#428=EDGE_LOOP('',(#1506,#1507,#1508,#1509));
#429=EDGE_LOOP('',(#1510,#1511,#1512,#1513,#1514,#1515,#1516,#1517));
#430=EDGE_LOOP('',(#1518,#1519,#1520,#1521));
#431=EDGE_LOOP('',(#1522,#1523,#1524,#1525));
#432=EDGE_LOOP('',(#1526,#1527,#1528,#1529));
#433=EDGE_LOOP('',(#1530,#1531,#1532,#1533));
#434=EDGE_LOOP('',(#1534,#1535,#1536,#1537));
#435=EDGE_LOOP('',(#1538,#1539,#1540,#1541));
#436=EDGE_LOOP('',(#1542,#1543,#1544,#1545));
#437=EDGE_LOOP('',(#1546,#1547,#1548,#1549));
#438=EDGE_LOOP('',(#1550,#1551,#1552,#1553));
#439=EDGE_LOOP('',(#1554,#1555,#1556,#1557));
#440=EDGE_LOOP('',(#1558,#1559,#1560,#1561));
#441=EDGE_LOOP('',(#1562,#1563,#1564,#1565));
#442=EDGE_LOOP('',(#1566,#1567,#1568,#1569,#1570));
#443=EDGE_LOOP('',(#1571,#1572,#1573,#1574,#1575,#1576,#1577,#1578,#1579,
#1580,#1581,#1582));
#444=EDGE_LOOP('',(#1583,#1584,#1585,#1586));
#445=EDGE_LOOP('',(#1587,#1588,#1589,#1590,#1591));
#446=EDGE_LOOP('',(#1592,#1593,#1594,#1595,#1596,#1597,#1598,#1599,#1600,
#1601,#1602,#1603,#1604,#1605,#1606,#1607,#1608,#1609,#1610,#1611,#1612,
#1613,#1614,#1615,#1616,#1617,#1618));
#447=EDGE_LOOP('',(#1619,#1620,#1621,#1622,#1623,#1624,#1625,#1626));
#448=EDGE_LOOP('',(#1627,#1628,#1629,#1630));
#449=EDGE_LOOP('',(#1631,#1632,#1633,#1634));
#450=EDGE_LOOP('',(#1635,#1636,#1637,#1638));
#451=EDGE_LOOP('',(#1639,#1640,#1641,#1642));
#452=EDGE_LOOP('',(#1643,#1644,#1645,#1646));
#453=EDGE_LOOP('',(#1647,#1648,#1649,#1650));
#454=EDGE_LOOP('',(#1651,#1652,#1653,#1654));
#455=EDGE_LOOP('',(#1655,#1656,#1657,#1658));
#456=EDGE_LOOP('',(#1659,#1660,#1661,#1662));
#457=EDGE_LOOP('',(#1663,#1664,#1665,#1666));
#458=EDGE_LOOP('',(#1667,#1668,#1669,#1670));
#459=EDGE_LOOP('',(#1671,#1672,#1673,#1674));
#460=EDGE_LOOP('',(#1675,#1676,#1677,#1678));
#461=EDGE_LOOP('',(#1679,#1680,#1681,#1682));
#462=EDGE_LOOP('',(#1683,#1684,#1685,#1686));
#463=EDGE_LOOP('',(#1687,#1688,#1689,#1690));
#464=EDGE_LOOP('',(#1691,#1692,#1693,#1694));
#465=EDGE_LOOP('',(#1695,#1696,#1697,#1698));
#466=EDGE_LOOP('',(#1699,#1700,#1701,#1702));
#467=EDGE_LOOP('',(#1703,#1704,#1705,#1706));
#468=EDGE_LOOP('',(#1707,#1708,#1709,#1710));
#469=EDGE_LOOP('',(#1711,#1712,#1713,#1714));
#470=EDGE_LOOP('',(#1715,#1716,#1717,#1718));
#471=EDGE_LOOP('',(#1719,#1720,#1721,#1722));
#472=EDGE_LOOP('',(#1723,#1724,#1725,#1726));
#473=EDGE_LOOP('',(#1727,#1728,#1729,#1730));
#474=EDGE_LOOP('',(#1731,#1732,#1733,#1734));
#475=EDGE_LOOP('',(#1735,#1736,#1737,#1738));
#476=EDGE_LOOP('',(#1739,#1740,#1741,#1742));
#477=LINE('',#2643,#631);
#478=LINE('',#2645,#632);
#479=LINE('',#2647,#633);
#480=LINE('',#2648,#634);
#481=LINE('',#2652,#635);
#482=LINE('',#2655,#636);
#483=LINE('',#2660,#637);
#484=LINE('',#2666,#638);
#485=LINE('',#2674,#639);
#486=LINE('',#2675,#640);
#487=LINE('',#2677,#641);
#488=LINE('',#2678,#642);
#489=LINE('',#2684,#643);
#490=LINE('',#2687,#644);
#491=LINE('',#2692,#645);
#492=LINE('',#2698,#646);
#493=LINE('',#2706,#647);
#494=LINE('',#2707,#648);
#495=LINE('',#2709,#649);
#496=LINE('',#2710,#650);
#497=LINE('',#2716,#651);
#498=LINE('',#2719,#652);
#499=LINE('',#2724,#653);
#500=LINE('',#2730,#654);
#501=LINE('',#2738,#655);
#502=LINE('',#2739,#656);
#503=LINE('',#2741,#657);
#504=LINE('',#2742,#658);
#505=LINE('',#2748,#659);
#506=LINE('',#2751,#660);
#507=LINE('',#2756,#661);
#508=LINE('',#2762,#662);
#509=LINE('',#2770,#663);
#510=LINE('',#2771,#664);
#511=LINE('',#2773,#665);
#512=LINE('',#2774,#666);
#513=LINE('',#2780,#667);
#514=LINE('',#2783,#668);
#515=LINE('',#2788,#669);
#516=LINE('',#2819,#670);
#517=LINE('',#2828,#671);
#518=LINE('',#2837,#672);
#519=LINE('',#2839,#673);
#520=LINE('',#2840,#674);
#521=LINE('',#2867,#675);
#522=LINE('',#2907,#676);
#523=LINE('',#2911,#677);
#524=LINE('',#2916,#678);
#525=LINE('',#2946,#679);
#526=LINE('',#2947,#680);
#527=LINE('',#2949,#681);
#528=LINE('',#2950,#682);
#529=LINE('',#2956,#683);
#530=LINE('',#2959,#684);
#531=LINE('',#2964,#685);
#532=LINE('',#2970,#686);
#533=LINE('',#2978,#687);
#534=LINE('',#2979,#688);
#535=LINE('',#2981,#689);
#536=LINE('',#2982,#690);
#537=LINE('',#2988,#691);
#538=LINE('',#2991,#692);
#539=LINE('',#2996,#693);
#540=LINE('',#3002,#694);
#541=LINE('',#3010,#695);
#542=LINE('',#3011,#696);
#543=LINE('',#3013,#697);
#544=LINE('',#3014,#698);
#545=LINE('',#3020,#699);
#546=LINE('',#3023,#700);
#547=LINE('',#3028,#701);
#548=LINE('',#3034,#702);
#549=LINE('',#3042,#703);
#550=LINE('',#3043,#704);
#551=LINE('',#3045,#705);
#552=LINE('',#3046,#706);
#553=LINE('',#3052,#707);
#554=LINE('',#3055,#708);
#555=LINE('',#3060,#709);
#556=LINE('',#3066,#710);
#557=LINE('',#3074,#711);
#558=LINE('',#3075,#712);
#559=LINE('',#3077,#713);
#560=LINE('',#3078,#714);
#561=LINE('',#3084,#715);
#562=LINE('',#3087,#716);
#563=LINE('',#3092,#717);
#564=LINE('',#3123,#718);
#565=LINE('',#3132,#719);
#566=LINE('',#3142,#720);
#567=LINE('',#3143,#721);
#568=LINE('',#3144,#722);
#569=LINE('',#3171,#723);
#570=LINE('',#3211,#724);
#571=LINE('',#3215,#725);
#572=LINE('',#3219,#726);
#573=LINE('',#3250,#727);
#574=LINE('',#3257,#728);
#575=LINE('',#3258,#729);
#576=LINE('',#3261,#730);
#577=LINE('',#3269,#731);
#578=LINE('',#3270,#732);
#579=LINE('',#3273,#733);
#580=LINE('',#3280,#734);
#581=LINE('',#3284,#735);
#582=LINE('',#3286,#736);
#583=LINE('',#3288,#737);
#584=LINE('',#3289,#738);
#585=LINE('',#3311,#739);
#586=LINE('',#3318,#740);
#587=LINE('',#3321,#741);
#588=LINE('',#3322,#742);
#589=LINE('',#3344,#743);
#590=LINE('',#3376,#744);
#591=LINE('',#3378,#745);
#592=LINE('',#3379,#746);
#593=LINE('',#3422,#747);
#594=LINE('',#3430,#748);
#595=LINE('',#3439,#749);
#596=LINE('',#3440,#750);
#597=LINE('',#3441,#751);
#598=LINE('',#3464,#752);
#599=LINE('',#3524,#753);
#600=LINE('',#3527,#754);
#601=LINE('',#3529,#755);
#602=LINE('',#3532,#756);
#603=LINE('',#3534,#757);
#604=LINE('',#3536,#758);
#605=LINE('',#3538,#759);
#606=LINE('',#3540,#760);
#607=LINE('',#3542,#761);
#608=LINE('',#3544,#762);
#609=LINE('',#3546,#763);
#610=LINE('',#3548,#764);
#611=LINE('',#3550,#765);
#612=LINE('',#3552,#766);
#613=LINE('',#3554,#767);
#614=LINE('',#3556,#768);
#615=LINE('',#3558,#769);
#616=LINE('',#3560,#770);
#617=LINE('',#3562,#771);
#618=LINE('',#3564,#772);
#619=LINE('',#3566,#773);
#620=LINE('',#3568,#774);
#621=LINE('',#3570,#775);
#622=LINE('',#3572,#776);
#623=LINE('',#3574,#777);
#624=LINE('',#3576,#778);
#625=LINE('',#3578,#779);
#626=LINE('',#3580,#780);
#627=LINE('',#3582,#781);
#628=LINE('',#3584,#782);
#629=LINE('',#3586,#783);
#630=LINE('',#3588,#784);
#631=VECTOR('',#2103,10.);
#632=VECTOR('',#2104,10.);
#633=VECTOR('',#2105,10.);
#634=VECTOR('',#2106,10.);
#635=VECTOR('',#2109,10.);
#636=VECTOR('',#2112,10.);
#637=VECTOR('',#2117,10.);
#638=VECTOR('',#2124,10.);
#639=VECTOR('',#2135,10.);
#640=VECTOR('',#2136,10.);
#641=VECTOR('',#2137,10.);
#642=VECTOR('',#2138,10.);
#643=VECTOR('',#2145,10.);
#644=VECTOR('',#2148,10.);
#645=VECTOR('',#2153,10.);
#646=VECTOR('',#2160,10.);
#647=VECTOR('',#2171,10.);
#648=VECTOR('',#2172,10.);
#649=VECTOR('',#2173,10.);
#650=VECTOR('',#2174,10.);
#651=VECTOR('',#2181,10.);
#652=VECTOR('',#2184,10.);
#653=VECTOR('',#2189,10.);
#654=VECTOR('',#2196,10.);
#655=VECTOR('',#2207,10.);
#656=VECTOR('',#2208,10.);
#657=VECTOR('',#2209,10.);
#658=VECTOR('',#2210,10.);
#659=VECTOR('',#2217,10.);
#660=VECTOR('',#2220,10.);
#661=VECTOR('',#2225,10.);
#662=VECTOR('',#2232,10.);
#663=VECTOR('',#2243,10.);
#664=VECTOR('',#2244,10.);
#665=VECTOR('',#2245,10.);
#666=VECTOR('',#2246,10.);
#667=VECTOR('',#2253,10.);
#668=VECTOR('',#2256,10.);
#669=VECTOR('',#2261,10.);
#670=VECTOR('',#2270,10.);
#671=VECTOR('',#2271,10.);
#672=VECTOR('',#2274,10.);
#673=VECTOR('',#2275,10.);
#674=VECTOR('',#2276,10.);
#675=VECTOR('',#2277,10.);
#676=VECTOR('',#2280,10.);
#677=VECTOR('',#2283,10.);
#678=VECTOR('',#2288,10.);
#679=VECTOR('',#2295,10.);
#680=VECTOR('',#2296,10.);
#681=VECTOR('',#2297,10.);
#682=VECTOR('',#2298,10.);
#683=VECTOR('',#2305,10.);
#684=VECTOR('',#2308,10.);
#685=VECTOR('',#2313,10.);
#686=VECTOR('',#2320,10.);
#687=VECTOR('',#2331,10.);
#688=VECTOR('',#2332,10.);
#689=VECTOR('',#2333,10.);
#690=VECTOR('',#2334,10.);
#691=VECTOR('',#2341,10.);
#692=VECTOR('',#2344,10.);
#693=VECTOR('',#2349,10.);
#694=VECTOR('',#2356,10.);
#695=VECTOR('',#2367,10.);
#696=VECTOR('',#2368,10.);
#697=VECTOR('',#2369,10.);
#698=VECTOR('',#2370,10.);
#699=VECTOR('',#2377,10.);
#700=VECTOR('',#2380,10.);
#701=VECTOR('',#2385,10.);
#702=VECTOR('',#2392,10.);
#703=VECTOR('',#2403,10.);
#704=VECTOR('',#2404,10.);
#705=VECTOR('',#2405,10.);
#706=VECTOR('',#2406,10.);
#707=VECTOR('',#2413,10.);
#708=VECTOR('',#2416,10.);
#709=VECTOR('',#2421,10.);
#710=VECTOR('',#2428,10.);
#711=VECTOR('',#2439,10.);
#712=VECTOR('',#2440,10.);
#713=VECTOR('',#2441,10.);
#714=VECTOR('',#2442,10.);
#715=VECTOR('',#2449,10.);
#716=VECTOR('',#2452,10.);
#717=VECTOR('',#2457,10.);
#718=VECTOR('',#2466,10.);
#719=VECTOR('',#2467,10.);
#720=VECTOR('',#2470,10.);
#721=VECTOR('',#2471,10.);
#722=VECTOR('',#2472,10.);
#723=VECTOR('',#2473,10.);
#724=VECTOR('',#2476,10.);
#725=VECTOR('',#2479,10.);
#726=VECTOR('',#2484,10.);
#727=VECTOR('',#2495,10.);
#728=VECTOR('',#2496,10.);
#729=VECTOR('',#2497,10.);
#730=VECTOR('',#2500,10.);
#731=VECTOR('',#2503,10.);
#732=VECTOR('',#2504,10.);
#733=VECTOR('',#2507,10.);
#734=VECTOR('',#2510,10.);
#735=VECTOR('',#2513,10.);
#736=VECTOR('',#2514,10.);
#737=VECTOR('',#2515,10.);
#738=VECTOR('',#2516,10.);
#739=VECTOR('',#2517,10.);
#740=VECTOR('',#2518,10.);
#741=VECTOR('',#2521,10.);
#742=VECTOR('',#2522,10.);
#743=VECTOR('',#2523,10.);
#744=VECTOR('',#2526,10.);
#745=VECTOR('',#2527,10.);
#746=VECTOR('',#2528,10.);
#747=VECTOR('',#2529,10.);
#748=VECTOR('',#2530,10.);
#749=VECTOR('',#2533,10.);
#750=VECTOR('',#2534,10.);
#751=VECTOR('',#2535,10.);
#752=VECTOR('',#2536,10.);
#753=VECTOR('',#2539,10.);
#754=VECTOR('',#2544,10.);
#755=VECTOR('',#2547,10.);
#756=VECTOR('',#2552,10.);
#757=VECTOR('',#2555,10.);
#758=VECTOR('',#2558,10.);
#759=VECTOR('',#2561,10.);
#760=VECTOR('',#2564,10.);
#761=VECTOR('',#2567,10.);
#762=VECTOR('',#2570,10.);
#763=VECTOR('',#2573,10.);
#764=VECTOR('',#2576,10.);
#765=VECTOR('',#2579,10.);
#766=VECTOR('',#2582,10.);
#767=VECTOR('',#2585,10.);
#768=VECTOR('',#2588,10.);
#769=VECTOR('',#2591,10.);
#770=VECTOR('',#2594,10.);
#771=VECTOR('',#2597,10.);
#772=VECTOR('',#2600,10.);
#773=VECTOR('',#2603,10.);
#774=VECTOR('',#2606,10.);
#775=VECTOR('',#2609,10.);
#776=VECTOR('',#2612,10.);
#777=VECTOR('',#2615,10.);
#778=VECTOR('',#2618,10.);
#779=VECTOR('',#2621,10.);
#780=VECTOR('',#2624,10.);
#781=VECTOR('',#2627,10.);
#782=VECTOR('',#2630,10.);
#783=VECTOR('',#2633,10.);
#784=VECTOR('',#2636,10.);
#785=VERTEX_POINT('',#2641);
#786=VERTEX_POINT('',#2642);
#787=VERTEX_POINT('',#2644);
#788=VERTEX_POINT('',#2646);
#789=VERTEX_POINT('',#2650);
#790=VERTEX_POINT('',#2651);
#791=VERTEX_POINT('',#2654);
#792=VERTEX_POINT('',#2658);
#793=VERTEX_POINT('',#2659);
#794=VERTEX_POINT('',#2664);
#795=VERTEX_POINT('',#2665);
#796=VERTEX_POINT('',#2672);
#797=VERTEX_POINT('',#2673);
#798=VERTEX_POINT('',#2676);
#799=VERTEX_POINT('',#2682);
#800=VERTEX_POINT('',#2683);
#801=VERTEX_POINT('',#2686);
#802=VERTEX_POINT('',#2690);
#803=VERTEX_POINT('',#2691);
#804=VERTEX_POINT('',#2696);
#805=VERTEX_POINT('',#2697);
#806=VERTEX_POINT('',#2704);
#807=VERTEX_POINT('',#2705);
#808=VERTEX_POINT('',#2708);
#809=VERTEX_POINT('',#2714);
#810=VERTEX_POINT('',#2715);
#811=VERTEX_POINT('',#2718);
#812=VERTEX_POINT('',#2722);
#813=VERTEX_POINT('',#2723);
#814=VERTEX_POINT('',#2728);
#815=VERTEX_POINT('',#2729);
#816=VERTEX_POINT('',#2736);
#817=VERTEX_POINT('',#2737);
#818=VERTEX_POINT('',#2740);
#819=VERTEX_POINT('',#2746);
#820=VERTEX_POINT('',#2747);
#821=VERTEX_POINT('',#2750);
#822=VERTEX_POINT('',#2754);
#823=VERTEX_POINT('',#2755);
#824=VERTEX_POINT('',#2760);
#825=VERTEX_POINT('',#2761);
#826=VERTEX_POINT('',#2768);
#827=VERTEX_POINT('',#2769);
#828=VERTEX_POINT('',#2772);
#829=VERTEX_POINT('',#2778);
#830=VERTEX_POINT('',#2779);
#831=VERTEX_POINT('',#2782);
#832=VERTEX_POINT('',#2786);
#833=VERTEX_POINT('',#2787);
#834=VERTEX_POINT('',#2817);
#835=VERTEX_POINT('',#2818);
#836=VERTEX_POINT('',#2820);
#837=VERTEX_POINT('',#2827);
#838=VERTEX_POINT('',#2836);
#839=VERTEX_POINT('',#2838);
#840=VERTEX_POINT('',#2865);
#841=VERTEX_POINT('',#2866);
#842=VERTEX_POINT('',#2905);
#843=VERTEX_POINT('',#2906);
#844=VERTEX_POINT('',#2908);
#845=VERTEX_POINT('',#2910);
#846=VERTEX_POINT('',#2914);
#847=VERTEX_POINT('',#2915);
#848=VERTEX_POINT('',#2944);
#849=VERTEX_POINT('',#2945);
#850=VERTEX_POINT('',#2948);
#851=VERTEX_POINT('',#2954);
#852=VERTEX_POINT('',#2955);
#853=VERTEX_POINT('',#2958);
#854=VERTEX_POINT('',#2962);
#855=VERTEX_POINT('',#2963);
#856=VERTEX_POINT('',#2968);
#857=VERTEX_POINT('',#2969);
#858=VERTEX_POINT('',#2976);
#859=VERTEX_POINT('',#2977);
#860=VERTEX_POINT('',#2980);
#861=VERTEX_POINT('',#2986);
#862=VERTEX_POINT('',#2987);
#863=VERTEX_POINT('',#2990);
#864=VERTEX_POINT('',#2994);
#865=VERTEX_POINT('',#2995);
#866=VERTEX_POINT('',#3000);
#867=VERTEX_POINT('',#3001);
#868=VERTEX_POINT('',#3008);
#869=VERTEX_POINT('',#3009);
#870=VERTEX_POINT('',#3012);
#871=VERTEX_POINT('',#3018);
#872=VERTEX_POINT('',#3019);
#873=VERTEX_POINT('',#3022);
#874=VERTEX_POINT('',#3026);
#875=VERTEX_POINT('',#3027);
#876=VERTEX_POINT('',#3032);
#877=VERTEX_POINT('',#3033);
#878=VERTEX_POINT('',#3040);
#879=VERTEX_POINT('',#3041);
#880=VERTEX_POINT('',#3044);
#881=VERTEX_POINT('',#3050);
#882=VERTEX_POINT('',#3051);
#883=VERTEX_POINT('',#3054);
#884=VERTEX_POINT('',#3058);
#885=VERTEX_POINT('',#3059);
#886=VERTEX_POINT('',#3064);
#887=VERTEX_POINT('',#3065);
#888=VERTEX_POINT('',#3072);
#889=VERTEX_POINT('',#3073);
#890=VERTEX_POINT('',#3076);
#891=VERTEX_POINT('',#3082);
#892=VERTEX_POINT('',#3083);
#893=VERTEX_POINT('',#3086);
#894=VERTEX_POINT('',#3090);
#895=VERTEX_POINT('',#3091);
#896=VERTEX_POINT('',#3121);
#897=VERTEX_POINT('',#3122);
#898=VERTEX_POINT('',#3124);
#899=VERTEX_POINT('',#3131);
#900=VERTEX_POINT('',#3140);
#901=VERTEX_POINT('',#3141);
#902=VERTEX_POINT('',#3169);
#903=VERTEX_POINT('',#3170);
#904=VERTEX_POINT('',#3209);
#905=VERTEX_POINT('',#3210);
#906=VERTEX_POINT('',#3212);
#907=VERTEX_POINT('',#3214);
#908=VERTEX_POINT('',#3218);
#909=VERTEX_POINT('',#3249);
#910=VERTEX_POINT('',#3251);
#911=VERTEX_POINT('',#3256);
#912=VERTEX_POINT('',#3260);
#913=VERTEX_POINT('',#3268);
#914=VERTEX_POINT('',#3272);
#915=VERTEX_POINT('',#3282);
#916=VERTEX_POINT('',#3283);
#917=VERTEX_POINT('',#3285);
#918=VERTEX_POINT('',#3287);
#919=VERTEX_POINT('',#3310);
#920=VERTEX_POINT('',#3312);
#921=VERTEX_POINT('',#3320);
#922=VERTEX_POINT('',#3343);
#923=VERTEX_POINT('',#3375);
#924=VERTEX_POINT('',#3377);
#925=VERTEX_POINT('',#3420);
#926=VERTEX_POINT('',#3421);
#927=VERTEX_POINT('',#3423);
#928=VERTEX_POINT('',#3429);
#929=VERTEX_POINT('',#3437);
#930=VERTEX_POINT('',#3438);
#931=VERTEX_POINT('',#3462);
#932=VERTEX_POINT('',#3463);
#933=EDGE_CURVE('',#785,#786,#477,.T.);
#934=EDGE_CURVE('',#786,#787,#478,.T.);
#935=EDGE_CURVE('',#787,#788,#479,.T.);
#936=EDGE_CURVE('',#788,#785,#480,.T.);
#937=EDGE_CURVE('',#789,#790,#481,.T.);
#938=EDGE_CURVE('',#790,#786,#93,.T.);
#939=EDGE_CURVE('',#786,#791,#482,.T.);
#940=EDGE_CURVE('',#791,#789,#94,.T.);
#941=EDGE_CURVE('',#792,#793,#483,.T.);
#942=EDGE_CURVE('',#793,#790,#95,.T.);
#943=EDGE_CURVE('',#789,#792,#96,.T.);
#944=EDGE_CURVE('',#794,#795,#484,.T.);
#945=EDGE_CURVE('',#795,#793,#97,.T.);
#946=EDGE_CURVE('',#792,#794,#98,.T.);
#947=EDGE_CURVE('',#785,#791,#99,.T.);
#948=EDGE_CURVE('',#796,#797,#485,.T.);
#949=EDGE_CURVE('',#797,#795,#486,.T.);
#950=EDGE_CURVE('',#795,#798,#487,.T.);
#951=EDGE_CURVE('',#798,#796,#488,.T.);
#952=EDGE_CURVE('',#794,#798,#100,.T.);
#953=EDGE_CURVE('',#799,#800,#489,.T.);
#954=EDGE_CURVE('',#800,#797,#101,.T.);
#955=EDGE_CURVE('',#797,#801,#490,.T.);
#956=EDGE_CURVE('',#801,#799,#102,.T.);
#957=EDGE_CURVE('',#802,#803,#491,.T.);
#958=EDGE_CURVE('',#803,#800,#103,.T.);
#959=EDGE_CURVE('',#799,#802,#104,.T.);
#960=EDGE_CURVE('',#804,#805,#492,.T.);
#961=EDGE_CURVE('',#805,#803,#105,.T.);
#962=EDGE_CURVE('',#802,#804,#106,.T.);
#963=EDGE_CURVE('',#796,#801,#107,.T.);
#964=EDGE_CURVE('',#806,#807,#493,.T.);
#965=EDGE_CURVE('',#807,#805,#494,.T.);
#966=EDGE_CURVE('',#805,#808,#495,.T.);
#967=EDGE_CURVE('',#808,#806,#496,.T.);
#968=EDGE_CURVE('',#804,#808,#108,.T.);
#969=EDGE_CURVE('',#809,#810,#497,.T.);
#970=EDGE_CURVE('',#810,#807,#109,.T.);
#971=EDGE_CURVE('',#807,#811,#498,.T.);
#972=EDGE_CURVE('',#811,#809,#110,.T.);
#973=EDGE_CURVE('',#812,#813,#499,.T.);
#974=EDGE_CURVE('',#813,#810,#111,.T.);
#975=EDGE_CURVE('',#809,#812,#112,.T.);
#976=EDGE_CURVE('',#814,#815,#500,.T.);
#977=EDGE_CURVE('',#815,#813,#113,.T.);
#978=EDGE_CURVE('',#812,#814,#114,.T.);
#979=EDGE_CURVE('',#806,#811,#115,.T.);
#980=EDGE_CURVE('',#816,#817,#501,.T.);
#981=EDGE_CURVE('',#817,#815,#502,.T.);
#982=EDGE_CURVE('',#815,#818,#503,.T.);
#983=EDGE_CURVE('',#818,#816,#504,.T.);
#984=EDGE_CURVE('',#814,#818,#116,.T.);
#985=EDGE_CURVE('',#819,#820,#505,.T.);
#986=EDGE_CURVE('',#820,#817,#117,.T.);
#987=EDGE_CURVE('',#817,#821,#506,.T.);
#988=EDGE_CURVE('',#821,#819,#118,.T.);
#989=EDGE_CURVE('',#822,#823,#507,.T.);
#990=EDGE_CURVE('',#823,#820,#119,.T.);
#991=EDGE_CURVE('',#819,#822,#120,.T.);
#992=EDGE_CURVE('',#824,#825,#508,.T.);
#993=EDGE_CURVE('',#825,#823,#121,.T.);
#994=EDGE_CURVE('',#822,#824,#122,.T.);
#995=EDGE_CURVE('',#816,#821,#123,.T.);
#996=EDGE_CURVE('',#826,#827,#509,.T.);
#997=EDGE_CURVE('',#827,#825,#510,.T.);
#998=EDGE_CURVE('',#825,#828,#511,.T.);
#999=EDGE_CURVE('',#828,#826,#512,.T.);
#1000=EDGE_CURVE('',#824,#828,#124,.T.);
#1001=EDGE_CURVE('',#829,#830,#513,.T.);
#1002=EDGE_CURVE('',#830,#827,#125,.T.);
#1003=EDGE_CURVE('',#827,#831,#514,.T.);
#1004=EDGE_CURVE('',#831,#829,#126,.T.);
#1005=EDGE_CURVE('',#832,#833,#515,.T.);
#1006=EDGE_CURVE('',#833,#830,#127,.T.);
#1007=EDGE_CURVE('',#829,#832,#128,.T.);
#1008=EDGE_CURVE('',#826,#831,#129,.T.);
#1009=EDGE_CURVE('',#834,#835,#516,.T.);
#1010=EDGE_CURVE('',#835,#836,#45,.T.);
#1011=EDGE_CURVE('',#836,#837,#517,.T.);
#1012=EDGE_CURVE('',#837,#834,#46,.T.);
#1013=EDGE_CURVE('',#836,#838,#518,.T.);
#1014=EDGE_CURVE('',#838,#839,#519,.T.);
#1015=EDGE_CURVE('',#839,#837,#520,.T.);
#1016=EDGE_CURVE('',#840,#841,#521,.T.);
#1017=EDGE_CURVE('',#841,#839,#47,.T.);
#1018=EDGE_CURVE('',#838,#840,#48,.T.);
#1019=EDGE_CURVE('',#834,#833,#49,.T.);
#1020=EDGE_CURVE('',#832,#835,#50,.T.);
#1021=EDGE_CURVE('',#842,#843,#522,.T.);
#1022=EDGE_CURVE('',#843,#844,#130,.T.);
#1023=EDGE_CURVE('',#844,#845,#523,.T.);
#1024=EDGE_CURVE('',#845,#842,#131,.T.);
#1025=EDGE_CURVE('',#846,#847,#524,.T.);
#1026=EDGE_CURVE('',#847,#843,#132,.T.);
#1027=EDGE_CURVE('',#842,#846,#133,.T.);
#1028=EDGE_CURVE('',#844,#841,#51,.T.);
#1029=EDGE_CURVE('',#840,#845,#52,.T.);
#1030=EDGE_CURVE('',#848,#849,#525,.T.);
#1031=EDGE_CURVE('',#849,#847,#526,.T.);
#1032=EDGE_CURVE('',#847,#850,#527,.T.);
#1033=EDGE_CURVE('',#850,#848,#528,.T.);
#1034=EDGE_CURVE('',#846,#850,#134,.T.);
#1035=EDGE_CURVE('',#851,#852,#529,.T.);
#1036=EDGE_CURVE('',#852,#849,#135,.T.);
#1037=EDGE_CURVE('',#849,#853,#530,.T.);
#1038=EDGE_CURVE('',#853,#851,#136,.T.);
#1039=EDGE_CURVE('',#854,#855,#531,.T.);
#1040=EDGE_CURVE('',#855,#852,#137,.T.);
#1041=EDGE_CURVE('',#851,#854,#138,.T.);
#1042=EDGE_CURVE('',#856,#857,#532,.T.);
#1043=EDGE_CURVE('',#857,#855,#139,.T.);
#1044=EDGE_CURVE('',#854,#856,#140,.T.);
#1045=EDGE_CURVE('',#848,#853,#141,.T.);
#1046=EDGE_CURVE('',#858,#859,#533,.T.);
#1047=EDGE_CURVE('',#859,#857,#534,.T.);
#1048=EDGE_CURVE('',#857,#860,#535,.T.);
#1049=EDGE_CURVE('',#860,#858,#536,.T.);
#1050=EDGE_CURVE('',#856,#860,#142,.T.);
#1051=EDGE_CURVE('',#861,#862,#537,.T.);
#1052=EDGE_CURVE('',#862,#859,#143,.T.);
#1053=EDGE_CURVE('',#859,#863,#538,.T.);
#1054=EDGE_CURVE('',#863,#861,#144,.T.);
#1055=EDGE_CURVE('',#864,#865,#539,.T.);
#1056=EDGE_CURVE('',#865,#862,#145,.T.);
#1057=EDGE_CURVE('',#861,#864,#146,.T.);
#1058=EDGE_CURVE('',#866,#867,#540,.T.);
#1059=EDGE_CURVE('',#867,#865,#147,.T.);
#1060=EDGE_CURVE('',#864,#866,#148,.T.);
#1061=EDGE_CURVE('',#858,#863,#149,.T.);
#1062=EDGE_CURVE('',#868,#869,#541,.T.);
#1063=EDGE_CURVE('',#869,#867,#542,.T.);
#1064=EDGE_CURVE('',#867,#870,#543,.T.);
#1065=EDGE_CURVE('',#870,#868,#544,.T.);
#1066=EDGE_CURVE('',#866,#870,#150,.T.);
#1067=EDGE_CURVE('',#871,#872,#545,.T.);
#1068=EDGE_CURVE('',#872,#869,#151,.T.);
#1069=EDGE_CURVE('',#869,#873,#546,.T.);
#1070=EDGE_CURVE('',#873,#871,#152,.T.);
#1071=EDGE_CURVE('',#874,#875,#547,.T.);
#1072=EDGE_CURVE('',#875,#872,#153,.T.);
#1073=EDGE_CURVE('',#871,#874,#154,.T.);
#1074=EDGE_CURVE('',#876,#877,#548,.T.);
#1075=EDGE_CURVE('',#877,#875,#155,.T.);
#1076=EDGE_CURVE('',#874,#876,#156,.T.);
#1077=EDGE_CURVE('',#868,#873,#157,.T.);
#1078=EDGE_CURVE('',#878,#879,#549,.T.);
#1079=EDGE_CURVE('',#879,#877,#550,.T.);
#1080=EDGE_CURVE('',#877,#880,#551,.T.);
#1081=EDGE_CURVE('',#880,#878,#552,.T.);
#1082=EDGE_CURVE('',#876,#880,#158,.T.);
#1083=EDGE_CURVE('',#881,#882,#553,.T.);
#1084=EDGE_CURVE('',#882,#879,#159,.T.);
#1085=EDGE_CURVE('',#879,#883,#554,.T.);
#1086=EDGE_CURVE('',#883,#881,#160,.T.);
#1087=EDGE_CURVE('',#884,#885,#555,.T.);
#1088=EDGE_CURVE('',#885,#882,#161,.T.);
#1089=EDGE_CURVE('',#881,#884,#162,.T.);
#1090=EDGE_CURVE('',#886,#887,#556,.T.);
#1091=EDGE_CURVE('',#887,#885,#163,.T.);
#1092=EDGE_CURVE('',#884,#886,#164,.T.);
#1093=EDGE_CURVE('',#878,#883,#165,.T.);
#1094=EDGE_CURVE('',#888,#889,#557,.T.);
#1095=EDGE_CURVE('',#889,#887,#558,.T.);
#1096=EDGE_CURVE('',#887,#890,#559,.T.);
#1097=EDGE_CURVE('',#890,#888,#560,.T.);
#1098=EDGE_CURVE('',#886,#890,#166,.T.);
#1099=EDGE_CURVE('',#891,#892,#561,.T.);
#1100=EDGE_CURVE('',#892,#889,#167,.T.);
#1101=EDGE_CURVE('',#889,#893,#562,.T.);
#1102=EDGE_CURVE('',#893,#891,#168,.T.);
#1103=EDGE_CURVE('',#894,#895,#563,.T.);
#1104=EDGE_CURVE('',#895,#892,#169,.T.);
#1105=EDGE_CURVE('',#891,#894,#170,.T.);
#1106=EDGE_CURVE('',#888,#893,#171,.T.);
#1107=EDGE_CURVE('',#896,#897,#564,.T.);
#1108=EDGE_CURVE('',#897,#898,#53,.T.);
#1109=EDGE_CURVE('',#898,#899,#565,.T.);
#1110=EDGE_CURVE('',#899,#896,#54,.T.);
#1111=EDGE_CURVE('',#900,#901,#566,.T.);
#1112=EDGE_CURVE('',#901,#899,#567,.T.);
#1113=EDGE_CURVE('',#898,#900,#568,.T.);
#1114=EDGE_CURVE('',#902,#903,#569,.T.);
#1115=EDGE_CURVE('',#903,#901,#55,.T.);
#1116=EDGE_CURVE('',#900,#902,#56,.T.);
#1117=EDGE_CURVE('',#896,#895,#57,.T.);
#1118=EDGE_CURVE('',#894,#897,#58,.T.);
#1119=EDGE_CURVE('',#904,#905,#570,.T.);
#1120=EDGE_CURVE('',#905,#906,#172,.T.);
#1121=EDGE_CURVE('',#906,#907,#571,.T.);
#1122=EDGE_CURVE('',#907,#904,#173,.T.);
#1123=EDGE_CURVE('',#908,#787,#572,.T.);
#1124=EDGE_CURVE('',#787,#905,#174,.T.);
#1125=EDGE_CURVE('',#904,#908,#175,.T.);
#1126=EDGE_CURVE('',#906,#903,#59,.T.);
#1127=EDGE_CURVE('',#902,#907,#60,.T.);
#1128=EDGE_CURVE('',#908,#788,#176,.T.);
#1129=EDGE_CURVE('',#909,#896,#573,.T.);
#1130=EDGE_CURVE('',#910,#909,#61,.T.);
#1131=EDGE_CURVE('',#911,#910,#574,.T.);
#1132=EDGE_CURVE('',#841,#911,#575,.T.);
#1133=EDGE_CURVE('',#899,#912,#576,.T.);
#1134=EDGE_CURVE('',#909,#912,#62,.T.);
#1135=EDGE_CURVE('',#913,#901,#577,.T.);
#1136=EDGE_CURVE('',#912,#913,#578,.T.);
#1137=EDGE_CURVE('',#903,#914,#579,.T.);
#1138=EDGE_CURVE('',#913,#914,#63,.T.);
#1139=EDGE_CURVE('',#842,#829,#580,.T.);
#1140=EDGE_CURVE('',#915,#916,#581,.T.);
#1141=EDGE_CURVE('',#916,#917,#582,.T.);
#1142=EDGE_CURVE('',#917,#918,#583,.T.);
#1143=EDGE_CURVE('',#918,#915,#584,.T.);
#1144=EDGE_CURVE('',#914,#919,#585,.T.);
#1145=EDGE_CURVE('',#919,#920,#64,.T.);
#1146=EDGE_CURVE('',#920,#913,#586,.T.);
#1147=EDGE_CURVE('',#920,#921,#587,.T.);
#1148=EDGE_CURVE('',#921,#912,#588,.T.);
#1149=EDGE_CURVE('',#922,#909,#589,.T.);
#1150=EDGE_CURVE('',#921,#922,#65,.T.);
#1151=EDGE_CURVE('',#914,#918,#66,.T.);
#1152=EDGE_CURVE('',#917,#919,#67,.T.);
#1153=EDGE_CURVE('',#923,#911,#590,.T.);
#1154=EDGE_CURVE('',#910,#924,#591,.T.);
#1155=EDGE_CURVE('',#924,#923,#592,.T.);
#1156=EDGE_CURVE('',#922,#924,#68,.T.);
#1157=EDGE_CURVE('',#925,#926,#593,.T.);
#1158=EDGE_CURVE('',#926,#927,#69,.T.);
#1159=EDGE_CURVE('',#927,#928,#594,.T.);
#1160=EDGE_CURVE('',#928,#925,#70,.T.);
#1161=EDGE_CURVE('',#929,#930,#595,.T.);
#1162=EDGE_CURVE('',#930,#926,#596,.T.);
#1163=EDGE_CURVE('',#925,#929,#597,.T.);
#1164=EDGE_CURVE('',#931,#932,#598,.T.);
#1165=EDGE_CURVE('',#932,#930,#71,.T.);
#1166=EDGE_CURVE('',#929,#931,#72,.T.);
#1167=EDGE_CURVE('',#927,#911,#73,.T.);
#1168=EDGE_CURVE('',#923,#928,#74,.T.);
#1169=EDGE_CURVE('',#915,#932,#75,.T.);
#1170=EDGE_CURVE('',#931,#916,#76,.T.);
#1171=EDGE_CURVE('',#926,#839,#599,.T.);
#1172=EDGE_CURVE('',#837,#930,#600,.T.);
#1173=EDGE_CURVE('',#915,#834,#601,.T.);
#1174=EDGE_CURVE('',#904,#891,#602,.T.);
#1175=EDGE_CURVE('',#846,#831,#603,.T.);
#1176=EDGE_CURVE('',#850,#826,#604,.T.);
#1177=EDGE_CURVE('',#848,#828,#605,.T.);
#1178=EDGE_CURVE('',#853,#824,#606,.T.);
#1179=EDGE_CURVE('',#851,#822,#607,.T.);
#1180=EDGE_CURVE('',#854,#819,#608,.T.);
#1181=EDGE_CURVE('',#856,#821,#609,.T.);
#1182=EDGE_CURVE('',#860,#816,#610,.T.);
#1183=EDGE_CURVE('',#858,#818,#611,.T.);
#1184=EDGE_CURVE('',#863,#814,#612,.T.);
#1185=EDGE_CURVE('',#861,#812,#613,.T.);
#1186=EDGE_CURVE('',#864,#809,#614,.T.);
#1187=EDGE_CURVE('',#866,#811,#615,.T.);
#1188=EDGE_CURVE('',#870,#806,#616,.T.);
#1189=EDGE_CURVE('',#868,#808,#617,.T.);
#1190=EDGE_CURVE('',#873,#804,#618,.T.);
#1191=EDGE_CURVE('',#871,#802,#619,.T.);
#1192=EDGE_CURVE('',#874,#799,#620,.T.);
#1193=EDGE_CURVE('',#876,#801,#621,.T.);
#1194=EDGE_CURVE('',#880,#796,#622,.T.);
#1195=EDGE_CURVE('',#878,#798,#623,.T.);
#1196=EDGE_CURVE('',#883,#794,#624,.T.);
#1197=EDGE_CURVE('',#881,#792,#625,.T.);
#1198=EDGE_CURVE('',#884,#789,#626,.T.);
#1199=EDGE_CURVE('',#886,#791,#627,.T.);
#1200=EDGE_CURVE('',#890,#785,#628,.T.);
#1201=EDGE_CURVE('',#888,#788,#629,.T.);
#1202=EDGE_CURVE('',#893,#908,#630,.T.);
#1203=ORIENTED_EDGE('',*,*,#933,.T.);
#1204=ORIENTED_EDGE('',*,*,#934,.T.);
#1205=ORIENTED_EDGE('',*,*,#935,.T.);
#1206=ORIENTED_EDGE('',*,*,#936,.T.);
#1207=ORIENTED_EDGE('',*,*,#937,.T.);
#1208=ORIENTED_EDGE('',*,*,#938,.T.);
#1209=ORIENTED_EDGE('',*,*,#939,.T.);
#1210=ORIENTED_EDGE('',*,*,#940,.T.);
#1211=ORIENTED_EDGE('',*,*,#941,.T.);
#1212=ORIENTED_EDGE('',*,*,#942,.T.);
#1213=ORIENTED_EDGE('',*,*,#937,.F.);
#1214=ORIENTED_EDGE('',*,*,#943,.T.);
#1215=ORIENTED_EDGE('',*,*,#944,.T.);
#1216=ORIENTED_EDGE('',*,*,#945,.T.);
#1217=ORIENTED_EDGE('',*,*,#941,.F.);
#1218=ORIENTED_EDGE('',*,*,#946,.T.);
#1219=ORIENTED_EDGE('',*,*,#939,.F.);
#1220=ORIENTED_EDGE('',*,*,#933,.F.);
#1221=ORIENTED_EDGE('',*,*,#947,.T.);
#1222=ORIENTED_EDGE('',*,*,#948,.T.);
#1223=ORIENTED_EDGE('',*,*,#949,.T.);
#1224=ORIENTED_EDGE('',*,*,#950,.T.);
#1225=ORIENTED_EDGE('',*,*,#951,.T.);
#1226=ORIENTED_EDGE('',*,*,#950,.F.);
#1227=ORIENTED_EDGE('',*,*,#944,.F.);
#1228=ORIENTED_EDGE('',*,*,#952,.T.);
#1229=ORIENTED_EDGE('',*,*,#953,.T.);
#1230=ORIENTED_EDGE('',*,*,#954,.T.);
#1231=ORIENTED_EDGE('',*,*,#955,.T.);
#1232=ORIENTED_EDGE('',*,*,#956,.T.);
#1233=ORIENTED_EDGE('',*,*,#957,.T.);
#1234=ORIENTED_EDGE('',*,*,#958,.T.);
#1235=ORIENTED_EDGE('',*,*,#953,.F.);
#1236=ORIENTED_EDGE('',*,*,#959,.T.);
#1237=ORIENTED_EDGE('',*,*,#960,.T.);
#1238=ORIENTED_EDGE('',*,*,#961,.T.);
#1239=ORIENTED_EDGE('',*,*,#957,.F.);
#1240=ORIENTED_EDGE('',*,*,#962,.T.);
#1241=ORIENTED_EDGE('',*,*,#955,.F.);
#1242=ORIENTED_EDGE('',*,*,#948,.F.);
#1243=ORIENTED_EDGE('',*,*,#963,.T.);
#1244=ORIENTED_EDGE('',*,*,#964,.T.);
#1245=ORIENTED_EDGE('',*,*,#965,.T.);
#1246=ORIENTED_EDGE('',*,*,#966,.T.);
#1247=ORIENTED_EDGE('',*,*,#967,.T.);
#1248=ORIENTED_EDGE('',*,*,#966,.F.);
#1249=ORIENTED_EDGE('',*,*,#960,.F.);
#1250=ORIENTED_EDGE('',*,*,#968,.T.);
#1251=ORIENTED_EDGE('',*,*,#969,.T.);
#1252=ORIENTED_EDGE('',*,*,#970,.T.);
#1253=ORIENTED_EDGE('',*,*,#971,.T.);
#1254=ORIENTED_EDGE('',*,*,#972,.T.);
#1255=ORIENTED_EDGE('',*,*,#973,.T.);
#1256=ORIENTED_EDGE('',*,*,#974,.T.);
#1257=ORIENTED_EDGE('',*,*,#969,.F.);
#1258=ORIENTED_EDGE('',*,*,#975,.T.);
#1259=ORIENTED_EDGE('',*,*,#976,.T.);
#1260=ORIENTED_EDGE('',*,*,#977,.T.);
#1261=ORIENTED_EDGE('',*,*,#973,.F.);
#1262=ORIENTED_EDGE('',*,*,#978,.T.);
#1263=ORIENTED_EDGE('',*,*,#971,.F.);
#1264=ORIENTED_EDGE('',*,*,#964,.F.);
#1265=ORIENTED_EDGE('',*,*,#979,.T.);
#1266=ORIENTED_EDGE('',*,*,#980,.T.);
#1267=ORIENTED_EDGE('',*,*,#981,.T.);
#1268=ORIENTED_EDGE('',*,*,#982,.T.);
#1269=ORIENTED_EDGE('',*,*,#983,.T.);
#1270=ORIENTED_EDGE('',*,*,#982,.F.);
#1271=ORIENTED_EDGE('',*,*,#976,.F.);
#1272=ORIENTED_EDGE('',*,*,#984,.T.);
#1273=ORIENTED_EDGE('',*,*,#985,.T.);
#1274=ORIENTED_EDGE('',*,*,#986,.T.);
#1275=ORIENTED_EDGE('',*,*,#987,.T.);
#1276=ORIENTED_EDGE('',*,*,#988,.T.);
#1277=ORIENTED_EDGE('',*,*,#989,.T.);
#1278=ORIENTED_EDGE('',*,*,#990,.T.);
#1279=ORIENTED_EDGE('',*,*,#985,.F.);
#1280=ORIENTED_EDGE('',*,*,#991,.T.);
#1281=ORIENTED_EDGE('',*,*,#992,.T.);
#1282=ORIENTED_EDGE('',*,*,#993,.T.);
#1283=ORIENTED_EDGE('',*,*,#989,.F.);
#1284=ORIENTED_EDGE('',*,*,#994,.T.);
#1285=ORIENTED_EDGE('',*,*,#987,.F.);
#1286=ORIENTED_EDGE('',*,*,#980,.F.);
#1287=ORIENTED_EDGE('',*,*,#995,.T.);
#1288=ORIENTED_EDGE('',*,*,#996,.T.);
#1289=ORIENTED_EDGE('',*,*,#997,.T.);
#1290=ORIENTED_EDGE('',*,*,#998,.T.);
#1291=ORIENTED_EDGE('',*,*,#999,.T.);
#1292=ORIENTED_EDGE('',*,*,#998,.F.);
#1293=ORIENTED_EDGE('',*,*,#992,.F.);
#1294=ORIENTED_EDGE('',*,*,#1000,.T.);
#1295=ORIENTED_EDGE('',*,*,#1001,.T.);
#1296=ORIENTED_EDGE('',*,*,#1002,.T.);
#1297=ORIENTED_EDGE('',*,*,#1003,.T.);
#1298=ORIENTED_EDGE('',*,*,#1004,.T.);
#1299=ORIENTED_EDGE('',*,*,#1005,.T.);
#1300=ORIENTED_EDGE('',*,*,#1006,.T.);
#1301=ORIENTED_EDGE('',*,*,#1001,.F.);
#1302=ORIENTED_EDGE('',*,*,#1007,.T.);
#1303=ORIENTED_EDGE('',*,*,#1003,.F.);
#1304=ORIENTED_EDGE('',*,*,#996,.F.);
#1305=ORIENTED_EDGE('',*,*,#1008,.T.);
#1306=ORIENTED_EDGE('',*,*,#1009,.T.);
#1307=ORIENTED_EDGE('',*,*,#1010,.T.);
#1308=ORIENTED_EDGE('',*,*,#1011,.T.);
#1309=ORIENTED_EDGE('',*,*,#1012,.T.);
#1310=ORIENTED_EDGE('',*,*,#1011,.F.);
#1311=ORIENTED_EDGE('',*,*,#1013,.T.);
#1312=ORIENTED_EDGE('',*,*,#1014,.T.);
#1313=ORIENTED_EDGE('',*,*,#1015,.T.);
#1314=ORIENTED_EDGE('',*,*,#1016,.T.);
#1315=ORIENTED_EDGE('',*,*,#1017,.T.);
#1316=ORIENTED_EDGE('',*,*,#1014,.F.);
#1317=ORIENTED_EDGE('',*,*,#1018,.T.);
#1318=ORIENTED_EDGE('',*,*,#1009,.F.);
#1319=ORIENTED_EDGE('',*,*,#1019,.T.);
#1320=ORIENTED_EDGE('',*,*,#1005,.F.);
#1321=ORIENTED_EDGE('',*,*,#1020,.T.);
#1322=ORIENTED_EDGE('',*,*,#1021,.T.);
#1323=ORIENTED_EDGE('',*,*,#1022,.T.);
#1324=ORIENTED_EDGE('',*,*,#1023,.T.);
#1325=ORIENTED_EDGE('',*,*,#1024,.T.);
#1326=ORIENTED_EDGE('',*,*,#1025,.T.);
#1327=ORIENTED_EDGE('',*,*,#1026,.T.);
#1328=ORIENTED_EDGE('',*,*,#1021,.F.);
#1329=ORIENTED_EDGE('',*,*,#1027,.T.);
#1330=ORIENTED_EDGE('',*,*,#1023,.F.);
#1331=ORIENTED_EDGE('',*,*,#1028,.T.);
#1332=ORIENTED_EDGE('',*,*,#1016,.F.);
#1333=ORIENTED_EDGE('',*,*,#1029,.T.);
#1334=ORIENTED_EDGE('',*,*,#1030,.T.);
#1335=ORIENTED_EDGE('',*,*,#1031,.T.);
#1336=ORIENTED_EDGE('',*,*,#1032,.T.);
#1337=ORIENTED_EDGE('',*,*,#1033,.T.);
#1338=ORIENTED_EDGE('',*,*,#1032,.F.);
#1339=ORIENTED_EDGE('',*,*,#1025,.F.);
#1340=ORIENTED_EDGE('',*,*,#1034,.T.);
#1341=ORIENTED_EDGE('',*,*,#1035,.T.);
#1342=ORIENTED_EDGE('',*,*,#1036,.T.);
#1343=ORIENTED_EDGE('',*,*,#1037,.T.);
#1344=ORIENTED_EDGE('',*,*,#1038,.T.);
#1345=ORIENTED_EDGE('',*,*,#1039,.T.);
#1346=ORIENTED_EDGE('',*,*,#1040,.T.);
#1347=ORIENTED_EDGE('',*,*,#1035,.F.);
#1348=ORIENTED_EDGE('',*,*,#1041,.T.);
#1349=ORIENTED_EDGE('',*,*,#1042,.T.);
#1350=ORIENTED_EDGE('',*,*,#1043,.T.);
#1351=ORIENTED_EDGE('',*,*,#1039,.F.);
#1352=ORIENTED_EDGE('',*,*,#1044,.T.);
#1353=ORIENTED_EDGE('',*,*,#1037,.F.);
#1354=ORIENTED_EDGE('',*,*,#1030,.F.);
#1355=ORIENTED_EDGE('',*,*,#1045,.T.);
#1356=ORIENTED_EDGE('',*,*,#1046,.T.);
#1357=ORIENTED_EDGE('',*,*,#1047,.T.);
#1358=ORIENTED_EDGE('',*,*,#1048,.T.);
#1359=ORIENTED_EDGE('',*,*,#1049,.T.);
#1360=ORIENTED_EDGE('',*,*,#1048,.F.);
#1361=ORIENTED_EDGE('',*,*,#1042,.F.);
#1362=ORIENTED_EDGE('',*,*,#1050,.T.);
#1363=ORIENTED_EDGE('',*,*,#1051,.T.);
#1364=ORIENTED_EDGE('',*,*,#1052,.T.);
#1365=ORIENTED_EDGE('',*,*,#1053,.T.);
#1366=ORIENTED_EDGE('',*,*,#1054,.T.);
#1367=ORIENTED_EDGE('',*,*,#1055,.T.);
#1368=ORIENTED_EDGE('',*,*,#1056,.T.);
#1369=ORIENTED_EDGE('',*,*,#1051,.F.);
#1370=ORIENTED_EDGE('',*,*,#1057,.T.);
#1371=ORIENTED_EDGE('',*,*,#1058,.T.);
#1372=ORIENTED_EDGE('',*,*,#1059,.T.);
#1373=ORIENTED_EDGE('',*,*,#1055,.F.);
#1374=ORIENTED_EDGE('',*,*,#1060,.T.);
#1375=ORIENTED_EDGE('',*,*,#1053,.F.);
#1376=ORIENTED_EDGE('',*,*,#1046,.F.);
#1377=ORIENTED_EDGE('',*,*,#1061,.T.);
#1378=ORIENTED_EDGE('',*,*,#1062,.T.);
#1379=ORIENTED_EDGE('',*,*,#1063,.T.);
#1380=ORIENTED_EDGE('',*,*,#1064,.T.);
#1381=ORIENTED_EDGE('',*,*,#1065,.T.);
#1382=ORIENTED_EDGE('',*,*,#1064,.F.);
#1383=ORIENTED_EDGE('',*,*,#1058,.F.);
#1384=ORIENTED_EDGE('',*,*,#1066,.T.);
#1385=ORIENTED_EDGE('',*,*,#1067,.T.);
#1386=ORIENTED_EDGE('',*,*,#1068,.T.);
#1387=ORIENTED_EDGE('',*,*,#1069,.T.);
#1388=ORIENTED_EDGE('',*,*,#1070,.T.);
#1389=ORIENTED_EDGE('',*,*,#1071,.T.);
#1390=ORIENTED_EDGE('',*,*,#1072,.T.);
#1391=ORIENTED_EDGE('',*,*,#1067,.F.);
#1392=ORIENTED_EDGE('',*,*,#1073,.T.);
#1393=ORIENTED_EDGE('',*,*,#1074,.T.);
#1394=ORIENTED_EDGE('',*,*,#1075,.T.);
#1395=ORIENTED_EDGE('',*,*,#1071,.F.);
#1396=ORIENTED_EDGE('',*,*,#1076,.T.);
#1397=ORIENTED_EDGE('',*,*,#1069,.F.);
#1398=ORIENTED_EDGE('',*,*,#1062,.F.);
#1399=ORIENTED_EDGE('',*,*,#1077,.T.);
#1400=ORIENTED_EDGE('',*,*,#1078,.T.);
#1401=ORIENTED_EDGE('',*,*,#1079,.T.);
#1402=ORIENTED_EDGE('',*,*,#1080,.T.);
#1403=ORIENTED_EDGE('',*,*,#1081,.T.);
#1404=ORIENTED_EDGE('',*,*,#1080,.F.);
#1405=ORIENTED_EDGE('',*,*,#1074,.F.);
#1406=ORIENTED_EDGE('',*,*,#1082,.T.);
#1407=ORIENTED_EDGE('',*,*,#1083,.T.);
#1408=ORIENTED_EDGE('',*,*,#1084,.T.);
#1409=ORIENTED_EDGE('',*,*,#1085,.T.);
#1410=ORIENTED_EDGE('',*,*,#1086,.T.);
#1411=ORIENTED_EDGE('',*,*,#1087,.T.);
#1412=ORIENTED_EDGE('',*,*,#1088,.T.);
#1413=ORIENTED_EDGE('',*,*,#1083,.F.);
#1414=ORIENTED_EDGE('',*,*,#1089,.T.);
#1415=ORIENTED_EDGE('',*,*,#1090,.T.);
#1416=ORIENTED_EDGE('',*,*,#1091,.T.);
#1417=ORIENTED_EDGE('',*,*,#1087,.F.);
#1418=ORIENTED_EDGE('',*,*,#1092,.T.);
#1419=ORIENTED_EDGE('',*,*,#1085,.F.);
#1420=ORIENTED_EDGE('',*,*,#1078,.F.);
#1421=ORIENTED_EDGE('',*,*,#1093,.T.);
#1422=ORIENTED_EDGE('',*,*,#1094,.T.);
#1423=ORIENTED_EDGE('',*,*,#1095,.T.);
#1424=ORIENTED_EDGE('',*,*,#1096,.T.);
#1425=ORIENTED_EDGE('',*,*,#1097,.T.);
#1426=ORIENTED_EDGE('',*,*,#1096,.F.);
#1427=ORIENTED_EDGE('',*,*,#1090,.F.);
#1428=ORIENTED_EDGE('',*,*,#1098,.T.);
#1429=ORIENTED_EDGE('',*,*,#1099,.T.);
#1430=ORIENTED_EDGE('',*,*,#1100,.T.);
#1431=ORIENTED_EDGE('',*,*,#1101,.T.);
#1432=ORIENTED_EDGE('',*,*,#1102,.T.);
#1433=ORIENTED_EDGE('',*,*,#1103,.T.);
#1434=ORIENTED_EDGE('',*,*,#1104,.T.);
#1435=ORIENTED_EDGE('',*,*,#1099,.F.);
#1436=ORIENTED_EDGE('',*,*,#1105,.T.);
#1437=ORIENTED_EDGE('',*,*,#1101,.F.);
#1438=ORIENTED_EDGE('',*,*,#1094,.F.);
#1439=ORIENTED_EDGE('',*,*,#1106,.T.);
#1440=ORIENTED_EDGE('',*,*,#1107,.T.);
#1441=ORIENTED_EDGE('',*,*,#1108,.T.);
#1442=ORIENTED_EDGE('',*,*,#1109,.T.);
#1443=ORIENTED_EDGE('',*,*,#1110,.T.);
#1444=ORIENTED_EDGE('',*,*,#1111,.T.);
#1445=ORIENTED_EDGE('',*,*,#1112,.T.);
#1446=ORIENTED_EDGE('',*,*,#1109,.F.);
#1447=ORIENTED_EDGE('',*,*,#1113,.T.);
#1448=ORIENTED_EDGE('',*,*,#1114,.T.);
#1449=ORIENTED_EDGE('',*,*,#1115,.T.);
#1450=ORIENTED_EDGE('',*,*,#1111,.F.);
#1451=ORIENTED_EDGE('',*,*,#1116,.T.);
#1452=ORIENTED_EDGE('',*,*,#1107,.F.);
#1453=ORIENTED_EDGE('',*,*,#1117,.T.);
#1454=ORIENTED_EDGE('',*,*,#1103,.F.);
#1455=ORIENTED_EDGE('',*,*,#1118,.T.);
#1456=ORIENTED_EDGE('',*,*,#1119,.T.);
#1457=ORIENTED_EDGE('',*,*,#1120,.T.);
#1458=ORIENTED_EDGE('',*,*,#1121,.T.);
#1459=ORIENTED_EDGE('',*,*,#1122,.T.);
#1460=ORIENTED_EDGE('',*,*,#1123,.T.);
#1461=ORIENTED_EDGE('',*,*,#1124,.T.);
#1462=ORIENTED_EDGE('',*,*,#1119,.F.);
#1463=ORIENTED_EDGE('',*,*,#1125,.T.);
#1464=ORIENTED_EDGE('',*,*,#1121,.F.);
#1465=ORIENTED_EDGE('',*,*,#1126,.T.);
#1466=ORIENTED_EDGE('',*,*,#1114,.F.);
#1467=ORIENTED_EDGE('',*,*,#1127,.T.);
#1468=ORIENTED_EDGE('',*,*,#935,.F.);
#1469=ORIENTED_EDGE('',*,*,#1123,.F.);
#1470=ORIENTED_EDGE('',*,*,#1128,.T.);
#1471=ORIENTED_EDGE('',*,*,#1028,.F.);
#1472=ORIENTED_EDGE('',*,*,#1022,.F.);
#1473=ORIENTED_EDGE('',*,*,#1026,.F.);
#1474=ORIENTED_EDGE('',*,*,#1031,.F.);
#1475=ORIENTED_EDGE('',*,*,#1036,.F.);
#1476=ORIENTED_EDGE('',*,*,#1040,.F.);
#1477=ORIENTED_EDGE('',*,*,#1043,.F.);
#1478=ORIENTED_EDGE('',*,*,#1047,.F.);
#1479=ORIENTED_EDGE('',*,*,#1052,.F.);
#1480=ORIENTED_EDGE('',*,*,#1056,.F.);
#1481=ORIENTED_EDGE('',*,*,#1059,.F.);
#1482=ORIENTED_EDGE('',*,*,#1063,.F.);
#1483=ORIENTED_EDGE('',*,*,#1068,.F.);
#1484=ORIENTED_EDGE('',*,*,#1072,.F.);
#1485=ORIENTED_EDGE('',*,*,#1075,.F.);
#1486=ORIENTED_EDGE('',*,*,#1079,.F.);
#1487=ORIENTED_EDGE('',*,*,#1084,.F.);
#1488=ORIENTED_EDGE('',*,*,#1088,.F.);
#1489=ORIENTED_EDGE('',*,*,#1091,.F.);
#1490=ORIENTED_EDGE('',*,*,#1095,.F.);
#1491=ORIENTED_EDGE('',*,*,#1100,.F.);
#1492=ORIENTED_EDGE('',*,*,#1104,.F.);
#1493=ORIENTED_EDGE('',*,*,#1117,.F.);
#1494=ORIENTED_EDGE('',*,*,#1129,.F.);
#1495=ORIENTED_EDGE('',*,*,#1130,.F.);
#1496=ORIENTED_EDGE('',*,*,#1131,.F.);
#1497=ORIENTED_EDGE('',*,*,#1132,.F.);
#1498=ORIENTED_EDGE('',*,*,#1110,.F.);
#1499=ORIENTED_EDGE('',*,*,#1133,.T.);
#1500=ORIENTED_EDGE('',*,*,#1134,.F.);
#1501=ORIENTED_EDGE('',*,*,#1129,.T.);
#1502=ORIENTED_EDGE('',*,*,#1112,.F.);
#1503=ORIENTED_EDGE('',*,*,#1135,.F.);
#1504=ORIENTED_EDGE('',*,*,#1136,.F.);
#1505=ORIENTED_EDGE('',*,*,#1133,.F.);
#1506=ORIENTED_EDGE('',*,*,#1115,.F.);
#1507=ORIENTED_EDGE('',*,*,#1137,.T.);
#1508=ORIENTED_EDGE('',*,*,#1138,.F.);
#1509=ORIENTED_EDGE('',*,*,#1135,.T.);
#1510=ORIENTED_EDGE('',*,*,#1024,.F.);
#1511=ORIENTED_EDGE('',*,*,#1029,.F.);
#1512=ORIENTED_EDGE('',*,*,#1018,.F.);
#1513=ORIENTED_EDGE('',*,*,#1013,.F.);
#1514=ORIENTED_EDGE('',*,*,#1010,.F.);
#1515=ORIENTED_EDGE('',*,*,#1020,.F.);
#1516=ORIENTED_EDGE('',*,*,#1007,.F.);
#1517=ORIENTED_EDGE('',*,*,#1139,.F.);
#1518=ORIENTED_EDGE('',*,*,#1140,.T.);
#1519=ORIENTED_EDGE('',*,*,#1141,.T.);
#1520=ORIENTED_EDGE('',*,*,#1142,.T.);
#1521=ORIENTED_EDGE('',*,*,#1143,.T.);
#1522=ORIENTED_EDGE('',*,*,#1144,.T.);
#1523=ORIENTED_EDGE('',*,*,#1145,.T.);
#1524=ORIENTED_EDGE('',*,*,#1146,.T.);
#1525=ORIENTED_EDGE('',*,*,#1138,.T.);
#1526=ORIENTED_EDGE('',*,*,#1146,.F.);
#1527=ORIENTED_EDGE('',*,*,#1147,.T.);
#1528=ORIENTED_EDGE('',*,*,#1148,.T.);
#1529=ORIENTED_EDGE('',*,*,#1136,.T.);
#1530=ORIENTED_EDGE('',*,*,#1149,.T.);
#1531=ORIENTED_EDGE('',*,*,#1134,.T.);
#1532=ORIENTED_EDGE('',*,*,#1148,.F.);
#1533=ORIENTED_EDGE('',*,*,#1150,.T.);
#1534=ORIENTED_EDGE('',*,*,#1144,.F.);
#1535=ORIENTED_EDGE('',*,*,#1151,.T.);
#1536=ORIENTED_EDGE('',*,*,#1142,.F.);
#1537=ORIENTED_EDGE('',*,*,#1152,.T.);
#1538=ORIENTED_EDGE('',*,*,#1153,.T.);
#1539=ORIENTED_EDGE('',*,*,#1131,.T.);
#1540=ORIENTED_EDGE('',*,*,#1154,.T.);
#1541=ORIENTED_EDGE('',*,*,#1155,.T.);
#1542=ORIENTED_EDGE('',*,*,#1154,.F.);
#1543=ORIENTED_EDGE('',*,*,#1130,.T.);
#1544=ORIENTED_EDGE('',*,*,#1149,.F.);
#1545=ORIENTED_EDGE('',*,*,#1156,.T.);
#1546=ORIENTED_EDGE('',*,*,#1157,.T.);
#1547=ORIENTED_EDGE('',*,*,#1158,.T.);
#1548=ORIENTED_EDGE('',*,*,#1159,.T.);
#1549=ORIENTED_EDGE('',*,*,#1160,.T.);
#1550=ORIENTED_EDGE('',*,*,#1161,.T.);
#1551=ORIENTED_EDGE('',*,*,#1162,.T.);
#1552=ORIENTED_EDGE('',*,*,#1157,.F.);
#1553=ORIENTED_EDGE('',*,*,#1163,.T.);
#1554=ORIENTED_EDGE('',*,*,#1164,.T.);
#1555=ORIENTED_EDGE('',*,*,#1165,.T.);
#1556=ORIENTED_EDGE('',*,*,#1161,.F.);
#1557=ORIENTED_EDGE('',*,*,#1166,.T.);
#1558=ORIENTED_EDGE('',*,*,#1159,.F.);
#1559=ORIENTED_EDGE('',*,*,#1167,.T.);
#1560=ORIENTED_EDGE('',*,*,#1153,.F.);
#1561=ORIENTED_EDGE('',*,*,#1168,.T.);
#1562=ORIENTED_EDGE('',*,*,#1140,.F.);
#1563=ORIENTED_EDGE('',*,*,#1169,.T.);
#1564=ORIENTED_EDGE('',*,*,#1164,.F.);
#1565=ORIENTED_EDGE('',*,*,#1170,.T.);
#1566=ORIENTED_EDGE('',*,*,#1017,.F.);
#1567=ORIENTED_EDGE('',*,*,#1132,.T.);
#1568=ORIENTED_EDGE('',*,*,#1167,.F.);
#1569=ORIENTED_EDGE('',*,*,#1158,.F.);
#1570=ORIENTED_EDGE('',*,*,#1171,.T.);
#1571=ORIENTED_EDGE('',*,*,#1160,.F.);
#1572=ORIENTED_EDGE('',*,*,#1168,.F.);
#1573=ORIENTED_EDGE('',*,*,#1155,.F.);
#1574=ORIENTED_EDGE('',*,*,#1156,.F.);
#1575=ORIENTED_EDGE('',*,*,#1150,.F.);
#1576=ORIENTED_EDGE('',*,*,#1147,.F.);
#1577=ORIENTED_EDGE('',*,*,#1145,.F.);
#1578=ORIENTED_EDGE('',*,*,#1152,.F.);
#1579=ORIENTED_EDGE('',*,*,#1141,.F.);
#1580=ORIENTED_EDGE('',*,*,#1170,.F.);
#1581=ORIENTED_EDGE('',*,*,#1166,.F.);
#1582=ORIENTED_EDGE('',*,*,#1163,.F.);
#1583=ORIENTED_EDGE('',*,*,#1015,.F.);
#1584=ORIENTED_EDGE('',*,*,#1171,.F.);
#1585=ORIENTED_EDGE('',*,*,#1162,.F.);
#1586=ORIENTED_EDGE('',*,*,#1172,.F.);
#1587=ORIENTED_EDGE('',*,*,#1012,.F.);
#1588=ORIENTED_EDGE('',*,*,#1172,.T.);
#1589=ORIENTED_EDGE('',*,*,#1165,.F.);
#1590=ORIENTED_EDGE('',*,*,#1169,.F.);
#1591=ORIENTED_EDGE('',*,*,#1173,.T.);
#1592=ORIENTED_EDGE('',*,*,#1019,.F.);
#1593=ORIENTED_EDGE('',*,*,#1173,.F.);
#1594=ORIENTED_EDGE('',*,*,#1143,.F.);
#1595=ORIENTED_EDGE('',*,*,#1151,.F.);
#1596=ORIENTED_EDGE('',*,*,#1137,.F.);
#1597=ORIENTED_EDGE('',*,*,#1126,.F.);
#1598=ORIENTED_EDGE('',*,*,#1120,.F.);
#1599=ORIENTED_EDGE('',*,*,#1124,.F.);
#1600=ORIENTED_EDGE('',*,*,#934,.F.);
#1601=ORIENTED_EDGE('',*,*,#938,.F.);
#1602=ORIENTED_EDGE('',*,*,#942,.F.);
#1603=ORIENTED_EDGE('',*,*,#945,.F.);
#1604=ORIENTED_EDGE('',*,*,#949,.F.);
#1605=ORIENTED_EDGE('',*,*,#954,.F.);
#1606=ORIENTED_EDGE('',*,*,#958,.F.);
#1607=ORIENTED_EDGE('',*,*,#961,.F.);
#1608=ORIENTED_EDGE('',*,*,#965,.F.);
#1609=ORIENTED_EDGE('',*,*,#970,.F.);
#1610=ORIENTED_EDGE('',*,*,#974,.F.);
#1611=ORIENTED_EDGE('',*,*,#977,.F.);
#1612=ORIENTED_EDGE('',*,*,#981,.F.);
#1613=ORIENTED_EDGE('',*,*,#986,.F.);
#1614=ORIENTED_EDGE('',*,*,#990,.F.);
#1615=ORIENTED_EDGE('',*,*,#993,.F.);
#1616=ORIENTED_EDGE('',*,*,#997,.F.);
#1617=ORIENTED_EDGE('',*,*,#1002,.F.);
#1618=ORIENTED_EDGE('',*,*,#1006,.F.);
#1619=ORIENTED_EDGE('',*,*,#1105,.F.);
#1620=ORIENTED_EDGE('',*,*,#1174,.F.);
#1621=ORIENTED_EDGE('',*,*,#1122,.F.);
#1622=ORIENTED_EDGE('',*,*,#1127,.F.);
#1623=ORIENTED_EDGE('',*,*,#1116,.F.);
#1624=ORIENTED_EDGE('',*,*,#1113,.F.);
#1625=ORIENTED_EDGE('',*,*,#1108,.F.);
#1626=ORIENTED_EDGE('',*,*,#1118,.F.);
#1627=ORIENTED_EDGE('',*,*,#1027,.F.);
#1628=ORIENTED_EDGE('',*,*,#1139,.T.);
#1629=ORIENTED_EDGE('',*,*,#1004,.F.);
#1630=ORIENTED_EDGE('',*,*,#1175,.F.);
#1631=ORIENTED_EDGE('',*,*,#1034,.F.);
#1632=ORIENTED_EDGE('',*,*,#1175,.T.);
#1633=ORIENTED_EDGE('',*,*,#1008,.F.);
#1634=ORIENTED_EDGE('',*,*,#1176,.F.);
#1635=ORIENTED_EDGE('',*,*,#1033,.F.);
#1636=ORIENTED_EDGE('',*,*,#1176,.T.);
#1637=ORIENTED_EDGE('',*,*,#999,.F.);
#1638=ORIENTED_EDGE('',*,*,#1177,.F.);
#1639=ORIENTED_EDGE('',*,*,#1045,.F.);
#1640=ORIENTED_EDGE('',*,*,#1177,.T.);
#1641=ORIENTED_EDGE('',*,*,#1000,.F.);
#1642=ORIENTED_EDGE('',*,*,#1178,.F.);
#1643=ORIENTED_EDGE('',*,*,#1038,.F.);
#1644=ORIENTED_EDGE('',*,*,#1178,.T.);
#1645=ORIENTED_EDGE('',*,*,#994,.F.);
#1646=ORIENTED_EDGE('',*,*,#1179,.F.);
#1647=ORIENTED_EDGE('',*,*,#1041,.F.);
#1648=ORIENTED_EDGE('',*,*,#1179,.T.);
#1649=ORIENTED_EDGE('',*,*,#991,.F.);
#1650=ORIENTED_EDGE('',*,*,#1180,.F.);
#1651=ORIENTED_EDGE('',*,*,#1044,.F.);
#1652=ORIENTED_EDGE('',*,*,#1180,.T.);
#1653=ORIENTED_EDGE('',*,*,#988,.F.);
#1654=ORIENTED_EDGE('',*,*,#1181,.F.);
#1655=ORIENTED_EDGE('',*,*,#1050,.F.);
#1656=ORIENTED_EDGE('',*,*,#1181,.T.);
#1657=ORIENTED_EDGE('',*,*,#995,.F.);
#1658=ORIENTED_EDGE('',*,*,#1182,.F.);
#1659=ORIENTED_EDGE('',*,*,#1049,.F.);
#1660=ORIENTED_EDGE('',*,*,#1182,.T.);
#1661=ORIENTED_EDGE('',*,*,#983,.F.);
#1662=ORIENTED_EDGE('',*,*,#1183,.F.);
#1663=ORIENTED_EDGE('',*,*,#1061,.F.);
#1664=ORIENTED_EDGE('',*,*,#1183,.T.);
#1665=ORIENTED_EDGE('',*,*,#984,.F.);
#1666=ORIENTED_EDGE('',*,*,#1184,.F.);
#1667=ORIENTED_EDGE('',*,*,#1054,.F.);
#1668=ORIENTED_EDGE('',*,*,#1184,.T.);
#1669=ORIENTED_EDGE('',*,*,#978,.F.);
#1670=ORIENTED_EDGE('',*,*,#1185,.F.);
#1671=ORIENTED_EDGE('',*,*,#1057,.F.);
#1672=ORIENTED_EDGE('',*,*,#1185,.T.);
#1673=ORIENTED_EDGE('',*,*,#975,.F.);
#1674=ORIENTED_EDGE('',*,*,#1186,.F.);
#1675=ORIENTED_EDGE('',*,*,#1060,.F.);
#1676=ORIENTED_EDGE('',*,*,#1186,.T.);
#1677=ORIENTED_EDGE('',*,*,#972,.F.);
#1678=ORIENTED_EDGE('',*,*,#1187,.F.);
#1679=ORIENTED_EDGE('',*,*,#1066,.F.);
#1680=ORIENTED_EDGE('',*,*,#1187,.T.);
#1681=ORIENTED_EDGE('',*,*,#979,.F.);
#1682=ORIENTED_EDGE('',*,*,#1188,.F.);
#1683=ORIENTED_EDGE('',*,*,#1065,.F.);
#1684=ORIENTED_EDGE('',*,*,#1188,.T.);
#1685=ORIENTED_EDGE('',*,*,#967,.F.);
#1686=ORIENTED_EDGE('',*,*,#1189,.F.);
#1687=ORIENTED_EDGE('',*,*,#1077,.F.);
#1688=ORIENTED_EDGE('',*,*,#1189,.T.);
#1689=ORIENTED_EDGE('',*,*,#968,.F.);
#1690=ORIENTED_EDGE('',*,*,#1190,.F.);
#1691=ORIENTED_EDGE('',*,*,#1070,.F.);
#1692=ORIENTED_EDGE('',*,*,#1190,.T.);
#1693=ORIENTED_EDGE('',*,*,#962,.F.);
#1694=ORIENTED_EDGE('',*,*,#1191,.F.);
#1695=ORIENTED_EDGE('',*,*,#1073,.F.);
#1696=ORIENTED_EDGE('',*,*,#1191,.T.);
#1697=ORIENTED_EDGE('',*,*,#959,.F.);
#1698=ORIENTED_EDGE('',*,*,#1192,.F.);
#1699=ORIENTED_EDGE('',*,*,#1076,.F.);
#1700=ORIENTED_EDGE('',*,*,#1192,.T.);
#1701=ORIENTED_EDGE('',*,*,#956,.F.);
#1702=ORIENTED_EDGE('',*,*,#1193,.F.);
#1703=ORIENTED_EDGE('',*,*,#1082,.F.);
#1704=ORIENTED_EDGE('',*,*,#1193,.T.);
#1705=ORIENTED_EDGE('',*,*,#963,.F.);
#1706=ORIENTED_EDGE('',*,*,#1194,.F.);
#1707=ORIENTED_EDGE('',*,*,#1081,.F.);
#1708=ORIENTED_EDGE('',*,*,#1194,.T.);
#1709=ORIENTED_EDGE('',*,*,#951,.F.);
#1710=ORIENTED_EDGE('',*,*,#1195,.F.);
#1711=ORIENTED_EDGE('',*,*,#1093,.F.);
#1712=ORIENTED_EDGE('',*,*,#1195,.T.);
#1713=ORIENTED_EDGE('',*,*,#952,.F.);
#1714=ORIENTED_EDGE('',*,*,#1196,.F.);
#1715=ORIENTED_EDGE('',*,*,#1086,.F.);
#1716=ORIENTED_EDGE('',*,*,#1196,.T.);
#1717=ORIENTED_EDGE('',*,*,#946,.F.);
#1718=ORIENTED_EDGE('',*,*,#1197,.F.);
#1719=ORIENTED_EDGE('',*,*,#1089,.F.);
#1720=ORIENTED_EDGE('',*,*,#1197,.T.);
#1721=ORIENTED_EDGE('',*,*,#943,.F.);
#1722=ORIENTED_EDGE('',*,*,#1198,.F.);
#1723=ORIENTED_EDGE('',*,*,#1092,.F.);
#1724=ORIENTED_EDGE('',*,*,#1198,.T.);
#1725=ORIENTED_EDGE('',*,*,#940,.F.);
#1726=ORIENTED_EDGE('',*,*,#1199,.F.);
#1727=ORIENTED_EDGE('',*,*,#1098,.F.);
#1728=ORIENTED_EDGE('',*,*,#1199,.T.);
#1729=ORIENTED_EDGE('',*,*,#947,.F.);
#1730=ORIENTED_EDGE('',*,*,#1200,.F.);
#1731=ORIENTED_EDGE('',*,*,#1097,.F.);
#1732=ORIENTED_EDGE('',*,*,#1200,.T.);
#1733=ORIENTED_EDGE('',*,*,#936,.F.);
#1734=ORIENTED_EDGE('',*,*,#1201,.F.);
#1735=ORIENTED_EDGE('',*,*,#1106,.F.);
#1736=ORIENTED_EDGE('',*,*,#1201,.T.);
#1737=ORIENTED_EDGE('',*,*,#1128,.F.);
#1738=ORIENTED_EDGE('',*,*,#1202,.F.);
#1739=ORIENTED_EDGE('',*,*,#1102,.F.);
#1740=ORIENTED_EDGE('',*,*,#1202,.T.);
#1741=ORIENTED_EDGE('',*,*,#1125,.F.);
#1742=ORIENTED_EDGE('',*,*,#1174,.T.);
#1743=PLANE('',#1907);
#1744=PLANE('',#1919);
#1745=PLANE('',#1933);
#1746=PLANE('',#1947);
#1747=PLANE('',#1961);
#1748=PLANE('',#1972);
#1749=PLANE('',#1979);
#1750=PLANE('',#1993);
#1751=PLANE('',#2007);
#1752=PLANE('',#2021);
#1753=PLANE('',#2035);
#1754=PLANE('',#2046);
#1755=PLANE('',#2055);
#1756=PLANE('',#2057);
#1757=PLANE('',#2060);
#1758=PLANE('',#2061);
#1759=PLANE('',#2062);
#1760=PLANE('',#2063);
#1761=PLANE('',#2065);
#1762=PLANE('',#2066);
#1763=PLANE('',#2068);
#1764=PLANE('',#2072);
#1765=PLANE('',#2078);
#1766=PLANE('',#2084);
#1767=PLANE('',#2090);
#1768=PLANE('',#2096);
#1769=ADVANCED_FACE('',(#229),#1743,.T.);
#1770=ADVANCED_FACE('',(#230),#177,.F.);
#1771=ADVANCED_FACE('',(#231),#178,.F.);
#1772=ADVANCED_FACE('',(#232),#179,.F.);
#1773=ADVANCED_FACE('',(#233),#180,.T.);
#1774=ADVANCED_FACE('',(#234),#1744,.T.);
#1775=ADVANCED_FACE('',(#235),#181,.T.);
#1776=ADVANCED_FACE('',(#236),#182,.F.);
#1777=ADVANCED_FACE('',(#237),#183,.F.);
#1778=ADVANCED_FACE('',(#238),#184,.F.);
#1779=ADVANCED_FACE('',(#239),#185,.T.);
#1780=ADVANCED_FACE('',(#240),#1745,.T.);
#1781=ADVANCED_FACE('',(#241),#186,.T.);
#1782=ADVANCED_FACE('',(#242),#187,.F.);
#1783=ADVANCED_FACE('',(#243),#188,.F.);
#1784=ADVANCED_FACE('',(#244),#189,.F.);
#1785=ADVANCED_FACE('',(#245),#190,.T.);
#1786=ADVANCED_FACE('',(#246),#1746,.T.);
#1787=ADVANCED_FACE('',(#247),#191,.T.);
#1788=ADVANCED_FACE('',(#248),#192,.F.);
#1789=ADVANCED_FACE('',(#249),#193,.F.);
#1790=ADVANCED_FACE('',(#250),#194,.F.);
#1791=ADVANCED_FACE('',(#251),#195,.T.);
#1792=ADVANCED_FACE('',(#252),#1747,.T.);
#1793=ADVANCED_FACE('',(#253),#196,.T.);
#1794=ADVANCED_FACE('',(#254),#197,.F.);
#1795=ADVANCED_FACE('',(#255),#198,.F.);
#1796=ADVANCED_FACE('',(#256),#199,.T.);
#1797=ADVANCED_FACE('',(#257),#77,.T.);
#1798=ADVANCED_FACE('',(#258),#1748,.T.);
#1799=ADVANCED_FACE('',(#259),#78,.T.);
#1800=ADVANCED_FACE('',(#260),#79,.T.);
#1801=ADVANCED_FACE('',(#261),#200,.F.);
#1802=ADVANCED_FACE('',(#262),#201,.F.);
#1803=ADVANCED_FACE('',(#263),#80,.T.);
#1804=ADVANCED_FACE('',(#264),#1749,.T.);
#1805=ADVANCED_FACE('',(#265),#202,.T.);
#1806=ADVANCED_FACE('',(#266),#203,.F.);
#1807=ADVANCED_FACE('',(#267),#204,.F.);
#1808=ADVANCED_FACE('',(#268),#205,.F.);
#1809=ADVANCED_FACE('',(#269),#206,.T.);
#1810=ADVANCED_FACE('',(#270),#1750,.T.);
#1811=ADVANCED_FACE('',(#271),#207,.T.);
#1812=ADVANCED_FACE('',(#272),#208,.F.);
#1813=ADVANCED_FACE('',(#273),#209,.F.);
#1814=ADVANCED_FACE('',(#274),#210,.F.);
#1815=ADVANCED_FACE('',(#275),#211,.T.);
#1816=ADVANCED_FACE('',(#276),#1751,.T.);
#1817=ADVANCED_FACE('',(#277),#212,.T.);
#1818=ADVANCED_FACE('',(#278),#213,.F.);
#1819=ADVANCED_FACE('',(#279),#214,.F.);
#1820=ADVANCED_FACE('',(#280),#215,.F.);
#1821=ADVANCED_FACE('',(#281),#216,.T.);
#1822=ADVANCED_FACE('',(#282),#1752,.T.);
#1823=ADVANCED_FACE('',(#283),#217,.T.);
#1824=ADVANCED_FACE('',(#284),#218,.F.);
#1825=ADVANCED_FACE('',(#285),#219,.F.);
#1826=ADVANCED_FACE('',(#286),#220,.F.);
#1827=ADVANCED_FACE('',(#287),#221,.T.);
#1828=ADVANCED_FACE('',(#288),#1753,.T.);
#1829=ADVANCED_FACE('',(#289),#222,.T.);
#1830=ADVANCED_FACE('',(#290),#223,.F.);
#1831=ADVANCED_FACE('',(#291),#224,.F.);
#1832=ADVANCED_FACE('',(#292),#225,.T.);
#1833=ADVANCED_FACE('',(#293),#81,.T.);
#1834=ADVANCED_FACE('',(#294),#1754,.T.);
#1835=ADVANCED_FACE('',(#295),#82,.T.);
#1836=ADVANCED_FACE('',(#296),#83,.T.);
#1837=ADVANCED_FACE('',(#297),#226,.F.);
#1838=ADVANCED_FACE('',(#298),#227,.F.);
#1839=ADVANCED_FACE('',(#299),#84,.T.);
#1840=ADVANCED_FACE('',(#300),#228,.T.);
#1841=ADVANCED_FACE('',(#301),#1755,.F.);
#1842=ADVANCED_FACE('',(#302),#15,.T.);
#1843=ADVANCED_FACE('',(#303),#1756,.T.);
#1844=ADVANCED_FACE('',(#304),#16,.T.);
#1845=ADVANCED_FACE('',(#305),#17,.F.);
#1846=ADVANCED_FACE('',(#306),#1757,.T.);
#1847=ADVANCED_FACE('',(#307),#85,.T.);
#1848=ADVANCED_FACE('',(#308),#1758,.T.);
#1849=ADVANCED_FACE('',(#309),#86,.T.);
#1850=ADVANCED_FACE('',(#310),#87,.T.);
#1851=ADVANCED_FACE('',(#311),#1759,.T.);
#1852=ADVANCED_FACE('',(#312),#88,.T.);
#1853=ADVANCED_FACE('',(#313),#89,.T.);
#1854=ADVANCED_FACE('',(#314),#1760,.T.);
#1855=ADVANCED_FACE('',(#315),#90,.T.);
#1856=ADVANCED_FACE('',(#316),#91,.T.);
#1857=ADVANCED_FACE('',(#317),#92,.T.);
#1858=ADVANCED_FACE('',(#318),#18,.T.);
#1859=ADVANCED_FACE('',(#319),#1761,.T.);
#1860=ADVANCED_FACE('',(#320),#1762,.T.);
#1861=ADVANCED_FACE('',(#321),#19,.T.);
#1862=ADVANCED_FACE('',(#322),#1763,.T.);
#1863=ADVANCED_FACE('',(#323),#20,.F.);
#1864=ADVANCED_FACE('',(#324),#21,.F.);
#1865=ADVANCED_FACE('',(#325),#22,.T.);
#1866=ADVANCED_FACE('',(#326),#1764,.T.);
#1867=ADVANCED_FACE('',(#327),#23,.T.);
#1868=ADVANCED_FACE('',(#328),#24,.F.);
#1869=ADVANCED_FACE('',(#329),#25,.F.);
#1870=ADVANCED_FACE('',(#330),#26,.F.);
#1871=ADVANCED_FACE('',(#331),#27,.T.);
#1872=ADVANCED_FACE('',(#332),#1765,.T.);
#1873=ADVANCED_FACE('',(#333),#28,.T.);
#1874=ADVANCED_FACE('',(#334),#29,.F.);
#1875=ADVANCED_FACE('',(#335),#30,.F.);
#1876=ADVANCED_FACE('',(#336),#31,.F.);
#1877=ADVANCED_FACE('',(#337),#32,.T.);
#1878=ADVANCED_FACE('',(#338),#1766,.T.);
#1879=ADVANCED_FACE('',(#339),#33,.T.);
#1880=ADVANCED_FACE('',(#340),#34,.F.);
#1881=ADVANCED_FACE('',(#341),#35,.F.);
#1882=ADVANCED_FACE('',(#342),#36,.F.);
#1883=ADVANCED_FACE('',(#343),#37,.T.);
#1884=ADVANCED_FACE('',(#344),#1767,.T.);
#1885=ADVANCED_FACE('',(#345),#38,.T.);
#1886=ADVANCED_FACE('',(#346),#39,.F.);
#1887=ADVANCED_FACE('',(#347),#40,.F.);
#1888=ADVANCED_FACE('',(#348),#41,.F.);
#1889=ADVANCED_FACE('',(#349),#42,.T.);
#1890=ADVANCED_FACE('',(#350),#1768,.T.);
#1891=ADVANCED_FACE('',(#351),#43,.T.);
#1892=ADVANCED_FACE('',(#352),#44,.F.);
#1893=CLOSED_SHELL('',(#1769,#1770,#1771,#1772,#1773,#1774,#1775,#1776,
#1777,#1778,#1779,#1780,#1781,#1782,#1783,#1784,#1785,#1786,#1787,#1788,
#1789,#1790,#1791,#1792,#1793,#1794,#1795,#1796,#1797,#1798,#1799,#1800,
#1801,#1802,#1803,#1804,#1805,#1806,#1807,#1808,#1809,#1810,#1811,#1812,
#1813,#1814,#1815,#1816,#1817,#1818,#1819,#1820,#1821,#1822,#1823,#1824,
#1825,#1826,#1827,#1828,#1829,#1830,#1831,#1832,#1833,#1834,#1835,#1836,
#1837,#1838,#1839,#1840,#1841,#1842,#1843,#1844,#1845,#1846,#1847,#1848,
#1849,#1850,#1851,#1852,#1853,#1854,#1855,#1856,#1857,#1858,#1859,#1860,
#1861,#1862,#1863,#1864,#1865,#1866,#1867,#1868,#1869,#1870,#1871,#1872,
#1873,#1874,#1875,#1876,#1877,#1878,#1879,#1880,#1881,#1882,#1883,#1884,
#1885,#1886,#1887,#1888,#1889,#1890,#1891,#1892));
#1894=DERIVED_UNIT_ELEMENT(#1896,1.);
#1895=DERIVED_UNIT_ELEMENT(#3595,-3.);
#1896=(
MASS_UNIT()
NAMED_UNIT(*)
SI_UNIT(.KILO.,.GRAM.)
);
#1897=DERIVED_UNIT((#1894,#1895));
#1898=MEASURE_REPRESENTATION_ITEM('density measure',
POSITIVE_RATIO_MEASURE(1380.),#1897);
#1899=PROPERTY_DEFINITION_REPRESENTATION(#1904,#1901);
#1900=PROPERTY_DEFINITION_REPRESENTATION(#1905,#1902);
#1901=REPRESENTATION('material name',(#1903),#3592);
#1902=REPRESENTATION('density',(#1898),#3592);
#1903=DESCRIPTIVE_REPRESENTATION_ITEM('Laminate, White, Matte',
'Laminate, White, Matte');
#1904=PROPERTY_DEFINITION('material property','material name',#3602);
#1905=PROPERTY_DEFINITION('material property','density of part',#3602);
#1906=AXIS2_PLACEMENT_3D('',#2639,#2099,#2100);
#1907=AXIS2_PLACEMENT_3D('',#2640,#2101,#2102);
#1908=AXIS2_PLACEMENT_3D('',#2649,#2107,#2108);
#1909=AXIS2_PLACEMENT_3D('',#2653,#2110,#2111);
#1910=AXIS2_PLACEMENT_3D('',#2656,#2113,#2114);
#1911=AXIS2_PLACEMENT_3D('',#2657,#2115,#2116);
#1912=AXIS2_PLACEMENT_3D('',#2661,#2118,#2119);
#1913=AXIS2_PLACEMENT_3D('',#2662,#2120,#2121);
#1914=AXIS2_PLACEMENT_3D('',#2663,#2122,#2123);
#1915=AXIS2_PLACEMENT_3D('',#2667,#2125,#2126);
#1916=AXIS2_PLACEMENT_3D('',#2668,#2127,#2128);
#1917=AXIS2_PLACEMENT_3D('',#2669,#2129,#2130);
#1918=AXIS2_PLACEMENT_3D('',#2670,#2131,#2132);
#1919=AXIS2_PLACEMENT_3D('',#2671,#2133,#2134);
#1920=AXIS2_PLACEMENT_3D('',#2679,#2139,#2140);
#1921=AXIS2_PLACEMENT_3D('',#2680,#2141,#2142);
#1922=AXIS2_PLACEMENT_3D('',#2681,#2143,#2144);
#1923=AXIS2_PLACEMENT_3D('',#2685,#2146,#2147);
#1924=AXIS2_PLACEMENT_3D('',#2688,#2149,#2150);
#1925=AXIS2_PLACEMENT_3D('',#2689,#2151,#2152);
#1926=AXIS2_PLACEMENT_3D('',#2693,#2154,#2155);
#1927=AXIS2_PLACEMENT_3D('',#2694,#2156,#2157);
#1928=AXIS2_PLACEMENT_3D('',#2695,#2158,#2159);
#1929=AXIS2_PLACEMENT_3D('',#2699,#2161,#2162);
#1930=AXIS2_PLACEMENT_3D('',#2700,#2163,#2164);
#1931=AXIS2_PLACEMENT_3D('',#2701,#2165,#2166);
#1932=AXIS2_PLACEMENT_3D('',#2702,#2167,#2168);
#1933=AXIS2_PLACEMENT_3D('',#2703,#2169,#2170);
#1934=AXIS2_PLACEMENT_3D('',#2711,#2175,#2176);
#1935=AXIS2_PLACEMENT_3D('',#2712,#2177,#2178);
#1936=AXIS2_PLACEMENT_3D('',#2713,#2179,#2180);
#1937=AXIS2_PLACEMENT_3D('',#2717,#2182,#2183);
#1938=AXIS2_PLACEMENT_3D('',#2720,#2185,#2186);
#1939=AXIS2_PLACEMENT_3D('',#2721,#2187,#2188);
#1940=AXIS2_PLACEMENT_3D('',#2725,#2190,#2191);
#1941=AXIS2_PLACEMENT_3D('',#2726,#2192,#2193);
#1942=AXIS2_PLACEMENT_3D('',#2727,#2194,#2195);
#1943=AXIS2_PLACEMENT_3D('',#2731,#2197,#2198);
#1944=AXIS2_PLACEMENT_3D('',#2732,#2199,#2200);
#1945=AXIS2_PLACEMENT_3D('',#2733,#2201,#2202);
#1946=AXIS2_PLACEMENT_3D('',#2734,#2203,#2204);
#1947=AXIS2_PLACEMENT_3D('',#2735,#2205,#2206);
#1948=AXIS2_PLACEMENT_3D('',#2743,#2211,#2212);
#1949=AXIS2_PLACEMENT_3D('',#2744,#2213,#2214);
#1950=AXIS2_PLACEMENT_3D('',#2745,#2215,#2216);
#1951=AXIS2_PLACEMENT_3D('',#2749,#2218,#2219);
#1952=AXIS2_PLACEMENT_3D('',#2752,#2221,#2222);
#1953=AXIS2_PLACEMENT_3D('',#2753,#2223,#2224);
#1954=AXIS2_PLACEMENT_3D('',#2757,#2226,#2227);
#1955=AXIS2_PLACEMENT_3D('',#2758,#2228,#2229);
#1956=AXIS2_PLACEMENT_3D('',#2759,#2230,#2231);
#1957=AXIS2_PLACEMENT_3D('',#2763,#2233,#2234);
#1958=AXIS2_PLACEMENT_3D('',#2764,#2235,#2236);
#1959=AXIS2_PLACEMENT_3D('',#2765,#2237,#2238);
#1960=AXIS2_PLACEMENT_3D('',#2766,#2239,#2240);
#1961=AXIS2_PLACEMENT_3D('',#2767,#2241,#2242);
#1962=AXIS2_PLACEMENT_3D('',#2775,#2247,#2248);
#1963=AXIS2_PLACEMENT_3D('',#2776,#2249,#2250);
#1964=AXIS2_PLACEMENT_3D('',#2777,#2251,#2252);
#1965=AXIS2_PLACEMENT_3D('',#2781,#2254,#2255);
#1966=AXIS2_PLACEMENT_3D('',#2784,#2257,#2258);
#1967=AXIS2_PLACEMENT_3D('',#2785,#2259,#2260);
#1968=AXIS2_PLACEMENT_3D('',#2789,#2262,#2263);
#1969=AXIS2_PLACEMENT_3D('',#2790,#2264,#2265);
#1970=AXIS2_PLACEMENT_3D('',#2791,#2266,#2267);
#1971=AXIS2_PLACEMENT_3D('',#2792,#2268,#2269);
#1972=AXIS2_PLACEMENT_3D('',#2835,#2272,#2273);
#1973=AXIS2_PLACEMENT_3D('',#2904,#2278,#2279);
#1974=AXIS2_PLACEMENT_3D('',#2909,#2281,#2282);
#1975=AXIS2_PLACEMENT_3D('',#2912,#2284,#2285);
#1976=AXIS2_PLACEMENT_3D('',#2913,#2286,#2287);
#1977=AXIS2_PLACEMENT_3D('',#2917,#2289,#2290);
#1978=AXIS2_PLACEMENT_3D('',#2918,#2291,#2292);
#1979=AXIS2_PLACEMENT_3D('',#2943,#2293,#2294);
#1980=AXIS2_PLACEMENT_3D('',#2951,#2299,#2300);
#1981=AXIS2_PLACEMENT_3D('',#2952,#2301,#2302);
#1982=AXIS2_PLACEMENT_3D('',#2953,#2303,#2304);
#1983=AXIS2_PLACEMENT_3D('',#2957,#2306,#2307);
#1984=AXIS2_PLACEMENT_3D('',#2960,#2309,#2310);
#1985=AXIS2_PLACEMENT_3D('',#2961,#2311,#2312);
#1986=AXIS2_PLACEMENT_3D('',#2965,#2314,#2315);
#1987=AXIS2_PLACEMENT_3D('',#2966,#2316,#2317);
#1988=AXIS2_PLACEMENT_3D('',#2967,#2318,#2319);
#1989=AXIS2_PLACEMENT_3D('',#2971,#2321,#2322);
#1990=AXIS2_PLACEMENT_3D('',#2972,#2323,#2324);
#1991=AXIS2_PLACEMENT_3D('',#2973,#2325,#2326);
#1992=AXIS2_PLACEMENT_3D('',#2974,#2327,#2328);
#1993=AXIS2_PLACEMENT_3D('',#2975,#2329,#2330);
#1994=AXIS2_PLACEMENT_3D('',#2983,#2335,#2336);
#1995=AXIS2_PLACEMENT_3D('',#2984,#2337,#2338);
#1996=AXIS2_PLACEMENT_3D('',#2985,#2339,#2340);
#1997=AXIS2_PLACEMENT_3D('',#2989,#2342,#2343);
#1998=AXIS2_PLACEMENT_3D('',#2992,#2345,#2346);
#1999=AXIS2_PLACEMENT_3D('',#2993,#2347,#2348);
#2000=AXIS2_PLACEMENT_3D('',#2997,#2350,#2351);
#2001=AXIS2_PLACEMENT_3D('',#2998,#2352,#2353);
#2002=AXIS2_PLACEMENT_3D('',#2999,#2354,#2355);
#2003=AXIS2_PLACEMENT_3D('',#3003,#2357,#2358);
#2004=AXIS2_PLACEMENT_3D('',#3004,#2359,#2360);
#2005=AXIS2_PLACEMENT_3D('',#3005,#2361,#2362);
#2006=AXIS2_PLACEMENT_3D('',#3006,#2363,#2364);
#2007=AXIS2_PLACEMENT_3D('',#3007,#2365,#2366);
#2008=AXIS2_PLACEMENT_3D('',#3015,#2371,#2372);
#2009=AXIS2_PLACEMENT_3D('',#3016,#2373,#2374);
#2010=AXIS2_PLACEMENT_3D('',#3017,#2375,#2376);
#2011=AXIS2_PLACEMENT_3D('',#3021,#2378,#2379);
#2012=AXIS2_PLACEMENT_3D('',#3024,#2381,#2382);
#2013=AXIS2_PLACEMENT_3D('',#3025,#2383,#2384);
#2014=AXIS2_PLACEMENT_3D('',#3029,#2386,#2387);
#2015=AXIS2_PLACEMENT_3D('',#3030,#2388,#2389);
#2016=AXIS2_PLACEMENT_3D('',#3031,#2390,#2391);
#2017=AXIS2_PLACEMENT_3D('',#3035,#2393,#2394);
#2018=AXIS2_PLACEMENT_3D('',#3036,#2395,#2396);
#2019=AXIS2_PLACEMENT_3D('',#3037,#2397,#2398);
#2020=AXIS2_PLACEMENT_3D('',#3038,#2399,#2400);
#2021=AXIS2_PLACEMENT_3D('',#3039,#2401,#2402);
#2022=AXIS2_PLACEMENT_3D('',#3047,#2407,#2408);
#2023=AXIS2_PLACEMENT_3D('',#3048,#2409,#2410);
#2024=AXIS2_PLACEMENT_3D('',#3049,#2411,#2412);
#2025=AXIS2_PLACEMENT_3D('',#3053,#2414,#2415);
#2026=AXIS2_PLACEMENT_3D('',#3056,#2417,#2418);
#2027=AXIS2_PLACEMENT_3D('',#3057,#2419,#2420);
#2028=AXIS2_PLACEMENT_3D('',#3061,#2422,#2423);
#2029=AXIS2_PLACEMENT_3D('',#3062,#2424,#2425);
#2030=AXIS2_PLACEMENT_3D('',#3063,#2426,#2427);
#2031=AXIS2_PLACEMENT_3D('',#3067,#2429,#2430);
#2032=AXIS2_PLACEMENT_3D('',#3068,#2431,#2432);
#2033=AXIS2_PLACEMENT_3D('',#3069,#2433,#2434);
#2034=AXIS2_PLACEMENT_3D('',#3070,#2435,#2436);
#2035=AXIS2_PLACEMENT_3D('',#3071,#2437,#2438);
#2036=AXIS2_PLACEMENT_3D('',#3079,#2443,#2444);
#2037=AXIS2_PLACEMENT_3D('',#3080,#2445,#2446);
#2038=AXIS2_PLACEMENT_3D('',#3081,#2447,#2448);
#2039=AXIS2_PLACEMENT_3D('',#3085,#2450,#2451);
#2040=AXIS2_PLACEMENT_3D('',#3088,#2453,#2454);
#2041=AXIS2_PLACEMENT_3D('',#3089,#2455,#2456);
#2042=AXIS2_PLACEMENT_3D('',#3093,#2458,#2459);
#2043=AXIS2_PLACEMENT_3D('',#3094,#2460,#2461);
#2044=AXIS2_PLACEMENT_3D('',#3095,#2462,#2463);
#2045=AXIS2_PLACEMENT_3D('',#3096,#2464,#2465);
#2046=AXIS2_PLACEMENT_3D('',#3139,#2468,#2469);
#2047=AXIS2_PLACEMENT_3D('',#3208,#2474,#2475);
#2048=AXIS2_PLACEMENT_3D('',#3213,#2477,#2478);
#2049=AXIS2_PLACEMENT_3D('',#3216,#2480,#2481);
#2050=AXIS2_PLACEMENT_3D('',#3217,#2482,#2483);
#2051=AXIS2_PLACEMENT_3D('',#3220,#2485,#2486);
#2052=AXIS2_PLACEMENT_3D('',#3221,#2487,#2488);
#2053=AXIS2_PLACEMENT_3D('',#3246,#2489,#2490);
#2054=AXIS2_PLACEMENT_3D('',#3247,#2491,#2492);
#2055=AXIS2_PLACEMENT_3D('',#3248,#2493,#2494);
#2056=AXIS2_PLACEMENT_3D('',#3259,#2498,#2499);
#2057=AXIS2_PLACEMENT_3D('',#3267,#2501,#2502);
#2058=AXIS2_PLACEMENT_3D('',#3271,#2505,#2506);
#2059=AXIS2_PLACEMENT_3D('',#3279,#2508,#2509);
#2060=AXIS2_PLACEMENT_3D('',#3281,#2511,#2512);
#2061=AXIS2_PLACEMENT_3D('',#3319,#2519,#2520);
#2062=AXIS2_PLACEMENT_3D('',#3374,#2524,#2525);
#2063=AXIS2_PLACEMENT_3D('',#3436,#2531,#2532);
#2064=AXIS2_PLACEMENT_3D('',#3523,#2537,#2538);
#2065=AXIS2_PLACEMENT_3D('',#3525,#2540,#2541);
#2066=AXIS2_PLACEMENT_3D('',#3526,#2542,#2543);
#2067=AXIS2_PLACEMENT_3D('',#3528,#2545,#2546);
#2068=AXIS2_PLACEMENT_3D('',#3530,#2548,#2549);
#2069=AXIS2_PLACEMENT_3D('',#3531,#2550,#2551);
#2070=AXIS2_PLACEMENT_3D('',#3533,#2553,#2554);
#2071=AXIS2_PLACEMENT_3D('',#3535,#2556,#2557);
#2072=AXIS2_PLACEMENT_3D('',#3537,#2559,#2560);
#2073=AXIS2_PLACEMENT_3D('',#3539,#2562,#2563);
#2074=AXIS2_PLACEMENT_3D('',#3541,#2565,#2566);
#2075=AXIS2_PLACEMENT_3D('',#3543,#2568,#2569);
#2076=AXIS2_PLACEMENT_3D('',#3545,#2571,#2572);
#2077=AXIS2_PLACEMENT_3D('',#3547,#2574,#2575);
#2078=AXIS2_PLACEMENT_3D('',#3549,#2577,#2578);
#2079=AXIS2_PLACEMENT_3D('',#3551,#2580,#2581);
#2080=AXIS2_PLACEMENT_3D('',#3553,#2583,#2584);
#2081=AXIS2_PLACEMENT_3D('',#3555,#2586,#2587);
#2082=AXIS2_PLACEMENT_3D('',#3557,#2589,#2590);
#2083=AXIS2_PLACEMENT_3D('',#3559,#2592,#2593);
#2084=AXIS2_PLACEMENT_3D('',#3561,#2595,#2596);
#2085=AXIS2_PLACEMENT_3D('',#3563,#2598,#2599);
#2086=AXIS2_PLACEMENT_3D('',#3565,#2601,#2602);
#2087=AXIS2_PLACEMENT_3D('',#3567,#2604,#2605);
#2088=AXIS2_PLACEMENT_3D('',#3569,#2607,#2608);
#2089=AXIS2_PLACEMENT_3D('',#3571,#2610,#2611);
#2090=AXIS2_PLACEMENT_3D('',#3573,#2613,#2614);
#2091=AXIS2_PLACEMENT_3D('',#3575,#2616,#2617);
#2092=AXIS2_PLACEMENT_3D('',#3577,#2619,#2620);
#2093=AXIS2_PLACEMENT_3D('',#3579,#2622,#2623);
#2094=AXIS2_PLACEMENT_3D('',#3581,#2625,#2626);
#2095=AXIS2_PLACEMENT_3D('',#3583,#2628,#2629);
#2096=AXIS2_PLACEMENT_3D('',#3585,#2631,#2632);
#2097=AXIS2_PLACEMENT_3D('',#3587,#2634,#2635);
#2098=AXIS2_PLACEMENT_3D('',#3589,#2637,#2638);
#2099=DIRECTION('axis',(0.,0.,1.));
#2100=DIRECTION('refdir',(1.,0.,0.));
#2101=DIRECTION('center_axis',(0.707106781186548,-0.0308435645972253,-0.706433772212892));
#2102=DIRECTION('ref_axis',(-0.706770036377103,0.,-0.707443365704639));
#2103=DIRECTION('',(0.707106781186508,0.0308435645972213,0.706433772212932));
#2104=DIRECTION('',(0.,-0.999048221581858,0.0436193873653266));
#2105=DIRECTION('',(-0.707106781186744,-0.0308435645972127,-0.706433772212696));
#2106=DIRECTION('',(0.,0.999048221581858,-0.0436193873653266));
#2107=DIRECTION('center_axis',(1.,0.,0.));
#2108=DIRECTION('ref_axis',(0.,-0.89153918798073,0.452943568554251));
#2109=DIRECTION('',(0.707106781186548,-0.630413405514721,0.320279468819547));
#2110=DIRECTION('center_axis',(1.,0.,0.));
#2111=DIRECTION('ref_axis',(0.,-0.89153918798073,0.452943568554251));
#2112=DIRECTION('',(-0.707106781186117,0.695933345714579,-0.125206941992535));
#2113=DIRECTION('center_axis',(-1.,0.,0.));
#2114=DIRECTION('ref_axis',(0.,-0.89153918798073,0.452943568554251));
#2115=DIRECTION('center_axis',(1.,0.,0.));
#2116=DIRECTION('ref_axis',(0.,0.927623245347119,0.373517221412453));
#2117=DIRECTION('',(0.707106781186546,0.655928687171222,0.264116560150704));
#2118=DIRECTION('center_axis',(1.,0.,0.));
#2119=DIRECTION('ref_axis',(0.,0.927623245347119,0.373517221412453));
#2120=DIRECTION('center_axis',(-1.,0.,0.));
#2121=DIRECTION('ref_axis',(0.,0.927623245347119,0.373517221412453));
#2122=DIRECTION('center_axis',(1.,0.,0.));
#2123=DIRECTION('ref_axis',(0.,0.995885815252043,0.0906170126398669));
#2124=DIRECTION('',(0.707106781186543,0.704197613252217,0.0640759041285178));
#2125=DIRECTION('center_axis',(1.,0.,0.));
#2126=DIRECTION('ref_axis',(0.,0.995885815252043,0.0906170126398669));
#2127=DIRECTION('center_axis',(-1.,0.,0.));
#2128=DIRECTION('ref_axis',(0.,0.995885815252043,0.0906170126398669));
#2129=DIRECTION('center_axis',(-1.,0.,0.));
#2130=DIRECTION('ref_axis',(0.,-0.0436193873653439,-0.999048221581858));
#2131=DIRECTION('center_axis',(1.,0.,0.));
#2132=DIRECTION('ref_axis',(0.,-0.0436193873653439,-0.999048221581858));
#2133=DIRECTION('center_axis',(0.707106781186546,-0.0308435645972253,-0.706433772212894));
#2134=DIRECTION('ref_axis',(-0.706770036377105,0.,-0.707443365704638));
#2135=DIRECTION('',(0.707106781186469,0.0308435645972321,0.706433772212971));
#2136=DIRECTION('',(0.,-0.999048221581858,0.0436193873653266));
#2137=DIRECTION('',(-0.707106781186705,-0.0308435645972173,-0.706433772212736));
#2138=DIRECTION('',(0.,0.999048221581858,-0.0436193873653266));
#2139=DIRECTION('center_axis',(-1.,0.,0.));
#2140=DIRECTION('ref_axis',(0.,-0.995885815252039,-0.0906170126399087));
#2141=DIRECTION('center_axis',(1.,0.,0.));
#2142=DIRECTION('ref_axis',(0.,-0.995885815252039,-0.0906170126399087));
#2143=DIRECTION('center_axis',(1.,0.,0.));
#2144=DIRECTION('ref_axis',(0.,-0.891539187980731,0.452943568554251));
#2145=DIRECTION('',(0.707106781186548,-0.630413405514723,0.320279468819543));
#2146=DIRECTION('center_axis',(1.,0.,0.));
#2147=DIRECTION('ref_axis',(0.,-0.891539187980731,0.452943568554251));
#2148=DIRECTION('',(-0.707106781186117,0.695933345714579,-0.125206941992535));
#2149=DIRECTION('center_axis',(-1.,0.,0.));
#2150=DIRECTION('ref_axis',(0.,-0.891539187980731,0.452943568554251));
#2151=DIRECTION('center_axis',(1.,0.,0.));
#2152=DIRECTION('ref_axis',(0.,0.927623245347119,0.373517221412452));
#2153=DIRECTION('',(0.707106781186546,0.655928687171222,0.264116560150701));
#2154=DIRECTION('center_axis',(1.,0.,0.));
#2155=DIRECTION('ref_axis',(0.,0.927623245347119,0.373517221412452));
#2156=DIRECTION('center_axis',(-1.,0.,0.));
#2157=DIRECTION('ref_axis',(0.,0.927623245347119,0.373517221412452));
#2158=DIRECTION('center_axis',(1.,0.,0.));
#2159=DIRECTION('ref_axis',(0.,0.995885815252043,0.0906170126398669));
#2160=DIRECTION('',(0.707106781186546,0.704197613252214,0.064075904128518));
#2161=DIRECTION('center_axis',(1.,0.,0.));
#2162=DIRECTION('ref_axis',(0.,0.995885815252043,0.0906170126398669));
#2163=DIRECTION('center_axis',(-1.,0.,0.));
#2164=DIRECTION('ref_axis',(0.,0.995885815252043,0.0906170126398669));
#2165=DIRECTION('center_axis',(-1.,0.,0.));
#2166=DIRECTION('ref_axis',(0.,-0.0436193873653439,-0.999048221581858));
#2167=DIRECTION('center_axis',(1.,0.,0.));
#2168=DIRECTION('ref_axis',(0.,-0.0436193873653439,-0.999048221581858));
#2169=DIRECTION('center_axis',(0.707106781186548,-0.0308435645972253,-0.706433772212892));
#2170=DIRECTION('ref_axis',(-0.706770036377103,0.,-0.707443365704639));
#2171=DIRECTION('',(0.707106781186426,0.0308435645972303,0.706433772213014));
#2172=DIRECTION('',(0.,-0.999048221581858,0.0436193873653266));
#2173=DIRECTION('',(-0.707106781186667,-0.0308435645972219,-0.706433772212773));
#2174=DIRECTION('',(0.,0.999048221581858,-0.0436193873653266));
#2175=DIRECTION('center_axis',(-1.,0.,0.));
#2176=DIRECTION('ref_axis',(0.,-0.995885815252039,-0.0906170126399094));
#2177=DIRECTION('center_axis',(1.,0.,0.));
#2178=DIRECTION('ref_axis',(0.,-0.995885815252039,-0.0906170126399094));
#2179=DIRECTION('center_axis',(1.,0.,0.));
#2180=DIRECTION('ref_axis',(0.,-0.891539187980731,0.452943568554251));
#2181=DIRECTION('',(0.707106781186547,-0.630413405514723,0.320279468819546));
#2182=DIRECTION('center_axis',(1.,0.,0.));
#2183=DIRECTION('ref_axis',(0.,-0.891539187980731,0.452943568554251));
#2184=DIRECTION('',(-0.707106781186117,0.695933345714579,-0.125206941992535));
#2185=DIRECTION('center_axis',(-1.,0.,0.));
#2186=DIRECTION('ref_axis',(0.,-0.891539187980731,0.452943568554251));
#2187=DIRECTION('center_axis',(1.,0.,0.));
#2188=DIRECTION('ref_axis',(0.,0.927623245347119,0.373517221412452));
#2189=DIRECTION('',(0.707106781186546,0.655928687171222,0.264116560150701));
#2190=DIRECTION('center_axis',(1.,0.,0.));
#2191=DIRECTION('ref_axis',(0.,0.927623245347119,0.373517221412452));
#2192=DIRECTION('center_axis',(-1.,0.,0.));
#2193=DIRECTION('ref_axis',(0.,0.927623245347119,0.373517221412452));
#2194=DIRECTION('center_axis',(1.,0.,0.));
#2195=DIRECTION('ref_axis',(0.,0.995885815252043,0.0906170126398677));
#2196=DIRECTION('',(0.707106781186548,0.704197613252212,0.0640759041285182));
#2197=DIRECTION('center_axis',(1.,0.,0.));
#2198=DIRECTION('ref_axis',(0.,0.995885815252043,0.0906170126398677));
#2199=DIRECTION('center_axis',(-1.,0.,0.));
#2200=DIRECTION('ref_axis',(0.,0.995885815252043,0.0906170126398677));
#2201=DIRECTION('center_axis',(-1.,0.,0.));
#2202=DIRECTION('ref_axis',(0.,-0.0436193873653306,-0.999048221581858));
#2203=DIRECTION('center_axis',(1.,0.,0.));
#2204=DIRECTION('ref_axis',(0.,-0.0436193873653306,-0.999048221581858));
#2205=DIRECTION('center_axis',(0.707106781186549,-0.0308435645972252,-0.706433772212891));
#2206=DIRECTION('ref_axis',(-0.706770036377102,0.,-0.707443365704641));
#2207=DIRECTION('',(0.707106781186385,0.0308435645972332,0.706433772213054));
#2208=DIRECTION('',(0.,-0.999048221581858,0.0436193873653266));
#2209=DIRECTION('',(-0.707106781186627,-0.0308435645972233,-0.706433772212813));
#2210=DIRECTION('',(0.,0.999048221581858,-0.0436193873653266));
#2211=DIRECTION('center_axis',(-1.,0.,0.));
#2212=DIRECTION('ref_axis',(0.,-0.995885815252039,-0.0906170126399096));
#2213=DIRECTION('center_axis',(1.,0.,0.));
#2214=DIRECTION('ref_axis',(0.,-0.995885815252039,-0.0906170126399096));
#2215=DIRECTION('center_axis',(1.,0.,0.));
#2216=DIRECTION('ref_axis',(0.,-0.891539187980731,0.452943568554251));
#2217=DIRECTION('',(0.707106781186548,-0.630413405514722,0.320279468819544));
#2218=DIRECTION('center_axis',(1.,0.,0.));
#2219=DIRECTION('ref_axis',(0.,-0.891539187980731,0.452943568554251));
#2220=DIRECTION('',(-0.707106781186118,0.695933345714577,-0.125206941992535));
#2221=DIRECTION('center_axis',(-1.,0.,0.));
#2222=DIRECTION('ref_axis',(0.,-0.891539187980731,0.452943568554251));
#2223=DIRECTION('center_axis',(1.,0.,0.));
#2224=DIRECTION('ref_axis',(0.,0.927623245347119,0.373517221412453));
#2225=DIRECTION('',(0.707106781186546,0.655928687171222,0.264116560150701));
#2226=DIRECTION('center_axis',(1.,0.,0.));
#2227=DIRECTION('ref_axis',(0.,0.927623245347119,0.373517221412453));
#2228=DIRECTION('center_axis',(-1.,0.,0.));
#2229=DIRECTION('ref_axis',(0.,0.927623245347119,0.373517221412453));
#2230=DIRECTION('center_axis',(1.,0.,0.));
#2231=DIRECTION('ref_axis',(0.,0.995885815252043,0.090617012639867));
#2232=DIRECTION('',(0.707106781186548,0.704197613252213,0.0640759041285182));
#2233=DIRECTION('center_axis',(1.,0.,0.));
#2234=DIRECTION('ref_axis',(0.,0.995885815252043,0.090617012639867));
#2235=DIRECTION('center_axis',(-1.,0.,0.));
#2236=DIRECTION('ref_axis',(0.,0.995885815252043,0.090617012639867));
#2237=DIRECTION('center_axis',(-1.,0.,0.));
#2238=DIRECTION('ref_axis',(0.,-0.043619387365335,-0.999048221581858));
#2239=DIRECTION('center_axis',(1.,0.,0.));
#2240=DIRECTION('ref_axis',(0.,-0.043619387365335,-0.999048221581858));
#2241=DIRECTION('center_axis',(0.707106781186546,-0.0308435645972253,-0.706433772212894));
#2242=DIRECTION('ref_axis',(-0.706770036377105,0.,-0.707443365704638));
#2243=DIRECTION('',(0.707106781186346,0.0308435645972346,0.706433772213094));
#2244=DIRECTION('',(0.,-0.999048221581858,0.0436193873653266));
#2245=DIRECTION('',(-0.707106781186587,-0.0308435645972223,-0.706433772212853));
#2246=DIRECTION('',(0.,0.999048221581858,-0.0436193873653266));
#2247=DIRECTION('center_axis',(-1.,0.,0.));
#2248=DIRECTION('ref_axis',(0.,-0.995885815252039,-0.0906170126399094));
#2249=DIRECTION('center_axis',(1.,0.,0.));
#2250=DIRECTION('ref_axis',(0.,-0.995885815252039,-0.0906170126399094));
#2251=DIRECTION('center_axis',(1.,0.,0.));
#2252=DIRECTION('ref_axis',(0.,-0.89153918798073,0.452943568554251));
#2253=DIRECTION('',(0.707106781186548,-0.630413405514722,0.320279468819544));
#2254=DIRECTION('center_axis',(1.,0.,0.));
#2255=DIRECTION('ref_axis',(0.,-0.891539187980731,0.452943568554251));
#2256=DIRECTION('',(-0.707106781186118,0.695933345714577,-0.125206941992535));
#2257=DIRECTION('center_axis',(-1.,0.,0.));
#2258=DIRECTION('ref_axis',(0.,-0.891539187980731,0.452943568554251));
#2259=DIRECTION('center_axis',(1.,0.,0.));
#2260=DIRECTION('ref_axis',(0.,-0.927623245347119,-0.373517221412452));
#2261=DIRECTION('',(0.707106781186548,-0.433587835623704,0.558571023952327));
#2262=DIRECTION('center_axis',(1.,0.,0.));
#2263=DIRECTION('ref_axis',(0.,-0.927623245347119,-0.373517221412453));
#2264=DIRECTION('center_axis',(-1.,0.,0.));
#2265=DIRECTION('ref_axis',(0.,-0.927623245347119,-0.373517221412453));
#2266=DIRECTION('center_axis',(-1.,0.,0.));
#2267=DIRECTION('ref_axis',(0.,-0.043619387365335,-0.999048221581858));
#2268=DIRECTION('center_axis',(1.,0.,0.));
#2269=DIRECTION('ref_axis',(0.,-0.043619387365335,-0.999048221581858));
#2270=DIRECTION('',(-0.711136428190767,0.194730187136624,-0.675548025471034));
#2271=DIRECTION('',(0.,0.685459314352894,0.728110931360641));
#2272=DIRECTION('center_axis',(0.,0.728110931362991,-0.685459314350398));
#2273=DIRECTION('ref_axis',(-1.,0.,0.));
#2274=DIRECTION('',(-1.,0.,0.));
#2275=DIRECTION('',(0.,0.685459314350398,0.728110931362991));
#2276=DIRECTION('',(1.,0.,0.));
#2277=DIRECTION('',(-0.711136428190764,-0.194730187136627,0.675548025471037));
#2278=DIRECTION('center_axis',(-1.,0.,0.));
#2279=DIRECTION('ref_axis',(0.,-0.927623245347119,-0.373517221412452));
#2280=DIRECTION('',(-0.707106781186547,-0.630413405514722,0.320279468819546));
#2281=DIRECTION('center_axis',(-1.,0.,0.));
#2282=DIRECTION('ref_axis',(0.,-0.927623245347119,-0.373517221412453));
#2283=DIRECTION('',(0.707106781186548,0.433587835623704,-0.558571023952327));
#2284=DIRECTION('center_axis',(1.,0.,0.));
#2285=DIRECTION('ref_axis',(0.,-0.927623245347119,-0.373517221412453));
#2286=DIRECTION('center_axis',(-1.,0.,0.));
#2287=DIRECTION('ref_axis',(0.,-0.89153918798073,0.452943568554251));
#2288=DIRECTION('',(-0.707106781186118,-0.695933345714577,0.125206941992535));
#2289=DIRECTION('center_axis',(-1.,0.,0.));
#2290=DIRECTION('ref_axis',(0.,-0.891539187980731,0.452943568554251));
#2291=DIRECTION('center_axis',(1.,0.,0.));
#2292=DIRECTION('ref_axis',(0.,-0.891539187980731,0.452943568554251));
#2293=DIRECTION('center_axis',(-0.707106781186546,-0.0308435645972253,-0.706433772212894));
#2294=DIRECTION('ref_axis',(-0.706770036377105,0.,0.707443365704638));
#2295=DIRECTION('',(-0.707106781186587,0.0308435645972223,0.706433772212853));
#2296=DIRECTION('',(0.,0.999048221581858,-0.0436193873653266));
#2297=DIRECTION('',(0.707106781186346,-0.0308435645972346,-0.706433772213094));
#2298=DIRECTION('',(0.,-0.999048221581858,0.0436193873653266));
#2299=DIRECTION('center_axis',(1.,0.,0.));
#2300=DIRECTION('ref_axis',(0.,-0.043619387365335,-0.999048221581858));
#2301=DIRECTION('center_axis',(-1.,0.,0.));
#2302=DIRECTION('ref_axis',(0.,-0.043619387365335,-0.999048221581858));
#2303=DIRECTION('center_axis',(-1.,0.,0.));
#2304=DIRECTION('ref_axis',(0.,0.995885815252043,0.090617012639867));
#2305=DIRECTION('',(-0.707106781186548,0.65592868717122,0.264116560150702));
#2306=DIRECTION('center_axis',(-1.,0.,0.));
#2307=DIRECTION('ref_axis',(0.,0.995885815252043,0.090617012639867));
#2308=DIRECTION('',(0.707106781186548,-0.704197613252213,-0.0640759041285182));
#2309=DIRECTION('center_axis',(1.,0.,0.));
#2310=DIRECTION('ref_axis',(0.,0.995885815252043,0.090617012639867));
#2311=DIRECTION('center_axis',(-1.,0.,0.));
#2312=DIRECTION('ref_axis',(0.,0.927623245347119,0.373517221412453));
#2313=DIRECTION('',(-0.707106781186548,-0.630413405514722,0.320279468819546));
#2314=DIRECTION('center_axis',(-1.,0.,0.));
#2315=DIRECTION('ref_axis',(0.,0.927623245347119,0.373517221412453));
#2316=DIRECTION('center_axis',(1.,0.,0.));
#2317=DIRECTION('ref_axis',(0.,0.927623245347119,0.373517221412453));
#2318=DIRECTION('center_axis',(-1.,0.,0.));
#2319=DIRECTION('ref_axis',(0.,-0.891539187980731,0.452943568554251));
#2320=DIRECTION('',(-0.707106781186118,-0.695933345714577,0.125206941992535));
#2321=DIRECTION('center_axis',(-1.,0.,0.));
#2322=DIRECTION('ref_axis',(0.,-0.891539187980731,0.452943568554251));
#2323=DIRECTION('center_axis',(1.,0.,0.));
#2324=DIRECTION('ref_axis',(0.,-0.891539187980731,0.452943568554251));
#2325=DIRECTION('center_axis',(1.,0.,0.));
#2326=DIRECTION('ref_axis',(0.,-0.995885815252039,-0.0906170126399094));
#2327=DIRECTION('center_axis',(-1.,0.,0.));
#2328=DIRECTION('ref_axis',(0.,-0.995885815252039,-0.0906170126399094));
#2329=DIRECTION('center_axis',(-0.707106781186549,-0.0308435645972252,-0.706433772212891));
#2330=DIRECTION('ref_axis',(-0.706770036377102,0.,0.707443365704641));
#2331=DIRECTION('',(-0.707106781186627,0.0308435645972233,0.706433772212813));
#2332=DIRECTION('',(0.,0.999048221581858,-0.0436193873653266));
#2333=DIRECTION('',(0.707106781186385,-0.0308435645972332,-0.706433772213054));
#2334=DIRECTION('',(0.,-0.999048221581858,0.0436193873653266));
#2335=DIRECTION('center_axis',(1.,0.,0.));
#2336=DIRECTION('ref_axis',(0.,-0.043619387365335,-0.999048221581858));
#2337=DIRECTION('center_axis',(-1.,0.,0.));
#2338=DIRECTION('ref_axis',(0.,-0.043619387365335,-0.999048221581858));
#2339=DIRECTION('center_axis',(-1.,0.,0.));
#2340=DIRECTION('ref_axis',(0.,0.995885815252043,0.0906170126398677));
#2341=DIRECTION('',(-0.707106781186547,0.65592868717122,0.264116560150701));
#2342=DIRECTION('center_axis',(-1.,0.,0.));
#2343=DIRECTION('ref_axis',(0.,0.995885815252043,0.0906170126398677));
#2344=DIRECTION('',(0.707106781186548,-0.704197613252212,-0.0640759041285182));
#2345=DIRECTION('center_axis',(1.,0.,0.));
#2346=DIRECTION('ref_axis',(0.,0.995885815252043,0.0906170126398677));
#2347=DIRECTION('center_axis',(-1.,0.,0.));
#2348=DIRECTION('ref_axis',(0.,0.927623245347119,0.373517221412452));
#2349=DIRECTION('',(-0.707106781186547,-0.630413405514723,0.320279468819546));
#2350=DIRECTION('center_axis',(-1.,0.,0.));
#2351=DIRECTION('ref_axis',(0.,0.927623245347119,0.373517221412452));
#2352=DIRECTION('center_axis',(1.,0.,0.));
#2353=DIRECTION('ref_axis',(0.,0.927623245347119,0.373517221412452));
#2354=DIRECTION('center_axis',(-1.,0.,0.));
#2355=DIRECTION('ref_axis',(0.,-0.891539187980731,0.452943568554251));
#2356=DIRECTION('',(-0.707106781186117,-0.695933345714579,0.125206941992535));
#2357=DIRECTION('center_axis',(-1.,0.,0.));
#2358=DIRECTION('ref_axis',(0.,-0.891539187980731,0.452943568554251));
#2359=DIRECTION('center_axis',(1.,0.,0.));
#2360=DIRECTION('ref_axis',(0.,-0.891539187980731,0.452943568554251));
#2361=DIRECTION('center_axis',(1.,0.,0.));
#2362=DIRECTION('ref_axis',(0.,-0.995885815252039,-0.0906170126399096));
#2363=DIRECTION('center_axis',(-1.,0.,0.));
#2364=DIRECTION('ref_axis',(0.,-0.995885815252039,-0.0906170126399096));
#2365=DIRECTION('center_axis',(-0.707106781186548,-0.0308435645972253,-0.706433772212892));
#2366=DIRECTION('ref_axis',(-0.706770036377103,0.,0.707443365704639));
#2367=DIRECTION('',(-0.707106781186667,0.0308435645972219,0.706433772212773));
#2368=DIRECTION('',(0.,0.999048221581858,-0.0436193873653266));
#2369=DIRECTION('',(0.707106781186426,-0.0308435645972303,-0.706433772213014));
#2370=DIRECTION('',(0.,-0.999048221581858,0.0436193873653266));
#2371=DIRECTION('center_axis',(1.,0.,0.));
#2372=DIRECTION('ref_axis',(0.,-0.0436193873653306,-0.999048221581858));
#2373=DIRECTION('center_axis',(-1.,0.,0.));
#2374=DIRECTION('ref_axis',(0.,-0.0436193873653306,-0.999048221581858));
#2375=DIRECTION('center_axis',(-1.,0.,0.));
#2376=DIRECTION('ref_axis',(0.,0.995885815252043,0.0906170126398669));
#2377=DIRECTION('',(-0.707106781186546,0.655928687171222,0.264116560150704));
#2378=DIRECTION('center_axis',(-1.,0.,0.));
#2379=DIRECTION('ref_axis',(0.,0.995885815252043,0.0906170126398669));
#2380=DIRECTION('',(0.707106781186546,-0.704197613252214,-0.064075904128518));
#2381=DIRECTION('center_axis',(1.,0.,0.));
#2382=DIRECTION('ref_axis',(0.,0.995885815252043,0.0906170126398669));
#2383=DIRECTION('center_axis',(-1.,0.,0.));
#2384=DIRECTION('ref_axis',(0.,0.927623245347119,0.373517221412452));
#2385=DIRECTION('',(-0.707106781186547,-0.630413405514723,0.320279468819546));
#2386=DIRECTION('center_axis',(-1.,0.,0.));
#2387=DIRECTION('ref_axis',(0.,0.927623245347119,0.373517221412452));
#2388=DIRECTION('center_axis',(1.,0.,0.));
#2389=DIRECTION('ref_axis',(0.,0.927623245347119,0.373517221412452));
#2390=DIRECTION('center_axis',(-1.,0.,0.));
#2391=DIRECTION('ref_axis',(0.,-0.891539187980731,0.452943568554251));
#2392=DIRECTION('',(-0.707106781186117,-0.695933345714579,0.125206941992535));
#2393=DIRECTION('center_axis',(-1.,0.,0.));
#2394=DIRECTION('ref_axis',(0.,-0.891539187980731,0.452943568554251));
#2395=DIRECTION('center_axis',(1.,0.,0.));
#2396=DIRECTION('ref_axis',(0.,-0.891539187980731,0.452943568554251));
#2397=DIRECTION('center_axis',(1.,0.,0.));
#2398=DIRECTION('ref_axis',(0.,-0.995885815252039,-0.0906170126399094));
#2399=DIRECTION('center_axis',(-1.,0.,0.));
#2400=DIRECTION('ref_axis',(0.,-0.995885815252039,-0.0906170126399094));
#2401=DIRECTION('center_axis',(-0.707106781186546,-0.0308435645972253,-0.706433772212894));
#2402=DIRECTION('ref_axis',(-0.706770036377105,0.,0.707443365704638));
#2403=DIRECTION('',(-0.707106781186705,0.0308435645972173,0.706433772212736));
#2404=DIRECTION('',(0.,0.999048221581858,-0.0436193873653266));
#2405=DIRECTION('',(0.707106781186469,-0.0308435645972321,-0.706433772212971));
#2406=DIRECTION('',(0.,-0.999048221581858,0.0436193873653266));
#2407=DIRECTION('center_axis',(1.,0.,0.));
#2408=DIRECTION('ref_axis',(0.,-0.0436193873653439,-0.999048221581858));
#2409=DIRECTION('center_axis',(-1.,0.,0.));
#2410=DIRECTION('ref_axis',(0.,-0.0436193873653439,-0.999048221581858));
#2411=DIRECTION('center_axis',(-1.,0.,0.));
#2412=DIRECTION('ref_axis',(0.,0.995885815252043,0.0906170126398669));
#2413=DIRECTION('',(-0.707106781186546,0.655928687171222,0.264116560150704));
#2414=DIRECTION('center_axis',(-1.,0.,0.));
#2415=DIRECTION('ref_axis',(0.,0.995885815252043,0.0906170126398669));
#2416=DIRECTION('',(0.707106781186543,-0.704197613252217,-0.0640759041285178));
#2417=DIRECTION('center_axis',(1.,0.,0.));
#2418=DIRECTION('ref_axis',(0.,0.995885815252043,0.0906170126398669));
#2419=DIRECTION('center_axis',(-1.,0.,0.));
#2420=DIRECTION('ref_axis',(0.,0.927623245347119,0.373517221412453));
#2421=DIRECTION('',(-0.707106781186549,-0.630413405514721,0.320279468819544));
#2422=DIRECTION('center_axis',(-1.,0.,0.));
#2423=DIRECTION('ref_axis',(0.,0.927623245347119,0.373517221412453));
#2424=DIRECTION('center_axis',(1.,0.,0.));
#2425=DIRECTION('ref_axis',(0.,0.927623245347119,0.373517221412453));
#2426=DIRECTION('center_axis',(-1.,0.,0.));
#2427=DIRECTION('ref_axis',(0.,-0.89153918798073,0.452943568554251));
#2428=DIRECTION('',(-0.707106781186117,-0.695933345714579,0.125206941992535));
#2429=DIRECTION('center_axis',(-1.,0.,0.));
#2430=DIRECTION('ref_axis',(0.,-0.89153918798073,0.452943568554251));
#2431=DIRECTION('center_axis',(1.,0.,0.));
#2432=DIRECTION('ref_axis',(0.,-0.89153918798073,0.452943568554251));
#2433=DIRECTION('center_axis',(1.,0.,0.));
#2434=DIRECTION('ref_axis',(0.,-0.995885815252039,-0.0906170126399087));
#2435=DIRECTION('center_axis',(-1.,0.,0.));
#2436=DIRECTION('ref_axis',(0.,-0.995885815252039,-0.0906170126399087));
#2437=DIRECTION('center_axis',(-0.707106781186548,-0.0308435645972253,-0.706433772212892));
#2438=DIRECTION('ref_axis',(-0.706770036377103,0.,0.707443365704639));
#2439=DIRECTION('',(-0.707106781186744,0.0308435645972127,0.706433772212696));
#2440=DIRECTION('',(0.,0.999048221581858,-0.0436193873653266));
#2441=DIRECTION('',(0.707106781186508,-0.0308435645972213,-0.706433772212932));
#2442=DIRECTION('',(0.,-0.999048221581858,0.0436193873653266));
#2443=DIRECTION('center_axis',(1.,0.,0.));
#2444=DIRECTION('ref_axis',(0.,-0.0436193873653439,-0.999048221581858));
#2445=DIRECTION('center_axis',(-1.,0.,0.));
#2446=DIRECTION('ref_axis',(0.,-0.0436193873653439,-0.999048221581858));
#2447=DIRECTION('center_axis',(-1.,0.,0.));
#2448=DIRECTION('ref_axis',(0.,0.995885815252043,0.0906170126398669));
#2449=DIRECTION('',(-0.707106781186549,0.655928687171219,0.264116560150702));
#2450=DIRECTION('center_axis',(-1.,0.,0.));
#2451=DIRECTION('ref_axis',(0.,0.995885815252043,0.0906170126398669));
#2452=DIRECTION('',(0.707106781186546,-0.704197613252214,-0.064075904128518));
#2453=DIRECTION('center_axis',(1.,0.,0.));
#2454=DIRECTION('ref_axis',(0.,0.995885815252043,0.0906170126398669));
#2455=DIRECTION('center_axis',(-1.,0.,0.));
#2456=DIRECTION('ref_axis',(0.,0.927623245347119,0.373517221412453));
#2457=DIRECTION('',(-0.707106781186548,0.480620575475291,0.518655822708855));
#2458=DIRECTION('center_axis',(-1.,0.,0.));
#2459=DIRECTION('ref_axis',(0.,0.927623245347119,0.373517221412453));
#2460=DIRECTION('center_axis',(1.,0.,0.));
#2461=DIRECTION('ref_axis',(0.,0.927623245347119,0.373517221412453));
#2462=DIRECTION('center_axis',(1.,0.,0.));
#2463=DIRECTION('ref_axis',(0.,-0.995885815252039,-0.0906170126399087));
#2464=DIRECTION('center_axis',(-1.,0.,0.));
#2465=DIRECTION('ref_axis',(0.,-0.995885815252039,-0.0906170126399087));
#2466=DIRECTION('',(0.711136428190764,-0.252867069905566,-0.65600550718531));
#2467=DIRECTION('',(0.,-0.619391885690531,0.78508196510984));
#2468=DIRECTION('center_axis',(0.,-0.785081965111962,-0.619391885687841));
#2469=DIRECTION('ref_axis',(-1.,0.,0.));
#2470=DIRECTION('',(0.,-0.619391885687841,0.785081965111962));
#2471=DIRECTION('',(-1.,0.,0.));
#2472=DIRECTION('',(1.,0.,0.));
#2473=DIRECTION('',(0.711136428190768,0.252867069905572,0.656005507185304));
#2474=DIRECTION('center_axis',(1.,0.,0.));
#2475=DIRECTION('ref_axis',(0.,0.927623245347119,0.373517221412453));
#2476=DIRECTION('',(0.707106781186546,0.655928687171222,0.264116560150704));
#2477=DIRECTION('center_axis',(1.,0.,0.));
#2478=DIRECTION('ref_axis',(0.,0.927623245347119,0.373517221412453));
#2479=DIRECTION('',(-0.707106781186548,-0.480620575475291,-0.518655822708855));
#2480=DIRECTION('center_axis',(-1.,0.,0.));
#2481=DIRECTION('ref_axis',(0.,0.927623245347119,0.373517221412453));
#2482=DIRECTION('center_axis',(1.,0.,0.));
#2483=DIRECTION('ref_axis',(0.,0.995885815252043,0.0906170126398669));
#2484=DIRECTION('',(0.707106781186546,0.704197613252214,0.064075904128518));
#2485=DIRECTION('center_axis',(1.,0.,0.));
#2486=DIRECTION('ref_axis',(0.,0.995885815252043,0.0906170126398669));
#2487=DIRECTION('center_axis',(-1.,0.,0.));
#2488=DIRECTION('ref_axis',(0.,0.995885815252043,0.0906170126398669));
#2489=DIRECTION('center_axis',(-1.,0.,0.));
#2490=DIRECTION('ref_axis',(0.,-0.995885815252039,-0.0906170126399087));
#2491=DIRECTION('center_axis',(1.,0.,0.));
#2492=DIRECTION('ref_axis',(0.,-0.995885815252039,-0.0906170126399087));
#2493=DIRECTION('center_axis',(1.,0.,0.));
#2494=DIRECTION('ref_axis',(0.,1.,0.));
#2495=DIRECTION('',(0.,-0.043619387365326,-0.999048221581858));
#2496=DIRECTION('',(0.,-1.,6.34413156928661E-17));
#2497=DIRECTION('',(0.,0.0436193873653448,0.999048221581857));
#2498=DIRECTION('center_axis',(0.,0.043619387365326,0.999048221581858));
#2499=DIRECTION('ref_axis',(-0.707106781186545,-0.706433772212895,0.0308435645972258));
#2500=DIRECTION('',(0.,0.043619387365326,0.999048221581858));
#2501=DIRECTION('center_axis',(0.,-0.999048221581858,0.043619387365326));
#2502=DIRECTION('ref_axis',(0.,-0.043619387365326,-0.999048221581858));
#2503=DIRECTION('',(0.,-0.043619387365326,-0.999048221581858));
#2504=DIRECTION('',(1.,0.,0.));
#2505=DIRECTION('center_axis',(0.,-0.043619387365326,-0.999048221581858));
#2506=DIRECTION('ref_axis',(0.707106781186545,-0.706433772212895,0.0308435645972258));
#2507=DIRECTION('',(0.,0.043619387365326,0.999048221581858));
#2508=DIRECTION('center_axis',(1.,0.,0.));
#2509=DIRECTION('ref_axis',(0.,0.927623245347119,0.373517221412453));
#2510=DIRECTION('',(1.,0.,0.));
#2511=DIRECTION('center_axis',(0.707106781186547,4.48597845338222E-17,0.707106781186548));
#2512=DIRECTION('ref_axis',(0.707106781186548,0.,-0.707106781186547));
#2513=DIRECTION('',(-0.707106781186548,9.8130778667736E-17,0.707106781186547));
#2514=DIRECTION('',(0.,-1.,6.34413156928661E-17));
#2515=DIRECTION('',(0.707106781186548,0.,-0.707106781186547));
#2516=DIRECTION('',(0.,1.,-6.34413156928661E-17));
#2517=DIRECTION('',(-0.706857891151777,0.028003086605275,0.706801067385329));
#2518=DIRECTION('',(0.,-0.722363962059752,-0.691513055782273));
#2519=DIRECTION('center_axis',(0.,-0.691513055782273,0.722363962059753));
#2520=DIRECTION('ref_axis',(1.,0.,0.));
#2521=DIRECTION('',(-1.,0.,0.));
#2522=DIRECTION('',(0.,-0.722363962059753,-0.691513055782273));
#2523=DIRECTION('',(-0.706857891151777,-0.0280030866052719,-0.706801067385329));
#2524=DIRECTION('center_axis',(-0.707106781186547,4.48597845338222E-17,
0.707106781186548));
#2525=DIRECTION('ref_axis',(0.707106781186548,0.,0.707106781186547));
#2526=DIRECTION('',(-0.707106781186548,-9.8130778667736E-17,-0.707106781186547));
#2527=DIRECTION('',(0.707106781186548,0.,0.707106781186547));
#2528=DIRECTION('',(0.,1.,-6.34413156928661E-17));
#2529=DIRECTION('',(-1.60549828429375E-15,0.691513055782266,-0.722363962059759));
#2530=DIRECTION('',(0.706800827341058,-2.1598116468007E-15,0.707412602707922));
#2531=DIRECTION('center_axis',(0.,0.722363962059759,0.691513055782266));
#2532=DIRECTION('ref_axis',(1.,0.,0.));
#2533=DIRECTION('',(0.,0.691513055782266,-0.722363962059759));
#2534=DIRECTION('',(-1.,0.,0.));
#2535=DIRECTION('',(1.,0.,0.));
#2536=DIRECTION('',(0.706800827341058,2.25798490347346E-15,-0.707412602707922));
#2537=DIRECTION('center_axis',(0.,-0.0436193873653448,-0.999048221581857));
#2538=DIRECTION('ref_axis',(-0.707106781186547,0.706433772212893,-0.0308435645972373));
#2539=DIRECTION('',(0.,-0.0436193873653448,-0.999048221581857));
#2540=DIRECTION('center_axis',(0.,6.34413156928661E-17,1.));
#2541=DIRECTION('ref_axis',(0.,-1.,6.34413156928661E-17));
#2542=DIRECTION('center_axis',(0.,0.999048221581857,-0.0436193873653448));
#2543=DIRECTION('ref_axis',(0.,0.0436193873653448,0.999048221581857));
#2544=DIRECTION('',(0.,0.0436193873653448,0.999048221581857));
#2545=DIRECTION('center_axis',(0.,0.0436193873653448,0.999048221581857));
#2546=DIRECTION('ref_axis',(0.707106781186547,0.706433772212893,-0.0308435645972373));
#2547=DIRECTION('',(0.,-0.0436193873653448,-0.999048221581857));
#2548=DIRECTION('center_axis',(1.,0.,0.));
#2549=DIRECTION('ref_axis',(0.,1.,0.));
#2550=DIRECTION('center_axis',(1.,0.,0.));
#2551=DIRECTION('ref_axis',(0.,0.927623245347119,0.373517221412453));
#2552=DIRECTION('',(-1.,0.,0.));
#2553=DIRECTION('center_axis',(1.,0.,0.));
#2554=DIRECTION('ref_axis',(0.,-0.891539187980731,0.452943568554251));
#2555=DIRECTION('',(1.,0.,0.));
#2556=DIRECTION('center_axis',(1.,0.,0.));
#2557=DIRECTION('ref_axis',(0.,-0.043619387365335,-0.999048221581858));
#2558=DIRECTION('',(1.,0.,0.));
#2559=DIRECTION('center_axis',(0.,-0.0436193873653266,-0.999048221581858));
#2560=DIRECTION('ref_axis',(0.,0.999048221581858,-0.0436193873653266));
#2561=DIRECTION('',(1.,0.,0.));
#2562=DIRECTION('center_axis',(1.,0.,0.));
#2563=DIRECTION('ref_axis',(0.,-0.995885815252039,-0.0906170126399094));
#2564=DIRECTION('',(1.,0.,0.));
#2565=DIRECTION('center_axis',(1.,0.,0.));
#2566=DIRECTION('ref_axis',(0.,0.995885815252043,0.090617012639867));
#2567=DIRECTION('',(1.,0.,0.));
#2568=DIRECTION('center_axis',(1.,0.,0.));
#2569=DIRECTION('ref_axis',(0.,0.927623245347119,0.373517221412453));
#2570=DIRECTION('',(1.,0.,0.));
#2571=DIRECTION('center_axis',(1.,0.,0.));
#2572=DIRECTION('ref_axis',(0.,-0.891539187980731,0.452943568554251));
#2573=DIRECTION('',(1.,0.,0.));
#2574=DIRECTION('center_axis',(1.,0.,0.));
#2575=DIRECTION('ref_axis',(0.,-0.043619387365335,-0.999048221581858));
#2576=DIRECTION('',(1.,0.,0.));
#2577=DIRECTION('center_axis',(0.,-0.0436193873653266,-0.999048221581858));
#2578=DIRECTION('ref_axis',(0.,0.999048221581858,-0.0436193873653266));
#2579=DIRECTION('',(1.,0.,0.));
#2580=DIRECTION('center_axis',(1.,0.,0.));
#2581=DIRECTION('ref_axis',(0.,-0.995885815252039,-0.0906170126399096));
#2582=DIRECTION('',(1.,0.,0.));
#2583=DIRECTION('center_axis',(1.,0.,0.));
#2584=DIRECTION('ref_axis',(0.,0.995885815252043,0.0906170126398677));
#2585=DIRECTION('',(1.,0.,0.));
#2586=DIRECTION('center_axis',(1.,0.,0.));
#2587=DIRECTION('ref_axis',(0.,0.927623245347119,0.373517221412452));
#2588=DIRECTION('',(1.,0.,0.));
#2589=DIRECTION('center_axis',(1.,0.,0.));
#2590=DIRECTION('ref_axis',(0.,-0.891539187980731,0.452943568554251));
#2591=DIRECTION('',(1.,0.,0.));
#2592=DIRECTION('center_axis',(1.,0.,0.));
#2593=DIRECTION('ref_axis',(0.,-0.0436193873653306,-0.999048221581858));
#2594=DIRECTION('',(1.,0.,0.));
#2595=DIRECTION('center_axis',(0.,-0.0436193873653266,-0.999048221581858));
#2596=DIRECTION('ref_axis',(0.,0.999048221581858,-0.0436193873653266));
#2597=DIRECTION('',(1.,0.,0.));
#2598=DIRECTION('center_axis',(1.,0.,0.));
#2599=DIRECTION('ref_axis',(0.,-0.995885815252039,-0.0906170126399094));
#2600=DIRECTION('',(1.,0.,0.));
#2601=DIRECTION('center_axis',(1.,0.,0.));
#2602=DIRECTION('ref_axis',(0.,0.995885815252043,0.0906170126398669));
#2603=DIRECTION('',(1.,0.,0.));
#2604=DIRECTION('center_axis',(1.,0.,0.));
#2605=DIRECTION('ref_axis',(0.,0.927623245347119,0.373517221412452));
#2606=DIRECTION('',(1.,0.,0.));
#2607=DIRECTION('center_axis',(1.,0.,0.));
#2608=DIRECTION('ref_axis',(0.,-0.891539187980731,0.452943568554251));
#2609=DIRECTION('',(1.,0.,0.));
#2610=DIRECTION('center_axis',(1.,0.,0.));
#2611=DIRECTION('ref_axis',(0.,-0.0436193873653439,-0.999048221581858));
#2612=DIRECTION('',(1.,0.,0.));
#2613=DIRECTION('center_axis',(0.,-0.0436193873653266,-0.999048221581858));
#2614=DIRECTION('ref_axis',(0.,0.999048221581858,-0.0436193873653266));
#2615=DIRECTION('',(1.,0.,0.));
#2616=DIRECTION('center_axis',(1.,0.,0.));
#2617=DIRECTION('ref_axis',(0.,-0.995885815252039,-0.0906170126399087));
#2618=DIRECTION('',(1.,0.,0.));
#2619=DIRECTION('center_axis',(1.,0.,0.));
#2620=DIRECTION('ref_axis',(0.,0.995885815252043,0.0906170126398669));
#2621=DIRECTION('',(1.,0.,0.));
#2622=DIRECTION('center_axis',(1.,0.,0.));
#2623=DIRECTION('ref_axis',(0.,0.927623245347119,0.373517221412453));
#2624=DIRECTION('',(1.,0.,0.));
#2625=DIRECTION('center_axis',(1.,0.,0.));
#2626=DIRECTION('ref_axis',(0.,-0.89153918798073,0.452943568554251));
#2627=DIRECTION('',(1.,0.,0.));
#2628=DIRECTION('center_axis',(1.,0.,0.));
#2629=DIRECTION('ref_axis',(0.,-0.0436193873653439,-0.999048221581858));
#2630=DIRECTION('',(1.,0.,0.));
#2631=DIRECTION('center_axis',(0.,-0.0436193873653266,-0.999048221581858));
#2632=DIRECTION('ref_axis',(0.,0.999048221581858,-0.0436193873653266));
#2633=DIRECTION('',(1.,0.,0.));
#2634=DIRECTION('center_axis',(1.,0.,0.));
#2635=DIRECTION('ref_axis',(0.,-0.995885815252039,-0.0906170126399087));
#2636=DIRECTION('',(1.,0.,0.));
#2637=DIRECTION('center_axis',(1.,0.,0.));
#2638=DIRECTION('ref_axis',(0.,0.995885815252043,0.0906170126398669));
#2639=CARTESIAN_POINT('',(0.,0.,0.));
#2640=CARTESIAN_POINT('Origin',(5.875,-10.7762202831157,-8.20300887975361));
#2641=CARTESIAN_POINT('',(5.75,-13.2643864677565,-8.21949228366459));
#2642=CARTESIAN_POINT('',(6.,-13.2534816209152,-7.96973022826909));
#2643=CARTESIAN_POINT('',(5.75,-13.2643864677565,-8.21949228366459));
#2644=CARTESIAN_POINT('',(6.,-13.9647160974433,-7.93867706039445));
#2645=CARTESIAN_POINT('',(6.,-10.7707678596951,-8.07812785205588));
#2646=CARTESIAN_POINT('',(5.75,-13.9756209442844,-8.18843911579018));
#2647=CARTESIAN_POINT('',(6.,-13.9647160974431,-7.93867706039485));
#2648=CARTESIAN_POINT('',(5.75,-10.7816727065364,-8.32788990745134));
#2649=CARTESIAN_POINT('Origin',(5.875,-11.5114504953643,-8.28314298744795));
#2650=CARTESIAN_POINT('',(5.75,-12.866590061095,-7.59466876324548));
#2651=CARTESIAN_POINT('',(6.,-13.0894748580902,-7.48143287110692));
#2652=CARTESIAN_POINT('',(5.75,-12.866590061095,-7.59466876324548));
#2653=CARTESIAN_POINT('Origin',(6.,-11.5114504953643,-8.28314298744795));
#2654=CARTESIAN_POINT('',(5.75,-13.0074320269093,-8.01399756713513));
#2655=CARTESIAN_POINT('',(6.,-13.2534816209137,-7.96973022826783));
#2656=CARTESIAN_POINT('Origin',(5.75,-11.5114504953643,-8.28314298744795));
#2657=CARTESIAN_POINT('Origin',(5.875,-12.1087817513114,-7.97967079651661));
#2658=CARTESIAN_POINT('',(5.75,-11.3203019927663,-7.66218115831601));
#2659=CARTESIAN_POINT('',(6.,-11.0883961814295,-7.5688018529629));
#2660=CARTESIAN_POINT('',(5.75,-11.3203019927663,-7.66218115831601));
#2661=CARTESIAN_POINT('Origin',(6.,-12.1087817513114,-7.97967079651661));
#2662=CARTESIAN_POINT('Origin',(5.75,-12.1087817513114,-7.97967079651661));
#2663=CARTESIAN_POINT('Origin',(5.875,-12.7302893256942,-8.22992733486305));
#2664=CARTESIAN_POINT('',(5.75,-11.2165428865108,-8.09218947565043));
#2665=CARTESIAN_POINT('',(6.,-10.9675714326978,-8.06953522249046));
#2666=CARTESIAN_POINT('',(5.75,-11.2165428865108,-8.09218947565043));
#2667=CARTESIAN_POINT('Origin',(6.,-12.7302893256942,-8.22992733486305));
#2668=CARTESIAN_POINT('Origin',(5.75,-12.7302893256942,-8.22992733486305));
#2669=CARTESIAN_POINT('Origin',(5.75,-13.2534816209151,-7.96973022826741));
#2670=CARTESIAN_POINT('Origin',(5.75,-13.2534816209151,-7.96973022826741));
#2671=CARTESIAN_POINT('Origin',(5.875,-9.27764795074294,-8.2684379608016));
#2672=CARTESIAN_POINT('',(5.75,-10.2672418030109,-8.35035044576059));
#2673=CARTESIAN_POINT('',(6.,-10.2563369561696,-8.10058839036507));
#2674=CARTESIAN_POINT('',(5.75,-10.2672418030109,-8.35035044576059));
#2675=CARTESIAN_POINT('',(6.,-9.27219552732228,-8.14355693310387));
#2676=CARTESIAN_POINT('',(5.75,-10.9784762795388,-8.31929727788618));
#2677=CARTESIAN_POINT('',(6.,-10.9675714326975,-8.06953522249083));
#2678=CARTESIAN_POINT('',(5.75,-9.28310037416361,-8.39331898849933));
#2679=CARTESIAN_POINT('Origin',(5.75,-10.9675714326975,-8.06953522249043));
#2680=CARTESIAN_POINT('Origin',(5.75,-10.9675714326975,-8.06953522249043));
#2681=CARTESIAN_POINT('Origin',(5.875,-8.5143058306187,-8.41400114954396));
#2682=CARTESIAN_POINT('',(5.75,-9.86944539634943,-7.72552692534149));
#2683=CARTESIAN_POINT('',(6.,-10.0923301933446,-7.61229103320293));
#2684=CARTESIAN_POINT('',(5.75,-9.86944539634943,-7.72552692534149));
#2685=CARTESIAN_POINT('Origin',(6.,-8.5143058306187,-8.41400114954396));
#2686=CARTESIAN_POINT('',(5.75,-10.0102873621637,-8.14485572923114));
#2687=CARTESIAN_POINT('',(6.,-10.2563369561682,-8.10058839036383));
#2688=CARTESIAN_POINT('Origin',(5.75,-8.5143058306187,-8.41400114954396));
#2689=CARTESIAN_POINT('Origin',(5.875,-9.11163708656578,-8.11052895861262));
#2690=CARTESIAN_POINT('',(5.75,-8.3231573280207,-7.79303932041202));
#2691=CARTESIAN_POINT('',(6.,-8.09125151668392,-7.69966001505891));
#2692=CARTESIAN_POINT('',(5.75,-8.3231573280207,-7.79303932041202));
#2693=CARTESIAN_POINT('Origin',(6.,-9.11163708656578,-8.11052895861262));
#2694=CARTESIAN_POINT('Origin',(5.75,-9.11163708656578,-8.11052895861262));
#2695=CARTESIAN_POINT('Origin',(5.875,-9.73314466094861,-8.36078549695906));
#2696=CARTESIAN_POINT('',(5.75,-8.2193982217652,-8.22304763774644));
#2697=CARTESIAN_POINT('',(6.,-7.97042676795219,-8.20039338458647));
#2698=CARTESIAN_POINT('',(5.75,-8.2193982217652,-8.22304763774644));
#2699=CARTESIAN_POINT('Origin',(6.,-9.73314466094861,-8.36078549695906));
#2700=CARTESIAN_POINT('Origin',(5.75,-9.73314466094861,-8.36078549695906));
#2701=CARTESIAN_POINT('Origin',(5.75,-10.2563369561695,-8.10058839036342));
#2702=CARTESIAN_POINT('Origin',(5.75,-10.2563369561695,-8.10058839036342));
#2703=CARTESIAN_POINT('Origin',(5.875,-7.77907561837015,-8.33386704184959));
#2704=CARTESIAN_POINT('',(5.75,-7.27009713826537,-8.4812086078566));
#2705=CARTESIAN_POINT('',(6.,-7.25919229142403,-8.23144655246105));
#2706=CARTESIAN_POINT('',(5.75,-7.27009713826537,-8.4812086078566));
#2707=CARTESIAN_POINT('',(6.,-7.77362319494949,-8.20898601415186));
#2708=CARTESIAN_POINT('',(5.75,-7.98133161479324,-8.45015543998219));
#2709=CARTESIAN_POINT('',(6.,-7.97042676795192,-8.20039338458681));
#2710=CARTESIAN_POINT('',(5.75,-7.78452804179082,-8.45874806954732));
#2711=CARTESIAN_POINT('Origin',(5.75,-7.9704267679519,-8.20039338458643));
#2712=CARTESIAN_POINT('Origin',(5.75,-7.9704267679519,-8.20039338458643));
#2713=CARTESIAN_POINT('Origin',(5.875,-5.51716116587313,-8.54485931163997));
#2714=CARTESIAN_POINT('',(5.75,-6.87230073160385,-7.8563850874375));
#2715=CARTESIAN_POINT('',(6.,-7.09518552859904,-7.74314919529894));
#2716=CARTESIAN_POINT('',(5.75,-6.87230073160385,-7.8563850874375));
#2717=CARTESIAN_POINT('Origin',(6.,-5.51716116587313,-8.54485931163997));
#2718=CARTESIAN_POINT('',(5.75,-7.01314269741814,-8.27571389132714));
#2719=CARTESIAN_POINT('',(6.,-7.2591922914226,-8.23144655245984));
#2720=CARTESIAN_POINT('Origin',(5.75,-5.51716116587313,-8.54485931163997));
#2721=CARTESIAN_POINT('Origin',(5.875,-6.11449242182021,-8.24138712070862));
#2722=CARTESIAN_POINT('',(5.75,-5.32601266327513,-7.92389748250803));
#2723=CARTESIAN_POINT('',(6.,-5.09410685193835,-7.83051817715492));
#2724=CARTESIAN_POINT('',(5.75,-5.32601266327513,-7.92389748250803));
#2725=CARTESIAN_POINT('Origin',(6.,-6.11449242182021,-8.24138712070862));
#2726=CARTESIAN_POINT('Origin',(5.75,-6.11449242182021,-8.24138712070862));
#2727=CARTESIAN_POINT('Origin',(5.875,-6.73599999620303,-8.49164365905507));
#2728=CARTESIAN_POINT('',(5.75,-5.22225355701962,-8.35390579984245));
#2729=CARTESIAN_POINT('',(6.,-4.97328210320661,-8.33125154668248));
#2730=CARTESIAN_POINT('',(5.75,-5.22225355701962,-8.35390579984245));
#2731=CARTESIAN_POINT('Origin',(6.,-6.73599999620303,-8.49164365905507));
#2732=CARTESIAN_POINT('Origin',(5.75,-6.73599999620303,-8.49164365905507));
#2733=CARTESIAN_POINT('Origin',(5.75,-7.25919229142396,-8.23144655245942));
#2734=CARTESIAN_POINT('Origin',(5.75,-7.25919229142396,-8.23144655245942));
#2735=CARTESIAN_POINT('Origin',(5.875,-6.28050328599737,-8.39929612289758));
#2736=CARTESIAN_POINT('',(5.75,-4.27295247351979,-8.61206676995261));
#2737=CARTESIAN_POINT('',(6.,-4.26204762667846,-8.36230471455703));
#2738=CARTESIAN_POINT('',(5.75,-4.27295247351979,-8.61206676995261));
#2739=CARTESIAN_POINT('',(6.,-6.2750508625767,-8.27441509519985));
#2740=CARTESIAN_POINT('',(5.75,-4.98418695004767,-8.5810136020782));
#2741=CARTESIAN_POINT('',(6.,-4.97328210320634,-8.33125154668279));
#2742=CARTESIAN_POINT('',(5.75,-6.28595570941803,-8.52417715059531));
#2743=CARTESIAN_POINT('Origin',(5.75,-4.97328210320632,-8.33125154668244));
#2744=CARTESIAN_POINT('Origin',(5.75,-4.97328210320632,-8.33125154668244));
#2745=CARTESIAN_POINT('Origin',(5.875,-2.52001650112756,-8.67571747373597));
#2746=CARTESIAN_POINT('',(5.75,-3.87515606685828,-7.98724324953351));
#2747=CARTESIAN_POINT('',(6.,-4.09804086385346,-7.87400735739494));
#2748=CARTESIAN_POINT('',(5.75,-3.87515606685828,-7.98724324953351));
#2749=CARTESIAN_POINT('Origin',(6.,-2.52001650112756,-8.67571747373597));
#2750=CARTESIAN_POINT('',(5.75,-4.01599803267257,-8.40657205342315));
#2751=CARTESIAN_POINT('',(6.,-4.26204762667703,-8.36230471455585));
#2752=CARTESIAN_POINT('Origin',(5.75,-2.52001650112756,-8.67571747373597));
#2753=CARTESIAN_POINT('Origin',(5.875,-3.11734775707463,-8.37224528280463));
#2754=CARTESIAN_POINT('',(5.75,-2.32886799852956,-8.05475564460404));
#2755=CARTESIAN_POINT('',(6.,-2.09696218719278,-7.96137633925093));
#2756=CARTESIAN_POINT('',(5.75,-2.32886799852956,-8.05475564460404));
#2757=CARTESIAN_POINT('Origin',(6.,-3.11734775707463,-8.37224528280463));
#2758=CARTESIAN_POINT('Origin',(5.75,-3.11734775707463,-8.37224528280463));
#2759=CARTESIAN_POINT('Origin',(5.875,-3.73885533145746,-8.62250182115108));
#2760=CARTESIAN_POINT('',(5.75,-2.22510889227405,-8.48476396193846));
#2761=CARTESIAN_POINT('',(6.,-1.97613743846104,-8.46210970877849));
#2762=CARTESIAN_POINT('',(5.75,-2.22510889227405,-8.48476396193846));
#2763=CARTESIAN_POINT('Origin',(6.,-3.73885533145746,-8.62250182115108));
#2764=CARTESIAN_POINT('Origin',(5.75,-3.73885533145746,-8.62250182115108));
#2765=CARTESIAN_POINT('Origin',(5.75,-4.26204762667838,-8.36230471455543));
#2766=CARTESIAN_POINT('Origin',(5.75,-4.26204762667838,-8.36230471455543));
#2767=CARTESIAN_POINT('Origin',(5.875,-4.78193095362458,-8.46472520394557));
#2768=CARTESIAN_POINT('',(5.75,-1.27580780877422,-8.74292493204862));
#2769=CARTESIAN_POINT('',(6.,-1.26490296193288,-8.49316287665301));
#2770=CARTESIAN_POINT('',(5.75,-1.27580780877422,-8.74292493204862));
#2771=CARTESIAN_POINT('',(6.,-4.77647853020391,-8.33984417624784));
#2772=CARTESIAN_POINT('',(5.75,-1.9870422853021,-8.71187176417421));
#2773=CARTESIAN_POINT('',(6.,-1.97613743846077,-8.46210970877877));
#2774=CARTESIAN_POINT('',(5.75,-4.78738337704525,-8.5896062316433));
#2775=CARTESIAN_POINT('Origin',(5.75,-1.97613743846075,-8.46210970877845));
#2776=CARTESIAN_POINT('Origin',(5.75,-1.97613743846075,-8.46210970877845));
#2777=CARTESIAN_POINT('Origin',(5.875,0.477128163618016,-8.80657563583198));
#2778=CARTESIAN_POINT('',(5.75,-0.878011402112706,-8.11810141162951));
#2779=CARTESIAN_POINT('',(6.,-1.10089619910789,-8.00486551949095));
#2780=CARTESIAN_POINT('',(5.75,-0.878011402112706,-8.11810141162951));
#2781=CARTESIAN_POINT('Origin',(6.,0.477128163618016,-8.80657563583198));
#2782=CARTESIAN_POINT('',(5.75,-1.01885336792699,-8.53743021551916));
#2783=CARTESIAN_POINT('',(6.,-1.26490296193145,-8.49316287665186));
#2784=CARTESIAN_POINT('Origin',(5.75,0.477128163618016,-8.80657563583198));
#2785=CARTESIAN_POINT('Origin',(5.875,-0.120203092329059,-8.50310344490064));
#2786=CARTESIAN_POINT('',(5.75,-0.641411020305259,-7.83165553492191));
#2787=CARTESIAN_POINT('',(6.,-0.794707469710018,-7.63417085551641));
#2788=CARTESIAN_POINT('',(5.75,-0.641411020305259,-7.83165553492191));
#2789=CARTESIAN_POINT('Origin',(6.,-0.120203092329059,-8.50310344490064));
#2790=CARTESIAN_POINT('Origin',(5.75,-0.120203092329059,-8.50310344490064));
#2791=CARTESIAN_POINT('Origin',(5.75,-1.26490296193281,-8.49316287665144));
#2792=CARTESIAN_POINT('Origin',(5.75,-1.26490296193281,-8.49316287665144));
#2793=CARTESIAN_POINT('Ctrl Pts',(6.,-0.62814672072057,-7.52785320230716));
#2794=CARTESIAN_POINT('Ctrl Pts',(5.99999999949017,-0.540673761241644,-7.48324176307274));
#2795=CARTESIAN_POINT('Ctrl Pts',(5.95651677148079,-0.359492089795795,-7.42328115139027));
#2796=CARTESIAN_POINT('Ctrl Pts',(5.74277732271695,-0.119289140669111,-7.39728944834276));
#2797=CARTESIAN_POINT('Ctrl Pts',(5.55281466735444,-0.0722217662271793,
-7.40415040116057));
#2798=CARTESIAN_POINT('Ctrl Pts',(5.45,-0.0722217662271792,-7.40415040116057));
#2799=CARTESIAN_POINT('Ctrl Pts',(5.91361787687995,-0.604492740690283,-7.60991238266766));
#2800=CARTESIAN_POINT('Ctrl Pts',(5.91064264651961,-0.533314070437524,-7.57246155490672));
#2801=CARTESIAN_POINT('Ctrl Pts',(5.87176273434764,-0.391183689065823,-7.52203614368956));
#2802=CARTESIAN_POINT('Ctrl Pts',(5.69809699924788,-0.200013296751532,-7.49365315351347));
#2803=CARTESIAN_POINT('Ctrl Pts',(5.537406055171,-0.15874012630994,-7.49605222876813));
#2804=CARTESIAN_POINT('Ctrl Pts',(5.45,-0.15874012630994,-7.49605222876813));
#2805=CARTESIAN_POINT('Ctrl Pts',(5.8272357537599,-0.580838760659995,-7.69197156302817));
#2806=CARTESIAN_POINT('Ctrl Pts',(5.82128529354905,-0.525954379633404,-7.66168134674071));
#2807=CARTESIAN_POINT('Ctrl Pts',(5.7870086972145,-0.422875288335851,-7.62079113598884));
#2808=CARTESIAN_POINT('Ctrl Pts',(5.65341667577881,-0.280737452833953,-7.59001685868419));
#2809=CARTESIAN_POINT('Ctrl Pts',(5.52199744298756,-0.245258486392701,-7.58795405637569));
#2810=CARTESIAN_POINT('Ctrl Pts',(5.45,-0.245258486392701,-7.58795405637569));
#2811=CARTESIAN_POINT('Ctrl Pts',(5.74085363063985,-0.557184780629707,-7.77403074338867));
#2812=CARTESIAN_POINT('Ctrl Pts',(5.73192794057848,-0.518594688829285,-7.7509011385747));
#2813=CARTESIAN_POINT('Ctrl Pts',(5.70225466008135,-0.454566887605879,-7.71954612828812));
#2814=CARTESIAN_POINT('Ctrl Pts',(5.60873635230974,-0.361461608916374,-7.6863805638549));
#2815=CARTESIAN_POINT('Ctrl Pts',(5.50658883080412,-0.331776846475462,-7.67985588398324));
#2816=CARTESIAN_POINT('Ctrl Pts',(5.45,-0.331776846475462,-7.67985588398324));
#2817=CARTESIAN_POINT('',(6.,-0.628146721219155,-7.52785320105197));
#2818=CARTESIAN_POINT('',(5.74085363062839,-0.557184780580145,-7.77403074335896));
#2819=CARTESIAN_POINT('',(6.,-0.628146721219155,-7.52785320105197));
#2820=CARTESIAN_POINT('',(5.45,-0.331776846475462,-7.67985588398324));
#2821=CARTESIAN_POINT('Ctrl Pts',(5.74085363063985,-0.557184780629707,-7.77403074338867));
#2822=CARTESIAN_POINT('Ctrl Pts',(5.73192794057848,-0.518594688829285,-7.7509011385747));
#2823=CARTESIAN_POINT('Ctrl Pts',(5.70225466008135,-0.454566887605879,-7.71954612828812));
#2824=CARTESIAN_POINT('Ctrl Pts',(5.60873635230974,-0.361461608916374,-7.6863805638549));
#2825=CARTESIAN_POINT('Ctrl Pts',(5.50658883080412,-0.331776846475462,-7.67985588398324));
#2826=CARTESIAN_POINT('Ctrl Pts',(5.45,-0.331776846475462,-7.67985588398324));
#2827=CARTESIAN_POINT('',(5.45,-0.0722217662271792,-7.40415040116057));
#2828=CARTESIAN_POINT('',(5.45,-0.331776846475462,-7.67985588398324));
#2829=CARTESIAN_POINT('Ctrl Pts',(5.45,-0.0722217662271792,-7.40415040116057));
#2830=CARTESIAN_POINT('Ctrl Pts',(5.55281466735444,-0.0722217662271793,
-7.40415040116057));
#2831=CARTESIAN_POINT('Ctrl Pts',(5.74277732271695,-0.119289140669111,-7.39728944834276));
#2832=CARTESIAN_POINT('Ctrl Pts',(5.95651677148079,-0.359492089795795,-7.42328115139027));
#2833=CARTESIAN_POINT('Ctrl Pts',(5.99999999949017,-0.540673761241644,-7.48324176307274));
#2834=CARTESIAN_POINT('Ctrl Pts',(6.,-0.62814672072057,-7.52785320230716));
#2835=CARTESIAN_POINT('Origin',(0.,-0.201999306350144,-7.5420031425716));
#2836=CARTESIAN_POINT('',(-5.45,-0.331776846473109,-7.67985588398264));
#2837=CARTESIAN_POINT('',(0.,-0.331776846473109,-7.67985588398264));
#2838=CARTESIAN_POINT('',(-5.45,-0.0722217662271785,-7.40415040116057));
#2839=CARTESIAN_POINT('',(-5.45,-0.331776846473109,-7.67985588398264));
#2840=CARTESIAN_POINT('',(0.,-0.0722217662271785,-7.40415040116057));
#2841=CARTESIAN_POINT('Ctrl Pts',(-5.45,-0.0722217662271792,-7.40415040116057));
#2842=CARTESIAN_POINT('Ctrl Pts',(-5.58708622313925,-0.072221766227179,
-7.40415040116057));
#2843=CARTESIAN_POINT('Ctrl Pts',(-5.78806541352552,-0.141597973672628,
-7.3926597651904));
#2844=CARTESIAN_POINT('Ctrl Pts',(-5.97097878905705,-0.409907314286332,
-7.43867434489104));
#2845=CARTESIAN_POINT('Ctrl Pts',(-5.99999999949017,-0.540673761241645,
-7.48324176307274));
#2846=CARTESIAN_POINT('Ctrl Pts',(-6.,-0.628146720720571,-7.52785320230716));
#2847=CARTESIAN_POINT('Ctrl Pts',(-5.45,-0.15874012630994,-7.49605222876813));
#2848=CARTESIAN_POINT('Ctrl Pts',(-5.56654140689466,-0.15874012630994,-7.49605222876813));
#2849=CARTESIAN_POINT('Ctrl Pts',(-5.73474015905643,-0.218485854186804,
-7.49129156563135));
#2850=CARTESIAN_POINT('Ctrl Pts',(-5.8841829607237,-0.430467490877834,-7.53505444115504));
#2851=CARTESIAN_POINT('Ctrl Pts',(-5.91064264651961,-0.533314070437525,
-7.57246155490672));
#2852=CARTESIAN_POINT('Ctrl Pts',(-5.91361787687995,-0.604492740690283,
-7.60991238266766));
#2853=CARTESIAN_POINT('Ctrl Pts',(-5.45,-0.245258486392701,-7.58795405637569));
#2854=CARTESIAN_POINT('Ctrl Pts',(-5.54599659065008,-0.245258486392701,
-7.58795405637569));
#2855=CARTESIAN_POINT('Ctrl Pts',(-5.68141490458733,-0.295373734700979,
-7.58992336607229));
#2856=CARTESIAN_POINT('Ctrl Pts',(-5.79738713239036,-0.451027667469335,
-7.63143453741904));
#2857=CARTESIAN_POINT('Ctrl Pts',(-5.82128529354905,-0.525954379633405,
-7.66168134674071));
#2858=CARTESIAN_POINT('Ctrl Pts',(-5.8272357537599,-0.580838760659995,-7.69197156302817));
#2859=CARTESIAN_POINT('Ctrl Pts',(-5.45,-0.331776846475462,-7.67985588398324));
#2860=CARTESIAN_POINT('Ctrl Pts',(-5.52545177440549,-0.331776846475462,
-7.67985588398324));
#2861=CARTESIAN_POINT('Ctrl Pts',(-5.62808965011823,-0.372261615215156,
-7.68855516651323));
#2862=CARTESIAN_POINT('Ctrl Pts',(-5.71059130405701,-0.471587844060836,
-7.72781463368304));
#2863=CARTESIAN_POINT('Ctrl Pts',(-5.73192794057849,-0.518594688829285,
-7.7509011385747));
#2864=CARTESIAN_POINT('Ctrl Pts',(-5.74085363063985,-0.557184780629708,
-7.77403074338867));
#2865=CARTESIAN_POINT('',(-5.74085363062839,-0.557184780580143,-7.77403074335896));
#2866=CARTESIAN_POINT('',(-6.,-0.628146721219155,-7.52785320105196));
#2867=CARTESIAN_POINT('',(-5.74085363062839,-0.557184780580143,-7.77403074335896));
#2868=CARTESIAN_POINT('Ctrl Pts',(-6.,-0.628146720720571,-7.52785320230716));
#2869=CARTESIAN_POINT('Ctrl Pts',(-5.99999999949017,-0.540673761241645,
-7.48324176307274));
#2870=CARTESIAN_POINT('Ctrl Pts',(-5.97097878905705,-0.409907314286332,
-7.43867434489104));
#2871=CARTESIAN_POINT('Ctrl Pts',(-5.78806541352552,-0.141597973672628,
-7.3926597651904));
#2872=CARTESIAN_POINT('Ctrl Pts',(-5.58708622313925,-0.072221766227179,
-7.40415040116057));
#2873=CARTESIAN_POINT('Ctrl Pts',(-5.45,-0.0722217662271792,-7.40415040116057));
#2874=CARTESIAN_POINT('Ctrl Pts',(-5.45,-0.331776846475462,-7.67985588398324));
#2875=CARTESIAN_POINT('Ctrl Pts',(-5.52545177440549,-0.331776846475462,
-7.67985588398324));
#2876=CARTESIAN_POINT('Ctrl Pts',(-5.62808965011823,-0.372261615215156,
-7.68855516651323));
#2877=CARTESIAN_POINT('Ctrl Pts',(-5.71059130405701,-0.471587844060836,
-7.72781463368304));
#2878=CARTESIAN_POINT('Ctrl Pts',(-5.73192794057849,-0.518594688829285,
-7.7509011385747));
#2879=CARTESIAN_POINT('Ctrl Pts',(-5.74085363063985,-0.557184780629708,
-7.77403074338867));
#2880=CARTESIAN_POINT('Ctrl Pts',(6.,-0.794707469710019,-7.63417085551641));
#2881=CARTESIAN_POINT('Ctrl Pts',(6.,-0.745396411039462,-7.59589340415491));
#2882=CARTESIAN_POINT('Ctrl Pts',(6.,-0.689243705132416,-7.5590128249024));
#2883=CARTESIAN_POINT('Ctrl Pts',(6.,-0.628146720608225,-7.52785320224986));
#2884=CARTESIAN_POINT('Ctrl Pts',(5.91666666666667,-0.743608653241765,-7.69999908198491));
#2885=CARTESIAN_POINT('Ctrl Pts',(5.91666666666667,-0.701389405391192,-7.66722661167726));
#2886=CARTESIAN_POINT('Ctrl Pts',(5.91569597716537,-0.65420870013317,-7.63607055372912));
#2887=CARTESIAN_POINT('Ctrl Pts',(5.91361787687613,-0.604492740598865,-7.60991238261956));
#2888=CARTESIAN_POINT('Ctrl Pts',(5.83333333333333,-0.692509836773512,-7.76582730845341));
#2889=CARTESIAN_POINT('Ctrl Pts',(5.83333333333333,-0.657382399742922,-7.73855981919962));
#2890=CARTESIAN_POINT('Ctrl Pts',(5.83139195433074,-0.619173695133923,-7.71312828255585));
#2891=CARTESIAN_POINT('Ctrl Pts',(5.82723575375226,-0.580838760589505,-7.69197156298926));
#2892=CARTESIAN_POINT('Ctrl Pts',(5.75,-0.641411020305259,-7.83165553492191));
#2893=CARTESIAN_POINT('Ctrl Pts',(5.75,-0.613375394094653,-7.80989302672197));
#2894=CARTESIAN_POINT('Ctrl Pts',(5.74708793149612,-0.584138690134677,-7.79018601138258));
#2895=CARTESIAN_POINT('Ctrl Pts',(5.74085363062839,-0.557184780580144,-7.77403074335896));
#2896=CARTESIAN_POINT('Ctrl Pts',(6.,-0.628146720608225,-7.52785320224986));
#2897=CARTESIAN_POINT('Ctrl Pts',(6.,-0.689243705132416,-7.5590128249024));
#2898=CARTESIAN_POINT('Ctrl Pts',(6.,-0.745396411039462,-7.59589340415491));
#2899=CARTESIAN_POINT('Ctrl Pts',(6.,-0.794707469710019,-7.63417085551641));
#2900=CARTESIAN_POINT('Ctrl Pts',(5.75,-0.641411020305259,-7.83165553492191));
#2901=CARTESIAN_POINT('Ctrl Pts',(5.75,-0.613375394094653,-7.80989302672197));
#2902=CARTESIAN_POINT('Ctrl Pts',(5.74708793149612,-0.584138690134677,-7.79018601138258));
#2903=CARTESIAN_POINT('Ctrl Pts',(5.74085363062839,-0.557184780580144,-7.77403074335896));
#2904=CARTESIAN_POINT('Origin',(-5.875,-0.120203092329059,-8.50310344490064));
#2905=CARTESIAN_POINT('',(-5.75,-0.878011402112706,-8.11810141162951));
#2906=CARTESIAN_POINT('',(-6.,-1.10089619910789,-8.00486551949095));
#2907=CARTESIAN_POINT('',(-5.75,-0.878011402112706,-8.11810141162951));
#2908=CARTESIAN_POINT('',(-6.,-0.794707469710018,-7.63417085551641));
#2909=CARTESIAN_POINT('Origin',(-6.,-0.120203092329059,-8.50310344490064));
#2910=CARTESIAN_POINT('',(-5.75,-0.641411020305259,-7.83165553492191));
#2911=CARTESIAN_POINT('',(-6.,-0.794707469710018,-7.63417085551641));
#2912=CARTESIAN_POINT('Origin',(-5.75,-0.120203092329059,-8.50310344490064));
#2913=CARTESIAN_POINT('Origin',(-5.875,0.477128163618016,-8.80657563583198));
#2914=CARTESIAN_POINT('',(-5.75,-1.01885336792699,-8.53743021551916));
#2915=CARTESIAN_POINT('',(-6.,-1.26490296193145,-8.49316287665186));
#2916=CARTESIAN_POINT('',(-5.75,-1.01885336792699,-8.53743021551916));
#2917=CARTESIAN_POINT('Origin',(-6.,0.477128163618016,-8.80657563583198));
#2918=CARTESIAN_POINT('Origin',(-5.75,0.477128163618016,-8.80657563583198));
#2919=CARTESIAN_POINT('Ctrl Pts',(-6.,-0.628146720608221,-7.52785320224986));
#2920=CARTESIAN_POINT('Ctrl Pts',(-6.,-0.689243705132413,-7.5590128249024));
#2921=CARTESIAN_POINT('Ctrl Pts',(-6.,-0.74539641103946,-7.59589340415491));
#2922=CARTESIAN_POINT('Ctrl Pts',(-6.,-0.794707469710018,-7.63417085551641));
#2923=CARTESIAN_POINT('Ctrl Pts',(-5.91361787687613,-0.604492740598862,
-7.60991238261956));
#2924=CARTESIAN_POINT('Ctrl Pts',(-5.91569597716537,-0.654208700133167,
-7.63607055372912));
#2925=CARTESIAN_POINT('Ctrl Pts',(-5.91666666666667,-0.70138940539119,-7.66722661167726));
#2926=CARTESIAN_POINT('Ctrl Pts',(-5.91666666666667,-0.743608653241765,
-7.69999908198491));
#2927=CARTESIAN_POINT('Ctrl Pts',(-5.82723575375226,-0.580838760589503,
-7.69197156298926));
#2928=CARTESIAN_POINT('Ctrl Pts',(-5.83139195433074,-0.619173695133921,
-7.71312828255585));
#2929=CARTESIAN_POINT('Ctrl Pts',(-5.83333333333333,-0.657382399742921,
-7.73855981919962));
#2930=CARTESIAN_POINT('Ctrl Pts',(-5.83333333333333,-0.692509836773512,
-7.76582730845341));
#2931=CARTESIAN_POINT('Ctrl Pts',(-5.74085363062839,-0.557184780580143,
-7.77403074335896));
#2932=CARTESIAN_POINT('Ctrl Pts',(-5.74708793149612,-0.584138690134675,
-7.79018601138258));
#2933=CARTESIAN_POINT('Ctrl Pts',(-5.75,-0.613375394094652,-7.80989302672197));
#2934=CARTESIAN_POINT('Ctrl Pts',(-5.75,-0.641411020305259,-7.83165553492191));
#2935=CARTESIAN_POINT('Ctrl Pts',(-6.,-0.794707469710018,-7.63417085551641));
#2936=CARTESIAN_POINT('Ctrl Pts',(-6.,-0.74539641103946,-7.59589340415491));
#2937=CARTESIAN_POINT('Ctrl Pts',(-6.,-0.689243705132413,-7.5590128249024));
#2938=CARTESIAN_POINT('Ctrl Pts',(-6.,-0.628146720608221,-7.52785320224986));
#2939=CARTESIAN_POINT('Ctrl Pts',(-5.74085363062839,-0.557184780580143,
-7.77403074335896));
#2940=CARTESIAN_POINT('Ctrl Pts',(-5.74708793149612,-0.584138690134675,
-7.79018601138258));
#2941=CARTESIAN_POINT('Ctrl Pts',(-5.75,-0.613375394094652,-7.80989302672197));
#2942=CARTESIAN_POINT('Ctrl Pts',(-5.75,-0.641411020305259,-7.83165553492191));
#2943=CARTESIAN_POINT('Origin',(-5.875,-4.78193095362458,-8.46472520394557));
#2944=CARTESIAN_POINT('',(-5.75,-1.9870422853021,-8.71187176417421));
#2945=CARTESIAN_POINT('',(-6.,-1.97613743846077,-8.46210970877877));
#2946=CARTESIAN_POINT('',(-5.75,-1.9870422853021,-8.71187176417421));
#2947=CARTESIAN_POINT('',(-6.,-4.77647853020391,-8.33984417624784));
#2948=CARTESIAN_POINT('',(-5.75,-1.27580780877422,-8.74292493204862));
#2949=CARTESIAN_POINT('',(-6.,-1.26490296193288,-8.49316287665301));
#2950=CARTESIAN_POINT('',(-5.75,-4.78738337704525,-8.5896062316433));
#2951=CARTESIAN_POINT('Origin',(-5.75,-1.26490296193281,-8.49316287665144));
#2952=CARTESIAN_POINT('Origin',(-5.75,-1.26490296193281,-8.49316287665144));
#2953=CARTESIAN_POINT('Origin',(-5.875,-3.73885533145746,-8.62250182115108));
#2954=CARTESIAN_POINT('',(-5.75,-2.32886799852956,-8.05475564460404));
#2955=CARTESIAN_POINT('',(-6.,-2.09696218719278,-7.96137633925093));
#2956=CARTESIAN_POINT('',(-5.75,-2.32886799852956,-8.05475564460404));
#2957=CARTESIAN_POINT('Origin',(-6.,-3.73885533145746,-8.62250182115108));
#2958=CARTESIAN_POINT('',(-5.75,-2.22510889227405,-8.48476396193846));
#2959=CARTESIAN_POINT('',(-6.,-1.97613743846104,-8.46210970877849));
#2960=CARTESIAN_POINT('Origin',(-5.75,-3.73885533145746,-8.62250182115108));
#2961=CARTESIAN_POINT('Origin',(-5.875,-3.11734775707463,-8.37224528280463));
#2962=CARTESIAN_POINT('',(-5.75,-3.87515606685828,-7.98724324953351));
#2963=CARTESIAN_POINT('',(-6.,-4.09804086385346,-7.87400735739494));
#2964=CARTESIAN_POINT('',(-5.75,-3.87515606685828,-7.98724324953351));
#2965=CARTESIAN_POINT('Origin',(-6.,-3.11734775707463,-8.37224528280463));
#2966=CARTESIAN_POINT('Origin',(-5.75,-3.11734775707463,-8.37224528280463));
#2967=CARTESIAN_POINT('Origin',(-5.875,-2.52001650112756,-8.67571747373597));
#2968=CARTESIAN_POINT('',(-5.75,-4.01599803267257,-8.40657205342315));
#2969=CARTESIAN_POINT('',(-6.,-4.26204762667703,-8.36230471455585));
#2970=CARTESIAN_POINT('',(-5.75,-4.01599803267257,-8.40657205342315));
#2971=CARTESIAN_POINT('Origin',(-6.,-2.52001650112756,-8.67571747373597));
#2972=CARTESIAN_POINT('Origin',(-5.75,-2.52001650112756,-8.67571747373597));
#2973=CARTESIAN_POINT('Origin',(-5.75,-1.97613743846075,-8.46210970877845));
#2974=CARTESIAN_POINT('Origin',(-5.75,-1.97613743846075,-8.46210970877845));
#2975=CARTESIAN_POINT('Origin',(-5.875,-6.28050328599737,-8.39929612289758));
#2976=CARTESIAN_POINT('',(-5.75,-4.98418695004767,-8.5810136020782));
#2977=CARTESIAN_POINT('',(-6.,-4.97328210320634,-8.33125154668279));
#2978=CARTESIAN_POINT('',(-5.75,-4.98418695004767,-8.5810136020782));
#2979=CARTESIAN_POINT('',(-6.,-6.2750508625767,-8.27441509519985));
#2980=CARTESIAN_POINT('',(-5.75,-4.27295247351979,-8.61206676995261));
#2981=CARTESIAN_POINT('',(-6.,-4.26204762667846,-8.36230471455703));
#2982=CARTESIAN_POINT('',(-5.75,-6.28595570941803,-8.52417715059531));
#2983=CARTESIAN_POINT('Origin',(-5.75,-4.26204762667838,-8.36230471455543));
#2984=CARTESIAN_POINT('Origin',(-5.75,-4.26204762667838,-8.36230471455543));
#2985=CARTESIAN_POINT('Origin',(-5.875,-6.73599999620303,-8.49164365905507));
#2986=CARTESIAN_POINT('',(-5.75,-5.32601266327513,-7.92389748250803));
#2987=CARTESIAN_POINT('',(-6.,-5.09410685193835,-7.83051817715492));
#2988=CARTESIAN_POINT('',(-5.75,-5.32601266327513,-7.92389748250803));
#2989=CARTESIAN_POINT('Origin',(-6.,-6.73599999620303,-8.49164365905507));
#2990=CARTESIAN_POINT('',(-5.75,-5.22225355701962,-8.35390579984245));
#2991=CARTESIAN_POINT('',(-6.,-4.97328210320661,-8.33125154668248));
#2992=CARTESIAN_POINT('Origin',(-5.75,-6.73599999620303,-8.49164365905507));
#2993=CARTESIAN_POINT('Origin',(-5.875,-6.11449242182021,-8.24138712070862));
#2994=CARTESIAN_POINT('',(-5.75,-6.87230073160385,-7.8563850874375));
#2995=CARTESIAN_POINT('',(-6.,-7.09518552859904,-7.74314919529894));
#2996=CARTESIAN_POINT('',(-5.75,-6.87230073160385,-7.8563850874375));
#2997=CARTESIAN_POINT('Origin',(-6.,-6.11449242182021,-8.24138712070862));
#2998=CARTESIAN_POINT('Origin',(-5.75,-6.11449242182021,-8.24138712070862));
#2999=CARTESIAN_POINT('Origin',(-5.875,-5.51716116587313,-8.54485931163997));
#3000=CARTESIAN_POINT('',(-5.75,-7.01314269741814,-8.27571389132714));
#3001=CARTESIAN_POINT('',(-6.,-7.2591922914226,-8.23144655245984));
#3002=CARTESIAN_POINT('',(-5.75,-7.01314269741814,-8.27571389132714));
#3003=CARTESIAN_POINT('Origin',(-6.,-5.51716116587313,-8.54485931163997));
#3004=CARTESIAN_POINT('Origin',(-5.75,-5.51716116587313,-8.54485931163997));
#3005=CARTESIAN_POINT('Origin',(-5.75,-4.97328210320632,-8.33125154668244));
#3006=CARTESIAN_POINT('Origin',(-5.75,-4.97328210320632,-8.33125154668244));
#3007=CARTESIAN_POINT('Origin',(-5.875,-7.77907561837015,-8.33386704184959));
#3008=CARTESIAN_POINT('',(-5.75,-7.98133161479324,-8.45015543998219));
#3009=CARTESIAN_POINT('',(-6.,-7.97042676795192,-8.20039338458681));
#3010=CARTESIAN_POINT('',(-5.75,-7.98133161479324,-8.45015543998219));
#3011=CARTESIAN_POINT('',(-6.,-7.77362319494949,-8.20898601415186));
#3012=CARTESIAN_POINT('',(-5.75,-7.27009713826537,-8.4812086078566));
#3013=CARTESIAN_POINT('',(-6.,-7.25919229142403,-8.23144655246105));
#3014=CARTESIAN_POINT('',(-5.75,-7.78452804179082,-8.45874806954732));
#3015=CARTESIAN_POINT('Origin',(-5.75,-7.25919229142396,-8.23144655245942));
#3016=CARTESIAN_POINT('Origin',(-5.75,-7.25919229142396,-8.23144655245942));
#3017=CARTESIAN_POINT('Origin',(-5.875,-9.73314466094861,-8.36078549695906));
#3018=CARTESIAN_POINT('',(-5.75,-8.3231573280207,-7.79303932041202));
#3019=CARTESIAN_POINT('',(-6.,-8.09125151668392,-7.69966001505891));
#3020=CARTESIAN_POINT('',(-5.75,-8.3231573280207,-7.79303932041202));
#3021=CARTESIAN_POINT('Origin',(-6.,-9.73314466094861,-8.36078549695906));
#3022=CARTESIAN_POINT('',(-5.75,-8.2193982217652,-8.22304763774644));
#3023=CARTESIAN_POINT('',(-6.,-7.97042676795219,-8.20039338458647));
#3024=CARTESIAN_POINT('Origin',(-5.75,-9.73314466094861,-8.36078549695906));
#3025=CARTESIAN_POINT('Origin',(-5.875,-9.11163708656578,-8.11052895861262));
#3026=CARTESIAN_POINT('',(-5.75,-9.86944539634943,-7.72552692534149));
#3027=CARTESIAN_POINT('',(-6.,-10.0923301933446,-7.61229103320293));
#3028=CARTESIAN_POINT('',(-5.75,-9.86944539634943,-7.72552692534149));
#3029=CARTESIAN_POINT('Origin',(-6.,-9.11163708656578,-8.11052895861262));
#3030=CARTESIAN_POINT('Origin',(-5.75,-9.11163708656578,-8.11052895861262));
#3031=CARTESIAN_POINT('Origin',(-5.875,-8.5143058306187,-8.41400114954396));
#3032=CARTESIAN_POINT('',(-5.75,-10.0102873621637,-8.14485572923114));
#3033=CARTESIAN_POINT('',(-6.,-10.2563369561682,-8.10058839036383));
#3034=CARTESIAN_POINT('',(-5.75,-10.0102873621637,-8.14485572923114));
#3035=CARTESIAN_POINT('Origin',(-6.,-8.5143058306187,-8.41400114954396));
#3036=CARTESIAN_POINT('Origin',(-5.75,-8.5143058306187,-8.41400114954396));
#3037=CARTESIAN_POINT('Origin',(-5.75,-7.9704267679519,-8.20039338458643));
#3038=CARTESIAN_POINT('Origin',(-5.75,-7.9704267679519,-8.20039338458643));
#3039=CARTESIAN_POINT('Origin',(-5.875,-9.27764795074294,-8.2684379608016));
#3040=CARTESIAN_POINT('',(-5.75,-10.9784762795388,-8.31929727788618));
#3041=CARTESIAN_POINT('',(-6.,-10.9675714326975,-8.06953522249083));
#3042=CARTESIAN_POINT('',(-5.75,-10.9784762795388,-8.31929727788618));
#3043=CARTESIAN_POINT('',(-6.,-9.27219552732228,-8.14355693310387));
#3044=CARTESIAN_POINT('',(-5.75,-10.2672418030109,-8.35035044576059));
#3045=CARTESIAN_POINT('',(-6.,-10.2563369561696,-8.10058839036507));
#3046=CARTESIAN_POINT('',(-5.75,-9.28310037416361,-8.39331898849933));
#3047=CARTESIAN_POINT('Origin',(-5.75,-10.2563369561695,-8.10058839036342));
#3048=CARTESIAN_POINT('Origin',(-5.75,-10.2563369561695,-8.10058839036342));
#3049=CARTESIAN_POINT('Origin',(-5.875,-12.7302893256942,-8.22992733486305));
#3050=CARTESIAN_POINT('',(-5.75,-11.3203019927663,-7.66218115831601));
#3051=CARTESIAN_POINT('',(-6.,-11.0883961814295,-7.5688018529629));
#3052=CARTESIAN_POINT('',(-5.75,-11.3203019927663,-7.66218115831601));
#3053=CARTESIAN_POINT('Origin',(-6.,-12.7302893256942,-8.22992733486305));
#3054=CARTESIAN_POINT('',(-5.75,-11.2165428865108,-8.09218947565043));
#3055=CARTESIAN_POINT('',(-6.,-10.9675714326978,-8.06953522249046));
#3056=CARTESIAN_POINT('Origin',(-5.75,-12.7302893256942,-8.22992733486305));
#3057=CARTESIAN_POINT('Origin',(-5.875,-12.1087817513114,-7.97967079651661));
#3058=CARTESIAN_POINT('',(-5.75,-12.866590061095,-7.59466876324548));
#3059=CARTESIAN_POINT('',(-6.,-13.0894748580902,-7.48143287110692));
#3060=CARTESIAN_POINT('',(-5.75,-12.866590061095,-7.59466876324548));
#3061=CARTESIAN_POINT('Origin',(-6.,-12.1087817513114,-7.97967079651661));
#3062=CARTESIAN_POINT('Origin',(-5.75,-12.1087817513114,-7.97967079651661));
#3063=CARTESIAN_POINT('Origin',(-5.875,-11.5114504953643,-8.28314298744795));
#3064=CARTESIAN_POINT('',(-5.75,-13.0074320269093,-8.01399756713513));
#3065=CARTESIAN_POINT('',(-6.,-13.2534816209137,-7.96973022826783));
#3066=CARTESIAN_POINT('',(-5.75,-13.0074320269093,-8.01399756713513));
#3067=CARTESIAN_POINT('Origin',(-6.,-11.5114504953643,-8.28314298744795));
#3068=CARTESIAN_POINT('Origin',(-5.75,-11.5114504953643,-8.28314298744795));
#3069=CARTESIAN_POINT('Origin',(-5.75,-10.9675714326975,-8.06953522249043));
#3070=CARTESIAN_POINT('Origin',(-5.75,-10.9675714326975,-8.06953522249043));
#3071=CARTESIAN_POINT('Origin',(-5.875,-10.7762202831157,-8.20300887975361));
#3072=CARTESIAN_POINT('',(-5.75,-13.9756209442844,-8.18843911579018));
#3073=CARTESIAN_POINT('',(-6.,-13.9647160974431,-7.93867706039485));
#3074=CARTESIAN_POINT('',(-5.75,-13.9756209442844,-8.18843911579018));
#3075=CARTESIAN_POINT('',(-6.,-10.7707678596951,-8.07812785205588));
#3076=CARTESIAN_POINT('',(-5.75,-13.2643864677565,-8.21949228366459));
#3077=CARTESIAN_POINT('',(-6.,-13.2534816209152,-7.96973022826909));
#3078=CARTESIAN_POINT('',(-5.75,-10.7816727065364,-8.32788990745134));
#3079=CARTESIAN_POINT('Origin',(-5.75,-13.2534816209151,-7.96973022826741));
#3080=CARTESIAN_POINT('Origin',(-5.75,-13.2534816209151,-7.96973022826741));
#3081=CARTESIAN_POINT('Origin',(-5.875,-15.7274339904398,-8.09906917276705));
#3082=CARTESIAN_POINT('',(-5.75,-14.3174466575118,-7.53132299622001));
#3083=CARTESIAN_POINT('',(-6.,-14.0855408461751,-7.43794369086689));
#3084=CARTESIAN_POINT('',(-5.75,-14.3174466575118,-7.53132299622001));
#3085=CARTESIAN_POINT('Origin',(-6.,-15.7274339904398,-8.09906917276705));
#3086=CARTESIAN_POINT('',(-5.75,-14.2136875512563,-7.96133131355442));
#3087=CARTESIAN_POINT('',(-6.,-13.9647160974433,-7.93867706039445));
#3088=CARTESIAN_POINT('Origin',(-5.75,-15.7274339904398,-8.09906917276705));
#3089=CARTESIAN_POINT('Origin',(-5.875,-15.1059264160569,-7.8488126344206));
#3090=CARTESIAN_POINT('',(-5.75,-14.5281813002931,-7.22534605054374));
#3091=CARTESIAN_POINT('',(-6.,-14.3582562662449,-7.04197352587408));
#3092=CARTESIAN_POINT('',(-5.75,-14.5281813002931,-7.22534605054374));
#3093=CARTESIAN_POINT('Origin',(-6.,-15.1059264160569,-7.8488126344206));
#3094=CARTESIAN_POINT('Origin',(-5.75,-15.1059264160569,-7.8488126344206));
#3095=CARTESIAN_POINT('Origin',(-5.75,-13.964716097443,-7.93867706039442));
#3096=CARTESIAN_POINT('Origin',(-5.75,-13.964716097443,-7.93867706039442));
#3097=CARTESIAN_POINT('Ctrl Pts',(-6.,-14.5149170072657,-6.92154371764269));
#3098=CARTESIAN_POINT('Ctrl Pts',(-5.99999999949017,-14.5981689626035,-6.86947826764939));
#3099=CARTESIAN_POINT('Ctrl Pts',(-5.97098457479842,-14.7245377866488,-6.81368589586427));
#3100=CARTESIAN_POINT('Ctrl Pts',(-5.78806961834251,-14.987818505018,-6.74445988328703));
#3101=CARTESIAN_POINT('Ctrl Pts',(-5.58708622313925,-15.0579450899551,-6.74985959068053));
#3102=CARTESIAN_POINT('Ctrl Pts',(-5.45,-15.0579450899551,-6.74985959068053));
#3103=CARTESIAN_POINT('Ctrl Pts',(-5.91361787687995,-14.5456329055743,-7.0012290578491));
#3104=CARTESIAN_POINT('Ctrl Pts',(-5.91064264651961,-14.6132766647873,-6.95771711192083));
#3105=CARTESIAN_POINT('Ctrl Pts',(-5.88418713150025,-14.7124591101545,-6.91149101633264));
#3106=CARTESIAN_POINT('Ctrl Pts',(-5.7347426431152,-14.9198221116001,-6.8494178403571));
#3107=CARTESIAN_POINT('Ctrl Pts',(-5.56654140689466,-14.979765730398,-6.84895227602244));
#3108=CARTESIAN_POINT('Ctrl Pts',(-5.45,-14.979765730398,-6.84895227602244));
#3109=CARTESIAN_POINT('Ctrl Pts',(-5.8272357537599,-14.5763488038828,-7.08091439805551));
#3110=CARTESIAN_POINT('Ctrl Pts',(-5.82128529354905,-14.628384366971,-7.04595595619227));
#3111=CARTESIAN_POINT('Ctrl Pts',(-5.79738968820209,-14.7003804336602,-7.009296136801));
#3112=CARTESIAN_POINT('Ctrl Pts',(-5.68141566788788,-14.8518257181822,-6.95437579742716));
#3113=CARTESIAN_POINT('Ctrl Pts',(-5.54599659065008,-14.901586370841,-6.94804496136435));
#3114=CARTESIAN_POINT('Ctrl Pts',(-5.45,-14.901586370841,-6.94804496136435));
#3115=CARTESIAN_POINT('Ctrl Pts',(-5.74085363063985,-14.6070647021913,-7.16059973826192));
#3116=CARTESIAN_POINT('Ctrl Pts',(-5.73192794057849,-14.6434920691548,-7.13419480046371));
#3117=CARTESIAN_POINT('Ctrl Pts',(-5.71059224490393,-14.6883017571659,-7.10710125726936));
#3118=CARTESIAN_POINT('Ctrl Pts',(-5.62808869266056,-14.7838293247644,-7.05933375449723));
#3119=CARTESIAN_POINT('Ctrl Pts',(-5.52545177440549,-14.823407011284,-7.04713764670626));
#3120=CARTESIAN_POINT('Ctrl Pts',(-5.45,-14.823407011284,-7.04713764670626));
#3121=CARTESIAN_POINT('',(-6.,-14.5149170066597,-6.92154371643572));
#3122=CARTESIAN_POINT('',(-5.74085363062839,-14.6070647022381,-7.160599738228));
#3123=CARTESIAN_POINT('',(-6.,-14.5149170066597,-6.92154371643572));
#3124=CARTESIAN_POINT('',(-5.45,-14.823407011284,-7.04713764670626));
#3125=CARTESIAN_POINT('Ctrl Pts',(-5.74085363063985,-14.6070647021913,-7.16059973826192));
#3126=CARTESIAN_POINT('Ctrl Pts',(-5.73192794057849,-14.6434920691548,-7.13419480046371));
#3127=CARTESIAN_POINT('Ctrl Pts',(-5.71059224490393,-14.6883017571659,-7.10710125726936));
#3128=CARTESIAN_POINT('Ctrl Pts',(-5.62808869266056,-14.7838293247644,-7.05933375449723));
#3129=CARTESIAN_POINT('Ctrl Pts',(-5.52545177440549,-14.823407011284,-7.04713764670626));
#3130=CARTESIAN_POINT('Ctrl Pts',(-5.45,-14.823407011284,-7.04713764670626));
#3131=CARTESIAN_POINT('',(-5.45,-15.0579450899551,-6.74985959068053));
#3132=CARTESIAN_POINT('',(-5.45,-14.823407011284,-7.04713764670626));
#3133=CARTESIAN_POINT('Ctrl Pts',(-5.45,-15.0579450899551,-6.74985959068053));
#3134=CARTESIAN_POINT('Ctrl Pts',(-5.58708622313925,-15.0579450899551,-6.74985959068053));
#3135=CARTESIAN_POINT('Ctrl Pts',(-5.78806961834251,-14.987818505018,-6.74445988328703));
#3136=CARTESIAN_POINT('Ctrl Pts',(-5.97098457479842,-14.7245377866488,-6.81368589586427));
#3137=CARTESIAN_POINT('Ctrl Pts',(-5.99999999949017,-14.5981689626035,-6.86947826764939));
#3138=CARTESIAN_POINT('Ctrl Pts',(-6.,-14.5149170072657,-6.92154371764269));
#3139=CARTESIAN_POINT('Origin',(0.,-14.9406760506207,-6.89849861869299));
#3140=CARTESIAN_POINT('',(5.45,-14.8234070112863,-7.04713764670546));
#3141=CARTESIAN_POINT('',(5.45,-15.0579450899551,-6.74985959068053));
#3142=CARTESIAN_POINT('',(5.45,-14.8234070112863,-7.04713764670546));
#3143=CARTESIAN_POINT('',(0.,-15.0579450899551,-6.74985959068053));
#3144=CARTESIAN_POINT('',(0.,-14.8234070112863,-7.04713764670546));
#3145=CARTESIAN_POINT('Ctrl Pts',(5.45,-15.0579450899551,-6.74985959068053));
#3146=CARTESIAN_POINT('Ctrl Pts',(5.55281466735444,-15.0579450899551,-6.74985959068053));
#3147=CARTESIAN_POINT('Ctrl Pts',(5.74275896540508,-15.0104646173313,-6.7471239292139));
#3148=CARTESIAN_POINT('Ctrl Pts',(5.95650654603339,-14.7734354480834,-6.79395470548713));
#3149=CARTESIAN_POINT('Ctrl Pts',(5.99999999949017,-14.5981689626035,-6.86947826764939));
#3150=CARTESIAN_POINT('Ctrl Pts',(6.,-14.5149170072657,-6.92154371764269));
#3151=CARTESIAN_POINT('Ctrl Pts',(5.45,-14.979765730398,-6.84895227602244));
#3152=CARTESIAN_POINT('Ctrl Pts',(5.537406055171,-14.979765730398,-6.84895227602244));
#3153=CARTESIAN_POINT('Ctrl Pts',(5.69808126244101,-14.9384438534766,-6.85015735260659));
#3154=CARTESIAN_POINT('Ctrl Pts',(5.87175427485086,-14.7504705562922,-6.89509616688881));
#3155=CARTESIAN_POINT('Ctrl Pts',(5.91064264651961,-14.6132766647873,-6.95771711192083));
#3156=CARTESIAN_POINT('Ctrl Pts',(5.91361787687995,-14.5456329055743,-7.0012290578491));
#3157=CARTESIAN_POINT('Ctrl Pts',(5.45,-14.901586370841,-6.94804496136435));
#3158=CARTESIAN_POINT('Ctrl Pts',(5.52199744298756,-14.901586370841,-6.94804496136435));
#3159=CARTESIAN_POINT('Ctrl Pts',(5.65340355947694,-14.8664230896219,-6.95319077599929));
#3160=CARTESIAN_POINT('Ctrl Pts',(5.78700200366833,-14.7275056645009,-6.99623762829049));
#3161=CARTESIAN_POINT('Ctrl Pts',(5.82128529354905,-14.628384366971,-7.04595595619227));
#3162=CARTESIAN_POINT('Ctrl Pts',(5.8272357537599,-14.5763488038828,-7.08091439805551));
#3163=CARTESIAN_POINT('Ctrl Pts',(5.45,-14.823407011284,-7.04713764670627));
#3164=CARTESIAN_POINT('Ctrl Pts',(5.50658883080412,-14.823407011284,-7.04713764670627));
#3165=CARTESIAN_POINT('Ctrl Pts',(5.60872585651288,-14.7944023257672,-7.05622419939198));
#3166=CARTESIAN_POINT('Ctrl Pts',(5.7022497324858,-14.7045407727097,-7.09737908969216));
#3167=CARTESIAN_POINT('Ctrl Pts',(5.73192794057849,-14.6434920691548,-7.13419480046372));
#3168=CARTESIAN_POINT('Ctrl Pts',(5.74085363063985,-14.6070647021913,-7.16059973826192));
#3169=CARTESIAN_POINT('',(5.74085363062839,-14.6070647022381,-7.160599738228));
#3170=CARTESIAN_POINT('',(6.,-14.5149170066597,-6.92154371643572));
#3171=CARTESIAN_POINT('',(5.74085363062839,-14.6070647022381,-7.160599738228));
#3172=CARTESIAN_POINT('Ctrl Pts',(6.,-14.5149170072657,-6.92154371764269));
#3173=CARTESIAN_POINT('Ctrl Pts',(5.99999999949017,-14.5981689626035,-6.86947826764939));
#3174=CARTESIAN_POINT('Ctrl Pts',(5.95650654603339,-14.7734354480834,-6.79395470548713));
#3175=CARTESIAN_POINT('Ctrl Pts',(5.74275896540508,-15.0104646173313,-6.7471239292139));
#3176=CARTESIAN_POINT('Ctrl Pts',(5.55281466735444,-15.0579450899551,-6.74985959068053));
#3177=CARTESIAN_POINT('Ctrl Pts',(5.45,-15.0579450899551,-6.74985959068053));
#3178=CARTESIAN_POINT('Ctrl Pts',(5.45,-14.823407011284,-7.04713764670627));
#3179=CARTESIAN_POINT('Ctrl Pts',(5.50658883080412,-14.823407011284,-7.04713764670627));
#3180=CARTESIAN_POINT('Ctrl Pts',(5.60872585651288,-14.7944023257672,-7.05622419939198));
#3181=CARTESIAN_POINT('Ctrl Pts',(5.7022497324858,-14.7045407727097,-7.09737908969216));
#3182=CARTESIAN_POINT('Ctrl Pts',(5.73192794057849,-14.6434920691548,-7.13419480046372));
#3183=CARTESIAN_POINT('Ctrl Pts',(5.74085363063985,-14.6070647021913,-7.16059973826192));
#3184=CARTESIAN_POINT('Ctrl Pts',(-6.,-14.3582562662449,-7.04197352587408));
#3185=CARTESIAN_POINT('Ctrl Pts',(-6.,-14.4040435817459,-6.99954398982718));
#3186=CARTESIAN_POINT('Ctrl Pts',(-6.,-14.4567682553763,-6.95790972152266));
#3187=CARTESIAN_POINT('Ctrl Pts',(-6.,-14.5149170073727,-6.92154371757582));
#3188=CARTESIAN_POINT('Ctrl Pts',(-5.91666666666667,-14.414897944261,-7.10309770076396));
#3189=CARTESIAN_POINT('Ctrl Pts',(-5.91666666666667,-14.4541002261358,-7.06677028969545));
#3190=CARTESIAN_POINT('Ctrl Pts',(-5.91569597716537,-14.4983859651945,-7.03162072054396));
#3191=CARTESIAN_POINT('Ctrl Pts',(-5.91361787687613,-14.5456329056612,-7.00122905779321));
#3192=CARTESIAN_POINT('Ctrl Pts',(-5.83333333333333,-14.471539622277,-7.16422187565385));
#3193=CARTESIAN_POINT('Ctrl Pts',(-5.83333333333333,-14.5041568705257,-7.13399658956373));
#3194=CARTESIAN_POINT('Ctrl Pts',(-5.83139195433074,-14.5400036750127,-7.10533171956526));
#3195=CARTESIAN_POINT('Ctrl Pts',(-5.82723575375226,-14.5763488039496,-7.08091439801061));
#3196=CARTESIAN_POINT('Ctrl Pts',(-5.75,-14.5281813002931,-7.22534605054374));
#3197=CARTESIAN_POINT('Ctrl Pts',(-5.75,-14.5542135149156,-7.201222889432));
#3198=CARTESIAN_POINT('Ctrl Pts',(-5.74708793149612,-14.5816213848309,-7.17904271858656));
#3199=CARTESIAN_POINT('Ctrl Pts',(-5.74085363062839,-14.6070647022381,-7.160599738228));
#3200=CARTESIAN_POINT('Ctrl Pts',(-6.,-14.5149170073727,-6.92154371757582));
#3201=CARTESIAN_POINT('Ctrl Pts',(-6.,-14.4567682553763,-6.95790972152266));
#3202=CARTESIAN_POINT('Ctrl Pts',(-6.,-14.4040435817459,-6.99954398982718));
#3203=CARTESIAN_POINT('Ctrl Pts',(-6.,-14.3582562662449,-7.04197352587408));
#3204=CARTESIAN_POINT('Ctrl Pts',(-5.75,-14.5281813002931,-7.22534605054374));
#3205=CARTESIAN_POINT('Ctrl Pts',(-5.75,-14.5542135149156,-7.201222889432));
#3206=CARTESIAN_POINT('Ctrl Pts',(-5.74708793149612,-14.5816213848309,-7.17904271858656));
#3207=CARTESIAN_POINT('Ctrl Pts',(-5.74085363062839,-14.6070647022381,-7.160599738228));
#3208=CARTESIAN_POINT('Origin',(5.875,-15.1059264160569,-7.8488126344206));
#3209=CARTESIAN_POINT('',(5.75,-14.3174466575118,-7.53132299622001));
#3210=CARTESIAN_POINT('',(6.,-14.0855408461751,-7.43794369086689));
#3211=CARTESIAN_POINT('',(5.75,-14.3174466575118,-7.53132299622001));
#3212=CARTESIAN_POINT('',(6.,-14.3582562662449,-7.04197352587408));
#3213=CARTESIAN_POINT('Origin',(6.,-15.1059264160569,-7.8488126344206));
#3214=CARTESIAN_POINT('',(5.75,-14.5281813002931,-7.22534605054374));
#3215=CARTESIAN_POINT('',(6.,-14.3582562662449,-7.04197352587408));
#3216=CARTESIAN_POINT('Origin',(5.75,-15.1059264160569,-7.8488126344206));
#3217=CARTESIAN_POINT('Origin',(5.875,-15.7274339904398,-8.09906917276705));
#3218=CARTESIAN_POINT('',(5.75,-14.2136875512563,-7.96133131355442));
#3219=CARTESIAN_POINT('',(5.75,-14.2136875512563,-7.96133131355442));
#3220=CARTESIAN_POINT('Origin',(6.,-15.7274339904398,-8.09906917276705));
#3221=CARTESIAN_POINT('Origin',(5.75,-15.7274339904398,-8.09906917276705));
#3222=CARTESIAN_POINT('Ctrl Pts',(6.,-14.5149170073727,-6.92154371757581));
#3223=CARTESIAN_POINT('Ctrl Pts',(6.,-14.4567682553763,-6.95790972152266));
#3224=CARTESIAN_POINT('Ctrl Pts',(6.,-14.4040435817459,-6.99954398982718));
#3225=CARTESIAN_POINT('Ctrl Pts',(6.,-14.3582562662449,-7.04197352587408));
#3226=CARTESIAN_POINT('Ctrl Pts',(5.91361787687613,-14.5456329056612,-7.00122905779321));
#3227=CARTESIAN_POINT('Ctrl Pts',(5.91569597716537,-14.4983859651945,-7.03162072054396));
#3228=CARTESIAN_POINT('Ctrl Pts',(5.91666666666667,-14.4541002261358,-7.06677028969545));
#3229=CARTESIAN_POINT('Ctrl Pts',(5.91666666666667,-14.414897944261,-7.10309770076396));
#3230=CARTESIAN_POINT('Ctrl Pts',(5.82723575375226,-14.5763488039496,-7.0809143980106));
#3231=CARTESIAN_POINT('Ctrl Pts',(5.83139195433074,-14.5400036750127,-7.10533171956526));
#3232=CARTESIAN_POINT('Ctrl Pts',(5.83333333333333,-14.5041568705257,-7.13399658956372));
#3233=CARTESIAN_POINT('Ctrl Pts',(5.83333333333333,-14.471539622277,-7.16422187565385));
#3234=CARTESIAN_POINT('Ctrl Pts',(5.74085363062839,-14.6070647022381,-7.160599738228));
#3235=CARTESIAN_POINT('Ctrl Pts',(5.74708793149612,-14.5816213848309,-7.17904271858656));
#3236=CARTESIAN_POINT('Ctrl Pts',(5.75,-14.5542135149156,-7.201222889432));
#3237=CARTESIAN_POINT('Ctrl Pts',(5.75,-14.5281813002931,-7.22534605054374));
#3238=CARTESIAN_POINT('Ctrl Pts',(6.,-14.3582562662449,-7.04197352587408));
#3239=CARTESIAN_POINT('Ctrl Pts',(6.,-14.4040435817459,-6.99954398982718));
#3240=CARTESIAN_POINT('Ctrl Pts',(6.,-14.4567682553763,-6.95790972152266));
#3241=CARTESIAN_POINT('Ctrl Pts',(6.,-14.5149170073727,-6.92154371757581));
#3242=CARTESIAN_POINT('Ctrl Pts',(5.74085363062839,-14.6070647022381,-7.160599738228));
#3243=CARTESIAN_POINT('Ctrl Pts',(5.74708793149612,-14.5816213848309,-7.17904271858656));
#3244=CARTESIAN_POINT('Ctrl Pts',(5.75,-14.5542135149156,-7.201222889432));
#3245=CARTESIAN_POINT('Ctrl Pts',(5.75,-14.5281813002931,-7.22534605054374));
#3246=CARTESIAN_POINT('Origin',(5.75,-13.964716097443,-7.93867706039442));
#3247=CARTESIAN_POINT('Origin',(5.75,-13.964716097443,-7.93867706039442));
#3248=CARTESIAN_POINT('Origin',(-6.,-7.5344249683982,-7.24658143832658));
#3249=CARTESIAN_POINT('',(-6.,-14.4855967628376,-6.2499998131125));
#3250=CARTESIAN_POINT('',(-6.,-14.4903068858562,-6.35787934199777));
#3251=CARTESIAN_POINT('',(-6.,-14.46376630061,-6.25));
#3252=CARTESIAN_POINT('Ctrl Pts',(-6.,-14.4637663006101,-6.25));
#3253=CARTESIAN_POINT('Ctrl Pts',(-6.,-14.4710393216874,-6.25));
#3254=CARTESIAN_POINT('Ctrl Pts',(-6.,-14.4783123379817,-6.25000006244318));
#3255=CARTESIAN_POINT('Ctrl Pts',(-6.,-14.4855967628376,-6.24999981315896));
#3256=CARTESIAN_POINT('',(-6.,-0.572354448294087,-6.25));
#3257=CARTESIAN_POINT('',(-6.,-3.7672124841991,-6.25));
#3258=CARTESIAN_POINT('',(-6.,-0.630816435541678,-7.58899964941393));
#3259=CARTESIAN_POINT('Origin',(-5.45,-14.4903068858562,-6.35787934199777));
#3260=CARTESIAN_POINT('',(-5.45,-15.0360999711325,-6.24952411079093));
#3261=CARTESIAN_POINT('',(-5.45,-15.0397834077263,-6.33388867894684));
#3262=CARTESIAN_POINT('Ctrl Pts',(-6.,-14.4855967628376,-6.24999981315896));
#3263=CARTESIAN_POINT('Ctrl Pts',(-6.00000000027297,-14.6263073751018,-6.2499949978252));
#3264=CARTESIAN_POINT('Ctrl Pts',(-5.88596789019309,-14.912647527176,-6.24975881871208));
#3265=CARTESIAN_POINT('Ctrl Pts',(-5.59592761581809,-15.0360999711325,-6.24952411079093));
#3266=CARTESIAN_POINT('Ctrl Pts',(-5.45,-15.0360999711325,-6.24952411079093));
#3267=CARTESIAN_POINT('Origin',(0.,-15.0142902774498,-5.75));
#3268=CARTESIAN_POINT('',(5.45,-15.0360999711325,-6.24952411079093));
#3269=CARTESIAN_POINT('',(5.45,-15.0397834077263,-6.33388867894684));
#3270=CARTESIAN_POINT('',(0.,-15.0360999711325,-6.24952411079093));
#3271=CARTESIAN_POINT('Origin',(5.45,-14.4903068858562,-6.35787934199777));
#3272=CARTESIAN_POINT('',(6.,-14.4855967628376,-6.2499998131125));
#3273=CARTESIAN_POINT('',(6.,-14.4903068858562,-6.35787934199777));
#3274=CARTESIAN_POINT('Ctrl Pts',(5.45,-15.0360999711325,-6.24952411079093));
#3275=CARTESIAN_POINT('Ctrl Pts',(5.59592761581808,-15.0360999711325,-6.24952411079093));
#3276=CARTESIAN_POINT('Ctrl Pts',(5.88596789019308,-14.912647527176,-6.24975881871208));
#3277=CARTESIAN_POINT('Ctrl Pts',(6.00000000027297,-14.6263073751018,-6.2499949978252));
#3278=CARTESIAN_POINT('Ctrl Pts',(6.,-14.4855967628376,-6.24999981315896));
#3279=CARTESIAN_POINT('Origin',(0.,-0.120203092329059,-8.50310344490064));
#3280=CARTESIAN_POINT('',(0.,-0.878011402112706,-8.11810141162951));
#3281=CARTESIAN_POINT('Origin',(5.75,-3.7672124841991,-6.));
#3282=CARTESIAN_POINT('',(6.,-0.572354448294087,-6.25));
#3283=CARTESIAN_POINT('',(5.5,-0.572354448294087,-5.75));
#3284=CARTESIAN_POINT('',(6.,-0.572354448294087,-6.25));
#3285=CARTESIAN_POINT('',(5.5,-14.46376630061,-5.75));
#3286=CARTESIAN_POINT('',(5.5,-3.7672124841991,-5.75));
#3287=CARTESIAN_POINT('',(6.,-14.46376630061,-6.25));
#3288=CARTESIAN_POINT('',(5.5,-14.46376630061,-5.75));
#3289=CARTESIAN_POINT('',(6.,-3.7672124841991,-6.25));
#3290=CARTESIAN_POINT('Ctrl Pts',(6.,-14.4855967628376,-6.24999981315896));
#3291=CARTESIAN_POINT('Ctrl Pts',(6.00000000027297,-14.6263073751018,-6.2499949978252));
#3292=CARTESIAN_POINT('Ctrl Pts',(5.88596789019308,-14.912647527176,-6.24975881871208));
#3293=CARTESIAN_POINT('Ctrl Pts',(5.59592761581808,-15.0360999711325,-6.24952411079093));
#3294=CARTESIAN_POINT('Ctrl Pts',(5.45,-15.0360999711325,-6.24952411079093));
#3295=CARTESIAN_POINT('Ctrl Pts',(5.83331999635087,-14.4789935196172,-6.08333320877264));
#3296=CARTESIAN_POINT('Ctrl Pts',(5.83314827232449,-14.5771352813283,-6.08332999855013));
#3297=CARTESIAN_POINT('Ctrl Pts',(5.75328534602517,-14.7764942400516,-6.08317254580806));
#3298=CARTESIAN_POINT('Ctrl Pts',(5.55149778803832,-14.8621634065716,-6.08301607386062));
#3299=CARTESIAN_POINT('Ctrl Pts',(5.45,-14.8621634065716,-6.08301607386062));
#3300=CARTESIAN_POINT('Ctrl Pts',(5.66663999270174,-14.4723902763968,-5.91666660438632));
#3301=CARTESIAN_POINT('Ctrl Pts',(5.66629654437602,-14.5279631875548,-5.91666499927507));
#3302=CARTESIAN_POINT('Ctrl Pts',(5.62060280185726,-14.6403409529271,-5.91658627290403));
#3303=CARTESIAN_POINT('Ctrl Pts',(5.50706796025856,-14.6882268420107,-5.91650803693031));
#3304=CARTESIAN_POINT('Ctrl Pts',(5.45,-14.6882268420107,-5.91650803693031));
#3305=CARTESIAN_POINT('Ctrl Pts',(5.49995998905262,-14.4657870331763,-5.75));
#3306=CARTESIAN_POINT('Ctrl Pts',(5.49944481642754,-14.4787910937813,-5.75));
#3307=CARTESIAN_POINT('Ctrl Pts',(5.48792025768935,-14.5041876658027,-5.75));
#3308=CARTESIAN_POINT('Ctrl Pts',(5.46263813247879,-14.5142902774498,-5.75));
#3309=CARTESIAN_POINT('Ctrl Pts',(5.45,-14.5142902774498,-5.75));
#3310=CARTESIAN_POINT('',(5.49995998905262,-14.4657870331763,-5.75));
#3311=CARTESIAN_POINT('',(6.,-14.4855967628376,-6.2499998131125));
#3312=CARTESIAN_POINT('',(5.45,-14.5142902774498,-5.75));
#3313=CARTESIAN_POINT('Ctrl Pts',(5.49995998905262,-14.4657870331763,-5.75));
#3314=CARTESIAN_POINT('Ctrl Pts',(5.49944481642754,-14.4787910937813,-5.75));
#3315=CARTESIAN_POINT('Ctrl Pts',(5.48792025768935,-14.5041876658027,-5.75));
#3316=CARTESIAN_POINT('Ctrl Pts',(5.46263813247879,-14.5142902774498,-5.75));
#3317=CARTESIAN_POINT('Ctrl Pts',(5.45,-14.5142902774498,-5.75));
#3318=CARTESIAN_POINT('',(5.45,-14.5142902774498,-5.75));
#3319=CARTESIAN_POINT('Origin',(0.,-14.7751951242912,-5.99976205539547));
#3320=CARTESIAN_POINT('',(-5.45,-14.5142902774498,-5.75));
#3321=CARTESIAN_POINT('',(0.,-14.5142902774498,-5.75));
#3322=CARTESIAN_POINT('',(-5.45,-14.5142902774498,-5.75));
#3323=CARTESIAN_POINT('Ctrl Pts',(-5.45,-15.0360999711325,-6.24952411079093));
#3324=CARTESIAN_POINT('Ctrl Pts',(-5.59592761581809,-15.0360999711325,-6.24952411079093));
#3325=CARTESIAN_POINT('Ctrl Pts',(-5.88596789019309,-14.912647527176,-6.24975881871208));
#3326=CARTESIAN_POINT('Ctrl Pts',(-6.00000000027297,-14.6263073751018,-6.2499949978252));
#3327=CARTESIAN_POINT('Ctrl Pts',(-6.,-14.4855967628376,-6.24999981315896));
#3328=CARTESIAN_POINT('Ctrl Pts',(-5.45,-14.8621634065716,-6.08301607386062));
#3329=CARTESIAN_POINT('Ctrl Pts',(-5.55149778803832,-14.8621634065716,-6.08301607386062));
#3330=CARTESIAN_POINT('Ctrl Pts',(-5.75328534602518,-14.7764942400516,-6.08317254580806));
#3331=CARTESIAN_POINT('Ctrl Pts',(-5.8331482723245,-14.5771352813283,-6.08332999855013));
#3332=CARTESIAN_POINT('Ctrl Pts',(-5.83331999635087,-14.4789935196172,-6.08333320877264));
#3333=CARTESIAN_POINT('Ctrl Pts',(-5.45,-14.6882268420107,-5.91650803693031));
#3334=CARTESIAN_POINT('Ctrl Pts',(-5.50706796025856,-14.6882268420107,-5.91650803693031));
#3335=CARTESIAN_POINT('Ctrl Pts',(-5.62060280185727,-14.6403409529271,-5.91658627290403));
#3336=CARTESIAN_POINT('Ctrl Pts',(-5.66629654437602,-14.5279631875548,-5.91666499927507));
#3337=CARTESIAN_POINT('Ctrl Pts',(-5.66663999270174,-14.4723902763968,-5.91666660438632));
#3338=CARTESIAN_POINT('Ctrl Pts',(-5.45,-14.5142902774498,-5.75));
#3339=CARTESIAN_POINT('Ctrl Pts',(-5.46263813247879,-14.5142902774498,-5.75));
#3340=CARTESIAN_POINT('Ctrl Pts',(-5.48792025768935,-14.5041876658027,-5.75));
#3341=CARTESIAN_POINT('Ctrl Pts',(-5.49944481642754,-14.4787910937813,-5.75));
#3342=CARTESIAN_POINT('Ctrl Pts',(-5.49995998905262,-14.4657870331763,-5.75));
#3343=CARTESIAN_POINT('',(-5.49995998905262,-14.4657870331763,-5.75));
#3344=CARTESIAN_POINT('',(-5.49995998905262,-14.4657870331763,-5.75));
#3345=CARTESIAN_POINT('Ctrl Pts',(-5.45,-14.5142902774498,-5.75));
#3346=CARTESIAN_POINT('Ctrl Pts',(-5.46263813247879,-14.5142902774498,-5.75));
#3347=CARTESIAN_POINT('Ctrl Pts',(-5.48792025768935,-14.5041876658027,-5.75));
#3348=CARTESIAN_POINT('Ctrl Pts',(-5.49944481642754,-14.4787910937813,-5.75));
#3349=CARTESIAN_POINT('Ctrl Pts',(-5.49995998905262,-14.4657870331763,-5.75));
#3350=CARTESIAN_POINT('Ctrl Pts',(6.,-14.4637663006101,-6.25));
#3351=CARTESIAN_POINT('Ctrl Pts',(6.,-14.4710393216874,-6.25));
#3352=CARTESIAN_POINT('Ctrl Pts',(6.,-14.4783123379817,-6.25000006244318));
#3353=CARTESIAN_POINT('Ctrl Pts',(6.,-14.4855967628376,-6.24999981315896));
#3354=CARTESIAN_POINT('Ctrl Pts',(5.83333333333333,-14.4637663006101,-6.08333333333333));
#3355=CARTESIAN_POINT('Ctrl Pts',(5.83333333333333,-14.4688395692459,-6.08333333333333));
#3356=CARTESIAN_POINT('Ctrl Pts',(5.83332888631355,-14.4739128346787,-6.08333337496212));
#3357=CARTESIAN_POINT('Ctrl Pts',(5.83331999635087,-14.4789935196172,-6.08333320877264));
#3358=CARTESIAN_POINT('Ctrl Pts',(5.66666666666667,-14.46376630061,-5.91666666666667));
#3359=CARTESIAN_POINT('Ctrl Pts',(5.66666666666667,-14.4666398168044,-5.91666666666667));
#3360=CARTESIAN_POINT('Ctrl Pts',(5.66665777262711,-14.4695133313757,-5.91666668748106));
#3361=CARTESIAN_POINT('Ctrl Pts',(5.66663999270175,-14.4723902763968,-5.91666660438632));
#3362=CARTESIAN_POINT('Ctrl Pts',(5.5,-14.46376630061,-5.75));
#3363=CARTESIAN_POINT('Ctrl Pts',(5.5,-14.464440064363,-5.75));
#3364=CARTESIAN_POINT('Ctrl Pts',(5.49998665894066,-14.4651138280727,-5.75));
#3365=CARTESIAN_POINT('Ctrl Pts',(5.49995998905262,-14.4657870331763,-5.75));
#3366=CARTESIAN_POINT('Ctrl Pts',(6.,-14.4855967628376,-6.24999981315896));
#3367=CARTESIAN_POINT('Ctrl Pts',(6.,-14.4783123379817,-6.25000006244318));
#3368=CARTESIAN_POINT('Ctrl Pts',(6.,-14.4710393216874,-6.25));
#3369=CARTESIAN_POINT('Ctrl Pts',(6.,-14.4637663006101,-6.25));
#3370=CARTESIAN_POINT('Ctrl Pts',(5.5,-14.46376630061,-5.75));
#3371=CARTESIAN_POINT('Ctrl Pts',(5.5,-14.464440064363,-5.75));
#3372=CARTESIAN_POINT('Ctrl Pts',(5.49998665894066,-14.4651138280727,-5.75));
#3373=CARTESIAN_POINT('Ctrl Pts',(5.49995998905262,-14.4657870331763,-5.75));
#3374=CARTESIAN_POINT('Origin',(-5.75,-3.7672124841991,-6.));
#3375=CARTESIAN_POINT('',(-5.5,-0.572354448294087,-5.75));
#3376=CARTESIAN_POINT('',(-5.5,-0.572354448294087,-5.75));
#3377=CARTESIAN_POINT('',(-5.5,-14.46376630061,-5.75));
#3378=CARTESIAN_POINT('',(-6.,-14.46376630061,-6.25));
#3379=CARTESIAN_POINT('',(-5.5,-3.7672124841991,-5.75));
#3380=CARTESIAN_POINT('Ctrl Pts',(-6.,-14.4855967628376,-6.24999981315896));
#3381=CARTESIAN_POINT('Ctrl Pts',(-6.,-14.4783123379817,-6.25000006244318));
#3382=CARTESIAN_POINT('Ctrl Pts',(-6.,-14.4710393216874,-6.25));
#3383=CARTESIAN_POINT('Ctrl Pts',(-6.,-14.4637663006101,-6.25));
#3384=CARTESIAN_POINT('Ctrl Pts',(-5.83331999635087,-14.4789935196172,-6.08333320877264));
#3385=CARTESIAN_POINT('Ctrl Pts',(-5.83332888631355,-14.4739128346787,-6.08333337496212));
#3386=CARTESIAN_POINT('Ctrl Pts',(-5.83333333333333,-14.4688395692459,-6.08333333333333));
#3387=CARTESIAN_POINT('Ctrl Pts',(-5.83333333333333,-14.4637663006101,-6.08333333333333));
#3388=CARTESIAN_POINT('Ctrl Pts',(-5.66663999270174,-14.4723902763968,-5.91666660438632));
#3389=CARTESIAN_POINT('Ctrl Pts',(-5.66665777262711,-14.4695133313757,-5.91666668748106));
#3390=CARTESIAN_POINT('Ctrl Pts',(-5.66666666666667,-14.4666398168044,-5.91666666666667));
#3391=CARTESIAN_POINT('Ctrl Pts',(-5.66666666666667,-14.46376630061,-5.91666666666667));
#3392=CARTESIAN_POINT('Ctrl Pts',(-5.49995998905262,-14.4657870331763,-5.75));
#3393=CARTESIAN_POINT('Ctrl Pts',(-5.49998665894066,-14.4651138280727,-5.75));
#3394=CARTESIAN_POINT('Ctrl Pts',(-5.5,-14.464440064363,-5.75));
#3395=CARTESIAN_POINT('Ctrl Pts',(-5.5,-14.46376630061,-5.75));
#3396=CARTESIAN_POINT('Ctrl Pts',(-5.49995998905262,-14.4657870331763,-5.75));
#3397=CARTESIAN_POINT('Ctrl Pts',(-5.49998665894066,-14.4651138280727,-5.75));
#3398=CARTESIAN_POINT('Ctrl Pts',(-5.5,-14.464440064363,-5.75));
#3399=CARTESIAN_POINT('Ctrl Pts',(-5.5,-14.46376630061,-5.75));
#3400=CARTESIAN_POINT('Ctrl Pts',(-5.99956740953,-0.550523976839826,-6.24999981286545));
#3401=CARTESIAN_POINT('Ctrl Pts',(-5.99385764721278,-0.406510280863885,
-6.24999487288608));
#3402=CARTESIAN_POINT('Ctrl Pts',(-5.8647786557247,-0.130200069575123,-6.2497512023574));
#3403=CARTESIAN_POINT('Ctrl Pts',(-5.58827445922744,-0.0218096936826722,
-6.24952411079093));
#3404=CARTESIAN_POINT('Ctrl Pts',(-5.45,-0.0218096936826732,-6.24952411079093));
#3405=CARTESIAN_POINT('Ctrl Pts',(-5.83304493968667,-0.550523976839826,
-6.08333320857697));
#3406=CARTESIAN_POINT('Ctrl Pts',(-5.82923843147519,-0.450064268286052,
-6.08332991525739));
#3407=CARTESIAN_POINT('Ctrl Pts',(-5.7394893668612,-0.257016564157338,-6.08316746823827));
#3408=CARTESIAN_POINT('Ctrl Pts',(-5.54650472721619,-0.181206462455115,
-6.08301607386062));
#3409=CARTESIAN_POINT('Ctrl Pts',(-5.45,-0.181206462455116,-6.08301607386062));
#3410=CARTESIAN_POINT('Ctrl Pts',(-5.66652246984333,-0.550523976839826,
-5.91666660428849));
#3411=CARTESIAN_POINT('Ctrl Pts',(-5.66461921573759,-0.493618255708219,
-5.91666495762869));
#3412=CARTESIAN_POINT('Ctrl Pts',(-5.61420007799772,-0.383833058739552,
-5.91658373411914));
#3413=CARTESIAN_POINT('Ctrl Pts',(-5.50473499520494,-0.340603231227558,
-5.91650803693031));
#3414=CARTESIAN_POINT('Ctrl Pts',(-5.45,-0.340603231227558,-5.91650803693031));
#3415=CARTESIAN_POINT('Ctrl Pts',(-5.5,-0.550523976839827,-5.75));
#3416=CARTESIAN_POINT('Ctrl Pts',(-5.5,-0.537172243130387,-5.75));
#3417=CARTESIAN_POINT('Ctrl Pts',(-5.48891078913422,-0.510649553321766,
-5.75));
#3418=CARTESIAN_POINT('Ctrl Pts',(-5.4629652631937,-0.500000000000001,-5.75));
#3419=CARTESIAN_POINT('Ctrl Pts',(-5.45,-0.500000000000001,-5.75));
#3420=CARTESIAN_POINT('',(-5.45,-0.500000000000001,-5.75));
#3421=CARTESIAN_POINT('',(-5.45,-0.0218096936826732,-6.24952411079093));
#3422=CARTESIAN_POINT('',(-5.45,-0.500000000000001,-5.75));
#3423=CARTESIAN_POINT('',(-5.99956740953,-0.550523976839825,-6.24999981286545));
#3424=CARTESIAN_POINT('Ctrl Pts',(-5.45,-0.0218096936826732,-6.24952411079093));
#3425=CARTESIAN_POINT('Ctrl Pts',(-5.58827445922744,-0.0218096936826722,
-6.24952411079093));
#3426=CARTESIAN_POINT('Ctrl Pts',(-5.8647786557247,-0.130200069575123,-6.2497512023574));
#3427=CARTESIAN_POINT('Ctrl Pts',(-5.99385764721278,-0.406510280863885,
-6.24999487288608));
#3428=CARTESIAN_POINT('Ctrl Pts',(-5.99956740953,-0.550523976839826,-6.24999981286545));
#3429=CARTESIAN_POINT('',(-5.5,-0.550523976839827,-5.75));
#3430=CARTESIAN_POINT('',(-5.99956740953,-0.550523976839825,-6.24999981286545));
#3431=CARTESIAN_POINT('Ctrl Pts',(-5.5,-0.550523976839827,-5.75));
#3432=CARTESIAN_POINT('Ctrl Pts',(-5.5,-0.537172243130387,-5.75));
#3433=CARTESIAN_POINT('Ctrl Pts',(-5.48891078913422,-0.510649553321766,
-5.75));
#3434=CARTESIAN_POINT('Ctrl Pts',(-5.4629652631937,-0.500000000000001,-5.75));
#3435=CARTESIAN_POINT('Ctrl Pts',(-5.45,-0.500000000000001,-5.75));
#3436=CARTESIAN_POINT('Origin',(0.,-0.260904846841336,-5.99976205539547));
#3437=CARTESIAN_POINT('',(5.45,-0.5,-5.75));
#3438=CARTESIAN_POINT('',(5.45,-0.0218096936826724,-6.24952411079093));
#3439=CARTESIAN_POINT('',(5.45,-0.5,-5.75));
#3440=CARTESIAN_POINT('',(0.,-0.0218096936826725,-6.24952411079093));
#3441=CARTESIAN_POINT('',(0.,-0.5,-5.75));
#3442=CARTESIAN_POINT('Ctrl Pts',(5.45,-0.0218096936826732,-6.24952411079093));
#3443=CARTESIAN_POINT('Ctrl Pts',(5.58827445922744,-0.0218096936826728,
-6.24952411079093));
#3444=CARTESIAN_POINT('Ctrl Pts',(5.86477865572471,-0.130200069575125,-6.2497512023574));
#3445=CARTESIAN_POINT('Ctrl Pts',(5.99385764721278,-0.406510280863885,-6.24999487288608));
#3446=CARTESIAN_POINT('Ctrl Pts',(5.99956740953,-0.550523976839826,-6.24999981286545));
#3447=CARTESIAN_POINT('Ctrl Pts',(5.45,-0.181206462455116,-6.08301607386062));
#3448=CARTESIAN_POINT('Ctrl Pts',(5.54650472721619,-0.181206462455115,-6.08301607386062));
#3449=CARTESIAN_POINT('Ctrl Pts',(5.73948936686121,-0.257016564157339,-6.08316746823827));
#3450=CARTESIAN_POINT('Ctrl Pts',(5.82923843147519,-0.450064268286053,-6.08332991525739));
#3451=CARTESIAN_POINT('Ctrl Pts',(5.83304493968667,-0.550523976839826,-6.08333320857697));
#3452=CARTESIAN_POINT('Ctrl Pts',(5.45,-0.340603231227558,-5.91650803693031));
#3453=CARTESIAN_POINT('Ctrl Pts',(5.50473499520494,-0.340603231227558,-5.91650803693031));
#3454=CARTESIAN_POINT('Ctrl Pts',(5.61420007799772,-0.383833058739553,-5.91658373411914));
#3455=CARTESIAN_POINT('Ctrl Pts',(5.66461921573759,-0.493618255708219,-5.91666495762869));
#3456=CARTESIAN_POINT('Ctrl Pts',(5.66652246984333,-0.550523976839826,-5.91666660428849));
#3457=CARTESIAN_POINT('Ctrl Pts',(5.45,-0.500000000000001,-5.75));
#3458=CARTESIAN_POINT('Ctrl Pts',(5.4629652631937,-0.500000000000001,-5.75));
#3459=CARTESIAN_POINT('Ctrl Pts',(5.48891078913422,-0.510649553321766,-5.75));
#3460=CARTESIAN_POINT('Ctrl Pts',(5.5,-0.537172243130387,-5.75));
#3461=CARTESIAN_POINT('Ctrl Pts',(5.5,-0.550523976839827,-5.75));
#3462=CARTESIAN_POINT('',(5.5,-0.550523976839827,-5.75));
#3463=CARTESIAN_POINT('',(5.99956740953,-0.550523976839825,-6.24999981286545));
#3464=CARTESIAN_POINT('',(5.5,-0.550523976839827,-5.75));
#3465=CARTESIAN_POINT('Ctrl Pts',(5.99956740953,-0.550523976839826,-6.24999981286545));
#3466=CARTESIAN_POINT('Ctrl Pts',(5.99385764721278,-0.406510280863885,-6.24999487288608));
#3467=CARTESIAN_POINT('Ctrl Pts',(5.86477865572471,-0.130200069575125,-6.2497512023574));
#3468=CARTESIAN_POINT('Ctrl Pts',(5.58827445922744,-0.0218096936826728,
-6.24952411079093));
#3469=CARTESIAN_POINT('Ctrl Pts',(5.45,-0.0218096936826732,-6.24952411079093));
#3470=CARTESIAN_POINT('Ctrl Pts',(5.45,-0.500000000000001,-5.75));
#3471=CARTESIAN_POINT('Ctrl Pts',(5.4629652631937,-0.500000000000001,-5.75));
#3472=CARTESIAN_POINT('Ctrl Pts',(5.48891078913422,-0.510649553321766,-5.75));
#3473=CARTESIAN_POINT('Ctrl Pts',(5.5,-0.537172243130387,-5.75));
#3474=CARTESIAN_POINT('Ctrl Pts',(5.5,-0.550523976839827,-5.75));
#3475=CARTESIAN_POINT('Ctrl Pts',(-6.,-0.572354448294083,-6.25));
#3476=CARTESIAN_POINT('Ctrl Pts',(-6.,-0.565077624475997,-6.25));
#3477=CARTESIAN_POINT('Ctrl Pts',(-5.99985591635669,-0.557800800657911,
-6.25000006247615));
#3478=CARTESIAN_POINT('Ctrl Pts',(-5.99956740953,-0.550523976839825,-6.24999981286545));
#3479=CARTESIAN_POINT('Ctrl Pts',(-5.83333333333333,-0.572354448294083,
-6.08333333333334));
#3480=CARTESIAN_POINT('Ctrl Pts',(-5.83333333333333,-0.565077624475997,
-6.08333333333334));
#3481=CARTESIAN_POINT('Ctrl Pts',(-5.83323727757113,-0.557800800657911,
-6.0833333749841));
#3482=CARTESIAN_POINT('Ctrl Pts',(-5.83304493968667,-0.550523976839825,
-6.08333320857697));
#3483=CARTESIAN_POINT('Ctrl Pts',(-5.66666666666667,-0.572354448294083,
-5.91666666666667));
#3484=CARTESIAN_POINT('Ctrl Pts',(-5.66666666666667,-0.565077624475997,
-5.91666666666667));
#3485=CARTESIAN_POINT('Ctrl Pts',(-5.66661863878556,-0.557800800657911,
-5.91666668749205));
#3486=CARTESIAN_POINT('Ctrl Pts',(-5.66652246984333,-0.550523976839825,
-5.91666660428849));
#3487=CARTESIAN_POINT('Ctrl Pts',(-5.5,-0.572354448294083,-5.75));
#3488=CARTESIAN_POINT('Ctrl Pts',(-5.5,-0.565077624475997,-5.75));
#3489=CARTESIAN_POINT('Ctrl Pts',(-5.5,-0.557800800657911,-5.75));
#3490=CARTESIAN_POINT('Ctrl Pts',(-5.5,-0.550523976839825,-5.75));
#3491=CARTESIAN_POINT('Ctrl Pts',(-5.99956740953,-0.550523976839825,-6.24999981286545));
#3492=CARTESIAN_POINT('Ctrl Pts',(-5.99985591635669,-0.557800800657911,
-6.25000006247615));
#3493=CARTESIAN_POINT('Ctrl Pts',(-6.,-0.565077624475997,-6.25));
#3494=CARTESIAN_POINT('Ctrl Pts',(-6.,-0.572354448294083,-6.25));
#3495=CARTESIAN_POINT('Ctrl Pts',(-5.5,-0.572354448294083,-5.75));
#3496=CARTESIAN_POINT('Ctrl Pts',(-5.5,-0.565077624475997,-5.75));
#3497=CARTESIAN_POINT('Ctrl Pts',(-5.5,-0.557800800657911,-5.75));
#3498=CARTESIAN_POINT('Ctrl Pts',(-5.5,-0.550523976839825,-5.75));
#3499=CARTESIAN_POINT('Ctrl Pts',(5.99956740953,-0.550523976839825,-6.24999981286545));
#3500=CARTESIAN_POINT('Ctrl Pts',(5.99985591635669,-0.557800800657911,-6.25000006247615));
#3501=CARTESIAN_POINT('Ctrl Pts',(6.,-0.565077624475997,-6.25));
#3502=CARTESIAN_POINT('Ctrl Pts',(6.,-0.572354448294083,-6.25));
#3503=CARTESIAN_POINT('Ctrl Pts',(5.83304493968667,-0.550523976839825,-6.08333320857697));
#3504=CARTESIAN_POINT('Ctrl Pts',(5.83323727757113,-0.557800800657911,-6.0833333749841));
#3505=CARTESIAN_POINT('Ctrl Pts',(5.83333333333333,-0.565077624475997,-6.08333333333334));
#3506=CARTESIAN_POINT('Ctrl Pts',(5.83333333333333,-0.572354448294083,-6.08333333333334));
#3507=CARTESIAN_POINT('Ctrl Pts',(5.66652246984333,-0.550523976839825,-5.91666660428849));
#3508=CARTESIAN_POINT('Ctrl Pts',(5.66661863878556,-0.557800800657911,-5.91666668749205));
#3509=CARTESIAN_POINT('Ctrl Pts',(5.66666666666667,-0.565077624475997,-5.91666666666667));
#3510=CARTESIAN_POINT('Ctrl Pts',(5.66666666666667,-0.572354448294083,-5.91666666666667));
#3511=CARTESIAN_POINT('Ctrl Pts',(5.5,-0.550523976839825,-5.75));
#3512=CARTESIAN_POINT('Ctrl Pts',(5.5,-0.557800800657911,-5.75));
#3513=CARTESIAN_POINT('Ctrl Pts',(5.5,-0.565077624475997,-5.75));
#3514=CARTESIAN_POINT('Ctrl Pts',(5.5,-0.572354448294083,-5.75));
#3515=CARTESIAN_POINT('Ctrl Pts',(6.,-0.572354448294083,-6.25));
#3516=CARTESIAN_POINT('Ctrl Pts',(6.,-0.565077624475997,-6.25));
#3517=CARTESIAN_POINT('Ctrl Pts',(5.99985591635669,-0.557800800657911,-6.25000006247615));
#3518=CARTESIAN_POINT('Ctrl Pts',(5.99956740953,-0.550523976839825,-6.24999981286545));
#3519=CARTESIAN_POINT('Ctrl Pts',(5.5,-0.550523976839825,-5.75));
#3520=CARTESIAN_POINT('Ctrl Pts',(5.5,-0.557800800657911,-5.75));
#3521=CARTESIAN_POINT('Ctrl Pts',(5.5,-0.565077624475997,-5.75));
#3522=CARTESIAN_POINT('Ctrl Pts',(5.5,-0.572354448294083,-5.75));
#3523=CARTESIAN_POINT('Origin',(-5.45,-0.630816435541678,-7.58899964941393));
#3524=CARTESIAN_POINT('',(-5.45,-0.0813399136716561,-7.61299031246487));
#3525=CARTESIAN_POINT('Origin',(0.,0.,-5.75));
#3526=CARTESIAN_POINT('Origin',(0.,-0.0831266130685147,-7.65391245655603));
#3527=CARTESIAN_POINT('',(5.45,-0.0813399136716561,-7.61299031246487));
#3528=CARTESIAN_POINT('Origin',(5.45,-0.630816435541678,-7.58899964941393));
#3529=CARTESIAN_POINT('',(6.,-0.630816435541678,-7.58899964941393));
#3530=CARTESIAN_POINT('Origin',(6.,-7.5344249683982,-7.24658143832658));
#3531=CARTESIAN_POINT('Origin',(0.,-15.1059264160569,-7.8488126344206));
#3532=CARTESIAN_POINT('',(0.,-14.3174466575118,-7.53132299622001));
#3533=CARTESIAN_POINT('Origin',(0.,0.477128163618016,-8.80657563583198));
#3534=CARTESIAN_POINT('',(0.,-1.01885336792699,-8.53743021551916));
#3535=CARTESIAN_POINT('Origin',(0.,-1.26490296193281,-8.49316287665144));
#3536=CARTESIAN_POINT('',(0.,-1.27580780877422,-8.74292493204862));
#3537=CARTESIAN_POINT('Origin',(0.,-1.9870422853021,-8.71187176417423));
#3538=CARTESIAN_POINT('',(0.,-1.9870422853021,-8.71187176417421));
#3539=CARTESIAN_POINT('Origin',(0.,-1.97613743846075,-8.46210970877845));
#3540=CARTESIAN_POINT('',(0.,-2.22510889227405,-8.48476396193846));
#3541=CARTESIAN_POINT('Origin',(0.,-3.73885533145746,-8.62250182115108));
#3542=CARTESIAN_POINT('',(0.,-2.32886799852956,-8.05475564460404));
#3543=CARTESIAN_POINT('Origin',(0.,-3.11734775707463,-8.37224528280463));
#3544=CARTESIAN_POINT('',(0.,-3.87515606685828,-7.98724324953351));
#3545=CARTESIAN_POINT('Origin',(0.,-2.52001650112756,-8.67571747373597));
#3546=CARTESIAN_POINT('',(0.,-4.01599803267257,-8.40657205342315));
#3547=CARTESIAN_POINT('Origin',(0.,-4.26204762667838,-8.36230471455543));
#3548=CARTESIAN_POINT('',(0.,-4.27295247351979,-8.61206676995261));
#3549=CARTESIAN_POINT('Origin',(0.,-4.98418695004767,-8.58101360207825));
#3550=CARTESIAN_POINT('',(0.,-4.98418695004767,-8.5810136020782));
#3551=CARTESIAN_POINT('Origin',(0.,-4.97328210320632,-8.33125154668244));
#3552=CARTESIAN_POINT('',(0.,-5.22225355701962,-8.35390579984245));
#3553=CARTESIAN_POINT('Origin',(0.,-6.73599999620303,-8.49164365905507));
#3554=CARTESIAN_POINT('',(0.,-5.32601266327513,-7.92389748250803));
#3555=CARTESIAN_POINT('Origin',(0.,-6.11449242182021,-8.24138712070862));
#3556=CARTESIAN_POINT('',(0.,-6.87230073160385,-7.8563850874375));
#3557=CARTESIAN_POINT('Origin',(0.,-5.51716116587313,-8.54485931163997));
#3558=CARTESIAN_POINT('',(0.,-7.01314269741814,-8.27571389132714));
#3559=CARTESIAN_POINT('Origin',(0.,-7.25919229142396,-8.23144655245942));
#3560=CARTESIAN_POINT('',(0.,-7.27009713826537,-8.4812086078566));
#3561=CARTESIAN_POINT('Origin',(0.,-7.98133161479325,-8.45015543998228));
#3562=CARTESIAN_POINT('',(0.,-7.98133161479324,-8.45015543998219));
#3563=CARTESIAN_POINT('Origin',(0.,-7.9704267679519,-8.20039338458643));
#3564=CARTESIAN_POINT('',(0.,-8.2193982217652,-8.22304763774644));
#3565=CARTESIAN_POINT('Origin',(0.,-9.73314466094861,-8.36078549695906));
#3566=CARTESIAN_POINT('',(0.,-8.3231573280207,-7.79303932041202));
#3567=CARTESIAN_POINT('Origin',(0.,-9.11163708656578,-8.11052895861262));
#3568=CARTESIAN_POINT('',(0.,-9.86944539634943,-7.72552692534149));
#3569=CARTESIAN_POINT('Origin',(0.,-8.5143058306187,-8.41400114954396));
#3570=CARTESIAN_POINT('',(0.,-10.0102873621637,-8.14485572923114));
#3571=CARTESIAN_POINT('Origin',(0.,-10.2563369561695,-8.10058839036342));
#3572=CARTESIAN_POINT('',(0.,-10.2672418030109,-8.35035044576059));
#3573=CARTESIAN_POINT('Origin',(0.,-10.9784762795388,-8.31929727788629));
#3574=CARTESIAN_POINT('',(0.,-10.9784762795388,-8.31929727788618));
#3575=CARTESIAN_POINT('Origin',(0.,-10.9675714326975,-8.06953522249043));
#3576=CARTESIAN_POINT('',(0.,-11.2165428865108,-8.09218947565043));
#3577=CARTESIAN_POINT('Origin',(0.,-12.7302893256942,-8.22992733486305));
#3578=CARTESIAN_POINT('',(0.,-11.3203019927663,-7.66218115831601));
#3579=CARTESIAN_POINT('Origin',(0.,-12.1087817513114,-7.97967079651661));
#3580=CARTESIAN_POINT('',(0.,-12.866590061095,-7.59466876324548));
#3581=CARTESIAN_POINT('Origin',(0.,-11.5114504953643,-8.28314298744795));
#3582=CARTESIAN_POINT('',(0.,-13.0074320269093,-8.01399756713513));
#3583=CARTESIAN_POINT('Origin',(0.,-13.2534816209151,-7.96973022826741));
#3584=CARTESIAN_POINT('',(0.,-13.2643864677565,-8.21949228366459));
#3585=CARTESIAN_POINT('Origin',(0.,-13.9756209442844,-8.18843911579031));
#3586=CARTESIAN_POINT('',(0.,-13.9756209442844,-8.18843911579018));
#3587=CARTESIAN_POINT('Origin',(0.,-13.964716097443,-7.93867706039442));
#3588=CARTESIAN_POINT('',(0.,-14.2136875512563,-7.96133131355442));
#3589=CARTESIAN_POINT('Origin',(0.,-15.7274339904398,-8.09906917276705));
#3590=UNCERTAINTY_MEASURE_WITH_UNIT(LENGTH_MEASURE(0.01),#3594,
'DISTANCE_ACCURACY_VALUE',
'Maximum model space distance between geometric entities at asserted c
onnectivities');
#3591=UNCERTAINTY_MEASURE_WITH_UNIT(LENGTH_MEASURE(0.01),#3594,
'DISTANCE_ACCURACY_VALUE',
'Maximum model space distance between geometric entities at asserted c
onnectivities');
#3592=(
GEOMETRIC_REPRESENTATION_CONTEXT(3)
GLOBAL_UNCERTAINTY_ASSIGNED_CONTEXT((#3590))
GLOBAL_UNIT_ASSIGNED_CONTEXT((#3594,#3596,#3597))
REPRESENTATION_CONTEXT('','3D')
);
#3593=(
GEOMETRIC_REPRESENTATION_CONTEXT(3)
GLOBAL_UNCERTAINTY_ASSIGNED_CONTEXT((#3591))
GLOBAL_UNIT_ASSIGNED_CONTEXT((#3594,#3596,#3597))
REPRESENTATION_CONTEXT('','3D')
);
#3594=(
LENGTH_UNIT()
NAMED_UNIT(*)
SI_UNIT(.MILLI.,.METRE.)
);
#3595=(
LENGTH_UNIT()
NAMED_UNIT(*)
SI_UNIT($,.METRE.)
);
#3596=(
NAMED_UNIT(*)
PLANE_ANGLE_UNIT()
SI_UNIT($,.RADIAN.)
);
#3597=(
NAMED_UNIT(*)
SI_UNIT($,.STERADIAN.)
SOLID_ANGLE_UNIT()
);
#3598=SHAPE_DEFINITION_REPRESENTATION(#3599,#3600);
#3599=PRODUCT_DEFINITION_SHAPE('',$,#3602);
#3600=SHAPE_REPRESENTATION('',(#1906),#3592);
#3601=PRODUCT_DEFINITION_CONTEXT('part definition',#3606,'design');
#3602=PRODUCT_DEFINITION('2026-09-01-22-01-37-751',
'Tensioner Belt Clamp (3MGTx12mm)',#3603,#3601);
#3603=PRODUCT_DEFINITION_FORMATION('',$,#3608);
#3604=PRODUCT_RELATED_PRODUCT_CATEGORY(
'Tensioner Belt Clamp (3MGTx12mm)','Tensioner Belt Clamp (3MGTx12mm)',(#3608));
#3605=APPLICATION_PROTOCOL_DEFINITION('international standard',
'automotive_design',2009,#3606);
#3606=APPLICATION_CONTEXT(
'Core Data for Automotive Mechanical Design Process');
#3607=PRODUCT_CONTEXT('part definition',#3606,'mechanical');
#3608=PRODUCT('2026-09-01-22-01-37-751',
'Tensioner Belt Clamp (3MGTx12mm)',$,(#3607));
#3609=PRESENTATION_STYLE_ASSIGNMENT((#3610));
#3610=SURFACE_STYLE_USAGE(.BOTH.,#3611);
#3611=SURFACE_SIDE_STYLE('',(#3612));
#3612=SURFACE_STYLE_FILL_AREA(#3613);
#3613=FILL_AREA_STYLE('PETG Black',(#3614));
#3614=FILL_AREA_STYLE_COLOUR('PETG Black',#3615);
#3615=COLOUR_RGB('PETG Black',0.247058823529412,0.247058823529412,0.247058823529412);
ENDSEC;
END-ISO-10303-21;
