ISO-10303-21;
HEADER;
/* Generated by software containing ST-Developer
 * from STEP Tools, Inc. (www.steptools.com) 
 */

FILE_DESCRIPTION(
/* description */ (''),
/* implementation_level */ '2;1');

FILE_NAME(
/* name */ 'Base (XL).step',
/* time_stamp */ '2026-09-02T19:34:31+02:00',
/* author */ (''),
/* organization */ (''),
/* preprocessor_version */ 'ST-DEVELOPER v20.1',
/* originating_system */ 'Autodesk Translation Framework v15.8.0.0',
/* authorisation */ '');

FILE_SCHEMA (('AUTOMOTIVE_DESIGN { 1 0 10303 214 3 1 1 }'));
ENDSEC;

DATA;
#10=MECHANICAL_DESIGN_GEOMETRIC_PRESENTATION_REPRESENTATION('',(#13),#11127);
#11=SHAPE_REPRESENTATION_RELATIONSHIP('SRR','None',#11134,#12);
#12=ADVANCED_BREP_SHAPE_REPRESENTATION('',(#14),#11126);
#13=STYLED_ITEM('',(#11144),#14);
#14=MANIFOLD_SOLID_BREP('Body3',#6615);
#15=TOROIDAL_SURFACE('',#7038,3.99999999999999,1.);
#16=TOROIDAL_SURFACE('',#7041,4.00000000000001,1.);
#17=TOROIDAL_SURFACE('',#7046,4.,1.);
#18=TOROIDAL_SURFACE('',#7049,4.00000000000001,1.);
#19=TOROIDAL_SURFACE('',#7185,3.25,1.25);
#20=TOROIDAL_SURFACE('',#7194,3.25,1.25);
#21=TOROIDAL_SURFACE('',#7201,3.25,1.25);
#22=TOROIDAL_SURFACE('',#7209,3.25,1.25);
#23=(
BOUNDED_CURVE()
B_SPLINE_CURVE(2,(#10616,#10617,#10618),.UNSPECIFIED.,.F.,.F.)
B_SPLINE_CURVE_WITH_KNOTS((3,3),(7.27659149889053,7.53383848195413),
 .UNSPECIFIED.)
CURVE()
GEOMETRIC_REPRESENTATION_ITEM()
RATIONAL_B_SPLINE_CURVE((2.14574216399464,2.07442979734197,1.9966433026974))
REPRESENTATION_ITEM('')
);
#24=(
BOUNDED_CURVE()
B_SPLINE_CURVE(2,(#10637,#10638,#10639),.UNSPECIFIED.,.F.,.F.)
B_SPLINE_CURVE_WITH_KNOTS((3,3),(1.35220565187975,1.60945263494334),
 .UNSPECIFIED.)
CURVE()
GEOMETRIC_REPRESENTATION_ITEM()
RATIONAL_B_SPLINE_CURVE((1.9966433026974,2.07442979734197,2.14574216399464))
REPRESENTATION_ITEM('')
);
#25=B_SPLINE_CURVE_WITH_KNOTS('',3,(#10030,#10031,#10032,#10033),
 .UNSPECIFIED.,.F.,.F.,(4,4),(0.,0.10162359330378),.UNSPECIFIED.);
#26=B_SPLINE_CURVE_WITH_KNOTS('',3,(#10035,#10036,#10037,#10038),
 .UNSPECIFIED.,.F.,.F.,(4,4),(0.,0.101623593303576),.UNSPECIFIED.);
#27=B_SPLINE_CURVE_WITH_KNOTS('',3,(#10054,#10055,#10056,#10057),
 .UNSPECIFIED.,.F.,.F.,(4,4),(0.,0.101623593303785),.UNSPECIFIED.);
#28=B_SPLINE_CURVE_WITH_KNOTS('',3,(#10060,#10061,#10062,#10063),
 .UNSPECIFIED.,.F.,.F.,(4,4),(0.,0.101623593303797),.UNSPECIFIED.);
#29=B_SPLINE_CURVE_WITH_KNOTS('',3,(#10541,#10542,#10543,#10544,#10545,
#10546,#10547,#10548,#10549,#10550,#10551,#10552),.UNSPECIFIED.,.F.,.F.,
(4,2,2,2,2,4),(1.3521547736533,1.73744003034427,2.1860913674791,2.63474270461394,
2.85906837318135,3.078952964644),.UNSPECIFIED.);
#30=B_SPLINE_CURVE_WITH_KNOTS('',3,(#10554,#10555,#10556,#10557,#10558,
#10559,#10560,#10561,#10562,#10563,#10564,#10565),.UNSPECIFIED.,.F.,.F.,
(4,2,2,2,2,4),(3.08783511885354,3.30771971031619,3.53204537888361,3.98069671601844,
4.42934805315327,4.81463330984424),.UNSPECIFIED.);
#31=B_SPLINE_CURVE_WITH_KNOTS('',3,(#10569,#10570,#10571,#10572,#10573,
#10574,#10575,#10576,#10577,#10578,#10579,#10580),.UNSPECIFIED.,.F.,.F.,
(4,2,2,2,2,4),(3.08783511885349,3.30771971031619,3.5320453788836,3.98069671601844,
4.42934805315327,4.81463330984424),.UNSPECIFIED.);
#32=B_SPLINE_CURVE_WITH_KNOTS('',3,(#10583,#10584,#10585,#10586,#10587,
#10588,#10589,#10590,#10591,#10592,#10593,#10594),.UNSPECIFIED.,.F.,.F.,
(4,2,2,2,2,4),(1.3521547736533,1.73744003034427,2.1860913674791,2.63474270461394,
2.85906837318135,3.07895296464405),.UNSPECIFIED.);
#33=B_SPLINE_CURVE_WITH_KNOTS('',3,(#10597,#10598,#10599,#10600,#10601,
#10602,#10603,#10604,#10605,#10606,#10607,#10608,#10609,#10610,#10611,#10612,
#10613,#10614),.UNSPECIFIED.,.F.,.F.,(4,2,2,2,2,2,2,2,4),(0.368002203598263,
0.455254088547644,0.603383360995246,0.751512633442848,0.899641905890451,
1.04777117833805,1.27539822261187,1.5030252668857,1.50570573376228),
 .UNSPECIFIED.);
#34=B_SPLINE_CURVE_WITH_KNOTS('',3,(#10619,#10620,#10621,#10622,#10623,
#10624),.UNSPECIFIED.,.F.,.F.,(4,2,4),(0.165957811397762,0.231223406235723,
0.332731031196451),.UNSPECIFIED.);
#35=B_SPLINE_CURVE_WITH_KNOTS('',3,(#10630,#10631,#10632,#10633,#10634,
#10635),.UNSPECIFIED.,.F.,.F.,(4,2,4),(1.19669131724185,1.29819894220258,
1.36346453704053),.UNSPECIFIED.);
#36=B_SPLINE_CURVE_WITH_KNOTS('',3,(#10640,#10641,#10642,#10643,#10644,
#10645,#10646,#10647,#10648,#10649,#10650,#10651,#10652,#10653,#10654,#10655,
#10656,#10657,#10658),.UNSPECIFIED.,.F.,.F.,(4,3,2,2,2,2,2,2,4),(3.73156338487133,
3.73424385174791,3.96187089602173,4.18949794029555,4.33762721274315,4.48575648519076,
4.63388575763836,4.78201503008596,4.86926691503535),.UNSPECIFIED.);
#37=ELLIPSE('',#6720,12.2473312603195,7.071);
#38=ELLIPSE('',#6721,12.2473312603195,7.071);
#39=ELLIPSE('',#6810,36.0624458405139,25.5);
#40=ELLIPSE('',#6813,36.0624458405139,25.5);
#41=ELLIPSE('',#6818,36.0624458405139,25.5);
#42=ELLIPSE('',#6821,36.0624458405139,25.5);
#43=ELLIPSE('',#7056,7.07106781186549,5.00000000000001);
#44=ELLIPSE('',#7061,7.07106781186547,5.);
#45=ELLIPSE('',#7119,7.24784450716218,5.12500000000005);
#46=ELLIPSE('',#7122,7.24784450716211,5.125);
#47=ELLIPSE('',#7131,7.24784450716211,5.125);
#48=ELLIPSE('',#7134,7.24784450716218,5.12500000000005);
#49=ELLIPSE('',#7161,67.175144212722,47.5);
#50=ELLIPSE('',#7162,8.66017098560993,7.071);
#51=ELLIPSE('',#7164,8.66017098560994,7.071);
#52=ELLIPSE('',#7168,67.175144212722,47.5);
#53=ELLIPSE('',#7189,1.76776695296636,1.25);
#54=ELLIPSE('',#7191,1.76776695296636,1.25);
#55=ELLIPSE('',#7204,1.76776695296637,1.25);
#56=ELLIPSE('',#7206,1.76776695296637,1.25);
#57=CYLINDRICAL_SURFACE('',#6648,2.625);
#58=CYLINDRICAL_SURFACE('',#6660,2.62500020861625);
#59=CYLINDRICAL_SURFACE('',#6666,1.575);
#60=CYLINDRICAL_SURFACE('',#6672,1.575);
#61=CYLINDRICAL_SURFACE('',#6684,1.575);
#62=CYLINDRICAL_SURFACE('',#6691,1.575);
#63=CYLINDRICAL_SURFACE('',#6717,4.5);
#64=CYLINDRICAL_SURFACE('',#6741,2.625);
#65=CYLINDRICAL_SURFACE('',#6752,4.5);
#66=CYLINDRICAL_SURFACE('',#6756,17.5);
#67=CYLINDRICAL_SURFACE('',#6770,2.62500000000005);
#68=CYLINDRICAL_SURFACE('',#6788,2.62500000000005);
#69=CYLINDRICAL_SURFACE('',#6797,2.625);
#70=CYLINDRICAL_SURFACE('',#6807,2.625);
#71=CYLINDRICAL_SURFACE('',#6836,1.);
#72=CYLINDRICAL_SURFACE('',#6838,1.);
#73=CYLINDRICAL_SURFACE('',#6856,2.1);
#74=CYLINDRICAL_SURFACE('',#6887,25.5);
#75=CYLINDRICAL_SURFACE('',#6991,3.75);
#76=CYLINDRICAL_SURFACE('',#6993,3.75);
#77=CYLINDRICAL_SURFACE('',#6995,3.75);
#78=CYLINDRICAL_SURFACE('',#6997,3.75);
#79=CYLINDRICAL_SURFACE('',#7014,25.5);
#80=CYLINDRICAL_SURFACE('',#7015,4.5);
#81=CYLINDRICAL_SURFACE('',#7017,4.5);
#82=CYLINDRICAL_SURFACE('',#7020,2.62500020861625);
#83=CYLINDRICAL_SURFACE('',#7021,20.851);
#84=CYLINDRICAL_SURFACE('',#7023,20.851);
#85=CYLINDRICAL_SURFACE('',#7044,1.);
#86=CYLINDRICAL_SURFACE('',#7054,3.);
#87=CYLINDRICAL_SURFACE('',#7055,5.00000000000001);
#88=CYLINDRICAL_SURFACE('',#7059,5.);
#89=CYLINDRICAL_SURFACE('',#7062,3.00000000000001);
#90=CYLINDRICAL_SURFACE('',#7064,2.99999999999999);
#91=CYLINDRICAL_SURFACE('',#7076,2.1);
#92=CYLINDRICAL_SURFACE('',#7077,2.1);
#93=CYLINDRICAL_SURFACE('',#7078,2.1);
#94=CYLINDRICAL_SURFACE('',#7108,2.62500000000005);
#95=CYLINDRICAL_SURFACE('',#7117,5.12500000000005);
#96=CYLINDRICAL_SURFACE('',#7120,5.125);
#97=CYLINDRICAL_SURFACE('',#7124,5.125);
#98=CYLINDRICAL_SURFACE('',#7126,5.12500000000005);
#99=CYLINDRICAL_SURFACE('',#7129,5.125);
#100=CYLINDRICAL_SURFACE('',#7132,5.12500000000005);
#101=CYLINDRICAL_SURFACE('',#7136,5.125);
#102=CYLINDRICAL_SURFACE('',#7138,5.12500000000005);
#103=CYLINDRICAL_SURFACE('',#7142,2.625);
#104=CYLINDRICAL_SURFACE('',#7144,2.625);
#105=CYLINDRICAL_SURFACE('',#7147,2.62500000000005);
#106=CYLINDRICAL_SURFACE('',#7163,7.071);
#107=CYLINDRICAL_SURFACE('',#7165,7.071);
#108=CYLINDRICAL_SURFACE('',#7166,47.5);
#109=CYLINDRICAL_SURFACE('',#7179,2.);
#110=CYLINDRICAL_SURFACE('',#7182,2.);
#111=CYLINDRICAL_SURFACE('',#7188,1.25);
#112=CYLINDRICAL_SURFACE('',#7192,1.25);
#113=CYLINDRICAL_SURFACE('',#7199,1.25);
#114=CYLINDRICAL_SURFACE('',#7203,1.25);
#115=CYLINDRICAL_SURFACE('',#7207,1.25);
#116=CYLINDRICAL_SURFACE('',#7211,1.25);
#117=CYLINDRICAL_SURFACE('',#7213,42.5);
#118=CYLINDRICAL_SURFACE('',#7214,1.);
#119=CYLINDRICAL_SURFACE('',#7216,1.25);
#120=CYLINDRICAL_SURFACE('',#7219,1.25);
#121=CYLINDRICAL_SURFACE('',#7221,42.5);
#122=CYLINDRICAL_SURFACE('',#7222,1.);
#123=CYLINDRICAL_SURFACE('',#7224,7.49999999999985);
#124=FACE_BOUND('',#784,.T.);
#125=FACE_BOUND('',#787,.T.);
#126=FACE_BOUND('',#795,.T.);
#127=FACE_BOUND('',#796,.T.);
#128=FACE_BOUND('',#797,.T.);
#129=FACE_BOUND('',#798,.T.);
#130=FACE_BOUND('',#807,.T.);
#131=FACE_BOUND('',#811,.T.);
#132=FACE_BOUND('',#815,.T.);
#133=FACE_BOUND('',#816,.T.);
#134=FACE_BOUND('',#817,.T.);
#135=FACE_BOUND('',#840,.T.);
#136=FACE_BOUND('',#841,.T.);
#137=FACE_BOUND('',#848,.T.);
#138=FACE_BOUND('',#855,.T.);
#139=FACE_BOUND('',#865,.T.);
#140=FACE_BOUND('',#873,.T.);
#141=FACE_BOUND('',#874,.T.);
#142=FACE_BOUND('',#875,.T.);
#143=FACE_BOUND('',#876,.T.);
#144=FACE_BOUND('',#877,.T.);
#145=FACE_BOUND('',#878,.T.);
#146=FACE_BOUND('',#934,.T.);
#147=FACE_BOUND('',#963,.T.);
#148=FACE_BOUND('',#964,.T.);
#149=FACE_BOUND('',#965,.T.);
#150=FACE_BOUND('',#1049,.T.);
#151=FACE_BOUND('',#1085,.T.);
#152=PLANE('',#6632);
#153=PLANE('',#6637);
#154=PLANE('',#6642);
#155=PLANE('',#6646);
#156=PLANE('',#6647);
#157=PLANE('',#6650);
#158=PLANE('',#6655);
#159=PLANE('',#6658);
#160=PLANE('',#6659);
#161=PLANE('',#6665);
#162=PLANE('',#6671);
#163=PLANE('',#6677);
#164=PLANE('',#6696);
#165=PLANE('',#6697);
#166=PLANE('',#6698);
#167=PLANE('',#6699);
#168=PLANE('',#6700);
#169=PLANE('',#6701);
#170=PLANE('',#6702);
#171=PLANE('',#6703);
#172=PLANE('',#6704);
#173=PLANE('',#6705);
#174=PLANE('',#6706);
#175=PLANE('',#6707);
#176=PLANE('',#6711);
#177=PLANE('',#6715);
#178=PLANE('',#6716);
#179=PLANE('',#6719);
#180=PLANE('',#6726);
#181=PLANE('',#6730);
#182=PLANE('',#6731);
#183=PLANE('',#6732);
#184=PLANE('',#6737);
#185=PLANE('',#6740);
#186=PLANE('',#6742);
#187=PLANE('',#6747);
#188=PLANE('',#6750);
#189=PLANE('',#6751);
#190=PLANE('',#6758);
#191=PLANE('',#6764);
#192=PLANE('',#6768);
#193=PLANE('',#6769);
#194=PLANE('',#6772);
#195=PLANE('',#6782);
#196=PLANE('',#6785);
#197=PLANE('',#6790);
#198=PLANE('',#6791);
#199=PLANE('',#6794);
#200=PLANE('',#6799);
#201=PLANE('',#6802);
#202=PLANE('',#6805);
#203=PLANE('',#6806);
#204=PLANE('',#6809);
#205=PLANE('',#6811);
#206=PLANE('',#6812);
#207=PLANE('',#6814);
#208=PLANE('',#6815);
#209=PLANE('',#6816);
#210=PLANE('',#6817);
#211=PLANE('',#6819);
#212=PLANE('',#6820);
#213=PLANE('',#6822);
#214=PLANE('',#6823);
#215=PLANE('',#6824);
#216=PLANE('',#6825);
#217=PLANE('',#6829);
#218=PLANE('',#6830);
#219=PLANE('',#6831);
#220=PLANE('',#6835);
#221=PLANE('',#6840);
#222=PLANE('',#6841);
#223=PLANE('',#6842);
#224=PLANE('',#6843);
#225=PLANE('',#6844);
#226=PLANE('',#6845);
#227=PLANE('',#6846);
#228=PLANE('',#6847);
#229=PLANE('',#6848);
#230=PLANE('',#6849);
#231=PLANE('',#6850);
#232=PLANE('',#6851);
#233=PLANE('',#6852);
#234=PLANE('',#6861);
#235=PLANE('',#6870);
#236=PLANE('',#6871);
#237=PLANE('',#6872);
#238=PLANE('',#6873);
#239=PLANE('',#6876);
#240=PLANE('',#6877);
#241=PLANE('',#6878);
#242=PLANE('',#6879);
#243=PLANE('',#6880);
#244=PLANE('',#6883);
#245=PLANE('',#6884);
#246=PLANE('',#6885);
#247=PLANE('',#6886);
#248=PLANE('',#6888);
#249=PLANE('',#6889);
#250=PLANE('',#6890);
#251=PLANE('',#6891);
#252=PLANE('',#6892);
#253=PLANE('',#6893);
#254=PLANE('',#6894);
#255=PLANE('',#6895);
#256=PLANE('',#6896);
#257=PLANE('',#6897);
#258=PLANE('',#6900);
#259=PLANE('',#6920);
#260=PLANE('',#6921);
#261=PLANE('',#6922);
#262=PLANE('',#6923);
#263=PLANE('',#6924);
#264=PLANE('',#6925);
#265=PLANE('',#6926);
#266=PLANE('',#6927);
#267=PLANE('',#6928);
#268=PLANE('',#6929);
#269=PLANE('',#6930);
#270=PLANE('',#6931);
#271=PLANE('',#6932);
#272=PLANE('',#6933);
#273=PLANE('',#6934);
#274=PLANE('',#6935);
#275=PLANE('',#6936);
#276=PLANE('',#6937);
#277=PLANE('',#6938);
#278=PLANE('',#6939);
#279=PLANE('',#6940);
#280=PLANE('',#6941);
#281=PLANE('',#6942);
#282=PLANE('',#6943);
#283=PLANE('',#6945);
#284=PLANE('',#6947);
#285=PLANE('',#6949);
#286=PLANE('',#6952);
#287=PLANE('',#6953);
#288=PLANE('',#6954);
#289=PLANE('',#6956);
#290=PLANE('',#6958);
#291=PLANE('',#6961);
#292=PLANE('',#6963);
#293=PLANE('',#6964);
#294=PLANE('',#6965);
#295=PLANE('',#6967);
#296=PLANE('',#6969);
#297=PLANE('',#6971);
#298=PLANE('',#6973);
#299=PLANE('',#6974);
#300=PLANE('',#6975);
#301=PLANE('',#6976);
#302=PLANE('',#6977);
#303=PLANE('',#6978);
#304=PLANE('',#6979);
#305=PLANE('',#6980);
#306=PLANE('',#6981);
#307=PLANE('',#6984);
#308=PLANE('',#6985);
#309=PLANE('',#6986);
#310=PLANE('',#6989);
#311=PLANE('',#6990);
#312=PLANE('',#6999);
#313=PLANE('',#7000);
#314=PLANE('',#7001);
#315=PLANE('',#7002);
#316=PLANE('',#7003);
#317=PLANE('',#7004);
#318=PLANE('',#7005);
#319=PLANE('',#7006);
#320=PLANE('',#7007);
#321=PLANE('',#7008);
#322=PLANE('',#7009);
#323=PLANE('',#7010);
#324=PLANE('',#7011);
#325=PLANE('',#7012);
#326=PLANE('',#7013);
#327=PLANE('',#7016);
#328=PLANE('',#7018);
#329=PLANE('',#7019);
#330=PLANE('',#7027);
#331=PLANE('',#7030);
#332=PLANE('',#7031);
#333=PLANE('',#7032);
#334=PLANE('',#7033);
#335=PLANE('',#7034);
#336=PLANE('',#7035);
#337=PLANE('',#7036);
#338=PLANE('',#7037);
#339=PLANE('',#7058);
#340=PLANE('',#7066);
#341=PLANE('',#7067);
#342=PLANE('',#7068);
#343=PLANE('',#7069);
#344=PLANE('',#7070);
#345=PLANE('',#7071);
#346=PLANE('',#7072);
#347=PLANE('',#7073);
#348=PLANE('',#7074);
#349=PLANE('',#7075);
#350=PLANE('',#7079);
#351=PLANE('',#7080);
#352=PLANE('',#7081);
#353=PLANE('',#7082);
#354=PLANE('',#7083);
#355=PLANE('',#7085);
#356=PLANE('',#7087);
#357=PLANE('',#7091);
#358=PLANE('',#7096);
#359=PLANE('',#7100);
#360=PLANE('',#7104);
#361=PLANE('',#7107);
#362=PLANE('',#7111);
#363=PLANE('',#7115);
#364=PLANE('',#7116);
#365=PLANE('',#7123);
#366=PLANE('',#7125);
#367=PLANE('',#7127);
#368=PLANE('',#7128);
#369=PLANE('',#7135);
#370=PLANE('',#7137);
#371=PLANE('',#7139);
#372=PLANE('',#7140);
#373=PLANE('',#7141);
#374=PLANE('',#7143);
#375=PLANE('',#7145);
#376=PLANE('',#7146);
#377=PLANE('',#7148);
#378=PLANE('',#7149);
#379=PLANE('',#7150);
#380=PLANE('',#7153);
#381=PLANE('',#7154);
#382=PLANE('',#7155);
#383=PLANE('',#7156);
#384=PLANE('',#7157);
#385=PLANE('',#7158);
#386=PLANE('',#7159);
#387=PLANE('',#7160);
#388=PLANE('',#7169);
#389=PLANE('',#7170);
#390=PLANE('',#7171);
#391=PLANE('',#7172);
#392=PLANE('',#7173);
#393=PLANE('',#7174);
#394=PLANE('',#7175);
#395=PLANE('',#7176);
#396=PLANE('',#7177);
#397=PLANE('',#7178);
#398=PLANE('',#7190);
#399=PLANE('',#7197);
#400=PLANE('',#7205);
#401=PLANE('',#7215);
#402=PLANE('',#7218);
#403=PLANE('',#7220);
#404=PLANE('',#7223);
#405=PLANE('',#7225);
#406=PLANE('',#7226);
#407=FACE_OUTER_BOUND('',#782,.T.);
#408=FACE_OUTER_BOUND('',#783,.T.);
#409=FACE_OUTER_BOUND('',#785,.T.);
#410=FACE_OUTER_BOUND('',#786,.T.);
#411=FACE_OUTER_BOUND('',#788,.T.);
#412=FACE_OUTER_BOUND('',#789,.T.);
#413=FACE_OUTER_BOUND('',#790,.T.);
#414=FACE_OUTER_BOUND('',#791,.T.);
#415=FACE_OUTER_BOUND('',#792,.T.);
#416=FACE_OUTER_BOUND('',#793,.T.);
#417=FACE_OUTER_BOUND('',#794,.T.);
#418=FACE_OUTER_BOUND('',#799,.T.);
#419=FACE_OUTER_BOUND('',#800,.T.);
#420=FACE_OUTER_BOUND('',#801,.T.);
#421=FACE_OUTER_BOUND('',#802,.T.);
#422=FACE_OUTER_BOUND('',#803,.T.);
#423=FACE_OUTER_BOUND('',#804,.T.);
#424=FACE_OUTER_BOUND('',#805,.T.);
#425=FACE_OUTER_BOUND('',#806,.T.);
#426=FACE_OUTER_BOUND('',#808,.T.);
#427=FACE_OUTER_BOUND('',#809,.T.);
#428=FACE_OUTER_BOUND('',#810,.T.);
#429=FACE_OUTER_BOUND('',#812,.T.);
#430=FACE_OUTER_BOUND('',#813,.T.);
#431=FACE_OUTER_BOUND('',#814,.T.);
#432=FACE_OUTER_BOUND('',#818,.T.);
#433=FACE_OUTER_BOUND('',#819,.T.);
#434=FACE_OUTER_BOUND('',#820,.T.);
#435=FACE_OUTER_BOUND('',#821,.T.);
#436=FACE_OUTER_BOUND('',#822,.T.);
#437=FACE_OUTER_BOUND('',#823,.T.);
#438=FACE_OUTER_BOUND('',#824,.T.);
#439=FACE_OUTER_BOUND('',#825,.T.);
#440=FACE_OUTER_BOUND('',#826,.T.);
#441=FACE_OUTER_BOUND('',#827,.T.);
#442=FACE_OUTER_BOUND('',#828,.T.);
#443=FACE_OUTER_BOUND('',#829,.T.);
#444=FACE_OUTER_BOUND('',#830,.T.);
#445=FACE_OUTER_BOUND('',#831,.T.);
#446=FACE_OUTER_BOUND('',#832,.T.);
#447=FACE_OUTER_BOUND('',#833,.T.);
#448=FACE_OUTER_BOUND('',#834,.T.);
#449=FACE_OUTER_BOUND('',#835,.T.);
#450=FACE_OUTER_BOUND('',#836,.T.);
#451=FACE_OUTER_BOUND('',#837,.T.);
#452=FACE_OUTER_BOUND('',#838,.T.);
#453=FACE_OUTER_BOUND('',#839,.T.);
#454=FACE_OUTER_BOUND('',#842,.T.);
#455=FACE_OUTER_BOUND('',#843,.T.);
#456=FACE_OUTER_BOUND('',#844,.T.);
#457=FACE_OUTER_BOUND('',#845,.T.);
#458=FACE_OUTER_BOUND('',#846,.T.);
#459=FACE_OUTER_BOUND('',#847,.T.);
#460=FACE_OUTER_BOUND('',#849,.T.);
#461=FACE_OUTER_BOUND('',#850,.T.);
#462=FACE_OUTER_BOUND('',#851,.T.);
#463=FACE_OUTER_BOUND('',#852,.T.);
#464=FACE_OUTER_BOUND('',#853,.T.);
#465=FACE_OUTER_BOUND('',#854,.T.);
#466=FACE_OUTER_BOUND('',#856,.T.);
#467=FACE_OUTER_BOUND('',#857,.T.);
#468=FACE_OUTER_BOUND('',#858,.T.);
#469=FACE_OUTER_BOUND('',#859,.T.);
#470=FACE_OUTER_BOUND('',#860,.T.);
#471=FACE_OUTER_BOUND('',#861,.T.);
#472=FACE_OUTER_BOUND('',#862,.T.);
#473=FACE_OUTER_BOUND('',#863,.T.);
#474=FACE_OUTER_BOUND('',#864,.T.);
#475=FACE_OUTER_BOUND('',#866,.T.);
#476=FACE_OUTER_BOUND('',#867,.T.);
#477=FACE_OUTER_BOUND('',#868,.T.);
#478=FACE_OUTER_BOUND('',#869,.T.);
#479=FACE_OUTER_BOUND('',#870,.T.);
#480=FACE_OUTER_BOUND('',#871,.T.);
#481=FACE_OUTER_BOUND('',#872,.T.);
#482=FACE_OUTER_BOUND('',#879,.T.);
#483=FACE_OUTER_BOUND('',#880,.T.);
#484=FACE_OUTER_BOUND('',#881,.T.);
#485=FACE_OUTER_BOUND('',#882,.T.);
#486=FACE_OUTER_BOUND('',#883,.T.);
#487=FACE_OUTER_BOUND('',#884,.T.);
#488=FACE_OUTER_BOUND('',#885,.T.);
#489=FACE_OUTER_BOUND('',#886,.T.);
#490=FACE_OUTER_BOUND('',#887,.T.);
#491=FACE_OUTER_BOUND('',#888,.T.);
#492=FACE_OUTER_BOUND('',#889,.T.);
#493=FACE_OUTER_BOUND('',#890,.T.);
#494=FACE_OUTER_BOUND('',#891,.T.);
#495=FACE_OUTER_BOUND('',#892,.T.);
#496=FACE_OUTER_BOUND('',#893,.T.);
#497=FACE_OUTER_BOUND('',#894,.T.);
#498=FACE_OUTER_BOUND('',#895,.T.);
#499=FACE_OUTER_BOUND('',#896,.T.);
#500=FACE_OUTER_BOUND('',#897,.T.);
#501=FACE_OUTER_BOUND('',#898,.T.);
#502=FACE_OUTER_BOUND('',#899,.T.);
#503=FACE_OUTER_BOUND('',#900,.T.);
#504=FACE_OUTER_BOUND('',#901,.T.);
#505=FACE_OUTER_BOUND('',#902,.T.);
#506=FACE_OUTER_BOUND('',#903,.T.);
#507=FACE_OUTER_BOUND('',#904,.T.);
#508=FACE_OUTER_BOUND('',#905,.T.);
#509=FACE_OUTER_BOUND('',#906,.T.);
#510=FACE_OUTER_BOUND('',#907,.T.);
#511=FACE_OUTER_BOUND('',#908,.T.);
#512=FACE_OUTER_BOUND('',#909,.T.);
#513=FACE_OUTER_BOUND('',#910,.T.);
#514=FACE_OUTER_BOUND('',#911,.T.);
#515=FACE_OUTER_BOUND('',#912,.T.);
#516=FACE_OUTER_BOUND('',#913,.T.);
#517=FACE_OUTER_BOUND('',#914,.T.);
#518=FACE_OUTER_BOUND('',#915,.T.);
#519=FACE_OUTER_BOUND('',#916,.T.);
#520=FACE_OUTER_BOUND('',#917,.T.);
#521=FACE_OUTER_BOUND('',#918,.T.);
#522=FACE_OUTER_BOUND('',#919,.T.);
#523=FACE_OUTER_BOUND('',#920,.T.);
#524=FACE_OUTER_BOUND('',#921,.T.);
#525=FACE_OUTER_BOUND('',#922,.T.);
#526=FACE_OUTER_BOUND('',#923,.T.);
#527=FACE_OUTER_BOUND('',#924,.T.);
#528=FACE_OUTER_BOUND('',#925,.T.);
#529=FACE_OUTER_BOUND('',#926,.T.);
#530=FACE_OUTER_BOUND('',#927,.T.);
#531=FACE_OUTER_BOUND('',#928,.T.);
#532=FACE_OUTER_BOUND('',#929,.T.);
#533=FACE_OUTER_BOUND('',#930,.T.);
#534=FACE_OUTER_BOUND('',#931,.T.);
#535=FACE_OUTER_BOUND('',#932,.T.);
#536=FACE_OUTER_BOUND('',#933,.T.);
#537=FACE_OUTER_BOUND('',#935,.T.);
#538=FACE_OUTER_BOUND('',#936,.T.);
#539=FACE_OUTER_BOUND('',#937,.T.);
#540=FACE_OUTER_BOUND('',#938,.T.);
#541=FACE_OUTER_BOUND('',#939,.T.);
#542=FACE_OUTER_BOUND('',#940,.T.);
#543=FACE_OUTER_BOUND('',#941,.T.);
#544=FACE_OUTER_BOUND('',#942,.T.);
#545=FACE_OUTER_BOUND('',#943,.T.);
#546=FACE_OUTER_BOUND('',#944,.T.);
#547=FACE_OUTER_BOUND('',#945,.T.);
#548=FACE_OUTER_BOUND('',#946,.T.);
#549=FACE_OUTER_BOUND('',#947,.T.);
#550=FACE_OUTER_BOUND('',#948,.T.);
#551=FACE_OUTER_BOUND('',#949,.T.);
#552=FACE_OUTER_BOUND('',#950,.T.);
#553=FACE_OUTER_BOUND('',#951,.T.);
#554=FACE_OUTER_BOUND('',#952,.T.);
#555=FACE_OUTER_BOUND('',#953,.T.);
#556=FACE_OUTER_BOUND('',#954,.T.);
#557=FACE_OUTER_BOUND('',#955,.T.);
#558=FACE_OUTER_BOUND('',#956,.T.);
#559=FACE_OUTER_BOUND('',#957,.T.);
#560=FACE_OUTER_BOUND('',#958,.T.);
#561=FACE_OUTER_BOUND('',#959,.T.);
#562=FACE_OUTER_BOUND('',#960,.T.);
#563=FACE_OUTER_BOUND('',#961,.T.);
#564=FACE_OUTER_BOUND('',#962,.T.);
#565=FACE_OUTER_BOUND('',#966,.T.);
#566=FACE_OUTER_BOUND('',#967,.T.);
#567=FACE_OUTER_BOUND('',#968,.T.);
#568=FACE_OUTER_BOUND('',#969,.T.);
#569=FACE_OUTER_BOUND('',#970,.T.);
#570=FACE_OUTER_BOUND('',#971,.T.);
#571=FACE_OUTER_BOUND('',#972,.T.);
#572=FACE_OUTER_BOUND('',#973,.T.);
#573=FACE_OUTER_BOUND('',#974,.T.);
#574=FACE_OUTER_BOUND('',#975,.T.);
#575=FACE_OUTER_BOUND('',#976,.T.);
#576=FACE_OUTER_BOUND('',#977,.T.);
#577=FACE_OUTER_BOUND('',#978,.T.);
#578=FACE_OUTER_BOUND('',#979,.T.);
#579=FACE_OUTER_BOUND('',#980,.T.);
#580=FACE_OUTER_BOUND('',#981,.T.);
#581=FACE_OUTER_BOUND('',#982,.T.);
#582=FACE_OUTER_BOUND('',#983,.T.);
#583=FACE_OUTER_BOUND('',#984,.T.);
#584=FACE_OUTER_BOUND('',#985,.T.);
#585=FACE_OUTER_BOUND('',#986,.T.);
#586=FACE_OUTER_BOUND('',#987,.T.);
#587=FACE_OUTER_BOUND('',#988,.T.);
#588=FACE_OUTER_BOUND('',#989,.T.);
#589=FACE_OUTER_BOUND('',#990,.T.);
#590=FACE_OUTER_BOUND('',#991,.T.);
#591=FACE_OUTER_BOUND('',#992,.T.);
#592=FACE_OUTER_BOUND('',#993,.T.);
#593=FACE_OUTER_BOUND('',#994,.T.);
#594=FACE_OUTER_BOUND('',#995,.T.);
#595=FACE_OUTER_BOUND('',#996,.T.);
#596=FACE_OUTER_BOUND('',#997,.T.);
#597=FACE_OUTER_BOUND('',#998,.T.);
#598=FACE_OUTER_BOUND('',#999,.T.);
#599=FACE_OUTER_BOUND('',#1000,.T.);
#600=FACE_OUTER_BOUND('',#1001,.T.);
#601=FACE_OUTER_BOUND('',#1002,.T.);
#602=FACE_OUTER_BOUND('',#1003,.T.);
#603=FACE_OUTER_BOUND('',#1004,.T.);
#604=FACE_OUTER_BOUND('',#1005,.T.);
#605=FACE_OUTER_BOUND('',#1006,.T.);
#606=FACE_OUTER_BOUND('',#1007,.T.);
#607=FACE_OUTER_BOUND('',#1008,.T.);
#608=FACE_OUTER_BOUND('',#1009,.T.);
#609=FACE_OUTER_BOUND('',#1010,.T.);
#610=FACE_OUTER_BOUND('',#1011,.T.);
#611=FACE_OUTER_BOUND('',#1012,.T.);
#612=FACE_OUTER_BOUND('',#1013,.T.);
#613=FACE_OUTER_BOUND('',#1014,.T.);
#614=FACE_OUTER_BOUND('',#1015,.T.);
#615=FACE_OUTER_BOUND('',#1016,.T.);
#616=FACE_OUTER_BOUND('',#1017,.T.);
#617=FACE_OUTER_BOUND('',#1018,.T.);
#618=FACE_OUTER_BOUND('',#1019,.T.);
#619=FACE_OUTER_BOUND('',#1020,.T.);
#620=FACE_OUTER_BOUND('',#1021,.T.);
#621=FACE_OUTER_BOUND('',#1022,.T.);
#622=FACE_OUTER_BOUND('',#1023,.T.);
#623=FACE_OUTER_BOUND('',#1024,.T.);
#624=FACE_OUTER_BOUND('',#1025,.T.);
#625=FACE_OUTER_BOUND('',#1026,.T.);
#626=FACE_OUTER_BOUND('',#1027,.T.);
#627=FACE_OUTER_BOUND('',#1028,.T.);
#628=FACE_OUTER_BOUND('',#1029,.T.);
#629=FACE_OUTER_BOUND('',#1030,.T.);
#630=FACE_OUTER_BOUND('',#1031,.T.);
#631=FACE_OUTER_BOUND('',#1032,.T.);
#632=FACE_OUTER_BOUND('',#1033,.T.);
#633=FACE_OUTER_BOUND('',#1034,.T.);
#634=FACE_OUTER_BOUND('',#1035,.T.);
#635=FACE_OUTER_BOUND('',#1036,.T.);
#636=FACE_OUTER_BOUND('',#1037,.T.);
#637=FACE_OUTER_BOUND('',#1038,.T.);
#638=FACE_OUTER_BOUND('',#1039,.T.);
#639=FACE_OUTER_BOUND('',#1040,.T.);
#640=FACE_OUTER_BOUND('',#1041,.T.);
#641=FACE_OUTER_BOUND('',#1042,.T.);
#642=FACE_OUTER_BOUND('',#1043,.T.);
#643=FACE_OUTER_BOUND('',#1044,.T.);
#644=FACE_OUTER_BOUND('',#1045,.T.);
#645=FACE_OUTER_BOUND('',#1046,.T.);
#646=FACE_OUTER_BOUND('',#1047,.T.);
#647=FACE_OUTER_BOUND('',#1048,.T.);
#648=FACE_OUTER_BOUND('',#1050,.T.);
#649=FACE_OUTER_BOUND('',#1051,.T.);
#650=FACE_OUTER_BOUND('',#1052,.T.);
#651=FACE_OUTER_BOUND('',#1053,.T.);
#652=FACE_OUTER_BOUND('',#1054,.T.);
#653=FACE_OUTER_BOUND('',#1055,.T.);
#654=FACE_OUTER_BOUND('',#1056,.T.);
#655=FACE_OUTER_BOUND('',#1057,.T.);
#656=FACE_OUTER_BOUND('',#1058,.T.);
#657=FACE_OUTER_BOUND('',#1059,.T.);
#658=FACE_OUTER_BOUND('',#1060,.T.);
#659=FACE_OUTER_BOUND('',#1061,.T.);
#660=FACE_OUTER_BOUND('',#1062,.T.);
#661=FACE_OUTER_BOUND('',#1063,.T.);
#662=FACE_OUTER_BOUND('',#1064,.T.);
#663=FACE_OUTER_BOUND('',#1065,.T.);
#664=FACE_OUTER_BOUND('',#1066,.T.);
#665=FACE_OUTER_BOUND('',#1067,.T.);
#666=FACE_OUTER_BOUND('',#1068,.T.);
#667=FACE_OUTER_BOUND('',#1069,.T.);
#668=FACE_OUTER_BOUND('',#1070,.T.);
#669=FACE_OUTER_BOUND('',#1071,.T.);
#670=FACE_OUTER_BOUND('',#1072,.T.);
#671=FACE_OUTER_BOUND('',#1073,.T.);
#672=FACE_OUTER_BOUND('',#1074,.T.);
#673=FACE_OUTER_BOUND('',#1075,.T.);
#674=FACE_OUTER_BOUND('',#1076,.T.);
#675=FACE_OUTER_BOUND('',#1077,.T.);
#676=FACE_OUTER_BOUND('',#1078,.T.);
#677=FACE_OUTER_BOUND('',#1079,.T.);
#678=FACE_OUTER_BOUND('',#1080,.T.);
#679=FACE_OUTER_BOUND('',#1081,.T.);
#680=FACE_OUTER_BOUND('',#1082,.T.);
#681=FACE_OUTER_BOUND('',#1083,.T.);
#682=FACE_OUTER_BOUND('',#1084,.T.);
#683=FACE_OUTER_BOUND('',#1086,.T.);
#684=FACE_OUTER_BOUND('',#1087,.T.);
#685=FACE_OUTER_BOUND('',#1088,.T.);
#686=FACE_OUTER_BOUND('',#1089,.T.);
#687=FACE_OUTER_BOUND('',#1090,.T.);
#688=FACE_OUTER_BOUND('',#1091,.T.);
#689=FACE_OUTER_BOUND('',#1092,.T.);
#690=FACE_OUTER_BOUND('',#1093,.T.);
#691=FACE_OUTER_BOUND('',#1094,.T.);
#692=FACE_OUTER_BOUND('',#1095,.T.);
#693=FACE_OUTER_BOUND('',#1096,.T.);
#694=FACE_OUTER_BOUND('',#1097,.T.);
#695=FACE_OUTER_BOUND('',#1098,.T.);
#696=FACE_OUTER_BOUND('',#1099,.T.);
#697=FACE_OUTER_BOUND('',#1100,.T.);
#698=FACE_OUTER_BOUND('',#1101,.T.);
#699=FACE_OUTER_BOUND('',#1102,.T.);
#700=FACE_OUTER_BOUND('',#1103,.T.);
#701=FACE_OUTER_BOUND('',#1104,.T.);
#702=FACE_OUTER_BOUND('',#1105,.T.);
#703=FACE_OUTER_BOUND('',#1106,.T.);
#704=FACE_OUTER_BOUND('',#1107,.T.);
#705=FACE_OUTER_BOUND('',#1108,.T.);
#706=FACE_OUTER_BOUND('',#1109,.T.);
#707=FACE_OUTER_BOUND('',#1110,.T.);
#708=FACE_OUTER_BOUND('',#1111,.T.);
#709=FACE_OUTER_BOUND('',#1112,.T.);
#710=FACE_OUTER_BOUND('',#1113,.T.);
#711=FACE_OUTER_BOUND('',#1114,.T.);
#712=FACE_OUTER_BOUND('',#1115,.T.);
#713=FACE_OUTER_BOUND('',#1116,.T.);
#714=FACE_OUTER_BOUND('',#1117,.T.);
#715=FACE_OUTER_BOUND('',#1118,.T.);
#716=FACE_OUTER_BOUND('',#1119,.T.);
#717=FACE_OUTER_BOUND('',#1120,.T.);
#718=FACE_OUTER_BOUND('',#1121,.T.);
#719=FACE_OUTER_BOUND('',#1122,.T.);
#720=FACE_OUTER_BOUND('',#1123,.T.);
#721=FACE_OUTER_BOUND('',#1124,.T.);
#722=FACE_OUTER_BOUND('',#1125,.T.);
#723=FACE_OUTER_BOUND('',#1126,.T.);
#724=FACE_OUTER_BOUND('',#1127,.T.);
#725=FACE_OUTER_BOUND('',#1128,.T.);
#726=FACE_OUTER_BOUND('',#1129,.T.);
#727=FACE_OUTER_BOUND('',#1130,.T.);
#728=FACE_OUTER_BOUND('',#1131,.T.);
#729=FACE_OUTER_BOUND('',#1132,.T.);
#730=FACE_OUTER_BOUND('',#1133,.T.);
#731=FACE_OUTER_BOUND('',#1134,.T.);
#732=FACE_OUTER_BOUND('',#1135,.T.);
#733=FACE_OUTER_BOUND('',#1136,.T.);
#734=FACE_OUTER_BOUND('',#1137,.T.);
#735=FACE_OUTER_BOUND('',#1138,.T.);
#736=FACE_OUTER_BOUND('',#1139,.T.);
#737=FACE_OUTER_BOUND('',#1140,.T.);
#738=FACE_OUTER_BOUND('',#1141,.T.);
#739=FACE_OUTER_BOUND('',#1142,.T.);
#740=FACE_OUTER_BOUND('',#1143,.T.);
#741=FACE_OUTER_BOUND('',#1144,.T.);
#742=FACE_OUTER_BOUND('',#1145,.T.);
#743=FACE_OUTER_BOUND('',#1146,.T.);
#744=FACE_OUTER_BOUND('',#1147,.T.);
#745=FACE_OUTER_BOUND('',#1148,.T.);
#746=FACE_OUTER_BOUND('',#1149,.T.);
#747=FACE_OUTER_BOUND('',#1150,.T.);
#748=FACE_OUTER_BOUND('',#1151,.T.);
#749=FACE_OUTER_BOUND('',#1152,.T.);
#750=FACE_OUTER_BOUND('',#1153,.T.);
#751=FACE_OUTER_BOUND('',#1154,.T.);
#752=FACE_OUTER_BOUND('',#1155,.T.);
#753=FACE_OUTER_BOUND('',#1156,.T.);
#754=FACE_OUTER_BOUND('',#1157,.T.);
#755=FACE_OUTER_BOUND('',#1158,.T.);
#756=FACE_OUTER_BOUND('',#1159,.T.);
#757=FACE_OUTER_BOUND('',#1160,.T.);
#758=FACE_OUTER_BOUND('',#1161,.T.);
#759=FACE_OUTER_BOUND('',#1162,.T.);
#760=FACE_OUTER_BOUND('',#1163,.T.);
#761=FACE_OUTER_BOUND('',#1164,.T.);
#762=FACE_OUTER_BOUND('',#1165,.T.);
#763=FACE_OUTER_BOUND('',#1166,.T.);
#764=FACE_OUTER_BOUND('',#1167,.T.);
#765=FACE_OUTER_BOUND('',#1168,.T.);
#766=FACE_OUTER_BOUND('',#1169,.T.);
#767=FACE_OUTER_BOUND('',#1170,.T.);
#768=FACE_OUTER_BOUND('',#1171,.T.);
#769=FACE_OUTER_BOUND('',#1172,.T.);
#770=FACE_OUTER_BOUND('',#1173,.T.);
#771=FACE_OUTER_BOUND('',#1174,.T.);
#772=FACE_OUTER_BOUND('',#1175,.T.);
#773=FACE_OUTER_BOUND('',#1176,.T.);
#774=FACE_OUTER_BOUND('',#1177,.T.);
#775=FACE_OUTER_BOUND('',#1178,.T.);
#776=FACE_OUTER_BOUND('',#1179,.T.);
#777=FACE_OUTER_BOUND('',#1180,.T.);
#778=FACE_OUTER_BOUND('',#1181,.T.);
#779=FACE_OUTER_BOUND('',#1182,.T.);
#780=FACE_OUTER_BOUND('',#1183,.T.);
#781=FACE_OUTER_BOUND('',#1184,.T.);
#782=EDGE_LOOP('',(#4311,#4312,#4313,#4314));
#783=EDGE_LOOP('',(#4315));
#784=EDGE_LOOP('',(#4316));
#785=EDGE_LOOP('',(#4317,#4318,#4319,#4320));
#786=EDGE_LOOP('',(#4321));
#787=EDGE_LOOP('',(#4322));
#788=EDGE_LOOP('',(#4323,#4324,#4325,#4326));
#789=EDGE_LOOP('',(#4327,#4328,#4329,#4330));
#790=EDGE_LOOP('',(#4331,#4332,#4333,#4334));
#791=EDGE_LOOP('',(#4335,#4336,#4337,#4338));
#792=EDGE_LOOP('',(#4339,#4340,#4341,#4342));
#793=EDGE_LOOP('',(#4343,#4344,#4345,#4346));
#794=EDGE_LOOP('',(#4347,#4348,#4349,#4350,#4351,#4352,#4353,#4354));
#795=EDGE_LOOP('',(#4355,#4356,#4357,#4358));
#796=EDGE_LOOP('',(#4359,#4360,#4361,#4362));
#797=EDGE_LOOP('',(#4363,#4364,#4365,#4366));
#798=EDGE_LOOP('',(#4367,#4368,#4369,#4370));
#799=EDGE_LOOP('',(#4371,#4372,#4373,#4374));
#800=EDGE_LOOP('',(#4375,#4376,#4377,#4378));
#801=EDGE_LOOP('',(#4379,#4380,#4381,#4382));
#802=EDGE_LOOP('',(#4383,#4384,#4385,#4386));
#803=EDGE_LOOP('',(#4387,#4388,#4389,#4390));
#804=EDGE_LOOP('',(#4391,#4392,#4393,#4394));
#805=EDGE_LOOP('',(#4395,#4396,#4397,#4398));
#806=EDGE_LOOP('',(#4399,#4400,#4401,#4402,#4403));
#807=EDGE_LOOP('',(#4404));
#808=EDGE_LOOP('',(#4405,#4406,#4407,#4408));
#809=EDGE_LOOP('',(#4409,#4410,#4411,#4412));
#810=EDGE_LOOP('',(#4413,#4414,#4415,#4416,#4417));
#811=EDGE_LOOP('',(#4418));
#812=EDGE_LOOP('',(#4419,#4420,#4421,#4422));
#813=EDGE_LOOP('',(#4423,#4424,#4425,#4426));
#814=EDGE_LOOP('',(#4427,#4428,#4429,#4430,#4431,#4432,#4433,#4434,#4435,
#4436));
#815=EDGE_LOOP('',(#4437));
#816=EDGE_LOOP('',(#4438));
#817=EDGE_LOOP('',(#4439));
#818=EDGE_LOOP('',(#4440,#4441,#4442,#4443,#4444,#4445,#4446));
#819=EDGE_LOOP('',(#4447,#4448,#4449,#4450));
#820=EDGE_LOOP('',(#4451,#4452,#4453,#4454,#4455,#4456,#4457));
#821=EDGE_LOOP('',(#4458,#4459,#4460,#4461));
#822=EDGE_LOOP('',(#4462,#4463,#4464,#4465));
#823=EDGE_LOOP('',(#4466,#4467,#4468,#4469));
#824=EDGE_LOOP('',(#4470,#4471,#4472,#4473));
#825=EDGE_LOOP('',(#4474,#4475,#4476,#4477));
#826=EDGE_LOOP('',(#4478,#4479,#4480,#4481,#4482,#4483,#4484,#4485));
#827=EDGE_LOOP('',(#4486,#4487,#4488,#4489));
#828=EDGE_LOOP('',(#4490,#4491,#4492,#4493));
#829=EDGE_LOOP('',(#4494,#4495,#4496,#4497));
#830=EDGE_LOOP('',(#4498,#4499,#4500,#4501));
#831=EDGE_LOOP('',(#4502,#4503,#4504,#4505));
#832=EDGE_LOOP('',(#4506,#4507,#4508,#4509,#4510,#4511,#4512,#4513));
#833=EDGE_LOOP('',(#4514,#4515,#4516,#4517));
#834=EDGE_LOOP('',(#4518,#4519,#4520,#4521));
#835=EDGE_LOOP('',(#4522,#4523,#4524,#4525));
#836=EDGE_LOOP('',(#4526,#4527,#4528,#4529));
#837=EDGE_LOOP('',(#4530,#4531,#4532,#4533));
#838=EDGE_LOOP('',(#4534,#4535,#4536,#4537));
#839=EDGE_LOOP('',(#4538,#4539,#4540,#4541,#4542,#4543));
#840=EDGE_LOOP('',(#4544,#4545,#4546,#4547));
#841=EDGE_LOOP('',(#4548,#4549,#4550,#4551));
#842=EDGE_LOOP('',(#4552,#4553,#4554,#4555));
#843=EDGE_LOOP('',(#4556,#4557,#4558,#4559));
#844=EDGE_LOOP('',(#4560,#4561,#4562,#4563));
#845=EDGE_LOOP('',(#4564,#4565,#4566,#4567));
#846=EDGE_LOOP('',(#4568,#4569,#4570,#4571));
#847=EDGE_LOOP('',(#4572,#4573,#4574,#4575));
#848=EDGE_LOOP('',(#4576,#4577,#4578,#4579));
#849=EDGE_LOOP('',(#4580,#4581,#4582,#4583));
#850=EDGE_LOOP('',(#4584,#4585,#4586,#4587));
#851=EDGE_LOOP('',(#4588,#4589,#4590,#4591));
#852=EDGE_LOOP('',(#4592,#4593,#4594,#4595));
#853=EDGE_LOOP('',(#4596,#4597,#4598,#4599));
#854=EDGE_LOOP('',(#4600,#4601,#4602,#4603));
#855=EDGE_LOOP('',(#4604,#4605,#4606,#4607));
#856=EDGE_LOOP('',(#4608,#4609,#4610,#4611));
#857=EDGE_LOOP('',(#4612,#4613,#4614,#4615));
#858=EDGE_LOOP('',(#4616,#4617,#4618,#4619));
#859=EDGE_LOOP('',(#4620,#4621,#4622,#4623));
#860=EDGE_LOOP('',(#4624,#4625,#4626,#4627));
#861=EDGE_LOOP('',(#4628,#4629,#4630,#4631));
#862=EDGE_LOOP('',(#4632,#4633,#4634,#4635));
#863=EDGE_LOOP('',(#4636,#4637,#4638,#4639));
#864=EDGE_LOOP('',(#4640,#4641,#4642,#4643,#4644,#4645,#4646,#4647));
#865=EDGE_LOOP('',(#4648));
#866=EDGE_LOOP('',(#4649,#4650,#4651,#4652));
#867=EDGE_LOOP('',(#4653,#4654,#4655,#4656));
#868=EDGE_LOOP('',(#4657,#4658,#4659,#4660));
#869=EDGE_LOOP('',(#4661,#4662,#4663,#4664));
#870=EDGE_LOOP('',(#4665,#4666,#4667,#4668));
#871=EDGE_LOOP('',(#4669,#4670,#4671,#4672));
#872=EDGE_LOOP('',(#4673,#4674,#4675,#4676,#4677,#4678,#4679,#4680,#4681,
#4682));
#873=EDGE_LOOP('',(#4683,#4684,#4685,#4686));
#874=EDGE_LOOP('',(#4687,#4688,#4689,#4690));
#875=EDGE_LOOP('',(#4691,#4692,#4693,#4694,#4695,#4696));
#876=EDGE_LOOP('',(#4697,#4698,#4699,#4700,#4701,#4702,#4703,#4704,#4705,
#4706,#4707,#4708));
#877=EDGE_LOOP('',(#4709,#4710,#4711,#4712));
#878=EDGE_LOOP('',(#4713,#4714,#4715,#4716));
#879=EDGE_LOOP('',(#4717,#4718,#4719,#4720));
#880=EDGE_LOOP('',(#4721,#4722,#4723,#4724));
#881=EDGE_LOOP('',(#4725,#4726,#4727,#4728));
#882=EDGE_LOOP('',(#4729,#4730,#4731,#4732));
#883=EDGE_LOOP('',(#4733,#4734,#4735,#4736));
#884=EDGE_LOOP('',(#4737,#4738,#4739,#4740));
#885=EDGE_LOOP('',(#4741,#4742,#4743,#4744));
#886=EDGE_LOOP('',(#4745,#4746,#4747,#4748));
#887=EDGE_LOOP('',(#4749,#4750,#4751,#4752));
#888=EDGE_LOOP('',(#4753,#4754,#4755,#4756));
#889=EDGE_LOOP('',(#4757,#4758,#4759,#4760));
#890=EDGE_LOOP('',(#4761,#4762,#4763,#4764));
#891=EDGE_LOOP('',(#4765,#4766,#4767,#4768));
#892=EDGE_LOOP('',(#4769,#4770,#4771,#4772));
#893=EDGE_LOOP('',(#4773,#4774,#4775,#4776));
#894=EDGE_LOOP('',(#4777,#4778,#4779,#4780));
#895=EDGE_LOOP('',(#4781,#4782,#4783,#4784));
#896=EDGE_LOOP('',(#4785,#4786,#4787,#4788));
#897=EDGE_LOOP('',(#4789,#4790,#4791,#4792));
#898=EDGE_LOOP('',(#4793,#4794,#4795,#4796));
#899=EDGE_LOOP('',(#4797,#4798,#4799,#4800));
#900=EDGE_LOOP('',(#4801,#4802,#4803,#4804,#4805,#4806));
#901=EDGE_LOOP('',(#4807,#4808,#4809,#4810,#4811,#4812,#4813,#4814));
#902=EDGE_LOOP('',(#4815,#4816,#4817,#4818,#4819,#4820));
#903=EDGE_LOOP('',(#4821,#4822,#4823,#4824));
#904=EDGE_LOOP('',(#4825,#4826,#4827,#4828));
#905=EDGE_LOOP('',(#4829,#4830,#4831,#4832));
#906=EDGE_LOOP('',(#4833,#4834,#4835,#4836,#4837,#4838,#4839,#4840));
#907=EDGE_LOOP('',(#4841,#4842,#4843,#4844));
#908=EDGE_LOOP('',(#4845,#4846,#4847,#4848,#4849,#4850,#4851,#4852));
#909=EDGE_LOOP('',(#4853,#4854,#4855,#4856));
#910=EDGE_LOOP('',(#4857,#4858,#4859,#4860));
#911=EDGE_LOOP('',(#4861,#4862,#4863,#4864));
#912=EDGE_LOOP('',(#4865,#4866,#4867,#4868));
#913=EDGE_LOOP('',(#4869,#4870,#4871,#4872));
#914=EDGE_LOOP('',(#4873,#4874,#4875,#4876));
#915=EDGE_LOOP('',(#4877,#4878,#4879,#4880));
#916=EDGE_LOOP('',(#4881,#4882,#4883,#4884));
#917=EDGE_LOOP('',(#4885,#4886,#4887,#4888));
#918=EDGE_LOOP('',(#4889,#4890,#4891,#4892,#4893,#4894));
#919=EDGE_LOOP('',(#4895,#4896,#4897,#4898,#4899,#4900,#4901));
#920=EDGE_LOOP('',(#4902,#4903,#4904,#4905));
#921=EDGE_LOOP('',(#4906,#4907,#4908,#4909,#4910,#4911,#4912));
#922=EDGE_LOOP('',(#4913,#4914,#4915,#4916,#4917,#4918));
#923=EDGE_LOOP('',(#4919,#4920,#4921,#4922,#4923,#4924));
#924=EDGE_LOOP('',(#4925,#4926,#4927,#4928,#4929,#4930));
#925=EDGE_LOOP('',(#4931,#4932,#4933,#4934));
#926=EDGE_LOOP('',(#4935,#4936,#4937,#4938));
#927=EDGE_LOOP('',(#4939,#4940,#4941,#4942));
#928=EDGE_LOOP('',(#4943,#4944,#4945,#4946,#4947,#4948,#4949));
#929=EDGE_LOOP('',(#4950,#4951,#4952,#4953));
#930=EDGE_LOOP('',(#4954,#4955,#4956,#4957,#4958,#4959,#4960));
#931=EDGE_LOOP('',(#4961,#4962,#4963,#4964));
#932=EDGE_LOOP('',(#4965,#4966,#4967,#4968,#4969,#4970,#4971));
#933=EDGE_LOOP('',(#4972,#4973,#4974,#4975,#4976,#4977,#4978,#4979,#4980,
#4981,#4982,#4983,#4984,#4985));
#934=EDGE_LOOP('',(#4986));
#935=EDGE_LOOP('',(#4987,#4988,#4989,#4990));
#936=EDGE_LOOP('',(#4991,#4992,#4993,#4994));
#937=EDGE_LOOP('',(#4995,#4996,#4997,#4998));
#938=EDGE_LOOP('',(#4999,#5000,#5001,#5002));
#939=EDGE_LOOP('',(#5003,#5004,#5005,#5006));
#940=EDGE_LOOP('',(#5007,#5008,#5009,#5010));
#941=EDGE_LOOP('',(#5011,#5012,#5013,#5014));
#942=EDGE_LOOP('',(#5015,#5016,#5017,#5018));
#943=EDGE_LOOP('',(#5019,#5020,#5021,#5022));
#944=EDGE_LOOP('',(#5023,#5024,#5025,#5026));
#945=EDGE_LOOP('',(#5027,#5028,#5029,#5030));
#946=EDGE_LOOP('',(#5031,#5032,#5033,#5034));
#947=EDGE_LOOP('',(#5035,#5036,#5037,#5038));
#948=EDGE_LOOP('',(#5039,#5040,#5041,#5042,#5043,#5044,#5045,#5046));
#949=EDGE_LOOP('',(#5047,#5048,#5049,#5050));
#950=EDGE_LOOP('',(#5051,#5052,#5053,#5054,#5055,#5056));
#951=EDGE_LOOP('',(#5057,#5058,#5059,#5060,#5061,#5062));
#952=EDGE_LOOP('',(#5063,#5064,#5065,#5066));
#953=EDGE_LOOP('',(#5067,#5068,#5069,#5070));
#954=EDGE_LOOP('',(#5071,#5072,#5073,#5074));
#955=EDGE_LOOP('',(#5075,#5076,#5077,#5078));
#956=EDGE_LOOP('',(#5079,#5080,#5081,#5082));
#957=EDGE_LOOP('',(#5083,#5084,#5085,#5086));
#958=EDGE_LOOP('',(#5087,#5088,#5089,#5090,#5091,#5092));
#959=EDGE_LOOP('',(#5093,#5094,#5095,#5096));
#960=EDGE_LOOP('',(#5097,#5098,#5099,#5100,#5101,#5102));
#961=EDGE_LOOP('',(#5103,#5104,#5105,#5106));
#962=EDGE_LOOP('',(#5107,#5108,#5109,#5110,#5111,#5112,#5113,#5114,#5115,
#5116,#5117,#5118,#5119,#5120,#5121,#5122,#5123,#5124,#5125,#5126,#5127,
#5128));
#963=EDGE_LOOP('',(#5129,#5130,#5131,#5132));
#964=EDGE_LOOP('',(#5133,#5134,#5135,#5136));
#965=EDGE_LOOP('',(#5137));
#966=EDGE_LOOP('',(#5138,#5139,#5140));
#967=EDGE_LOOP('',(#5141,#5142,#5143));
#968=EDGE_LOOP('',(#5144,#5145,#5146));
#969=EDGE_LOOP('',(#5147,#5148,#5149));
#970=EDGE_LOOP('',(#5150,#5151,#5152,#5153,#5154));
#971=EDGE_LOOP('',(#5155,#5156,#5157,#5158,#5159));
#972=EDGE_LOOP('',(#5160,#5161,#5162));
#973=EDGE_LOOP('',(#5163,#5164,#5165));
#974=EDGE_LOOP('',(#5166,#5167,#5168));
#975=EDGE_LOOP('',(#5169,#5170,#5171));
#976=EDGE_LOOP('',(#5172,#5173,#5174,#5175,#5176));
#977=EDGE_LOOP('',(#5177,#5178,#5179,#5180,#5181));
#978=EDGE_LOOP('',(#5182,#5183,#5184,#5185));
#979=EDGE_LOOP('',(#5186,#5187,#5188,#5189));
#980=EDGE_LOOP('',(#5190,#5191,#5192,#5193));
#981=EDGE_LOOP('',(#5194,#5195,#5196,#5197,#5198,#5199,#5200,#5201,#5202));
#982=EDGE_LOOP('',(#5203,#5204,#5205,#5206,#5207,#5208,#5209,#5210,#5211));
#983=EDGE_LOOP('',(#5212,#5213,#5214,#5215));
#984=EDGE_LOOP('',(#5216,#5217,#5218,#5219,#5220,#5221,#5222,#5223,#5224));
#985=EDGE_LOOP('',(#5225,#5226,#5227,#5228,#5229,#5230,#5231,#5232,#5233));
#986=EDGE_LOOP('',(#5234,#5235,#5236,#5237,#5238));
#987=EDGE_LOOP('',(#5239,#5240,#5241,#5242,#5243));
#988=EDGE_LOOP('',(#5244,#5245,#5246,#5247,#5248));
#989=EDGE_LOOP('',(#5249,#5250,#5251));
#990=EDGE_LOOP('',(#5252,#5253,#5254));
#991=EDGE_LOOP('',(#5255,#5256,#5257));
#992=EDGE_LOOP('',(#5258,#5259,#5260,#5261));
#993=EDGE_LOOP('',(#5262,#5263,#5264,#5265,#5266));
#994=EDGE_LOOP('',(#5267,#5268,#5269,#5270,#5271));
#995=EDGE_LOOP('',(#5272,#5273,#5274));
#996=EDGE_LOOP('',(#5275,#5276,#5277));
#997=EDGE_LOOP('',(#5278,#5279,#5280,#5281));
#998=EDGE_LOOP('',(#5282,#5283,#5284));
#999=EDGE_LOOP('',(#5285,#5286,#5287,#5288,#5289));
#1000=EDGE_LOOP('',(#5290,#5291,#5292,#5293,#5294));
#1001=EDGE_LOOP('',(#5295,#5296,#5297));
#1002=EDGE_LOOP('',(#5298,#5299,#5300));
#1003=EDGE_LOOP('',(#5301,#5302,#5303));
#1004=EDGE_LOOP('',(#5304,#5305,#5306));
#1005=EDGE_LOOP('',(#5307,#5308,#5309,#5310,#5311));
#1006=EDGE_LOOP('',(#5312,#5313,#5314,#5315,#5316));
#1007=EDGE_LOOP('',(#5317,#5318,#5319));
#1008=EDGE_LOOP('',(#5320,#5321,#5322));
#1009=EDGE_LOOP('',(#5323,#5324,#5325));
#1010=EDGE_LOOP('',(#5326,#5327,#5328));
#1011=EDGE_LOOP('',(#5329,#5330,#5331,#5332,#5333));
#1012=EDGE_LOOP('',(#5334,#5335,#5336,#5337,#5338,#5339));
#1013=EDGE_LOOP('',(#5340,#5341,#5342,#5343,#5344,#5345));
#1014=EDGE_LOOP('',(#5346,#5347,#5348,#5349,#5350,#5351));
#1015=EDGE_LOOP('',(#5352,#5353,#5354,#5355,#5356,#5357));
#1016=EDGE_LOOP('',(#5358,#5359,#5360,#5361,#5362,#5363));
#1017=EDGE_LOOP('',(#5364,#5365,#5366,#5367,#5368,#5369,#5370,#5371,#5372));
#1018=EDGE_LOOP('',(#5373,#5374,#5375,#5376,#5377,#5378,#5379,#5380,#5381));
#1019=EDGE_LOOP('',(#5382,#5383,#5384,#5385));
#1020=EDGE_LOOP('',(#5386,#5387,#5388,#5389));
#1021=EDGE_LOOP('',(#5390,#5391,#5392,#5393));
#1022=EDGE_LOOP('',(#5394,#5395,#5396,#5397));
#1023=EDGE_LOOP('',(#5398,#5399,#5400,#5401,#5402,#5403));
#1024=EDGE_LOOP('',(#5404,#5405,#5406,#5407,#5408,#5409,#5410,#5411,#5412));
#1025=EDGE_LOOP('',(#5413,#5414,#5415,#5416,#5417,#5418,#5419,#5420,#5421));
#1026=EDGE_LOOP('',(#5422,#5423,#5424,#5425,#5426,#5427));
#1027=EDGE_LOOP('',(#5428,#5429,#5430,#5431,#5432,#5433,#5434,#5435,#5436));
#1028=EDGE_LOOP('',(#5437,#5438,#5439,#5440,#5441,#5442,#5443,#5444,#5445));
#1029=EDGE_LOOP('',(#5446,#5447,#5448,#5449,#5450,#5451));
#1030=EDGE_LOOP('',(#5452,#5453,#5454,#5455,#5456,#5457,#5458,#5459,#5460));
#1031=EDGE_LOOP('',(#5461,#5462,#5463,#5464,#5465,#5466,#5467,#5468,#5469));
#1032=EDGE_LOOP('',(#5470,#5471,#5472,#5473,#5474,#5475,#5476));
#1033=EDGE_LOOP('',(#5477,#5478,#5479,#5480,#5481,#5482,#5483));
#1034=EDGE_LOOP('',(#5484,#5485,#5486));
#1035=EDGE_LOOP('',(#5487,#5488,#5489));
#1036=EDGE_LOOP('',(#5490,#5491,#5492));
#1037=EDGE_LOOP('',(#5493,#5494,#5495));
#1038=EDGE_LOOP('',(#5496,#5497,#5498,#5499,#5500,#5501));
#1039=EDGE_LOOP('',(#5502,#5503,#5504,#5505));
#1040=EDGE_LOOP('',(#5506,#5507,#5508,#5509));
#1041=EDGE_LOOP('',(#5510,#5511,#5512,#5513));
#1042=EDGE_LOOP('',(#5514,#5515,#5516,#5517));
#1043=EDGE_LOOP('',(#5518,#5519,#5520,#5521));
#1044=EDGE_LOOP('',(#5522,#5523,#5524,#5525));
#1045=EDGE_LOOP('',(#5526,#5527,#5528,#5529));
#1046=EDGE_LOOP('',(#5530,#5531,#5532,#5533));
#1047=EDGE_LOOP('',(#5534,#5535,#5536,#5537,#5538,#5539,#5540,#5541));
#1048=EDGE_LOOP('',(#5542,#5543));
#1049=EDGE_LOOP('',(#5544));
#1050=EDGE_LOOP('',(#5545,#5546,#5547,#5548,#5549,#5550,#5551,#5552));
#1051=EDGE_LOOP('',(#5553,#5554,#5555,#5556));
#1052=EDGE_LOOP('',(#5557,#5558,#5559,#5560));
#1053=EDGE_LOOP('',(#5561,#5562,#5563,#5564,#5565,#5566,#5567,#5568));
#1054=EDGE_LOOP('',(#5569,#5570,#5571,#5572));
#1055=EDGE_LOOP('',(#5573,#5574,#5575,#5576));
#1056=EDGE_LOOP('',(#5577,#5578,#5579,#5580,#5581,#5582,#5583,#5584));
#1057=EDGE_LOOP('',(#5585));
#1058=EDGE_LOOP('',(#5586));
#1059=EDGE_LOOP('',(#5587,#5588,#5589,#5590));
#1060=EDGE_LOOP('',(#5591,#5592,#5593,#5594));
#1061=EDGE_LOOP('',(#5595,#5596,#5597,#5598));
#1062=EDGE_LOOP('',(#5599,#5600,#5601,#5602));
#1063=EDGE_LOOP('',(#5603,#5604,#5605,#5606));
#1064=EDGE_LOOP('',(#5607,#5608,#5609,#5610));
#1065=EDGE_LOOP('',(#5611,#5612,#5613,#5614));
#1066=EDGE_LOOP('',(#5615,#5616,#5617,#5618,#5619));
#1067=EDGE_LOOP('',(#5620,#5621,#5622,#5623));
#1068=EDGE_LOOP('',(#5624,#5625,#5626,#5627,#5628));
#1069=EDGE_LOOP('',(#5629,#5630,#5631,#5632));
#1070=EDGE_LOOP('',(#5633,#5634,#5635,#5636));
#1071=EDGE_LOOP('',(#5637,#5638,#5639,#5640,#5641,#5642,#5643,#5644));
#1072=EDGE_LOOP('',(#5645,#5646,#5647,#5648,#5649,#5650));
#1073=EDGE_LOOP('',(#5651,#5652,#5653,#5654));
#1074=EDGE_LOOP('',(#5655,#5656,#5657,#5658,#5659,#5660));
#1075=EDGE_LOOP('',(#5661,#5662,#5663,#5664,#5665,#5666));
#1076=EDGE_LOOP('',(#5667,#5668,#5669,#5670));
#1077=EDGE_LOOP('',(#5671,#5672,#5673,#5674,#5675,#5676));
#1078=EDGE_LOOP('',(#5677,#5678,#5679));
#1079=EDGE_LOOP('',(#5680,#5681,#5682));
#1080=EDGE_LOOP('',(#5683,#5684,#5685,#5686,#5687,#5688,#5689,#5690,#5691,
#5692));
#1081=EDGE_LOOP('',(#5693,#5694,#5695,#5696,#5697,#5698,#5699,#5700));
#1082=EDGE_LOOP('',(#5701,#5702,#5703,#5704,#5705,#5706,#5707));
#1083=EDGE_LOOP('',(#5708,#5709,#5710,#5711,#5712,#5713,#5714,#5715));
#1084=EDGE_LOOP('',(#5716,#5717));
#1085=EDGE_LOOP('',(#5718));
#1086=EDGE_LOOP('',(#5719,#5720,#5721,#5722,#5723,#5724));
#1087=EDGE_LOOP('',(#5725,#5726,#5727,#5728,#5729,#5730));
#1088=EDGE_LOOP('',(#5731,#5732,#5733,#5734));
#1089=EDGE_LOOP('',(#5735,#5736,#5737,#5738,#5739,#5740,#5741,#5742,#5743,
#5744,#5745,#5746,#5747,#5748,#5749,#5750));
#1090=EDGE_LOOP('',(#5751,#5752,#5753,#5754,#5755,#5756,#5757,#5758,#5759,
#5760,#5761,#5762,#5763,#5764,#5765,#5766));
#1091=EDGE_LOOP('',(#5767,#5768,#5769,#5770));
#1092=EDGE_LOOP('',(#5771,#5772,#5773,#5774));
#1093=EDGE_LOOP('',(#5775,#5776,#5777,#5778));
#1094=EDGE_LOOP('',(#5779,#5780,#5781,#5782));
#1095=EDGE_LOOP('',(#5783,#5784,#5785,#5786));
#1096=EDGE_LOOP('',(#5787,#5788,#5789,#5790));
#1097=EDGE_LOOP('',(#5791,#5792,#5793,#5794));
#1098=EDGE_LOOP('',(#5795,#5796,#5797,#5798));
#1099=EDGE_LOOP('',(#5799,#5800,#5801,#5802));
#1100=EDGE_LOOP('',(#5803,#5804,#5805,#5806));
#1101=EDGE_LOOP('',(#5807,#5808,#5809,#5810));
#1102=EDGE_LOOP('',(#5811,#5812,#5813,#5814));
#1103=EDGE_LOOP('',(#5815,#5816,#5817,#5818));
#1104=EDGE_LOOP('',(#5819,#5820,#5821,#5822));
#1105=EDGE_LOOP('',(#5823,#5824,#5825,#5826));
#1106=EDGE_LOOP('',(#5827,#5828,#5829,#5830));
#1107=EDGE_LOOP('',(#5831,#5832,#5833,#5834));
#1108=EDGE_LOOP('',(#5835,#5836,#5837,#5838));
#1109=EDGE_LOOP('',(#5839,#5840,#5841,#5842,#5843,#5844,#5845));
#1110=EDGE_LOOP('',(#5846,#5847,#5848,#5849,#5850,#5851,#5852));
#1111=EDGE_LOOP('',(#5853,#5854,#5855,#5856));
#1112=EDGE_LOOP('',(#5857,#5858,#5859,#5860));
#1113=EDGE_LOOP('',(#5861,#5862,#5863,#5864));
#1114=EDGE_LOOP('',(#5865,#5866,#5867,#5868));
#1115=EDGE_LOOP('',(#5869,#5870,#5871,#5872));
#1116=EDGE_LOOP('',(#5873,#5874,#5875,#5876));
#1117=EDGE_LOOP('',(#5877,#5878,#5879,#5880,#5881,#5882,#5883));
#1118=EDGE_LOOP('',(#5884,#5885,#5886,#5887,#5888,#5889,#5890));
#1119=EDGE_LOOP('',(#5891,#5892,#5893,#5894));
#1120=EDGE_LOOP('',(#5895,#5896,#5897,#5898));
#1121=EDGE_LOOP('',(#5899,#5900,#5901,#5902));
#1122=EDGE_LOOP('',(#5903,#5904,#5905,#5906));
#1123=EDGE_LOOP('',(#5907,#5908,#5909,#5910));
#1124=EDGE_LOOP('',(#5911,#5912,#5913,#5914,#5915));
#1125=EDGE_LOOP('',(#5916,#5917,#5918,#5919));
#1126=EDGE_LOOP('',(#5920,#5921,#5922,#5923));
#1127=EDGE_LOOP('',(#5924,#5925,#5926,#5927,#5928,#5929,#5930,#5931,#5932,
#5933,#5934,#5935,#5936,#5937,#5938,#5939));
#1128=EDGE_LOOP('',(#5940,#5941,#5942,#5943));
#1129=EDGE_LOOP('',(#5944,#5945,#5946,#5947));
#1130=EDGE_LOOP('',(#5948,#5949,#5950,#5951));
#1131=EDGE_LOOP('',(#5952,#5953,#5954,#5955));
#1132=EDGE_LOOP('',(#5956,#5957,#5958,#5959));
#1133=EDGE_LOOP('',(#5960,#5961,#5962,#5963));
#1134=EDGE_LOOP('',(#5964,#5965,#5966,#5967));
#1135=EDGE_LOOP('',(#5968,#5969,#5970,#5971));
#1136=EDGE_LOOP('',(#5972,#5973,#5974,#5975));
#1137=EDGE_LOOP('',(#5976,#5977,#5978,#5979));
#1138=EDGE_LOOP('',(#5980,#5981,#5982,#5983));
#1139=EDGE_LOOP('',(#5984,#5985,#5986,#5987));
#1140=EDGE_LOOP('',(#5988,#5989,#5990,#5991));
#1141=EDGE_LOOP('',(#5992,#5993,#5994,#5995,#5996,#5997,#5998,#5999,#6000,
#6001,#6002,#6003,#6004,#6005));
#1142=EDGE_LOOP('',(#6006,#6007,#6008,#6009,#6010));
#1143=EDGE_LOOP('',(#6011,#6012,#6013,#6014,#6015,#6016));
#1144=EDGE_LOOP('',(#6017,#6018,#6019,#6020));
#1145=EDGE_LOOP('',(#6021,#6022,#6023,#6024));
#1146=EDGE_LOOP('',(#6025,#6026,#6027,#6028,#6029,#6030));
#1147=EDGE_LOOP('',(#6031,#6032,#6033,#6034,#6035,#6036));
#1148=EDGE_LOOP('',(#6037,#6038,#6039,#6040));
#1149=EDGE_LOOP('',(#6041,#6042,#6043,#6044));
#1150=EDGE_LOOP('',(#6045,#6046,#6047,#6048,#6049));
#1151=EDGE_LOOP('',(#6050,#6051,#6052,#6053));
#1152=EDGE_LOOP('',(#6054,#6055,#6056,#6057));
#1153=EDGE_LOOP('',(#6058,#6059,#6060));
#1154=EDGE_LOOP('',(#6061,#6062,#6063));
#1155=EDGE_LOOP('',(#6064,#6065,#6066,#6067));
#1156=EDGE_LOOP('',(#6068,#6069,#6070,#6071));
#1157=EDGE_LOOP('',(#6072,#6073,#6074,#6075));
#1158=EDGE_LOOP('',(#6076,#6077,#6078,#6079));
#1159=EDGE_LOOP('',(#6080,#6081,#6082,#6083));
#1160=EDGE_LOOP('',(#6084,#6085,#6086,#6087));
#1161=EDGE_LOOP('',(#6088,#6089,#6090,#6091));
#1162=EDGE_LOOP('',(#6092,#6093,#6094,#6095));
#1163=EDGE_LOOP('',(#6096,#6097,#6098,#6099));
#1164=EDGE_LOOP('',(#6100,#6101,#6102,#6103,#6104,#6105,#6106));
#1165=EDGE_LOOP('',(#6107,#6108,#6109,#6110));
#1166=EDGE_LOOP('',(#6111,#6112,#6113,#6114));
#1167=EDGE_LOOP('',(#6115,#6116,#6117,#6118));
#1168=EDGE_LOOP('',(#6119,#6120,#6121,#6122));
#1169=EDGE_LOOP('',(#6123,#6124,#6125,#6126));
#1170=EDGE_LOOP('',(#6127,#6128,#6129,#6130));
#1171=EDGE_LOOP('',(#6131,#6132,#6133,#6134));
#1172=EDGE_LOOP('',(#6135,#6136,#6137,#6138));
#1173=EDGE_LOOP('',(#6139,#6140,#6141,#6142));
#1174=EDGE_LOOP('',(#6143,#6144,#6145,#6146,#6147));
#1175=EDGE_LOOP('',(#6148,#6149,#6150,#6151));
#1176=EDGE_LOOP('',(#6152,#6153,#6154,#6155));
#1177=EDGE_LOOP('',(#6156,#6157,#6158,#6159));
#1178=EDGE_LOOP('',(#6160,#6161,#6162,#6163,#6164,#6165,#6166));
#1179=EDGE_LOOP('',(#6167,#6168,#6169,#6170));
#1180=EDGE_LOOP('',(#6171,#6172,#6173,#6174));
#1181=EDGE_LOOP('',(#6175,#6176,#6177,#6178));
#1182=EDGE_LOOP('',(#6179,#6180,#6181,#6182));
#1183=EDGE_LOOP('',(#6183,#6184,#6185,#6186));
#1184=EDGE_LOOP('',(#6187,#6188,#6189,#6190,#6191,#6192,#6193,#6194));
#1185=LINE('',#9135,#1890);
#1186=LINE('',#9144,#1891);
#1187=LINE('',#9152,#1892);
#1188=LINE('',#9156,#1893);
#1189=LINE('',#9161,#1894);
#1190=LINE('',#9162,#1895);
#1191=LINE('',#9163,#1896);
#1192=LINE('',#9167,#1897);
#1193=LINE('',#9171,#1898);
#1194=LINE('',#9172,#1899);
#1195=LINE('',#9175,#1900);
#1196=LINE('',#9177,#1901);
#1197=LINE('',#9178,#1902);
#1198=LINE('',#9181,#1903);
#1199=LINE('',#9186,#1904);
#1200=LINE('',#9188,#1905);
#1201=LINE('',#9190,#1906);
#1202=LINE('',#9192,#1907);
#1203=LINE('',#9194,#1908);
#1204=LINE('',#9196,#1909);
#1205=LINE('',#9198,#1910);
#1206=LINE('',#9199,#1911);
#1207=LINE('',#9204,#1912);
#1208=LINE('',#9207,#1913);
#1209=LINE('',#9210,#1914);
#1210=LINE('',#9212,#1915);
#1211=LINE('',#9214,#1916);
#1212=LINE('',#9215,#1917);
#1213=LINE('',#9218,#1918);
#1214=LINE('',#9220,#1919);
#1215=LINE('',#9222,#1920);
#1216=LINE('',#9223,#1921);
#1217=LINE('',#9226,#1922);
#1218=LINE('',#9228,#1923);
#1219=LINE('',#9232,#1924);
#1220=LINE('',#9233,#1925);
#1221=LINE('',#9236,#1926);
#1222=LINE('',#9239,#1927);
#1223=LINE('',#9242,#1928);
#1224=LINE('',#9244,#1929);
#1225=LINE('',#9245,#1930);
#1226=LINE('',#9248,#1931);
#1227=LINE('',#9254,#1932);
#1228=LINE('',#9259,#1933);
#1229=LINE('',#9261,#1934);
#1230=LINE('',#9263,#1935);
#1231=LINE('',#9265,#1936);
#1232=LINE('',#9266,#1937);
#1233=LINE('',#9269,#1938);
#1234=LINE('',#9275,#1939);
#1235=LINE('',#9280,#1940);
#1236=LINE('',#9282,#1941);
#1237=LINE('',#9284,#1942);
#1238=LINE('',#9286,#1943);
#1239=LINE('',#9287,#1944);
#1240=LINE('',#9290,#1945);
#1241=LINE('',#9296,#1946);
#1242=LINE('',#9301,#1947);
#1243=LINE('',#9303,#1948);
#1244=LINE('',#9305,#1949);
#1245=LINE('',#9307,#1950);
#1246=LINE('',#9313,#1951);
#1247=LINE('',#9318,#1952);
#1248=LINE('',#9325,#1953);
#1249=LINE('',#9335,#1954);
#1250=LINE('',#9339,#1955);
#1251=LINE('',#9349,#1956);
#1252=LINE('',#9350,#1957);
#1253=LINE('',#9351,#1958);
#1254=LINE('',#9354,#1959);
#1255=LINE('',#9355,#1960);
#1256=LINE('',#9356,#1961);
#1257=LINE('',#9358,#1962);
#1258=LINE('',#9362,#1963);
#1259=LINE('',#9364,#1964);
#1260=LINE('',#9365,#1965);
#1261=LINE('',#9368,#1966);
#1262=LINE('',#9370,#1967);
#1263=LINE('',#9372,#1968);
#1264=LINE('',#9374,#1969);
#1265=LINE('',#9375,#1970);
#1266=LINE('',#9378,#1971);
#1267=LINE('',#9379,#1972);
#1268=LINE('',#9380,#1973);
#1269=LINE('',#9383,#1974);
#1270=LINE('',#9384,#1975);
#1271=LINE('',#9385,#1976);
#1272=LINE('',#9387,#1977);
#1273=LINE('',#9391,#1978);
#1274=LINE('',#9393,#1979);
#1275=LINE('',#9394,#1980);
#1276=LINE('',#9397,#1981);
#1277=LINE('',#9399,#1982);
#1278=LINE('',#9401,#1983);
#1279=LINE('',#9403,#1984);
#1280=LINE('',#9404,#1985);
#1281=LINE('',#9408,#1986);
#1282=LINE('',#9412,#1987);
#1283=LINE('',#9417,#1988);
#1284=LINE('',#9418,#1989);
#1285=LINE('',#9419,#1990);
#1286=LINE('',#9423,#1991);
#1287=LINE('',#9427,#1992);
#1288=LINE('',#9428,#1993);
#1289=LINE('',#9431,#1994);
#1290=LINE('',#9433,#1995);
#1291=LINE('',#9434,#1996);
#1292=LINE('',#9437,#1997);
#1293=LINE('',#9442,#1998);
#1294=LINE('',#9444,#1999);
#1295=LINE('',#9448,#2000);
#1296=LINE('',#9451,#2001);
#1297=LINE('',#9456,#2002);
#1298=LINE('',#9459,#2003);
#1299=LINE('',#9462,#2004);
#1300=LINE('',#9464,#2005);
#1301=LINE('',#9468,#2006);
#1302=LINE('',#9469,#2007);
#1303=LINE('',#9473,#2008);
#1304=LINE('',#9477,#2009);
#1305=LINE('',#9478,#2010);
#1306=LINE('',#9480,#2011);
#1307=LINE('',#9483,#2012);
#1308=LINE('',#9488,#2013);
#1309=LINE('',#9491,#2014);
#1310=LINE('',#9495,#2015);
#1311=LINE('',#9496,#2016);
#1312=LINE('',#9497,#2017);
#1313=LINE('',#9500,#2018);
#1314=LINE('',#9503,#2019);
#1315=LINE('',#9505,#2020);
#1316=LINE('',#9509,#2021);
#1317=LINE('',#9513,#2022);
#1318=LINE('',#9517,#2023);
#1319=LINE('',#9519,#2024);
#1320=LINE('',#9523,#2025);
#1321=LINE('',#9524,#2026);
#1322=LINE('',#9527,#2027);
#1323=LINE('',#9530,#2028);
#1324=LINE('',#9532,#2029);
#1325=LINE('',#9533,#2030);
#1326=LINE('',#9535,#2031);
#1327=LINE('',#9540,#2032);
#1328=LINE('',#9544,#2033);
#1329=LINE('',#9549,#2034);
#1330=LINE('',#9553,#2035);
#1331=LINE('',#9555,#2036);
#1332=LINE('',#9557,#2037);
#1333=LINE('',#9561,#2038);
#1334=LINE('',#9562,#2039);
#1335=LINE('',#9566,#2040);
#1336=LINE('',#9570,#2041);
#1337=LINE('',#9575,#2042);
#1338=LINE('',#9576,#2043);
#1339=LINE('',#9577,#2044);
#1340=LINE('',#9581,#2045);
#1341=LINE('',#9585,#2046);
#1342=LINE('',#9586,#2047);
#1343=LINE('',#9589,#2048);
#1344=LINE('',#9591,#2049);
#1345=LINE('',#9592,#2050);
#1346=LINE('',#9595,#2051);
#1347=LINE('',#9600,#2052);
#1348=LINE('',#9602,#2053);
#1349=LINE('',#9604,#2054);
#1350=LINE('',#9606,#2055);
#1351=LINE('',#9608,#2056);
#1352=LINE('',#9610,#2057);
#1353=LINE('',#9614,#2058);
#1354=LINE('',#9616,#2059);
#1355=LINE('',#9617,#2060);
#1356=LINE('',#9620,#2061);
#1357=LINE('',#9624,#2062);
#1358=LINE('',#9630,#2063);
#1359=LINE('',#9633,#2064);
#1360=LINE('',#9636,#2065);
#1361=LINE('',#9638,#2066);
#1362=LINE('',#9640,#2067);
#1363=LINE('',#9642,#2068);
#1364=LINE('',#9644,#2069);
#1365=LINE('',#9645,#2070);
#1366=LINE('',#9650,#2071);
#1367=LINE('',#9652,#2072);
#1368=LINE('',#9654,#2073);
#1369=LINE('',#9656,#2074);
#1370=LINE('',#9658,#2075);
#1371=LINE('',#9662,#2076);
#1372=LINE('',#9664,#2077);
#1373=LINE('',#9666,#2078);
#1374=LINE('',#9668,#2079);
#1375=LINE('',#9669,#2080);
#1376=LINE('',#9672,#2081);
#1377=LINE('',#9676,#2082);
#1378=LINE('',#9680,#2083);
#1379=LINE('',#9682,#2084);
#1380=LINE('',#9683,#2085);
#1381=LINE('',#9686,#2086);
#1382=LINE('',#9690,#2087);
#1383=LINE('',#9691,#2088);
#1384=LINE('',#9696,#2089);
#1385=LINE('',#9699,#2090);
#1386=LINE('',#9702,#2091);
#1387=LINE('',#9703,#2092);
#1388=LINE('',#9706,#2093);
#1389=LINE('',#9708,#2094);
#1390=LINE('',#9709,#2095);
#1391=LINE('',#9712,#2096);
#1392=LINE('',#9716,#2097);
#1393=LINE('',#9717,#2098);
#1394=LINE('',#9722,#2099);
#1395=LINE('',#9725,#2100);
#1396=LINE('',#9728,#2101);
#1397=LINE('',#9729,#2102);
#1398=LINE('',#9732,#2103);
#1399=LINE('',#9734,#2104);
#1400=LINE('',#9738,#2105);
#1401=LINE('',#9739,#2106);
#1402=LINE('',#9742,#2107);
#1403=LINE('',#9745,#2108);
#1404=LINE('',#9748,#2109);
#1405=LINE('',#9750,#2110);
#1406=LINE('',#9751,#2111);
#1407=LINE('',#9754,#2112);
#1408=LINE('',#9759,#2113);
#1409=LINE('',#9761,#2114);
#1410=LINE('',#9764,#2115);
#1411=LINE('',#9765,#2116);
#1412=LINE('',#9769,#2117);
#1413=LINE('',#9772,#2118);
#1414=LINE('',#9774,#2119);
#1415=LINE('',#9776,#2120);
#1416=LINE('',#9778,#2121);
#1417=LINE('',#9779,#2122);
#1418=LINE('',#9782,#2123);
#1419=LINE('',#9784,#2124);
#1420=LINE('',#9786,#2125);
#1421=LINE('',#9788,#2126);
#1422=LINE('',#9790,#2127);
#1423=LINE('',#9791,#2128);
#1424=LINE('',#9794,#2129);
#1425=LINE('',#9796,#2130);
#1426=LINE('',#9798,#2131);
#1427=LINE('',#9799,#2132);
#1428=LINE('',#9803,#2133);
#1429=LINE('',#9805,#2134);
#1430=LINE('',#9808,#2135);
#1431=LINE('',#9809,#2136);
#1432=LINE('',#9813,#2137);
#1433=LINE('',#9816,#2138);
#1434=LINE('',#9818,#2139);
#1435=LINE('',#9820,#2140);
#1436=LINE('',#9822,#2141);
#1437=LINE('',#9824,#2142);
#1438=LINE('',#9826,#2143);
#1439=LINE('',#9827,#2144);
#1440=LINE('',#9830,#2145);
#1441=LINE('',#9831,#2146);
#1442=LINE('',#9834,#2147);
#1443=LINE('',#9836,#2148);
#1444=LINE('',#9838,#2149);
#1445=LINE('',#9840,#2150);
#1446=LINE('',#9842,#2151);
#1447=LINE('',#9843,#2152);
#1448=LINE('',#9847,#2153);
#1449=LINE('',#9849,#2154);
#1450=LINE('',#9851,#2155);
#1451=LINE('',#9852,#2156);
#1452=LINE('',#9855,#2157);
#1453=LINE('',#9859,#2158);
#1454=LINE('',#9860,#2159);
#1455=LINE('',#9862,#2160);
#1456=LINE('',#9865,#2161);
#1457=LINE('',#9866,#2162);
#1458=LINE('',#9870,#2163);
#1459=LINE('',#9876,#2164);
#1460=LINE('',#9877,#2165);
#1461=LINE('',#9878,#2166);
#1462=LINE('',#9882,#2167);
#1463=LINE('',#9885,#2168);
#1464=LINE('',#9889,#2169);
#1465=LINE('',#9891,#2170);
#1466=LINE('',#9893,#2171);
#1467=LINE('',#9894,#2172);
#1468=LINE('',#9898,#2173);
#1469=LINE('',#9900,#2174);
#1470=LINE('',#9901,#2175);
#1471=LINE('',#9903,#2176);
#1472=LINE('',#9905,#2177);
#1473=LINE('',#9906,#2178);
#1474=LINE('',#9909,#2179);
#1475=LINE('',#9911,#2180);
#1476=LINE('',#9912,#2181);
#1477=LINE('',#9914,#2182);
#1478=LINE('',#9916,#2183);
#1479=LINE('',#9918,#2184);
#1480=LINE('',#9920,#2185);
#1481=LINE('',#9921,#2186);
#1482=LINE('',#9924,#2187);
#1483=LINE('',#9926,#2188);
#1484=LINE('',#9928,#2189);
#1485=LINE('',#9930,#2190);
#1486=LINE('',#9931,#2191);
#1487=LINE('',#9934,#2192);
#1488=LINE('',#9935,#2193);
#1489=LINE('',#9938,#2194);
#1490=LINE('',#9940,#2195);
#1491=LINE('',#9942,#2196);
#1492=LINE('',#9943,#2197);
#1493=LINE('',#9946,#2198);
#1494=LINE('',#9947,#2199);
#1495=LINE('',#9950,#2200);
#1496=LINE('',#9951,#2201);
#1497=LINE('',#9953,#2202);
#1498=LINE('',#9956,#2203);
#1499=LINE('',#9958,#2204);
#1500=LINE('',#9960,#2205);
#1501=LINE('',#9961,#2206);
#1502=LINE('',#9964,#2207);
#1503=LINE('',#9965,#2208);
#1504=LINE('',#9968,#2209);
#1505=LINE('',#9970,#2210);
#1506=LINE('',#9971,#2211);
#1507=LINE('',#9976,#2212);
#1508=LINE('',#9982,#2213);
#1509=LINE('',#9991,#2214);
#1510=LINE('',#9995,#2215);
#1511=LINE('',#10001,#2216);
#1512=LINE('',#10005,#2217);
#1513=LINE('',#10011,#2218);
#1514=LINE('',#10015,#2219);
#1515=LINE('',#10019,#2220);
#1516=LINE('',#10020,#2221);
#1517=LINE('',#10021,#2222);
#1518=LINE('',#10024,#2223);
#1519=LINE('',#10025,#2224);
#1520=LINE('',#10027,#2225);
#1521=LINE('',#10028,#2226);
#1522=LINE('',#10041,#2227);
#1523=LINE('',#10044,#2228);
#1524=LINE('',#10045,#2229);
#1525=LINE('',#10048,#2230);
#1526=LINE('',#10049,#2231);
#1527=LINE('',#10051,#2232);
#1528=LINE('',#10052,#2233);
#1529=LINE('',#10067,#2234);
#1530=LINE('',#10068,#2235);
#1531=LINE('',#10071,#2236);
#1532=LINE('',#10073,#2237);
#1533=LINE('',#10075,#2238);
#1534=LINE('',#10077,#2239);
#1535=LINE('',#10079,#2240);
#1536=LINE('',#10080,#2241);
#1537=LINE('',#10082,#2242);
#1538=LINE('',#10086,#2243);
#1539=LINE('',#10088,#2244);
#1540=LINE('',#10090,#2245);
#1541=LINE('',#10091,#2246);
#1542=LINE('',#10094,#2247);
#1543=LINE('',#10096,#2248);
#1544=LINE('',#10097,#2249);
#1545=LINE('',#10100,#2250);
#1546=LINE('',#10101,#2251);
#1547=LINE('',#10104,#2252);
#1548=LINE('',#10105,#2253);
#1549=LINE('',#10108,#2254);
#1550=LINE('',#10109,#2255);
#1551=LINE('',#10112,#2256);
#1552=LINE('',#10113,#2257);
#1553=LINE('',#10115,#2258);
#1554=LINE('',#10118,#2259);
#1555=LINE('',#10120,#2260);
#1556=LINE('',#10122,#2261);
#1557=LINE('',#10124,#2262);
#1558=LINE('',#10125,#2263);
#1559=LINE('',#10128,#2264);
#1560=LINE('',#10129,#2265);
#1561=LINE('',#10132,#2266);
#1562=LINE('',#10134,#2267);
#1563=LINE('',#10136,#2268);
#1564=LINE('',#10137,#2269);
#1565=LINE('',#10141,#2270);
#1566=LINE('',#10151,#2271);
#1567=LINE('',#10153,#2272);
#1568=LINE('',#10159,#2273);
#1569=LINE('',#10163,#2274);
#1570=LINE('',#10169,#2275);
#1571=LINE('',#10171,#2276);
#1572=LINE('',#10183,#2277);
#1573=LINE('',#10191,#2278);
#1574=LINE('',#10194,#2279);
#1575=LINE('',#10199,#2280);
#1576=LINE('',#10202,#2281);
#1577=LINE('',#10205,#2282);
#1578=LINE('',#10206,#2283);
#1579=LINE('',#10209,#2284);
#1580=LINE('',#10210,#2285);
#1581=LINE('',#10213,#2286);
#1582=LINE('',#10214,#2287);
#1583=LINE('',#10217,#2288);
#1584=LINE('',#10218,#2289);
#1585=LINE('',#10222,#2290);
#1586=LINE('',#10223,#2291);
#1587=LINE('',#10224,#2292);
#1588=LINE('',#10228,#2293);
#1589=LINE('',#10229,#2294);
#1590=LINE('',#10230,#2295);
#1591=LINE('',#10233,#2296);
#1592=LINE('',#10234,#2297);
#1593=LINE('',#10237,#2298);
#1594=LINE('',#10238,#2299);
#1595=LINE('',#10241,#2300);
#1596=LINE('',#10242,#2301);
#1597=LINE('',#10245,#2302);
#1598=LINE('',#10246,#2303);
#1599=LINE('',#10250,#2304);
#1600=LINE('',#10251,#2305);
#1601=LINE('',#10252,#2306);
#1602=LINE('',#10256,#2307);
#1603=LINE('',#10257,#2308);
#1604=LINE('',#10258,#2309);
#1605=LINE('',#10261,#2310);
#1606=LINE('',#10263,#2311);
#1607=LINE('',#10264,#2312);
#1608=LINE('',#10267,#2313);
#1609=LINE('',#10269,#2314);
#1610=LINE('',#10270,#2315);
#1611=LINE('',#10272,#2316);
#1612=LINE('',#10273,#2317);
#1613=LINE('',#10275,#2318);
#1614=LINE('',#10278,#2319);
#1615=LINE('',#10279,#2320);
#1616=LINE('',#10281,#2321);
#1617=LINE('',#10282,#2322);
#1618=LINE('',#10284,#2323);
#1619=LINE('',#10287,#2324);
#1620=LINE('',#10288,#2325);
#1621=LINE('',#10291,#2326);
#1622=LINE('',#10293,#2327);
#1623=LINE('',#10294,#2328);
#1624=LINE('',#10297,#2329);
#1625=LINE('',#10299,#2330);
#1626=LINE('',#10300,#2331);
#1627=LINE('',#10304,#2332);
#1628=LINE('',#10306,#2333);
#1629=LINE('',#10308,#2334);
#1630=LINE('',#10310,#2335);
#1631=LINE('',#10311,#2336);
#1632=LINE('',#10317,#2337);
#1633=LINE('',#10318,#2338);
#1634=LINE('',#10323,#2339);
#1635=LINE('',#10324,#2340);
#1636=LINE('',#10327,#2341);
#1637=LINE('',#10331,#2342);
#1638=LINE('',#10335,#2343);
#1639=LINE('',#10337,#2344);
#1640=LINE('',#10338,#2345);
#1641=LINE('',#10342,#2346);
#1642=LINE('',#10344,#2347);
#1643=LINE('',#10346,#2348);
#1644=LINE('',#10348,#2349);
#1645=LINE('',#10349,#2350);
#1646=LINE('',#10353,#2351);
#1647=LINE('',#10357,#2352);
#1648=LINE('',#10362,#2353);
#1649=LINE('',#10364,#2354);
#1650=LINE('',#10369,#2355);
#1651=LINE('',#10370,#2356);
#1652=LINE('',#10373,#2357);
#1653=LINE('',#10375,#2358);
#1654=LINE('',#10376,#2359);
#1655=LINE('',#10380,#2360);
#1656=LINE('',#10382,#2361);
#1657=LINE('',#10384,#2362);
#1658=LINE('',#10386,#2363);
#1659=LINE('',#10387,#2364);
#1660=LINE('',#10393,#2365);
#1661=LINE('',#10394,#2366);
#1662=LINE('',#10399,#2367);
#1663=LINE('',#10400,#2368);
#1664=LINE('',#10403,#2369);
#1665=LINE('',#10406,#2370);
#1666=LINE('',#10409,#2371);
#1667=LINE('',#10411,#2372);
#1668=LINE('',#10412,#2373);
#1669=LINE('',#10415,#2374);
#1670=LINE('',#10417,#2375);
#1671=LINE('',#10419,#2376);
#1672=LINE('',#10421,#2377);
#1673=LINE('',#10422,#2378);
#1674=LINE('',#10424,#2379);
#1675=LINE('',#10426,#2380);
#1676=LINE('',#10429,#2381);
#1677=LINE('',#10430,#2382);
#1678=LINE('',#10433,#2383);
#1679=LINE('',#10434,#2384);
#1680=LINE('',#10437,#2385);
#1681=LINE('',#10439,#2386);
#1682=LINE('',#10440,#2387);
#1683=LINE('',#10442,#2388);
#1684=LINE('',#10443,#2389);
#1685=LINE('',#10446,#2390);
#1686=LINE('',#10450,#2391);
#1687=LINE('',#10452,#2392);
#1688=LINE('',#10453,#2393);
#1689=LINE('',#10455,#2394);
#1690=LINE('',#10456,#2395);
#1691=LINE('',#10459,#2396);
#1692=LINE('',#10463,#2397);
#1693=LINE('',#10466,#2398);
#1694=LINE('',#10468,#2399);
#1695=LINE('',#10469,#2400);
#1696=LINE('',#10472,#2401);
#1697=LINE('',#10474,#2402);
#1698=LINE('',#10475,#2403);
#1699=LINE('',#10486,#2404);
#1700=LINE('',#10488,#2405);
#1701=LINE('',#10490,#2406);
#1702=LINE('',#10492,#2407);
#1703=LINE('',#10493,#2408);
#1704=LINE('',#10496,#2409);
#1705=LINE('',#10497,#2410);
#1706=LINE('',#10500,#2411);
#1707=LINE('',#10501,#2412);
#1708=LINE('',#10503,#2413);
#1709=LINE('',#10505,#2414);
#1710=LINE('',#10507,#2415);
#1711=LINE('',#10508,#2416);
#1712=LINE('',#10511,#2417);
#1713=LINE('',#10512,#2418);
#1714=LINE('',#10514,#2419);
#1715=LINE('',#10516,#2420);
#1716=LINE('',#10517,#2421);
#1717=LINE('',#10519,#2422);
#1718=LINE('',#10521,#2423);
#1719=LINE('',#10525,#2424);
#1720=LINE('',#10528,#2425);
#1721=LINE('',#10532,#2426);
#1722=LINE('',#10535,#2427);
#1723=LINE('',#10660,#2428);
#1724=LINE('',#10661,#2429);
#1725=LINE('',#10665,#2430);
#1726=LINE('',#10666,#2431);
#1727=LINE('',#10682,#2432);
#1728=LINE('',#10693,#2433);
#1729=LINE('',#10696,#2434);
#1730=LINE('',#10699,#2435);
#1731=LINE('',#10704,#2436);
#1732=LINE('',#10707,#2437);
#1733=LINE('',#10708,#2438);
#1734=LINE('',#10711,#2439);
#1735=LINE('',#10720,#2440);
#1736=LINE('',#10723,#2441);
#1737=LINE('',#10725,#2442);
#1738=LINE('',#10727,#2443);
#1739=LINE('',#10729,#2444);
#1740=LINE('',#10730,#2445);
#1741=LINE('',#10733,#2446);
#1742=LINE('',#10734,#2447);
#1743=LINE('',#10736,#2448);
#1744=LINE('',#10739,#2449);
#1745=LINE('',#10740,#2450);
#1746=LINE('',#10742,#2451);
#1747=LINE('',#10748,#2452);
#1748=LINE('',#10749,#2453);
#1749=LINE('',#10751,#2454);
#1750=LINE('',#10752,#2455);
#1751=LINE('',#10754,#2456);
#1752=LINE('',#10756,#2457);
#1753=LINE('',#10758,#2458);
#1754=LINE('',#10762,#2459);
#1755=LINE('',#10764,#2460);
#1756=LINE('',#10765,#2461);
#1757=LINE('',#10768,#2462);
#1758=LINE('',#10769,#2463);
#1759=LINE('',#10772,#2464);
#1760=LINE('',#10773,#2465);
#1761=LINE('',#10776,#2466);
#1762=LINE('',#10778,#2467);
#1763=LINE('',#10780,#2468);
#1764=LINE('',#10782,#2469);
#1765=LINE('',#10784,#2470);
#1766=LINE('',#10786,#2471);
#1767=LINE('',#10790,#2472);
#1768=LINE('',#10792,#2473);
#1769=LINE('',#10794,#2474);
#1770=LINE('',#10796,#2475);
#1771=LINE('',#10797,#2476);
#1772=LINE('',#10800,#2477);
#1773=LINE('',#10802,#2478);
#1774=LINE('',#10804,#2479);
#1775=LINE('',#10806,#2480);
#1776=LINE('',#10808,#2481);
#1777=LINE('',#10812,#2482);
#1778=LINE('',#10814,#2483);
#1779=LINE('',#10816,#2484);
#1780=LINE('',#10818,#2485);
#1781=LINE('',#10820,#2486);
#1782=LINE('',#10821,#2487);
#1783=LINE('',#10824,#2488);
#1784=LINE('',#10826,#2489);
#1785=LINE('',#10827,#2490);
#1786=LINE('',#10831,#2491);
#1787=LINE('',#10836,#2492);
#1788=LINE('',#10837,#2493);
#1789=LINE('',#10838,#2494);
#1790=LINE('',#10843,#2495);
#1791=LINE('',#10845,#2496);
#1792=LINE('',#10850,#2497);
#1793=LINE('',#10851,#2498);
#1794=LINE('',#10852,#2499);
#1795=LINE('',#10855,#2500);
#1796=LINE('',#10859,#2501);
#1797=LINE('',#10863,#2502);
#1798=LINE('',#10866,#2503);
#1799=LINE('',#10870,#2504);
#1800=LINE('',#10871,#2505);
#1801=LINE('',#10872,#2506);
#1802=LINE('',#10875,#2507);
#1803=LINE('',#10878,#2508);
#1804=LINE('',#10880,#2509);
#1805=LINE('',#10883,#2510);
#1806=LINE('',#10885,#2511);
#1807=LINE('',#10890,#2512);
#1808=LINE('',#10891,#2513);
#1809=LINE('',#10892,#2514);
#1810=LINE('',#10895,#2515);
#1811=LINE('',#10899,#2516);
#1812=LINE('',#10903,#2517);
#1813=LINE('',#10904,#2518);
#1814=LINE('',#10905,#2519);
#1815=LINE('',#10909,#2520);
#1816=LINE('',#10915,#2521);
#1817=LINE('',#10918,#2522);
#1818=LINE('',#10919,#2523);
#1819=LINE('',#10921,#2524);
#1820=LINE('',#10923,#2525);
#1821=LINE('',#10928,#2526);
#1822=LINE('',#10929,#2527);
#1823=LINE('',#10930,#2528);
#1824=LINE('',#10934,#2529);
#1825=LINE('',#10940,#2530);
#1826=LINE('',#10943,#2531);
#1827=LINE('',#10944,#2532);
#1828=LINE('',#10946,#2533);
#1829=LINE('',#10948,#2534);
#1830=LINE('',#10951,#2535);
#1831=LINE('',#10952,#2536);
#1832=LINE('',#10954,#2537);
#1833=LINE('',#10958,#2538);
#1834=LINE('',#10959,#2539);
#1835=LINE('',#10960,#2540);
#1836=LINE('',#10961,#2541);
#1837=LINE('',#10963,#2542);
#1838=LINE('',#10964,#2543);
#1839=LINE('',#10966,#2544);
#1840=LINE('',#10969,#2545);
#1841=LINE('',#10975,#2546);
#1842=LINE('',#10977,#2547);
#1843=LINE('',#10978,#2548);
#1844=LINE('',#10981,#2549);
#1845=LINE('',#10985,#2550);
#1846=LINE('',#10986,#2551);
#1847=LINE('',#10989,#2552);
#1848=LINE('',#10991,#2553);
#1849=LINE('',#10992,#2554);
#1850=LINE('',#10995,#2555);
#1851=LINE('',#10996,#2556);
#1852=LINE('',#10998,#2557);
#1853=LINE('',#11000,#2558);
#1854=LINE('',#11002,#2559);
#1855=LINE('',#11003,#2560);
#1856=LINE('',#11006,#2561);
#1857=LINE('',#11007,#2562);
#1858=LINE('',#11012,#2563);
#1859=LINE('',#11016,#2564);
#1860=LINE('',#11023,#2565);
#1861=LINE('',#11024,#2566);
#1862=LINE('',#11025,#2567);
#1863=LINE('',#11028,#2568);
#1864=LINE('',#11029,#2569);
#1865=LINE('',#11032,#2570);
#1866=LINE('',#11034,#2571);
#1867=LINE('',#11040,#2572);
#1868=LINE('',#11042,#2573);
#1869=LINE('',#11044,#2574);
#1870=LINE('',#11045,#2575);
#1871=LINE('',#11049,#2576);
#1872=LINE('',#11051,#2577);
#1873=LINE('',#11053,#2578);
#1874=LINE('',#11054,#2579);
#1875=LINE('',#11059,#2580);
#1876=LINE('',#11073,#2581);
#1877=LINE('',#11080,#2582);
#1878=LINE('',#11082,#2583);
#1879=LINE('',#11085,#2584);
#1880=LINE('',#11101,#2585);
#1881=LINE('',#11103,#2586);
#1882=LINE('',#11107,#2587);
#1883=LINE('',#11109,#2588);
#1884=LINE('',#11111,#2589);
#1885=LINE('',#11113,#2590);
#1886=LINE('',#11115,#2591);
#1887=LINE('',#11117,#2592);
#1888=LINE('',#11119,#2593);
#1889=LINE('',#11121,#2594);
#1890=VECTOR('',#7233,3.5);
#1891=VECTOR('',#7244,3.5);
#1892=VECTOR('',#7253,10.);
#1893=VECTOR('',#7256,10.);
#1894=VECTOR('',#7261,10.);
#1895=VECTOR('',#7262,10.);
#1896=VECTOR('',#7263,10.);
#1897=VECTOR('',#7266,10.);
#1898=VECTOR('',#7273,10.);
#1899=VECTOR('',#7274,10.);
#1900=VECTOR('',#7277,10.);
#1901=VECTOR('',#7278,10.);
#1902=VECTOR('',#7279,10.);
#1903=VECTOR('',#7282,10.);
#1904=VECTOR('',#7287,10.);
#1905=VECTOR('',#7288,10.);
#1906=VECTOR('',#7289,10.);
#1907=VECTOR('',#7290,10.);
#1908=VECTOR('',#7291,10.);
#1909=VECTOR('',#7292,10.);
#1910=VECTOR('',#7293,10.);
#1911=VECTOR('',#7294,10.);
#1912=VECTOR('',#7297,10.);
#1913=VECTOR('',#7300,10.);
#1914=VECTOR('',#7301,10.);
#1915=VECTOR('',#7302,10.);
#1916=VECTOR('',#7303,10.);
#1917=VECTOR('',#7304,10.);
#1918=VECTOR('',#7305,10.);
#1919=VECTOR('',#7306,10.);
#1920=VECTOR('',#7307,10.);
#1921=VECTOR('',#7308,10.);
#1922=VECTOR('',#7311,10.);
#1923=VECTOR('',#7312,10.);
#1924=VECTOR('',#7317,10.);
#1925=VECTOR('',#7318,10.);
#1926=VECTOR('',#7321,10.);
#1927=VECTOR('',#7326,10.);
#1928=VECTOR('',#7329,10.);
#1929=VECTOR('',#7330,10.);
#1930=VECTOR('',#7331,10.);
#1931=VECTOR('',#7334,10.);
#1932=VECTOR('',#7341,1.825);
#1933=VECTOR('',#7346,10.);
#1934=VECTOR('',#7347,10.);
#1935=VECTOR('',#7348,10.);
#1936=VECTOR('',#7349,10.);
#1937=VECTOR('',#7350,10.);
#1938=VECTOR('',#7353,1.575);
#1939=VECTOR('',#7360,1.825);
#1940=VECTOR('',#7365,10.);
#1941=VECTOR('',#7366,10.);
#1942=VECTOR('',#7367,10.);
#1943=VECTOR('',#7368,10.);
#1944=VECTOR('',#7369,10.);
#1945=VECTOR('',#7372,1.575);
#1946=VECTOR('',#7379,1.825);
#1947=VECTOR('',#7384,10.);
#1948=VECTOR('',#7385,10.);
#1949=VECTOR('',#7386,10.);
#1950=VECTOR('',#7387,10.);
#1951=VECTOR('',#7392,10.);
#1952=VECTOR('',#7397,10.);
#1953=VECTOR('',#7404,1.575);
#1954=VECTOR('',#7415,1.825);
#1955=VECTOR('',#7420,1.575);
#1956=VECTOR('',#7431,10.);
#1957=VECTOR('',#7432,10.);
#1958=VECTOR('',#7433,10.);
#1959=VECTOR('',#7436,10.);
#1960=VECTOR('',#7437,10.);
#1961=VECTOR('',#7438,10.);
#1962=VECTOR('',#7441,10.);
#1963=VECTOR('',#7446,10.);
#1964=VECTOR('',#7447,10.);
#1965=VECTOR('',#7448,10.);
#1966=VECTOR('',#7451,10.);
#1967=VECTOR('',#7452,10.);
#1968=VECTOR('',#7453,10.);
#1969=VECTOR('',#7454,10.);
#1970=VECTOR('',#7455,10.);
#1971=VECTOR('',#7458,10.);
#1972=VECTOR('',#7459,10.);
#1973=VECTOR('',#7460,10.);
#1974=VECTOR('',#7463,10.);
#1975=VECTOR('',#7464,10.);
#1976=VECTOR('',#7465,10.);
#1977=VECTOR('',#7468,10.);
#1978=VECTOR('',#7473,10.);
#1979=VECTOR('',#7474,10.);
#1980=VECTOR('',#7475,10.);
#1981=VECTOR('',#7478,10.);
#1982=VECTOR('',#7479,10.);
#1983=VECTOR('',#7480,10.);
#1984=VECTOR('',#7481,10.);
#1985=VECTOR('',#7482,10.);
#1986=VECTOR('',#7485,10.);
#1987=VECTOR('',#7488,10.);
#1988=VECTOR('',#7493,10.);
#1989=VECTOR('',#7494,10.);
#1990=VECTOR('',#7495,10.);
#1991=VECTOR('',#7498,10.);
#1992=VECTOR('',#7505,10.);
#1993=VECTOR('',#7506,10.);
#1994=VECTOR('',#7509,10.);
#1995=VECTOR('',#7510,10.);
#1996=VECTOR('',#7511,10.);
#1997=VECTOR('',#7514,10.);
#1998=VECTOR('',#7519,10.);
#1999=VECTOR('',#7520,10.);
#2000=VECTOR('',#7523,10.);
#2001=VECTOR('',#7526,10.);
#2002=VECTOR('',#7529,10.);
#2003=VECTOR('',#7532,10.);
#2004=VECTOR('',#7535,10.);
#2005=VECTOR('',#7536,10.);
#2006=VECTOR('',#7541,10.);
#2007=VECTOR('',#7542,10.);
#2008=VECTOR('',#7545,10.);
#2009=VECTOR('',#7552,10.);
#2010=VECTOR('',#7553,10.);
#2011=VECTOR('',#7556,10.);
#2012=VECTOR('',#7559,10.);
#2013=VECTOR('',#7564,10.);
#2014=VECTOR('',#7567,10.);
#2015=VECTOR('',#7572,10.);
#2016=VECTOR('',#7573,10.);
#2017=VECTOR('',#7574,10.);
#2018=VECTOR('',#7577,10.);
#2019=VECTOR('',#7582,10.);
#2020=VECTOR('',#7585,10.);
#2021=VECTOR('',#7588,10.);
#2022=VECTOR('',#7591,10.);
#2023=VECTOR('',#7596,10.);
#2024=VECTOR('',#7597,10.);
#2025=VECTOR('',#7602,10.);
#2026=VECTOR('',#7603,10.);
#2027=VECTOR('',#7606,10.);
#2028=VECTOR('',#7611,10.);
#2029=VECTOR('',#7614,10.);
#2030=VECTOR('',#7615,10.);
#2031=VECTOR('',#7618,10.);
#2032=VECTOR('',#7623,17.75);
#2033=VECTOR('',#7628,17.5);
#2034=VECTOR('',#7633,10.);
#2035=VECTOR('',#7636,10.);
#2036=VECTOR('',#7637,10.);
#2037=VECTOR('',#7638,10.);
#2038=VECTOR('',#7641,10.);
#2039=VECTOR('',#7642,10.);
#2040=VECTOR('',#7645,10.);
#2041=VECTOR('',#7648,10.);
#2042=VECTOR('',#7653,10.);
#2043=VECTOR('',#7654,10.);
#2044=VECTOR('',#7655,10.);
#2045=VECTOR('',#7658,10.);
#2046=VECTOR('',#7665,10.);
#2047=VECTOR('',#7666,10.);
#2048=VECTOR('',#7669,10.);
#2049=VECTOR('',#7670,10.);
#2050=VECTOR('',#7671,10.);
#2051=VECTOR('',#7674,10.);
#2052=VECTOR('',#7679,10.);
#2053=VECTOR('',#7680,10.);
#2054=VECTOR('',#7681,10.);
#2055=VECTOR('',#7682,10.);
#2056=VECTOR('',#7683,10.);
#2057=VECTOR('',#7684,10.);
#2058=VECTOR('',#7687,10.);
#2059=VECTOR('',#7688,10.);
#2060=VECTOR('',#7689,10.);
#2061=VECTOR('',#7690,10.);
#2062=VECTOR('',#7693,10.);
#2063=VECTOR('',#7698,10.);
#2064=VECTOR('',#7701,10.);
#2065=VECTOR('',#7702,10.);
#2066=VECTOR('',#7703,10.);
#2067=VECTOR('',#7704,10.);
#2068=VECTOR('',#7705,10.);
#2069=VECTOR('',#7706,10.);
#2070=VECTOR('',#7707,10.);
#2071=VECTOR('',#7710,10.);
#2072=VECTOR('',#7711,10.);
#2073=VECTOR('',#7712,10.);
#2074=VECTOR('',#7713,10.);
#2075=VECTOR('',#7714,10.);
#2076=VECTOR('',#7717,10.);
#2077=VECTOR('',#7718,10.);
#2078=VECTOR('',#7719,10.);
#2079=VECTOR('',#7720,10.);
#2080=VECTOR('',#7721,10.);
#2081=VECTOR('',#7722,10.);
#2082=VECTOR('',#7725,10.);
#2083=VECTOR('',#7730,10.);
#2084=VECTOR('',#7731,10.);
#2085=VECTOR('',#7732,10.);
#2086=VECTOR('',#7735,10.);
#2087=VECTOR('',#7740,10.);
#2088=VECTOR('',#7741,10.);
#2089=VECTOR('',#7748,10.);
#2090=VECTOR('',#7751,10.);
#2091=VECTOR('',#7754,10.);
#2092=VECTOR('',#7755,10.);
#2093=VECTOR('',#7758,10.);
#2094=VECTOR('',#7759,10.);
#2095=VECTOR('',#7760,10.);
#2096=VECTOR('',#7763,10.);
#2097=VECTOR('',#7768,10.);
#2098=VECTOR('',#7769,10.);
#2099=VECTOR('',#7776,10.);
#2100=VECTOR('',#7779,10.);
#2101=VECTOR('',#7782,10.);
#2102=VECTOR('',#7783,10.);
#2103=VECTOR('',#7786,10.);
#2104=VECTOR('',#7787,10.);
#2105=VECTOR('',#7792,10.);
#2106=VECTOR('',#7793,10.);
#2107=VECTOR('',#7796,10.);
#2108=VECTOR('',#7801,10.);
#2109=VECTOR('',#7804,10.);
#2110=VECTOR('',#7805,10.);
#2111=VECTOR('',#7806,10.);
#2112=VECTOR('',#7809,10.);
#2113=VECTOR('',#7814,10.);
#2114=VECTOR('',#7817,10.);
#2115=VECTOR('',#7820,10.);
#2116=VECTOR('',#7821,10.);
#2117=VECTOR('',#7826,10.);
#2118=VECTOR('',#7829,10.);
#2119=VECTOR('',#7830,10.);
#2120=VECTOR('',#7831,10.);
#2121=VECTOR('',#7832,10.);
#2122=VECTOR('',#7833,10.);
#2123=VECTOR('',#7836,10.);
#2124=VECTOR('',#7837,10.);
#2125=VECTOR('',#7838,10.);
#2126=VECTOR('',#7839,10.);
#2127=VECTOR('',#7840,10.);
#2128=VECTOR('',#7841,10.);
#2129=VECTOR('',#7844,10.);
#2130=VECTOR('',#7845,10.);
#2131=VECTOR('',#7846,10.);
#2132=VECTOR('',#7847,10.);
#2133=VECTOR('',#7850,10.);
#2134=VECTOR('',#7853,10.);
#2135=VECTOR('',#7856,10.);
#2136=VECTOR('',#7857,10.);
#2137=VECTOR('',#7862,10.);
#2138=VECTOR('',#7865,10.);
#2139=VECTOR('',#7866,10.);
#2140=VECTOR('',#7867,10.);
#2141=VECTOR('',#7868,10.);
#2142=VECTOR('',#7869,10.);
#2143=VECTOR('',#7870,10.);
#2144=VECTOR('',#7871,10.);
#2145=VECTOR('',#7874,10.);
#2146=VECTOR('',#7875,10.);
#2147=VECTOR('',#7878,10.);
#2148=VECTOR('',#7879,10.);
#2149=VECTOR('',#7880,10.);
#2150=VECTOR('',#7881,10.);
#2151=VECTOR('',#7882,10.);
#2152=VECTOR('',#7883,10.);
#2153=VECTOR('',#7886,10.);
#2154=VECTOR('',#7887,10.);
#2155=VECTOR('',#7888,10.);
#2156=VECTOR('',#7889,10.);
#2157=VECTOR('',#7892,10.);
#2158=VECTOR('',#7899,10.);
#2159=VECTOR('',#7900,10.);
#2160=VECTOR('',#7903,10.);
#2161=VECTOR('',#7906,10.);
#2162=VECTOR('',#7907,10.);
#2163=VECTOR('',#7910,10.);
#2164=VECTOR('',#7917,10.);
#2165=VECTOR('',#7918,10.);
#2166=VECTOR('',#7919,10.);
#2167=VECTOR('',#7924,10.);
#2168=VECTOR('',#7927,10.);
#2169=VECTOR('',#7932,10.);
#2170=VECTOR('',#7933,10.);
#2171=VECTOR('',#7934,10.);
#2172=VECTOR('',#7935,10.);
#2173=VECTOR('',#7938,10.);
#2174=VECTOR('',#7939,10.);
#2175=VECTOR('',#7940,10.);
#2176=VECTOR('',#7941,10.);
#2177=VECTOR('',#7942,10.);
#2178=VECTOR('',#7943,10.);
#2179=VECTOR('',#7946,10.);
#2180=VECTOR('',#7947,10.);
#2181=VECTOR('',#7948,10.);
#2182=VECTOR('',#7951,10.);
#2183=VECTOR('',#7952,10.);
#2184=VECTOR('',#7953,10.);
#2185=VECTOR('',#7954,10.);
#2186=VECTOR('',#7955,10.);
#2187=VECTOR('',#7958,10.);
#2188=VECTOR('',#7959,10.);
#2189=VECTOR('',#7960,10.);
#2190=VECTOR('',#7961,10.);
#2191=VECTOR('',#7962,10.);
#2192=VECTOR('',#7965,10.);
#2193=VECTOR('',#7966,10.);
#2194=VECTOR('',#7969,10.);
#2195=VECTOR('',#7970,10.);
#2196=VECTOR('',#7971,10.);
#2197=VECTOR('',#7972,10.);
#2198=VECTOR('',#7975,10.);
#2199=VECTOR('',#7976,10.);
#2200=VECTOR('',#7979,10.);
#2201=VECTOR('',#7980,10.);
#2202=VECTOR('',#7983,10.);
#2203=VECTOR('',#7986,10.);
#2204=VECTOR('',#7987,10.);
#2205=VECTOR('',#7988,10.);
#2206=VECTOR('',#7989,10.);
#2207=VECTOR('',#7992,10.);
#2208=VECTOR('',#7993,10.);
#2209=VECTOR('',#7996,10.);
#2210=VECTOR('',#7997,10.);
#2211=VECTOR('',#7998,10.);
#2212=VECTOR('',#8003,2.35);
#2213=VECTOR('',#8010,2.1);
#2214=VECTOR('',#8019,10.);
#2215=VECTOR('',#8022,10.);
#2216=VECTOR('',#8027,10.);
#2217=VECTOR('',#8030,10.);
#2218=VECTOR('',#8035,10.);
#2219=VECTOR('',#8038,10.);
#2220=VECTOR('',#8043,10.);
#2221=VECTOR('',#8044,10.);
#2222=VECTOR('',#8045,10.);
#2223=VECTOR('',#8048,10.);
#2224=VECTOR('',#8049,10.);
#2225=VECTOR('',#8052,10.);
#2226=VECTOR('',#8053,10.);
#2227=VECTOR('',#8062,10.);
#2228=VECTOR('',#8065,10.);
#2229=VECTOR('',#8066,10.);
#2230=VECTOR('',#8069,10.);
#2231=VECTOR('',#8070,10.);
#2232=VECTOR('',#8073,10.);
#2233=VECTOR('',#8074,10.);
#2234=VECTOR('',#8085,10.);
#2235=VECTOR('',#8086,10.);
#2236=VECTOR('',#8089,10.);
#2237=VECTOR('',#8090,10.);
#2238=VECTOR('',#8091,10.);
#2239=VECTOR('',#8092,10.);
#2240=VECTOR('',#8093,10.);
#2241=VECTOR('',#8094,10.);
#2242=VECTOR('',#8097,10.);
#2243=VECTOR('',#8102,10.);
#2244=VECTOR('',#8103,10.);
#2245=VECTOR('',#8104,10.);
#2246=VECTOR('',#8105,10.);
#2247=VECTOR('',#8108,10.);
#2248=VECTOR('',#8109,10.);
#2249=VECTOR('',#8110,10.);
#2250=VECTOR('',#8113,10.);
#2251=VECTOR('',#8114,10.);
#2252=VECTOR('',#8117,10.);
#2253=VECTOR('',#8118,10.);
#2254=VECTOR('',#8121,10.);
#2255=VECTOR('',#8122,10.);
#2256=VECTOR('',#8125,10.);
#2257=VECTOR('',#8126,10.);
#2258=VECTOR('',#8129,10.);
#2259=VECTOR('',#8132,10.);
#2260=VECTOR('',#8133,10.);
#2261=VECTOR('',#8134,10.);
#2262=VECTOR('',#8135,10.);
#2263=VECTOR('',#8136,10.);
#2264=VECTOR('',#8139,10.);
#2265=VECTOR('',#8140,10.);
#2266=VECTOR('',#8143,10.);
#2267=VECTOR('',#8144,10.);
#2268=VECTOR('',#8145,10.);
#2269=VECTOR('',#8146,10.);
#2270=VECTOR('',#8151,17.75);
#2271=VECTOR('',#8160,10.);
#2272=VECTOR('',#8161,10.);
#2273=VECTOR('',#8166,10.);
#2274=VECTOR('',#8169,10.);
#2275=VECTOR('',#8174,10.);
#2276=VECTOR('',#8175,10.);
#2277=VECTOR('',#8186,10.);
#2278=VECTOR('',#8193,10.);
#2279=VECTOR('',#8196,10.);
#2280=VECTOR('',#8199,10.);
#2281=VECTOR('',#8202,10.);
#2282=VECTOR('',#8205,10.);
#2283=VECTOR('',#8206,10.);
#2284=VECTOR('',#8209,10.);
#2285=VECTOR('',#8210,10.);
#2286=VECTOR('',#8213,10.);
#2287=VECTOR('',#8214,10.);
#2288=VECTOR('',#8217,10.);
#2289=VECTOR('',#8218,10.);
#2290=VECTOR('',#8221,10.);
#2291=VECTOR('',#8222,10.);
#2292=VECTOR('',#8223,10.);
#2293=VECTOR('',#8226,10.);
#2294=VECTOR('',#8227,10.);
#2295=VECTOR('',#8228,10.);
#2296=VECTOR('',#8231,10.);
#2297=VECTOR('',#8232,10.);
#2298=VECTOR('',#8235,10.);
#2299=VECTOR('',#8236,10.);
#2300=VECTOR('',#8239,10.);
#2301=VECTOR('',#8240,10.);
#2302=VECTOR('',#8243,10.);
#2303=VECTOR('',#8244,10.);
#2304=VECTOR('',#8247,10.);
#2305=VECTOR('',#8248,10.);
#2306=VECTOR('',#8249,10.);
#2307=VECTOR('',#8252,10.);
#2308=VECTOR('',#8253,10.);
#2309=VECTOR('',#8254,10.);
#2310=VECTOR('',#8257,10.);
#2311=VECTOR('',#8258,10.);
#2312=VECTOR('',#8259,10.);
#2313=VECTOR('',#8262,10.);
#2314=VECTOR('',#8263,10.);
#2315=VECTOR('',#8264,10.);
#2316=VECTOR('',#8267,10.);
#2317=VECTOR('',#8268,10.);
#2318=VECTOR('',#8271,10.);
#2319=VECTOR('',#8274,10.);
#2320=VECTOR('',#8275,10.);
#2321=VECTOR('',#8278,10.);
#2322=VECTOR('',#8279,10.);
#2323=VECTOR('',#8282,10.);
#2324=VECTOR('',#8285,10.);
#2325=VECTOR('',#8286,10.);
#2326=VECTOR('',#8289,10.);
#2327=VECTOR('',#8290,10.);
#2328=VECTOR('',#8291,10.);
#2329=VECTOR('',#8294,10.);
#2330=VECTOR('',#8295,10.);
#2331=VECTOR('',#8296,10.);
#2332=VECTOR('',#8299,10.);
#2333=VECTOR('',#8300,10.);
#2334=VECTOR('',#8301,10.);
#2335=VECTOR('',#8302,10.);
#2336=VECTOR('',#8303,10.);
#2337=VECTOR('',#8308,10.);
#2338=VECTOR('',#8309,10.);
#2339=VECTOR('',#8314,10.);
#2340=VECTOR('',#8315,10.);
#2341=VECTOR('',#8320,10.);
#2342=VECTOR('',#8325,10.);
#2343=VECTOR('',#8330,10.);
#2344=VECTOR('',#8331,10.);
#2345=VECTOR('',#8332,10.);
#2346=VECTOR('',#8335,10.);
#2347=VECTOR('',#8336,10.);
#2348=VECTOR('',#8337,10.);
#2349=VECTOR('',#8338,10.);
#2350=VECTOR('',#8339,10.);
#2351=VECTOR('',#8344,10.);
#2352=VECTOR('',#8349,10.);
#2353=VECTOR('',#8354,10.);
#2354=VECTOR('',#8355,10.);
#2355=VECTOR('',#8362,10.);
#2356=VECTOR('',#8363,10.);
#2357=VECTOR('',#8366,10.);
#2358=VECTOR('',#8367,10.);
#2359=VECTOR('',#8368,10.);
#2360=VECTOR('',#8371,10.);
#2361=VECTOR('',#8372,10.);
#2362=VECTOR('',#8373,10.);
#2363=VECTOR('',#8374,10.);
#2364=VECTOR('',#8375,10.);
#2365=VECTOR('',#8380,10.);
#2366=VECTOR('',#8381,10.);
#2367=VECTOR('',#8386,10.);
#2368=VECTOR('',#8387,10.);
#2369=VECTOR('',#8392,10.);
#2370=VECTOR('',#8397,10.);
#2371=VECTOR('',#8400,10.);
#2372=VECTOR('',#8401,10.);
#2373=VECTOR('',#8402,10.);
#2374=VECTOR('',#8405,10.);
#2375=VECTOR('',#8406,10.);
#2376=VECTOR('',#8407,10.);
#2377=VECTOR('',#8408,10.);
#2378=VECTOR('',#8409,10.);
#2379=VECTOR('',#8412,10.);
#2380=VECTOR('',#8415,10.);
#2381=VECTOR('',#8418,10.);
#2382=VECTOR('',#8419,10.);
#2383=VECTOR('',#8422,10.);
#2384=VECTOR('',#8423,10.);
#2385=VECTOR('',#8426,10.);
#2386=VECTOR('',#8427,10.);
#2387=VECTOR('',#8428,10.);
#2388=VECTOR('',#8431,10.);
#2389=VECTOR('',#8432,10.);
#2390=VECTOR('',#8435,10.);
#2391=VECTOR('',#8440,10.);
#2392=VECTOR('',#8443,10.);
#2393=VECTOR('',#8444,10.);
#2394=VECTOR('',#8447,10.);
#2395=VECTOR('',#8448,10.);
#2396=VECTOR('',#8451,10.);
#2397=VECTOR('',#8456,10.);
#2398=VECTOR('',#8459,10.);
#2399=VECTOR('',#8460,10.);
#2400=VECTOR('',#8461,10.);
#2401=VECTOR('',#8464,10.);
#2402=VECTOR('',#8465,10.);
#2403=VECTOR('',#8466,10.);
#2404=VECTOR('',#8485,10.);
#2405=VECTOR('',#8486,10.);
#2406=VECTOR('',#8487,10.);
#2407=VECTOR('',#8488,10.);
#2408=VECTOR('',#8489,10.);
#2409=VECTOR('',#8492,10.);
#2410=VECTOR('',#8493,10.);
#2411=VECTOR('',#8496,10.);
#2412=VECTOR('',#8497,10.);
#2413=VECTOR('',#8500,10.);
#2414=VECTOR('',#8501,10.);
#2415=VECTOR('',#8502,10.);
#2416=VECTOR('',#8503,10.);
#2417=VECTOR('',#8506,10.);
#2418=VECTOR('',#8507,10.);
#2419=VECTOR('',#8510,10.);
#2420=VECTOR('',#8513,10.);
#2421=VECTOR('',#8514,10.);
#2422=VECTOR('',#8517,10.);
#2423=VECTOR('',#8520,10.);
#2424=VECTOR('',#8527,10.);
#2425=VECTOR('',#8532,10.);
#2426=VECTOR('',#8539,10.);
#2427=VECTOR('',#8544,10.);
#2428=VECTOR('',#8571,10.);
#2429=VECTOR('',#8572,10.);
#2430=VECTOR('',#8579,10.);
#2431=VECTOR('',#8580,10.);
#2432=VECTOR('',#8605,10.);
#2433=VECTOR('',#8620,2.55);
#2434=VECTOR('',#8625,3.);
#2435=VECTOR('',#8628,10.);
#2436=VECTOR('',#8633,10.);
#2437=VECTOR('',#8636,10.);
#2438=VECTOR('',#8637,10.);
#2439=VECTOR('',#8640,10.);
#2440=VECTOR('',#8653,10.);
#2441=VECTOR('',#8656,10.);
#2442=VECTOR('',#8657,10.);
#2443=VECTOR('',#8658,10.);
#2444=VECTOR('',#8659,10.);
#2445=VECTOR('',#8660,10.);
#2446=VECTOR('',#8663,10.);
#2447=VECTOR('',#8664,10.);
#2448=VECTOR('',#8667,10.);
#2449=VECTOR('',#8672,10.);
#2450=VECTOR('',#8673,10.);
#2451=VECTOR('',#8676,10.);
#2452=VECTOR('',#8685,10.);
#2453=VECTOR('',#8686,10.);
#2454=VECTOR('',#8687,10.);
#2455=VECTOR('',#8688,10.);
#2456=VECTOR('',#8691,2.1);
#2457=VECTOR('',#8694,2.1);
#2458=VECTOR('',#8697,2.1);
#2459=VECTOR('',#8702,10.);
#2460=VECTOR('',#8703,10.);
#2461=VECTOR('',#8704,10.);
#2462=VECTOR('',#8707,10.);
#2463=VECTOR('',#8708,10.);
#2464=VECTOR('',#8711,10.);
#2465=VECTOR('',#8712,10.);
#2466=VECTOR('',#8715,10.);
#2467=VECTOR('',#8716,10.);
#2468=VECTOR('',#8717,10.);
#2469=VECTOR('',#8718,10.);
#2470=VECTOR('',#8719,10.);
#2471=VECTOR('',#8720,10.);
#2472=VECTOR('',#8723,10.);
#2473=VECTOR('',#8724,10.);
#2474=VECTOR('',#8725,10.);
#2475=VECTOR('',#8726,10.);
#2476=VECTOR('',#8727,10.);
#2477=VECTOR('',#8730,10.);
#2478=VECTOR('',#8731,10.);
#2479=VECTOR('',#8732,10.);
#2480=VECTOR('',#8733,10.);
#2481=VECTOR('',#8734,10.);
#2482=VECTOR('',#8737,10.);
#2483=VECTOR('',#8738,10.);
#2484=VECTOR('',#8739,10.);
#2485=VECTOR('',#8740,10.);
#2486=VECTOR('',#8741,10.);
#2487=VECTOR('',#8742,10.);
#2488=VECTOR('',#8745,10.);
#2489=VECTOR('',#8746,10.);
#2490=VECTOR('',#8747,10.);
#2491=VECTOR('',#8750,10.);
#2492=VECTOR('',#8757,10.);
#2493=VECTOR('',#8758,10.);
#2494=VECTOR('',#8759,10.);
#2495=VECTOR('',#8766,10.);
#2496=VECTOR('',#8767,10.);
#2497=VECTOR('',#8772,10.);
#2498=VECTOR('',#8773,10.);
#2499=VECTOR('',#8774,10.);
#2500=VECTOR('',#8777,10.);
#2501=VECTOR('',#8784,10.);
#2502=VECTOR('',#8787,10.);
#2503=VECTOR('',#8790,10.);
#2504=VECTOR('',#8795,10.);
#2505=VECTOR('',#8796,10.);
#2506=VECTOR('',#8797,10.);
#2507=VECTOR('',#8800,10.);
#2508=VECTOR('',#8805,10.);
#2509=VECTOR('',#8808,10.);
#2510=VECTOR('',#8811,10.);
#2511=VECTOR('',#8812,10.);
#2512=VECTOR('',#8817,10.);
#2513=VECTOR('',#8818,10.);
#2514=VECTOR('',#8819,10.);
#2515=VECTOR('',#8822,10.);
#2516=VECTOR('',#8829,10.);
#2517=VECTOR('',#8832,10.);
#2518=VECTOR('',#8833,10.);
#2519=VECTOR('',#8834,10.);
#2520=VECTOR('',#8839,10.);
#2521=VECTOR('',#8848,10.);
#2522=VECTOR('',#8853,10.);
#2523=VECTOR('',#8854,10.);
#2524=VECTOR('',#8857,10.);
#2525=VECTOR('',#8860,10.);
#2526=VECTOR('',#8865,10.);
#2527=VECTOR('',#8866,10.);
#2528=VECTOR('',#8867,10.);
#2529=VECTOR('',#8872,10.);
#2530=VECTOR('',#8881,10.);
#2531=VECTOR('',#8886,10.);
#2532=VECTOR('',#8887,10.);
#2533=VECTOR('',#8890,10.);
#2534=VECTOR('',#8893,10.);
#2535=VECTOR('',#8898,10.);
#2536=VECTOR('',#8899,10.);
#2537=VECTOR('',#8902,10.);
#2538=VECTOR('',#8907,10.);
#2539=VECTOR('',#8908,10.);
#2540=VECTOR('',#8909,10.);
#2541=VECTOR('',#8910,10.);
#2542=VECTOR('',#8911,10.);
#2543=VECTOR('',#8912,10.);
#2544=VECTOR('',#8915,10.);
#2545=VECTOR('',#8920,10.);
#2546=VECTOR('',#8929,10.);
#2547=VECTOR('',#8930,10.);
#2548=VECTOR('',#8931,10.);
#2549=VECTOR('',#8934,10.);
#2550=VECTOR('',#8939,10.);
#2551=VECTOR('',#8940,10.);
#2552=VECTOR('',#8943,10.);
#2553=VECTOR('',#8944,10.);
#2554=VECTOR('',#8945,10.);
#2555=VECTOR('',#8948,10.);
#2556=VECTOR('',#8949,10.);
#2557=VECTOR('',#8952,10.);
#2558=VECTOR('',#8955,10.);
#2559=VECTOR('',#8958,10.);
#2560=VECTOR('',#8959,10.);
#2561=VECTOR('',#8962,10.);
#2562=VECTOR('',#8963,10.);
#2563=VECTOR('',#8970,10.);
#2564=VECTOR('',#8977,10.);
#2565=VECTOR('',#8988,10.);
#2566=VECTOR('',#8989,10.);
#2567=VECTOR('',#8990,10.);
#2568=VECTOR('',#8993,10.);
#2569=VECTOR('',#8994,10.);
#2570=VECTOR('',#8999,10.);
#2571=VECTOR('',#9002,10.);
#2572=VECTOR('',#9009,10.);
#2573=VECTOR('',#9010,10.);
#2574=VECTOR('',#9011,10.);
#2575=VECTOR('',#9012,10.);
#2576=VECTOR('',#9015,10.);
#2577=VECTOR('',#9016,10.);
#2578=VECTOR('',#9017,10.);
#2579=VECTOR('',#9018,10.);
#2580=VECTOR('',#9023,10.);
#2581=VECTOR('',#9048,10.);
#2582=VECTOR('',#9059,10.);
#2583=VECTOR('',#9060,10.);
#2584=VECTOR('',#9063,10.);
#2585=VECTOR('',#9094,10.);
#2586=VECTOR('',#9097,10.);
#2587=VECTOR('',#9104,10.);
#2588=VECTOR('',#9107,10.);
#2589=VECTOR('',#9110,10.);
#2590=VECTOR('',#9113,10.);
#2591=VECTOR('',#9116,10.);
#2592=VECTOR('',#9119,10.);
#2593=VECTOR('',#9122,10.);
#2594=VECTOR('',#9125,10.);
#2595=CIRCLE('',#6630,4.);
#2596=CIRCLE('',#6631,3.);
#2597=CIRCLE('',#6633,2.1);
#2598=CIRCLE('',#6635,4.);
#2599=CIRCLE('',#6636,3.);
#2600=CIRCLE('',#6638,2.1);
#2601=CIRCLE('',#6640,3.125);
#2602=CIRCLE('',#6641,2.625);
#2603=CIRCLE('',#6644,3.12500020861624);
#2604=CIRCLE('',#6645,2.62500020861625);
#2605=CIRCLE('',#6649,2.625);
#2606=CIRCLE('',#6651,3.12500020861625);
#2607=CIRCLE('',#6652,3.125);
#2608=CIRCLE('',#6654,2.62500020861625);
#2609=CIRCLE('',#6657,2.625);
#2610=CIRCLE('',#6661,2.62500020861625);
#2611=CIRCLE('',#6663,1.575);
#2612=CIRCLE('',#6664,2.075);
#2613=CIRCLE('',#6667,1.575);
#2614=CIRCLE('',#6669,1.575);
#2615=CIRCLE('',#6670,2.075);
#2616=CIRCLE('',#6673,1.575);
#2617=CIRCLE('',#6675,2.075);
#2618=CIRCLE('',#6676,1.575);
#2619=CIRCLE('',#6678,4.00000000000001);
#2620=CIRCLE('',#6679,4.);
#2621=CIRCLE('',#6680,4.00000000000001);
#2622=CIRCLE('',#6681,3.99999999999999);
#2623=CIRCLE('',#6682,2.075);
#2624=CIRCLE('',#6683,3.);
#2625=CIRCLE('',#6685,1.575);
#2626=CIRCLE('',#6686,1.575);
#2627=CIRCLE('',#6687,1.575);
#2628=CIRCLE('',#6688,1.575);
#2629=CIRCLE('',#6690,1.575);
#2630=CIRCLE('',#6692,1.575);
#2631=CIRCLE('',#6693,1.575);
#2632=CIRCLE('',#6694,1.575);
#2633=CIRCLE('',#6695,1.575);
#2634=CIRCLE('',#6709,5.);
#2635=CIRCLE('',#6710,4.5);
#2636=CIRCLE('',#6713,5.);
#2637=CIRCLE('',#6714,4.5);
#2638=CIRCLE('',#6718,4.5);
#2639=CIRCLE('',#6722,5.);
#2640=CIRCLE('',#6723,5.);
#2641=CIRCLE('',#6725,3.125);
#2642=CIRCLE('',#6728,2.62500020861625);
#2643=CIRCLE('',#6729,3.12500020861624);
#2644=CIRCLE('',#6733,4.5);
#2645=CIRCLE('',#6735,2.625);
#2646=CIRCLE('',#6736,3.125);
#2647=CIRCLE('',#6739,3.12500020861625);
#2648=CIRCLE('',#6743,4.5);
#2649=CIRCLE('',#6744,4.5);
#2650=CIRCLE('',#6746,4.5);
#2651=CIRCLE('',#6749,4.5);
#2652=CIRCLE('',#6754,17.5);
#2653=CIRCLE('',#6755,18.);
#2654=CIRCLE('',#6757,17.5);
#2655=CIRCLE('',#6759,25.5);
#2656=CIRCLE('',#6760,25.5);
#2657=CIRCLE('',#6762,3.12500000000005);
#2658=CIRCLE('',#6763,2.62500000000005);
#2659=CIRCLE('',#6766,3.125);
#2660=CIRCLE('',#6767,2.625);
#2661=CIRCLE('',#6771,2.62500000000005);
#2662=CIRCLE('',#6773,47.5);
#2663=CIRCLE('',#6774,3.12500000000005);
#2664=CIRCLE('',#6775,3.125);
#2665=CIRCLE('',#6776,3.125);
#2666=CIRCLE('',#6777,3.12500000000005);
#2667=CIRCLE('',#6778,26.);
#2668=CIRCLE('',#6779,26.);
#2669=CIRCLE('',#6780,3.125);
#2670=CIRCLE('',#6781,3.12500000000005);
#2671=CIRCLE('',#6784,2.62500000000005);
#2672=CIRCLE('',#6787,2.625);
#2673=CIRCLE('',#6789,2.62500000000005);
#2674=CIRCLE('',#6793,2.625);
#2675=CIRCLE('',#6796,2.62500000000005);
#2676=CIRCLE('',#6798,2.625);
#2677=CIRCLE('',#6801,2.625);
#2678=CIRCLE('',#6804,2.62500000000005);
#2679=CIRCLE('',#6808,2.625);
#2680=CIRCLE('',#6827,1.5);
#2681=CIRCLE('',#6828,1.);
#2682=CIRCLE('',#6833,1.5);
#2683=CIRCLE('',#6834,1.);
#2684=CIRCLE('',#6837,1.);
#2685=CIRCLE('',#6839,1.);
#2686=CIRCLE('',#6854,2.6);
#2687=CIRCLE('',#6855,2.1);
#2688=CIRCLE('',#6857,2.1);
#2689=CIRCLE('',#6858,2.1);
#2690=CIRCLE('',#6859,2.1);
#2691=CIRCLE('',#6860,2.1);
#2692=CIRCLE('',#6862,1.25);
#2693=CIRCLE('',#6863,42.5);
#2694=CIRCLE('',#6864,1.);
#2695=CIRCLE('',#6865,7.49999999999985);
#2696=CIRCLE('',#6866,1.);
#2697=CIRCLE('',#6867,42.5);
#2698=CIRCLE('',#6868,1.25);
#2699=CIRCLE('',#6869,43.75);
#2700=CIRCLE('',#6875,25.5);
#2701=CIRCLE('',#6882,25.5);
#2702=CIRCLE('',#6899,18.);
#2703=CIRCLE('',#6901,20.851);
#2704=CIRCLE('',#6902,15.25);
#2705=CIRCLE('',#6903,5.12500000000005);
#2706=CIRCLE('',#6904,42.5);
#2707=CIRCLE('',#6905,1.);
#2708=CIRCLE('',#6906,7.49999999999985);
#2709=CIRCLE('',#6907,1.);
#2710=CIRCLE('',#6908,42.5);
#2711=CIRCLE('',#6909,5.12500000000005);
#2712=CIRCLE('',#6910,15.25);
#2713=CIRCLE('',#6911,20.851);
#2714=CIRCLE('',#6912,15.25);
#2715=CIRCLE('',#6913,5.125);
#2716=CIRCLE('',#6914,5.125);
#2717=CIRCLE('',#6915,15.25);
#2718=CIRCLE('',#6916,5.125);
#2719=CIRCLE('',#6917,5.12500000000005);
#2720=CIRCLE('',#6918,5.125);
#2721=CIRCLE('',#6919,5.12500000000005);
#2722=CIRCLE('',#6944,2.1);
#2723=CIRCLE('',#6946,2.1);
#2724=CIRCLE('',#6948,2.1);
#2725=CIRCLE('',#6950,2.1);
#2726=CIRCLE('',#6951,2.1);
#2727=CIRCLE('',#6955,2.1);
#2728=CIRCLE('',#6957,2.1);
#2729=CIRCLE('',#6959,2.1);
#2730=CIRCLE('',#6960,2.1);
#2731=CIRCLE('',#6962,2.1);
#2732=CIRCLE('',#6966,2.1);
#2733=CIRCLE('',#6968,2.1);
#2734=CIRCLE('',#6970,2.1);
#2735=CIRCLE('',#6972,2.1);
#2736=CIRCLE('',#6982,3.75);
#2737=CIRCLE('',#6983,3.75);
#2738=CIRCLE('',#6987,3.75);
#2739=CIRCLE('',#6988,3.75);
#2740=CIRCLE('',#6992,3.75);
#2741=CIRCLE('',#6994,3.75);
#2742=CIRCLE('',#6996,3.75);
#2743=CIRCLE('',#6998,3.75);
#2744=CIRCLE('',#7022,20.851);
#2745=CIRCLE('',#7024,20.851);
#2746=CIRCLE('',#7026,5.25);
#2747=CIRCLE('',#7028,5.25);
#2748=CIRCLE('',#7039,0.999999999998025);
#2749=CIRCLE('',#7040,2.99999999999999);
#2750=CIRCLE('',#7042,0.999999999998025);
#2751=CIRCLE('',#7043,5.00000000000001);
#2752=CIRCLE('',#7045,1.);
#2753=CIRCLE('',#7047,0.999999999998025);
#2754=CIRCLE('',#7048,5.);
#2755=CIRCLE('',#7050,3.00000000000001);
#2756=CIRCLE('',#7052,2.1);
#2757=CIRCLE('',#7053,3.);
#2758=CIRCLE('',#7057,5.00000000000001);
#2759=CIRCLE('',#7060,5.);
#2760=CIRCLE('',#7063,3.00000000000001);
#2761=CIRCLE('',#7065,2.99999999999999);
#2762=CIRCLE('',#7084,3.25);
#2763=CIRCLE('',#7086,3.25);
#2764=CIRCLE('',#7089,2.625);
#2765=CIRCLE('',#7090,5.125);
#2766=CIRCLE('',#7093,5.12500000000005);
#2767=CIRCLE('',#7095,5.12500000000005);
#2768=CIRCLE('',#7098,2.625);
#2769=CIRCLE('',#7099,5.125);
#2770=CIRCLE('',#7102,2.62500000000005);
#2771=CIRCLE('',#7103,5.12500000000005);
#2772=CIRCLE('',#7106,5.125);
#2773=CIRCLE('',#7110,5.125);
#2774=CIRCLE('',#7113,2.62500000000005);
#2775=CIRCLE('',#7114,5.12500000000005);
#2776=CIRCLE('',#7118,5.12500000000005);
#2777=CIRCLE('',#7121,5.125);
#2778=CIRCLE('',#7130,5.125);
#2779=CIRCLE('',#7133,5.12500000000005);
#2780=CIRCLE('',#7152,46.25);
#2781=CIRCLE('',#7167,47.5);
#2782=CIRCLE('',#7180,2.);
#2783=CIRCLE('',#7181,2.);
#2784=CIRCLE('',#7183,2.);
#2785=CIRCLE('',#7184,2.);
#2786=CIRCLE('',#7186,1.25);
#2787=CIRCLE('',#7187,1.25);
#2788=CIRCLE('',#7193,1.25);
#2789=CIRCLE('',#7195,3.25);
#2790=CIRCLE('',#7196,1.25);
#2791=CIRCLE('',#7198,3.25);
#2792=CIRCLE('',#7200,1.25);
#2793=CIRCLE('',#7202,1.25);
#2794=CIRCLE('',#7208,1.25);
#2795=CIRCLE('',#7210,1.25);
#2796=CIRCLE('',#7212,1.25);
#2797=CIRCLE('',#7217,1.25);
#2798=VERTEX_POINT('',#9132);
#2799=VERTEX_POINT('',#9134);
#2800=VERTEX_POINT('',#9138);
#2801=VERTEX_POINT('',#9141);
#2802=VERTEX_POINT('',#9143);
#2803=VERTEX_POINT('',#9147);
#2804=VERTEX_POINT('',#9150);
#2805=VERTEX_POINT('',#9151);
#2806=VERTEX_POINT('',#9153);
#2807=VERTEX_POINT('',#9155);
#2808=VERTEX_POINT('',#9159);
#2809=VERTEX_POINT('',#9160);
#2810=VERTEX_POINT('',#9165);
#2811=VERTEX_POINT('',#9166);
#2812=VERTEX_POINT('',#9174);
#2813=VERTEX_POINT('',#9176);
#2814=VERTEX_POINT('',#9180);
#2815=VERTEX_POINT('',#9184);
#2816=VERTEX_POINT('',#9185);
#2817=VERTEX_POINT('',#9187);
#2818=VERTEX_POINT('',#9189);
#2819=VERTEX_POINT('',#9191);
#2820=VERTEX_POINT('',#9193);
#2821=VERTEX_POINT('',#9195);
#2822=VERTEX_POINT('',#9197);
#2823=VERTEX_POINT('',#9200);
#2824=VERTEX_POINT('',#9201);
#2825=VERTEX_POINT('',#9203);
#2826=VERTEX_POINT('',#9205);
#2827=VERTEX_POINT('',#9208);
#2828=VERTEX_POINT('',#9209);
#2829=VERTEX_POINT('',#9211);
#2830=VERTEX_POINT('',#9213);
#2831=VERTEX_POINT('',#9216);
#2832=VERTEX_POINT('',#9217);
#2833=VERTEX_POINT('',#9219);
#2834=VERTEX_POINT('',#9221);
#2835=VERTEX_POINT('',#9225);
#2836=VERTEX_POINT('',#9227);
#2837=VERTEX_POINT('',#9231);
#2838=VERTEX_POINT('',#9235);
#2839=VERTEX_POINT('',#9241);
#2840=VERTEX_POINT('',#9243);
#2841=VERTEX_POINT('',#9247);
#2842=VERTEX_POINT('',#9251);
#2843=VERTEX_POINT('',#9253);
#2844=VERTEX_POINT('',#9257);
#2845=VERTEX_POINT('',#9258);
#2846=VERTEX_POINT('',#9260);
#2847=VERTEX_POINT('',#9262);
#2848=VERTEX_POINT('',#9264);
#2849=VERTEX_POINT('',#9268);
#2850=VERTEX_POINT('',#9272);
#2851=VERTEX_POINT('',#9274);
#2852=VERTEX_POINT('',#9278);
#2853=VERTEX_POINT('',#9279);
#2854=VERTEX_POINT('',#9281);
#2855=VERTEX_POINT('',#9283);
#2856=VERTEX_POINT('',#9285);
#2857=VERTEX_POINT('',#9289);
#2858=VERTEX_POINT('',#9293);
#2859=VERTEX_POINT('',#9295);
#2860=VERTEX_POINT('',#9299);
#2861=VERTEX_POINT('',#9300);
#2862=VERTEX_POINT('',#9302);
#2863=VERTEX_POINT('',#9304);
#2864=VERTEX_POINT('',#9306);
#2865=VERTEX_POINT('',#9308);
#2866=VERTEX_POINT('',#9310);
#2867=VERTEX_POINT('',#9312);
#2868=VERTEX_POINT('',#9314);
#2869=VERTEX_POINT('',#9316);
#2870=VERTEX_POINT('',#9319);
#2871=VERTEX_POINT('',#9321);
#2872=VERTEX_POINT('',#9324);
#2873=VERTEX_POINT('',#9326);
#2874=VERTEX_POINT('',#9328);
#2875=VERTEX_POINT('',#9330);
#2876=VERTEX_POINT('',#9334);
#2877=VERTEX_POINT('',#9338);
#2878=VERTEX_POINT('',#9340);
#2879=VERTEX_POINT('',#9342);
#2880=VERTEX_POINT('',#9344);
#2881=VERTEX_POINT('',#9348);
#2882=VERTEX_POINT('',#9353);
#2883=VERTEX_POINT('',#9361);
#2884=VERTEX_POINT('',#9363);
#2885=VERTEX_POINT('',#9367);
#2886=VERTEX_POINT('',#9369);
#2887=VERTEX_POINT('',#9371);
#2888=VERTEX_POINT('',#9373);
#2889=VERTEX_POINT('',#9377);
#2890=VERTEX_POINT('',#9382);
#2891=VERTEX_POINT('',#9390);
#2892=VERTEX_POINT('',#9392);
#2893=VERTEX_POINT('',#9396);
#2894=VERTEX_POINT('',#9398);
#2895=VERTEX_POINT('',#9400);
#2896=VERTEX_POINT('',#9402);
#2897=VERTEX_POINT('',#9406);
#2898=VERTEX_POINT('',#9407);
#2899=VERTEX_POINT('',#9409);
#2900=VERTEX_POINT('',#9411);
#2901=VERTEX_POINT('',#9415);
#2902=VERTEX_POINT('',#9416);
#2903=VERTEX_POINT('',#9421);
#2904=VERTEX_POINT('',#9422);
#2905=VERTEX_POINT('',#9430);
#2906=VERTEX_POINT('',#9432);
#2907=VERTEX_POINT('',#9436);
#2908=VERTEX_POINT('',#9440);
#2909=VERTEX_POINT('',#9441);
#2910=VERTEX_POINT('',#9443);
#2911=VERTEX_POINT('',#9445);
#2912=VERTEX_POINT('',#9447);
#2913=VERTEX_POINT('',#9449);
#2914=VERTEX_POINT('',#9452);
#2915=VERTEX_POINT('',#9453);
#2916=VERTEX_POINT('',#9455);
#2917=VERTEX_POINT('',#9457);
#2918=VERTEX_POINT('',#9461);
#2919=VERTEX_POINT('',#9463);
#2920=VERTEX_POINT('',#9467);
#2921=VERTEX_POINT('',#9471);
#2922=VERTEX_POINT('',#9472);
#2923=VERTEX_POINT('',#9482);
#2924=VERTEX_POINT('',#9486);
#2925=VERTEX_POINT('',#9487);
#2926=VERTEX_POINT('',#9490);
#2927=VERTEX_POINT('',#9494);
#2928=VERTEX_POINT('',#9499);
#2929=VERTEX_POINT('',#9507);
#2930=VERTEX_POINT('',#9508);
#2931=VERTEX_POINT('',#9510);
#2932=VERTEX_POINT('',#9512);
#2933=VERTEX_POINT('',#9516);
#2934=VERTEX_POINT('',#9518);
#2935=VERTEX_POINT('',#9522);
#2936=VERTEX_POINT('',#9526);
#2937=VERTEX_POINT('',#9537);
#2938=VERTEX_POINT('',#9539);
#2939=VERTEX_POINT('',#9543);
#2940=VERTEX_POINT('',#9547);
#2941=VERTEX_POINT('',#9548);
#2942=VERTEX_POINT('',#9550);
#2943=VERTEX_POINT('',#9552);
#2944=VERTEX_POINT('',#9554);
#2945=VERTEX_POINT('',#9556);
#2946=VERTEX_POINT('',#9558);
#2947=VERTEX_POINT('',#9560);
#2948=VERTEX_POINT('',#9564);
#2949=VERTEX_POINT('',#9565);
#2950=VERTEX_POINT('',#9567);
#2951=VERTEX_POINT('',#9569);
#2952=VERTEX_POINT('',#9573);
#2953=VERTEX_POINT('',#9574);
#2954=VERTEX_POINT('',#9579);
#2955=VERTEX_POINT('',#9580);
#2956=VERTEX_POINT('',#9588);
#2957=VERTEX_POINT('',#9590);
#2958=VERTEX_POINT('',#9594);
#2959=VERTEX_POINT('',#9598);
#2960=VERTEX_POINT('',#9599);
#2961=VERTEX_POINT('',#9601);
#2962=VERTEX_POINT('',#9603);
#2963=VERTEX_POINT('',#9605);
#2964=VERTEX_POINT('',#9607);
#2965=VERTEX_POINT('',#9609);
#2966=VERTEX_POINT('',#9611);
#2967=VERTEX_POINT('',#9613);
#2968=VERTEX_POINT('',#9615);
#2969=VERTEX_POINT('',#9618);
#2970=VERTEX_POINT('',#9619);
#2971=VERTEX_POINT('',#9621);
#2972=VERTEX_POINT('',#9623);
#2973=VERTEX_POINT('',#9626);
#2974=VERTEX_POINT('',#9627);
#2975=VERTEX_POINT('',#9629);
#2976=VERTEX_POINT('',#9631);
#2977=VERTEX_POINT('',#9634);
#2978=VERTEX_POINT('',#9635);
#2979=VERTEX_POINT('',#9637);
#2980=VERTEX_POINT('',#9639);
#2981=VERTEX_POINT('',#9641);
#2982=VERTEX_POINT('',#9643);
#2983=VERTEX_POINT('',#9646);
#2984=VERTEX_POINT('',#9647);
#2985=VERTEX_POINT('',#9649);
#2986=VERTEX_POINT('',#9651);
#2987=VERTEX_POINT('',#9653);
#2988=VERTEX_POINT('',#9655);
#2989=VERTEX_POINT('',#9657);
#2990=VERTEX_POINT('',#9659);
#2991=VERTEX_POINT('',#9661);
#2992=VERTEX_POINT('',#9663);
#2993=VERTEX_POINT('',#9665);
#2994=VERTEX_POINT('',#9667);
#2995=VERTEX_POINT('',#9670);
#2996=VERTEX_POINT('',#9671);
#2997=VERTEX_POINT('',#9673);
#2998=VERTEX_POINT('',#9675);
#2999=VERTEX_POINT('',#9679);
#3000=VERTEX_POINT('',#9681);
#3001=VERTEX_POINT('',#9685);
#3002=VERTEX_POINT('',#9689);
#3003=VERTEX_POINT('',#9695);
#3004=VERTEX_POINT('',#9697);
#3005=VERTEX_POINT('',#9701);
#3006=VERTEX_POINT('',#9705);
#3007=VERTEX_POINT('',#9707);
#3008=VERTEX_POINT('',#9711);
#3009=VERTEX_POINT('',#9715);
#3010=VERTEX_POINT('',#9721);
#3011=VERTEX_POINT('',#9723);
#3012=VERTEX_POINT('',#9727);
#3013=VERTEX_POINT('',#9731);
#3014=VERTEX_POINT('',#9733);
#3015=VERTEX_POINT('',#9737);
#3016=VERTEX_POINT('',#9741);
#3017=VERTEX_POINT('',#9747);
#3018=VERTEX_POINT('',#9749);
#3019=VERTEX_POINT('',#9753);
#3020=VERTEX_POINT('',#9757);
#3021=VERTEX_POINT('',#9758);
#3022=VERTEX_POINT('',#9763);
#3023=VERTEX_POINT('',#9767);
#3024=VERTEX_POINT('',#9771);
#3025=VERTEX_POINT('',#9773);
#3026=VERTEX_POINT('',#9775);
#3027=VERTEX_POINT('',#9777);
#3028=VERTEX_POINT('',#9781);
#3029=VERTEX_POINT('',#9783);
#3030=VERTEX_POINT('',#9785);
#3031=VERTEX_POINT('',#9787);
#3032=VERTEX_POINT('',#9789);
#3033=VERTEX_POINT('',#9793);
#3034=VERTEX_POINT('',#9795);
#3035=VERTEX_POINT('',#9797);
#3036=VERTEX_POINT('',#9801);
#3037=VERTEX_POINT('',#9802);
#3038=VERTEX_POINT('',#9807);
#3039=VERTEX_POINT('',#9811);
#3040=VERTEX_POINT('',#9815);
#3041=VERTEX_POINT('',#9817);
#3042=VERTEX_POINT('',#9819);
#3043=VERTEX_POINT('',#9821);
#3044=VERTEX_POINT('',#9823);
#3045=VERTEX_POINT('',#9825);
#3046=VERTEX_POINT('',#9829);
#3047=VERTEX_POINT('',#9833);
#3048=VERTEX_POINT('',#9835);
#3049=VERTEX_POINT('',#9837);
#3050=VERTEX_POINT('',#9839);
#3051=VERTEX_POINT('',#9841);
#3052=VERTEX_POINT('',#9845);
#3053=VERTEX_POINT('',#9846);
#3054=VERTEX_POINT('',#9848);
#3055=VERTEX_POINT('',#9850);
#3056=VERTEX_POINT('',#9854);
#3057=VERTEX_POINT('',#9864);
#3058=VERTEX_POINT('',#9868);
#3059=VERTEX_POINT('',#9869);
#3060=VERTEX_POINT('',#9874);
#3061=VERTEX_POINT('',#9875);
#3062=VERTEX_POINT('',#9880);
#3063=VERTEX_POINT('',#9884);
#3064=VERTEX_POINT('',#9888);
#3065=VERTEX_POINT('',#9890);
#3066=VERTEX_POINT('',#9892);
#3067=VERTEX_POINT('',#9896);
#3068=VERTEX_POINT('',#9897);
#3069=VERTEX_POINT('',#9899);
#3070=VERTEX_POINT('',#9902);
#3071=VERTEX_POINT('',#9904);
#3072=VERTEX_POINT('',#9908);
#3073=VERTEX_POINT('',#9910);
#3074=VERTEX_POINT('',#9915);
#3075=VERTEX_POINT('',#9917);
#3076=VERTEX_POINT('',#9919);
#3077=VERTEX_POINT('',#9923);
#3078=VERTEX_POINT('',#9925);
#3079=VERTEX_POINT('',#9927);
#3080=VERTEX_POINT('',#9929);
#3081=VERTEX_POINT('',#9933);
#3082=VERTEX_POINT('',#9937);
#3083=VERTEX_POINT('',#9939);
#3084=VERTEX_POINT('',#9941);
#3085=VERTEX_POINT('',#9945);
#3086=VERTEX_POINT('',#9949);
#3087=VERTEX_POINT('',#9955);
#3088=VERTEX_POINT('',#9957);
#3089=VERTEX_POINT('',#9959);
#3090=VERTEX_POINT('',#9963);
#3091=VERTEX_POINT('',#9967);
#3092=VERTEX_POINT('',#9969);
#3093=VERTEX_POINT('',#9973);
#3094=VERTEX_POINT('',#9975);
#3095=VERTEX_POINT('',#9979);
#3096=VERTEX_POINT('',#9980);
#3097=VERTEX_POINT('',#9983);
#3098=VERTEX_POINT('',#9985);
#3099=VERTEX_POINT('',#9989);
#3100=VERTEX_POINT('',#9990);
#3101=VERTEX_POINT('',#9992);
#3102=VERTEX_POINT('',#9994);
#3103=VERTEX_POINT('',#9996);
#3104=VERTEX_POINT('',#9998);
#3105=VERTEX_POINT('',#10000);
#3106=VERTEX_POINT('',#10002);
#3107=VERTEX_POINT('',#10004);
#3108=VERTEX_POINT('',#10006);
#3109=VERTEX_POINT('',#10008);
#3110=VERTEX_POINT('',#10010);
#3111=VERTEX_POINT('',#10012);
#3112=VERTEX_POINT('',#10014);
#3113=VERTEX_POINT('',#10018);
#3114=VERTEX_POINT('',#10023);
#3115=VERTEX_POINT('',#10043);
#3116=VERTEX_POINT('',#10047);
#3117=VERTEX_POINT('',#10066);
#3118=VERTEX_POINT('',#10070);
#3119=VERTEX_POINT('',#10072);
#3120=VERTEX_POINT('',#10074);
#3121=VERTEX_POINT('',#10076);
#3122=VERTEX_POINT('',#10078);
#3123=VERTEX_POINT('',#10085);
#3124=VERTEX_POINT('',#10087);
#3125=VERTEX_POINT('',#10089);
#3126=VERTEX_POINT('',#10093);
#3127=VERTEX_POINT('',#10095);
#3128=VERTEX_POINT('',#10099);
#3129=VERTEX_POINT('',#10103);
#3130=VERTEX_POINT('',#10107);
#3131=VERTEX_POINT('',#10111);
#3132=VERTEX_POINT('',#10117);
#3133=VERTEX_POINT('',#10119);
#3134=VERTEX_POINT('',#10121);
#3135=VERTEX_POINT('',#10123);
#3136=VERTEX_POINT('',#10127);
#3137=VERTEX_POINT('',#10131);
#3138=VERTEX_POINT('',#10133);
#3139=VERTEX_POINT('',#10135);
#3140=VERTEX_POINT('',#10139);
#3141=VERTEX_POINT('',#10143);
#3142=VERTEX_POINT('',#10144);
#3143=VERTEX_POINT('',#10146);
#3144=VERTEX_POINT('',#10148);
#3145=VERTEX_POINT('',#10150);
#3146=VERTEX_POINT('',#10152);
#3147=VERTEX_POINT('',#10154);
#3148=VERTEX_POINT('',#10156);
#3149=VERTEX_POINT('',#10158);
#3150=VERTEX_POINT('',#10160);
#3151=VERTEX_POINT('',#10162);
#3152=VERTEX_POINT('',#10164);
#3153=VERTEX_POINT('',#10166);
#3154=VERTEX_POINT('',#10168);
#3155=VERTEX_POINT('',#10170);
#3156=VERTEX_POINT('',#10172);
#3157=VERTEX_POINT('',#10174);
#3158=VERTEX_POINT('',#10176);
#3159=VERTEX_POINT('',#10178);
#3160=VERTEX_POINT('',#10180);
#3161=VERTEX_POINT('',#10182);
#3162=VERTEX_POINT('',#10184);
#3163=VERTEX_POINT('',#10187);
#3164=VERTEX_POINT('',#10188);
#3165=VERTEX_POINT('',#10190);
#3166=VERTEX_POINT('',#10192);
#3167=VERTEX_POINT('',#10195);
#3168=VERTEX_POINT('',#10196);
#3169=VERTEX_POINT('',#10198);
#3170=VERTEX_POINT('',#10200);
#3171=VERTEX_POINT('',#10204);
#3172=VERTEX_POINT('',#10208);
#3173=VERTEX_POINT('',#10212);
#3174=VERTEX_POINT('',#10216);
#3175=VERTEX_POINT('',#10220);
#3176=VERTEX_POINT('',#10221);
#3177=VERTEX_POINT('',#10226);
#3178=VERTEX_POINT('',#10227);
#3179=VERTEX_POINT('',#10232);
#3180=VERTEX_POINT('',#10236);
#3181=VERTEX_POINT('',#10240);
#3182=VERTEX_POINT('',#10244);
#3183=VERTEX_POINT('',#10248);
#3184=VERTEX_POINT('',#10249);
#3185=VERTEX_POINT('',#10254);
#3186=VERTEX_POINT('',#10255);
#3187=VERTEX_POINT('',#10260);
#3188=VERTEX_POINT('',#10262);
#3189=VERTEX_POINT('',#10266);
#3190=VERTEX_POINT('',#10268);
#3191=VERTEX_POINT('',#10277);
#3192=VERTEX_POINT('',#10286);
#3193=VERTEX_POINT('',#10290);
#3194=VERTEX_POINT('',#10292);
#3195=VERTEX_POINT('',#10296);
#3196=VERTEX_POINT('',#10298);
#3197=VERTEX_POINT('',#10302);
#3198=VERTEX_POINT('',#10303);
#3199=VERTEX_POINT('',#10305);
#3200=VERTEX_POINT('',#10307);
#3201=VERTEX_POINT('',#10309);
#3202=VERTEX_POINT('',#10313);
#3203=VERTEX_POINT('',#10314);
#3204=VERTEX_POINT('',#10316);
#3205=VERTEX_POINT('',#10320);
#3206=VERTEX_POINT('',#10322);
#3207=VERTEX_POINT('',#10329);
#3208=VERTEX_POINT('',#10334);
#3209=VERTEX_POINT('',#10336);
#3210=VERTEX_POINT('',#10340);
#3211=VERTEX_POINT('',#10341);
#3212=VERTEX_POINT('',#10343);
#3213=VERTEX_POINT('',#10345);
#3214=VERTEX_POINT('',#10347);
#3215=VERTEX_POINT('',#10351);
#3216=VERTEX_POINT('',#10355);
#3217=VERTEX_POINT('',#10359);
#3218=VERTEX_POINT('',#10361);
#3219=VERTEX_POINT('',#10363);
#3220=VERTEX_POINT('',#10368);
#3221=VERTEX_POINT('',#10372);
#3222=VERTEX_POINT('',#10374);
#3223=VERTEX_POINT('',#10378);
#3224=VERTEX_POINT('',#10379);
#3225=VERTEX_POINT('',#10381);
#3226=VERTEX_POINT('',#10383);
#3227=VERTEX_POINT('',#10385);
#3228=VERTEX_POINT('',#10389);
#3229=VERTEX_POINT('',#10390);
#3230=VERTEX_POINT('',#10392);
#3231=VERTEX_POINT('',#10396);
#3232=VERTEX_POINT('',#10398);
#3233=VERTEX_POINT('',#10408);
#3234=VERTEX_POINT('',#10410);
#3235=VERTEX_POINT('',#10414);
#3236=VERTEX_POINT('',#10416);
#3237=VERTEX_POINT('',#10418);
#3238=VERTEX_POINT('',#10420);
#3239=VERTEX_POINT('',#10428);
#3240=VERTEX_POINT('',#10432);
#3241=VERTEX_POINT('',#10436);
#3242=VERTEX_POINT('',#10438);
#3243=VERTEX_POINT('',#10445);
#3244=VERTEX_POINT('',#10448);
#3245=VERTEX_POINT('',#10458);
#3246=VERTEX_POINT('',#10461);
#3247=VERTEX_POINT('',#10465);
#3248=VERTEX_POINT('',#10467);
#3249=VERTEX_POINT('',#10471);
#3250=VERTEX_POINT('',#10473);
#3251=VERTEX_POINT('',#10485);
#3252=VERTEX_POINT('',#10487);
#3253=VERTEX_POINT('',#10489);
#3254=VERTEX_POINT('',#10491);
#3255=VERTEX_POINT('',#10495);
#3256=VERTEX_POINT('',#10499);
#3257=VERTEX_POINT('',#10504);
#3258=VERTEX_POINT('',#10506);
#3259=VERTEX_POINT('',#10510);
#3260=VERTEX_POINT('',#10540);
#3261=VERTEX_POINT('',#10553);
#3262=VERTEX_POINT('',#10568);
#3263=VERTEX_POINT('',#10581);
#3264=VERTEX_POINT('',#10596);
#3265=VERTEX_POINT('',#10615);
#3266=VERTEX_POINT('',#10629);
#3267=VERTEX_POINT('',#10636);
#3268=VERTEX_POINT('',#10672);
#3269=VERTEX_POINT('',#10676);
#3270=VERTEX_POINT('',#10680);
#3271=VERTEX_POINT('',#10684);
#3272=VERTEX_POINT('',#10690);
#3273=VERTEX_POINT('',#10692);
#3274=VERTEX_POINT('',#10698);
#3275=VERTEX_POINT('',#10700);
#3276=VERTEX_POINT('',#10702);
#3277=VERTEX_POINT('',#10706);
#3278=VERTEX_POINT('',#10710);
#3279=VERTEX_POINT('',#10712);
#3280=VERTEX_POINT('',#10718);
#3281=VERTEX_POINT('',#10722);
#3282=VERTEX_POINT('',#10724);
#3283=VERTEX_POINT('',#10726);
#3284=VERTEX_POINT('',#10728);
#3285=VERTEX_POINT('',#10732);
#3286=VERTEX_POINT('',#10747);
#3287=VERTEX_POINT('',#10750);
#3288=VERTEX_POINT('',#10761);
#3289=VERTEX_POINT('',#10763);
#3290=VERTEX_POINT('',#10767);
#3291=VERTEX_POINT('',#10771);
#3292=VERTEX_POINT('',#10775);
#3293=VERTEX_POINT('',#10777);
#3294=VERTEX_POINT('',#10779);
#3295=VERTEX_POINT('',#10781);
#3296=VERTEX_POINT('',#10783);
#3297=VERTEX_POINT('',#10785);
#3298=VERTEX_POINT('',#10787);
#3299=VERTEX_POINT('',#10789);
#3300=VERTEX_POINT('',#10791);
#3301=VERTEX_POINT('',#10793);
#3302=VERTEX_POINT('',#10795);
#3303=VERTEX_POINT('',#10799);
#3304=VERTEX_POINT('',#10801);
#3305=VERTEX_POINT('',#10803);
#3306=VERTEX_POINT('',#10805);
#3307=VERTEX_POINT('',#10807);
#3308=VERTEX_POINT('',#10809);
#3309=VERTEX_POINT('',#10811);
#3310=VERTEX_POINT('',#10813);
#3311=VERTEX_POINT('',#10815);
#3312=VERTEX_POINT('',#10817);
#3313=VERTEX_POINT('',#10819);
#3314=VERTEX_POINT('',#10823);
#3315=VERTEX_POINT('',#10825);
#3316=VERTEX_POINT('',#10829);
#3317=VERTEX_POINT('',#10830);
#3318=VERTEX_POINT('',#10835);
#3319=VERTEX_POINT('',#10842);
#3320=VERTEX_POINT('',#10844);
#3321=VERTEX_POINT('',#10848);
#3322=VERTEX_POINT('',#10849);
#3323=VERTEX_POINT('',#10854);
#3324=VERTEX_POINT('',#10861);
#3325=VERTEX_POINT('',#10862);
#3326=VERTEX_POINT('',#10865);
#3327=VERTEX_POINT('',#10869);
#3328=VERTEX_POINT('',#10874);
#3329=VERTEX_POINT('',#10882);
#3330=VERTEX_POINT('',#10884);
#3331=VERTEX_POINT('',#10888);
#3332=VERTEX_POINT('',#10889);
#3333=VERTEX_POINT('',#10894);
#3334=VERTEX_POINT('',#10901);
#3335=VERTEX_POINT('',#10902);
#3336=VERTEX_POINT('',#10907);
#3337=VERTEX_POINT('',#10912);
#3338=VERTEX_POINT('',#10926);
#3339=VERTEX_POINT('',#10927);
#3340=VERTEX_POINT('',#10932);
#3341=VERTEX_POINT('',#10937);
#3342=VERTEX_POINT('',#10957);
#3343=VERTEX_POINT('',#10962);
#3344=VERTEX_POINT('',#10974);
#3345=VERTEX_POINT('',#10976);
#3346=VERTEX_POINT('',#10980);
#3347=VERTEX_POINT('',#10984);
#3348=VERTEX_POINT('',#10988);
#3349=VERTEX_POINT('',#10990);
#3350=VERTEX_POINT('',#10994);
#3351=VERTEX_POINT('',#11005);
#3352=VERTEX_POINT('',#11010);
#3353=VERTEX_POINT('',#11022);
#3354=VERTEX_POINT('',#11027);
#3355=VERTEX_POINT('',#11038);
#3356=VERTEX_POINT('',#11039);
#3357=VERTEX_POINT('',#11041);
#3358=VERTEX_POINT('',#11043);
#3359=VERTEX_POINT('',#11047);
#3360=VERTEX_POINT('',#11048);
#3361=VERTEX_POINT('',#11050);
#3362=VERTEX_POINT('',#11052);
#3363=VERTEX_POINT('',#11056);
#3364=VERTEX_POINT('',#11058);
#3365=VERTEX_POINT('',#11072);
#3366=VERTEX_POINT('',#11076);
#3367=VERTEX_POINT('',#11081);
#3368=VERTEX_POINT('',#11083);
#3369=EDGE_CURVE('',#2798,#2798,#2595,.T.);
#3370=EDGE_CURVE('',#2798,#2799,#1185,.T.);
#3371=EDGE_CURVE('',#2799,#2799,#2596,.T.);
#3372=EDGE_CURVE('',#2800,#2800,#2597,.T.);
#3373=EDGE_CURVE('',#2801,#2801,#2598,.T.);
#3374=EDGE_CURVE('',#2801,#2802,#1186,.T.);
#3375=EDGE_CURVE('',#2802,#2802,#2599,.T.);
#3376=EDGE_CURVE('',#2803,#2803,#2600,.T.);
#3377=EDGE_CURVE('',#2804,#2805,#1187,.T.);
#3378=EDGE_CURVE('',#2805,#2806,#2601,.T.);
#3379=EDGE_CURVE('',#2806,#2807,#1188,.T.);
#3380=EDGE_CURVE('',#2807,#2804,#2602,.T.);
#3381=EDGE_CURVE('',#2808,#2809,#1189,.T.);
#3382=EDGE_CURVE('',#2809,#2805,#1190,.T.);
#3383=EDGE_CURVE('',#2804,#2808,#1191,.T.);
#3384=EDGE_CURVE('',#2810,#2811,#1192,.T.);
#3385=EDGE_CURVE('',#2811,#2809,#2603,.T.);
#3386=EDGE_CURVE('',#2808,#2810,#2604,.T.);
#3387=EDGE_CURVE('',#2806,#2811,#1193,.T.);
#3388=EDGE_CURVE('',#2810,#2807,#1194,.T.);
#3389=EDGE_CURVE('',#2804,#2812,#1195,.T.);
#3390=EDGE_CURVE('',#2813,#2812,#1196,.T.);
#3391=EDGE_CURVE('',#2808,#2813,#1197,.T.);
#3392=EDGE_CURVE('',#2807,#2814,#1198,.T.);
#3393=EDGE_CURVE('',#2812,#2814,#2605,.T.);
#3394=EDGE_CURVE('',#2815,#2816,#1199,.F.);
#3395=EDGE_CURVE('',#2817,#2815,#1200,.T.);
#3396=EDGE_CURVE('',#2818,#2817,#1201,.T.);
#3397=EDGE_CURVE('',#2819,#2818,#1202,.T.);
#3398=EDGE_CURVE('',#2820,#2819,#1203,.T.);
#3399=EDGE_CURVE('',#2821,#2820,#1204,.T.);
#3400=EDGE_CURVE('',#2822,#2821,#1205,.F.);
#3401=EDGE_CURVE('',#2822,#2816,#1206,.T.);
#3402=EDGE_CURVE('',#2823,#2824,#2606,.T.);
#3403=EDGE_CURVE('',#2825,#2823,#1207,.T.);
#3404=EDGE_CURVE('',#2826,#2825,#2607,.T.);
#3405=EDGE_CURVE('',#2824,#2826,#1208,.T.);
#3406=EDGE_CURVE('',#2827,#2828,#1209,.T.);
#3407=EDGE_CURVE('',#2829,#2827,#1210,.T.);
#3408=EDGE_CURVE('',#2830,#2829,#1211,.T.);
#3409=EDGE_CURVE('',#2828,#2830,#1212,.T.);
#3410=EDGE_CURVE('',#2831,#2832,#1213,.T.);
#3411=EDGE_CURVE('',#2833,#2831,#1214,.T.);
#3412=EDGE_CURVE('',#2834,#2833,#1215,.T.);
#3413=EDGE_CURVE('',#2832,#2834,#1216,.T.);
#3414=EDGE_CURVE('',#2835,#2823,#1217,.T.);
#3415=EDGE_CURVE('',#2824,#2836,#1218,.T.);
#3416=EDGE_CURVE('',#2836,#2835,#2608,.T.);
#3417=EDGE_CURVE('',#2837,#2825,#1219,.T.);
#3418=EDGE_CURVE('',#2835,#2837,#1220,.T.);
#3419=EDGE_CURVE('',#2838,#2826,#1221,.T.);
#3420=EDGE_CURVE('',#2837,#2838,#2609,.T.);
#3421=EDGE_CURVE('',#2838,#2836,#1222,.T.);
#3422=EDGE_CURVE('',#2835,#2839,#1223,.T.);
#3423=EDGE_CURVE('',#2840,#2839,#1224,.T.);
#3424=EDGE_CURVE('',#2837,#2840,#1225,.T.);
#3425=EDGE_CURVE('',#2836,#2841,#1226,.T.);
#3426=EDGE_CURVE('',#2839,#2841,#2610,.T.);
#3427=EDGE_CURVE('',#2842,#2842,#2611,.T.);
#3428=EDGE_CURVE('',#2842,#2843,#1227,.T.);
#3429=EDGE_CURVE('',#2843,#2843,#2612,.T.);
#3430=EDGE_CURVE('',#2844,#2845,#1228,.T.);
#3431=EDGE_CURVE('',#2846,#2844,#1229,.T.);
#3432=EDGE_CURVE('',#2847,#2846,#1230,.T.);
#3433=EDGE_CURVE('',#2848,#2847,#1231,.T.);
#3434=EDGE_CURVE('',#2845,#2848,#1232,.T.);
#3435=EDGE_CURVE('',#2842,#2849,#1233,.T.);
#3436=EDGE_CURVE('',#2849,#2849,#2613,.T.);
#3437=EDGE_CURVE('',#2850,#2850,#2614,.T.);
#3438=EDGE_CURVE('',#2850,#2851,#1234,.T.);
#3439=EDGE_CURVE('',#2851,#2851,#2615,.T.);
#3440=EDGE_CURVE('',#2852,#2853,#1235,.T.);
#3441=EDGE_CURVE('',#2854,#2852,#1236,.T.);
#3442=EDGE_CURVE('',#2855,#2854,#1237,.T.);
#3443=EDGE_CURVE('',#2856,#2855,#1238,.T.);
#3444=EDGE_CURVE('',#2853,#2856,#1239,.T.);
#3445=EDGE_CURVE('',#2850,#2857,#1240,.T.);
#3446=EDGE_CURVE('',#2857,#2857,#2616,.T.);
#3447=EDGE_CURVE('',#2858,#2858,#2617,.T.);
#3448=EDGE_CURVE('',#2858,#2859,#1241,.T.);
#3449=EDGE_CURVE('',#2859,#2859,#2618,.T.);
#3450=EDGE_CURVE('',#2860,#2861,#1242,.T.);
#3451=EDGE_CURVE('',#2862,#2860,#1243,.T.);
#3452=EDGE_CURVE('',#2863,#2862,#1244,.T.);
#3453=EDGE_CURVE('',#2864,#2863,#1245,.T.);
#3454=EDGE_CURVE('',#2865,#2864,#2619,.T.);
#3455=EDGE_CURVE('',#2866,#2865,#2620,.T.);
#3456=EDGE_CURVE('',#2867,#2866,#1246,.T.);
#3457=EDGE_CURVE('',#2868,#2867,#2621,.T.);
#3458=EDGE_CURVE('',#2869,#2868,#2622,.T.);
#3459=EDGE_CURVE('',#2861,#2869,#1247,.T.);
#3460=EDGE_CURVE('',#2870,#2870,#2623,.T.);
#3461=EDGE_CURVE('',#2871,#2871,#2624,.T.);
#3462=EDGE_CURVE('',#2859,#2872,#1248,.T.);
#3463=EDGE_CURVE('',#2872,#2873,#2625,.T.);
#3464=EDGE_CURVE('',#2873,#2874,#2626,.T.);
#3465=EDGE_CURVE('',#2874,#2875,#2627,.T.);
#3466=EDGE_CURVE('',#2875,#2872,#2628,.T.);
#3467=EDGE_CURVE('',#2870,#2876,#1249,.T.);
#3468=EDGE_CURVE('',#2876,#2876,#2629,.T.);
#3469=EDGE_CURVE('',#2876,#2877,#1250,.T.);
#3470=EDGE_CURVE('',#2877,#2878,#2630,.T.);
#3471=EDGE_CURVE('',#2878,#2879,#2631,.T.);
#3472=EDGE_CURVE('',#2879,#2880,#2632,.T.);
#3473=EDGE_CURVE('',#2880,#2877,#2633,.T.);
#3474=EDGE_CURVE('',#2833,#2881,#1251,.T.);
#3475=EDGE_CURVE('',#2881,#2852,#1252,.T.);
#3476=EDGE_CURVE('',#2852,#2834,#1253,.T.);
#3477=EDGE_CURVE('',#2853,#2882,#1254,.T.);
#3478=EDGE_CURVE('',#2882,#2831,#1255,.T.);
#3479=EDGE_CURVE('',#2832,#2853,#1256,.T.);
#3480=EDGE_CURVE('',#2882,#2881,#1257,.T.);
#3481=EDGE_CURVE('',#2882,#2883,#1258,.T.);
#3482=EDGE_CURVE('',#2883,#2884,#1259,.T.);
#3483=EDGE_CURVE('',#2884,#2881,#1260,.T.);
#3484=EDGE_CURVE('',#2885,#2856,#1261,.T.);
#3485=EDGE_CURVE('',#2886,#2885,#1262,.T.);
#3486=EDGE_CURVE('',#2886,#2887,#1263,.T.);
#3487=EDGE_CURVE('',#2887,#2888,#1264,.T.);
#3488=EDGE_CURVE('',#2883,#2888,#1265,.T.);
#3489=EDGE_CURVE('',#2829,#2889,#1266,.T.);
#3490=EDGE_CURVE('',#2889,#2844,#1267,.T.);
#3491=EDGE_CURVE('',#2844,#2830,#1268,.T.);
#3492=EDGE_CURVE('',#2845,#2890,#1269,.T.);
#3493=EDGE_CURVE('',#2890,#2827,#1270,.T.);
#3494=EDGE_CURVE('',#2828,#2845,#1271,.T.);
#3495=EDGE_CURVE('',#2890,#2889,#1272,.T.);
#3496=EDGE_CURVE('',#2890,#2891,#1273,.T.);
#3497=EDGE_CURVE('',#2891,#2892,#1274,.T.);
#3498=EDGE_CURVE('',#2892,#2889,#1275,.T.);
#3499=EDGE_CURVE('',#2893,#2848,#1276,.T.);
#3500=EDGE_CURVE('',#2894,#2893,#1277,.T.);
#3501=EDGE_CURVE('',#2894,#2895,#1278,.T.);
#3502=EDGE_CURVE('',#2895,#2896,#1279,.T.);
#3503=EDGE_CURVE('',#2891,#2896,#1280,.T.);
#3504=EDGE_CURVE('',#2897,#2898,#1281,.T.);
#3505=EDGE_CURVE('',#2898,#2899,#2634,.T.);
#3506=EDGE_CURVE('',#2899,#2900,#1282,.T.);
#3507=EDGE_CURVE('',#2900,#2897,#2635,.T.);
#3508=EDGE_CURVE('',#2901,#2902,#1283,.T.);
#3509=EDGE_CURVE('',#2902,#2898,#1284,.T.);
#3510=EDGE_CURVE('',#2897,#2901,#1285,.T.);
#3511=EDGE_CURVE('',#2903,#2904,#1286,.T.);
#3512=EDGE_CURVE('',#2904,#2902,#2636,.T.);
#3513=EDGE_CURVE('',#2901,#2903,#2637,.T.);
#3514=EDGE_CURVE('',#2899,#2904,#1287,.T.);
#3515=EDGE_CURVE('',#2903,#2900,#1288,.T.);
#3516=EDGE_CURVE('',#2905,#2897,#1289,.T.);
#3517=EDGE_CURVE('',#2906,#2905,#1290,.T.);
#3518=EDGE_CURVE('',#2906,#2901,#1291,.T.);
#3519=EDGE_CURVE('',#2907,#2900,#1292,.T.);
#3520=EDGE_CURVE('',#2905,#2907,#2638,.T.);
#3521=EDGE_CURVE('',#2908,#2909,#1293,.T.);
#3522=EDGE_CURVE('',#2910,#2908,#1294,.T.);
#3523=EDGE_CURVE('',#2911,#2910,#37,.T.);
#3524=EDGE_CURVE('',#2912,#2911,#1295,.T.);
#3525=EDGE_CURVE('',#2913,#2912,#38,.T.);
#3526=EDGE_CURVE('',#2913,#2909,#1296,.T.);
#3527=EDGE_CURVE('',#2914,#2915,#2639,.T.);
#3528=EDGE_CURVE('',#2916,#2914,#1297,.T.);
#3529=EDGE_CURVE('',#2917,#2916,#2640,.T.);
#3530=EDGE_CURVE('',#2915,#2917,#1298,.T.);
#3531=EDGE_CURVE('',#2918,#2812,#1299,.T.);
#3532=EDGE_CURVE('',#2814,#2919,#1300,.T.);
#3533=EDGE_CURVE('',#2919,#2918,#2641,.T.);
#3534=EDGE_CURVE('',#2920,#2813,#1301,.T.);
#3535=EDGE_CURVE('',#2918,#2920,#1302,.T.);
#3536=EDGE_CURVE('',#2921,#2922,#1303,.T.);
#3537=EDGE_CURVE('',#2922,#2813,#2642,.T.);
#3538=EDGE_CURVE('',#2920,#2921,#2643,.T.);
#3539=EDGE_CURVE('',#2814,#2922,#1304,.T.);
#3540=EDGE_CURVE('',#2921,#2919,#1305,.T.);
#3541=EDGE_CURVE('',#2810,#2922,#1306,.T.);
#3542=EDGE_CURVE('',#2907,#2923,#1307,.T.);
#3543=EDGE_CURVE('',#2923,#2906,#2644,.T.);
#3544=EDGE_CURVE('',#2924,#2925,#1308,.T.);
#3545=EDGE_CURVE('',#2925,#2840,#2645,.T.);
#3546=EDGE_CURVE('',#2840,#2926,#1309,.T.);
#3547=EDGE_CURVE('',#2926,#2924,#2646,.T.);
#3548=EDGE_CURVE('',#2927,#2841,#1310,.T.);
#3549=EDGE_CURVE('',#2841,#2925,#1311,.T.);
#3550=EDGE_CURVE('',#2924,#2927,#1312,.T.);
#3551=EDGE_CURVE('',#2928,#2839,#1313,.T.);
#3552=EDGE_CURVE('',#2927,#2928,#2647,.T.);
#3553=EDGE_CURVE('',#2928,#2926,#1314,.T.);
#3554=EDGE_CURVE('',#2838,#2925,#1315,.T.);
#3555=EDGE_CURVE('',#2929,#2930,#1316,.T.);
#3556=EDGE_CURVE('',#2930,#2931,#2648,.T.);
#3557=EDGE_CURVE('',#2931,#2932,#1317,.T.);
#3558=EDGE_CURVE('',#2932,#2929,#2649,.T.);
#3559=EDGE_CURVE('',#2933,#2914,#1318,.T.);
#3560=EDGE_CURVE('',#2915,#2934,#1319,.T.);
#3561=EDGE_CURVE('',#2934,#2933,#2650,.T.);
#3562=EDGE_CURVE('',#2935,#2916,#1320,.T.);
#3563=EDGE_CURVE('',#2933,#2935,#1321,.T.);
#3564=EDGE_CURVE('',#2936,#2917,#1322,.T.);
#3565=EDGE_CURVE('',#2935,#2936,#2651,.T.);
#3566=EDGE_CURVE('',#2936,#2934,#1323,.T.);
#3567=EDGE_CURVE('',#2930,#2933,#1324,.T.);
#3568=EDGE_CURVE('',#2929,#2935,#1325,.T.);
#3569=EDGE_CURVE('',#2931,#2934,#1326,.T.);
#3570=EDGE_CURVE('',#2937,#2937,#2652,.T.);
#3571=EDGE_CURVE('',#2937,#2938,#1327,.T.);
#3572=EDGE_CURVE('',#2938,#2938,#2653,.T.);
#3573=EDGE_CURVE('',#2937,#2939,#1328,.T.);
#3574=EDGE_CURVE('',#2939,#2939,#2654,.T.);
#3575=EDGE_CURVE('',#2940,#2941,#1329,.T.);
#3576=EDGE_CURVE('',#2942,#2940,#2655,.T.);
#3577=EDGE_CURVE('',#2943,#2942,#1330,.T.);
#3578=EDGE_CURVE('',#2944,#2943,#1331,.T.);
#3579=EDGE_CURVE('',#2945,#2944,#1332,.T.);
#3580=EDGE_CURVE('',#2946,#2945,#2656,.T.);
#3581=EDGE_CURVE('',#2947,#2946,#1333,.T.);
#3582=EDGE_CURVE('',#2941,#2947,#1334,.T.);
#3583=EDGE_CURVE('',#2948,#2949,#1335,.T.);
#3584=EDGE_CURVE('',#2949,#2950,#2657,.T.);
#3585=EDGE_CURVE('',#2950,#2951,#1336,.T.);
#3586=EDGE_CURVE('',#2951,#2948,#2658,.T.);
#3587=EDGE_CURVE('',#2952,#2953,#1337,.T.);
#3588=EDGE_CURVE('',#2953,#2949,#1338,.T.);
#3589=EDGE_CURVE('',#2948,#2952,#1339,.T.);
#3590=EDGE_CURVE('',#2954,#2955,#1340,.T.);
#3591=EDGE_CURVE('',#2955,#2953,#2659,.T.);
#3592=EDGE_CURVE('',#2952,#2954,#2660,.T.);
#3593=EDGE_CURVE('',#2950,#2955,#1341,.T.);
#3594=EDGE_CURVE('',#2954,#2951,#1342,.T.);
#3595=EDGE_CURVE('',#2948,#2956,#1343,.T.);
#3596=EDGE_CURVE('',#2957,#2956,#1344,.T.);
#3597=EDGE_CURVE('',#2952,#2957,#1345,.T.);
#3598=EDGE_CURVE('',#2951,#2958,#1346,.T.);
#3599=EDGE_CURVE('',#2956,#2958,#2661,.T.);
#3600=EDGE_CURVE('',#2959,#2960,#1347,.T.);
#3601=EDGE_CURVE('',#2961,#2959,#1348,.T.);
#3602=EDGE_CURVE('',#2962,#2961,#1349,.T.);
#3603=EDGE_CURVE('',#2963,#2962,#1350,.T.);
#3604=EDGE_CURVE('',#2964,#2963,#1351,.T.);
#3605=EDGE_CURVE('',#2965,#2964,#1352,.T.);
#3606=EDGE_CURVE('',#2966,#2965,#2662,.T.);
#3607=EDGE_CURVE('',#2967,#2966,#1353,.T.);
#3608=EDGE_CURVE('',#2968,#2967,#1354,.T.);
#3609=EDGE_CURVE('',#2960,#2968,#1355,.T.);
#3610=EDGE_CURVE('',#2969,#2970,#1356,.T.);
#3611=EDGE_CURVE('',#2971,#2969,#2663,.T.);
#3612=EDGE_CURVE('',#2972,#2971,#1357,.T.);
#3613=EDGE_CURVE('',#2970,#2972,#2664,.T.);
#3614=EDGE_CURVE('',#2973,#2974,#2665,.T.);
#3615=EDGE_CURVE('',#2975,#2973,#1358,.T.);
#3616=EDGE_CURVE('',#2976,#2975,#2666,.T.);
#3617=EDGE_CURVE('',#2974,#2976,#1359,.T.);
#3618=EDGE_CURVE('',#2977,#2978,#1360,.T.);
#3619=EDGE_CURVE('',#2979,#2977,#1361,.T.);
#3620=EDGE_CURVE('',#2980,#2979,#1362,.T.);
#3621=EDGE_CURVE('',#2981,#2980,#1363,.T.);
#3622=EDGE_CURVE('',#2982,#2981,#1364,.T.);
#3623=EDGE_CURVE('',#2978,#2982,#1365,.T.);
#3624=EDGE_CURVE('',#2983,#2984,#2667,.T.);
#3625=EDGE_CURVE('',#2985,#2983,#1366,.T.);
#3626=EDGE_CURVE('',#2986,#2985,#1367,.T.);
#3627=EDGE_CURVE('',#2987,#2986,#1368,.T.);
#3628=EDGE_CURVE('',#2988,#2987,#1369,.T.);
#3629=EDGE_CURVE('',#2989,#2988,#1370,.T.);
#3630=EDGE_CURVE('',#2990,#2989,#2668,.T.);
#3631=EDGE_CURVE('',#2991,#2990,#1371,.T.);
#3632=EDGE_CURVE('',#2992,#2991,#1372,.T.);
#3633=EDGE_CURVE('',#2993,#2992,#1373,.T.);
#3634=EDGE_CURVE('',#2994,#2993,#1374,.T.);
#3635=EDGE_CURVE('',#2984,#2994,#1375,.T.);
#3636=EDGE_CURVE('',#2995,#2996,#1376,.T.);
#3637=EDGE_CURVE('',#2997,#2995,#2669,.T.);
#3638=EDGE_CURVE('',#2998,#2997,#1377,.T.);
#3639=EDGE_CURVE('',#2996,#2998,#2670,.T.);
#3640=EDGE_CURVE('',#2999,#2969,#1378,.T.);
#3641=EDGE_CURVE('',#2970,#3000,#1379,.T.);
#3642=EDGE_CURVE('',#3000,#2999,#1380,.T.);
#3643=EDGE_CURVE('',#3001,#2971,#1381,.T.);
#3644=EDGE_CURVE('',#2999,#3001,#2671,.T.);
#3645=EDGE_CURVE('',#3002,#2972,#1382,.T.);
#3646=EDGE_CURVE('',#3001,#3002,#1383,.T.);
#3647=EDGE_CURVE('',#3002,#3000,#2672,.T.);
#3648=EDGE_CURVE('',#2999,#3003,#1384,.T.);
#3649=EDGE_CURVE('',#3004,#3003,#2673,.T.);
#3650=EDGE_CURVE('',#3001,#3004,#1385,.T.);
#3651=EDGE_CURVE('',#3000,#3005,#1386,.T.);
#3652=EDGE_CURVE('',#3003,#3005,#1387,.T.);
#3653=EDGE_CURVE('',#3006,#2995,#1388,.T.);
#3654=EDGE_CURVE('',#2996,#3007,#1389,.T.);
#3655=EDGE_CURVE('',#3007,#3006,#1390,.T.);
#3656=EDGE_CURVE('',#3008,#2997,#1391,.T.);
#3657=EDGE_CURVE('',#3006,#3008,#2674,.T.);
#3658=EDGE_CURVE('',#3009,#2998,#1392,.T.);
#3659=EDGE_CURVE('',#3008,#3009,#1393,.T.);
#3660=EDGE_CURVE('',#3009,#3007,#2675,.T.);
#3661=EDGE_CURVE('',#3006,#3010,#1394,.T.);
#3662=EDGE_CURVE('',#3011,#3010,#2676,.T.);
#3663=EDGE_CURVE('',#3008,#3011,#1395,.T.);
#3664=EDGE_CURVE('',#3007,#3012,#1396,.T.);
#3665=EDGE_CURVE('',#3010,#3012,#1397,.T.);
#3666=EDGE_CURVE('',#3013,#2973,#1398,.T.);
#3667=EDGE_CURVE('',#2974,#3014,#1399,.T.);
#3668=EDGE_CURVE('',#3014,#3013,#2677,.T.);
#3669=EDGE_CURVE('',#3015,#2975,#1400,.T.);
#3670=EDGE_CURVE('',#3013,#3015,#1401,.T.);
#3671=EDGE_CURVE('',#3016,#2976,#1402,.T.);
#3672=EDGE_CURVE('',#3015,#3016,#2678,.T.);
#3673=EDGE_CURVE('',#3016,#3014,#1403,.T.);
#3674=EDGE_CURVE('',#3013,#3017,#1404,.T.);
#3675=EDGE_CURVE('',#3018,#3017,#1405,.T.);
#3676=EDGE_CURVE('',#3015,#3018,#1406,.T.);
#3677=EDGE_CURVE('',#3014,#3019,#1407,.T.);
#3678=EDGE_CURVE('',#3017,#3019,#2679,.T.);
#3679=EDGE_CURVE('',#3020,#3021,#1408,.T.);
#3680=EDGE_CURVE('',#3021,#2940,#39,.F.);
#3681=EDGE_CURVE('',#2941,#3020,#1409,.T.);
#3682=EDGE_CURVE('',#2947,#3022,#1410,.T.);
#3683=EDGE_CURVE('',#3022,#3020,#1411,.T.);
#3684=EDGE_CURVE('',#2946,#3023,#40,.F.);
#3685=EDGE_CURVE('',#3023,#3022,#1412,.T.);
#3686=EDGE_CURVE('',#3024,#3021,#1413,.T.);
#3687=EDGE_CURVE('',#3020,#3025,#1414,.T.);
#3688=EDGE_CURVE('',#3025,#3026,#1415,.T.);
#3689=EDGE_CURVE('',#3027,#3026,#1416,.T.);
#3690=EDGE_CURVE('',#3024,#3027,#1417,.T.);
#3691=EDGE_CURVE('',#3022,#3028,#1418,.T.);
#3692=EDGE_CURVE('',#3028,#3029,#1419,.T.);
#3693=EDGE_CURVE('',#3029,#3030,#1420,.T.);
#3694=EDGE_CURVE('',#3030,#3031,#1421,.T.);
#3695=EDGE_CURVE('',#3032,#3031,#1422,.T.);
#3696=EDGE_CURVE('',#3032,#3025,#1423,.T.);
#3697=EDGE_CURVE('',#3023,#3033,#1424,.T.);
#3698=EDGE_CURVE('',#3034,#3033,#1425,.T.);
#3699=EDGE_CURVE('',#3034,#3035,#1426,.T.);
#3700=EDGE_CURVE('',#3035,#3028,#1427,.T.);
#3701=EDGE_CURVE('',#3036,#3037,#1428,.T.);
#3702=EDGE_CURVE('',#3037,#2945,#41,.F.);
#3703=EDGE_CURVE('',#2944,#3036,#1429,.T.);
#3704=EDGE_CURVE('',#3038,#3036,#1430,.T.);
#3705=EDGE_CURVE('',#2943,#3038,#1431,.T.);
#3706=EDGE_CURVE('',#2942,#3039,#42,.F.);
#3707=EDGE_CURVE('',#3039,#3038,#1432,.T.);
#3708=EDGE_CURVE('',#3040,#3037,#1433,.T.);
#3709=EDGE_CURVE('',#3036,#3041,#1434,.T.);
#3710=EDGE_CURVE('',#3041,#3042,#1435,.T.);
#3711=EDGE_CURVE('',#3043,#3042,#1436,.T.);
#3712=EDGE_CURVE('',#3043,#3044,#1437,.T.);
#3713=EDGE_CURVE('',#3045,#3044,#1438,.T.);
#3714=EDGE_CURVE('',#3040,#3045,#1439,.T.);
#3715=EDGE_CURVE('',#3038,#3046,#1440,.T.);
#3716=EDGE_CURVE('',#3046,#3041,#1441,.T.);
#3717=EDGE_CURVE('',#3039,#3047,#1442,.T.);
#3718=EDGE_CURVE('',#3048,#3047,#1443,.T.);
#3719=EDGE_CURVE('',#3048,#3049,#1444,.T.);
#3720=EDGE_CURVE('',#3049,#3050,#1445,.T.);
#3721=EDGE_CURVE('',#3050,#3051,#1446,.T.);
#3722=EDGE_CURVE('',#3051,#3046,#1447,.T.);
#3723=EDGE_CURVE('',#3052,#3053,#1448,.T.);
#3724=EDGE_CURVE('',#3053,#3054,#1449,.T.);
#3725=EDGE_CURVE('',#3054,#3055,#1450,.T.);
#3726=EDGE_CURVE('',#3055,#3052,#1451,.T.);
#3727=EDGE_CURVE('',#2863,#3056,#1452,.T.);
#3728=EDGE_CURVE('',#3056,#3055,#2680,.T.);
#3729=EDGE_CURVE('',#3054,#2863,#2681,.T.);
#3730=EDGE_CURVE('',#2818,#3056,#1453,.T.);
#3731=EDGE_CURVE('',#2862,#2818,#1454,.T.);
#3732=EDGE_CURVE('',#2860,#2819,#1455,.T.);
#3733=EDGE_CURVE('',#2861,#3057,#1456,.T.);
#3734=EDGE_CURVE('',#3057,#2819,#1457,.T.);
#3735=EDGE_CURVE('',#3058,#3059,#1458,.T.);
#3736=EDGE_CURVE('',#3059,#3057,#2682,.T.);
#3737=EDGE_CURVE('',#2861,#3058,#2683,.T.);
#3738=EDGE_CURVE('',#3060,#3061,#1459,.T.);
#3739=EDGE_CURVE('',#3061,#3059,#1460,.T.);
#3740=EDGE_CURVE('',#3058,#3060,#1461,.T.);
#3741=EDGE_CURVE('',#2869,#3062,#2684,.T.);
#3742=EDGE_CURVE('',#3058,#3062,#1462,.T.);
#3743=EDGE_CURVE('',#3063,#3054,#1463,.T.);
#3744=EDGE_CURVE('',#3063,#2864,#2685,.T.);
#3745=EDGE_CURVE('',#3064,#3053,#1464,.T.);
#3746=EDGE_CURVE('',#3065,#3064,#1465,.T.);
#3747=EDGE_CURVE('',#3066,#3065,#1466,.T.);
#3748=EDGE_CURVE('',#3066,#3063,#1467,.T.);
#3749=EDGE_CURVE('',#3067,#3068,#1468,.T.);
#3750=EDGE_CURVE('',#3069,#3068,#1469,.T.);
#3751=EDGE_CURVE('',#3069,#2960,#1470,.F.);
#3752=EDGE_CURVE('',#2968,#3070,#1471,.T.);
#3753=EDGE_CURVE('',#3070,#3071,#1472,.T.);
#3754=EDGE_CURVE('',#3071,#3067,#1473,.T.);
#3755=EDGE_CURVE('',#3072,#3071,#1474,.T.);
#3756=EDGE_CURVE('',#3070,#3073,#1475,.T.);
#3757=EDGE_CURVE('',#3073,#3072,#1476,.T.);
#3758=EDGE_CURVE('',#3073,#2963,#1477,.T.);
#3759=EDGE_CURVE('',#3074,#2962,#1478,.T.);
#3760=EDGE_CURVE('',#3074,#3075,#1479,.F.);
#3761=EDGE_CURVE('',#3075,#3076,#1480,.T.);
#3762=EDGE_CURVE('',#3076,#3072,#1481,.T.);
#3763=EDGE_CURVE('',#3067,#3077,#1482,.T.);
#3764=EDGE_CURVE('',#3077,#3078,#1483,.T.);
#3765=EDGE_CURVE('',#3079,#3078,#1484,.T.);
#3766=EDGE_CURVE('',#3079,#3080,#1485,.T.);
#3767=EDGE_CURVE('',#3068,#3080,#1486,.T.);
#3768=EDGE_CURVE('',#3076,#3081,#1487,.T.);
#3769=EDGE_CURVE('',#3081,#3077,#1488,.T.);
#3770=EDGE_CURVE('',#3075,#3082,#1489,.T.);
#3771=EDGE_CURVE('',#3082,#3083,#1490,.T.);
#3772=EDGE_CURVE('',#3083,#3084,#1491,.T.);
#3773=EDGE_CURVE('',#3084,#3081,#1492,.T.);
#3774=EDGE_CURVE('',#3085,#3074,#1493,.T.);
#3775=EDGE_CURVE('',#2961,#3085,#1494,.T.);
#3776=EDGE_CURVE('',#3086,#3069,#1495,.T.);
#3777=EDGE_CURVE('',#3086,#2959,#1496,.T.);
#3778=EDGE_CURVE('',#3086,#3085,#1497,.T.);
#3779=EDGE_CURVE('',#3085,#3087,#1498,.T.);
#3780=EDGE_CURVE('',#3087,#3088,#1499,.T.);
#3781=EDGE_CURVE('',#3089,#3088,#1500,.T.);
#3782=EDGE_CURVE('',#3089,#3082,#1501,.T.);
#3783=EDGE_CURVE('',#3086,#3090,#1502,.T.);
#3784=EDGE_CURVE('',#3090,#3087,#1503,.T.);
#3785=EDGE_CURVE('',#3080,#3091,#1504,.T.);
#3786=EDGE_CURVE('',#3091,#3092,#1505,.T.);
#3787=EDGE_CURVE('',#3092,#3090,#1506,.T.);
#3788=EDGE_CURVE('',#3093,#3093,#2686,.T.);
#3789=EDGE_CURVE('',#3093,#3094,#1507,.T.);
#3790=EDGE_CURVE('',#3094,#3094,#2687,.T.);
#3791=EDGE_CURVE('',#3095,#3096,#2688,.T.);
#3792=EDGE_CURVE('',#3096,#3094,#1508,.T.);
#3793=EDGE_CURVE('',#3096,#3097,#2689,.T.);
#3794=EDGE_CURVE('',#3097,#3098,#2690,.T.);
#3795=EDGE_CURVE('',#3098,#3095,#2691,.T.);
#3796=EDGE_CURVE('',#3099,#3100,#1509,.T.);
#3797=EDGE_CURVE('',#3099,#3101,#2692,.T.);
#3798=EDGE_CURVE('',#3101,#3102,#1510,.T.);
#3799=EDGE_CURVE('',#3102,#3103,#2693,.T.);
#3800=EDGE_CURVE('',#3103,#3104,#2694,.T.);
#3801=EDGE_CURVE('',#3104,#3105,#1511,.T.);
#3802=EDGE_CURVE('',#3105,#3106,#2695,.T.);
#3803=EDGE_CURVE('',#3106,#3107,#1512,.T.);
#3804=EDGE_CURVE('',#3107,#3108,#2696,.T.);
#3805=EDGE_CURVE('',#3108,#3109,#2697,.T.);
#3806=EDGE_CURVE('',#3109,#3110,#1513,.T.);
#3807=EDGE_CURVE('',#3110,#3111,#2698,.T.);
#3808=EDGE_CURVE('',#3112,#3111,#1514,.T.);
#3809=EDGE_CURVE('',#3100,#3112,#2699,.T.);
#3810=EDGE_CURVE('',#2987,#3113,#1515,.T.);
#3811=EDGE_CURVE('',#3113,#3048,#1516,.T.);
#3812=EDGE_CURVE('',#2988,#3048,#1517,.T.);
#3813=EDGE_CURVE('',#2986,#3114,#1518,.T.);
#3814=EDGE_CURVE('',#3114,#3113,#1519,.T.);
#3815=EDGE_CURVE('',#2985,#3045,#1520,.T.);
#3816=EDGE_CURVE('',#3045,#3114,#1521,.T.);
#3817=EDGE_CURVE('',#2983,#3040,#25,.T.);
#3818=EDGE_CURVE('',#2984,#3033,#26,.T.);
#3819=EDGE_CURVE('',#3033,#3040,#2700,.T.);
#3820=EDGE_CURVE('',#2994,#3034,#1522,.T.);
#3821=EDGE_CURVE('',#2993,#3115,#1523,.T.);
#3822=EDGE_CURVE('',#3115,#3034,#1524,.T.);
#3823=EDGE_CURVE('',#3116,#3115,#1525,.T.);
#3824=EDGE_CURVE('',#2992,#3116,#1526,.T.);
#3825=EDGE_CURVE('',#3027,#3116,#1527,.T.);
#3826=EDGE_CURVE('',#2991,#3027,#1528,.T.);
#3827=EDGE_CURVE('',#2990,#3024,#27,.T.);
#3828=EDGE_CURVE('',#3047,#3024,#2701,.T.);
#3829=EDGE_CURVE('',#2989,#3047,#28,.T.);
#3830=EDGE_CURVE('',#3115,#3117,#1529,.T.);
#3831=EDGE_CURVE('',#3117,#3035,#1530,.T.);
#3832=EDGE_CURVE('',#3116,#3118,#1531,.T.);
#3833=EDGE_CURVE('',#3118,#3119,#1532,.T.);
#3834=EDGE_CURVE('',#3119,#3120,#1533,.T.);
#3835=EDGE_CURVE('',#3120,#3121,#1534,.T.);
#3836=EDGE_CURVE('',#3122,#3121,#1535,.T.);
#3837=EDGE_CURVE('',#3122,#3117,#1536,.T.);
#3838=EDGE_CURVE('',#3026,#3118,#1537,.T.);
#3839=EDGE_CURVE('',#3113,#3123,#1538,.T.);
#3840=EDGE_CURVE('',#3123,#3124,#1539,.T.);
#3841=EDGE_CURVE('',#3125,#3124,#1540,.T.);
#3842=EDGE_CURVE('',#3125,#3049,#1541,.T.);
#3843=EDGE_CURVE('',#2978,#3126,#1542,.T.);
#3844=EDGE_CURVE('',#3126,#3127,#1543,.T.);
#3845=EDGE_CURVE('',#3127,#2977,#1544,.T.);
#3846=EDGE_CURVE('',#2982,#3128,#1545,.T.);
#3847=EDGE_CURVE('',#3128,#3126,#1546,.T.);
#3848=EDGE_CURVE('',#2981,#3129,#1547,.T.);
#3849=EDGE_CURVE('',#3129,#3128,#1548,.T.);
#3850=EDGE_CURVE('',#3130,#3129,#1549,.T.);
#3851=EDGE_CURVE('',#2980,#3130,#1550,.T.);
#3852=EDGE_CURVE('',#3131,#3130,#1551,.T.);
#3853=EDGE_CURVE('',#2979,#3131,#1552,.T.);
#3854=EDGE_CURVE('',#3127,#3131,#1553,.T.);
#3855=EDGE_CURVE('',#3131,#3132,#1554,.T.);
#3856=EDGE_CURVE('',#3132,#3133,#1555,.T.);
#3857=EDGE_CURVE('',#3134,#3133,#1556,.T.);
#3858=EDGE_CURVE('',#3134,#3135,#1557,.T.);
#3859=EDGE_CURVE('',#3130,#3135,#1558,.T.);
#3860=EDGE_CURVE('',#3127,#3136,#1559,.T.);
#3861=EDGE_CURVE('',#3136,#3132,#1560,.T.);
#3862=EDGE_CURVE('',#3126,#3137,#1561,.T.);
#3863=EDGE_CURVE('',#3137,#3138,#1562,.T.);
#3864=EDGE_CURVE('',#3138,#3139,#1563,.T.);
#3865=EDGE_CURVE('',#3139,#3136,#1564,.T.);
#3866=EDGE_CURVE('',#3140,#3140,#2702,.T.);
#3867=EDGE_CURVE('',#3140,#2939,#1565,.T.);
#3868=EDGE_CURVE('',#3141,#3142,#2703,.T.);
#3869=EDGE_CURVE('',#3143,#3141,#2704,.T.);
#3870=EDGE_CURVE('',#3143,#3144,#2705,.T.);
#3871=EDGE_CURVE('',#3144,#3145,#1566,.T.);
#3872=EDGE_CURVE('',#3146,#3145,#1567,.T.);
#3873=EDGE_CURVE('',#3146,#3147,#2706,.F.);
#3874=EDGE_CURVE('',#3147,#3148,#2707,.T.);
#3875=EDGE_CURVE('',#3148,#3149,#1568,.T.);
#3876=EDGE_CURVE('',#3149,#3150,#2708,.T.);
#3877=EDGE_CURVE('',#3150,#3151,#1569,.T.);
#3878=EDGE_CURVE('',#3151,#3152,#2709,.T.);
#3879=EDGE_CURVE('',#3152,#3153,#2710,.F.);
#3880=EDGE_CURVE('',#3153,#3154,#1570,.F.);
#3881=EDGE_CURVE('',#3154,#3155,#1571,.T.);
#3882=EDGE_CURVE('',#3155,#3156,#2711,.T.);
#3883=EDGE_CURVE('',#3157,#3156,#2712,.T.);
#3884=EDGE_CURVE('',#3158,#3157,#2713,.T.);
#3885=EDGE_CURVE('',#3159,#3158,#2714,.T.);
#3886=EDGE_CURVE('',#3159,#3160,#2715,.T.);
#3887=EDGE_CURVE('',#3160,#3161,#1572,.T.);
#3888=EDGE_CURVE('',#3161,#3162,#2716,.T.);
#3889=EDGE_CURVE('',#3142,#3162,#2717,.T.);
#3890=EDGE_CURVE('',#3163,#3164,#2718,.T.);
#3891=EDGE_CURVE('',#3164,#3165,#1573,.T.);
#3892=EDGE_CURVE('',#3165,#3166,#2719,.T.);
#3893=EDGE_CURVE('',#3166,#3163,#1574,.T.);
#3894=EDGE_CURVE('',#3167,#3168,#2720,.T.);
#3895=EDGE_CURVE('',#3168,#3169,#1575,.T.);
#3896=EDGE_CURVE('',#3169,#3170,#2721,.T.);
#3897=EDGE_CURVE('',#3170,#3167,#1576,.T.);
#3898=EDGE_CURVE('',#3171,#2874,#1577,.T.);
#3899=EDGE_CURVE('',#2875,#3171,#1578,.T.);
#3900=EDGE_CURVE('',#3172,#2875,#1579,.T.);
#3901=EDGE_CURVE('',#2872,#3172,#1580,.T.);
#3902=EDGE_CURVE('',#3173,#2872,#1581,.T.);
#3903=EDGE_CURVE('',#2873,#3173,#1582,.T.);
#3904=EDGE_CURVE('',#3174,#2873,#1583,.T.);
#3905=EDGE_CURVE('',#2874,#3174,#1584,.T.);
#3906=EDGE_CURVE('',#3175,#3176,#1585,.T.);
#3907=EDGE_CURVE('',#3175,#3173,#1586,.T.);
#3908=EDGE_CURVE('',#3176,#3172,#1587,.T.);
#3909=EDGE_CURVE('',#3177,#3178,#1588,.T.);
#3910=EDGE_CURVE('',#3177,#3171,#1589,.T.);
#3911=EDGE_CURVE('',#3178,#3174,#1590,.T.);
#3912=EDGE_CURVE('',#3179,#2879,#1591,.T.);
#3913=EDGE_CURVE('',#2880,#3179,#1592,.T.);
#3914=EDGE_CURVE('',#3180,#2880,#1593,.T.);
#3915=EDGE_CURVE('',#2877,#3180,#1594,.T.);
#3916=EDGE_CURVE('',#3181,#2877,#1595,.T.);
#3917=EDGE_CURVE('',#2878,#3181,#1596,.T.);
#3918=EDGE_CURVE('',#3182,#2878,#1597,.T.);
#3919=EDGE_CURVE('',#2879,#3182,#1598,.T.);
#3920=EDGE_CURVE('',#3183,#3184,#1599,.T.);
#3921=EDGE_CURVE('',#3183,#3181,#1600,.T.);
#3922=EDGE_CURVE('',#3184,#3180,#1601,.T.);
#3923=EDGE_CURVE('',#3185,#3186,#1602,.T.);
#3924=EDGE_CURVE('',#3185,#3179,#1603,.T.);
#3925=EDGE_CURVE('',#3186,#3182,#1604,.T.);
#3926=EDGE_CURVE('',#3187,#3178,#1605,.T.);
#3927=EDGE_CURVE('',#3188,#3187,#1606,.T.);
#3928=EDGE_CURVE('',#3177,#3188,#1607,.T.);
#3929=EDGE_CURVE('',#3189,#3186,#1608,.T.);
#3930=EDGE_CURVE('',#3190,#3189,#1609,.T.);
#3931=EDGE_CURVE('',#3185,#3190,#1610,.T.);
#3932=EDGE_CURVE('',#2888,#3184,#1611,.T.);
#3933=EDGE_CURVE('',#3183,#2887,#1612,.T.);
#3934=EDGE_CURVE('',#2884,#3190,#1613,.T.);
#3935=EDGE_CURVE('',#3191,#2886,#1614,.T.);
#3936=EDGE_CURVE('',#3191,#3189,#1615,.T.);
#3937=EDGE_CURVE('',#2896,#3176,#1616,.T.);
#3938=EDGE_CURVE('',#3175,#2895,#1617,.T.);
#3939=EDGE_CURVE('',#2892,#3188,#1618,.T.);
#3940=EDGE_CURVE('',#3192,#2894,#1619,.T.);
#3941=EDGE_CURVE('',#3192,#3187,#1620,.T.);
#3942=EDGE_CURVE('',#2885,#3193,#1621,.T.);
#3943=EDGE_CURVE('',#3193,#3194,#1622,.T.);
#3944=EDGE_CURVE('',#3194,#3191,#1623,.T.);
#3945=EDGE_CURVE('',#2893,#3195,#1624,.T.);
#3946=EDGE_CURVE('',#3195,#3196,#1625,.T.);
#3947=EDGE_CURVE('',#3196,#3192,#1626,.T.);
#3948=EDGE_CURVE('',#3197,#3198,#1627,.T.);
#3949=EDGE_CURVE('',#3199,#3198,#1628,.T.);
#3950=EDGE_CURVE('',#3200,#3199,#1629,.T.);
#3951=EDGE_CURVE('',#3200,#3201,#1630,.T.);
#3952=EDGE_CURVE('',#3201,#3197,#1631,.T.);
#3953=EDGE_CURVE('',#3202,#3203,#2722,.T.);
#3954=EDGE_CURVE('',#3204,#3202,#1632,.T.);
#3955=EDGE_CURVE('',#3203,#3204,#1633,.T.);
#3956=EDGE_CURVE('',#3203,#3205,#2723,.T.);
#3957=EDGE_CURVE('',#3206,#3203,#1634,.T.);
#3958=EDGE_CURVE('',#3205,#3206,#1635,.T.);
#3959=EDGE_CURVE('',#3205,#3197,#2724,.T.);
#3960=EDGE_CURVE('',#3198,#3205,#1636,.T.);
#3961=EDGE_CURVE('',#3197,#3207,#2725,.T.);
#3962=EDGE_CURVE('',#3202,#3201,#1637,.T.);
#3963=EDGE_CURVE('',#3207,#3202,#2726,.T.);
#3964=EDGE_CURVE('',#3208,#3204,#1638,.T.);
#3965=EDGE_CURVE('',#3209,#3208,#1639,.T.);
#3966=EDGE_CURVE('',#3209,#3206,#1640,.T.);
#3967=EDGE_CURVE('',#3210,#3211,#1641,.T.);
#3968=EDGE_CURVE('',#3212,#3211,#1642,.T.);
#3969=EDGE_CURVE('',#3213,#3212,#1643,.T.);
#3970=EDGE_CURVE('',#3213,#3214,#1644,.T.);
#3971=EDGE_CURVE('',#3214,#3210,#1645,.T.);
#3972=EDGE_CURVE('',#3215,#3210,#2727,.T.);
#3973=EDGE_CURVE('',#3211,#3215,#1646,.T.);
#3974=EDGE_CURVE('',#3210,#3216,#2728,.T.);
#3975=EDGE_CURVE('',#3216,#3214,#1647,.T.);
#3976=EDGE_CURVE('',#3216,#3217,#2729,.T.);
#3977=EDGE_CURVE('',#3218,#3216,#1648,.T.);
#3978=EDGE_CURVE('',#3219,#3218,#1649,.T.);
#3979=EDGE_CURVE('',#3217,#3219,#2730,.T.);
#3980=EDGE_CURVE('',#3219,#3215,#2731,.T.);
#3981=EDGE_CURVE('',#3220,#3219,#1650,.T.);
#3982=EDGE_CURVE('',#3215,#3220,#1651,.T.);
#3983=EDGE_CURVE('',#3221,#3218,#1652,.T.);
#3984=EDGE_CURVE('',#3222,#3221,#1653,.T.);
#3985=EDGE_CURVE('',#3222,#3220,#1654,.T.);
#3986=EDGE_CURVE('',#3223,#3224,#1655,.T.);
#3987=EDGE_CURVE('',#3225,#3224,#1656,.T.);
#3988=EDGE_CURVE('',#3226,#3225,#1657,.T.);
#3989=EDGE_CURVE('',#3226,#3227,#1658,.T.);
#3990=EDGE_CURVE('',#3227,#3223,#1659,.T.);
#3991=EDGE_CURVE('',#3228,#3229,#2732,.T.);
#3992=EDGE_CURVE('',#3230,#3228,#1660,.T.);
#3993=EDGE_CURVE('',#3229,#3230,#1661,.T.);
#3994=EDGE_CURVE('',#3229,#3231,#2733,.T.);
#3995=EDGE_CURVE('',#3232,#3229,#1662,.T.);
#3996=EDGE_CURVE('',#3231,#3232,#1663,.T.);
#3997=EDGE_CURVE('',#3231,#3223,#2734,.T.);
#3998=EDGE_CURVE('',#3224,#3231,#1664,.T.);
#3999=EDGE_CURVE('',#3223,#3228,#2735,.T.);
#4000=EDGE_CURVE('',#3228,#3227,#1665,.T.);
#4001=EDGE_CURVE('',#3233,#3230,#1666,.T.);
#4002=EDGE_CURVE('',#3234,#3233,#1667,.T.);
#4003=EDGE_CURVE('',#3234,#3232,#1668,.T.);
#4004=EDGE_CURVE('',#3097,#3235,#1669,.T.);
#4005=EDGE_CURVE('',#3236,#3235,#1670,.T.);
#4006=EDGE_CURVE('',#3237,#3236,#1671,.T.);
#4007=EDGE_CURVE('',#3237,#3238,#1672,.T.);
#4008=EDGE_CURVE('',#3238,#3097,#1673,.T.);
#4009=EDGE_CURVE('',#3235,#3096,#1674,.T.);
#4010=EDGE_CURVE('',#3098,#3238,#1675,.T.);
#4011=EDGE_CURVE('',#3239,#3098,#1676,.T.);
#4012=EDGE_CURVE('',#3095,#3239,#1677,.T.);
#4013=EDGE_CURVE('',#3240,#3095,#1678,.T.);
#4014=EDGE_CURVE('',#3096,#3240,#1679,.T.);
#4015=EDGE_CURVE('',#3241,#3239,#1680,.T.);
#4016=EDGE_CURVE('',#3242,#3241,#1681,.T.);
#4017=EDGE_CURVE('',#3242,#3240,#1682,.T.);
#4018=EDGE_CURVE('',#3042,#3199,#1683,.T.);
#4019=EDGE_CURVE('',#3200,#3051,#1684,.T.);
#4020=EDGE_CURVE('',#3243,#3212,#1685,.T.);
#4021=EDGE_CURVE('',#3031,#3243,#2736,.T.);
#4022=EDGE_CURVE('',#3244,#3030,#2737,.T.);
#4023=EDGE_CURVE('',#3213,#3244,#1686,.T.);
#4024=EDGE_CURVE('',#3078,#3225,#1687,.T.);
#4025=EDGE_CURVE('',#3226,#3084,#1688,.T.);
#4026=EDGE_CURVE('',#3133,#3236,#1689,.T.);
#4027=EDGE_CURVE('',#3237,#3139,#1690,.T.);
#4028=EDGE_CURVE('',#3245,#3221,#1691,.T.);
#4029=EDGE_CURVE('',#3121,#3245,#2738,.T.);
#4030=EDGE_CURVE('',#3246,#3120,#2739,.T.);
#4031=EDGE_CURVE('',#3222,#3246,#1692,.T.);
#4032=EDGE_CURVE('',#3247,#3244,#1693,.T.);
#4033=EDGE_CURVE('',#3248,#3247,#1694,.T.);
#4034=EDGE_CURVE('',#3248,#3245,#1695,.T.);
#4035=EDGE_CURVE('',#3249,#3246,#1696,.T.);
#4036=EDGE_CURVE('',#3250,#3249,#1697,.T.);
#4037=EDGE_CURVE('',#3250,#3243,#1698,.T.);
#4038=EDGE_CURVE('',#3247,#3029,#2740,.T.);
#4039=EDGE_CURVE('',#3122,#3248,#2741,.T.);
#4040=EDGE_CURVE('',#3249,#3119,#2742,.T.);
#4041=EDGE_CURVE('',#3032,#3250,#2743,.T.);
#4042=EDGE_CURVE('',#3251,#3241,#1699,.T.);
#4043=EDGE_CURVE('',#3252,#3251,#1700,.T.);
#4044=EDGE_CURVE('',#3253,#3252,#1701,.T.);
#4045=EDGE_CURVE('',#3254,#3253,#1702,.T.);
#4046=EDGE_CURVE('',#3242,#3254,#1703,.T.);
#4047=EDGE_CURVE('',#3255,#3138,#1704,.T.);
#4048=EDGE_CURVE('',#3255,#3251,#1705,.T.);
#4049=EDGE_CURVE('',#3256,#3254,#1706,.T.);
#4050=EDGE_CURVE('',#3134,#3256,#1707,.T.);
#4051=EDGE_CURVE('',#3124,#3208,#1708,.T.);
#4052=EDGE_CURVE('',#3257,#3123,#1709,.T.);
#4053=EDGE_CURVE('',#3258,#3257,#1710,.T.);
#4054=EDGE_CURVE('',#3209,#3258,#1711,.T.);
#4055=EDGE_CURVE('',#3259,#3258,#1712,.T.);
#4056=EDGE_CURVE('',#3043,#3259,#1713,.T.);
#4057=EDGE_CURVE('',#3125,#3050,#1714,.T.);
#4058=EDGE_CURVE('',#3088,#3233,#1715,.T.);
#4059=EDGE_CURVE('',#3234,#3092,#1716,.T.);
#4060=EDGE_CURVE('',#3079,#3091,#1717,.T.);
#4061=EDGE_CURVE('',#3089,#3083,#1718,.T.);
#4062=EDGE_CURVE('',#3135,#3256,#1719,.T.);
#4063=EDGE_CURVE('',#3044,#3259,#1720,.T.);
#4064=EDGE_CURVE('',#2932,#2936,#1721,.T.);
#4065=EDGE_CURVE('',#2923,#2903,#1722,.T.);
#4066=EDGE_CURVE('',#3158,#3260,#29,.T.);
#4067=EDGE_CURVE('',#3261,#3157,#30,.T.);
#4068=EDGE_CURVE('',#3260,#3261,#2744,.T.);
#4069=EDGE_CURVE('',#3262,#3142,#31,.T.);
#4070=EDGE_CURVE('',#3263,#3262,#2745,.T.);
#4071=EDGE_CURVE('',#3141,#3263,#32,.T.);
#4072=EDGE_CURVE('',#3162,#3264,#33,.F.);
#4073=EDGE_CURVE('',#3265,#3264,#23,.F.);
#4074=EDGE_CURVE('',#3143,#3265,#34,.T.);
#4075=EDGE_CURVE('',#3262,#3263,#2746,.T.);
#4076=EDGE_CURVE('',#3261,#3260,#2747,.T.);
#4077=EDGE_CURVE('',#3156,#3266,#35,.F.);
#4078=EDGE_CURVE('',#3267,#3266,#24,.F.);
#4079=EDGE_CURVE('',#3159,#3267,#36,.T.);
#4080=EDGE_CURVE('',#3193,#2855,#1723,.T.);
#4081=EDGE_CURVE('',#3194,#2854,#1724,.T.);
#4082=EDGE_CURVE('',#3195,#2847,#1725,.T.);
#4083=EDGE_CURVE('',#3196,#2846,#1726,.T.);
#4084=EDGE_CURVE('',#2868,#3268,#2748,.T.);
#4085=EDGE_CURVE('',#3268,#3062,#2749,.T.);
#4086=EDGE_CURVE('',#2867,#3269,#2750,.T.);
#4087=EDGE_CURVE('',#3269,#3268,#2751,.T.);
#4088=EDGE_CURVE('',#2866,#3270,#2752,.T.);
#4089=EDGE_CURVE('',#3270,#3269,#1727,.T.);
#4090=EDGE_CURVE('',#2865,#3271,#2753,.T.);
#4091=EDGE_CURVE('',#3271,#3270,#2754,.T.);
#4092=EDGE_CURVE('',#3063,#3271,#2755,.T.);
#4093=EDGE_CURVE('',#3272,#3272,#2756,.T.);
#4094=EDGE_CURVE('',#3272,#3273,#1728,.T.);
#4095=EDGE_CURVE('',#3273,#3273,#2757,.T.);
#4096=EDGE_CURVE('',#3273,#2871,#1729,.T.);
#4097=EDGE_CURVE('',#3269,#3274,#1730,.T.);
#4098=EDGE_CURVE('',#3275,#3274,#43,.T.);
#4099=EDGE_CURVE('',#3276,#3275,#2758,.T.);
#4100=EDGE_CURVE('',#3268,#3276,#1731,.T.);
#4101=EDGE_CURVE('',#3270,#3277,#1732,.T.);
#4102=EDGE_CURVE('',#3274,#3277,#1733,.T.);
#4103=EDGE_CURVE('',#3271,#3278,#1734,.T.);
#4104=EDGE_CURVE('',#3279,#3278,#2759,.T.);
#4105=EDGE_CURVE('',#3277,#3279,#44,.T.);
#4106=EDGE_CURVE('',#3278,#3066,#2760,.T.);
#4107=EDGE_CURVE('',#3280,#3276,#2761,.T.);
#4108=EDGE_CURVE('',#3062,#3280,#1735,.T.);
#4109=EDGE_CURVE('',#3279,#3281,#1736,.T.);
#4110=EDGE_CURVE('',#3281,#3282,#1737,.T.);
#4111=EDGE_CURVE('',#3282,#3283,#1738,.T.);
#4112=EDGE_CURVE('',#3283,#3284,#1739,.T.);
#4113=EDGE_CURVE('',#3284,#3275,#1740,.T.);
#4114=EDGE_CURVE('',#3285,#3065,#1741,.T.);
#4115=EDGE_CURVE('',#3281,#3285,#1742,.T.);
#4116=EDGE_CURVE('',#3114,#3257,#1743,.T.);
#4117=EDGE_CURVE('',#3128,#3252,#1744,.T.);
#4118=EDGE_CURVE('',#3255,#3137,#1745,.T.);
#4119=EDGE_CURVE('',#3129,#3253,#1746,.T.);
#4120=EDGE_CURVE('',#3286,#2967,#1747,.T.);
#4121=EDGE_CURVE('',#2912,#3286,#1748,.T.);
#4122=EDGE_CURVE('',#3287,#2911,#1749,.T.);
#4123=EDGE_CURVE('',#2964,#3287,#1750,.T.);
#4124=EDGE_CURVE('',#3217,#2803,#1751,.T.);
#4125=EDGE_CURVE('',#3231,#3272,#1752,.T.);
#4126=EDGE_CURVE('',#3207,#2800,#1753,.T.);
#4127=EDGE_CURVE('',#3288,#3280,#1754,.T.);
#4128=EDGE_CURVE('',#3289,#3288,#1755,.T.);
#4129=EDGE_CURVE('',#3060,#3289,#1756,.T.);
#4130=EDGE_CURVE('',#3290,#3284,#1757,.T.);
#4131=EDGE_CURVE('',#3288,#3290,#1758,.T.);
#4132=EDGE_CURVE('',#3064,#3291,#1759,.T.);
#4133=EDGE_CURVE('',#3285,#3291,#1760,.T.);
#4134=EDGE_CURVE('',#3292,#3061,#1761,.T.);
#4135=EDGE_CURVE('',#3293,#3292,#1762,.T.);
#4136=EDGE_CURVE('',#3294,#3293,#1763,.T.);
#4137=EDGE_CURVE('',#3294,#3295,#1764,.T.);
#4138=EDGE_CURVE('',#3296,#3295,#1765,.T.);
#4139=EDGE_CURVE('',#3297,#3296,#1766,.T.);
#4140=EDGE_CURVE('',#3298,#3297,#2762,.T.);
#4141=EDGE_CURVE('',#3299,#3298,#1767,.T.);
#4142=EDGE_CURVE('',#3299,#3300,#1768,.T.);
#4143=EDGE_CURVE('',#3301,#3300,#1769,.T.);
#4144=EDGE_CURVE('',#3301,#3302,#1770,.T.);
#4145=EDGE_CURVE('',#2820,#3302,#1771,.T.);
#4146=EDGE_CURVE('',#3303,#2817,#1772,.T.);
#4147=EDGE_CURVE('',#3303,#3304,#1773,.T.);
#4148=EDGE_CURVE('',#3305,#3304,#1774,.T.);
#4149=EDGE_CURVE('',#3305,#3306,#1775,.T.);
#4150=EDGE_CURVE('',#3307,#3306,#1776,.T.);
#4151=EDGE_CURVE('',#3308,#3307,#2763,.T.);
#4152=EDGE_CURVE('',#3309,#3308,#1777,.T.);
#4153=EDGE_CURVE('',#3310,#3309,#1778,.T.);
#4154=EDGE_CURVE('',#3311,#3310,#1779,.T.);
#4155=EDGE_CURVE('',#3312,#3311,#1780,.T.);
#4156=EDGE_CURVE('',#3312,#3313,#1781,.T.);
#4157=EDGE_CURVE('',#3052,#3313,#1782,.T.);
#4158=EDGE_CURVE('',#3314,#2957,#1783,.T.);
#4159=EDGE_CURVE('',#2956,#3315,#1784,.T.);
#4160=EDGE_CURVE('',#3314,#3315,#1785,.T.);
#4161=EDGE_CURVE('',#3316,#3317,#1786,.T.);
#4162=EDGE_CURVE('',#3317,#2957,#2764,.T.);
#4163=EDGE_CURVE('',#3316,#3314,#2765,.T.);
#4164=EDGE_CURVE('',#3318,#2958,#1787,.T.);
#4165=EDGE_CURVE('',#2958,#3317,#1788,.T.);
#4166=EDGE_CURVE('',#3318,#3316,#1789,.T.);
#4167=EDGE_CURVE('',#3315,#3318,#2766,.T.);
#4168=EDGE_CURVE('',#3319,#3004,#1790,.T.);
#4169=EDGE_CURVE('',#3003,#3320,#1791,.T.);
#4170=EDGE_CURVE('',#3319,#3320,#2767,.T.);
#4171=EDGE_CURVE('',#3321,#3322,#1792,.T.);
#4172=EDGE_CURVE('',#3322,#3004,#1793,.T.);
#4173=EDGE_CURVE('',#3321,#3319,#1794,.T.);
#4174=EDGE_CURVE('',#3323,#3005,#1795,.T.);
#4175=EDGE_CURVE('',#3005,#3322,#2768,.T.);
#4176=EDGE_CURVE('',#3323,#3321,#2769,.T.);
#4177=EDGE_CURVE('',#3320,#3323,#1796,.T.);
#4178=EDGE_CURVE('',#3324,#3325,#1797,.T.);
#4179=EDGE_CURVE('',#3325,#3018,#2770,.T.);
#4180=EDGE_CURVE('',#3018,#3326,#1798,.T.);
#4181=EDGE_CURVE('',#3324,#3326,#2771,.T.);
#4182=EDGE_CURVE('',#3327,#3019,#1799,.T.);
#4183=EDGE_CURVE('',#3019,#3325,#1800,.T.);
#4184=EDGE_CURVE('',#3327,#3324,#1801,.T.);
#4185=EDGE_CURVE('',#3328,#3017,#1802,.T.);
#4186=EDGE_CURVE('',#3328,#3327,#2772,.T.);
#4187=EDGE_CURVE('',#3326,#3328,#1803,.T.);
#4188=EDGE_CURVE('',#3016,#3325,#1804,.T.);
#4189=EDGE_CURVE('',#3329,#3011,#1805,.T.);
#4190=EDGE_CURVE('',#3010,#3330,#1806,.T.);
#4191=EDGE_CURVE('',#3329,#3330,#2773,.T.);
#4192=EDGE_CURVE('',#3331,#3332,#1807,.T.);
#4193=EDGE_CURVE('',#3332,#3011,#1808,.T.);
#4194=EDGE_CURVE('',#3331,#3329,#1809,.T.);
#4195=EDGE_CURVE('',#3333,#3012,#1810,.T.);
#4196=EDGE_CURVE('',#3012,#3332,#2774,.T.);
#4197=EDGE_CURVE('',#3333,#3331,#2775,.T.);
#4198=EDGE_CURVE('',#3330,#3333,#1811,.T.);
#4199=EDGE_CURVE('',#3334,#3335,#1812,.T.);
#4200=EDGE_CURVE('',#3334,#3327,#1813,.T.);
#4201=EDGE_CURVE('',#3335,#3324,#1814,.T.);
#4202=EDGE_CURVE('',#3335,#3336,#2776,.T.);
#4203=EDGE_CURVE('',#3266,#3326,#1815,.T.);
#4204=EDGE_CURVE('',#3336,#3155,#45,.T.);
#4205=EDGE_CURVE('',#3337,#3334,#2777,.T.);
#4206=EDGE_CURVE('',#3160,#3337,#46,.T.);
#4207=EDGE_CURVE('',#3267,#3328,#1816,.T.);
#4208=EDGE_CURVE('',#3163,#3323,#1817,.T.);
#4209=EDGE_CURVE('',#3164,#3321,#1818,.T.);
#4210=EDGE_CURVE('',#3166,#3320,#1819,.T.);
#4211=EDGE_CURVE('',#3165,#3319,#1820,.T.);
#4212=EDGE_CURVE('',#3338,#3339,#1821,.T.);
#4213=EDGE_CURVE('',#3338,#3331,#1822,.T.);
#4214=EDGE_CURVE('',#3339,#3329,#1823,.T.);
#4215=EDGE_CURVE('',#3339,#3340,#2778,.T.);
#4216=EDGE_CURVE('',#3264,#3330,#1824,.F.);
#4217=EDGE_CURVE('',#3340,#3161,#47,.T.);
#4218=EDGE_CURVE('',#3341,#3338,#2779,.T.);
#4219=EDGE_CURVE('',#3144,#3341,#48,.T.);
#4220=EDGE_CURVE('',#3265,#3333,#1825,.T.);
#4221=EDGE_CURVE('',#3167,#3316,#1826,.T.);
#4222=EDGE_CURVE('',#3168,#3314,#1827,.T.);
#4223=EDGE_CURVE('',#3170,#3318,#1828,.T.);
#4224=EDGE_CURVE('',#3169,#3315,#1829,.T.);
#4225=EDGE_CURVE('',#3154,#3305,#1830,.T.);
#4226=EDGE_CURVE('',#3304,#3336,#1831,.T.);
#4227=EDGE_CURVE('',#3002,#3322,#1832,.T.);
#4228=EDGE_CURVE('',#3342,#2822,#1833,.F.);
#4229=EDGE_CURVE('',#3302,#3342,#1834,.T.);
#4230=EDGE_CURVE('',#3341,#3301,#1835,.T.);
#4231=EDGE_CURVE('',#3337,#3340,#1836,.T.);
#4232=EDGE_CURVE('',#3343,#3303,#1837,.T.);
#4233=EDGE_CURVE('',#2816,#3343,#1838,.F.);
#4234=EDGE_CURVE('',#2954,#3317,#1839,.T.);
#4235=EDGE_CURVE('',#3009,#3332,#1840,.T.);
#4236=EDGE_CURVE('',#3111,#3344,#1841,.T.);
#4237=EDGE_CURVE('',#3344,#3345,#1842,.T.);
#4238=EDGE_CURVE('',#3345,#3112,#1843,.T.);
#4239=EDGE_CURVE('',#3346,#3100,#1844,.T.);
#4240=EDGE_CURVE('',#3345,#3346,#2780,.T.);
#4241=EDGE_CURVE('',#3347,#3099,#1845,.T.);
#4242=EDGE_CURVE('',#3346,#3347,#1846,.T.);
#4243=EDGE_CURVE('',#3348,#3111,#1847,.T.);
#4244=EDGE_CURVE('',#3349,#3348,#1848,.T.);
#4245=EDGE_CURVE('',#3344,#3349,#1849,.T.);
#4246=EDGE_CURVE('',#3290,#3350,#1850,.T.);
#4247=EDGE_CURVE('',#3350,#3289,#1851,.T.);
#4248=EDGE_CURVE('',#3283,#3350,#1852,.T.);
#4249=EDGE_CURVE('',#3291,#3282,#1853,.T.);
#4250=EDGE_CURVE('',#3313,#2908,#1854,.T.);
#4251=EDGE_CURVE('',#2909,#3292,#1855,.T.);
#4252=EDGE_CURVE('',#3351,#2913,#1856,.T.);
#4253=EDGE_CURVE('',#3293,#3351,#1857,.T.);
#4254=EDGE_CURVE('',#3311,#2965,#49,.T.);
#4255=EDGE_CURVE('',#3352,#3287,#50,.T.);
#4256=EDGE_CURVE('',#3352,#3312,#1858,.T.);
#4257=EDGE_CURVE('',#3286,#3351,#51,.T.);
#4258=EDGE_CURVE('',#2910,#3352,#1859,.T.);
#4259=EDGE_CURVE('',#3295,#3310,#2781,.T.);
#4260=EDGE_CURVE('',#2966,#3294,#52,.T.);
#4261=EDGE_CURVE('',#3353,#3299,#1860,.T.);
#4262=EDGE_CURVE('',#3145,#3353,#1861,.T.);
#4263=EDGE_CURVE('',#3300,#3145,#1862,.T.);
#4264=EDGE_CURVE('',#3306,#3354,#1863,.T.);
#4265=EDGE_CURVE('',#3354,#3154,#1864,.T.);
#4266=EDGE_CURVE('',#3343,#2815,#1865,.T.);
#4267=EDGE_CURVE('',#2821,#3342,#1866,.T.);
#4268=EDGE_CURVE('',#3355,#3356,#1867,.T.);
#4269=EDGE_CURVE('',#3357,#3355,#1868,.T.);
#4270=EDGE_CURVE('',#3358,#3357,#1869,.T.);
#4271=EDGE_CURVE('',#3356,#3358,#1870,.T.);
#4272=EDGE_CURVE('',#3359,#3360,#1871,.T.);
#4273=EDGE_CURVE('',#3361,#3359,#1872,.T.);
#4274=EDGE_CURVE('',#3362,#3361,#1873,.T.);
#4275=EDGE_CURVE('',#3360,#3362,#1874,.T.);
#4276=EDGE_CURVE('',#3363,#3355,#2782,.T.);
#4277=EDGE_CURVE('',#3363,#3364,#1875,.T.);
#4278=EDGE_CURVE('',#3357,#3364,#2783,.T.);
#4279=EDGE_CURVE('',#3349,#3359,#2784,.T.);
#4280=EDGE_CURVE('',#3361,#3348,#2785,.T.);
#4281=EDGE_CURVE('',#3364,#3308,#2786,.T.);
#4282=EDGE_CURVE('',#3357,#3307,#2787,.T.);
#4283=EDGE_CURVE('',#3306,#3358,#53,.T.);
#4284=EDGE_CURVE('',#3356,#3354,#54,.T.);
#4285=EDGE_CURVE('',#3354,#3365,#1876,.T.);
#4286=EDGE_CURVE('',#3355,#3365,#2788,.T.);
#4287=EDGE_CURVE('',#3365,#3366,#2789,.T.);
#4288=EDGE_CURVE('',#3363,#3366,#2790,.T.);
#4289=EDGE_CURVE('',#3146,#3109,#1877,.T.);
#4290=EDGE_CURVE('',#3367,#3353,#1878,.T.);
#4291=EDGE_CURVE('',#3368,#3367,#2791,.T.);
#4292=EDGE_CURVE('',#3368,#3110,#1879,.T.);
#4293=EDGE_CURVE('',#3348,#3368,#2792,.T.);
#4294=EDGE_CURVE('',#3361,#3367,#2793,.T.);
#4295=EDGE_CURVE('',#3353,#3362,#55,.T.);
#4296=EDGE_CURVE('',#3360,#3299,#56,.T.);
#4297=EDGE_CURVE('',#3359,#3298,#2794,.T.);
#4298=EDGE_CURVE('',#3349,#3297,#2795,.T.);
#4299=EDGE_CURVE('',#3344,#3296,#2796,.T.);
#4300=EDGE_CURVE('',#3147,#3108,#1880,.T.);
#4301=EDGE_CURVE('',#3107,#3148,#1881,.T.);
#4302=EDGE_CURVE('',#3309,#3347,#2797,.T.);
#4303=EDGE_CURVE('',#3364,#3347,#1882,.T.);
#4304=EDGE_CURVE('',#3099,#3363,#1883,.T.);
#4305=EDGE_CURVE('',#3366,#3101,#1884,.T.);
#4306=EDGE_CURVE('',#3153,#3102,#1885,.T.);
#4307=EDGE_CURVE('',#3103,#3152,#1886,.T.);
#4308=EDGE_CURVE('',#3151,#3104,#1887,.T.);
#4309=EDGE_CURVE('',#3150,#3105,#1888,.T.);
#4310=EDGE_CURVE('',#3149,#3106,#1889,.T.);
#4311=ORIENTED_EDGE('',*,*,#3369,.F.);
#4312=ORIENTED_EDGE('',*,*,#3370,.T.);
#4313=ORIENTED_EDGE('',*,*,#3371,.F.);
#4314=ORIENTED_EDGE('',*,*,#3370,.F.);
#4315=ORIENTED_EDGE('',*,*,#3371,.T.);
#4316=ORIENTED_EDGE('',*,*,#3372,.F.);
#4317=ORIENTED_EDGE('',*,*,#3373,.F.);
#4318=ORIENTED_EDGE('',*,*,#3374,.T.);
#4319=ORIENTED_EDGE('',*,*,#3375,.F.);
#4320=ORIENTED_EDGE('',*,*,#3374,.F.);
#4321=ORIENTED_EDGE('',*,*,#3375,.T.);
#4322=ORIENTED_EDGE('',*,*,#3376,.F.);
#4323=ORIENTED_EDGE('',*,*,#3377,.T.);
#4324=ORIENTED_EDGE('',*,*,#3378,.T.);
#4325=ORIENTED_EDGE('',*,*,#3379,.T.);
#4326=ORIENTED_EDGE('',*,*,#3380,.T.);
#4327=ORIENTED_EDGE('',*,*,#3381,.T.);
#4328=ORIENTED_EDGE('',*,*,#3382,.T.);
#4329=ORIENTED_EDGE('',*,*,#3377,.F.);
#4330=ORIENTED_EDGE('',*,*,#3383,.T.);
#4331=ORIENTED_EDGE('',*,*,#3384,.T.);
#4332=ORIENTED_EDGE('',*,*,#3385,.T.);
#4333=ORIENTED_EDGE('',*,*,#3381,.F.);
#4334=ORIENTED_EDGE('',*,*,#3386,.T.);
#4335=ORIENTED_EDGE('',*,*,#3379,.F.);
#4336=ORIENTED_EDGE('',*,*,#3387,.T.);
#4337=ORIENTED_EDGE('',*,*,#3384,.F.);
#4338=ORIENTED_EDGE('',*,*,#3388,.T.);
#4339=ORIENTED_EDGE('',*,*,#3383,.F.);
#4340=ORIENTED_EDGE('',*,*,#3389,.T.);
#4341=ORIENTED_EDGE('',*,*,#3390,.F.);
#4342=ORIENTED_EDGE('',*,*,#3391,.F.);
#4343=ORIENTED_EDGE('',*,*,#3380,.F.);
#4344=ORIENTED_EDGE('',*,*,#3392,.T.);
#4345=ORIENTED_EDGE('',*,*,#3393,.F.);
#4346=ORIENTED_EDGE('',*,*,#3389,.F.);
#4347=ORIENTED_EDGE('',*,*,#3394,.F.);
#4348=ORIENTED_EDGE('',*,*,#3395,.F.);
#4349=ORIENTED_EDGE('',*,*,#3396,.F.);
#4350=ORIENTED_EDGE('',*,*,#3397,.F.);
#4351=ORIENTED_EDGE('',*,*,#3398,.F.);
#4352=ORIENTED_EDGE('',*,*,#3399,.F.);
#4353=ORIENTED_EDGE('',*,*,#3400,.F.);
#4354=ORIENTED_EDGE('',*,*,#3401,.T.);
#4355=ORIENTED_EDGE('',*,*,#3402,.F.);
#4356=ORIENTED_EDGE('',*,*,#3403,.F.);
#4357=ORIENTED_EDGE('',*,*,#3404,.F.);
#4358=ORIENTED_EDGE('',*,*,#3405,.F.);
#4359=ORIENTED_EDGE('',*,*,#3406,.F.);
#4360=ORIENTED_EDGE('',*,*,#3407,.F.);
#4361=ORIENTED_EDGE('',*,*,#3408,.F.);
#4362=ORIENTED_EDGE('',*,*,#3409,.F.);
#4363=ORIENTED_EDGE('',*,*,#3410,.F.);
#4364=ORIENTED_EDGE('',*,*,#3411,.F.);
#4365=ORIENTED_EDGE('',*,*,#3412,.F.);
#4366=ORIENTED_EDGE('',*,*,#3413,.F.);
#4367=ORIENTED_EDGE('',*,*,#3378,.F.);
#4368=ORIENTED_EDGE('',*,*,#3382,.F.);
#4369=ORIENTED_EDGE('',*,*,#3385,.F.);
#4370=ORIENTED_EDGE('',*,*,#3387,.F.);
#4371=ORIENTED_EDGE('',*,*,#3414,.T.);
#4372=ORIENTED_EDGE('',*,*,#3402,.T.);
#4373=ORIENTED_EDGE('',*,*,#3415,.T.);
#4374=ORIENTED_EDGE('',*,*,#3416,.T.);
#4375=ORIENTED_EDGE('',*,*,#3417,.T.);
#4376=ORIENTED_EDGE('',*,*,#3403,.T.);
#4377=ORIENTED_EDGE('',*,*,#3414,.F.);
#4378=ORIENTED_EDGE('',*,*,#3418,.T.);
#4379=ORIENTED_EDGE('',*,*,#3419,.T.);
#4380=ORIENTED_EDGE('',*,*,#3404,.T.);
#4381=ORIENTED_EDGE('',*,*,#3417,.F.);
#4382=ORIENTED_EDGE('',*,*,#3420,.T.);
#4383=ORIENTED_EDGE('',*,*,#3415,.F.);
#4384=ORIENTED_EDGE('',*,*,#3405,.T.);
#4385=ORIENTED_EDGE('',*,*,#3419,.F.);
#4386=ORIENTED_EDGE('',*,*,#3421,.T.);
#4387=ORIENTED_EDGE('',*,*,#3418,.F.);
#4388=ORIENTED_EDGE('',*,*,#3422,.T.);
#4389=ORIENTED_EDGE('',*,*,#3423,.F.);
#4390=ORIENTED_EDGE('',*,*,#3424,.F.);
#4391=ORIENTED_EDGE('',*,*,#3416,.F.);
#4392=ORIENTED_EDGE('',*,*,#3425,.T.);
#4393=ORIENTED_EDGE('',*,*,#3426,.F.);
#4394=ORIENTED_EDGE('',*,*,#3422,.F.);
#4395=ORIENTED_EDGE('',*,*,#3427,.T.);
#4396=ORIENTED_EDGE('',*,*,#3428,.T.);
#4397=ORIENTED_EDGE('',*,*,#3429,.T.);
#4398=ORIENTED_EDGE('',*,*,#3428,.F.);
#4399=ORIENTED_EDGE('',*,*,#3430,.F.);
#4400=ORIENTED_EDGE('',*,*,#3431,.F.);
#4401=ORIENTED_EDGE('',*,*,#3432,.F.);
#4402=ORIENTED_EDGE('',*,*,#3433,.F.);
#4403=ORIENTED_EDGE('',*,*,#3434,.F.);
#4404=ORIENTED_EDGE('',*,*,#3429,.F.);
#4405=ORIENTED_EDGE('',*,*,#3427,.F.);
#4406=ORIENTED_EDGE('',*,*,#3435,.T.);
#4407=ORIENTED_EDGE('',*,*,#3436,.T.);
#4408=ORIENTED_EDGE('',*,*,#3435,.F.);
#4409=ORIENTED_EDGE('',*,*,#3437,.T.);
#4410=ORIENTED_EDGE('',*,*,#3438,.T.);
#4411=ORIENTED_EDGE('',*,*,#3439,.T.);
#4412=ORIENTED_EDGE('',*,*,#3438,.F.);
#4413=ORIENTED_EDGE('',*,*,#3440,.F.);
#4414=ORIENTED_EDGE('',*,*,#3441,.F.);
#4415=ORIENTED_EDGE('',*,*,#3442,.F.);
#4416=ORIENTED_EDGE('',*,*,#3443,.F.);
#4417=ORIENTED_EDGE('',*,*,#3444,.F.);
#4418=ORIENTED_EDGE('',*,*,#3439,.F.);
#4419=ORIENTED_EDGE('',*,*,#3437,.F.);
#4420=ORIENTED_EDGE('',*,*,#3445,.T.);
#4421=ORIENTED_EDGE('',*,*,#3446,.T.);
#4422=ORIENTED_EDGE('',*,*,#3445,.F.);
#4423=ORIENTED_EDGE('',*,*,#3447,.T.);
#4424=ORIENTED_EDGE('',*,*,#3448,.T.);
#4425=ORIENTED_EDGE('',*,*,#3449,.T.);
#4426=ORIENTED_EDGE('',*,*,#3448,.F.);
#4427=ORIENTED_EDGE('',*,*,#3450,.F.);
#4428=ORIENTED_EDGE('',*,*,#3451,.F.);
#4429=ORIENTED_EDGE('',*,*,#3452,.F.);
#4430=ORIENTED_EDGE('',*,*,#3453,.F.);
#4431=ORIENTED_EDGE('',*,*,#3454,.F.);
#4432=ORIENTED_EDGE('',*,*,#3455,.F.);
#4433=ORIENTED_EDGE('',*,*,#3456,.F.);
#4434=ORIENTED_EDGE('',*,*,#3457,.F.);
#4435=ORIENTED_EDGE('',*,*,#3458,.F.);
#4436=ORIENTED_EDGE('',*,*,#3459,.F.);
#4437=ORIENTED_EDGE('',*,*,#3460,.F.);
#4438=ORIENTED_EDGE('',*,*,#3461,.T.);
#4439=ORIENTED_EDGE('',*,*,#3447,.F.);
#4440=ORIENTED_EDGE('',*,*,#3449,.F.);
#4441=ORIENTED_EDGE('',*,*,#3462,.T.);
#4442=ORIENTED_EDGE('',*,*,#3463,.T.);
#4443=ORIENTED_EDGE('',*,*,#3464,.T.);
#4444=ORIENTED_EDGE('',*,*,#3465,.T.);
#4445=ORIENTED_EDGE('',*,*,#3466,.T.);
#4446=ORIENTED_EDGE('',*,*,#3462,.F.);
#4447=ORIENTED_EDGE('',*,*,#3460,.T.);
#4448=ORIENTED_EDGE('',*,*,#3467,.T.);
#4449=ORIENTED_EDGE('',*,*,#3468,.T.);
#4450=ORIENTED_EDGE('',*,*,#3467,.F.);
#4451=ORIENTED_EDGE('',*,*,#3468,.F.);
#4452=ORIENTED_EDGE('',*,*,#3469,.T.);
#4453=ORIENTED_EDGE('',*,*,#3470,.T.);
#4454=ORIENTED_EDGE('',*,*,#3471,.T.);
#4455=ORIENTED_EDGE('',*,*,#3472,.T.);
#4456=ORIENTED_EDGE('',*,*,#3473,.T.);
#4457=ORIENTED_EDGE('',*,*,#3469,.F.);
#4458=ORIENTED_EDGE('',*,*,#3412,.T.);
#4459=ORIENTED_EDGE('',*,*,#3474,.T.);
#4460=ORIENTED_EDGE('',*,*,#3475,.T.);
#4461=ORIENTED_EDGE('',*,*,#3476,.T.);
#4462=ORIENTED_EDGE('',*,*,#3477,.T.);
#4463=ORIENTED_EDGE('',*,*,#3478,.T.);
#4464=ORIENTED_EDGE('',*,*,#3410,.T.);
#4465=ORIENTED_EDGE('',*,*,#3479,.T.);
#4466=ORIENTED_EDGE('',*,*,#3411,.T.);
#4467=ORIENTED_EDGE('',*,*,#3478,.F.);
#4468=ORIENTED_EDGE('',*,*,#3480,.T.);
#4469=ORIENTED_EDGE('',*,*,#3474,.F.);
#4470=ORIENTED_EDGE('',*,*,#3413,.T.);
#4471=ORIENTED_EDGE('',*,*,#3476,.F.);
#4472=ORIENTED_EDGE('',*,*,#3440,.T.);
#4473=ORIENTED_EDGE('',*,*,#3479,.F.);
#4474=ORIENTED_EDGE('',*,*,#3480,.F.);
#4475=ORIENTED_EDGE('',*,*,#3481,.T.);
#4476=ORIENTED_EDGE('',*,*,#3482,.T.);
#4477=ORIENTED_EDGE('',*,*,#3483,.T.);
#4478=ORIENTED_EDGE('',*,*,#3477,.F.);
#4479=ORIENTED_EDGE('',*,*,#3444,.T.);
#4480=ORIENTED_EDGE('',*,*,#3484,.F.);
#4481=ORIENTED_EDGE('',*,*,#3485,.F.);
#4482=ORIENTED_EDGE('',*,*,#3486,.T.);
#4483=ORIENTED_EDGE('',*,*,#3487,.T.);
#4484=ORIENTED_EDGE('',*,*,#3488,.F.);
#4485=ORIENTED_EDGE('',*,*,#3481,.F.);
#4486=ORIENTED_EDGE('',*,*,#3408,.T.);
#4487=ORIENTED_EDGE('',*,*,#3489,.T.);
#4488=ORIENTED_EDGE('',*,*,#3490,.T.);
#4489=ORIENTED_EDGE('',*,*,#3491,.T.);
#4490=ORIENTED_EDGE('',*,*,#3492,.T.);
#4491=ORIENTED_EDGE('',*,*,#3493,.T.);
#4492=ORIENTED_EDGE('',*,*,#3406,.T.);
#4493=ORIENTED_EDGE('',*,*,#3494,.T.);
#4494=ORIENTED_EDGE('',*,*,#3407,.T.);
#4495=ORIENTED_EDGE('',*,*,#3493,.F.);
#4496=ORIENTED_EDGE('',*,*,#3495,.T.);
#4497=ORIENTED_EDGE('',*,*,#3489,.F.);
#4498=ORIENTED_EDGE('',*,*,#3409,.T.);
#4499=ORIENTED_EDGE('',*,*,#3491,.F.);
#4500=ORIENTED_EDGE('',*,*,#3430,.T.);
#4501=ORIENTED_EDGE('',*,*,#3494,.F.);
#4502=ORIENTED_EDGE('',*,*,#3495,.F.);
#4503=ORIENTED_EDGE('',*,*,#3496,.T.);
#4504=ORIENTED_EDGE('',*,*,#3497,.T.);
#4505=ORIENTED_EDGE('',*,*,#3498,.T.);
#4506=ORIENTED_EDGE('',*,*,#3492,.F.);
#4507=ORIENTED_EDGE('',*,*,#3434,.T.);
#4508=ORIENTED_EDGE('',*,*,#3499,.F.);
#4509=ORIENTED_EDGE('',*,*,#3500,.F.);
#4510=ORIENTED_EDGE('',*,*,#3501,.T.);
#4511=ORIENTED_EDGE('',*,*,#3502,.T.);
#4512=ORIENTED_EDGE('',*,*,#3503,.F.);
#4513=ORIENTED_EDGE('',*,*,#3496,.F.);
#4514=ORIENTED_EDGE('',*,*,#3504,.T.);
#4515=ORIENTED_EDGE('',*,*,#3505,.T.);
#4516=ORIENTED_EDGE('',*,*,#3506,.T.);
#4517=ORIENTED_EDGE('',*,*,#3507,.T.);
#4518=ORIENTED_EDGE('',*,*,#3508,.T.);
#4519=ORIENTED_EDGE('',*,*,#3509,.T.);
#4520=ORIENTED_EDGE('',*,*,#3504,.F.);
#4521=ORIENTED_EDGE('',*,*,#3510,.T.);
#4522=ORIENTED_EDGE('',*,*,#3511,.T.);
#4523=ORIENTED_EDGE('',*,*,#3512,.T.);
#4524=ORIENTED_EDGE('',*,*,#3508,.F.);
#4525=ORIENTED_EDGE('',*,*,#3513,.T.);
#4526=ORIENTED_EDGE('',*,*,#3506,.F.);
#4527=ORIENTED_EDGE('',*,*,#3514,.T.);
#4528=ORIENTED_EDGE('',*,*,#3511,.F.);
#4529=ORIENTED_EDGE('',*,*,#3515,.T.);
#4530=ORIENTED_EDGE('',*,*,#3510,.F.);
#4531=ORIENTED_EDGE('',*,*,#3516,.F.);
#4532=ORIENTED_EDGE('',*,*,#3517,.F.);
#4533=ORIENTED_EDGE('',*,*,#3518,.T.);
#4534=ORIENTED_EDGE('',*,*,#3507,.F.);
#4535=ORIENTED_EDGE('',*,*,#3519,.F.);
#4536=ORIENTED_EDGE('',*,*,#3520,.F.);
#4537=ORIENTED_EDGE('',*,*,#3516,.T.);
#4538=ORIENTED_EDGE('',*,*,#3521,.F.);
#4539=ORIENTED_EDGE('',*,*,#3522,.F.);
#4540=ORIENTED_EDGE('',*,*,#3523,.F.);
#4541=ORIENTED_EDGE('',*,*,#3524,.F.);
#4542=ORIENTED_EDGE('',*,*,#3525,.F.);
#4543=ORIENTED_EDGE('',*,*,#3526,.T.);
#4544=ORIENTED_EDGE('',*,*,#3527,.F.);
#4545=ORIENTED_EDGE('',*,*,#3528,.F.);
#4546=ORIENTED_EDGE('',*,*,#3529,.F.);
#4547=ORIENTED_EDGE('',*,*,#3530,.F.);
#4548=ORIENTED_EDGE('',*,*,#3505,.F.);
#4549=ORIENTED_EDGE('',*,*,#3509,.F.);
#4550=ORIENTED_EDGE('',*,*,#3512,.F.);
#4551=ORIENTED_EDGE('',*,*,#3514,.F.);
#4552=ORIENTED_EDGE('',*,*,#3531,.T.);
#4553=ORIENTED_EDGE('',*,*,#3393,.T.);
#4554=ORIENTED_EDGE('',*,*,#3532,.T.);
#4555=ORIENTED_EDGE('',*,*,#3533,.T.);
#4556=ORIENTED_EDGE('',*,*,#3534,.T.);
#4557=ORIENTED_EDGE('',*,*,#3390,.T.);
#4558=ORIENTED_EDGE('',*,*,#3531,.F.);
#4559=ORIENTED_EDGE('',*,*,#3535,.T.);
#4560=ORIENTED_EDGE('',*,*,#3536,.T.);
#4561=ORIENTED_EDGE('',*,*,#3537,.T.);
#4562=ORIENTED_EDGE('',*,*,#3534,.F.);
#4563=ORIENTED_EDGE('',*,*,#3538,.T.);
#4564=ORIENTED_EDGE('',*,*,#3532,.F.);
#4565=ORIENTED_EDGE('',*,*,#3539,.T.);
#4566=ORIENTED_EDGE('',*,*,#3536,.F.);
#4567=ORIENTED_EDGE('',*,*,#3540,.T.);
#4568=ORIENTED_EDGE('',*,*,#3388,.F.);
#4569=ORIENTED_EDGE('',*,*,#3541,.T.);
#4570=ORIENTED_EDGE('',*,*,#3539,.F.);
#4571=ORIENTED_EDGE('',*,*,#3392,.F.);
#4572=ORIENTED_EDGE('',*,*,#3517,.T.);
#4573=ORIENTED_EDGE('',*,*,#3520,.T.);
#4574=ORIENTED_EDGE('',*,*,#3542,.T.);
#4575=ORIENTED_EDGE('',*,*,#3543,.T.);
#4576=ORIENTED_EDGE('',*,*,#3533,.F.);
#4577=ORIENTED_EDGE('',*,*,#3540,.F.);
#4578=ORIENTED_EDGE('',*,*,#3538,.F.);
#4579=ORIENTED_EDGE('',*,*,#3535,.F.);
#4580=ORIENTED_EDGE('',*,*,#3544,.T.);
#4581=ORIENTED_EDGE('',*,*,#3545,.T.);
#4582=ORIENTED_EDGE('',*,*,#3546,.T.);
#4583=ORIENTED_EDGE('',*,*,#3547,.T.);
#4584=ORIENTED_EDGE('',*,*,#3548,.T.);
#4585=ORIENTED_EDGE('',*,*,#3549,.T.);
#4586=ORIENTED_EDGE('',*,*,#3544,.F.);
#4587=ORIENTED_EDGE('',*,*,#3550,.T.);
#4588=ORIENTED_EDGE('',*,*,#3551,.T.);
#4589=ORIENTED_EDGE('',*,*,#3426,.T.);
#4590=ORIENTED_EDGE('',*,*,#3548,.F.);
#4591=ORIENTED_EDGE('',*,*,#3552,.T.);
#4592=ORIENTED_EDGE('',*,*,#3546,.F.);
#4593=ORIENTED_EDGE('',*,*,#3423,.T.);
#4594=ORIENTED_EDGE('',*,*,#3551,.F.);
#4595=ORIENTED_EDGE('',*,*,#3553,.T.);
#4596=ORIENTED_EDGE('',*,*,#3420,.F.);
#4597=ORIENTED_EDGE('',*,*,#3424,.T.);
#4598=ORIENTED_EDGE('',*,*,#3545,.F.);
#4599=ORIENTED_EDGE('',*,*,#3554,.F.);
#4600=ORIENTED_EDGE('',*,*,#3555,.T.);
#4601=ORIENTED_EDGE('',*,*,#3556,.T.);
#4602=ORIENTED_EDGE('',*,*,#3557,.T.);
#4603=ORIENTED_EDGE('',*,*,#3558,.T.);
#4604=ORIENTED_EDGE('',*,*,#3547,.F.);
#4605=ORIENTED_EDGE('',*,*,#3553,.F.);
#4606=ORIENTED_EDGE('',*,*,#3552,.F.);
#4607=ORIENTED_EDGE('',*,*,#3550,.F.);
#4608=ORIENTED_EDGE('',*,*,#3559,.T.);
#4609=ORIENTED_EDGE('',*,*,#3527,.T.);
#4610=ORIENTED_EDGE('',*,*,#3560,.T.);
#4611=ORIENTED_EDGE('',*,*,#3561,.T.);
#4612=ORIENTED_EDGE('',*,*,#3562,.T.);
#4613=ORIENTED_EDGE('',*,*,#3528,.T.);
#4614=ORIENTED_EDGE('',*,*,#3559,.F.);
#4615=ORIENTED_EDGE('',*,*,#3563,.T.);
#4616=ORIENTED_EDGE('',*,*,#3564,.T.);
#4617=ORIENTED_EDGE('',*,*,#3529,.T.);
#4618=ORIENTED_EDGE('',*,*,#3562,.F.);
#4619=ORIENTED_EDGE('',*,*,#3565,.T.);
#4620=ORIENTED_EDGE('',*,*,#3560,.F.);
#4621=ORIENTED_EDGE('',*,*,#3530,.T.);
#4622=ORIENTED_EDGE('',*,*,#3564,.F.);
#4623=ORIENTED_EDGE('',*,*,#3566,.T.);
#4624=ORIENTED_EDGE('',*,*,#3563,.F.);
#4625=ORIENTED_EDGE('',*,*,#3567,.F.);
#4626=ORIENTED_EDGE('',*,*,#3555,.F.);
#4627=ORIENTED_EDGE('',*,*,#3568,.T.);
#4628=ORIENTED_EDGE('',*,*,#3561,.F.);
#4629=ORIENTED_EDGE('',*,*,#3569,.F.);
#4630=ORIENTED_EDGE('',*,*,#3556,.F.);
#4631=ORIENTED_EDGE('',*,*,#3567,.T.);
#4632=ORIENTED_EDGE('',*,*,#3570,.T.);
#4633=ORIENTED_EDGE('',*,*,#3571,.T.);
#4634=ORIENTED_EDGE('',*,*,#3572,.T.);
#4635=ORIENTED_EDGE('',*,*,#3571,.F.);
#4636=ORIENTED_EDGE('',*,*,#3570,.F.);
#4637=ORIENTED_EDGE('',*,*,#3573,.T.);
#4638=ORIENTED_EDGE('',*,*,#3574,.F.);
#4639=ORIENTED_EDGE('',*,*,#3573,.F.);
#4640=ORIENTED_EDGE('',*,*,#3575,.F.);
#4641=ORIENTED_EDGE('',*,*,#3576,.F.);
#4642=ORIENTED_EDGE('',*,*,#3577,.F.);
#4643=ORIENTED_EDGE('',*,*,#3578,.F.);
#4644=ORIENTED_EDGE('',*,*,#3579,.F.);
#4645=ORIENTED_EDGE('',*,*,#3580,.F.);
#4646=ORIENTED_EDGE('',*,*,#3581,.F.);
#4647=ORIENTED_EDGE('',*,*,#3582,.F.);
#4648=ORIENTED_EDGE('',*,*,#3572,.F.);
#4649=ORIENTED_EDGE('',*,*,#3583,.T.);
#4650=ORIENTED_EDGE('',*,*,#3584,.T.);
#4651=ORIENTED_EDGE('',*,*,#3585,.T.);
#4652=ORIENTED_EDGE('',*,*,#3586,.T.);
#4653=ORIENTED_EDGE('',*,*,#3587,.T.);
#4654=ORIENTED_EDGE('',*,*,#3588,.T.);
#4655=ORIENTED_EDGE('',*,*,#3583,.F.);
#4656=ORIENTED_EDGE('',*,*,#3589,.T.);
#4657=ORIENTED_EDGE('',*,*,#3590,.T.);
#4658=ORIENTED_EDGE('',*,*,#3591,.T.);
#4659=ORIENTED_EDGE('',*,*,#3587,.F.);
#4660=ORIENTED_EDGE('',*,*,#3592,.T.);
#4661=ORIENTED_EDGE('',*,*,#3585,.F.);
#4662=ORIENTED_EDGE('',*,*,#3593,.T.);
#4663=ORIENTED_EDGE('',*,*,#3590,.F.);
#4664=ORIENTED_EDGE('',*,*,#3594,.T.);
#4665=ORIENTED_EDGE('',*,*,#3589,.F.);
#4666=ORIENTED_EDGE('',*,*,#3595,.T.);
#4667=ORIENTED_EDGE('',*,*,#3596,.F.);
#4668=ORIENTED_EDGE('',*,*,#3597,.F.);
#4669=ORIENTED_EDGE('',*,*,#3586,.F.);
#4670=ORIENTED_EDGE('',*,*,#3598,.T.);
#4671=ORIENTED_EDGE('',*,*,#3599,.F.);
#4672=ORIENTED_EDGE('',*,*,#3595,.F.);
#4673=ORIENTED_EDGE('',*,*,#3600,.F.);
#4674=ORIENTED_EDGE('',*,*,#3601,.F.);
#4675=ORIENTED_EDGE('',*,*,#3602,.F.);
#4676=ORIENTED_EDGE('',*,*,#3603,.F.);
#4677=ORIENTED_EDGE('',*,*,#3604,.F.);
#4678=ORIENTED_EDGE('',*,*,#3605,.F.);
#4679=ORIENTED_EDGE('',*,*,#3606,.F.);
#4680=ORIENTED_EDGE('',*,*,#3607,.F.);
#4681=ORIENTED_EDGE('',*,*,#3608,.F.);
#4682=ORIENTED_EDGE('',*,*,#3609,.F.);
#4683=ORIENTED_EDGE('',*,*,#3610,.F.);
#4684=ORIENTED_EDGE('',*,*,#3611,.F.);
#4685=ORIENTED_EDGE('',*,*,#3612,.F.);
#4686=ORIENTED_EDGE('',*,*,#3613,.F.);
#4687=ORIENTED_EDGE('',*,*,#3614,.F.);
#4688=ORIENTED_EDGE('',*,*,#3615,.F.);
#4689=ORIENTED_EDGE('',*,*,#3616,.F.);
#4690=ORIENTED_EDGE('',*,*,#3617,.F.);
#4691=ORIENTED_EDGE('',*,*,#3618,.F.);
#4692=ORIENTED_EDGE('',*,*,#3619,.F.);
#4693=ORIENTED_EDGE('',*,*,#3620,.F.);
#4694=ORIENTED_EDGE('',*,*,#3621,.F.);
#4695=ORIENTED_EDGE('',*,*,#3622,.F.);
#4696=ORIENTED_EDGE('',*,*,#3623,.F.);
#4697=ORIENTED_EDGE('',*,*,#3624,.F.);
#4698=ORIENTED_EDGE('',*,*,#3625,.F.);
#4699=ORIENTED_EDGE('',*,*,#3626,.F.);
#4700=ORIENTED_EDGE('',*,*,#3627,.F.);
#4701=ORIENTED_EDGE('',*,*,#3628,.F.);
#4702=ORIENTED_EDGE('',*,*,#3629,.F.);
#4703=ORIENTED_EDGE('',*,*,#3630,.F.);
#4704=ORIENTED_EDGE('',*,*,#3631,.F.);
#4705=ORIENTED_EDGE('',*,*,#3632,.F.);
#4706=ORIENTED_EDGE('',*,*,#3633,.F.);
#4707=ORIENTED_EDGE('',*,*,#3634,.F.);
#4708=ORIENTED_EDGE('',*,*,#3635,.F.);
#4709=ORIENTED_EDGE('',*,*,#3636,.F.);
#4710=ORIENTED_EDGE('',*,*,#3637,.F.);
#4711=ORIENTED_EDGE('',*,*,#3638,.F.);
#4712=ORIENTED_EDGE('',*,*,#3639,.F.);
#4713=ORIENTED_EDGE('',*,*,#3584,.F.);
#4714=ORIENTED_EDGE('',*,*,#3588,.F.);
#4715=ORIENTED_EDGE('',*,*,#3591,.F.);
#4716=ORIENTED_EDGE('',*,*,#3593,.F.);
#4717=ORIENTED_EDGE('',*,*,#3640,.T.);
#4718=ORIENTED_EDGE('',*,*,#3610,.T.);
#4719=ORIENTED_EDGE('',*,*,#3641,.T.);
#4720=ORIENTED_EDGE('',*,*,#3642,.T.);
#4721=ORIENTED_EDGE('',*,*,#3643,.T.);
#4722=ORIENTED_EDGE('',*,*,#3611,.T.);
#4723=ORIENTED_EDGE('',*,*,#3640,.F.);
#4724=ORIENTED_EDGE('',*,*,#3644,.T.);
#4725=ORIENTED_EDGE('',*,*,#3645,.T.);
#4726=ORIENTED_EDGE('',*,*,#3612,.T.);
#4727=ORIENTED_EDGE('',*,*,#3643,.F.);
#4728=ORIENTED_EDGE('',*,*,#3646,.T.);
#4729=ORIENTED_EDGE('',*,*,#3641,.F.);
#4730=ORIENTED_EDGE('',*,*,#3613,.T.);
#4731=ORIENTED_EDGE('',*,*,#3645,.F.);
#4732=ORIENTED_EDGE('',*,*,#3647,.T.);
#4733=ORIENTED_EDGE('',*,*,#3644,.F.);
#4734=ORIENTED_EDGE('',*,*,#3648,.T.);
#4735=ORIENTED_EDGE('',*,*,#3649,.F.);
#4736=ORIENTED_EDGE('',*,*,#3650,.F.);
#4737=ORIENTED_EDGE('',*,*,#3642,.F.);
#4738=ORIENTED_EDGE('',*,*,#3651,.T.);
#4739=ORIENTED_EDGE('',*,*,#3652,.F.);
#4740=ORIENTED_EDGE('',*,*,#3648,.F.);
#4741=ORIENTED_EDGE('',*,*,#3653,.T.);
#4742=ORIENTED_EDGE('',*,*,#3636,.T.);
#4743=ORIENTED_EDGE('',*,*,#3654,.T.);
#4744=ORIENTED_EDGE('',*,*,#3655,.T.);
#4745=ORIENTED_EDGE('',*,*,#3656,.T.);
#4746=ORIENTED_EDGE('',*,*,#3637,.T.);
#4747=ORIENTED_EDGE('',*,*,#3653,.F.);
#4748=ORIENTED_EDGE('',*,*,#3657,.T.);
#4749=ORIENTED_EDGE('',*,*,#3658,.T.);
#4750=ORIENTED_EDGE('',*,*,#3638,.T.);
#4751=ORIENTED_EDGE('',*,*,#3656,.F.);
#4752=ORIENTED_EDGE('',*,*,#3659,.T.);
#4753=ORIENTED_EDGE('',*,*,#3654,.F.);
#4754=ORIENTED_EDGE('',*,*,#3639,.T.);
#4755=ORIENTED_EDGE('',*,*,#3658,.F.);
#4756=ORIENTED_EDGE('',*,*,#3660,.T.);
#4757=ORIENTED_EDGE('',*,*,#3657,.F.);
#4758=ORIENTED_EDGE('',*,*,#3661,.T.);
#4759=ORIENTED_EDGE('',*,*,#3662,.F.);
#4760=ORIENTED_EDGE('',*,*,#3663,.F.);
#4761=ORIENTED_EDGE('',*,*,#3655,.F.);
#4762=ORIENTED_EDGE('',*,*,#3664,.T.);
#4763=ORIENTED_EDGE('',*,*,#3665,.F.);
#4764=ORIENTED_EDGE('',*,*,#3661,.F.);
#4765=ORIENTED_EDGE('',*,*,#3666,.T.);
#4766=ORIENTED_EDGE('',*,*,#3614,.T.);
#4767=ORIENTED_EDGE('',*,*,#3667,.T.);
#4768=ORIENTED_EDGE('',*,*,#3668,.T.);
#4769=ORIENTED_EDGE('',*,*,#3669,.T.);
#4770=ORIENTED_EDGE('',*,*,#3615,.T.);
#4771=ORIENTED_EDGE('',*,*,#3666,.F.);
#4772=ORIENTED_EDGE('',*,*,#3670,.T.);
#4773=ORIENTED_EDGE('',*,*,#3671,.T.);
#4774=ORIENTED_EDGE('',*,*,#3616,.T.);
#4775=ORIENTED_EDGE('',*,*,#3669,.F.);
#4776=ORIENTED_EDGE('',*,*,#3672,.T.);
#4777=ORIENTED_EDGE('',*,*,#3667,.F.);
#4778=ORIENTED_EDGE('',*,*,#3617,.T.);
#4779=ORIENTED_EDGE('',*,*,#3671,.F.);
#4780=ORIENTED_EDGE('',*,*,#3673,.T.);
#4781=ORIENTED_EDGE('',*,*,#3670,.F.);
#4782=ORIENTED_EDGE('',*,*,#3674,.T.);
#4783=ORIENTED_EDGE('',*,*,#3675,.F.);
#4784=ORIENTED_EDGE('',*,*,#3676,.F.);
#4785=ORIENTED_EDGE('',*,*,#3668,.F.);
#4786=ORIENTED_EDGE('',*,*,#3677,.T.);
#4787=ORIENTED_EDGE('',*,*,#3678,.F.);
#4788=ORIENTED_EDGE('',*,*,#3674,.F.);
#4789=ORIENTED_EDGE('',*,*,#3679,.T.);
#4790=ORIENTED_EDGE('',*,*,#3680,.T.);
#4791=ORIENTED_EDGE('',*,*,#3575,.T.);
#4792=ORIENTED_EDGE('',*,*,#3681,.T.);
#4793=ORIENTED_EDGE('',*,*,#3582,.T.);
#4794=ORIENTED_EDGE('',*,*,#3682,.T.);
#4795=ORIENTED_EDGE('',*,*,#3683,.T.);
#4796=ORIENTED_EDGE('',*,*,#3681,.F.);
#4797=ORIENTED_EDGE('',*,*,#3581,.T.);
#4798=ORIENTED_EDGE('',*,*,#3684,.T.);
#4799=ORIENTED_EDGE('',*,*,#3685,.T.);
#4800=ORIENTED_EDGE('',*,*,#3682,.F.);
#4801=ORIENTED_EDGE('',*,*,#3686,.T.);
#4802=ORIENTED_EDGE('',*,*,#3679,.F.);
#4803=ORIENTED_EDGE('',*,*,#3687,.T.);
#4804=ORIENTED_EDGE('',*,*,#3688,.T.);
#4805=ORIENTED_EDGE('',*,*,#3689,.F.);
#4806=ORIENTED_EDGE('',*,*,#3690,.F.);
#4807=ORIENTED_EDGE('',*,*,#3683,.F.);
#4808=ORIENTED_EDGE('',*,*,#3691,.T.);
#4809=ORIENTED_EDGE('',*,*,#3692,.T.);
#4810=ORIENTED_EDGE('',*,*,#3693,.T.);
#4811=ORIENTED_EDGE('',*,*,#3694,.T.);
#4812=ORIENTED_EDGE('',*,*,#3695,.F.);
#4813=ORIENTED_EDGE('',*,*,#3696,.T.);
#4814=ORIENTED_EDGE('',*,*,#3687,.F.);
#4815=ORIENTED_EDGE('',*,*,#3685,.F.);
#4816=ORIENTED_EDGE('',*,*,#3697,.T.);
#4817=ORIENTED_EDGE('',*,*,#3698,.F.);
#4818=ORIENTED_EDGE('',*,*,#3699,.T.);
#4819=ORIENTED_EDGE('',*,*,#3700,.T.);
#4820=ORIENTED_EDGE('',*,*,#3691,.F.);
#4821=ORIENTED_EDGE('',*,*,#3701,.T.);
#4822=ORIENTED_EDGE('',*,*,#3702,.T.);
#4823=ORIENTED_EDGE('',*,*,#3579,.T.);
#4824=ORIENTED_EDGE('',*,*,#3703,.T.);
#4825=ORIENTED_EDGE('',*,*,#3704,.T.);
#4826=ORIENTED_EDGE('',*,*,#3703,.F.);
#4827=ORIENTED_EDGE('',*,*,#3578,.T.);
#4828=ORIENTED_EDGE('',*,*,#3705,.T.);
#4829=ORIENTED_EDGE('',*,*,#3577,.T.);
#4830=ORIENTED_EDGE('',*,*,#3706,.T.);
#4831=ORIENTED_EDGE('',*,*,#3707,.T.);
#4832=ORIENTED_EDGE('',*,*,#3705,.F.);
#4833=ORIENTED_EDGE('',*,*,#3708,.T.);
#4834=ORIENTED_EDGE('',*,*,#3701,.F.);
#4835=ORIENTED_EDGE('',*,*,#3709,.T.);
#4836=ORIENTED_EDGE('',*,*,#3710,.T.);
#4837=ORIENTED_EDGE('',*,*,#3711,.F.);
#4838=ORIENTED_EDGE('',*,*,#3712,.T.);
#4839=ORIENTED_EDGE('',*,*,#3713,.F.);
#4840=ORIENTED_EDGE('',*,*,#3714,.F.);
#4841=ORIENTED_EDGE('',*,*,#3704,.F.);
#4842=ORIENTED_EDGE('',*,*,#3715,.T.);
#4843=ORIENTED_EDGE('',*,*,#3716,.T.);
#4844=ORIENTED_EDGE('',*,*,#3709,.F.);
#4845=ORIENTED_EDGE('',*,*,#3707,.F.);
#4846=ORIENTED_EDGE('',*,*,#3717,.T.);
#4847=ORIENTED_EDGE('',*,*,#3718,.F.);
#4848=ORIENTED_EDGE('',*,*,#3719,.T.);
#4849=ORIENTED_EDGE('',*,*,#3720,.T.);
#4850=ORIENTED_EDGE('',*,*,#3721,.T.);
#4851=ORIENTED_EDGE('',*,*,#3722,.T.);
#4852=ORIENTED_EDGE('',*,*,#3715,.F.);
#4853=ORIENTED_EDGE('',*,*,#3723,.T.);
#4854=ORIENTED_EDGE('',*,*,#3724,.T.);
#4855=ORIENTED_EDGE('',*,*,#3725,.T.);
#4856=ORIENTED_EDGE('',*,*,#3726,.T.);
#4857=ORIENTED_EDGE('',*,*,#3727,.T.);
#4858=ORIENTED_EDGE('',*,*,#3728,.T.);
#4859=ORIENTED_EDGE('',*,*,#3725,.F.);
#4860=ORIENTED_EDGE('',*,*,#3729,.T.);
#4861=ORIENTED_EDGE('',*,*,#3730,.T.);
#4862=ORIENTED_EDGE('',*,*,#3727,.F.);
#4863=ORIENTED_EDGE('',*,*,#3452,.T.);
#4864=ORIENTED_EDGE('',*,*,#3731,.T.);
#4865=ORIENTED_EDGE('',*,*,#3451,.T.);
#4866=ORIENTED_EDGE('',*,*,#3732,.T.);
#4867=ORIENTED_EDGE('',*,*,#3397,.T.);
#4868=ORIENTED_EDGE('',*,*,#3731,.F.);
#4869=ORIENTED_EDGE('',*,*,#3450,.T.);
#4870=ORIENTED_EDGE('',*,*,#3733,.T.);
#4871=ORIENTED_EDGE('',*,*,#3734,.T.);
#4872=ORIENTED_EDGE('',*,*,#3732,.F.);
#4873=ORIENTED_EDGE('',*,*,#3735,.T.);
#4874=ORIENTED_EDGE('',*,*,#3736,.T.);
#4875=ORIENTED_EDGE('',*,*,#3733,.F.);
#4876=ORIENTED_EDGE('',*,*,#3737,.T.);
#4877=ORIENTED_EDGE('',*,*,#3738,.T.);
#4878=ORIENTED_EDGE('',*,*,#3739,.T.);
#4879=ORIENTED_EDGE('',*,*,#3735,.F.);
#4880=ORIENTED_EDGE('',*,*,#3740,.T.);
#4881=ORIENTED_EDGE('',*,*,#3737,.F.);
#4882=ORIENTED_EDGE('',*,*,#3459,.T.);
#4883=ORIENTED_EDGE('',*,*,#3741,.T.);
#4884=ORIENTED_EDGE('',*,*,#3742,.F.);
#4885=ORIENTED_EDGE('',*,*,#3729,.F.);
#4886=ORIENTED_EDGE('',*,*,#3743,.F.);
#4887=ORIENTED_EDGE('',*,*,#3744,.T.);
#4888=ORIENTED_EDGE('',*,*,#3453,.T.);
#4889=ORIENTED_EDGE('',*,*,#3724,.F.);
#4890=ORIENTED_EDGE('',*,*,#3745,.F.);
#4891=ORIENTED_EDGE('',*,*,#3746,.F.);
#4892=ORIENTED_EDGE('',*,*,#3747,.F.);
#4893=ORIENTED_EDGE('',*,*,#3748,.T.);
#4894=ORIENTED_EDGE('',*,*,#3743,.T.);
#4895=ORIENTED_EDGE('',*,*,#3749,.T.);
#4896=ORIENTED_EDGE('',*,*,#3750,.F.);
#4897=ORIENTED_EDGE('',*,*,#3751,.T.);
#4898=ORIENTED_EDGE('',*,*,#3609,.T.);
#4899=ORIENTED_EDGE('',*,*,#3752,.T.);
#4900=ORIENTED_EDGE('',*,*,#3753,.T.);
#4901=ORIENTED_EDGE('',*,*,#3754,.T.);
#4902=ORIENTED_EDGE('',*,*,#3755,.T.);
#4903=ORIENTED_EDGE('',*,*,#3753,.F.);
#4904=ORIENTED_EDGE('',*,*,#3756,.T.);
#4905=ORIENTED_EDGE('',*,*,#3757,.T.);
#4906=ORIENTED_EDGE('',*,*,#3758,.T.);
#4907=ORIENTED_EDGE('',*,*,#3603,.T.);
#4908=ORIENTED_EDGE('',*,*,#3759,.F.);
#4909=ORIENTED_EDGE('',*,*,#3760,.T.);
#4910=ORIENTED_EDGE('',*,*,#3761,.T.);
#4911=ORIENTED_EDGE('',*,*,#3762,.T.);
#4912=ORIENTED_EDGE('',*,*,#3757,.F.);
#4913=ORIENTED_EDGE('',*,*,#3749,.F.);
#4914=ORIENTED_EDGE('',*,*,#3763,.T.);
#4915=ORIENTED_EDGE('',*,*,#3764,.T.);
#4916=ORIENTED_EDGE('',*,*,#3765,.F.);
#4917=ORIENTED_EDGE('',*,*,#3766,.T.);
#4918=ORIENTED_EDGE('',*,*,#3767,.F.);
#4919=ORIENTED_EDGE('',*,*,#3755,.F.);
#4920=ORIENTED_EDGE('',*,*,#3762,.F.);
#4921=ORIENTED_EDGE('',*,*,#3768,.T.);
#4922=ORIENTED_EDGE('',*,*,#3769,.T.);
#4923=ORIENTED_EDGE('',*,*,#3763,.F.);
#4924=ORIENTED_EDGE('',*,*,#3754,.F.);
#4925=ORIENTED_EDGE('',*,*,#3761,.F.);
#4926=ORIENTED_EDGE('',*,*,#3770,.T.);
#4927=ORIENTED_EDGE('',*,*,#3771,.T.);
#4928=ORIENTED_EDGE('',*,*,#3772,.T.);
#4929=ORIENTED_EDGE('',*,*,#3773,.T.);
#4930=ORIENTED_EDGE('',*,*,#3768,.F.);
#4931=ORIENTED_EDGE('',*,*,#3774,.T.);
#4932=ORIENTED_EDGE('',*,*,#3759,.T.);
#4933=ORIENTED_EDGE('',*,*,#3602,.T.);
#4934=ORIENTED_EDGE('',*,*,#3775,.T.);
#4935=ORIENTED_EDGE('',*,*,#3600,.T.);
#4936=ORIENTED_EDGE('',*,*,#3751,.F.);
#4937=ORIENTED_EDGE('',*,*,#3776,.F.);
#4938=ORIENTED_EDGE('',*,*,#3777,.T.);
#4939=ORIENTED_EDGE('',*,*,#3601,.T.);
#4940=ORIENTED_EDGE('',*,*,#3777,.F.);
#4941=ORIENTED_EDGE('',*,*,#3778,.T.);
#4942=ORIENTED_EDGE('',*,*,#3775,.F.);
#4943=ORIENTED_EDGE('',*,*,#3774,.F.);
#4944=ORIENTED_EDGE('',*,*,#3779,.T.);
#4945=ORIENTED_EDGE('',*,*,#3780,.T.);
#4946=ORIENTED_EDGE('',*,*,#3781,.F.);
#4947=ORIENTED_EDGE('',*,*,#3782,.T.);
#4948=ORIENTED_EDGE('',*,*,#3770,.F.);
#4949=ORIENTED_EDGE('',*,*,#3760,.F.);
#4950=ORIENTED_EDGE('',*,*,#3778,.F.);
#4951=ORIENTED_EDGE('',*,*,#3783,.T.);
#4952=ORIENTED_EDGE('',*,*,#3784,.T.);
#4953=ORIENTED_EDGE('',*,*,#3779,.F.);
#4954=ORIENTED_EDGE('',*,*,#3776,.T.);
#4955=ORIENTED_EDGE('',*,*,#3750,.T.);
#4956=ORIENTED_EDGE('',*,*,#3767,.T.);
#4957=ORIENTED_EDGE('',*,*,#3785,.T.);
#4958=ORIENTED_EDGE('',*,*,#3786,.T.);
#4959=ORIENTED_EDGE('',*,*,#3787,.T.);
#4960=ORIENTED_EDGE('',*,*,#3783,.F.);
#4961=ORIENTED_EDGE('',*,*,#3788,.T.);
#4962=ORIENTED_EDGE('',*,*,#3789,.T.);
#4963=ORIENTED_EDGE('',*,*,#3790,.T.);
#4964=ORIENTED_EDGE('',*,*,#3789,.F.);
#4965=ORIENTED_EDGE('',*,*,#3791,.T.);
#4966=ORIENTED_EDGE('',*,*,#3792,.T.);
#4967=ORIENTED_EDGE('',*,*,#3790,.F.);
#4968=ORIENTED_EDGE('',*,*,#3792,.F.);
#4969=ORIENTED_EDGE('',*,*,#3793,.T.);
#4970=ORIENTED_EDGE('',*,*,#3794,.T.);
#4971=ORIENTED_EDGE('',*,*,#3795,.T.);
#4972=ORIENTED_EDGE('',*,*,#3796,.F.);
#4973=ORIENTED_EDGE('',*,*,#3797,.T.);
#4974=ORIENTED_EDGE('',*,*,#3798,.T.);
#4975=ORIENTED_EDGE('',*,*,#3799,.T.);
#4976=ORIENTED_EDGE('',*,*,#3800,.T.);
#4977=ORIENTED_EDGE('',*,*,#3801,.T.);
#4978=ORIENTED_EDGE('',*,*,#3802,.T.);
#4979=ORIENTED_EDGE('',*,*,#3803,.T.);
#4980=ORIENTED_EDGE('',*,*,#3804,.T.);
#4981=ORIENTED_EDGE('',*,*,#3805,.T.);
#4982=ORIENTED_EDGE('',*,*,#3806,.T.);
#4983=ORIENTED_EDGE('',*,*,#3807,.T.);
#4984=ORIENTED_EDGE('',*,*,#3808,.F.);
#4985=ORIENTED_EDGE('',*,*,#3809,.F.);
#4986=ORIENTED_EDGE('',*,*,#3788,.F.);
#4987=ORIENTED_EDGE('',*,*,#3628,.T.);
#4988=ORIENTED_EDGE('',*,*,#3810,.T.);
#4989=ORIENTED_EDGE('',*,*,#3811,.T.);
#4990=ORIENTED_EDGE('',*,*,#3812,.F.);
#4991=ORIENTED_EDGE('',*,*,#3627,.T.);
#4992=ORIENTED_EDGE('',*,*,#3813,.T.);
#4993=ORIENTED_EDGE('',*,*,#3814,.T.);
#4994=ORIENTED_EDGE('',*,*,#3810,.F.);
#4995=ORIENTED_EDGE('',*,*,#3626,.T.);
#4996=ORIENTED_EDGE('',*,*,#3815,.T.);
#4997=ORIENTED_EDGE('',*,*,#3816,.T.);
#4998=ORIENTED_EDGE('',*,*,#3813,.F.);
#4999=ORIENTED_EDGE('',*,*,#3625,.T.);
#5000=ORIENTED_EDGE('',*,*,#3817,.T.);
#5001=ORIENTED_EDGE('',*,*,#3714,.T.);
#5002=ORIENTED_EDGE('',*,*,#3815,.F.);
#5003=ORIENTED_EDGE('',*,*,#3624,.T.);
#5004=ORIENTED_EDGE('',*,*,#3818,.T.);
#5005=ORIENTED_EDGE('',*,*,#3819,.T.);
#5006=ORIENTED_EDGE('',*,*,#3817,.F.);
#5007=ORIENTED_EDGE('',*,*,#3635,.T.);
#5008=ORIENTED_EDGE('',*,*,#3820,.T.);
#5009=ORIENTED_EDGE('',*,*,#3698,.T.);
#5010=ORIENTED_EDGE('',*,*,#3818,.F.);
#5011=ORIENTED_EDGE('',*,*,#3634,.T.);
#5012=ORIENTED_EDGE('',*,*,#3821,.T.);
#5013=ORIENTED_EDGE('',*,*,#3822,.T.);
#5014=ORIENTED_EDGE('',*,*,#3820,.F.);
#5015=ORIENTED_EDGE('',*,*,#3823,.T.);
#5016=ORIENTED_EDGE('',*,*,#3821,.F.);
#5017=ORIENTED_EDGE('',*,*,#3633,.T.);
#5018=ORIENTED_EDGE('',*,*,#3824,.T.);
#5019=ORIENTED_EDGE('',*,*,#3825,.T.);
#5020=ORIENTED_EDGE('',*,*,#3824,.F.);
#5021=ORIENTED_EDGE('',*,*,#3632,.T.);
#5022=ORIENTED_EDGE('',*,*,#3826,.T.);
#5023=ORIENTED_EDGE('',*,*,#3690,.T.);
#5024=ORIENTED_EDGE('',*,*,#3826,.F.);
#5025=ORIENTED_EDGE('',*,*,#3631,.T.);
#5026=ORIENTED_EDGE('',*,*,#3827,.T.);
#5027=ORIENTED_EDGE('',*,*,#3828,.T.);
#5028=ORIENTED_EDGE('',*,*,#3827,.F.);
#5029=ORIENTED_EDGE('',*,*,#3630,.T.);
#5030=ORIENTED_EDGE('',*,*,#3829,.T.);
#5031=ORIENTED_EDGE('',*,*,#3718,.T.);
#5032=ORIENTED_EDGE('',*,*,#3829,.F.);
#5033=ORIENTED_EDGE('',*,*,#3629,.T.);
#5034=ORIENTED_EDGE('',*,*,#3812,.T.);
#5035=ORIENTED_EDGE('',*,*,#3822,.F.);
#5036=ORIENTED_EDGE('',*,*,#3830,.T.);
#5037=ORIENTED_EDGE('',*,*,#3831,.T.);
#5038=ORIENTED_EDGE('',*,*,#3699,.F.);
#5039=ORIENTED_EDGE('',*,*,#3823,.F.);
#5040=ORIENTED_EDGE('',*,*,#3832,.T.);
#5041=ORIENTED_EDGE('',*,*,#3833,.T.);
#5042=ORIENTED_EDGE('',*,*,#3834,.T.);
#5043=ORIENTED_EDGE('',*,*,#3835,.T.);
#5044=ORIENTED_EDGE('',*,*,#3836,.F.);
#5045=ORIENTED_EDGE('',*,*,#3837,.T.);
#5046=ORIENTED_EDGE('',*,*,#3830,.F.);
#5047=ORIENTED_EDGE('',*,*,#3825,.F.);
#5048=ORIENTED_EDGE('',*,*,#3689,.T.);
#5049=ORIENTED_EDGE('',*,*,#3838,.T.);
#5050=ORIENTED_EDGE('',*,*,#3832,.F.);
#5051=ORIENTED_EDGE('',*,*,#3828,.F.);
#5052=ORIENTED_EDGE('',*,*,#3717,.F.);
#5053=ORIENTED_EDGE('',*,*,#3706,.F.);
#5054=ORIENTED_EDGE('',*,*,#3576,.T.);
#5055=ORIENTED_EDGE('',*,*,#3680,.F.);
#5056=ORIENTED_EDGE('',*,*,#3686,.F.);
#5057=ORIENTED_EDGE('',*,*,#3811,.F.);
#5058=ORIENTED_EDGE('',*,*,#3839,.T.);
#5059=ORIENTED_EDGE('',*,*,#3840,.T.);
#5060=ORIENTED_EDGE('',*,*,#3841,.F.);
#5061=ORIENTED_EDGE('',*,*,#3842,.T.);
#5062=ORIENTED_EDGE('',*,*,#3719,.F.);
#5063=ORIENTED_EDGE('',*,*,#3618,.T.);
#5064=ORIENTED_EDGE('',*,*,#3843,.T.);
#5065=ORIENTED_EDGE('',*,*,#3844,.T.);
#5066=ORIENTED_EDGE('',*,*,#3845,.T.);
#5067=ORIENTED_EDGE('',*,*,#3623,.T.);
#5068=ORIENTED_EDGE('',*,*,#3846,.T.);
#5069=ORIENTED_EDGE('',*,*,#3847,.T.);
#5070=ORIENTED_EDGE('',*,*,#3843,.F.);
#5071=ORIENTED_EDGE('',*,*,#3622,.T.);
#5072=ORIENTED_EDGE('',*,*,#3848,.T.);
#5073=ORIENTED_EDGE('',*,*,#3849,.T.);
#5074=ORIENTED_EDGE('',*,*,#3846,.F.);
#5075=ORIENTED_EDGE('',*,*,#3850,.T.);
#5076=ORIENTED_EDGE('',*,*,#3848,.F.);
#5077=ORIENTED_EDGE('',*,*,#3621,.T.);
#5078=ORIENTED_EDGE('',*,*,#3851,.T.);
#5079=ORIENTED_EDGE('',*,*,#3852,.T.);
#5080=ORIENTED_EDGE('',*,*,#3851,.F.);
#5081=ORIENTED_EDGE('',*,*,#3620,.T.);
#5082=ORIENTED_EDGE('',*,*,#3853,.T.);
#5083=ORIENTED_EDGE('',*,*,#3619,.T.);
#5084=ORIENTED_EDGE('',*,*,#3845,.F.);
#5085=ORIENTED_EDGE('',*,*,#3854,.T.);
#5086=ORIENTED_EDGE('',*,*,#3853,.F.);
#5087=ORIENTED_EDGE('',*,*,#3852,.F.);
#5088=ORIENTED_EDGE('',*,*,#3855,.T.);
#5089=ORIENTED_EDGE('',*,*,#3856,.T.);
#5090=ORIENTED_EDGE('',*,*,#3857,.F.);
#5091=ORIENTED_EDGE('',*,*,#3858,.T.);
#5092=ORIENTED_EDGE('',*,*,#3859,.F.);
#5093=ORIENTED_EDGE('',*,*,#3854,.F.);
#5094=ORIENTED_EDGE('',*,*,#3860,.T.);
#5095=ORIENTED_EDGE('',*,*,#3861,.T.);
#5096=ORIENTED_EDGE('',*,*,#3855,.F.);
#5097=ORIENTED_EDGE('',*,*,#3844,.F.);
#5098=ORIENTED_EDGE('',*,*,#3862,.T.);
#5099=ORIENTED_EDGE('',*,*,#3863,.T.);
#5100=ORIENTED_EDGE('',*,*,#3864,.T.);
#5101=ORIENTED_EDGE('',*,*,#3865,.T.);
#5102=ORIENTED_EDGE('',*,*,#3860,.F.);
#5103=ORIENTED_EDGE('',*,*,#3866,.T.);
#5104=ORIENTED_EDGE('',*,*,#3867,.T.);
#5105=ORIENTED_EDGE('',*,*,#3574,.T.);
#5106=ORIENTED_EDGE('',*,*,#3867,.F.);
#5107=ORIENTED_EDGE('',*,*,#3868,.F.);
#5108=ORIENTED_EDGE('',*,*,#3869,.F.);
#5109=ORIENTED_EDGE('',*,*,#3870,.T.);
#5110=ORIENTED_EDGE('',*,*,#3871,.T.);
#5111=ORIENTED_EDGE('',*,*,#3872,.F.);
#5112=ORIENTED_EDGE('',*,*,#3873,.T.);
#5113=ORIENTED_EDGE('',*,*,#3874,.T.);
#5114=ORIENTED_EDGE('',*,*,#3875,.T.);
#5115=ORIENTED_EDGE('',*,*,#3876,.T.);
#5116=ORIENTED_EDGE('',*,*,#3877,.T.);
#5117=ORIENTED_EDGE('',*,*,#3878,.T.);
#5118=ORIENTED_EDGE('',*,*,#3879,.T.);
#5119=ORIENTED_EDGE('',*,*,#3880,.T.);
#5120=ORIENTED_EDGE('',*,*,#3881,.T.);
#5121=ORIENTED_EDGE('',*,*,#3882,.T.);
#5122=ORIENTED_EDGE('',*,*,#3883,.F.);
#5123=ORIENTED_EDGE('',*,*,#3884,.F.);
#5124=ORIENTED_EDGE('',*,*,#3885,.F.);
#5125=ORIENTED_EDGE('',*,*,#3886,.T.);
#5126=ORIENTED_EDGE('',*,*,#3887,.T.);
#5127=ORIENTED_EDGE('',*,*,#3888,.T.);
#5128=ORIENTED_EDGE('',*,*,#3889,.F.);
#5129=ORIENTED_EDGE('',*,*,#3890,.T.);
#5130=ORIENTED_EDGE('',*,*,#3891,.T.);
#5131=ORIENTED_EDGE('',*,*,#3892,.T.);
#5132=ORIENTED_EDGE('',*,*,#3893,.T.);
#5133=ORIENTED_EDGE('',*,*,#3894,.T.);
#5134=ORIENTED_EDGE('',*,*,#3895,.T.);
#5135=ORIENTED_EDGE('',*,*,#3896,.T.);
#5136=ORIENTED_EDGE('',*,*,#3897,.T.);
#5137=ORIENTED_EDGE('',*,*,#3866,.F.);
#5138=ORIENTED_EDGE('',*,*,#3465,.F.);
#5139=ORIENTED_EDGE('',*,*,#3898,.F.);
#5140=ORIENTED_EDGE('',*,*,#3899,.F.);
#5141=ORIENTED_EDGE('',*,*,#3466,.F.);
#5142=ORIENTED_EDGE('',*,*,#3900,.F.);
#5143=ORIENTED_EDGE('',*,*,#3901,.F.);
#5144=ORIENTED_EDGE('',*,*,#3463,.F.);
#5145=ORIENTED_EDGE('',*,*,#3902,.F.);
#5146=ORIENTED_EDGE('',*,*,#3903,.F.);
#5147=ORIENTED_EDGE('',*,*,#3464,.F.);
#5148=ORIENTED_EDGE('',*,*,#3904,.F.);
#5149=ORIENTED_EDGE('',*,*,#3905,.F.);
#5150=ORIENTED_EDGE('',*,*,#3906,.F.);
#5151=ORIENTED_EDGE('',*,*,#3907,.T.);
#5152=ORIENTED_EDGE('',*,*,#3902,.T.);
#5153=ORIENTED_EDGE('',*,*,#3901,.T.);
#5154=ORIENTED_EDGE('',*,*,#3908,.F.);
#5155=ORIENTED_EDGE('',*,*,#3909,.F.);
#5156=ORIENTED_EDGE('',*,*,#3910,.T.);
#5157=ORIENTED_EDGE('',*,*,#3898,.T.);
#5158=ORIENTED_EDGE('',*,*,#3905,.T.);
#5159=ORIENTED_EDGE('',*,*,#3911,.F.);
#5160=ORIENTED_EDGE('',*,*,#3472,.F.);
#5161=ORIENTED_EDGE('',*,*,#3912,.F.);
#5162=ORIENTED_EDGE('',*,*,#3913,.F.);
#5163=ORIENTED_EDGE('',*,*,#3473,.F.);
#5164=ORIENTED_EDGE('',*,*,#3914,.F.);
#5165=ORIENTED_EDGE('',*,*,#3915,.F.);
#5166=ORIENTED_EDGE('',*,*,#3470,.F.);
#5167=ORIENTED_EDGE('',*,*,#3916,.F.);
#5168=ORIENTED_EDGE('',*,*,#3917,.F.);
#5169=ORIENTED_EDGE('',*,*,#3471,.F.);
#5170=ORIENTED_EDGE('',*,*,#3918,.F.);
#5171=ORIENTED_EDGE('',*,*,#3919,.F.);
#5172=ORIENTED_EDGE('',*,*,#3920,.F.);
#5173=ORIENTED_EDGE('',*,*,#3921,.T.);
#5174=ORIENTED_EDGE('',*,*,#3916,.T.);
#5175=ORIENTED_EDGE('',*,*,#3915,.T.);
#5176=ORIENTED_EDGE('',*,*,#3922,.F.);
#5177=ORIENTED_EDGE('',*,*,#3923,.F.);
#5178=ORIENTED_EDGE('',*,*,#3924,.T.);
#5179=ORIENTED_EDGE('',*,*,#3912,.T.);
#5180=ORIENTED_EDGE('',*,*,#3919,.T.);
#5181=ORIENTED_EDGE('',*,*,#3925,.F.);
#5182=ORIENTED_EDGE('',*,*,#3909,.T.);
#5183=ORIENTED_EDGE('',*,*,#3926,.F.);
#5184=ORIENTED_EDGE('',*,*,#3927,.F.);
#5185=ORIENTED_EDGE('',*,*,#3928,.F.);
#5186=ORIENTED_EDGE('',*,*,#3923,.T.);
#5187=ORIENTED_EDGE('',*,*,#3929,.F.);
#5188=ORIENTED_EDGE('',*,*,#3930,.F.);
#5189=ORIENTED_EDGE('',*,*,#3931,.F.);
#5190=ORIENTED_EDGE('',*,*,#3920,.T.);
#5191=ORIENTED_EDGE('',*,*,#3932,.F.);
#5192=ORIENTED_EDGE('',*,*,#3487,.F.);
#5193=ORIENTED_EDGE('',*,*,#3933,.F.);
#5194=ORIENTED_EDGE('',*,*,#3482,.F.);
#5195=ORIENTED_EDGE('',*,*,#3488,.T.);
#5196=ORIENTED_EDGE('',*,*,#3932,.T.);
#5197=ORIENTED_EDGE('',*,*,#3922,.T.);
#5198=ORIENTED_EDGE('',*,*,#3914,.T.);
#5199=ORIENTED_EDGE('',*,*,#3913,.T.);
#5200=ORIENTED_EDGE('',*,*,#3924,.F.);
#5201=ORIENTED_EDGE('',*,*,#3931,.T.);
#5202=ORIENTED_EDGE('',*,*,#3934,.F.);
#5203=ORIENTED_EDGE('',*,*,#3935,.F.);
#5204=ORIENTED_EDGE('',*,*,#3936,.T.);
#5205=ORIENTED_EDGE('',*,*,#3929,.T.);
#5206=ORIENTED_EDGE('',*,*,#3925,.T.);
#5207=ORIENTED_EDGE('',*,*,#3918,.T.);
#5208=ORIENTED_EDGE('',*,*,#3917,.T.);
#5209=ORIENTED_EDGE('',*,*,#3921,.F.);
#5210=ORIENTED_EDGE('',*,*,#3933,.T.);
#5211=ORIENTED_EDGE('',*,*,#3486,.F.);
#5212=ORIENTED_EDGE('',*,*,#3906,.T.);
#5213=ORIENTED_EDGE('',*,*,#3937,.F.);
#5214=ORIENTED_EDGE('',*,*,#3502,.F.);
#5215=ORIENTED_EDGE('',*,*,#3938,.F.);
#5216=ORIENTED_EDGE('',*,*,#3497,.F.);
#5217=ORIENTED_EDGE('',*,*,#3503,.T.);
#5218=ORIENTED_EDGE('',*,*,#3937,.T.);
#5219=ORIENTED_EDGE('',*,*,#3908,.T.);
#5220=ORIENTED_EDGE('',*,*,#3900,.T.);
#5221=ORIENTED_EDGE('',*,*,#3899,.T.);
#5222=ORIENTED_EDGE('',*,*,#3910,.F.);
#5223=ORIENTED_EDGE('',*,*,#3928,.T.);
#5224=ORIENTED_EDGE('',*,*,#3939,.F.);
#5225=ORIENTED_EDGE('',*,*,#3940,.F.);
#5226=ORIENTED_EDGE('',*,*,#3941,.T.);
#5227=ORIENTED_EDGE('',*,*,#3926,.T.);
#5228=ORIENTED_EDGE('',*,*,#3911,.T.);
#5229=ORIENTED_EDGE('',*,*,#3904,.T.);
#5230=ORIENTED_EDGE('',*,*,#3903,.T.);
#5231=ORIENTED_EDGE('',*,*,#3907,.F.);
#5232=ORIENTED_EDGE('',*,*,#3938,.T.);
#5233=ORIENTED_EDGE('',*,*,#3501,.F.);
#5234=ORIENTED_EDGE('',*,*,#3935,.T.);
#5235=ORIENTED_EDGE('',*,*,#3485,.T.);
#5236=ORIENTED_EDGE('',*,*,#3942,.T.);
#5237=ORIENTED_EDGE('',*,*,#3943,.T.);
#5238=ORIENTED_EDGE('',*,*,#3944,.T.);
#5239=ORIENTED_EDGE('',*,*,#3940,.T.);
#5240=ORIENTED_EDGE('',*,*,#3500,.T.);
#5241=ORIENTED_EDGE('',*,*,#3945,.T.);
#5242=ORIENTED_EDGE('',*,*,#3946,.T.);
#5243=ORIENTED_EDGE('',*,*,#3947,.T.);
#5244=ORIENTED_EDGE('',*,*,#3948,.T.);
#5245=ORIENTED_EDGE('',*,*,#3949,.F.);
#5246=ORIENTED_EDGE('',*,*,#3950,.F.);
#5247=ORIENTED_EDGE('',*,*,#3951,.T.);
#5248=ORIENTED_EDGE('',*,*,#3952,.T.);
#5249=ORIENTED_EDGE('',*,*,#3953,.F.);
#5250=ORIENTED_EDGE('',*,*,#3954,.F.);
#5251=ORIENTED_EDGE('',*,*,#3955,.F.);
#5252=ORIENTED_EDGE('',*,*,#3956,.F.);
#5253=ORIENTED_EDGE('',*,*,#3957,.F.);
#5254=ORIENTED_EDGE('',*,*,#3958,.F.);
#5255=ORIENTED_EDGE('',*,*,#3959,.F.);
#5256=ORIENTED_EDGE('',*,*,#3960,.F.);
#5257=ORIENTED_EDGE('',*,*,#3948,.F.);
#5258=ORIENTED_EDGE('',*,*,#3961,.F.);
#5259=ORIENTED_EDGE('',*,*,#3952,.F.);
#5260=ORIENTED_EDGE('',*,*,#3962,.F.);
#5261=ORIENTED_EDGE('',*,*,#3963,.F.);
#5262=ORIENTED_EDGE('',*,*,#3955,.T.);
#5263=ORIENTED_EDGE('',*,*,#3964,.F.);
#5264=ORIENTED_EDGE('',*,*,#3965,.F.);
#5265=ORIENTED_EDGE('',*,*,#3966,.T.);
#5266=ORIENTED_EDGE('',*,*,#3957,.T.);
#5267=ORIENTED_EDGE('',*,*,#3967,.T.);
#5268=ORIENTED_EDGE('',*,*,#3968,.F.);
#5269=ORIENTED_EDGE('',*,*,#3969,.F.);
#5270=ORIENTED_EDGE('',*,*,#3970,.T.);
#5271=ORIENTED_EDGE('',*,*,#3971,.T.);
#5272=ORIENTED_EDGE('',*,*,#3972,.F.);
#5273=ORIENTED_EDGE('',*,*,#3973,.F.);
#5274=ORIENTED_EDGE('',*,*,#3967,.F.);
#5275=ORIENTED_EDGE('',*,*,#3974,.F.);
#5276=ORIENTED_EDGE('',*,*,#3971,.F.);
#5277=ORIENTED_EDGE('',*,*,#3975,.F.);
#5278=ORIENTED_EDGE('',*,*,#3976,.F.);
#5279=ORIENTED_EDGE('',*,*,#3977,.F.);
#5280=ORIENTED_EDGE('',*,*,#3978,.F.);
#5281=ORIENTED_EDGE('',*,*,#3979,.F.);
#5282=ORIENTED_EDGE('',*,*,#3980,.F.);
#5283=ORIENTED_EDGE('',*,*,#3981,.F.);
#5284=ORIENTED_EDGE('',*,*,#3982,.F.);
#5285=ORIENTED_EDGE('',*,*,#3978,.T.);
#5286=ORIENTED_EDGE('',*,*,#3983,.F.);
#5287=ORIENTED_EDGE('',*,*,#3984,.F.);
#5288=ORIENTED_EDGE('',*,*,#3985,.T.);
#5289=ORIENTED_EDGE('',*,*,#3981,.T.);
#5290=ORIENTED_EDGE('',*,*,#3986,.T.);
#5291=ORIENTED_EDGE('',*,*,#3987,.F.);
#5292=ORIENTED_EDGE('',*,*,#3988,.F.);
#5293=ORIENTED_EDGE('',*,*,#3989,.T.);
#5294=ORIENTED_EDGE('',*,*,#3990,.T.);
#5295=ORIENTED_EDGE('',*,*,#3991,.F.);
#5296=ORIENTED_EDGE('',*,*,#3992,.F.);
#5297=ORIENTED_EDGE('',*,*,#3993,.F.);
#5298=ORIENTED_EDGE('',*,*,#3994,.F.);
#5299=ORIENTED_EDGE('',*,*,#3995,.F.);
#5300=ORIENTED_EDGE('',*,*,#3996,.F.);
#5301=ORIENTED_EDGE('',*,*,#3997,.F.);
#5302=ORIENTED_EDGE('',*,*,#3998,.F.);
#5303=ORIENTED_EDGE('',*,*,#3986,.F.);
#5304=ORIENTED_EDGE('',*,*,#3999,.F.);
#5305=ORIENTED_EDGE('',*,*,#3990,.F.);
#5306=ORIENTED_EDGE('',*,*,#4000,.F.);
#5307=ORIENTED_EDGE('',*,*,#3993,.T.);
#5308=ORIENTED_EDGE('',*,*,#4001,.F.);
#5309=ORIENTED_EDGE('',*,*,#4002,.F.);
#5310=ORIENTED_EDGE('',*,*,#4003,.T.);
#5311=ORIENTED_EDGE('',*,*,#3995,.T.);
#5312=ORIENTED_EDGE('',*,*,#4004,.T.);
#5313=ORIENTED_EDGE('',*,*,#4005,.F.);
#5314=ORIENTED_EDGE('',*,*,#4006,.F.);
#5315=ORIENTED_EDGE('',*,*,#4007,.T.);
#5316=ORIENTED_EDGE('',*,*,#4008,.T.);
#5317=ORIENTED_EDGE('',*,*,#3793,.F.);
#5318=ORIENTED_EDGE('',*,*,#4009,.F.);
#5319=ORIENTED_EDGE('',*,*,#4004,.F.);
#5320=ORIENTED_EDGE('',*,*,#3794,.F.);
#5321=ORIENTED_EDGE('',*,*,#4008,.F.);
#5322=ORIENTED_EDGE('',*,*,#4010,.F.);
#5323=ORIENTED_EDGE('',*,*,#3795,.F.);
#5324=ORIENTED_EDGE('',*,*,#4011,.F.);
#5325=ORIENTED_EDGE('',*,*,#4012,.F.);
#5326=ORIENTED_EDGE('',*,*,#3791,.F.);
#5327=ORIENTED_EDGE('',*,*,#4013,.F.);
#5328=ORIENTED_EDGE('',*,*,#4014,.F.);
#5329=ORIENTED_EDGE('',*,*,#4012,.T.);
#5330=ORIENTED_EDGE('',*,*,#4015,.F.);
#5331=ORIENTED_EDGE('',*,*,#4016,.F.);
#5332=ORIENTED_EDGE('',*,*,#4017,.T.);
#5333=ORIENTED_EDGE('',*,*,#4013,.T.);
#5334=ORIENTED_EDGE('',*,*,#3950,.T.);
#5335=ORIENTED_EDGE('',*,*,#4018,.F.);
#5336=ORIENTED_EDGE('',*,*,#3710,.F.);
#5337=ORIENTED_EDGE('',*,*,#3716,.F.);
#5338=ORIENTED_EDGE('',*,*,#3722,.F.);
#5339=ORIENTED_EDGE('',*,*,#4019,.F.);
#5340=ORIENTED_EDGE('',*,*,#3969,.T.);
#5341=ORIENTED_EDGE('',*,*,#4020,.F.);
#5342=ORIENTED_EDGE('',*,*,#4021,.F.);
#5343=ORIENTED_EDGE('',*,*,#3694,.F.);
#5344=ORIENTED_EDGE('',*,*,#4022,.F.);
#5345=ORIENTED_EDGE('',*,*,#4023,.F.);
#5346=ORIENTED_EDGE('',*,*,#3988,.T.);
#5347=ORIENTED_EDGE('',*,*,#4024,.F.);
#5348=ORIENTED_EDGE('',*,*,#3764,.F.);
#5349=ORIENTED_EDGE('',*,*,#3769,.F.);
#5350=ORIENTED_EDGE('',*,*,#3773,.F.);
#5351=ORIENTED_EDGE('',*,*,#4025,.F.);
#5352=ORIENTED_EDGE('',*,*,#4006,.T.);
#5353=ORIENTED_EDGE('',*,*,#4026,.F.);
#5354=ORIENTED_EDGE('',*,*,#3856,.F.);
#5355=ORIENTED_EDGE('',*,*,#3861,.F.);
#5356=ORIENTED_EDGE('',*,*,#3865,.F.);
#5357=ORIENTED_EDGE('',*,*,#4027,.F.);
#5358=ORIENTED_EDGE('',*,*,#3984,.T.);
#5359=ORIENTED_EDGE('',*,*,#4028,.F.);
#5360=ORIENTED_EDGE('',*,*,#4029,.F.);
#5361=ORIENTED_EDGE('',*,*,#3835,.F.);
#5362=ORIENTED_EDGE('',*,*,#4030,.F.);
#5363=ORIENTED_EDGE('',*,*,#4031,.F.);
#5364=ORIENTED_EDGE('',*,*,#4023,.T.);
#5365=ORIENTED_EDGE('',*,*,#4032,.F.);
#5366=ORIENTED_EDGE('',*,*,#4033,.F.);
#5367=ORIENTED_EDGE('',*,*,#4034,.T.);
#5368=ORIENTED_EDGE('',*,*,#4028,.T.);
#5369=ORIENTED_EDGE('',*,*,#3983,.T.);
#5370=ORIENTED_EDGE('',*,*,#3977,.T.);
#5371=ORIENTED_EDGE('',*,*,#3975,.T.);
#5372=ORIENTED_EDGE('',*,*,#3970,.F.);
#5373=ORIENTED_EDGE('',*,*,#4031,.T.);
#5374=ORIENTED_EDGE('',*,*,#4035,.F.);
#5375=ORIENTED_EDGE('',*,*,#4036,.F.);
#5376=ORIENTED_EDGE('',*,*,#4037,.T.);
#5377=ORIENTED_EDGE('',*,*,#4020,.T.);
#5378=ORIENTED_EDGE('',*,*,#3968,.T.);
#5379=ORIENTED_EDGE('',*,*,#3973,.T.);
#5380=ORIENTED_EDGE('',*,*,#3982,.T.);
#5381=ORIENTED_EDGE('',*,*,#3985,.F.);
#5382=ORIENTED_EDGE('',*,*,#4038,.F.);
#5383=ORIENTED_EDGE('',*,*,#4032,.T.);
#5384=ORIENTED_EDGE('',*,*,#4022,.T.);
#5385=ORIENTED_EDGE('',*,*,#3693,.F.);
#5386=ORIENTED_EDGE('',*,*,#4039,.F.);
#5387=ORIENTED_EDGE('',*,*,#3836,.T.);
#5388=ORIENTED_EDGE('',*,*,#4029,.T.);
#5389=ORIENTED_EDGE('',*,*,#4034,.F.);
#5390=ORIENTED_EDGE('',*,*,#4040,.F.);
#5391=ORIENTED_EDGE('',*,*,#4035,.T.);
#5392=ORIENTED_EDGE('',*,*,#4030,.T.);
#5393=ORIENTED_EDGE('',*,*,#3834,.F.);
#5394=ORIENTED_EDGE('',*,*,#4041,.F.);
#5395=ORIENTED_EDGE('',*,*,#3695,.T.);
#5396=ORIENTED_EDGE('',*,*,#4021,.T.);
#5397=ORIENTED_EDGE('',*,*,#4037,.F.);
#5398=ORIENTED_EDGE('',*,*,#4016,.T.);
#5399=ORIENTED_EDGE('',*,*,#4042,.F.);
#5400=ORIENTED_EDGE('',*,*,#4043,.F.);
#5401=ORIENTED_EDGE('',*,*,#4044,.F.);
#5402=ORIENTED_EDGE('',*,*,#4045,.F.);
#5403=ORIENTED_EDGE('',*,*,#4046,.F.);
#5404=ORIENTED_EDGE('',*,*,#4027,.T.);
#5405=ORIENTED_EDGE('',*,*,#3864,.F.);
#5406=ORIENTED_EDGE('',*,*,#4047,.F.);
#5407=ORIENTED_EDGE('',*,*,#4048,.T.);
#5408=ORIENTED_EDGE('',*,*,#4042,.T.);
#5409=ORIENTED_EDGE('',*,*,#4015,.T.);
#5410=ORIENTED_EDGE('',*,*,#4011,.T.);
#5411=ORIENTED_EDGE('',*,*,#4010,.T.);
#5412=ORIENTED_EDGE('',*,*,#4007,.F.);
#5413=ORIENTED_EDGE('',*,*,#4046,.T.);
#5414=ORIENTED_EDGE('',*,*,#4049,.F.);
#5415=ORIENTED_EDGE('',*,*,#4050,.F.);
#5416=ORIENTED_EDGE('',*,*,#3857,.T.);
#5417=ORIENTED_EDGE('',*,*,#4026,.T.);
#5418=ORIENTED_EDGE('',*,*,#4005,.T.);
#5419=ORIENTED_EDGE('',*,*,#4009,.T.);
#5420=ORIENTED_EDGE('',*,*,#4014,.T.);
#5421=ORIENTED_EDGE('',*,*,#4017,.F.);
#5422=ORIENTED_EDGE('',*,*,#3965,.T.);
#5423=ORIENTED_EDGE('',*,*,#4051,.F.);
#5424=ORIENTED_EDGE('',*,*,#3840,.F.);
#5425=ORIENTED_EDGE('',*,*,#4052,.F.);
#5426=ORIENTED_EDGE('',*,*,#4053,.F.);
#5427=ORIENTED_EDGE('',*,*,#4054,.F.);
#5428=ORIENTED_EDGE('',*,*,#4054,.T.);
#5429=ORIENTED_EDGE('',*,*,#4055,.F.);
#5430=ORIENTED_EDGE('',*,*,#4056,.F.);
#5431=ORIENTED_EDGE('',*,*,#3711,.T.);
#5432=ORIENTED_EDGE('',*,*,#4018,.T.);
#5433=ORIENTED_EDGE('',*,*,#3949,.T.);
#5434=ORIENTED_EDGE('',*,*,#3960,.T.);
#5435=ORIENTED_EDGE('',*,*,#3958,.T.);
#5436=ORIENTED_EDGE('',*,*,#3966,.F.);
#5437=ORIENTED_EDGE('',*,*,#4019,.T.);
#5438=ORIENTED_EDGE('',*,*,#3721,.F.);
#5439=ORIENTED_EDGE('',*,*,#4057,.F.);
#5440=ORIENTED_EDGE('',*,*,#3841,.T.);
#5441=ORIENTED_EDGE('',*,*,#4051,.T.);
#5442=ORIENTED_EDGE('',*,*,#3964,.T.);
#5443=ORIENTED_EDGE('',*,*,#3954,.T.);
#5444=ORIENTED_EDGE('',*,*,#3962,.T.);
#5445=ORIENTED_EDGE('',*,*,#3951,.F.);
#5446=ORIENTED_EDGE('',*,*,#4002,.T.);
#5447=ORIENTED_EDGE('',*,*,#4058,.F.);
#5448=ORIENTED_EDGE('',*,*,#3780,.F.);
#5449=ORIENTED_EDGE('',*,*,#3784,.F.);
#5450=ORIENTED_EDGE('',*,*,#3787,.F.);
#5451=ORIENTED_EDGE('',*,*,#4059,.F.);
#5452=ORIENTED_EDGE('',*,*,#4059,.T.);
#5453=ORIENTED_EDGE('',*,*,#3786,.F.);
#5454=ORIENTED_EDGE('',*,*,#4060,.F.);
#5455=ORIENTED_EDGE('',*,*,#3765,.T.);
#5456=ORIENTED_EDGE('',*,*,#4024,.T.);
#5457=ORIENTED_EDGE('',*,*,#3987,.T.);
#5458=ORIENTED_EDGE('',*,*,#3998,.T.);
#5459=ORIENTED_EDGE('',*,*,#3996,.T.);
#5460=ORIENTED_EDGE('',*,*,#4003,.F.);
#5461=ORIENTED_EDGE('',*,*,#4025,.T.);
#5462=ORIENTED_EDGE('',*,*,#3772,.F.);
#5463=ORIENTED_EDGE('',*,*,#4061,.F.);
#5464=ORIENTED_EDGE('',*,*,#3781,.T.);
#5465=ORIENTED_EDGE('',*,*,#4058,.T.);
#5466=ORIENTED_EDGE('',*,*,#4001,.T.);
#5467=ORIENTED_EDGE('',*,*,#3992,.T.);
#5468=ORIENTED_EDGE('',*,*,#4000,.T.);
#5469=ORIENTED_EDGE('',*,*,#3989,.F.);
#5470=ORIENTED_EDGE('',*,*,#4040,.T.);
#5471=ORIENTED_EDGE('',*,*,#3833,.F.);
#5472=ORIENTED_EDGE('',*,*,#3838,.F.);
#5473=ORIENTED_EDGE('',*,*,#3688,.F.);
#5474=ORIENTED_EDGE('',*,*,#3696,.F.);
#5475=ORIENTED_EDGE('',*,*,#4041,.T.);
#5476=ORIENTED_EDGE('',*,*,#4036,.T.);
#5477=ORIENTED_EDGE('',*,*,#4039,.T.);
#5478=ORIENTED_EDGE('',*,*,#4033,.T.);
#5479=ORIENTED_EDGE('',*,*,#4038,.T.);
#5480=ORIENTED_EDGE('',*,*,#3692,.F.);
#5481=ORIENTED_EDGE('',*,*,#3700,.F.);
#5482=ORIENTED_EDGE('',*,*,#3831,.F.);
#5483=ORIENTED_EDGE('',*,*,#3837,.F.);
#5484=ORIENTED_EDGE('',*,*,#4050,.T.);
#5485=ORIENTED_EDGE('',*,*,#4062,.F.);
#5486=ORIENTED_EDGE('',*,*,#3858,.F.);
#5487=ORIENTED_EDGE('',*,*,#4057,.T.);
#5488=ORIENTED_EDGE('',*,*,#3720,.F.);
#5489=ORIENTED_EDGE('',*,*,#3842,.F.);
#5490=ORIENTED_EDGE('',*,*,#4056,.T.);
#5491=ORIENTED_EDGE('',*,*,#4063,.F.);
#5492=ORIENTED_EDGE('',*,*,#3712,.F.);
#5493=ORIENTED_EDGE('',*,*,#4061,.T.);
#5494=ORIENTED_EDGE('',*,*,#3771,.F.);
#5495=ORIENTED_EDGE('',*,*,#3782,.F.);
#5496=ORIENTED_EDGE('',*,*,#3819,.F.);
#5497=ORIENTED_EDGE('',*,*,#3697,.F.);
#5498=ORIENTED_EDGE('',*,*,#3684,.F.);
#5499=ORIENTED_EDGE('',*,*,#3580,.T.);
#5500=ORIENTED_EDGE('',*,*,#3702,.F.);
#5501=ORIENTED_EDGE('',*,*,#3708,.F.);
#5502=ORIENTED_EDGE('',*,*,#3565,.F.);
#5503=ORIENTED_EDGE('',*,*,#3568,.F.);
#5504=ORIENTED_EDGE('',*,*,#3558,.F.);
#5505=ORIENTED_EDGE('',*,*,#4064,.T.);
#5506=ORIENTED_EDGE('',*,*,#3566,.F.);
#5507=ORIENTED_EDGE('',*,*,#4064,.F.);
#5508=ORIENTED_EDGE('',*,*,#3557,.F.);
#5509=ORIENTED_EDGE('',*,*,#3569,.T.);
#5510=ORIENTED_EDGE('',*,*,#3513,.F.);
#5511=ORIENTED_EDGE('',*,*,#3518,.F.);
#5512=ORIENTED_EDGE('',*,*,#3543,.F.);
#5513=ORIENTED_EDGE('',*,*,#4065,.T.);
#5514=ORIENTED_EDGE('',*,*,#3515,.F.);
#5515=ORIENTED_EDGE('',*,*,#4065,.F.);
#5516=ORIENTED_EDGE('',*,*,#3542,.F.);
#5517=ORIENTED_EDGE('',*,*,#3519,.T.);
#5518=ORIENTED_EDGE('',*,*,#3421,.F.);
#5519=ORIENTED_EDGE('',*,*,#3554,.T.);
#5520=ORIENTED_EDGE('',*,*,#3549,.F.);
#5521=ORIENTED_EDGE('',*,*,#3425,.F.);
#5522=ORIENTED_EDGE('',*,*,#3386,.F.);
#5523=ORIENTED_EDGE('',*,*,#3391,.T.);
#5524=ORIENTED_EDGE('',*,*,#3537,.F.);
#5525=ORIENTED_EDGE('',*,*,#3541,.F.);
#5526=ORIENTED_EDGE('',*,*,#4066,.F.);
#5527=ORIENTED_EDGE('',*,*,#3884,.T.);
#5528=ORIENTED_EDGE('',*,*,#4067,.F.);
#5529=ORIENTED_EDGE('',*,*,#4068,.F.);
#5530=ORIENTED_EDGE('',*,*,#4069,.F.);
#5531=ORIENTED_EDGE('',*,*,#4070,.F.);
#5532=ORIENTED_EDGE('',*,*,#4071,.F.);
#5533=ORIENTED_EDGE('',*,*,#3868,.T.);
#5534=ORIENTED_EDGE('',*,*,#4069,.T.);
#5535=ORIENTED_EDGE('',*,*,#3889,.T.);
#5536=ORIENTED_EDGE('',*,*,#4072,.T.);
#5537=ORIENTED_EDGE('',*,*,#4073,.F.);
#5538=ORIENTED_EDGE('',*,*,#4074,.F.);
#5539=ORIENTED_EDGE('',*,*,#3869,.T.);
#5540=ORIENTED_EDGE('',*,*,#4071,.T.);
#5541=ORIENTED_EDGE('',*,*,#4075,.F.);
#5542=ORIENTED_EDGE('',*,*,#4068,.T.);
#5543=ORIENTED_EDGE('',*,*,#4076,.T.);
#5544=ORIENTED_EDGE('',*,*,#3369,.T.);
#5545=ORIENTED_EDGE('',*,*,#4066,.T.);
#5546=ORIENTED_EDGE('',*,*,#4076,.F.);
#5547=ORIENTED_EDGE('',*,*,#4067,.T.);
#5548=ORIENTED_EDGE('',*,*,#3883,.T.);
#5549=ORIENTED_EDGE('',*,*,#4077,.T.);
#5550=ORIENTED_EDGE('',*,*,#4078,.F.);
#5551=ORIENTED_EDGE('',*,*,#4079,.F.);
#5552=ORIENTED_EDGE('',*,*,#3885,.T.);
#5553=ORIENTED_EDGE('',*,*,#3943,.F.);
#5554=ORIENTED_EDGE('',*,*,#4080,.T.);
#5555=ORIENTED_EDGE('',*,*,#3442,.T.);
#5556=ORIENTED_EDGE('',*,*,#4081,.F.);
#5557=ORIENTED_EDGE('',*,*,#3942,.F.);
#5558=ORIENTED_EDGE('',*,*,#3484,.T.);
#5559=ORIENTED_EDGE('',*,*,#3443,.T.);
#5560=ORIENTED_EDGE('',*,*,#4080,.F.);
#5561=ORIENTED_EDGE('',*,*,#3475,.F.);
#5562=ORIENTED_EDGE('',*,*,#3483,.F.);
#5563=ORIENTED_EDGE('',*,*,#3934,.T.);
#5564=ORIENTED_EDGE('',*,*,#3930,.T.);
#5565=ORIENTED_EDGE('',*,*,#3936,.F.);
#5566=ORIENTED_EDGE('',*,*,#3944,.F.);
#5567=ORIENTED_EDGE('',*,*,#4081,.T.);
#5568=ORIENTED_EDGE('',*,*,#3441,.T.);
#5569=ORIENTED_EDGE('',*,*,#3946,.F.);
#5570=ORIENTED_EDGE('',*,*,#4082,.T.);
#5571=ORIENTED_EDGE('',*,*,#3432,.T.);
#5572=ORIENTED_EDGE('',*,*,#4083,.F.);
#5573=ORIENTED_EDGE('',*,*,#3945,.F.);
#5574=ORIENTED_EDGE('',*,*,#3499,.T.);
#5575=ORIENTED_EDGE('',*,*,#3433,.T.);
#5576=ORIENTED_EDGE('',*,*,#4082,.F.);
#5577=ORIENTED_EDGE('',*,*,#3490,.F.);
#5578=ORIENTED_EDGE('',*,*,#3498,.F.);
#5579=ORIENTED_EDGE('',*,*,#3939,.T.);
#5580=ORIENTED_EDGE('',*,*,#3927,.T.);
#5581=ORIENTED_EDGE('',*,*,#3941,.F.);
#5582=ORIENTED_EDGE('',*,*,#3947,.F.);
#5583=ORIENTED_EDGE('',*,*,#4083,.T.);
#5584=ORIENTED_EDGE('',*,*,#3431,.T.);
#5585=ORIENTED_EDGE('',*,*,#3446,.F.);
#5586=ORIENTED_EDGE('',*,*,#3436,.F.);
#5587=ORIENTED_EDGE('',*,*,#3741,.F.);
#5588=ORIENTED_EDGE('',*,*,#3458,.T.);
#5589=ORIENTED_EDGE('',*,*,#4084,.T.);
#5590=ORIENTED_EDGE('',*,*,#4085,.T.);
#5591=ORIENTED_EDGE('',*,*,#4086,.T.);
#5592=ORIENTED_EDGE('',*,*,#4087,.T.);
#5593=ORIENTED_EDGE('',*,*,#4084,.F.);
#5594=ORIENTED_EDGE('',*,*,#3457,.T.);
#5595=ORIENTED_EDGE('',*,*,#4088,.T.);
#5596=ORIENTED_EDGE('',*,*,#4089,.T.);
#5597=ORIENTED_EDGE('',*,*,#4086,.F.);
#5598=ORIENTED_EDGE('',*,*,#3456,.T.);
#5599=ORIENTED_EDGE('',*,*,#4090,.T.);
#5600=ORIENTED_EDGE('',*,*,#4091,.T.);
#5601=ORIENTED_EDGE('',*,*,#4088,.F.);
#5602=ORIENTED_EDGE('',*,*,#3455,.T.);
#5603=ORIENTED_EDGE('',*,*,#3744,.F.);
#5604=ORIENTED_EDGE('',*,*,#4092,.T.);
#5605=ORIENTED_EDGE('',*,*,#4090,.F.);
#5606=ORIENTED_EDGE('',*,*,#3454,.T.);
#5607=ORIENTED_EDGE('',*,*,#4093,.T.);
#5608=ORIENTED_EDGE('',*,*,#4094,.T.);
#5609=ORIENTED_EDGE('',*,*,#4095,.T.);
#5610=ORIENTED_EDGE('',*,*,#4094,.F.);
#5611=ORIENTED_EDGE('',*,*,#4095,.F.);
#5612=ORIENTED_EDGE('',*,*,#4096,.T.);
#5613=ORIENTED_EDGE('',*,*,#3461,.F.);
#5614=ORIENTED_EDGE('',*,*,#4096,.F.);
#5615=ORIENTED_EDGE('',*,*,#4087,.F.);
#5616=ORIENTED_EDGE('',*,*,#4097,.T.);
#5617=ORIENTED_EDGE('',*,*,#4098,.F.);
#5618=ORIENTED_EDGE('',*,*,#4099,.F.);
#5619=ORIENTED_EDGE('',*,*,#4100,.F.);
#5620=ORIENTED_EDGE('',*,*,#4089,.F.);
#5621=ORIENTED_EDGE('',*,*,#4101,.T.);
#5622=ORIENTED_EDGE('',*,*,#4102,.F.);
#5623=ORIENTED_EDGE('',*,*,#4097,.F.);
#5624=ORIENTED_EDGE('',*,*,#4091,.F.);
#5625=ORIENTED_EDGE('',*,*,#4103,.T.);
#5626=ORIENTED_EDGE('',*,*,#4104,.F.);
#5627=ORIENTED_EDGE('',*,*,#4105,.F.);
#5628=ORIENTED_EDGE('',*,*,#4101,.F.);
#5629=ORIENTED_EDGE('',*,*,#4092,.F.);
#5630=ORIENTED_EDGE('',*,*,#3748,.F.);
#5631=ORIENTED_EDGE('',*,*,#4106,.F.);
#5632=ORIENTED_EDGE('',*,*,#4103,.F.);
#5633=ORIENTED_EDGE('',*,*,#4085,.F.);
#5634=ORIENTED_EDGE('',*,*,#4100,.T.);
#5635=ORIENTED_EDGE('',*,*,#4107,.F.);
#5636=ORIENTED_EDGE('',*,*,#4108,.F.);
#5637=ORIENTED_EDGE('',*,*,#4098,.T.);
#5638=ORIENTED_EDGE('',*,*,#4102,.T.);
#5639=ORIENTED_EDGE('',*,*,#4105,.T.);
#5640=ORIENTED_EDGE('',*,*,#4109,.T.);
#5641=ORIENTED_EDGE('',*,*,#4110,.T.);
#5642=ORIENTED_EDGE('',*,*,#4111,.T.);
#5643=ORIENTED_EDGE('',*,*,#4112,.T.);
#5644=ORIENTED_EDGE('',*,*,#4113,.T.);
#5645=ORIENTED_EDGE('',*,*,#4104,.T.);
#5646=ORIENTED_EDGE('',*,*,#4106,.T.);
#5647=ORIENTED_EDGE('',*,*,#3747,.T.);
#5648=ORIENTED_EDGE('',*,*,#4114,.F.);
#5649=ORIENTED_EDGE('',*,*,#4115,.F.);
#5650=ORIENTED_EDGE('',*,*,#4109,.F.);
#5651=ORIENTED_EDGE('',*,*,#3814,.F.);
#5652=ORIENTED_EDGE('',*,*,#4116,.T.);
#5653=ORIENTED_EDGE('',*,*,#4052,.T.);
#5654=ORIENTED_EDGE('',*,*,#3839,.F.);
#5655=ORIENTED_EDGE('',*,*,#3816,.F.);
#5656=ORIENTED_EDGE('',*,*,#3713,.T.);
#5657=ORIENTED_EDGE('',*,*,#4063,.T.);
#5658=ORIENTED_EDGE('',*,*,#4055,.T.);
#5659=ORIENTED_EDGE('',*,*,#4053,.T.);
#5660=ORIENTED_EDGE('',*,*,#4116,.F.);
#5661=ORIENTED_EDGE('',*,*,#3847,.F.);
#5662=ORIENTED_EDGE('',*,*,#4117,.T.);
#5663=ORIENTED_EDGE('',*,*,#4043,.T.);
#5664=ORIENTED_EDGE('',*,*,#4048,.F.);
#5665=ORIENTED_EDGE('',*,*,#4118,.T.);
#5666=ORIENTED_EDGE('',*,*,#3862,.F.);
#5667=ORIENTED_EDGE('',*,*,#3849,.F.);
#5668=ORIENTED_EDGE('',*,*,#4119,.T.);
#5669=ORIENTED_EDGE('',*,*,#4044,.T.);
#5670=ORIENTED_EDGE('',*,*,#4117,.F.);
#5671=ORIENTED_EDGE('',*,*,#3850,.F.);
#5672=ORIENTED_EDGE('',*,*,#3859,.T.);
#5673=ORIENTED_EDGE('',*,*,#4062,.T.);
#5674=ORIENTED_EDGE('',*,*,#4049,.T.);
#5675=ORIENTED_EDGE('',*,*,#4045,.T.);
#5676=ORIENTED_EDGE('',*,*,#4119,.F.);
#5677=ORIENTED_EDGE('',*,*,#4047,.T.);
#5678=ORIENTED_EDGE('',*,*,#3863,.F.);
#5679=ORIENTED_EDGE('',*,*,#4118,.F.);
#5680=ORIENTED_EDGE('',*,*,#4060,.T.);
#5681=ORIENTED_EDGE('',*,*,#3785,.F.);
#5682=ORIENTED_EDGE('',*,*,#3766,.F.);
#5683=ORIENTED_EDGE('',*,*,#3752,.F.);
#5684=ORIENTED_EDGE('',*,*,#3608,.T.);
#5685=ORIENTED_EDGE('',*,*,#4120,.F.);
#5686=ORIENTED_EDGE('',*,*,#4121,.F.);
#5687=ORIENTED_EDGE('',*,*,#3524,.T.);
#5688=ORIENTED_EDGE('',*,*,#4122,.F.);
#5689=ORIENTED_EDGE('',*,*,#4123,.F.);
#5690=ORIENTED_EDGE('',*,*,#3604,.T.);
#5691=ORIENTED_EDGE('',*,*,#3758,.F.);
#5692=ORIENTED_EDGE('',*,*,#3756,.F.);
#5693=ORIENTED_EDGE('',*,*,#3980,.T.);
#5694=ORIENTED_EDGE('',*,*,#3972,.T.);
#5695=ORIENTED_EDGE('',*,*,#3974,.T.);
#5696=ORIENTED_EDGE('',*,*,#3976,.T.);
#5697=ORIENTED_EDGE('',*,*,#4124,.T.);
#5698=ORIENTED_EDGE('',*,*,#3376,.T.);
#5699=ORIENTED_EDGE('',*,*,#4124,.F.);
#5700=ORIENTED_EDGE('',*,*,#3979,.T.);
#5701=ORIENTED_EDGE('',*,*,#3994,.T.);
#5702=ORIENTED_EDGE('',*,*,#4125,.T.);
#5703=ORIENTED_EDGE('',*,*,#4093,.F.);
#5704=ORIENTED_EDGE('',*,*,#4125,.F.);
#5705=ORIENTED_EDGE('',*,*,#3997,.T.);
#5706=ORIENTED_EDGE('',*,*,#3999,.T.);
#5707=ORIENTED_EDGE('',*,*,#3991,.T.);
#5708=ORIENTED_EDGE('',*,*,#3956,.T.);
#5709=ORIENTED_EDGE('',*,*,#3959,.T.);
#5710=ORIENTED_EDGE('',*,*,#3961,.T.);
#5711=ORIENTED_EDGE('',*,*,#4126,.T.);
#5712=ORIENTED_EDGE('',*,*,#3372,.T.);
#5713=ORIENTED_EDGE('',*,*,#4126,.F.);
#5714=ORIENTED_EDGE('',*,*,#3963,.T.);
#5715=ORIENTED_EDGE('',*,*,#3953,.T.);
#5716=ORIENTED_EDGE('',*,*,#4070,.T.);
#5717=ORIENTED_EDGE('',*,*,#4075,.T.);
#5718=ORIENTED_EDGE('',*,*,#3373,.T.);
#5719=ORIENTED_EDGE('',*,*,#3740,.F.);
#5720=ORIENTED_EDGE('',*,*,#3742,.T.);
#5721=ORIENTED_EDGE('',*,*,#4108,.T.);
#5722=ORIENTED_EDGE('',*,*,#4127,.F.);
#5723=ORIENTED_EDGE('',*,*,#4128,.F.);
#5724=ORIENTED_EDGE('',*,*,#4129,.F.);
#5725=ORIENTED_EDGE('',*,*,#4099,.T.);
#5726=ORIENTED_EDGE('',*,*,#4113,.F.);
#5727=ORIENTED_EDGE('',*,*,#4130,.F.);
#5728=ORIENTED_EDGE('',*,*,#4131,.F.);
#5729=ORIENTED_EDGE('',*,*,#4127,.T.);
#5730=ORIENTED_EDGE('',*,*,#4107,.T.);
#5731=ORIENTED_EDGE('',*,*,#3746,.T.);
#5732=ORIENTED_EDGE('',*,*,#4132,.T.);
#5733=ORIENTED_EDGE('',*,*,#4133,.F.);
#5734=ORIENTED_EDGE('',*,*,#4114,.T.);
#5735=ORIENTED_EDGE('',*,*,#3739,.F.);
#5736=ORIENTED_EDGE('',*,*,#4134,.F.);
#5737=ORIENTED_EDGE('',*,*,#4135,.F.);
#5738=ORIENTED_EDGE('',*,*,#4136,.F.);
#5739=ORIENTED_EDGE('',*,*,#4137,.T.);
#5740=ORIENTED_EDGE('',*,*,#4138,.F.);
#5741=ORIENTED_EDGE('',*,*,#4139,.F.);
#5742=ORIENTED_EDGE('',*,*,#4140,.F.);
#5743=ORIENTED_EDGE('',*,*,#4141,.F.);
#5744=ORIENTED_EDGE('',*,*,#4142,.T.);
#5745=ORIENTED_EDGE('',*,*,#4143,.F.);
#5746=ORIENTED_EDGE('',*,*,#4144,.T.);
#5747=ORIENTED_EDGE('',*,*,#4145,.F.);
#5748=ORIENTED_EDGE('',*,*,#3398,.T.);
#5749=ORIENTED_EDGE('',*,*,#3734,.F.);
#5750=ORIENTED_EDGE('',*,*,#3736,.F.);
#5751=ORIENTED_EDGE('',*,*,#3730,.F.);
#5752=ORIENTED_EDGE('',*,*,#3396,.T.);
#5753=ORIENTED_EDGE('',*,*,#4146,.F.);
#5754=ORIENTED_EDGE('',*,*,#4147,.T.);
#5755=ORIENTED_EDGE('',*,*,#4148,.F.);
#5756=ORIENTED_EDGE('',*,*,#4149,.T.);
#5757=ORIENTED_EDGE('',*,*,#4150,.F.);
#5758=ORIENTED_EDGE('',*,*,#4151,.F.);
#5759=ORIENTED_EDGE('',*,*,#4152,.F.);
#5760=ORIENTED_EDGE('',*,*,#4153,.F.);
#5761=ORIENTED_EDGE('',*,*,#4154,.F.);
#5762=ORIENTED_EDGE('',*,*,#4155,.F.);
#5763=ORIENTED_EDGE('',*,*,#4156,.T.);
#5764=ORIENTED_EDGE('',*,*,#4157,.F.);
#5765=ORIENTED_EDGE('',*,*,#3726,.F.);
#5766=ORIENTED_EDGE('',*,*,#3728,.F.);
#5767=ORIENTED_EDGE('',*,*,#4158,.T.);
#5768=ORIENTED_EDGE('',*,*,#3596,.T.);
#5769=ORIENTED_EDGE('',*,*,#4159,.T.);
#5770=ORIENTED_EDGE('',*,*,#4160,.F.);
#5771=ORIENTED_EDGE('',*,*,#4161,.T.);
#5772=ORIENTED_EDGE('',*,*,#4162,.T.);
#5773=ORIENTED_EDGE('',*,*,#4158,.F.);
#5774=ORIENTED_EDGE('',*,*,#4163,.F.);
#5775=ORIENTED_EDGE('',*,*,#4164,.T.);
#5776=ORIENTED_EDGE('',*,*,#4165,.T.);
#5777=ORIENTED_EDGE('',*,*,#4161,.F.);
#5778=ORIENTED_EDGE('',*,*,#4166,.F.);
#5779=ORIENTED_EDGE('',*,*,#4159,.F.);
#5780=ORIENTED_EDGE('',*,*,#3599,.T.);
#5781=ORIENTED_EDGE('',*,*,#4164,.F.);
#5782=ORIENTED_EDGE('',*,*,#4167,.F.);
#5783=ORIENTED_EDGE('',*,*,#4168,.T.);
#5784=ORIENTED_EDGE('',*,*,#3649,.T.);
#5785=ORIENTED_EDGE('',*,*,#4169,.T.);
#5786=ORIENTED_EDGE('',*,*,#4170,.F.);
#5787=ORIENTED_EDGE('',*,*,#4171,.T.);
#5788=ORIENTED_EDGE('',*,*,#4172,.T.);
#5789=ORIENTED_EDGE('',*,*,#4168,.F.);
#5790=ORIENTED_EDGE('',*,*,#4173,.F.);
#5791=ORIENTED_EDGE('',*,*,#4174,.T.);
#5792=ORIENTED_EDGE('',*,*,#4175,.T.);
#5793=ORIENTED_EDGE('',*,*,#4171,.F.);
#5794=ORIENTED_EDGE('',*,*,#4176,.F.);
#5795=ORIENTED_EDGE('',*,*,#4169,.F.);
#5796=ORIENTED_EDGE('',*,*,#3652,.T.);
#5797=ORIENTED_EDGE('',*,*,#4174,.F.);
#5798=ORIENTED_EDGE('',*,*,#4177,.F.);
#5799=ORIENTED_EDGE('',*,*,#4178,.T.);
#5800=ORIENTED_EDGE('',*,*,#4179,.T.);
#5801=ORIENTED_EDGE('',*,*,#4180,.T.);
#5802=ORIENTED_EDGE('',*,*,#4181,.F.);
#5803=ORIENTED_EDGE('',*,*,#4182,.T.);
#5804=ORIENTED_EDGE('',*,*,#4183,.T.);
#5805=ORIENTED_EDGE('',*,*,#4178,.F.);
#5806=ORIENTED_EDGE('',*,*,#4184,.F.);
#5807=ORIENTED_EDGE('',*,*,#4185,.T.);
#5808=ORIENTED_EDGE('',*,*,#3678,.T.);
#5809=ORIENTED_EDGE('',*,*,#4182,.F.);
#5810=ORIENTED_EDGE('',*,*,#4186,.F.);
#5811=ORIENTED_EDGE('',*,*,#4180,.F.);
#5812=ORIENTED_EDGE('',*,*,#3675,.T.);
#5813=ORIENTED_EDGE('',*,*,#4185,.F.);
#5814=ORIENTED_EDGE('',*,*,#4187,.F.);
#5815=ORIENTED_EDGE('',*,*,#3672,.F.);
#5816=ORIENTED_EDGE('',*,*,#3676,.T.);
#5817=ORIENTED_EDGE('',*,*,#4179,.F.);
#5818=ORIENTED_EDGE('',*,*,#4188,.F.);
#5819=ORIENTED_EDGE('',*,*,#4189,.T.);
#5820=ORIENTED_EDGE('',*,*,#3662,.T.);
#5821=ORIENTED_EDGE('',*,*,#4190,.T.);
#5822=ORIENTED_EDGE('',*,*,#4191,.F.);
#5823=ORIENTED_EDGE('',*,*,#4192,.T.);
#5824=ORIENTED_EDGE('',*,*,#4193,.T.);
#5825=ORIENTED_EDGE('',*,*,#4189,.F.);
#5826=ORIENTED_EDGE('',*,*,#4194,.F.);
#5827=ORIENTED_EDGE('',*,*,#4195,.T.);
#5828=ORIENTED_EDGE('',*,*,#4196,.T.);
#5829=ORIENTED_EDGE('',*,*,#4192,.F.);
#5830=ORIENTED_EDGE('',*,*,#4197,.F.);
#5831=ORIENTED_EDGE('',*,*,#4190,.F.);
#5832=ORIENTED_EDGE('',*,*,#3665,.T.);
#5833=ORIENTED_EDGE('',*,*,#4195,.F.);
#5834=ORIENTED_EDGE('',*,*,#4198,.F.);
#5835=ORIENTED_EDGE('',*,*,#4199,.F.);
#5836=ORIENTED_EDGE('',*,*,#4200,.T.);
#5837=ORIENTED_EDGE('',*,*,#4184,.T.);
#5838=ORIENTED_EDGE('',*,*,#4201,.F.);
#5839=ORIENTED_EDGE('',*,*,#4202,.F.);
#5840=ORIENTED_EDGE('',*,*,#4201,.T.);
#5841=ORIENTED_EDGE('',*,*,#4181,.T.);
#5842=ORIENTED_EDGE('',*,*,#4203,.F.);
#5843=ORIENTED_EDGE('',*,*,#4077,.F.);
#5844=ORIENTED_EDGE('',*,*,#3882,.F.);
#5845=ORIENTED_EDGE('',*,*,#4204,.F.);
#5846=ORIENTED_EDGE('',*,*,#4205,.F.);
#5847=ORIENTED_EDGE('',*,*,#4206,.F.);
#5848=ORIENTED_EDGE('',*,*,#3886,.F.);
#5849=ORIENTED_EDGE('',*,*,#4079,.T.);
#5850=ORIENTED_EDGE('',*,*,#4207,.T.);
#5851=ORIENTED_EDGE('',*,*,#4186,.T.);
#5852=ORIENTED_EDGE('',*,*,#4200,.F.);
#5853=ORIENTED_EDGE('',*,*,#4203,.T.);
#5854=ORIENTED_EDGE('',*,*,#4187,.T.);
#5855=ORIENTED_EDGE('',*,*,#4207,.F.);
#5856=ORIENTED_EDGE('',*,*,#4078,.T.);
#5857=ORIENTED_EDGE('',*,*,#3890,.F.);
#5858=ORIENTED_EDGE('',*,*,#4208,.T.);
#5859=ORIENTED_EDGE('',*,*,#4176,.T.);
#5860=ORIENTED_EDGE('',*,*,#4209,.F.);
#5861=ORIENTED_EDGE('',*,*,#3893,.F.);
#5862=ORIENTED_EDGE('',*,*,#4210,.T.);
#5863=ORIENTED_EDGE('',*,*,#4177,.T.);
#5864=ORIENTED_EDGE('',*,*,#4208,.F.);
#5865=ORIENTED_EDGE('',*,*,#3892,.F.);
#5866=ORIENTED_EDGE('',*,*,#4211,.T.);
#5867=ORIENTED_EDGE('',*,*,#4170,.T.);
#5868=ORIENTED_EDGE('',*,*,#4210,.F.);
#5869=ORIENTED_EDGE('',*,*,#3891,.F.);
#5870=ORIENTED_EDGE('',*,*,#4209,.T.);
#5871=ORIENTED_EDGE('',*,*,#4173,.T.);
#5872=ORIENTED_EDGE('',*,*,#4211,.F.);
#5873=ORIENTED_EDGE('',*,*,#4212,.F.);
#5874=ORIENTED_EDGE('',*,*,#4213,.T.);
#5875=ORIENTED_EDGE('',*,*,#4194,.T.);
#5876=ORIENTED_EDGE('',*,*,#4214,.F.);
#5877=ORIENTED_EDGE('',*,*,#4215,.F.);
#5878=ORIENTED_EDGE('',*,*,#4214,.T.);
#5879=ORIENTED_EDGE('',*,*,#4191,.T.);
#5880=ORIENTED_EDGE('',*,*,#4216,.F.);
#5881=ORIENTED_EDGE('',*,*,#4072,.F.);
#5882=ORIENTED_EDGE('',*,*,#3888,.F.);
#5883=ORIENTED_EDGE('',*,*,#4217,.F.);
#5884=ORIENTED_EDGE('',*,*,#4218,.F.);
#5885=ORIENTED_EDGE('',*,*,#4219,.F.);
#5886=ORIENTED_EDGE('',*,*,#3870,.F.);
#5887=ORIENTED_EDGE('',*,*,#4074,.T.);
#5888=ORIENTED_EDGE('',*,*,#4220,.T.);
#5889=ORIENTED_EDGE('',*,*,#4197,.T.);
#5890=ORIENTED_EDGE('',*,*,#4213,.F.);
#5891=ORIENTED_EDGE('',*,*,#4216,.T.);
#5892=ORIENTED_EDGE('',*,*,#4198,.T.);
#5893=ORIENTED_EDGE('',*,*,#4220,.F.);
#5894=ORIENTED_EDGE('',*,*,#4073,.T.);
#5895=ORIENTED_EDGE('',*,*,#3894,.F.);
#5896=ORIENTED_EDGE('',*,*,#4221,.T.);
#5897=ORIENTED_EDGE('',*,*,#4163,.T.);
#5898=ORIENTED_EDGE('',*,*,#4222,.F.);
#5899=ORIENTED_EDGE('',*,*,#3897,.F.);
#5900=ORIENTED_EDGE('',*,*,#4223,.T.);
#5901=ORIENTED_EDGE('',*,*,#4166,.T.);
#5902=ORIENTED_EDGE('',*,*,#4221,.F.);
#5903=ORIENTED_EDGE('',*,*,#3896,.F.);
#5904=ORIENTED_EDGE('',*,*,#4224,.T.);
#5905=ORIENTED_EDGE('',*,*,#4167,.T.);
#5906=ORIENTED_EDGE('',*,*,#4223,.F.);
#5907=ORIENTED_EDGE('',*,*,#3895,.F.);
#5908=ORIENTED_EDGE('',*,*,#4222,.T.);
#5909=ORIENTED_EDGE('',*,*,#4160,.T.);
#5910=ORIENTED_EDGE('',*,*,#4224,.F.);
#5911=ORIENTED_EDGE('',*,*,#4204,.T.);
#5912=ORIENTED_EDGE('',*,*,#3881,.F.);
#5913=ORIENTED_EDGE('',*,*,#4225,.T.);
#5914=ORIENTED_EDGE('',*,*,#4148,.T.);
#5915=ORIENTED_EDGE('',*,*,#4226,.T.);
#5916=ORIENTED_EDGE('',*,*,#3646,.F.);
#5917=ORIENTED_EDGE('',*,*,#3650,.T.);
#5918=ORIENTED_EDGE('',*,*,#4172,.F.);
#5919=ORIENTED_EDGE('',*,*,#4227,.F.);
#5920=ORIENTED_EDGE('',*,*,#3647,.F.);
#5921=ORIENTED_EDGE('',*,*,#4227,.T.);
#5922=ORIENTED_EDGE('',*,*,#4175,.F.);
#5923=ORIENTED_EDGE('',*,*,#3651,.F.);
#5924=ORIENTED_EDGE('',*,*,#4228,.F.);
#5925=ORIENTED_EDGE('',*,*,#4229,.F.);
#5926=ORIENTED_EDGE('',*,*,#4144,.F.);
#5927=ORIENTED_EDGE('',*,*,#4230,.F.);
#5928=ORIENTED_EDGE('',*,*,#4218,.T.);
#5929=ORIENTED_EDGE('',*,*,#4212,.T.);
#5930=ORIENTED_EDGE('',*,*,#4215,.T.);
#5931=ORIENTED_EDGE('',*,*,#4231,.F.);
#5932=ORIENTED_EDGE('',*,*,#4205,.T.);
#5933=ORIENTED_EDGE('',*,*,#4199,.T.);
#5934=ORIENTED_EDGE('',*,*,#4202,.T.);
#5935=ORIENTED_EDGE('',*,*,#4226,.F.);
#5936=ORIENTED_EDGE('',*,*,#4147,.F.);
#5937=ORIENTED_EDGE('',*,*,#4232,.F.);
#5938=ORIENTED_EDGE('',*,*,#4233,.F.);
#5939=ORIENTED_EDGE('',*,*,#3401,.F.);
#5940=ORIENTED_EDGE('',*,*,#3592,.F.);
#5941=ORIENTED_EDGE('',*,*,#3597,.T.);
#5942=ORIENTED_EDGE('',*,*,#4162,.F.);
#5943=ORIENTED_EDGE('',*,*,#4234,.F.);
#5944=ORIENTED_EDGE('',*,*,#3594,.F.);
#5945=ORIENTED_EDGE('',*,*,#4234,.T.);
#5946=ORIENTED_EDGE('',*,*,#4165,.F.);
#5947=ORIENTED_EDGE('',*,*,#3598,.F.);
#5948=ORIENTED_EDGE('',*,*,#3659,.F.);
#5949=ORIENTED_EDGE('',*,*,#3663,.T.);
#5950=ORIENTED_EDGE('',*,*,#4193,.F.);
#5951=ORIENTED_EDGE('',*,*,#4235,.F.);
#5952=ORIENTED_EDGE('',*,*,#3660,.F.);
#5953=ORIENTED_EDGE('',*,*,#4235,.T.);
#5954=ORIENTED_EDGE('',*,*,#4196,.F.);
#5955=ORIENTED_EDGE('',*,*,#3664,.F.);
#5956=ORIENTED_EDGE('',*,*,#3673,.F.);
#5957=ORIENTED_EDGE('',*,*,#4188,.T.);
#5958=ORIENTED_EDGE('',*,*,#4183,.F.);
#5959=ORIENTED_EDGE('',*,*,#3677,.F.);
#5960=ORIENTED_EDGE('',*,*,#4206,.T.);
#5961=ORIENTED_EDGE('',*,*,#4231,.T.);
#5962=ORIENTED_EDGE('',*,*,#4217,.T.);
#5963=ORIENTED_EDGE('',*,*,#3887,.F.);
#5964=ORIENTED_EDGE('',*,*,#4236,.T.);
#5965=ORIENTED_EDGE('',*,*,#4237,.T.);
#5966=ORIENTED_EDGE('',*,*,#4238,.T.);
#5967=ORIENTED_EDGE('',*,*,#3808,.T.);
#5968=ORIENTED_EDGE('',*,*,#4239,.T.);
#5969=ORIENTED_EDGE('',*,*,#3809,.T.);
#5970=ORIENTED_EDGE('',*,*,#4238,.F.);
#5971=ORIENTED_EDGE('',*,*,#4240,.T.);
#5972=ORIENTED_EDGE('',*,*,#4241,.T.);
#5973=ORIENTED_EDGE('',*,*,#3796,.T.);
#5974=ORIENTED_EDGE('',*,*,#4239,.F.);
#5975=ORIENTED_EDGE('',*,*,#4242,.T.);
#5976=ORIENTED_EDGE('',*,*,#4236,.F.);
#5977=ORIENTED_EDGE('',*,*,#4243,.F.);
#5978=ORIENTED_EDGE('',*,*,#4244,.F.);
#5979=ORIENTED_EDGE('',*,*,#4245,.F.);
#5980=ORIENTED_EDGE('',*,*,#4128,.T.);
#5981=ORIENTED_EDGE('',*,*,#4131,.T.);
#5982=ORIENTED_EDGE('',*,*,#4246,.T.);
#5983=ORIENTED_EDGE('',*,*,#4247,.T.);
#5984=ORIENTED_EDGE('',*,*,#4248,.T.);
#5985=ORIENTED_EDGE('',*,*,#4246,.F.);
#5986=ORIENTED_EDGE('',*,*,#4130,.T.);
#5987=ORIENTED_EDGE('',*,*,#4112,.F.);
#5988=ORIENTED_EDGE('',*,*,#4249,.T.);
#5989=ORIENTED_EDGE('',*,*,#4110,.F.);
#5990=ORIENTED_EDGE('',*,*,#4115,.T.);
#5991=ORIENTED_EDGE('',*,*,#4133,.T.);
#5992=ORIENTED_EDGE('',*,*,#3738,.F.);
#5993=ORIENTED_EDGE('',*,*,#4129,.T.);
#5994=ORIENTED_EDGE('',*,*,#4247,.F.);
#5995=ORIENTED_EDGE('',*,*,#4248,.F.);
#5996=ORIENTED_EDGE('',*,*,#4111,.F.);
#5997=ORIENTED_EDGE('',*,*,#4249,.F.);
#5998=ORIENTED_EDGE('',*,*,#4132,.F.);
#5999=ORIENTED_EDGE('',*,*,#3745,.T.);
#6000=ORIENTED_EDGE('',*,*,#3723,.F.);
#6001=ORIENTED_EDGE('',*,*,#4157,.T.);
#6002=ORIENTED_EDGE('',*,*,#4250,.T.);
#6003=ORIENTED_EDGE('',*,*,#3521,.T.);
#6004=ORIENTED_EDGE('',*,*,#4251,.T.);
#6005=ORIENTED_EDGE('',*,*,#4134,.T.);
#6006=ORIENTED_EDGE('',*,*,#4251,.F.);
#6007=ORIENTED_EDGE('',*,*,#3526,.F.);
#6008=ORIENTED_EDGE('',*,*,#4252,.F.);
#6009=ORIENTED_EDGE('',*,*,#4253,.F.);
#6010=ORIENTED_EDGE('',*,*,#4135,.T.);
#6011=ORIENTED_EDGE('',*,*,#4254,.T.);
#6012=ORIENTED_EDGE('',*,*,#3605,.T.);
#6013=ORIENTED_EDGE('',*,*,#4123,.T.);
#6014=ORIENTED_EDGE('',*,*,#4255,.F.);
#6015=ORIENTED_EDGE('',*,*,#4256,.T.);
#6016=ORIENTED_EDGE('',*,*,#4155,.T.);
#6017=ORIENTED_EDGE('',*,*,#3525,.T.);
#6018=ORIENTED_EDGE('',*,*,#4121,.T.);
#6019=ORIENTED_EDGE('',*,*,#4257,.T.);
#6020=ORIENTED_EDGE('',*,*,#4252,.T.);
#6021=ORIENTED_EDGE('',*,*,#4255,.T.);
#6022=ORIENTED_EDGE('',*,*,#4122,.T.);
#6023=ORIENTED_EDGE('',*,*,#3523,.T.);
#6024=ORIENTED_EDGE('',*,*,#4258,.T.);
#6025=ORIENTED_EDGE('',*,*,#4259,.F.);
#6026=ORIENTED_EDGE('',*,*,#4137,.F.);
#6027=ORIENTED_EDGE('',*,*,#4260,.F.);
#6028=ORIENTED_EDGE('',*,*,#3606,.T.);
#6029=ORIENTED_EDGE('',*,*,#4254,.F.);
#6030=ORIENTED_EDGE('',*,*,#4154,.T.);
#6031=ORIENTED_EDGE('',*,*,#4260,.T.);
#6032=ORIENTED_EDGE('',*,*,#4136,.T.);
#6033=ORIENTED_EDGE('',*,*,#4253,.T.);
#6034=ORIENTED_EDGE('',*,*,#4257,.F.);
#6035=ORIENTED_EDGE('',*,*,#4120,.T.);
#6036=ORIENTED_EDGE('',*,*,#3607,.T.);
#6037=ORIENTED_EDGE('',*,*,#4261,.F.);
#6038=ORIENTED_EDGE('',*,*,#4262,.F.);
#6039=ORIENTED_EDGE('',*,*,#4263,.F.);
#6040=ORIENTED_EDGE('',*,*,#4142,.F.);
#6041=ORIENTED_EDGE('',*,*,#4264,.F.);
#6042=ORIENTED_EDGE('',*,*,#4149,.F.);
#6043=ORIENTED_EDGE('',*,*,#4225,.F.);
#6044=ORIENTED_EDGE('',*,*,#4265,.F.);
#6045=ORIENTED_EDGE('',*,*,#4219,.T.);
#6046=ORIENTED_EDGE('',*,*,#4230,.T.);
#6047=ORIENTED_EDGE('',*,*,#4143,.T.);
#6048=ORIENTED_EDGE('',*,*,#4263,.T.);
#6049=ORIENTED_EDGE('',*,*,#3871,.F.);
#6050=ORIENTED_EDGE('',*,*,#4266,.F.);
#6051=ORIENTED_EDGE('',*,*,#4232,.T.);
#6052=ORIENTED_EDGE('',*,*,#4146,.T.);
#6053=ORIENTED_EDGE('',*,*,#3395,.T.);
#6054=ORIENTED_EDGE('',*,*,#4267,.F.);
#6055=ORIENTED_EDGE('',*,*,#3399,.T.);
#6056=ORIENTED_EDGE('',*,*,#4145,.T.);
#6057=ORIENTED_EDGE('',*,*,#4229,.T.);
#6058=ORIENTED_EDGE('',*,*,#3400,.T.);
#6059=ORIENTED_EDGE('',*,*,#4267,.T.);
#6060=ORIENTED_EDGE('',*,*,#4228,.T.);
#6061=ORIENTED_EDGE('',*,*,#4233,.T.);
#6062=ORIENTED_EDGE('',*,*,#4266,.T.);
#6063=ORIENTED_EDGE('',*,*,#3394,.T.);
#6064=ORIENTED_EDGE('',*,*,#4268,.F.);
#6065=ORIENTED_EDGE('',*,*,#4269,.F.);
#6066=ORIENTED_EDGE('',*,*,#4270,.F.);
#6067=ORIENTED_EDGE('',*,*,#4271,.F.);
#6068=ORIENTED_EDGE('',*,*,#4272,.F.);
#6069=ORIENTED_EDGE('',*,*,#4273,.F.);
#6070=ORIENTED_EDGE('',*,*,#4274,.F.);
#6071=ORIENTED_EDGE('',*,*,#4275,.F.);
#6072=ORIENTED_EDGE('',*,*,#4276,.F.);
#6073=ORIENTED_EDGE('',*,*,#4277,.T.);
#6074=ORIENTED_EDGE('',*,*,#4278,.F.);
#6075=ORIENTED_EDGE('',*,*,#4269,.T.);
#6076=ORIENTED_EDGE('',*,*,#4279,.F.);
#6077=ORIENTED_EDGE('',*,*,#4244,.T.);
#6078=ORIENTED_EDGE('',*,*,#4280,.F.);
#6079=ORIENTED_EDGE('',*,*,#4273,.T.);
#6080=ORIENTED_EDGE('',*,*,#4281,.T.);
#6081=ORIENTED_EDGE('',*,*,#4151,.T.);
#6082=ORIENTED_EDGE('',*,*,#4282,.F.);
#6083=ORIENTED_EDGE('',*,*,#4278,.T.);
#6084=ORIENTED_EDGE('',*,*,#4283,.T.);
#6085=ORIENTED_EDGE('',*,*,#4270,.T.);
#6086=ORIENTED_EDGE('',*,*,#4282,.T.);
#6087=ORIENTED_EDGE('',*,*,#4150,.T.);
#6088=ORIENTED_EDGE('',*,*,#4284,.F.);
#6089=ORIENTED_EDGE('',*,*,#4271,.T.);
#6090=ORIENTED_EDGE('',*,*,#4283,.F.);
#6091=ORIENTED_EDGE('',*,*,#4264,.T.);
#6092=ORIENTED_EDGE('',*,*,#4284,.T.);
#6093=ORIENTED_EDGE('',*,*,#4285,.T.);
#6094=ORIENTED_EDGE('',*,*,#4286,.F.);
#6095=ORIENTED_EDGE('',*,*,#4268,.T.);
#6096=ORIENTED_EDGE('',*,*,#4286,.T.);
#6097=ORIENTED_EDGE('',*,*,#4287,.T.);
#6098=ORIENTED_EDGE('',*,*,#4288,.F.);
#6099=ORIENTED_EDGE('',*,*,#4276,.T.);
#6100=ORIENTED_EDGE('',*,*,#4289,.F.);
#6101=ORIENTED_EDGE('',*,*,#3872,.T.);
#6102=ORIENTED_EDGE('',*,*,#4262,.T.);
#6103=ORIENTED_EDGE('',*,*,#4290,.F.);
#6104=ORIENTED_EDGE('',*,*,#4291,.F.);
#6105=ORIENTED_EDGE('',*,*,#4292,.T.);
#6106=ORIENTED_EDGE('',*,*,#3806,.F.);
#6107=ORIENTED_EDGE('',*,*,#4292,.F.);
#6108=ORIENTED_EDGE('',*,*,#4293,.F.);
#6109=ORIENTED_EDGE('',*,*,#4243,.T.);
#6110=ORIENTED_EDGE('',*,*,#3807,.F.);
#6111=ORIENTED_EDGE('',*,*,#4293,.T.);
#6112=ORIENTED_EDGE('',*,*,#4291,.T.);
#6113=ORIENTED_EDGE('',*,*,#4294,.F.);
#6114=ORIENTED_EDGE('',*,*,#4280,.T.);
#6115=ORIENTED_EDGE('',*,*,#4295,.T.);
#6116=ORIENTED_EDGE('',*,*,#4274,.T.);
#6117=ORIENTED_EDGE('',*,*,#4294,.T.);
#6118=ORIENTED_EDGE('',*,*,#4290,.T.);
#6119=ORIENTED_EDGE('',*,*,#4296,.F.);
#6120=ORIENTED_EDGE('',*,*,#4275,.T.);
#6121=ORIENTED_EDGE('',*,*,#4295,.F.);
#6122=ORIENTED_EDGE('',*,*,#4261,.T.);
#6123=ORIENTED_EDGE('',*,*,#4296,.T.);
#6124=ORIENTED_EDGE('',*,*,#4141,.T.);
#6125=ORIENTED_EDGE('',*,*,#4297,.F.);
#6126=ORIENTED_EDGE('',*,*,#4272,.T.);
#6127=ORIENTED_EDGE('',*,*,#4297,.T.);
#6128=ORIENTED_EDGE('',*,*,#4140,.T.);
#6129=ORIENTED_EDGE('',*,*,#4298,.F.);
#6130=ORIENTED_EDGE('',*,*,#4279,.T.);
#6131=ORIENTED_EDGE('',*,*,#4299,.F.);
#6132=ORIENTED_EDGE('',*,*,#4245,.T.);
#6133=ORIENTED_EDGE('',*,*,#4298,.T.);
#6134=ORIENTED_EDGE('',*,*,#4139,.T.);
#6135=ORIENTED_EDGE('',*,*,#4300,.F.);
#6136=ORIENTED_EDGE('',*,*,#3873,.F.);
#6137=ORIENTED_EDGE('',*,*,#4289,.T.);
#6138=ORIENTED_EDGE('',*,*,#3805,.F.);
#6139=ORIENTED_EDGE('',*,*,#4301,.T.);
#6140=ORIENTED_EDGE('',*,*,#3874,.F.);
#6141=ORIENTED_EDGE('',*,*,#4300,.T.);
#6142=ORIENTED_EDGE('',*,*,#3804,.F.);
#6143=ORIENTED_EDGE('',*,*,#4250,.F.);
#6144=ORIENTED_EDGE('',*,*,#4156,.F.);
#6145=ORIENTED_EDGE('',*,*,#4256,.F.);
#6146=ORIENTED_EDGE('',*,*,#4258,.F.);
#6147=ORIENTED_EDGE('',*,*,#3522,.T.);
#6148=ORIENTED_EDGE('',*,*,#4302,.F.);
#6149=ORIENTED_EDGE('',*,*,#4152,.T.);
#6150=ORIENTED_EDGE('',*,*,#4281,.F.);
#6151=ORIENTED_EDGE('',*,*,#4303,.T.);
#6152=ORIENTED_EDGE('',*,*,#4241,.F.);
#6153=ORIENTED_EDGE('',*,*,#4303,.F.);
#6154=ORIENTED_EDGE('',*,*,#4277,.F.);
#6155=ORIENTED_EDGE('',*,*,#4304,.F.);
#6156=ORIENTED_EDGE('',*,*,#4304,.T.);
#6157=ORIENTED_EDGE('',*,*,#4288,.T.);
#6158=ORIENTED_EDGE('',*,*,#4305,.T.);
#6159=ORIENTED_EDGE('',*,*,#3797,.F.);
#6160=ORIENTED_EDGE('',*,*,#4305,.F.);
#6161=ORIENTED_EDGE('',*,*,#4287,.F.);
#6162=ORIENTED_EDGE('',*,*,#4285,.F.);
#6163=ORIENTED_EDGE('',*,*,#4265,.T.);
#6164=ORIENTED_EDGE('',*,*,#3880,.F.);
#6165=ORIENTED_EDGE('',*,*,#4306,.T.);
#6166=ORIENTED_EDGE('',*,*,#3798,.F.);
#6167=ORIENTED_EDGE('',*,*,#4306,.F.);
#6168=ORIENTED_EDGE('',*,*,#3879,.F.);
#6169=ORIENTED_EDGE('',*,*,#4307,.F.);
#6170=ORIENTED_EDGE('',*,*,#3799,.F.);
#6171=ORIENTED_EDGE('',*,*,#4307,.T.);
#6172=ORIENTED_EDGE('',*,*,#3878,.F.);
#6173=ORIENTED_EDGE('',*,*,#4308,.T.);
#6174=ORIENTED_EDGE('',*,*,#3800,.F.);
#6175=ORIENTED_EDGE('',*,*,#4308,.F.);
#6176=ORIENTED_EDGE('',*,*,#3877,.F.);
#6177=ORIENTED_EDGE('',*,*,#4309,.T.);
#6178=ORIENTED_EDGE('',*,*,#3801,.F.);
#6179=ORIENTED_EDGE('',*,*,#4309,.F.);
#6180=ORIENTED_EDGE('',*,*,#3876,.F.);
#6181=ORIENTED_EDGE('',*,*,#4310,.T.);
#6182=ORIENTED_EDGE('',*,*,#3802,.F.);
#6183=ORIENTED_EDGE('',*,*,#4310,.F.);
#6184=ORIENTED_EDGE('',*,*,#3875,.F.);
#6185=ORIENTED_EDGE('',*,*,#4301,.F.);
#6186=ORIENTED_EDGE('',*,*,#3803,.F.);
#6187=ORIENTED_EDGE('',*,*,#4237,.F.);
#6188=ORIENTED_EDGE('',*,*,#4299,.T.);
#6189=ORIENTED_EDGE('',*,*,#4138,.T.);
#6190=ORIENTED_EDGE('',*,*,#4259,.T.);
#6191=ORIENTED_EDGE('',*,*,#4153,.T.);
#6192=ORIENTED_EDGE('',*,*,#4302,.T.);
#6193=ORIENTED_EDGE('',*,*,#4242,.F.);
#6194=ORIENTED_EDGE('',*,*,#4240,.F.);
#6195=CONICAL_SURFACE('',#6629,3.5,0.785398163397448);
#6196=CONICAL_SURFACE('',#6634,3.5,0.785398163397448);
#6197=CONICAL_SURFACE('',#6639,2.875,0.785398163397415);
#6198=CONICAL_SURFACE('',#6643,2.87500020861625,0.785398163397413);
#6199=CONICAL_SURFACE('',#6653,2.87500020861625,0.785398163397433);
#6200=CONICAL_SURFACE('',#6656,2.875,0.785398163397431);
#6201=CONICAL_SURFACE('',#6662,1.825,0.785398163397451);
#6202=CONICAL_SURFACE('',#6668,1.825,0.785398163397451);
#6203=CONICAL_SURFACE('',#6674,1.825,0.785398163393498);
#6204=CONICAL_SURFACE('',#6689,1.825,0.785398163393498);
#6205=CONICAL_SURFACE('',#6708,4.75,0.785398163397451);
#6206=CONICAL_SURFACE('',#6712,4.75,0.785398163397448);
#6207=CONICAL_SURFACE('',#6724,2.875,0.785398163397459);
#6208=CONICAL_SURFACE('',#6727,2.87500020861625,0.785398163397467);
#6209=CONICAL_SURFACE('',#6734,2.875,0.785398163397431);
#6210=CONICAL_SURFACE('',#6738,2.87500020861625,0.785398163397442);
#6211=CONICAL_SURFACE('',#6745,4.75,0.785398163397431);
#6212=CONICAL_SURFACE('',#6748,4.75,0.785398163397433);
#6213=CONICAL_SURFACE('',#6753,17.75,0.785398163397449);
#6214=CONICAL_SURFACE('',#6761,2.87500000000005,0.785398163397447);
#6215=CONICAL_SURFACE('',#6765,2.875,0.785398163397447);
#6216=CONICAL_SURFACE('',#6783,2.87500000000005,0.785398163397447);
#6217=CONICAL_SURFACE('',#6786,2.875,0.785398163397447);
#6218=CONICAL_SURFACE('',#6792,2.875,0.785398163397447);
#6219=CONICAL_SURFACE('',#6795,2.87500000000005,0.785398163397451);
#6220=CONICAL_SURFACE('',#6800,2.875,0.785398163397447);
#6221=CONICAL_SURFACE('',#6803,2.87500000000005,0.785398163397451);
#6222=CONICAL_SURFACE('',#6826,1.25,0.785398163397449);
#6223=CONICAL_SURFACE('',#6832,1.25,0.785398163397449);
#6224=CONICAL_SURFACE('',#6853,2.35,0.78539816339745);
#6225=CONICAL_SURFACE('',#6874,25.75,0.785398163397447);
#6226=CONICAL_SURFACE('',#6881,25.75,0.785398163397447);
#6227=CONICAL_SURFACE('',#6898,17.75,0.785398163397448);
#6228=CONICAL_SURFACE('',#7025,10.25,0.785398163397448);
#6229=CONICAL_SURFACE('',#7029,10.25,0.785398163397449);
#6230=CONICAL_SURFACE('',#7051,2.55,0.785398163397449);
#6231=CONICAL_SURFACE('',#7088,3.875,0.785398163397449);
#6232=CONICAL_SURFACE('',#7092,3.87500000000005,0.785398163397448);
#6233=CONICAL_SURFACE('',#7094,3.87500000000005,0.785398163397448);
#6234=CONICAL_SURFACE('',#7097,3.875,0.785398163397449);
#6235=CONICAL_SURFACE('',#7101,3.87500000000005,0.785398163397448);
#6236=CONICAL_SURFACE('',#7105,3.875,0.785398163397449);
#6237=CONICAL_SURFACE('',#7109,3.875,0.785398163397449);
#6238=CONICAL_SURFACE('',#7112,3.87500000000005,0.785398163397448);
#6239=CONICAL_SURFACE('',#7151,44.375,0.785398163397448);
#6240=ADVANCED_FACE('',(#407),#6195,.F.);
#6241=ADVANCED_FACE('',(#408,#124),#152,.T.);
#6242=ADVANCED_FACE('',(#409),#6196,.F.);
#6243=ADVANCED_FACE('',(#410,#125),#153,.T.);
#6244=ADVANCED_FACE('',(#411),#6197,.F.);
#6245=ADVANCED_FACE('',(#412),#154,.T.);
#6246=ADVANCED_FACE('',(#413),#6198,.F.);
#6247=ADVANCED_FACE('',(#414),#155,.T.);
#6248=ADVANCED_FACE('',(#415),#156,.F.);
#6249=ADVANCED_FACE('',(#416),#57,.F.);
#6250=ADVANCED_FACE('',(#417,#126,#127,#128,#129),#157,.T.);
#6251=ADVANCED_FACE('',(#418),#6199,.F.);
#6252=ADVANCED_FACE('',(#419),#158,.T.);
#6253=ADVANCED_FACE('',(#420),#6200,.F.);
#6254=ADVANCED_FACE('',(#421),#159,.T.);
#6255=ADVANCED_FACE('',(#422),#160,.F.);
#6256=ADVANCED_FACE('',(#423),#58,.F.);
#6257=ADVANCED_FACE('',(#424),#6201,.F.);
#6258=ADVANCED_FACE('',(#425,#130),#161,.F.);
#6259=ADVANCED_FACE('',(#426),#59,.F.);
#6260=ADVANCED_FACE('',(#427),#6202,.F.);
#6261=ADVANCED_FACE('',(#428,#131),#162,.F.);
#6262=ADVANCED_FACE('',(#429),#60,.F.);
#6263=ADVANCED_FACE('',(#430),#6203,.F.);
#6264=ADVANCED_FACE('',(#431,#132,#133,#134),#163,.F.);
#6265=ADVANCED_FACE('',(#432),#61,.F.);
#6266=ADVANCED_FACE('',(#433),#6204,.F.);
#6267=ADVANCED_FACE('',(#434),#62,.F.);
#6268=ADVANCED_FACE('',(#435),#164,.T.);
#6269=ADVANCED_FACE('',(#436),#165,.T.);
#6270=ADVANCED_FACE('',(#437),#166,.T.);
#6271=ADVANCED_FACE('',(#438),#167,.T.);
#6272=ADVANCED_FACE('',(#439),#168,.F.);
#6273=ADVANCED_FACE('',(#440),#169,.F.);
#6274=ADVANCED_FACE('',(#441),#170,.T.);
#6275=ADVANCED_FACE('',(#442),#171,.T.);
#6276=ADVANCED_FACE('',(#443),#172,.T.);
#6277=ADVANCED_FACE('',(#444),#173,.T.);
#6278=ADVANCED_FACE('',(#445),#174,.F.);
#6279=ADVANCED_FACE('',(#446),#175,.F.);
#6280=ADVANCED_FACE('',(#447),#6205,.F.);
#6281=ADVANCED_FACE('',(#448),#176,.T.);
#6282=ADVANCED_FACE('',(#449),#6206,.F.);
#6283=ADVANCED_FACE('',(#450),#177,.T.);
#6284=ADVANCED_FACE('',(#451),#178,.F.);
#6285=ADVANCED_FACE('',(#452),#63,.F.);
#6286=ADVANCED_FACE('',(#453,#135,#136),#179,.T.);
#6287=ADVANCED_FACE('',(#454),#6207,.F.);
#6288=ADVANCED_FACE('',(#455),#180,.T.);
#6289=ADVANCED_FACE('',(#456),#6208,.F.);
#6290=ADVANCED_FACE('',(#457),#181,.T.);
#6291=ADVANCED_FACE('',(#458),#182,.F.);
#6292=ADVANCED_FACE('',(#459,#137),#183,.F.);
#6293=ADVANCED_FACE('',(#460),#6209,.F.);
#6294=ADVANCED_FACE('',(#461),#184,.T.);
#6295=ADVANCED_FACE('',(#462),#6210,.F.);
#6296=ADVANCED_FACE('',(#463),#185,.T.);
#6297=ADVANCED_FACE('',(#464),#64,.F.);
#6298=ADVANCED_FACE('',(#465,#138),#186,.F.);
#6299=ADVANCED_FACE('',(#466),#6211,.F.);
#6300=ADVANCED_FACE('',(#467),#187,.T.);
#6301=ADVANCED_FACE('',(#468),#6212,.F.);
#6302=ADVANCED_FACE('',(#469),#188,.T.);
#6303=ADVANCED_FACE('',(#470),#189,.F.);
#6304=ADVANCED_FACE('',(#471),#65,.F.);
#6305=ADVANCED_FACE('',(#472),#6213,.F.);
#6306=ADVANCED_FACE('',(#473),#66,.F.);
#6307=ADVANCED_FACE('',(#474,#139),#190,.F.);
#6308=ADVANCED_FACE('',(#475),#6214,.F.);
#6309=ADVANCED_FACE('',(#476),#191,.T.);
#6310=ADVANCED_FACE('',(#477),#6215,.F.);
#6311=ADVANCED_FACE('',(#478),#192,.T.);
#6312=ADVANCED_FACE('',(#479),#193,.F.);
#6313=ADVANCED_FACE('',(#480),#67,.F.);
#6314=ADVANCED_FACE('',(#481,#140,#141,#142,#143,#144,#145),#194,.F.);
#6315=ADVANCED_FACE('',(#482),#195,.T.);
#6316=ADVANCED_FACE('',(#483),#6216,.F.);
#6317=ADVANCED_FACE('',(#484),#196,.T.);
#6318=ADVANCED_FACE('',(#485),#6217,.F.);
#6319=ADVANCED_FACE('',(#486),#68,.F.);
#6320=ADVANCED_FACE('',(#487),#197,.F.);
#6321=ADVANCED_FACE('',(#488),#198,.T.);
#6322=ADVANCED_FACE('',(#489),#6218,.F.);
#6323=ADVANCED_FACE('',(#490),#199,.T.);
#6324=ADVANCED_FACE('',(#491),#6219,.F.);
#6325=ADVANCED_FACE('',(#492),#69,.F.);
#6326=ADVANCED_FACE('',(#493),#200,.F.);
#6327=ADVANCED_FACE('',(#494),#6220,.F.);
#6328=ADVANCED_FACE('',(#495),#201,.T.);
#6329=ADVANCED_FACE('',(#496),#6221,.F.);
#6330=ADVANCED_FACE('',(#497),#202,.T.);
#6331=ADVANCED_FACE('',(#498),#203,.F.);
#6332=ADVANCED_FACE('',(#499),#70,.F.);
#6333=ADVANCED_FACE('',(#500),#204,.T.);
#6334=ADVANCED_FACE('',(#501),#205,.T.);
#6335=ADVANCED_FACE('',(#502),#206,.T.);
#6336=ADVANCED_FACE('',(#503),#207,.F.);
#6337=ADVANCED_FACE('',(#504),#208,.F.);
#6338=ADVANCED_FACE('',(#505),#209,.F.);
#6339=ADVANCED_FACE('',(#506),#210,.T.);
#6340=ADVANCED_FACE('',(#507),#211,.T.);
#6341=ADVANCED_FACE('',(#508),#212,.T.);
#6342=ADVANCED_FACE('',(#509),#213,.F.);
#6343=ADVANCED_FACE('',(#510),#214,.F.);
#6344=ADVANCED_FACE('',(#511),#215,.F.);
#6345=ADVANCED_FACE('',(#512),#216,.T.);
#6346=ADVANCED_FACE('',(#513),#6222,.F.);
#6347=ADVANCED_FACE('',(#514),#217,.T.);
#6348=ADVANCED_FACE('',(#515),#218,.T.);
#6349=ADVANCED_FACE('',(#516),#219,.T.);
#6350=ADVANCED_FACE('',(#517),#6223,.F.);
#6351=ADVANCED_FACE('',(#518),#220,.T.);
#6352=ADVANCED_FACE('',(#519),#71,.F.);
#6353=ADVANCED_FACE('',(#520),#72,.F.);
#6354=ADVANCED_FACE('',(#521),#221,.F.);
#6355=ADVANCED_FACE('',(#522),#222,.T.);
#6356=ADVANCED_FACE('',(#523),#223,.T.);
#6357=ADVANCED_FACE('',(#524),#224,.T.);
#6358=ADVANCED_FACE('',(#525),#225,.F.);
#6359=ADVANCED_FACE('',(#526),#226,.F.);
#6360=ADVANCED_FACE('',(#527),#227,.F.);
#6361=ADVANCED_FACE('',(#528),#228,.T.);
#6362=ADVANCED_FACE('',(#529),#229,.T.);
#6363=ADVANCED_FACE('',(#530),#230,.T.);
#6364=ADVANCED_FACE('',(#531),#231,.F.);
#6365=ADVANCED_FACE('',(#532),#232,.F.);
#6366=ADVANCED_FACE('',(#533),#233,.F.);
#6367=ADVANCED_FACE('',(#534),#6224,.F.);
#6368=ADVANCED_FACE('',(#535),#73,.F.);
#6369=ADVANCED_FACE('',(#536,#146),#234,.T.);
#6370=ADVANCED_FACE('',(#537),#235,.T.);
#6371=ADVANCED_FACE('',(#538),#236,.T.);
#6372=ADVANCED_FACE('',(#539),#237,.T.);
#6373=ADVANCED_FACE('',(#540),#238,.T.);
#6374=ADVANCED_FACE('',(#541),#6225,.F.);
#6375=ADVANCED_FACE('',(#542),#239,.T.);
#6376=ADVANCED_FACE('',(#543),#240,.T.);
#6377=ADVANCED_FACE('',(#544),#241,.T.);
#6378=ADVANCED_FACE('',(#545),#242,.T.);
#6379=ADVANCED_FACE('',(#546),#243,.T.);
#6380=ADVANCED_FACE('',(#547),#6226,.F.);
#6381=ADVANCED_FACE('',(#548),#244,.T.);
#6382=ADVANCED_FACE('',(#549),#245,.F.);
#6383=ADVANCED_FACE('',(#550),#246,.F.);
#6384=ADVANCED_FACE('',(#551),#247,.F.);
#6385=ADVANCED_FACE('',(#552),#74,.F.);
#6386=ADVANCED_FACE('',(#553),#248,.F.);
#6387=ADVANCED_FACE('',(#554),#249,.T.);
#6388=ADVANCED_FACE('',(#555),#250,.T.);
#6389=ADVANCED_FACE('',(#556),#251,.T.);
#6390=ADVANCED_FACE('',(#557),#252,.T.);
#6391=ADVANCED_FACE('',(#558),#253,.T.);
#6392=ADVANCED_FACE('',(#559),#254,.T.);
#6393=ADVANCED_FACE('',(#560),#255,.F.);
#6394=ADVANCED_FACE('',(#561),#256,.F.);
#6395=ADVANCED_FACE('',(#562),#257,.F.);
#6396=ADVANCED_FACE('',(#563),#6227,.F.);
#6397=ADVANCED_FACE('',(#564,#147,#148,#149),#258,.T.);
#6398=ADVANCED_FACE('',(#565),#259,.F.);
#6399=ADVANCED_FACE('',(#566),#260,.F.);
#6400=ADVANCED_FACE('',(#567),#261,.F.);
#6401=ADVANCED_FACE('',(#568),#262,.F.);
#6402=ADVANCED_FACE('',(#569),#263,.F.);
#6403=ADVANCED_FACE('',(#570),#264,.F.);
#6404=ADVANCED_FACE('',(#571),#265,.F.);
#6405=ADVANCED_FACE('',(#572),#266,.F.);
#6406=ADVANCED_FACE('',(#573),#267,.F.);
#6407=ADVANCED_FACE('',(#574),#268,.F.);
#6408=ADVANCED_FACE('',(#575),#269,.F.);
#6409=ADVANCED_FACE('',(#576),#270,.F.);
#6410=ADVANCED_FACE('',(#577),#271,.F.);
#6411=ADVANCED_FACE('',(#578),#272,.F.);
#6412=ADVANCED_FACE('',(#579),#273,.F.);
#6413=ADVANCED_FACE('',(#580),#274,.F.);
#6414=ADVANCED_FACE('',(#581),#275,.F.);
#6415=ADVANCED_FACE('',(#582),#276,.F.);
#6416=ADVANCED_FACE('',(#583),#277,.F.);
#6417=ADVANCED_FACE('',(#584),#278,.F.);
#6418=ADVANCED_FACE('',(#585),#279,.F.);
#6419=ADVANCED_FACE('',(#586),#280,.F.);
#6420=ADVANCED_FACE('',(#587),#281,.F.);
#6421=ADVANCED_FACE('',(#588),#282,.F.);
#6422=ADVANCED_FACE('',(#589),#283,.F.);
#6423=ADVANCED_FACE('',(#590),#284,.F.);
#6424=ADVANCED_FACE('',(#591),#285,.F.);
#6425=ADVANCED_FACE('',(#592),#286,.F.);
#6426=ADVANCED_FACE('',(#593),#287,.F.);
#6427=ADVANCED_FACE('',(#594),#288,.F.);
#6428=ADVANCED_FACE('',(#595),#289,.F.);
#6429=ADVANCED_FACE('',(#596),#290,.F.);
#6430=ADVANCED_FACE('',(#597),#291,.F.);
#6431=ADVANCED_FACE('',(#598),#292,.F.);
#6432=ADVANCED_FACE('',(#599),#293,.F.);
#6433=ADVANCED_FACE('',(#600),#294,.F.);
#6434=ADVANCED_FACE('',(#601),#295,.F.);
#6435=ADVANCED_FACE('',(#602),#296,.F.);
#6436=ADVANCED_FACE('',(#603),#297,.F.);
#6437=ADVANCED_FACE('',(#604),#298,.F.);
#6438=ADVANCED_FACE('',(#605),#299,.F.);
#6439=ADVANCED_FACE('',(#606),#300,.F.);
#6440=ADVANCED_FACE('',(#607),#301,.F.);
#6441=ADVANCED_FACE('',(#608),#302,.F.);
#6442=ADVANCED_FACE('',(#609),#303,.F.);
#6443=ADVANCED_FACE('',(#610),#304,.F.);
#6444=ADVANCED_FACE('',(#611),#305,.F.);
#6445=ADVANCED_FACE('',(#612),#306,.T.);
#6446=ADVANCED_FACE('',(#613),#307,.F.);
#6447=ADVANCED_FACE('',(#614),#308,.F.);
#6448=ADVANCED_FACE('',(#615),#309,.T.);
#6449=ADVANCED_FACE('',(#616),#310,.F.);
#6450=ADVANCED_FACE('',(#617),#311,.F.);
#6451=ADVANCED_FACE('',(#618),#75,.F.);
#6452=ADVANCED_FACE('',(#619),#76,.F.);
#6453=ADVANCED_FACE('',(#620),#77,.F.);
#6454=ADVANCED_FACE('',(#621),#78,.F.);
#6455=ADVANCED_FACE('',(#622),#312,.F.);
#6456=ADVANCED_FACE('',(#623),#313,.F.);
#6457=ADVANCED_FACE('',(#624),#314,.F.);
#6458=ADVANCED_FACE('',(#625),#315,.F.);
#6459=ADVANCED_FACE('',(#626),#316,.F.);
#6460=ADVANCED_FACE('',(#627),#317,.F.);
#6461=ADVANCED_FACE('',(#628),#318,.F.);
#6462=ADVANCED_FACE('',(#629),#319,.F.);
#6463=ADVANCED_FACE('',(#630),#320,.F.);
#6464=ADVANCED_FACE('',(#631),#321,.F.);
#6465=ADVANCED_FACE('',(#632),#322,.F.);
#6466=ADVANCED_FACE('',(#633),#323,.F.);
#6467=ADVANCED_FACE('',(#634),#324,.F.);
#6468=ADVANCED_FACE('',(#635),#325,.F.);
#6469=ADVANCED_FACE('',(#636),#326,.F.);
#6470=ADVANCED_FACE('',(#637),#79,.F.);
#6471=ADVANCED_FACE('',(#638),#80,.F.);
#6472=ADVANCED_FACE('',(#639),#327,.F.);
#6473=ADVANCED_FACE('',(#640),#81,.F.);
#6474=ADVANCED_FACE('',(#641),#328,.F.);
#6475=ADVANCED_FACE('',(#642),#329,.F.);
#6476=ADVANCED_FACE('',(#643),#82,.F.);
#6477=ADVANCED_FACE('',(#644),#83,.F.);
#6478=ADVANCED_FACE('',(#645),#84,.F.);
#6479=ADVANCED_FACE('',(#646),#6228,.T.);
#6480=ADVANCED_FACE('',(#647,#150),#330,.T.);
#6481=ADVANCED_FACE('',(#648),#6229,.T.);
#6482=ADVANCED_FACE('',(#649),#331,.F.);
#6483=ADVANCED_FACE('',(#650),#332,.F.);
#6484=ADVANCED_FACE('',(#651),#333,.F.);
#6485=ADVANCED_FACE('',(#652),#334,.F.);
#6486=ADVANCED_FACE('',(#653),#335,.F.);
#6487=ADVANCED_FACE('',(#654),#336,.F.);
#6488=ADVANCED_FACE('',(#655),#337,.T.);
#6489=ADVANCED_FACE('',(#656),#338,.T.);
#6490=ADVANCED_FACE('',(#657),#15,.F.);
#6491=ADVANCED_FACE('',(#658),#16,.F.);
#6492=ADVANCED_FACE('',(#659),#85,.F.);
#6493=ADVANCED_FACE('',(#660),#17,.F.);
#6494=ADVANCED_FACE('',(#661),#18,.F.);
#6495=ADVANCED_FACE('',(#662),#6230,.T.);
#6496=ADVANCED_FACE('',(#663),#86,.T.);
#6497=ADVANCED_FACE('',(#664),#87,.F.);
#6498=ADVANCED_FACE('',(#665),#339,.F.);
#6499=ADVANCED_FACE('',(#666),#88,.F.);
#6500=ADVANCED_FACE('',(#667),#89,.T.);
#6501=ADVANCED_FACE('',(#668),#90,.T.);
#6502=ADVANCED_FACE('',(#669),#340,.T.);
#6503=ADVANCED_FACE('',(#670),#341,.T.);
#6504=ADVANCED_FACE('',(#671),#342,.F.);
#6505=ADVANCED_FACE('',(#672),#343,.F.);
#6506=ADVANCED_FACE('',(#673),#344,.F.);
#6507=ADVANCED_FACE('',(#674),#345,.F.);
#6508=ADVANCED_FACE('',(#675),#346,.F.);
#6509=ADVANCED_FACE('',(#676),#347,.F.);
#6510=ADVANCED_FACE('',(#677),#348,.F.);
#6511=ADVANCED_FACE('',(#678),#349,.T.);
#6512=ADVANCED_FACE('',(#679),#91,.F.);
#6513=ADVANCED_FACE('',(#680),#92,.F.);
#6514=ADVANCED_FACE('',(#681),#93,.F.);
#6515=ADVANCED_FACE('',(#682,#151),#350,.T.);
#6516=ADVANCED_FACE('',(#683),#351,.F.);
#6517=ADVANCED_FACE('',(#684),#352,.T.);
#6518=ADVANCED_FACE('',(#685),#353,.T.);
#6519=ADVANCED_FACE('',(#686),#354,.T.);
#6520=ADVANCED_FACE('',(#687),#355,.T.);
#6521=ADVANCED_FACE('',(#688),#356,.T.);
#6522=ADVANCED_FACE('',(#689),#6231,.F.);
#6523=ADVANCED_FACE('',(#690),#357,.T.);
#6524=ADVANCED_FACE('',(#691),#6232,.F.);
#6525=ADVANCED_FACE('',(#692),#6233,.F.);
#6526=ADVANCED_FACE('',(#693),#358,.T.);
#6527=ADVANCED_FACE('',(#694),#6234,.F.);
#6528=ADVANCED_FACE('',(#695),#359,.T.);
#6529=ADVANCED_FACE('',(#696),#6235,.F.);
#6530=ADVANCED_FACE('',(#697),#360,.T.);
#6531=ADVANCED_FACE('',(#698),#6236,.F.);
#6532=ADVANCED_FACE('',(#699),#361,.T.);
#6533=ADVANCED_FACE('',(#700),#94,.F.);
#6534=ADVANCED_FACE('',(#701),#6237,.F.);
#6535=ADVANCED_FACE('',(#702),#362,.T.);
#6536=ADVANCED_FACE('',(#703),#6238,.F.);
#6537=ADVANCED_FACE('',(#704),#363,.T.);
#6538=ADVANCED_FACE('',(#705),#364,.F.);
#6539=ADVANCED_FACE('',(#706),#95,.F.);
#6540=ADVANCED_FACE('',(#707),#96,.F.);
#6541=ADVANCED_FACE('',(#708),#365,.F.);
#6542=ADVANCED_FACE('',(#709),#97,.F.);
#6543=ADVANCED_FACE('',(#710),#366,.F.);
#6544=ADVANCED_FACE('',(#711),#98,.F.);
#6545=ADVANCED_FACE('',(#712),#367,.F.);
#6546=ADVANCED_FACE('',(#713),#368,.F.);
#6547=ADVANCED_FACE('',(#714),#99,.F.);
#6548=ADVANCED_FACE('',(#715),#100,.F.);
#6549=ADVANCED_FACE('',(#716),#369,.F.);
#6550=ADVANCED_FACE('',(#717),#101,.F.);
#6551=ADVANCED_FACE('',(#718),#370,.F.);
#6552=ADVANCED_FACE('',(#719),#102,.F.);
#6553=ADVANCED_FACE('',(#720),#371,.F.);
#6554=ADVANCED_FACE('',(#721),#372,.T.);
#6555=ADVANCED_FACE('',(#722),#373,.F.);
#6556=ADVANCED_FACE('',(#723),#103,.F.);
#6557=ADVANCED_FACE('',(#724),#374,.F.);
#6558=ADVANCED_FACE('',(#725),#104,.F.);
#6559=ADVANCED_FACE('',(#726),#375,.F.);
#6560=ADVANCED_FACE('',(#727),#376,.F.);
#6561=ADVANCED_FACE('',(#728),#105,.F.);
#6562=ADVANCED_FACE('',(#729),#377,.F.);
#6563=ADVANCED_FACE('',(#730),#378,.T.);
#6564=ADVANCED_FACE('',(#731),#379,.T.);
#6565=ADVANCED_FACE('',(#732),#6239,.T.);
#6566=ADVANCED_FACE('',(#733),#380,.T.);
#6567=ADVANCED_FACE('',(#734),#381,.F.);
#6568=ADVANCED_FACE('',(#735),#382,.T.);
#6569=ADVANCED_FACE('',(#736),#383,.T.);
#6570=ADVANCED_FACE('',(#737),#384,.T.);
#6571=ADVANCED_FACE('',(#738),#385,.T.);
#6572=ADVANCED_FACE('',(#739),#386,.T.);
#6573=ADVANCED_FACE('',(#740),#387,.T.);
#6574=ADVANCED_FACE('',(#741),#106,.T.);
#6575=ADVANCED_FACE('',(#742),#107,.T.);
#6576=ADVANCED_FACE('',(#743),#108,.T.);
#6577=ADVANCED_FACE('',(#744),#388,.T.);
#6578=ADVANCED_FACE('',(#745),#389,.F.);
#6579=ADVANCED_FACE('',(#746),#390,.F.);
#6580=ADVANCED_FACE('',(#747),#391,.T.);
#6581=ADVANCED_FACE('',(#748),#392,.T.);
#6582=ADVANCED_FACE('',(#749),#393,.T.);
#6583=ADVANCED_FACE('',(#750),#394,.T.);
#6584=ADVANCED_FACE('',(#751),#395,.T.);
#6585=ADVANCED_FACE('',(#752),#396,.F.);
#6586=ADVANCED_FACE('',(#753),#397,.F.);
#6587=ADVANCED_FACE('',(#754),#109,.F.);
#6588=ADVANCED_FACE('',(#755),#110,.F.);
#6589=ADVANCED_FACE('',(#756),#19,.T.);
#6590=ADVANCED_FACE('',(#757),#111,.T.);
#6591=ADVANCED_FACE('',(#758),#398,.T.);
#6592=ADVANCED_FACE('',(#759),#112,.T.);
#6593=ADVANCED_FACE('',(#760),#20,.T.);
#6594=ADVANCED_FACE('',(#761),#399,.F.);
#6595=ADVANCED_FACE('',(#762),#113,.T.);
#6596=ADVANCED_FACE('',(#763),#21,.T.);
#6597=ADVANCED_FACE('',(#764),#114,.T.);
#6598=ADVANCED_FACE('',(#765),#400,.T.);
#6599=ADVANCED_FACE('',(#766),#115,.T.);
#6600=ADVANCED_FACE('',(#767),#22,.T.);
#6601=ADVANCED_FACE('',(#768),#116,.T.);
#6602=ADVANCED_FACE('',(#769),#117,.F.);
#6603=ADVANCED_FACE('',(#770),#118,.F.);
#6604=ADVANCED_FACE('',(#771),#401,.T.);
#6605=ADVANCED_FACE('',(#772),#119,.T.);
#6606=ADVANCED_FACE('',(#773),#402,.F.);
#6607=ADVANCED_FACE('',(#774),#120,.T.);
#6608=ADVANCED_FACE('',(#775),#403,.F.);
#6609=ADVANCED_FACE('',(#776),#121,.F.);
#6610=ADVANCED_FACE('',(#777),#122,.F.);
#6611=ADVANCED_FACE('',(#778),#404,.T.);
#6612=ADVANCED_FACE('',(#779),#123,.T.);
#6613=ADVANCED_FACE('',(#780),#405,.T.);
#6614=ADVANCED_FACE('',(#781),#406,.T.);
#6615=CLOSED_SHELL('',(#6240,#6241,#6242,#6243,#6244,#6245,#6246,#6247,
#6248,#6249,#6250,#6251,#6252,#6253,#6254,#6255,#6256,#6257,#6258,#6259,
#6260,#6261,#6262,#6263,#6264,#6265,#6266,#6267,#6268,#6269,#6270,#6271,
#6272,#6273,#6274,#6275,#6276,#6277,#6278,#6279,#6280,#6281,#6282,#6283,
#6284,#6285,#6286,#6287,#6288,#6289,#6290,#6291,#6292,#6293,#6294,#6295,
#6296,#6297,#6298,#6299,#6300,#6301,#6302,#6303,#6304,#6305,#6306,#6307,
#6308,#6309,#6310,#6311,#6312,#6313,#6314,#6315,#6316,#6317,#6318,#6319,
#6320,#6321,#6322,#6323,#6324,#6325,#6326,#6327,#6328,#6329,#6330,#6331,
#6332,#6333,#6334,#6335,#6336,#6337,#6338,#6339,#6340,#6341,#6342,#6343,
#6344,#6345,#6346,#6347,#6348,#6349,#6350,#6351,#6352,#6353,#6354,#6355,
#6356,#6357,#6358,#6359,#6360,#6361,#6362,#6363,#6364,#6365,#6366,#6367,
#6368,#6369,#6370,#6371,#6372,#6373,#6374,#6375,#6376,#6377,#6378,#6379,
#6380,#6381,#6382,#6383,#6384,#6385,#6386,#6387,#6388,#6389,#6390,#6391,
#6392,#6393,#6394,#6395,#6396,#6397,#6398,#6399,#6400,#6401,#6402,#6403,
#6404,#6405,#6406,#6407,#6408,#6409,#6410,#6411,#6412,#6413,#6414,#6415,
#6416,#6417,#6418,#6419,#6420,#6421,#6422,#6423,#6424,#6425,#6426,#6427,
#6428,#6429,#6430,#6431,#6432,#6433,#6434,#6435,#6436,#6437,#6438,#6439,
#6440,#6441,#6442,#6443,#6444,#6445,#6446,#6447,#6448,#6449,#6450,#6451,
#6452,#6453,#6454,#6455,#6456,#6457,#6458,#6459,#6460,#6461,#6462,#6463,
#6464,#6465,#6466,#6467,#6468,#6469,#6470,#6471,#6472,#6473,#6474,#6475,
#6476,#6477,#6478,#6479,#6480,#6481,#6482,#6483,#6484,#6485,#6486,#6487,
#6488,#6489,#6490,#6491,#6492,#6493,#6494,#6495,#6496,#6497,#6498,#6499,
#6500,#6501,#6502,#6503,#6504,#6505,#6506,#6507,#6508,#6509,#6510,#6511,
#6512,#6513,#6514,#6515,#6516,#6517,#6518,#6519,#6520,#6521,#6522,#6523,
#6524,#6525,#6526,#6527,#6528,#6529,#6530,#6531,#6532,#6533,#6534,#6535,
#6536,#6537,#6538,#6539,#6540,#6541,#6542,#6543,#6544,#6545,#6546,#6547,
#6548,#6549,#6550,#6551,#6552,#6553,#6554,#6555,#6556,#6557,#6558,#6559,
#6560,#6561,#6562,#6563,#6564,#6565,#6566,#6567,#6568,#6569,#6570,#6571,
#6572,#6573,#6574,#6575,#6576,#6577,#6578,#6579,#6580,#6581,#6582,#6583,
#6584,#6585,#6586,#6587,#6588,#6589,#6590,#6591,#6592,#6593,#6594,#6595,
#6596,#6597,#6598,#6599,#6600,#6601,#6602,#6603,#6604,#6605,#6606,#6607,
#6608,#6609,#6610,#6611,#6612,#6613,#6614));
#6616=DERIVED_UNIT_ELEMENT(#6618,1.);
#6617=DERIVED_UNIT_ELEMENT(#11129,-3.);
#6618=(
MASS_UNIT()
NAMED_UNIT(*)
SI_UNIT(.KILO.,.GRAM.)
);
#6619=DERIVED_UNIT((#6616,#6617));
#6620=MEASURE_REPRESENTATION_ITEM('density measure',
POSITIVE_RATIO_MEASURE(1380.),#6619);
#6621=PROPERTY_DEFINITION_REPRESENTATION(#6626,#6623);
#6622=PROPERTY_DEFINITION_REPRESENTATION(#6627,#6624);
#6623=REPRESENTATION('material name',(#6625),#11126);
#6624=REPRESENTATION('density',(#6620),#11126);
#6625=DESCRIPTIVE_REPRESENTATION_ITEM('Laminate, White, Matte',
'Laminate, White, Matte');
#6626=PROPERTY_DEFINITION('material property','material name',#11136);
#6627=PROPERTY_DEFINITION('material property','density of part',#11136);
#6628=AXIS2_PLACEMENT_3D('',#9130,#7227,#7228);
#6629=AXIS2_PLACEMENT_3D('',#9131,#7229,#7230);
#6630=AXIS2_PLACEMENT_3D('',#9133,#7231,#7232);
#6631=AXIS2_PLACEMENT_3D('',#9136,#7234,#7235);
#6632=AXIS2_PLACEMENT_3D('',#9137,#7236,#7237);
#6633=AXIS2_PLACEMENT_3D('',#9139,#7238,#7239);
#6634=AXIS2_PLACEMENT_3D('',#9140,#7240,#7241);
#6635=AXIS2_PLACEMENT_3D('',#9142,#7242,#7243);
#6636=AXIS2_PLACEMENT_3D('',#9145,#7245,#7246);
#6637=AXIS2_PLACEMENT_3D('',#9146,#7247,#7248);
#6638=AXIS2_PLACEMENT_3D('',#9148,#7249,#7250);
#6639=AXIS2_PLACEMENT_3D('',#9149,#7251,#7252);
#6640=AXIS2_PLACEMENT_3D('',#9154,#7254,#7255);
#6641=AXIS2_PLACEMENT_3D('',#9157,#7257,#7258);
#6642=AXIS2_PLACEMENT_3D('',#9158,#7259,#7260);
#6643=AXIS2_PLACEMENT_3D('',#9164,#7264,#7265);
#6644=AXIS2_PLACEMENT_3D('',#9168,#7267,#7268);
#6645=AXIS2_PLACEMENT_3D('',#9169,#7269,#7270);
#6646=AXIS2_PLACEMENT_3D('',#9170,#7271,#7272);
#6647=AXIS2_PLACEMENT_3D('',#9173,#7275,#7276);
#6648=AXIS2_PLACEMENT_3D('',#9179,#7280,#7281);
#6649=AXIS2_PLACEMENT_3D('',#9182,#7283,#7284);
#6650=AXIS2_PLACEMENT_3D('',#9183,#7285,#7286);
#6651=AXIS2_PLACEMENT_3D('',#9202,#7295,#7296);
#6652=AXIS2_PLACEMENT_3D('',#9206,#7298,#7299);
#6653=AXIS2_PLACEMENT_3D('',#9224,#7309,#7310);
#6654=AXIS2_PLACEMENT_3D('',#9229,#7313,#7314);
#6655=AXIS2_PLACEMENT_3D('',#9230,#7315,#7316);
#6656=AXIS2_PLACEMENT_3D('',#9234,#7319,#7320);
#6657=AXIS2_PLACEMENT_3D('',#9237,#7322,#7323);
#6658=AXIS2_PLACEMENT_3D('',#9238,#7324,#7325);
#6659=AXIS2_PLACEMENT_3D('',#9240,#7327,#7328);
#6660=AXIS2_PLACEMENT_3D('',#9246,#7332,#7333);
#6661=AXIS2_PLACEMENT_3D('',#9249,#7335,#7336);
#6662=AXIS2_PLACEMENT_3D('',#9250,#7337,#7338);
#6663=AXIS2_PLACEMENT_3D('',#9252,#7339,#7340);
#6664=AXIS2_PLACEMENT_3D('',#9255,#7342,#7343);
#6665=AXIS2_PLACEMENT_3D('',#9256,#7344,#7345);
#6666=AXIS2_PLACEMENT_3D('',#9267,#7351,#7352);
#6667=AXIS2_PLACEMENT_3D('',#9270,#7354,#7355);
#6668=AXIS2_PLACEMENT_3D('',#9271,#7356,#7357);
#6669=AXIS2_PLACEMENT_3D('',#9273,#7358,#7359);
#6670=AXIS2_PLACEMENT_3D('',#9276,#7361,#7362);
#6671=AXIS2_PLACEMENT_3D('',#9277,#7363,#7364);
#6672=AXIS2_PLACEMENT_3D('',#9288,#7370,#7371);
#6673=AXIS2_PLACEMENT_3D('',#9291,#7373,#7374);
#6674=AXIS2_PLACEMENT_3D('',#9292,#7375,#7376);
#6675=AXIS2_PLACEMENT_3D('',#9294,#7377,#7378);
#6676=AXIS2_PLACEMENT_3D('',#9297,#7380,#7381);
#6677=AXIS2_PLACEMENT_3D('',#9298,#7382,#7383);
#6678=AXIS2_PLACEMENT_3D('',#9309,#7388,#7389);
#6679=AXIS2_PLACEMENT_3D('',#9311,#7390,#7391);
#6680=AXIS2_PLACEMENT_3D('',#9315,#7393,#7394);
#6681=AXIS2_PLACEMENT_3D('',#9317,#7395,#7396);
#6682=AXIS2_PLACEMENT_3D('',#9320,#7398,#7399);
#6683=AXIS2_PLACEMENT_3D('',#9322,#7400,#7401);
#6684=AXIS2_PLACEMENT_3D('',#9323,#7402,#7403);
#6685=AXIS2_PLACEMENT_3D('',#9327,#7405,#7406);
#6686=AXIS2_PLACEMENT_3D('',#9329,#7407,#7408);
#6687=AXIS2_PLACEMENT_3D('',#9331,#7409,#7410);
#6688=AXIS2_PLACEMENT_3D('',#9332,#7411,#7412);
#6689=AXIS2_PLACEMENT_3D('',#9333,#7413,#7414);
#6690=AXIS2_PLACEMENT_3D('',#9336,#7416,#7417);
#6691=AXIS2_PLACEMENT_3D('',#9337,#7418,#7419);
#6692=AXIS2_PLACEMENT_3D('',#9341,#7421,#7422);
#6693=AXIS2_PLACEMENT_3D('',#9343,#7423,#7424);
#6694=AXIS2_PLACEMENT_3D('',#9345,#7425,#7426);
#6695=AXIS2_PLACEMENT_3D('',#9346,#7427,#7428);
#6696=AXIS2_PLACEMENT_3D('',#9347,#7429,#7430);
#6697=AXIS2_PLACEMENT_3D('',#9352,#7434,#7435);
#6698=AXIS2_PLACEMENT_3D('',#9357,#7439,#7440);
#6699=AXIS2_PLACEMENT_3D('',#9359,#7442,#7443);
#6700=AXIS2_PLACEMENT_3D('',#9360,#7444,#7445);
#6701=AXIS2_PLACEMENT_3D('',#9366,#7449,#7450);
#6702=AXIS2_PLACEMENT_3D('',#9376,#7456,#7457);
#6703=AXIS2_PLACEMENT_3D('',#9381,#7461,#7462);
#6704=AXIS2_PLACEMENT_3D('',#9386,#7466,#7467);
#6705=AXIS2_PLACEMENT_3D('',#9388,#7469,#7470);
#6706=AXIS2_PLACEMENT_3D('',#9389,#7471,#7472);
#6707=AXIS2_PLACEMENT_3D('',#9395,#7476,#7477);
#6708=AXIS2_PLACEMENT_3D('',#9405,#7483,#7484);
#6709=AXIS2_PLACEMENT_3D('',#9410,#7486,#7487);
#6710=AXIS2_PLACEMENT_3D('',#9413,#7489,#7490);
#6711=AXIS2_PLACEMENT_3D('',#9414,#7491,#7492);
#6712=AXIS2_PLACEMENT_3D('',#9420,#7496,#7497);
#6713=AXIS2_PLACEMENT_3D('',#9424,#7499,#7500);
#6714=AXIS2_PLACEMENT_3D('',#9425,#7501,#7502);
#6715=AXIS2_PLACEMENT_3D('',#9426,#7503,#7504);
#6716=AXIS2_PLACEMENT_3D('',#9429,#7507,#7508);
#6717=AXIS2_PLACEMENT_3D('',#9435,#7512,#7513);
#6718=AXIS2_PLACEMENT_3D('',#9438,#7515,#7516);
#6719=AXIS2_PLACEMENT_3D('',#9439,#7517,#7518);
#6720=AXIS2_PLACEMENT_3D('',#9446,#7521,#7522);
#6721=AXIS2_PLACEMENT_3D('',#9450,#7524,#7525);
#6722=AXIS2_PLACEMENT_3D('',#9454,#7527,#7528);
#6723=AXIS2_PLACEMENT_3D('',#9458,#7530,#7531);
#6724=AXIS2_PLACEMENT_3D('',#9460,#7533,#7534);
#6725=AXIS2_PLACEMENT_3D('',#9465,#7537,#7538);
#6726=AXIS2_PLACEMENT_3D('',#9466,#7539,#7540);
#6727=AXIS2_PLACEMENT_3D('',#9470,#7543,#7544);
#6728=AXIS2_PLACEMENT_3D('',#9474,#7546,#7547);
#6729=AXIS2_PLACEMENT_3D('',#9475,#7548,#7549);
#6730=AXIS2_PLACEMENT_3D('',#9476,#7550,#7551);
#6731=AXIS2_PLACEMENT_3D('',#9479,#7554,#7555);
#6732=AXIS2_PLACEMENT_3D('',#9481,#7557,#7558);
#6733=AXIS2_PLACEMENT_3D('',#9484,#7560,#7561);
#6734=AXIS2_PLACEMENT_3D('',#9485,#7562,#7563);
#6735=AXIS2_PLACEMENT_3D('',#9489,#7565,#7566);
#6736=AXIS2_PLACEMENT_3D('',#9492,#7568,#7569);
#6737=AXIS2_PLACEMENT_3D('',#9493,#7570,#7571);
#6738=AXIS2_PLACEMENT_3D('',#9498,#7575,#7576);
#6739=AXIS2_PLACEMENT_3D('',#9501,#7578,#7579);
#6740=AXIS2_PLACEMENT_3D('',#9502,#7580,#7581);
#6741=AXIS2_PLACEMENT_3D('',#9504,#7583,#7584);
#6742=AXIS2_PLACEMENT_3D('',#9506,#7586,#7587);
#6743=AXIS2_PLACEMENT_3D('',#9511,#7589,#7590);
#6744=AXIS2_PLACEMENT_3D('',#9514,#7592,#7593);
#6745=AXIS2_PLACEMENT_3D('',#9515,#7594,#7595);
#6746=AXIS2_PLACEMENT_3D('',#9520,#7598,#7599);
#6747=AXIS2_PLACEMENT_3D('',#9521,#7600,#7601);
#6748=AXIS2_PLACEMENT_3D('',#9525,#7604,#7605);
#6749=AXIS2_PLACEMENT_3D('',#9528,#7607,#7608);
#6750=AXIS2_PLACEMENT_3D('',#9529,#7609,#7610);
#6751=AXIS2_PLACEMENT_3D('',#9531,#7612,#7613);
#6752=AXIS2_PLACEMENT_3D('',#9534,#7616,#7617);
#6753=AXIS2_PLACEMENT_3D('',#9536,#7619,#7620);
#6754=AXIS2_PLACEMENT_3D('',#9538,#7621,#7622);
#6755=AXIS2_PLACEMENT_3D('',#9541,#7624,#7625);
#6756=AXIS2_PLACEMENT_3D('',#9542,#7626,#7627);
#6757=AXIS2_PLACEMENT_3D('',#9545,#7629,#7630);
#6758=AXIS2_PLACEMENT_3D('',#9546,#7631,#7632);
#6759=AXIS2_PLACEMENT_3D('',#9551,#7634,#7635);
#6760=AXIS2_PLACEMENT_3D('',#9559,#7639,#7640);
#6761=AXIS2_PLACEMENT_3D('',#9563,#7643,#7644);
#6762=AXIS2_PLACEMENT_3D('',#9568,#7646,#7647);
#6763=AXIS2_PLACEMENT_3D('',#9571,#7649,#7650);
#6764=AXIS2_PLACEMENT_3D('',#9572,#7651,#7652);
#6765=AXIS2_PLACEMENT_3D('',#9578,#7656,#7657);
#6766=AXIS2_PLACEMENT_3D('',#9582,#7659,#7660);
#6767=AXIS2_PLACEMENT_3D('',#9583,#7661,#7662);
#6768=AXIS2_PLACEMENT_3D('',#9584,#7663,#7664);
#6769=AXIS2_PLACEMENT_3D('',#9587,#7667,#7668);
#6770=AXIS2_PLACEMENT_3D('',#9593,#7672,#7673);
#6771=AXIS2_PLACEMENT_3D('',#9596,#7675,#7676);
#6772=AXIS2_PLACEMENT_3D('',#9597,#7677,#7678);
#6773=AXIS2_PLACEMENT_3D('',#9612,#7685,#7686);
#6774=AXIS2_PLACEMENT_3D('',#9622,#7691,#7692);
#6775=AXIS2_PLACEMENT_3D('',#9625,#7694,#7695);
#6776=AXIS2_PLACEMENT_3D('',#9628,#7696,#7697);
#6777=AXIS2_PLACEMENT_3D('',#9632,#7699,#7700);
#6778=AXIS2_PLACEMENT_3D('',#9648,#7708,#7709);
#6779=AXIS2_PLACEMENT_3D('',#9660,#7715,#7716);
#6780=AXIS2_PLACEMENT_3D('',#9674,#7723,#7724);
#6781=AXIS2_PLACEMENT_3D('',#9677,#7726,#7727);
#6782=AXIS2_PLACEMENT_3D('',#9678,#7728,#7729);
#6783=AXIS2_PLACEMENT_3D('',#9684,#7733,#7734);
#6784=AXIS2_PLACEMENT_3D('',#9687,#7736,#7737);
#6785=AXIS2_PLACEMENT_3D('',#9688,#7738,#7739);
#6786=AXIS2_PLACEMENT_3D('',#9692,#7742,#7743);
#6787=AXIS2_PLACEMENT_3D('',#9693,#7744,#7745);
#6788=AXIS2_PLACEMENT_3D('',#9694,#7746,#7747);
#6789=AXIS2_PLACEMENT_3D('',#9698,#7749,#7750);
#6790=AXIS2_PLACEMENT_3D('',#9700,#7752,#7753);
#6791=AXIS2_PLACEMENT_3D('',#9704,#7756,#7757);
#6792=AXIS2_PLACEMENT_3D('',#9710,#7761,#7762);
#6793=AXIS2_PLACEMENT_3D('',#9713,#7764,#7765);
#6794=AXIS2_PLACEMENT_3D('',#9714,#7766,#7767);
#6795=AXIS2_PLACEMENT_3D('',#9718,#7770,#7771);
#6796=AXIS2_PLACEMENT_3D('',#9719,#7772,#7773);
#6797=AXIS2_PLACEMENT_3D('',#9720,#7774,#7775);
#6798=AXIS2_PLACEMENT_3D('',#9724,#7777,#7778);
#6799=AXIS2_PLACEMENT_3D('',#9726,#7780,#7781);
#6800=AXIS2_PLACEMENT_3D('',#9730,#7784,#7785);
#6801=AXIS2_PLACEMENT_3D('',#9735,#7788,#7789);
#6802=AXIS2_PLACEMENT_3D('',#9736,#7790,#7791);
#6803=AXIS2_PLACEMENT_3D('',#9740,#7794,#7795);
#6804=AXIS2_PLACEMENT_3D('',#9743,#7797,#7798);
#6805=AXIS2_PLACEMENT_3D('',#9744,#7799,#7800);
#6806=AXIS2_PLACEMENT_3D('',#9746,#7802,#7803);
#6807=AXIS2_PLACEMENT_3D('',#9752,#7807,#7808);
#6808=AXIS2_PLACEMENT_3D('',#9755,#7810,#7811);
#6809=AXIS2_PLACEMENT_3D('',#9756,#7812,#7813);
#6810=AXIS2_PLACEMENT_3D('',#9760,#7815,#7816);
#6811=AXIS2_PLACEMENT_3D('',#9762,#7818,#7819);
#6812=AXIS2_PLACEMENT_3D('',#9766,#7822,#7823);
#6813=AXIS2_PLACEMENT_3D('',#9768,#7824,#7825);
#6814=AXIS2_PLACEMENT_3D('',#9770,#7827,#7828);
#6815=AXIS2_PLACEMENT_3D('',#9780,#7834,#7835);
#6816=AXIS2_PLACEMENT_3D('',#9792,#7842,#7843);
#6817=AXIS2_PLACEMENT_3D('',#9800,#7848,#7849);
#6818=AXIS2_PLACEMENT_3D('',#9804,#7851,#7852);
#6819=AXIS2_PLACEMENT_3D('',#9806,#7854,#7855);
#6820=AXIS2_PLACEMENT_3D('',#9810,#7858,#7859);
#6821=AXIS2_PLACEMENT_3D('',#9812,#7860,#7861);
#6822=AXIS2_PLACEMENT_3D('',#9814,#7863,#7864);
#6823=AXIS2_PLACEMENT_3D('',#9828,#7872,#7873);
#6824=AXIS2_PLACEMENT_3D('',#9832,#7876,#7877);
#6825=AXIS2_PLACEMENT_3D('',#9844,#7884,#7885);
#6826=AXIS2_PLACEMENT_3D('',#9853,#7890,#7891);
#6827=AXIS2_PLACEMENT_3D('',#9856,#7893,#7894);
#6828=AXIS2_PLACEMENT_3D('',#9857,#7895,#7896);
#6829=AXIS2_PLACEMENT_3D('',#9858,#7897,#7898);
#6830=AXIS2_PLACEMENT_3D('',#9861,#7901,#7902);
#6831=AXIS2_PLACEMENT_3D('',#9863,#7904,#7905);
#6832=AXIS2_PLACEMENT_3D('',#9867,#7908,#7909);
#6833=AXIS2_PLACEMENT_3D('',#9871,#7911,#7912);
#6834=AXIS2_PLACEMENT_3D('',#9872,#7913,#7914);
#6835=AXIS2_PLACEMENT_3D('',#9873,#7915,#7916);
#6836=AXIS2_PLACEMENT_3D('',#9879,#7920,#7921);
#6837=AXIS2_PLACEMENT_3D('',#9881,#7922,#7923);
#6838=AXIS2_PLACEMENT_3D('',#9883,#7925,#7926);
#6839=AXIS2_PLACEMENT_3D('',#9886,#7928,#7929);
#6840=AXIS2_PLACEMENT_3D('',#9887,#7930,#7931);
#6841=AXIS2_PLACEMENT_3D('',#9895,#7936,#7937);
#6842=AXIS2_PLACEMENT_3D('',#9907,#7944,#7945);
#6843=AXIS2_PLACEMENT_3D('',#9913,#7949,#7950);
#6844=AXIS2_PLACEMENT_3D('',#9922,#7956,#7957);
#6845=AXIS2_PLACEMENT_3D('',#9932,#7963,#7964);
#6846=AXIS2_PLACEMENT_3D('',#9936,#7967,#7968);
#6847=AXIS2_PLACEMENT_3D('',#9944,#7973,#7974);
#6848=AXIS2_PLACEMENT_3D('',#9948,#7977,#7978);
#6849=AXIS2_PLACEMENT_3D('',#9952,#7981,#7982);
#6850=AXIS2_PLACEMENT_3D('',#9954,#7984,#7985);
#6851=AXIS2_PLACEMENT_3D('',#9962,#7990,#7991);
#6852=AXIS2_PLACEMENT_3D('',#9966,#7994,#7995);
#6853=AXIS2_PLACEMENT_3D('',#9972,#7999,#8000);
#6854=AXIS2_PLACEMENT_3D('',#9974,#8001,#8002);
#6855=AXIS2_PLACEMENT_3D('',#9977,#8004,#8005);
#6856=AXIS2_PLACEMENT_3D('',#9978,#8006,#8007);
#6857=AXIS2_PLACEMENT_3D('',#9981,#8008,#8009);
#6858=AXIS2_PLACEMENT_3D('',#9984,#8011,#8012);
#6859=AXIS2_PLACEMENT_3D('',#9986,#8013,#8014);
#6860=AXIS2_PLACEMENT_3D('',#9987,#8015,#8016);
#6861=AXIS2_PLACEMENT_3D('',#9988,#8017,#8018);
#6862=AXIS2_PLACEMENT_3D('',#9993,#8020,#8021);
#6863=AXIS2_PLACEMENT_3D('',#9997,#8023,#8024);
#6864=AXIS2_PLACEMENT_3D('',#9999,#8025,#8026);
#6865=AXIS2_PLACEMENT_3D('',#10003,#8028,#8029);
#6866=AXIS2_PLACEMENT_3D('',#10007,#8031,#8032);
#6867=AXIS2_PLACEMENT_3D('',#10009,#8033,#8034);
#6868=AXIS2_PLACEMENT_3D('',#10013,#8036,#8037);
#6869=AXIS2_PLACEMENT_3D('',#10016,#8039,#8040);
#6870=AXIS2_PLACEMENT_3D('',#10017,#8041,#8042);
#6871=AXIS2_PLACEMENT_3D('',#10022,#8046,#8047);
#6872=AXIS2_PLACEMENT_3D('',#10026,#8050,#8051);
#6873=AXIS2_PLACEMENT_3D('',#10029,#8054,#8055);
#6874=AXIS2_PLACEMENT_3D('',#10034,#8056,#8057);
#6875=AXIS2_PLACEMENT_3D('',#10039,#8058,#8059);
#6876=AXIS2_PLACEMENT_3D('',#10040,#8060,#8061);
#6877=AXIS2_PLACEMENT_3D('',#10042,#8063,#8064);
#6878=AXIS2_PLACEMENT_3D('',#10046,#8067,#8068);
#6879=AXIS2_PLACEMENT_3D('',#10050,#8071,#8072);
#6880=AXIS2_PLACEMENT_3D('',#10053,#8075,#8076);
#6881=AXIS2_PLACEMENT_3D('',#10058,#8077,#8078);
#6882=AXIS2_PLACEMENT_3D('',#10059,#8079,#8080);
#6883=AXIS2_PLACEMENT_3D('',#10064,#8081,#8082);
#6884=AXIS2_PLACEMENT_3D('',#10065,#8083,#8084);
#6885=AXIS2_PLACEMENT_3D('',#10069,#8087,#8088);
#6886=AXIS2_PLACEMENT_3D('',#10081,#8095,#8096);
#6887=AXIS2_PLACEMENT_3D('',#10083,#8098,#8099);
#6888=AXIS2_PLACEMENT_3D('',#10084,#8100,#8101);
#6889=AXIS2_PLACEMENT_3D('',#10092,#8106,#8107);
#6890=AXIS2_PLACEMENT_3D('',#10098,#8111,#8112);
#6891=AXIS2_PLACEMENT_3D('',#10102,#8115,#8116);
#6892=AXIS2_PLACEMENT_3D('',#10106,#8119,#8120);
#6893=AXIS2_PLACEMENT_3D('',#10110,#8123,#8124);
#6894=AXIS2_PLACEMENT_3D('',#10114,#8127,#8128);
#6895=AXIS2_PLACEMENT_3D('',#10116,#8130,#8131);
#6896=AXIS2_PLACEMENT_3D('',#10126,#8137,#8138);
#6897=AXIS2_PLACEMENT_3D('',#10130,#8141,#8142);
#6898=AXIS2_PLACEMENT_3D('',#10138,#8147,#8148);
#6899=AXIS2_PLACEMENT_3D('',#10140,#8149,#8150);
#6900=AXIS2_PLACEMENT_3D('',#10142,#8152,#8153);
#6901=AXIS2_PLACEMENT_3D('',#10145,#8154,#8155);
#6902=AXIS2_PLACEMENT_3D('',#10147,#8156,#8157);
#6903=AXIS2_PLACEMENT_3D('',#10149,#8158,#8159);
#6904=AXIS2_PLACEMENT_3D('',#10155,#8162,#8163);
#6905=AXIS2_PLACEMENT_3D('',#10157,#8164,#8165);
#6906=AXIS2_PLACEMENT_3D('',#10161,#8167,#8168);
#6907=AXIS2_PLACEMENT_3D('',#10165,#8170,#8171);
#6908=AXIS2_PLACEMENT_3D('',#10167,#8172,#8173);
#6909=AXIS2_PLACEMENT_3D('',#10173,#8176,#8177);
#6910=AXIS2_PLACEMENT_3D('',#10175,#8178,#8179);
#6911=AXIS2_PLACEMENT_3D('',#10177,#8180,#8181);
#6912=AXIS2_PLACEMENT_3D('',#10179,#8182,#8183);
#6913=AXIS2_PLACEMENT_3D('',#10181,#8184,#8185);
#6914=AXIS2_PLACEMENT_3D('',#10185,#8187,#8188);
#6915=AXIS2_PLACEMENT_3D('',#10186,#8189,#8190);
#6916=AXIS2_PLACEMENT_3D('',#10189,#8191,#8192);
#6917=AXIS2_PLACEMENT_3D('',#10193,#8194,#8195);
#6918=AXIS2_PLACEMENT_3D('',#10197,#8197,#8198);
#6919=AXIS2_PLACEMENT_3D('',#10201,#8200,#8201);
#6920=AXIS2_PLACEMENT_3D('',#10203,#8203,#8204);
#6921=AXIS2_PLACEMENT_3D('',#10207,#8207,#8208);
#6922=AXIS2_PLACEMENT_3D('',#10211,#8211,#8212);
#6923=AXIS2_PLACEMENT_3D('',#10215,#8215,#8216);
#6924=AXIS2_PLACEMENT_3D('',#10219,#8219,#8220);
#6925=AXIS2_PLACEMENT_3D('',#10225,#8224,#8225);
#6926=AXIS2_PLACEMENT_3D('',#10231,#8229,#8230);
#6927=AXIS2_PLACEMENT_3D('',#10235,#8233,#8234);
#6928=AXIS2_PLACEMENT_3D('',#10239,#8237,#8238);
#6929=AXIS2_PLACEMENT_3D('',#10243,#8241,#8242);
#6930=AXIS2_PLACEMENT_3D('',#10247,#8245,#8246);
#6931=AXIS2_PLACEMENT_3D('',#10253,#8250,#8251);
#6932=AXIS2_PLACEMENT_3D('',#10259,#8255,#8256);
#6933=AXIS2_PLACEMENT_3D('',#10265,#8260,#8261);
#6934=AXIS2_PLACEMENT_3D('',#10271,#8265,#8266);
#6935=AXIS2_PLACEMENT_3D('',#10274,#8269,#8270);
#6936=AXIS2_PLACEMENT_3D('',#10276,#8272,#8273);
#6937=AXIS2_PLACEMENT_3D('',#10280,#8276,#8277);
#6938=AXIS2_PLACEMENT_3D('',#10283,#8280,#8281);
#6939=AXIS2_PLACEMENT_3D('',#10285,#8283,#8284);
#6940=AXIS2_PLACEMENT_3D('',#10289,#8287,#8288);
#6941=AXIS2_PLACEMENT_3D('',#10295,#8292,#8293);
#6942=AXIS2_PLACEMENT_3D('',#10301,#8297,#8298);
#6943=AXIS2_PLACEMENT_3D('',#10312,#8304,#8305);
#6944=AXIS2_PLACEMENT_3D('',#10315,#8306,#8307);
#6945=AXIS2_PLACEMENT_3D('',#10319,#8310,#8311);
#6946=AXIS2_PLACEMENT_3D('',#10321,#8312,#8313);
#6947=AXIS2_PLACEMENT_3D('',#10325,#8316,#8317);
#6948=AXIS2_PLACEMENT_3D('',#10326,#8318,#8319);
#6949=AXIS2_PLACEMENT_3D('',#10328,#8321,#8322);
#6950=AXIS2_PLACEMENT_3D('',#10330,#8323,#8324);
#6951=AXIS2_PLACEMENT_3D('',#10332,#8326,#8327);
#6952=AXIS2_PLACEMENT_3D('',#10333,#8328,#8329);
#6953=AXIS2_PLACEMENT_3D('',#10339,#8333,#8334);
#6954=AXIS2_PLACEMENT_3D('',#10350,#8340,#8341);
#6955=AXIS2_PLACEMENT_3D('',#10352,#8342,#8343);
#6956=AXIS2_PLACEMENT_3D('',#10354,#8345,#8346);
#6957=AXIS2_PLACEMENT_3D('',#10356,#8347,#8348);
#6958=AXIS2_PLACEMENT_3D('',#10358,#8350,#8351);
#6959=AXIS2_PLACEMENT_3D('',#10360,#8352,#8353);
#6960=AXIS2_PLACEMENT_3D('',#10365,#8356,#8357);
#6961=AXIS2_PLACEMENT_3D('',#10366,#8358,#8359);
#6962=AXIS2_PLACEMENT_3D('',#10367,#8360,#8361);
#6963=AXIS2_PLACEMENT_3D('',#10371,#8364,#8365);
#6964=AXIS2_PLACEMENT_3D('',#10377,#8369,#8370);
#6965=AXIS2_PLACEMENT_3D('',#10388,#8376,#8377);
#6966=AXIS2_PLACEMENT_3D('',#10391,#8378,#8379);
#6967=AXIS2_PLACEMENT_3D('',#10395,#8382,#8383);
#6968=AXIS2_PLACEMENT_3D('',#10397,#8384,#8385);
#6969=AXIS2_PLACEMENT_3D('',#10401,#8388,#8389);
#6970=AXIS2_PLACEMENT_3D('',#10402,#8390,#8391);
#6971=AXIS2_PLACEMENT_3D('',#10404,#8393,#8394);
#6972=AXIS2_PLACEMENT_3D('',#10405,#8395,#8396);
#6973=AXIS2_PLACEMENT_3D('',#10407,#8398,#8399);
#6974=AXIS2_PLACEMENT_3D('',#10413,#8403,#8404);
#6975=AXIS2_PLACEMENT_3D('',#10423,#8410,#8411);
#6976=AXIS2_PLACEMENT_3D('',#10425,#8413,#8414);
#6977=AXIS2_PLACEMENT_3D('',#10427,#8416,#8417);
#6978=AXIS2_PLACEMENT_3D('',#10431,#8420,#8421);
#6979=AXIS2_PLACEMENT_3D('',#10435,#8424,#8425);
#6980=AXIS2_PLACEMENT_3D('',#10441,#8429,#8430);
#6981=AXIS2_PLACEMENT_3D('',#10444,#8433,#8434);
#6982=AXIS2_PLACEMENT_3D('',#10447,#8436,#8437);
#6983=AXIS2_PLACEMENT_3D('',#10449,#8438,#8439);
#6984=AXIS2_PLACEMENT_3D('',#10451,#8441,#8442);
#6985=AXIS2_PLACEMENT_3D('',#10454,#8445,#8446);
#6986=AXIS2_PLACEMENT_3D('',#10457,#8449,#8450);
#6987=AXIS2_PLACEMENT_3D('',#10460,#8452,#8453);
#6988=AXIS2_PLACEMENT_3D('',#10462,#8454,#8455);
#6989=AXIS2_PLACEMENT_3D('',#10464,#8457,#8458);
#6990=AXIS2_PLACEMENT_3D('',#10470,#8462,#8463);
#6991=AXIS2_PLACEMENT_3D('',#10476,#8467,#8468);
#6992=AXIS2_PLACEMENT_3D('',#10477,#8469,#8470);
#6993=AXIS2_PLACEMENT_3D('',#10478,#8471,#8472);
#6994=AXIS2_PLACEMENT_3D('',#10479,#8473,#8474);
#6995=AXIS2_PLACEMENT_3D('',#10480,#8475,#8476);
#6996=AXIS2_PLACEMENT_3D('',#10481,#8477,#8478);
#6997=AXIS2_PLACEMENT_3D('',#10482,#8479,#8480);
#6998=AXIS2_PLACEMENT_3D('',#10483,#8481,#8482);
#6999=AXIS2_PLACEMENT_3D('',#10484,#8483,#8484);
#7000=AXIS2_PLACEMENT_3D('',#10494,#8490,#8491);
#7001=AXIS2_PLACEMENT_3D('',#10498,#8494,#8495);
#7002=AXIS2_PLACEMENT_3D('',#10502,#8498,#8499);
#7003=AXIS2_PLACEMENT_3D('',#10509,#8504,#8505);
#7004=AXIS2_PLACEMENT_3D('',#10513,#8508,#8509);
#7005=AXIS2_PLACEMENT_3D('',#10515,#8511,#8512);
#7006=AXIS2_PLACEMENT_3D('',#10518,#8515,#8516);
#7007=AXIS2_PLACEMENT_3D('',#10520,#8518,#8519);
#7008=AXIS2_PLACEMENT_3D('',#10522,#8521,#8522);
#7009=AXIS2_PLACEMENT_3D('',#10523,#8523,#8524);
#7010=AXIS2_PLACEMENT_3D('',#10524,#8525,#8526);
#7011=AXIS2_PLACEMENT_3D('',#10526,#8528,#8529);
#7012=AXIS2_PLACEMENT_3D('',#10527,#8530,#8531);
#7013=AXIS2_PLACEMENT_3D('',#10529,#8533,#8534);
#7014=AXIS2_PLACEMENT_3D('',#10530,#8535,#8536);
#7015=AXIS2_PLACEMENT_3D('',#10531,#8537,#8538);
#7016=AXIS2_PLACEMENT_3D('',#10533,#8540,#8541);
#7017=AXIS2_PLACEMENT_3D('',#10534,#8542,#8543);
#7018=AXIS2_PLACEMENT_3D('',#10536,#8545,#8546);
#7019=AXIS2_PLACEMENT_3D('',#10537,#8547,#8548);
#7020=AXIS2_PLACEMENT_3D('',#10538,#8549,#8550);
#7021=AXIS2_PLACEMENT_3D('',#10539,#8551,#8552);
#7022=AXIS2_PLACEMENT_3D('',#10566,#8553,#8554);
#7023=AXIS2_PLACEMENT_3D('',#10567,#8555,#8556);
#7024=AXIS2_PLACEMENT_3D('',#10582,#8557,#8558);
#7025=AXIS2_PLACEMENT_3D('',#10595,#8559,#8560);
#7026=AXIS2_PLACEMENT_3D('',#10625,#8561,#8562);
#7027=AXIS2_PLACEMENT_3D('',#10626,#8563,#8564);
#7028=AXIS2_PLACEMENT_3D('',#10627,#8565,#8566);
#7029=AXIS2_PLACEMENT_3D('',#10628,#8567,#8568);
#7030=AXIS2_PLACEMENT_3D('',#10659,#8569,#8570);
#7031=AXIS2_PLACEMENT_3D('',#10662,#8573,#8574);
#7032=AXIS2_PLACEMENT_3D('',#10663,#8575,#8576);
#7033=AXIS2_PLACEMENT_3D('',#10664,#8577,#8578);
#7034=AXIS2_PLACEMENT_3D('',#10667,#8581,#8582);
#7035=AXIS2_PLACEMENT_3D('',#10668,#8583,#8584);
#7036=AXIS2_PLACEMENT_3D('',#10669,#8585,#8586);
#7037=AXIS2_PLACEMENT_3D('',#10670,#8587,#8588);
#7038=AXIS2_PLACEMENT_3D('',#10671,#8589,#8590);
#7039=AXIS2_PLACEMENT_3D('',#10673,#8591,#8592);
#7040=AXIS2_PLACEMENT_3D('',#10674,#8593,#8594);
#7041=AXIS2_PLACEMENT_3D('',#10675,#8595,#8596);
#7042=AXIS2_PLACEMENT_3D('',#10677,#8597,#8598);
#7043=AXIS2_PLACEMENT_3D('',#10678,#8599,#8600);
#7044=AXIS2_PLACEMENT_3D('',#10679,#8601,#8602);
#7045=AXIS2_PLACEMENT_3D('',#10681,#8603,#8604);
#7046=AXIS2_PLACEMENT_3D('',#10683,#8606,#8607);
#7047=AXIS2_PLACEMENT_3D('',#10685,#8608,#8609);
#7048=AXIS2_PLACEMENT_3D('',#10686,#8610,#8611);
#7049=AXIS2_PLACEMENT_3D('',#10687,#8612,#8613);
#7050=AXIS2_PLACEMENT_3D('',#10688,#8614,#8615);
#7051=AXIS2_PLACEMENT_3D('',#10689,#8616,#8617);
#7052=AXIS2_PLACEMENT_3D('',#10691,#8618,#8619);
#7053=AXIS2_PLACEMENT_3D('',#10694,#8621,#8622);
#7054=AXIS2_PLACEMENT_3D('',#10695,#8623,#8624);
#7055=AXIS2_PLACEMENT_3D('',#10697,#8626,#8627);
#7056=AXIS2_PLACEMENT_3D('',#10701,#8629,#8630);
#7057=AXIS2_PLACEMENT_3D('',#10703,#8631,#8632);
#7058=AXIS2_PLACEMENT_3D('',#10705,#8634,#8635);
#7059=AXIS2_PLACEMENT_3D('',#10709,#8638,#8639);
#7060=AXIS2_PLACEMENT_3D('',#10713,#8641,#8642);
#7061=AXIS2_PLACEMENT_3D('',#10714,#8643,#8644);
#7062=AXIS2_PLACEMENT_3D('',#10715,#8645,#8646);
#7063=AXIS2_PLACEMENT_3D('',#10716,#8647,#8648);
#7064=AXIS2_PLACEMENT_3D('',#10717,#8649,#8650);
#7065=AXIS2_PLACEMENT_3D('',#10719,#8651,#8652);
#7066=AXIS2_PLACEMENT_3D('',#10721,#8654,#8655);
#7067=AXIS2_PLACEMENT_3D('',#10731,#8661,#8662);
#7068=AXIS2_PLACEMENT_3D('',#10735,#8665,#8666);
#7069=AXIS2_PLACEMENT_3D('',#10737,#8668,#8669);
#7070=AXIS2_PLACEMENT_3D('',#10738,#8670,#8671);
#7071=AXIS2_PLACEMENT_3D('',#10741,#8674,#8675);
#7072=AXIS2_PLACEMENT_3D('',#10743,#8677,#8678);
#7073=AXIS2_PLACEMENT_3D('',#10744,#8679,#8680);
#7074=AXIS2_PLACEMENT_3D('',#10745,#8681,#8682);
#7075=AXIS2_PLACEMENT_3D('',#10746,#8683,#8684);
#7076=AXIS2_PLACEMENT_3D('',#10753,#8689,#8690);
#7077=AXIS2_PLACEMENT_3D('',#10755,#8692,#8693);
#7078=AXIS2_PLACEMENT_3D('',#10757,#8695,#8696);
#7079=AXIS2_PLACEMENT_3D('',#10759,#8698,#8699);
#7080=AXIS2_PLACEMENT_3D('',#10760,#8700,#8701);
#7081=AXIS2_PLACEMENT_3D('',#10766,#8705,#8706);
#7082=AXIS2_PLACEMENT_3D('',#10770,#8709,#8710);
#7083=AXIS2_PLACEMENT_3D('',#10774,#8713,#8714);
#7084=AXIS2_PLACEMENT_3D('',#10788,#8721,#8722);
#7085=AXIS2_PLACEMENT_3D('',#10798,#8728,#8729);
#7086=AXIS2_PLACEMENT_3D('',#10810,#8735,#8736);
#7087=AXIS2_PLACEMENT_3D('',#10822,#8743,#8744);
#7088=AXIS2_PLACEMENT_3D('',#10828,#8748,#8749);
#7089=AXIS2_PLACEMENT_3D('',#10832,#8751,#8752);
#7090=AXIS2_PLACEMENT_3D('',#10833,#8753,#8754);
#7091=AXIS2_PLACEMENT_3D('',#10834,#8755,#8756);
#7092=AXIS2_PLACEMENT_3D('',#10839,#8760,#8761);
#7093=AXIS2_PLACEMENT_3D('',#10840,#8762,#8763);
#7094=AXIS2_PLACEMENT_3D('',#10841,#8764,#8765);
#7095=AXIS2_PLACEMENT_3D('',#10846,#8768,#8769);
#7096=AXIS2_PLACEMENT_3D('',#10847,#8770,#8771);
#7097=AXIS2_PLACEMENT_3D('',#10853,#8775,#8776);
#7098=AXIS2_PLACEMENT_3D('',#10856,#8778,#8779);
#7099=AXIS2_PLACEMENT_3D('',#10857,#8780,#8781);
#7100=AXIS2_PLACEMENT_3D('',#10858,#8782,#8783);
#7101=AXIS2_PLACEMENT_3D('',#10860,#8785,#8786);
#7102=AXIS2_PLACEMENT_3D('',#10864,#8788,#8789);
#7103=AXIS2_PLACEMENT_3D('',#10867,#8791,#8792);
#7104=AXIS2_PLACEMENT_3D('',#10868,#8793,#8794);
#7105=AXIS2_PLACEMENT_3D('',#10873,#8798,#8799);
#7106=AXIS2_PLACEMENT_3D('',#10876,#8801,#8802);
#7107=AXIS2_PLACEMENT_3D('',#10877,#8803,#8804);
#7108=AXIS2_PLACEMENT_3D('',#10879,#8806,#8807);
#7109=AXIS2_PLACEMENT_3D('',#10881,#8809,#8810);
#7110=AXIS2_PLACEMENT_3D('',#10886,#8813,#8814);
#7111=AXIS2_PLACEMENT_3D('',#10887,#8815,#8816);
#7112=AXIS2_PLACEMENT_3D('',#10893,#8820,#8821);
#7113=AXIS2_PLACEMENT_3D('',#10896,#8823,#8824);
#7114=AXIS2_PLACEMENT_3D('',#10897,#8825,#8826);
#7115=AXIS2_PLACEMENT_3D('',#10898,#8827,#8828);
#7116=AXIS2_PLACEMENT_3D('',#10900,#8830,#8831);
#7117=AXIS2_PLACEMENT_3D('',#10906,#8835,#8836);
#7118=AXIS2_PLACEMENT_3D('',#10908,#8837,#8838);
#7119=AXIS2_PLACEMENT_3D('',#10910,#8840,#8841);
#7120=AXIS2_PLACEMENT_3D('',#10911,#8842,#8843);
#7121=AXIS2_PLACEMENT_3D('',#10913,#8844,#8845);
#7122=AXIS2_PLACEMENT_3D('',#10914,#8846,#8847);
#7123=AXIS2_PLACEMENT_3D('',#10916,#8849,#8850);
#7124=AXIS2_PLACEMENT_3D('',#10917,#8851,#8852);
#7125=AXIS2_PLACEMENT_3D('',#10920,#8855,#8856);
#7126=AXIS2_PLACEMENT_3D('',#10922,#8858,#8859);
#7127=AXIS2_PLACEMENT_3D('',#10924,#8861,#8862);
#7128=AXIS2_PLACEMENT_3D('',#10925,#8863,#8864);
#7129=AXIS2_PLACEMENT_3D('',#10931,#8868,#8869);
#7130=AXIS2_PLACEMENT_3D('',#10933,#8870,#8871);
#7131=AXIS2_PLACEMENT_3D('',#10935,#8873,#8874);
#7132=AXIS2_PLACEMENT_3D('',#10936,#8875,#8876);
#7133=AXIS2_PLACEMENT_3D('',#10938,#8877,#8878);
#7134=AXIS2_PLACEMENT_3D('',#10939,#8879,#8880);
#7135=AXIS2_PLACEMENT_3D('',#10941,#8882,#8883);
#7136=AXIS2_PLACEMENT_3D('',#10942,#8884,#8885);
#7137=AXIS2_PLACEMENT_3D('',#10945,#8888,#8889);
#7138=AXIS2_PLACEMENT_3D('',#10947,#8891,#8892);
#7139=AXIS2_PLACEMENT_3D('',#10949,#8894,#8895);
#7140=AXIS2_PLACEMENT_3D('',#10950,#8896,#8897);
#7141=AXIS2_PLACEMENT_3D('',#10953,#8900,#8901);
#7142=AXIS2_PLACEMENT_3D('',#10955,#8903,#8904);
#7143=AXIS2_PLACEMENT_3D('',#10956,#8905,#8906);
#7144=AXIS2_PLACEMENT_3D('',#10965,#8913,#8914);
#7145=AXIS2_PLACEMENT_3D('',#10967,#8916,#8917);
#7146=AXIS2_PLACEMENT_3D('',#10968,#8918,#8919);
#7147=AXIS2_PLACEMENT_3D('',#10970,#8921,#8922);
#7148=AXIS2_PLACEMENT_3D('',#10971,#8923,#8924);
#7149=AXIS2_PLACEMENT_3D('',#10972,#8925,#8926);
#7150=AXIS2_PLACEMENT_3D('',#10973,#8927,#8928);
#7151=AXIS2_PLACEMENT_3D('',#10979,#8932,#8933);
#7152=AXIS2_PLACEMENT_3D('',#10982,#8935,#8936);
#7153=AXIS2_PLACEMENT_3D('',#10983,#8937,#8938);
#7154=AXIS2_PLACEMENT_3D('',#10987,#8941,#8942);
#7155=AXIS2_PLACEMENT_3D('',#10993,#8946,#8947);
#7156=AXIS2_PLACEMENT_3D('',#10997,#8950,#8951);
#7157=AXIS2_PLACEMENT_3D('',#10999,#8953,#8954);
#7158=AXIS2_PLACEMENT_3D('',#11001,#8956,#8957);
#7159=AXIS2_PLACEMENT_3D('',#11004,#8960,#8961);
#7160=AXIS2_PLACEMENT_3D('',#11008,#8964,#8965);
#7161=AXIS2_PLACEMENT_3D('',#11009,#8966,#8967);
#7162=AXIS2_PLACEMENT_3D('',#11011,#8968,#8969);
#7163=AXIS2_PLACEMENT_3D('',#11013,#8971,#8972);
#7164=AXIS2_PLACEMENT_3D('',#11014,#8973,#8974);
#7165=AXIS2_PLACEMENT_3D('',#11015,#8975,#8976);
#7166=AXIS2_PLACEMENT_3D('',#11017,#8978,#8979);
#7167=AXIS2_PLACEMENT_3D('',#11018,#8980,#8981);
#7168=AXIS2_PLACEMENT_3D('',#11019,#8982,#8983);
#7169=AXIS2_PLACEMENT_3D('',#11020,#8984,#8985);
#7170=AXIS2_PLACEMENT_3D('',#11021,#8986,#8987);
#7171=AXIS2_PLACEMENT_3D('',#11026,#8991,#8992);
#7172=AXIS2_PLACEMENT_3D('',#11030,#8995,#8996);
#7173=AXIS2_PLACEMENT_3D('',#11031,#8997,#8998);
#7174=AXIS2_PLACEMENT_3D('',#11033,#9000,#9001);
#7175=AXIS2_PLACEMENT_3D('',#11035,#9003,#9004);
#7176=AXIS2_PLACEMENT_3D('',#11036,#9005,#9006);
#7177=AXIS2_PLACEMENT_3D('',#11037,#9007,#9008);
#7178=AXIS2_PLACEMENT_3D('',#11046,#9013,#9014);
#7179=AXIS2_PLACEMENT_3D('',#11055,#9019,#9020);
#7180=AXIS2_PLACEMENT_3D('',#11057,#9021,#9022);
#7181=AXIS2_PLACEMENT_3D('',#11060,#9024,#9025);
#7182=AXIS2_PLACEMENT_3D('',#11061,#9026,#9027);
#7183=AXIS2_PLACEMENT_3D('',#11062,#9028,#9029);
#7184=AXIS2_PLACEMENT_3D('',#11063,#9030,#9031);
#7185=AXIS2_PLACEMENT_3D('',#11064,#9032,#9033);
#7186=AXIS2_PLACEMENT_3D('',#11065,#9034,#9035);
#7187=AXIS2_PLACEMENT_3D('',#11066,#9036,#9037);
#7188=AXIS2_PLACEMENT_3D('',#11067,#9038,#9039);
#7189=AXIS2_PLACEMENT_3D('',#11068,#9040,#9041);
#7190=AXIS2_PLACEMENT_3D('',#11069,#9042,#9043);
#7191=AXIS2_PLACEMENT_3D('',#11070,#9044,#9045);
#7192=AXIS2_PLACEMENT_3D('',#11071,#9046,#9047);
#7193=AXIS2_PLACEMENT_3D('',#11074,#9049,#9050);
#7194=AXIS2_PLACEMENT_3D('',#11075,#9051,#9052);
#7195=AXIS2_PLACEMENT_3D('',#11077,#9053,#9054);
#7196=AXIS2_PLACEMENT_3D('',#11078,#9055,#9056);
#7197=AXIS2_PLACEMENT_3D('',#11079,#9057,#9058);
#7198=AXIS2_PLACEMENT_3D('',#11084,#9061,#9062);
#7199=AXIS2_PLACEMENT_3D('',#11086,#9064,#9065);
#7200=AXIS2_PLACEMENT_3D('',#11087,#9066,#9067);
#7201=AXIS2_PLACEMENT_3D('',#11088,#9068,#9069);
#7202=AXIS2_PLACEMENT_3D('',#11089,#9070,#9071);
#7203=AXIS2_PLACEMENT_3D('',#11090,#9072,#9073);
#7204=AXIS2_PLACEMENT_3D('',#11091,#9074,#9075);
#7205=AXIS2_PLACEMENT_3D('',#11092,#9076,#9077);
#7206=AXIS2_PLACEMENT_3D('',#11093,#9078,#9079);
#7207=AXIS2_PLACEMENT_3D('',#11094,#9080,#9081);
#7208=AXIS2_PLACEMENT_3D('',#11095,#9082,#9083);
#7209=AXIS2_PLACEMENT_3D('',#11096,#9084,#9085);
#7210=AXIS2_PLACEMENT_3D('',#11097,#9086,#9087);
#7211=AXIS2_PLACEMENT_3D('',#11098,#9088,#9089);
#7212=AXIS2_PLACEMENT_3D('',#11099,#9090,#9091);
#7213=AXIS2_PLACEMENT_3D('',#11100,#9092,#9093);
#7214=AXIS2_PLACEMENT_3D('',#11102,#9095,#9096);
#7215=AXIS2_PLACEMENT_3D('',#11104,#9098,#9099);
#7216=AXIS2_PLACEMENT_3D('',#11105,#9100,#9101);
#7217=AXIS2_PLACEMENT_3D('',#11106,#9102,#9103);
#7218=AXIS2_PLACEMENT_3D('',#11108,#9105,#9106);
#7219=AXIS2_PLACEMENT_3D('',#11110,#9108,#9109);
#7220=AXIS2_PLACEMENT_3D('',#11112,#9111,#9112);
#7221=AXIS2_PLACEMENT_3D('',#11114,#9114,#9115);
#7222=AXIS2_PLACEMENT_3D('',#11116,#9117,#9118);
#7223=AXIS2_PLACEMENT_3D('',#11118,#9120,#9121);
#7224=AXIS2_PLACEMENT_3D('',#11120,#9123,#9124);
#7225=AXIS2_PLACEMENT_3D('',#11122,#9126,#9127);
#7226=AXIS2_PLACEMENT_3D('',#11123,#9128,#9129);
#7227=DIRECTION('axis',(0.,0.,1.));
#7228=DIRECTION('refdir',(1.,0.,0.));
#7229=DIRECTION('center_axis',(1.,0.,0.));
#7230=DIRECTION('ref_axis',(0.,1.,0.));
#7231=DIRECTION('center_axis',(-1.,0.,0.));
#7232=DIRECTION('ref_axis',(0.,1.,0.));
#7233=DIRECTION('',(-0.707106781186547,0.707106781186547,-8.65956056235493E-17));
#7234=DIRECTION('center_axis',(1.,0.,0.));
#7235=DIRECTION('ref_axis',(0.,1.,0.));
#7236=DIRECTION('center_axis',(1.,0.,0.));
#7237=DIRECTION('ref_axis',(0.,0.,-1.));
#7238=DIRECTION('center_axis',(1.,0.,0.));
#7239=DIRECTION('ref_axis',(0.,1.,0.));
#7240=DIRECTION('center_axis',(1.,0.,0.));
#7241=DIRECTION('ref_axis',(0.,1.,0.));
#7242=DIRECTION('center_axis',(-1.,0.,0.));
#7243=DIRECTION('ref_axis',(0.,1.,0.));
#7244=DIRECTION('',(-0.707106781186547,0.707106781186547,-8.65956056235494E-17));
#7245=DIRECTION('center_axis',(1.,0.,0.));
#7246=DIRECTION('ref_axis',(0.,1.,0.));
#7247=DIRECTION('center_axis',(1.,0.,0.));
#7248=DIRECTION('ref_axis',(0.,0.,-1.));
#7249=DIRECTION('center_axis',(1.,0.,0.));
#7250=DIRECTION('ref_axis',(0.,1.,0.));
#7251=DIRECTION('center_axis',(0.,0.,-1.));
#7252=DIRECTION('ref_axis',(-1.,0.,0.));
#7253=DIRECTION('',(0.707106854943492,-4.53889189018776E-8,-0.707106707429594));
#7254=DIRECTION('center_axis',(0.,-2.80477395694776E-16,-1.));
#7255=DIRECTION('ref_axis',(-1.,0.,0.));
#7256=DIRECTION('',(0.707106781186524,0.,0.707106781186571));
#7257=DIRECTION('center_axis',(0.,2.80477395694776E-16,1.));
#7258=DIRECTION('ref_axis',(-1.,0.,0.));
#7259=DIRECTION('center_axis',(-0.707106781186544,5.59256257414156E-8,-0.707106781186549));
#7260=DIRECTION('ref_axis',(-0.70710678118655,0.,0.707106781186545));
#7261=DIRECTION('',(0.707106951394922,-5.59256373750014E-8,-0.70710661097813));
#7262=DIRECTION('',(-7.90907786881894E-8,-0.999999999999997,2.80477395694775E-16));
#7263=DIRECTION('',(7.90907786881894E-8,0.999999999999997,-2.80477395694775E-16));
#7264=DIRECTION('center_axis',(0.,0.,-1.));
#7265=DIRECTION('ref_axis',(1.,0.,0.));
#7266=DIRECTION('',(-0.707106781186522,0.,-0.707106781186573));
#7267=DIRECTION('center_axis',(0.,-2.80477395694776E-16,-1.));
#7268=DIRECTION('ref_axis',(1.,0.,0.));
#7269=DIRECTION('center_axis',(0.,2.80477395694776E-16,1.));
#7270=DIRECTION('ref_axis',(1.,0.,0.));
#7271=DIRECTION('center_axis',(0.707106781186546,-8.7122423647265E-16,-0.707106781186549));
#7272=DIRECTION('ref_axis',(-0.707106781186549,0.,-0.707106781186546));
#7273=DIRECTION('',(9.51619735392992E-16,1.,-2.80477395694776E-16));
#7274=DIRECTION('',(-9.51619735392992E-16,-1.,2.80477395694776E-16));
#7275=DIRECTION('center_axis',(0.999999999999997,-7.90907786881894E-8,0.));
#7276=DIRECTION('ref_axis',(7.90907786881894E-8,0.999999999999997,-2.80477395694775E-16));
#7277=DIRECTION('',(0.,0.,1.));
#7278=DIRECTION('',(-7.90907786881894E-8,-0.999999999999997,2.80477395694775E-16));
#7279=DIRECTION('',(0.,0.,1.));
#7280=DIRECTION('center_axis',(0.,0.,1.));
#7281=DIRECTION('ref_axis',(1.,0.,0.));
#7282=DIRECTION('',(0.,0.,1.));
#7283=DIRECTION('center_axis',(0.,-2.80477395694776E-16,-1.));
#7284=DIRECTION('ref_axis',(-1.,0.,0.));
#7285=DIRECTION('center_axis',(0.,-2.80477395694776E-16,-1.));
#7286=DIRECTION('ref_axis',(0.,1.,-2.80477395694776E-16));
#7287=DIRECTION('',(0.816496580927723,0.57735026918963,-1.61933699905985E-16));
#7288=DIRECTION('',(0.,-1.,2.80477395694776E-16));
#7289=DIRECTION('',(-1.,0.,0.));
#7290=DIRECTION('',(-1.10855716681057E-28,1.,-2.80477395694776E-16));
#7291=DIRECTION('',(1.,0.,0.));
#7292=DIRECTION('',(0.,-1.,2.80477395694776E-16));
#7293=DIRECTION('',(-0.816496580927724,0.577350269189629,-1.61933699905985E-16));
#7294=DIRECTION('',(0.,1.,-2.80477395694776E-16));
#7295=DIRECTION('center_axis',(0.,-2.80477395694776E-16,-1.));
#7296=DIRECTION('ref_axis',(1.,0.,0.));
#7297=DIRECTION('',(9.51619735392992E-16,1.,-2.80477395694776E-16));
#7298=DIRECTION('center_axis',(0.,-2.80477395694776E-16,-1.));
#7299=DIRECTION('ref_axis',(-1.,0.,0.));
#7300=DIRECTION('',(-7.90907786881894E-8,-0.999999999999997,2.80477395694775E-16));
#7301=DIRECTION('',(-1.,0.,0.));
#7302=DIRECTION('',(1.10855716681057E-28,-1.,2.80477395694776E-16));
#7303=DIRECTION('',(1.,0.,0.));
#7304=DIRECTION('',(0.,1.,-2.80477395694776E-16));
#7305=DIRECTION('',(-1.,0.,0.));
#7306=DIRECTION('',(1.10855716681057E-28,-1.,2.80477395694776E-16));
#7307=DIRECTION('',(1.,0.,0.));
#7308=DIRECTION('',(0.,1.,-2.80477395694776E-16));
#7309=DIRECTION('center_axis',(0.,0.,-1.));
#7310=DIRECTION('ref_axis',(1.,0.,0.));
#7311=DIRECTION('',(-0.707106928700458,0.,-0.707106633672607));
#7312=DIRECTION('',(-0.707106610978036,4.53889031600731E-8,0.707106951395017));
#7313=DIRECTION('center_axis',(0.,2.80477395694776E-16,1.));
#7314=DIRECTION('ref_axis',(1.,0.,0.));
#7315=DIRECTION('center_axis',(0.707106781186544,-8.71224236472649E-16,
-0.707106781186551));
#7316=DIRECTION('ref_axis',(-0.707106781186551,0.,-0.707106781186544));
#7317=DIRECTION('',(-0.707106781186549,0.,-0.707106781186546));
#7318=DIRECTION('',(-9.51619735392992E-16,-1.,2.80477395694776E-16));
#7319=DIRECTION('center_axis',(0.,0.,-1.));
#7320=DIRECTION('ref_axis',(-1.,0.,0.));
#7321=DIRECTION('',(0.707106854943503,-4.53889189018786E-8,-0.707106707429583));
#7322=DIRECTION('center_axis',(0.,2.80477395694776E-16,1.));
#7323=DIRECTION('ref_axis',(-1.,0.,0.));
#7324=DIRECTION('center_axis',(-0.707106781186544,5.59256257414156E-8,-0.707106781186549));
#7325=DIRECTION('ref_axis',(-0.70710678118655,0.,0.707106781186545));
#7326=DIRECTION('',(7.90907786881894E-8,0.999999999999997,-2.80477395694775E-16));
#7327=DIRECTION('center_axis',(-1.,9.51619735392992E-16,0.));
#7328=DIRECTION('ref_axis',(-9.51619735392992E-16,-1.,2.80477395694776E-16));
#7329=DIRECTION('',(0.,0.,1.));
#7330=DIRECTION('',(9.51619735392992E-16,1.,-2.80477395694776E-16));
#7331=DIRECTION('',(0.,0.,1.));
#7332=DIRECTION('center_axis',(0.,0.,1.));
#7333=DIRECTION('ref_axis',(1.,0.,0.));
#7334=DIRECTION('',(0.,0.,1.));
#7335=DIRECTION('center_axis',(0.,-2.80477395694776E-16,-1.));
#7336=DIRECTION('ref_axis',(1.,0.,0.));
#7337=DIRECTION('center_axis',(1.,0.,0.));
#7338=DIRECTION('ref_axis',(0.,1.,0.));
#7339=DIRECTION('center_axis',(-1.,0.,0.));
#7340=DIRECTION('ref_axis',(0.,1.,0.));
#7341=DIRECTION('',(0.707106781186546,-0.707106781186549,8.65956056235495E-17));
#7342=DIRECTION('center_axis',(1.,0.,0.));
#7343=DIRECTION('ref_axis',(0.,1.,0.));
#7344=DIRECTION('center_axis',(-1.,0.,0.));
#7345=DIRECTION('ref_axis',(0.,0.,1.));
#7346=DIRECTION('',(0.,-1.,2.80477395694776E-16));
#7347=DIRECTION('',(-3.95239396766554E-13,1.30144164637966E-15,-1.));
#7348=DIRECTION('',(-1.97619698383276E-13,0.866025403784439,-0.499999999999999));
#7349=DIRECTION('',(1.97619698383279E-13,0.866025403784436,0.500000000000005));
#7350=DIRECTION('',(3.95239396766554E-13,-4.89481411079454E-15,1.));
#7351=DIRECTION('center_axis',(-1.,0.,0.));
#7352=DIRECTION('ref_axis',(0.,1.,0.));
#7353=DIRECTION('',(-1.,0.,0.));
#7354=DIRECTION('center_axis',(-1.,0.,3.95239396766554E-13));
#7355=DIRECTION('ref_axis',(0.,1.,0.));
#7356=DIRECTION('center_axis',(1.,0.,0.));
#7357=DIRECTION('ref_axis',(0.,1.,0.));
#7358=DIRECTION('center_axis',(-1.,0.,0.));
#7359=DIRECTION('ref_axis',(0.,1.,0.));
#7360=DIRECTION('',(0.707106781186546,-0.707106781186549,8.65956056235495E-17));
#7361=DIRECTION('center_axis',(1.,0.,0.));
#7362=DIRECTION('ref_axis',(0.,1.,0.));
#7363=DIRECTION('center_axis',(-1.,0.,0.));
#7364=DIRECTION('ref_axis',(0.,0.,1.));
#7365=DIRECTION('',(0.,-1.,2.80477395694776E-16));
#7366=DIRECTION('',(-3.95239396766554E-13,-3.25360411594916E-16,-1.));
#7367=DIRECTION('',(-1.97619698383275E-13,0.866025403784442,-0.499999999999995));
#7368=DIRECTION('',(1.97619698383276E-13,0.866025403784439,0.499999999999999));
#7369=DIRECTION('',(3.95239396766554E-13,-2.79703663473971E-15,1.));
#7370=DIRECTION('center_axis',(-1.,0.,0.));
#7371=DIRECTION('ref_axis',(0.,1.,0.));
#7372=DIRECTION('',(-1.,0.,0.));
#7373=DIRECTION('center_axis',(-1.,0.,3.95239396766554E-13));
#7374=DIRECTION('ref_axis',(0.,1.,0.));
#7375=DIRECTION('center_axis',(1.,0.,-3.90798504664967E-13));
#7376=DIRECTION('ref_axis',(0.,1.,0.));
#7377=DIRECTION('center_axis',(1.,0.,-3.95239396766554E-13));
#7378=DIRECTION('ref_axis',(0.,1.,0.));
#7379=DIRECTION('',(-0.707106781189341,0.707106781183754,2.76422868332876E-13));
#7380=DIRECTION('center_axis',(-1.,0.,3.95239396766554E-13));
#7381=DIRECTION('ref_axis',(0.,1.,0.));
#7382=DIRECTION('center_axis',(-1.,0.,3.95239396766554E-13));
#7383=DIRECTION('ref_axis',(3.95239396766554E-13,0.,1.));
#7384=DIRECTION('',(3.95239396766554E-13,0.,1.));
#7385=DIRECTION('',(1.10855716681057E-28,-1.,2.80477395694776E-16));
#7386=DIRECTION('',(-3.95239396766554E-13,0.,-1.));
#7387=DIRECTION('',(0.,1.,0.));
#7388=DIRECTION('center_axis',(1.,0.,-3.95239396766554E-13));
#7389=DIRECTION('ref_axis',(-2.79476457645736E-13,-0.707106781186482,-0.707106781186613));
#7390=DIRECTION('center_axis',(-1.,0.,3.95239396766554E-13));
#7391=DIRECTION('ref_axis',(2.79476457645695E-13,0.707106781186587,0.707106781186508));
#7392=DIRECTION('',(0.,1.,0.));
#7393=DIRECTION('center_axis',(-1.,0.,3.95239396766554E-13));
#7394=DIRECTION('ref_axis',(2.79476457645695E-13,-0.707106781186587,0.707106781186507));
#7395=DIRECTION('center_axis',(1.,0.,-3.95239396766554E-13));
#7396=DIRECTION('ref_axis',(-2.79476457645737E-13,0.707106781186481,-0.707106781186614));
#7397=DIRECTION('',(0.,1.,0.));
#7398=DIRECTION('center_axis',(1.,0.,-3.95239396766554E-13));
#7399=DIRECTION('ref_axis',(0.,1.,0.));
#7400=DIRECTION('center_axis',(-1.,0.,3.95239396766554E-13));
#7401=DIRECTION('ref_axis',(0.,1.,0.));
#7402=DIRECTION('center_axis',(-1.,0.,0.));
#7403=DIRECTION('ref_axis',(0.,1.,0.));
#7404=DIRECTION('',(-1.,0.,0.));
#7405=DIRECTION('center_axis',(-1.,0.,0.));
#7406=DIRECTION('ref_axis',(0.,1.,0.));
#7407=DIRECTION('center_axis',(-1.,0.,0.));
#7408=DIRECTION('ref_axis',(0.,1.,0.));
#7409=DIRECTION('center_axis',(-1.,0.,0.));
#7410=DIRECTION('ref_axis',(0.,1.,0.));
#7411=DIRECTION('center_axis',(-1.,0.,0.));
#7412=DIRECTION('ref_axis',(0.,1.,0.));
#7413=DIRECTION('center_axis',(1.,0.,-3.90798504664967E-13));
#7414=DIRECTION('ref_axis',(0.,1.,0.));
#7415=DIRECTION('',(-0.707106781189341,0.707106781183754,2.76422868332876E-13));
#7416=DIRECTION('center_axis',(-1.,0.,3.95239396766554E-13));
#7417=DIRECTION('ref_axis',(0.,1.,0.));
#7418=DIRECTION('center_axis',(-1.,0.,0.));
#7419=DIRECTION('ref_axis',(0.,1.,0.));
#7420=DIRECTION('',(-1.,0.,0.));
#7421=DIRECTION('center_axis',(-1.,0.,0.));
#7422=DIRECTION('ref_axis',(0.,1.,0.));
#7423=DIRECTION('center_axis',(-1.,0.,0.));
#7424=DIRECTION('ref_axis',(0.,1.,0.));
#7425=DIRECTION('center_axis',(-1.,0.,0.));
#7426=DIRECTION('ref_axis',(0.,1.,0.));
#7427=DIRECTION('center_axis',(-1.,0.,0.));
#7428=DIRECTION('ref_axis',(0.,1.,0.));
#7429=DIRECTION('center_axis',(0.,-0.707106781186544,-0.707106781186551));
#7430=DIRECTION('ref_axis',(-1.,0.,0.));
#7431=DIRECTION('',(-0.577350269189467,-0.577350269189703,0.577350269189708));
#7432=DIRECTION('',(-1.,0.,0.));
#7433=DIRECTION('',(-0.577350269187771,0.577350269190551,-0.577350269190556));
#7434=DIRECTION('center_axis',(0.,0.70710678118654,-0.707106781186555));
#7435=DIRECTION('ref_axis',(-1.,0.,0.));
#7436=DIRECTION('',(1.,0.,0.));
#7437=DIRECTION('',(0.577350269189478,-0.577350269189706,-0.577350269189693));
#7438=DIRECTION('',(0.577350269187775,0.577350269190557,0.577350269190544));
#7439=DIRECTION('center_axis',(-0.707106781186695,-1.98327468465356E-16,
-0.7071067811864));
#7440=DIRECTION('ref_axis',(-0.7071067811864,0.,0.707106781186695));
#7441=DIRECTION('',(-1.10855716681057E-28,1.,-2.80477395694776E-16));
#7442=DIRECTION('center_axis',(0.707106781186554,-1.98327468465317E-16,
-0.707106781186541));
#7443=DIRECTION('ref_axis',(-0.707106781186541,0.,-0.707106781186554));
#7444=DIRECTION('center_axis',(1.,0.,-3.95239396766554E-13));
#7445=DIRECTION('ref_axis',(-3.95239396766554E-13,0.,-1.));
#7446=DIRECTION('',(3.95239396766554E-13,-2.79703663473971E-15,1.));
#7447=DIRECTION('',(0.,1.,0.));
#7448=DIRECTION('',(-3.95239396766554E-13,-3.25360411594916E-16,-1.));
#7449=DIRECTION('center_axis',(0.,-1.,-2.79703663473971E-15));
#7450=DIRECTION('ref_axis',(3.95239396766554E-13,-2.79703663473971E-15,
1.));
#7451=DIRECTION('',(-1.,0.,0.));
#7452=DIRECTION('',(3.95239396766554E-13,-2.79703663473971E-15,1.));
#7453=DIRECTION('',(1.,0.,0.));
#7454=DIRECTION('',(-3.95239396766554E-13,2.79703663473971E-15,-1.));
#7455=DIRECTION('',(1.,0.,0.));
#7456=DIRECTION('center_axis',(0.,-0.707106781186552,-0.707106781186543));
#7457=DIRECTION('ref_axis',(-1.,0.,0.));
#7458=DIRECTION('',(-0.577350269189468,-0.577350269189701,0.577350269189709));
#7459=DIRECTION('',(-1.,0.,0.));
#7460=DIRECTION('',(-0.577350269187772,0.577350269190549,-0.577350269190556));
#7461=DIRECTION('center_axis',(0.,0.707106781186546,-0.707106781186549));
#7462=DIRECTION('ref_axis',(-1.,0.,0.));
#7463=DIRECTION('',(1.,0.,0.));
#7464=DIRECTION('',(0.577350269189475,-0.577350269189702,-0.577350269189701));
#7465=DIRECTION('',(0.577350269187772,0.577350269190553,0.577350269190552));
#7466=DIRECTION('center_axis',(-0.707106781186695,-1.98327468465356E-16,
-0.7071067811864));
#7467=DIRECTION('ref_axis',(-0.7071067811864,0.,0.707106781186695));
#7468=DIRECTION('',(-1.10855716681057E-28,1.,-2.80477395694776E-16));
#7469=DIRECTION('center_axis',(0.707106781186554,-1.98327468465317E-16,
-0.707106781186541));
#7470=DIRECTION('ref_axis',(-0.707106781186541,0.,-0.707106781186554));
#7471=DIRECTION('center_axis',(1.,0.,-3.95239396766554E-13));
#7472=DIRECTION('ref_axis',(-3.95239396766554E-13,0.,-1.));
#7473=DIRECTION('',(3.95239396766554E-13,-4.89481411079454E-15,1.));
#7474=DIRECTION('',(6.38260186951544E-28,1.,1.61486985400023E-15));
#7475=DIRECTION('',(-3.95239396766554E-13,1.30144164637966E-15,-1.));
#7476=DIRECTION('center_axis',(0.,-1.,-4.89481411079454E-15));
#7477=DIRECTION('ref_axis',(3.95239396766554E-13,-4.89481411079454E-15,
1.));
#7478=DIRECTION('',(-1.,0.,0.));
#7479=DIRECTION('',(3.95239396766554E-13,-4.89481411079454E-15,1.));
#7480=DIRECTION('',(1.,0.,0.));
#7481=DIRECTION('',(-3.95239396766554E-13,4.89481411079454E-15,-1.));
#7482=DIRECTION('',(1.,0.,0.));
#7483=DIRECTION('center_axis',(0.,0.,1.));
#7484=DIRECTION('ref_axis',(-1.,0.,0.));
#7485=DIRECTION('',(-0.707106781186548,-3.14018491736756E-15,0.707106781186548));
#7486=DIRECTION('center_axis',(0.,1.11022302462516E-16,1.));
#7487=DIRECTION('ref_axis',(-1.,0.,0.));
#7488=DIRECTION('',(-0.707106860616653,1.13471605503703E-8,-0.707106701756433));
#7489=DIRECTION('center_axis',(0.,-1.11022302462516E-16,-1.));
#7490=DIRECTION('ref_axis',(-1.,0.,0.));
#7491=DIRECTION('center_axis',(0.707106781186546,-2.57943761069476E-16,
0.707106781186549));
#7492=DIRECTION('ref_axis',(0.707106781186549,0.,-0.707106781186546));
#7493=DIRECTION('',(-0.70710678118655,0.,0.707106781186545));
#7494=DIRECTION('',(-4.75809867696495E-16,-1.,1.11022302462516E-16));
#7495=DIRECTION('',(4.75809867696495E-16,1.,-1.11022302462516E-16));
#7496=DIRECTION('center_axis',(0.,0.,1.));
#7497=DIRECTION('ref_axis',(1.,0.,0.));
#7498=DIRECTION('',(0.707106781186549,-1.1347158684825E-8,0.707106781186546));
#7499=DIRECTION('center_axis',(0.,1.11022302462516E-16,1.));
#7500=DIRECTION('ref_axis',(1.,0.,0.));
#7501=DIRECTION('center_axis',(0.,-1.11022302462516E-16,-1.));
#7502=DIRECTION('ref_axis',(1.,0.,0.));
#7503=DIRECTION('center_axis',(-0.707106781186543,1.13471592119274E-8,0.707106781186552));
#7504=DIRECTION('ref_axis',(0.707106781186552,0.,0.707106781186543));
#7505=DIRECTION('',(1.60473063408923E-8,1.,-1.11022302462516E-16));
#7506=DIRECTION('',(-1.60473063408923E-8,-1.,1.11022302462516E-16));
#7507=DIRECTION('center_axis',(-1.,4.75809867696495E-16,0.));
#7508=DIRECTION('ref_axis',(-4.75809867696495E-16,-1.,2.80477395694776E-16));
#7509=DIRECTION('',(0.,0.,1.));
#7510=DIRECTION('',(-4.75809867696495E-16,-1.,2.80477395694776E-16));
#7511=DIRECTION('',(0.,0.,1.));
#7512=DIRECTION('center_axis',(0.,0.,1.));
#7513=DIRECTION('ref_axis',(1.,0.,0.));
#7514=DIRECTION('',(0.,0.,1.));
#7515=DIRECTION('center_axis',(0.,2.80477395694776E-16,1.));
#7516=DIRECTION('ref_axis',(1.,0.,0.));
#7517=DIRECTION('center_axis',(0.,1.11022302462516E-16,1.));
#7518=DIRECTION('ref_axis',(0.,-1.,1.11022302462516E-16));
#7519=DIRECTION('',(0.,-1.,1.11022302462516E-16));
#7520=DIRECTION('',(1.,0.,0.));
#7521=DIRECTION('center_axis',(0.,-1.11022302462516E-16,-1.));
#7522=DIRECTION('ref_axis',(-0.707106781186547,0.707106781186548,-9.06501997069516E-17));
#7523=DIRECTION('',(-1.11022302462515E-16,1.,-1.11022302462516E-16));
#7524=DIRECTION('center_axis',(0.,-1.11022302462516E-16,-1.));
#7525=DIRECTION('ref_axis',(-0.707106781186548,-0.707106781186547,9.06501997069518E-17));
#7526=DIRECTION('',(1.,0.,0.));
#7527=DIRECTION('center_axis',(0.,1.11022302462516E-16,1.));
#7528=DIRECTION('ref_axis',(-1.,0.,0.));
#7529=DIRECTION('',(-4.75809867696495E-16,-1.,1.11022302462516E-16));
#7530=DIRECTION('center_axis',(0.,1.11022302462516E-16,1.));
#7531=DIRECTION('ref_axis',(1.,0.,0.));
#7532=DIRECTION('',(1.60473063408923E-8,1.,-1.11022302462516E-16));
#7533=DIRECTION('center_axis',(0.,0.,1.));
#7534=DIRECTION('ref_axis',(-1.,0.,0.));
#7535=DIRECTION('',(-0.707106854943524,4.53889189018797E-8,-0.707106707429562));
#7536=DIRECTION('',(-0.707106781186555,0.,0.70710678118654));
#7537=DIRECTION('center_axis',(0.,2.80477395694776E-16,1.));
#7538=DIRECTION('ref_axis',(-1.,0.,0.));
#7539=DIRECTION('center_axis',(-0.707106781186539,5.59256261380702E-8,0.707106781186553));
#7540=DIRECTION('ref_axis',(0.707106781186554,0.,0.707106781186541));
#7541=DIRECTION('',(-0.707106951394935,5.59256373750024E-8,-0.707106610978117));
#7542=DIRECTION('',(7.90907786881894E-8,0.999999999999997,-2.80477395694775E-16));
#7543=DIRECTION('center_axis',(0.,0.,1.));
#7544=DIRECTION('ref_axis',(1.,0.,0.));
#7545=DIRECTION('',(0.70710678118656,0.,-0.707106781186535));
#7546=DIRECTION('center_axis',(0.,-2.80477395694776E-16,-1.));
#7547=DIRECTION('ref_axis',(1.,0.,0.));
#7548=DIRECTION('center_axis',(0.,2.80477395694776E-16,1.));
#7549=DIRECTION('ref_axis',(1.,0.,0.));
#7550=DIRECTION('center_axis',(0.707106781186541,-4.74569299542006E-16,
0.707106781186554));
#7551=DIRECTION('ref_axis',(0.707106781186554,0.,-0.707106781186541));
#7552=DIRECTION('',(9.51619735392992E-16,1.,-2.80477395694776E-16));
#7553=DIRECTION('',(-9.51619735392992E-16,-1.,2.80477395694776E-16));
#7554=DIRECTION('center_axis',(-1.,9.51619735392992E-16,0.));
#7555=DIRECTION('ref_axis',(-9.51619735392992E-16,-1.,2.80477395694776E-16));
#7556=DIRECTION('',(0.,0.,1.));
#7557=DIRECTION('center_axis',(0.,-2.80477395694776E-16,-1.));
#7558=DIRECTION('ref_axis',(-1.,0.,0.));
#7559=DIRECTION('',(1.60473063408923E-8,1.,-2.80477395694776E-16));
#7560=DIRECTION('center_axis',(0.,2.80477395694776E-16,1.));
#7561=DIRECTION('ref_axis',(1.,0.,0.));
#7562=DIRECTION('center_axis',(0.,0.,1.));
#7563=DIRECTION('ref_axis',(-1.,0.,0.));
#7564=DIRECTION('',(-0.707106854943503,4.53889189018786E-8,-0.707106707429583));
#7565=DIRECTION('center_axis',(0.,-2.80477395694776E-16,-1.));
#7566=DIRECTION('ref_axis',(-1.,0.,0.));
#7567=DIRECTION('',(-0.707106781186535,0.,0.70710678118656));
#7568=DIRECTION('center_axis',(0.,2.80477395694776E-16,1.));
#7569=DIRECTION('ref_axis',(-1.,0.,0.));
#7570=DIRECTION('center_axis',(-0.707106781186552,5.59256261380712E-8,0.707106781186541));
#7571=DIRECTION('ref_axis',(0.707106781186542,0.,0.707106781186553));
#7572=DIRECTION('',(-0.70710678118654,5.59256257154438E-8,-0.707106781186553));
#7573=DIRECTION('',(-7.90907786881894E-8,-0.999999999999997,2.80477395694775E-16));
#7574=DIRECTION('',(7.90907786881894E-8,0.999999999999997,-2.80477395694775E-16));
#7575=DIRECTION('center_axis',(0.,0.,1.));
#7576=DIRECTION('ref_axis',(1.,0.,0.));
#7577=DIRECTION('',(0.707106928700464,0.,-0.7071066336726));
#7578=DIRECTION('center_axis',(0.,2.80477395694776E-16,1.));
#7579=DIRECTION('ref_axis',(1.,0.,0.));
#7580=DIRECTION('center_axis',(0.707106781186554,-4.74569299542021E-16,
0.707106781186541));
#7581=DIRECTION('ref_axis',(0.707106781186541,0.,-0.707106781186554));
#7582=DIRECTION('',(-9.51619735392992E-16,-1.,2.80477395694776E-16));
#7583=DIRECTION('center_axis',(0.,0.,1.));
#7584=DIRECTION('ref_axis',(1.,0.,0.));
#7585=DIRECTION('',(0.,0.,1.));
#7586=DIRECTION('center_axis',(0.,-2.80477395694776E-16,-1.));
#7587=DIRECTION('ref_axis',(-1.,0.,0.));
#7588=DIRECTION('',(-4.75809867696495E-16,-1.,2.80477395694776E-16));
#7589=DIRECTION('center_axis',(0.,2.80477395694776E-16,1.));
#7590=DIRECTION('ref_axis',(1.,0.,0.));
#7591=DIRECTION('',(1.60473063408923E-8,1.,-2.80477395694776E-16));
#7592=DIRECTION('center_axis',(0.,2.80477395694776E-16,1.));
#7593=DIRECTION('ref_axis',(1.,0.,0.));
#7594=DIRECTION('center_axis',(0.,0.,1.));
#7595=DIRECTION('ref_axis',(-1.,0.,0.));
#7596=DIRECTION('',(-0.707106781186533,0.,0.707106781186562));
#7597=DIRECTION('',(-0.707106860616639,1.13471574101855E-8,-0.707106701756447));
#7598=DIRECTION('center_axis',(0.,-1.11022302462516E-16,-1.));
#7599=DIRECTION('ref_axis',(-1.,0.,0.));
#7600=DIRECTION('center_axis',(0.707106781186546,-2.57943761069476E-16,
0.707106781186549));
#7601=DIRECTION('ref_axis',(0.707106781186549,0.,-0.707106781186546));
#7602=DIRECTION('',(-0.707106781186548,0.,0.707106781186547));
#7603=DIRECTION('',(4.75809867696495E-16,1.,-1.11022302462516E-16));
#7604=DIRECTION('center_axis',(0.,0.,1.));
#7605=DIRECTION('ref_axis',(1.,0.,0.));
#7606=DIRECTION('',(0.707106781186538,-1.13471586848248E-8,0.707106781186557));
#7607=DIRECTION('center_axis',(0.,-1.11022302462516E-16,-1.));
#7608=DIRECTION('ref_axis',(1.,0.,0.));
#7609=DIRECTION('center_axis',(-0.707106781186544,1.13471592119274E-8,0.707106781186551));
#7610=DIRECTION('ref_axis',(0.707106781186551,0.,0.707106781186544));
#7611=DIRECTION('',(-1.60473063408923E-8,-1.,1.11022302462516E-16));
#7612=DIRECTION('center_axis',(-1.,4.75809867696495E-16,0.));
#7613=DIRECTION('ref_axis',(-4.75809867696495E-16,-1.,2.80477395694776E-16));
#7614=DIRECTION('',(0.,0.,1.));
#7615=DIRECTION('',(0.,0.,1.));
#7616=DIRECTION('center_axis',(0.,0.,1.));
#7617=DIRECTION('ref_axis',(1.,0.,0.));
#7618=DIRECTION('',(0.,0.,1.));
#7619=DIRECTION('center_axis',(-1.,0.,0.));
#7620=DIRECTION('ref_axis',(0.,1.,0.));
#7621=DIRECTION('center_axis',(1.,0.,0.));
#7622=DIRECTION('ref_axis',(0.,1.,0.));
#7623=DIRECTION('',(-0.707106781186547,-0.707106781186548,-8.65956056235494E-17));
#7624=DIRECTION('center_axis',(-1.,0.,0.));
#7625=DIRECTION('ref_axis',(0.,1.,0.));
#7626=DIRECTION('center_axis',(1.,0.,0.));
#7627=DIRECTION('ref_axis',(0.,1.,0.));
#7628=DIRECTION('',(1.,0.,0.));
#7629=DIRECTION('center_axis',(-1.,0.,0.));
#7630=DIRECTION('ref_axis',(0.,1.,0.));
#7631=DIRECTION('center_axis',(1.,0.,0.));
#7632=DIRECTION('ref_axis',(0.,1.,0.));
#7633=DIRECTION('',(0.,0.685827952630812,-0.727763711234786));
#7634=DIRECTION('center_axis',(1.,0.,0.));
#7635=DIRECTION('ref_axis',(0.,1.,0.));
#7636=DIRECTION('',(0.,0.685827952630821,0.727763711234777));
#7637=DIRECTION('',(0.,-0.28734788556635,0.95782628522115));
#7638=DIRECTION('',(0.,-0.97317583819717,0.230062573986372));
#7639=DIRECTION('center_axis',(1.,0.,0.));
#7640=DIRECTION('ref_axis',(0.,1.,0.));
#7641=DIRECTION('',(0.,-0.973175838197173,-0.23006257398636));
#7642=DIRECTION('',(0.,-0.287347885566363,-0.957826285221146));
#7643=DIRECTION('center_axis',(-1.,0.,0.));
#7644=DIRECTION('ref_axis',(0.,-0.707106781186561,0.707106781186534));
#7645=DIRECTION('',(-0.707106781186479,0.500000000000039,-0.500000000000058));
#7646=DIRECTION('center_axis',(-1.,0.,0.));
#7647=DIRECTION('ref_axis',(0.,-0.707106781186561,0.707106781186534));
#7648=DIRECTION('',(0.70710678118655,0.500000000000007,-0.499999999999989));
#7649=DIRECTION('center_axis',(1.,0.,0.));
#7650=DIRECTION('ref_axis',(0.,-0.707106781186561,0.707106781186534));
#7651=DIRECTION('center_axis',(-0.707106781186546,-0.500000000000003,0.499999999999999));
#7652=DIRECTION('ref_axis',(0.577350269189626,0.,0.816496580927726));
#7653=DIRECTION('',(-0.70710678118655,0.499999999999995,-0.500000000000001));
#7654=DIRECTION('',(0.,-0.707106781186545,-0.70710678118655));
#7655=DIRECTION('',(0.,0.707106781186545,0.70710678118655));
#7656=DIRECTION('center_axis',(-1.,0.,0.));
#7657=DIRECTION('ref_axis',(0.,0.707106781186547,-0.707106781186547));
#7658=DIRECTION('',(-0.707106781186548,-0.499999999999999,0.499999999999999));
#7659=DIRECTION('center_axis',(-1.,0.,0.));
#7660=DIRECTION('ref_axis',(0.,0.707106781186547,-0.707106781186547));
#7661=DIRECTION('center_axis',(1.,0.,0.));
#7662=DIRECTION('ref_axis',(0.,0.707106781186547,-0.707106781186547));
#7663=DIRECTION('center_axis',(-0.707106781186546,0.500000000000003,-0.499999999999999));
#7664=DIRECTION('ref_axis',(-0.577350269189626,0.,0.816496580927726));
#7665=DIRECTION('',(0.,0.707106781186545,0.70710678118655));
#7666=DIRECTION('',(0.,-0.707106781186545,-0.70710678118655));
#7667=DIRECTION('center_axis',(0.,0.70710678118655,-0.707106781186545));
#7668=DIRECTION('ref_axis',(0.,0.707106781186545,0.70710678118655));
#7669=DIRECTION('',(1.,0.,0.));
#7670=DIRECTION('',(0.,-0.707106781186545,-0.70710678118655));
#7671=DIRECTION('',(1.,0.,0.));
#7672=DIRECTION('center_axis',(1.,0.,0.));
#7673=DIRECTION('ref_axis',(0.,-0.707106781186561,0.707106781186534));
#7674=DIRECTION('',(1.,0.,0.));
#7675=DIRECTION('center_axis',(-1.,0.,0.));
#7676=DIRECTION('ref_axis',(0.,-0.707106781186561,0.707106781186534));
#7677=DIRECTION('center_axis',(1.,0.,0.));
#7678=DIRECTION('ref_axis',(0.,1.,0.));
#7679=DIRECTION('',(0.,-0.499999999999997,0.86602540378444));
#7680=DIRECTION('',(0.,-1.,2.19767164158121E-15));
#7681=DIRECTION('',(0.,-0.5,-0.866025403784438));
#7682=DIRECTION('',(0.,-0.232587819494464,-0.972575398734109));
#7683=DIRECTION('',(0.,-1.,0.));
#7684=DIRECTION('',(0.,0.,1.));
#7685=DIRECTION('center_axis',(1.,0.,0.));
#7686=DIRECTION('ref_axis',(0.,1.,-2.3373116307898E-17));
#7687=DIRECTION('',(0.,0.,-1.));
#7688=DIRECTION('',(0.,-1.,0.));
#7689=DIRECTION('',(0.,-0.232587819494462,0.972575398734109));
#7690=DIRECTION('',(0.,-0.70710678118655,0.707106781186545));
#7691=DIRECTION('center_axis',(-1.,0.,0.));
#7692=DIRECTION('ref_axis',(0.,-0.707106781186534,-0.707106781186561));
#7693=DIRECTION('',(0.,0.70710678118655,-0.707106781186545));
#7694=DIRECTION('center_axis',(-1.,0.,0.));
#7695=DIRECTION('ref_axis',(0.,0.707106781186547,0.707106781186547));
#7696=DIRECTION('center_axis',(-1.,0.,0.));
#7697=DIRECTION('ref_axis',(0.,-0.707106781186548,0.707106781186548));
#7698=DIRECTION('',(0.,-0.707106781186545,-0.70710678118655));
#7699=DIRECTION('center_axis',(-1.,0.,0.));
#7700=DIRECTION('ref_axis',(0.,0.707106781186561,-0.707106781186534));
#7701=DIRECTION('',(0.,0.707106781186545,0.70710678118655));
#7702=DIRECTION('',(0.,0.500000000000034,-0.866025403784419));
#7703=DIRECTION('',(0.,1.,7.14243283513896E-14));
#7704=DIRECTION('',(0.,0.499999999999965,0.866025403784459));
#7705=DIRECTION('',(0.,-0.500000000000032,0.86602540378442));
#7706=DIRECTION('',(0.,-1.,-3.51627462652985E-14));
#7707=DIRECTION('',(0.,-0.499999999999946,-0.86602540378447));
#7708=DIRECTION('center_axis',(-1.,0.,0.));
#7709=DIRECTION('ref_axis',(0.,1.,0.));
#7710=DIRECTION('',(0.,-0.97317583819717,0.230062573986372));
#7711=DIRECTION('',(0.,-0.685827952630821,-0.727763711234777));
#7712=DIRECTION('',(0.,0.287347885566352,-0.957826285221149));
#7713=DIRECTION('',(0.,0.97317583819717,-0.230062573986373));
#7714=DIRECTION('',(0.,0.685827952630821,0.727763711234777));
#7715=DIRECTION('center_axis',(-1.,0.,0.));
#7716=DIRECTION('ref_axis',(0.,1.,0.));
#7717=DIRECTION('',(0.,0.685827952630812,-0.727763711234786));
#7718=DIRECTION('',(0.,0.973175838197173,0.230062573986359));
#7719=DIRECTION('',(0.,0.287347885566362,0.957826285221146));
#7720=DIRECTION('',(0.,-0.685827952630812,0.727763711234786));
#7721=DIRECTION('',(0.,-0.973175838197173,-0.23006257398636));
#7722=DIRECTION('',(0.,-0.70710678118655,0.707106781186545));
#7723=DIRECTION('center_axis',(-1.,0.,0.));
#7724=DIRECTION('ref_axis',(0.,-0.707106781186547,-0.707106781186547));
#7725=DIRECTION('',(0.,0.70710678118655,-0.707106781186545));
#7726=DIRECTION('center_axis',(-1.,0.,0.));
#7727=DIRECTION('ref_axis',(0.,0.707106781186534,0.707106781186561));
#7728=DIRECTION('center_axis',(-0.707106781186548,0.499999999999998,0.500000000000002));
#7729=DIRECTION('ref_axis',(0.577350269189627,0.,0.816496580927725));
#7730=DIRECTION('',(-0.707106781186548,-0.499999999999993,-0.500000000000006));
#7731=DIRECTION('',(0.707106781186546,0.499999999999998,0.500000000000004));
#7732=DIRECTION('',(0.,0.70710678118655,-0.707106781186545));
#7733=DIRECTION('center_axis',(-1.,0.,0.));
#7734=DIRECTION('ref_axis',(0.,-0.707106781186534,-0.707106781186561));
#7735=DIRECTION('',(-0.707106781186477,0.500000000000056,0.500000000000044));
#7736=DIRECTION('center_axis',(1.,0.,0.));
#7737=DIRECTION('ref_axis',(0.,-0.707106781186534,-0.707106781186561));
#7738=DIRECTION('center_axis',(-0.707106781186547,-0.499999999999998,-0.500000000000002));
#7739=DIRECTION('ref_axis',(-0.577350269189627,0.,0.816496580927725));
#7740=DIRECTION('',(-0.707106781186546,0.500000000000004,0.499999999999998));
#7741=DIRECTION('',(0.,-0.70710678118655,0.707106781186545));
#7742=DIRECTION('center_axis',(-1.,0.,0.));
#7743=DIRECTION('ref_axis',(0.,0.707106781186547,0.707106781186547));
#7744=DIRECTION('center_axis',(1.,0.,0.));
#7745=DIRECTION('ref_axis',(0.,0.707106781186547,0.707106781186547));
#7746=DIRECTION('center_axis',(1.,0.,0.));
#7747=DIRECTION('ref_axis',(0.,-0.707106781186534,-0.707106781186561));
#7748=DIRECTION('',(1.,0.,0.));
#7749=DIRECTION('center_axis',(-1.,0.,0.));
#7750=DIRECTION('ref_axis',(0.,-0.707106781186534,-0.707106781186561));
#7751=DIRECTION('',(1.,0.,0.));
#7752=DIRECTION('center_axis',(0.,-0.707106781186545,-0.70710678118655));
#7753=DIRECTION('ref_axis',(0.,0.70710678118655,-0.707106781186545));
#7754=DIRECTION('',(1.,0.,0.));
#7755=DIRECTION('',(0.,-0.70710678118655,0.707106781186545));
#7756=DIRECTION('center_axis',(-0.707106781186552,0.499999999999995,0.499999999999998));
#7757=DIRECTION('ref_axis',(0.577350269189622,0.,0.816496580927729));
#7758=DIRECTION('',(-0.707106781186544,-0.500000000000003,-0.500000000000003));
#7759=DIRECTION('',(0.707106781186613,0.499999999999957,0.499999999999951));
#7760=DIRECTION('',(0.,0.70710678118655,-0.707106781186545));
#7761=DIRECTION('center_axis',(-1.,0.,0.));
#7762=DIRECTION('ref_axis',(0.,-0.707106781186547,-0.707106781186547));
#7763=DIRECTION('',(-0.707106781186548,0.499999999999999,0.499999999999999));
#7764=DIRECTION('center_axis',(1.,0.,0.));
#7765=DIRECTION('ref_axis',(0.,-0.707106781186547,-0.707106781186547));
#7766=DIRECTION('center_axis',(-0.707106781186548,-0.499999999999998,-0.500000000000002));
#7767=DIRECTION('ref_axis',(-0.577350269189627,0.,0.816496580927725));
#7768=DIRECTION('',(-0.707106781186546,0.499999999999998,0.500000000000004));
#7769=DIRECTION('',(0.,-0.70710678118655,0.707106781186545));
#7770=DIRECTION('center_axis',(-1.,0.,0.));
#7771=DIRECTION('ref_axis',(0.,0.707106781186534,0.707106781186561));
#7772=DIRECTION('center_axis',(1.,0.,0.));
#7773=DIRECTION('ref_axis',(0.,0.707106781186534,0.707106781186561));
#7774=DIRECTION('center_axis',(1.,0.,0.));
#7775=DIRECTION('ref_axis',(0.,-0.707106781186547,-0.707106781186547));
#7776=DIRECTION('',(1.,0.,0.));
#7777=DIRECTION('center_axis',(-1.,0.,0.));
#7778=DIRECTION('ref_axis',(0.,-0.707106781186547,-0.707106781186547));
#7779=DIRECTION('',(1.,0.,0.));
#7780=DIRECTION('center_axis',(0.,-0.707106781186545,-0.70710678118655));
#7781=DIRECTION('ref_axis',(0.,0.70710678118655,-0.707106781186545));
#7782=DIRECTION('',(1.,0.,0.));
#7783=DIRECTION('',(0.,-0.70710678118655,0.707106781186545));
#7784=DIRECTION('center_axis',(-1.,0.,0.));
#7785=DIRECTION('ref_axis',(0.,-0.707106781186547,0.707106781186547));
#7786=DIRECTION('',(-0.707106781186548,0.499999999999999,-0.499999999999999));
#7787=DIRECTION('',(0.707106781186548,0.499999999999999,-0.499999999999999));
#7788=DIRECTION('center_axis',(1.,0.,0.));
#7789=DIRECTION('ref_axis',(0.,-0.707106781186548,0.707106781186548));
#7790=DIRECTION('center_axis',(-0.707106781186548,-0.500000000000002,0.499999999999998));
#7791=DIRECTION('ref_axis',(0.577350269189624,0.,0.816496580927727));
#7792=DIRECTION('',(-0.707106781186548,0.500000000000006,-0.499999999999993));
#7793=DIRECTION('',(0.,0.707106781186545,0.70710678118655));
#7794=DIRECTION('center_axis',(-1.,0.,0.));
#7795=DIRECTION('ref_axis',(0.,0.707106781186561,-0.707106781186534));
#7796=DIRECTION('',(-0.707106781186546,-0.500000000000011,0.499999999999992));
#7797=DIRECTION('center_axis',(1.,0.,0.));
#7798=DIRECTION('ref_axis',(0.,0.707106781186561,-0.707106781186534));
#7799=DIRECTION('center_axis',(-0.707106781186548,0.500000000000002,-0.499999999999998));
#7800=DIRECTION('ref_axis',(-0.577350269189624,0.,0.816496580927727));
#7801=DIRECTION('',(0.,-0.707106781186545,-0.70710678118655));
#7802=DIRECTION('center_axis',(0.,0.70710678118655,-0.707106781186545));
#7803=DIRECTION('ref_axis',(0.,0.707106781186545,0.70710678118655));
#7804=DIRECTION('',(1.,0.,0.));
#7805=DIRECTION('',(0.,-0.707106781186545,-0.70710678118655));
#7806=DIRECTION('',(1.,0.,0.));
#7807=DIRECTION('center_axis',(1.,0.,0.));
#7808=DIRECTION('ref_axis',(0.,-0.707106781186548,0.707106781186548));
#7809=DIRECTION('',(1.,0.,0.));
#7810=DIRECTION('center_axis',(-1.,0.,0.));
#7811=DIRECTION('ref_axis',(0.,-0.707106781186548,0.707106781186548));
#7812=DIRECTION('center_axis',(-0.707106781186548,-0.514606655315605,-0.484953596032533));
#7813=DIRECTION('ref_axis',(-0.5655921133197,0.,0.824685128610039));
#7814=DIRECTION('',(0.,-0.685827952630812,0.727763711234786));
#7815=DIRECTION('center_axis',(0.707106781186548,0.514606655315605,0.484953596032533));
#7816=DIRECTION('ref_axis',(-0.707106781186547,0.514606655315606,0.484953596032534));
#7817=DIRECTION('',(0.654653670707978,-0.735651785659013,-0.173910959071806));
#7818=DIRECTION('center_axis',(-0.707106781186546,-0.677285461478594,0.203185638443592));
#7819=DIRECTION('ref_axis',(0.276172385369514,0.,0.961108117518166));
#7820=DIRECTION('',(0.654653670707978,-0.518437201382201,0.550137655184193));
#7821=DIRECTION('',(0.,0.287347885566363,0.957826285221146));
#7822=DIRECTION('center_axis',(-0.707106781186548,-0.162678806162987,0.688139234476123));
#7823=DIRECTION('ref_axis',(0.697429639218297,0.,0.716653262282281));
#7824=DIRECTION('center_axis',(0.707106781186548,0.162678806162987,-0.688139234476123));
#7825=DIRECTION('ref_axis',(-0.707106781186547,0.162678806162987,-0.688139234476124));
#7826=DIRECTION('',(0.,0.973175838197173,0.23006257398636));
#7827=DIRECTION('center_axis',(0.,0.727763711234786,0.685827952630812));
#7828=DIRECTION('ref_axis',(0.,-0.685827952630812,0.727763711234786));
#7829=DIRECTION('',(1.,0.,0.));
#7830=DIRECTION('',(1.,0.,0.));
#7831=DIRECTION('',(0.,-0.685827952630812,0.727763711234786));
#7832=DIRECTION('',(1.,0.,0.));
#7833=DIRECTION('',(0.,-0.685827952630812,0.727763711234786));
#7834=DIRECTION('center_axis',(0.,0.957826285221146,-0.287347885566363));
#7835=DIRECTION('ref_axis',(0.,0.287347885566363,0.957826285221146));
#7836=DIRECTION('',(1.,0.,0.));
#7837=DIRECTION('',(0.,0.287347885566363,0.957826285221146));
#7838=DIRECTION('',(1.,0.,0.));
#7839=DIRECTION('',(0.,0.287347885566363,0.957826285221146));
#7840=DIRECTION('',(1.,0.,0.));
#7841=DIRECTION('',(0.,0.287347885566363,0.957826285221146));
#7842=DIRECTION('center_axis',(0.,0.23006257398636,-0.973175838197173));
#7843=DIRECTION('ref_axis',(0.,0.973175838197173,0.23006257398636));
#7844=DIRECTION('',(-1.,0.,0.));
#7845=DIRECTION('',(0.,0.973175838197173,0.23006257398636));
#7846=DIRECTION('',(1.,0.,0.));
#7847=DIRECTION('',(0.,0.973175838197173,0.23006257398636));
#7848=DIRECTION('center_axis',(-0.707106781186548,0.162678806162996,0.688139234476121));
#7849=DIRECTION('ref_axis',(0.697429639218296,0.,0.716653262282282));
#7850=DIRECTION('',(0.,0.97317583819717,-0.230062573986372));
#7851=DIRECTION('center_axis',(0.707106781186548,-0.162678806162996,-0.688139234476121));
#7852=DIRECTION('ref_axis',(0.707106781186547,0.162678806162996,0.688139234476122));
#7853=DIRECTION('',(0.654653670707976,0.518437201382212,0.550137655184184));
#7854=DIRECTION('center_axis',(-0.707106781186548,0.677285461478595,0.203185638443582));
#7855=DIRECTION('ref_axis',(0.276172385369501,0.,0.96110811751817));
#7856=DIRECTION('',(0.,0.28734788556635,-0.95782628522115));
#7857=DIRECTION('',(0.654653670707975,0.735651785659015,-0.173910959071809));
#7858=DIRECTION('center_axis',(-0.707106781186549,0.514606655315598,-0.484953596032539));
#7859=DIRECTION('ref_axis',(-0.565592113319704,0.,0.824685128610036));
#7860=DIRECTION('center_axis',(0.707106781186549,-0.514606655315598,0.484953596032539));
#7861=DIRECTION('ref_axis',(0.707106781186546,0.5146066553156,-0.484953596032541));
#7862=DIRECTION('',(0.,-0.685827952630821,-0.727763711234777));
#7863=DIRECTION('center_axis',(0.,-0.230062573986372,-0.97317583819717));
#7864=DIRECTION('ref_axis',(0.,0.97317583819717,-0.230062573986372));
#7865=DIRECTION('',(1.,0.,0.));
#7866=DIRECTION('',(1.,0.,0.));
#7867=DIRECTION('',(0.,0.97317583819717,-0.230062573986372));
#7868=DIRECTION('',(1.,0.,0.));
#7869=DIRECTION('',(0.,0.97317583819717,-0.230062573986372));
#7870=DIRECTION('',(1.,0.,0.));
#7871=DIRECTION('',(0.,0.97317583819717,-0.230062573986372));
#7872=DIRECTION('center_axis',(0.,-0.95782628522115,-0.28734788556635));
#7873=DIRECTION('ref_axis',(0.,0.28734788556635,-0.95782628522115));
#7874=DIRECTION('',(1.,0.,0.));
#7875=DIRECTION('',(0.,0.28734788556635,-0.95782628522115));
#7876=DIRECTION('center_axis',(0.,-0.727763711234777,0.685827952630821));
#7877=DIRECTION('ref_axis',(0.,-0.685827952630821,-0.727763711234777));
#7878=DIRECTION('',(-1.,0.,0.));
#7879=DIRECTION('',(0.,-0.685827952630821,-0.727763711234777));
#7880=DIRECTION('',(1.,0.,0.));
#7881=DIRECTION('',(0.,-0.685827952630821,-0.727763711234777));
#7882=DIRECTION('',(1.,0.,0.));
#7883=DIRECTION('',(0.,-0.685827952630821,-0.727763711234777));
#7884=DIRECTION('center_axis',(0.,0.707106781186548,-0.707106781186548));
#7885=DIRECTION('ref_axis',(-1.,0.,0.));
#7886=DIRECTION('',(0.,-0.707106781186548,-0.707106781186548));
#7887=DIRECTION('',(-1.,0.,0.));
#7888=DIRECTION('',(0.,0.707106781186554,0.707106781186541));
#7889=DIRECTION('',(1.,0.,0.));
#7890=DIRECTION('center_axis',(0.,1.,0.));
#7891=DIRECTION('ref_axis',(-1.,0.,0.));
#7892=DIRECTION('',(-0.707106781186548,0.707106781186548,0.));
#7893=DIRECTION('center_axis',(0.,1.,0.));
#7894=DIRECTION('ref_axis',(-1.,0.,0.));
#7895=DIRECTION('center_axis',(0.,-1.,0.));
#7896=DIRECTION('ref_axis',(-1.,0.,0.));
#7897=DIRECTION('center_axis',(0.707106781186548,0.707106781186548,-2.7947645764571E-13));
#7898=DIRECTION('ref_axis',(-3.95239396766554E-13,0.,-1.));
#7899=DIRECTION('',(3.95239396766554E-13,0.,1.));
#7900=DIRECTION('',(-0.577350269189773,0.577350269189547,-0.577350269189557));
#7901=DIRECTION('center_axis',(0.707106781186409,-1.98327468465279E-16,
-0.707106781186686));
#7902=DIRECTION('ref_axis',(-0.707106781186686,0.,-0.707106781186409));
#7903=DIRECTION('',(-0.577350269189773,-0.577350269189547,-0.577350269189557));
#7904=DIRECTION('center_axis',(0.707106781186548,-0.707106781186548,-2.7947645764571E-13));
#7905=DIRECTION('ref_axis',(-3.95239396766554E-13,0.,-1.));
#7906=DIRECTION('',(-0.707106781186548,-0.707106781186548,2.76336272728345E-13));
#7907=DIRECTION('',(-3.95239396766554E-13,0.,-1.));
#7908=DIRECTION('center_axis',(0.,-1.,0.));
#7909=DIRECTION('ref_axis',(-1.,0.,0.));
#7910=DIRECTION('',(0.,-0.707106781186548,0.707106781186548));
#7911=DIRECTION('center_axis',(0.,-1.,0.));
#7912=DIRECTION('ref_axis',(-1.,0.,0.));
#7913=DIRECTION('center_axis',(0.,1.,0.));
#7914=DIRECTION('ref_axis',(-1.,0.,0.));
#7915=DIRECTION('center_axis',(0.,-0.707106781186554,-0.707106781186541));
#7916=DIRECTION('ref_axis',(-1.,0.,0.));
#7917=DIRECTION('',(0.,-0.707106781186541,0.707106781186554));
#7918=DIRECTION('',(-1.,0.,0.));
#7919=DIRECTION('',(1.,0.,0.));
#7920=DIRECTION('center_axis',(0.,1.,0.));
#7921=DIRECTION('ref_axis',(-1.,0.,0.));
#7922=DIRECTION('center_axis',(0.,1.,0.));
#7923=DIRECTION('ref_axis',(-1.,0.,0.));
#7924=DIRECTION('',(0.,1.,0.));
#7925=DIRECTION('center_axis',(0.,1.,0.));
#7926=DIRECTION('ref_axis',(-1.,0.,0.));
#7927=DIRECTION('',(0.,1.,0.));
#7928=DIRECTION('center_axis',(0.,-1.,0.));
#7929=DIRECTION('ref_axis',(-1.,0.,0.));
#7930=DIRECTION('center_axis',(0.,0.,1.));
#7931=DIRECTION('ref_axis',(1.,0.,0.));
#7932=DIRECTION('',(0.,1.,0.));
#7933=DIRECTION('',(-0.707106781186548,0.707106781186548,0.));
#7934=DIRECTION('',(0.,1.,0.));
#7935=DIRECTION('',(-1.,0.,0.));
#7936=DIRECTION('center_axis',(-0.621875823753828,0.76163922578493,0.182143211721519));
#7937=DIRECTION('ref_axis',(0.28108463771481,0.,0.95968298226067));
#7938=DIRECTION('',(-0.654653670707976,-0.377964473009228,-0.654653670707978));
#7939=DIRECTION('',(0.337652210855082,0.470635470535495,-0.815164546811568));
#7940=DIRECTION('',(0.654653670707984,0.377964473009237,0.654653670707964));
#7941=DIRECTION('',(0.654653670707976,0.377964473009228,0.654653670707978));
#7942=DIRECTION('',(0.337652210855075,0.470635470535487,-0.815164546811575));
#7943=DIRECTION('',(0.774596669241487,0.632455532033671,-1.38992958731156E-15));
#7944=DIRECTION('center_axis',(-0.923879532511286,-2.87139637584909E-15,
-0.382683432365093));
#7945=DIRECTION('ref_axis',(-0.382683432365093,0.,0.923879532511286));
#7946=DIRECTION('',(2.19767164158121E-15,-1.,2.19767164158122E-15));
#7947=DIRECTION('',(-2.19767164158121E-15,1.,-2.19767164158122E-15));
#7948=DIRECTION('',(0.337652210855071,-0.470635470535493,-0.815164546811573));
#7949=DIRECTION('center_axis',(-0.621875823753828,-0.76163922578493,0.18214321172152));
#7950=DIRECTION('ref_axis',(0.281084637714812,0.,0.95968298226067));
#7951=DIRECTION('',(-0.654653670707977,0.377964473009227,-0.654653670707978));
#7952=DIRECTION('',(-0.654653670707979,0.377964473009229,-0.654653670707974));
#7953=DIRECTION('',(-0.337652210855084,0.470635470535497,0.815164546811566));
#7954=DIRECTION('',(0.654653670707977,-0.377964473009227,0.654653670707978));
#7955=DIRECTION('',(-0.774596669241487,0.632455532033671,-1.38992958731156E-15));
#7956=DIRECTION('center_axis',(0.,-0.866025403784439,0.5));
#7957=DIRECTION('ref_axis',(0.,-0.5,-0.866025403784439));
#7958=DIRECTION('',(1.,0.,0.));
#7959=DIRECTION('',(0.,-0.5,-0.866025403784439));
#7960=DIRECTION('',(1.,0.,0.));
#7961=DIRECTION('',(0.,-0.5,-0.866025403784439));
#7962=DIRECTION('',(1.,0.,0.));
#7963=DIRECTION('center_axis',(0.,2.19767164158122E-15,1.));
#7964=DIRECTION('ref_axis',(0.,-1.,2.19767164158122E-15));
#7965=DIRECTION('',(1.,0.,0.));
#7966=DIRECTION('',(0.,-1.,2.19767164158122E-15));
#7967=DIRECTION('center_axis',(0.,0.866025403784439,0.499999999999999));
#7968=DIRECTION('ref_axis',(0.,-0.499999999999999,0.866025403784439));
#7969=DIRECTION('',(1.,0.,0.));
#7970=DIRECTION('',(0.,-0.499999999999999,0.866025403784439));
#7971=DIRECTION('',(1.,0.,0.));
#7972=DIRECTION('',(0.,-0.499999999999999,0.866025403784439));
#7973=DIRECTION('center_axis',(-0.707106781186547,-0.612372435695795,0.353553390593274));
#7974=DIRECTION('ref_axis',(0.447213595499959,0.,0.894427190999916));
#7975=DIRECTION('',(0.,0.5,0.866025403784438));
#7976=DIRECTION('',(0.654653670707978,-0.377964473009229,0.654653670707975));
#7977=DIRECTION('center_axis',(-0.707106781186544,0.612372435695799,0.353553390593273));
#7978=DIRECTION('ref_axis',(0.447213595499959,0.,0.894427190999915));
#7979=DIRECTION('',(0.,-0.499999999999997,0.86602540378444));
#7980=DIRECTION('',(-0.654653670707979,-0.377964473009226,-0.654653670707976));
#7981=DIRECTION('center_axis',(-0.707106781186546,1.55398852058345E-15,
0.707106781186549));
#7982=DIRECTION('ref_axis',(0.707106781186549,0.,0.707106781186546));
#7983=DIRECTION('',(0.,1.,-2.19767164158121E-15));
#7984=DIRECTION('center_axis',(0.,0.866025403784438,-0.5));
#7985=DIRECTION('ref_axis',(0.,0.5,0.866025403784438));
#7986=DIRECTION('',(1.,0.,0.));
#7987=DIRECTION('',(0.,0.5,0.866025403784438));
#7988=DIRECTION('',(1.,0.,0.));
#7989=DIRECTION('',(0.,0.5,0.866025403784438));
#7990=DIRECTION('center_axis',(0.,-2.19767164158121E-15,-1.));
#7991=DIRECTION('ref_axis',(0.,1.,-2.19767164158121E-15));
#7992=DIRECTION('',(1.,0.,0.));
#7993=DIRECTION('',(0.,1.,-2.19767164158121E-15));
#7994=DIRECTION('center_axis',(0.,-0.86602540378444,-0.499999999999997));
#7995=DIRECTION('ref_axis',(0.,0.499999999999997,-0.86602540378444));
#7996=DIRECTION('',(0.,0.499999999999997,-0.86602540378444));
#7997=DIRECTION('',(1.,0.,0.));
#7998=DIRECTION('',(0.,0.499999999999997,-0.86602540378444));
#7999=DIRECTION('center_axis',(1.,0.,0.));
#8000=DIRECTION('ref_axis',(0.,1.,0.));
#8001=DIRECTION('center_axis',(1.,0.,0.));
#8002=DIRECTION('ref_axis',(0.,1.,0.));
#8003=DIRECTION('',(-0.707106781186546,0.707106781186549,8.65956056235495E-17));
#8004=DIRECTION('center_axis',(-1.,0.,0.));
#8005=DIRECTION('ref_axis',(0.,1.,0.));
#8006=DIRECTION('center_axis',(1.,0.,0.));
#8007=DIRECTION('ref_axis',(0.,1.,0.));
#8008=DIRECTION('center_axis',(-1.,0.,0.));
#8009=DIRECTION('ref_axis',(0.,1.,0.));
#8010=DIRECTION('',(1.,0.,0.));
#8011=DIRECTION('center_axis',(-1.,0.,0.));
#8012=DIRECTION('ref_axis',(0.,1.,0.));
#8013=DIRECTION('center_axis',(-1.,0.,0.));
#8014=DIRECTION('ref_axis',(0.,1.,0.));
#8015=DIRECTION('center_axis',(-1.,0.,0.));
#8016=DIRECTION('ref_axis',(0.,1.,0.));
#8017=DIRECTION('center_axis',(1.,0.,0.));
#8018=DIRECTION('ref_axis',(0.,0.,-1.));
#8019=DIRECTION('',(0.,0.,-1.));
#8020=DIRECTION('center_axis',(1.,0.,0.));
#8021=DIRECTION('ref_axis',(1.50728876033642E-14,-0.707106781186547,0.707106781186547));
#8022=DIRECTION('',(0.,0.,-1.));
#8023=DIRECTION('center_axis',(-1.,0.,0.));
#8024=DIRECTION('ref_axis',(0.,-1.,-1.75298372309235E-17));
#8025=DIRECTION('center_axis',(-1.,0.,0.));
#8026=DIRECTION('ref_axis',(0.,-0.63054766786167,-0.776150525706327));
#8027=DIRECTION('',(0.,2.2030284246777E-14,1.));
#8028=DIRECTION('center_axis',(1.,0.,0.));
#8029=DIRECTION('ref_axis',(0.,1.,0.));
#8030=DIRECTION('',(0.,-1.60804994502022E-16,-1.));
#8031=DIRECTION('center_axis',(-1.,0.,0.));
#8032=DIRECTION('ref_axis',(0.,0.630547667861668,-0.77615052570633));
#8033=DIRECTION('center_axis',(-1.,0.,0.));
#8034=DIRECTION('ref_axis',(0.,-1.,-1.75298372309235E-17));
#8035=DIRECTION('',(0.,0.,1.));
#8036=DIRECTION('center_axis',(1.,0.,0.));
#8037=DIRECTION('ref_axis',(1.50728876033642E-14,0.707106781186547,0.707106781186547));
#8038=DIRECTION('',(0.,0.,1.));
#8039=DIRECTION('center_axis',(-1.,0.,0.));
#8040=DIRECTION('ref_axis',(0.,-1.,-1.85037170770859E-17));
#8041=DIRECTION('center_axis',(-0.707106781186547,-0.162678806162996,-0.688139234476122));
#8042=DIRECTION('ref_axis',(-0.697429639218297,0.,0.716653262282281));
#8043=DIRECTION('',(0.654653670707978,-0.518437201382207,-0.550137655184187));
#8044=DIRECTION('',(0.,-0.97317583819717,0.230062573986373));
#8045=DIRECTION('',(0.654653670707976,0.217214584276805,-0.724048614255996));
#8046=DIRECTION('center_axis',(-0.707106781186545,-0.677285461478598,-0.203185638443584));
#8047=DIRECTION('ref_axis',(-0.276172385369505,0.,0.961108117518169));
#8048=DIRECTION('',(0.654653670707977,-0.735651785659012,0.173910959071815));
#8049=DIRECTION('',(0.,-0.287347885566352,0.957826285221149));
#8050=DIRECTION('center_axis',(-0.707106781186548,-0.514606655315599,0.484953596032539));
#8051=DIRECTION('ref_axis',(0.565592113319705,0.,0.824685128610035));
#8052=DIRECTION('',(0.654653670707977,-0.217214584276805,0.724048614255995));
#8053=DIRECTION('',(0.,0.685827952630821,0.727763711234777));
#8054=DIRECTION('center_axis',(-0.707106781186548,0.162678806162996,0.688139234476121));
#8055=DIRECTION('ref_axis',(0.697429639218296,0.,0.716653262282282));
#8056=DIRECTION('center_axis',(-1.,0.,0.));
#8057=DIRECTION('ref_axis',(0.,-3.82856869892695E-16,-1.));
#8058=DIRECTION('center_axis',(1.,0.,0.));
#8059=DIRECTION('ref_axis',(0.,1.,0.));
#8060=DIRECTION('center_axis',(-0.707106781186547,-0.162678806162987,0.688139234476124));
#8061=DIRECTION('ref_axis',(0.697429639218297,0.,0.716653262282281));
#8062=DIRECTION('',(0.654653670707977,0.217214584276817,0.724048614255991));
#8063=DIRECTION('center_axis',(-0.707106781186549,0.514606655315605,0.484953596032533));
#8064=DIRECTION('ref_axis',(0.565592113319699,0.,0.824685128610039));
#8065=DIRECTION('',(0.654653670707976,0.735651785659016,0.173910959071803));
#8066=DIRECTION('',(0.,0.685827952630812,-0.727763711234786));
#8067=DIRECTION('center_axis',(-0.707106781186549,0.677285461478592,-0.20318563844359));
#8068=DIRECTION('ref_axis',(-0.276172385369511,0.,0.961108117518167));
#8069=DIRECTION('',(0.,-0.287347885566362,-0.957826285221146));
#8070=DIRECTION('',(0.654653670707976,0.518437201382205,-0.550137655184191));
#8071=DIRECTION('center_axis',(-0.707106781186547,0.162678806162986,-0.688139234476124));
#8072=DIRECTION('ref_axis',(-0.697429639218297,0.,0.716653262282281));
#8073=DIRECTION('',(0.,-0.973175838197173,-0.230062573986359));
#8074=DIRECTION('',(0.654653670707975,-0.21721458427681,-0.724048614255995));
#8075=DIRECTION('center_axis',(-0.707106781186548,-0.514606655315605,-0.484953596032533));
#8076=DIRECTION('ref_axis',(-0.5655921133197,0.,0.824685128610039));
#8077=DIRECTION('center_axis',(-1.,0.,0.));
#8078=DIRECTION('ref_axis',(0.,1.,0.));
#8079=DIRECTION('center_axis',(1.,0.,0.));
#8080=DIRECTION('ref_axis',(0.,1.,0.));
#8081=DIRECTION('center_axis',(-0.707106781186549,0.514606655315598,-0.484953596032539));
#8082=DIRECTION('ref_axis',(-0.565592113319704,0.,0.824685128610036));
#8083=DIRECTION('center_axis',(0.,-0.727763711234786,-0.685827952630812));
#8084=DIRECTION('ref_axis',(0.,0.685827952630812,-0.727763711234786));
#8085=DIRECTION('',(1.,0.,0.));
#8086=DIRECTION('',(0.,0.685827952630812,-0.727763711234786));
#8087=DIRECTION('center_axis',(0.,-0.957826285221147,0.287347885566362));
#8088=DIRECTION('ref_axis',(0.,-0.287347885566362,-0.957826285221146));
#8089=DIRECTION('',(1.,0.,0.));
#8090=DIRECTION('',(0.,-0.287347885566362,-0.957826285221146));
#8091=DIRECTION('',(1.,0.,0.));
#8092=DIRECTION('',(0.,-0.287347885566362,-0.957826285221146));
#8093=DIRECTION('',(1.,0.,0.));
#8094=DIRECTION('',(0.,-0.287347885566362,-0.957826285221146));
#8095=DIRECTION('center_axis',(0.,-0.230062573986359,0.973175838197173));
#8096=DIRECTION('ref_axis',(0.,-0.973175838197173,-0.230062573986359));
#8097=DIRECTION('',(0.,-0.973175838197173,-0.230062573986359));
#8098=DIRECTION('center_axis',(1.,0.,0.));
#8099=DIRECTION('ref_axis',(0.,1.,0.));
#8100=DIRECTION('center_axis',(0.,0.230062573986373,0.97317583819717));
#8101=DIRECTION('ref_axis',(0.,-0.97317583819717,0.230062573986373));
#8102=DIRECTION('',(1.,0.,0.));
#8103=DIRECTION('',(0.,-0.97317583819717,0.230062573986373));
#8104=DIRECTION('',(1.,0.,0.));
#8105=DIRECTION('',(0.,-0.97317583819717,0.230062573986373));
#8106=DIRECTION('center_axis',(-0.707106781186547,-0.612372435695781,-0.353553390593298));
#8107=DIRECTION('ref_axis',(-0.447213595499982,0.,0.894427190999904));
#8108=DIRECTION('',(0.654653670707975,-0.755928946018456,-3.48869557620177E-14));
#8109=DIRECTION('',(0.,-0.500000000000034,0.866025403784419));
#8110=DIRECTION('',(-0.654653670707974,0.377964473009193,0.654653670708));
#8111=DIRECTION('center_axis',(-0.707106781186554,-0.612372435695811,0.353553390593232));
#8112=DIRECTION('ref_axis',(0.447213595499913,0.,0.894427190999939));
#8113=DIRECTION('',(0.65465367070797,-0.377964473009276,0.654653670707956));
#8114=DIRECTION('',(0.,0.499999999999946,0.866025403784469));
#8115=DIRECTION('center_axis',(-0.707106781186546,-2.48638163293345E-14,
0.707106781186549));
#8116=DIRECTION('ref_axis',(0.707106781186549,0.,0.707106781186546));
#8117=DIRECTION('',(0.65465367070798,0.3779644730092,0.65465367070799));
#8118=DIRECTION('',(0.,1.,3.51627462652985E-14));
#8119=DIRECTION('center_axis',(-0.707106781186547,0.612372435695782,0.353553390593297));
#8120=DIRECTION('ref_axis',(0.447213595499982,0.,0.894427190999904));
#8121=DIRECTION('',(0.,0.500000000000032,-0.86602540378442));
#8122=DIRECTION('',(0.654653670707982,0.755928946018451,2.32579705080121E-14));
#8123=DIRECTION('center_axis',(-0.707106781186543,0.612372435695813,-0.353553390593251));
#8124=DIRECTION('ref_axis',(-0.447213595499937,0.,0.894427190999926));
#8125=DIRECTION('',(0.,-0.499999999999965,-0.866025403784459));
#8126=DIRECTION('',(0.654653670707982,0.377964473009254,-0.654653670707957));
#8127=DIRECTION('center_axis',(-0.707106781186546,5.05046269189622E-14,
-0.707106781186549));
#8128=DIRECTION('ref_axis',(-0.707106781186549,0.,0.707106781186546));
#8129=DIRECTION('',(0.,-1.,-7.14243283513896E-14));
#8130=DIRECTION('center_axis',(0.,-0.866025403784459,0.499999999999965));
#8131=DIRECTION('ref_axis',(0.,-0.499999999999965,-0.866025403784459));
#8132=DIRECTION('',(1.,0.,0.));
#8133=DIRECTION('',(0.,-0.499999999999965,-0.866025403784459));
#8134=DIRECTION('',(1.,0.,0.));
#8135=DIRECTION('',(0.,-0.499999999999965,-0.866025403784459));
#8136=DIRECTION('',(1.,0.,0.));
#8137=DIRECTION('center_axis',(0.,-7.14243283513896E-14,1.));
#8138=DIRECTION('ref_axis',(0.,-1.,-7.14243283513896E-14));
#8139=DIRECTION('',(1.,0.,0.));
#8140=DIRECTION('',(0.,-1.,-7.14243283513896E-14));
#8141=DIRECTION('center_axis',(0.,0.866025403784419,0.500000000000034));
#8142=DIRECTION('ref_axis',(0.,-0.500000000000034,0.866025403784419));
#8143=DIRECTION('',(1.,0.,0.));
#8144=DIRECTION('',(0.,-0.500000000000034,0.866025403784419));
#8145=DIRECTION('',(1.,0.,0.));
#8146=DIRECTION('',(0.,-0.500000000000034,0.866025403784419));
#8147=DIRECTION('center_axis',(1.,0.,0.));
#8148=DIRECTION('ref_axis',(0.,1.,0.));
#8149=DIRECTION('center_axis',(1.,0.,0.));
#8150=DIRECTION('ref_axis',(0.,1.,0.));
#8151=DIRECTION('',(-0.707106781186547,0.707106781186547,8.65956056235493E-17));
#8152=DIRECTION('center_axis',(1.,0.,0.));
#8153=DIRECTION('ref_axis',(0.,1.,0.));
#8154=DIRECTION('center_axis',(-1.,0.,0.));
#8155=DIRECTION('ref_axis',(0.,1.,0.));
#8156=DIRECTION('center_axis',(1.,0.,0.));
#8157=DIRECTION('ref_axis',(0.,1.,0.));
#8158=DIRECTION('center_axis',(-1.,0.,0.));
#8159=DIRECTION('ref_axis',(0.,0.707106781186534,0.707106781186561));
#8160=DIRECTION('',(0.,-1.,9.34924652315921E-17));
#8161=DIRECTION('',(0.,0.,1.));
#8162=DIRECTION('center_axis',(-1.,0.,0.));
#8163=DIRECTION('ref_axis',(0.,-1.,-1.75298372309235E-17));
#8164=DIRECTION('center_axis',(1.,0.,0.));
#8165=DIRECTION('ref_axis',(0.,0.630547667861668,-0.77615052570633));
#8166=DIRECTION('',(0.,1.60804994502022E-16,1.));
#8167=DIRECTION('center_axis',(-1.,0.,0.));
#8168=DIRECTION('ref_axis',(0.,1.,0.));
#8169=DIRECTION('',(0.,-2.2030284246777E-14,-1.));
#8170=DIRECTION('center_axis',(1.,0.,0.));
#8171=DIRECTION('ref_axis',(0.,-0.63054766786167,-0.776150525706327));
#8172=DIRECTION('center_axis',(-1.,0.,0.));
#8173=DIRECTION('ref_axis',(0.,-1.,-1.75298372309235E-17));
#8174=DIRECTION('',(0.,0.,-1.));
#8175=DIRECTION('',(0.,-1.,9.34924652315921E-17));
#8176=DIRECTION('center_axis',(-1.,0.,0.));
#8177=DIRECTION('ref_axis',(0.,0.707106781186561,-0.707106781186534));
#8178=DIRECTION('center_axis',(1.,0.,0.));
#8179=DIRECTION('ref_axis',(0.,1.,0.));
#8180=DIRECTION('center_axis',(-1.,0.,0.));
#8181=DIRECTION('ref_axis',(0.,1.,0.));
#8182=DIRECTION('center_axis',(1.,0.,0.));
#8183=DIRECTION('ref_axis',(0.,1.,0.));
#8184=DIRECTION('center_axis',(-1.,0.,0.));
#8185=DIRECTION('ref_axis',(0.,-0.707106781186548,0.707106781186547));
#8186=DIRECTION('',(0.,-1.,9.34924652315921E-17));
#8187=DIRECTION('center_axis',(-1.,0.,0.));
#8188=DIRECTION('ref_axis',(0.,-0.707106781186547,-0.707106781186548));
#8189=DIRECTION('center_axis',(1.,0.,0.));
#8190=DIRECTION('ref_axis',(0.,1.,0.));
#8191=DIRECTION('center_axis',(-1.,0.,0.));
#8192=DIRECTION('ref_axis',(0.,0.707106781186547,0.707106781186547));
#8193=DIRECTION('',(0.,0.707106781186549,-0.707106781186546));
#8194=DIRECTION('center_axis',(-1.,0.,0.));
#8195=DIRECTION('ref_axis',(0.,-0.707106781186534,-0.707106781186561));
#8196=DIRECTION('',(0.,-0.707106781186551,0.707106781186544));
#8197=DIRECTION('center_axis',(-1.,0.,0.));
#8198=DIRECTION('ref_axis',(0.,0.707106781186547,-0.707106781186548));
#8199=DIRECTION('',(0.,-0.707106781186546,-0.707106781186549));
#8200=DIRECTION('center_axis',(-1.,0.,0.));
#8201=DIRECTION('ref_axis',(0.,-0.707106781186561,0.707106781186534));
#8202=DIRECTION('',(0.,0.707106781186544,0.707106781186551));
#8203=DIRECTION('center_axis',(1.,0.,0.));
#8204=DIRECTION('ref_axis',(0.,0.,-1.));
#8205=DIRECTION('',(0.,7.04903507698511E-16,1.));
#8206=DIRECTION('',(0.,1.,1.61486985400023E-15));
#8207=DIRECTION('center_axis',(1.,0.,0.));
#8208=DIRECTION('ref_axis',(0.,0.,-1.));
#8209=DIRECTION('',(0.,1.,1.61486985400023E-15));
#8210=DIRECTION('',(0.,3.52451753849256E-16,-1.));
#8211=DIRECTION('center_axis',(1.,0.,0.));
#8212=DIRECTION('ref_axis',(0.,0.,-1.));
#8213=DIRECTION('',(0.,3.52451753849256E-16,-1.));
#8214=DIRECTION('',(0.,-1.,-1.61486985400023E-15));
#8215=DIRECTION('center_axis',(1.,0.,0.));
#8216=DIRECTION('ref_axis',(0.,0.,-1.));
#8217=DIRECTION('',(0.,-1.,-1.61486985400023E-15));
#8218=DIRECTION('',(0.,7.04903507698511E-16,1.));
#8219=DIRECTION('center_axis',(0.,-1.,-3.52451753849256E-16));
#8220=DIRECTION('ref_axis',(0.,3.52451753849256E-16,-1.));
#8221=DIRECTION('',(0.,3.52451753849256E-16,-1.));
#8222=DIRECTION('',(1.,0.,0.));
#8223=DIRECTION('',(1.,0.,0.));
#8224=DIRECTION('center_axis',(0.,1.,-7.04903507698511E-16));
#8225=DIRECTION('ref_axis',(0.,7.04903507698511E-16,1.));
#8226=DIRECTION('',(0.,7.04903507698511E-16,1.));
#8227=DIRECTION('',(1.,0.,0.));
#8228=DIRECTION('',(1.,0.,0.));
#8229=DIRECTION('center_axis',(1.,0.,0.));
#8230=DIRECTION('ref_axis',(0.,0.,-1.));
#8231=DIRECTION('',(0.,0.,1.));
#8232=DIRECTION('',(0.,1.,0.));
#8233=DIRECTION('center_axis',(1.,0.,0.));
#8234=DIRECTION('ref_axis',(0.,0.,-1.));
#8235=DIRECTION('',(0.,1.,0.));
#8236=DIRECTION('',(0.,0.,-1.));
#8237=DIRECTION('center_axis',(1.,0.,0.));
#8238=DIRECTION('ref_axis',(0.,0.,-1.));
#8239=DIRECTION('',(0.,0.,-1.));
#8240=DIRECTION('',(0.,-1.,0.));
#8241=DIRECTION('center_axis',(1.,0.,0.));
#8242=DIRECTION('ref_axis',(0.,0.,-1.));
#8243=DIRECTION('',(0.,-1.,0.));
#8244=DIRECTION('',(0.,0.,1.));
#8245=DIRECTION('center_axis',(0.,-1.,0.));
#8246=DIRECTION('ref_axis',(0.,0.,-1.));
#8247=DIRECTION('',(0.,0.,-1.));
#8248=DIRECTION('',(1.,0.,0.));
#8249=DIRECTION('',(1.,0.,0.));
#8250=DIRECTION('center_axis',(0.,1.,0.));
#8251=DIRECTION('ref_axis',(0.,0.,1.));
#8252=DIRECTION('',(0.,0.,1.));
#8253=DIRECTION('',(1.,0.,0.));
#8254=DIRECTION('',(1.,0.,0.));
#8255=DIRECTION('center_axis',(1.,0.,0.));
#8256=DIRECTION('ref_axis',(0.,0.,-1.));
#8257=DIRECTION('',(-6.38260186951542E-28,-1.,-1.61486985400023E-15));
#8258=DIRECTION('',(3.95239396766554E-13,6.99259158684932E-16,1.));
#8259=DIRECTION('',(6.38260186951544E-28,1.,1.61486985400023E-15));
#8260=DIRECTION('center_axis',(1.,0.,0.));
#8261=DIRECTION('ref_axis',(0.,0.,-1.));
#8262=DIRECTION('',(0.,-1.,0.));
#8263=DIRECTION('',(3.95239396766554E-13,-3.14666621408219E-15,1.));
#8264=DIRECTION('',(0.,1.,0.));
#8265=DIRECTION('center_axis',(1.,0.,0.));
#8266=DIRECTION('ref_axis',(0.,0.,-1.));
#8267=DIRECTION('',(0.,1.,0.));
#8268=DIRECTION('',(0.,-1.,0.));
#8269=DIRECTION('center_axis',(0.,0.,-1.));
#8270=DIRECTION('ref_axis',(0.,1.,0.));
#8271=DIRECTION('',(1.,0.,0.));
#8272=DIRECTION('center_axis',(0.,0.,1.));
#8273=DIRECTION('ref_axis',(0.,-1.,0.));
#8274=DIRECTION('',(0.,-1.,0.));
#8275=DIRECTION('',(1.,0.,0.));
#8276=DIRECTION('center_axis',(1.,0.,0.));
#8277=DIRECTION('ref_axis',(0.,0.,-1.));
#8278=DIRECTION('',(6.38260186951544E-28,1.,1.61486985400023E-15));
#8279=DIRECTION('',(-6.38260186951542E-28,-1.,-1.61486985400023E-15));
#8280=DIRECTION('center_axis',(0.,1.61486985400023E-15,-1.));
#8281=DIRECTION('ref_axis',(6.38260186951544E-28,1.,1.61486985400023E-15));
#8282=DIRECTION('',(1.,0.,0.));
#8283=DIRECTION('center_axis',(0.,-1.61486985400023E-15,1.));
#8284=DIRECTION('ref_axis',(-6.38260186951542E-28,-1.,-1.61486985400023E-15));
#8285=DIRECTION('',(-6.38260186951542E-28,-1.,-1.61486985400023E-15));
#8286=DIRECTION('',(1.,0.,0.));
#8287=DIRECTION('center_axis',(1.,0.,-3.95239396766554E-13));
#8288=DIRECTION('ref_axis',(-3.95239396766554E-13,0.,-1.));
#8289=DIRECTION('',(1.97619698383276E-13,0.866025403784439,0.499999999999999));
#8290=DIRECTION('',(-1.97619698383275E-13,0.866025403784442,-0.499999999999995));
#8291=DIRECTION('',(-3.95239396766554E-13,-3.25360411594916E-16,-1.));
#8292=DIRECTION('center_axis',(1.,0.,-3.95239396766554E-13));
#8293=DIRECTION('ref_axis',(-3.95239396766554E-13,0.,-1.));
#8294=DIRECTION('',(1.97619698383279E-13,0.866025403784436,0.500000000000005));
#8295=DIRECTION('',(-1.97619698383276E-13,0.866025403784439,-0.499999999999999));
#8296=DIRECTION('',(-3.95239396766554E-13,1.30144164637966E-15,-1.));
#8297=DIRECTION('center_axis',(0.,-0.95782628522115,-0.28734788556635));
#8298=DIRECTION('ref_axis',(0.,0.28734788556635,-0.95782628522115));
#8299=DIRECTION('',(0.,0.28734788556635,-0.95782628522115));
#8300=DIRECTION('',(1.,0.,0.));
#8301=DIRECTION('',(0.,0.28734788556635,-0.95782628522115));
#8302=DIRECTION('',(1.,0.,0.));
#8303=DIRECTION('',(0.,0.28734788556635,-0.95782628522115));
#8304=DIRECTION('center_axis',(1.,0.,0.));
#8305=DIRECTION('ref_axis',(0.,0.,-1.));
#8306=DIRECTION('center_axis',(-1.,0.,0.));
#8307=DIRECTION('ref_axis',(0.,1.,0.));
#8308=DIRECTION('',(0.,-0.957826285221151,-0.287347885566348));
#8309=DIRECTION('',(0.,-0.28734788556635,0.95782628522115));
#8310=DIRECTION('center_axis',(1.,0.,0.));
#8311=DIRECTION('ref_axis',(0.,0.,-1.));
#8312=DIRECTION('center_axis',(-1.,0.,0.));
#8313=DIRECTION('ref_axis',(0.,1.,0.));
#8314=DIRECTION('',(0.,-0.28734788556635,0.95782628522115));
#8315=DIRECTION('',(0.,0.95782628522115,0.28734788556635));
#8316=DIRECTION('center_axis',(1.,0.,0.));
#8317=DIRECTION('ref_axis',(0.,0.,-1.));
#8318=DIRECTION('center_axis',(-1.,0.,0.));
#8319=DIRECTION('ref_axis',(0.,1.,0.));
#8320=DIRECTION('',(0.,0.95782628522115,0.28734788556635));
#8321=DIRECTION('center_axis',(1.,0.,0.));
#8322=DIRECTION('ref_axis',(0.,0.,-1.));
#8323=DIRECTION('center_axis',(-1.,0.,0.));
#8324=DIRECTION('ref_axis',(0.,1.,0.));
#8325=DIRECTION('',(0.,-0.957826285221151,-0.287347885566348));
#8326=DIRECTION('center_axis',(-1.,0.,0.));
#8327=DIRECTION('ref_axis',(0.,1.,0.));
#8328=DIRECTION('center_axis',(0.,0.95782628522115,0.28734788556635));
#8329=DIRECTION('ref_axis',(0.,-0.28734788556635,0.95782628522115));
#8330=DIRECTION('',(1.,0.,0.));
#8331=DIRECTION('',(0.,-0.28734788556635,0.95782628522115));
#8332=DIRECTION('',(1.,0.,0.));
#8333=DIRECTION('center_axis',(0.,0.95782628522114,-0.287347885566384));
#8334=DIRECTION('ref_axis',(0.,0.287347885566384,0.95782628522114));
#8335=DIRECTION('',(0.,0.287347885566384,0.95782628522114));
#8336=DIRECTION('',(1.,0.,0.));
#8337=DIRECTION('',(0.,0.287347885566384,0.95782628522114));
#8338=DIRECTION('',(1.,0.,0.));
#8339=DIRECTION('',(0.,0.287347885566384,0.95782628522114));
#8340=DIRECTION('center_axis',(1.,0.,0.));
#8341=DIRECTION('ref_axis',(0.,0.,-1.));
#8342=DIRECTION('center_axis',(-1.,0.,0.));
#8343=DIRECTION('ref_axis',(0.,1.,0.));
#8344=DIRECTION('',(0.,-0.957826285221146,0.287347885566363));
#8345=DIRECTION('center_axis',(1.,0.,0.));
#8346=DIRECTION('ref_axis',(0.,0.,-1.));
#8347=DIRECTION('center_axis',(-1.,0.,0.));
#8348=DIRECTION('ref_axis',(0.,1.,0.));
#8349=DIRECTION('',(0.,0.957826285221161,-0.287347885566312));
#8350=DIRECTION('center_axis',(1.,0.,0.));
#8351=DIRECTION('ref_axis',(0.,0.,-1.));
#8352=DIRECTION('center_axis',(-1.,0.,0.));
#8353=DIRECTION('ref_axis',(0.,1.,0.));
#8354=DIRECTION('',(0.,0.957826285221161,-0.287347885566312));
#8355=DIRECTION('',(0.,-0.287347885566173,-0.957826285221203));
#8356=DIRECTION('center_axis',(-1.,0.,0.));
#8357=DIRECTION('ref_axis',(0.,1.,0.));
#8358=DIRECTION('center_axis',(1.,0.,0.));
#8359=DIRECTION('ref_axis',(0.,0.,-1.));
#8360=DIRECTION('center_axis',(-1.,0.,0.));
#8361=DIRECTION('ref_axis',(0.,1.,0.));
#8362=DIRECTION('',(0.,-0.287347885566173,-0.957826285221203));
#8363=DIRECTION('',(0.,-0.957826285221146,0.287347885566363));
#8364=DIRECTION('center_axis',(0.,-0.957826285221203,0.287347885566173));
#8365=DIRECTION('ref_axis',(0.,-0.287347885566173,-0.957826285221203));
#8366=DIRECTION('',(1.,0.,0.));
#8367=DIRECTION('',(0.,-0.287347885566173,-0.957826285221203));
#8368=DIRECTION('',(1.,0.,0.));
#8369=DIRECTION('center_axis',(0.,0.,1.));
#8370=DIRECTION('ref_axis',(0.,-1.,0.));
#8371=DIRECTION('',(0.,-1.,0.));
#8372=DIRECTION('',(1.,0.,0.));
#8373=DIRECTION('',(0.,-1.,0.));
#8374=DIRECTION('',(1.,0.,0.));
#8375=DIRECTION('',(0.,-1.,0.));
#8376=DIRECTION('center_axis',(1.,0.,0.));
#8377=DIRECTION('ref_axis',(0.,0.,-1.));
#8378=DIRECTION('center_axis',(-1.,0.,0.));
#8379=DIRECTION('ref_axis',(0.,1.,0.));
#8380=DIRECTION('',(0.,-1.23809576605202E-16,1.));
#8381=DIRECTION('',(0.,1.,-4.22942104619109E-15));
#8382=DIRECTION('center_axis',(1.,0.,0.));
#8383=DIRECTION('ref_axis',(0.,0.,-1.));
#8384=DIRECTION('center_axis',(-1.,0.,0.));
#8385=DIRECTION('ref_axis',(0.,1.,0.));
#8386=DIRECTION('',(0.,1.,-4.22942104619109E-15));
#8387=DIRECTION('',(0.,4.12698588684004E-17,-1.));
#8388=DIRECTION('center_axis',(1.,0.,0.));
#8389=DIRECTION('ref_axis',(0.,0.,-1.));
#8390=DIRECTION('center_axis',(-1.,0.,0.));
#8391=DIRECTION('ref_axis',(0.,1.,0.));
#8392=DIRECTION('',(0.,4.12698588684004E-17,-1.));
#8393=DIRECTION('center_axis',(1.,0.,0.));
#8394=DIRECTION('ref_axis',(0.,0.,-1.));
#8395=DIRECTION('center_axis',(-1.,0.,0.));
#8396=DIRECTION('ref_axis',(0.,1.,0.));
#8397=DIRECTION('',(0.,-1.23809576605202E-16,1.));
#8398=DIRECTION('center_axis',(0.,-4.22942104619109E-15,-1.));
#8399=DIRECTION('ref_axis',(0.,1.,-4.22942104619109E-15));
#8400=DIRECTION('',(1.,0.,0.));
#8401=DIRECTION('',(0.,1.,-4.22942104619109E-15));
#8402=DIRECTION('',(1.,0.,0.));
#8403=DIRECTION('center_axis',(0.,0.,1.));
#8404=DIRECTION('ref_axis',(0.,-1.,0.));
#8405=DIRECTION('',(0.,-1.,0.));
#8406=DIRECTION('',(1.,0.,0.));
#8407=DIRECTION('',(0.,-1.,0.));
#8408=DIRECTION('',(1.,0.,0.));
#8409=DIRECTION('',(0.,-1.,0.));
#8410=DIRECTION('center_axis',(1.,0.,0.));
#8411=DIRECTION('ref_axis',(0.,0.,-1.));
#8412=DIRECTION('',(0.,-4.1269858868392E-17,-1.));
#8413=DIRECTION('center_axis',(1.,0.,0.));
#8414=DIRECTION('ref_axis',(0.,0.,-1.));
#8415=DIRECTION('',(0.,-4.95238306420869E-16,1.));
#8416=DIRECTION('center_axis',(1.,0.,0.));
#8417=DIRECTION('ref_axis',(0.,0.,-1.));
#8418=DIRECTION('',(0.,-4.95238306420869E-16,1.));
#8419=DIRECTION('',(0.,1.,-4.22942104619108E-15));
#8420=DIRECTION('center_axis',(1.,0.,0.));
#8421=DIRECTION('ref_axis',(0.,0.,-1.));
#8422=DIRECTION('',(0.,1.,-4.22942104619108E-15));
#8423=DIRECTION('',(0.,-4.1269858868392E-17,-1.));
#8424=DIRECTION('center_axis',(0.,-4.22942104619108E-15,-1.));
#8425=DIRECTION('ref_axis',(0.,1.,-4.22942104619108E-15));
#8426=DIRECTION('',(1.,0.,0.));
#8427=DIRECTION('',(0.,1.,-4.22942104619108E-15));
#8428=DIRECTION('',(1.,0.,0.));
#8429=DIRECTION('center_axis',(1.,0.,0.));
#8430=DIRECTION('ref_axis',(0.,0.,-1.));
#8431=DIRECTION('',(0.,0.95782628522115,0.28734788556635));
#8432=DIRECTION('',(0.,-0.957826285221151,-0.287347885566348));
#8433=DIRECTION('center_axis',(-1.,0.,0.));
#8434=DIRECTION('ref_axis',(0.,0.,1.));
#8435=DIRECTION('',(0.,-0.957826285221146,0.287347885566363));
#8436=DIRECTION('center_axis',(1.,0.,0.));
#8437=DIRECTION('ref_axis',(0.,1.,0.));
#8438=DIRECTION('center_axis',(1.,0.,0.));
#8439=DIRECTION('ref_axis',(0.,1.,0.));
#8440=DIRECTION('',(0.,0.957826285221161,-0.287347885566312));
#8441=DIRECTION('center_axis',(1.,0.,0.));
#8442=DIRECTION('ref_axis',(0.,0.,-1.));
#8443=DIRECTION('',(0.,4.12698588684004E-17,-1.));
#8444=DIRECTION('',(0.,-1.23809576605202E-16,1.));
#8445=DIRECTION('center_axis',(1.,0.,0.));
#8446=DIRECTION('ref_axis',(0.,0.,-1.));
#8447=DIRECTION('',(0.,-4.1269858868392E-17,-1.));
#8448=DIRECTION('',(0.,-4.95238306420869E-16,1.));
#8449=DIRECTION('center_axis',(-1.,0.,0.));
#8450=DIRECTION('ref_axis',(0.,0.,1.));
#8451=DIRECTION('',(0.,0.957826285221161,-0.287347885566312));
#8452=DIRECTION('center_axis',(1.,0.,0.));
#8453=DIRECTION('ref_axis',(0.,1.,0.));
#8454=DIRECTION('center_axis',(1.,0.,0.));
#8455=DIRECTION('ref_axis',(0.,1.,0.));
#8456=DIRECTION('',(0.,-0.957826285221146,0.287347885566363));
#8457=DIRECTION('center_axis',(0.,-0.287347885566312,-0.957826285221161));
#8458=DIRECTION('ref_axis',(0.,0.957826285221161,-0.287347885566312));
#8459=DIRECTION('',(1.,0.,0.));
#8460=DIRECTION('',(0.,0.957826285221161,-0.287347885566312));
#8461=DIRECTION('',(1.,0.,0.));
#8462=DIRECTION('center_axis',(0.,0.287347885566363,0.957826285221146));
#8463=DIRECTION('ref_axis',(0.,-0.957826285221146,0.287347885566363));
#8464=DIRECTION('',(1.,0.,0.));
#8465=DIRECTION('',(0.,-0.957826285221146,0.287347885566363));
#8466=DIRECTION('',(1.,0.,0.));
#8467=DIRECTION('center_axis',(1.,0.,0.));
#8468=DIRECTION('ref_axis',(0.,1.,0.));
#8469=DIRECTION('center_axis',(1.,0.,0.));
#8470=DIRECTION('ref_axis',(0.,1.,0.));
#8471=DIRECTION('center_axis',(1.,0.,0.));
#8472=DIRECTION('ref_axis',(0.,1.,0.));
#8473=DIRECTION('center_axis',(1.,0.,0.));
#8474=DIRECTION('ref_axis',(0.,1.,0.));
#8475=DIRECTION('center_axis',(1.,0.,0.));
#8476=DIRECTION('ref_axis',(0.,1.,0.));
#8477=DIRECTION('center_axis',(1.,0.,0.));
#8478=DIRECTION('ref_axis',(0.,1.,0.));
#8479=DIRECTION('center_axis',(1.,0.,0.));
#8480=DIRECTION('ref_axis',(0.,1.,0.));
#8481=DIRECTION('center_axis',(1.,0.,0.));
#8482=DIRECTION('ref_axis',(0.,1.,0.));
#8483=DIRECTION('center_axis',(1.,0.,0.));
#8484=DIRECTION('ref_axis',(0.,0.,-1.));
#8485=DIRECTION('',(0.,-4.95238306420869E-16,1.));
#8486=DIRECTION('',(0.,0.499999999999946,0.86602540378447));
#8487=DIRECTION('',(0.,1.,3.51627462652985E-14));
#8488=DIRECTION('',(0.,0.500000000000032,-0.86602540378442));
#8489=DIRECTION('',(0.,-4.1269858868392E-17,-1.));
#8490=DIRECTION('center_axis',(0.,1.,4.95238306420869E-16));
#8491=DIRECTION('ref_axis',(0.,-4.95238306420869E-16,1.));
#8492=DIRECTION('',(0.,-4.95238306420869E-16,1.));
#8493=DIRECTION('',(1.,0.,0.));
#8494=DIRECTION('center_axis',(0.,-1.,4.1269858868392E-17));
#8495=DIRECTION('ref_axis',(0.,-4.1269858868392E-17,-1.));
#8496=DIRECTION('',(1.,0.,0.));
#8497=DIRECTION('',(0.,-4.1269858868392E-17,-1.));
#8498=DIRECTION('center_axis',(1.,0.,0.));
#8499=DIRECTION('ref_axis',(0.,0.,-1.));
#8500=DIRECTION('',(0.,-0.957826285221151,-0.287347885566348));
#8501=DIRECTION('',(0.,-0.287347885566352,0.957826285221149));
#8502=DIRECTION('',(0.,0.685827952630821,0.727763711234777));
#8503=DIRECTION('',(0.,0.95782628522115,0.28734788556635));
#8504=DIRECTION('center_axis',(0.,0.28734788556635,-0.95782628522115));
#8505=DIRECTION('ref_axis',(0.,0.95782628522115,0.28734788556635));
#8506=DIRECTION('',(1.,0.,0.));
#8507=DIRECTION('',(0.,0.95782628522115,0.28734788556635));
#8508=DIRECTION('center_axis',(0.,-0.287347885566348,0.957826285221151));
#8509=DIRECTION('ref_axis',(0.,-0.957826285221151,-0.287347885566348));
#8510=DIRECTION('',(0.,-0.957826285221151,-0.287347885566348));
#8511=DIRECTION('center_axis',(1.,0.,0.));
#8512=DIRECTION('ref_axis',(0.,0.,-1.));
#8513=DIRECTION('',(0.,-1.23809576605202E-16,1.));
#8514=DIRECTION('',(0.,4.12698588684004E-17,-1.));
#8515=DIRECTION('center_axis',(0.,-1.,-4.12698588684004E-17));
#8516=DIRECTION('ref_axis',(0.,4.12698588684004E-17,-1.));
#8517=DIRECTION('',(0.,4.12698588684004E-17,-1.));
#8518=DIRECTION('center_axis',(0.,1.,1.23809576605202E-16));
#8519=DIRECTION('ref_axis',(0.,-1.23809576605202E-16,1.));
#8520=DIRECTION('',(0.,-1.23809576605202E-16,1.));
#8521=DIRECTION('center_axis',(1.,0.,0.));
#8522=DIRECTION('ref_axis',(0.,0.,-1.));
#8523=DIRECTION('center_axis',(1.,0.,0.));
#8524=DIRECTION('ref_axis',(0.,0.,-1.));
#8525=DIRECTION('center_axis',(1.,0.,0.));
#8526=DIRECTION('ref_axis',(0.,0.,-1.));
#8527=DIRECTION('',(0.,0.500000000000032,-0.86602540378442));
#8528=DIRECTION('center_axis',(1.,0.,0.));
#8529=DIRECTION('ref_axis',(0.,0.,-1.));
#8530=DIRECTION('center_axis',(1.,0.,0.));
#8531=DIRECTION('ref_axis',(0.,0.,-1.));
#8532=DIRECTION('',(0.,0.685827952630821,0.727763711234777));
#8533=DIRECTION('center_axis',(1.,0.,0.));
#8534=DIRECTION('ref_axis',(0.,0.,-1.));
#8535=DIRECTION('center_axis',(1.,0.,0.));
#8536=DIRECTION('ref_axis',(0.,-1.83697019872103E-16,-1.));
#8537=DIRECTION('center_axis',(0.,0.,1.));
#8538=DIRECTION('ref_axis',(1.,0.,0.));
#8539=DIRECTION('',(0.,0.,1.));
#8540=DIRECTION('center_axis',(1.,-1.60473063408923E-8,0.));
#8541=DIRECTION('ref_axis',(1.60473063408923E-8,1.,-2.80477395694776E-16));
#8542=DIRECTION('center_axis',(0.,0.,1.));
#8543=DIRECTION('ref_axis',(1.,0.,0.));
#8544=DIRECTION('',(0.,0.,1.));
#8545=DIRECTION('center_axis',(1.,-1.60473063408923E-8,0.));
#8546=DIRECTION('ref_axis',(1.60473063408923E-8,1.,-2.80477395694776E-16));
#8547=DIRECTION('center_axis',(0.999999999999997,-7.90907786881894E-8,0.));
#8548=DIRECTION('ref_axis',(7.90907786881894E-8,0.999999999999997,-2.80477395694775E-16));
#8549=DIRECTION('center_axis',(0.,0.,1.));
#8550=DIRECTION('ref_axis',(1.,0.,0.));
#8551=DIRECTION('center_axis',(1.,0.,0.));
#8552=DIRECTION('ref_axis',(0.,1.,0.));
#8553=DIRECTION('center_axis',(-1.,0.,0.));
#8554=DIRECTION('ref_axis',(0.,1.,0.));
#8555=DIRECTION('center_axis',(1.,0.,0.));
#8556=DIRECTION('ref_axis',(0.,-0.957826285221151,0.287347885566346));
#8557=DIRECTION('center_axis',(-1.,0.,0.));
#8558=DIRECTION('ref_axis',(0.,1.,0.));
#8559=DIRECTION('center_axis',(-1.,0.,0.));
#8560=DIRECTION('ref_axis',(0.,-0.957826285221151,0.287347885566345));
#8561=DIRECTION('center_axis',(1.,0.,0.));
#8562=DIRECTION('ref_axis',(0.,1.,0.));
#8563=DIRECTION('center_axis',(1.,0.,0.));
#8564=DIRECTION('ref_axis',(0.,0.,-1.));
#8565=DIRECTION('center_axis',(1.,0.,0.));
#8566=DIRECTION('ref_axis',(0.,1.,0.));
#8567=DIRECTION('center_axis',(-1.,0.,0.));
#8568=DIRECTION('ref_axis',(0.,0.957826285221151,0.287347885566346));
#8569=DIRECTION('center_axis',(0.,0.499999999999995,0.866025403784442));
#8570=DIRECTION('ref_axis',(-1.97619698383275E-13,0.866025403784442,-0.499999999999995));
#8571=DIRECTION('',(-1.,0.,0.));
#8572=DIRECTION('',(-1.,0.,0.));
#8573=DIRECTION('center_axis',(0.,-0.499999999999999,0.866025403784439));
#8574=DIRECTION('ref_axis',(1.97619698383276E-13,0.866025403784439,0.499999999999999));
#8575=DIRECTION('center_axis',(0.,1.,-3.25360411594916E-16));
#8576=DIRECTION('ref_axis',(-3.95239396766554E-13,-3.25360411594916E-16,
-1.));
#8577=DIRECTION('center_axis',(0.,0.499999999999999,0.866025403784439));
#8578=DIRECTION('ref_axis',(-1.97619698383276E-13,0.866025403784439,-0.499999999999999));
#8579=DIRECTION('',(-1.,0.,0.));
#8580=DIRECTION('',(-1.,0.,0.));
#8581=DIRECTION('center_axis',(0.,-0.500000000000005,0.866025403784436));
#8582=DIRECTION('ref_axis',(1.97619698383279E-13,0.866025403784436,0.500000000000005));
#8583=DIRECTION('center_axis',(0.,1.,1.30144164637966E-15));
#8584=DIRECTION('ref_axis',(-3.95239396766554E-13,1.30144164637966E-15,
-1.));
#8585=DIRECTION('center_axis',(1.,0.,-3.95239396766554E-13));
#8586=DIRECTION('ref_axis',(-3.95239396766554E-13,0.,-1.));
#8587=DIRECTION('center_axis',(1.,0.,-3.95239396766554E-13));
#8588=DIRECTION('ref_axis',(-3.95239396766554E-13,0.,-1.));
#8589=DIRECTION('center_axis',(1.,0.,-3.95239396766554E-13));
#8590=DIRECTION('ref_axis',(-3.95061761082616E-13,0.,-1.));
#8591=DIRECTION('center_axis',(3.90798504668827E-13,0.,1.));
#8592=DIRECTION('ref_axis',(-1.,0.,3.90798504668827E-13));
#8593=DIRECTION('center_axis',(-1.,0.,3.95239396766554E-13));
#8594=DIRECTION('ref_axis',(-2.79498646449358E-13,0.707106781186481,-0.707106781186614));
#8595=DIRECTION('center_axis',(-1.,0.,3.95239396766554E-13));
#8596=DIRECTION('ref_axis',(3.95061761082615E-13,0.,1.));
#8597=DIRECTION('center_axis',(0.,1.,0.));
#8598=DIRECTION('ref_axis',(-1.,0.,3.90798504668827E-13));
#8599=DIRECTION('center_axis',(1.,0.,-3.95239396766554E-13));
#8600=DIRECTION('ref_axis',(2.79470890873783E-13,-0.707106781186587,0.707106781186507));
#8601=DIRECTION('center_axis',(0.,1.,0.));
#8602=DIRECTION('ref_axis',(-0.707106781186416,0.,0.707106781186679));
#8603=DIRECTION('center_axis',(0.,1.,0.));
#8604=DIRECTION('ref_axis',(-1.,0.,3.90798504668055E-13));
#8605=DIRECTION('',(0.,-1.,0.));
#8606=DIRECTION('center_axis',(-1.,0.,3.95239396766554E-13));
#8607=DIRECTION('ref_axis',(3.95061761082616E-13,0.,1.));
#8608=DIRECTION('center_axis',(-3.90798504668827E-13,0.,-1.));
#8609=DIRECTION('ref_axis',(-1.,0.,3.90798504668827E-13));
#8610=DIRECTION('center_axis',(1.,0.,-3.95239396766554E-13));
#8611=DIRECTION('ref_axis',(2.79470890873783E-13,0.707106781186587,0.707106781186508));
#8612=DIRECTION('center_axis',(1.,0.,-3.95239396766554E-13));
#8613=DIRECTION('ref_axis',(-3.95061761082615E-13,0.,-1.));
#8614=DIRECTION('center_axis',(-1.,0.,3.95239396766554E-13));
#8615=DIRECTION('ref_axis',(-2.79498646449356E-13,-0.707106781186482,-0.707106781186613));
#8616=DIRECTION('center_axis',(-1.,0.,3.94745964311167E-13));
#8617=DIRECTION('ref_axis',(0.,1.,0.));
#8618=DIRECTION('center_axis',(-1.,0.,3.95239396766554E-13));
#8619=DIRECTION('ref_axis',(0.,1.,0.));
#8620=DIRECTION('',(-0.707106781186547,-0.707106781186548,2.79040952604825E-13));
#8621=DIRECTION('center_axis',(1.,0.,-3.95239396766554E-13));
#8622=DIRECTION('ref_axis',(0.,1.,0.));
#8623=DIRECTION('center_axis',(1.,0.,0.));
#8624=DIRECTION('ref_axis',(0.,1.,0.));
#8625=DIRECTION('',(-1.,0.,0.));
#8626=DIRECTION('center_axis',(1.,0.,0.));
#8627=DIRECTION('ref_axis',(0.,2.22044604925031E-16,1.));
#8628=DIRECTION('',(1.,0.,0.));
#8629=DIRECTION('center_axis',(-0.707106781186548,0.,-0.707106781186548));
#8630=DIRECTION('ref_axis',(-0.707106781186547,1.57009245868377E-16,0.707106781186547));
#8631=DIRECTION('center_axis',(-1.,0.,0.));
#8632=DIRECTION('ref_axis',(0.,2.22044604925031E-16,1.));
#8633=DIRECTION('',(1.,0.,0.));
#8634=DIRECTION('center_axis',(0.,0.,1.));
#8635=DIRECTION('ref_axis',(0.,-1.,0.));
#8636=DIRECTION('',(1.,0.,0.));
#8637=DIRECTION('',(0.,1.,0.));
#8638=DIRECTION('center_axis',(1.,0.,0.));
#8639=DIRECTION('ref_axis',(0.,1.,0.));
#8640=DIRECTION('',(1.,0.,0.));
#8641=DIRECTION('center_axis',(-1.,0.,0.));
#8642=DIRECTION('ref_axis',(0.,1.,0.));
#8643=DIRECTION('center_axis',(-0.707106781186548,0.,-0.707106781186548));
#8644=DIRECTION('ref_axis',(-0.707106781186547,0.,0.707106781186547));
#8645=DIRECTION('center_axis',(1.,0.,0.));
#8646=DIRECTION('ref_axis',(0.,-1.,0.));
#8647=DIRECTION('center_axis',(1.,0.,0.));
#8648=DIRECTION('ref_axis',(0.,-1.,0.));
#8649=DIRECTION('center_axis',(1.,0.,0.));
#8650=DIRECTION('ref_axis',(0.,1.48029736616688E-15,-1.));
#8651=DIRECTION('center_axis',(1.,0.,0.));
#8652=DIRECTION('ref_axis',(0.,1.48029736616688E-15,-1.));
#8653=DIRECTION('',(1.,0.,0.));
#8654=DIRECTION('center_axis',(0.707106781186548,0.,0.707106781186548));
#8655=DIRECTION('ref_axis',(0.707106781186548,0.,-0.707106781186548));
#8656=DIRECTION('',(0.,1.,0.));
#8657=DIRECTION('',(-0.678598344545848,0.281084637714816,0.678598344545848));
#8658=DIRECTION('',(0.,-1.,0.));
#8659=DIRECTION('',(0.678598343474561,0.281084642887435,-0.678598343474566));
#8660=DIRECTION('',(0.,1.,0.));
#8661=DIRECTION('center_axis',(1.,0.,0.));
#8662=DIRECTION('ref_axis',(0.,0.,-1.));
#8663=DIRECTION('',(0.,0.,-1.));
#8664=DIRECTION('',(0.,0.707106781186547,-0.707106781186548));
#8665=DIRECTION('center_axis',(0.,0.95782628522115,0.287347885566352));
#8666=DIRECTION('ref_axis',(0.,-0.287347885566352,0.957826285221149));
#8667=DIRECTION('',(1.,0.,0.));
#8668=DIRECTION('center_axis',(0.,0.727763711234777,-0.685827952630821));
#8669=DIRECTION('ref_axis',(0.,0.685827952630821,0.727763711234777));
#8670=DIRECTION('center_axis',(0.,0.86602540378447,-0.499999999999946));
#8671=DIRECTION('ref_axis',(0.,0.499999999999946,0.86602540378447));
#8672=DIRECTION('',(1.,0.,0.));
#8673=DIRECTION('',(0.,0.499999999999946,0.86602540378447));
#8674=DIRECTION('center_axis',(0.,3.51627462652985E-14,-1.));
#8675=DIRECTION('ref_axis',(0.,1.,3.51627462652985E-14));
#8676=DIRECTION('',(1.,0.,0.));
#8677=DIRECTION('center_axis',(0.,-0.86602540378442,-0.500000000000032));
#8678=DIRECTION('ref_axis',(0.,0.500000000000032,-0.86602540378442));
#8679=DIRECTION('center_axis',(1.,0.,0.));
#8680=DIRECTION('ref_axis',(0.,0.,-1.));
#8681=DIRECTION('center_axis',(1.,0.,0.));
#8682=DIRECTION('ref_axis',(0.,0.,-1.));
#8683=DIRECTION('center_axis',(-0.707106781186548,0.,0.707106781186547));
#8684=DIRECTION('ref_axis',(0.707106781186547,0.,0.707106781186548));
#8685=DIRECTION('',(-0.577350269189625,0.577350269189625,-0.577350269189627));
#8686=DIRECTION('',(-0.577350269189626,-0.577350269189624,-0.577350269189627));
#8687=DIRECTION('',(0.577350269189625,-0.577350269189626,0.577350269189626));
#8688=DIRECTION('',(0.577350269189625,0.577350269189625,0.577350269189627));
#8689=DIRECTION('center_axis',(1.,0.,0.));
#8690=DIRECTION('ref_axis',(0.,1.,0.));
#8691=DIRECTION('',(1.,0.,0.));
#8692=DIRECTION('center_axis',(1.,0.,0.));
#8693=DIRECTION('ref_axis',(0.,1.,0.));
#8694=DIRECTION('',(1.,0.,0.));
#8695=DIRECTION('center_axis',(1.,0.,0.));
#8696=DIRECTION('ref_axis',(0.,1.,0.));
#8697=DIRECTION('',(1.,0.,0.));
#8698=DIRECTION('center_axis',(1.,0.,0.));
#8699=DIRECTION('ref_axis',(0.,0.,-1.));
#8700=DIRECTION('center_axis',(0.,0.,1.));
#8701=DIRECTION('ref_axis',(1.,0.,0.));
#8702=DIRECTION('',(0.,1.,0.));
#8703=DIRECTION('',(0.707106781186548,0.707106781186548,0.));
#8704=DIRECTION('',(0.,1.,0.));
#8705=DIRECTION('center_axis',(1.,0.,0.));
#8706=DIRECTION('ref_axis',(0.,0.,-1.));
#8707=DIRECTION('',(0.,0.707106771196044,0.707106791177051));
#8708=DIRECTION('',(0.,0.,1.));
#8709=DIRECTION('center_axis',(0.707106781186548,0.707106781186548,0.));
#8710=DIRECTION('ref_axis',(0.,0.,-1.));
#8711=DIRECTION('',(0.,0.,1.));
#8712=DIRECTION('',(-0.678598344545848,0.678598344545848,0.281084637714814));
#8713=DIRECTION('center_axis',(0.,-1.,0.));
#8714=DIRECTION('ref_axis',(0.,0.,-1.));
#8715=DIRECTION('',(0.,0.,-1.));
#8716=DIRECTION('',(1.,0.,0.));
#8717=DIRECTION('',(0.,0.,1.));
#8718=DIRECTION('',(1.,0.,0.));
#8719=DIRECTION('',(0.,0.,-1.));
#8720=DIRECTION('',(1.,0.,-2.24820162486594E-14));
#8721=DIRECTION('center_axis',(0.,-1.,0.));
#8722=DIRECTION('ref_axis',(-0.707106781186556,0.,-0.707106781186539));
#8723=DIRECTION('',(-2.31698718182652E-15,0.,-1.));
#8724=DIRECTION('',(-1.,0.,0.));
#8725=DIRECTION('',(0.707106781186547,0.,-0.707106781186548));
#8726=DIRECTION('',(0.,0.,1.));
#8727=DIRECTION('',(-0.707106781186544,0.,-0.707106781186551));
#8728=DIRECTION('center_axis',(0.,1.,0.));
#8729=DIRECTION('ref_axis',(0.,0.,1.));
#8730=DIRECTION('',(0.707106781186544,0.,0.707106781186551));
#8731=DIRECTION('',(0.,0.,-1.));
#8732=DIRECTION('',(-0.707106781186547,0.,0.707106781186548));
#8733=DIRECTION('',(1.,0.,0.));
#8734=DIRECTION('',(2.31698718182652E-15,0.,1.));
#8735=DIRECTION('center_axis',(0.,1.,0.));
#8736=DIRECTION('ref_axis',(-0.707106781186556,0.,-0.707106781186539));
#8737=DIRECTION('',(-1.,0.,2.24820162486594E-14));
#8738=DIRECTION('',(0.,0.,1.));
#8739=DIRECTION('',(1.,0.,0.));
#8740=DIRECTION('',(0.,0.,-1.));
#8741=DIRECTION('',(1.,0.,0.));
#8742=DIRECTION('',(0.,0.,1.));
#8743=DIRECTION('center_axis',(0.707106781186547,-0.500000000000002,0.499999999999998));
#8744=DIRECTION('ref_axis',(0.577350269189625,0.,-0.816496580927727));
#8745=DIRECTION('',(-0.707106781186548,-0.5,0.5));
#8746=DIRECTION('',(0.707106781186534,0.500000000000041,-0.499999999999979));
#8747=DIRECTION('',(0.,-0.707106781186546,-0.707106781186549));
#8748=DIRECTION('center_axis',(1.,0.,0.));
#8749=DIRECTION('ref_axis',(0.,0.707106781186548,-0.707106781186548));
#8750=DIRECTION('',(-0.707106781186547,0.500000000000001,-0.499999999999999));
#8751=DIRECTION('center_axis',(-1.,0.,0.));
#8752=DIRECTION('ref_axis',(0.,0.707106781186547,-0.707106781186547));
#8753=DIRECTION('center_axis',(-1.,0.,0.));
#8754=DIRECTION('ref_axis',(0.,0.707106781186547,-0.707106781186548));
#8755=DIRECTION('center_axis',(0.707106781186548,0.500000000000001,-0.499999999999998));
#8756=DIRECTION('ref_axis',(-0.577350269189624,0.,-0.816496580927727));
#8757=DIRECTION('',(-0.707106781186548,0.500000000000009,-0.49999999999999));
#8758=DIRECTION('',(0.,0.707106781186545,0.70710678118655));
#8759=DIRECTION('',(0.,0.707106781186544,0.707106781186551));
#8760=DIRECTION('center_axis',(1.,0.,0.));
#8761=DIRECTION('ref_axis',(0.,-0.707106781186561,0.707106781186534));
#8762=DIRECTION('center_axis',(-1.,0.,0.));
#8763=DIRECTION('ref_axis',(0.,-0.707106781186561,0.707106781186534));
#8764=DIRECTION('center_axis',(1.,0.,0.));
#8765=DIRECTION('ref_axis',(0.,-0.707106781186534,-0.707106781186561));
#8766=DIRECTION('',(-0.707106781186534,-0.499999999999979,-0.500000000000041));
#8767=DIRECTION('',(0.707106781186548,-0.49999999999999,-0.500000000000009));
#8768=DIRECTION('center_axis',(-1.,0.,0.));
#8769=DIRECTION('ref_axis',(0.,-0.707106781186534,-0.707106781186561));
#8770=DIRECTION('center_axis',(0.707106781186548,-0.499999999999998,-0.500000000000002));
#8771=DIRECTION('ref_axis',(-0.577350269189627,0.,-0.816496580927725));
#8772=DIRECTION('',(-0.707106781186547,-0.5,-0.5));
#8773=DIRECTION('',(0.,0.70710678118655,-0.707106781186545));
#8774=DIRECTION('',(0.,0.707106781186549,-0.707106781186546));
#8775=DIRECTION('center_axis',(1.,0.,0.));
#8776=DIRECTION('ref_axis',(0.,-0.707106788637128,0.707106773735967));
#8777=DIRECTION('',(-0.707106781186547,0.499999978399739,0.500000021600261));
#8778=DIRECTION('center_axis',(-1.,0.,0.));
#8779=DIRECTION('ref_axis',(0.,0.707106781186547,0.707106781186547));
#8780=DIRECTION('center_axis',(-1.,0.,0.));
#8781=DIRECTION('ref_axis',(0.,0.707106781186547,0.707106781186547));
#8782=DIRECTION('center_axis',(0.707106781186547,0.499999999999998,0.500000000000002));
#8783=DIRECTION('ref_axis',(0.577350269189627,0.,-0.816496580927725));
#8784=DIRECTION('',(0.,-0.707106781186551,0.707106781186544));
#8785=DIRECTION('center_axis',(1.,0.,0.));
#8786=DIRECTION('ref_axis',(0.,0.707106781186561,-0.707106781186534));
#8787=DIRECTION('',(-0.707106781186548,0.500000000000009,-0.49999999999999));
#8788=DIRECTION('center_axis',(-1.,0.,0.));
#8789=DIRECTION('ref_axis',(0.,0.707106781186561,-0.707106781186534));
#8790=DIRECTION('',(0.707106781186548,0.500000000000009,-0.49999999999999));
#8791=DIRECTION('center_axis',(-1.,0.,0.));
#8792=DIRECTION('ref_axis',(0.,0.707106781186561,-0.707106781186534));
#8793=DIRECTION('center_axis',(0.707106781186547,0.500000000000002,-0.499999999999998));
#8794=DIRECTION('ref_axis',(-0.577350269189625,0.,-0.816496580927727));
#8795=DIRECTION('',(-0.707106781186547,0.500000000000001,-0.5));
#8796=DIRECTION('',(0.,0.707106781186545,0.70710678118655));
#8797=DIRECTION('',(0.,0.707106781186547,0.707106781186548));
#8798=DIRECTION('center_axis',(1.,0.,0.));
#8799=DIRECTION('ref_axis',(0.,-0.707106781186548,0.707106781186548));
#8800=DIRECTION('',(-0.707106781186548,-0.5,0.499999999999999));
#8801=DIRECTION('center_axis',(-1.,0.,0.));
#8802=DIRECTION('ref_axis',(0.,-0.707106781186548,0.707106781186547));
#8803=DIRECTION('center_axis',(0.707106781186547,-0.500000000000002,0.499999999999998));
#8804=DIRECTION('ref_axis',(0.577350269189625,0.,-0.816496580927727));
#8805=DIRECTION('',(0.,-0.707106781186545,-0.70710678118655));
#8806=DIRECTION('center_axis',(1.,0.,0.));
#8807=DIRECTION('ref_axis',(0.,0.707106781186561,-0.707106781186534));
#8808=DIRECTION('',(1.,0.,0.));
#8809=DIRECTION('center_axis',(1.,0.,0.));
#8810=DIRECTION('ref_axis',(0.,-0.707106781186548,-0.707106781186548));
#8811=DIRECTION('',(-0.707106781186548,-0.499999999999998,-0.500000000000002));
#8812=DIRECTION('',(0.707106781186547,-0.5,-0.500000000000001));
#8813=DIRECTION('center_axis',(-1.,0.,0.));
#8814=DIRECTION('ref_axis',(0.,-0.707106781186547,-0.707106781186548));
#8815=DIRECTION('center_axis',(0.707106781186548,-0.499999999999998,-0.500000000000002));
#8816=DIRECTION('ref_axis',(-0.577350269189627,0.,-0.816496580927725));
#8817=DIRECTION('',(-0.707106781186548,-0.49999999999999,-0.500000000000009));
#8818=DIRECTION('',(0.,0.70710678118655,-0.707106781186545));
#8819=DIRECTION('',(0.,0.70710678118655,-0.707106781186545));
#8820=DIRECTION('center_axis',(1.,0.,0.));
#8821=DIRECTION('ref_axis',(0.,0.707106781186534,0.707106781186561));
#8822=DIRECTION('',(-0.707106781186548,0.49999999999999,0.500000000000009));
#8823=DIRECTION('center_axis',(-1.,0.,0.));
#8824=DIRECTION('ref_axis',(0.,0.707106781186534,0.707106781186561));
#8825=DIRECTION('center_axis',(-1.,0.,0.));
#8826=DIRECTION('ref_axis',(0.,0.707106781186534,0.707106781186561));
#8827=DIRECTION('center_axis',(0.707106781186548,0.499999999999998,0.500000000000001));
#8828=DIRECTION('ref_axis',(0.577350269189626,0.,-0.816496580927726));
#8829=DIRECTION('',(0.,-0.707106781186548,0.707106781186547));
#8830=DIRECTION('center_axis',(0.,-0.707106781186548,0.707106781186547));
#8831=DIRECTION('ref_axis',(0.,0.707106781186547,0.707106781186548));
#8832=DIRECTION('',(0.,0.707106781186547,0.707106781186548));
#8833=DIRECTION('',(-1.,0.,0.));
#8834=DIRECTION('',(-1.,0.,0.));
#8835=DIRECTION('center_axis',(-1.,0.,0.));
#8836=DIRECTION('ref_axis',(0.,0.707106781186561,-0.707106781186534));
#8837=DIRECTION('center_axis',(-1.,0.,0.));
#8838=DIRECTION('ref_axis',(0.,0.707106781186561,-0.707106781186534));
#8839=DIRECTION('',(-1.,0.,0.));
#8840=DIRECTION('center_axis',(-0.707106781186548,-6.61091561551063E-17,
-0.707106781186547));
#8841=DIRECTION('ref_axis',(0.707106781186547,0.,-0.707106781186548));
#8842=DIRECTION('center_axis',(-1.,0.,0.));
#8843=DIRECTION('ref_axis',(0.,-0.707106781186548,0.707106781186547));
#8844=DIRECTION('center_axis',(-1.,0.,0.));
#8845=DIRECTION('ref_axis',(0.,-0.707106781186548,0.707106781186547));
#8846=DIRECTION('center_axis',(-0.707106781186548,-6.61091561551063E-17,
-0.707106781186547));
#8847=DIRECTION('ref_axis',(-0.707106781186547,0.,0.707106781186548));
#8848=DIRECTION('',(-1.,0.,0.));
#8849=DIRECTION('center_axis',(0.,0.70710678118655,-0.707106781186545));
#8850=DIRECTION('ref_axis',(0.,-0.707106781186545,-0.70710678118655));
#8851=DIRECTION('center_axis',(-1.,0.,0.));
#8852=DIRECTION('ref_axis',(0.,-0.707106788637128,0.707106773735967));
#8853=DIRECTION('',(-1.,0.,0.));
#8854=DIRECTION('',(-1.,0.,0.));
#8855=DIRECTION('center_axis',(0.,-0.707106781186544,-0.707106781186551));
#8856=DIRECTION('ref_axis',(0.,-0.707106781186551,0.707106781186544));
#8857=DIRECTION('',(-1.,0.,0.));
#8858=DIRECTION('center_axis',(-1.,0.,0.));
#8859=DIRECTION('ref_axis',(0.,-0.707106781186534,-0.707106781186561));
#8860=DIRECTION('',(-1.,0.,0.));
#8861=DIRECTION('center_axis',(0.,0.707106781186546,0.707106781186549));
#8862=DIRECTION('ref_axis',(0.,0.707106781186549,-0.707106781186546));
#8863=DIRECTION('center_axis',(0.,0.707106781186545,0.70710678118655));
#8864=DIRECTION('ref_axis',(0.,0.70710678118655,-0.707106781186545));
#8865=DIRECTION('',(0.,0.70710678118655,-0.707106781186545));
#8866=DIRECTION('',(-1.,0.,0.));
#8867=DIRECTION('',(-1.,0.,0.));
#8868=DIRECTION('center_axis',(-1.,0.,0.));
#8869=DIRECTION('ref_axis',(0.,-0.707106781186547,-0.707106781186548));
#8870=DIRECTION('center_axis',(-1.,0.,0.));
#8871=DIRECTION('ref_axis',(0.,-0.707106781186547,-0.707106781186548));
#8872=DIRECTION('',(1.,0.,0.));
#8873=DIRECTION('center_axis',(-0.707106781186548,-6.61091561551063E-17,
-0.707106781186547));
#8874=DIRECTION('ref_axis',(0.707106781186547,0.,-0.707106781186548));
#8875=DIRECTION('center_axis',(-1.,0.,0.));
#8876=DIRECTION('ref_axis',(0.,0.707106781186534,0.707106781186561));
#8877=DIRECTION('center_axis',(-1.,0.,0.));
#8878=DIRECTION('ref_axis',(0.,0.707106781186534,0.707106781186561));
#8879=DIRECTION('center_axis',(-0.707106781186548,-6.61091561551063E-17,
-0.707106781186547));
#8880=DIRECTION('ref_axis',(-0.707106781186547,0.,0.707106781186548));
#8881=DIRECTION('',(-1.,0.,0.));
#8882=DIRECTION('center_axis',(0.,-0.707106781186547,-0.707106781186548));
#8883=DIRECTION('ref_axis',(0.,-0.707106781186548,0.707106781186547));
#8884=DIRECTION('center_axis',(-1.,0.,0.));
#8885=DIRECTION('ref_axis',(0.,0.707106781186547,-0.707106781186548));
#8886=DIRECTION('',(-1.,0.,0.));
#8887=DIRECTION('',(-1.,0.,0.));
#8888=DIRECTION('center_axis',(0.,-0.707106781186551,0.707106781186544));
#8889=DIRECTION('ref_axis',(0.,0.707106781186544,0.707106781186551));
#8890=DIRECTION('',(-1.,0.,0.));
#8891=DIRECTION('center_axis',(-1.,0.,0.));
#8892=DIRECTION('ref_axis',(0.,-0.707106781186561,0.707106781186534));
#8893=DIRECTION('',(-1.,0.,0.));
#8894=DIRECTION('center_axis',(0.,0.707106781186549,-0.707106781186546));
#8895=DIRECTION('ref_axis',(0.,-0.707106781186546,-0.707106781186549));
#8896=DIRECTION('center_axis',(0.707106781186548,6.61091561551063E-17,0.707106781186547));
#8897=DIRECTION('ref_axis',(0.707106781186547,0.,-0.707106781186548));
#8898=DIRECTION('',(0.,1.,-9.34924652315921E-17));
#8899=DIRECTION('',(0.,-1.,9.34924652315921E-17));
#8900=DIRECTION('center_axis',(0.,0.707106781186545,0.70710678118655));
#8901=DIRECTION('ref_axis',(0.,-0.70710678118655,0.707106781186545));
#8902=DIRECTION('',(1.,0.,0.));
#8903=DIRECTION('center_axis',(1.,0.,0.));
#8904=DIRECTION('ref_axis',(0.,0.707106781186547,0.707106781186547));
#8905=DIRECTION('center_axis',(-1.,0.,0.));
#8906=DIRECTION('ref_axis',(0.,0.,1.));
#8907=DIRECTION('',(0.,-0.57735026918963,-0.816496580927723));
#8908=DIRECTION('',(0.,1.,-2.80477395694776E-16));
#8909=DIRECTION('',(0.,-1.,9.34924652315921E-17));
#8910=DIRECTION('',(0.,-1.,9.34924652315921E-17));
#8911=DIRECTION('',(0.,1.,-2.80477395694776E-16));
#8912=DIRECTION('',(0.,-0.577350269189621,0.816496580927729));
#8913=DIRECTION('center_axis',(1.,0.,0.));
#8914=DIRECTION('ref_axis',(0.,0.707106781186547,-0.707106781186547));
#8915=DIRECTION('',(1.,0.,0.));
#8916=DIRECTION('center_axis',(0.,-0.70710678118655,0.707106781186545));
#8917=DIRECTION('ref_axis',(0.,-0.707106781186545,-0.70710678118655));
#8918=DIRECTION('center_axis',(0.,0.707106781186545,0.70710678118655));
#8919=DIRECTION('ref_axis',(0.,-0.70710678118655,0.707106781186545));
#8920=DIRECTION('',(1.,0.,0.));
#8921=DIRECTION('center_axis',(1.,0.,0.));
#8922=DIRECTION('ref_axis',(0.,0.707106781186534,0.707106781186561));
#8923=DIRECTION('center_axis',(0.,-0.70710678118655,0.707106781186545));
#8924=DIRECTION('ref_axis',(0.,-0.707106781186545,-0.70710678118655));
#8925=DIRECTION('center_axis',(0.707106781186548,6.61091561551063E-17,0.707106781186547));
#8926=DIRECTION('ref_axis',(0.707106781186547,0.,-0.707106781186548));
#8927=DIRECTION('center_axis',(0.707106781186548,-0.707106781186548,0.));
#8928=DIRECTION('ref_axis',(0.,0.,-1.));
#8929=DIRECTION('',(-0.707106781186548,-0.707106781186548,1.58971861441732E-14));
#8930=DIRECTION('',(0.,0.,-1.));
#8931=DIRECTION('',(0.707106781186547,0.707106781186547,3.14018491736755E-16));
#8932=DIRECTION('center_axis',(-1.,0.,0.));
#8933=DIRECTION('ref_axis',(0.,-1.,-1.85037170770859E-17));
#8934=DIRECTION('',(0.707106781186547,-0.707106781186547,7.35115018011843E-17));
#8935=DIRECTION('center_axis',(1.,0.,0.));
#8936=DIRECTION('ref_axis',(0.,-1.,-1.85037170770859E-17));
#8937=DIRECTION('center_axis',(0.707106781186548,0.707106781186548,0.));
#8938=DIRECTION('ref_axis',(0.,0.,-1.));
#8939=DIRECTION('',(0.707106781186548,-0.707106781186548,-1.58971861441732E-14));
#8940=DIRECTION('',(0.,0.,1.));
#8941=DIRECTION('center_axis',(-2.24820162486594E-14,0.,-1.));
#8942=DIRECTION('ref_axis',(-1.,0.,2.24820162486594E-14));
#8943=DIRECTION('',(1.,0.,0.));
#8944=DIRECTION('',(0.,1.,0.));
#8945=DIRECTION('',(-1.,0.,2.24820162486594E-14));
#8946=DIRECTION('center_axis',(0.707106781186548,-0.707106781186548,0.));
#8947=DIRECTION('ref_axis',(0.,0.,-1.));
#8948=DIRECTION('',(-0.67859834561713,-0.67859834561713,0.28108463254221));
#8949=DIRECTION('',(0.,0.,-1.));
#8950=DIRECTION('center_axis',(0.70710678118655,-0.500000007064351,0.499999992935645));
#8951=DIRECTION('ref_axis',(0.577350263751481,0.,-0.816496584773075));
#8952=DIRECTION('',(0.,-0.707106771196044,-0.707106791177051));
#8953=DIRECTION('center_axis',(0.707106781186541,0.500000000000004,0.500000000000004));
#8954=DIRECTION('ref_axis',(0.577350269189632,0.,-0.816496580927721));
#8955=DIRECTION('',(0.,-0.707106781186547,0.707106781186548));
#8956=DIRECTION('center_axis',(1.,0.,0.));
#8957=DIRECTION('ref_axis',(0.,0.,-1.));
#8958=DIRECTION('',(0.,-0.707106781186548,0.707106781186548));
#8959=DIRECTION('',(0.,-0.707106781186546,-0.707106781186549));
#8960=DIRECTION('center_axis',(0.,-0.707106781186549,0.707106781186546));
#8961=DIRECTION('ref_axis',(0.,-0.707106781186546,-0.707106781186549));
#8962=DIRECTION('',(0.577350269189626,0.577350269189624,0.577350269189627));
#8963=DIRECTION('',(-0.577350269189625,0.577350269189625,0.577350269189628));
#8964=DIRECTION('center_axis',(-0.707106781186548,0.707106781186548,0.));
#8965=DIRECTION('ref_axis',(0.,0.,1.));
#8966=DIRECTION('center_axis',(0.707106781186548,-0.707106781186548,0.));
#8967=DIRECTION('ref_axis',(0.707106781186547,0.707106781186547,-1.65272890387766E-17));
#8968=DIRECTION('center_axis',(0.707106781186548,-0.707106781186548,0.));
#8969=DIRECTION('ref_axis',(-6.40993709287002E-16,-5.12794967429602E-16,
1.));
#8970=DIRECTION('',(0.577350269189626,0.577350269189626,-0.577350269189626));
#8971=DIRECTION('center_axis',(0.577350269189626,0.577350269189624,0.577350269189627));
#8972=DIRECTION('ref_axis',(-0.408248290463864,-0.408248290463864,0.816496580927725));
#8973=DIRECTION('center_axis',(0.707106781186548,0.707106781186548,0.));
#8974=DIRECTION('ref_axis',(5.12794967429601E-16,-5.76894338358302E-16,
1.));
#8975=DIRECTION('center_axis',(-0.577350269189625,0.577350269189626,-0.577350269189626));
#8976=DIRECTION('ref_axis',(-0.408248290463863,0.408248290463863,0.816496580927726));
#8977=DIRECTION('',(-0.577350269189625,0.577350269189626,-0.577350269189626));
#8978=DIRECTION('center_axis',(1.,0.,0.));
#8979=DIRECTION('ref_axis',(0.,-2.65747107651475E-16,-1.));
#8980=DIRECTION('center_axis',(1.,0.,0.));
#8981=DIRECTION('ref_axis',(0.,-1.,-1.75298372309235E-17));
#8982=DIRECTION('center_axis',(0.707106781186548,0.707106781186548,0.));
#8983=DIRECTION('ref_axis',(-0.707106781186547,0.707106781186547,-1.65272890387766E-17));
#8984=DIRECTION('center_axis',(-0.707106781186548,-0.707106781186548,0.));
#8985=DIRECTION('ref_axis',(0.,0.,1.));
#8986=DIRECTION('center_axis',(0.,-9.34924652315921E-17,-1.));
#8987=DIRECTION('ref_axis',(0.,1.,-9.34924652315921E-17));
#8988=DIRECTION('',(2.16620843538961E-31,-1.,9.34924652315921E-17));
#8989=DIRECTION('',(1.,0.,0.));
#8990=DIRECTION('',(0.,1.,-9.34924652315921E-17));
#8991=DIRECTION('center_axis',(0.,-9.34924652315921E-17,-1.));
#8992=DIRECTION('ref_axis',(0.,1.,-9.34924652315921E-17));
#8993=DIRECTION('',(2.16620843538961E-31,-1.,9.34924652315921E-17));
#8994=DIRECTION('',(-1.,0.,0.));
#8995=DIRECTION('center_axis',(0.707106781186548,6.61091561551063E-17,0.707106781186547));
#8996=DIRECTION('ref_axis',(0.707106781186547,0.,-0.707106781186548));
#8997=DIRECTION('center_axis',(0.707106781186551,-1.98327468465318E-16,
-0.707106781186544));
#8998=DIRECTION('ref_axis',(-0.707106781186544,0.,-0.707106781186551));
#8999=DIRECTION('',(0.707106781186544,6.76347520663783E-15,0.707106781186551));
#9000=DIRECTION('center_axis',(0.707106781186551,-1.98327468465318E-16,
-0.707106781186544));
#9001=DIRECTION('ref_axis',(-0.707106781186544,0.,-0.707106781186551));
#9002=DIRECTION('',(-0.707106781186544,-6.88425154961351E-15,-0.707106781186551));
#9003=DIRECTION('center_axis',(0.500000000000002,0.707106781186544,-0.500000000000003));
#9004=DIRECTION('ref_axis',(-0.707106781186549,0.,-0.707106781186546));
#9005=DIRECTION('center_axis',(0.500000000000006,-0.707106781186548,-0.499999999999994));
#9006=DIRECTION('ref_axis',(-0.707106781186539,0.,-0.707106781186556));
#9007=DIRECTION('center_axis',(-1.,0.,2.31698718182652E-15));
#9008=DIRECTION('ref_axis',(2.31698718182652E-15,0.,1.));
#9009=DIRECTION('',(2.31698718182652E-15,0.,1.));
#9010=DIRECTION('',(0.,-1.,0.));
#9011=DIRECTION('',(-2.31698718182652E-15,0.,-1.));
#9012=DIRECTION('',(-2.16620843538961E-31,1.,-9.34924652315921E-17));
#9013=DIRECTION('center_axis',(-1.,0.,2.31698718182652E-15));
#9014=DIRECTION('ref_axis',(2.31698718182652E-15,0.,1.));
#9015=DIRECTION('',(2.31698718182652E-15,0.,1.));
#9016=DIRECTION('',(0.,-1.,0.));
#9017=DIRECTION('',(-2.31698718182652E-15,0.,-1.));
#9018=DIRECTION('',(-2.16620843538961E-31,1.,-9.34924652315921E-17));
#9019=DIRECTION('center_axis',(0.,1.,0.));
#9020=DIRECTION('ref_axis',(-0.707106781186557,0.,-0.707106781186538));
#9021=DIRECTION('center_axis',(0.,1.,0.));
#9022=DIRECTION('ref_axis',(-0.707106781186556,0.,-0.707106781186539));
#9023=DIRECTION('',(0.,1.,0.));
#9024=DIRECTION('center_axis',(0.,-1.,0.));
#9025=DIRECTION('ref_axis',(-0.707106781186556,0.,-0.707106781186539));
#9026=DIRECTION('center_axis',(0.,1.,0.));
#9027=DIRECTION('ref_axis',(-0.707106781186557,0.,-0.707106781186538));
#9028=DIRECTION('center_axis',(0.,1.,0.));
#9029=DIRECTION('ref_axis',(-0.707106781186556,0.,-0.707106781186539));
#9030=DIRECTION('center_axis',(0.,-1.,0.));
#9031=DIRECTION('ref_axis',(-0.707106781186556,0.,-0.707106781186539));
#9032=DIRECTION('center_axis',(0.,1.,0.));
#9033=DIRECTION('ref_axis',(0.,0.,1.));
#9034=DIRECTION('center_axis',(-1.,0.,2.1316282072803E-14));
#9035=DIRECTION('ref_axis',(2.1316282072803E-14,0.,1.));
#9036=DIRECTION('center_axis',(3.55271367880051E-15,0.,1.));
#9037=DIRECTION('ref_axis',(1.,0.,-3.55271367880051E-15));
#9038=DIRECTION('center_axis',(-2.31698718182652E-15,0.,-1.));
#9039=DIRECTION('ref_axis',(0.707106781186547,0.707106781186547,-1.25607396694702E-15));
#9040=DIRECTION('center_axis',(-0.707106781186547,-6.61091561551065E-17,
-0.707106781186548));
#9041=DIRECTION('ref_axis',(0.707106781186548,1.57009245868378E-16,-0.707106781186547));
#9042=DIRECTION('center_axis',(0.707106781186547,6.61091561551065E-17,0.707106781186548));
#9043=DIRECTION('ref_axis',(0.707106781186548,0.,-0.707106781186547));
#9044=DIRECTION('center_axis',(-0.707106781186547,-6.61091561551065E-17,
-0.707106781186548));
#9045=DIRECTION('ref_axis',(0.707106781186548,7.8504622934189E-17,-0.707106781186547));
#9046=DIRECTION('center_axis',(2.31698718182652E-15,0.,1.));
#9047=DIRECTION('ref_axis',(0.707106781186547,-0.707106781186547,-1.25607396694702E-15));
#9048=DIRECTION('',(-2.31698718182652E-15,0.,-1.));
#9049=DIRECTION('center_axis',(-1.77635683940025E-15,0.,-1.));
#9050=DIRECTION('ref_axis',(1.,0.,-1.77635683940025E-15));
#9051=DIRECTION('center_axis',(0.,-1.,0.));
#9052=DIRECTION('ref_axis',(0.,0.,-1.));
#9053=DIRECTION('center_axis',(0.,-1.,0.));
#9054=DIRECTION('ref_axis',(-0.707106781186556,0.,-0.707106781186539));
#9055=DIRECTION('center_axis',(1.,0.,-2.1316282072803E-14));
#9056=DIRECTION('ref_axis',(2.1316282072803E-14,0.,1.));
#9057=DIRECTION('center_axis',(0.,-1.,0.));
#9058=DIRECTION('ref_axis',(0.,0.,-1.));
#9059=DIRECTION('',(1.,0.,0.));
#9060=DIRECTION('',(2.31698718182652E-15,0.,1.));
#9061=DIRECTION('center_axis',(0.,1.,0.));
#9062=DIRECTION('ref_axis',(-0.707106781186556,0.,-0.707106781186539));
#9063=DIRECTION('',(1.,0.,0.));
#9064=DIRECTION('center_axis',(1.,0.,-2.24820162486594E-14));
#9065=DIRECTION('ref_axis',(1.50728876033642E-14,0.707106781186547,0.707106781186547));
#9066=DIRECTION('center_axis',(-1.,0.,2.1316282072803E-14));
#9067=DIRECTION('ref_axis',(2.1316282072803E-14,0.,1.));
#9068=DIRECTION('center_axis',(0.,1.,0.));
#9069=DIRECTION('ref_axis',(0.,0.,1.));
#9070=DIRECTION('center_axis',(3.5527136788005E-15,0.,1.));
#9071=DIRECTION('ref_axis',(1.,0.,-3.5527136788005E-15));
#9072=DIRECTION('center_axis',(-2.31698718182652E-15,0.,-1.));
#9073=DIRECTION('ref_axis',(0.707106781186547,0.707106781186547,0.));
#9074=DIRECTION('center_axis',(-0.707106781186549,-6.61091561551063E-17,
-0.707106781186546));
#9075=DIRECTION('ref_axis',(0.707106781186546,0.,-0.707106781186549));
#9076=DIRECTION('center_axis',(0.707106781186549,6.61091561551063E-17,0.707106781186546));
#9077=DIRECTION('ref_axis',(0.707106781186546,0.,-0.707106781186549));
#9078=DIRECTION('center_axis',(-0.707106781186549,-6.61091561551063E-17,
-0.707106781186546));
#9079=DIRECTION('ref_axis',(0.707106781186546,0.,-0.707106781186549));
#9080=DIRECTION('center_axis',(2.31698718182652E-15,0.,1.));
#9081=DIRECTION('ref_axis',(0.707106781186547,-0.707106781186547,0.));
#9082=DIRECTION('center_axis',(-1.77635683940025E-15,0.,-1.));
#9083=DIRECTION('ref_axis',(1.,0.,-1.77635683940025E-15));
#9084=DIRECTION('center_axis',(0.,-1.,0.));
#9085=DIRECTION('ref_axis',(0.,0.,-1.));
#9086=DIRECTION('center_axis',(1.,0.,-2.1316282072803E-14));
#9087=DIRECTION('ref_axis',(2.1316282072803E-14,0.,1.));
#9088=DIRECTION('center_axis',(-1.,0.,2.24820162486594E-14));
#9089=DIRECTION('ref_axis',(1.50728876033642E-14,-0.707106781186547,0.707106781186547));
#9090=DIRECTION('center_axis',(1.,0.,0.));
#9091=DIRECTION('ref_axis',(1.50728876033642E-14,-0.707106781186547,0.707106781186547));
#9092=DIRECTION('center_axis',(1.,0.,0.));
#9093=DIRECTION('ref_axis',(0.,-1.,-1.75298372309235E-17));
#9094=DIRECTION('',(1.,0.,0.));
#9095=DIRECTION('center_axis',(-1.,0.,0.));
#9096=DIRECTION('ref_axis',(0.,0.630547667861668,-0.77615052570633));
#9097=DIRECTION('',(-1.,0.,0.));
#9098=DIRECTION('center_axis',(0.,0.707106781186548,0.707106781186548));
#9099=DIRECTION('ref_axis',(0.,-0.707106781186548,0.707106781186548));
#9100=DIRECTION('center_axis',(1.,0.,-2.24820162486594E-14));
#9101=DIRECTION('ref_axis',(1.50728876033642E-14,0.707106781186547,0.707106781186547));
#9102=DIRECTION('center_axis',(1.,0.,0.));
#9103=DIRECTION('ref_axis',(1.50728876033642E-14,0.707106781186547,0.707106781186547));
#9104=DIRECTION('',(1.,0.,-2.24820162486594E-14));
#9105=DIRECTION('center_axis',(-2.24820162486594E-14,0.,-1.));
#9106=DIRECTION('ref_axis',(-1.,0.,2.24820162486594E-14));
#9107=DIRECTION('',(-1.,0.,2.24820162486594E-14));
#9108=DIRECTION('center_axis',(-1.,0.,2.24820162486594E-14));
#9109=DIRECTION('ref_axis',(1.50728876033642E-14,-0.707106781186547,0.707106781186547));
#9110=DIRECTION('',(1.,0.,0.));
#9111=DIRECTION('center_axis',(0.,1.,0.));
#9112=DIRECTION('ref_axis',(0.,0.,1.));
#9113=DIRECTION('',(1.,0.,0.));
#9114=DIRECTION('center_axis',(1.,0.,0.));
#9115=DIRECTION('ref_axis',(0.,-1.,-1.75298372309235E-17));
#9116=DIRECTION('',(-1.,0.,0.));
#9117=DIRECTION('center_axis',(1.,0.,0.));
#9118=DIRECTION('ref_axis',(0.,-0.63054766786167,-0.776150525706327));
#9119=DIRECTION('',(1.,0.,0.));
#9120=DIRECTION('center_axis',(0.,1.,-2.2030284246777E-14));
#9121=DIRECTION('ref_axis',(0.,2.2030284246777E-14,1.));
#9122=DIRECTION('',(1.,0.,0.));
#9123=DIRECTION('center_axis',(1.,0.,0.));
#9124=DIRECTION('ref_axis',(0.,1.,0.));
#9125=DIRECTION('',(1.,0.,0.));
#9126=DIRECTION('center_axis',(0.,-1.,1.60804994502022E-16));
#9127=DIRECTION('ref_axis',(0.,-1.60804994502022E-16,-1.));
#9128=DIRECTION('center_axis',(1.,0.,0.));
#9129=DIRECTION('ref_axis',(0.,0.,-1.));
#9130=CARTESIAN_POINT('',(0.,0.,0.));
#9131=CARTESIAN_POINT('Origin',(19.5,25.,7.50000000000001));
#9132=CARTESIAN_POINT('',(20.,21.,7.50000000000001));
#9133=CARTESIAN_POINT('Origin',(20.,25.,7.50000000000001));
#9134=CARTESIAN_POINT('',(19.,22.,7.50000000000001));
#9135=CARTESIAN_POINT('',(19.5,21.5,7.50000000000001));
#9136=CARTESIAN_POINT('Origin',(19.,25.,7.50000000000001));
#9137=CARTESIAN_POINT('Origin',(19.,-2.22044604925031E-15,7.50000000000001));
#9138=CARTESIAN_POINT('',(19.,22.9,7.50000000000001));
#9139=CARTESIAN_POINT('Origin',(19.,25.,7.50000000000001));
#9140=CARTESIAN_POINT('Origin',(19.5,-25.,7.50000000000001));
#9141=CARTESIAN_POINT('',(20.,-29.,7.50000000000001));
#9142=CARTESIAN_POINT('Origin',(20.,-25.,7.50000000000001));
#9143=CARTESIAN_POINT('',(19.,-28.,7.50000000000001));
#9144=CARTESIAN_POINT('',(19.5,-28.5,7.50000000000001));
#9145=CARTESIAN_POINT('Origin',(19.,-25.,7.50000000000001));
#9146=CARTESIAN_POINT('Origin',(19.,-2.22044604925031E-15,7.50000000000001));
#9147=CARTESIAN_POINT('',(19.,-27.1,7.50000000000001));
#9148=CARTESIAN_POINT('Origin',(19.,-25.,7.50000000000001));
#9149=CARTESIAN_POINT('Origin',(14.0000002086163,18.,50.25));
#9150=CARTESIAN_POINT('',(16.6250001043081,17.9999998315023,50.5000000000001));
#9151=CARTESIAN_POINT('',(17.1250002086162,17.9999997994074,50.));
#9152=CARTESIAN_POINT('',(16.6250001043081,17.9999998315023,50.5000000000001));
#9153=CARTESIAN_POINT('',(10.8750002086163,18.,50.));
#9154=CARTESIAN_POINT('Origin',(14.0000002086163,18.,50.));
#9155=CARTESIAN_POINT('',(11.3750002086163,18.,50.5000000000001));
#9156=CARTESIAN_POINT('',(10.8750002086163,18.,50.));
#9157=CARTESIAN_POINT('Origin',(14.0000002086163,18.,50.5000000000001));
#9158=CARTESIAN_POINT('Origin',(16.8749976129486,-13.5000003660096,50.25));
#9159=CARTESIAN_POINT('',(16.6250004172325,24.9999998062849,50.5));
#9160=CARTESIAN_POINT('',(17.1250006579436,24.9999997667395,50.));
#9161=CARTESIAN_POINT('',(16.6250004172325,24.9999998062849,50.5));
#9162=CARTESIAN_POINT('',(17.1249976129486,-13.5000003857823,50.));
#9163=CARTESIAN_POINT('',(16.6249976129486,-13.5000003462369,50.5));
#9164=CARTESIAN_POINT('Origin',(14.0000002086163,25.,50.25));
#9165=CARTESIAN_POINT('',(11.375,25.,50.5000000000001));
#9166=CARTESIAN_POINT('',(10.875,25.,50.));
#9167=CARTESIAN_POINT('',(11.375,25.,50.5000000000001));
#9168=CARTESIAN_POINT('Origin',(14.0000002086163,25.,50.));
#9169=CARTESIAN_POINT('Origin',(14.0000002086163,25.,50.5000000000001));
#9170=CARTESIAN_POINT('Origin',(11.1250002086162,-10.,50.25));
#9171=CARTESIAN_POINT('',(10.8750002086162,-10.,50.));
#9172=CARTESIAN_POINT('',(11.3750002086162,-10.,50.5));
#9173=CARTESIAN_POINT('Origin',(16.6250001043081,17.9999998315023,50.));
#9174=CARTESIAN_POINT('',(16.6250001043081,17.9999998315023,56.));
#9175=CARTESIAN_POINT('',(16.6250001043081,17.9999998315023,50.));
#9176=CARTESIAN_POINT('',(16.6250004172325,24.9999998062849,56.));
#9177=CARTESIAN_POINT('',(16.6249993924912,9.00000044467077,56.));
#9178=CARTESIAN_POINT('',(16.6250004172325,24.9999998062849,50.));
#9179=CARTESIAN_POINT('Origin',(14.0000002086163,18.,50.));
#9180=CARTESIAN_POINT('',(11.3750002086163,18.,56.));
#9181=CARTESIAN_POINT('',(11.3750002086163,18.,50.));
#9182=CARTESIAN_POINT('Origin',(14.0000002086163,18.,56.));
#9183=CARTESIAN_POINT('Origin',(10.,-45.,50.));
#9184=CARTESIAN_POINT('',(10.,33.9140000000005,50.));
#9185=CARTESIAN_POINT('',(8.00015101140223,32.5000000000005,49.9998489885978));
#9186=CARTESIAN_POINT('',(-9.60015783971791,20.0545954792091,50.));
#9187=CARTESIAN_POINT('',(10.,47.5,50.));
#9188=CARTESIAN_POINT('',(10.,-22.5,50.));
#9189=CARTESIAN_POINT('',(26.0000000000003,47.5,50.));
#9190=CARTESIAN_POINT('',(15.,47.5,50.));
#9191=CARTESIAN_POINT('',(26.0000000000003,-47.5,50.));
#9192=CARTESIAN_POINT('',(26.0000000000003,-22.5,50.));
#9193=CARTESIAN_POINT('',(10.,-47.5,50.));
#9194=CARTESIAN_POINT('',(15.,-47.5,50.));
#9195=CARTESIAN_POINT('',(10.,-33.9139999999995,50.));
#9196=CARTESIAN_POINT('',(10.,-22.5,50.));
#9197=CARTESIAN_POINT('',(8.00015101140223,-32.4999999999995,49.9998489885978));
#9198=CARTESIAN_POINT('',(13.7797122625455,-36.5866601717794,50.));
#9199=CARTESIAN_POINT('',(8.,47.5,50.));
#9200=CARTESIAN_POINT('',(10.875,-18.,50.));
#9201=CARTESIAN_POINT('',(17.1250004172325,-18.0000002005926,50.));
#9202=CARTESIAN_POINT('Origin',(14.0000002086163,-18.,50.));
#9203=CARTESIAN_POINT('',(10.8750002086163,-25.,50.));
#9204=CARTESIAN_POINT('',(10.8750002086162,-31.5,50.));
#9205=CARTESIAN_POINT('',(17.1250002086162,-25.0000002005926,50.));
#9206=CARTESIAN_POINT('Origin',(14.0000002086163,-25.,50.));
#9207=CARTESIAN_POINT('',(17.1249993134003,-35.0000003857824,50.));
#9208=CARTESIAN_POINT('',(24.0000000000003,4.75000000000003,50.));
#9209=CARTESIAN_POINT('',(20.0000000000029,4.75000000000003,50.));
#9210=CARTESIAN_POINT('',(16.7500000000002,4.75000000000003,50.));
#9211=CARTESIAN_POINT('',(24.0000000000003,11.25,50.));
#9212=CARTESIAN_POINT('',(24.0000000000003,-22.5,50.));
#9213=CARTESIAN_POINT('',(20.0000000000029,11.25,50.));
#9214=CARTESIAN_POINT('',(16.7500000000015,11.25,50.));
#9215=CARTESIAN_POINT('',(20.0000000000029,-22.5,50.));
#9216=CARTESIAN_POINT('',(24.0000000000003,-11.25,50.));
#9217=CARTESIAN_POINT('',(20.0000000000029,-11.25,50.));
#9218=CARTESIAN_POINT('',(16.7500000000002,-11.25,50.));
#9219=CARTESIAN_POINT('',(24.0000000000003,-4.74999999999999,50.));
#9220=CARTESIAN_POINT('',(24.0000000000003,-22.5,50.));
#9221=CARTESIAN_POINT('',(20.0000000000029,-4.74999999999999,50.));
#9222=CARTESIAN_POINT('',(16.7500000000015,-4.74999999999999,50.));
#9223=CARTESIAN_POINT('',(20.0000000000029,-22.5,50.));
#9224=CARTESIAN_POINT('Origin',(14.0000002086163,-18.,50.25));
#9225=CARTESIAN_POINT('',(11.3750002086163,-18.,50.5));
#9226=CARTESIAN_POINT('',(11.3750002086163,-18.,50.5));
#9227=CARTESIAN_POINT('',(16.6250006579436,-18.0000001684978,50.5));
#9228=CARTESIAN_POINT('',(17.1250004172325,-18.0000002005926,50.));
#9229=CARTESIAN_POINT('Origin',(14.0000002086163,-18.,50.5));
#9230=CARTESIAN_POINT('Origin',(11.1250002086163,-31.5,50.25));
#9231=CARTESIAN_POINT('',(11.3750002086163,-25.,50.5));
#9232=CARTESIAN_POINT('',(11.3750002086163,-25.,50.5));
#9233=CARTESIAN_POINT('',(11.3750002086163,-31.5,50.5));
#9234=CARTESIAN_POINT('Origin',(14.0000002086163,-25.,50.25));
#9235=CARTESIAN_POINT('',(16.6250001043081,-25.0000001684977,50.5));
#9236=CARTESIAN_POINT('',(16.6250001043081,-25.0000001684977,50.5));
#9237=CARTESIAN_POINT('Origin',(14.0000002086163,-25.,50.5));
#9238=CARTESIAN_POINT('Origin',(16.8749993134003,-35.0000003660097,50.25));
#9239=CARTESIAN_POINT('',(16.6249993134003,-35.000000346237,50.5));
#9240=CARTESIAN_POINT('Origin',(11.3750002086163,-18.,50.));
#9241=CARTESIAN_POINT('',(11.3750002086163,-18.,56.));
#9242=CARTESIAN_POINT('',(11.3750002086163,-18.,50.));
#9243=CARTESIAN_POINT('',(11.3750002086163,-25.,56.));
#9244=CARTESIAN_POINT('',(11.3750002086163,-8.99999999999999,56.));
#9245=CARTESIAN_POINT('',(11.3750002086163,-25.,50.));
#9246=CARTESIAN_POINT('Origin',(14.0000002086163,-18.,50.));
#9247=CARTESIAN_POINT('',(16.6250006579436,-18.0000001684978,56.));
#9248=CARTESIAN_POINT('',(16.6250006579436,-18.0000001684978,50.));
#9249=CARTESIAN_POINT('Origin',(14.0000002086163,-18.,56.));
#9250=CARTESIAN_POINT('Origin',(20.2500000000029,8.,55.));
#9251=CARTESIAN_POINT('',(20.0000000000029,6.425,55.));
#9252=CARTESIAN_POINT('Origin',(20.0000000000029,8.,55.));
#9253=CARTESIAN_POINT('',(20.5000000000029,5.925,55.));
#9254=CARTESIAN_POINT('',(20.2500000000029,6.175,55.));
#9255=CARTESIAN_POINT('Origin',(20.5000000000029,8.,55.));
#9256=CARTESIAN_POINT('Origin',(20.5000000000029,0.,54.0877132402727));
#9257=CARTESIAN_POINT('',(20.5000000000005,10.75,50.5));
#9258=CARTESIAN_POINT('',(20.5000000000005,5.25000000000003,50.5));
#9259=CARTESIAN_POINT('',(20.5000000000029,-22.5,50.5));
#9260=CARTESIAN_POINT('',(20.5000000000029,10.75,56.5877132402715));
#9261=CARTESIAN_POINT('',(20.5000000000011,10.75,52.0438566201317));
#9262=CARTESIAN_POINT('',(20.5000000000036,7.99999999999999,58.175426480543));
#9263=CARTESIAN_POINT('',(20.5000000000037,7.26001587736703,58.6026565129411));
#9264=CARTESIAN_POINT('',(20.5000000000029,5.25,56.5877132402715));
#9265=CARTESIAN_POINT('',(20.5000000000027,4.11498412263298,55.9324115179391));
#9266=CARTESIAN_POINT('',(20.5000000000024,5.25,55.3377132402674));
#9267=CARTESIAN_POINT('Origin',(26.5000000000023,8.,55.));
#9268=CARTESIAN_POINT('',(18.5000000000023,6.425,55.));
#9269=CARTESIAN_POINT('',(26.5000000000023,6.425,55.));
#9270=CARTESIAN_POINT('Origin',(18.5000000000023,8.,55.));
#9271=CARTESIAN_POINT('Origin',(20.2500000000029,-8.,55.));
#9272=CARTESIAN_POINT('',(20.0000000000029,-9.575,55.));
#9273=CARTESIAN_POINT('Origin',(20.0000000000029,-8.,55.));
#9274=CARTESIAN_POINT('',(20.5000000000029,-10.075,55.));
#9275=CARTESIAN_POINT('',(20.2500000000029,-9.825,55.));
#9276=CARTESIAN_POINT('Origin',(20.5000000000029,-8.,55.));
#9277=CARTESIAN_POINT('Origin',(20.5000000000029,1.11022302462516E-15,54.0877132402727));
#9278=CARTESIAN_POINT('',(20.5000000000005,-5.24999999999999,50.5));
#9279=CARTESIAN_POINT('',(20.5000000000005,-10.75,50.5));
#9280=CARTESIAN_POINT('',(20.5000000000029,-22.5,50.5));
#9281=CARTESIAN_POINT('',(20.5000000000029,-5.25,56.5877132402715));
#9282=CARTESIAN_POINT('',(20.5000000000011,-5.24999999999999,52.0438566201317));
#9283=CARTESIAN_POINT('',(20.5000000000036,-8.00000000000001,58.1754264805429));
#9284=CARTESIAN_POINT('',(20.5000000000024,-2.73998412263296,55.1385548978034));
#9285=CARTESIAN_POINT('',(20.5000000000029,-10.75,56.5877132402715));
#9286=CARTESIAN_POINT('',(20.500000000004,-5.88501587736702,59.3965131330769));
#9287=CARTESIAN_POINT('',(20.5000000000024,-10.75,55.3377132402674));
#9288=CARTESIAN_POINT('Origin',(26.5000000000023,-8.,55.));
#9289=CARTESIAN_POINT('',(18.5000000000023,-9.575,55.));
#9290=CARTESIAN_POINT('',(26.5000000000023,-9.575,55.));
#9291=CARTESIAN_POINT('Origin',(18.5000000000023,-8.,55.));
#9292=CARTESIAN_POINT('Origin',(26.2500000000003,8.,54.9999999999999));
#9293=CARTESIAN_POINT('',(26.5000000000023,5.925,54.9999999999998));
#9294=CARTESIAN_POINT('Origin',(26.5000000000023,8.,54.9999999999998));
#9295=CARTESIAN_POINT('',(25.9999999999983,6.425,55.));
#9296=CARTESIAN_POINT('',(26.2500000000003,6.175,54.9999999999999));
#9297=CARTESIAN_POINT('Origin',(25.9999999999983,8.,55.));
#9298=CARTESIAN_POINT('Origin',(26.5000000000003,0.,50.));
#9299=CARTESIAN_POINT('',(26.5000000000005,-47.,50.5));
#9300=CARTESIAN_POINT('',(26.5000000000007,-47.,51.));
#9301=CARTESIAN_POINT('',(26.5000000000013,-47.,52.4999999999947));
#9302=CARTESIAN_POINT('',(26.5000000000005,47.,50.5));
#9303=CARTESIAN_POINT('',(26.5000000000005,-22.5,50.5));
#9304=CARTESIAN_POINT('',(26.5000000000007,47.,51.));
#9305=CARTESIAN_POINT('',(26.4999999999904,47.,24.9999999999947));
#9306=CARTESIAN_POINT('',(26.5,16.,51.));
#9307=CARTESIAN_POINT('',(26.5000000000007,0.,51.));
#9308=CARTESIAN_POINT('',(26.5000000000023,12.,55.0000000000004));
#9309=CARTESIAN_POINT('Origin',(26.5000000000023,16.,55.0000000000004));
#9310=CARTESIAN_POINT('',(26.5000000000039,8.,59.0000000000004));
#9311=CARTESIAN_POINT('Origin',(26.5000000000023,8.,55.0000000000004));
#9312=CARTESIAN_POINT('',(26.5000000000039,-7.99999999999999,59.0000000000004));
#9313=CARTESIAN_POINT('',(26.5000000000039,4.,59.0000000000004));
#9314=CARTESIAN_POINT('',(26.5000000000023,-12.,55.0000000000004));
#9315=CARTESIAN_POINT('Origin',(26.5000000000023,-8.,55.0000000000004));
#9316=CARTESIAN_POINT('',(26.5,-16.,51.));
#9317=CARTESIAN_POINT('Origin',(26.5000000000023,-16.,55.0000000000004));
#9318=CARTESIAN_POINT('',(26.5000000000007,0.,51.));
#9319=CARTESIAN_POINT('',(26.5000000000023,-10.075,54.9999999999998));
#9320=CARTESIAN_POINT('Origin',(26.5000000000023,-8.,54.9999999999998));
#9321=CARTESIAN_POINT('',(26.5000000000023,-3.,55.));
#9322=CARTESIAN_POINT('Origin',(26.5000000000003,2.34159062823227E-15,55.));
#9323=CARTESIAN_POINT('Origin',(26.5000000000023,8.,55.));
#9324=CARTESIAN_POINT('',(23.9000000000029,6.425,55.));
#9325=CARTESIAN_POINT('',(26.5000000000023,6.425,55.));
#9326=CARTESIAN_POINT('',(23.9000000000029,8.,56.575));
#9327=CARTESIAN_POINT('Origin',(23.9000000000029,8.,55.));
#9328=CARTESIAN_POINT('',(23.9000000000029,9.575,55.));
#9329=CARTESIAN_POINT('Origin',(23.9000000000029,8.,55.));
#9330=CARTESIAN_POINT('',(23.9000000000029,8.00000000000001,53.425));
#9331=CARTESIAN_POINT('Origin',(23.9000000000029,8.,55.));
#9332=CARTESIAN_POINT('Origin',(23.9000000000029,8.,55.));
#9333=CARTESIAN_POINT('Origin',(26.2500000000003,-8.,54.9999999999999));
#9334=CARTESIAN_POINT('',(25.9999999999983,-9.575,55.));
#9335=CARTESIAN_POINT('',(26.2500000000003,-9.825,54.9999999999999));
#9336=CARTESIAN_POINT('Origin',(25.9999999999983,-8.,55.));
#9337=CARTESIAN_POINT('Origin',(26.5000000000023,-8.,55.));
#9338=CARTESIAN_POINT('',(23.9000000000029,-9.575,55.));
#9339=CARTESIAN_POINT('',(26.5000000000023,-9.575,55.));
#9340=CARTESIAN_POINT('',(23.9000000000029,-8.,56.575));
#9341=CARTESIAN_POINT('Origin',(23.9000000000029,-8.,55.));
#9342=CARTESIAN_POINT('',(23.9000000000029,-6.425,55.));
#9343=CARTESIAN_POINT('Origin',(23.9000000000029,-8.,55.));
#9344=CARTESIAN_POINT('',(23.9000000000029,-8.,53.425));
#9345=CARTESIAN_POINT('Origin',(23.9000000000029,-8.,55.));
#9346=CARTESIAN_POINT('Origin',(23.9000000000029,-8.,55.));
#9347=CARTESIAN_POINT('Origin',(16.7500000000015,-4.99999999999999,50.25));
#9348=CARTESIAN_POINT('',(23.5000000000005,-5.24999999999999,50.5));
#9349=CARTESIAN_POINT('',(24.0000000000003,-4.74999999999999,50.));
#9350=CARTESIAN_POINT('',(16.7500000000015,-5.24999999999999,50.5));
#9351=CARTESIAN_POINT('',(20.5000000000005,-5.24999999999999,50.5));
#9352=CARTESIAN_POINT('Origin',(16.7500000000002,-11.,50.25));
#9353=CARTESIAN_POINT('',(23.5000000000005,-10.75,50.5));
#9354=CARTESIAN_POINT('',(16.7500000000002,-10.75,50.5));
#9355=CARTESIAN_POINT('',(23.5000000000005,-10.75,50.5));
#9356=CARTESIAN_POINT('',(20.0000000000029,-11.25,50.));
#9357=CARTESIAN_POINT('Origin',(23.7500000000004,-22.5,50.25));
#9358=CARTESIAN_POINT('',(23.5000000000005,-22.5,50.5));
#9359=CARTESIAN_POINT('Origin',(20.2500000000029,-22.5,50.25));
#9360=CARTESIAN_POINT('Origin',(23.5000000000019,1.11022302462516E-15,54.0877132402727));
#9361=CARTESIAN_POINT('',(23.5000000000017,-10.75,53.425));
#9362=CARTESIAN_POINT('',(23.5000000000024,-10.75,55.3377132402674));
#9363=CARTESIAN_POINT('',(23.5000000000017,-5.24999999999999,53.425));
#9364=CARTESIAN_POINT('',(23.5000000000017,-5.375,53.425));
#9365=CARTESIAN_POINT('',(23.5000000000011,-5.24999999999999,52.0438566201317));
#9366=CARTESIAN_POINT('Origin',(23.5000000000003,-10.75,50.));
#9367=CARTESIAN_POINT('',(23.5000000000029,-10.75,56.5877132402715));
#9368=CARTESIAN_POINT('',(23.5000000000029,-10.75,56.5877132402715));
#9369=CARTESIAN_POINT('',(23.5000000000029,-10.75,56.575));
#9370=CARTESIAN_POINT('',(23.5000000000024,-10.75,55.3377132402674));
#9371=CARTESIAN_POINT('',(23.7000000000029,-10.75,56.575));
#9372=CARTESIAN_POINT('',(23.5000000000029,-10.75,56.575));
#9373=CARTESIAN_POINT('',(23.7000000000017,-10.75,53.425));
#9374=CARTESIAN_POINT('',(23.7000000000026,-10.75,55.7874999999953));
#9375=CARTESIAN_POINT('',(23.5000000000017,-10.75,53.425));
#9376=CARTESIAN_POINT('Origin',(16.7500000000015,11.,50.25));
#9377=CARTESIAN_POINT('',(23.5000000000005,10.75,50.5));
#9378=CARTESIAN_POINT('',(24.0000000000003,11.25,50.));
#9379=CARTESIAN_POINT('',(16.7500000000015,10.75,50.5));
#9380=CARTESIAN_POINT('',(20.5000000000005,10.75,50.5));
#9381=CARTESIAN_POINT('Origin',(16.7500000000002,5.00000000000003,50.25));
#9382=CARTESIAN_POINT('',(23.5000000000005,5.25000000000003,50.5));
#9383=CARTESIAN_POINT('',(16.7500000000002,5.25000000000003,50.5));
#9384=CARTESIAN_POINT('',(23.5000000000005,5.25000000000003,50.5));
#9385=CARTESIAN_POINT('',(20.0000000000029,4.75000000000003,50.));
#9386=CARTESIAN_POINT('Origin',(23.7500000000004,-22.5,50.25));
#9387=CARTESIAN_POINT('',(23.5000000000005,-22.5,50.5));
#9388=CARTESIAN_POINT('Origin',(20.2500000000029,-22.5,50.25));
#9389=CARTESIAN_POINT('Origin',(23.5000000000019,1.11022302462516E-15,54.0877132402727));
#9390=CARTESIAN_POINT('',(23.5000000000017,5.25000000000001,53.425));
#9391=CARTESIAN_POINT('',(23.5000000000024,5.25,55.3377132402674));
#9392=CARTESIAN_POINT('',(23.5000000000017,10.75,53.425));
#9393=CARTESIAN_POINT('',(23.5000000000017,2.62500000000001,53.425));
#9394=CARTESIAN_POINT('',(23.5000000000011,10.75,52.0438566201317));
#9395=CARTESIAN_POINT('Origin',(23.5000000000003,5.25000000000003,50.));
#9396=CARTESIAN_POINT('',(23.5000000000029,5.25,56.5877132402715));
#9397=CARTESIAN_POINT('',(23.5000000000029,5.25,56.5877132402715));
#9398=CARTESIAN_POINT('',(23.5000000000029,5.25,56.575));
#9399=CARTESIAN_POINT('',(23.5000000000024,5.25,55.3377132402674));
#9400=CARTESIAN_POINT('',(23.7000000000029,5.25,56.575));
#9401=CARTESIAN_POINT('',(23.5000000000029,5.25,56.575));
#9402=CARTESIAN_POINT('',(23.7000000000017,5.25000000000001,53.425));
#9403=CARTESIAN_POINT('',(23.7000000000026,5.25,55.7874999999954));
#9404=CARTESIAN_POINT('',(23.5000000000017,5.25000000000001,53.425));
#9405=CARTESIAN_POINT('Origin',(14.0000002086163,18.,62.25));
#9406=CARTESIAN_POINT('',(9.50000020861625,18.,62.));
#9407=CARTESIAN_POINT('',(9.00000020861626,18.,62.5));
#9408=CARTESIAN_POINT('',(9.50000020861625,18.,62.));
#9409=CARTESIAN_POINT('',(19.0000002086163,17.9999999197635,62.5));
#9410=CARTESIAN_POINT('Origin',(14.0000002086163,18.,62.5));
#9411=CARTESIAN_POINT('',(18.5000000962851,17.9999999277871,62.));
#9412=CARTESIAN_POINT('',(19.0000002086163,17.9999999197635,62.5));
#9413=CARTESIAN_POINT('Origin',(14.0000002086163,18.,62.));
#9414=CARTESIAN_POINT('Origin',(9.25000020861626,32.5,62.25));
#9415=CARTESIAN_POINT('',(9.50000020861626,25.,62.));
#9416=CARTESIAN_POINT('',(9.00000020861626,25.,62.5));
#9417=CARTESIAN_POINT('',(9.50000020861626,25.,62.));
#9418=CARTESIAN_POINT('',(9.00000020861626,32.5,62.5));
#9419=CARTESIAN_POINT('',(9.50000020861626,32.5,62.));
#9420=CARTESIAN_POINT('Origin',(14.0000002086163,25.,62.25));
#9421=CARTESIAN_POINT('',(18.5000002086163,24.9999999277871,62.));
#9422=CARTESIAN_POINT('',(19.0000002086163,24.9999999197635,62.5));
#9423=CARTESIAN_POINT('',(18.5000002086163,24.9999999277871,62.));
#9424=CARTESIAN_POINT('Origin',(14.0000002086163,25.,62.5));
#9425=CARTESIAN_POINT('Origin',(14.0000002086163,25.,62.));
#9426=CARTESIAN_POINT('Origin',(18.7500002728055,28.9999998114441,62.25));
#9427=CARTESIAN_POINT('',(19.0000002728055,28.9999998074323,62.5));
#9428=CARTESIAN_POINT('',(18.5000002728055,28.999999815456,62.));
#9429=CARTESIAN_POINT('Origin',(9.50000020861626,25.,56.5));
#9430=CARTESIAN_POINT('',(9.50000020861625,18.,56.5));
#9431=CARTESIAN_POINT('',(9.50000020861625,18.,56.5));
#9432=CARTESIAN_POINT('',(9.50000020861626,25.,56.5));
#9433=CARTESIAN_POINT('',(9.50000020861625,12.5,56.5));
#9434=CARTESIAN_POINT('',(9.50000020861626,25.,56.5));
#9435=CARTESIAN_POINT('Origin',(14.0000002086163,18.,56.5));
#9436=CARTESIAN_POINT('',(18.5000000962851,17.9999999277871,56.5));
#9437=CARTESIAN_POINT('',(18.5000000962851,17.9999999277871,56.5));
#9438=CARTESIAN_POINT('Origin',(14.0000002086163,18.,56.5));
#9439=CARTESIAN_POINT('Origin',(0.,40.,62.5));
#9440=CARTESIAN_POINT('',(30.,40.,62.5));
#9441=CARTESIAN_POINT('',(30.,-40.,62.5));
#9442=CARTESIAN_POINT('',(30.,20.,62.5));
#9443=CARTESIAN_POINT('',(12.4999520497701,40.,62.5));
#9444=CARTESIAN_POINT('',(0.,40.,62.5));
#9445=CARTESIAN_POINT('',(7.50000000000005,35.0000479502299,62.5));
#9446=CARTESIAN_POINT('Origin',(17.4999040995402,30.0000959004598,62.5));
#9447=CARTESIAN_POINT('',(7.50000000000006,-35.0000479502299,62.5));
#9448=CARTESIAN_POINT('',(7.50000000000005,20.,62.5));
#9449=CARTESIAN_POINT('',(12.4999520497702,-40.,62.5));
#9450=CARTESIAN_POINT('Origin',(17.4999040995402,-30.0000959004599,62.5));
#9451=CARTESIAN_POINT('',(0.,-40.,62.5));
#9452=CARTESIAN_POINT('',(9.00000020861626,-25.,62.5));
#9453=CARTESIAN_POINT('',(19.0000002086163,-25.0000000802365,62.5));
#9454=CARTESIAN_POINT('Origin',(14.0000002086163,-25.,62.5));
#9455=CARTESIAN_POINT('',(9.00000020861626,-18.,62.5));
#9456=CARTESIAN_POINT('',(9.00000020861627,11.,62.5));
#9457=CARTESIAN_POINT('',(19.0000002086163,-18.0000000802365,62.5));
#9458=CARTESIAN_POINT('Origin',(14.0000002086163,-18.,62.5));
#9459=CARTESIAN_POINT('',(19.0000006178226,7.49999980743232,62.5));
#9460=CARTESIAN_POINT('Origin',(14.0000002086163,18.,56.25));
#9461=CARTESIAN_POINT('',(17.1250002086162,17.9999997994074,56.5));
#9462=CARTESIAN_POINT('',(17.1250002086162,17.9999997994074,56.5));
#9463=CARTESIAN_POINT('',(10.8750002086163,18.,56.5));
#9464=CARTESIAN_POINT('',(11.3750002086163,18.,56.));
#9465=CARTESIAN_POINT('Origin',(14.0000002086163,18.,56.5));
#9466=CARTESIAN_POINT('Origin',(16.8749993924912,9.00000042489808,56.25));
#9467=CARTESIAN_POINT('',(17.1250006579436,24.9999997667395,56.5));
#9468=CARTESIAN_POINT('',(17.1250006579436,24.9999997667395,56.5));
#9469=CARTESIAN_POINT('',(17.1249993924912,9.00000040512538,56.5));
#9470=CARTESIAN_POINT('Origin',(14.0000002086163,25.,56.25));
#9471=CARTESIAN_POINT('',(10.875,25.,56.5));
#9472=CARTESIAN_POINT('',(11.375,25.,56.));
#9473=CARTESIAN_POINT('',(10.875,25.,56.5));
#9474=CARTESIAN_POINT('Origin',(14.0000002086163,25.,56.));
#9475=CARTESIAN_POINT('Origin',(14.0000002086163,25.,56.5));
#9476=CARTESIAN_POINT('Origin',(11.1250002086163,12.5,56.25));
#9477=CARTESIAN_POINT('',(11.3750002086163,12.5,56.));
#9478=CARTESIAN_POINT('',(10.8750002086163,12.5,56.5));
#9479=CARTESIAN_POINT('Origin',(11.3750002086163,25.,50.));
#9480=CARTESIAN_POINT('',(11.375,25.,50.));
#9481=CARTESIAN_POINT('Origin',(30.0000002086163,1.82310307201605E-15,56.5));
#9482=CARTESIAN_POINT('',(18.5000002086163,24.9999999277871,56.5));
#9483=CARTESIAN_POINT('',(18.4999999518594,9.00000005616558,56.5));
#9484=CARTESIAN_POINT('Origin',(14.0000002086163,25.,56.5));
#9485=CARTESIAN_POINT('Origin',(14.0000002086163,-25.,56.25));
#9486=CARTESIAN_POINT('',(17.1250002086162,-25.0000002005926,56.5));
#9487=CARTESIAN_POINT('',(16.6250001043081,-25.0000001684977,56.));
#9488=CARTESIAN_POINT('',(17.1250002086162,-25.0000002005926,56.5));
#9489=CARTESIAN_POINT('Origin',(14.0000002086163,-25.,56.));
#9490=CARTESIAN_POINT('',(10.8750002086163,-25.,56.5));
#9491=CARTESIAN_POINT('',(11.3750002086163,-25.,56.));
#9492=CARTESIAN_POINT('Origin',(14.0000002086163,-25.,56.5));
#9493=CARTESIAN_POINT('Origin',(16.8750010929429,-12.4999995751021,56.25));
#9494=CARTESIAN_POINT('',(17.1250006579436,-18.0000002080432,56.5));
#9495=CARTESIAN_POINT('',(17.1250006579436,-18.0000002080432,56.5));
#9496=CARTESIAN_POINT('',(16.6250010929429,-12.4999995553294,56.));
#9497=CARTESIAN_POINT('',(17.1250010929429,-12.4999995948748,56.5));
#9498=CARTESIAN_POINT('Origin',(14.0000002086163,-18.,56.25));
#9499=CARTESIAN_POINT('',(10.875,-18.,56.5));
#9500=CARTESIAN_POINT('',(10.875,-18.,56.5));
#9501=CARTESIAN_POINT('Origin',(14.0000002086163,-18.,56.5));
#9502=CARTESIAN_POINT('Origin',(11.1250002086163,-8.99999999999999,56.25));
#9503=CARTESIAN_POINT('',(10.8750002086163,-8.99999999999999,56.5));
#9504=CARTESIAN_POINT('Origin',(14.0000002086163,-25.,50.));
#9505=CARTESIAN_POINT('',(16.6250001043081,-25.0000001684977,50.));
#9506=CARTESIAN_POINT('Origin',(30.0000002086163,1.82310307201605E-15,56.5));
#9507=CARTESIAN_POINT('',(9.50000020861626,-18.,56.5));
#9508=CARTESIAN_POINT('',(9.50000020861625,-25.,56.5));
#9509=CARTESIAN_POINT('',(9.50000020861626,-8.99999999999999,56.5));
#9510=CARTESIAN_POINT('',(18.5000000962851,-25.0000000722129,56.5));
#9511=CARTESIAN_POINT('Origin',(14.0000002086163,-25.,56.5));
#9512=CARTESIAN_POINT('',(18.5000002086163,-18.0000000722129,56.5));
#9513=CARTESIAN_POINT('',(18.5000002968764,-12.4999999438344,56.5));
#9514=CARTESIAN_POINT('Origin',(14.0000002086163,-18.,56.5));
#9515=CARTESIAN_POINT('Origin',(14.0000002086163,-25.,62.25));
#9516=CARTESIAN_POINT('',(9.50000020861625,-25.,62.));
#9517=CARTESIAN_POINT('',(9.50000020861625,-25.,62.));
#9518=CARTESIAN_POINT('',(18.5000000962851,-25.0000000722129,62.));
#9519=CARTESIAN_POINT('',(19.0000002086163,-25.0000000802365,62.5));
#9520=CARTESIAN_POINT('Origin',(14.0000002086163,-25.,62.));
#9521=CARTESIAN_POINT('Origin',(9.25000020861627,11.,62.25));
#9522=CARTESIAN_POINT('',(9.50000020861626,-18.,62.));
#9523=CARTESIAN_POINT('',(9.50000020861626,-18.,62.));
#9524=CARTESIAN_POINT('',(9.50000020861627,11.,62.));
#9525=CARTESIAN_POINT('Origin',(14.0000002086163,-18.,62.25));
#9526=CARTESIAN_POINT('',(18.5000002086163,-18.0000000722129,62.));
#9527=CARTESIAN_POINT('',(18.5000002086163,-18.0000000722129,62.));
#9528=CARTESIAN_POINT('Origin',(14.0000002086163,-18.,62.));
#9529=CARTESIAN_POINT('Origin',(18.7500006178226,7.49999981144414,62.25));
#9530=CARTESIAN_POINT('',(18.5000006178226,7.49999981545597,62.));
#9531=CARTESIAN_POINT('Origin',(9.50000020861626,-18.,56.5));
#9532=CARTESIAN_POINT('',(9.50000020861625,-25.,56.5));
#9533=CARTESIAN_POINT('',(9.50000020861626,-18.,56.5));
#9534=CARTESIAN_POINT('Origin',(14.0000002086163,-25.,56.5));
#9535=CARTESIAN_POINT('',(18.5000000962851,-25.0000000722129,56.5));
#9536=CARTESIAN_POINT('Origin',(3.25,0.,2.77555756156289E-16));
#9537=CARTESIAN_POINT('',(3.5,-17.5,-1.86557614235158E-15));
#9538=CARTESIAN_POINT('Origin',(3.5,0.,2.77555756156289E-16));
#9539=CARTESIAN_POINT('',(3.,-18.,2.48191999462152E-15));
#9540=CARTESIAN_POINT('',(3.25,-17.75,-1.89619231233026E-15));
#9541=CARTESIAN_POINT('Origin',(3.,0.,2.77555756156289E-16));
#9542=CARTESIAN_POINT('Origin',(0.,0.,2.77555756156289E-16));
#9543=CARTESIAN_POINT('',(9.5,-17.5,2.42068765466416E-15));
#9544=CARTESIAN_POINT('',(0.,-17.5,-1.86557614235158E-15));
#9545=CARTESIAN_POINT('Origin',(9.5,0.,2.77555756156289E-16));
#9546=CARTESIAN_POINT('Origin',(3.,0.,0.));
#9547=CARTESIAN_POINT('',(3.,-22.9366063877759,11.1428042885189));
#9548=CARTESIAN_POINT('',(3.,-20.5050933427842,8.56261351217188));
#9549=CARTESIAN_POINT('',(3.,-13.6448076192858,1.28284753134174));
#9550=CARTESIAN_POINT('',(3.,22.936606387776,11.1428042885189));
#9551=CARTESIAN_POINT('Origin',(3.,0.,2.77555756156289E-16));
#9552=CARTESIAN_POINT('',(3.,20.5050933427842,8.56261351217193));
#9553=CARTESIAN_POINT('',(3.,15.0306779550278,2.75345854239926));
#9554=CARTESIAN_POINT('',(3.,21.8322963754466,4.13860340329728));
#9555=CARTESIAN_POINT('',(3.,20.8783691957205,7.318360669051));
#9556=CARTESIAN_POINT('',(3.,25.2825636568692,3.32294672487466));
#9557=CARTESIAN_POINT('',(3.,12.0976912406927,6.43990212665162));
#9558=CARTESIAN_POINT('',(3.,-25.2825636568692,3.32294672487468));
#9559=CARTESIAN_POINT('Origin',(3.,0.,2.77555756156289E-16));
#9560=CARTESIAN_POINT('',(3.,-21.8322963754466,4.13860340329724));
#9561=CARTESIAN_POINT('',(3.,-14.0642129032245,5.97500871507629));
#9562=CARTESIAN_POINT('',(3.,-21.4590205225103,5.38285624641845));
#9563=CARTESIAN_POINT('Origin',(0.25,-24.7487373415291,-24.7487373415292));
#9564=CARTESIAN_POINT('',(0.5,-22.8925820409145,-26.6048926421439));
#9565=CARTESIAN_POINT('',(0.,-22.5390286503211,-26.9584460327372));
#9566=CARTESIAN_POINT('',(0.5,-22.8925820409145,-26.6048926421439));
#9567=CARTESIAN_POINT('',(0.,-26.9584460327371,-22.5390286503212));
#9568=CARTESIAN_POINT('Origin',(0.,-24.7487373415291,-24.7487373415292));
#9569=CARTESIAN_POINT('',(0.5,-26.6048926421439,-22.8925820409145));
#9570=CARTESIAN_POINT('',(0.,-26.9584460327371,-22.5390286503212));
#9571=CARTESIAN_POINT('Origin',(0.5,-24.7487373415291,-24.7487373415292));
#9572=CARTESIAN_POINT('Origin',(0.25,-8.4664366748533,-12.5323006666758));
#9573=CARTESIAN_POINT('',(0.5,-21.6438446993853,-25.3561553006147));
#9574=CARTESIAN_POINT('',(0.,-21.2902913087921,-25.709708691208));
#9575=CARTESIAN_POINT('',(0.5,-21.6438446993853,-25.3561553006147));
#9576=CARTESIAN_POINT('',(0.,-8.28965997955666,-12.7090773619725));
#9577=CARTESIAN_POINT('',(0.5,-8.64321337014994,-12.3555239713792));
#9578=CARTESIAN_POINT('Origin',(0.25,-23.5,-23.5));
#9579=CARTESIAN_POINT('',(0.5,-25.3561553006147,-21.6438446993853));
#9580=CARTESIAN_POINT('',(0.,-25.709708691208,-21.290291308792));
#9581=CARTESIAN_POINT('',(0.5,-25.3561553006147,-21.6438446993853));
#9582=CARTESIAN_POINT('Origin',(0.,-23.5,-23.5));
#9583=CARTESIAN_POINT('Origin',(0.5,-23.5,-23.5));
#9584=CARTESIAN_POINT('Origin',(0.25,-11.9079319959114,-7.84206800408861));
#9585=CARTESIAN_POINT('',(0.,-12.084708691208,-7.66529130879198));
#9586=CARTESIAN_POINT('',(0.5,-11.7311553006147,-8.01884469938525));
#9587=CARTESIAN_POINT('Origin',(0.,-22.8925820409145,-26.6048926421439));
#9588=CARTESIAN_POINT('',(5.,-22.8925820409145,-26.6048926421439));
#9589=CARTESIAN_POINT('',(0.,-22.8925820409145,-26.6048926421439));
#9590=CARTESIAN_POINT('',(5.,-21.6438446993853,-25.3561553006147));
#9591=CARTESIAN_POINT('',(5.,-10.5182133701499,-14.2305239713792));
#9592=CARTESIAN_POINT('',(0.,-21.6438446993853,-25.3561553006147));
#9593=CARTESIAN_POINT('Origin',(0.,-24.7487373415291,-24.7487373415292));
#9594=CARTESIAN_POINT('',(5.,-26.6048926421439,-22.8925820409145));
#9595=CARTESIAN_POINT('',(0.,-26.6048926421439,-22.8925820409145));
#9596=CARTESIAN_POINT('Origin',(5.,-24.7487373415291,-24.7487373415292));
#9597=CARTESIAN_POINT('Origin',(0.,0.,7.50000000000001));
#9598=CARTESIAN_POINT('',(0.,-2.30940107675851,51.));
#9599=CARTESIAN_POINT('',(-5.55111512312578E-16,-4.55514662664394,54.8897453932733));
#9600=CARTESIAN_POINT('',(-5.55111512312578E-16,11.709385147002,26.7187499999999));
#9601=CARTESIAN_POINT('',(0.,2.3094010767585,51.));
#9602=CARTESIAN_POINT('',(0.,-1.0103629710818,51.));
#9603=CARTESIAN_POINT('',(-5.55111512312578E-16,4.55514662664391,54.8897453932732));
#9604=CARTESIAN_POINT('',(-5.55111512312578E-16,-12.214566632543,25.84375));
#9605=CARTESIAN_POINT('',(2.22044604925031E-15,4.58151360919473,54.9999999999999));
#9606=CARTESIAN_POINT('',(1.38777878078145E-16,-0.880741799495606,32.1593575121804));
#9607=CARTESIAN_POINT('',(2.22044604925031E-15,42.5,54.9999999999999));
#9608=CARTESIAN_POINT('',(2.22044604925031E-15,0.,54.9999999999999));
#9609=CARTESIAN_POINT('',(0.,42.5,21.2132034355964));
#9610=CARTESIAN_POINT('',(0.,42.5,3.75));
#9611=CARTESIAN_POINT('',(0.,-42.5,21.2132034355964));
#9612=CARTESIAN_POINT('Origin',(0.,0.,0.));
#9613=CARTESIAN_POINT('',(2.22044604925031E-15,-42.5,54.9999999999999));
#9614=CARTESIAN_POINT('',(0.,-42.5,31.25));
#9615=CARTESIAN_POINT('',(2.22044604925031E-15,-4.58151360919474,54.9999999999999));
#9616=CARTESIAN_POINT('',(2.22044604925031E-15,0.,54.9999999999999));
#9617=CARTESIAN_POINT('',(1.38777878078145E-16,0.783253689680117,32.5670079965509));
#9618=CARTESIAN_POINT('',(0.,22.5390286503212,-26.9584460327371));
#9619=CARTESIAN_POINT('',(0.,21.290291308792,-25.709708691208));
#9620=CARTESIAN_POINT('',(0.,7.66529130879199,-12.084708691208));
#9621=CARTESIAN_POINT('',(0.,26.9584460327372,-22.5390286503211));
#9622=CARTESIAN_POINT('Origin',(0.,24.7487373415292,-24.7487373415291));
#9623=CARTESIAN_POINT('',(0.,25.709708691208,-21.290291308792));
#9624=CARTESIAN_POINT('',(0.,12.7090773619725,-8.28965997955667));
#9625=CARTESIAN_POINT('Origin',(0.,23.5,-23.5));
#9626=CARTESIAN_POINT('',(0.,25.709708691208,21.290291308792));
#9627=CARTESIAN_POINT('',(0.,21.290291308792,25.709708691208));
#9628=CARTESIAN_POINT('Origin',(0.,23.5,23.5));
#9629=CARTESIAN_POINT('',(0.,26.9584460327371,22.5390286503212));
#9630=CARTESIAN_POINT('',(0.,15.834708691208,11.415291308792));
#9631=CARTESIAN_POINT('',(0.,22.539028650321,26.9584460327371));
#9632=CARTESIAN_POINT('Origin',(0.,24.7487373415291,24.7487373415292));
#9633=CARTESIAN_POINT('',(0.,12.0396599795566,16.4590773619725));
#9634=CARTESIAN_POINT('',(0.,2.30940107675826,-35.9999999999997));
#9635=CARTESIAN_POINT('',(0.,4.61880215351697,-39.9999999999997));
#9636=CARTESIAN_POINT('',(0.,-6.31476856926205,-21.0625000000006));
#9637=CARTESIAN_POINT('',(0.,-2.30940107675873,-36.));
#9638=CARTESIAN_POINT('',(0.,1.01036297108327,-35.9999999999998));
#9639=CARTESIAN_POINT('',(0.,-4.61880215351715,-40.0000000000003));
#9640=CARTESIAN_POINT('',(0.,7.32513154034271,-19.3124999999992));
#9641=CARTESIAN_POINT('',(0.,-2.30940107675851,-44.0000000000002));
#9642=CARTESIAN_POINT('',(0.,-14.2533347706194,-23.312500000001));
#9643=CARTESIAN_POINT('',(0.,2.30940107675863,-44.));
#9644=CARTESIAN_POINT('',(0.,-1.01036297108095,-44.0000000000001));
#9645=CARTESIAN_POINT('',(0.,13.2429717995364,-25.0624999999986));
#9646=CARTESIAN_POINT('',(0.,25.8023161498273,3.20007520292311));
#9647=CARTESIAN_POINT('',(0.,-25.8023161498273,3.20007520292314));
#9648=CARTESIAN_POINT('Origin',(0.,0.,2.77555756156289E-16));
#9649=CARTESIAN_POINT('',(0.,26.3272030326624,3.07598989112535));
#9650=CARTESIAN_POINT('',(0.,11.258098722154,6.63838508146126));
#9651=CARTESIAN_POINT('',(0.,29.4949066572158,6.43738648782808));
#9652=CARTESIAN_POINT('',(0.,21.3386199194458,-2.21762601699145));
#9653=CARTESIAN_POINT('',(0.,28.1677036245534,10.8613965967027));
#9654=CARTESIAN_POINT('',(0.,28.0895207125363,11.1220063034262));
#9655=CARTESIAN_POINT('',(0.,23.6727969673376,11.9240101088747));
#9656=CARTESIAN_POINT('',(0.,15.0651209765769,13.9588983754634));
#9657=CARTESIAN_POINT('',(0.,23.3028924936667,11.5314873901251));
#9658=CARTESIAN_POINT('',(0.,16.9023805653096,4.73960861511258));
#9659=CARTESIAN_POINT('',(0.,-23.3028924936667,11.5314873901251));
#9660=CARTESIAN_POINT('Origin',(0.,0.,2.77555756156289E-16));
#9661=CARTESIAN_POINT('',(0.,-23.6727969673375,11.9240101088746));
#9662=CARTESIAN_POINT('',(0.,-15.5165102295677,3.2689976040551));
#9663=CARTESIAN_POINT('',(0.,-28.1677036245534,10.8613965967028));
#9664=CARTESIAN_POINT('',(0.,-13.0985993140448,14.4237917870385));
#9665=CARTESIAN_POINT('',(0.,-29.4949066572158,6.43738648782814));
#9666=CARTESIAN_POINT('',(0.,-27.5088693857464,13.057510726059));
#9667=CARTESIAN_POINT('',(0.,-26.3272030326625,3.07598989112538));
#9668=CARTESIAN_POINT('',(0.,-22.7244902551881,-0.747015005933945));
#9669=CARTESIAN_POINT('',(0.,-13.2246203846859,6.1734916698859));
#9670=CARTESIAN_POINT('',(0.,-25.709708691208,21.290291308792));
#9671=CARTESIAN_POINT('',(0.,-26.9584460327371,22.5390286503211));
#9672=CARTESIAN_POINT('',(0.,-16.4590773619725,12.0396599795566));
#9673=CARTESIAN_POINT('',(0.,-21.290291308792,25.709708691208));
#9674=CARTESIAN_POINT('Origin',(0.,-23.5,23.5));
#9675=CARTESIAN_POINT('',(0.,-22.5390286503212,26.9584460327371));
#9676=CARTESIAN_POINT('',(0.,-11.415291308792,15.834708691208));
#9677=CARTESIAN_POINT('Origin',(0.,-24.7487373415292,24.7487373415291));
#9678=CARTESIAN_POINT('Origin',(0.25,7.84206800408863,-11.9079319959114));
#9679=CARTESIAN_POINT('',(0.5,22.8925820409145,-26.6048926421438));
#9680=CARTESIAN_POINT('',(0.5,22.8925820409145,-26.6048926421438));
#9681=CARTESIAN_POINT('',(0.5,21.6438446993853,-25.3561553006147));
#9682=CARTESIAN_POINT('',(0.,21.290291308792,-25.709708691208));
#9683=CARTESIAN_POINT('',(0.5,8.01884469938527,-11.7311553006147));
#9684=CARTESIAN_POINT('Origin',(0.25,24.7487373415292,-24.7487373415291));
#9685=CARTESIAN_POINT('',(0.5,26.6048926421439,-22.8925820409145));
#9686=CARTESIAN_POINT('',(0.5,26.6048926421439,-22.8925820409145));
#9687=CARTESIAN_POINT('Origin',(0.5,24.7487373415292,-24.7487373415291));
#9688=CARTESIAN_POINT('Origin',(0.25,12.5323006666759,-8.46643667485331));
#9689=CARTESIAN_POINT('',(0.5,25.3561553006147,-21.6438446993853));
#9690=CARTESIAN_POINT('',(0.5,25.3561553006147,-21.6438446993853));
#9691=CARTESIAN_POINT('',(0.5,12.3555239713792,-8.64321337014995));
#9692=CARTESIAN_POINT('Origin',(0.25,23.5,-23.5));
#9693=CARTESIAN_POINT('Origin',(0.5,23.5,-23.5));
#9694=CARTESIAN_POINT('Origin',(0.,24.7487373415292,-24.7487373415291));
#9695=CARTESIAN_POINT('',(5.,22.8925820409145,-26.6048926421438));
#9696=CARTESIAN_POINT('',(0.,22.8925820409145,-26.6048926421438));
#9697=CARTESIAN_POINT('',(5.,26.6048926421439,-22.8925820409145));
#9698=CARTESIAN_POINT('Origin',(5.,24.7487373415292,-24.7487373415291));
#9699=CARTESIAN_POINT('',(0.,26.6048926421439,-22.8925820409145));
#9700=CARTESIAN_POINT('Origin',(0.,21.6438446993853,-25.3561553006147));
#9701=CARTESIAN_POINT('',(5.,21.6438446993853,-25.3561553006147));
#9702=CARTESIAN_POINT('',(0.,21.6438446993853,-25.3561553006147));
#9703=CARTESIAN_POINT('',(5.,9.89384469938527,-13.6061553006147));
#9704=CARTESIAN_POINT('Origin',(0.25,-16.2823006666758,12.2164366748533));
#9705=CARTESIAN_POINT('',(0.5,-25.3561553006147,21.6438446993853));
#9706=CARTESIAN_POINT('',(0.5,-25.3561553006147,21.6438446993853));
#9707=CARTESIAN_POINT('',(0.5,-26.6048926421438,22.8925820409143));
#9708=CARTESIAN_POINT('',(0.,-26.9584460327371,22.5390286503211));
#9709=CARTESIAN_POINT('',(0.5,-16.1055239713792,12.3932133701499));
#9710=CARTESIAN_POINT('Origin',(0.25,-23.5,23.5));
#9711=CARTESIAN_POINT('',(0.5,-21.6438446993853,25.3561553006147));
#9712=CARTESIAN_POINT('',(0.5,-21.6438446993853,25.3561553006147));
#9713=CARTESIAN_POINT('Origin',(0.5,-23.5,23.5));
#9714=CARTESIAN_POINT('Origin',(0.25,-11.5920680040886,15.6579319959114));
#9715=CARTESIAN_POINT('',(0.5,-22.8925820409145,26.6048926421439));
#9716=CARTESIAN_POINT('',(0.5,-22.8925820409145,26.6048926421439));
#9717=CARTESIAN_POINT('',(0.5,-11.7688446993853,15.4811553006147));
#9718=CARTESIAN_POINT('Origin',(0.25,-24.7487373415292,24.7487373415291));
#9719=CARTESIAN_POINT('Origin',(0.5,-24.7487373415292,24.7487373415291));
#9720=CARTESIAN_POINT('Origin',(0.,-23.5,23.5));
#9721=CARTESIAN_POINT('',(5.,-25.3561553006147,21.6438446993853));
#9722=CARTESIAN_POINT('',(0.,-25.3561553006147,21.6438446993853));
#9723=CARTESIAN_POINT('',(5.,-21.6438446993853,25.3561553006147));
#9724=CARTESIAN_POINT('Origin',(5.,-23.5,23.5));
#9725=CARTESIAN_POINT('',(0.,-21.6438446993853,25.3561553006147));
#9726=CARTESIAN_POINT('Origin',(0.,-26.6048926421438,22.8925820409144));
#9727=CARTESIAN_POINT('',(5.,-26.6048926421438,22.8925820409143));
#9728=CARTESIAN_POINT('',(0.,-26.6048926421438,22.8925820409143));
#9729=CARTESIAN_POINT('',(5.,-14.2305239713792,10.5182133701499));
#9730=CARTESIAN_POINT('Origin',(0.25,23.5,23.5));
#9731=CARTESIAN_POINT('',(0.5,25.3561553006147,21.6438446993853));
#9732=CARTESIAN_POINT('',(0.5,25.3561553006147,21.6438446993853));
#9733=CARTESIAN_POINT('',(0.5,21.6438446993853,25.3561553006147));
#9734=CARTESIAN_POINT('',(0.,21.290291308792,25.709708691208));
#9735=CARTESIAN_POINT('Origin',(0.5,23.5,23.5));
#9736=CARTESIAN_POINT('Origin',(0.25,15.6579319959114,11.5920680040887));
#9737=CARTESIAN_POINT('',(0.5,26.6048926421438,22.8925820409145));
#9738=CARTESIAN_POINT('',(0.5,26.6048926421438,22.8925820409145));
#9739=CARTESIAN_POINT('',(0.5,15.4811553006147,11.7688446993853));
#9740=CARTESIAN_POINT('Origin',(0.25,24.7487373415291,24.7487373415292));
#9741=CARTESIAN_POINT('',(0.5,22.8925820409143,26.6048926421439));
#9742=CARTESIAN_POINT('',(0.5,22.8925820409143,26.6048926421439));
#9743=CARTESIAN_POINT('Origin',(0.5,24.7487373415291,24.7487373415292));
#9744=CARTESIAN_POINT('Origin',(0.25,12.2164366748533,16.2823006666758));
#9745=CARTESIAN_POINT('',(0.5,12.3932133701499,16.1055239713792));
#9746=CARTESIAN_POINT('Origin',(0.,25.3561553006147,21.6438446993853));
#9747=CARTESIAN_POINT('',(5.,25.3561553006147,21.6438446993853));
#9748=CARTESIAN_POINT('',(0.,25.3561553006147,21.6438446993853));
#9749=CARTESIAN_POINT('',(5.,26.6048926421438,22.8925820409145));
#9750=CARTESIAN_POINT('',(5.,13.6061553006147,9.89384469938528));
#9751=CARTESIAN_POINT('',(0.,26.6048926421438,22.8925820409145));
#9752=CARTESIAN_POINT('Origin',(0.,23.5,23.5));
#9753=CARTESIAN_POINT('',(5.,21.6438446993853,25.3561553006147));
#9754=CARTESIAN_POINT('',(0.,21.6438446993853,25.3561553006147));
#9755=CARTESIAN_POINT('Origin',(5.,23.5,23.5));
#9756=CARTESIAN_POINT('Origin',(3.25,-13.8267485470945,1.11139054318404));
#9757=CARTESIAN_POINT('',(3.5,-21.0669566749361,8.42978682315039));
#9758=CARTESIAN_POINT('',(3.5,-23.1661593578239,10.6573477285818));
#9759=CARTESIAN_POINT('',(3.5,-14.0086894749032,0.939933555026332));
#9760=CARTESIAN_POINT('Origin',(-6.05038313613852,0.,2.77555756156289E-16));
#9761=CARTESIAN_POINT('',(3.,-20.5050933427842,8.56261351217188));
#9762=CARTESIAN_POINT('Origin',(3.25,-21.6984770938155,5.45469321781004));
#9763=CARTESIAN_POINT('',(3.5,-22.2282593285158,4.55877797788509));
#9764=CARTESIAN_POINT('',(3.,-21.8322963754466,4.13860340329724));
#9765=CARTESIAN_POINT('',(3.5,-21.9379336651208,5.52653018920164));
#9766=CARTESIAN_POINT('Origin',(3.25,-14.1217285467211,6.21830267462559));
#9767=CARTESIAN_POINT('',(3.5,-25.2069850025402,3.85459557952754));
#9768=CARTESIAN_POINT('Origin',(-6.05038313613779,0.,2.77555756156289E-16));
#9769=CARTESIAN_POINT('',(3.5,-14.1792441902177,6.46159663417488));
#9770=CARTESIAN_POINT('Origin',(0.,-21.0669566749361,8.42978682315039));
#9771=CARTESIAN_POINT('',(0.5,-23.1661593578239,10.6573477285818));
#9772=CARTESIAN_POINT('',(0.,-23.1661593578239,10.6573477285818));
#9773=CARTESIAN_POINT('',(8.,-21.0669566749361,8.42978682315039));
#9774=CARTESIAN_POINT('',(0.,-21.0669566749361,8.42978682315039));
#9775=CARTESIAN_POINT('',(8.,-23.8386973464203,11.3710088452653));
#9776=CARTESIAN_POINT('',(8.,-21.0669566749361,8.42978682315039));
#9777=CARTESIAN_POINT('',(0.5,-23.8386973464203,11.3710088452653));
#9778=CARTESIAN_POINT('',(0.,-23.8386973464203,11.3710088452653));
#9779=CARTESIAN_POINT('',(0.5,-15.8803920851851,2.92608362773969));
#9780=CARTESIAN_POINT('Origin',(0.,-22.2282593285158,4.55877797788509));
#9781=CARTESIAN_POINT('',(8.,-22.2282593285158,4.55877797788509));
#9782=CARTESIAN_POINT('',(0.,-22.2282593285158,4.55877797788509));
#9783=CARTESIAN_POINT('',(8.,-22.0344619319151,5.20476929988743));
#9784=CARTESIAN_POINT('',(8.,-22.2282593285158,4.55877797788509));
#9785=CARTESIAN_POINT('',(8.2,-22.0344619319151,5.20476929988743));
#9786=CARTESIAN_POINT('',(8.,-22.0344619319151,5.20476929988743));
#9787=CARTESIAN_POINT('',(8.2,-21.2607540715369,7.78379550114805));
#9788=CARTESIAN_POINT('',(8.2,-20.8049244701016,9.30322750593214));
#9789=CARTESIAN_POINT('',(8.,-21.2607540715369,7.78379550114805));
#9790=CARTESIAN_POINT('',(8.,-21.2607540715369,7.78379550114805));
#9791=CARTESIAN_POINT('',(8.,-22.2282593285158,4.55877797788509));
#9792=CARTESIAN_POINT('Origin',(0.,-26.1613026535797,3.62899115473471));
#9793=CARTESIAN_POINT('',(0.5,-25.2069850025402,3.85459557952754));
#9794=CARTESIAN_POINT('',(0.,-25.2069850025402,3.85459557952754));
#9795=CARTESIAN_POINT('',(0.5,-26.1613026535797,3.62899115473471));
#9796=CARTESIAN_POINT('',(0.5,-13.3396516716791,6.66007958898449));
#9797=CARTESIAN_POINT('',(8.,-26.1613026535797,3.62899115473471));
#9798=CARTESIAN_POINT('',(0.,-26.1613026535797,3.62899115473471));
#9799=CARTESIAN_POINT('',(8.,-26.1613026535797,3.62899115473471));
#9800=CARTESIAN_POINT('Origin',(3.25,12.1552068841893,6.68319608620092));
#9801=CARTESIAN_POINT('',(3.5,22.2282593285158,4.55877797788512));
#9802=CARTESIAN_POINT('',(3.5,25.2069850025402,3.85459557952752));
#9803=CARTESIAN_POINT('',(3.5,12.2127225276859,6.92649004575021));
#9804=CARTESIAN_POINT('Origin',(-6.05038313613808,0.,2.77555756156289E-16));
#9805=CARTESIAN_POINT('',(3.,21.8322963754466,4.13860340329728));
#9806=CARTESIAN_POINT('Origin',(3.25,21.1178257670258,7.39019764044258));
#9807=CARTESIAN_POINT('',(3.5,21.0669566749362,8.42978682315044));
#9808=CARTESIAN_POINT('',(3.5,21.357282338331,7.46203461183417));
#9809=CARTESIAN_POINT('',(3.,20.5050933427842,8.56261351217193));
#9810=CARTESIAN_POINT('Origin',(3.25,15.2126188828365,2.58200155424156));
#9811=CARTESIAN_POINT('',(3.5,23.1661593578239,10.6573477285817));
#9812=CARTESIAN_POINT('Origin',(-6.05038313613823,0.,2.77555756156289E-16));
#9813=CARTESIAN_POINT('',(3.5,15.3945598106452,2.41054456608385));
#9814=CARTESIAN_POINT('Origin',(0.,22.2282593285158,4.55877797788512));
#9815=CARTESIAN_POINT('',(0.5,25.2069850025402,3.85459557952752));
#9816=CARTESIAN_POINT('',(0.,25.2069850025402,3.85459557952752));
#9817=CARTESIAN_POINT('',(8.2,22.2282593285158,4.55877797788512));
#9818=CARTESIAN_POINT('',(0.,22.2282593285158,4.55877797788512));
#9819=CARTESIAN_POINT('',(8.2,22.3825545238801,4.52230199029279));
#9820=CARTESIAN_POINT('',(8.2,11.4190149929699,7.11412561093996));
#9821=CARTESIAN_POINT('',(8.,22.3825545238801,4.52230199029279));
#9822=CARTESIAN_POINT('',(8.,22.3825545238801,4.52230199029279));
#9823=CARTESIAN_POINT('',(8.,26.1613026535796,3.62899115473469));
#9824=CARTESIAN_POINT('',(8.,22.2282593285158,4.55877797788512));
#9825=CARTESIAN_POINT('',(0.5,26.1613026535796,3.62899115473469));
#9826=CARTESIAN_POINT('',(0.,26.1613026535796,3.62899115473469));
#9827=CARTESIAN_POINT('',(0.5,11.3731300091472,7.12497300055984));
#9828=CARTESIAN_POINT('Origin',(0.,21.0669566749362,8.42978682315044));
#9829=CARTESIAN_POINT('',(8.2,21.0669566749362,8.42978682315044));
#9830=CARTESIAN_POINT('',(0.,21.0669566749362,8.42978682315044));
#9831=CARTESIAN_POINT('',(8.2,20.3291726515636,10.8890669010589));
#9832=CARTESIAN_POINT('Origin',(0.,23.8386973464204,11.3710088452653));
#9833=CARTESIAN_POINT('',(0.5,23.1661593578239,10.6573477285817));
#9834=CARTESIAN_POINT('',(0.,23.1661593578239,10.6573477285817));
#9835=CARTESIAN_POINT('',(0.5,23.8386973464204,11.3710088452653));
#9836=CARTESIAN_POINT('',(0.5,17.266262420927,4.39669463879716));
#9837=CARTESIAN_POINT('',(8.,23.8386973464204,11.3710088452653));
#9838=CARTESIAN_POINT('',(0.,23.8386973464204,11.3710088452653));
#9839=CARTESIAN_POINT('',(8.,21.1756934045014,8.54517238822163));
#9840=CARTESIAN_POINT('',(8.,23.8386973464204,11.3710088452653));
#9841=CARTESIAN_POINT('',(8.2,21.1756934045014,8.54517238822163));
#9842=CARTESIAN_POINT('',(8.,21.1756934045014,8.54517238822163));
#9843=CARTESIAN_POINT('',(8.2,15.9575490848943,3.00795848314752));
#9844=CARTESIAN_POINT('Origin',(13.7500000000004,47.25,52.25));
#9845=CARTESIAN_POINT('',(30.,47.5,52.5));
#9846=CARTESIAN_POINT('',(30.,47.,52.));
#9847=CARTESIAN_POINT('',(30.,24.25,29.25));
#9848=CARTESIAN_POINT('',(27.5000000000007,47.,52.));
#9849=CARTESIAN_POINT('',(13.7500000000004,47.,52.));
#9850=CARTESIAN_POINT('',(27.5000000000007,47.5,52.5));
#9851=CARTESIAN_POINT('',(27.5000000000007,47.,52.));
#9852=CARTESIAN_POINT('',(13.7500000000004,47.5,52.5));
#9853=CARTESIAN_POINT('Origin',(27.5000000000007,47.25,51.));
#9854=CARTESIAN_POINT('',(26.0000000000007,47.5,51.));
#9855=CARTESIAN_POINT('',(26.5000000000007,47.,51.));
#9856=CARTESIAN_POINT('Origin',(27.5000000000007,47.5,51.));
#9857=CARTESIAN_POINT('Origin',(27.5000000000007,47.,51.));
#9858=CARTESIAN_POINT('Origin',(26.2499999999904,47.25,24.9999999999948));
#9859=CARTESIAN_POINT('',(25.9999999999904,47.5,24.9999999999949));
#9860=CARTESIAN_POINT('',(26.5000000000005,47.,50.5));
#9861=CARTESIAN_POINT('Origin',(26.2500000000004,-22.5,50.25));
#9862=CARTESIAN_POINT('',(26.5000000000005,-47.,50.5));
#9863=CARTESIAN_POINT('Origin',(26.2500000000013,-47.25,52.4999999999948));
#9864=CARTESIAN_POINT('',(26.0000000000007,-47.5,51.0000000000002));
#9865=CARTESIAN_POINT('',(26.5000000000007,-47.,51.));
#9866=CARTESIAN_POINT('',(26.0000000000013,-47.5,52.4999999999949));
#9867=CARTESIAN_POINT('Origin',(27.5000000000007,-47.25,51.));
#9868=CARTESIAN_POINT('',(27.5000000000007,-47.,52.));
#9869=CARTESIAN_POINT('',(27.5000000000007,-47.5,52.5));
#9870=CARTESIAN_POINT('',(27.5000000000007,-47.,52.));
#9871=CARTESIAN_POINT('Origin',(27.5000000000007,-47.5,51.));
#9872=CARTESIAN_POINT('Origin',(27.5000000000007,-47.,51.));
#9873=CARTESIAN_POINT('Origin',(13.7500000000004,-47.25,52.25));
#9874=CARTESIAN_POINT('',(30.,-47.,52.));
#9875=CARTESIAN_POINT('',(30.,-47.5,52.5));
#9876=CARTESIAN_POINT('',(30.,-24.2500000000002,29.2499999999998));
#9877=CARTESIAN_POINT('',(13.7500000000004,-47.5,52.5));
#9878=CARTESIAN_POINT('',(13.7500000000004,-47.,52.));
#9879=CARTESIAN_POINT('Origin',(27.5000000000007,0.,51.));
#9880=CARTESIAN_POINT('',(27.5000000000007,-16.,52.));
#9881=CARTESIAN_POINT('Origin',(27.5000000000007,-16.,51.));
#9882=CARTESIAN_POINT('',(27.5000000000007,0.,52.));
#9883=CARTESIAN_POINT('Origin',(27.5000000000007,0.,51.));
#9884=CARTESIAN_POINT('',(27.5000000000007,16.,52.));
#9885=CARTESIAN_POINT('',(27.5000000000007,0.,52.));
#9886=CARTESIAN_POINT('Origin',(27.5000000000007,16.,51.));
#9887=CARTESIAN_POINT('Origin',(27.5000000000007,0.,52.));
#9888=CARTESIAN_POINT('',(30.,46.25,52.));
#9889=CARTESIAN_POINT('',(30.,0.,52.));
#9890=CARTESIAN_POINT('',(32.5,43.75,52.));
#9891=CARTESIAN_POINT('',(41.2500000000002,34.9999999999998,52.));
#9892=CARTESIAN_POINT('',(32.5,16.,52.));
#9893=CARTESIAN_POINT('',(32.5,0.,52.));
#9894=CARTESIAN_POINT('',(30.,16.,52.));
#9895=CARTESIAN_POINT('Origin',(1.75579754698274,-3.4887132143246,56.4250786330996));
#9896=CARTESIAN_POINT('',(4.16143782776622,-2.02072594216369,58.5));
#9897=CARTESIAN_POINT('',(0.661437827766232,-4.04145188432738,55.));
#9898=CARTESIAN_POINT('',(1.87796447300925,-3.33908989821996,56.216526645243));
#9899=CARTESIAN_POINT('',(0.499999999999997,-4.26647149204912,55.3897453932733));
#9900=CARTESIAN_POINT('',(0.533913658111936,-4.21920104651384,55.3078705799098));
#9901=CARTESIAN_POINT('',(-1.74528439807802,-5.56278704368675,53.1444609951954));
#9902=CARTESIAN_POINT('',(3.85355339059334,-2.35666352179907,58.8535533905933));
#9903=CARTESIAN_POINT('',(1.63363062095623,-3.63833653042924,56.6336306209562));
#9904=CARTESIAN_POINT('',(4.00000000000007,-2.15253937656715,58.5));
#9905=CARTESIAN_POINT('',(3.85355339059334,-2.35666352179907,58.8535533905933));
#9906=CARTESIAN_POINT('',(2.82168191229301,-3.11463206642524,58.5));
#9907=CARTESIAN_POINT('Origin',(3.9267766952967,1.01036297108186,58.6767766952966));
#9908=CARTESIAN_POINT('',(4.00000000000006,2.15253937656715,58.5));
#9909=CARTESIAN_POINT('',(4.00000000000006,1.01036297108186,58.5));
#9910=CARTESIAN_POINT('',(3.85355339059333,2.35666352179908,58.8535533905933));
#9911=CARTESIAN_POINT('',(3.85355339059333,1.01036297108186,58.8535533905933));
#9912=CARTESIAN_POINT('',(3.85355339059333,2.35666352179908,58.8535533905933));
#9913=CARTESIAN_POINT('Origin',(0.755797546982737,4.06606348351423,55.4250786330996));
#9914=CARTESIAN_POINT('',(0.633630620956228,4.21568679961887,55.6336306209562));
#9915=CARTESIAN_POINT('',(0.500000000000001,4.26647149204909,55.3897453932732));
#9916=CARTESIAN_POINT('',(-2.49528439807805,5.99579974557894,52.3944609951952));
#9917=CARTESIAN_POINT('',(0.661437827766212,4.04145188432738,55.));
#9918=CARTESIAN_POINT('',(1.21088811420854,3.2756023332737,53.6735096666212));
#9919=CARTESIAN_POINT('',(4.16143782776621,2.02072594216369,58.5));
#9920=CARTESIAN_POINT('',(0.877964473009247,3.91644016740959,55.216526645243));
#9921=CARTESIAN_POINT('',(1.39031106239453,4.28334147140695,58.5));
#9922=CARTESIAN_POINT('Origin',(0.,-2.02072594216369,58.5));
#9923=CARTESIAN_POINT('',(8.2,-2.02072594216369,58.5));
#9924=CARTESIAN_POINT('',(0.,-2.02072594216369,58.5));
#9925=CARTESIAN_POINT('',(8.2,-2.09999999999998,58.3626933041054));
#9926=CARTESIAN_POINT('',(8.2,-12.7978467603573,39.8334791835804));
#9927=CARTESIAN_POINT('',(8.,-2.09999999999998,58.3626933041054));
#9928=CARTESIAN_POINT('',(8.,-2.09999999999998,58.3626933041054));
#9929=CARTESIAN_POINT('',(8.,-4.04145188432738,55.));
#9930=CARTESIAN_POINT('',(8.,-2.02072594216369,58.5));
#9931=CARTESIAN_POINT('',(0.,-4.04145188432738,55.));
#9932=CARTESIAN_POINT('Origin',(0.,2.02072594216369,58.5));
#9933=CARTESIAN_POINT('',(8.2,2.02072594216369,58.5));
#9934=CARTESIAN_POINT('',(0.,2.02072594216369,58.5));
#9935=CARTESIAN_POINT('',(8.2,1.05881232023208,58.5));
#9936=CARTESIAN_POINT('Origin',(0.,4.04145188432738,55.));
#9937=CARTESIAN_POINT('',(8.,4.04145188432738,55.));
#9938=CARTESIAN_POINT('',(0.,4.04145188432738,55.));
#9939=CARTESIAN_POINT('',(8.,2.1,58.3626933041054));
#9940=CARTESIAN_POINT('',(8.,4.04145188432738,55.));
#9941=CARTESIAN_POINT('',(8.2,2.1,58.3626933041054));
#9942=CARTESIAN_POINT('',(8.,2.1,58.3626933041054));
#9943=CARTESIAN_POINT('',(8.2,12.8617084638505,39.7228674684722));
#9944=CARTESIAN_POINT('Origin',(0.25,-7.54163789128949,34.4375));
#9945=CARTESIAN_POINT('',(0.5,2.02072594216369,51.5));
#9946=CARTESIAN_POINT('',(0.5,-7.7581442422356,34.5625));
#9947=CARTESIAN_POINT('',(0.,2.3094010767585,51.));
#9948=CARTESIAN_POINT('Origin',(0.25,6.53127492020761,36.1875));
#9949=CARTESIAN_POINT('',(0.5,-2.0207259421637,51.5));
#9950=CARTESIAN_POINT('',(0.499999999999999,1.35316469341317,45.65625));
#9951=CARTESIAN_POINT('',(0.5,-2.0207259421637,51.5));
#9952=CARTESIAN_POINT('Origin',(0.25,-1.0103629710818,51.25));
#9953=CARTESIAN_POINT('',(0.5,-1.0103629710818,51.5));
#9954=CARTESIAN_POINT('Origin',(0.,2.02072594216369,51.5));
#9955=CARTESIAN_POINT('',(8.2,2.02072594216369,51.5));
#9956=CARTESIAN_POINT('',(0.,2.02072594216369,51.5));
#9957=CARTESIAN_POINT('',(8.2,2.1,51.6373066958946));
#9958=CARTESIAN_POINT('',(8.2,-7.74603190494807,34.5834791835804));
#9959=CARTESIAN_POINT('',(8.,2.1,51.6373066958946));
#9960=CARTESIAN_POINT('',(8.,2.1,51.6373066958946));
#9961=CARTESIAN_POINT('',(8.,2.02072594216369,51.5));
#9962=CARTESIAN_POINT('Origin',(0.,-2.0207259421637,51.5));
#9963=CARTESIAN_POINT('',(8.2,-2.0207259421637,51.5));
#9964=CARTESIAN_POINT('',(0.,-2.0207259421637,51.5));
#9965=CARTESIAN_POINT('',(8.2,-0.961913621931623,51.5));
#9966=CARTESIAN_POINT('Origin',(0.,-4.04145188432738,55.));
#9967=CARTESIAN_POINT('',(8.,-2.09999999999998,51.6373066958946));
#9968=CARTESIAN_POINT('',(8.,-4.04145188432738,55.));
#9969=CARTESIAN_POINT('',(8.2,-2.09999999999998,51.6373066958946));
#9970=CARTESIAN_POINT('',(8.,-2.09999999999998,51.6373066958946));
#9971=CARTESIAN_POINT('',(8.2,7.73061955060497,34.6101741643668));
#9972=CARTESIAN_POINT('Origin',(32.25,2.4980018054066E-13,-40.));
#9973=CARTESIAN_POINT('',(32.5,-2.59999999999975,-40.));
#9974=CARTESIAN_POINT('Origin',(32.5,2.4980018054066E-13,-40.));
#9975=CARTESIAN_POINT('',(32.,-2.09999999999975,-40.));
#9976=CARTESIAN_POINT('',(32.25,-2.34999999999975,-40.));
#9977=CARTESIAN_POINT('Origin',(32.,2.4980018054066E-13,-40.));
#9978=CARTESIAN_POINT('Origin',(0.,2.4980018054066E-13,-40.));
#9979=CARTESIAN_POINT('',(8.4,2.40918396343659E-13,-42.1));
#9980=CARTESIAN_POINT('',(8.4,-2.09999999999975,-40.));
#9981=CARTESIAN_POINT('Origin',(8.4,2.4980018054066E-13,-40.));
#9982=CARTESIAN_POINT('',(0.,-2.09999999999975,-40.));
#9983=CARTESIAN_POINT('',(8.4,2.4980018054066E-13,-37.9));
#9984=CARTESIAN_POINT('Origin',(8.4,2.4980018054066E-13,-40.));
#9985=CARTESIAN_POINT('',(8.4,2.10000000000025,-40.));
#9986=CARTESIAN_POINT('Origin',(8.4,2.4980018054066E-13,-40.));
#9987=CARTESIAN_POINT('Origin',(8.4,2.4980018054066E-13,-40.));
#9988=CARTESIAN_POINT('Origin',(32.5,0.,7.50000000000001));
#9989=CARTESIAN_POINT('',(32.5,43.75,12.5000000000003));
#9990=CARTESIAN_POINT('',(32.5,43.75,-4.27073636799087E-15));
#9991=CARTESIAN_POINT('',(32.5,43.75,3.75));
#9992=CARTESIAN_POINT('',(32.5,42.5,11.2500000000003));
#9993=CARTESIAN_POINT('Origin',(32.5000000000001,43.75,11.2500000000003));
#9994=CARTESIAN_POINT('',(32.5,42.5,-4.70684927132477E-15));
#9995=CARTESIAN_POINT('',(32.5,42.5,3.75));
#9996=CARTESIAN_POINT('',(32.5,8.70481927710852,-41.5989918309673));
#9997=CARTESIAN_POINT('Origin',(32.5,0.,2.77555756156289E-16));
#9998=CARTESIAN_POINT('',(32.5,7.50000000000009,-40.6201920231798));
#9999=CARTESIAN_POINT('Origin',(32.5,8.50000000000009,-40.6201920231798));
#10000=CARTESIAN_POINT('',(32.5,7.50000000000011,-40.));
#10001=CARTESIAN_POINT('',(32.5,7.50000000000058,-18.4352991866236));
#10002=CARTESIAN_POINT('',(32.5,-7.4999999999996,-40.));
#10003=CARTESIAN_POINT('Origin',(32.5,2.4980018054066E-13,-40.));
#10004=CARTESIAN_POINT('',(32.5,-7.49999999999973,-40.6201920231799));
#10005=CARTESIAN_POINT('',(32.5,-7.49999999999973,-16.25));
#10006=CARTESIAN_POINT('',(32.5,-8.70481927710816,-41.5989918309673));
#10007=CARTESIAN_POINT('Origin',(32.5,-8.49999999999973,-40.6201920231799));
#10008=CARTESIAN_POINT('',(32.5,-42.5,-5.55111512312578E-16));
#10009=CARTESIAN_POINT('Origin',(32.5,0.,2.77555756156289E-16));
#10010=CARTESIAN_POINT('',(32.5,-42.5,11.2500000000003));
#10011=CARTESIAN_POINT('',(32.5,-42.5,31.25));
#10012=CARTESIAN_POINT('',(32.5,-43.75,12.5000000000003));
#10013=CARTESIAN_POINT('Origin',(32.5000000000001,-43.75,11.2500000000003));
#10014=CARTESIAN_POINT('',(32.5,-43.75,0.));
#10015=CARTESIAN_POINT('',(32.5,-43.75,10.0000000000001));
#10016=CARTESIAN_POINT('Origin',(32.5,0.,2.77555756156289E-16));
#10017=CARTESIAN_POINT('Origin',(0.25,15.0076053330803,13.7156044159141));
#10018=CARTESIAN_POINT('',(0.5,27.7717406714842,10.4412220221149));
#10019=CARTESIAN_POINT('',(0.,28.1677036245534,10.8613965967027));
#10020=CARTESIAN_POINT('',(0.5,14.9500896895837,13.4723104563648));
#10021=CARTESIAN_POINT('',(0.,23.6727969673376,11.9240101088747));
#10022=CARTESIAN_POINT('Origin',(0.25,27.8500641412311,11.0501693320346));
#10023=CARTESIAN_POINT('',(0.5,28.9330433250638,6.57021317684957));
#10024=CARTESIAN_POINT('',(0.,29.4949066572158,6.43738648782808));
#10025=CARTESIAN_POINT('',(0.5,27.6106075699258,10.978332360643));
#10026=CARTESIAN_POINT('Origin',(0.25,21.1566789916371,-2.04616902883374));
#10027=CARTESIAN_POINT('',(0.,26.3272030326624,3.07598989112536));
#10028=CARTESIAN_POINT('',(0.5,20.9747380638284,-1.87471204067604));
#10029=CARTESIAN_POINT('Origin',(0.25,11.3156143656506,6.88167904101055));
#10030=CARTESIAN_POINT('Ctrl Pts',(-1.90819582357449E-15,25.8023161498273,
3.20007520292311));
#10031=CARTESIAN_POINT('Ctrl Pts',(0.16795282243947,25.6059140290613,3.4190876275165));
#10032=CARTESIAN_POINT('Ctrl Pts',(0.334661306805603,25.4074734989675,3.63730330362304));
#10033=CARTESIAN_POINT('Ctrl Pts',(0.499999999999998,25.2069850025402,3.85459557952752));
#10034=CARTESIAN_POINT('Origin',(0.25,0.,2.77555756156289E-16));
#10035=CARTESIAN_POINT('Ctrl Pts',(-9.0205620750794E-16,-25.8023161498273,
3.20007520292314));
#10036=CARTESIAN_POINT('Ctrl Pts',(0.167952822439134,-25.6059140290617,
3.41908762751609));
#10037=CARTESIAN_POINT('Ctrl Pts',(0.334661306805445,-25.4074734989677,
3.63730330362286));
#10038=CARTESIAN_POINT('Ctrl Pts',(0.500000000000001,-25.2069850025402,
3.85459557952754));
#10039=CARTESIAN_POINT('Origin',(0.5,0.,2.77555756156289E-16));
#10040=CARTESIAN_POINT('Origin',(0.25,-13.2821360281825,6.4167856294352));
#10041=CARTESIAN_POINT('',(0.,-26.3272030326625,3.07598989112538));
#10042=CARTESIAN_POINT('Origin',(0.25,-22.5425493273794,-0.575558017776242));
#10043=CARTESIAN_POINT('',(0.5,-28.9330433250639,6.57021317684962));
#10044=CARTESIAN_POINT('',(0.,-29.4949066572158,6.43738648782814));
#10045=CARTESIAN_POINT('',(0.5,-22.3606083995707,-0.404101029618538));
#10046=CARTESIAN_POINT('Origin',(0.25,-27.2694128144412,12.9856737546674));
#10047=CARTESIAN_POINT('',(0.5,-27.7717406714842,10.4412220221149));
#10048=CARTESIAN_POINT('',(0.5,-27.0299562431359,12.9138367832758));
#10049=CARTESIAN_POINT('',(0.,-28.1677036245534,10.8613965967028));
#10050=CARTESIAN_POINT('Origin',(0.25,-13.0410836705483,14.1804978274892));
#10051=CARTESIAN_POINT('',(0.5,-12.9835680270517,13.9372038679399));
#10052=CARTESIAN_POINT('',(0.,-23.6727969673375,11.9240101088746));
#10053=CARTESIAN_POINT('Origin',(0.25,-15.6984511573764,3.09754061589739));
#10054=CARTESIAN_POINT('Ctrl Pts',(-1.35308431126191E-15,-23.3028924936667,
11.5314873901251));
#10055=CARTESIAN_POINT('Ctrl Pts',(0.167952822439475,-23.2594810485832,
11.2405308957769));
#10056=CARTESIAN_POINT('Ctrl Pts',(0.334661306805606,-23.2139292350773,
10.9491175165904));
#10057=CARTESIAN_POINT('Ctrl Pts',(0.500000000000001,-23.1661593578239,
10.6573477285818));
#10058=CARTESIAN_POINT('Origin',(0.25,0.,2.77555756156289E-16));
#10059=CARTESIAN_POINT('Origin',(0.5,0.,2.77555756156289E-16));
#10060=CARTESIAN_POINT('Ctrl Pts',(-4.16333634234434E-16,23.3028924936667,
11.5314873901251));
#10061=CARTESIAN_POINT('Ctrl Pts',(0.167952822439498,23.2594810485832,11.2405308957768));
#10062=CARTESIAN_POINT('Ctrl Pts',(0.334661306805619,23.2139292350773,10.9491175165904));
#10063=CARTESIAN_POINT('Ctrl Pts',(0.500000000000001,23.1661593578239,10.6573477285817));
#10064=CARTESIAN_POINT('Origin',(0.25,17.0843214931183,4.56815162695487));
#10065=CARTESIAN_POINT('Origin',(0.,-28.9330433250639,6.57021317684962));
#10066=CARTESIAN_POINT('',(8.,-28.9330433250639,6.57021317684962));
#10067=CARTESIAN_POINT('',(0.,-28.9330433250639,6.57021317684962));
#10068=CARTESIAN_POINT('',(8.,-28.9330433250639,6.57021317684962));
#10069=CARTESIAN_POINT('Origin',(0.,-27.7717406714842,10.4412220221149));
#10070=CARTESIAN_POINT('',(8.,-27.7717406714842,10.4412220221149));
#10071=CARTESIAN_POINT('',(0.,-27.7717406714842,10.4412220221149));
#10072=CARTESIAN_POINT('',(8.,-27.9655380680849,9.79523070011258));
#10073=CARTESIAN_POINT('',(8.,-27.7717406714842,10.4412220221149));
#10074=CARTESIAN_POINT('',(8.2,-27.9655380680849,9.79523070011258));
#10075=CARTESIAN_POINT('',(8.,-27.9655380680849,9.79523070011258));
#10076=CARTESIAN_POINT('',(8.2,-28.7392459284631,7.21620449885197));
#10077=CARTESIAN_POINT('',(8.2,-27.1228545364605,12.604175805527));
#10078=CARTESIAN_POINT('',(8.,-28.7392459284631,7.21620449885197));
#10079=CARTESIAN_POINT('',(8.,-28.7392459284631,7.21620449885197));
#10080=CARTESIAN_POINT('',(8.,-27.7717406714842,10.4412220221149));
#10081=CARTESIAN_POINT('Origin',(0.,-23.8386973464203,11.3710088452653));
#10082=CARTESIAN_POINT('',(8.,-23.8386973464203,11.3710088452653));
#10083=CARTESIAN_POINT('Origin',(0.,0.,2.77555756156289E-16));
#10084=CARTESIAN_POINT('Origin',(0.,27.7717406714842,10.4412220221149));
#10085=CARTESIAN_POINT('',(8.2,27.7717406714842,10.4412220221149));
#10086=CARTESIAN_POINT('',(0.,27.7717406714842,10.4412220221149));
#10087=CARTESIAN_POINT('',(8.2,27.61744547612,10.4776980097072));
#10088=CARTESIAN_POINT('',(8.2,14.9959746734064,13.461463066745));
#10089=CARTESIAN_POINT('',(8.,27.61744547612,10.4776980097072));
#10090=CARTESIAN_POINT('',(8.,27.61744547612,10.4776980097072));
#10091=CARTESIAN_POINT('',(8.,27.7717406714842,10.4412220221149));
#10092=CARTESIAN_POINT('Origin',(0.25,-6.53127492020815,-21.1875000000006));
#10093=CARTESIAN_POINT('',(0.5,4.04145188432734,-39.9999999999997));
#10094=CARTESIAN_POINT('',(0.,4.61880215351697,-39.9999999999997));
#10095=CARTESIAN_POINT('',(0.5,2.02072594216347,-36.4999999999997));
#10096=CARTESIAN_POINT('',(0.5,-6.74778127115426,-21.3125000000006));
#10097=CARTESIAN_POINT('',(0.5,2.02072594216347,-36.4999999999997));
#10098=CARTESIAN_POINT('Origin',(0.25,13.0264654485903,-24.9374999999986));
#10099=CARTESIAN_POINT('',(0.5,2.02072594216378,-43.5));
#10100=CARTESIAN_POINT('',(0.,2.30940107675863,-44.));
#10101=CARTESIAN_POINT('',(0.5,12.8099590976442,-24.8124999999986));
#10102=CARTESIAN_POINT('Origin',(0.25,-1.01036297108095,-43.7500000000001));
#10103=CARTESIAN_POINT('',(0.5,-2.02072594216372,-43.5000000000002));
#10104=CARTESIAN_POINT('',(0.,-2.30940107675851,-44.0000000000002));
#10105=CARTESIAN_POINT('',(0.5,-1.01036297108096,-43.5000000000001));
#10106=CARTESIAN_POINT('Origin',(0.25,-14.0368284196733,-23.187500000001));
#10107=CARTESIAN_POINT('',(0.5,-4.04145188432753,-40.0000000000002));
#10108=CARTESIAN_POINT('',(0.5,-13.8203220687272,-23.062500000001));
#10109=CARTESIAN_POINT('',(0.,-4.61880215351715,-40.0000000000003));
#10110=CARTESIAN_POINT('Origin',(0.25,7.54163789128882,-19.4374999999992));
#10111=CARTESIAN_POINT('',(0.5,-2.0207259421639,-36.5));
#10112=CARTESIAN_POINT('',(0.5,7.75814424223493,-19.5624999999992));
#10113=CARTESIAN_POINT('',(0.,-2.30940107675873,-36.));
#10114=CARTESIAN_POINT('Origin',(0.25,1.01036297108329,-36.2499999999998));
#10115=CARTESIAN_POINT('',(0.5,1.01036297108331,-36.4999999999998));
#10116=CARTESIAN_POINT('Origin',(0.,-2.0207259421639,-36.5));
#10117=CARTESIAN_POINT('',(8.2,-2.0207259421639,-36.5));
#10118=CARTESIAN_POINT('',(0.,-2.0207259421639,-36.5));
#10119=CARTESIAN_POINT('',(8.2,-2.09999999999975,-36.6373066958939));
#10120=CARTESIAN_POINT('',(8.2,7.77025657952246,-19.5415208164188));
#10121=CARTESIAN_POINT('',(8.,-2.09999999999975,-36.6373066958939));
#10122=CARTESIAN_POINT('',(8.,-2.09999999999975,-36.6373066958939));
#10123=CARTESIAN_POINT('',(8.,-4.04145188432753,-40.0000000000002));
#10124=CARTESIAN_POINT('',(8.,-2.0207259421639,-36.5));
#10125=CARTESIAN_POINT('',(0.,-4.04145188432753,-40.0000000000002));
#10126=CARTESIAN_POINT('Origin',(0.,2.02072594216347,-36.4999999999997));
#10127=CARTESIAN_POINT('',(8.2,2.02072594216347,-36.4999999999997));
#10128=CARTESIAN_POINT('',(0.,2.02072594216347,-36.4999999999997));
#10129=CARTESIAN_POINT('',(8.2,1.05881232023349,-36.4999999999998));
#10130=CARTESIAN_POINT('Origin',(0.,4.04145188432734,-39.9999999999997));
#10131=CARTESIAN_POINT('',(8.,4.04145188432734,-39.9999999999997));
#10132=CARTESIAN_POINT('',(0.,4.04145188432734,-39.9999999999997));
#10133=CARTESIAN_POINT('',(8.,2.10000000000025,-36.6373066958952));
#10134=CARTESIAN_POINT('',(8.,4.04145188432734,-39.9999999999997));
#10135=CARTESIAN_POINT('',(8.2,2.10000000000025,-36.6373066958952));
#10136=CARTESIAN_POINT('',(8.,2.10000000000025,-36.6373066958952));
#10137=CARTESIAN_POINT('',(8.2,-7.70639487603024,-19.6521325315288));
#10138=CARTESIAN_POINT('Origin',(9.75,0.,2.77555756156289E-16));
#10139=CARTESIAN_POINT('',(10.,-18.,-1.92680848230895E-15));
#10140=CARTESIAN_POINT('Origin',(10.,0.,2.77555756156289E-16));
#10141=CARTESIAN_POINT('',(9.75,-17.75,-1.89619231233026E-15));
#10142=CARTESIAN_POINT('Origin',(10.,0.,7.50000000000001));
#10143=CARTESIAN_POINT('',(10.,-19.7099563492406,-6.80307443080192));
#10144=CARTESIAN_POINT('',(10.,-12.7102895590163,16.529148203279));
#10145=CARTESIAN_POINT('Origin',(10.,0.,2.77555756156289E-16));
#10146=CARTESIAN_POINT('',(10.,-29.1760064375062,22.1670879943466));
#10147=CARTESIAN_POINT('Origin',(10.,-25.,7.50000000000001));
#10148=CARTESIAN_POINT('',(10.,-29.8187489187744,24.));
#10149=CARTESIAN_POINT('Origin',(10.,-24.7487373415292,24.7487373415291));
#10150=CARTESIAN_POINT('',(10.,-42.5,24.));
#10151=CARTESIAN_POINT('',(10.,-23.75,24.));
#10152=CARTESIAN_POINT('',(10.,-42.5,-2.77555756156289E-16));
#10153=CARTESIAN_POINT('',(10.,-42.5,31.25));
#10154=CARTESIAN_POINT('',(10.,-8.70481927710816,-41.5989918309673));
#10155=CARTESIAN_POINT('Origin',(10.,0.,2.77555756156289E-16));
#10156=CARTESIAN_POINT('',(10.,-7.49999999999973,-40.6201920231799));
#10157=CARTESIAN_POINT('Origin',(10.,-8.49999999999973,-40.6201920231799));
#10158=CARTESIAN_POINT('',(10.,-7.4999999999996,-40.));
#10159=CARTESIAN_POINT('',(10.,-7.49999999999973,-16.25));
#10160=CARTESIAN_POINT('',(10.,7.5000000000001,-40.));
#10161=CARTESIAN_POINT('Origin',(10.,2.4980018054066E-13,-40.));
#10162=CARTESIAN_POINT('',(10.,7.50000000000009,-40.6201920231798));
#10163=CARTESIAN_POINT('',(10.,7.50000000000058,-18.4352991866236));
#10164=CARTESIAN_POINT('',(10.,8.70481927710852,-41.5989918309673));
#10165=CARTESIAN_POINT('Origin',(10.,8.50000000000009,-40.6201920231798));
#10166=CARTESIAN_POINT('',(10.,42.5,-4.5738706849127E-15));
#10167=CARTESIAN_POINT('Origin',(10.,0.,2.77555756156289E-16));
#10168=CARTESIAN_POINT('',(10.,42.5,24.));
#10169=CARTESIAN_POINT('',(10.,42.5,3.75));
#10170=CARTESIAN_POINT('',(10.,29.8187489187743,24.));
#10171=CARTESIAN_POINT('',(10.,-23.75,24.));
#10172=CARTESIAN_POINT('',(10.,29.1760064375061,22.1670879943467));
#10173=CARTESIAN_POINT('Origin',(10.,24.7487373415291,24.7487373415292));
#10174=CARTESIAN_POINT('',(10.,19.7099563492406,-6.80307443080193));
#10175=CARTESIAN_POINT('Origin',(10.,25.,7.50000000000001));
#10176=CARTESIAN_POINT('',(10.,12.7102895590163,16.529148203279));
#10177=CARTESIAN_POINT('Origin',(10.,0.,2.77555756156289E-16));
#10178=CARTESIAN_POINT('',(10.,18.8087062792183,21.4366560574267));
#10179=CARTESIAN_POINT('Origin',(10.,25.,7.50000000000001));
#10180=CARTESIAN_POINT('',(10.,18.3994485592242,24.));
#10181=CARTESIAN_POINT('Origin',(10.,23.5,23.5));
#10182=CARTESIAN_POINT('',(10.,-18.3994485592242,24.));
#10183=CARTESIAN_POINT('',(10.,-23.75,24.));
#10184=CARTESIAN_POINT('',(10.,-18.8087062792183,21.4366560574267));
#10185=CARTESIAN_POINT('Origin',(10.,-23.5,23.5));
#10186=CARTESIAN_POINT('Origin',(10.,-25.,7.50000000000001));
#10187=CARTESIAN_POINT('',(10.,19.8760778227874,-27.1239223299495));
#10188=CARTESIAN_POINT('',(10.,27.1239222535811,-19.8760777464189));
#10189=CARTESIAN_POINT('Origin',(10.,23.5,-23.5));
#10190=CARTESIAN_POINT('',(10.,28.3726595951102,-21.1248150879479));
#10191=CARTESIAN_POINT('',(10.,13.498922253581,-6.25107774641897));
#10192=CARTESIAN_POINT('',(10.,21.1248150879481,-28.3726595951102));
#10193=CARTESIAN_POINT('Origin',(10.,24.7487373415292,-24.7487373415291));
#10194=CARTESIAN_POINT('',(10.,6.87544641718349,-14.1232909243457));
#10195=CARTESIAN_POINT('',(10.,-27.1239222535811,-19.8760777464189));
#10196=CARTESIAN_POINT('',(10.,-19.876077746419,-27.1239222535811));
#10197=CARTESIAN_POINT('Origin',(10.,-23.5,-23.5));
#10198=CARTESIAN_POINT('',(10.,-21.1248150879479,-28.3726595951102));
#10199=CARTESIAN_POINT('',(10.,-6.25107774641898,-13.498922253581));
#10200=CARTESIAN_POINT('',(10.,-28.3726595951103,-21.1248150879481));
#10201=CARTESIAN_POINT('Origin',(10.,-24.7487373415291,-24.7487373415292));
#10202=CARTESIAN_POINT('',(10.,-14.1232909243457,-6.87544641718346));
#10203=CARTESIAN_POINT('Origin',(23.9000000000029,1.11022302462516E-15,
55.));
#10204=CARTESIAN_POINT('',(23.9000000000029,9.575,53.425));
#10205=CARTESIAN_POINT('',(23.9000000000029,9.575,54.2125));
#10206=CARTESIAN_POINT('',(23.9000000000029,3.2125,53.425));
#10207=CARTESIAN_POINT('Origin',(23.9000000000029,1.11022302462516E-15,
55.));
#10208=CARTESIAN_POINT('',(23.9000000000029,6.425,53.425));
#10209=CARTESIAN_POINT('',(23.9000000000029,3.2125,53.425));
#10210=CARTESIAN_POINT('',(23.9000000000029,6.425,55.7875));
#10211=CARTESIAN_POINT('Origin',(23.9000000000029,1.11022302462516E-15,
55.));
#10212=CARTESIAN_POINT('',(23.9000000000029,6.425,56.575));
#10213=CARTESIAN_POINT('',(23.9000000000029,6.425,55.7875));
#10214=CARTESIAN_POINT('',(23.9000000000029,4.7875,56.575));
#10215=CARTESIAN_POINT('Origin',(23.9000000000029,1.11022302462516E-15,
55.));
#10216=CARTESIAN_POINT('',(23.9000000000029,9.575,56.575));
#10217=CARTESIAN_POINT('',(23.9000000000029,4.7875,56.575));
#10218=CARTESIAN_POINT('',(23.9000000000029,9.575,54.2125));
#10219=CARTESIAN_POINT('Origin',(23.7000000000029,6.425,56.575));
#10220=CARTESIAN_POINT('',(23.7000000000029,6.425,56.575));
#10221=CARTESIAN_POINT('',(23.7000000000029,6.425,53.425));
#10222=CARTESIAN_POINT('',(23.7000000000029,6.425,55.7875));
#10223=CARTESIAN_POINT('',(23.7000000000029,6.425,56.575));
#10224=CARTESIAN_POINT('',(23.7000000000029,6.425,53.425));
#10225=CARTESIAN_POINT('Origin',(23.7000000000029,9.575,53.425));
#10226=CARTESIAN_POINT('',(23.7000000000029,9.575,53.425));
#10227=CARTESIAN_POINT('',(23.7000000000029,9.575,56.575));
#10228=CARTESIAN_POINT('',(23.7000000000029,9.575,54.2125));
#10229=CARTESIAN_POINT('',(23.7000000000029,9.575,53.425));
#10230=CARTESIAN_POINT('',(23.7000000000029,9.575,56.575));
#10231=CARTESIAN_POINT('Origin',(23.9000000000029,1.11022302462516E-15,
55.));
#10232=CARTESIAN_POINT('',(23.9000000000029,-6.425,53.425));
#10233=CARTESIAN_POINT('',(23.9000000000029,-6.425,54.2125));
#10234=CARTESIAN_POINT('',(23.9000000000029,-4.7875,53.425));
#10235=CARTESIAN_POINT('Origin',(23.9000000000029,1.11022302462516E-15,
55.));
#10236=CARTESIAN_POINT('',(23.9000000000029,-9.575,53.425));
#10237=CARTESIAN_POINT('',(23.9000000000029,-4.7875,53.425));
#10238=CARTESIAN_POINT('',(23.9000000000029,-9.575,55.7875));
#10239=CARTESIAN_POINT('Origin',(23.9000000000029,1.11022302462516E-15,
55.));
#10240=CARTESIAN_POINT('',(23.9000000000029,-9.575,56.575));
#10241=CARTESIAN_POINT('',(23.9000000000029,-9.575,55.7875));
#10242=CARTESIAN_POINT('',(23.9000000000029,-3.2125,56.575));
#10243=CARTESIAN_POINT('Origin',(23.9000000000029,1.11022302462516E-15,
55.));
#10244=CARTESIAN_POINT('',(23.9000000000029,-6.425,56.575));
#10245=CARTESIAN_POINT('',(23.9000000000029,-3.2125,56.575));
#10246=CARTESIAN_POINT('',(23.9000000000029,-6.425,54.2125));
#10247=CARTESIAN_POINT('Origin',(23.7000000000029,-9.575,56.575));
#10248=CARTESIAN_POINT('',(23.7000000000029,-9.575,56.575));
#10249=CARTESIAN_POINT('',(23.7000000000029,-9.575,53.425));
#10250=CARTESIAN_POINT('',(23.7000000000029,-9.575,55.7875));
#10251=CARTESIAN_POINT('',(23.7000000000029,-9.575,56.575));
#10252=CARTESIAN_POINT('',(23.7000000000029,-9.575,53.425));
#10253=CARTESIAN_POINT('Origin',(23.7000000000029,-6.425,53.425));
#10254=CARTESIAN_POINT('',(23.7000000000029,-6.425,53.425));
#10255=CARTESIAN_POINT('',(23.7000000000029,-6.425,56.575));
#10256=CARTESIAN_POINT('',(23.7000000000029,-6.425,54.2125));
#10257=CARTESIAN_POINT('',(23.7000000000029,-6.425,53.425));
#10258=CARTESIAN_POINT('',(23.7000000000029,-6.425,56.575));
#10259=CARTESIAN_POINT('Origin',(23.7000000000029,0.,55.));
#10260=CARTESIAN_POINT('',(23.7000000000029,10.75,56.575));
#10261=CARTESIAN_POINT('',(23.7000000000029,5.375,56.575));
#10262=CARTESIAN_POINT('',(23.7000000000017,10.75,53.425));
#10263=CARTESIAN_POINT('',(23.700000000002,10.75,54.2124999999954));
#10264=CARTESIAN_POINT('',(23.7000000000017,2.62500000000001,53.425));
#10265=CARTESIAN_POINT('Origin',(23.7000000000029,0.,55.));
#10266=CARTESIAN_POINT('',(23.7000000000029,-5.25,56.575));
#10267=CARTESIAN_POINT('',(23.7000000000029,-2.625,56.575));
#10268=CARTESIAN_POINT('',(23.7000000000017,-5.24999999999999,53.425));
#10269=CARTESIAN_POINT('',(23.700000000002,-5.24999999999999,54.2124999999954));
#10270=CARTESIAN_POINT('',(23.7000000000017,-5.375,53.425));
#10271=CARTESIAN_POINT('Origin',(23.7000000000029,0.,55.));
#10272=CARTESIAN_POINT('',(23.7000000000017,-5.375,53.425));
#10273=CARTESIAN_POINT('',(23.7000000000029,-2.625,56.575));
#10274=CARTESIAN_POINT('Origin',(23.5000000000017,-10.75,53.425));
#10275=CARTESIAN_POINT('',(23.5000000000017,-5.24999999999999,53.425));
#10276=CARTESIAN_POINT('Origin',(23.5000000000029,-5.25,56.575));
#10277=CARTESIAN_POINT('',(23.5000000000029,-5.25,56.575));
#10278=CARTESIAN_POINT('',(23.5000000000029,-2.625,56.575));
#10279=CARTESIAN_POINT('',(23.5000000000029,-5.25,56.575));
#10280=CARTESIAN_POINT('Origin',(23.7000000000029,0.,55.));
#10281=CARTESIAN_POINT('',(23.7000000000017,2.62500000000001,53.425));
#10282=CARTESIAN_POINT('',(23.7000000000029,5.375,56.575));
#10283=CARTESIAN_POINT('Origin',(23.5000000000017,5.25000000000001,53.425));
#10284=CARTESIAN_POINT('',(23.5000000000017,10.75,53.425));
#10285=CARTESIAN_POINT('Origin',(23.5000000000029,10.75,56.575));
#10286=CARTESIAN_POINT('',(23.5000000000029,10.75,56.575));
#10287=CARTESIAN_POINT('',(23.5000000000029,5.375,56.575));
#10288=CARTESIAN_POINT('',(23.5000000000029,10.75,56.575));
#10289=CARTESIAN_POINT('Origin',(23.5000000000019,1.11022302462516E-15,
54.0877132402727));
#10290=CARTESIAN_POINT('',(23.5000000000035,-8.00000000000001,58.1754264805429));
#10291=CARTESIAN_POINT('',(23.500000000004,-5.88501587736702,59.3965131330769));
#10292=CARTESIAN_POINT('',(23.5000000000029,-5.25,56.5877132402715));
#10293=CARTESIAN_POINT('',(23.5000000000024,-2.73998412263296,55.1385548978034));
#10294=CARTESIAN_POINT('',(23.5000000000011,-5.24999999999999,52.0438566201317));
#10295=CARTESIAN_POINT('Origin',(23.5000000000019,1.11022302462516E-15,
54.0877132402727));
#10296=CARTESIAN_POINT('',(23.5000000000035,7.99999999999999,58.175426480543));
#10297=CARTESIAN_POINT('',(23.5000000000027,4.11498412263298,55.9324115179391));
#10298=CARTESIAN_POINT('',(23.5000000000029,10.75,56.5877132402715));
#10299=CARTESIAN_POINT('',(23.5000000000037,7.26001587736703,58.6026565129411));
#10300=CARTESIAN_POINT('',(23.5000000000011,10.75,52.0438566201317));
#10301=CARTESIAN_POINT('Origin',(8.2,22.3851342413463,8.90800463927509));
#10302=CARTESIAN_POINT('',(8.4,22.9885648010356,6.89656944031067));
#10303=CARTESIAN_POINT('',(8.4,23.5919953607249,4.88513424134625));
#10304=CARTESIAN_POINT('',(8.4,21.6547394294478,11.3426540122699));
#10305=CARTESIAN_POINT('',(8.2,23.5919953607249,4.88513424134625));
#10306=CARTESIAN_POINT('',(8.2,23.5919953607249,4.88513424134625));
#10307=CARTESIAN_POINT('',(8.2,22.3851342413463,8.90800463927509));
#10308=CARTESIAN_POINT('',(8.2,21.6587398344235,11.3293193290176));
#10309=CARTESIAN_POINT('',(8.4,22.3851342413463,8.90800463927509));
#10310=CARTESIAN_POINT('',(8.2,22.3851342413463,8.90800463927509));
#10311=CARTESIAN_POINT('',(8.4,21.6547394294478,11.3426540122699));
#10312=CARTESIAN_POINT('Origin',(8.4,3.86357612569554E-13,7.49999999999999));
#10313=CARTESIAN_POINT('',(8.4,24.3965694403107,9.51143519896442));
#10314=CARTESIAN_POINT('',(8.4,27.0114351989644,8.10343055968934));
#10315=CARTESIAN_POINT('Origin',(8.4,25.,7.50000000000001));
#10316=CARTESIAN_POINT('',(8.4,26.4080046392751,10.1148657586538));
#10317=CARTESIAN_POINT('',(8.4,13.9343971315362,6.37278350633205));
#10318=CARTESIAN_POINT('',(8.4,26.2810403870659,10.5380799326842));
#10319=CARTESIAN_POINT('Origin',(8.4,3.86357612569554E-13,7.49999999999999));
#10320=CARTESIAN_POINT('',(8.4,25.6034305596893,5.48856480103559));
#10321=CARTESIAN_POINT('Origin',(8.4,25.,7.50000000000001));
#10322=CARTESIAN_POINT('',(8.4,27.6148657586537,6.09199536072492));
#10323=CARTESIAN_POINT('',(8.4,26.2810403870659,10.5380799326842));
#10324=CARTESIAN_POINT('',(8.4,13.1298230519505,1.74648254871386));
#10325=CARTESIAN_POINT('Origin',(8.4,3.86357612569554E-13,7.49999999999999));
#10326=CARTESIAN_POINT('Origin',(8.4,25.,7.50000000000001));
#10327=CARTESIAN_POINT('',(8.4,13.1298230519505,1.74648254871386));
#10328=CARTESIAN_POINT('Origin',(8.4,3.86357612569554E-13,7.49999999999999));
#10329=CARTESIAN_POINT('',(8.4,22.9,7.50000000000001));
#10330=CARTESIAN_POINT('Origin',(8.4,25.,7.50000000000001));
#10331=CARTESIAN_POINT('',(8.4,13.9343971315362,6.37278350633205));
#10332=CARTESIAN_POINT('Origin',(8.4,25.,7.50000000000001));
#10333=CARTESIAN_POINT('Origin',(8.2,27.6148657586537,6.09199536072492));
#10334=CARTESIAN_POINT('',(8.2,26.4080046392751,10.1148657586538));
#10335=CARTESIAN_POINT('',(8.2,26.4080046392751,10.1148657586538));
#10336=CARTESIAN_POINT('',(8.2,27.6148657586537,6.09199536072492));
#10337=CARTESIAN_POINT('',(8.2,26.2850407920416,10.5247452494319));
#10338=CARTESIAN_POINT('',(8.2,27.6148657586537,6.09199536072492));
#10339=CARTESIAN_POINT('Origin',(8.2,-23.591995360725,4.88513424134655));
#10340=CARTESIAN_POINT('',(8.4,-22.9885648010356,6.89656944031062));
#10341=CARTESIAN_POINT('',(8.4,-22.3851342413462,8.90800463927505));
#10342=CARTESIAN_POINT('',(8.4,-22.2581699891369,9.33121881330611));
#10343=CARTESIAN_POINT('',(8.2,-22.3851342413462,8.90800463927505));
#10344=CARTESIAN_POINT('',(8.2,-22.3851342413462,8.90800463927505));
#10345=CARTESIAN_POINT('',(8.2,-23.591995360725,4.88513424134655));
#10346=CARTESIAN_POINT('',(8.2,-22.2541695841612,9.34455349655837));
#10347=CARTESIAN_POINT('',(8.4,-23.591995360725,4.88513424134655));
#10348=CARTESIAN_POINT('',(8.2,-23.591995360725,4.88513424134655));
#10349=CARTESIAN_POINT('',(8.4,-22.2581699891369,9.33121881330611));
#10350=CARTESIAN_POINT('Origin',(8.4,3.90798504668055E-13,7.49999999999999));
#10351=CARTESIAN_POINT('',(8.4,-24.3965694403106,9.5114351989644));
#10352=CARTESIAN_POINT('Origin',(8.4,-25.,7.50000000000001));
#10353=CARTESIAN_POINT('',(8.4,-11.9229619325715,5.76935294664241));
#10354=CARTESIAN_POINT('Origin',(8.4,3.90798504668055E-13,7.49999999999999));
#10355=CARTESIAN_POINT('',(8.4,-25.6034305596892,5.48856480103574));
#10356=CARTESIAN_POINT('Origin',(8.4,-25.,7.50000000000001));
#10357=CARTESIAN_POINT('',(8.4,-15.1412582509138,2.34991310840352));
#10358=CARTESIAN_POINT('Origin',(8.4,3.90798504668055E-13,7.49999999999999));
#10359=CARTESIAN_POINT('',(8.4,-27.1,7.50000000000001));
#10360=CARTESIAN_POINT('Origin',(8.4,-25.,7.50000000000001));
#10361=CARTESIAN_POINT('',(8.4,-27.614865758653,6.09199536072479));
#10362=CARTESIAN_POINT('',(8.4,-15.1412582509138,2.34991310840352));
#10363=CARTESIAN_POINT('',(8.4,-27.0114351989641,8.10343055968886));
#10364=CARTESIAN_POINT('',(8.4,-25.6776098273777,12.5495151316466));
#10365=CARTESIAN_POINT('Origin',(8.4,-25.,7.50000000000001));
#10366=CARTESIAN_POINT('Origin',(8.4,3.90798504668055E-13,7.49999999999999));
#10367=CARTESIAN_POINT('Origin',(8.4,-25.,7.50000000000001));
#10368=CARTESIAN_POINT('',(8.4,-26.4080046392751,10.1148657586538));
#10369=CARTESIAN_POINT('',(8.4,-25.6776098273777,12.5495151316466));
#10370=CARTESIAN_POINT('',(8.4,-11.9229619325715,5.76935294664241));
#10371=CARTESIAN_POINT('Origin',(8.2,-26.4080046392751,10.1148657586538));
#10372=CARTESIAN_POINT('',(8.2,-27.614865758653,6.09199536072479));
#10373=CARTESIAN_POINT('',(8.2,-27.614865758653,6.09199536072479));
#10374=CARTESIAN_POINT('',(8.2,-26.4080046392751,10.1148657586538));
#10375=CARTESIAN_POINT('',(8.2,-25.673609422402,12.5628498148988));
#10376=CARTESIAN_POINT('',(8.2,-26.4080046392751,10.1148657586538));
#10377=CARTESIAN_POINT('Origin',(8.2,2.1,57.1));
#10378=CARTESIAN_POINT('',(8.4,2.34159062823227E-15,57.1));
#10379=CARTESIAN_POINT('',(8.4,-2.1,57.1));
#10380=CARTESIAN_POINT('',(8.4,1.0500000000002,57.1));
#10381=CARTESIAN_POINT('',(8.2,-2.1,57.1));
#10382=CARTESIAN_POINT('',(8.2,-2.1,57.1));
#10383=CARTESIAN_POINT('',(8.2,2.1,57.1));
#10384=CARTESIAN_POINT('',(8.2,1.09844934915018,57.1));
#10385=CARTESIAN_POINT('',(8.4,2.1,57.1));
#10386=CARTESIAN_POINT('',(8.2,2.1,57.1));
#10387=CARTESIAN_POINT('',(8.4,1.0500000000002,57.1));
#10388=CARTESIAN_POINT('Origin',(8.4,3.88578058618805E-13,7.49999999999999));
#10389=CARTESIAN_POINT('',(8.4,2.1,55.));
#10390=CARTESIAN_POINT('',(8.4,-6.54019356876898E-15,52.8999999999998));
#10391=CARTESIAN_POINT('Origin',(8.4,2.34159062823227E-15,55.));
#10392=CARTESIAN_POINT('',(8.4,2.1,52.8999999999998));
#10393=CARTESIAN_POINT('',(8.4,2.1,30.1999999999999));
#10394=CARTESIAN_POINT('',(8.4,-1.0499999999997,52.8999999999998));
#10395=CARTESIAN_POINT('Origin',(8.4,3.88578058618805E-13,7.49999999999999));
#10396=CARTESIAN_POINT('',(8.4,-2.09999999999998,55.));
#10397=CARTESIAN_POINT('Origin',(8.4,2.34159062823227E-15,55.));
#10398=CARTESIAN_POINT('',(8.4,-2.09999999999998,52.8999999999999));
#10399=CARTESIAN_POINT('',(8.4,-1.0499999999997,52.8999999999998));
#10400=CARTESIAN_POINT('',(8.4,-2.09999999999998,32.3));
#10401=CARTESIAN_POINT('Origin',(8.4,3.88578058618805E-13,7.49999999999999));
#10402=CARTESIAN_POINT('Origin',(8.4,2.34159062823227E-15,55.));
#10403=CARTESIAN_POINT('',(8.4,-2.09999999999998,32.3));
#10404=CARTESIAN_POINT('Origin',(8.4,3.88578058618805E-13,7.49999999999999));
#10405=CARTESIAN_POINT('Origin',(8.4,2.34159062823227E-15,55.));
#10406=CARTESIAN_POINT('',(8.4,2.1,30.1999999999999));
#10407=CARTESIAN_POINT('Origin',(8.2,-2.09999999999998,52.8999999999999));
#10408=CARTESIAN_POINT('',(8.2,2.1,52.8999999999998));
#10409=CARTESIAN_POINT('',(8.2,2.1,52.8999999999998));
#10410=CARTESIAN_POINT('',(8.2,-2.09999999999998,52.8999999999999));
#10411=CARTESIAN_POINT('',(8.2,-1.00155065084972,52.8999999999998));
#10412=CARTESIAN_POINT('',(8.2,-2.09999999999998,52.8999999999999));
#10413=CARTESIAN_POINT('Origin',(8.2,2.10000000000025,-37.9));
#10414=CARTESIAN_POINT('',(8.4,-2.09999999999975,-37.9));
#10415=CARTESIAN_POINT('',(8.4,1.05000000000032,-37.9));
#10416=CARTESIAN_POINT('',(8.2,-2.09999999999975,-37.9));
#10417=CARTESIAN_POINT('',(8.2,-2.09999999999975,-37.9));
#10418=CARTESIAN_POINT('',(8.2,2.10000000000025,-37.9));
#10419=CARTESIAN_POINT('',(8.2,1.0984493491503,-37.9));
#10420=CARTESIAN_POINT('',(8.4,2.10000000000025,-37.9));
#10421=CARTESIAN_POINT('',(8.2,2.10000000000025,-37.9));
#10422=CARTESIAN_POINT('',(8.4,1.05000000000032,-37.9));
#10423=CARTESIAN_POINT('Origin',(8.4,3.88578058618805E-13,7.5));
#10424=CARTESIAN_POINT('',(8.4,-2.09999999999974,-15.2));
#10425=CARTESIAN_POINT('Origin',(8.4,3.88578058618805E-13,7.5));
#10426=CARTESIAN_POINT('',(8.4,2.10000000000024,-17.3));
#10427=CARTESIAN_POINT('Origin',(8.4,3.88578058618805E-13,7.5));
#10428=CARTESIAN_POINT('',(8.4,2.10000000000025,-42.1));
#10429=CARTESIAN_POINT('',(8.4,2.10000000000024,-17.3));
#10430=CARTESIAN_POINT('',(8.4,-1.04999999999978,-42.1));
#10431=CARTESIAN_POINT('Origin',(8.4,3.88578058618805E-13,7.5));
#10432=CARTESIAN_POINT('',(8.4,-2.09999999999975,-42.1));
#10433=CARTESIAN_POINT('',(8.4,-1.04999999999978,-42.1));
#10434=CARTESIAN_POINT('',(8.4,-2.09999999999974,-15.2));
#10435=CARTESIAN_POINT('Origin',(8.2,-2.09999999999975,-42.1));
#10436=CARTESIAN_POINT('',(8.2,2.10000000000025,-42.1));
#10437=CARTESIAN_POINT('',(8.2,2.10000000000025,-42.1));
#10438=CARTESIAN_POINT('',(8.2,-2.09999999999975,-42.1));
#10439=CARTESIAN_POINT('',(8.2,-1.0015506508498,-42.1));
#10440=CARTESIAN_POINT('',(8.2,-2.09999999999975,-42.1));
#10441=CARTESIAN_POINT('Origin',(8.2,0.0968986983003539,7.49999999999992));
#10442=CARTESIAN_POINT('',(8.2,12.5695515777023,1.57840110643941));
#10443=CARTESIAN_POINT('',(8.2,14.5835664941329,6.56753431511107));
#10444=CARTESIAN_POINT('Origin',(8.2,0.0968986983003561,7.49999999999992));
#10445=CARTESIAN_POINT('',(8.2,-21.4207494546334,8.61868920326118));
#10446=CARTESIAN_POINT('',(8.2,-11.3963205950408,5.61136054538319));
#10447=CARTESIAN_POINT('Origin',(8.2,-25.,7.50000000000001));
#10448=CARTESIAN_POINT('',(8.2,-22.6276105740118,4.59581880533265));
#10449=CARTESIAN_POINT('Origin',(8.2,-25.,7.50000000000001));
#10450=CARTESIAN_POINT('',(8.2,-15.5790017000963,2.48123614315825));
#10451=CARTESIAN_POINT('Origin',(8.2,0.0968986983003561,7.49999999999993));
#10452=CARTESIAN_POINT('',(8.2,-2.09999999999998,32.9313466520527));
#10453=CARTESIAN_POINT('',(8.2,2.1,29.5686533479473));
#10454=CARTESIAN_POINT('Origin',(8.2,0.0968986983003561,7.49999999999992));
#10455=CARTESIAN_POINT('',(8.2,-2.09999999999974,-14.568653347947));
#10456=CARTESIAN_POINT('',(8.2,2.10000000000024,-17.9313466520526));
#10457=CARTESIAN_POINT('Origin',(8.2,0.0968986983003561,7.49999999999992));
#10458=CARTESIAN_POINT('',(8.2,-28.5792505453666,6.38131079673884));
#10459=CARTESIAN_POINT('',(8.2,-15.5790017000963,2.48123614315825));
#10460=CARTESIAN_POINT('Origin',(8.2,-25.,7.50000000000001));
#10461=CARTESIAN_POINT('',(8.2,-27.3723894259878,10.4041811946676));
#10462=CARTESIAN_POINT('Origin',(8.2,-25.,7.50000000000001));
#10463=CARTESIAN_POINT('',(8.2,-11.3963205950408,5.61136054538319));
#10464=CARTESIAN_POINT('Origin',(8.,-28.5792505453666,6.38131079673884));
#10465=CARTESIAN_POINT('',(8.,-22.6276105740118,4.59581880533265));
#10466=CARTESIAN_POINT('',(8.,-22.6276105740118,4.59581880533265));
#10467=CARTESIAN_POINT('',(8.,-28.5792505453666,6.38131079673884));
#10468=CARTESIAN_POINT('',(8.,-27.0913405525279,5.93493779888729));
#10469=CARTESIAN_POINT('',(8.,-28.5792505453666,6.38131079673884));
#10470=CARTESIAN_POINT('Origin',(8.,-21.4207494546334,8.61868920326118));
#10471=CARTESIAN_POINT('',(8.,-27.3723894259878,10.4041811946676));
#10472=CARTESIAN_POINT('',(8.,-27.3723894259878,10.4041811946676));
#10473=CARTESIAN_POINT('',(8.,-21.4207494546334,8.61868920326118));
#10474=CARTESIAN_POINT('',(8.,-22.908659447472,9.0650622011128));
#10475=CARTESIAN_POINT('',(8.,-21.4207494546334,8.61868920326118));
#10476=CARTESIAN_POINT('Origin',(8.,-25.,7.50000000000001));
#10477=CARTESIAN_POINT('Origin',(8.,-25.,7.50000000000001));
#10478=CARTESIAN_POINT('Origin',(8.,-25.,7.50000000000001));
#10479=CARTESIAN_POINT('Origin',(8.,-25.,7.50000000000001));
#10480=CARTESIAN_POINT('Origin',(8.,-25.,7.50000000000001));
#10481=CARTESIAN_POINT('Origin',(8.,-25.,7.50000000000001));
#10482=CARTESIAN_POINT('Origin',(8.,-25.,7.50000000000001));
#10483=CARTESIAN_POINT('Origin',(8.,-25.,7.50000000000001));
#10484=CARTESIAN_POINT('Origin',(8.2,0.0968986983003561,7.49999999999992));
#10485=CARTESIAN_POINT('',(8.2,2.10000000000025,-43.3626933041051));
#10486=CARTESIAN_POINT('',(8.2,2.10000000000024,-17.9313466520526));
#10487=CARTESIAN_POINT('',(8.2,2.02072594216378,-43.5));
#10488=CARTESIAN_POINT('',(8.2,12.8220714349317,-24.7915208164182));
#10489=CARTESIAN_POINT('',(8.2,-2.02072594216372,-43.5000000000002));
#10490=CARTESIAN_POINT('',(8.2,-0.961913621930785,-43.5000000000001));
#10491=CARTESIAN_POINT('',(8.2,-2.09999999999975,-43.362693304106));
#10492=CARTESIAN_POINT('',(8.2,-12.8374837892758,-24.7648258356343));
#10493=CARTESIAN_POINT('',(8.2,-2.09999999999974,-14.568653347947));
#10494=CARTESIAN_POINT('Origin',(8.,2.10000000000025,-43.3626933041051));
#10495=CARTESIAN_POINT('',(8.,2.10000000000025,-43.3626933041051));
#10496=CARTESIAN_POINT('',(8.,2.10000000000025,-41.6813466520525));
#10497=CARTESIAN_POINT('',(8.,2.10000000000025,-43.3626933041051));
#10498=CARTESIAN_POINT('Origin',(8.,-2.09999999999975,-36.6373066958939));
#10499=CARTESIAN_POINT('',(8.,-2.09999999999975,-43.362693304106));
#10500=CARTESIAN_POINT('',(8.,-2.09999999999975,-43.362693304106));
#10501=CARTESIAN_POINT('',(8.,-2.09999999999975,-38.3186533479469));
#10502=CARTESIAN_POINT('Origin',(8.2,0.0968986983003539,7.49999999999992));
#10503=CARTESIAN_POINT('',(8.2,14.5835664941329,6.56753431511107));
#10504=CARTESIAN_POINT('',(8.2,28.9330433250638,6.57021317684957));
#10505=CARTESIAN_POINT('',(8.2,27.6146079749015,10.9649976773907));
#10506=CARTESIAN_POINT('',(8.2,28.8243065954986,6.4548276117784));
#10507=CARTESIAN_POINT('',(8.2,22.3290286697147,-0.437611739281977));
#10508=CARTESIAN_POINT('',(8.2,12.5695515777023,1.57840110643941));
#10509=CARTESIAN_POINT('Origin',(8.,22.3825545238801,4.52230199029279));
#10510=CARTESIAN_POINT('',(8.,28.8243065954986,6.4548276117784));
#10511=CARTESIAN_POINT('',(8.,28.8243065954986,6.4548276117784));
#10512=CARTESIAN_POINT('',(8.,23.9929925417847,5.00543339566419));
#10513=CARTESIAN_POINT('Origin',(8.,27.61744547612,10.4776980097072));
#10514=CARTESIAN_POINT('',(8.,26.0070074582153,9.99456660433582));
#10515=CARTESIAN_POINT('Origin',(8.2,0.0968986983003561,7.49999999999993));
#10516=CARTESIAN_POINT('',(8.2,2.1,29.5686533479473));
#10517=CARTESIAN_POINT('',(8.2,-2.09999999999998,32.9313466520527));
#10518=CARTESIAN_POINT('Origin',(8.,-2.09999999999998,58.3626933041054));
#10519=CARTESIAN_POINT('',(8.,-2.09999999999998,56.6813466520527));
#10520=CARTESIAN_POINT('Origin',(8.,2.1,51.6373066958946));
#10521=CARTESIAN_POINT('',(8.,2.1,53.3186533479473));
#10522=CARTESIAN_POINT('Origin',(8.,-25.,7.50000000000001));
#10523=CARTESIAN_POINT('Origin',(8.,-25.,7.50000000000001));
#10524=CARTESIAN_POINT('Origin',(8.,-9.38138455808257E-14,-40.));
#10525=CARTESIAN_POINT('',(8.,-4.04145188432753,-40.0000000000002));
#10526=CARTESIAN_POINT('Origin',(8.,25.,7.50000000000001));
#10527=CARTESIAN_POINT('Origin',(8.,25.,7.50000000000001));
#10528=CARTESIAN_POINT('',(8.,26.1613026535796,3.62899115473469));
#10529=CARTESIAN_POINT('Origin',(8.,2.77555756156289E-15,55.));
#10530=CARTESIAN_POINT('Origin',(0.,0.,2.77555756156289E-16));
#10531=CARTESIAN_POINT('Origin',(14.0000002086163,-18.,56.5));
#10532=CARTESIAN_POINT('',(18.5000002086163,-18.0000000722129,56.5));
#10533=CARTESIAN_POINT('Origin',(18.5000000962851,-25.0000000722129,56.5));
#10534=CARTESIAN_POINT('Origin',(14.0000002086163,25.,56.5));
#10535=CARTESIAN_POINT('',(18.5000002086163,24.9999999277871,56.5));
#10536=CARTESIAN_POINT('Origin',(18.5000000962851,17.9999999277871,56.5));
#10537=CARTESIAN_POINT('Origin',(16.6250001043081,-25.0000001684977,50.));
#10538=CARTESIAN_POINT('Origin',(14.0000002086163,25.,50.));
#10539=CARTESIAN_POINT('Origin',(10.,0.,2.77555756156289E-16));
#10540=CARTESIAN_POINT('',(20.,19.958867844635,6.03388725121672));
#10541=CARTESIAN_POINT('Ctrl Pts',(10.,12.7102895590163,16.529148203279));
#10542=CARTESIAN_POINT('Ctrl Pts',(10.9151800868725,13.4359513502374,15.9711417425163));
#10543=CARTESIAN_POINT('Ctrl Pts',(11.8498984268582,14.140442858127,15.352368000077));
#10544=CARTESIAN_POINT('Ctrl Pts',(13.8526832122875,15.5730137468419,13.9083768344892));
#10545=CARTESIAN_POINT('Ctrl Pts',(14.9186236044833,16.2852982093454,13.0669590853588));
#10546=CARTESIAN_POINT('Ctrl Pts',(16.9110443181692,17.5609882840322,11.2946027407681));
#10547=CARTESIAN_POINT('Ctrl Pts',(17.8275734739259,18.1145204182743,10.3843887621906));
#10548=CARTESIAN_POINT('Ctrl Pts',(18.9602525352102,18.8580130362531,8.91301643301935));
#10549=CARTESIAN_POINT('Ctrl Pts',(19.2945908936205,19.0898148916002,8.40822952636136));
#10550=CARTESIAN_POINT('Ctrl Pts',(19.8067100849686,19.534453927125,7.31509077234976));
#10551=CARTESIAN_POINT('Ctrl Pts',(19.9923084993382,19.7480376463446,6.731270528388));
#10552=CARTESIAN_POINT('Ctrl Pts',(20.,19.958867844635,6.03388725121672));
#10553=CARTESIAN_POINT('',(20.,19.9843138434384,5.94906725520531));
#10554=CARTESIAN_POINT('Ctrl Pts',(20.,19.9843138434384,5.94906725520531));
#10555=CARTESIAN_POINT('Ctrl Pts',(19.9923084993382,20.1921803442261,5.25079486878322));
#10556=CARTESIAN_POINT('Ctrl Pts',(19.8067100849686,20.3352362725629,4.64581628755662));
#10557=CARTESIAN_POINT('Ctrl Pts',(19.2945908936205,20.5657516212596,3.48844042749658));
#10558=CARTESIAN_POINT('Ctrl Pts',(18.9602525352102,20.6500933236715,2.93941547495801));
#10559=CARTESIAN_POINT('Ctrl Pts',(17.8275734739259,20.8393090256367,1.30176007098276));
#10560=CARTESIAN_POINT('Ctrl Pts',(16.9110443181692,20.878221085257,0.237160070018625));
#10561=CARTESIAN_POINT('Ctrl Pts',(14.9186236044833,20.788804423596,-1.9447282954764));
#10562=CARTESIAN_POINT('Ctrl Pts',(13.8526832122875,20.6573106516694,-3.03927951493585));
#10563=CARTESIAN_POINT('Ctrl Pts',(11.8498984268582,20.2561686247173,-5.03338455522372));
#10564=CARTESIAN_POINT('Ctrl Pts',(10.9151800868725,20.0086245635099,-5.93776896839211));
#10565=CARTESIAN_POINT('Ctrl Pts',(10.,19.7099563492406,-6.80307443080193));
#10566=CARTESIAN_POINT('Origin',(20.,0.,2.77555756156289E-16));
#10567=CARTESIAN_POINT('Origin',(10.,0.,2.77555756156289E-16));
#10568=CARTESIAN_POINT('',(20.,-19.9588678446351,6.03388725121624));
#10569=CARTESIAN_POINT('Ctrl Pts',(20.,-19.9588678446351,6.03388725121624));
#10570=CARTESIAN_POINT('Ctrl Pts',(19.9923084993383,-19.7480376463447,6.73127052838773));
#10571=CARTESIAN_POINT('Ctrl Pts',(19.8067100849687,-19.534453927125,7.31509077234964));
#10572=CARTESIAN_POINT('Ctrl Pts',(19.2945908936205,-19.0898148916002,8.40822952636136));
#10573=CARTESIAN_POINT('Ctrl Pts',(18.9602525352102,-18.8580130362531,8.91301643301935));
#10574=CARTESIAN_POINT('Ctrl Pts',(17.8275734739259,-18.1145204182743,10.3843887621906));
#10575=CARTESIAN_POINT('Ctrl Pts',(16.9110443181692,-17.5609882840322,11.2946027407681));
#10576=CARTESIAN_POINT('Ctrl Pts',(14.9186236044833,-16.2852982093454,13.0669590853588));
#10577=CARTESIAN_POINT('Ctrl Pts',(13.8526832122875,-15.5730137468419,13.9083768344892));
#10578=CARTESIAN_POINT('Ctrl Pts',(11.8498984268582,-14.140442858127,15.352368000077));
#10579=CARTESIAN_POINT('Ctrl Pts',(10.9151800868725,-13.4359513502374,15.9711417425163));
#10580=CARTESIAN_POINT('Ctrl Pts',(10.,-12.7102895590163,16.529148203279));
#10581=CARTESIAN_POINT('',(20.,-19.9843138434383,5.94906725520579));
#10582=CARTESIAN_POINT('Origin',(20.,0.,2.77555756156289E-16));
#10583=CARTESIAN_POINT('Ctrl Pts',(10.,-19.7099563492406,-6.80307443080192));
#10584=CARTESIAN_POINT('Ctrl Pts',(10.9151800868725,-20.0086245635099,-5.9377689683921));
#10585=CARTESIAN_POINT('Ctrl Pts',(11.8498984268582,-20.2561686247173,-5.03338455522372));
#10586=CARTESIAN_POINT('Ctrl Pts',(13.8526832122875,-20.6573106516694,-3.03927951493585));
#10587=CARTESIAN_POINT('Ctrl Pts',(14.9186236044833,-20.788804423596,-1.9447282954764));
#10588=CARTESIAN_POINT('Ctrl Pts',(16.9110443181692,-20.878221085257,0.237160070018625));
#10589=CARTESIAN_POINT('Ctrl Pts',(17.8275734739259,-20.8393090256367,1.30176007098276));
#10590=CARTESIAN_POINT('Ctrl Pts',(18.9602525352102,-20.6500933236715,2.93941547495802));
#10591=CARTESIAN_POINT('Ctrl Pts',(19.2945908936205,-20.5657516212596,3.48844042749659));
#10592=CARTESIAN_POINT('Ctrl Pts',(19.8067100849687,-20.3352362725629,4.64581628755676));
#10593=CARTESIAN_POINT('Ctrl Pts',(19.9923084993383,-20.192180344226,5.25079486878349));
#10594=CARTESIAN_POINT('Ctrl Pts',(20.,-19.9843138434383,5.94906725520579));
#10595=CARTESIAN_POINT('Origin',(15.,-25.,7.50000000000001));
#10596=CARTESIAN_POINT('',(12.6929961326492,-27.123922253581,19.8760777464189));
#10597=CARTESIAN_POINT('Ctrl Pts',(12.6929961326492,-27.123922253581,19.8760777464189));
#10598=CARTESIAN_POINT('Ctrl Pts',(12.8854242301176,-26.9572794698502,19.7094349626881));
#10599=CARTESIAN_POINT('Ctrl Pts',(13.0674061380056,-26.7781068778386,19.5533226039982));
#10600=CARTESIAN_POINT('Ctrl Pts',(13.5185429461119,-26.2658046325763,19.166508431761));
#10601=CARTESIAN_POINT('Ctrl Pts',(13.7969520273086,-25.8670152703165,18.9287090426897));
#10602=CARTESIAN_POINT('Ctrl Pts',(14.1921167830152,-24.9702051771969,18.5666479215514));
#10603=CARTESIAN_POINT('Ctrl Pts',(14.3048413200118,-24.4699797104856,18.4434628956743));
#10604=CARTESIAN_POINT('Ctrl Pts',(14.3048413200118,-23.4867625536183,18.351286287218));
#10605=CARTESIAN_POINT('Ctrl Pts',(14.1921167830151,-22.9723575452151,18.3793497060532));
#10606=CARTESIAN_POINT('Ctrl Pts',(13.7969520273086,-22.0238793460138,18.5684150497863));
#10607=CARTESIAN_POINT('Ctrl Pts',(13.5185429461119,-21.5878399603455,18.7279492437394));
#10608=CARTESIAN_POINT('Ctrl Pts',(12.7983599576937,-20.6694921555331,19.1826829764407));
#10609=CARTESIAN_POINT('Ctrl Pts',(12.2617137084371,-20.1699990816888,19.5586131322368));
#10610=CARTESIAN_POINT('Ctrl Pts',(11.1404083942474,-19.3518227541568,20.431440267027));
#10611=CARTESIAN_POINT('Ctrl Pts',(10.5554888012868,-19.0341963132328,20.9289927299132));
#10612=CARTESIAN_POINT('Ctrl Pts',(10.0126487916447,-18.8138094703461,21.4250823544275));
#10613=CARTESIAN_POINT('Ctrl Pts',(10.0063265301766,-18.8112533810719,21.4308648741509));
#10614=CARTESIAN_POINT('Ctrl Pts',(10.,-18.8087062792183,21.4366560574267));
#10615=CARTESIAN_POINT('',(11.2139599984445,-28.3726595951102,21.124815087948));
#10616=CARTESIAN_POINT('Ctrl Pts',(12.6929961326749,-27.1239222535588,19.8760777463967));
#10617=CARTESIAN_POINT('Ctrl Pts',(12.012115390263,-27.7135651580884,20.4657206509263));
#10618=CARTESIAN_POINT('Ctrl Pts',(11.2139599984448,-28.37265959511,21.1248150879478));
#10619=CARTESIAN_POINT('Ctrl Pts',(9.99999999999857,-29.1760064375069,22.1670879943479));
#10620=CARTESIAN_POINT('Ctrl Pts',(10.1628869035702,-29.0913100555517,22.0218422138623));
#10621=CARTESIAN_POINT('Ctrl Pts',(10.3254397890224,-28.9984676659376,21.8790962558587));
#10622=CARTESIAN_POINT('Ctrl Pts',(10.7356261662846,-28.7411649011518,21.5242495444482));
#10623=CARTESIAN_POINT('Ctrl Pts',(10.9804561725988,-28.5654805347616,21.3176360275994));
#10624=CARTESIAN_POINT('Ctrl Pts',(11.2139599984445,-28.3726595951103,21.124815087948));
#10625=CARTESIAN_POINT('Origin',(20.,-25.,7.50000000000001));
#10626=CARTESIAN_POINT('Origin',(20.,-2.22044604925031E-15,7.50000000000001));
#10627=CARTESIAN_POINT('Origin',(20.,25.,7.50000000000001));
#10628=CARTESIAN_POINT('Origin',(15.,25.,7.50000000000001));
#10629=CARTESIAN_POINT('',(11.2139599984445,28.3726595951102,21.1248150879481));
#10630=CARTESIAN_POINT('Ctrl Pts',(11.2139599984445,28.3726595951102,21.1248150879481));
#10631=CARTESIAN_POINT('Ctrl Pts',(10.9804561725987,28.5654805347615,21.3176360275994));
#10632=CARTESIAN_POINT('Ctrl Pts',(10.7356261662845,28.7411649011517,21.5242495444483));
#10633=CARTESIAN_POINT('Ctrl Pts',(10.3254397890223,28.9984676659375,21.8790962558588));
#10634=CARTESIAN_POINT('Ctrl Pts',(10.1628869035702,29.0913100555516,22.0218422138624));
#10635=CARTESIAN_POINT('Ctrl Pts',(9.99999999999857,29.1760064375068,22.1670879943479));
#10636=CARTESIAN_POINT('',(12.6929961326492,27.1239222535811,19.876077746419));
#10637=CARTESIAN_POINT('Ctrl Pts',(11.2139599984447,28.37265959511,21.1248150879479));
#10638=CARTESIAN_POINT('Ctrl Pts',(12.0121153902629,27.7135651580885,20.4657206509264));
#10639=CARTESIAN_POINT('Ctrl Pts',(12.6929961326748,27.1239222535588,19.8760777463967));
#10640=CARTESIAN_POINT('Ctrl Pts',(10.,18.8087062792183,21.4366560574267));
#10641=CARTESIAN_POINT('Ctrl Pts',(10.0063265301766,18.8112533810719,21.430864874151));
#10642=CARTESIAN_POINT('Ctrl Pts',(10.0126487916447,18.8138094703461,21.4250823544275));
#10643=CARTESIAN_POINT('Ctrl Pts',(10.0189667126619,18.8163744741076,21.4193085444476));
#10644=CARTESIAN_POINT('Ctrl Pts',(10.5554888012868,19.0341963132328,20.9289927299132));
#10645=CARTESIAN_POINT('Ctrl Pts',(11.1404083942474,19.3518227541568,20.431440267027));
#10646=CARTESIAN_POINT('Ctrl Pts',(12.2617137084371,20.1699990816888,19.5586131322369));
#10647=CARTESIAN_POINT('Ctrl Pts',(12.7983599576937,20.6694921555331,19.1826829764407));
#10648=CARTESIAN_POINT('Ctrl Pts',(13.5185429461119,21.5878399603455,18.7279492437394));
#10649=CARTESIAN_POINT('Ctrl Pts',(13.7969520273086,22.0238793460138,18.5684150497863));
#10650=CARTESIAN_POINT('Ctrl Pts',(14.1921167830152,22.9723575452151,18.3793497060532));
#10651=CARTESIAN_POINT('Ctrl Pts',(14.3048413200118,23.4867625536183,18.351286287218));
#10652=CARTESIAN_POINT('Ctrl Pts',(14.3048413200118,24.4699797104856,18.4434628956743));
#10653=CARTESIAN_POINT('Ctrl Pts',(14.1921167830152,24.9702051771969,18.5666479215514));
#10654=CARTESIAN_POINT('Ctrl Pts',(13.7969520273086,25.8670152703165,18.9287090426897));
#10655=CARTESIAN_POINT('Ctrl Pts',(13.5185429461119,26.2658046325763,19.166508431761));
#10656=CARTESIAN_POINT('Ctrl Pts',(13.0674061380055,26.7781068778387,19.5533226039982));
#10657=CARTESIAN_POINT('Ctrl Pts',(12.8854242301175,26.9572794698502,19.7094349626881));
#10658=CARTESIAN_POINT('Ctrl Pts',(12.6929961326492,27.1239222535811,19.876077746419));
#10659=CARTESIAN_POINT('Origin',(23.5000000000035,-8.00000000000001,58.1754264805429));
#10660=CARTESIAN_POINT('',(23.5000000000035,-8.00000000000001,58.1754264805429));
#10661=CARTESIAN_POINT('',(23.5000000000029,-5.25,56.5877132402715));
#10662=CARTESIAN_POINT('Origin',(23.5000000000029,-10.75,56.5877132402715));
#10663=CARTESIAN_POINT('Origin',(23.5000000000029,-5.24999999999999,56.5877132402715));
#10664=CARTESIAN_POINT('Origin',(23.5000000000035,7.99999999999999,58.175426480543));
#10665=CARTESIAN_POINT('',(23.5000000000035,7.99999999999999,58.175426480543));
#10666=CARTESIAN_POINT('',(23.5000000000029,10.75,56.5877132402715));
#10667=CARTESIAN_POINT('Origin',(23.5000000000029,5.25,56.5877132402715));
#10668=CARTESIAN_POINT('Origin',(23.5000000000029,10.75,56.5877132402715));
#10669=CARTESIAN_POINT('Origin',(18.5000000000023,2.22044604925031E-15,
55.));
#10670=CARTESIAN_POINT('Origin',(18.5000000000023,2.22044604925031E-15,
55.));
#10671=CARTESIAN_POINT('Origin',(27.5000000000003,-16.,55.));
#10672=CARTESIAN_POINT('',(27.5000000000003,-13.,55.));
#10673=CARTESIAN_POINT('Origin',(27.5000000000003,-12.,55.));
#10674=CARTESIAN_POINT('Origin',(27.5000000000003,-16.,55.));
#10675=CARTESIAN_POINT('Origin',(27.5000000000003,-8.,55.));
#10676=CARTESIAN_POINT('',(27.5000000000023,-7.99999999999999,60.));
#10677=CARTESIAN_POINT('Origin',(27.5000000000019,-7.99999999999999,59.));
#10678=CARTESIAN_POINT('Origin',(27.5000000000003,-8.,55.));
#10679=CARTESIAN_POINT('Origin',(27.5000000000039,4.,59.));
#10680=CARTESIAN_POINT('',(27.5000000000039,8.,60.));
#10681=CARTESIAN_POINT('Origin',(27.5000000000039,8.,59.));
#10682=CARTESIAN_POINT('',(27.5000000000039,4.,60.));
#10683=CARTESIAN_POINT('Origin',(27.5000000000003,8.,55.));
#10684=CARTESIAN_POINT('',(27.5000000000003,13.,55.));
#10685=CARTESIAN_POINT('Origin',(27.5000000000003,12.,55.));
#10686=CARTESIAN_POINT('Origin',(27.5000000000003,8.,55.));
#10687=CARTESIAN_POINT('Origin',(27.5000000000003,16.,55.));
#10688=CARTESIAN_POINT('Origin',(27.5000000000003,16.,55.));
#10689=CARTESIAN_POINT('Origin',(33.9500000000023,2.34159062823227E-15,
54.9999999999998));
#10690=CARTESIAN_POINT('',(34.4000000000023,-2.1,55.));
#10691=CARTESIAN_POINT('Origin',(34.4000000000023,2.34159062823227E-15,
55.));
#10692=CARTESIAN_POINT('',(33.5000000000023,-3.,55.));
#10693=CARTESIAN_POINT('',(33.9500000000023,-2.55,54.9999999999998));
#10694=CARTESIAN_POINT('Origin',(33.5000000000023,2.34159062823227E-15,
55.));
#10695=CARTESIAN_POINT('Origin',(26.5000000000023,2.34159062823227E-15,
55.));
#10696=CARTESIAN_POINT('',(26.5000000000023,-3.,55.));
#10697=CARTESIAN_POINT('Origin',(30.,-8.,55.));
#10698=CARTESIAN_POINT('',(31.25,-7.99999999999999,60.));
#10699=CARTESIAN_POINT('',(30.,-7.99999999999999,60.));
#10700=CARTESIAN_POINT('',(32.5,-11.3071891388307,58.75));
#10701=CARTESIAN_POINT('Origin',(36.25,-8.,55.));
#10702=CARTESIAN_POINT('',(32.5,-13.,55.));
#10703=CARTESIAN_POINT('Origin',(32.5,-8.,55.));
#10704=CARTESIAN_POINT('',(30.,-13.,55.));
#10705=CARTESIAN_POINT('Origin',(30.,8.,60.));
#10706=CARTESIAN_POINT('',(31.25,8.,60.));
#10707=CARTESIAN_POINT('',(30.,8.,60.));
#10708=CARTESIAN_POINT('',(31.25,13.7411165235168,60.));
#10709=CARTESIAN_POINT('Origin',(30.,8.,55.));
#10710=CARTESIAN_POINT('',(32.5,13.,55.));
#10711=CARTESIAN_POINT('',(30.,13.,55.));
#10712=CARTESIAN_POINT('',(32.5,11.3071891388307,58.75));
#10713=CARTESIAN_POINT('Origin',(32.5,8.,55.));
#10714=CARTESIAN_POINT('Origin',(36.25,8.,55.));
#10715=CARTESIAN_POINT('Origin',(30.,16.,55.));
#10716=CARTESIAN_POINT('Origin',(32.5,16.,55.));
#10717=CARTESIAN_POINT('Origin',(30.,-16.,55.));
#10718=CARTESIAN_POINT('',(32.5,-16.,52.));
#10719=CARTESIAN_POINT('Origin',(32.5,-16.,55.));
#10720=CARTESIAN_POINT('',(28.7500000000004,-16.,52.));
#10721=CARTESIAN_POINT('Origin',(30.625,19.4822330470336,60.625));
#10722=CARTESIAN_POINT('',(32.5,38.4466991411009,58.75));
#10723=CARTESIAN_POINT('',(32.5,19.4822330470336,58.75));
#10724=CARTESIAN_POINT('',(30.,39.4822330470336,61.25));
#10725=CARTESIAN_POINT('',(31.25,38.9644660940673,60.));
#10726=CARTESIAN_POINT('',(30.,-39.4822332486187,61.25));
#10727=CARTESIAN_POINT('',(30.,19.4822330470336,61.25));
#10728=CARTESIAN_POINT('',(32.5,-38.4466993219949,58.75));
#10729=CARTESIAN_POINT('',(30.,-39.4822332486187,61.25));
#10730=CARTESIAN_POINT('',(32.5,19.4822330470336,58.75));
#10731=CARTESIAN_POINT('Origin',(32.5,0.,7.50000000000001));
#10732=CARTESIAN_POINT('',(32.5,43.75,53.4466991411009));
#10733=CARTESIAN_POINT('',(32.5,43.75,28.75));
#10734=CARTESIAN_POINT('',(32.5,44.4822330470336,52.7144660940672));
#10735=CARTESIAN_POINT('Origin',(0.,28.9330433250638,6.57021317684957));
#10736=CARTESIAN_POINT('',(0.,28.9330433250638,6.57021317684957));
#10737=CARTESIAN_POINT('Origin',(0.,26.1613026535796,3.62899115473469));
#10738=CARTESIAN_POINT('Origin',(0.,2.02072594216378,-43.5));
#10739=CARTESIAN_POINT('',(0.,2.02072594216378,-43.5));
#10740=CARTESIAN_POINT('',(8.,2.02072594216378,-43.5));
#10741=CARTESIAN_POINT('Origin',(0.,-2.02072594216372,-43.5000000000002));
#10742=CARTESIAN_POINT('',(0.,-2.02072594216372,-43.5000000000002));
#10743=CARTESIAN_POINT('Origin',(0.,-4.04145188432753,-40.0000000000002));
#10744=CARTESIAN_POINT('Origin',(8.,-9.38138455808257E-14,-40.));
#10745=CARTESIAN_POINT('Origin',(8.,2.77555756156289E-15,55.));
#10746=CARTESIAN_POINT('Origin',(0.,0.,54.9999999999999));
#10747=CARTESIAN_POINT('',(2.39751149799794E-5,-42.500023975115,55.0000239751149));
#10748=CARTESIAN_POINT('',(-10.2083333333333,-32.2916666666667,44.7916666666666));
#10749=CARTESIAN_POINT('',(8.75001598340999,-33.75003196682,63.7500159834099));
#10750=CARTESIAN_POINT('',(2.39751149888612E-5,42.500023975115,55.0000239751149));
#10751=CARTESIAN_POINT('',(6.25001598341,36.25003196682,61.2500159834099));
#10752=CARTESIAN_POINT('',(-14.7916666666667,27.7083333333333,40.2083333333333));
#10753=CARTESIAN_POINT('Origin',(0.,-25.,7.50000000000001));
#10754=CARTESIAN_POINT('',(0.,-27.1,7.50000000000001));
#10755=CARTESIAN_POINT('Origin',(0.,2.34159062823227E-15,55.));
#10756=CARTESIAN_POINT('',(0.,-2.1,55.));
#10757=CARTESIAN_POINT('Origin',(0.,25.,7.50000000000001));
#10758=CARTESIAN_POINT('',(0.,22.9,7.50000000000001));
#10759=CARTESIAN_POINT('Origin',(20.,-2.22044604925031E-15,7.50000000000001));
#10760=CARTESIAN_POINT('Origin',(27.5000000000007,0.,52.));
#10761=CARTESIAN_POINT('',(32.5,-43.75,52.));
#10762=CARTESIAN_POINT('',(32.5,0.,52.));
#10763=CARTESIAN_POINT('',(30.,-46.25,52.));
#10764=CARTESIAN_POINT('',(41.2500000000002,-34.9999999999998,52.));
#10765=CARTESIAN_POINT('',(30.,0.,52.));
#10766=CARTESIAN_POINT('Origin',(32.5,0.,7.50000000000001));
#10767=CARTESIAN_POINT('',(32.5,-43.75,53.4466991721374));
#10768=CARTESIAN_POINT('',(32.5,-41.4644665002675,55.7322327364531));
#10769=CARTESIAN_POINT('',(32.5,-43.75,30.7322330573791));
#10770=CARTESIAN_POINT('Origin',(30.625,45.625,28.75));
#10771=CARTESIAN_POINT('',(30.,46.25,54.4822330470336));
#10772=CARTESIAN_POINT('',(30.,46.25,28.75));
#10773=CARTESIAN_POINT('',(31.25,45.,53.9644660940673));
#10774=CARTESIAN_POINT('Origin',(0.,-47.5,55.));
#10775=CARTESIAN_POINT('',(30.,-47.5,55.));
#10776=CARTESIAN_POINT('',(30.,-47.5,31.25));
#10777=CARTESIAN_POINT('',(5.,-47.5,55.));
#10778=CARTESIAN_POINT('',(0.,-47.5,55.));
#10779=CARTESIAN_POINT('',(5.,-47.5,-5.55111512312578E-16));
#10780=CARTESIAN_POINT('',(5.,-47.5,31.25));
#10781=CARTESIAN_POINT('',(30.,-47.5,-5.55111512312578E-16));
#10782=CARTESIAN_POINT('',(0.,-47.5,-5.55111512312578E-16));
#10783=CARTESIAN_POINT('',(30.,-47.5,11.2500000000003));
#10784=CARTESIAN_POINT('',(30.,-47.5,31.25));
#10785=CARTESIAN_POINT('',(20.0000000000026,-47.5,11.2500000000005));
#10786=CARTESIAN_POINT('',(21.0000000000008,-47.5,11.2500000000005));
#10787=CARTESIAN_POINT('',(16.7500000000026,-47.5,14.5000000000005));
#10788=CARTESIAN_POINT('Origin',(20.0000000000026,-47.5,14.5000000000005));
#10789=CARTESIAN_POINT('',(16.7500000000026,-47.5,24.));
#10790=CARTESIAN_POINT('',(16.7500000000027,-47.5,33.7500000000002));
#10791=CARTESIAN_POINT('',(10.,-47.5,24.));
#10792=CARTESIAN_POINT('',(15.,-47.5,24.));
#10793=CARTESIAN_POINT('',(8.,-47.5,26.));
#10794=CARTESIAN_POINT('',(-0.749999999999994,-47.5,34.75));
#10795=CARTESIAN_POINT('',(8.,-47.5,48.));
#10796=CARTESIAN_POINT('',(8.,-47.5,46.));
#10797=CARTESIAN_POINT('',(8.25000000000001,-47.5,48.25));
#10798=CARTESIAN_POINT('Origin',(0.,47.5,-1.11022302462516E-15));
#10799=CARTESIAN_POINT('',(8.,47.5,48.));
#10800=CARTESIAN_POINT('',(-5.49999999999998,47.5,34.4999999999999));
#10801=CARTESIAN_POINT('',(8.,47.5,26.));
#10802=CARTESIAN_POINT('',(8.,47.5,18.5));
#10803=CARTESIAN_POINT('',(10.,47.5,24.));
#10804=CARTESIAN_POINT('',(13.,47.5,21.));
#10805=CARTESIAN_POINT('',(16.7500000000026,47.5,24.));
#10806=CARTESIAN_POINT('',(15.,47.5,24.));
#10807=CARTESIAN_POINT('',(16.7500000000026,47.5,14.5000000000005));
#10808=CARTESIAN_POINT('',(16.7500000000026,47.5,6.25000000000026));
#10809=CARTESIAN_POINT('',(20.0000000000026,47.5,11.2500000000005));
#10810=CARTESIAN_POINT('Origin',(20.0000000000026,47.5,14.5000000000005));
#10811=CARTESIAN_POINT('',(30.,47.5,11.2500000000003));
#10812=CARTESIAN_POINT('',(21.0000000000014,47.5,11.2500000000005));
#10813=CARTESIAN_POINT('',(30.,47.5,-4.70684927132477E-15));
#10814=CARTESIAN_POINT('',(30.,47.5,3.75));
#10815=CARTESIAN_POINT('',(5.,47.5,-4.70684927132477E-15));
#10816=CARTESIAN_POINT('',(0.,47.5,-4.70684927132477E-15));
#10817=CARTESIAN_POINT('',(5.,47.5,55.));
#10818=CARTESIAN_POINT('',(5.,47.5,3.75));
#10819=CARTESIAN_POINT('',(30.,47.5,55.));
#10820=CARTESIAN_POINT('',(0.,47.5,55.));
#10821=CARTESIAN_POINT('',(30.,47.5,3.75));
#10822=CARTESIAN_POINT('Origin',(6.25,-9.63432989366675,-15.1144074478624));
#10823=CARTESIAN_POINT('',(7.5,-19.876077746419,-27.1239222535811));
#10824=CARTESIAN_POINT('',(7.5,-19.876077746419,-27.1239222535811));
#10825=CARTESIAN_POINT('',(7.5,-21.1248150879479,-28.3726595951102));
#10826=CARTESIAN_POINT('',(5.,-22.8925820409145,-26.6048926421439));
#10827=CARTESIAN_POINT('',(7.5,-8.7504464171835,-15.9982909243455));
#10828=CARTESIAN_POINT('Origin',(6.25,-23.5,-23.5));
#10829=CARTESIAN_POINT('',(7.5,-27.1239222535811,-19.8760777464189));
#10830=CARTESIAN_POINT('',(5.,-25.3561553006147,-21.6438446993853));
#10831=CARTESIAN_POINT('',(7.5,-27.1239222535811,-19.8760777464189));
#10832=CARTESIAN_POINT('Origin',(5.,-23.5,-23.5));
#10833=CARTESIAN_POINT('Origin',(7.5,-23.5,-23.5));
#10834=CARTESIAN_POINT('Origin',(6.25,-14.4900387770979,-9.00996122290208));
#10835=CARTESIAN_POINT('',(7.5,-28.3726595951103,-21.1248150879481));
#10836=CARTESIAN_POINT('',(7.5,-28.3726595951103,-21.1248150879481));
#10837=CARTESIAN_POINT('',(5.,-13.6061553006147,-9.89384469938526));
#10838=CARTESIAN_POINT('',(7.5,-15.3739222535811,-8.12607774641888));
#10839=CARTESIAN_POINT('Origin',(6.25,-24.7487373415291,-24.7487373415292));
#10840=CARTESIAN_POINT('Origin',(7.5,-24.7487373415291,-24.7487373415292));
#10841=CARTESIAN_POINT('Origin',(6.25,24.7487373415292,-24.7487373415291));
#10842=CARTESIAN_POINT('',(7.5,28.3726595951102,-21.1248150879479));
#10843=CARTESIAN_POINT('',(7.5,28.3726595951102,-21.1248150879479));
#10844=CARTESIAN_POINT('',(7.5,21.1248150879481,-28.3726595951102));
#10845=CARTESIAN_POINT('',(5.,22.8925820409145,-26.6048926421438));
#10846=CARTESIAN_POINT('Origin',(7.5,24.7487373415292,-24.7487373415291));
#10847=CARTESIAN_POINT('Origin',(6.25,15.1144074478624,-9.63432989366675));
#10848=CARTESIAN_POINT('',(7.5,27.1239222535811,-19.8760777464189));
#10849=CARTESIAN_POINT('',(5.,25.3561553006147,-21.6438446993853));
#10850=CARTESIAN_POINT('',(7.5,27.1239222535811,-19.8760777464189));
#10851=CARTESIAN_POINT('',(5.,14.2305239713792,-10.5182133701499));
#10852=CARTESIAN_POINT('',(7.5,15.9982909243456,-8.75044641718349));
#10853=CARTESIAN_POINT('Origin',(6.25,23.5,-23.5));
#10854=CARTESIAN_POINT('',(7.5,19.8760778227874,-27.1239223299495));
#10855=CARTESIAN_POINT('',(7.5,19.8760778227874,-27.1239223299495));
#10856=CARTESIAN_POINT('Origin',(5.,23.5,-23.5));
#10857=CARTESIAN_POINT('Origin',(7.5,23.5,-23.5));
#10858=CARTESIAN_POINT('Origin',(6.25,9.00996122290209,-14.4900387770979));
#10859=CARTESIAN_POINT('',(7.5,8.12607778460312,-15.3739222917653));
#10860=CARTESIAN_POINT('Origin',(6.25,24.7487373415291,24.7487373415292));
#10861=CARTESIAN_POINT('',(7.5,21.1248150879479,28.3726595951102));
#10862=CARTESIAN_POINT('',(5.,22.8925820409143,26.6048926421439));
#10863=CARTESIAN_POINT('',(7.5,21.1248150879479,28.3726595951102));
#10864=CARTESIAN_POINT('Origin',(5.,24.7487373415291,24.7487373415292));
#10865=CARTESIAN_POINT('',(7.5,28.3726595951102,21.1248150879481));
#10866=CARTESIAN_POINT('',(5.,26.6048926421438,22.8925820409145));
#10867=CARTESIAN_POINT('Origin',(7.5,24.7487373415291,24.7487373415292));
#10868=CARTESIAN_POINT('Origin',(6.25,9.63432989366671,15.1144074478624));
#10869=CARTESIAN_POINT('',(7.5,19.8760777464189,27.1239222535811));
#10870=CARTESIAN_POINT('',(7.5,19.8760777464189,27.1239222535811));
#10871=CARTESIAN_POINT('',(5.,10.5182133701499,14.2305239713792));
#10872=CARTESIAN_POINT('',(7.5,8.75044641718348,15.9982909243456));
#10873=CARTESIAN_POINT('Origin',(6.25,23.5,23.5));
#10874=CARTESIAN_POINT('',(7.5,27.1239222535811,19.876077746419));
#10875=CARTESIAN_POINT('',(7.5,27.1239222535811,19.876077746419));
#10876=CARTESIAN_POINT('Origin',(7.5,23.5,23.5));
#10877=CARTESIAN_POINT('Origin',(6.25,14.4900387770979,9.0099612229021));
#10878=CARTESIAN_POINT('',(7.5,15.3739222535811,8.12607774641892));
#10879=CARTESIAN_POINT('Origin',(0.,24.7487373415291,24.7487373415292));
#10880=CARTESIAN_POINT('',(0.,22.8925820409143,26.6048926421439));
#10881=CARTESIAN_POINT('Origin',(6.25,-23.5,23.5));
#10882=CARTESIAN_POINT('',(7.5,-19.8760777464189,27.1239222535811));
#10883=CARTESIAN_POINT('',(7.5,-19.8760777464189,27.1239222535811));
#10884=CARTESIAN_POINT('',(7.5,-27.1239222535811,19.876077746419));
#10885=CARTESIAN_POINT('',(5.,-25.3561553006147,21.6438446993853));
#10886=CARTESIAN_POINT('Origin',(7.5,-23.5,23.5));
#10887=CARTESIAN_POINT('Origin',(6.25,-9.00996122290209,14.4900387770979));
#10888=CARTESIAN_POINT('',(7.5,-21.1248150879481,28.3726595951103));
#10889=CARTESIAN_POINT('',(5.,-22.8925820409145,26.6048926421439));
#10890=CARTESIAN_POINT('',(7.5,-21.1248150879481,28.3726595951103));
#10891=CARTESIAN_POINT('',(5.,-9.89384469938527,13.6061553006147));
#10892=CARTESIAN_POINT('',(7.5,-8.12607774641891,15.3739222535811));
#10893=CARTESIAN_POINT('Origin',(6.25,-24.7487373415292,24.7487373415291));
#10894=CARTESIAN_POINT('',(7.5,-28.3726595951102,21.1248150879479));
#10895=CARTESIAN_POINT('',(7.5,-28.3726595951102,21.1248150879479));
#10896=CARTESIAN_POINT('Origin',(5.,-24.7487373415292,24.7487373415291));
#10897=CARTESIAN_POINT('Origin',(7.5,-24.7487373415292,24.7487373415291));
#10898=CARTESIAN_POINT('Origin',(6.25,-15.1144074478624,9.63432989366671));
#10899=CARTESIAN_POINT('',(7.5,-15.9982909243456,8.75044641718348));
#10900=CARTESIAN_POINT('Origin',(10.,19.8760777464189,27.1239222535811));
#10901=CARTESIAN_POINT('',(8.,19.8760777464189,27.1239222535811));
#10902=CARTESIAN_POINT('',(8.,21.1248150879479,28.3726595951102));
#10903=CARTESIAN_POINT('',(8.,17.376077746419,24.6239222535811));
#10904=CARTESIAN_POINT('',(10.,19.8760777464189,27.1239222535811));
#10905=CARTESIAN_POINT('',(10.,21.1248150879479,28.3726595951102));
#10906=CARTESIAN_POINT('Origin',(10.,24.7487373415291,24.7487373415292));
#10907=CARTESIAN_POINT('',(8.,29.7186434532697,26.));
#10908=CARTESIAN_POINT('Origin',(8.,24.7487373415291,24.7487373415292));
#10909=CARTESIAN_POINT('',(10.,28.3726595951102,21.1248150879481));
#10910=CARTESIAN_POINT('Origin',(9.25126265847083,24.7487373415291,24.7487373415292));
#10911=CARTESIAN_POINT('Origin',(10.,23.5,23.5));
#10912=CARTESIAN_POINT('',(8.,19.0261174579567,26.));
#10913=CARTESIAN_POINT('Origin',(8.,23.5,23.5));
#10914=CARTESIAN_POINT('Origin',(10.5,23.5,23.5));
#10915=CARTESIAN_POINT('',(10.,27.1239222535811,19.876077746419));
#10916=CARTESIAN_POINT('Origin',(10.,28.3726595951102,21.1248150879481));
#10917=CARTESIAN_POINT('Origin',(10.,23.5,-23.5));
#10918=CARTESIAN_POINT('',(10.,19.8760778227874,-27.1239223299495));
#10919=CARTESIAN_POINT('',(10.,27.1239222535811,-19.8760777464189));
#10920=CARTESIAN_POINT('Origin',(10.,21.1248150879481,-28.3726595951102));
#10921=CARTESIAN_POINT('',(10.,21.1248150879481,-28.3726595951102));
#10922=CARTESIAN_POINT('Origin',(10.,24.7487373415292,-24.7487373415291));
#10923=CARTESIAN_POINT('',(10.,28.3726595951102,-21.1248150879479));
#10924=CARTESIAN_POINT('Origin',(10.,27.1239222535811,-19.876077746419));
#10925=CARTESIAN_POINT('Origin',(10.,-21.1248150879481,28.3726595951102));
#10926=CARTESIAN_POINT('',(8.,-21.1248150879481,28.3726595951103));
#10927=CARTESIAN_POINT('',(8.,-19.8760777464189,27.1239222535811));
#10928=CARTESIAN_POINT('',(8.,-18.0004464171835,25.2482909243456));
#10929=CARTESIAN_POINT('',(10.,-21.1248150879481,28.3726595951103));
#10930=CARTESIAN_POINT('',(10.,-19.8760777464189,27.1239222535811));
#10931=CARTESIAN_POINT('Origin',(10.,-23.5,23.5));
#10932=CARTESIAN_POINT('',(8.,-19.0261174579567,26.));
#10933=CARTESIAN_POINT('Origin',(8.,-23.5,23.5));
#10934=CARTESIAN_POINT('',(10.,-27.123922253581,19.8760777464189));
#10935=CARTESIAN_POINT('Origin',(10.5,-23.5,23.5));
#10936=CARTESIAN_POINT('Origin',(10.,-24.7487373415292,24.7487373415291));
#10937=CARTESIAN_POINT('',(8.,-29.7186434532698,26.));
#10938=CARTESIAN_POINT('Origin',(8.,-24.7487373415292,24.7487373415291));
#10939=CARTESIAN_POINT('Origin',(9.25126265847091,-24.7487373415292,24.7487373415291));
#10940=CARTESIAN_POINT('',(10.,-28.3726595951102,21.1248150879479));
#10941=CARTESIAN_POINT('Origin',(10.,-27.1239222535811,19.876077746419));
#10942=CARTESIAN_POINT('Origin',(10.,-23.5,-23.5));
#10943=CARTESIAN_POINT('',(10.,-27.1239222535811,-19.8760777464189));
#10944=CARTESIAN_POINT('',(10.,-19.876077746419,-27.1239222535811));
#10945=CARTESIAN_POINT('Origin',(10.,-28.3726595951103,-21.1248150879481));
#10946=CARTESIAN_POINT('',(10.,-28.3726595951103,-21.1248150879481));
#10947=CARTESIAN_POINT('Origin',(10.,-24.7487373415291,-24.7487373415292));
#10948=CARTESIAN_POINT('',(10.,-21.1248150879479,-28.3726595951102));
#10949=CARTESIAN_POINT('Origin',(10.,-19.876077746419,-27.1239222535811));
#10950=CARTESIAN_POINT('Origin',(9.,-23.75,25.));
#10951=CARTESIAN_POINT('',(10.,-23.75,24.));
#10952=CARTESIAN_POINT('',(8.,-23.75,26.));
#10953=CARTESIAN_POINT('Origin',(0.,26.6048926421439,-22.8925820409145));
#10954=CARTESIAN_POINT('',(0.,25.3561553006147,-21.6438446993853));
#10955=CARTESIAN_POINT('Origin',(0.,23.5,-23.5));
#10956=CARTESIAN_POINT('Origin',(8.,0.,37.));
#10957=CARTESIAN_POINT('',(8.,-33.9139999999995,48.));
#10958=CARTESIAN_POINT('',(8.,-29.0866601717793,54.8268894552528));
#10959=CARTESIAN_POINT('',(8.,-22.5,48.));
#10960=CARTESIAN_POINT('',(8.,-23.75,26.));
#10961=CARTESIAN_POINT('',(8.,-23.75,26.));
#10962=CARTESIAN_POINT('',(8.,33.9140000000005,48.));
#10963=CARTESIAN_POINT('',(8.,-22.5,48.));
#10964=CARTESIAN_POINT('',(8.,30.6187248643512,52.6602227885861));
#10965=CARTESIAN_POINT('Origin',(0.,-23.5,-23.5));
#10966=CARTESIAN_POINT('',(0.,-25.3561553006147,-21.6438446993853));
#10967=CARTESIAN_POINT('Origin',(0.,-25.3561553006147,-21.6438446993853));
#10968=CARTESIAN_POINT('Origin',(0.,-21.6438446993853,25.3561553006147));
#10969=CARTESIAN_POINT('',(0.,-22.8925820409145,26.6048926421439));
#10970=CARTESIAN_POINT('Origin',(0.,-24.7487373415292,24.7487373415291));
#10971=CARTESIAN_POINT('Origin',(0.,22.8925820409144,26.6048926421438));
#10972=CARTESIAN_POINT('Origin',(9.,-23.75,25.));
#10973=CARTESIAN_POINT('Origin',(31.875,-44.375,10.0000000000001));
#10974=CARTESIAN_POINT('',(30.,-46.25,12.5000000000003));
#10975=CARTESIAN_POINT('',(45.5000000000007,-30.7499999999993,12.4999999999999));
#10976=CARTESIAN_POINT('',(30.,-46.25,-5.78241158658936E-16));
#10977=CARTESIAN_POINT('',(30.,-46.25,10.0000000000001));
#10978=CARTESIAN_POINT('',(31.25,-45.,-5.55111512312578E-16));
#10979=CARTESIAN_POINT('Origin',(31.875,0.,2.77555756156289E-16));
#10980=CARTESIAN_POINT('',(30.,46.25,-4.44089209850063E-15));
#10981=CARTESIAN_POINT('',(31.25,45.,-4.40068757153793E-15));
#10982=CARTESIAN_POINT('Origin',(30.,0.,2.77555756156289E-16));
#10983=CARTESIAN_POINT('Origin',(31.875,44.375,3.75));
#10984=CARTESIAN_POINT('',(30.,46.25,12.5000000000003));
#10985=CARTESIAN_POINT('',(45.5000000000007,30.7499999999993,12.4999999999999));
#10986=CARTESIAN_POINT('',(30.,46.25,3.75));
#10987=CARTESIAN_POINT('Origin',(42.0000000000027,0.,12.5));
#10988=CARTESIAN_POINT('',(20.0000000000026,-43.75,12.5000000000005));
#10989=CARTESIAN_POINT('',(30.,-43.75,12.5000000000003));
#10990=CARTESIAN_POINT('',(20.0000000000026,-46.25,12.5000000000005));
#10991=CARTESIAN_POINT('',(20.0000000000026,0.,12.5000000000005));
#10992=CARTESIAN_POINT('',(21.0000000000009,-46.25,12.5000000000005));
#10993=CARTESIAN_POINT('Origin',(30.625,-45.625,30.7322330573791));
#10994=CARTESIAN_POINT('',(30.,-46.25,54.4822330573791));
#10995=CARTESIAN_POINT('',(31.25,-45.,53.9644661147583));
#10996=CARTESIAN_POINT('',(30.,-46.25,30.7322330573791));
#10997=CARTESIAN_POINT('Origin',(30.625,-42.7902917337245,57.0580579324457));
#10998=CARTESIAN_POINT('',(30.,-43.2322334782102,57.4999996644432));
#10999=CARTESIAN_POINT('Origin',(30.625,45.8080582617584,54.040291308792));
#11000=CARTESIAN_POINT('',(30.,46.25,54.4822330470336));
#11001=CARTESIAN_POINT('Origin',(30.,0.,7.50000000000001));
#11002=CARTESIAN_POINT('',(30.,47.5,55.));
#11003=CARTESIAN_POINT('',(30.,-43.7500000000001,58.7499999999999));
#11004=CARTESIAN_POINT('Origin',(0.,-40.,62.5));
#11005=CARTESIAN_POINT('',(4.99997602488507,-47.4999760248851,55.0000239751149));
#11006=CARTESIAN_POINT('',(13.7499680331801,-38.7499840165901,63.7500159834099));
#11007=CARTESIAN_POINT('',(4.79166666666667,-47.2916666666667,55.2083333333333));
#11008=CARTESIAN_POINT('Origin',(2.5,45.,3.75));
#11009=CARTESIAN_POINT('Origin',(-42.5,0.,0.));
#11010=CARTESIAN_POINT('',(4.99997602488507,47.4999760248851,55.0000239751149));
#11011=CARTESIAN_POINT('Origin',(2.50000000000003,45.,47.5000959004598));
#11012=CARTESIAN_POINT('',(11.875,54.375,48.125));
#11013=CARTESIAN_POINT('Origin',(13.7499680331801,-33.75003196682,58.7500639336399));
#11014=CARTESIAN_POINT('Origin',(2.50000000000002,-45.,47.5000959004598));
#11015=CARTESIAN_POINT('Origin',(11.2499680331801,36.25003196682,56.2500639336399));
#11016=CARTESIAN_POINT('',(11.2499680331801,41.24998401659,61.25001598341));
#11017=CARTESIAN_POINT('Origin',(0.,0.,2.77555756156289E-16));
#11018=CARTESIAN_POINT('Origin',(30.,0.,2.77555756156289E-16));
#11019=CARTESIAN_POINT('Origin',(-42.5,0.,0.));
#11020=CARTESIAN_POINT('Origin',(2.5,-45.,31.25));
#11021=CARTESIAN_POINT('Origin',(30.,-47.5,24.));
#11022=CARTESIAN_POINT('',(16.7500000000026,-42.5,24.));
#11023=CARTESIAN_POINT('',(16.7500000000026,-23.75,24.));
#11024=CARTESIAN_POINT('',(15.,-42.5,24.));
#11025=CARTESIAN_POINT('',(10.,-23.75,24.));
#11026=CARTESIAN_POINT('Origin',(30.,-47.5,24.));
#11027=CARTESIAN_POINT('',(16.7500000000026,42.5,24.));
#11028=CARTESIAN_POINT('',(16.7500000000026,-23.75,24.));
#11029=CARTESIAN_POINT('',(15.,42.5,24.));
#11030=CARTESIAN_POINT('Origin',(9.,-23.75,25.));
#11031=CARTESIAN_POINT('Origin',(9.,-22.5,49.));
#11032=CARTESIAN_POINT('',(7.99999999999981,33.9140000000005,47.9999999999998));
#11033=CARTESIAN_POINT('Origin',(9.,-22.5,49.));
#11034=CARTESIAN_POINT('',(14.5,-33.9139999999994,54.5000000000001));
#11035=CARTESIAN_POINT('Origin',(14.0000755057011,-33.2069999999994,54.9999244942989));
#11036=CARTESIAN_POINT('Origin',(7.50007550570093,33.2070000000005,48.4999244942987));
#11037=CARTESIAN_POINT('Origin',(18.0000000000026,0.,12.5000000000006));
#11038=CARTESIAN_POINT('',(18.0000000000026,43.75,14.5000000000005));
#11039=CARTESIAN_POINT('',(18.0000000000026,43.75,22.75));
#11040=CARTESIAN_POINT('',(18.0000000000026,43.75,6.25000000000026));
#11041=CARTESIAN_POINT('',(18.0000000000026,46.25,14.5000000000005));
#11042=CARTESIAN_POINT('',(18.0000000000026,0.,14.5000000000005));
#11043=CARTESIAN_POINT('',(18.0000000000026,46.25,22.75));
#11044=CARTESIAN_POINT('',(18.0000000000026,46.25,6.25000000000026));
#11045=CARTESIAN_POINT('',(18.0000000000026,-23.75,22.75));
#11046=CARTESIAN_POINT('Origin',(18.0000000000026,0.,12.5000000000006));
#11047=CARTESIAN_POINT('',(18.0000000000026,-46.25,14.5000000000005));
#11048=CARTESIAN_POINT('',(18.0000000000026,-46.25,22.75));
#11049=CARTESIAN_POINT('',(18.0000000000027,-46.25,33.7500000000002));
#11050=CARTESIAN_POINT('',(18.0000000000026,-43.75,14.5000000000005));
#11051=CARTESIAN_POINT('',(18.0000000000026,0.,14.5000000000005));
#11052=CARTESIAN_POINT('',(18.0000000000026,-43.75,22.75));
#11053=CARTESIAN_POINT('',(18.0000000000027,-43.75,33.7500000000002));
#11054=CARTESIAN_POINT('',(18.0000000000026,-23.75,22.75));
#11055=CARTESIAN_POINT('Origin',(20.0000000000026,0.,14.5000000000005));
#11056=CARTESIAN_POINT('',(20.0000000000026,43.75,12.5000000000005));
#11057=CARTESIAN_POINT('Origin',(20.0000000000026,43.75,14.5000000000005));
#11058=CARTESIAN_POINT('',(20.0000000000026,46.25,12.5000000000005));
#11059=CARTESIAN_POINT('',(20.0000000000026,0.,12.5000000000005));
#11060=CARTESIAN_POINT('Origin',(20.0000000000026,46.25,14.5000000000005));
#11061=CARTESIAN_POINT('Origin',(20.0000000000026,0.,14.5000000000005));
#11062=CARTESIAN_POINT('Origin',(20.0000000000026,-46.25,14.5000000000005));
#11063=CARTESIAN_POINT('Origin',(20.0000000000026,-43.75,14.5000000000005));
#11064=CARTESIAN_POINT('Origin',(20.0000000000026,46.25,14.5000000000005));
#11065=CARTESIAN_POINT('Origin',(20.0000000000026,46.25,11.2500000000005));
#11066=CARTESIAN_POINT('Origin',(16.7500000000026,46.25,14.5000000000005));
#11067=CARTESIAN_POINT('Origin',(16.7500000000026,46.25,6.25000000000026));
#11068=CARTESIAN_POINT('Origin',(16.7500000000026,46.25,24.));
#11069=CARTESIAN_POINT('Origin',(17.3750000000026,-23.75,23.375));
#11070=CARTESIAN_POINT('Origin',(16.7500000000026,43.75,24.));
#11071=CARTESIAN_POINT('Origin',(16.7500000000026,43.75,6.25000000000026));
#11072=CARTESIAN_POINT('',(16.7500000000026,42.5,14.5000000000005));
#11073=CARTESIAN_POINT('',(16.7500000000026,42.5,6.25000000000026));
#11074=CARTESIAN_POINT('Origin',(16.7500000000026,43.75,14.5000000000005));
#11075=CARTESIAN_POINT('Origin',(20.0000000000026,43.75,14.5000000000005));
#11076=CARTESIAN_POINT('',(20.0000000000026,42.5,11.2500000000005));
#11077=CARTESIAN_POINT('Origin',(20.0000000000026,42.5,14.5000000000005));
#11078=CARTESIAN_POINT('Origin',(20.0000000000026,43.75,11.2500000000005));
#11079=CARTESIAN_POINT('Origin',(0.,-42.5,55.));
#11080=CARTESIAN_POINT('',(30.,-42.5,-5.55111512312578E-16));
#11081=CARTESIAN_POINT('',(16.7500000000026,-42.5,14.5000000000005));
#11082=CARTESIAN_POINT('',(16.7500000000027,-42.5,33.7500000000002));
#11083=CARTESIAN_POINT('',(20.0000000000026,-42.5,11.2500000000005));
#11084=CARTESIAN_POINT('Origin',(20.0000000000026,-42.5,14.5000000000005));
#11085=CARTESIAN_POINT('',(30.,-42.5,11.2500000000003));
#11086=CARTESIAN_POINT('Origin',(21.0000000000008,-43.75,11.2500000000005));
#11087=CARTESIAN_POINT('Origin',(20.0000000000026,-43.75,11.2500000000005));
#11088=CARTESIAN_POINT('Origin',(20.0000000000026,-43.75,14.5000000000005));
#11089=CARTESIAN_POINT('Origin',(16.7500000000026,-43.75,14.5000000000005));
#11090=CARTESIAN_POINT('Origin',(16.7500000000027,-43.75,33.7500000000002));
#11091=CARTESIAN_POINT('Origin',(16.7500000000026,-43.75,24.));
#11092=CARTESIAN_POINT('Origin',(17.3750000000026,-23.75,23.375));
#11093=CARTESIAN_POINT('Origin',(16.7500000000026,-46.25,24.));
#11094=CARTESIAN_POINT('Origin',(16.7500000000027,-46.25,33.7500000000002));
#11095=CARTESIAN_POINT('Origin',(16.7500000000026,-46.25,14.5000000000005));
#11096=CARTESIAN_POINT('Origin',(20.0000000000026,-46.25,14.5000000000005));
#11097=CARTESIAN_POINT('Origin',(20.0000000000026,-46.25,11.2500000000005));
#11098=CARTESIAN_POINT('Origin',(21.0000000000008,-46.25,11.2500000000005));
#11099=CARTESIAN_POINT('Origin',(30.0000000000001,-46.25,11.2500000000003));
#11100=CARTESIAN_POINT('Origin',(0.,0.,2.77555756156289E-16));
#11101=CARTESIAN_POINT('',(30.,-8.70481927710815,-41.5989918309673));
#11102=CARTESIAN_POINT('Origin',(0.,-8.49999999999973,-40.6201920231799));
#11103=CARTESIAN_POINT('',(0.,-7.49999999999973,-40.6201920231799));
#11104=CARTESIAN_POINT('Origin',(0.,47.5,55.));
#11105=CARTESIAN_POINT('Origin',(21.0000000000014,46.25,11.2500000000005));
#11106=CARTESIAN_POINT('Origin',(30.0000000000001,46.25,11.2500000000003));
#11107=CARTESIAN_POINT('',(21.0000000000015,46.25,12.5000000000005));
#11108=CARTESIAN_POINT('Origin',(42.0000000000027,0.,12.5));
#11109=CARTESIAN_POINT('',(21.0000000000015,43.75,12.5000000000005));
#11110=CARTESIAN_POINT('Origin',(21.0000000000014,43.75,11.2500000000005));
#11111=CARTESIAN_POINT('',(30.,42.5,11.2500000000003));
#11112=CARTESIAN_POINT('Origin',(0.,42.5,-1.11022302462516E-15));
#11113=CARTESIAN_POINT('',(30.,42.5,-4.70684927132477E-15));
#11114=CARTESIAN_POINT('Origin',(0.,0.,2.77555756156289E-16));
#11115=CARTESIAN_POINT('',(0.,8.70481927710852,-41.5989918309673));
#11116=CARTESIAN_POINT('Origin',(0.,8.50000000000009,-40.6201920231798));
#11117=CARTESIAN_POINT('',(30.,7.50000000000009,-40.6201920231798));
#11118=CARTESIAN_POINT('Origin',(10.,7.50000000000001,-44.3705983732471));
#11119=CARTESIAN_POINT('',(30.,7.5000000000001,-40.));
#11120=CARTESIAN_POINT('Origin',(10.,2.4980018054066E-13,-40.));
#11121=CARTESIAN_POINT('',(10.,-7.4999999999996,-40.));
#11122=CARTESIAN_POINT('Origin',(10.,-7.49999999999973,-40.));
#11123=CARTESIAN_POINT('Origin',(30.,0.,7.50000000000001));
#11124=UNCERTAINTY_MEASURE_WITH_UNIT(LENGTH_MEASURE(0.01),#11128,
'DISTANCE_ACCURACY_VALUE',
'Maximum model space distance between geometric entities at asserted c
onnectivities');
#11125=UNCERTAINTY_MEASURE_WITH_UNIT(LENGTH_MEASURE(0.01),#11128,
'DISTANCE_ACCURACY_VALUE',
'Maximum model space distance between geometric entities at asserted c
onnectivities');
#11126=(
GEOMETRIC_REPRESENTATION_CONTEXT(3)
GLOBAL_UNCERTAINTY_ASSIGNED_CONTEXT((#11124))
GLOBAL_UNIT_ASSIGNED_CONTEXT((#11128,#11130,#11131))
REPRESENTATION_CONTEXT('','3D')
);
#11127=(
GEOMETRIC_REPRESENTATION_CONTEXT(3)
GLOBAL_UNCERTAINTY_ASSIGNED_CONTEXT((#11125))
GLOBAL_UNIT_ASSIGNED_CONTEXT((#11128,#11130,#11131))
REPRESENTATION_CONTEXT('','3D')
);
#11128=(
LENGTH_UNIT()
NAMED_UNIT(*)
SI_UNIT(.MILLI.,.METRE.)
);
#11129=(
LENGTH_UNIT()
NAMED_UNIT(*)
SI_UNIT($,.METRE.)
);
#11130=(
NAMED_UNIT(*)
PLANE_ANGLE_UNIT()
SI_UNIT($,.RADIAN.)
);
#11131=(
NAMED_UNIT(*)
SI_UNIT($,.STERADIAN.)
SOLID_ANGLE_UNIT()
);
#11132=SHAPE_DEFINITION_REPRESENTATION(#11133,#11134);
#11133=PRODUCT_DEFINITION_SHAPE('',$,#11136);
#11134=SHAPE_REPRESENTATION('',(#6628),#11126);
#11135=PRODUCT_DEFINITION_CONTEXT('part definition',#11140,'design');
#11136=PRODUCT_DEFINITION('2026-09-02-19-34-31-315','Base (XL)',#11137,
#11135);
#11137=PRODUCT_DEFINITION_FORMATION('',$,#11142);
#11138=PRODUCT_RELATED_PRODUCT_CATEGORY('Base (XL)','Base (XL)',(#11142));
#11139=APPLICATION_PROTOCOL_DEFINITION('international standard',
'automotive_design',2009,#11140);
#11140=APPLICATION_CONTEXT(
'Core Data for Automotive Mechanical Design Process');
#11141=PRODUCT_CONTEXT('part definition',#11140,'mechanical');
#11142=PRODUCT('2026-09-02-19-34-31-315','Base (XL)',$,(#11141));
#11143=PRESENTATION_STYLE_ASSIGNMENT((#11145));
#11144=PRESENTATION_STYLE_ASSIGNMENT((#11146));
#11145=SURFACE_STYLE_USAGE(.BOTH.,#11147);
#11146=SURFACE_STYLE_USAGE(.BOTH.,#11148);
#11147=SURFACE_SIDE_STYLE('',(#11149));
#11148=SURFACE_SIDE_STYLE('',(#11150));
#11149=SURFACE_STYLE_FILL_AREA(#11151);
#11150=SURFACE_STYLE_FILL_AREA(#11152);
#11151=FILL_AREA_STYLE('Plastic - Matte (White)',(#11153));
#11152=FILL_AREA_STYLE('PETG Black',(#11154));
#11153=FILL_AREA_STYLE_COLOUR('Plastic - Matte (White)',#11155);
#11154=FILL_AREA_STYLE_COLOUR('PETG Black',#11156);
#11155=COLOUR_RGB('Plastic - Matte (White)',0.964705882352941,0.964705882352941,
0.952941176470588);
#11156=COLOUR_RGB('PETG Black',0.247058823529412,0.247058823529412,0.247058823529412);
ENDSEC;
END-ISO-10303-21;
