ISO-10303-21;
HEADER;
/* Generated by software containing ST-Developer
 * from STEP Tools, Inc. (www.steptools.com) 
 */

FILE_DESCRIPTION(
/* description */ (''),
/* implementation_level */ '2;1');

FILE_NAME(
/* name */ 'Cover (XL).step',
/* time_stamp */ '2026-09-01T21:40:28+02:00',
/* author */ (''),
/* organization */ (''),
/* preprocessor_version */ 'ST-DEVELOPER v20.1',
/* originating_system */ 'Autodesk Translation Framework v15.8.0.0',
/* authorisation */ '');

FILE_SCHEMA (('AUTOMOTIVE_DESIGN { 1 0 10303 214 3 1 1 }'));
ENDSEC;

DATA;
#10=MECHANICAL_DESIGN_GEOMETRIC_PRESENTATION_REPRESENTATION('',(#13),#5096);
#11=SHAPE_REPRESENTATION_RELATIONSHIP('SRR','None',#5103,#12);
#12=ADVANCED_BREP_SHAPE_REPRESENTATION('',(#14),#5095);
#13=STYLED_ITEM('',(#5113),#14);
#14=MANIFOLD_SOLID_BREP('Body1',#2824);
#15=TOROIDAL_SURFACE('',#3017,4.00000000000001,1.);
#16=TOROIDAL_SURFACE('',#3020,4.,1.);
#17=TOROIDAL_SURFACE('',#3026,4.00000000000001,1.);
#18=TOROIDAL_SURFACE('',#3030,3.99999999999999,1.);
#19=TOROIDAL_SURFACE('',#3092,3.25,1.25);
#20=TOROIDAL_SURFACE('',#3094,3.25,1.25);
#21=TOROIDAL_SURFACE('',#3103,3.25,1.25);
#22=TOROIDAL_SURFACE('',#3111,3.25,1.25);
#23=B_SPLINE_SURFACE_WITH_KNOTS('',3,3,((#4254,#4255,#4256,#4257,#4258,
#4259,#4260,#4261,#4262),(#4263,#4264,#4265,#4266,#4267,#4268,#4269,#4270,
#4271),(#4272,#4273,#4274,#4275,#4276,#4277,#4278,#4279,#4280),(#4281,#4282,
#4283,#4284,#4285,#4286,#4287,#4288,#4289)),.UNSPECIFIED.,.F.,.F.,.F.,(4,
4),(4,1,1,1,1,1,4),(0.,1.),(1.57079632679488,2.01959527730771,2.91719317833338,
3.36599212884621,3.81479107935904,4.26359002987188,4.71238898038471),
 .UNSPECIFIED.);
#24=B_SPLINE_SURFACE_WITH_KNOTS('',3,3,((#4397,#4398,#4399,#4400,#4401,
#4402,#4403,#4404,#4405),(#4406,#4407,#4408,#4409,#4410,#4411,#4412,#4413,
#4414),(#4415,#4416,#4417,#4418,#4419,#4420,#4421,#4422,#4423),(#4424,#4425,
#4426,#4427,#4428,#4429,#4430,#4431,#4432)),.UNSPECIFIED.,.F.,.F.,.F.,(4,
4),(4,1,1,1,1,1,4),(0.,1.),(-1.57079632679427,-1.12199737628162,-0.224399475256324,
0.224399475256324,0.673198425768972,1.12199737628162,1.57079632679427),
 .UNSPECIFIED.);
#25=B_SPLINE_SURFACE_WITH_KNOTS('',3,3,((#5046,#5047,#5048,#5049),(#5050,
#5051,#5052,#5053),(#5054,#5055,#5056,#5057),(#5058,#5059,#5060,#5061)),
 .UNSPECIFIED.,.F.,.F.,.F.,(4,4),(4,4),(0.,1.),(3.5105786607886,4.27654415237557),
 .UNSPECIFIED.);
#26=B_SPLINE_SURFACE_WITH_KNOTS('',3,3,((#5066,#5067,#5068,#5069),(#5070,
#5071,#5072,#5073),(#5074,#5075,#5076,#5077),(#5078,#5079,#5080,#5081)),
 .UNSPECIFIED.,.F.,.F.,.F.,(4,4),(4,4),(0.,1.),(1.72712854113668,2.49309403317683),
 .UNSPECIFIED.);
#27=B_SPLINE_CURVE_WITH_KNOTS('',3,(#4226,#4227,#4228,#4229,#4230,#4231,
#4232,#4233,#4234,#4235,#4236,#4237,#4238),.UNSPECIFIED.,.F.,.F.,(4,3,3,
3,4),(-0.0740233966344486,-0.0454201227337295,-0.0373662843932252,-0.00625498959682167,
0.),.UNSPECIFIED.);
#28=B_SPLINE_CURVE_WITH_KNOTS('',3,(#4241,#4242,#4243,#4244,#4245,#4246,
#4247,#4248,#4249,#4250,#4251,#4252,#4253),.UNSPECIFIED.,.F.,.F.,(4,3,3,
3,4),(0.,0.0287426636584046,0.0366454226285583,0.067891552523644,0.0740071601045048),
 .UNSPECIFIED.);
#29=B_SPLINE_CURVE_WITH_KNOTS('',3,(#4290,#4291,#4292,#4293,#4294,#4295,
#4296,#4297,#4298),.UNSPECIFIED.,.F.,.F.,(4,1,1,1,1,1,4),(-4.71238898038471,
-4.26359002987188,-3.81479107935904,-3.36599212884621,-2.91719317833338,
-2.01959527730771,-1.57079632679488),.UNSPECIFIED.);
#30=B_SPLINE_CURVE_WITH_KNOTS('',3,(#4300,#4301,#4302,#4303),
 .UNSPECIFIED.,.F.,.F.,(4,4),(1.60987769878262,1.66497280981556),
 .UNSPECIFIED.);
#31=B_SPLINE_CURVE_WITH_KNOTS('',3,(#4304,#4305,#4306,#4307,#4308,#4309,
#4310,#4311,#4312),.UNSPECIFIED.,.F.,.F.,(4,1,1,1,1,1,4),(1.66497280981556,
2.01959527730771,2.91719317833338,3.36599212884621,3.81479107935904,4.26359002987188,
4.67331139877077),.UNSPECIFIED.);
#32=B_SPLINE_CURVE_WITH_KNOTS('',3,(#4321,#4322,#4323,#4324,#4325,#4326,
#4327,#4328,#4329,#4330,#4331,#4332,#4333),.UNSPECIFIED.,.F.,.F.,(4,3,3,
3,4),(0.,0.0741090308920338,0.133747619537246,0.208767176581896,0.267739347089156),
 .UNSPECIFIED.);
#33=B_SPLINE_CURVE_WITH_KNOTS('',3,(#4341,#4342,#4343,#4344,#4345,#4346,
#4347,#4348,#4349,#4350,#4351,#4352,#4353),.UNSPECIFIED.,.F.,.F.,(4,3,3,
3,4),(0.,0.0750186825089728,0.133985996684377,0.208094198298555,0.26773625312669),
 .UNSPECIFIED.);
#34=B_SPLINE_CURVE_WITH_KNOTS('',3,(#4371,#4372,#4373,#4374,#4375,#4376,
#4377,#4378,#4379,#4380,#4381,#4382,#4383),.UNSPECIFIED.,.F.,.F.,(4,3,3,
3,4),(-0.0740233965209108,-0.0454200979254492,-0.0373660670636308,-0.00625477244923778,
0.),.UNSPECIFIED.);
#35=B_SPLINE_CURVE_WITH_KNOTS('',3,(#4384,#4385,#4386,#4387,#4388,#4389,
#4390,#4391,#4392,#4393,#4394,#4395,#4396),.UNSPECIFIED.,.F.,.F.,(4,3,3,
3,4),(0.,0.0287425629491583,0.0366452366976429,0.0678912899967642,0.0740071602136357),
 .UNSPECIFIED.);
#36=B_SPLINE_CURVE_WITH_KNOTS('',3,(#4433,#4434,#4435,#4436,#4437,#4438,
#4439,#4440,#4441),.UNSPECIFIED.,.F.,.F.,(4,1,1,1,1,1,4),(-1.57079632679427,
-1.12199737628162,-0.673198425768972,-0.224399475256324,0.224399475256324,
1.12199737628162,1.57079632679427),.UNSPECIFIED.);
#37=B_SPLINE_CURVE_WITH_KNOTS('',3,(#4443,#4444,#4445,#4446,#4447,#4448,
#4449,#4450,#4451),.UNSPECIFIED.,.F.,.F.,(4,1,1,1,1,1,4),(-1.5317149123832,
-1.12199737628162,-0.224399475256324,0.224399475256324,0.673198425768972,
1.12199737628162,1.47664581343218),.UNSPECIFIED.);
#38=B_SPLINE_CURVE_WITH_KNOTS('',3,(#4452,#4453,#4454,#4455),
 .UNSPECIFIED.,.F.,.F.,(4,4),(1.47664581343218,1.53171877484556),
 .UNSPECIFIED.);
#39=B_SPLINE_CURVE_WITH_KNOTS('',3,(#4634,#4635,#4636,#4637,#4638,#4639,
#4640,#4641,#4642,#4643,#4644,#4645),.UNSPECIFIED.,.F.,.F.,(4,2,2,2,2,4),
(1.3521547736533,1.73744003034427,2.1860913674791,2.63474270461393,2.85906837318135,
3.078952964644),.UNSPECIFIED.);
#40=B_SPLINE_CURVE_WITH_KNOTS('',3,(#4649,#4650,#4651,#4652,#4653,#4654,
#4655,#4656,#4657,#4658,#4659,#4660),.UNSPECIFIED.,.F.,.F.,(4,2,2,2,2,4),
(3.08783511885354,3.30771971031618,3.5320453788836,3.98069671601844,4.42934805315327,
4.81463330984424),.UNSPECIFIED.);
#41=B_SPLINE_CURVE_WITH_KNOTS('',3,(#4665,#4666,#4667,#4668,#4669,#4670,
#4671,#4672,#4673,#4674,#4675,#4676),.UNSPECIFIED.,.F.,.F.,(4,2,2,2,2,4),
(3.08783511885349,3.30771971031619,3.5320453788836,3.98069671601844,4.42934805315327,
4.81463330984424),.UNSPECIFIED.);
#42=B_SPLINE_CURVE_WITH_KNOTS('',3,(#4680,#4681,#4682,#4683,#4684,#4685,
#4686,#4687,#4688,#4689,#4690,#4691),.UNSPECIFIED.,.F.,.F.,(4,2,2,2,2,4),
(1.3521547736533,1.73744003034427,2.1860913674791,2.63474270461394,2.85906837318135,
3.07895296464405),.UNSPECIFIED.);
#43=B_SPLINE_CURVE_WITH_KNOTS('',3,(#4753,#4754,#4755,#4756),
 .UNSPECIFIED.,.F.,.F.,(4,4),(1.72712854113668,2.49309403317683),
 .UNSPECIFIED.);
#44=B_SPLINE_CURVE_WITH_KNOTS('',3,(#4759,#4760,#4761,#4762),
 .UNSPECIFIED.,.F.,.F.,(4,4),(3.5105786607886,4.27654415237557),
 .UNSPECIFIED.);
#45=B_SPLINE_CURVE_WITH_KNOTS('',3,(#4927,#4928,#4929,#4930,#4931,#4932,
#4933,#4934,#4935,#4936,#4937,#4938,#4939),.UNSPECIFIED.,.F.,.F.,(4,3,3,
3,4),(0.,0.0719744915650494,0.128504407340625,0.202790976407188,0.255335341701843),
 .UNSPECIFIED.);
#46=B_SPLINE_CURVE_WITH_KNOTS('',3,(#4941,#4942,#4943,#4944,#4945,#4946,
#4947,#4948,#4949,#4950,#4951,#4952,#4953),.UNSPECIFIED.,.F.,.F.,(4,3,3,
3,4),(0.,0.0742720430107406,0.126790760909302,0.198751053172245,0.255284695951967),
 .UNSPECIFIED.);
#47=B_SPLINE_CURVE_WITH_KNOTS('',3,(#5062,#5063,#5064,#5065),
 .UNSPECIFIED.,.F.,.F.,(4,4),(-4.2237036236028,-3.5105786607886),
 .UNSPECIFIED.);
#48=B_SPLINE_CURVE_WITH_KNOTS('',3,(#5082,#5083,#5084,#5085),
 .UNSPECIFIED.,.F.,.F.,(4,4),(-2.49309403317683,-1.77996906986079),
 .UNSPECIFIED.);
#49=ELLIPSE('',#2883,12.2473311449602,7.071);
#50=ELLIPSE('',#2884,12.2473312603195,7.071);
#51=ELLIPSE('',#3033,7.07106781186547,5.);
#52=ELLIPSE('',#3036,7.07106781186549,5.00000000000001);
#53=ELLIPSE('',#3039,67.175144212722,47.5);
#54=ELLIPSE('',#3061,1.4142135623731,1.);
#55=ELLIPSE('',#3064,10.606601717798,7.49999999999986);
#56=ELLIPSE('',#3065,10.606601717798,7.49999999999986);
#57=ELLIPSE('',#3068,1.41421356237309,1.);
#58=ELLIPSE('',#3070,60.1040764008565,42.5);
#59=ELLIPSE('',#3087,60.1040764008565,42.5);
#60=ELLIPSE('',#3090,1.76776695296637,1.25);
#61=ELLIPSE('',#3098,1.76776695296637,1.25);
#62=ELLIPSE('',#3101,1.76776695296637,1.25);
#63=ELLIPSE('',#3115,1.76776695296637,1.25);
#64=ELLIPSE('',#3131,8.66017098560993,7.071);
#65=ELLIPSE('',#3133,8.6601710263956,7.071);
#66=CYLINDRICAL_SURFACE('',#2857,2.62500020861625);
#67=CYLINDRICAL_SURFACE('',#2869,2.625);
#68=CYLINDRICAL_SURFACE('',#2880,4.5);
#69=CYLINDRICAL_SURFACE('',#2904,2.625);
#70=CYLINDRICAL_SURFACE('',#2915,4.5);
#71=CYLINDRICAL_SURFACE('',#2925,3.75);
#72=CYLINDRICAL_SURFACE('',#2929,3.75);
#73=CYLINDRICAL_SURFACE('',#2934,2.1);
#74=CYLINDRICAL_SURFACE('',#2948,2.1);
#75=CYLINDRICAL_SURFACE('',#2956,2.1);
#76=CYLINDRICAL_SURFACE('',#2962,2.1);
#77=CYLINDRICAL_SURFACE('',#2968,3.75);
#78=CYLINDRICAL_SURFACE('',#2971,3.75);
#79=CYLINDRICAL_SURFACE('',#2983,0.999999999999996);
#80=CYLINDRICAL_SURFACE('',#2991,0.999999999999996);
#81=CYLINDRICAL_SURFACE('',#2994,4.5);
#82=CYLINDRICAL_SURFACE('',#2996,4.5);
#83=CYLINDRICAL_SURFACE('',#2999,2.62500020861625);
#84=CYLINDRICAL_SURFACE('',#3000,20.851);
#85=CYLINDRICAL_SURFACE('',#3003,20.851);
#86=CYLINDRICAL_SURFACE('',#3024,1.);
#87=CYLINDRICAL_SURFACE('',#3032,5.);
#88=CYLINDRICAL_SURFACE('',#3035,5.00000000000001);
#89=CYLINDRICAL_SURFACE('',#3060,1.);
#90=CYLINDRICAL_SURFACE('',#3063,7.49999999999985);
#91=CYLINDRICAL_SURFACE('',#3067,1.);
#92=CYLINDRICAL_SURFACE('',#3069,42.5);
#93=CYLINDRICAL_SURFACE('',#3073,1.25);
#94=CYLINDRICAL_SURFACE('',#3080,1.25);
#95=CYLINDRICAL_SURFACE('',#3082,47.5);
#96=CYLINDRICAL_SURFACE('',#3089,1.25);
#97=CYLINDRICAL_SURFACE('',#3097,1.25);
#98=CYLINDRICAL_SURFACE('',#3100,1.25);
#99=CYLINDRICAL_SURFACE('',#3107,1.25);
#100=CYLINDRICAL_SURFACE('',#3109,1.25);
#101=CYLINDRICAL_SURFACE('',#3114,1.25);
#102=CYLINDRICAL_SURFACE('',#3117,2.);
#103=CYLINDRICAL_SURFACE('',#3118,2.);
#104=CYLINDRICAL_SURFACE('',#3130,7.071);
#105=CYLINDRICAL_SURFACE('',#3132,7.071);
#106=CYLINDRICAL_SURFACE('',#3138,42.5);
#107=FACE_BOUND('',#379,.T.);
#108=FACE_BOUND('',#382,.T.);
#109=FACE_BOUND('',#390,.T.);
#110=FACE_BOUND('',#391,.T.);
#111=FACE_BOUND('',#405,.T.);
#112=FACE_BOUND('',#406,.T.);
#113=FACE_BOUND('',#413,.T.);
#114=FACE_BOUND('',#420,.T.);
#115=FACE_BOUND('',#430,.T.);
#116=FACE_BOUND('',#431,.T.);
#117=FACE_BOUND('',#439,.T.);
#118=FACE_BOUND('',#443,.T.);
#119=FACE_BOUND('',#446,.T.);
#120=FACE_BOUND('',#450,.T.);
#121=FACE_BOUND('',#454,.T.);
#122=FACE_BOUND('',#468,.T.);
#123=FACE_BOUND('',#481,.T.);
#124=FACE_BOUND('',#482,.T.);
#125=FACE_BOUND('',#484,.T.);
#126=FACE_BOUND('',#500,.T.);
#127=PLANE('',#2841);
#128=PLANE('',#2846);
#129=PLANE('',#2851);
#130=PLANE('',#2855);
#131=PLANE('',#2856);
#132=PLANE('',#2859);
#133=PLANE('',#2864);
#134=PLANE('',#2867);
#135=PLANE('',#2868);
#136=PLANE('',#2874);
#137=PLANE('',#2878);
#138=PLANE('',#2879);
#139=PLANE('',#2882);
#140=PLANE('',#2889);
#141=PLANE('',#2893);
#142=PLANE('',#2894);
#143=PLANE('',#2895);
#144=PLANE('',#2900);
#145=PLANE('',#2903);
#146=PLANE('',#2905);
#147=PLANE('',#2910);
#148=PLANE('',#2913);
#149=PLANE('',#2914);
#150=PLANE('',#2919);
#151=PLANE('',#2936);
#152=PLANE('',#2950);
#153=PLANE('',#2954);
#154=PLANE('',#2960);
#155=PLANE('',#2965);
#156=PLANE('',#2972);
#157=PLANE('',#2976);
#158=PLANE('',#2977);
#159=PLANE('',#2978);
#160=PLANE('',#2982);
#161=PLANE('',#2985);
#162=PLANE('',#2993);
#163=PLANE('',#2995);
#164=PLANE('',#2997);
#165=PLANE('',#2998);
#166=PLANE('',#3009);
#167=PLANE('',#3014);
#168=PLANE('',#3034);
#169=PLANE('',#3038);
#170=PLANE('',#3040);
#171=PLANE('',#3041);
#172=PLANE('',#3042);
#173=PLANE('',#3043);
#174=PLANE('',#3044);
#175=PLANE('',#3045);
#176=PLANE('',#3047);
#177=PLANE('',#3048);
#178=PLANE('',#3050);
#179=PLANE('',#3053);
#180=PLANE('',#3054);
#181=PLANE('',#3055);
#182=PLANE('',#3056);
#183=PLANE('',#3057);
#184=PLANE('',#3058);
#185=PLANE('',#3059);
#186=PLANE('',#3062);
#187=PLANE('',#3066);
#188=PLANE('',#3071);
#189=PLANE('',#3075);
#190=PLANE('',#3076);
#191=PLANE('',#3085);
#192=PLANE('',#3086);
#193=PLANE('',#3088);
#194=PLANE('',#3099);
#195=PLANE('',#3108);
#196=PLANE('',#3116);
#197=PLANE('',#3119);
#198=PLANE('',#3120);
#199=PLANE('',#3121);
#200=PLANE('',#3122);
#201=PLANE('',#3123);
#202=PLANE('',#3124);
#203=PLANE('',#3125);
#204=PLANE('',#3126);
#205=PLANE('',#3127);
#206=PLANE('',#3128);
#207=PLANE('',#3129);
#208=PLANE('',#3135);
#209=PLANE('',#3136);
#210=FACE_OUTER_BOUND('',#377,.T.);
#211=FACE_OUTER_BOUND('',#378,.T.);
#212=FACE_OUTER_BOUND('',#380,.T.);
#213=FACE_OUTER_BOUND('',#381,.T.);
#214=FACE_OUTER_BOUND('',#383,.T.);
#215=FACE_OUTER_BOUND('',#384,.T.);
#216=FACE_OUTER_BOUND('',#385,.T.);
#217=FACE_OUTER_BOUND('',#386,.T.);
#218=FACE_OUTER_BOUND('',#387,.T.);
#219=FACE_OUTER_BOUND('',#388,.T.);
#220=FACE_OUTER_BOUND('',#389,.T.);
#221=FACE_OUTER_BOUND('',#392,.T.);
#222=FACE_OUTER_BOUND('',#393,.T.);
#223=FACE_OUTER_BOUND('',#394,.T.);
#224=FACE_OUTER_BOUND('',#395,.T.);
#225=FACE_OUTER_BOUND('',#396,.T.);
#226=FACE_OUTER_BOUND('',#397,.T.);
#227=FACE_OUTER_BOUND('',#398,.T.);
#228=FACE_OUTER_BOUND('',#399,.T.);
#229=FACE_OUTER_BOUND('',#400,.T.);
#230=FACE_OUTER_BOUND('',#401,.T.);
#231=FACE_OUTER_BOUND('',#402,.T.);
#232=FACE_OUTER_BOUND('',#403,.T.);
#233=FACE_OUTER_BOUND('',#404,.T.);
#234=FACE_OUTER_BOUND('',#407,.T.);
#235=FACE_OUTER_BOUND('',#408,.T.);
#236=FACE_OUTER_BOUND('',#409,.T.);
#237=FACE_OUTER_BOUND('',#410,.T.);
#238=FACE_OUTER_BOUND('',#411,.T.);
#239=FACE_OUTER_BOUND('',#412,.T.);
#240=FACE_OUTER_BOUND('',#414,.T.);
#241=FACE_OUTER_BOUND('',#415,.T.);
#242=FACE_OUTER_BOUND('',#416,.T.);
#243=FACE_OUTER_BOUND('',#417,.T.);
#244=FACE_OUTER_BOUND('',#418,.T.);
#245=FACE_OUTER_BOUND('',#419,.T.);
#246=FACE_OUTER_BOUND('',#421,.T.);
#247=FACE_OUTER_BOUND('',#422,.T.);
#248=FACE_OUTER_BOUND('',#423,.T.);
#249=FACE_OUTER_BOUND('',#424,.T.);
#250=FACE_OUTER_BOUND('',#425,.T.);
#251=FACE_OUTER_BOUND('',#426,.T.);
#252=FACE_OUTER_BOUND('',#427,.T.);
#253=FACE_OUTER_BOUND('',#428,.T.);
#254=FACE_OUTER_BOUND('',#429,.T.);
#255=FACE_OUTER_BOUND('',#432,.T.);
#256=FACE_OUTER_BOUND('',#433,.T.);
#257=FACE_OUTER_BOUND('',#434,.T.);
#258=FACE_OUTER_BOUND('',#435,.T.);
#259=FACE_OUTER_BOUND('',#436,.T.);
#260=FACE_OUTER_BOUND('',#437,.T.);
#261=FACE_OUTER_BOUND('',#438,.T.);
#262=FACE_OUTER_BOUND('',#440,.T.);
#263=FACE_OUTER_BOUND('',#441,.T.);
#264=FACE_OUTER_BOUND('',#442,.T.);
#265=FACE_OUTER_BOUND('',#444,.T.);
#266=FACE_OUTER_BOUND('',#445,.T.);
#267=FACE_OUTER_BOUND('',#447,.T.);
#268=FACE_OUTER_BOUND('',#448,.T.);
#269=FACE_OUTER_BOUND('',#449,.T.);
#270=FACE_OUTER_BOUND('',#451,.T.);
#271=FACE_OUTER_BOUND('',#452,.T.);
#272=FACE_OUTER_BOUND('',#453,.T.);
#273=FACE_OUTER_BOUND('',#455,.T.);
#274=FACE_OUTER_BOUND('',#456,.T.);
#275=FACE_OUTER_BOUND('',#457,.T.);
#276=FACE_OUTER_BOUND('',#458,.T.);
#277=FACE_OUTER_BOUND('',#459,.T.);
#278=FACE_OUTER_BOUND('',#460,.T.);
#279=FACE_OUTER_BOUND('',#461,.T.);
#280=FACE_OUTER_BOUND('',#462,.T.);
#281=FACE_OUTER_BOUND('',#463,.T.);
#282=FACE_OUTER_BOUND('',#464,.T.);
#283=FACE_OUTER_BOUND('',#465,.T.);
#284=FACE_OUTER_BOUND('',#466,.T.);
#285=FACE_OUTER_BOUND('',#467,.T.);
#286=FACE_OUTER_BOUND('',#469,.T.);
#287=FACE_OUTER_BOUND('',#470,.T.);
#288=FACE_OUTER_BOUND('',#471,.T.);
#289=FACE_OUTER_BOUND('',#472,.T.);
#290=FACE_OUTER_BOUND('',#473,.T.);
#291=FACE_OUTER_BOUND('',#474,.T.);
#292=FACE_OUTER_BOUND('',#475,.T.);
#293=FACE_OUTER_BOUND('',#476,.T.);
#294=FACE_OUTER_BOUND('',#477,.T.);
#295=FACE_OUTER_BOUND('',#478,.T.);
#296=FACE_OUTER_BOUND('',#479,.T.);
#297=FACE_OUTER_BOUND('',#480,.T.);
#298=FACE_OUTER_BOUND('',#483,.T.);
#299=FACE_OUTER_BOUND('',#485,.T.);
#300=FACE_OUTER_BOUND('',#486,.T.);
#301=FACE_OUTER_BOUND('',#487,.T.);
#302=FACE_OUTER_BOUND('',#488,.T.);
#303=FACE_OUTER_BOUND('',#489,.T.);
#304=FACE_OUTER_BOUND('',#490,.T.);
#305=FACE_OUTER_BOUND('',#491,.T.);
#306=FACE_OUTER_BOUND('',#492,.T.);
#307=FACE_OUTER_BOUND('',#493,.T.);
#308=FACE_OUTER_BOUND('',#494,.T.);
#309=FACE_OUTER_BOUND('',#495,.T.);
#310=FACE_OUTER_BOUND('',#496,.T.);
#311=FACE_OUTER_BOUND('',#497,.T.);
#312=FACE_OUTER_BOUND('',#498,.T.);
#313=FACE_OUTER_BOUND('',#499,.T.);
#314=FACE_OUTER_BOUND('',#501,.T.);
#315=FACE_OUTER_BOUND('',#502,.T.);
#316=FACE_OUTER_BOUND('',#503,.T.);
#317=FACE_OUTER_BOUND('',#504,.T.);
#318=FACE_OUTER_BOUND('',#505,.T.);
#319=FACE_OUTER_BOUND('',#506,.T.);
#320=FACE_OUTER_BOUND('',#507,.T.);
#321=FACE_OUTER_BOUND('',#508,.T.);
#322=FACE_OUTER_BOUND('',#509,.T.);
#323=FACE_OUTER_BOUND('',#510,.T.);
#324=FACE_OUTER_BOUND('',#511,.T.);
#325=FACE_OUTER_BOUND('',#512,.T.);
#326=FACE_OUTER_BOUND('',#513,.T.);
#327=FACE_OUTER_BOUND('',#514,.T.);
#328=FACE_OUTER_BOUND('',#515,.T.);
#329=FACE_OUTER_BOUND('',#516,.T.);
#330=FACE_OUTER_BOUND('',#517,.T.);
#331=FACE_OUTER_BOUND('',#518,.T.);
#332=FACE_OUTER_BOUND('',#519,.T.);
#333=FACE_OUTER_BOUND('',#520,.T.);
#334=FACE_OUTER_BOUND('',#521,.T.);
#335=FACE_OUTER_BOUND('',#522,.T.);
#336=FACE_OUTER_BOUND('',#523,.T.);
#337=FACE_OUTER_BOUND('',#524,.T.);
#338=FACE_OUTER_BOUND('',#525,.T.);
#339=FACE_OUTER_BOUND('',#526,.T.);
#340=FACE_OUTER_BOUND('',#527,.T.);
#341=FACE_OUTER_BOUND('',#528,.T.);
#342=FACE_OUTER_BOUND('',#529,.T.);
#343=FACE_OUTER_BOUND('',#530,.T.);
#344=FACE_OUTER_BOUND('',#531,.T.);
#345=FACE_OUTER_BOUND('',#532,.T.);
#346=FACE_OUTER_BOUND('',#533,.T.);
#347=FACE_OUTER_BOUND('',#534,.T.);
#348=FACE_OUTER_BOUND('',#535,.T.);
#349=FACE_OUTER_BOUND('',#536,.T.);
#350=FACE_OUTER_BOUND('',#537,.T.);
#351=FACE_OUTER_BOUND('',#538,.T.);
#352=FACE_OUTER_BOUND('',#539,.T.);
#353=FACE_OUTER_BOUND('',#540,.T.);
#354=FACE_OUTER_BOUND('',#541,.T.);
#355=FACE_OUTER_BOUND('',#542,.T.);
#356=FACE_OUTER_BOUND('',#543,.T.);
#357=FACE_OUTER_BOUND('',#544,.T.);
#358=FACE_OUTER_BOUND('',#545,.T.);
#359=FACE_OUTER_BOUND('',#546,.T.);
#360=FACE_OUTER_BOUND('',#547,.T.);
#361=FACE_OUTER_BOUND('',#548,.T.);
#362=FACE_OUTER_BOUND('',#549,.T.);
#363=FACE_OUTER_BOUND('',#550,.T.);
#364=FACE_OUTER_BOUND('',#551,.T.);
#365=FACE_OUTER_BOUND('',#552,.T.);
#366=FACE_OUTER_BOUND('',#553,.T.);
#367=FACE_OUTER_BOUND('',#554,.T.);
#368=FACE_OUTER_BOUND('',#555,.T.);
#369=FACE_OUTER_BOUND('',#556,.T.);
#370=FACE_OUTER_BOUND('',#557,.T.);
#371=FACE_OUTER_BOUND('',#558,.T.);
#372=FACE_OUTER_BOUND('',#559,.T.);
#373=FACE_OUTER_BOUND('',#560,.T.);
#374=FACE_OUTER_BOUND('',#561,.T.);
#375=FACE_OUTER_BOUND('',#562,.T.);
#376=FACE_OUTER_BOUND('',#563,.T.);
#377=EDGE_LOOP('',(#1820,#1821,#1822,#1823));
#378=EDGE_LOOP('',(#1824));
#379=EDGE_LOOP('',(#1825));
#380=EDGE_LOOP('',(#1826,#1827,#1828,#1829));
#381=EDGE_LOOP('',(#1830));
#382=EDGE_LOOP('',(#1831));
#383=EDGE_LOOP('',(#1832,#1833,#1834,#1835));
#384=EDGE_LOOP('',(#1836,#1837,#1838,#1839));
#385=EDGE_LOOP('',(#1840,#1841,#1842,#1843));
#386=EDGE_LOOP('',(#1844,#1845,#1846,#1847));
#387=EDGE_LOOP('',(#1848,#1849,#1850,#1851));
#388=EDGE_LOOP('',(#1852,#1853,#1854,#1855));
#389=EDGE_LOOP('',(#1856,#1857,#1858,#1859,#1860,#1861,#1862,#1863));
#390=EDGE_LOOP('',(#1864,#1865,#1866,#1867));
#391=EDGE_LOOP('',(#1868,#1869,#1870,#1871));
#392=EDGE_LOOP('',(#1872,#1873,#1874,#1875));
#393=EDGE_LOOP('',(#1876,#1877,#1878,#1879));
#394=EDGE_LOOP('',(#1880,#1881,#1882,#1883));
#395=EDGE_LOOP('',(#1884,#1885,#1886,#1887));
#396=EDGE_LOOP('',(#1888,#1889,#1890,#1891));
#397=EDGE_LOOP('',(#1892,#1893,#1894,#1895));
#398=EDGE_LOOP('',(#1896,#1897,#1898,#1899));
#399=EDGE_LOOP('',(#1900,#1901,#1902,#1903));
#400=EDGE_LOOP('',(#1904,#1905,#1906,#1907));
#401=EDGE_LOOP('',(#1908,#1909,#1910,#1911));
#402=EDGE_LOOP('',(#1912,#1913,#1914,#1915));
#403=EDGE_LOOP('',(#1916,#1917,#1918,#1919));
#404=EDGE_LOOP('',(#1920,#1921,#1922,#1923,#1924,#1925));
#405=EDGE_LOOP('',(#1926,#1927,#1928,#1929));
#406=EDGE_LOOP('',(#1930,#1931,#1932,#1933));
#407=EDGE_LOOP('',(#1934,#1935,#1936,#1937));
#408=EDGE_LOOP('',(#1938,#1939,#1940,#1941));
#409=EDGE_LOOP('',(#1942,#1943,#1944,#1945));
#410=EDGE_LOOP('',(#1946,#1947,#1948,#1949));
#411=EDGE_LOOP('',(#1950,#1951,#1952,#1953));
#412=EDGE_LOOP('',(#1954,#1955,#1956,#1957));
#413=EDGE_LOOP('',(#1958,#1959,#1960,#1961));
#414=EDGE_LOOP('',(#1962,#1963,#1964,#1965));
#415=EDGE_LOOP('',(#1966,#1967,#1968,#1969));
#416=EDGE_LOOP('',(#1970,#1971,#1972,#1973));
#417=EDGE_LOOP('',(#1974,#1975,#1976,#1977));
#418=EDGE_LOOP('',(#1978,#1979,#1980,#1981));
#419=EDGE_LOOP('',(#1982,#1983,#1984,#1985));
#420=EDGE_LOOP('',(#1986,#1987,#1988,#1989));
#421=EDGE_LOOP('',(#1990,#1991,#1992,#1993));
#422=EDGE_LOOP('',(#1994,#1995,#1996,#1997));
#423=EDGE_LOOP('',(#1998,#1999,#2000,#2001));
#424=EDGE_LOOP('',(#2002,#2003,#2004,#2005));
#425=EDGE_LOOP('',(#2006,#2007,#2008,#2009));
#426=EDGE_LOOP('',(#2010,#2011,#2012,#2013));
#427=EDGE_LOOP('',(#2014,#2015,#2016,#2017));
#428=EDGE_LOOP('',(#2018,#2019,#2020,#2021,#2022));
#429=EDGE_LOOP('',(#2023,#2024,#2025,#2026,#2027,#2028,#2029,#2030,#2031,
#2032,#2033,#2034));
#430=EDGE_LOOP('',(#2035));
#431=EDGE_LOOP('',(#2036));
#432=EDGE_LOOP('',(#2037,#2038,#2039,#2040,#2041,#2042));
#433=EDGE_LOOP('',(#2043,#2044,#2045,#2046));
#434=EDGE_LOOP('',(#2047,#2048,#2049,#2050,#2051));
#435=EDGE_LOOP('',(#2052,#2053,#2054,#2055,#2056,#2057));
#436=EDGE_LOOP('',(#2058,#2059,#2060,#2061));
#437=EDGE_LOOP('',(#2062,#2063,#2064,#2065));
#438=EDGE_LOOP('',(#2066,#2067,#2068,#2069,#2070,#2071,#2072,#2073,#2074,
#2075,#2076,#2077,#2078,#2079));
#439=EDGE_LOOP('',(#2080));
#440=EDGE_LOOP('',(#2081,#2082,#2083,#2084));
#441=EDGE_LOOP('',(#2085,#2086,#2087,#2088));
#442=EDGE_LOOP('',(#2089));
#443=EDGE_LOOP('',(#2090));
#444=EDGE_LOOP('',(#2091,#2092,#2093,#2094));
#445=EDGE_LOOP('',(#2095));
#446=EDGE_LOOP('',(#2096));
#447=EDGE_LOOP('',(#2097,#2098,#2099,#2100));
#448=EDGE_LOOP('',(#2101,#2102,#2103,#2104));
#449=EDGE_LOOP('',(#2105));
#450=EDGE_LOOP('',(#2106));
#451=EDGE_LOOP('',(#2107,#2108,#2109,#2110));
#452=EDGE_LOOP('',(#2111,#2112,#2113,#2114));
#453=EDGE_LOOP('',(#2115));
#454=EDGE_LOOP('',(#2116));
#455=EDGE_LOOP('',(#2117,#2118,#2119,#2120));
#456=EDGE_LOOP('',(#2121,#2122,#2123,#2124));
#457=EDGE_LOOP('',(#2125,#2126,#2127,#2128));
#458=EDGE_LOOP('',(#2129,#2130,#2131,#2132));
#459=EDGE_LOOP('',(#2133,#2134,#2135,#2136));
#460=EDGE_LOOP('',(#2137,#2138,#2139,#2140));
#461=EDGE_LOOP('',(#2141,#2142,#2143,#2144));
#462=EDGE_LOOP('',(#2145,#2146,#2147,#2148));
#463=EDGE_LOOP('',(#2149,#2150,#2151,#2152));
#464=EDGE_LOOP('',(#2153,#2154,#2155,#2156));
#465=EDGE_LOOP('',(#2157,#2158,#2159,#2160));
#466=EDGE_LOOP('',(#2161,#2162,#2163,#2164,#2165));
#467=EDGE_LOOP('',(#2166,#2167,#2168,#2169,#2170,#2171,#2172,#2173,#2174,
#2175));
#468=EDGE_LOOP('',(#2176));
#469=EDGE_LOOP('',(#2177,#2178,#2179,#2180,#2181));
#470=EDGE_LOOP('',(#2182,#2183,#2184,#2185));
#471=EDGE_LOOP('',(#2186,#2187,#2188,#2189));
#472=EDGE_LOOP('',(#2190,#2191,#2192,#2193));
#473=EDGE_LOOP('',(#2194,#2195,#2196,#2197));
#474=EDGE_LOOP('',(#2198,#2199,#2200,#2201));
#475=EDGE_LOOP('',(#2202,#2203,#2204,#2205));
#476=EDGE_LOOP('',(#2206,#2207,#2208,#2209));
#477=EDGE_LOOP('',(#2210,#2211,#2212,#2213));
#478=EDGE_LOOP('',(#2214,#2215,#2216,#2217));
#479=EDGE_LOOP('',(#2218,#2219,#2220,#2221));
#480=EDGE_LOOP('',(#2222,#2223,#2224,#2225,#2226,#2227,#2228,#2229));
#481=EDGE_LOOP('',(#2230,#2231));
#482=EDGE_LOOP('',(#2232,#2233));
#483=EDGE_LOOP('',(#2234,#2235));
#484=EDGE_LOOP('',(#2236));
#485=EDGE_LOOP('',(#2237,#2238,#2239,#2240));
#486=EDGE_LOOP('',(#2241,#2242,#2243,#2244));
#487=EDGE_LOOP('',(#2245,#2246,#2247,#2248,#2249));
#488=EDGE_LOOP('',(#2250,#2251,#2252,#2253));
#489=EDGE_LOOP('',(#2254,#2255,#2256,#2257,#2258));
#490=EDGE_LOOP('',(#2259,#2260,#2261,#2262));
#491=EDGE_LOOP('',(#2263,#2264,#2265));
#492=EDGE_LOOP('',(#2266,#2267,#2268,#2269));
#493=EDGE_LOOP('',(#2270,#2271,#2272));
#494=EDGE_LOOP('',(#2273,#2274,#2275,#2276));
#495=EDGE_LOOP('',(#2277,#2278,#2279,#2280,#2281,#2282));
#496=EDGE_LOOP('',(#2283,#2284,#2285,#2286,#2287,#2288,#2289,#2290));
#497=EDGE_LOOP('',(#2291,#2292,#2293,#2294,#2295,#2296));
#498=EDGE_LOOP('',(#2297,#2298,#2299,#2300,#2301,#2302));
#499=EDGE_LOOP('',(#2303,#2304));
#500=EDGE_LOOP('',(#2305));
#501=EDGE_LOOP('',(#2306,#2307,#2308,#2309));
#502=EDGE_LOOP('',(#2310,#2311,#2312,#2313,#2314,#2315,#2316,#2317,#2318,
#2319,#2320,#2321,#2322,#2323,#2324,#2325));
#503=EDGE_LOOP('',(#2326,#2327,#2328,#2329,#2330,#2331,#2332,#2333,#2334,
#2335,#2336,#2337,#2338,#2339));
#504=EDGE_LOOP('',(#2340,#2341,#2342,#2343,#2344,#2345,#2346,#2347,#2348,
#2349,#2350,#2351,#2352,#2353,#2354,#2355));
#505=EDGE_LOOP('',(#2356,#2357,#2358,#2359));
#506=EDGE_LOOP('',(#2360,#2361,#2362,#2363));
#507=EDGE_LOOP('',(#2364,#2365,#2366,#2367));
#508=EDGE_LOOP('',(#2368,#2369,#2370,#2371));
#509=EDGE_LOOP('',(#2372,#2373,#2374,#2375));
#510=EDGE_LOOP('',(#2376,#2377,#2378,#2379));
#511=EDGE_LOOP('',(#2380,#2381,#2382,#2383,#2384,#2385,#2386,#2387));
#512=EDGE_LOOP('',(#2388,#2389,#2390,#2391));
#513=EDGE_LOOP('',(#2392,#2393,#2394,#2395));
#514=EDGE_LOOP('',(#2396,#2397,#2398,#2399));
#515=EDGE_LOOP('',(#2400,#2401,#2402,#2403));
#516=EDGE_LOOP('',(#2404,#2405,#2406,#2407,#2408,#2409));
#517=EDGE_LOOP('',(#2410,#2411,#2412,#2413));
#518=EDGE_LOOP('',(#2414,#2415,#2416,#2417));
#519=EDGE_LOOP('',(#2418,#2419,#2420,#2421,#2422));
#520=EDGE_LOOP('',(#2423,#2424,#2425,#2426,#2427,#2428,#2429));
#521=EDGE_LOOP('',(#2430,#2431,#2432,#2433));
#522=EDGE_LOOP('',(#2434,#2435,#2436,#2437));
#523=EDGE_LOOP('',(#2438,#2439,#2440,#2441,#2442,#2443,#2444,#2445));
#524=EDGE_LOOP('',(#2446,#2447,#2448,#2449));
#525=EDGE_LOOP('',(#2450,#2451,#2452,#2453,#2454,#2455,#2456,#2457));
#526=EDGE_LOOP('',(#2458,#2459,#2460,#2461,#2462));
#527=EDGE_LOOP('',(#2463,#2464,#2465,#2466,#2467));
#528=EDGE_LOOP('',(#2468,#2469,#2470,#2471,#2472));
#529=EDGE_LOOP('',(#2473,#2474,#2475,#2476));
#530=EDGE_LOOP('',(#2477,#2478,#2479,#2480));
#531=EDGE_LOOP('',(#2481,#2482,#2483,#2484));
#532=EDGE_LOOP('',(#2485,#2486,#2487,#2488));
#533=EDGE_LOOP('',(#2489,#2490,#2491,#2492));
#534=EDGE_LOOP('',(#2493,#2494,#2495,#2496));
#535=EDGE_LOOP('',(#2497,#2498,#2499,#2500));
#536=EDGE_LOOP('',(#2501,#2502,#2503,#2504));
#537=EDGE_LOOP('',(#2505,#2506,#2507,#2508,#2509,#2510,#2511));
#538=EDGE_LOOP('',(#2512,#2513,#2514,#2515));
#539=EDGE_LOOP('',(#2516,#2517,#2518,#2519));
#540=EDGE_LOOP('',(#2520,#2521,#2522,#2523));
#541=EDGE_LOOP('',(#2524,#2525,#2526,#2527));
#542=EDGE_LOOP('',(#2528,#2529,#2530,#2531));
#543=EDGE_LOOP('',(#2532,#2533,#2534,#2535));
#544=EDGE_LOOP('',(#2536,#2537,#2538,#2539));
#545=EDGE_LOOP('',(#2540,#2541,#2542,#2543));
#546=EDGE_LOOP('',(#2544,#2545,#2546));
#547=EDGE_LOOP('',(#2547,#2548,#2549));
#548=EDGE_LOOP('',(#2550,#2551,#2552,#2553,#2554,#2555,#2556,#2557));
#549=EDGE_LOOP('',(#2558,#2559,#2560,#2561));
#550=EDGE_LOOP('',(#2562,#2563,#2564,#2565));
#551=EDGE_LOOP('',(#2566,#2567,#2568,#2569,#2570,#2571));
#552=EDGE_LOOP('',(#2572,#2573,#2574,#2575));
#553=EDGE_LOOP('',(#2576,#2577,#2578,#2579));
#554=EDGE_LOOP('',(#2580,#2581,#2582,#2583,#2584));
#555=EDGE_LOOP('',(#2585,#2586,#2587,#2588));
#556=EDGE_LOOP('',(#2589,#2590,#2591,#2592));
#557=EDGE_LOOP('',(#2593,#2594,#2595,#2596));
#558=EDGE_LOOP('',(#2597,#2598,#2599,#2600));
#559=EDGE_LOOP('',(#2601,#2602,#2603,#2604));
#560=EDGE_LOOP('',(#2605,#2606,#2607,#2608,#2609,#2610));
#561=EDGE_LOOP('',(#2611,#2612,#2613,#2614,#2615,#2616));
#562=EDGE_LOOP('',(#2617,#2618,#2619,#2620));
#563=EDGE_LOOP('',(#2621,#2622,#2623,#2624,#2625));
#564=LINE('',#3991,#807);
#565=LINE('',#4000,#808);
#566=LINE('',#4008,#809);
#567=LINE('',#4012,#810);
#568=LINE('',#4017,#811);
#569=LINE('',#4018,#812);
#570=LINE('',#4019,#813);
#571=LINE('',#4023,#814);
#572=LINE('',#4027,#815);
#573=LINE('',#4028,#816);
#574=LINE('',#4031,#817);
#575=LINE('',#4033,#818);
#576=LINE('',#4034,#819);
#577=LINE('',#4037,#820);
#578=LINE('',#4042,#821);
#579=LINE('',#4044,#822);
#580=LINE('',#4046,#823);
#581=LINE('',#4048,#824);
#582=LINE('',#4050,#825);
#583=LINE('',#4052,#826);
#584=LINE('',#4054,#827);
#585=LINE('',#4055,#828);
#586=LINE('',#4060,#829);
#587=LINE('',#4063,#830);
#588=LINE('',#4066,#831);
#589=LINE('',#4068,#832);
#590=LINE('',#4072,#833);
#591=LINE('',#4073,#834);
#592=LINE('',#4076,#835);
#593=LINE('',#4079,#836);
#594=LINE('',#4082,#837);
#595=LINE('',#4084,#838);
#596=LINE('',#4085,#839);
#597=LINE('',#4088,#840);
#598=LINE('',#4093,#841);
#599=LINE('',#4097,#842);
#600=LINE('',#4102,#843);
#601=LINE('',#4103,#844);
#602=LINE('',#4104,#845);
#603=LINE('',#4108,#846);
#604=LINE('',#4112,#847);
#605=LINE('',#4113,#848);
#606=LINE('',#4116,#849);
#607=LINE('',#4118,#850);
#608=LINE('',#4119,#851);
#609=LINE('',#4122,#852);
#610=LINE('',#4127,#853);
#611=LINE('',#4129,#854);
#612=LINE('',#4133,#855);
#613=LINE('',#4136,#856);
#614=LINE('',#4141,#857);
#615=LINE('',#4144,#858);
#616=LINE('',#4147,#859);
#617=LINE('',#4149,#860);
#618=LINE('',#4153,#861);
#619=LINE('',#4154,#862);
#620=LINE('',#4158,#863);
#621=LINE('',#4162,#864);
#622=LINE('',#4163,#865);
#623=LINE('',#4165,#866);
#624=LINE('',#4168,#867);
#625=LINE('',#4173,#868);
#626=LINE('',#4176,#869);
#627=LINE('',#4180,#870);
#628=LINE('',#4181,#871);
#629=LINE('',#4182,#872);
#630=LINE('',#4185,#873);
#631=LINE('',#4188,#874);
#632=LINE('',#4190,#875);
#633=LINE('',#4194,#876);
#634=LINE('',#4198,#877);
#635=LINE('',#4202,#878);
#636=LINE('',#4204,#879);
#637=LINE('',#4208,#880);
#638=LINE('',#4209,#881);
#639=LINE('',#4212,#882);
#640=LINE('',#4215,#883);
#641=LINE('',#4217,#884);
#642=LINE('',#4218,#885);
#643=LINE('',#4220,#886);
#644=LINE('',#4315,#887);
#645=LINE('',#4317,#888);
#646=LINE('',#4335,#889);
#647=LINE('',#4339,#890);
#648=LINE('',#4357,#891);
#649=LINE('',#4358,#892);
#650=LINE('',#4365,#893);
#651=LINE('',#4458,#894);
#652=LINE('',#4464,#895);
#653=LINE('',#4468,#896);
#654=LINE('',#4473,#897);
#655=LINE('',#4477,#898);
#656=LINE('',#4481,#899);
#657=LINE('',#4487,#900);
#658=LINE('',#4491,#901);
#659=LINE('',#4497,#902);
#660=LINE('',#4503,#903);
#661=LINE('',#4508,#904);
#662=LINE('',#4514,#905);
#663=LINE('',#4520,#906);
#664=LINE('',#4525,#907);
#665=LINE('',#4531,#908);
#666=LINE('',#4534,#909);
#667=LINE('',#4539,#910);
#668=LINE('',#4542,#911);
#669=LINE('',#4545,#912);
#670=LINE('',#4548,#913);
#671=LINE('',#4552,#914);
#672=LINE('',#4554,#915);
#673=LINE('',#4556,#916);
#674=LINE('',#4557,#917);
#675=LINE('',#4561,#918);
#676=LINE('',#4565,#919);
#677=LINE('',#4567,#920);
#678=LINE('',#4568,#921);
#679=LINE('',#4571,#922);
#680=LINE('',#4572,#923);
#681=LINE('',#4575,#924);
#682=LINE('',#4577,#925);
#683=LINE('',#4578,#926);
#684=LINE('',#4582,#927);
#685=LINE('',#4588,#928);
#686=LINE('',#4589,#929);
#687=LINE('',#4590,#930);
#688=LINE('',#4593,#931);
#689=LINE('',#4597,#932);
#690=LINE('',#4598,#933);
#691=LINE('',#4601,#934);
#692=LINE('',#4607,#935);
#693=LINE('',#4615,#936);
#694=LINE('',#4617,#937);
#695=LINE('',#4621,#938);
#696=LINE('',#4622,#939);
#697=LINE('',#4624,#940);
#698=LINE('',#4627,#941);
#699=LINE('',#4699,#942);
#700=LINE('',#4701,#943);
#701=LINE('',#4705,#944);
#702=LINE('',#4709,#945);
#703=LINE('',#4712,#946);
#704=LINE('',#4730,#947);
#705=LINE('',#4741,#948);
#706=LINE('',#4745,#949);
#707=LINE('',#4746,#950);
#708=LINE('',#4750,#951);
#709=LINE('',#4765,#952);
#710=LINE('',#4766,#953);
#711=LINE('',#4768,#954);
#712=LINE('',#4769,#955);
#713=LINE('',#4772,#956);
#714=LINE('',#4774,#957);
#715=LINE('',#4775,#958);
#716=LINE('',#4778,#959);
#717=LINE('',#4780,#960);
#718=LINE('',#4781,#961);
#719=LINE('',#4785,#962);
#720=LINE('',#4786,#963);
#721=LINE('',#4789,#964);
#722=LINE('',#4791,#965);
#723=LINE('',#4793,#966);
#724=LINE('',#4795,#967);
#725=LINE('',#4797,#968);
#726=LINE('',#4801,#969);
#727=LINE('',#4803,#970);
#728=LINE('',#4805,#971);
#729=LINE('',#4807,#972);
#730=LINE('',#4809,#973);
#731=LINE('',#4810,#974);
#732=LINE('',#4813,#975);
#733=LINE('',#4815,#976);
#734=LINE('',#4817,#977);
#735=LINE('',#4819,#978);
#736=LINE('',#4820,#979);
#737=LINE('',#4821,#980);
#738=LINE('',#4823,#981);
#739=LINE('',#4824,#982);
#740=LINE('',#4827,#983);
#741=LINE('',#4829,#984);
#742=LINE('',#4831,#985);
#743=LINE('',#4833,#986);
#744=LINE('',#4835,#987);
#745=LINE('',#4839,#988);
#746=LINE('',#4841,#989);
#747=LINE('',#4843,#990);
#748=LINE('',#4845,#991);
#749=LINE('',#4846,#992);
#750=LINE('',#4849,#993);
#751=LINE('',#4851,#994);
#752=LINE('',#4852,#995);
#753=LINE('',#4855,#996);
#754=LINE('',#4859,#997);
#755=LINE('',#4860,#998);
#756=LINE('',#4863,#999);
#757=LINE('',#4865,#1000);
#758=LINE('',#4866,#1001);
#759=LINE('',#4868,#1002);
#760=LINE('',#4870,#1003);
#761=LINE('',#4872,#1004);
#762=LINE('',#4874,#1005);
#763=LINE('',#4878,#1006);
#764=LINE('',#4881,#1007);
#765=LINE('',#4884,#1008);
#766=LINE('',#4885,#1009);
#767=LINE('',#4888,#1010);
#768=LINE('',#4893,#1011);
#769=LINE('',#4894,#1012);
#770=LINE('',#4897,#1013);
#771=LINE('',#4900,#1014);
#772=LINE('',#4904,#1015);
#773=LINE('',#4908,#1016);
#774=LINE('',#4909,#1017);
#775=LINE('',#4912,#1018);
#776=LINE('',#4916,#1019);
#777=LINE('',#4917,#1020);
#778=LINE('',#4957,#1021);
#779=LINE('',#4958,#1022);
#780=LINE('',#4966,#1023);
#781=LINE('',#4977,#1024);
#782=LINE('',#4979,#1025);
#783=LINE('',#4980,#1026);
#784=LINE('',#4986,#1027);
#785=LINE('',#4989,#1028);
#786=LINE('',#4996,#1029);
#787=LINE('',#4998,#1030);
#788=LINE('',#4999,#1031);
#789=LINE('',#5009,#1032);
#790=LINE('',#5011,#1033);
#791=LINE('',#5012,#1034);
#792=LINE('',#5014,#1035);
#793=LINE('',#5016,#1036);
#794=LINE('',#5021,#1037);
#795=LINE('',#5022,#1038);
#796=LINE('',#5025,#1039);
#797=LINE('',#5026,#1040);
#798=LINE('',#5028,#1041);
#799=LINE('',#5029,#1042);
#800=LINE('',#5030,#1043);
#801=LINE('',#5032,#1044);
#802=LINE('',#5034,#1045);
#803=LINE('',#5040,#1046);
#804=LINE('',#5041,#1047);
#805=LINE('',#5087,#1048);
#806=LINE('',#5090,#1049);
#807=VECTOR('',#3145,3.5);
#808=VECTOR('',#3156,3.5);
#809=VECTOR('',#3165,10.);
#810=VECTOR('',#3168,10.);
#811=VECTOR('',#3173,10.);
#812=VECTOR('',#3174,10.);
#813=VECTOR('',#3175,10.);
#814=VECTOR('',#3178,10.);
#815=VECTOR('',#3185,10.);
#816=VECTOR('',#3186,10.);
#817=VECTOR('',#3189,10.);
#818=VECTOR('',#3190,10.);
#819=VECTOR('',#3191,10.);
#820=VECTOR('',#3194,10.);
#821=VECTOR('',#3199,10.);
#822=VECTOR('',#3200,10.);
#823=VECTOR('',#3201,10.);
#824=VECTOR('',#3202,10.);
#825=VECTOR('',#3203,10.);
#826=VECTOR('',#3204,10.);
#827=VECTOR('',#3205,10.);
#828=VECTOR('',#3206,10.);
#829=VECTOR('',#3209,10.);
#830=VECTOR('',#3212,10.);
#831=VECTOR('',#3215,10.);
#832=VECTOR('',#3216,10.);
#833=VECTOR('',#3221,10.);
#834=VECTOR('',#3222,10.);
#835=VECTOR('',#3225,10.);
#836=VECTOR('',#3230,10.);
#837=VECTOR('',#3233,10.);
#838=VECTOR('',#3234,10.);
#839=VECTOR('',#3235,10.);
#840=VECTOR('',#3238,10.);
#841=VECTOR('',#3243,10.);
#842=VECTOR('',#3246,10.);
#843=VECTOR('',#3251,10.);
#844=VECTOR('',#3252,10.);
#845=VECTOR('',#3253,10.);
#846=VECTOR('',#3256,10.);
#847=VECTOR('',#3263,10.);
#848=VECTOR('',#3264,10.);
#849=VECTOR('',#3267,10.);
#850=VECTOR('',#3268,10.);
#851=VECTOR('',#3269,10.);
#852=VECTOR('',#3272,10.);
#853=VECTOR('',#3277,10.);
#854=VECTOR('',#3278,10.);
#855=VECTOR('',#3281,10.);
#856=VECTOR('',#3284,10.);
#857=VECTOR('',#3287,10.);
#858=VECTOR('',#3290,10.);
#859=VECTOR('',#3293,10.);
#860=VECTOR('',#3294,10.);
#861=VECTOR('',#3299,10.);
#862=VECTOR('',#3300,10.);
#863=VECTOR('',#3303,10.);
#864=VECTOR('',#3310,10.);
#865=VECTOR('',#3311,10.);
#866=VECTOR('',#3314,10.);
#867=VECTOR('',#3317,10.);
#868=VECTOR('',#3322,10.);
#869=VECTOR('',#3325,10.);
#870=VECTOR('',#3330,10.);
#871=VECTOR('',#3331,10.);
#872=VECTOR('',#3332,10.);
#873=VECTOR('',#3335,10.);
#874=VECTOR('',#3340,10.);
#875=VECTOR('',#3343,10.);
#876=VECTOR('',#3346,10.);
#877=VECTOR('',#3349,10.);
#878=VECTOR('',#3354,10.);
#879=VECTOR('',#3355,10.);
#880=VECTOR('',#3360,10.);
#881=VECTOR('',#3361,10.);
#882=VECTOR('',#3364,10.);
#883=VECTOR('',#3369,10.);
#884=VECTOR('',#3372,10.);
#885=VECTOR('',#3373,10.);
#886=VECTOR('',#3376,10.);
#887=VECTOR('',#3385,10.);
#888=VECTOR('',#3386,10.);
#889=VECTOR('',#3389,10.);
#890=VECTOR('',#3392,10.);
#891=VECTOR('',#3395,10.);
#892=VECTOR('',#3396,10.);
#893=VECTOR('',#3403,3.75);
#894=VECTOR('',#3412,3.75);
#895=VECTOR('',#3419,2.35);
#896=VECTOR('',#3424,2.1);
#897=VECTOR('',#3429,10.);
#898=VECTOR('',#3432,10.);
#899=VECTOR('',#3435,10.);
#900=VECTOR('',#3440,10.);
#901=VECTOR('',#3443,10.);
#902=VECTOR('',#3448,10.);
#903=VECTOR('',#3455,2.35);
#904=VECTOR('',#3462,2.1);
#905=VECTOR('',#3469,2.35);
#906=VECTOR('',#3478,2.1);
#907=VECTOR('',#3483,2.35);
#908=VECTOR('',#3492,2.1);
#909=VECTOR('',#3495,2.35);
#910=VECTOR('',#3502,4.);
#911=VECTOR('',#3507,3.75);
#912=VECTOR('',#3510,4.);
#913=VECTOR('',#3515,3.75);
#914=VECTOR('',#3518,10.);
#915=VECTOR('',#3519,10.);
#916=VECTOR('',#3520,10.);
#917=VECTOR('',#3521,10.);
#918=VECTOR('',#3524,10.);
#919=VECTOR('',#3531,10.);
#920=VECTOR('',#3532,10.);
#921=VECTOR('',#3533,10.);
#922=VECTOR('',#3536,10.);
#923=VECTOR('',#3537,10.);
#924=VECTOR('',#3540,10.);
#925=VECTOR('',#3541,10.);
#926=VECTOR('',#3542,10.);
#927=VECTOR('',#3545,10.);
#928=VECTOR('',#3552,10.);
#929=VECTOR('',#3553,10.);
#930=VECTOR('',#3554,10.);
#931=VECTOR('',#3557,10.);
#932=VECTOR('',#3560,10.);
#933=VECTOR('',#3561,10.);
#934=VECTOR('',#3564,10.);
#935=VECTOR('',#3569,10.);
#936=VECTOR('',#3578,10.);
#937=VECTOR('',#3579,10.);
#938=VECTOR('',#3584,10.);
#939=VECTOR('',#3585,10.);
#940=VECTOR('',#3588,10.);
#941=VECTOR('',#3593,10.);
#942=VECTOR('',#3620,10.);
#943=VECTOR('',#3621,10.);
#944=VECTOR('',#3624,10.);
#945=VECTOR('',#3627,10.);
#946=VECTOR('',#3630,10.);
#947=VECTOR('',#3657,10.);
#948=VECTOR('',#3672,10.);
#949=VECTOR('',#3677,10.);
#950=VECTOR('',#3678,10.);
#951=VECTOR('',#3685,2.55);
#952=VECTOR('',#3692,10.);
#953=VECTOR('',#3693,10.);
#954=VECTOR('',#3694,10.);
#955=VECTOR('',#3695,10.);
#956=VECTOR('',#3698,10.);
#957=VECTOR('',#3699,10.);
#958=VECTOR('',#3700,10.);
#959=VECTOR('',#3703,10.);
#960=VECTOR('',#3704,10.);
#961=VECTOR('',#3705,10.);
#962=VECTOR('',#3710,10.);
#963=VECTOR('',#3711,10.);
#964=VECTOR('',#3714,10.);
#965=VECTOR('',#3715,10.);
#966=VECTOR('',#3716,10.);
#967=VECTOR('',#3717,10.);
#968=VECTOR('',#3718,10.);
#969=VECTOR('',#3721,10.);
#970=VECTOR('',#3722,10.);
#971=VECTOR('',#3723,10.);
#972=VECTOR('',#3724,10.);
#973=VECTOR('',#3725,10.);
#974=VECTOR('',#3726,10.);
#975=VECTOR('',#3729,10.);
#976=VECTOR('',#3730,10.);
#977=VECTOR('',#3731,10.);
#978=VECTOR('',#3732,10.);
#979=VECTOR('',#3733,10.);
#980=VECTOR('',#3734,10.);
#981=VECTOR('',#3735,10.);
#982=VECTOR('',#3736,10.);
#983=VECTOR('',#3739,10.);
#984=VECTOR('',#3740,10.);
#985=VECTOR('',#3741,10.);
#986=VECTOR('',#3742,10.);
#987=VECTOR('',#3743,10.);
#988=VECTOR('',#3746,10.);
#989=VECTOR('',#3747,10.);
#990=VECTOR('',#3748,10.);
#991=VECTOR('',#3749,10.);
#992=VECTOR('',#3750,10.);
#993=VECTOR('',#3753,10.);
#994=VECTOR('',#3754,10.);
#995=VECTOR('',#3755,10.);
#996=VECTOR('',#3758,10.);
#997=VECTOR('',#3763,10.);
#998=VECTOR('',#3764,10.);
#999=VECTOR('',#3767,10.);
#1000=VECTOR('',#3768,10.);
#1001=VECTOR('',#3769,10.);
#1002=VECTOR('',#3772,10.);
#1003=VECTOR('',#3775,10.);
#1004=VECTOR('',#3778,10.);
#1005=VECTOR('',#3781,10.);
#1006=VECTOR('',#3786,10.);
#1007=VECTOR('',#3789,10.);
#1008=VECTOR('',#3792,10.);
#1009=VECTOR('',#3793,10.);
#1010=VECTOR('',#3796,10.);
#1011=VECTOR('',#3803,10.);
#1012=VECTOR('',#3804,10.);
#1013=VECTOR('',#3807,10.);
#1014=VECTOR('',#3812,10.);
#1015=VECTOR('',#3817,10.);
#1016=VECTOR('',#3820,10.);
#1017=VECTOR('',#3821,10.);
#1018=VECTOR('',#3824,10.);
#1019=VECTOR('',#3829,10.);
#1020=VECTOR('',#3830,10.);
#1021=VECTOR('',#3851,10.);
#1022=VECTOR('',#3852,10.);
#1023=VECTOR('',#3863,10.);
#1024=VECTOR('',#3880,10.);
#1025=VECTOR('',#3883,10.);
#1026=VECTOR('',#3884,10.);
#1027=VECTOR('',#3889,10.);
#1028=VECTOR('',#3892,10.);
#1029=VECTOR('',#3903,10.);
#1030=VECTOR('',#3906,10.);
#1031=VECTOR('',#3907,10.);
#1032=VECTOR('',#3922,10.);
#1033=VECTOR('',#3925,10.);
#1034=VECTOR('',#3926,10.);
#1035=VECTOR('',#3929,10.);
#1036=VECTOR('',#3932,10.);
#1037=VECTOR('',#3939,10.);
#1038=VECTOR('',#3940,10.);
#1039=VECTOR('',#3943,10.);
#1040=VECTOR('',#3944,10.);
#1041=VECTOR('',#3947,10.);
#1042=VECTOR('',#3948,10.);
#1043=VECTOR('',#3949,10.);
#1044=VECTOR('',#3952,10.);
#1045=VECTOR('',#3955,10.);
#1046=VECTOR('',#3964,10.);
#1047=VECTOR('',#3965,10.);
#1048=VECTOR('',#3976,10.);
#1049=VECTOR('',#3981,10.);
#1050=CIRCLE('',#2839,4.);
#1051=CIRCLE('',#2840,3.);
#1052=CIRCLE('',#2842,2.1);
#1053=CIRCLE('',#2844,4.);
#1054=CIRCLE('',#2845,3.);
#1055=CIRCLE('',#2847,2.1);
#1056=CIRCLE('',#2849,3.12500020861625);
#1057=CIRCLE('',#2850,2.62500020861625);
#1058=CIRCLE('',#2853,3.125);
#1059=CIRCLE('',#2854,2.625);
#1060=CIRCLE('',#2858,2.62500020861625);
#1061=CIRCLE('',#2860,3.125);
#1062=CIRCLE('',#2861,3.12500020861624);
#1063=CIRCLE('',#2863,2.625);
#1064=CIRCLE('',#2866,2.62500020861625);
#1065=CIRCLE('',#2870,2.625);
#1066=CIRCLE('',#2872,5.);
#1067=CIRCLE('',#2873,4.5);
#1068=CIRCLE('',#2876,5.);
#1069=CIRCLE('',#2877,4.5);
#1070=CIRCLE('',#2881,4.5);
#1071=CIRCLE('',#2885,5.);
#1072=CIRCLE('',#2886,5.);
#1073=CIRCLE('',#2888,3.125);
#1074=CIRCLE('',#2891,2.62500020861625);
#1075=CIRCLE('',#2892,3.12500020861624);
#1076=CIRCLE('',#2896,4.5);
#1077=CIRCLE('',#2898,2.625);
#1078=CIRCLE('',#2899,3.125);
#1079=CIRCLE('',#2902,3.12500020861625);
#1080=CIRCLE('',#2906,4.5);
#1081=CIRCLE('',#2907,4.5);
#1082=CIRCLE('',#2909,4.5);
#1083=CIRCLE('',#2912,4.5);
#1084=CIRCLE('',#2917,3.75);
#1085=CIRCLE('',#2918,4.25);
#1086=CIRCLE('',#2920,42.5);
#1087=CIRCLE('',#2921,4.25);
#1088=CIRCLE('',#2922,42.5);
#1089=CIRCLE('',#2923,4.25);
#1090=CIRCLE('',#2924,4.25);
#1091=CIRCLE('',#2926,3.75);
#1092=CIRCLE('',#2928,3.75);
#1093=CIRCLE('',#2930,3.75);
#1094=CIRCLE('',#2932,2.6);
#1095=CIRCLE('',#2933,2.1);
#1096=CIRCLE('',#2935,2.1);
#1097=CIRCLE('',#2937,43.75);
#1098=CIRCLE('',#2938,1.25);
#1099=CIRCLE('',#2939,42.5);
#1100=CIRCLE('',#2940,1.);
#1101=CIRCLE('',#2941,7.49999999999985);
#1102=CIRCLE('',#2942,1.);
#1103=CIRCLE('',#2943,42.5);
#1104=CIRCLE('',#2944,1.25);
#1105=CIRCLE('',#2946,2.1);
#1106=CIRCLE('',#2947,2.6);
#1107=CIRCLE('',#2949,2.1);
#1108=CIRCLE('',#2952,2.1);
#1109=CIRCLE('',#2953,2.6);
#1110=CIRCLE('',#2955,3.75);
#1111=CIRCLE('',#2958,2.1);
#1112=CIRCLE('',#2959,2.6);
#1113=CIRCLE('',#2961,3.75);
#1114=CIRCLE('',#2964,2.6);
#1115=CIRCLE('',#2967,3.75);
#1116=CIRCLE('',#2970,3.75);
#1117=CIRCLE('',#2974,1.5);
#1118=CIRCLE('',#2975,0.999999999999996);
#1119=CIRCLE('',#2980,1.5);
#1120=CIRCLE('',#2981,0.999999999999996);
#1121=CIRCLE('',#2984,0.999999999999996);
#1122=CIRCLE('',#2986,3.99999999999999);
#1123=CIRCLE('',#2987,4.00000000000001);
#1124=CIRCLE('',#2988,4.);
#1125=CIRCLE('',#2989,4.00000000000001);
#1126=CIRCLE('',#2990,3.);
#1127=CIRCLE('',#2992,0.999999999999996);
#1128=CIRCLE('',#3001,20.851);
#1129=CIRCLE('',#3002,20.851);
#1130=CIRCLE('',#3004,20.851);
#1131=CIRCLE('',#3005,20.851);
#1132=CIRCLE('',#3007,15.25);
#1133=CIRCLE('',#3008,5.25);
#1134=CIRCLE('',#3010,42.5);
#1135=CIRCLE('',#3011,7.49999999999985);
#1136=CIRCLE('',#3012,42.5);
#1137=CIRCLE('',#3013,15.25);
#1138=CIRCLE('',#3015,5.25);
#1139=CIRCLE('',#3018,1.00000000000409);
#1140=CIRCLE('',#3019,3.00000000000001);
#1141=CIRCLE('',#3021,1.00000000000409);
#1142=CIRCLE('',#3022,5.);
#1143=CIRCLE('',#3023,5.);
#1144=CIRCLE('',#3025,1.);
#1145=CIRCLE('',#3027,1.00000000000409);
#1146=CIRCLE('',#3028,5.00000000000001);
#1147=CIRCLE('',#3029,5.00000000000001);
#1148=CIRCLE('',#3031,2.99999999999999);
#1149=CIRCLE('',#3046,3.25);
#1150=CIRCLE('',#3049,3.25);
#1151=CIRCLE('',#3052,46.25);
#1152=CIRCLE('',#3072,3.25);
#1153=CIRCLE('',#3074,1.25);
#1154=CIRCLE('',#3077,1.25);
#1155=CIRCLE('',#3078,47.5);
#1156=CIRCLE('',#3079,1.25);
#1157=CIRCLE('',#3081,1.25);
#1158=CIRCLE('',#3083,47.5);
#1159=CIRCLE('',#3084,47.5);
#1160=CIRCLE('',#3091,1.24999999999999);
#1161=CIRCLE('',#3093,2.);
#1162=CIRCLE('',#3095,1.25);
#1163=CIRCLE('',#3096,2.);
#1164=CIRCLE('',#3102,1.25);
#1165=CIRCLE('',#3104,1.25);
#1166=CIRCLE('',#3105,3.25);
#1167=CIRCLE('',#3106,2.);
#1168=CIRCLE('',#3110,1.25);
#1169=CIRCLE('',#3112,1.25);
#1170=CIRCLE('',#3113,2.);
#1171=VERTEX_POINT('',#3988);
#1172=VERTEX_POINT('',#3990);
#1173=VERTEX_POINT('',#3994);
#1174=VERTEX_POINT('',#3997);
#1175=VERTEX_POINT('',#3999);
#1176=VERTEX_POINT('',#4003);
#1177=VERTEX_POINT('',#4006);
#1178=VERTEX_POINT('',#4007);
#1179=VERTEX_POINT('',#4009);
#1180=VERTEX_POINT('',#4011);
#1181=VERTEX_POINT('',#4015);
#1182=VERTEX_POINT('',#4016);
#1183=VERTEX_POINT('',#4021);
#1184=VERTEX_POINT('',#4022);
#1185=VERTEX_POINT('',#4030);
#1186=VERTEX_POINT('',#4032);
#1187=VERTEX_POINT('',#4036);
#1188=VERTEX_POINT('',#4040);
#1189=VERTEX_POINT('',#4041);
#1190=VERTEX_POINT('',#4043);
#1191=VERTEX_POINT('',#4045);
#1192=VERTEX_POINT('',#4047);
#1193=VERTEX_POINT('',#4049);
#1194=VERTEX_POINT('',#4051);
#1195=VERTEX_POINT('',#4053);
#1196=VERTEX_POINT('',#4056);
#1197=VERTEX_POINT('',#4057);
#1198=VERTEX_POINT('',#4059);
#1199=VERTEX_POINT('',#4061);
#1200=VERTEX_POINT('',#4065);
#1201=VERTEX_POINT('',#4067);
#1202=VERTEX_POINT('',#4071);
#1203=VERTEX_POINT('',#4075);
#1204=VERTEX_POINT('',#4081);
#1205=VERTEX_POINT('',#4083);
#1206=VERTEX_POINT('',#4087);
#1207=VERTEX_POINT('',#4091);
#1208=VERTEX_POINT('',#4092);
#1209=VERTEX_POINT('',#4094);
#1210=VERTEX_POINT('',#4096);
#1211=VERTEX_POINT('',#4100);
#1212=VERTEX_POINT('',#4101);
#1213=VERTEX_POINT('',#4106);
#1214=VERTEX_POINT('',#4107);
#1215=VERTEX_POINT('',#4115);
#1216=VERTEX_POINT('',#4117);
#1217=VERTEX_POINT('',#4121);
#1218=VERTEX_POINT('',#4125);
#1219=VERTEX_POINT('',#4126);
#1220=VERTEX_POINT('',#4128);
#1221=VERTEX_POINT('',#4130);
#1222=VERTEX_POINT('',#4132);
#1223=VERTEX_POINT('',#4134);
#1224=VERTEX_POINT('',#4137);
#1225=VERTEX_POINT('',#4138);
#1226=VERTEX_POINT('',#4140);
#1227=VERTEX_POINT('',#4142);
#1228=VERTEX_POINT('',#4146);
#1229=VERTEX_POINT('',#4148);
#1230=VERTEX_POINT('',#4152);
#1231=VERTEX_POINT('',#4156);
#1232=VERTEX_POINT('',#4157);
#1233=VERTEX_POINT('',#4167);
#1234=VERTEX_POINT('',#4171);
#1235=VERTEX_POINT('',#4172);
#1236=VERTEX_POINT('',#4175);
#1237=VERTEX_POINT('',#4179);
#1238=VERTEX_POINT('',#4184);
#1239=VERTEX_POINT('',#4192);
#1240=VERTEX_POINT('',#4193);
#1241=VERTEX_POINT('',#4195);
#1242=VERTEX_POINT('',#4197);
#1243=VERTEX_POINT('',#4201);
#1244=VERTEX_POINT('',#4203);
#1245=VERTEX_POINT('',#4207);
#1246=VERTEX_POINT('',#4211);
#1247=VERTEX_POINT('',#4222);
#1248=VERTEX_POINT('',#4223);
#1249=VERTEX_POINT('',#4225);
#1250=VERTEX_POINT('',#4239);
#1251=VERTEX_POINT('',#4299);
#1252=VERTEX_POINT('',#4314);
#1253=VERTEX_POINT('',#4316);
#1254=VERTEX_POINT('',#4318);
#1255=VERTEX_POINT('',#4320);
#1256=VERTEX_POINT('',#4334);
#1257=VERTEX_POINT('',#4336);
#1258=VERTEX_POINT('',#4338);
#1259=VERTEX_POINT('',#4340);
#1260=VERTEX_POINT('',#4354);
#1261=VERTEX_POINT('',#4356);
#1262=VERTEX_POINT('',#4359);
#1263=VERTEX_POINT('',#4361);
#1264=VERTEX_POINT('',#4364);
#1265=VERTEX_POINT('',#4368);
#1266=VERTEX_POINT('',#4369);
#1267=VERTEX_POINT('',#4442);
#1268=VERTEX_POINT('',#4457);
#1269=VERTEX_POINT('',#4461);
#1270=VERTEX_POINT('',#4463);
#1271=VERTEX_POINT('',#4467);
#1272=VERTEX_POINT('',#4471);
#1273=VERTEX_POINT('',#4472);
#1274=VERTEX_POINT('',#4474);
#1275=VERTEX_POINT('',#4476);
#1276=VERTEX_POINT('',#4478);
#1277=VERTEX_POINT('',#4480);
#1278=VERTEX_POINT('',#4482);
#1279=VERTEX_POINT('',#4484);
#1280=VERTEX_POINT('',#4486);
#1281=VERTEX_POINT('',#4488);
#1282=VERTEX_POINT('',#4490);
#1283=VERTEX_POINT('',#4492);
#1284=VERTEX_POINT('',#4494);
#1285=VERTEX_POINT('',#4496);
#1286=VERTEX_POINT('',#4500);
#1287=VERTEX_POINT('',#4502);
#1288=VERTEX_POINT('',#4506);
#1289=VERTEX_POINT('',#4511);
#1290=VERTEX_POINT('',#4513);
#1291=VERTEX_POINT('',#4517);
#1292=VERTEX_POINT('',#4522);
#1293=VERTEX_POINT('',#4524);
#1294=VERTEX_POINT('',#4528);
#1295=VERTEX_POINT('',#4533);
#1296=VERTEX_POINT('',#4538);
#1297=VERTEX_POINT('',#4544);
#1298=VERTEX_POINT('',#4550);
#1299=VERTEX_POINT('',#4551);
#1300=VERTEX_POINT('',#4553);
#1301=VERTEX_POINT('',#4555);
#1302=VERTEX_POINT('',#4559);
#1303=VERTEX_POINT('',#4560);
#1304=VERTEX_POINT('',#4566);
#1305=VERTEX_POINT('',#4570);
#1306=VERTEX_POINT('',#4574);
#1307=VERTEX_POINT('',#4576);
#1308=VERTEX_POINT('',#4580);
#1309=VERTEX_POINT('',#4581);
#1310=VERTEX_POINT('',#4586);
#1311=VERTEX_POINT('',#4587);
#1312=VERTEX_POINT('',#4592);
#1313=VERTEX_POINT('',#4594);
#1314=VERTEX_POINT('',#4596);
#1315=VERTEX_POINT('',#4600);
#1316=VERTEX_POINT('',#4602);
#1317=VERTEX_POINT('',#4604);
#1318=VERTEX_POINT('',#4606);
#1319=VERTEX_POINT('',#4608);
#1320=VERTEX_POINT('',#4611);
#1321=VERTEX_POINT('',#4614);
#1322=VERTEX_POINT('',#4616);
#1323=VERTEX_POINT('',#4620);
#1324=VERTEX_POINT('',#4632);
#1325=VERTEX_POINT('',#4633);
#1326=VERTEX_POINT('',#4646);
#1327=VERTEX_POINT('',#4648);
#1328=VERTEX_POINT('',#4663);
#1329=VERTEX_POINT('',#4664);
#1330=VERTEX_POINT('',#4677);
#1331=VERTEX_POINT('',#4679);
#1332=VERTEX_POINT('',#4697);
#1333=VERTEX_POINT('',#4698);
#1334=VERTEX_POINT('',#4700);
#1335=VERTEX_POINT('',#4702);
#1336=VERTEX_POINT('',#4704);
#1337=VERTEX_POINT('',#4706);
#1338=VERTEX_POINT('',#4708);
#1339=VERTEX_POINT('',#4710);
#1340=VERTEX_POINT('',#4718);
#1341=VERTEX_POINT('',#4722);
#1342=VERTEX_POINT('',#4724);
#1343=VERTEX_POINT('',#4728);
#1344=VERTEX_POINT('',#4732);
#1345=VERTEX_POINT('',#4734);
#1346=VERTEX_POINT('',#4740);
#1347=VERTEX_POINT('',#4744);
#1348=VERTEX_POINT('',#4752);
#1349=VERTEX_POINT('',#4757);
#1350=VERTEX_POINT('',#4764);
#1351=VERTEX_POINT('',#4767);
#1352=VERTEX_POINT('',#4771);
#1353=VERTEX_POINT('',#4773);
#1354=VERTEX_POINT('',#4777);
#1355=VERTEX_POINT('',#4779);
#1356=VERTEX_POINT('',#4784);
#1357=VERTEX_POINT('',#4788);
#1358=VERTEX_POINT('',#4790);
#1359=VERTEX_POINT('',#4792);
#1360=VERTEX_POINT('',#4794);
#1361=VERTEX_POINT('',#4796);
#1362=VERTEX_POINT('',#4798);
#1363=VERTEX_POINT('',#4800);
#1364=VERTEX_POINT('',#4802);
#1365=VERTEX_POINT('',#4804);
#1366=VERTEX_POINT('',#4806);
#1367=VERTEX_POINT('',#4808);
#1368=VERTEX_POINT('',#4812);
#1369=VERTEX_POINT('',#4814);
#1370=VERTEX_POINT('',#4816);
#1371=VERTEX_POINT('',#4818);
#1372=VERTEX_POINT('',#4822);
#1373=VERTEX_POINT('',#4826);
#1374=VERTEX_POINT('',#4828);
#1375=VERTEX_POINT('',#4830);
#1376=VERTEX_POINT('',#4832);
#1377=VERTEX_POINT('',#4834);
#1378=VERTEX_POINT('',#4836);
#1379=VERTEX_POINT('',#4838);
#1380=VERTEX_POINT('',#4840);
#1381=VERTEX_POINT('',#4842);
#1382=VERTEX_POINT('',#4844);
#1383=VERTEX_POINT('',#4848);
#1384=VERTEX_POINT('',#4850);
#1385=VERTEX_POINT('',#4854);
#1386=VERTEX_POINT('',#4858);
#1387=VERTEX_POINT('',#4862);
#1388=VERTEX_POINT('',#4864);
#1389=VERTEX_POINT('',#4877);
#1390=VERTEX_POINT('',#4879);
#1391=VERTEX_POINT('',#4883);
#1392=VERTEX_POINT('',#4887);
#1393=VERTEX_POINT('',#4892);
#1394=VERTEX_POINT('',#4896);
#1395=VERTEX_POINT('',#4903);
#1396=VERTEX_POINT('',#4905);
#1397=VERTEX_POINT('',#4907);
#1398=VERTEX_POINT('',#4911);
#1399=VERTEX_POINT('',#4915);
#1400=VERTEX_POINT('',#4925);
#1401=VERTEX_POINT('',#4940);
#1402=VERTEX_POINT('',#4956);
#1403=VERTEX_POINT('',#4963);
#1404=VERTEX_POINT('',#4965);
#1405=VERTEX_POINT('',#4971);
#1406=VERTEX_POINT('',#4975);
#1407=VERTEX_POINT('',#4982);
#1408=VERTEX_POINT('',#4983);
#1409=VERTEX_POINT('',#4985);
#1410=VERTEX_POINT('',#4987);
#1411=VERTEX_POINT('',#4991);
#1412=VERTEX_POINT('',#5003);
#1413=VERTEX_POINT('',#5007);
#1414=VERTEX_POINT('',#5020);
#1415=VERTEX_POINT('',#5024);
#1416=VERTEX_POINT('',#5039);
#1417=EDGE_CURVE('',#1171,#1171,#1050,.T.);
#1418=EDGE_CURVE('',#1171,#1172,#564,.T.);
#1419=EDGE_CURVE('',#1172,#1172,#1051,.T.);
#1420=EDGE_CURVE('',#1173,#1173,#1052,.T.);
#1421=EDGE_CURVE('',#1174,#1174,#1053,.T.);
#1422=EDGE_CURVE('',#1174,#1175,#565,.T.);
#1423=EDGE_CURVE('',#1175,#1175,#1054,.T.);
#1424=EDGE_CURVE('',#1176,#1176,#1055,.T.);
#1425=EDGE_CURVE('',#1177,#1178,#566,.T.);
#1426=EDGE_CURVE('',#1178,#1179,#1056,.T.);
#1427=EDGE_CURVE('',#1179,#1180,#567,.T.);
#1428=EDGE_CURVE('',#1180,#1177,#1057,.T.);
#1429=EDGE_CURVE('',#1181,#1182,#568,.T.);
#1430=EDGE_CURVE('',#1182,#1178,#569,.T.);
#1431=EDGE_CURVE('',#1177,#1181,#570,.T.);
#1432=EDGE_CURVE('',#1183,#1184,#571,.T.);
#1433=EDGE_CURVE('',#1184,#1182,#1058,.T.);
#1434=EDGE_CURVE('',#1181,#1183,#1059,.T.);
#1435=EDGE_CURVE('',#1179,#1184,#572,.T.);
#1436=EDGE_CURVE('',#1183,#1180,#573,.T.);
#1437=EDGE_CURVE('',#1177,#1185,#574,.T.);
#1438=EDGE_CURVE('',#1186,#1185,#575,.T.);
#1439=EDGE_CURVE('',#1181,#1186,#576,.T.);
#1440=EDGE_CURVE('',#1180,#1187,#577,.T.);
#1441=EDGE_CURVE('',#1185,#1187,#1060,.T.);
#1442=EDGE_CURVE('',#1188,#1189,#578,.F.);
#1443=EDGE_CURVE('',#1190,#1188,#579,.T.);
#1444=EDGE_CURVE('',#1191,#1190,#580,.T.);
#1445=EDGE_CURVE('',#1192,#1191,#581,.T.);
#1446=EDGE_CURVE('',#1193,#1192,#582,.T.);
#1447=EDGE_CURVE('',#1194,#1193,#583,.T.);
#1448=EDGE_CURVE('',#1195,#1194,#584,.F.);
#1449=EDGE_CURVE('',#1195,#1189,#585,.T.);
#1450=EDGE_CURVE('',#1196,#1197,#1061,.T.);
#1451=EDGE_CURVE('',#1198,#1196,#586,.T.);
#1452=EDGE_CURVE('',#1199,#1198,#1062,.T.);
#1453=EDGE_CURVE('',#1197,#1199,#587,.T.);
#1454=EDGE_CURVE('',#1200,#1196,#588,.T.);
#1455=EDGE_CURVE('',#1197,#1201,#589,.T.);
#1456=EDGE_CURVE('',#1201,#1200,#1063,.T.);
#1457=EDGE_CURVE('',#1202,#1198,#590,.T.);
#1458=EDGE_CURVE('',#1200,#1202,#591,.T.);
#1459=EDGE_CURVE('',#1203,#1199,#592,.T.);
#1460=EDGE_CURVE('',#1202,#1203,#1064,.T.);
#1461=EDGE_CURVE('',#1203,#1201,#593,.T.);
#1462=EDGE_CURVE('',#1200,#1204,#594,.T.);
#1463=EDGE_CURVE('',#1205,#1204,#595,.T.);
#1464=EDGE_CURVE('',#1202,#1205,#596,.T.);
#1465=EDGE_CURVE('',#1201,#1206,#597,.T.);
#1466=EDGE_CURVE('',#1204,#1206,#1065,.T.);
#1467=EDGE_CURVE('',#1207,#1208,#598,.T.);
#1468=EDGE_CURVE('',#1208,#1209,#1066,.T.);
#1469=EDGE_CURVE('',#1209,#1210,#599,.T.);
#1470=EDGE_CURVE('',#1210,#1207,#1067,.T.);
#1471=EDGE_CURVE('',#1211,#1212,#600,.T.);
#1472=EDGE_CURVE('',#1212,#1208,#601,.T.);
#1473=EDGE_CURVE('',#1207,#1211,#602,.T.);
#1474=EDGE_CURVE('',#1213,#1214,#603,.T.);
#1475=EDGE_CURVE('',#1214,#1212,#1068,.T.);
#1476=EDGE_CURVE('',#1211,#1213,#1069,.T.);
#1477=EDGE_CURVE('',#1209,#1214,#604,.T.);
#1478=EDGE_CURVE('',#1213,#1210,#605,.T.);
#1479=EDGE_CURVE('',#1215,#1207,#606,.T.);
#1480=EDGE_CURVE('',#1216,#1215,#607,.T.);
#1481=EDGE_CURVE('',#1216,#1211,#608,.T.);
#1482=EDGE_CURVE('',#1217,#1210,#609,.T.);
#1483=EDGE_CURVE('',#1215,#1217,#1070,.T.);
#1484=EDGE_CURVE('',#1218,#1219,#610,.T.);
#1485=EDGE_CURVE('',#1219,#1220,#611,.T.);
#1486=EDGE_CURVE('',#1221,#1220,#49,.T.);
#1487=EDGE_CURVE('',#1222,#1221,#612,.T.);
#1488=EDGE_CURVE('',#1223,#1222,#50,.T.);
#1489=EDGE_CURVE('',#1218,#1223,#613,.T.);
#1490=EDGE_CURVE('',#1224,#1225,#1071,.T.);
#1491=EDGE_CURVE('',#1226,#1224,#614,.T.);
#1492=EDGE_CURVE('',#1227,#1226,#1072,.T.);
#1493=EDGE_CURVE('',#1225,#1227,#615,.T.);
#1494=EDGE_CURVE('',#1228,#1204,#616,.T.);
#1495=EDGE_CURVE('',#1206,#1229,#617,.T.);
#1496=EDGE_CURVE('',#1229,#1228,#1073,.T.);
#1497=EDGE_CURVE('',#1230,#1205,#618,.T.);
#1498=EDGE_CURVE('',#1228,#1230,#619,.T.);
#1499=EDGE_CURVE('',#1231,#1232,#620,.T.);
#1500=EDGE_CURVE('',#1232,#1205,#1074,.T.);
#1501=EDGE_CURVE('',#1230,#1231,#1075,.T.);
#1502=EDGE_CURVE('',#1206,#1232,#621,.T.);
#1503=EDGE_CURVE('',#1231,#1229,#622,.T.);
#1504=EDGE_CURVE('',#1203,#1232,#623,.T.);
#1505=EDGE_CURVE('',#1217,#1233,#624,.T.);
#1506=EDGE_CURVE('',#1233,#1216,#1076,.T.);
#1507=EDGE_CURVE('',#1234,#1235,#625,.T.);
#1508=EDGE_CURVE('',#1235,#1186,#1077,.T.);
#1509=EDGE_CURVE('',#1186,#1236,#626,.T.);
#1510=EDGE_CURVE('',#1236,#1234,#1078,.T.);
#1511=EDGE_CURVE('',#1237,#1187,#627,.T.);
#1512=EDGE_CURVE('',#1187,#1235,#628,.T.);
#1513=EDGE_CURVE('',#1234,#1237,#629,.T.);
#1514=EDGE_CURVE('',#1238,#1185,#630,.T.);
#1515=EDGE_CURVE('',#1237,#1238,#1079,.T.);
#1516=EDGE_CURVE('',#1238,#1236,#631,.T.);
#1517=EDGE_CURVE('',#1183,#1235,#632,.T.);
#1518=EDGE_CURVE('',#1239,#1240,#633,.T.);
#1519=EDGE_CURVE('',#1240,#1241,#1080,.T.);
#1520=EDGE_CURVE('',#1241,#1242,#634,.T.);
#1521=EDGE_CURVE('',#1242,#1239,#1081,.T.);
#1522=EDGE_CURVE('',#1243,#1224,#635,.T.);
#1523=EDGE_CURVE('',#1225,#1244,#636,.T.);
#1524=EDGE_CURVE('',#1244,#1243,#1082,.T.);
#1525=EDGE_CURVE('',#1245,#1226,#637,.T.);
#1526=EDGE_CURVE('',#1243,#1245,#638,.T.);
#1527=EDGE_CURVE('',#1246,#1227,#639,.T.);
#1528=EDGE_CURVE('',#1245,#1246,#1083,.T.);
#1529=EDGE_CURVE('',#1246,#1244,#640,.T.);
#1530=EDGE_CURVE('',#1240,#1243,#641,.T.);
#1531=EDGE_CURVE('',#1239,#1245,#642,.T.);
#1532=EDGE_CURVE('',#1241,#1244,#643,.T.);
#1533=EDGE_CURVE('',#1247,#1248,#1084,.T.);
#1534=EDGE_CURVE('',#1248,#1249,#27,.T.);
#1535=EDGE_CURVE('',#1249,#1250,#1085,.T.);
#1536=EDGE_CURVE('',#1247,#1250,#28,.T.);
#1537=EDGE_CURVE('',#1250,#1249,#29,.T.);
#1538=EDGE_CURVE('',#1248,#1251,#30,.T.);
#1539=EDGE_CURVE('',#1251,#1247,#31,.T.);
#1540=EDGE_CURVE('',#1252,#1249,#644,.T.);
#1541=EDGE_CURVE('',#1253,#1252,#645,.T.);
#1542=EDGE_CURVE('',#1254,#1253,#1086,.T.);
#1543=EDGE_CURVE('',#1255,#1254,#32,.T.);
#1544=EDGE_CURVE('',#1256,#1255,#646,.T.);
#1545=EDGE_CURVE('',#1257,#1256,#1087,.T.);
#1546=EDGE_CURVE('',#1258,#1257,#647,.T.);
#1547=EDGE_CURVE('',#1259,#1258,#33,.T.);
#1548=EDGE_CURVE('',#1260,#1259,#1088,.T.);
#1549=EDGE_CURVE('',#1261,#1260,#648,.T.);
#1550=EDGE_CURVE('',#1250,#1261,#649,.T.);
#1551=EDGE_CURVE('',#1262,#1262,#1089,.T.);
#1552=EDGE_CURVE('',#1263,#1263,#1090,.T.);
#1553=EDGE_CURVE('',#1251,#1264,#650,.T.);
#1554=EDGE_CURVE('',#1264,#1264,#1091,.T.);
#1555=EDGE_CURVE('',#1265,#1266,#1092,.T.);
#1556=EDGE_CURVE('',#1266,#1257,#34,.T.);
#1557=EDGE_CURVE('',#1265,#1256,#35,.T.);
#1558=EDGE_CURVE('',#1256,#1257,#36,.T.);
#1559=EDGE_CURVE('',#1266,#1267,#37,.T.);
#1560=EDGE_CURVE('',#1267,#1265,#38,.T.);
#1561=EDGE_CURVE('',#1267,#1268,#651,.T.);
#1562=EDGE_CURVE('',#1268,#1268,#1093,.T.);
#1563=EDGE_CURVE('',#1269,#1269,#1094,.T.);
#1564=EDGE_CURVE('',#1269,#1270,#652,.T.);
#1565=EDGE_CURVE('',#1270,#1270,#1095,.T.);
#1566=EDGE_CURVE('',#1270,#1271,#653,.T.);
#1567=EDGE_CURVE('',#1271,#1271,#1096,.T.);
#1568=EDGE_CURVE('',#1272,#1273,#654,.T.);
#1569=EDGE_CURVE('',#1274,#1272,#1097,.T.);
#1570=EDGE_CURVE('',#1275,#1274,#655,.T.);
#1571=EDGE_CURVE('',#1276,#1275,#1098,.T.);
#1572=EDGE_CURVE('',#1277,#1276,#656,.T.);
#1573=EDGE_CURVE('',#1278,#1277,#1099,.T.);
#1574=EDGE_CURVE('',#1279,#1278,#1100,.T.);
#1575=EDGE_CURVE('',#1280,#1279,#657,.T.);
#1576=EDGE_CURVE('',#1281,#1280,#1101,.T.);
#1577=EDGE_CURVE('',#1282,#1281,#658,.T.);
#1578=EDGE_CURVE('',#1283,#1282,#1102,.T.);
#1579=EDGE_CURVE('',#1284,#1283,#1103,.T.);
#1580=EDGE_CURVE('',#1285,#1284,#659,.T.);
#1581=EDGE_CURVE('',#1273,#1285,#1104,.T.);
#1582=EDGE_CURVE('',#1286,#1286,#1105,.T.);
#1583=EDGE_CURVE('',#1286,#1287,#660,.T.);
#1584=EDGE_CURVE('',#1287,#1287,#1106,.T.);
#1585=EDGE_CURVE('',#1288,#1288,#1107,.T.);
#1586=EDGE_CURVE('',#1288,#1286,#661,.T.);
#1587=EDGE_CURVE('',#1289,#1289,#1108,.T.);
#1588=EDGE_CURVE('',#1289,#1290,#662,.T.);
#1589=EDGE_CURVE('',#1290,#1290,#1109,.T.);
#1590=EDGE_CURVE('',#1291,#1291,#1110,.T.);
#1591=EDGE_CURVE('',#1173,#1289,#663,.T.);
#1592=EDGE_CURVE('',#1292,#1292,#1111,.T.);
#1593=EDGE_CURVE('',#1292,#1293,#664,.T.);
#1594=EDGE_CURVE('',#1293,#1293,#1112,.T.);
#1595=EDGE_CURVE('',#1294,#1294,#1113,.T.);
#1596=EDGE_CURVE('',#1176,#1292,#665,.T.);
#1597=EDGE_CURVE('',#1271,#1295,#666,.T.);
#1598=EDGE_CURVE('',#1295,#1295,#1114,.T.);
#1599=EDGE_CURVE('',#1263,#1296,#667,.T.);
#1600=EDGE_CURVE('',#1296,#1296,#1115,.T.);
#1601=EDGE_CURVE('',#1296,#1291,#668,.T.);
#1602=EDGE_CURVE('',#1262,#1297,#669,.T.);
#1603=EDGE_CURVE('',#1297,#1297,#1116,.T.);
#1604=EDGE_CURVE('',#1297,#1294,#670,.T.);
#1605=EDGE_CURVE('',#1298,#1299,#671,.T.);
#1606=EDGE_CURVE('',#1299,#1300,#672,.T.);
#1607=EDGE_CURVE('',#1300,#1301,#673,.T.);
#1608=EDGE_CURVE('',#1301,#1298,#674,.T.);
#1609=EDGE_CURVE('',#1302,#1303,#675,.T.);
#1610=EDGE_CURVE('',#1303,#1301,#1117,.T.);
#1611=EDGE_CURVE('',#1300,#1302,#1118,.T.);
#1612=EDGE_CURVE('',#1191,#1303,#676,.T.);
#1613=EDGE_CURVE('',#1302,#1304,#677,.T.);
#1614=EDGE_CURVE('',#1304,#1191,#678,.T.);
#1615=EDGE_CURVE('',#1304,#1305,#679,.T.);
#1616=EDGE_CURVE('',#1305,#1192,#680,.T.);
#1617=EDGE_CURVE('',#1305,#1306,#681,.T.);
#1618=EDGE_CURVE('',#1306,#1307,#682,.T.);
#1619=EDGE_CURVE('',#1307,#1192,#683,.T.);
#1620=EDGE_CURVE('',#1308,#1309,#684,.T.);
#1621=EDGE_CURVE('',#1309,#1307,#1119,.T.);
#1622=EDGE_CURVE('',#1306,#1308,#1120,.T.);
#1623=EDGE_CURVE('',#1310,#1311,#685,.T.);
#1624=EDGE_CURVE('',#1311,#1309,#686,.T.);
#1625=EDGE_CURVE('',#1308,#1310,#687,.T.);
#1626=EDGE_CURVE('',#1312,#1306,#688,.T.);
#1627=EDGE_CURVE('',#1312,#1313,#1121,.T.);
#1628=EDGE_CURVE('',#1314,#1313,#689,.T.);
#1629=EDGE_CURVE('',#1308,#1314,#690,.T.);
#1630=EDGE_CURVE('',#1302,#1315,#691,.T.);
#1631=EDGE_CURVE('',#1316,#1315,#1122,.T.);
#1632=EDGE_CURVE('',#1317,#1316,#1123,.T.);
#1633=EDGE_CURVE('',#1318,#1317,#692,.T.);
#1634=EDGE_CURVE('',#1319,#1318,#1124,.T.);
#1635=EDGE_CURVE('',#1312,#1319,#1125,.T.);
#1636=EDGE_CURVE('',#1320,#1320,#1126,.T.);
#1637=EDGE_CURVE('',#1321,#1300,#693,.T.);
#1638=EDGE_CURVE('',#1322,#1321,#694,.T.);
#1639=EDGE_CURVE('',#1322,#1315,#1127,.T.);
#1640=EDGE_CURVE('',#1323,#1299,#695,.T.);
#1641=EDGE_CURVE('',#1321,#1323,#696,.T.);
#1642=EDGE_CURVE('',#1242,#1246,#697,.T.);
#1643=EDGE_CURVE('',#1233,#1213,#698,.T.);
#1644=EDGE_CURVE('',#1324,#1325,#39,.T.);
#1645=EDGE_CURVE('',#1324,#1326,#1128,.T.);
#1646=EDGE_CURVE('',#1327,#1326,#40,.T.);
#1647=EDGE_CURVE('',#1325,#1327,#1129,.T.);
#1648=EDGE_CURVE('',#1328,#1329,#41,.T.);
#1649=EDGE_CURVE('',#1330,#1328,#1130,.T.);
#1650=EDGE_CURVE('',#1331,#1330,#42,.T.);
#1651=EDGE_CURVE('',#1331,#1329,#1131,.T.);
#1652=EDGE_CURVE('',#1329,#1331,#1132,.T.);
#1653=EDGE_CURVE('',#1328,#1330,#1133,.T.);
#1654=EDGE_CURVE('',#1332,#1333,#699,.T.);
#1655=EDGE_CURVE('',#1334,#1333,#700,.F.);
#1656=EDGE_CURVE('',#1335,#1334,#1134,.F.);
#1657=EDGE_CURVE('',#1335,#1336,#701,.T.);
#1658=EDGE_CURVE('',#1336,#1337,#1135,.T.);
#1659=EDGE_CURVE('',#1337,#1338,#702,.T.);
#1660=EDGE_CURVE('',#1339,#1338,#1136,.F.);
#1661=EDGE_CURVE('',#1339,#1332,#703,.T.);
#1662=EDGE_CURVE('',#1326,#1324,#1137,.T.);
#1663=EDGE_CURVE('',#1327,#1325,#1138,.T.);
#1664=EDGE_CURVE('',#1319,#1340,#1139,.T.);
#1665=EDGE_CURVE('',#1313,#1340,#1140,.T.);
#1666=EDGE_CURVE('',#1318,#1341,#1141,.T.);
#1667=EDGE_CURVE('',#1341,#1342,#1142,.T.);
#1668=EDGE_CURVE('',#1340,#1342,#1143,.T.);
#1669=EDGE_CURVE('',#1317,#1343,#1144,.T.);
#1670=EDGE_CURVE('',#1343,#1341,#704,.T.);
#1671=EDGE_CURVE('',#1316,#1344,#1145,.T.);
#1672=EDGE_CURVE('',#1345,#1344,#1146,.T.);
#1673=EDGE_CURVE('',#1345,#1343,#1147,.T.);
#1674=EDGE_CURVE('',#1344,#1322,#1148,.T.);
#1675=EDGE_CURVE('',#1346,#1341,#705,.T.);
#1676=EDGE_CURVE('',#1342,#1346,#51,.T.);
#1677=EDGE_CURVE('',#1347,#1343,#706,.T.);
#1678=EDGE_CURVE('',#1346,#1347,#707,.T.);
#1679=EDGE_CURVE('',#1347,#1345,#52,.T.);
#1680=EDGE_CURVE('',#1288,#1320,#708,.T.);
#1681=EDGE_CURVE('',#1348,#1255,#43,.T.);
#1682=EDGE_CURVE('',#1348,#1349,#53,.T.);
#1683=EDGE_CURVE('',#1258,#1349,#44,.T.);
#1684=EDGE_CURVE('',#1350,#1261,#709,.T.);
#1685=EDGE_CURVE('',#1222,#1350,#710,.T.);
#1686=EDGE_CURVE('',#1351,#1221,#711,.T.);
#1687=EDGE_CURVE('',#1252,#1351,#712,.T.);
#1688=EDGE_CURVE('',#1352,#1342,#713,.T.);
#1689=EDGE_CURVE('',#1353,#1352,#714,.T.);
#1690=EDGE_CURVE('',#1314,#1353,#715,.T.);
#1691=EDGE_CURVE('',#1354,#1321,#716,.T.);
#1692=EDGE_CURVE('',#1355,#1354,#717,.T.);
#1693=EDGE_CURVE('',#1345,#1355,#718,.T.);
#1694=EDGE_CURVE('',#1356,#1314,#719,.T.);
#1695=EDGE_CURVE('',#1310,#1356,#720,.T.);
#1696=EDGE_CURVE('',#1357,#1190,#721,.T.);
#1697=EDGE_CURVE('',#1357,#1358,#722,.T.);
#1698=EDGE_CURVE('',#1359,#1358,#723,.T.);
#1699=EDGE_CURVE('',#1359,#1360,#724,.T.);
#1700=EDGE_CURVE('',#1361,#1360,#725,.T.);
#1701=EDGE_CURVE('',#1362,#1361,#1149,.T.);
#1702=EDGE_CURVE('',#1363,#1362,#726,.T.);
#1703=EDGE_CURVE('',#1363,#1364,#727,.T.);
#1704=EDGE_CURVE('',#1364,#1365,#728,.T.);
#1705=EDGE_CURVE('',#1366,#1365,#729,.T.);
#1706=EDGE_CURVE('',#1367,#1366,#730,.T.);
#1707=EDGE_CURVE('',#1367,#1298,#731,.T.);
#1708=EDGE_CURVE('',#1368,#1356,#732,.T.);
#1709=EDGE_CURVE('',#1369,#1368,#733,.T.);
#1710=EDGE_CURVE('',#1370,#1369,#734,.T.);
#1711=EDGE_CURVE('',#1371,#1370,#735,.T.);
#1712=EDGE_CURVE('',#1323,#1371,#736,.T.);
#1713=EDGE_CURVE('',#1219,#1367,#737,.T.);
#1714=EDGE_CURVE('',#1372,#1218,#738,.T.);
#1715=EDGE_CURVE('',#1311,#1372,#739,.T.);
#1716=EDGE_CURVE('',#1372,#1373,#740,.T.);
#1717=EDGE_CURVE('',#1374,#1373,#741,.T.);
#1718=EDGE_CURVE('',#1375,#1374,#742,.T.);
#1719=EDGE_CURVE('',#1375,#1376,#743,.T.);
#1720=EDGE_CURVE('',#1377,#1376,#744,.T.);
#1721=EDGE_CURVE('',#1378,#1377,#1150,.T.);
#1722=EDGE_CURVE('',#1379,#1378,#745,.T.);
#1723=EDGE_CURVE('',#1379,#1380,#746,.T.);
#1724=EDGE_CURVE('',#1381,#1380,#747,.T.);
#1725=EDGE_CURVE('',#1381,#1382,#748,.T.);
#1726=EDGE_CURVE('',#1193,#1382,#749,.T.);
#1727=EDGE_CURVE('',#1383,#1275,#750,.T.);
#1728=EDGE_CURVE('',#1274,#1384,#751,.T.);
#1729=EDGE_CURVE('',#1384,#1383,#752,.T.);
#1730=EDGE_CURVE('',#1272,#1385,#753,.T.);
#1731=EDGE_CURVE('',#1385,#1384,#1151,.T.);
#1732=EDGE_CURVE('',#1273,#1386,#754,.T.);
#1733=EDGE_CURVE('',#1386,#1385,#755,.T.);
#1734=EDGE_CURVE('',#1387,#1273,#756,.T.);
#1735=EDGE_CURVE('',#1388,#1387,#757,.T.);
#1736=EDGE_CURVE('',#1386,#1388,#758,.T.);
#1737=EDGE_CURVE('',#1353,#1368,#759,.T.);
#1738=EDGE_CURVE('',#1352,#1369,#760,.T.);
#1739=EDGE_CURVE('',#1355,#1370,#761,.T.);
#1740=EDGE_CURVE('',#1354,#1371,#762,.T.);
#1741=EDGE_CURVE('',#1282,#1389,#763,.T.);
#1742=EDGE_CURVE('',#1390,#1389,#54,.T.);
#1743=EDGE_CURVE('',#1390,#1283,#764,.T.);
#1744=EDGE_CURVE('',#1281,#1391,#765,.T.);
#1745=EDGE_CURVE('',#1389,#1391,#766,.T.);
#1746=EDGE_CURVE('',#1280,#1392,#767,.T.);
#1747=EDGE_CURVE('',#1337,#1392,#55,.T.);
#1748=EDGE_CURVE('',#1391,#1336,#56,.T.);
#1749=EDGE_CURVE('',#1393,#1279,#768,.T.);
#1750=EDGE_CURVE('',#1392,#1393,#769,.T.);
#1751=EDGE_CURVE('',#1278,#1394,#770,.T.);
#1752=EDGE_CURVE('',#1393,#1394,#57,.T.);
#1753=EDGE_CURVE('',#1277,#1339,#771,.T.);
#1754=EDGE_CURVE('',#1338,#1394,#58,.F.);
#1755=EDGE_CURVE('',#1395,#1276,#772,.T.);
#1756=EDGE_CURVE('',#1396,#1395,#1152,.T.);
#1757=EDGE_CURVE('',#1397,#1396,#773,.T.);
#1758=EDGE_CURVE('',#1397,#1332,#774,.T.);
#1759=EDGE_CURVE('',#1275,#1398,#775,.T.);
#1760=EDGE_CURVE('',#1398,#1395,#1153,.T.);
#1761=EDGE_CURVE('',#1399,#1383,#776,.T.);
#1762=EDGE_CURVE('',#1398,#1399,#777,.T.);
#1763=EDGE_CURVE('',#1376,#1386,#1154,.T.);
#1764=EDGE_CURVE('',#1364,#1375,#1155,.T.);
#1765=EDGE_CURVE('',#1383,#1363,#1156,.T.);
#1766=EDGE_CURVE('',#1399,#1362,#1157,.T.);
#1767=EDGE_CURVE('',#1400,#1374,#1158,.T.);
#1768=EDGE_CURVE('',#1349,#1400,#45,.T.);
#1769=EDGE_CURVE('',#1401,#1348,#46,.T.);
#1770=EDGE_CURVE('',#1365,#1401,#1159,.T.);
#1771=EDGE_CURVE('',#1402,#1366,#778,.T.);
#1772=EDGE_CURVE('',#1220,#1402,#779,.T.);
#1773=EDGE_CURVE('',#1390,#1335,#59,.F.);
#1774=EDGE_CURVE('',#1360,#1403,#60,.T.);
#1775=EDGE_CURVE('',#1403,#1404,#780,.T.);
#1776=EDGE_CURVE('',#1404,#1361,#1160,.T.);
#1777=EDGE_CURVE('',#1404,#1399,#1161,.T.);
#1778=EDGE_CURVE('',#1405,#1396,#1162,.T.);
#1779=EDGE_CURVE('',#1398,#1405,#1163,.T.);
#1780=EDGE_CURVE('',#1406,#1397,#61,.T.);
#1781=EDGE_CURVE('',#1405,#1406,#781,.T.);
#1782=EDGE_CURVE('',#1360,#1397,#782,.T.);
#1783=EDGE_CURVE('',#1406,#1403,#783,.T.);
#1784=EDGE_CURVE('',#1407,#1408,#62,.T.);
#1785=EDGE_CURVE('',#1408,#1409,#784,.T.);
#1786=EDGE_CURVE('',#1409,#1410,#1164,.T.);
#1787=EDGE_CURVE('',#1410,#1407,#785,.T.);
#1788=EDGE_CURVE('',#1387,#1411,#1165,.T.);
#1789=EDGE_CURVE('',#1411,#1410,#1166,.T.);
#1790=EDGE_CURVE('',#1409,#1387,#1167,.T.);
#1791=EDGE_CURVE('',#1285,#1411,#786,.T.);
#1792=EDGE_CURVE('',#1284,#1334,#787,.T.);
#1793=EDGE_CURVE('',#1333,#1407,#788,.T.);
#1794=EDGE_CURVE('',#1388,#1377,#1168,.T.);
#1795=EDGE_CURVE('',#1412,#1378,#1169,.T.);
#1796=EDGE_CURVE('',#1388,#1412,#1170,.T.);
#1797=EDGE_CURVE('',#1413,#1379,#63,.T.);
#1798=EDGE_CURVE('',#1412,#1413,#789,.T.);
#1799=EDGE_CURVE('',#1407,#1379,#790,.T.);
#1800=EDGE_CURVE('',#1413,#1408,#791,.T.);
#1801=EDGE_CURVE('',#1404,#1405,#792,.T.);
#1802=EDGE_CURVE('',#1409,#1412,#793,.T.);
#1803=EDGE_CURVE('',#1189,#1414,#794,.F.);
#1804=EDGE_CURVE('',#1414,#1188,#795,.T.);
#1805=EDGE_CURVE('',#1194,#1415,#796,.T.);
#1806=EDGE_CURVE('',#1415,#1195,#797,.F.);
#1807=EDGE_CURVE('',#1382,#1415,#798,.T.);
#1808=EDGE_CURVE('',#1358,#1381,#799,.T.);
#1809=EDGE_CURVE('',#1414,#1357,#800,.T.);
#1810=EDGE_CURVE('',#1332,#1359,#801,.T.);
#1811=EDGE_CURVE('',#1380,#1333,#802,.T.);
#1812=EDGE_CURVE('',#1416,#1223,#803,.T.);
#1813=EDGE_CURVE('',#1373,#1416,#804,.T.);
#1814=EDGE_CURVE('',#1350,#1416,#64,.T.);
#1815=EDGE_CURVE('',#1402,#1351,#65,.T.);
#1816=EDGE_CURVE('',#1400,#1259,#47,.T.);
#1817=EDGE_CURVE('',#1254,#1401,#48,.T.);
#1818=EDGE_CURVE('',#1374,#1260,#805,.T.);
#1819=EDGE_CURVE('',#1365,#1253,#806,.T.);
#1820=ORIENTED_EDGE('',*,*,#1417,.F.);
#1821=ORIENTED_EDGE('',*,*,#1418,.T.);
#1822=ORIENTED_EDGE('',*,*,#1419,.F.);
#1823=ORIENTED_EDGE('',*,*,#1418,.F.);
#1824=ORIENTED_EDGE('',*,*,#1419,.T.);
#1825=ORIENTED_EDGE('',*,*,#1420,.F.);
#1826=ORIENTED_EDGE('',*,*,#1421,.F.);
#1827=ORIENTED_EDGE('',*,*,#1422,.T.);
#1828=ORIENTED_EDGE('',*,*,#1423,.F.);
#1829=ORIENTED_EDGE('',*,*,#1422,.F.);
#1830=ORIENTED_EDGE('',*,*,#1423,.T.);
#1831=ORIENTED_EDGE('',*,*,#1424,.F.);
#1832=ORIENTED_EDGE('',*,*,#1425,.T.);
#1833=ORIENTED_EDGE('',*,*,#1426,.T.);
#1834=ORIENTED_EDGE('',*,*,#1427,.T.);
#1835=ORIENTED_EDGE('',*,*,#1428,.T.);
#1836=ORIENTED_EDGE('',*,*,#1429,.T.);
#1837=ORIENTED_EDGE('',*,*,#1430,.T.);
#1838=ORIENTED_EDGE('',*,*,#1425,.F.);
#1839=ORIENTED_EDGE('',*,*,#1431,.T.);
#1840=ORIENTED_EDGE('',*,*,#1432,.T.);
#1841=ORIENTED_EDGE('',*,*,#1433,.T.);
#1842=ORIENTED_EDGE('',*,*,#1429,.F.);
#1843=ORIENTED_EDGE('',*,*,#1434,.T.);
#1844=ORIENTED_EDGE('',*,*,#1427,.F.);
#1845=ORIENTED_EDGE('',*,*,#1435,.T.);
#1846=ORIENTED_EDGE('',*,*,#1432,.F.);
#1847=ORIENTED_EDGE('',*,*,#1436,.T.);
#1848=ORIENTED_EDGE('',*,*,#1431,.F.);
#1849=ORIENTED_EDGE('',*,*,#1437,.T.);
#1850=ORIENTED_EDGE('',*,*,#1438,.F.);
#1851=ORIENTED_EDGE('',*,*,#1439,.F.);
#1852=ORIENTED_EDGE('',*,*,#1428,.F.);
#1853=ORIENTED_EDGE('',*,*,#1440,.T.);
#1854=ORIENTED_EDGE('',*,*,#1441,.F.);
#1855=ORIENTED_EDGE('',*,*,#1437,.F.);
#1856=ORIENTED_EDGE('',*,*,#1442,.F.);
#1857=ORIENTED_EDGE('',*,*,#1443,.F.);
#1858=ORIENTED_EDGE('',*,*,#1444,.F.);
#1859=ORIENTED_EDGE('',*,*,#1445,.F.);
#1860=ORIENTED_EDGE('',*,*,#1446,.F.);
#1861=ORIENTED_EDGE('',*,*,#1447,.F.);
#1862=ORIENTED_EDGE('',*,*,#1448,.F.);
#1863=ORIENTED_EDGE('',*,*,#1449,.T.);
#1864=ORIENTED_EDGE('',*,*,#1450,.F.);
#1865=ORIENTED_EDGE('',*,*,#1451,.F.);
#1866=ORIENTED_EDGE('',*,*,#1452,.F.);
#1867=ORIENTED_EDGE('',*,*,#1453,.F.);
#1868=ORIENTED_EDGE('',*,*,#1426,.F.);
#1869=ORIENTED_EDGE('',*,*,#1430,.F.);
#1870=ORIENTED_EDGE('',*,*,#1433,.F.);
#1871=ORIENTED_EDGE('',*,*,#1435,.F.);
#1872=ORIENTED_EDGE('',*,*,#1454,.T.);
#1873=ORIENTED_EDGE('',*,*,#1450,.T.);
#1874=ORIENTED_EDGE('',*,*,#1455,.T.);
#1875=ORIENTED_EDGE('',*,*,#1456,.T.);
#1876=ORIENTED_EDGE('',*,*,#1457,.T.);
#1877=ORIENTED_EDGE('',*,*,#1451,.T.);
#1878=ORIENTED_EDGE('',*,*,#1454,.F.);
#1879=ORIENTED_EDGE('',*,*,#1458,.T.);
#1880=ORIENTED_EDGE('',*,*,#1459,.T.);
#1881=ORIENTED_EDGE('',*,*,#1452,.T.);
#1882=ORIENTED_EDGE('',*,*,#1457,.F.);
#1883=ORIENTED_EDGE('',*,*,#1460,.T.);
#1884=ORIENTED_EDGE('',*,*,#1455,.F.);
#1885=ORIENTED_EDGE('',*,*,#1453,.T.);
#1886=ORIENTED_EDGE('',*,*,#1459,.F.);
#1887=ORIENTED_EDGE('',*,*,#1461,.T.);
#1888=ORIENTED_EDGE('',*,*,#1458,.F.);
#1889=ORIENTED_EDGE('',*,*,#1462,.T.);
#1890=ORIENTED_EDGE('',*,*,#1463,.F.);
#1891=ORIENTED_EDGE('',*,*,#1464,.F.);
#1892=ORIENTED_EDGE('',*,*,#1456,.F.);
#1893=ORIENTED_EDGE('',*,*,#1465,.T.);
#1894=ORIENTED_EDGE('',*,*,#1466,.F.);
#1895=ORIENTED_EDGE('',*,*,#1462,.F.);
#1896=ORIENTED_EDGE('',*,*,#1467,.T.);
#1897=ORIENTED_EDGE('',*,*,#1468,.T.);
#1898=ORIENTED_EDGE('',*,*,#1469,.T.);
#1899=ORIENTED_EDGE('',*,*,#1470,.T.);
#1900=ORIENTED_EDGE('',*,*,#1471,.T.);
#1901=ORIENTED_EDGE('',*,*,#1472,.T.);
#1902=ORIENTED_EDGE('',*,*,#1467,.F.);
#1903=ORIENTED_EDGE('',*,*,#1473,.T.);
#1904=ORIENTED_EDGE('',*,*,#1474,.T.);
#1905=ORIENTED_EDGE('',*,*,#1475,.T.);
#1906=ORIENTED_EDGE('',*,*,#1471,.F.);
#1907=ORIENTED_EDGE('',*,*,#1476,.T.);
#1908=ORIENTED_EDGE('',*,*,#1469,.F.);
#1909=ORIENTED_EDGE('',*,*,#1477,.T.);
#1910=ORIENTED_EDGE('',*,*,#1474,.F.);
#1911=ORIENTED_EDGE('',*,*,#1478,.T.);
#1912=ORIENTED_EDGE('',*,*,#1473,.F.);
#1913=ORIENTED_EDGE('',*,*,#1479,.F.);
#1914=ORIENTED_EDGE('',*,*,#1480,.F.);
#1915=ORIENTED_EDGE('',*,*,#1481,.T.);
#1916=ORIENTED_EDGE('',*,*,#1470,.F.);
#1917=ORIENTED_EDGE('',*,*,#1482,.F.);
#1918=ORIENTED_EDGE('',*,*,#1483,.F.);
#1919=ORIENTED_EDGE('',*,*,#1479,.T.);
#1920=ORIENTED_EDGE('',*,*,#1484,.T.);
#1921=ORIENTED_EDGE('',*,*,#1485,.T.);
#1922=ORIENTED_EDGE('',*,*,#1486,.F.);
#1923=ORIENTED_EDGE('',*,*,#1487,.F.);
#1924=ORIENTED_EDGE('',*,*,#1488,.F.);
#1925=ORIENTED_EDGE('',*,*,#1489,.F.);
#1926=ORIENTED_EDGE('',*,*,#1490,.F.);
#1927=ORIENTED_EDGE('',*,*,#1491,.F.);
#1928=ORIENTED_EDGE('',*,*,#1492,.F.);
#1929=ORIENTED_EDGE('',*,*,#1493,.F.);
#1930=ORIENTED_EDGE('',*,*,#1468,.F.);
#1931=ORIENTED_EDGE('',*,*,#1472,.F.);
#1932=ORIENTED_EDGE('',*,*,#1475,.F.);
#1933=ORIENTED_EDGE('',*,*,#1477,.F.);
#1934=ORIENTED_EDGE('',*,*,#1494,.T.);
#1935=ORIENTED_EDGE('',*,*,#1466,.T.);
#1936=ORIENTED_EDGE('',*,*,#1495,.T.);
#1937=ORIENTED_EDGE('',*,*,#1496,.T.);
#1938=ORIENTED_EDGE('',*,*,#1497,.T.);
#1939=ORIENTED_EDGE('',*,*,#1463,.T.);
#1940=ORIENTED_EDGE('',*,*,#1494,.F.);
#1941=ORIENTED_EDGE('',*,*,#1498,.T.);
#1942=ORIENTED_EDGE('',*,*,#1499,.T.);
#1943=ORIENTED_EDGE('',*,*,#1500,.T.);
#1944=ORIENTED_EDGE('',*,*,#1497,.F.);
#1945=ORIENTED_EDGE('',*,*,#1501,.T.);
#1946=ORIENTED_EDGE('',*,*,#1495,.F.);
#1947=ORIENTED_EDGE('',*,*,#1502,.T.);
#1948=ORIENTED_EDGE('',*,*,#1499,.F.);
#1949=ORIENTED_EDGE('',*,*,#1503,.T.);
#1950=ORIENTED_EDGE('',*,*,#1461,.F.);
#1951=ORIENTED_EDGE('',*,*,#1504,.T.);
#1952=ORIENTED_EDGE('',*,*,#1502,.F.);
#1953=ORIENTED_EDGE('',*,*,#1465,.F.);
#1954=ORIENTED_EDGE('',*,*,#1480,.T.);
#1955=ORIENTED_EDGE('',*,*,#1483,.T.);
#1956=ORIENTED_EDGE('',*,*,#1505,.T.);
#1957=ORIENTED_EDGE('',*,*,#1506,.T.);
#1958=ORIENTED_EDGE('',*,*,#1496,.F.);
#1959=ORIENTED_EDGE('',*,*,#1503,.F.);
#1960=ORIENTED_EDGE('',*,*,#1501,.F.);
#1961=ORIENTED_EDGE('',*,*,#1498,.F.);
#1962=ORIENTED_EDGE('',*,*,#1507,.T.);
#1963=ORIENTED_EDGE('',*,*,#1508,.T.);
#1964=ORIENTED_EDGE('',*,*,#1509,.T.);
#1965=ORIENTED_EDGE('',*,*,#1510,.T.);
#1966=ORIENTED_EDGE('',*,*,#1511,.T.);
#1967=ORIENTED_EDGE('',*,*,#1512,.T.);
#1968=ORIENTED_EDGE('',*,*,#1507,.F.);
#1969=ORIENTED_EDGE('',*,*,#1513,.T.);
#1970=ORIENTED_EDGE('',*,*,#1514,.T.);
#1971=ORIENTED_EDGE('',*,*,#1441,.T.);
#1972=ORIENTED_EDGE('',*,*,#1511,.F.);
#1973=ORIENTED_EDGE('',*,*,#1515,.T.);
#1974=ORIENTED_EDGE('',*,*,#1509,.F.);
#1975=ORIENTED_EDGE('',*,*,#1438,.T.);
#1976=ORIENTED_EDGE('',*,*,#1514,.F.);
#1977=ORIENTED_EDGE('',*,*,#1516,.T.);
#1978=ORIENTED_EDGE('',*,*,#1434,.F.);
#1979=ORIENTED_EDGE('',*,*,#1439,.T.);
#1980=ORIENTED_EDGE('',*,*,#1508,.F.);
#1981=ORIENTED_EDGE('',*,*,#1517,.F.);
#1982=ORIENTED_EDGE('',*,*,#1518,.T.);
#1983=ORIENTED_EDGE('',*,*,#1519,.T.);
#1984=ORIENTED_EDGE('',*,*,#1520,.T.);
#1985=ORIENTED_EDGE('',*,*,#1521,.T.);
#1986=ORIENTED_EDGE('',*,*,#1510,.F.);
#1987=ORIENTED_EDGE('',*,*,#1516,.F.);
#1988=ORIENTED_EDGE('',*,*,#1515,.F.);
#1989=ORIENTED_EDGE('',*,*,#1513,.F.);
#1990=ORIENTED_EDGE('',*,*,#1522,.T.);
#1991=ORIENTED_EDGE('',*,*,#1490,.T.);
#1992=ORIENTED_EDGE('',*,*,#1523,.T.);
#1993=ORIENTED_EDGE('',*,*,#1524,.T.);
#1994=ORIENTED_EDGE('',*,*,#1525,.T.);
#1995=ORIENTED_EDGE('',*,*,#1491,.T.);
#1996=ORIENTED_EDGE('',*,*,#1522,.F.);
#1997=ORIENTED_EDGE('',*,*,#1526,.T.);
#1998=ORIENTED_EDGE('',*,*,#1527,.T.);
#1999=ORIENTED_EDGE('',*,*,#1492,.T.);
#2000=ORIENTED_EDGE('',*,*,#1525,.F.);
#2001=ORIENTED_EDGE('',*,*,#1528,.T.);
#2002=ORIENTED_EDGE('',*,*,#1523,.F.);
#2003=ORIENTED_EDGE('',*,*,#1493,.T.);
#2004=ORIENTED_EDGE('',*,*,#1527,.F.);
#2005=ORIENTED_EDGE('',*,*,#1529,.T.);
#2006=ORIENTED_EDGE('',*,*,#1526,.F.);
#2007=ORIENTED_EDGE('',*,*,#1530,.F.);
#2008=ORIENTED_EDGE('',*,*,#1518,.F.);
#2009=ORIENTED_EDGE('',*,*,#1531,.T.);
#2010=ORIENTED_EDGE('',*,*,#1524,.F.);
#2011=ORIENTED_EDGE('',*,*,#1532,.F.);
#2012=ORIENTED_EDGE('',*,*,#1519,.F.);
#2013=ORIENTED_EDGE('',*,*,#1530,.T.);
#2014=ORIENTED_EDGE('',*,*,#1533,.T.);
#2015=ORIENTED_EDGE('',*,*,#1534,.T.);
#2016=ORIENTED_EDGE('',*,*,#1535,.T.);
#2017=ORIENTED_EDGE('',*,*,#1536,.F.);
#2018=ORIENTED_EDGE('',*,*,#1537,.T.);
#2019=ORIENTED_EDGE('',*,*,#1534,.F.);
#2020=ORIENTED_EDGE('',*,*,#1538,.T.);
#2021=ORIENTED_EDGE('',*,*,#1539,.T.);
#2022=ORIENTED_EDGE('',*,*,#1536,.T.);
#2023=ORIENTED_EDGE('',*,*,#1535,.F.);
#2024=ORIENTED_EDGE('',*,*,#1540,.F.);
#2025=ORIENTED_EDGE('',*,*,#1541,.F.);
#2026=ORIENTED_EDGE('',*,*,#1542,.F.);
#2027=ORIENTED_EDGE('',*,*,#1543,.F.);
#2028=ORIENTED_EDGE('',*,*,#1544,.F.);
#2029=ORIENTED_EDGE('',*,*,#1545,.F.);
#2030=ORIENTED_EDGE('',*,*,#1546,.F.);
#2031=ORIENTED_EDGE('',*,*,#1547,.F.);
#2032=ORIENTED_EDGE('',*,*,#1548,.F.);
#2033=ORIENTED_EDGE('',*,*,#1549,.F.);
#2034=ORIENTED_EDGE('',*,*,#1550,.F.);
#2035=ORIENTED_EDGE('',*,*,#1551,.F.);
#2036=ORIENTED_EDGE('',*,*,#1552,.F.);
#2037=ORIENTED_EDGE('',*,*,#1533,.F.);
#2038=ORIENTED_EDGE('',*,*,#1539,.F.);
#2039=ORIENTED_EDGE('',*,*,#1553,.T.);
#2040=ORIENTED_EDGE('',*,*,#1554,.T.);
#2041=ORIENTED_EDGE('',*,*,#1553,.F.);
#2042=ORIENTED_EDGE('',*,*,#1538,.F.);
#2043=ORIENTED_EDGE('',*,*,#1555,.T.);
#2044=ORIENTED_EDGE('',*,*,#1556,.T.);
#2045=ORIENTED_EDGE('',*,*,#1545,.T.);
#2046=ORIENTED_EDGE('',*,*,#1557,.F.);
#2047=ORIENTED_EDGE('',*,*,#1558,.T.);
#2048=ORIENTED_EDGE('',*,*,#1556,.F.);
#2049=ORIENTED_EDGE('',*,*,#1559,.T.);
#2050=ORIENTED_EDGE('',*,*,#1560,.T.);
#2051=ORIENTED_EDGE('',*,*,#1557,.T.);
#2052=ORIENTED_EDGE('',*,*,#1555,.F.);
#2053=ORIENTED_EDGE('',*,*,#1560,.F.);
#2054=ORIENTED_EDGE('',*,*,#1561,.T.);
#2055=ORIENTED_EDGE('',*,*,#1562,.T.);
#2056=ORIENTED_EDGE('',*,*,#1561,.F.);
#2057=ORIENTED_EDGE('',*,*,#1559,.F.);
#2058=ORIENTED_EDGE('',*,*,#1563,.T.);
#2059=ORIENTED_EDGE('',*,*,#1564,.T.);
#2060=ORIENTED_EDGE('',*,*,#1565,.T.);
#2061=ORIENTED_EDGE('',*,*,#1564,.F.);
#2062=ORIENTED_EDGE('',*,*,#1565,.F.);
#2063=ORIENTED_EDGE('',*,*,#1566,.T.);
#2064=ORIENTED_EDGE('',*,*,#1567,.F.);
#2065=ORIENTED_EDGE('',*,*,#1566,.F.);
#2066=ORIENTED_EDGE('',*,*,#1568,.F.);
#2067=ORIENTED_EDGE('',*,*,#1569,.F.);
#2068=ORIENTED_EDGE('',*,*,#1570,.F.);
#2069=ORIENTED_EDGE('',*,*,#1571,.F.);
#2070=ORIENTED_EDGE('',*,*,#1572,.F.);
#2071=ORIENTED_EDGE('',*,*,#1573,.F.);
#2072=ORIENTED_EDGE('',*,*,#1574,.F.);
#2073=ORIENTED_EDGE('',*,*,#1575,.F.);
#2074=ORIENTED_EDGE('',*,*,#1576,.F.);
#2075=ORIENTED_EDGE('',*,*,#1577,.F.);
#2076=ORIENTED_EDGE('',*,*,#1578,.F.);
#2077=ORIENTED_EDGE('',*,*,#1579,.F.);
#2078=ORIENTED_EDGE('',*,*,#1580,.F.);
#2079=ORIENTED_EDGE('',*,*,#1581,.F.);
#2080=ORIENTED_EDGE('',*,*,#1563,.F.);
#2081=ORIENTED_EDGE('',*,*,#1582,.T.);
#2082=ORIENTED_EDGE('',*,*,#1583,.T.);
#2083=ORIENTED_EDGE('',*,*,#1584,.T.);
#2084=ORIENTED_EDGE('',*,*,#1583,.F.);
#2085=ORIENTED_EDGE('',*,*,#1585,.F.);
#2086=ORIENTED_EDGE('',*,*,#1586,.T.);
#2087=ORIENTED_EDGE('',*,*,#1582,.F.);
#2088=ORIENTED_EDGE('',*,*,#1586,.F.);
#2089=ORIENTED_EDGE('',*,*,#1554,.F.);
#2090=ORIENTED_EDGE('',*,*,#1584,.F.);
#2091=ORIENTED_EDGE('',*,*,#1587,.T.);
#2092=ORIENTED_EDGE('',*,*,#1588,.T.);
#2093=ORIENTED_EDGE('',*,*,#1589,.T.);
#2094=ORIENTED_EDGE('',*,*,#1588,.F.);
#2095=ORIENTED_EDGE('',*,*,#1590,.F.);
#2096=ORIENTED_EDGE('',*,*,#1589,.F.);
#2097=ORIENTED_EDGE('',*,*,#1420,.T.);
#2098=ORIENTED_EDGE('',*,*,#1591,.T.);
#2099=ORIENTED_EDGE('',*,*,#1587,.F.);
#2100=ORIENTED_EDGE('',*,*,#1591,.F.);
#2101=ORIENTED_EDGE('',*,*,#1592,.T.);
#2102=ORIENTED_EDGE('',*,*,#1593,.T.);
#2103=ORIENTED_EDGE('',*,*,#1594,.T.);
#2104=ORIENTED_EDGE('',*,*,#1593,.F.);
#2105=ORIENTED_EDGE('',*,*,#1595,.F.);
#2106=ORIENTED_EDGE('',*,*,#1594,.F.);
#2107=ORIENTED_EDGE('',*,*,#1424,.T.);
#2108=ORIENTED_EDGE('',*,*,#1596,.T.);
#2109=ORIENTED_EDGE('',*,*,#1592,.F.);
#2110=ORIENTED_EDGE('',*,*,#1596,.F.);
#2111=ORIENTED_EDGE('',*,*,#1567,.T.);
#2112=ORIENTED_EDGE('',*,*,#1597,.T.);
#2113=ORIENTED_EDGE('',*,*,#1598,.T.);
#2114=ORIENTED_EDGE('',*,*,#1597,.F.);
#2115=ORIENTED_EDGE('',*,*,#1562,.F.);
#2116=ORIENTED_EDGE('',*,*,#1598,.F.);
#2117=ORIENTED_EDGE('',*,*,#1552,.T.);
#2118=ORIENTED_EDGE('',*,*,#1599,.T.);
#2119=ORIENTED_EDGE('',*,*,#1600,.T.);
#2120=ORIENTED_EDGE('',*,*,#1599,.F.);
#2121=ORIENTED_EDGE('',*,*,#1600,.F.);
#2122=ORIENTED_EDGE('',*,*,#1601,.T.);
#2123=ORIENTED_EDGE('',*,*,#1590,.T.);
#2124=ORIENTED_EDGE('',*,*,#1601,.F.);
#2125=ORIENTED_EDGE('',*,*,#1551,.T.);
#2126=ORIENTED_EDGE('',*,*,#1602,.T.);
#2127=ORIENTED_EDGE('',*,*,#1603,.T.);
#2128=ORIENTED_EDGE('',*,*,#1602,.F.);
#2129=ORIENTED_EDGE('',*,*,#1603,.F.);
#2130=ORIENTED_EDGE('',*,*,#1604,.T.);
#2131=ORIENTED_EDGE('',*,*,#1595,.T.);
#2132=ORIENTED_EDGE('',*,*,#1604,.F.);
#2133=ORIENTED_EDGE('',*,*,#1605,.T.);
#2134=ORIENTED_EDGE('',*,*,#1606,.T.);
#2135=ORIENTED_EDGE('',*,*,#1607,.T.);
#2136=ORIENTED_EDGE('',*,*,#1608,.T.);
#2137=ORIENTED_EDGE('',*,*,#1609,.T.);
#2138=ORIENTED_EDGE('',*,*,#1610,.T.);
#2139=ORIENTED_EDGE('',*,*,#1607,.F.);
#2140=ORIENTED_EDGE('',*,*,#1611,.T.);
#2141=ORIENTED_EDGE('',*,*,#1612,.T.);
#2142=ORIENTED_EDGE('',*,*,#1609,.F.);
#2143=ORIENTED_EDGE('',*,*,#1613,.T.);
#2144=ORIENTED_EDGE('',*,*,#1614,.T.);
#2145=ORIENTED_EDGE('',*,*,#1445,.T.);
#2146=ORIENTED_EDGE('',*,*,#1614,.F.);
#2147=ORIENTED_EDGE('',*,*,#1615,.T.);
#2148=ORIENTED_EDGE('',*,*,#1616,.T.);
#2149=ORIENTED_EDGE('',*,*,#1617,.T.);
#2150=ORIENTED_EDGE('',*,*,#1618,.T.);
#2151=ORIENTED_EDGE('',*,*,#1619,.T.);
#2152=ORIENTED_EDGE('',*,*,#1616,.F.);
#2153=ORIENTED_EDGE('',*,*,#1620,.T.);
#2154=ORIENTED_EDGE('',*,*,#1621,.T.);
#2155=ORIENTED_EDGE('',*,*,#1618,.F.);
#2156=ORIENTED_EDGE('',*,*,#1622,.T.);
#2157=ORIENTED_EDGE('',*,*,#1623,.T.);
#2158=ORIENTED_EDGE('',*,*,#1624,.T.);
#2159=ORIENTED_EDGE('',*,*,#1620,.F.);
#2160=ORIENTED_EDGE('',*,*,#1625,.T.);
#2161=ORIENTED_EDGE('',*,*,#1622,.F.);
#2162=ORIENTED_EDGE('',*,*,#1626,.F.);
#2163=ORIENTED_EDGE('',*,*,#1627,.T.);
#2164=ORIENTED_EDGE('',*,*,#1628,.F.);
#2165=ORIENTED_EDGE('',*,*,#1629,.F.);
#2166=ORIENTED_EDGE('',*,*,#1617,.F.);
#2167=ORIENTED_EDGE('',*,*,#1615,.F.);
#2168=ORIENTED_EDGE('',*,*,#1613,.F.);
#2169=ORIENTED_EDGE('',*,*,#1630,.T.);
#2170=ORIENTED_EDGE('',*,*,#1631,.F.);
#2171=ORIENTED_EDGE('',*,*,#1632,.F.);
#2172=ORIENTED_EDGE('',*,*,#1633,.F.);
#2173=ORIENTED_EDGE('',*,*,#1634,.F.);
#2174=ORIENTED_EDGE('',*,*,#1635,.F.);
#2175=ORIENTED_EDGE('',*,*,#1626,.T.);
#2176=ORIENTED_EDGE('',*,*,#1636,.F.);
#2177=ORIENTED_EDGE('',*,*,#1611,.F.);
#2178=ORIENTED_EDGE('',*,*,#1637,.F.);
#2179=ORIENTED_EDGE('',*,*,#1638,.F.);
#2180=ORIENTED_EDGE('',*,*,#1639,.T.);
#2181=ORIENTED_EDGE('',*,*,#1630,.F.);
#2182=ORIENTED_EDGE('',*,*,#1606,.F.);
#2183=ORIENTED_EDGE('',*,*,#1640,.F.);
#2184=ORIENTED_EDGE('',*,*,#1641,.F.);
#2185=ORIENTED_EDGE('',*,*,#1637,.T.);
#2186=ORIENTED_EDGE('',*,*,#1528,.F.);
#2187=ORIENTED_EDGE('',*,*,#1531,.F.);
#2188=ORIENTED_EDGE('',*,*,#1521,.F.);
#2189=ORIENTED_EDGE('',*,*,#1642,.T.);
#2190=ORIENTED_EDGE('',*,*,#1529,.F.);
#2191=ORIENTED_EDGE('',*,*,#1642,.F.);
#2192=ORIENTED_EDGE('',*,*,#1520,.F.);
#2193=ORIENTED_EDGE('',*,*,#1532,.T.);
#2194=ORIENTED_EDGE('',*,*,#1476,.F.);
#2195=ORIENTED_EDGE('',*,*,#1481,.F.);
#2196=ORIENTED_EDGE('',*,*,#1506,.F.);
#2197=ORIENTED_EDGE('',*,*,#1643,.T.);
#2198=ORIENTED_EDGE('',*,*,#1478,.F.);
#2199=ORIENTED_EDGE('',*,*,#1643,.F.);
#2200=ORIENTED_EDGE('',*,*,#1505,.F.);
#2201=ORIENTED_EDGE('',*,*,#1482,.T.);
#2202=ORIENTED_EDGE('',*,*,#1436,.F.);
#2203=ORIENTED_EDGE('',*,*,#1517,.T.);
#2204=ORIENTED_EDGE('',*,*,#1512,.F.);
#2205=ORIENTED_EDGE('',*,*,#1440,.F.);
#2206=ORIENTED_EDGE('',*,*,#1460,.F.);
#2207=ORIENTED_EDGE('',*,*,#1464,.T.);
#2208=ORIENTED_EDGE('',*,*,#1500,.F.);
#2209=ORIENTED_EDGE('',*,*,#1504,.F.);
#2210=ORIENTED_EDGE('',*,*,#1644,.F.);
#2211=ORIENTED_EDGE('',*,*,#1645,.T.);
#2212=ORIENTED_EDGE('',*,*,#1646,.F.);
#2213=ORIENTED_EDGE('',*,*,#1647,.F.);
#2214=ORIENTED_EDGE('',*,*,#1648,.F.);
#2215=ORIENTED_EDGE('',*,*,#1649,.F.);
#2216=ORIENTED_EDGE('',*,*,#1650,.F.);
#2217=ORIENTED_EDGE('',*,*,#1651,.T.);
#2218=ORIENTED_EDGE('',*,*,#1648,.T.);
#2219=ORIENTED_EDGE('',*,*,#1652,.T.);
#2220=ORIENTED_EDGE('',*,*,#1650,.T.);
#2221=ORIENTED_EDGE('',*,*,#1653,.F.);
#2222=ORIENTED_EDGE('',*,*,#1654,.T.);
#2223=ORIENTED_EDGE('',*,*,#1655,.F.);
#2224=ORIENTED_EDGE('',*,*,#1656,.F.);
#2225=ORIENTED_EDGE('',*,*,#1657,.T.);
#2226=ORIENTED_EDGE('',*,*,#1658,.T.);
#2227=ORIENTED_EDGE('',*,*,#1659,.T.);
#2228=ORIENTED_EDGE('',*,*,#1660,.F.);
#2229=ORIENTED_EDGE('',*,*,#1661,.T.);
#2230=ORIENTED_EDGE('',*,*,#1662,.F.);
#2231=ORIENTED_EDGE('',*,*,#1645,.F.);
#2232=ORIENTED_EDGE('',*,*,#1652,.F.);
#2233=ORIENTED_EDGE('',*,*,#1651,.F.);
#2234=ORIENTED_EDGE('',*,*,#1647,.T.);
#2235=ORIENTED_EDGE('',*,*,#1663,.T.);
#2236=ORIENTED_EDGE('',*,*,#1417,.T.);
#2237=ORIENTED_EDGE('',*,*,#1644,.T.);
#2238=ORIENTED_EDGE('',*,*,#1663,.F.);
#2239=ORIENTED_EDGE('',*,*,#1646,.T.);
#2240=ORIENTED_EDGE('',*,*,#1662,.T.);
#2241=ORIENTED_EDGE('',*,*,#1627,.F.);
#2242=ORIENTED_EDGE('',*,*,#1635,.T.);
#2243=ORIENTED_EDGE('',*,*,#1664,.T.);
#2244=ORIENTED_EDGE('',*,*,#1665,.F.);
#2245=ORIENTED_EDGE('',*,*,#1664,.F.);
#2246=ORIENTED_EDGE('',*,*,#1634,.T.);
#2247=ORIENTED_EDGE('',*,*,#1666,.T.);
#2248=ORIENTED_EDGE('',*,*,#1667,.T.);
#2249=ORIENTED_EDGE('',*,*,#1668,.F.);
#2250=ORIENTED_EDGE('',*,*,#1669,.T.);
#2251=ORIENTED_EDGE('',*,*,#1670,.T.);
#2252=ORIENTED_EDGE('',*,*,#1666,.F.);
#2253=ORIENTED_EDGE('',*,*,#1633,.T.);
#2254=ORIENTED_EDGE('',*,*,#1671,.T.);
#2255=ORIENTED_EDGE('',*,*,#1672,.F.);
#2256=ORIENTED_EDGE('',*,*,#1673,.T.);
#2257=ORIENTED_EDGE('',*,*,#1669,.F.);
#2258=ORIENTED_EDGE('',*,*,#1632,.T.);
#2259=ORIENTED_EDGE('',*,*,#1639,.F.);
#2260=ORIENTED_EDGE('',*,*,#1674,.F.);
#2261=ORIENTED_EDGE('',*,*,#1671,.F.);
#2262=ORIENTED_EDGE('',*,*,#1631,.T.);
#2263=ORIENTED_EDGE('',*,*,#1667,.F.);
#2264=ORIENTED_EDGE('',*,*,#1675,.F.);
#2265=ORIENTED_EDGE('',*,*,#1676,.F.);
#2266=ORIENTED_EDGE('',*,*,#1670,.F.);
#2267=ORIENTED_EDGE('',*,*,#1677,.F.);
#2268=ORIENTED_EDGE('',*,*,#1678,.F.);
#2269=ORIENTED_EDGE('',*,*,#1675,.T.);
#2270=ORIENTED_EDGE('',*,*,#1673,.F.);
#2271=ORIENTED_EDGE('',*,*,#1679,.F.);
#2272=ORIENTED_EDGE('',*,*,#1677,.T.);
#2273=ORIENTED_EDGE('',*,*,#1585,.T.);
#2274=ORIENTED_EDGE('',*,*,#1680,.T.);
#2275=ORIENTED_EDGE('',*,*,#1636,.T.);
#2276=ORIENTED_EDGE('',*,*,#1680,.F.);
#2277=ORIENTED_EDGE('',*,*,#1558,.F.);
#2278=ORIENTED_EDGE('',*,*,#1544,.T.);
#2279=ORIENTED_EDGE('',*,*,#1681,.F.);
#2280=ORIENTED_EDGE('',*,*,#1682,.T.);
#2281=ORIENTED_EDGE('',*,*,#1683,.F.);
#2282=ORIENTED_EDGE('',*,*,#1546,.T.);
#2283=ORIENTED_EDGE('',*,*,#1537,.F.);
#2284=ORIENTED_EDGE('',*,*,#1550,.T.);
#2285=ORIENTED_EDGE('',*,*,#1684,.F.);
#2286=ORIENTED_EDGE('',*,*,#1685,.F.);
#2287=ORIENTED_EDGE('',*,*,#1487,.T.);
#2288=ORIENTED_EDGE('',*,*,#1686,.F.);
#2289=ORIENTED_EDGE('',*,*,#1687,.F.);
#2290=ORIENTED_EDGE('',*,*,#1540,.T.);
#2291=ORIENTED_EDGE('',*,*,#1668,.T.);
#2292=ORIENTED_EDGE('',*,*,#1688,.F.);
#2293=ORIENTED_EDGE('',*,*,#1689,.F.);
#2294=ORIENTED_EDGE('',*,*,#1690,.F.);
#2295=ORIENTED_EDGE('',*,*,#1628,.T.);
#2296=ORIENTED_EDGE('',*,*,#1665,.T.);
#2297=ORIENTED_EDGE('',*,*,#1672,.T.);
#2298=ORIENTED_EDGE('',*,*,#1674,.T.);
#2299=ORIENTED_EDGE('',*,*,#1638,.T.);
#2300=ORIENTED_EDGE('',*,*,#1691,.F.);
#2301=ORIENTED_EDGE('',*,*,#1692,.F.);
#2302=ORIENTED_EDGE('',*,*,#1693,.F.);
#2303=ORIENTED_EDGE('',*,*,#1649,.T.);
#2304=ORIENTED_EDGE('',*,*,#1653,.T.);
#2305=ORIENTED_EDGE('',*,*,#1421,.T.);
#2306=ORIENTED_EDGE('',*,*,#1625,.F.);
#2307=ORIENTED_EDGE('',*,*,#1629,.T.);
#2308=ORIENTED_EDGE('',*,*,#1694,.F.);
#2309=ORIENTED_EDGE('',*,*,#1695,.F.);
#2310=ORIENTED_EDGE('',*,*,#1612,.F.);
#2311=ORIENTED_EDGE('',*,*,#1444,.T.);
#2312=ORIENTED_EDGE('',*,*,#1696,.F.);
#2313=ORIENTED_EDGE('',*,*,#1697,.T.);
#2314=ORIENTED_EDGE('',*,*,#1698,.F.);
#2315=ORIENTED_EDGE('',*,*,#1699,.T.);
#2316=ORIENTED_EDGE('',*,*,#1700,.F.);
#2317=ORIENTED_EDGE('',*,*,#1701,.F.);
#2318=ORIENTED_EDGE('',*,*,#1702,.F.);
#2319=ORIENTED_EDGE('',*,*,#1703,.T.);
#2320=ORIENTED_EDGE('',*,*,#1704,.T.);
#2321=ORIENTED_EDGE('',*,*,#1705,.F.);
#2322=ORIENTED_EDGE('',*,*,#1706,.F.);
#2323=ORIENTED_EDGE('',*,*,#1707,.T.);
#2324=ORIENTED_EDGE('',*,*,#1608,.F.);
#2325=ORIENTED_EDGE('',*,*,#1610,.F.);
#2326=ORIENTED_EDGE('',*,*,#1623,.F.);
#2327=ORIENTED_EDGE('',*,*,#1695,.T.);
#2328=ORIENTED_EDGE('',*,*,#1708,.F.);
#2329=ORIENTED_EDGE('',*,*,#1709,.F.);
#2330=ORIENTED_EDGE('',*,*,#1710,.F.);
#2331=ORIENTED_EDGE('',*,*,#1711,.F.);
#2332=ORIENTED_EDGE('',*,*,#1712,.F.);
#2333=ORIENTED_EDGE('',*,*,#1640,.T.);
#2334=ORIENTED_EDGE('',*,*,#1605,.F.);
#2335=ORIENTED_EDGE('',*,*,#1707,.F.);
#2336=ORIENTED_EDGE('',*,*,#1713,.F.);
#2337=ORIENTED_EDGE('',*,*,#1484,.F.);
#2338=ORIENTED_EDGE('',*,*,#1714,.F.);
#2339=ORIENTED_EDGE('',*,*,#1715,.F.);
#2340=ORIENTED_EDGE('',*,*,#1624,.F.);
#2341=ORIENTED_EDGE('',*,*,#1715,.T.);
#2342=ORIENTED_EDGE('',*,*,#1716,.T.);
#2343=ORIENTED_EDGE('',*,*,#1717,.F.);
#2344=ORIENTED_EDGE('',*,*,#1718,.F.);
#2345=ORIENTED_EDGE('',*,*,#1719,.T.);
#2346=ORIENTED_EDGE('',*,*,#1720,.F.);
#2347=ORIENTED_EDGE('',*,*,#1721,.F.);
#2348=ORIENTED_EDGE('',*,*,#1722,.F.);
#2349=ORIENTED_EDGE('',*,*,#1723,.T.);
#2350=ORIENTED_EDGE('',*,*,#1724,.F.);
#2351=ORIENTED_EDGE('',*,*,#1725,.T.);
#2352=ORIENTED_EDGE('',*,*,#1726,.F.);
#2353=ORIENTED_EDGE('',*,*,#1446,.T.);
#2354=ORIENTED_EDGE('',*,*,#1619,.F.);
#2355=ORIENTED_EDGE('',*,*,#1621,.F.);
#2356=ORIENTED_EDGE('',*,*,#1727,.T.);
#2357=ORIENTED_EDGE('',*,*,#1570,.T.);
#2358=ORIENTED_EDGE('',*,*,#1728,.T.);
#2359=ORIENTED_EDGE('',*,*,#1729,.T.);
#2360=ORIENTED_EDGE('',*,*,#1730,.T.);
#2361=ORIENTED_EDGE('',*,*,#1731,.T.);
#2362=ORIENTED_EDGE('',*,*,#1728,.F.);
#2363=ORIENTED_EDGE('',*,*,#1569,.T.);
#2364=ORIENTED_EDGE('',*,*,#1732,.T.);
#2365=ORIENTED_EDGE('',*,*,#1733,.T.);
#2366=ORIENTED_EDGE('',*,*,#1730,.F.);
#2367=ORIENTED_EDGE('',*,*,#1568,.T.);
#2368=ORIENTED_EDGE('',*,*,#1732,.F.);
#2369=ORIENTED_EDGE('',*,*,#1734,.F.);
#2370=ORIENTED_EDGE('',*,*,#1735,.F.);
#2371=ORIENTED_EDGE('',*,*,#1736,.F.);
#2372=ORIENTED_EDGE('',*,*,#1694,.T.);
#2373=ORIENTED_EDGE('',*,*,#1690,.T.);
#2374=ORIENTED_EDGE('',*,*,#1737,.T.);
#2375=ORIENTED_EDGE('',*,*,#1708,.T.);
#2376=ORIENTED_EDGE('',*,*,#1689,.T.);
#2377=ORIENTED_EDGE('',*,*,#1738,.T.);
#2378=ORIENTED_EDGE('',*,*,#1709,.T.);
#2379=ORIENTED_EDGE('',*,*,#1737,.F.);
#2380=ORIENTED_EDGE('',*,*,#1679,.T.);
#2381=ORIENTED_EDGE('',*,*,#1693,.T.);
#2382=ORIENTED_EDGE('',*,*,#1739,.T.);
#2383=ORIENTED_EDGE('',*,*,#1710,.T.);
#2384=ORIENTED_EDGE('',*,*,#1738,.F.);
#2385=ORIENTED_EDGE('',*,*,#1688,.T.);
#2386=ORIENTED_EDGE('',*,*,#1676,.T.);
#2387=ORIENTED_EDGE('',*,*,#1678,.T.);
#2388=ORIENTED_EDGE('',*,*,#1692,.T.);
#2389=ORIENTED_EDGE('',*,*,#1740,.T.);
#2390=ORIENTED_EDGE('',*,*,#1711,.T.);
#2391=ORIENTED_EDGE('',*,*,#1739,.F.);
#2392=ORIENTED_EDGE('',*,*,#1641,.T.);
#2393=ORIENTED_EDGE('',*,*,#1712,.T.);
#2394=ORIENTED_EDGE('',*,*,#1740,.F.);
#2395=ORIENTED_EDGE('',*,*,#1691,.T.);
#2396=ORIENTED_EDGE('',*,*,#1578,.T.);
#2397=ORIENTED_EDGE('',*,*,#1741,.T.);
#2398=ORIENTED_EDGE('',*,*,#1742,.F.);
#2399=ORIENTED_EDGE('',*,*,#1743,.T.);
#2400=ORIENTED_EDGE('',*,*,#1577,.T.);
#2401=ORIENTED_EDGE('',*,*,#1744,.T.);
#2402=ORIENTED_EDGE('',*,*,#1745,.F.);
#2403=ORIENTED_EDGE('',*,*,#1741,.F.);
#2404=ORIENTED_EDGE('',*,*,#1576,.T.);
#2405=ORIENTED_EDGE('',*,*,#1746,.T.);
#2406=ORIENTED_EDGE('',*,*,#1747,.F.);
#2407=ORIENTED_EDGE('',*,*,#1658,.F.);
#2408=ORIENTED_EDGE('',*,*,#1748,.F.);
#2409=ORIENTED_EDGE('',*,*,#1744,.F.);
#2410=ORIENTED_EDGE('',*,*,#1575,.T.);
#2411=ORIENTED_EDGE('',*,*,#1749,.F.);
#2412=ORIENTED_EDGE('',*,*,#1750,.F.);
#2413=ORIENTED_EDGE('',*,*,#1746,.F.);
#2414=ORIENTED_EDGE('',*,*,#1574,.T.);
#2415=ORIENTED_EDGE('',*,*,#1751,.T.);
#2416=ORIENTED_EDGE('',*,*,#1752,.F.);
#2417=ORIENTED_EDGE('',*,*,#1749,.T.);
#2418=ORIENTED_EDGE('',*,*,#1573,.T.);
#2419=ORIENTED_EDGE('',*,*,#1753,.T.);
#2420=ORIENTED_EDGE('',*,*,#1660,.T.);
#2421=ORIENTED_EDGE('',*,*,#1754,.T.);
#2422=ORIENTED_EDGE('',*,*,#1751,.F.);
#2423=ORIENTED_EDGE('',*,*,#1572,.T.);
#2424=ORIENTED_EDGE('',*,*,#1755,.F.);
#2425=ORIENTED_EDGE('',*,*,#1756,.F.);
#2426=ORIENTED_EDGE('',*,*,#1757,.F.);
#2427=ORIENTED_EDGE('',*,*,#1758,.T.);
#2428=ORIENTED_EDGE('',*,*,#1661,.F.);
#2429=ORIENTED_EDGE('',*,*,#1753,.F.);
#2430=ORIENTED_EDGE('',*,*,#1571,.T.);
#2431=ORIENTED_EDGE('',*,*,#1759,.T.);
#2432=ORIENTED_EDGE('',*,*,#1760,.T.);
#2433=ORIENTED_EDGE('',*,*,#1755,.T.);
#2434=ORIENTED_EDGE('',*,*,#1727,.F.);
#2435=ORIENTED_EDGE('',*,*,#1761,.F.);
#2436=ORIENTED_EDGE('',*,*,#1762,.F.);
#2437=ORIENTED_EDGE('',*,*,#1759,.F.);
#2438=ORIENTED_EDGE('',*,*,#1733,.F.);
#2439=ORIENTED_EDGE('',*,*,#1763,.F.);
#2440=ORIENTED_EDGE('',*,*,#1719,.F.);
#2441=ORIENTED_EDGE('',*,*,#1764,.F.);
#2442=ORIENTED_EDGE('',*,*,#1703,.F.);
#2443=ORIENTED_EDGE('',*,*,#1765,.F.);
#2444=ORIENTED_EDGE('',*,*,#1729,.F.);
#2445=ORIENTED_EDGE('',*,*,#1731,.F.);
#2446=ORIENTED_EDGE('',*,*,#1765,.T.);
#2447=ORIENTED_EDGE('',*,*,#1702,.T.);
#2448=ORIENTED_EDGE('',*,*,#1766,.F.);
#2449=ORIENTED_EDGE('',*,*,#1761,.T.);
#2450=ORIENTED_EDGE('',*,*,#1764,.T.);
#2451=ORIENTED_EDGE('',*,*,#1718,.T.);
#2452=ORIENTED_EDGE('',*,*,#1767,.F.);
#2453=ORIENTED_EDGE('',*,*,#1768,.F.);
#2454=ORIENTED_EDGE('',*,*,#1682,.F.);
#2455=ORIENTED_EDGE('',*,*,#1769,.F.);
#2456=ORIENTED_EDGE('',*,*,#1770,.F.);
#2457=ORIENTED_EDGE('',*,*,#1704,.F.);
#2458=ORIENTED_EDGE('',*,*,#1713,.T.);
#2459=ORIENTED_EDGE('',*,*,#1706,.T.);
#2460=ORIENTED_EDGE('',*,*,#1771,.F.);
#2461=ORIENTED_EDGE('',*,*,#1772,.F.);
#2462=ORIENTED_EDGE('',*,*,#1485,.F.);
#2463=ORIENTED_EDGE('',*,*,#1742,.T.);
#2464=ORIENTED_EDGE('',*,*,#1745,.T.);
#2465=ORIENTED_EDGE('',*,*,#1748,.T.);
#2466=ORIENTED_EDGE('',*,*,#1657,.F.);
#2467=ORIENTED_EDGE('',*,*,#1773,.F.);
#2468=ORIENTED_EDGE('',*,*,#1752,.T.);
#2469=ORIENTED_EDGE('',*,*,#1754,.F.);
#2470=ORIENTED_EDGE('',*,*,#1659,.F.);
#2471=ORIENTED_EDGE('',*,*,#1747,.T.);
#2472=ORIENTED_EDGE('',*,*,#1750,.T.);
#2473=ORIENTED_EDGE('',*,*,#1774,.T.);
#2474=ORIENTED_EDGE('',*,*,#1775,.T.);
#2475=ORIENTED_EDGE('',*,*,#1776,.T.);
#2476=ORIENTED_EDGE('',*,*,#1700,.T.);
#2477=ORIENTED_EDGE('',*,*,#1766,.T.);
#2478=ORIENTED_EDGE('',*,*,#1701,.T.);
#2479=ORIENTED_EDGE('',*,*,#1776,.F.);
#2480=ORIENTED_EDGE('',*,*,#1777,.T.);
#2481=ORIENTED_EDGE('',*,*,#1778,.T.);
#2482=ORIENTED_EDGE('',*,*,#1756,.T.);
#2483=ORIENTED_EDGE('',*,*,#1760,.F.);
#2484=ORIENTED_EDGE('',*,*,#1779,.T.);
#2485=ORIENTED_EDGE('',*,*,#1780,.T.);
#2486=ORIENTED_EDGE('',*,*,#1757,.T.);
#2487=ORIENTED_EDGE('',*,*,#1778,.F.);
#2488=ORIENTED_EDGE('',*,*,#1781,.T.);
#2489=ORIENTED_EDGE('',*,*,#1774,.F.);
#2490=ORIENTED_EDGE('',*,*,#1782,.T.);
#2491=ORIENTED_EDGE('',*,*,#1780,.F.);
#2492=ORIENTED_EDGE('',*,*,#1783,.T.);
#2493=ORIENTED_EDGE('',*,*,#1784,.T.);
#2494=ORIENTED_EDGE('',*,*,#1785,.T.);
#2495=ORIENTED_EDGE('',*,*,#1786,.T.);
#2496=ORIENTED_EDGE('',*,*,#1787,.T.);
#2497=ORIENTED_EDGE('',*,*,#1788,.T.);
#2498=ORIENTED_EDGE('',*,*,#1789,.T.);
#2499=ORIENTED_EDGE('',*,*,#1786,.F.);
#2500=ORIENTED_EDGE('',*,*,#1790,.T.);
#2501=ORIENTED_EDGE('',*,*,#1581,.T.);
#2502=ORIENTED_EDGE('',*,*,#1791,.T.);
#2503=ORIENTED_EDGE('',*,*,#1788,.F.);
#2504=ORIENTED_EDGE('',*,*,#1734,.T.);
#2505=ORIENTED_EDGE('',*,*,#1580,.T.);
#2506=ORIENTED_EDGE('',*,*,#1792,.T.);
#2507=ORIENTED_EDGE('',*,*,#1655,.T.);
#2508=ORIENTED_EDGE('',*,*,#1793,.T.);
#2509=ORIENTED_EDGE('',*,*,#1787,.F.);
#2510=ORIENTED_EDGE('',*,*,#1789,.F.);
#2511=ORIENTED_EDGE('',*,*,#1791,.F.);
#2512=ORIENTED_EDGE('',*,*,#1763,.T.);
#2513=ORIENTED_EDGE('',*,*,#1736,.T.);
#2514=ORIENTED_EDGE('',*,*,#1794,.T.);
#2515=ORIENTED_EDGE('',*,*,#1720,.T.);
#2516=ORIENTED_EDGE('',*,*,#1795,.T.);
#2517=ORIENTED_EDGE('',*,*,#1721,.T.);
#2518=ORIENTED_EDGE('',*,*,#1794,.F.);
#2519=ORIENTED_EDGE('',*,*,#1796,.T.);
#2520=ORIENTED_EDGE('',*,*,#1797,.T.);
#2521=ORIENTED_EDGE('',*,*,#1722,.T.);
#2522=ORIENTED_EDGE('',*,*,#1795,.F.);
#2523=ORIENTED_EDGE('',*,*,#1798,.T.);
#2524=ORIENTED_EDGE('',*,*,#1784,.F.);
#2525=ORIENTED_EDGE('',*,*,#1799,.T.);
#2526=ORIENTED_EDGE('',*,*,#1797,.F.);
#2527=ORIENTED_EDGE('',*,*,#1800,.T.);
#2528=ORIENTED_EDGE('',*,*,#1777,.F.);
#2529=ORIENTED_EDGE('',*,*,#1801,.T.);
#2530=ORIENTED_EDGE('',*,*,#1779,.F.);
#2531=ORIENTED_EDGE('',*,*,#1762,.T.);
#2532=ORIENTED_EDGE('',*,*,#1790,.F.);
#2533=ORIENTED_EDGE('',*,*,#1802,.T.);
#2534=ORIENTED_EDGE('',*,*,#1796,.F.);
#2535=ORIENTED_EDGE('',*,*,#1735,.T.);
#2536=ORIENTED_EDGE('',*,*,#1775,.F.);
#2537=ORIENTED_EDGE('',*,*,#1783,.F.);
#2538=ORIENTED_EDGE('',*,*,#1781,.F.);
#2539=ORIENTED_EDGE('',*,*,#1801,.F.);
#2540=ORIENTED_EDGE('',*,*,#1785,.F.);
#2541=ORIENTED_EDGE('',*,*,#1800,.F.);
#2542=ORIENTED_EDGE('',*,*,#1798,.F.);
#2543=ORIENTED_EDGE('',*,*,#1802,.F.);
#2544=ORIENTED_EDGE('',*,*,#1803,.T.);
#2545=ORIENTED_EDGE('',*,*,#1804,.T.);
#2546=ORIENTED_EDGE('',*,*,#1442,.T.);
#2547=ORIENTED_EDGE('',*,*,#1448,.T.);
#2548=ORIENTED_EDGE('',*,*,#1805,.T.);
#2549=ORIENTED_EDGE('',*,*,#1806,.T.);
#2550=ORIENTED_EDGE('',*,*,#1806,.F.);
#2551=ORIENTED_EDGE('',*,*,#1807,.F.);
#2552=ORIENTED_EDGE('',*,*,#1725,.F.);
#2553=ORIENTED_EDGE('',*,*,#1808,.F.);
#2554=ORIENTED_EDGE('',*,*,#1697,.F.);
#2555=ORIENTED_EDGE('',*,*,#1809,.F.);
#2556=ORIENTED_EDGE('',*,*,#1803,.F.);
#2557=ORIENTED_EDGE('',*,*,#1449,.F.);
#2558=ORIENTED_EDGE('',*,*,#1782,.F.);
#2559=ORIENTED_EDGE('',*,*,#1699,.F.);
#2560=ORIENTED_EDGE('',*,*,#1810,.F.);
#2561=ORIENTED_EDGE('',*,*,#1758,.F.);
#2562=ORIENTED_EDGE('',*,*,#1799,.F.);
#2563=ORIENTED_EDGE('',*,*,#1793,.F.);
#2564=ORIENTED_EDGE('',*,*,#1811,.F.);
#2565=ORIENTED_EDGE('',*,*,#1723,.F.);
#2566=ORIENTED_EDGE('',*,*,#1654,.F.);
#2567=ORIENTED_EDGE('',*,*,#1810,.T.);
#2568=ORIENTED_EDGE('',*,*,#1698,.T.);
#2569=ORIENTED_EDGE('',*,*,#1808,.T.);
#2570=ORIENTED_EDGE('',*,*,#1724,.T.);
#2571=ORIENTED_EDGE('',*,*,#1811,.T.);
#2572=ORIENTED_EDGE('',*,*,#1804,.F.);
#2573=ORIENTED_EDGE('',*,*,#1809,.T.);
#2574=ORIENTED_EDGE('',*,*,#1696,.T.);
#2575=ORIENTED_EDGE('',*,*,#1443,.T.);
#2576=ORIENTED_EDGE('',*,*,#1805,.F.);
#2577=ORIENTED_EDGE('',*,*,#1447,.T.);
#2578=ORIENTED_EDGE('',*,*,#1726,.T.);
#2579=ORIENTED_EDGE('',*,*,#1807,.T.);
#2580=ORIENTED_EDGE('',*,*,#1714,.T.);
#2581=ORIENTED_EDGE('',*,*,#1489,.T.);
#2582=ORIENTED_EDGE('',*,*,#1812,.F.);
#2583=ORIENTED_EDGE('',*,*,#1813,.F.);
#2584=ORIENTED_EDGE('',*,*,#1716,.F.);
#2585=ORIENTED_EDGE('',*,*,#1488,.T.);
#2586=ORIENTED_EDGE('',*,*,#1685,.T.);
#2587=ORIENTED_EDGE('',*,*,#1814,.T.);
#2588=ORIENTED_EDGE('',*,*,#1812,.T.);
#2589=ORIENTED_EDGE('',*,*,#1815,.T.);
#2590=ORIENTED_EDGE('',*,*,#1686,.T.);
#2591=ORIENTED_EDGE('',*,*,#1486,.T.);
#2592=ORIENTED_EDGE('',*,*,#1772,.T.);
#2593=ORIENTED_EDGE('',*,*,#1768,.T.);
#2594=ORIENTED_EDGE('',*,*,#1816,.T.);
#2595=ORIENTED_EDGE('',*,*,#1547,.T.);
#2596=ORIENTED_EDGE('',*,*,#1683,.T.);
#2597=ORIENTED_EDGE('',*,*,#1543,.T.);
#2598=ORIENTED_EDGE('',*,*,#1817,.T.);
#2599=ORIENTED_EDGE('',*,*,#1769,.T.);
#2600=ORIENTED_EDGE('',*,*,#1681,.T.);
#2601=ORIENTED_EDGE('',*,*,#1816,.F.);
#2602=ORIENTED_EDGE('',*,*,#1767,.T.);
#2603=ORIENTED_EDGE('',*,*,#1818,.T.);
#2604=ORIENTED_EDGE('',*,*,#1548,.T.);
#2605=ORIENTED_EDGE('',*,*,#1814,.F.);
#2606=ORIENTED_EDGE('',*,*,#1684,.T.);
#2607=ORIENTED_EDGE('',*,*,#1549,.T.);
#2608=ORIENTED_EDGE('',*,*,#1818,.F.);
#2609=ORIENTED_EDGE('',*,*,#1717,.T.);
#2610=ORIENTED_EDGE('',*,*,#1813,.T.);
#2611=ORIENTED_EDGE('',*,*,#1815,.F.);
#2612=ORIENTED_EDGE('',*,*,#1771,.T.);
#2613=ORIENTED_EDGE('',*,*,#1705,.T.);
#2614=ORIENTED_EDGE('',*,*,#1819,.T.);
#2615=ORIENTED_EDGE('',*,*,#1541,.T.);
#2616=ORIENTED_EDGE('',*,*,#1687,.T.);
#2617=ORIENTED_EDGE('',*,*,#1817,.F.);
#2618=ORIENTED_EDGE('',*,*,#1542,.T.);
#2619=ORIENTED_EDGE('',*,*,#1819,.F.);
#2620=ORIENTED_EDGE('',*,*,#1770,.T.);
#2621=ORIENTED_EDGE('',*,*,#1579,.T.);
#2622=ORIENTED_EDGE('',*,*,#1743,.F.);
#2623=ORIENTED_EDGE('',*,*,#1773,.T.);
#2624=ORIENTED_EDGE('',*,*,#1656,.T.);
#2625=ORIENTED_EDGE('',*,*,#1792,.F.);
#2626=CONICAL_SURFACE('',#2838,3.5,0.785398163397448);
#2627=CONICAL_SURFACE('',#2843,3.5,0.785398163397448);
#2628=CONICAL_SURFACE('',#2848,2.87500020861625,0.785398163397433);
#2629=CONICAL_SURFACE('',#2852,2.875,0.785398163397431);
#2630=CONICAL_SURFACE('',#2862,2.875,0.785398163397415);
#2631=CONICAL_SURFACE('',#2865,2.87500020861625,0.785398163397413);
#2632=CONICAL_SURFACE('',#2871,4.75,0.785398163397451);
#2633=CONICAL_SURFACE('',#2875,4.75,0.785398163397448);
#2634=CONICAL_SURFACE('',#2887,2.875,0.785398163397459);
#2635=CONICAL_SURFACE('',#2890,2.87500020861625,0.785398163397467);
#2636=CONICAL_SURFACE('',#2897,2.875,0.785398163397431);
#2637=CONICAL_SURFACE('',#2901,2.87500020861625,0.785398163397442);
#2638=CONICAL_SURFACE('',#2908,4.75,0.785398163397431);
#2639=CONICAL_SURFACE('',#2911,4.75,0.785398163397433);
#2640=CONICAL_SURFACE('',#2916,4.,0.785398163397448);
#2641=CONICAL_SURFACE('',#2927,4.,0.785398163397448);
#2642=CONICAL_SURFACE('',#2931,2.35,0.78539816339745);
#2643=CONICAL_SURFACE('',#2945,2.35,0.78539816339745);
#2644=CONICAL_SURFACE('',#2951,2.35,0.785398163397448);
#2645=CONICAL_SURFACE('',#2957,2.35,0.785398163397448);
#2646=CONICAL_SURFACE('',#2963,2.35,0.78539816339745);
#2647=CONICAL_SURFACE('',#2966,4.,0.785398163397448);
#2648=CONICAL_SURFACE('',#2969,4.,0.785398163397448);
#2649=CONICAL_SURFACE('',#2973,1.25,0.785398163397452);
#2650=CONICAL_SURFACE('',#2979,1.25,0.785398163397452);
#2651=CONICAL_SURFACE('',#3006,10.25,0.785398163397448);
#2652=CONICAL_SURFACE('',#3016,10.25,0.785398163397449);
#2653=CONICAL_SURFACE('',#3037,2.55,0.785398163402381);
#2654=CONICAL_SURFACE('',#3051,45.625,0.785398163397448);
#2655=CONICAL_SURFACE('',#3134,45.,0.785398163397448);
#2656=CONICAL_SURFACE('',#3137,45.,0.785398163397448);
#2657=ADVANCED_FACE('',(#210),#2626,.F.);
#2658=ADVANCED_FACE('',(#211,#107),#127,.F.);
#2659=ADVANCED_FACE('',(#212),#2627,.F.);
#2660=ADVANCED_FACE('',(#213,#108),#128,.F.);
#2661=ADVANCED_FACE('',(#214),#2628,.F.);
#2662=ADVANCED_FACE('',(#215),#129,.T.);
#2663=ADVANCED_FACE('',(#216),#2629,.F.);
#2664=ADVANCED_FACE('',(#217),#130,.T.);
#2665=ADVANCED_FACE('',(#218),#131,.F.);
#2666=ADVANCED_FACE('',(#219),#66,.F.);
#2667=ADVANCED_FACE('',(#220,#109,#110),#132,.T.);
#2668=ADVANCED_FACE('',(#221),#2630,.F.);
#2669=ADVANCED_FACE('',(#222),#133,.T.);
#2670=ADVANCED_FACE('',(#223),#2631,.F.);
#2671=ADVANCED_FACE('',(#224),#134,.T.);
#2672=ADVANCED_FACE('',(#225),#135,.F.);
#2673=ADVANCED_FACE('',(#226),#67,.F.);
#2674=ADVANCED_FACE('',(#227),#2632,.F.);
#2675=ADVANCED_FACE('',(#228),#136,.T.);
#2676=ADVANCED_FACE('',(#229),#2633,.F.);
#2677=ADVANCED_FACE('',(#230),#137,.T.);
#2678=ADVANCED_FACE('',(#231),#138,.F.);
#2679=ADVANCED_FACE('',(#232),#68,.F.);
#2680=ADVANCED_FACE('',(#233,#111,#112),#139,.T.);
#2681=ADVANCED_FACE('',(#234),#2634,.F.);
#2682=ADVANCED_FACE('',(#235),#140,.T.);
#2683=ADVANCED_FACE('',(#236),#2635,.F.);
#2684=ADVANCED_FACE('',(#237),#141,.T.);
#2685=ADVANCED_FACE('',(#238),#142,.F.);
#2686=ADVANCED_FACE('',(#239,#113),#143,.F.);
#2687=ADVANCED_FACE('',(#240),#2636,.F.);
#2688=ADVANCED_FACE('',(#241),#144,.T.);
#2689=ADVANCED_FACE('',(#242),#2637,.F.);
#2690=ADVANCED_FACE('',(#243),#145,.T.);
#2691=ADVANCED_FACE('',(#244),#69,.F.);
#2692=ADVANCED_FACE('',(#245,#114),#146,.F.);
#2693=ADVANCED_FACE('',(#246),#2638,.F.);
#2694=ADVANCED_FACE('',(#247),#147,.T.);
#2695=ADVANCED_FACE('',(#248),#2639,.F.);
#2696=ADVANCED_FACE('',(#249),#148,.T.);
#2697=ADVANCED_FACE('',(#250),#149,.F.);
#2698=ADVANCED_FACE('',(#251),#70,.F.);
#2699=ADVANCED_FACE('',(#252),#2640,.F.);
#2700=ADVANCED_FACE('',(#253),#23,.T.);
#2701=ADVANCED_FACE('',(#254,#115,#116),#150,.T.);
#2702=ADVANCED_FACE('',(#255),#71,.F.);
#2703=ADVANCED_FACE('',(#256),#2641,.F.);
#2704=ADVANCED_FACE('',(#257),#24,.T.);
#2705=ADVANCED_FACE('',(#258),#72,.F.);
#2706=ADVANCED_FACE('',(#259),#2642,.F.);
#2707=ADVANCED_FACE('',(#260),#73,.F.);
#2708=ADVANCED_FACE('',(#261,#117),#151,.F.);
#2709=ADVANCED_FACE('',(#262),#2643,.F.);
#2710=ADVANCED_FACE('',(#263),#74,.F.);
#2711=ADVANCED_FACE('',(#264,#118),#152,.T.);
#2712=ADVANCED_FACE('',(#265),#2644,.F.);
#2713=ADVANCED_FACE('',(#266,#119),#153,.T.);
#2714=ADVANCED_FACE('',(#267),#75,.F.);
#2715=ADVANCED_FACE('',(#268),#2645,.F.);
#2716=ADVANCED_FACE('',(#269,#120),#154,.T.);
#2717=ADVANCED_FACE('',(#270),#76,.F.);
#2718=ADVANCED_FACE('',(#271),#2646,.F.);
#2719=ADVANCED_FACE('',(#272,#121),#155,.T.);
#2720=ADVANCED_FACE('',(#273),#2647,.F.);
#2721=ADVANCED_FACE('',(#274),#77,.F.);
#2722=ADVANCED_FACE('',(#275),#2648,.F.);
#2723=ADVANCED_FACE('',(#276),#78,.F.);
#2724=ADVANCED_FACE('',(#277),#156,.T.);
#2725=ADVANCED_FACE('',(#278),#2649,.F.);
#2726=ADVANCED_FACE('',(#279),#157,.T.);
#2727=ADVANCED_FACE('',(#280),#158,.T.);
#2728=ADVANCED_FACE('',(#281),#159,.T.);
#2729=ADVANCED_FACE('',(#282),#2650,.F.);
#2730=ADVANCED_FACE('',(#283),#160,.T.);
#2731=ADVANCED_FACE('',(#284),#79,.F.);
#2732=ADVANCED_FACE('',(#285,#122),#161,.F.);
#2733=ADVANCED_FACE('',(#286),#80,.F.);
#2734=ADVANCED_FACE('',(#287),#162,.F.);
#2735=ADVANCED_FACE('',(#288),#81,.F.);
#2736=ADVANCED_FACE('',(#289),#163,.F.);
#2737=ADVANCED_FACE('',(#290),#82,.F.);
#2738=ADVANCED_FACE('',(#291),#164,.F.);
#2739=ADVANCED_FACE('',(#292),#165,.F.);
#2740=ADVANCED_FACE('',(#293),#83,.F.);
#2741=ADVANCED_FACE('',(#294),#84,.F.);
#2742=ADVANCED_FACE('',(#295),#85,.F.);
#2743=ADVANCED_FACE('',(#296),#2651,.T.);
#2744=ADVANCED_FACE('',(#297,#123,#124),#166,.F.);
#2745=ADVANCED_FACE('',(#298,#125),#167,.T.);
#2746=ADVANCED_FACE('',(#299),#2652,.T.);
#2747=ADVANCED_FACE('',(#300),#15,.F.);
#2748=ADVANCED_FACE('',(#301),#16,.F.);
#2749=ADVANCED_FACE('',(#302),#86,.F.);
#2750=ADVANCED_FACE('',(#303),#17,.F.);
#2751=ADVANCED_FACE('',(#304),#18,.F.);
#2752=ADVANCED_FACE('',(#305),#87,.F.);
#2753=ADVANCED_FACE('',(#306),#168,.F.);
#2754=ADVANCED_FACE('',(#307),#88,.F.);
#2755=ADVANCED_FACE('',(#308),#2653,.F.);
#2756=ADVANCED_FACE('',(#309),#169,.T.);
#2757=ADVANCED_FACE('',(#310),#170,.T.);
#2758=ADVANCED_FACE('',(#311),#171,.F.);
#2759=ADVANCED_FACE('',(#312),#172,.F.);
#2760=ADVANCED_FACE('',(#313,#126),#173,.T.);
#2761=ADVANCED_FACE('',(#314),#174,.F.);
#2762=ADVANCED_FACE('',(#315),#175,.T.);
#2763=ADVANCED_FACE('',(#316),#176,.F.);
#2764=ADVANCED_FACE('',(#317),#177,.T.);
#2765=ADVANCED_FACE('',(#318),#178,.T.);
#2766=ADVANCED_FACE('',(#319),#2654,.F.);
#2767=ADVANCED_FACE('',(#320),#179,.T.);
#2768=ADVANCED_FACE('',(#321),#180,.F.);
#2769=ADVANCED_FACE('',(#322),#181,.T.);
#2770=ADVANCED_FACE('',(#323),#182,.T.);
#2771=ADVANCED_FACE('',(#324),#183,.T.);
#2772=ADVANCED_FACE('',(#325),#184,.T.);
#2773=ADVANCED_FACE('',(#326),#185,.T.);
#2774=ADVANCED_FACE('',(#327),#89,.F.);
#2775=ADVANCED_FACE('',(#328),#186,.T.);
#2776=ADVANCED_FACE('',(#329),#90,.T.);
#2777=ADVANCED_FACE('',(#330),#187,.T.);
#2778=ADVANCED_FACE('',(#331),#91,.F.);
#2779=ADVANCED_FACE('',(#332),#92,.F.);
#2780=ADVANCED_FACE('',(#333),#188,.F.);
#2781=ADVANCED_FACE('',(#334),#93,.T.);
#2782=ADVANCED_FACE('',(#335),#189,.F.);
#2783=ADVANCED_FACE('',(#336),#190,.F.);
#2784=ADVANCED_FACE('',(#337),#94,.T.);
#2785=ADVANCED_FACE('',(#338),#95,.T.);
#2786=ADVANCED_FACE('',(#339),#191,.T.);
#2787=ADVANCED_FACE('',(#340),#192,.F.);
#2788=ADVANCED_FACE('',(#341),#193,.F.);
#2789=ADVANCED_FACE('',(#342),#96,.T.);
#2790=ADVANCED_FACE('',(#343),#19,.T.);
#2791=ADVANCED_FACE('',(#344),#20,.T.);
#2792=ADVANCED_FACE('',(#345),#97,.T.);
#2793=ADVANCED_FACE('',(#346),#194,.T.);
#2794=ADVANCED_FACE('',(#347),#98,.T.);
#2795=ADVANCED_FACE('',(#348),#21,.T.);
#2796=ADVANCED_FACE('',(#349),#99,.T.);
#2797=ADVANCED_FACE('',(#350),#195,.F.);
#2798=ADVANCED_FACE('',(#351),#100,.T.);
#2799=ADVANCED_FACE('',(#352),#22,.T.);
#2800=ADVANCED_FACE('',(#353),#101,.T.);
#2801=ADVANCED_FACE('',(#354),#196,.T.);
#2802=ADVANCED_FACE('',(#355),#102,.F.);
#2803=ADVANCED_FACE('',(#356),#103,.F.);
#2804=ADVANCED_FACE('',(#357),#197,.F.);
#2805=ADVANCED_FACE('',(#358),#198,.F.);
#2806=ADVANCED_FACE('',(#359),#199,.T.);
#2807=ADVANCED_FACE('',(#360),#200,.T.);
#2808=ADVANCED_FACE('',(#361),#201,.F.);
#2809=ADVANCED_FACE('',(#362),#202,.F.);
#2810=ADVANCED_FACE('',(#363),#203,.F.);
#2811=ADVANCED_FACE('',(#364),#204,.T.);
#2812=ADVANCED_FACE('',(#365),#205,.T.);
#2813=ADVANCED_FACE('',(#366),#206,.T.);
#2814=ADVANCED_FACE('',(#367),#207,.T.);
#2815=ADVANCED_FACE('',(#368),#104,.T.);
#2816=ADVANCED_FACE('',(#369),#105,.T.);
#2817=ADVANCED_FACE('',(#370),#25,.F.);
#2818=ADVANCED_FACE('',(#371),#26,.F.);
#2819=ADVANCED_FACE('',(#372),#2655,.T.);
#2820=ADVANCED_FACE('',(#373),#208,.T.);
#2821=ADVANCED_FACE('',(#374),#209,.T.);
#2822=ADVANCED_FACE('',(#375),#2656,.T.);
#2823=ADVANCED_FACE('',(#376),#106,.F.);
#2824=CLOSED_SHELL('',(#2657,#2658,#2659,#2660,#2661,#2662,#2663,#2664,
#2665,#2666,#2667,#2668,#2669,#2670,#2671,#2672,#2673,#2674,#2675,#2676,
#2677,#2678,#2679,#2680,#2681,#2682,#2683,#2684,#2685,#2686,#2687,#2688,
#2689,#2690,#2691,#2692,#2693,#2694,#2695,#2696,#2697,#2698,#2699,#2700,
#2701,#2702,#2703,#2704,#2705,#2706,#2707,#2708,#2709,#2710,#2711,#2712,
#2713,#2714,#2715,#2716,#2717,#2718,#2719,#2720,#2721,#2722,#2723,#2724,
#2725,#2726,#2727,#2728,#2729,#2730,#2731,#2732,#2733,#2734,#2735,#2736,
#2737,#2738,#2739,#2740,#2741,#2742,#2743,#2744,#2745,#2746,#2747,#2748,
#2749,#2750,#2751,#2752,#2753,#2754,#2755,#2756,#2757,#2758,#2759,#2760,
#2761,#2762,#2763,#2764,#2765,#2766,#2767,#2768,#2769,#2770,#2771,#2772,
#2773,#2774,#2775,#2776,#2777,#2778,#2779,#2780,#2781,#2782,#2783,#2784,
#2785,#2786,#2787,#2788,#2789,#2790,#2791,#2792,#2793,#2794,#2795,#2796,
#2797,#2798,#2799,#2800,#2801,#2802,#2803,#2804,#2805,#2806,#2807,#2808,
#2809,#2810,#2811,#2812,#2813,#2814,#2815,#2816,#2817,#2818,#2819,#2820,
#2821,#2822,#2823));
#2825=DERIVED_UNIT_ELEMENT(#2827,1.);
#2826=DERIVED_UNIT_ELEMENT(#5098,-3.);
#2827=(
MASS_UNIT()
NAMED_UNIT(*)
SI_UNIT(.KILO.,.GRAM.)
);
#2828=DERIVED_UNIT((#2825,#2826));
#2829=MEASURE_REPRESENTATION_ITEM('density measure',
POSITIVE_RATIO_MEASURE(1380.),#2828);
#2830=PROPERTY_DEFINITION_REPRESENTATION(#2835,#2832);
#2831=PROPERTY_DEFINITION_REPRESENTATION(#2836,#2833);
#2832=REPRESENTATION('material name',(#2834),#5095);
#2833=REPRESENTATION('density',(#2829),#5095);
#2834=DESCRIPTIVE_REPRESENTATION_ITEM('Laminate, White, Matte',
'Laminate, White, Matte');
#2835=PROPERTY_DEFINITION('material property','material name',#5105);
#2836=PROPERTY_DEFINITION('material property','density of part',#5105);
#2837=AXIS2_PLACEMENT_3D('',#3986,#3139,#3140);
#2838=AXIS2_PLACEMENT_3D('',#3987,#3141,#3142);
#2839=AXIS2_PLACEMENT_3D('',#3989,#3143,#3144);
#2840=AXIS2_PLACEMENT_3D('',#3992,#3146,#3147);
#2841=AXIS2_PLACEMENT_3D('',#3993,#3148,#3149);
#2842=AXIS2_PLACEMENT_3D('',#3995,#3150,#3151);
#2843=AXIS2_PLACEMENT_3D('',#3996,#3152,#3153);
#2844=AXIS2_PLACEMENT_3D('',#3998,#3154,#3155);
#2845=AXIS2_PLACEMENT_3D('',#4001,#3157,#3158);
#2846=AXIS2_PLACEMENT_3D('',#4002,#3159,#3160);
#2847=AXIS2_PLACEMENT_3D('',#4004,#3161,#3162);
#2848=AXIS2_PLACEMENT_3D('',#4005,#3163,#3164);
#2849=AXIS2_PLACEMENT_3D('',#4010,#3166,#3167);
#2850=AXIS2_PLACEMENT_3D('',#4013,#3169,#3170);
#2851=AXIS2_PLACEMENT_3D('',#4014,#3171,#3172);
#2852=AXIS2_PLACEMENT_3D('',#4020,#3176,#3177);
#2853=AXIS2_PLACEMENT_3D('',#4024,#3179,#3180);
#2854=AXIS2_PLACEMENT_3D('',#4025,#3181,#3182);
#2855=AXIS2_PLACEMENT_3D('',#4026,#3183,#3184);
#2856=AXIS2_PLACEMENT_3D('',#4029,#3187,#3188);
#2857=AXIS2_PLACEMENT_3D('',#4035,#3192,#3193);
#2858=AXIS2_PLACEMENT_3D('',#4038,#3195,#3196);
#2859=AXIS2_PLACEMENT_3D('',#4039,#3197,#3198);
#2860=AXIS2_PLACEMENT_3D('',#4058,#3207,#3208);
#2861=AXIS2_PLACEMENT_3D('',#4062,#3210,#3211);
#2862=AXIS2_PLACEMENT_3D('',#4064,#3213,#3214);
#2863=AXIS2_PLACEMENT_3D('',#4069,#3217,#3218);
#2864=AXIS2_PLACEMENT_3D('',#4070,#3219,#3220);
#2865=AXIS2_PLACEMENT_3D('',#4074,#3223,#3224);
#2866=AXIS2_PLACEMENT_3D('',#4077,#3226,#3227);
#2867=AXIS2_PLACEMENT_3D('',#4078,#3228,#3229);
#2868=AXIS2_PLACEMENT_3D('',#4080,#3231,#3232);
#2869=AXIS2_PLACEMENT_3D('',#4086,#3236,#3237);
#2870=AXIS2_PLACEMENT_3D('',#4089,#3239,#3240);
#2871=AXIS2_PLACEMENT_3D('',#4090,#3241,#3242);
#2872=AXIS2_PLACEMENT_3D('',#4095,#3244,#3245);
#2873=AXIS2_PLACEMENT_3D('',#4098,#3247,#3248);
#2874=AXIS2_PLACEMENT_3D('',#4099,#3249,#3250);
#2875=AXIS2_PLACEMENT_3D('',#4105,#3254,#3255);
#2876=AXIS2_PLACEMENT_3D('',#4109,#3257,#3258);
#2877=AXIS2_PLACEMENT_3D('',#4110,#3259,#3260);
#2878=AXIS2_PLACEMENT_3D('',#4111,#3261,#3262);
#2879=AXIS2_PLACEMENT_3D('',#4114,#3265,#3266);
#2880=AXIS2_PLACEMENT_3D('',#4120,#3270,#3271);
#2881=AXIS2_PLACEMENT_3D('',#4123,#3273,#3274);
#2882=AXIS2_PLACEMENT_3D('',#4124,#3275,#3276);
#2883=AXIS2_PLACEMENT_3D('',#4131,#3279,#3280);
#2884=AXIS2_PLACEMENT_3D('',#4135,#3282,#3283);
#2885=AXIS2_PLACEMENT_3D('',#4139,#3285,#3286);
#2886=AXIS2_PLACEMENT_3D('',#4143,#3288,#3289);
#2887=AXIS2_PLACEMENT_3D('',#4145,#3291,#3292);
#2888=AXIS2_PLACEMENT_3D('',#4150,#3295,#3296);
#2889=AXIS2_PLACEMENT_3D('',#4151,#3297,#3298);
#2890=AXIS2_PLACEMENT_3D('',#4155,#3301,#3302);
#2891=AXIS2_PLACEMENT_3D('',#4159,#3304,#3305);
#2892=AXIS2_PLACEMENT_3D('',#4160,#3306,#3307);
#2893=AXIS2_PLACEMENT_3D('',#4161,#3308,#3309);
#2894=AXIS2_PLACEMENT_3D('',#4164,#3312,#3313);
#2895=AXIS2_PLACEMENT_3D('',#4166,#3315,#3316);
#2896=AXIS2_PLACEMENT_3D('',#4169,#3318,#3319);
#2897=AXIS2_PLACEMENT_3D('',#4170,#3320,#3321);
#2898=AXIS2_PLACEMENT_3D('',#4174,#3323,#3324);
#2899=AXIS2_PLACEMENT_3D('',#4177,#3326,#3327);
#2900=AXIS2_PLACEMENT_3D('',#4178,#3328,#3329);
#2901=AXIS2_PLACEMENT_3D('',#4183,#3333,#3334);
#2902=AXIS2_PLACEMENT_3D('',#4186,#3336,#3337);
#2903=AXIS2_PLACEMENT_3D('',#4187,#3338,#3339);
#2904=AXIS2_PLACEMENT_3D('',#4189,#3341,#3342);
#2905=AXIS2_PLACEMENT_3D('',#4191,#3344,#3345);
#2906=AXIS2_PLACEMENT_3D('',#4196,#3347,#3348);
#2907=AXIS2_PLACEMENT_3D('',#4199,#3350,#3351);
#2908=AXIS2_PLACEMENT_3D('',#4200,#3352,#3353);
#2909=AXIS2_PLACEMENT_3D('',#4205,#3356,#3357);
#2910=AXIS2_PLACEMENT_3D('',#4206,#3358,#3359);
#2911=AXIS2_PLACEMENT_3D('',#4210,#3362,#3363);
#2912=AXIS2_PLACEMENT_3D('',#4213,#3365,#3366);
#2913=AXIS2_PLACEMENT_3D('',#4214,#3367,#3368);
#2914=AXIS2_PLACEMENT_3D('',#4216,#3370,#3371);
#2915=AXIS2_PLACEMENT_3D('',#4219,#3374,#3375);
#2916=AXIS2_PLACEMENT_3D('',#4221,#3377,#3378);
#2917=AXIS2_PLACEMENT_3D('',#4224,#3379,#3380);
#2918=AXIS2_PLACEMENT_3D('',#4240,#3381,#3382);
#2919=AXIS2_PLACEMENT_3D('',#4313,#3383,#3384);
#2920=AXIS2_PLACEMENT_3D('',#4319,#3387,#3388);
#2921=AXIS2_PLACEMENT_3D('',#4337,#3390,#3391);
#2922=AXIS2_PLACEMENT_3D('',#4355,#3393,#3394);
#2923=AXIS2_PLACEMENT_3D('',#4360,#3397,#3398);
#2924=AXIS2_PLACEMENT_3D('',#4362,#3399,#3400);
#2925=AXIS2_PLACEMENT_3D('',#4363,#3401,#3402);
#2926=AXIS2_PLACEMENT_3D('',#4366,#3404,#3405);
#2927=AXIS2_PLACEMENT_3D('',#4367,#3406,#3407);
#2928=AXIS2_PLACEMENT_3D('',#4370,#3408,#3409);
#2929=AXIS2_PLACEMENT_3D('',#4456,#3410,#3411);
#2930=AXIS2_PLACEMENT_3D('',#4459,#3413,#3414);
#2931=AXIS2_PLACEMENT_3D('',#4460,#3415,#3416);
#2932=AXIS2_PLACEMENT_3D('',#4462,#3417,#3418);
#2933=AXIS2_PLACEMENT_3D('',#4465,#3420,#3421);
#2934=AXIS2_PLACEMENT_3D('',#4466,#3422,#3423);
#2935=AXIS2_PLACEMENT_3D('',#4469,#3425,#3426);
#2936=AXIS2_PLACEMENT_3D('',#4470,#3427,#3428);
#2937=AXIS2_PLACEMENT_3D('',#4475,#3430,#3431);
#2938=AXIS2_PLACEMENT_3D('',#4479,#3433,#3434);
#2939=AXIS2_PLACEMENT_3D('',#4483,#3436,#3437);
#2940=AXIS2_PLACEMENT_3D('',#4485,#3438,#3439);
#2941=AXIS2_PLACEMENT_3D('',#4489,#3441,#3442);
#2942=AXIS2_PLACEMENT_3D('',#4493,#3444,#3445);
#2943=AXIS2_PLACEMENT_3D('',#4495,#3446,#3447);
#2944=AXIS2_PLACEMENT_3D('',#4498,#3449,#3450);
#2945=AXIS2_PLACEMENT_3D('',#4499,#3451,#3452);
#2946=AXIS2_PLACEMENT_3D('',#4501,#3453,#3454);
#2947=AXIS2_PLACEMENT_3D('',#4504,#3456,#3457);
#2948=AXIS2_PLACEMENT_3D('',#4505,#3458,#3459);
#2949=AXIS2_PLACEMENT_3D('',#4507,#3460,#3461);
#2950=AXIS2_PLACEMENT_3D('',#4509,#3463,#3464);
#2951=AXIS2_PLACEMENT_3D('',#4510,#3465,#3466);
#2952=AXIS2_PLACEMENT_3D('',#4512,#3467,#3468);
#2953=AXIS2_PLACEMENT_3D('',#4515,#3470,#3471);
#2954=AXIS2_PLACEMENT_3D('',#4516,#3472,#3473);
#2955=AXIS2_PLACEMENT_3D('',#4518,#3474,#3475);
#2956=AXIS2_PLACEMENT_3D('',#4519,#3476,#3477);
#2957=AXIS2_PLACEMENT_3D('',#4521,#3479,#3480);
#2958=AXIS2_PLACEMENT_3D('',#4523,#3481,#3482);
#2959=AXIS2_PLACEMENT_3D('',#4526,#3484,#3485);
#2960=AXIS2_PLACEMENT_3D('',#4527,#3486,#3487);
#2961=AXIS2_PLACEMENT_3D('',#4529,#3488,#3489);
#2962=AXIS2_PLACEMENT_3D('',#4530,#3490,#3491);
#2963=AXIS2_PLACEMENT_3D('',#4532,#3493,#3494);
#2964=AXIS2_PLACEMENT_3D('',#4535,#3496,#3497);
#2965=AXIS2_PLACEMENT_3D('',#4536,#3498,#3499);
#2966=AXIS2_PLACEMENT_3D('',#4537,#3500,#3501);
#2967=AXIS2_PLACEMENT_3D('',#4540,#3503,#3504);
#2968=AXIS2_PLACEMENT_3D('',#4541,#3505,#3506);
#2969=AXIS2_PLACEMENT_3D('',#4543,#3508,#3509);
#2970=AXIS2_PLACEMENT_3D('',#4546,#3511,#3512);
#2971=AXIS2_PLACEMENT_3D('',#4547,#3513,#3514);
#2972=AXIS2_PLACEMENT_3D('',#4549,#3516,#3517);
#2973=AXIS2_PLACEMENT_3D('',#4558,#3522,#3523);
#2974=AXIS2_PLACEMENT_3D('',#4562,#3525,#3526);
#2975=AXIS2_PLACEMENT_3D('',#4563,#3527,#3528);
#2976=AXIS2_PLACEMENT_3D('',#4564,#3529,#3530);
#2977=AXIS2_PLACEMENT_3D('',#4569,#3534,#3535);
#2978=AXIS2_PLACEMENT_3D('',#4573,#3538,#3539);
#2979=AXIS2_PLACEMENT_3D('',#4579,#3543,#3544);
#2980=AXIS2_PLACEMENT_3D('',#4583,#3546,#3547);
#2981=AXIS2_PLACEMENT_3D('',#4584,#3548,#3549);
#2982=AXIS2_PLACEMENT_3D('',#4585,#3550,#3551);
#2983=AXIS2_PLACEMENT_3D('',#4591,#3555,#3556);
#2984=AXIS2_PLACEMENT_3D('',#4595,#3558,#3559);
#2985=AXIS2_PLACEMENT_3D('',#4599,#3562,#3563);
#2986=AXIS2_PLACEMENT_3D('',#4603,#3565,#3566);
#2987=AXIS2_PLACEMENT_3D('',#4605,#3567,#3568);
#2988=AXIS2_PLACEMENT_3D('',#4609,#3570,#3571);
#2989=AXIS2_PLACEMENT_3D('',#4610,#3572,#3573);
#2990=AXIS2_PLACEMENT_3D('',#4612,#3574,#3575);
#2991=AXIS2_PLACEMENT_3D('',#4613,#3576,#3577);
#2992=AXIS2_PLACEMENT_3D('',#4618,#3580,#3581);
#2993=AXIS2_PLACEMENT_3D('',#4619,#3582,#3583);
#2994=AXIS2_PLACEMENT_3D('',#4623,#3586,#3587);
#2995=AXIS2_PLACEMENT_3D('',#4625,#3589,#3590);
#2996=AXIS2_PLACEMENT_3D('',#4626,#3591,#3592);
#2997=AXIS2_PLACEMENT_3D('',#4628,#3594,#3595);
#2998=AXIS2_PLACEMENT_3D('',#4629,#3596,#3597);
#2999=AXIS2_PLACEMENT_3D('',#4630,#3598,#3599);
#3000=AXIS2_PLACEMENT_3D('',#4631,#3600,#3601);
#3001=AXIS2_PLACEMENT_3D('',#4647,#3602,#3603);
#3002=AXIS2_PLACEMENT_3D('',#4661,#3604,#3605);
#3003=AXIS2_PLACEMENT_3D('',#4662,#3606,#3607);
#3004=AXIS2_PLACEMENT_3D('',#4678,#3608,#3609);
#3005=AXIS2_PLACEMENT_3D('',#4692,#3610,#3611);
#3006=AXIS2_PLACEMENT_3D('',#4693,#3612,#3613);
#3007=AXIS2_PLACEMENT_3D('',#4694,#3614,#3615);
#3008=AXIS2_PLACEMENT_3D('',#4695,#3616,#3617);
#3009=AXIS2_PLACEMENT_3D('',#4696,#3618,#3619);
#3010=AXIS2_PLACEMENT_3D('',#4703,#3622,#3623);
#3011=AXIS2_PLACEMENT_3D('',#4707,#3625,#3626);
#3012=AXIS2_PLACEMENT_3D('',#4711,#3628,#3629);
#3013=AXIS2_PLACEMENT_3D('',#4713,#3631,#3632);
#3014=AXIS2_PLACEMENT_3D('',#4714,#3633,#3634);
#3015=AXIS2_PLACEMENT_3D('',#4715,#3635,#3636);
#3016=AXIS2_PLACEMENT_3D('',#4716,#3637,#3638);
#3017=AXIS2_PLACEMENT_3D('',#4717,#3639,#3640);
#3018=AXIS2_PLACEMENT_3D('',#4719,#3641,#3642);
#3019=AXIS2_PLACEMENT_3D('',#4720,#3643,#3644);
#3020=AXIS2_PLACEMENT_3D('',#4721,#3645,#3646);
#3021=AXIS2_PLACEMENT_3D('',#4723,#3647,#3648);
#3022=AXIS2_PLACEMENT_3D('',#4725,#3649,#3650);
#3023=AXIS2_PLACEMENT_3D('',#4726,#3651,#3652);
#3024=AXIS2_PLACEMENT_3D('',#4727,#3653,#3654);
#3025=AXIS2_PLACEMENT_3D('',#4729,#3655,#3656);
#3026=AXIS2_PLACEMENT_3D('',#4731,#3658,#3659);
#3027=AXIS2_PLACEMENT_3D('',#4733,#3660,#3661);
#3028=AXIS2_PLACEMENT_3D('',#4735,#3662,#3663);
#3029=AXIS2_PLACEMENT_3D('',#4736,#3664,#3665);
#3030=AXIS2_PLACEMENT_3D('',#4737,#3666,#3667);
#3031=AXIS2_PLACEMENT_3D('',#4738,#3668,#3669);
#3032=AXIS2_PLACEMENT_3D('',#4739,#3670,#3671);
#3033=AXIS2_PLACEMENT_3D('',#4742,#3673,#3674);
#3034=AXIS2_PLACEMENT_3D('',#4743,#3675,#3676);
#3035=AXIS2_PLACEMENT_3D('',#4747,#3679,#3680);
#3036=AXIS2_PLACEMENT_3D('',#4748,#3681,#3682);
#3037=AXIS2_PLACEMENT_3D('',#4749,#3683,#3684);
#3038=AXIS2_PLACEMENT_3D('',#4751,#3686,#3687);
#3039=AXIS2_PLACEMENT_3D('',#4758,#3688,#3689);
#3040=AXIS2_PLACEMENT_3D('',#4763,#3690,#3691);
#3041=AXIS2_PLACEMENT_3D('',#4770,#3696,#3697);
#3042=AXIS2_PLACEMENT_3D('',#4776,#3701,#3702);
#3043=AXIS2_PLACEMENT_3D('',#4782,#3706,#3707);
#3044=AXIS2_PLACEMENT_3D('',#4783,#3708,#3709);
#3045=AXIS2_PLACEMENT_3D('',#4787,#3712,#3713);
#3046=AXIS2_PLACEMENT_3D('',#4799,#3719,#3720);
#3047=AXIS2_PLACEMENT_3D('',#4811,#3727,#3728);
#3048=AXIS2_PLACEMENT_3D('',#4825,#3737,#3738);
#3049=AXIS2_PLACEMENT_3D('',#4837,#3744,#3745);
#3050=AXIS2_PLACEMENT_3D('',#4847,#3751,#3752);
#3051=AXIS2_PLACEMENT_3D('',#4853,#3756,#3757);
#3052=AXIS2_PLACEMENT_3D('',#4856,#3759,#3760);
#3053=AXIS2_PLACEMENT_3D('',#4857,#3761,#3762);
#3054=AXIS2_PLACEMENT_3D('',#4861,#3765,#3766);
#3055=AXIS2_PLACEMENT_3D('',#4867,#3770,#3771);
#3056=AXIS2_PLACEMENT_3D('',#4869,#3773,#3774);
#3057=AXIS2_PLACEMENT_3D('',#4871,#3776,#3777);
#3058=AXIS2_PLACEMENT_3D('',#4873,#3779,#3780);
#3059=AXIS2_PLACEMENT_3D('',#4875,#3782,#3783);
#3060=AXIS2_PLACEMENT_3D('',#4876,#3784,#3785);
#3061=AXIS2_PLACEMENT_3D('',#4880,#3787,#3788);
#3062=AXIS2_PLACEMENT_3D('',#4882,#3790,#3791);
#3063=AXIS2_PLACEMENT_3D('',#4886,#3794,#3795);
#3064=AXIS2_PLACEMENT_3D('',#4889,#3797,#3798);
#3065=AXIS2_PLACEMENT_3D('',#4890,#3799,#3800);
#3066=AXIS2_PLACEMENT_3D('',#4891,#3801,#3802);
#3067=AXIS2_PLACEMENT_3D('',#4895,#3805,#3806);
#3068=AXIS2_PLACEMENT_3D('',#4898,#3808,#3809);
#3069=AXIS2_PLACEMENT_3D('',#4899,#3810,#3811);
#3070=AXIS2_PLACEMENT_3D('',#4901,#3813,#3814);
#3071=AXIS2_PLACEMENT_3D('',#4902,#3815,#3816);
#3072=AXIS2_PLACEMENT_3D('',#4906,#3818,#3819);
#3073=AXIS2_PLACEMENT_3D('',#4910,#3822,#3823);
#3074=AXIS2_PLACEMENT_3D('',#4913,#3825,#3826);
#3075=AXIS2_PLACEMENT_3D('',#4914,#3827,#3828);
#3076=AXIS2_PLACEMENT_3D('',#4918,#3831,#3832);
#3077=AXIS2_PLACEMENT_3D('',#4919,#3833,#3834);
#3078=AXIS2_PLACEMENT_3D('',#4920,#3835,#3836);
#3079=AXIS2_PLACEMENT_3D('',#4921,#3837,#3838);
#3080=AXIS2_PLACEMENT_3D('',#4922,#3839,#3840);
#3081=AXIS2_PLACEMENT_3D('',#4923,#3841,#3842);
#3082=AXIS2_PLACEMENT_3D('',#4924,#3843,#3844);
#3083=AXIS2_PLACEMENT_3D('',#4926,#3845,#3846);
#3084=AXIS2_PLACEMENT_3D('',#4954,#3847,#3848);
#3085=AXIS2_PLACEMENT_3D('',#4955,#3849,#3850);
#3086=AXIS2_PLACEMENT_3D('',#4959,#3853,#3854);
#3087=AXIS2_PLACEMENT_3D('',#4960,#3855,#3856);
#3088=AXIS2_PLACEMENT_3D('',#4961,#3857,#3858);
#3089=AXIS2_PLACEMENT_3D('',#4962,#3859,#3860);
#3090=AXIS2_PLACEMENT_3D('',#4964,#3861,#3862);
#3091=AXIS2_PLACEMENT_3D('',#4967,#3864,#3865);
#3092=AXIS2_PLACEMENT_3D('',#4968,#3866,#3867);
#3093=AXIS2_PLACEMENT_3D('',#4969,#3868,#3869);
#3094=AXIS2_PLACEMENT_3D('',#4970,#3870,#3871);
#3095=AXIS2_PLACEMENT_3D('',#4972,#3872,#3873);
#3096=AXIS2_PLACEMENT_3D('',#4973,#3874,#3875);
#3097=AXIS2_PLACEMENT_3D('',#4974,#3876,#3877);
#3098=AXIS2_PLACEMENT_3D('',#4976,#3878,#3879);
#3099=AXIS2_PLACEMENT_3D('',#4978,#3881,#3882);
#3100=AXIS2_PLACEMENT_3D('',#4981,#3885,#3886);
#3101=AXIS2_PLACEMENT_3D('',#4984,#3887,#3888);
#3102=AXIS2_PLACEMENT_3D('',#4988,#3890,#3891);
#3103=AXIS2_PLACEMENT_3D('',#4990,#3893,#3894);
#3104=AXIS2_PLACEMENT_3D('',#4992,#3895,#3896);
#3105=AXIS2_PLACEMENT_3D('',#4993,#3897,#3898);
#3106=AXIS2_PLACEMENT_3D('',#4994,#3899,#3900);
#3107=AXIS2_PLACEMENT_3D('',#4995,#3901,#3902);
#3108=AXIS2_PLACEMENT_3D('',#4997,#3904,#3905);
#3109=AXIS2_PLACEMENT_3D('',#5000,#3908,#3909);
#3110=AXIS2_PLACEMENT_3D('',#5001,#3910,#3911);
#3111=AXIS2_PLACEMENT_3D('',#5002,#3912,#3913);
#3112=AXIS2_PLACEMENT_3D('',#5004,#3914,#3915);
#3113=AXIS2_PLACEMENT_3D('',#5005,#3916,#3917);
#3114=AXIS2_PLACEMENT_3D('',#5006,#3918,#3919);
#3115=AXIS2_PLACEMENT_3D('',#5008,#3920,#3921);
#3116=AXIS2_PLACEMENT_3D('',#5010,#3923,#3924);
#3117=AXIS2_PLACEMENT_3D('',#5013,#3927,#3928);
#3118=AXIS2_PLACEMENT_3D('',#5015,#3930,#3931);
#3119=AXIS2_PLACEMENT_3D('',#5017,#3933,#3934);
#3120=AXIS2_PLACEMENT_3D('',#5018,#3935,#3936);
#3121=AXIS2_PLACEMENT_3D('',#5019,#3937,#3938);
#3122=AXIS2_PLACEMENT_3D('',#5023,#3941,#3942);
#3123=AXIS2_PLACEMENT_3D('',#5027,#3945,#3946);
#3124=AXIS2_PLACEMENT_3D('',#5031,#3950,#3951);
#3125=AXIS2_PLACEMENT_3D('',#5033,#3953,#3954);
#3126=AXIS2_PLACEMENT_3D('',#5035,#3956,#3957);
#3127=AXIS2_PLACEMENT_3D('',#5036,#3958,#3959);
#3128=AXIS2_PLACEMENT_3D('',#5037,#3960,#3961);
#3129=AXIS2_PLACEMENT_3D('',#5038,#3962,#3963);
#3130=AXIS2_PLACEMENT_3D('',#5042,#3966,#3967);
#3131=AXIS2_PLACEMENT_3D('',#5043,#3968,#3969);
#3132=AXIS2_PLACEMENT_3D('',#5044,#3970,#3971);
#3133=AXIS2_PLACEMENT_3D('',#5045,#3972,#3973);
#3134=AXIS2_PLACEMENT_3D('',#5086,#3974,#3975);
#3135=AXIS2_PLACEMENT_3D('',#5088,#3977,#3978);
#3136=AXIS2_PLACEMENT_3D('',#5089,#3979,#3980);
#3137=AXIS2_PLACEMENT_3D('',#5091,#3982,#3983);
#3138=AXIS2_PLACEMENT_3D('',#5092,#3984,#3985);
#3139=DIRECTION('axis',(0.,0.,1.));
#3140=DIRECTION('refdir',(1.,0.,0.));
#3141=DIRECTION('center_axis',(-1.,0.,0.));
#3142=DIRECTION('ref_axis',(0.,1.,0.));
#3143=DIRECTION('center_axis',(1.,0.,0.));
#3144=DIRECTION('ref_axis',(0.,1.,0.));
#3145=DIRECTION('',(0.707106781186547,0.707106781186547,8.65956056235494E-17));
#3146=DIRECTION('center_axis',(-1.,0.,0.));
#3147=DIRECTION('ref_axis',(0.,1.,0.));
#3148=DIRECTION('center_axis',(1.,0.,0.));
#3149=DIRECTION('ref_axis',(0.,0.,-1.));
#3150=DIRECTION('center_axis',(-1.,0.,0.));
#3151=DIRECTION('ref_axis',(0.,1.,0.));
#3152=DIRECTION('center_axis',(-1.,0.,0.));
#3153=DIRECTION('ref_axis',(0.,1.,0.));
#3154=DIRECTION('center_axis',(1.,0.,0.));
#3155=DIRECTION('ref_axis',(0.,1.,0.));
#3156=DIRECTION('',(0.707106781186547,0.707106781186547,8.65956056235494E-17));
#3157=DIRECTION('center_axis',(-1.,0.,0.));
#3158=DIRECTION('ref_axis',(0.,1.,0.));
#3159=DIRECTION('center_axis',(1.,0.,0.));
#3160=DIRECTION('ref_axis',(0.,0.,-1.));
#3161=DIRECTION('center_axis',(-1.,0.,0.));
#3162=DIRECTION('ref_axis',(0.,1.,0.));
#3163=DIRECTION('center_axis',(0.,0.,-1.));
#3164=DIRECTION('ref_axis',(1.,0.,0.));
#3165=DIRECTION('',(-0.707106781186535,0.,-0.70710678118656));
#3166=DIRECTION('center_axis',(0.,-2.80477395694776E-16,-1.));
#3167=DIRECTION('ref_axis',(1.,0.,0.));
#3168=DIRECTION('',(-0.707106781186534,5.87045354982526E-8,0.707106781186559));
#3169=DIRECTION('center_axis',(0.,2.80477395694776E-16,1.));
#3170=DIRECTION('ref_axis',(1.,0.,0.));
#3171=DIRECTION('center_axis',(0.707106781186548,-1.09552315914176E-15,
-0.707106781186548));
#3172=DIRECTION('ref_axis',(-0.707106781186548,0.,-0.707106781186548));
#3173=DIRECTION('',(-0.707106781186548,0.,-0.707106781186548));
#3174=DIRECTION('',(1.26882631385732E-15,1.,-2.80477395694776E-16));
#3175=DIRECTION('',(-1.26882631385732E-15,-1.,2.80477395694776E-16));
#3176=DIRECTION('center_axis',(0.,0.,-1.));
#3177=DIRECTION('ref_axis',(-1.,0.,0.));
#3178=DIRECTION('',(0.7071068549435,-4.53889189018788E-8,-0.707106707429586));
#3179=DIRECTION('center_axis',(0.,-2.80477395694776E-16,-1.));
#3180=DIRECTION('ref_axis',(-1.,0.,0.));
#3181=DIRECTION('center_axis',(0.,2.80477395694776E-16,1.));
#3182=DIRECTION('ref_axis',(-1.,0.,0.));
#3183=DIRECTION('center_axis',(-0.707106781186544,5.59256255171167E-8,-0.707106781186549));
#3184=DIRECTION('ref_axis',(-0.70710678118655,0.,0.707106781186545));
#3185=DIRECTION('',(-7.90907783709828E-8,-0.999999999999997,2.80477395694775E-16));
#3186=DIRECTION('',(7.90907783709828E-8,0.999999999999997,-2.80477395694775E-16));
#3187=DIRECTION('center_axis',(-1.,1.26882631385732E-15,0.));
#3188=DIRECTION('ref_axis',(-1.26882631385732E-15,-1.,2.80477395694776E-16));
#3189=DIRECTION('',(0.,0.,1.));
#3190=DIRECTION('',(1.26882631385732E-15,1.,-2.80477395694776E-16));
#3191=DIRECTION('',(0.,0.,1.));
#3192=DIRECTION('center_axis',(0.,0.,1.));
#3193=DIRECTION('ref_axis',(1.,0.,0.));
#3194=DIRECTION('',(0.,0.,1.));
#3195=DIRECTION('center_axis',(0.,-2.80477395694776E-16,-1.));
#3196=DIRECTION('ref_axis',(1.,0.,0.));
#3197=DIRECTION('center_axis',(0.,-2.80477395694776E-16,-1.));
#3198=DIRECTION('ref_axis',(0.,1.,-2.80477395694776E-16));
#3199=DIRECTION('',(-0.816496580927726,-0.577350269189626,1.61933699905984E-16));
#3200=DIRECTION('',(0.,1.,-2.80477395694776E-16));
#3201=DIRECTION('',(1.,0.,0.));
#3202=DIRECTION('',(2.86481065580553E-28,-1.,2.80477395694776E-16));
#3203=DIRECTION('',(-1.,0.,0.));
#3204=DIRECTION('',(0.,1.,-2.80477395694776E-16));
#3205=DIRECTION('',(0.816496580927725,-0.577350269189627,1.61933699905985E-16));
#3206=DIRECTION('',(0.,-1.,2.80477395694776E-16));
#3207=DIRECTION('center_axis',(0.,-2.80477395694776E-16,-1.));
#3208=DIRECTION('ref_axis',(-1.,0.,0.));
#3209=DIRECTION('',(-7.90907783709828E-8,-0.999999999999997,2.80477395694775E-16));
#3210=DIRECTION('center_axis',(0.,-2.80477395694776E-16,-1.));
#3211=DIRECTION('ref_axis',(1.,0.,0.));
#3212=DIRECTION('',(1.26882631385732E-15,1.,-2.80477395694776E-16));
#3213=DIRECTION('center_axis',(0.,0.,-1.));
#3214=DIRECTION('ref_axis',(-1.,0.,0.));
#3215=DIRECTION('',(0.707106854943487,-4.5388918901878E-8,-0.707106707429598));
#3216=DIRECTION('',(0.707106781186522,0.,0.707106781186573));
#3217=DIRECTION('center_axis',(0.,2.80477395694776E-16,1.));
#3218=DIRECTION('ref_axis',(-1.,0.,0.));
#3219=DIRECTION('center_axis',(-0.707106781186544,5.59256255171167E-8,-0.707106781186549));
#3220=DIRECTION('ref_axis',(-0.70710678118655,0.,0.707106781186545));
#3221=DIRECTION('',(0.707106951394927,-5.59256436553694E-8,-0.707106610978125));
#3222=DIRECTION('',(7.90907783709828E-8,0.999999999999997,-2.80477395694775E-16));
#3223=DIRECTION('center_axis',(0.,0.,-1.));
#3224=DIRECTION('ref_axis',(1.,0.,0.));
#3225=DIRECTION('',(-0.707106781186522,0.,-0.707106781186573));
#3226=DIRECTION('center_axis',(0.,2.80477395694776E-16,1.));
#3227=DIRECTION('ref_axis',(1.,0.,0.));
#3228=DIRECTION('center_axis',(0.707106781186554,-1.09552315914177E-15,
-0.707106781186541));
#3229=DIRECTION('ref_axis',(-0.707106781186541,0.,-0.707106781186554));
#3230=DIRECTION('',(-1.26882631385732E-15,-1.,2.80477395694776E-16));
#3231=DIRECTION('center_axis',(0.999999999999997,-7.90907783709828E-8,0.));
#3232=DIRECTION('ref_axis',(7.90907783709828E-8,0.999999999999997,-2.80477395694775E-16));
#3233=DIRECTION('',(0.,0.,1.));
#3234=DIRECTION('',(-7.90907783709828E-8,-0.999999999999997,2.80477395694775E-16));
#3235=DIRECTION('',(0.,0.,1.));
#3236=DIRECTION('center_axis',(0.,0.,1.));
#3237=DIRECTION('ref_axis',(1.,0.,0.));
#3238=DIRECTION('',(0.,0.,1.));
#3239=DIRECTION('center_axis',(0.,-2.80477395694776E-16,-1.));
#3240=DIRECTION('ref_axis',(-1.,0.,0.));
#3241=DIRECTION('center_axis',(0.,0.,1.));
#3242=DIRECTION('ref_axis',(-1.,0.,0.));
#3243=DIRECTION('',(-0.707106781186548,-3.14018491736756E-15,0.707106781186548));
#3244=DIRECTION('center_axis',(0.,1.11022302462516E-16,1.));
#3245=DIRECTION('ref_axis',(-1.,0.,0.));
#3246=DIRECTION('',(-0.707106860616651,1.13471605503703E-8,-0.707106701756435));
#3247=DIRECTION('center_axis',(0.,-1.11022302462516E-16,-1.));
#3248=DIRECTION('ref_axis',(-1.,0.,0.));
#3249=DIRECTION('center_axis',(0.707106781186548,7.85046229341888E-17,0.707106781186548));
#3250=DIRECTION('ref_axis',(0.707106781186548,0.,-0.707106781186548));
#3251=DIRECTION('',(-0.707106781186548,0.,0.707106781186548));
#3252=DIRECTION('',(0.,-1.,1.11022302462516E-16));
#3253=DIRECTION('',(0.,1.,-1.11022302462516E-16));
#3254=DIRECTION('center_axis',(0.,0.,1.));
#3255=DIRECTION('ref_axis',(1.,0.,0.));
#3256=DIRECTION('',(0.707106781186554,-1.13471586848249E-8,0.707106781186541));
#3257=DIRECTION('center_axis',(0.,1.11022302462516E-16,1.));
#3258=DIRECTION('ref_axis',(1.,0.,0.));
#3259=DIRECTION('center_axis',(0.,-1.11022302462516E-16,-1.));
#3260=DIRECTION('ref_axis',(1.,0.,0.));
#3261=DIRECTION('center_axis',(-0.707106781186547,1.13471587633296E-8,0.707106781186548));
#3262=DIRECTION('ref_axis',(0.707106781186548,0.,0.707106781186547));
#3263=DIRECTION('',(1.60473057064792E-8,1.,-1.11022302462516E-16));
#3264=DIRECTION('',(-1.60473057064792E-8,-1.,1.11022302462516E-16));
#3265=DIRECTION('center_axis',(-1.,0.,0.));
#3266=DIRECTION('ref_axis',(0.,-1.,2.80477395694776E-16));
#3267=DIRECTION('',(0.,0.,1.));
#3268=DIRECTION('',(0.,-1.,2.80477395694776E-16));
#3269=DIRECTION('',(0.,0.,1.));
#3270=DIRECTION('center_axis',(0.,0.,1.));
#3271=DIRECTION('ref_axis',(1.,0.,0.));
#3272=DIRECTION('',(0.,0.,1.));
#3273=DIRECTION('center_axis',(0.,2.80477395694776E-16,1.));
#3274=DIRECTION('ref_axis',(1.,0.,0.));
#3275=DIRECTION('center_axis',(0.,1.11022302462516E-16,1.));
#3276=DIRECTION('ref_axis',(0.,-1.,1.11022302462516E-16));
#3277=DIRECTION('',(0.,-1.,1.11022302462516E-16));
#3278=DIRECTION('',(1.,0.,0.));
#3279=DIRECTION('center_axis',(0.,-1.11022302462516E-16,-1.));
#3280=DIRECTION('ref_axis',(0.707106786181799,-0.707106776191296,9.06502005607984E-17));
#3281=DIRECTION('',(-1.11022302462515E-16,-1.,1.11022302462516E-16));
#3282=DIRECTION('center_axis',(0.,-1.11022302462516E-16,-1.));
#3283=DIRECTION('ref_axis',(0.707106781186547,0.707106781186548,-9.06501997069517E-17));
#3284=DIRECTION('',(1.,0.,0.));
#3285=DIRECTION('center_axis',(0.,1.11022302462516E-16,1.));
#3286=DIRECTION('ref_axis',(-1.,0.,0.));
#3287=DIRECTION('',(0.,-1.,1.11022302462516E-16));
#3288=DIRECTION('center_axis',(0.,1.11022302462516E-16,1.));
#3289=DIRECTION('ref_axis',(1.,0.,0.));
#3290=DIRECTION('',(1.60473057064792E-8,1.,-1.11022302462516E-16));
#3291=DIRECTION('center_axis',(0.,0.,1.));
#3292=DIRECTION('ref_axis',(-1.,0.,0.));
#3293=DIRECTION('',(-0.707106854943519,4.538891890188E-8,-0.707106707429567));
#3294=DIRECTION('',(-0.707106781186554,0.,0.707106781186541));
#3295=DIRECTION('center_axis',(0.,2.80477395694776E-16,1.));
#3296=DIRECTION('ref_axis',(-1.,0.,0.));
#3297=DIRECTION('center_axis',(-0.707106781186538,5.59256259137711E-8,0.707106781186555));
#3298=DIRECTION('ref_axis',(0.707106781186556,0.,0.707106781186539));
#3299=DIRECTION('',(-0.707106951394939,5.59256310946337E-8,-0.707106610978113));
#3300=DIRECTION('',(7.90907783709828E-8,0.999999999999997,-2.80477395694775E-16));
#3301=DIRECTION('center_axis',(0.,0.,1.));
#3302=DIRECTION('ref_axis',(1.,0.,0.));
#3303=DIRECTION('',(0.70710678118656,0.,-0.707106781186535));
#3304=DIRECTION('center_axis',(0.,-2.80477395694776E-16,-1.));
#3305=DIRECTION('ref_axis',(1.,0.,0.));
#3306=DIRECTION('center_axis',(0.,2.80477395694776E-16,1.));
#3307=DIRECTION('ref_axis',(1.,0.,0.));
#3308=DIRECTION('center_axis',(0.707106781186541,-6.98868222211114E-16,
0.707106781186554));
#3309=DIRECTION('ref_axis',(0.707106781186554,0.,-0.707106781186541));
#3310=DIRECTION('',(1.26882631385732E-15,1.,-2.80477395694776E-16));
#3311=DIRECTION('',(-1.26882631385732E-15,-1.,2.80477395694776E-16));
#3312=DIRECTION('center_axis',(-1.,1.26882631385732E-15,0.));
#3313=DIRECTION('ref_axis',(-1.26882631385732E-15,-1.,2.80477395694776E-16));
#3314=DIRECTION('',(0.,0.,1.));
#3315=DIRECTION('center_axis',(0.,-2.80477395694776E-16,-1.));
#3316=DIRECTION('ref_axis',(-1.,0.,0.));
#3317=DIRECTION('',(1.60473057064792E-8,1.,-2.80477395694776E-16));
#3318=DIRECTION('center_axis',(0.,2.80477395694776E-16,1.));
#3319=DIRECTION('ref_axis',(1.,0.,0.));
#3320=DIRECTION('center_axis',(0.,0.,1.));
#3321=DIRECTION('ref_axis',(-1.,0.,0.));
#3322=DIRECTION('',(-0.7071068549435,4.53889189018788E-8,-0.707106707429586));
#3323=DIRECTION('center_axis',(0.,-2.80477395694776E-16,-1.));
#3324=DIRECTION('ref_axis',(-1.,0.,0.));
#3325=DIRECTION('',(-0.707106781186535,0.,0.70710678118656));
#3326=DIRECTION('center_axis',(0.,2.80477395694776E-16,1.));
#3327=DIRECTION('ref_axis',(-1.,0.,0.));
#3328=DIRECTION('center_axis',(-0.707106781186551,5.59256259137721E-8,0.707106781186542));
#3329=DIRECTION('ref_axis',(0.707106781186543,0.,0.707106781186552));
#3330=DIRECTION('',(-0.707106951394908,5.59256405151857E-8,-0.707106610978144));
#3331=DIRECTION('',(-7.90907783709828E-8,-0.999999999999997,2.80477395694775E-16));
#3332=DIRECTION('',(7.90907783709828E-8,0.999999999999997,-2.80477395694775E-16));
#3333=DIRECTION('center_axis',(0.,0.,1.));
#3334=DIRECTION('ref_axis',(1.,0.,0.));
#3335=DIRECTION('',(0.707106781186541,0.,-0.707106781186554));
#3336=DIRECTION('center_axis',(0.,2.80477395694776E-16,1.));
#3337=DIRECTION('ref_axis',(1.,0.,0.));
#3338=DIRECTION('center_axis',(0.707106781186554,-6.98868222211134E-16,
0.707106781186541));
#3339=DIRECTION('ref_axis',(0.707106781186541,0.,-0.707106781186554));
#3340=DIRECTION('',(-1.26882631385732E-15,-1.,2.80477395694776E-16));
#3341=DIRECTION('center_axis',(0.,0.,1.));
#3342=DIRECTION('ref_axis',(1.,0.,0.));
#3343=DIRECTION('',(0.,0.,1.));
#3344=DIRECTION('center_axis',(0.,-2.80477395694776E-16,-1.));
#3345=DIRECTION('ref_axis',(-1.,0.,0.));
#3346=DIRECTION('',(0.,-1.,2.80477395694776E-16));
#3347=DIRECTION('center_axis',(0.,2.80477395694776E-16,1.));
#3348=DIRECTION('ref_axis',(1.,0.,0.));
#3349=DIRECTION('',(1.60473057064792E-8,1.,-2.80477395694776E-16));
#3350=DIRECTION('center_axis',(0.,2.80477395694776E-16,1.));
#3351=DIRECTION('ref_axis',(1.,0.,0.));
#3352=DIRECTION('center_axis',(0.,0.,1.));
#3353=DIRECTION('ref_axis',(-1.,0.,0.));
#3354=DIRECTION('',(-0.707106781186535,0.,0.70710678118656));
#3355=DIRECTION('',(-0.707106860616639,1.13471574101855E-8,-0.707106701756447));
#3356=DIRECTION('center_axis',(0.,-1.11022302462516E-16,-1.));
#3357=DIRECTION('ref_axis',(-1.,0.,0.));
#3358=DIRECTION('center_axis',(0.707106781186548,7.85046229341888E-17,0.707106781186548));
#3359=DIRECTION('ref_axis',(0.707106781186548,0.,-0.707106781186548));
#3360=DIRECTION('',(-0.707106781186548,-3.14018491736756E-15,0.707106781186548));
#3361=DIRECTION('',(0.,1.,-1.11022302462516E-16));
#3362=DIRECTION('center_axis',(0.,0.,1.));
#3363=DIRECTION('ref_axis',(1.,0.,0.));
#3364=DIRECTION('',(0.707106781186541,-1.13471586848247E-8,0.707106781186554));
#3365=DIRECTION('center_axis',(0.,-1.11022302462516E-16,-1.));
#3366=DIRECTION('ref_axis',(1.,0.,0.));
#3367=DIRECTION('center_axis',(-0.707106781186547,1.13471587633296E-8,0.707106781186548));
#3368=DIRECTION('ref_axis',(0.707106781186548,0.,0.707106781186547));
#3369=DIRECTION('',(-1.60473057064792E-8,-1.,1.11022302462516E-16));
#3370=DIRECTION('center_axis',(-1.,0.,0.));
#3371=DIRECTION('ref_axis',(0.,-1.,2.80477395694776E-16));
#3372=DIRECTION('',(0.,0.,1.));
#3373=DIRECTION('',(0.,0.,1.));
#3374=DIRECTION('center_axis',(0.,0.,1.));
#3375=DIRECTION('ref_axis',(1.,0.,0.));
#3376=DIRECTION('',(0.,0.,1.));
#3377=DIRECTION('center_axis',(1.,0.,0.));
#3378=DIRECTION('ref_axis',(0.,1.,0.));
#3379=DIRECTION('center_axis',(-1.,0.,0.));
#3380=DIRECTION('ref_axis',(0.,1.,0.));
#3381=DIRECTION('center_axis',(1.,0.,0.));
#3382=DIRECTION('ref_axis',(0.,1.,0.));
#3383=DIRECTION('center_axis',(1.,0.,0.));
#3384=DIRECTION('ref_axis',(0.,1.,0.));
#3385=DIRECTION('',(0.,1.,0.));
#3386=DIRECTION('',(0.,0.,1.));
#3387=DIRECTION('center_axis',(-1.,0.,0.));
#3388=DIRECTION('ref_axis',(0.,-1.,-1.75298372309235E-17));
#3389=DIRECTION('',(0.,-1.,0.));
#3390=DIRECTION('center_axis',(1.,0.,0.));
#3391=DIRECTION('ref_axis',(0.,1.,0.));
#3392=DIRECTION('',(0.,-1.,0.));
#3393=DIRECTION('center_axis',(-1.,0.,0.));
#3394=DIRECTION('ref_axis',(0.,1.,1.75298372309235E-17));
#3395=DIRECTION('',(0.,0.,-1.));
#3396=DIRECTION('',(0.,1.,0.));
#3397=DIRECTION('center_axis',(1.,0.,0.));
#3398=DIRECTION('ref_axis',(0.,1.,0.));
#3399=DIRECTION('center_axis',(1.,0.,0.));
#3400=DIRECTION('ref_axis',(0.,1.,0.));
#3401=DIRECTION('center_axis',(-1.,0.,0.));
#3402=DIRECTION('ref_axis',(0.,1.,0.));
#3403=DIRECTION('',(-1.,0.,0.));
#3404=DIRECTION('center_axis',(-1.,0.,0.));
#3405=DIRECTION('ref_axis',(0.,1.,0.));
#3406=DIRECTION('center_axis',(1.,0.,0.));
#3407=DIRECTION('ref_axis',(0.,1.,0.));
#3408=DIRECTION('center_axis',(-1.,0.,0.));
#3409=DIRECTION('ref_axis',(0.,1.,0.));
#3410=DIRECTION('center_axis',(-1.,0.,0.));
#3411=DIRECTION('ref_axis',(0.,1.,0.));
#3412=DIRECTION('',(-1.,0.,0.));
#3413=DIRECTION('center_axis',(-1.,0.,0.));
#3414=DIRECTION('ref_axis',(0.,1.,0.));
#3415=DIRECTION('center_axis',(-1.,0.,0.));
#3416=DIRECTION('ref_axis',(0.,1.,0.));
#3417=DIRECTION('center_axis',(-1.,0.,0.));
#3418=DIRECTION('ref_axis',(0.,1.,0.));
#3419=DIRECTION('',(0.707106781186546,0.707106781186549,-8.65956056235495E-17));
#3420=DIRECTION('center_axis',(1.,0.,0.));
#3421=DIRECTION('ref_axis',(0.,1.,0.));
#3422=DIRECTION('center_axis',(1.,0.,0.));
#3423=DIRECTION('ref_axis',(0.,1.,0.));
#3424=DIRECTION('',(1.,0.,0.));
#3425=DIRECTION('center_axis',(-1.,0.,0.));
#3426=DIRECTION('ref_axis',(0.,1.,0.));
#3427=DIRECTION('center_axis',(1.,0.,0.));
#3428=DIRECTION('ref_axis',(0.,0.,-1.));
#3429=DIRECTION('',(0.,0.,1.));
#3430=DIRECTION('center_axis',(1.,0.,0.));
#3431=DIRECTION('ref_axis',(0.,-1.,-1.85037170770859E-17));
#3432=DIRECTION('',(0.,0.,-1.));
#3433=DIRECTION('center_axis',(1.,0.,0.));
#3434=DIRECTION('ref_axis',(1.50728876033642E-14,0.707106781186547,0.707106781186547));
#3435=DIRECTION('',(0.,0.,1.));
#3436=DIRECTION('center_axis',(-1.,0.,0.));
#3437=DIRECTION('ref_axis',(0.,-1.,-1.75298372309235E-17));
#3438=DIRECTION('center_axis',(-1.,0.,0.));
#3439=DIRECTION('ref_axis',(0.,0.630547667861668,-0.77615052570633));
#3440=DIRECTION('',(0.,-1.60804994502022E-16,-1.));
#3441=DIRECTION('center_axis',(1.,0.,0.));
#3442=DIRECTION('ref_axis',(0.,1.,0.));
#3443=DIRECTION('',(0.,2.2030284246777E-14,1.));
#3444=DIRECTION('center_axis',(-1.,0.,0.));
#3445=DIRECTION('ref_axis',(0.,-0.63054766786167,-0.776150525706327));
#3446=DIRECTION('center_axis',(-1.,0.,0.));
#3447=DIRECTION('ref_axis',(0.,-1.,-1.75298372309235E-17));
#3448=DIRECTION('',(0.,0.,-1.));
#3449=DIRECTION('center_axis',(1.,0.,0.));
#3450=DIRECTION('ref_axis',(1.50728876033642E-14,-0.707106781186547,0.707106781186547));
#3451=DIRECTION('center_axis',(1.,0.,0.));
#3452=DIRECTION('ref_axis',(0.,1.,0.));
#3453=DIRECTION('center_axis',(-1.,0.,0.));
#3454=DIRECTION('ref_axis',(0.,1.,0.));
#3455=DIRECTION('',(0.707106781186546,-0.707106781186549,8.65956056235495E-17));
#3456=DIRECTION('center_axis',(1.,0.,0.));
#3457=DIRECTION('ref_axis',(0.,1.,0.));
#3458=DIRECTION('center_axis',(1.,0.,0.));
#3459=DIRECTION('ref_axis',(0.,1.,0.));
#3460=DIRECTION('center_axis',(1.,0.,-1.02140518265618E-12));
#3461=DIRECTION('ref_axis',(0.,1.,0.));
#3462=DIRECTION('',(1.,0.,0.));
#3463=DIRECTION('center_axis',(1.,0.,0.));
#3464=DIRECTION('ref_axis',(0.,0.,-1.));
#3465=DIRECTION('center_axis',(1.,0.,0.));
#3466=DIRECTION('ref_axis',(0.,1.,0.));
#3467=DIRECTION('center_axis',(-1.,0.,0.));
#3468=DIRECTION('ref_axis',(0.,1.,0.));
#3469=DIRECTION('',(0.707106781186548,-0.707106781186548,8.65956056235493E-17));
#3470=DIRECTION('center_axis',(1.,0.,0.));
#3471=DIRECTION('ref_axis',(0.,1.,0.));
#3472=DIRECTION('center_axis',(1.,0.,0.));
#3473=DIRECTION('ref_axis',(0.,0.,-1.));
#3474=DIRECTION('center_axis',(-1.,0.,0.));
#3475=DIRECTION('ref_axis',(0.,1.,0.));
#3476=DIRECTION('center_axis',(1.,0.,0.));
#3477=DIRECTION('ref_axis',(0.,1.,0.));
#3478=DIRECTION('',(1.,0.,0.));
#3479=DIRECTION('center_axis',(1.,0.,0.));
#3480=DIRECTION('ref_axis',(0.,1.,0.));
#3481=DIRECTION('center_axis',(-1.,0.,0.));
#3482=DIRECTION('ref_axis',(0.,1.,0.));
#3483=DIRECTION('',(0.707106781186548,-0.707106781186548,8.65956056235493E-17));
#3484=DIRECTION('center_axis',(1.,0.,0.));
#3485=DIRECTION('ref_axis',(0.,1.,0.));
#3486=DIRECTION('center_axis',(1.,0.,0.));
#3487=DIRECTION('ref_axis',(0.,0.,-1.));
#3488=DIRECTION('center_axis',(-1.,0.,0.));
#3489=DIRECTION('ref_axis',(0.,1.,0.));
#3490=DIRECTION('center_axis',(1.,0.,0.));
#3491=DIRECTION('ref_axis',(0.,1.,0.));
#3492=DIRECTION('',(1.,0.,0.));
#3493=DIRECTION('center_axis',(1.,0.,0.));
#3494=DIRECTION('ref_axis',(0.,1.,0.));
#3495=DIRECTION('',(0.707106781186546,-0.707106781186549,8.65956056235495E-17));
#3496=DIRECTION('center_axis',(1.,0.,0.));
#3497=DIRECTION('ref_axis',(0.,1.,0.));
#3498=DIRECTION('center_axis',(1.,0.,0.));
#3499=DIRECTION('ref_axis',(0.,0.,-1.));
#3500=DIRECTION('center_axis',(1.,0.,0.));
#3501=DIRECTION('ref_axis',(0.,1.,0.));
#3502=DIRECTION('',(-0.707106781186547,0.707106781186547,8.65956056235494E-17));
#3503=DIRECTION('center_axis',(-1.,0.,0.));
#3504=DIRECTION('ref_axis',(0.,1.,0.));
#3505=DIRECTION('center_axis',(-1.,0.,0.));
#3506=DIRECTION('ref_axis',(0.,1.,0.));
#3507=DIRECTION('',(-1.,0.,0.));
#3508=DIRECTION('center_axis',(1.,0.,0.));
#3509=DIRECTION('ref_axis',(0.,1.,0.));
#3510=DIRECTION('',(-0.707106781186547,0.707106781186547,8.65956056235494E-17));
#3511=DIRECTION('center_axis',(-1.,0.,0.));
#3512=DIRECTION('ref_axis',(0.,1.,0.));
#3513=DIRECTION('center_axis',(-1.,0.,0.));
#3514=DIRECTION('ref_axis',(0.,1.,0.));
#3515=DIRECTION('',(-1.,0.,0.));
#3516=DIRECTION('center_axis',(0.,-0.707106781186548,-0.707106781186548));
#3517=DIRECTION('ref_axis',(-1.,0.,0.));
#3518=DIRECTION('',(0.,0.707106781186548,-0.707106781186548));
#3519=DIRECTION('',(1.,0.,0.));
#3520=DIRECTION('',(0.,-0.707106781186548,0.707106781186548));
#3521=DIRECTION('',(-1.,0.,0.));
#3522=DIRECTION('center_axis',(0.,-1.,0.));
#3523=DIRECTION('ref_axis',(0.,0.,1.));
#3524=DIRECTION('',(0.707106781186551,-0.707106781186544,-7.15962161159801E-13));
#3525=DIRECTION('center_axis',(0.,-1.,0.));
#3526=DIRECTION('ref_axis',(0.,0.,1.));
#3527=DIRECTION('center_axis',(0.,1.,0.));
#3528=DIRECTION('ref_axis',(0.,0.,1.));
#3529=DIRECTION('center_axis',(-0.707106781186548,-0.707106781186548,7.2224253099527E-13));
#3530=DIRECTION('ref_axis',(1.02140518265618E-12,0.,1.));
#3531=DIRECTION('',(1.02140518265618E-12,0.,1.));
#3532=DIRECTION('',(-1.02140518265618E-12,0.,-1.));
#3533=DIRECTION('',(0.577350269189233,-0.577350269189822,-0.577350269189822));
#3534=DIRECTION('center_axis',(-0.707106781186902,-1.98327468465422E-16,
-0.707106781186193));
#3535=DIRECTION('ref_axis',(-0.707106781186193,0.,0.707106781186902));
#3536=DIRECTION('',(-2.86481065580553E-28,1.,-2.80477395694776E-16));
#3537=DIRECTION('',(0.577350269189233,0.577350269189822,-0.577350269189822));
#3538=DIRECTION('center_axis',(-0.707106781186548,0.707106781186548,7.2224253099527E-13));
#3539=DIRECTION('ref_axis',(1.02140518265618E-12,0.,1.));
#3540=DIRECTION('',(1.02140518265618E-12,0.,1.));
#3541=DIRECTION('',(0.707106781186548,0.707106781186548,-7.28522900829274E-13));
#3542=DIRECTION('',(-1.02140518265618E-12,0.,-1.));
#3543=DIRECTION('center_axis',(0.,1.,0.));
#3544=DIRECTION('ref_axis',(0.,0.,1.));
#3545=DIRECTION('',(0.,0.707106781186548,0.707106781186548));
#3546=DIRECTION('center_axis',(0.,1.,0.));
#3547=DIRECTION('ref_axis',(0.,0.,1.));
#3548=DIRECTION('center_axis',(0.,-1.,0.));
#3549=DIRECTION('ref_axis',(0.,0.,1.));
#3550=DIRECTION('center_axis',(0.,0.707106781186548,-0.707106781186548));
#3551=DIRECTION('ref_axis',(-1.,0.,0.));
#3552=DIRECTION('',(0.,0.707106781186548,0.707106781186548));
#3553=DIRECTION('',(1.,0.,0.));
#3554=DIRECTION('',(-1.,0.,0.));
#3555=DIRECTION('center_axis',(0.,1.,0.));
#3556=DIRECTION('ref_axis',(0.,0.,1.));
#3557=DIRECTION('',(0.,1.,0.));
#3558=DIRECTION('center_axis',(0.,-1.,0.));
#3559=DIRECTION('ref_axis',(0.,0.,1.));
#3560=DIRECTION('',(0.,-1.,0.));
#3561=DIRECTION('',(0.,-1.,0.));
#3562=DIRECTION('center_axis',(1.,0.,-1.02140518265618E-12));
#3563=DIRECTION('ref_axis',(-1.02140518265618E-12,0.,-1.));
#3564=DIRECTION('',(0.,1.,0.));
#3565=DIRECTION('center_axis',(-1.,0.,1.02140518265618E-12));
#3566=DIRECTION('ref_axis',(-7.22242530995097E-13,0.707106781186717,-0.707106781186378));
#3567=DIRECTION('center_axis',(1.,0.,-1.02140518265618E-12));
#3568=DIRECTION('ref_axis',(7.22242530995374E-13,-0.707106781186446,0.707106781186649));
#3569=DIRECTION('',(1.16412481959311E-28,-1.,1.13972871820151E-16));
#3570=DIRECTION('center_axis',(1.,0.,-1.02140518265618E-12));
#3571=DIRECTION('ref_axis',(7.22242530995375E-13,0.707106781186445,0.70710678118665));
#3572=DIRECTION('center_axis',(-1.,0.,1.02140518265618E-12));
#3573=DIRECTION('ref_axis',(-7.22242530995096E-13,-0.707106781186718,-0.707106781186377));
#3574=DIRECTION('center_axis',(-1.,0.,1.02140518265618E-12));
#3575=DIRECTION('ref_axis',(0.,1.,0.));
#3576=DIRECTION('center_axis',(0.,1.,0.));
#3577=DIRECTION('ref_axis',(0.,0.,1.));
#3578=DIRECTION('',(0.,-1.,0.));
#3579=DIRECTION('',(0.,-1.,0.));
#3580=DIRECTION('center_axis',(0.,1.,0.));
#3581=DIRECTION('ref_axis',(0.,0.,1.));
#3582=DIRECTION('center_axis',(0.,0.,1.));
#3583=DIRECTION('ref_axis',(1.,0.,0.));
#3584=DIRECTION('',(0.,-1.,0.));
#3585=DIRECTION('',(-0.707106781186548,-0.707106781186548,0.));
#3586=DIRECTION('center_axis',(0.,0.,1.));
#3587=DIRECTION('ref_axis',(1.,0.,0.));
#3588=DIRECTION('',(0.,0.,1.));
#3589=DIRECTION('center_axis',(1.,-1.60473057064792E-8,0.));
#3590=DIRECTION('ref_axis',(1.60473057064792E-8,1.,-2.80477395694776E-16));
#3591=DIRECTION('center_axis',(0.,0.,1.));
#3592=DIRECTION('ref_axis',(1.,0.,0.));
#3593=DIRECTION('',(0.,0.,1.));
#3594=DIRECTION('center_axis',(1.,-1.60473057064792E-8,0.));
#3595=DIRECTION('ref_axis',(1.60473057064792E-8,1.,-2.80477395694776E-16));
#3596=DIRECTION('center_axis',(0.999999999999997,-7.90907783709828E-8,0.));
#3597=DIRECTION('ref_axis',(7.90907783709828E-8,0.999999999999997,-2.80477395694775E-16));
#3598=DIRECTION('center_axis',(0.,0.,1.));
#3599=DIRECTION('ref_axis',(1.,0.,0.));
#3600=DIRECTION('center_axis',(1.,0.,0.));
#3601=DIRECTION('ref_axis',(0.,1.,0.));
#3602=DIRECTION('center_axis',(1.,0.,0.));
#3603=DIRECTION('ref_axis',(0.,1.,0.));
#3604=DIRECTION('center_axis',(1.,0.,0.));
#3605=DIRECTION('ref_axis',(0.,1.,0.));
#3606=DIRECTION('center_axis',(1.,0.,0.));
#3607=DIRECTION('ref_axis',(0.,-0.957826285221151,0.287347885566346));
#3608=DIRECTION('center_axis',(1.,0.,0.));
#3609=DIRECTION('ref_axis',(0.,1.,0.));
#3610=DIRECTION('center_axis',(1.,0.,0.));
#3611=DIRECTION('ref_axis',(0.,1.,0.));
#3612=DIRECTION('center_axis',(1.,0.,0.));
#3613=DIRECTION('ref_axis',(0.,-0.957826285221151,0.287347885566345));
#3614=DIRECTION('center_axis',(-1.,0.,0.));
#3615=DIRECTION('ref_axis',(0.,1.,0.));
#3616=DIRECTION('center_axis',(-1.,0.,0.));
#3617=DIRECTION('ref_axis',(0.,1.,0.));
#3618=DIRECTION('center_axis',(1.,0.,0.));
#3619=DIRECTION('ref_axis',(0.,1.,0.));
#3620=DIRECTION('',(0.,1.,-9.34924652315921E-17));
#3621=DIRECTION('',(0.,0.,-1.));
#3622=DIRECTION('center_axis',(-1.,0.,0.));
#3623=DIRECTION('ref_axis',(0.,-1.,-1.75298372309235E-17));
#3624=DIRECTION('',(0.,-1.,0.));
#3625=DIRECTION('center_axis',(1.,0.,0.));
#3626=DIRECTION('ref_axis',(0.,1.,0.));
#3627=DIRECTION('',(0.,-1.,0.));
#3628=DIRECTION('center_axis',(-1.,0.,0.));
#3629=DIRECTION('ref_axis',(0.,-1.,-1.75298372309235E-17));
#3630=DIRECTION('',(0.,0.,1.));
#3631=DIRECTION('center_axis',(-1.,0.,0.));
#3632=DIRECTION('ref_axis',(0.,1.,0.));
#3633=DIRECTION('center_axis',(-1.,0.,0.));
#3634=DIRECTION('ref_axis',(0.,0.,1.));
#3635=DIRECTION('center_axis',(-1.,0.,0.));
#3636=DIRECTION('ref_axis',(0.,1.,0.));
#3637=DIRECTION('center_axis',(1.,0.,0.));
#3638=DIRECTION('ref_axis',(0.,0.957826285221151,0.287347885566346));
#3639=DIRECTION('center_axis',(-1.,0.,1.02140518265618E-12));
#3640=DIRECTION('ref_axis',(1.02176045402302E-12,0.,1.));
#3641=DIRECTION('center_axis',(1.02140518265097E-12,7.21216082595362E-25,
1.));
#3642=DIRECTION('ref_axis',(1.,0.,-1.02140518265097E-12));
#3643=DIRECTION('center_axis',(-1.,0.,0.));
#3644=DIRECTION('ref_axis',(0.,-1.,0.));
#3645=DIRECTION('center_axis',(1.,0.,-1.02140518265618E-12));
#3646=DIRECTION('ref_axis',(-1.02176045402302E-12,0.,-1.));
#3647=DIRECTION('center_axis',(0.,-1.,0.));
#3648=DIRECTION('ref_axis',(1.,0.,-1.01252339845401E-12));
#3649=DIRECTION('center_axis',(-1.,0.,1.02140518265618E-12));
#3650=DIRECTION('ref_axis',(7.22255588669791E-13,0.707106781186445,0.70710678118665));
#3651=DIRECTION('center_axis',(1.,0.,0.));
#3652=DIRECTION('ref_axis',(0.,1.,0.));
#3653=DIRECTION('center_axis',(1.16412481959311E-28,-1.,1.13972871820151E-16));
#3654=DIRECTION('ref_axis',(0.707106781186915,0.,0.70710678118618));
#3655=DIRECTION('center_axis',(0.,-1.,0.));
#3656=DIRECTION('ref_axis',(1.,0.,-1.02140518265514E-12));
#3657=DIRECTION('',(-1.16412481959311E-28,1.,-1.13972871820151E-16));
#3658=DIRECTION('center_axis',(1.,0.,-1.02140518265618E-12));
#3659=DIRECTION('ref_axis',(-1.02176045402302E-12,0.,-1.));
#3660=DIRECTION('center_axis',(-1.02140518265097E-12,7.21216082595362E-25,
-1.));
#3661=DIRECTION('ref_axis',(1.,0.,-1.02140518265097E-12));
#3662=DIRECTION('center_axis',(1.,0.,0.));
#3663=DIRECTION('ref_axis',(0.,2.22044604925031E-16,1.));
#3664=DIRECTION('center_axis',(-1.,0.,1.02140518265618E-12));
#3665=DIRECTION('ref_axis',(7.2225558866979E-13,-0.707106781186446,0.707106781186649));
#3666=DIRECTION('center_axis',(-1.,0.,1.02140518265618E-12));
#3667=DIRECTION('ref_axis',(1.02176045402303E-12,0.,1.));
#3668=DIRECTION('center_axis',(-1.,0.,0.));
#3669=DIRECTION('ref_axis',(0.,1.48029736616688E-15,-1.));
#3670=DIRECTION('center_axis',(1.,0.,0.));
#3671=DIRECTION('ref_axis',(0.,1.,0.));
#3672=DIRECTION('',(1.,0.,0.));
#3673=DIRECTION('center_axis',(0.707106781186548,8.05909905353337E-17,0.707106781186548));
#3674=DIRECTION('ref_axis',(-0.707106781186547,0.,0.707106781186547));
#3675=DIRECTION('center_axis',(0.,1.13972871820151E-16,1.));
#3676=DIRECTION('ref_axis',(0.,-1.,1.13972871820151E-16));
#3677=DIRECTION('',(1.,0.,0.));
#3678=DIRECTION('',(0.,-1.,1.13972871820151E-16));
#3679=DIRECTION('center_axis',(1.,0.,0.));
#3680=DIRECTION('ref_axis',(0.,2.22044604925031E-16,1.));
#3681=DIRECTION('center_axis',(0.707106781186548,8.05909905353337E-17,0.707106781186548));
#3682=DIRECTION('ref_axis',(-0.707106781186547,1.57009245868377E-16,0.707106781186547));
#3683=DIRECTION('center_axis',(-1.,0.,1.01647085811128E-12));
#3684=DIRECTION('ref_axis',(0.,1.,0.));
#3685=DIRECTION('',(-0.707106781183059,-0.707106781190036,7.18666841039827E-13));
#3686=DIRECTION('center_axis',(0.707106781186548,0.,-0.707106781186548));
#3687=DIRECTION('ref_axis',(-0.707106781186548,0.,-0.707106781186548));
#3688=DIRECTION('center_axis',(0.707106781186548,0.,-0.707106781186548));
#3689=DIRECTION('ref_axis',(-0.707106781186547,1.23954667790824E-17,-0.707106781186547));
#3690=DIRECTION('center_axis',(0.707106781186548,0.,0.707106781186547));
#3691=DIRECTION('ref_axis',(0.707106781186547,0.,-0.707106781186548));
#3692=DIRECTION('',(0.577350269189625,-0.577350269189625,-0.577350269189627));
#3693=DIRECTION('',(0.577350269189625,0.577350269189626,-0.577350269189626));
#3694=DIRECTION('',(-0.577350274627767,0.577350258313343,0.577350274627768));
#3695=DIRECTION('',(-0.577350269189625,-0.577350269189625,0.577350269189627));
#3696=DIRECTION('center_axis',(1.,0.,0.));
#3697=DIRECTION('ref_axis',(0.,0.,-1.));
#3698=DIRECTION('',(0.,-1.,1.13972871820151E-16));
#3699=DIRECTION('',(0.,-0.707106781186547,0.707106781186548));
#3700=DIRECTION('',(0.,0.,1.));
#3701=DIRECTION('center_axis',(1.,0.,0.));
#3702=DIRECTION('ref_axis',(0.,0.,-1.));
#3703=DIRECTION('',(0.,0.,-1.));
#3704=DIRECTION('',(0.,-0.707106771196043,-0.707106791177052));
#3705=DIRECTION('',(0.,-1.,1.13972871820151E-16));
#3706=DIRECTION('center_axis',(-1.,0.,0.));
#3707=DIRECTION('ref_axis',(0.,0.,1.));
#3708=DIRECTION('center_axis',(0.,0.,1.));
#3709=DIRECTION('ref_axis',(1.,0.,0.));
#3710=DIRECTION('',(0.707106781186548,-0.707106781186548,0.));
#3711=DIRECTION('',(0.,-1.,0.));
#3712=DIRECTION('center_axis',(0.,-1.,0.));
#3713=DIRECTION('ref_axis',(0.,0.,-1.));
#3714=DIRECTION('',(-0.707106781186544,0.,0.707106781186551));
#3715=DIRECTION('',(0.,0.,-1.));
#3716=DIRECTION('',(0.707106781186548,0.,0.707106781186548));
#3717=DIRECTION('',(-1.,0.,0.));
#3718=DIRECTION('',(-1.54465812121761E-15,0.,1.));
#3719=DIRECTION('center_axis',(0.,-1.,0.));
#3720=DIRECTION('ref_axis',(0.707106781186541,0.,-0.707106781186554));
#3721=DIRECTION('',(1.,0.,-2.24820162486594E-14));
#3722=DIRECTION('',(0.,0.,-1.));
#3723=DIRECTION('',(1.,0.,0.));
#3724=DIRECTION('',(0.,0.,-1.));
#3725=DIRECTION('',(1.,0.,0.));
#3726=DIRECTION('',(0.,0.,-1.));
#3727=DIRECTION('center_axis',(1.,0.,0.));
#3728=DIRECTION('ref_axis',(0.,0.,-1.));
#3729=DIRECTION('',(0.,0.,-1.));
#3730=DIRECTION('',(0.,0.707106781186547,-0.707106781186548));
#3731=DIRECTION('',(0.,1.,-1.13972871820151E-16));
#3732=DIRECTION('',(0.,0.707106771196043,0.707106791177052));
#3733=DIRECTION('',(0.,0.,1.));
#3734=DIRECTION('',(0.,-0.707106771196043,-0.707106791177052));
#3735=DIRECTION('',(0.,-0.707106781186548,0.707106781186548));
#3736=DIRECTION('',(0.,0.,1.));
#3737=DIRECTION('center_axis',(0.,1.,0.));
#3738=DIRECTION('ref_axis',(0.,0.,1.));
#3739=DIRECTION('',(1.,0.,0.));
#3740=DIRECTION('',(0.,0.,1.));
#3741=DIRECTION('',(1.,0.,0.));
#3742=DIRECTION('',(0.,0.,1.));
#3743=DIRECTION('',(-1.,0.,2.24820162486594E-14));
#3744=DIRECTION('center_axis',(0.,1.,0.));
#3745=DIRECTION('ref_axis',(0.707106781186541,0.,-0.707106781186554));
#3746=DIRECTION('',(1.54465812121761E-15,0.,-1.));
#3747=DIRECTION('',(1.,0.,0.));
#3748=DIRECTION('',(-0.707106781186548,0.,-0.707106781186548));
#3749=DIRECTION('',(0.,0.,1.));
#3750=DIRECTION('',(0.707106781186544,0.,-0.707106781186551));
#3751=DIRECTION('center_axis',(-0.707106781186548,0.707106781186548,0.));
#3752=DIRECTION('ref_axis',(0.,0.,1.));
#3753=DIRECTION('',(0.707106781186548,0.707106781186548,-1.58971861441732E-14));
#3754=DIRECTION('',(-0.707106781186547,-0.707106781186547,3.14018491736755E-16));
#3755=DIRECTION('',(0.,0.,1.));
#3756=DIRECTION('center_axis',(-1.,0.,0.));
#3757=DIRECTION('ref_axis',(0.,-1.,-1.85037170770859E-17));
#3758=DIRECTION('',(-0.707106781186547,0.707106781186547,-7.35115018011846E-17));
#3759=DIRECTION('center_axis',(-1.,0.,0.));
#3760=DIRECTION('ref_axis',(0.,-1.,-1.85037170770859E-17));
#3761=DIRECTION('center_axis',(-0.707106781186548,-0.707106781186548,0.));
#3762=DIRECTION('ref_axis',(0.,0.,1.));
#3763=DIRECTION('',(-0.707106781186548,0.707106781186548,1.58971861441732E-14));
#3764=DIRECTION('',(0.,0.,-1.));
#3765=DIRECTION('center_axis',(-2.24820162486594E-14,0.,-1.));
#3766=DIRECTION('ref_axis',(-1.,0.,2.24820162486594E-14));
#3767=DIRECTION('',(-1.,0.,2.24820162486594E-14));
#3768=DIRECTION('',(0.,-1.,0.));
#3769=DIRECTION('',(1.,0.,-2.24820162486594E-14));
#3770=DIRECTION('center_axis',(-0.707106781186548,-0.707106781186548,0.));
#3771=DIRECTION('ref_axis',(0.,0.,1.));
#3772=DIRECTION('',(-0.678598344545846,0.678598344545846,0.281084637714823));
#3773=DIRECTION('center_axis',(-0.707106781186552,-0.499999999999997,-0.499999999999997));
#3774=DIRECTION('ref_axis',(-0.577350269189621,0.,0.81649658092773));
#3775=DIRECTION('',(-0.678598344545848,0.281084637714826,0.678598344545843));
#3776=DIRECTION('center_axis',(-0.707106781186548,-8.05909905353337E-17,
-0.707106781186548));
#3777=DIRECTION('ref_axis',(-0.707106781186548,0.,0.707106781186548));
#3778=DIRECTION('',(-0.678598343474565,-0.281084642887429,0.678598343474565));
#3779=DIRECTION('center_axis',(-0.707106781186549,0.500000007064352,-0.499999992935646));
#3780=DIRECTION('ref_axis',(-0.577350263751483,0.,0.816496584773074));
#3781=DIRECTION('',(-0.678598345617131,-0.678598345617131,0.281084632542202));
#3782=DIRECTION('center_axis',(-0.707106781186548,0.707106781186548,0.));
#3783=DIRECTION('ref_axis',(0.,0.,1.));
#3784=DIRECTION('center_axis',(1.,0.,0.));
#3785=DIRECTION('ref_axis',(0.,-0.63054766786167,-0.776150525706327));
#3786=DIRECTION('',(1.,0.,0.));
#3787=DIRECTION('center_axis',(-0.707106781186548,0.,0.707106781186548));
#3788=DIRECTION('ref_axis',(-0.707106781186547,4.9065389333868E-17,-0.707106781186547));
#3789=DIRECTION('',(-1.,0.,0.));
#3790=DIRECTION('center_axis',(0.,1.,-2.2030284246777E-14));
#3791=DIRECTION('ref_axis',(0.,2.2030284246777E-14,1.));
#3792=DIRECTION('',(1.,0.,0.));
#3793=DIRECTION('',(0.707106781186548,1.55777633823632E-14,0.707106781186548));
#3794=DIRECTION('center_axis',(1.,0.,0.));
#3795=DIRECTION('ref_axis',(0.,1.,0.));
#3796=DIRECTION('',(1.,0.,0.));
#3797=DIRECTION('center_axis',(0.707106781186548,0.,-0.707106781186548));
#3798=DIRECTION('ref_axis',(0.707106781186547,0.,0.707106781186547));
#3799=DIRECTION('center_axis',(0.707106781186548,0.,-0.707106781186548));
#3800=DIRECTION('ref_axis',(0.707106781186547,0.,0.707106781186547));
#3801=DIRECTION('center_axis',(0.,-1.,1.60804994502022E-16));
#3802=DIRECTION('ref_axis',(0.,-1.60804994502022E-16,-1.));
#3803=DIRECTION('',(-1.,0.,0.));
#3804=DIRECTION('',(-0.707106781186548,-1.13706302061045E-16,-0.707106781186548));
#3805=DIRECTION('center_axis',(-1.,0.,0.));
#3806=DIRECTION('ref_axis',(0.,0.630547667861668,-0.77615052570633));
#3807=DIRECTION('',(1.,0.,0.));
#3808=DIRECTION('center_axis',(-0.707106781186548,0.,0.707106781186548));
#3809=DIRECTION('ref_axis',(-0.707106781186548,4.9065389333868E-17,-0.707106781186548));
#3810=DIRECTION('center_axis',(1.,0.,0.));
#3811=DIRECTION('ref_axis',(0.,-1.,-1.75298372309235E-17));
#3812=DIRECTION('',(1.,0.,0.));
#3813=DIRECTION('center_axis',(-0.707106781186548,0.,0.707106781186548));
#3814=DIRECTION('ref_axis',(-0.707106781186547,1.23954667790824E-17,-0.707106781186547));
#3815=DIRECTION('center_axis',(0.,-1.,0.));
#3816=DIRECTION('ref_axis',(0.,0.,-1.));
#3817=DIRECTION('',(-1.,0.,2.24820162486594E-14));
#3818=DIRECTION('center_axis',(0.,1.,0.));
#3819=DIRECTION('ref_axis',(0.707106781186541,0.,-0.707106781186554));
#3820=DIRECTION('',(1.54465812121761E-15,0.,-1.));
#3821=DIRECTION('',(1.,0.,0.));
#3822=DIRECTION('center_axis',(1.,0.,-2.24820162486594E-14));
#3823=DIRECTION('ref_axis',(1.50728876033642E-14,0.707106781186547,0.707106781186547));
#3824=DIRECTION('',(1.,0.,-2.24820162486594E-14));
#3825=DIRECTION('center_axis',(-1.,0.,2.1316282072803E-14));
#3826=DIRECTION('ref_axis',(2.1316282072803E-14,0.,1.));
#3827=DIRECTION('center_axis',(-2.24820162486594E-14,0.,-1.));
#3828=DIRECTION('ref_axis',(-1.,0.,2.24820162486594E-14));
#3829=DIRECTION('',(-1.,0.,2.24820162486594E-14));
#3830=DIRECTION('',(0.,-1.,0.));
#3831=DIRECTION('center_axis',(1.,0.,0.));
#3832=DIRECTION('ref_axis',(0.,0.,-1.));
#3833=DIRECTION('center_axis',(1.,0.,0.));
#3834=DIRECTION('ref_axis',(1.50728876033642E-14,0.707106781186547,0.707106781186547));
#3835=DIRECTION('center_axis',(1.,0.,0.));
#3836=DIRECTION('ref_axis',(0.,-1.,-1.75298372309235E-17));
#3837=DIRECTION('center_axis',(1.,0.,0.));
#3838=DIRECTION('ref_axis',(1.50728876033642E-14,-0.707106781186547,0.707106781186547));
#3839=DIRECTION('center_axis',(-1.,0.,2.24820162486594E-14));
#3840=DIRECTION('ref_axis',(1.50728876033642E-14,-0.707106781186547,0.707106781186547));
#3841=DIRECTION('center_axis',(1.,0.,-2.1316282072803E-14));
#3842=DIRECTION('ref_axis',(2.1316282072803E-14,0.,1.));
#3843=DIRECTION('center_axis',(1.,0.,0.));
#3844=DIRECTION('ref_axis',(0.,-1.,-1.75298372309235E-17));
#3845=DIRECTION('center_axis',(1.,0.,0.));
#3846=DIRECTION('ref_axis',(0.,1.,1.75298372309235E-17));
#3847=DIRECTION('center_axis',(1.,0.,0.));
#3848=DIRECTION('ref_axis',(0.,-1.,-1.75298372309235E-17));
#3849=DIRECTION('center_axis',(0.,-0.707106791177052,0.707106771196043));
#3850=DIRECTION('ref_axis',(0.,-0.707106771196043,-0.707106791177052));
#3851=DIRECTION('',(-0.577350263751484,-0.577350263751484,-0.577350280065909));
#3852=DIRECTION('',(0.577350274627767,-0.577350258313343,-0.577350274627768));
#3853=DIRECTION('center_axis',(0.707106781186548,0.,-0.707106781186548));
#3854=DIRECTION('ref_axis',(-0.707106781186548,0.,-0.707106781186548));
#3855=DIRECTION('center_axis',(-0.707106781186548,0.,0.707106781186548));
#3856=DIRECTION('ref_axis',(-0.707106781186547,1.23954667790824E-17,-0.707106781186547));
#3857=DIRECTION('center_axis',(0.707106781186548,0.,-0.707106781186548));
#3858=DIRECTION('ref_axis',(-0.707106781186548,0.,-0.707106781186548));
#3859=DIRECTION('center_axis',(1.54465812121761E-15,0.,-1.));
#3860=DIRECTION('ref_axis',(-0.707106781186547,-0.707106781186547,0.));
#3861=DIRECTION('center_axis',(0.707106781186548,-6.61091561551064E-17,
-0.707106781186548));
#3862=DIRECTION('ref_axis',(-0.707106781186548,7.85046229341889E-17,-0.707106781186548));
#3863=DIRECTION('',(1.54465812121761E-15,0.,-1.));
#3864=DIRECTION('center_axis',(0.,0.,1.));
#3865=DIRECTION('ref_axis',(-1.,0.,0.));
#3866=DIRECTION('center_axis',(0.,-1.,0.));
#3867=DIRECTION('ref_axis',(0.,0.,-1.));
#3868=DIRECTION('center_axis',(0.,1.,0.));
#3869=DIRECTION('ref_axis',(0.707106781186541,0.,-0.707106781186554));
#3870=DIRECTION('center_axis',(0.,1.,0.));
#3871=DIRECTION('ref_axis',(0.,0.,1.));
#3872=DIRECTION('center_axis',(0.,0.,-1.));
#3873=DIRECTION('ref_axis',(-1.,0.,0.));
#3874=DIRECTION('center_axis',(0.,-1.,0.));
#3875=DIRECTION('ref_axis',(0.707106781186541,0.,-0.707106781186554));
#3876=DIRECTION('center_axis',(-1.54465812121761E-15,0.,1.));
#3877=DIRECTION('ref_axis',(-0.707106781186547,0.707106781186547,0.));
#3878=DIRECTION('center_axis',(0.707106781186548,-6.61091561551064E-17,
-0.707106781186548));
#3879=DIRECTION('ref_axis',(-0.707106781186548,0.,-0.707106781186548));
#3880=DIRECTION('',(-1.54465812121761E-15,0.,1.));
#3881=DIRECTION('center_axis',(-0.707106781186548,6.61091561551064E-17,
0.707106781186548));
#3882=DIRECTION('ref_axis',(0.707106781186548,0.,0.707106781186548));
#3883=DIRECTION('',(1.44413895692634E-31,1.,-9.34924652315921E-17));
#3884=DIRECTION('',(-1.44413895692634E-31,-1.,9.34924652315921E-17));
#3885=DIRECTION('center_axis',(1.54465812121761E-15,0.,-1.));
#3886=DIRECTION('ref_axis',(-0.707106781186547,-0.707106781186547,0.));
#3887=DIRECTION('center_axis',(0.707106781186548,-6.61091561551064E-17,
-0.707106781186548));
#3888=DIRECTION('ref_axis',(-0.707106781186548,7.85046229341889E-17,-0.707106781186548));
#3889=DIRECTION('',(1.54465812121761E-15,0.,-1.));
#3890=DIRECTION('center_axis',(-1.77635683940025E-15,0.,1.));
#3891=DIRECTION('ref_axis',(-1.,0.,-1.77635683940025E-15));
#3892=DIRECTION('',(-1.54465812121761E-15,0.,1.));
#3893=DIRECTION('center_axis',(0.,-1.,0.));
#3894=DIRECTION('ref_axis',(0.,0.,-1.));
#3895=DIRECTION('center_axis',(1.,0.,-2.1316282072803E-14));
#3896=DIRECTION('ref_axis',(2.1316282072803E-14,0.,1.));
#3897=DIRECTION('center_axis',(0.,-1.,0.));
#3898=DIRECTION('ref_axis',(0.707106781186541,0.,-0.707106781186554));
#3899=DIRECTION('center_axis',(0.,1.,0.));
#3900=DIRECTION('ref_axis',(0.707106781186541,0.,-0.707106781186554));
#3901=DIRECTION('center_axis',(-1.,0.,2.24820162486594E-14));
#3902=DIRECTION('ref_axis',(1.50728876033642E-14,-0.707106781186547,0.707106781186547));
#3903=DIRECTION('',(1.,0.,-2.24820162486594E-14));
#3904=DIRECTION('center_axis',(0.,1.,0.));
#3905=DIRECTION('ref_axis',(0.,0.,1.));
#3906=DIRECTION('',(1.,0.,0.));
#3907=DIRECTION('',(-1.,0.,0.));
#3908=DIRECTION('center_axis',(1.,0.,-2.24820162486594E-14));
#3909=DIRECTION('ref_axis',(1.50728876033642E-14,0.707106781186547,0.707106781186547));
#3910=DIRECTION('center_axis',(-1.,0.,2.1316282072803E-14));
#3911=DIRECTION('ref_axis',(2.1316282072803E-14,0.,1.));
#3912=DIRECTION('center_axis',(0.,1.,0.));
#3913=DIRECTION('ref_axis',(0.,0.,1.));
#3914=DIRECTION('center_axis',(0.,0.,-1.));
#3915=DIRECTION('ref_axis',(-1.,0.,0.));
#3916=DIRECTION('center_axis',(0.,-1.,0.));
#3917=DIRECTION('ref_axis',(0.707106781186541,0.,-0.707106781186554));
#3918=DIRECTION('center_axis',(-1.54465812121761E-15,0.,1.));
#3919=DIRECTION('ref_axis',(-0.707106781186547,0.707106781186547,0.));
#3920=DIRECTION('center_axis',(0.707106781186548,-6.61091561551064E-17,
-0.707106781186548));
#3921=DIRECTION('ref_axis',(-0.707106781186548,0.,-0.707106781186548));
#3922=DIRECTION('',(-1.54465812121761E-15,0.,1.));
#3923=DIRECTION('center_axis',(-0.707106781186548,6.61091561551064E-17,
0.707106781186548));
#3924=DIRECTION('ref_axis',(0.707106781186548,0.,0.707106781186548));
#3925=DIRECTION('',(1.44413895692634E-31,1.,-9.34924652315921E-17));
#3926=DIRECTION('',(-1.44413895692634E-31,-1.,9.34924652315921E-17));
#3927=DIRECTION('center_axis',(0.,-1.,0.));
#3928=DIRECTION('ref_axis',(0.70710678118654,0.,-0.707106781186555));
#3929=DIRECTION('',(0.,1.,0.));
#3930=DIRECTION('center_axis',(0.,-1.,0.));
#3931=DIRECTION('ref_axis',(0.70710678118654,0.,-0.707106781186555));
#3932=DIRECTION('',(0.,1.,0.));
#3933=DIRECTION('center_axis',(1.,0.,1.54465812121761E-15));
#3934=DIRECTION('ref_axis',(1.54465812121761E-15,0.,-1.));
#3935=DIRECTION('center_axis',(1.,0.,1.54465812121761E-15));
#3936=DIRECTION('ref_axis',(1.54465812121761E-15,0.,-1.));
#3937=DIRECTION('center_axis',(-0.499999999999999,0.707106781186547,-0.500000000000002));
#3938=DIRECTION('ref_axis',(-0.707106781186549,0.,0.707106781186546));
#3939=DIRECTION('',(0.,0.577350269189628,0.816496580927725));
#3940=DIRECTION('',(-0.707106781186544,6.88425154961351E-15,0.707106781186551));
#3941=DIRECTION('center_axis',(-0.500000000000004,-0.70710678118655,-0.499999999999993));
#3942=DIRECTION('ref_axis',(-0.70710678118654,0.,0.707106781186555));
#3943=DIRECTION('',(0.707106781186544,-6.76347520663783E-15,-0.707106781186551));
#3944=DIRECTION('',(0.,0.577350269189619,-0.816496580927731));
#3945=DIRECTION('center_axis',(1.,0.,0.));
#3946=DIRECTION('ref_axis',(0.,0.,-1.));
#3947=DIRECTION('',(0.,-1.,2.80477395694776E-16));
#3948=DIRECTION('',(0.,1.,-9.34924652315921E-17));
#3949=DIRECTION('',(0.,-1.,2.80477395694776E-16));
#3950=DIRECTION('center_axis',(0.,-9.34924652315921E-17,-1.));
#3951=DIRECTION('ref_axis',(0.,1.,-9.34924652315921E-17));
#3952=DIRECTION('',(0.,-1.,9.34924652315921E-17));
#3953=DIRECTION('center_axis',(0.,-9.34924652315921E-17,-1.));
#3954=DIRECTION('ref_axis',(0.,1.,-9.34924652315921E-17));
#3955=DIRECTION('',(0.,-1.,9.34924652315921E-17));
#3956=DIRECTION('center_axis',(-0.707106781186548,6.61091561551063E-17,
0.707106781186548));
#3957=DIRECTION('ref_axis',(0.707106781186548,0.,0.707106781186548));
#3958=DIRECTION('center_axis',(-0.707106781186551,-1.98327468465318E-16,
-0.707106781186544));
#3959=DIRECTION('ref_axis',(-0.707106781186544,0.,0.707106781186551));
#3960=DIRECTION('center_axis',(-0.707106781186551,-1.98327468465318E-16,
-0.707106781186544));
#3961=DIRECTION('ref_axis',(-0.707106781186544,0.,0.707106781186551));
#3962=DIRECTION('center_axis',(0.,0.707106781186548,0.707106781186548));
#3963=DIRECTION('ref_axis',(0.,-0.707106781186548,0.707106781186548));
#3964=DIRECTION('',(-0.577350269189625,-0.577350269189626,0.577350269189626));
#3965=DIRECTION('',(0.577350269189626,-0.577350269189626,0.577350269189626));
#3966=DIRECTION('center_axis',(-0.577350269189625,-0.577350269189626,0.577350269189626));
#3967=DIRECTION('ref_axis',(0.408248290463864,0.408248290463863,0.816496580927725));
#3968=DIRECTION('center_axis',(-0.707106781186548,-0.707106781186548,0.));
#3969=DIRECTION('ref_axis',(7.69192451144403E-16,-6.40993709287002E-16,
1.));
#3970=DIRECTION('center_axis',(0.577350274627767,-0.577350258313343,-0.577350274627768));
#3971=DIRECTION('ref_axis',(0.408248291425199,-0.408248297193221,0.816496577082379));
#3972=DIRECTION('center_axis',(-0.707106781186548,0.707106781186548,0.));
#3973=DIRECTION('ref_axis',(-7.06435343355692E-9,-7.06435349765629E-9,1.));
#3974=DIRECTION('center_axis',(-1.,0.,0.));
#3975=DIRECTION('ref_axis',(0.,1.,1.75298372309235E-17));
#3976=DIRECTION('',(0.707106781186547,-0.707106781186547,7.42001388444669E-17));
#3977=DIRECTION('center_axis',(0.707106781186548,0.707106781186548,0.));
#3978=DIRECTION('ref_axis',(0.,0.,-1.));
#3979=DIRECTION('center_axis',(0.707106781186548,-0.707106781186548,0.));
#3980=DIRECTION('ref_axis',(0.,0.,-1.));
#3981=DIRECTION('',(0.707106781186547,0.707106781186547,7.85046229341887E-17));
#3982=DIRECTION('center_axis',(-1.,0.,0.));
#3983=DIRECTION('ref_axis',(0.,-1.,-1.75298372309235E-17));
#3984=DIRECTION('center_axis',(1.,0.,0.));
#3985=DIRECTION('ref_axis',(0.,-1.,-1.75298372309235E-17));
#3986=CARTESIAN_POINT('',(0.,0.,0.));
#3987=CARTESIAN_POINT('Origin',(40.5,25.,7.50000000000001));
#3988=CARTESIAN_POINT('',(40.,21.,7.50000000000001));
#3989=CARTESIAN_POINT('Origin',(40.,25.,7.50000000000001));
#3990=CARTESIAN_POINT('',(41.,22.,7.50000000000001));
#3991=CARTESIAN_POINT('',(40.5,21.5,7.50000000000001));
#3992=CARTESIAN_POINT('Origin',(41.,25.,7.50000000000001));
#3993=CARTESIAN_POINT('Origin',(41.,-2.22044604925031E-15,7.50000000000001));
#3994=CARTESIAN_POINT('',(41.,22.9,7.50000000000001));
#3995=CARTESIAN_POINT('Origin',(41.,25.,7.50000000000001));
#3996=CARTESIAN_POINT('Origin',(40.5,-25.,7.50000000000001));
#3997=CARTESIAN_POINT('',(40.,-29.,7.50000000000001));
#3998=CARTESIAN_POINT('Origin',(40.,-25.,7.50000000000001));
#3999=CARTESIAN_POINT('',(41.,-28.,7.50000000000001));
#4000=CARTESIAN_POINT('',(40.5,-28.5,7.50000000000001));
#4001=CARTESIAN_POINT('Origin',(41.,-25.,7.50000000000001));
#4002=CARTESIAN_POINT('Origin',(41.,-2.22044604925031E-15,7.50000000000001));
#4003=CARTESIAN_POINT('',(41.,-27.1,7.50000000000001));
#4004=CARTESIAN_POINT('Origin',(41.,-25.,7.50000000000001));
#4005=CARTESIAN_POINT('Origin',(46.0000002086163,-18.,50.25));
#4006=CARTESIAN_POINT('',(43.375,-18.,50.5));
#4007=CARTESIAN_POINT('',(42.875,-18.,50.));
#4008=CARTESIAN_POINT('',(43.375,-18.,50.5));
#4009=CARTESIAN_POINT('',(49.1250004172325,-18.0000002594399,50.));
#4010=CARTESIAN_POINT('Origin',(46.0000002086163,-18.,50.));
#4011=CARTESIAN_POINT('',(48.6250004172325,-18.0000002179295,50.5));
#4012=CARTESIAN_POINT('',(49.1250004172325,-18.0000002594399,50.));
#4013=CARTESIAN_POINT('Origin',(46.0000002086163,-18.,50.5));
#4014=CARTESIAN_POINT('Origin',(43.1250002086163,-31.5,50.25));
#4015=CARTESIAN_POINT('',(43.3750002086163,-25.,50.5));
#4016=CARTESIAN_POINT('',(42.8750002086163,-25.,50.));
#4017=CARTESIAN_POINT('',(43.3750002086163,-25.,50.5));
#4018=CARTESIAN_POINT('',(42.8750002086162,-31.5,50.));
#4019=CARTESIAN_POINT('',(43.3750002086162,-31.5,50.5));
#4020=CARTESIAN_POINT('Origin',(46.0000002086163,-25.,50.25));
#4021=CARTESIAN_POINT('',(48.6250001043081,-25.0000001684977,50.5));
#4022=CARTESIAN_POINT('',(49.1250002086162,-25.0000002005926,50.));
#4023=CARTESIAN_POINT('',(48.6250001043081,-25.0000001684977,50.5));
#4024=CARTESIAN_POINT('Origin',(46.0000002086163,-25.,50.));
#4025=CARTESIAN_POINT('Origin',(46.0000002086163,-25.,50.5));
#4026=CARTESIAN_POINT('Origin',(48.8749993134002,-35.0000016314622,50.25));
#4027=CARTESIAN_POINT('',(49.1249993134002,-35.0000016512349,50.));
#4028=CARTESIAN_POINT('',(48.6249993134002,-35.0000016116895,50.5));
#4029=CARTESIAN_POINT('Origin',(43.3750002086163,-18.,50.));
#4030=CARTESIAN_POINT('',(43.375,-18.,56.));
#4031=CARTESIAN_POINT('',(43.375,-18.,50.));
#4032=CARTESIAN_POINT('',(43.3750002086163,-25.,56.));
#4033=CARTESIAN_POINT('',(43.3750002086163,-9.00000000000001,56.));
#4034=CARTESIAN_POINT('',(43.3750002086163,-25.,50.));
#4035=CARTESIAN_POINT('Origin',(46.0000002086163,-18.,50.));
#4036=CARTESIAN_POINT('',(48.6250004172325,-18.0000002179295,56.));
#4037=CARTESIAN_POINT('',(48.6250004172325,-18.0000002179295,50.));
#4038=CARTESIAN_POINT('Origin',(46.0000002086163,-18.,56.));
#4039=CARTESIAN_POINT('Origin',(10.,-45.,50.));
#4040=CARTESIAN_POINT('',(50.,-33.9139999999995,50.));
#4041=CARTESIAN_POINT('',(51.9998489885978,-32.4999999999995,49.9998489885978));
#4042=CARTESIAN_POINT('',(32.8869544041211,-46.0147505876,50.));
#4043=CARTESIAN_POINT('',(50.,-47.5,50.));
#4044=CARTESIAN_POINT('',(50.,-22.5,50.));
#4045=CARTESIAN_POINT('',(33.9999999999997,-47.5,50.));
#4046=CARTESIAN_POINT('',(15.,-47.5,50.));
#4047=CARTESIAN_POINT('',(33.9999999999997,47.5,50.));
#4048=CARTESIAN_POINT('',(33.9999999999997,-22.5,50.));
#4049=CARTESIAN_POINT('',(50.,47.5,50.));
#4050=CARTESIAN_POINT('',(15.,47.5,50.));
#4051=CARTESIAN_POINT('',(50.,33.9140000000005,50.));
#4052=CARTESIAN_POINT('',(50.,-22.5,50.));
#4053=CARTESIAN_POINT('',(51.9998489885978,32.5000000000005,49.9998489885978));
#4054=CARTESIAN_POINT('',(56.2668245063846,29.4826858950299,50.));
#4055=CARTESIAN_POINT('',(52.,47.5,50.));
#4056=CARTESIAN_POINT('',(49.1250002086162,17.9999997994074,50.));
#4057=CARTESIAN_POINT('',(42.8750002086163,18.,50.));
#4058=CARTESIAN_POINT('Origin',(46.0000002086163,18.,50.));
#4059=CARTESIAN_POINT('',(49.1250006579436,24.9999997667395,50.));
#4060=CARTESIAN_POINT('',(49.1249976129485,-13.5000016512347,50.));
#4061=CARTESIAN_POINT('',(42.875,25.,50.));
#4062=CARTESIAN_POINT('Origin',(46.0000002086163,25.,50.));
#4063=CARTESIAN_POINT('',(42.8750002086162,-10.,50.));
#4064=CARTESIAN_POINT('Origin',(46.0000002086163,18.,50.25));
#4065=CARTESIAN_POINT('',(48.6250001043081,17.9999998315023,50.5000000000001));
#4066=CARTESIAN_POINT('',(48.6250001043081,17.9999998315023,50.5000000000001));
#4067=CARTESIAN_POINT('',(43.3750002086163,18.,50.5000000000001));
#4068=CARTESIAN_POINT('',(42.8750002086163,18.,50.));
#4069=CARTESIAN_POINT('Origin',(46.0000002086163,18.,50.5000000000001));
#4070=CARTESIAN_POINT('Origin',(48.8749976129485,-13.500001631462,50.25));
#4071=CARTESIAN_POINT('',(48.6250004172325,24.9999998062849,50.5));
#4072=CARTESIAN_POINT('',(48.6250004172325,24.9999998062849,50.5));
#4073=CARTESIAN_POINT('',(48.6249976129485,-13.5000016116893,50.5));
#4074=CARTESIAN_POINT('Origin',(46.0000002086163,25.,50.25));
#4075=CARTESIAN_POINT('',(43.375,25.,50.5000000000001));
#4076=CARTESIAN_POINT('',(43.375,25.,50.5000000000001));
#4077=CARTESIAN_POINT('Origin',(46.0000002086163,25.,50.5000000000001));
#4078=CARTESIAN_POINT('Origin',(43.1250002086162,-10.,50.25));
#4079=CARTESIAN_POINT('',(43.3750002086162,-10.,50.5));
#4080=CARTESIAN_POINT('Origin',(48.6250001043081,17.9999998315023,50.));
#4081=CARTESIAN_POINT('',(48.6250001043081,17.9999998315023,56.));
#4082=CARTESIAN_POINT('',(48.6250001043081,17.9999998315023,50.));
#4083=CARTESIAN_POINT('',(48.6250004172325,24.9999998062849,56.));
#4084=CARTESIAN_POINT('',(48.6249993924911,8.99999917921832,56.));
#4085=CARTESIAN_POINT('',(48.6250004172325,24.9999998062849,50.));
#4086=CARTESIAN_POINT('Origin',(46.0000002086163,18.,50.));
#4087=CARTESIAN_POINT('',(43.3750002086163,18.,56.));
#4088=CARTESIAN_POINT('',(43.3750002086163,18.,50.));
#4089=CARTESIAN_POINT('Origin',(46.0000002086163,18.,56.));
#4090=CARTESIAN_POINT('Origin',(46.0000002086163,18.,62.25));
#4091=CARTESIAN_POINT('',(41.5000002086163,18.,62.));
#4092=CARTESIAN_POINT('',(41.0000002086163,18.,62.5));
#4093=CARTESIAN_POINT('',(41.5000002086163,18.,62.));
#4094=CARTESIAN_POINT('',(51.0000002086163,17.9999999197635,62.5));
#4095=CARTESIAN_POINT('Origin',(46.0000002086163,18.,62.5));
#4096=CARTESIAN_POINT('',(50.5000000962851,17.9999999277871,62.));
#4097=CARTESIAN_POINT('',(51.0000002086163,17.9999999197635,62.5));
#4098=CARTESIAN_POINT('Origin',(46.0000002086163,18.,62.));
#4099=CARTESIAN_POINT('Origin',(41.2500002086163,32.5,62.25));
#4100=CARTESIAN_POINT('',(41.5000002086163,25.,62.));
#4101=CARTESIAN_POINT('',(41.0000002086163,25.,62.5));
#4102=CARTESIAN_POINT('',(41.5000002086163,25.,62.));
#4103=CARTESIAN_POINT('',(41.0000002086163,32.5,62.5));
#4104=CARTESIAN_POINT('',(41.5000002086163,32.5,62.));
#4105=CARTESIAN_POINT('Origin',(46.0000002086163,25.,62.25));
#4106=CARTESIAN_POINT('',(50.5000002086162,24.9999999277871,62.));
#4107=CARTESIAN_POINT('',(51.0000002086163,24.9999999197635,62.5));
#4108=CARTESIAN_POINT('',(50.5000002086162,24.9999999277871,62.));
#4109=CARTESIAN_POINT('Origin',(46.0000002086163,25.,62.5));
#4110=CARTESIAN_POINT('Origin',(46.0000002086163,25.,62.));
#4111=CARTESIAN_POINT('Origin',(50.7500002728055,28.9999995546873,62.25));
#4112=CARTESIAN_POINT('',(51.0000002728055,28.9999995506754,62.5));
#4113=CARTESIAN_POINT('',(50.5000002728055,28.9999995586991,62.));
#4114=CARTESIAN_POINT('Origin',(41.5000002086163,25.,56.5));
#4115=CARTESIAN_POINT('',(41.5000002086163,18.,56.5));
#4116=CARTESIAN_POINT('',(41.5000002086163,18.,56.5));
#4117=CARTESIAN_POINT('',(41.5000002086163,25.,56.5));
#4118=CARTESIAN_POINT('',(41.5000002086163,12.5,56.5));
#4119=CARTESIAN_POINT('',(41.5000002086163,25.,56.5));
#4120=CARTESIAN_POINT('Origin',(46.0000002086163,18.,56.5));
#4121=CARTESIAN_POINT('',(50.5000000962851,17.9999999277871,56.5));
#4122=CARTESIAN_POINT('',(50.5000000962851,17.9999999277871,56.5));
#4123=CARTESIAN_POINT('Origin',(46.0000002086163,18.,56.5));
#4124=CARTESIAN_POINT('Origin',(0.,40.,62.5));
#4125=CARTESIAN_POINT('',(30.,40.,62.5));
#4126=CARTESIAN_POINT('',(30.,-40.,62.5));
#4127=CARTESIAN_POINT('',(30.,20.,62.5));
#4128=CARTESIAN_POINT('',(47.500047879587,-40.,62.5));
#4129=CARTESIAN_POINT('',(0.,-40.,62.5));
#4130=CARTESIAN_POINT('',(52.4999999999999,-35.0000479502299,62.5));
#4131=CARTESIAN_POINT('Origin',(42.5000959004598,-30.0000960417456,62.5));
#4132=CARTESIAN_POINT('',(52.4999999999999,35.0000479502299,62.5));
#4133=CARTESIAN_POINT('',(52.4999999999999,20.,62.5));
#4134=CARTESIAN_POINT('',(47.5000479502299,40.,62.5));
#4135=CARTESIAN_POINT('Origin',(42.5000959004598,30.0000959004598,62.5));
#4136=CARTESIAN_POINT('',(0.,40.,62.5));
#4137=CARTESIAN_POINT('',(41.0000002086163,-25.,62.5));
#4138=CARTESIAN_POINT('',(51.0000002086163,-25.0000000802365,62.5));
#4139=CARTESIAN_POINT('Origin',(46.0000002086163,-25.,62.5));
#4140=CARTESIAN_POINT('',(41.0000002086163,-18.,62.5));
#4141=CARTESIAN_POINT('',(41.0000002086163,11.,62.5));
#4142=CARTESIAN_POINT('',(51.0000002086163,-18.0000000802365,62.5));
#4143=CARTESIAN_POINT('Origin',(46.0000002086163,-18.,62.5));
#4144=CARTESIAN_POINT('',(51.0000006178225,7.49999955067543,62.5));
#4145=CARTESIAN_POINT('Origin',(46.0000002086163,18.,56.25));
#4146=CARTESIAN_POINT('',(49.1250002086162,17.9999997994074,56.5));
#4147=CARTESIAN_POINT('',(49.1250002086162,17.9999997994074,56.5));
#4148=CARTESIAN_POINT('',(42.8750002086163,18.,56.5));
#4149=CARTESIAN_POINT('',(43.3750002086163,18.,56.));
#4150=CARTESIAN_POINT('Origin',(46.0000002086163,18.,56.5));
#4151=CARTESIAN_POINT('Origin',(48.8749993924911,8.99999915944562,56.25));
#4152=CARTESIAN_POINT('',(49.1250006579436,24.9999997667395,56.5));
#4153=CARTESIAN_POINT('',(49.1250006579436,24.9999997667395,56.5));
#4154=CARTESIAN_POINT('',(49.1249993924911,8.99999913967293,56.5));
#4155=CARTESIAN_POINT('Origin',(46.0000002086163,25.,56.25));
#4156=CARTESIAN_POINT('',(42.875,25.,56.5));
#4157=CARTESIAN_POINT('',(43.375,25.,56.));
#4158=CARTESIAN_POINT('',(42.875,25.,56.5));
#4159=CARTESIAN_POINT('Origin',(46.0000002086163,25.,56.));
#4160=CARTESIAN_POINT('Origin',(46.0000002086163,25.,56.5));
#4161=CARTESIAN_POINT('Origin',(43.1250002086163,12.5,56.25));
#4162=CARTESIAN_POINT('',(43.3750002086162,12.5,56.));
#4163=CARTESIAN_POINT('',(42.8750002086162,12.5,56.5));
#4164=CARTESIAN_POINT('Origin',(43.3750002086163,25.,50.));
#4165=CARTESIAN_POINT('',(43.375,25.,50.));
#4166=CARTESIAN_POINT('Origin',(30.0000002086163,1.82310307201605E-15,56.5));
#4167=CARTESIAN_POINT('',(50.5000002086162,24.9999999277871,56.5));
#4168=CARTESIAN_POINT('',(50.4999999518594,8.99999979940869,56.5));
#4169=CARTESIAN_POINT('Origin',(46.0000002086163,25.,56.5));
#4170=CARTESIAN_POINT('Origin',(46.0000002086163,-25.,56.25));
#4171=CARTESIAN_POINT('',(49.1250002086162,-25.0000002005926,56.5));
#4172=CARTESIAN_POINT('',(48.6250001043081,-25.0000001684977,56.));
#4173=CARTESIAN_POINT('',(49.1250002086162,-25.0000002005926,56.5));
#4174=CARTESIAN_POINT('Origin',(46.0000002086163,-25.,56.));
#4175=CARTESIAN_POINT('',(42.8750002086163,-25.,56.5));
#4176=CARTESIAN_POINT('',(43.3750002086163,-25.,56.));
#4177=CARTESIAN_POINT('Origin',(46.0000002086163,-25.,56.5));
#4178=CARTESIAN_POINT('Origin',(48.8750010929428,-12.5000008405545,56.25));
#4179=CARTESIAN_POINT('',(49.1250006579436,-18.0000002574749,56.5));
#4180=CARTESIAN_POINT('',(49.1250006579436,-18.0000002574749,56.5));
#4181=CARTESIAN_POINT('',(48.6250010929428,-12.5000008207818,56.));
#4182=CARTESIAN_POINT('',(49.1250010929428,-12.5000008603272,56.5));
#4183=CARTESIAN_POINT('Origin',(46.0000002086163,-18.,56.25));
#4184=CARTESIAN_POINT('',(42.875,-18.,56.5));
#4185=CARTESIAN_POINT('',(42.875,-18.,56.5));
#4186=CARTESIAN_POINT('Origin',(46.0000002086163,-18.,56.5));
#4187=CARTESIAN_POINT('Origin',(43.1250002086163,-9.00000000000001,56.25));
#4188=CARTESIAN_POINT('',(42.8750002086163,-9.00000000000001,56.5));
#4189=CARTESIAN_POINT('Origin',(46.0000002086163,-25.,50.));
#4190=CARTESIAN_POINT('',(48.6250001043081,-25.0000001684977,50.));
#4191=CARTESIAN_POINT('Origin',(30.0000002086163,1.82310307201605E-15,56.5));
#4192=CARTESIAN_POINT('',(41.5000002086163,-18.,56.5));
#4193=CARTESIAN_POINT('',(41.5000002086163,-25.,56.5));
#4194=CARTESIAN_POINT('',(41.5000002086163,-8.99999999999999,56.5));
#4195=CARTESIAN_POINT('',(50.5000000962851,-25.0000000722129,56.5));
#4196=CARTESIAN_POINT('Origin',(46.0000002086163,-25.,56.5));
#4197=CARTESIAN_POINT('',(50.5000002086162,-18.0000000722129,56.5));
#4198=CARTESIAN_POINT('',(50.5000002968764,-12.5000002005913,56.5));
#4199=CARTESIAN_POINT('Origin',(46.0000002086163,-18.,56.5));
#4200=CARTESIAN_POINT('Origin',(46.0000002086163,-25.,62.25));
#4201=CARTESIAN_POINT('',(41.5000002086163,-25.,62.));
#4202=CARTESIAN_POINT('',(41.5000002086163,-25.,62.));
#4203=CARTESIAN_POINT('',(50.5000000962851,-25.0000000722129,62.));
#4204=CARTESIAN_POINT('',(51.0000002086163,-25.0000000802365,62.5));
#4205=CARTESIAN_POINT('Origin',(46.0000002086163,-25.,62.));
#4206=CARTESIAN_POINT('Origin',(41.2500002086163,11.,62.25));
#4207=CARTESIAN_POINT('',(41.5000002086163,-18.,62.));
#4208=CARTESIAN_POINT('',(41.5000002086163,-18.,62.));
#4209=CARTESIAN_POINT('',(41.5000002086163,11.,62.));
#4210=CARTESIAN_POINT('Origin',(46.0000002086163,-18.,62.25));
#4211=CARTESIAN_POINT('',(50.5000002086162,-18.0000000722129,62.));
#4212=CARTESIAN_POINT('',(50.5000002086162,-18.0000000722129,62.));
#4213=CARTESIAN_POINT('Origin',(46.0000002086163,-18.,62.));
#4214=CARTESIAN_POINT('Origin',(50.7500006178225,7.49999955468726,62.25));
#4215=CARTESIAN_POINT('',(50.5000006178225,7.49999955869908,62.));
#4216=CARTESIAN_POINT('Origin',(41.5000002086163,-18.,56.5));
#4217=CARTESIAN_POINT('',(41.5000002086163,-25.,56.5));
#4218=CARTESIAN_POINT('',(41.5000002086163,-18.,56.5));
#4219=CARTESIAN_POINT('Origin',(46.0000002086163,-25.,56.5));
#4220=CARTESIAN_POINT('',(50.5000000962851,-25.0000000722129,56.5));
#4221=CARTESIAN_POINT('Origin',(59.75,2.34159062823227E-15,55.));
#4222=CARTESIAN_POINT('',(59.5000064716525,3.74423603904995,54.7929120450258));
#4223=CARTESIAN_POINT('',(59.4999841914327,-3.74440387582692,54.7928817394023));
#4224=CARTESIAN_POINT('Origin',(59.5,2.34159062823227E-15,55.));
#4225=CARTESIAN_POINT('',(60.,-4.25,54.9999999999999));
#4226=CARTESIAN_POINT('Ctrl Pts',(59.4999937472078,-3.74440333157218,54.7928721958849));
#4227=CARTESIAN_POINT('Ctrl Pts',(59.5632045981187,-3.80930836227312,54.8224482865162));
#4228=CARTESIAN_POINT('Ctrl Pts',(59.6271026037404,-3.87441129920222,54.8508511675715));
#4229=CARTESIAN_POINT('Ctrl Pts',(59.6913359661056,-3.93949687316016,54.8781073848997));
#4230=CARTESIAN_POINT('Ctrl Pts',(59.7094221865276,-3.95782305123248,54.8857819318379));
#4231=CARTESIAN_POINT('Ctrl Pts',(59.7275348200047,-3.9761476465917,54.8933657357256));
#4232=CARTESIAN_POINT('Ctrl Pts',(59.7456656005459,-3.99446538074311,54.9008597906792));
#4233=CARTESIAN_POINT('Ctrl Pts',(59.8157032688551,-4.06522523500052,54.9298086897042));
#4234=CARTESIAN_POINT('Ctrl Pts',(59.8863351346117,-4.13620867176964,54.9575475887586));
#4235=CARTESIAN_POINT('Ctrl Pts',(59.9572187743827,-4.20718983479215,54.9841161600954));
#4236=CARTESIAN_POINT('Ctrl Pts',(59.9714700754698,-4.22146074312887,54.9894578258281));
#4237=CARTESIAN_POINT('Ctrl Pts',(59.985731459286,-4.23573145928598,54.9947522818535));
#4238=CARTESIAN_POINT('Ctrl Pts',(60.,-4.25,54.9999999999999));
#4239=CARTESIAN_POINT('',(60.,4.25,54.9999999999999));
#4240=CARTESIAN_POINT('Origin',(60.,2.34159062823227E-15,55.));
#4241=CARTESIAN_POINT('Ctrl Pts',(59.5000017973692,3.74423629502387,54.7929167165451));
#4242=CARTESIAN_POINT('Ctrl Pts',(59.5635313666141,3.80951731520847,54.822627192319));
#4243=CARTESIAN_POINT('Ctrl Pts',(59.6277563734972,3.8749886751415,54.8511580711485));
#4244=CARTESIAN_POINT('Ctrl Pts',(59.6923191173803,3.94043187527149,54.8785347492483));
#4245=CARTESIAN_POINT('Ctrl Pts',(59.7100705620419,3.9584254002631,54.8860619322192));
#4246=CARTESIAN_POINT('Ctrl Pts',(59.7278473667463,3.97641660206817,54.8935020193806));
#4247=CARTESIAN_POINT('Ctrl Pts',(59.7456417042112,3.9944005073536,54.9008559081166));
#4248=CARTESIAN_POINT('Ctrl Pts',(59.815997409342,4.06550573056638,54.9299319008863));
#4249=CARTESIAN_POINT('Ctrl Pts',(59.8869535970227,4.13682588354112,54.9577908061138));
#4250=CARTESIAN_POINT('Ctrl Pts',(59.9581623060199,4.20813367090685,54.9844697851114));
#4251=CARTESIAN_POINT('Ctrl Pts',(59.9720995367114,4.22209029358148,54.9896914931039));
#4252=CARTESIAN_POINT('Ctrl Pts',(59.9860463491131,4.23604634911309,54.9948680927898));
#4253=CARTESIAN_POINT('Ctrl Pts',(60.,4.24999999999999,54.9999999999999));
#4254=CARTESIAN_POINT('Ctrl Pts',(60.,-4.25,54.9999999999999));
#4255=CARTESIAN_POINT('Ctrl Pts',(59.4016013993162,-4.25000000000001,55.5983986006837));
#4256=CARTESIAN_POINT('Ctrl Pts',(57.6066689901126,-3.85972378109526,57.3933310098874));
#4257=CARTESIAN_POINT('Ctrl Pts',(55.8599399065791,-1.74345114781021,59.1400600934209));
#4258=CARTESIAN_POINT('Ctrl Pts',(55.8622132197762,1.04129277825127,59.1377867802238));
#4259=CARTESIAN_POINT('Ctrl Pts',(56.7341341772561,2.81302664943657,58.2658658227439));
#4260=CARTESIAN_POINT('Ctrl Pts',(58.2047874054942,3.97791592095314,56.7952125945057));
#4261=CARTESIAN_POINT('Ctrl Pts',(59.4016013993162,4.25000000000001,55.5983986006837));
#4262=CARTESIAN_POINT('Ctrl Pts',(60.,4.25,54.9999999999999));
#4263=CARTESIAN_POINT('Ctrl Pts',(59.8822145068312,-4.07777159118262,54.8822145068312));
#4264=CARTESIAN_POINT('Ctrl Pts',(59.2962825436617,-4.0953922597559,55.4673144353206));
#4265=CARTESIAN_POINT('Ctrl Pts',(57.5324530000981,-3.7689990250003,57.2387157254301));
#4266=CARTESIAN_POINT('Ctrl Pts',(55.8114013219282,-1.72188070324717,59.0218897259403));
#4267=CARTESIAN_POINT('Ctrl Pts',(55.8139885563882,1.02786487834914,59.020805377225));
#4268=CARTESIAN_POINT('Ctrl Pts',(56.6723747465391,2.75808388858621,58.1278145916044));
#4269=CARTESIAN_POINT('Ctrl Pts',(58.1205182096898,3.86464129580893,56.6497748739109));
#4270=CARTESIAN_POINT('Ctrl Pts',(59.2962825436617,4.0953922597559,55.4673144353206));
#4271=CARTESIAN_POINT('Ctrl Pts',(59.8822145068312,4.07777159118263,54.8822145068311));
#4272=CARTESIAN_POINT('Ctrl Pts',(59.7644290136624,-3.90554318236525,54.7644290136624));
#4273=CARTESIAN_POINT('Ctrl Pts',(59.1909636880071,-3.94078451951178,55.3362302699575));
#4274=CARTESIAN_POINT('Ctrl Pts',(57.4582370100835,-3.67827426890533,57.0841004409729));
#4275=CARTESIAN_POINT('Ctrl Pts',(55.7628627372774,-1.70031025868414,58.9037193584597));
#4276=CARTESIAN_POINT('Ctrl Pts',(55.7657638930002,1.01443697844703,58.9038239742261));
#4277=CARTESIAN_POINT('Ctrl Pts',(56.6106153158221,2.70314112773585,57.989763360465));
#4278=CARTESIAN_POINT('Ctrl Pts',(58.0362490138853,3.75136667066472,56.504337153316));
#4279=CARTESIAN_POINT('Ctrl Pts',(59.1909636880072,3.94078451951179,55.3362302699575));
#4280=CARTESIAN_POINT('Ctrl Pts',(59.7644290136624,3.90554318236525,54.7644290136624));
#4281=CARTESIAN_POINT('Ctrl Pts',(59.6466435204936,-3.73331477354788,54.6466435204936));
#4282=CARTESIAN_POINT('Ctrl Pts',(59.0856448323526,-3.78617677926767,55.2051461045944));
#4283=CARTESIAN_POINT('Ctrl Pts',(57.384021020069,-3.58754951281037,56.9294851565156));
#4284=CARTESIAN_POINT('Ctrl Pts',(55.7143241526265,-1.6787398141211,58.7855489909792));
#4285=CARTESIAN_POINT('Ctrl Pts',(55.7175392296122,1.0010090785449,58.7868425712272));
#4286=CARTESIAN_POINT('Ctrl Pts',(56.548855885105,2.64819836688549,57.8517121293255));
#4287=CARTESIAN_POINT('Ctrl Pts',(57.9519798180809,3.63809204552051,56.3588994327211));
#4288=CARTESIAN_POINT('Ctrl Pts',(59.0856448323526,3.78617677926767,55.2051461045944));
#4289=CARTESIAN_POINT('Ctrl Pts',(59.6466435204937,3.73331477354788,54.6466435204936));
#4290=CARTESIAN_POINT('Ctrl Pts',(60.,4.25,54.9999999999999));
#4291=CARTESIAN_POINT('Ctrl Pts',(59.4016013993162,4.25000000000001,55.5983986006837));
#4292=CARTESIAN_POINT('Ctrl Pts',(58.2047874054942,3.97791592095314,56.7952125945057));
#4293=CARTESIAN_POINT('Ctrl Pts',(56.7341341772561,2.81302664943657,58.2658658227439));
#4294=CARTESIAN_POINT('Ctrl Pts',(55.8622132197762,1.04129277825127,59.1377867802238));
#4295=CARTESIAN_POINT('Ctrl Pts',(55.8599399065791,-1.74345114781021,59.1400600934209));
#4296=CARTESIAN_POINT('Ctrl Pts',(57.6066689901126,-3.85972378109526,57.3933310098874));
#4297=CARTESIAN_POINT('Ctrl Pts',(59.4016013993162,-4.25000000000001,55.5983986006837));
#4298=CARTESIAN_POINT('Ctrl Pts',(60.,-4.25,54.9999999999999));
#4299=CARTESIAN_POINT('',(59.2931801751321,-3.75069772050999,54.9998926267179));
#4300=CARTESIAN_POINT('Ctrl Pts',(59.4999841914327,-3.74440387582692,54.7928817394023));
#4301=CARTESIAN_POINT('Ctrl Pts',(59.4310348058084,-3.74833084416924,54.8617426873166));
#4302=CARTESIAN_POINT('Ctrl Pts',(59.3620655148418,-3.75043984748992,54.9307791229694));
#4303=CARTESIAN_POINT('Ctrl Pts',(59.2931801751321,-3.75069772050999,54.9998926267179));
#4304=CARTESIAN_POINT('Ctrl Pts',(59.2931801751321,-3.75069772050999,54.9998926267179));
#4305=CARTESIAN_POINT('Ctrl Pts',(58.8497962035982,-3.75235753324037,55.4447451876225));
#4306=CARTESIAN_POINT('Ctrl Pts',(57.2964282468981,-3.48741281241651,57.026854793851));
#4307=CARTESIAN_POINT('Ctrl Pts',(55.7143241526265,-1.6787398141211,58.7855489909792));
#4308=CARTESIAN_POINT('Ctrl Pts',(55.7175392296122,1.0010090785449,58.7868425712272));
#4309=CARTESIAN_POINT('Ctrl Pts',(56.548855885105,2.64819836688549,57.8517121293255));
#4310=CARTESIAN_POINT('Ctrl Pts',(57.9112557997926,3.60936154828874,56.4022265616573));
#4311=CARTESIAN_POINT('Ctrl Pts',(58.9873107133255,3.77231269536869,55.3053045962577));
#4312=CARTESIAN_POINT('Ctrl Pts',(59.5000064716525,3.74423603904995,54.7929120450258));
#4313=CARTESIAN_POINT('Origin',(60.,0.,7.50000000000001));
#4314=CARTESIAN_POINT('',(60.,-42.5,54.9999999999999));
#4315=CARTESIAN_POINT('',(60.,0.,54.9999999999999));
#4316=CARTESIAN_POINT('',(60.,-42.5,0.));
#4317=CARTESIAN_POINT('',(60.,-42.5,31.2499998940347));
#4318=CARTESIAN_POINT('',(59.9999999999955,-15.6817712441184,-39.5010386021346));
#4319=CARTESIAN_POINT('Origin',(60.,0.,2.77555756156289E-16));
#4320=CARTESIAN_POINT('',(59.9999999999999,-13.0726684705345,-40.0000000000026));
#4321=CARTESIAN_POINT('Ctrl Pts',(60.,-13.0726684705345,-40.0000000000025));
#4322=CARTESIAN_POINT('Ctrl Pts',(60.,-13.3196985735079,-40.0000000000025));
#4323=CARTESIAN_POINT('Ctrl Pts',(59.9999646225142,-13.5659743561154,-39.9872534650554));
#4324=CARTESIAN_POINT('Ctrl Pts',(59.9999399506426,-13.8109839163106,-39.9616598876524));
#4325=CARTESIAN_POINT('Ctrl Pts',(59.9999200961716,-14.0081531978238,-39.9410636820845));
#4326=CARTESIAN_POINT('Ctrl Pts',(59.9999065477451,-14.2045023389397,-39.9121469997766));
#4327=CARTESIAN_POINT('Ctrl Pts',(59.9999065468741,-14.3997552329926,-39.8748421101004));
#4328=CARTESIAN_POINT('Ctrl Pts',(59.9999065457785,-14.6453644259042,-39.8279161790432));
#4329=CARTESIAN_POINT('Ctrl Pts',(59.9999288952666,-14.8876943733677,-39.7680138853694));
#4330=CARTESIAN_POINT('Ctrl Pts',(59.9999557701927,-15.1262812928805,-39.6954589795844));
#4331=CARTESIAN_POINT('Ctrl Pts',(59.9999768963201,-15.3138322336296,-39.638424248327));
#4332=CARTESIAN_POINT('Ctrl Pts',(60.,-15.4990704542765,-39.5735701631699));
#4333=CARTESIAN_POINT('Ctrl Pts',(60.,-15.6817712441186,-39.5010386021322));
#4334=CARTESIAN_POINT('',(60.,-4.24999999999975,-40.0000000000025));
#4335=CARTESIAN_POINT('',(60.,0.,-40.0000000000025));
#4336=CARTESIAN_POINT('',(60.,4.25000000000025,-40.0000000000025));
#4337=CARTESIAN_POINT('Origin',(60.,2.4980018054066E-13,-40.));
#4338=CARTESIAN_POINT('',(59.9999999999999,13.0726684705345,-40.0000000000027));
#4339=CARTESIAN_POINT('',(60.,0.,-40.0000000000025));
#4340=CARTESIAN_POINT('',(59.9999999999955,15.6817712441184,-39.5010386021346));
#4341=CARTESIAN_POINT('Ctrl Pts',(60.,15.6817712441186,-39.5010386021322));
#4342=CARTESIAN_POINT('Ctrl Pts',(60.,15.4493543128505,-39.5933072937511));
#4343=CARTESIAN_POINT('Ctrl Pts',(59.9999637922782,15.2128311056604,-39.6731527488489));
#4344=CARTESIAN_POINT('Ctrl Pts',(59.9999390450005,14.9726641171448,-39.7402792262989));
#4345=CARTESIAN_POINT('Ctrl Pts',(59.9999195927728,14.7838844452988,-39.7930429906427));
#4346=CARTESIAN_POINT('Ctrl Pts',(59.9999065477357,14.5928532816591,-39.8379477376889));
#4347=CARTESIAN_POINT('Ctrl Pts',(59.9999065468745,14.3997960846506,-39.8748343048836));
#4348=CARTESIAN_POINT('Ctrl Pts',(59.9999065457922,14.1571680816791,-39.9211921422167));
#4349=CARTESIAN_POINT('Ctrl Pts',(59.9999285270765,13.9128479201571,-39.9545983403042));
#4350=CARTESIAN_POINT('Ctrl Pts',(59.9999550632851,13.6673632082005,-39.9751796720083));
#4351=CARTESIAN_POINT('Ctrl Pts',(59.9999764195448,13.4697978600869,-39.9917434650459));
#4352=CARTESIAN_POINT('Ctrl Pts',(60.,13.2714776179969,-40.0000000000025));
#4353=CARTESIAN_POINT('Ctrl Pts',(60.,13.0726684705345,-40.0000000000025));
#4354=CARTESIAN_POINT('',(60.,42.5,-4.18217505790571E-15));
#4355=CARTESIAN_POINT('Origin',(60.,0.,2.77555756156289E-16));
#4356=CARTESIAN_POINT('',(60.,42.5,54.9999999999999));
#4357=CARTESIAN_POINT('',(60.,42.5,3.75));
#4358=CARTESIAN_POINT('',(60.,0.,54.9999999999999));
#4359=CARTESIAN_POINT('',(60.,-29.25,7.50000000000001));
#4360=CARTESIAN_POINT('Origin',(60.,-25.,7.50000000000001));
#4361=CARTESIAN_POINT('',(60.,20.75,7.50000000000001));
#4362=CARTESIAN_POINT('Origin',(60.,25.,7.50000000000001));
#4363=CARTESIAN_POINT('Origin',(60.,2.34159062823227E-15,55.));
#4364=CARTESIAN_POINT('',(53.,-3.75,55.));
#4365=CARTESIAN_POINT('',(60.,-3.75,55.));
#4366=CARTESIAN_POINT('Origin',(53.,2.34159062823227E-15,55.));
#4367=CARTESIAN_POINT('Origin',(59.75,2.4980018054066E-13,-40.));
#4368=CARTESIAN_POINT('',(59.5000065320929,-3.74423642571668,-39.7929121066155));
#4369=CARTESIAN_POINT('',(59.4999841761674,3.7444036858635,-39.7928817352729));
#4370=CARTESIAN_POINT('Origin',(59.5,2.4980018054066E-13,-40.));
#4371=CARTESIAN_POINT('Ctrl Pts',(59.4999938911971,3.74440313256313,-39.7928720327078));
#4372=CARTESIAN_POINT('Ctrl Pts',(59.5632047614736,3.80930827357095,-39.8224481913792));
#4373=CARTESIAN_POINT('Ctrl Pts',(59.6271027938112,3.87441131021445,-39.8508511306628));
#4374=CARTESIAN_POINT('Ctrl Pts',(59.6913361910208,3.93949697342869,-39.8781073960729));
#4375=CARTESIAN_POINT('Ctrl Pts',(59.7094228379772,3.95782359888554,-39.8857821333784));
#4376=CARTESIAN_POINT('Ctrl Pts',(59.7275358998472,3.97614864073592,-39.8933661226521));
#4377=CARTESIAN_POINT('Ctrl Pts',(59.7456671100741,3.994466820139,-39.9008603580863));
#4378=CARTESIAN_POINT('Ctrl Pts',(59.8157047636122,4.06522670248688,-39.9298092621199));
#4379=CARTESIAN_POINT('Ctrl Pts',(59.8863366210003,4.13621015374884,-39.9575481569018));
#4380=CARTESIAN_POINT('Ctrl Pts',(59.9572202598336,4.20719131997585,-39.9841167153479));
#4381=CARTESIAN_POINT('Ctrl Pts',(59.9714710660688,4.2214617336129,-39.9894581930795));
#4382=CARTESIAN_POINT('Ctrl Pts',(59.9857319546312,4.23573195463144,-39.9947524640354));
#4383=CARTESIAN_POINT('Ctrl Pts',(60.,4.25000000000025,-40.0000000000025));
#4384=CARTESIAN_POINT('Ctrl Pts',(59.5000017464434,-3.74423668781413,-39.7929168894428));
#4385=CARTESIAN_POINT('Ctrl Pts',(59.5635311024162,-3.80951737270929,-39.822627206246));
#4386=CARTESIAN_POINT('Ctrl Pts',(59.6277558909358,-3.87498841785727,-39.8511579498505));
#4387=CARTESIAN_POINT('Ctrl Pts',(59.6923184131155,-3.9404313253818,-39.8785345129442));
#4388=CARTESIAN_POINT('Ctrl Pts',(59.7100696675902,-3.95842463892984,-39.8860616094967));
#4389=CARTESIAN_POINT('Ctrl Pts',(59.727846281487,-3.97641563098862,-39.8935016130222));
#4390=CARTESIAN_POINT('Ctrl Pts',(59.7456404277353,-3.9943993283406,-39.9008554207808));
#4391=CARTESIAN_POINT('Ctrl Pts',(59.8159959630621,-4.06550432189837,-39.929931335653));
#4392=CARTESIAN_POINT('Ctrl Pts',(59.886951977442,-4.13682426998775,-39.9577901816512));
#4393=CARTESIAN_POINT('Ctrl Pts',(59.9581605097832,-4.20813187505397,-39.984469112957));
#4394=CARTESIAN_POINT('Ctrl Pts',(59.9720983386016,-4.22208909563112,-39.9896910486629));
#4395=CARTESIAN_POINT('Ctrl Pts',(59.9860457498728,-4.23604574987258,-39.9948678724024));
#4396=CARTESIAN_POINT('Ctrl Pts',(60.,-4.24999999999975,-40.0000000000025));
#4397=CARTESIAN_POINT('Ctrl Pts',(60.,4.25000000000025,-40.0000000000025));
#4398=CARTESIAN_POINT('Ctrl Pts',(59.4016013993165,4.24999999999987,-40.5983986006861));
#4399=CARTESIAN_POINT('Ctrl Pts',(57.6066883539874,3.85970295412641,-42.3933116460151));
#4400=CARTESIAN_POINT('Ctrl Pts',(55.8599738252678,1.74346278146206,-44.1400261747347));
#4401=CARTESIAN_POINT('Ctrl Pts',(55.8622149098817,-1.041354032268,-44.1377850901209));
#4402=CARTESIAN_POINT('Ctrl Pts',(56.7341393434861,-2.81304398738242,-43.2658606565164));
#4403=CARTESIAN_POINT('Ctrl Pts',(58.2047805960809,-3.97794414170237,-41.7952194039217));
#4404=CARTESIAN_POINT('Ctrl Pts',(59.4016013993165,-4.24999999999937,-40.5983986006861));
#4405=CARTESIAN_POINT('Ctrl Pts',(60.,-4.24999999999975,-40.0000000000025));
#4406=CARTESIAN_POINT('Ctrl Pts',(59.8822145068313,4.07777159118295,-39.8822145068337));
#4407=CARTESIAN_POINT('Ctrl Pts',(59.296282543662,4.09539225975584,-40.4673144353229));
#4408=CARTESIAN_POINT('Ctrl Pts',(57.5324724671328,3.76897592799381,-42.2386954349346));
#4409=CARTESIAN_POINT('Ctrl Pts',(55.8114341269644,1.7218939306382,-44.0218489180687));
#4410=CARTESIAN_POINT('Ctrl Pts',(55.8139912152029,-1.0279318338584,-44.0208074118663));
#4411=CARTESIAN_POINT('Ctrl Pts',(56.6723801604128,-2.75810262166288,-43.12780999492));
#4412=CARTESIAN_POINT('Ctrl Pts',(58.1205120734547,-3.86467219584214,-41.6497847775718));
#4413=CARTESIAN_POINT('Ctrl Pts',(59.296282543662,-4.09539225975534,-40.4673144353229));
#4414=CARTESIAN_POINT('Ctrl Pts',(59.8822145068313,-4.07777159118245,-39.8822145068337));
#4415=CARTESIAN_POINT('Ctrl Pts',(59.7644290136625,3.90554318236565,-39.7644290136649));
#4416=CARTESIAN_POINT('Ctrl Pts',(59.1909636880075,3.9407845195118,-40.3362302699598));
#4417=CARTESIAN_POINT('Ctrl Pts',(57.4582565802783,3.67824890186122,-42.0840792238541));
#4418=CARTESIAN_POINT('Ctrl Pts',(55.762894428661,1.70032507981433,-43.9036716614026));
#4419=CARTESIAN_POINT('Ctrl Pts',(55.7657675205241,-1.0145096354488,-43.9038297336117));
#4420=CARTESIAN_POINT('Ctrl Pts',(56.6106209773395,-2.70316125594333,-42.9897593333236));
#4421=CARTESIAN_POINT('Ctrl Pts',(58.0362435508285,-3.7514002499819,-41.504350151222));
#4422=CARTESIAN_POINT('Ctrl Pts',(59.1909636880075,-3.9407845195113,-40.3362302699598));
#4423=CARTESIAN_POINT('Ctrl Pts',(59.7644290136625,-3.90554318236515,-39.7644290136648));
#4424=CARTESIAN_POINT('Ctrl Pts',(59.6466435204938,3.73331477354835,-39.646643520496));
#4425=CARTESIAN_POINT('Ctrl Pts',(59.085644832353,3.78617677926777,-40.2051461045966));
#4426=CARTESIAN_POINT('Ctrl Pts',(57.3840406934237,3.58752187572862,-41.9294630127736));
#4427=CARTESIAN_POINT('Ctrl Pts',(55.7143547303576,1.67875622899047,-43.7854944047365));
#4428=CARTESIAN_POINT('Ctrl Pts',(55.7175438258453,-1.00108743703919,-43.7868520553571));
#4429=CARTESIAN_POINT('Ctrl Pts',(56.5488617942661,-2.64821989022379,-42.8517086717271));
#4430=CARTESIAN_POINT('Ctrl Pts',(57.9519750282022,-3.63812830412167,-41.3589155248722));
#4431=CARTESIAN_POINT('Ctrl Pts',(59.085644832353,-3.78617677926727,-40.2051461045966));
#4432=CARTESIAN_POINT('Ctrl Pts',(59.6466435204938,-3.73331477354785,-39.646643520496));
#4433=CARTESIAN_POINT('Ctrl Pts',(60.,-4.24999999999975,-40.0000000000025));
#4434=CARTESIAN_POINT('Ctrl Pts',(59.4016013993165,-4.24999999999937,-40.5983986006861));
#4435=CARTESIAN_POINT('Ctrl Pts',(58.2047805960809,-3.97794414170237,-41.7952194039217));
#4436=CARTESIAN_POINT('Ctrl Pts',(56.7341393434861,-2.81304398738242,-43.2658606565164));
#4437=CARTESIAN_POINT('Ctrl Pts',(55.8622149098817,-1.041354032268,-44.1377850901209));
#4438=CARTESIAN_POINT('Ctrl Pts',(55.8599738252678,1.74346278146206,-44.1400261747347));
#4439=CARTESIAN_POINT('Ctrl Pts',(57.6066883539874,3.85970295412641,-42.3933116460151));
#4440=CARTESIAN_POINT('Ctrl Pts',(59.4016013993165,4.24999999999987,-40.5983986006861));
#4441=CARTESIAN_POINT('Ctrl Pts',(60.,4.25000000000025,-40.0000000000025));
#4442=CARTESIAN_POINT('',(59.2933200432186,-3.74982101921241,-40.0000282478897));
#4443=CARTESIAN_POINT('Ctrl Pts',(59.4999841761674,3.7444036858635,-39.7928817352729));
#4444=CARTESIAN_POINT('Ctrl Pts',(58.9872396255163,3.77360540635753,-40.3049684805224));
#4445=CARTESIAN_POINT('Ctrl Pts',(57.3476916283332,3.5459680456848,-41.9698688180381));
#4446=CARTESIAN_POINT('Ctrl Pts',(55.7143547303576,1.67875622899047,-43.7854944047365));
#4447=CARTESIAN_POINT('Ctrl Pts',(55.7175438258453,-1.00108743703919,-43.7868520553571));
#4448=CARTESIAN_POINT('Ctrl Pts',(56.5488617942661,-2.64821989022379,-42.8517086717271));
#4449=CARTESIAN_POINT('Ctrl Pts',(57.8538584653706,-3.56890622799792,-41.4633032029622));
#4450=CARTESIAN_POINT('Ctrl Pts',(58.8500011867939,-3.74948673565314,-40.4454429598728));
#4451=CARTESIAN_POINT('Ctrl Pts',(59.2933200432186,-3.74982101921241,-40.0000282478897));
#4452=CARTESIAN_POINT('Ctrl Pts',(59.2933200432186,-3.74982101921241,-40.0000282478897));
#4453=CARTESIAN_POINT('Ctrl Pts',(59.3621625354339,-3.74987292973459,-39.9308602925955));
#4454=CARTESIAN_POINT('Ctrl Pts',(59.4310921557103,-3.7480107294282,-39.8617858385243));
#4455=CARTESIAN_POINT('Ctrl Pts',(59.5000065320929,-3.74423642571667,-39.7929121066155));
#4456=CARTESIAN_POINT('Origin',(60.,2.4980018054066E-13,-40.));
#4457=CARTESIAN_POINT('',(53.,-3.74999999999975,-40.));
#4458=CARTESIAN_POINT('',(60.,-3.74999999999975,-40.));
#4459=CARTESIAN_POINT('Origin',(53.,2.4980018054066E-13,-40.));
#4460=CARTESIAN_POINT('Origin',(32.75,2.4980018054066E-13,-40.));
#4461=CARTESIAN_POINT('',(32.5,-2.59999999999975,-40.));
#4462=CARTESIAN_POINT('Origin',(32.5,2.4980018054066E-13,-40.));
#4463=CARTESIAN_POINT('',(33.,-2.09999999999975,-40.));
#4464=CARTESIAN_POINT('',(32.75,-2.34999999999975,-40.));
#4465=CARTESIAN_POINT('Origin',(33.,2.4980018054066E-13,-40.));
#4466=CARTESIAN_POINT('Origin',(0.,2.4980018054066E-13,-40.));
#4467=CARTESIAN_POINT('',(52.5,-2.09999999999975,-40.));
#4468=CARTESIAN_POINT('',(0.,-2.09999999999975,-40.));
#4469=CARTESIAN_POINT('Origin',(52.5,2.4980018054066E-13,-40.));
#4470=CARTESIAN_POINT('Origin',(32.5,0.,7.50000000000001));
#4471=CARTESIAN_POINT('',(32.5,43.75,6.44492312454847E-15));
#4472=CARTESIAN_POINT('',(32.5,43.75,12.5000000000003));
#4473=CARTESIAN_POINT('',(32.5,43.75,3.75));
#4474=CARTESIAN_POINT('',(32.5,-43.75,0.));
#4475=CARTESIAN_POINT('Origin',(32.5,0.,2.77555756156289E-16));
#4476=CARTESIAN_POINT('',(32.5,-43.75,12.5000000000003));
#4477=CARTESIAN_POINT('',(32.5,-43.75,10.0000000000001));
#4478=CARTESIAN_POINT('',(32.5,-42.5,11.2500000000003));
#4479=CARTESIAN_POINT('Origin',(32.5000000000001,-43.75,11.2500000000002));
#4480=CARTESIAN_POINT('',(32.5,-42.5,0.));
#4481=CARTESIAN_POINT('',(32.5,-42.5,31.2499998940347));
#4482=CARTESIAN_POINT('',(32.5,-8.70481927710816,-41.5989918309673));
#4483=CARTESIAN_POINT('Origin',(32.5,0.,2.77555756156289E-16));
#4484=CARTESIAN_POINT('',(32.5,-7.49999999999973,-40.6201920231799));
#4485=CARTESIAN_POINT('Origin',(32.5,-8.49999999999973,-40.6201920231799));
#4486=CARTESIAN_POINT('',(32.5,-7.4999999999996,-40.));
#4487=CARTESIAN_POINT('',(32.5,-7.49999999999973,-16.25));
#4488=CARTESIAN_POINT('',(32.5,7.50000000000011,-40.));
#4489=CARTESIAN_POINT('Origin',(32.5,2.4980018054066E-13,-40.));
#4490=CARTESIAN_POINT('',(32.5,7.50000000000009,-40.6201920231798));
#4491=CARTESIAN_POINT('',(32.5,7.50000000000058,-18.4352991866236));
#4492=CARTESIAN_POINT('',(32.5,8.70481927710852,-41.5989918309673));
#4493=CARTESIAN_POINT('Origin',(32.5,8.50000000000009,-40.6201920231798));
#4494=CARTESIAN_POINT('',(32.5,42.5,-4.44089209850063E-15));
#4495=CARTESIAN_POINT('Origin',(32.5,0.,2.77555756156289E-16));
#4496=CARTESIAN_POINT('',(32.5,42.5,11.2500000000003));
#4497=CARTESIAN_POINT('',(32.5,42.5,3.75));
#4498=CARTESIAN_POINT('Origin',(32.5000000000001,43.75,11.2500000000002));
#4499=CARTESIAN_POINT('Origin',(52.75,2.34159062823227E-15,55.));
#4500=CARTESIAN_POINT('',(52.5,-2.1,55.));
#4501=CARTESIAN_POINT('Origin',(52.5,2.34159062823227E-15,55.));
#4502=CARTESIAN_POINT('',(53.,-2.6,55.));
#4503=CARTESIAN_POINT('',(52.75,-2.35,55.));
#4504=CARTESIAN_POINT('Origin',(53.,2.34159062823227E-15,55.));
#4505=CARTESIAN_POINT('Origin',(0.,2.34159062823227E-15,55.));
#4506=CARTESIAN_POINT('',(34.3999999999959,-2.1,55.));
#4507=CARTESIAN_POINT('Origin',(34.3999999999959,2.34159062823227E-15,55.));
#4508=CARTESIAN_POINT('',(0.,-2.1,55.));
#4509=CARTESIAN_POINT('Origin',(53.,0.,7.5));
#4510=CARTESIAN_POINT('Origin',(52.75,25.,7.50000000000001));
#4511=CARTESIAN_POINT('',(52.5,22.9,7.50000000000001));
#4512=CARTESIAN_POINT('Origin',(52.5,25.,7.50000000000001));
#4513=CARTESIAN_POINT('',(53.,22.4,7.50000000000001));
#4514=CARTESIAN_POINT('',(52.75,22.65,7.50000000000001));
#4515=CARTESIAN_POINT('Origin',(53.,25.,7.50000000000001));
#4516=CARTESIAN_POINT('Origin',(53.,0.,7.5));
#4517=CARTESIAN_POINT('',(53.,21.25,7.50000000000001));
#4518=CARTESIAN_POINT('Origin',(53.,25.,7.50000000000001));
#4519=CARTESIAN_POINT('Origin',(0.,25.,7.50000000000001));
#4520=CARTESIAN_POINT('',(0.,22.9,7.50000000000001));
#4521=CARTESIAN_POINT('Origin',(52.75,-25.,7.50000000000001));
#4522=CARTESIAN_POINT('',(52.5,-27.1,7.50000000000001));
#4523=CARTESIAN_POINT('Origin',(52.5,-25.,7.50000000000001));
#4524=CARTESIAN_POINT('',(53.,-27.6,7.50000000000001));
#4525=CARTESIAN_POINT('',(52.75,-27.35,7.50000000000001));
#4526=CARTESIAN_POINT('Origin',(53.,-25.,7.50000000000001));
#4527=CARTESIAN_POINT('Origin',(53.,0.,7.5));
#4528=CARTESIAN_POINT('',(53.,-28.75,7.50000000000001));
#4529=CARTESIAN_POINT('Origin',(53.,-25.,7.50000000000001));
#4530=CARTESIAN_POINT('Origin',(0.,-25.,7.50000000000001));
#4531=CARTESIAN_POINT('',(0.,-27.1,7.50000000000001));
#4532=CARTESIAN_POINT('Origin',(52.75,2.4980018054066E-13,-40.));
#4533=CARTESIAN_POINT('',(53.,-2.59999999999975,-40.));
#4534=CARTESIAN_POINT('',(52.75,-2.34999999999975,-40.));
#4535=CARTESIAN_POINT('Origin',(53.,2.4980018054066E-13,-40.));
#4536=CARTESIAN_POINT('Origin',(53.,0.,7.5));
#4537=CARTESIAN_POINT('Origin',(59.75,25.,7.50000000000001));
#4538=CARTESIAN_POINT('',(59.5,21.25,7.50000000000001));
#4539=CARTESIAN_POINT('',(59.75,21.,7.50000000000001));
#4540=CARTESIAN_POINT('Origin',(59.5,25.,7.50000000000001));
#4541=CARTESIAN_POINT('Origin',(60.,25.,7.50000000000001));
#4542=CARTESIAN_POINT('',(60.,21.25,7.50000000000001));
#4543=CARTESIAN_POINT('Origin',(59.75,-25.,7.50000000000001));
#4544=CARTESIAN_POINT('',(59.5,-28.75,7.50000000000001));
#4545=CARTESIAN_POINT('',(59.75,-29.,7.50000000000001));
#4546=CARTESIAN_POINT('Origin',(59.5,-25.,7.50000000000001));
#4547=CARTESIAN_POINT('Origin',(60.,-25.,7.50000000000001));
#4548=CARTESIAN_POINT('',(60.,-28.75,7.50000000000001));
#4549=CARTESIAN_POINT('Origin',(13.7500000000004,-47.25,52.25));
#4550=CARTESIAN_POINT('',(30.,-47.5,52.5));
#4551=CARTESIAN_POINT('',(30.,-47.,52.));
#4552=CARTESIAN_POINT('',(30.,-24.25,29.25));
#4553=CARTESIAN_POINT('',(32.5000000000007,-47.,52.));
#4554=CARTESIAN_POINT('',(13.7500000000004,-47.,52.));
#4555=CARTESIAN_POINT('',(32.5000000000007,-47.5,52.5));
#4556=CARTESIAN_POINT('',(32.5000000000007,-47.,52.));
#4557=CARTESIAN_POINT('',(13.7500000000004,-47.5,52.5));
#4558=CARTESIAN_POINT('Origin',(32.5000000000007,-47.25,51.));
#4559=CARTESIAN_POINT('',(33.5000000000007,-47.,50.9999999999989));
#4560=CARTESIAN_POINT('',(34.0000000000007,-47.5,50.9999999999984));
#4561=CARTESIAN_POINT('',(33.5000000000007,-47.,50.9999999999989));
#4562=CARTESIAN_POINT('Origin',(32.5000000000007,-47.5,51.));
#4563=CARTESIAN_POINT('Origin',(32.5000000000007,-47.,51.));
#4564=CARTESIAN_POINT('Origin',(33.7500000000027,-47.25,52.9999998940168));
#4565=CARTESIAN_POINT('',(34.0000000000027,-47.5,52.9999998940166));
#4566=CARTESIAN_POINT('',(33.5000000000002,-47.,50.5));
#4567=CARTESIAN_POINT('',(33.5000000000027,-47.,52.9999998940171));
#4568=CARTESIAN_POINT('',(33.5000000000002,-47.,50.5));
#4569=CARTESIAN_POINT('Origin',(33.7499999999999,-22.5,50.25));
#4570=CARTESIAN_POINT('',(33.5000000000002,47.,50.5));
#4571=CARTESIAN_POINT('',(33.5000000000002,-22.5,50.5));
#4572=CARTESIAN_POINT('',(33.5000000000002,47.,50.5));
#4573=CARTESIAN_POINT('Origin',(33.7499999999747,47.25,25.4999999999821));
#4574=CARTESIAN_POINT('',(33.5000000000007,47.,50.9999999999989));
#4575=CARTESIAN_POINT('',(33.4999999999747,47.,25.4999999999824));
#4576=CARTESIAN_POINT('',(34.0000000000007,47.5,50.9999999999984));
#4577=CARTESIAN_POINT('',(33.5000000000007,47.,50.9999999999989));
#4578=CARTESIAN_POINT('',(33.9999999999747,47.5,25.4999999999819));
#4579=CARTESIAN_POINT('Origin',(32.5000000000007,47.25,51.));
#4580=CARTESIAN_POINT('',(32.5000000000007,47.,52.));
#4581=CARTESIAN_POINT('',(32.5000000000007,47.5,52.5));
#4582=CARTESIAN_POINT('',(32.5000000000007,47.,52.));
#4583=CARTESIAN_POINT('Origin',(32.5000000000007,47.5,51.));
#4584=CARTESIAN_POINT('Origin',(32.5000000000007,47.,51.));
#4585=CARTESIAN_POINT('Origin',(13.7500000000004,47.25,52.25));
#4586=CARTESIAN_POINT('',(30.,47.,52.));
#4587=CARTESIAN_POINT('',(30.,47.5,52.5));
#4588=CARTESIAN_POINT('',(30.,24.25,29.25));
#4589=CARTESIAN_POINT('',(13.7500000000004,47.5,52.5));
#4590=CARTESIAN_POINT('',(13.7500000000004,47.,52.));
#4591=CARTESIAN_POINT('Origin',(32.5000000000007,0.,51.));
#4592=CARTESIAN_POINT('',(33.5000000000007,16.,50.9999999999989));
#4593=CARTESIAN_POINT('',(33.5000000000007,0.,50.9999999999989));
#4594=CARTESIAN_POINT('',(32.5000000000007,16.,52.));
#4595=CARTESIAN_POINT('Origin',(32.5000000000007,16.,51.));
#4596=CARTESIAN_POINT('',(32.5000000000007,43.7499999999993,52.));
#4597=CARTESIAN_POINT('',(32.5,0.,52.));
#4598=CARTESIAN_POINT('',(32.5000000000007,0.,52.));
#4599=CARTESIAN_POINT('Origin',(33.5000000000007,0.,50.9999999999989));
#4600=CARTESIAN_POINT('',(33.5000000000007,-16.,50.9999999999989));
#4601=CARTESIAN_POINT('',(33.5000000000007,0.,50.9999999999989));
#4602=CARTESIAN_POINT('',(33.5000000000048,-12.,54.999999999999));
#4603=CARTESIAN_POINT('Origin',(33.5000000000048,-16.,54.999999999999));
#4604=CARTESIAN_POINT('',(33.5000000000089,-7.99999999999999,58.999999999999));
#4605=CARTESIAN_POINT('Origin',(33.5000000000048,-8.,54.999999999999));
#4606=CARTESIAN_POINT('',(33.5000000000089,8.,58.999999999999));
#4607=CARTESIAN_POINT('',(33.5000000000089,4.,58.999999999999));
#4608=CARTESIAN_POINT('',(33.5000000000048,12.,54.999999999999));
#4609=CARTESIAN_POINT('Origin',(33.5000000000048,8.,54.999999999999));
#4610=CARTESIAN_POINT('Origin',(33.5000000000048,16.,54.999999999999));
#4611=CARTESIAN_POINT('',(33.5000000000048,-3.,55.0000000000009));
#4612=CARTESIAN_POINT('Origin',(33.5000000000048,2.34159062823227E-15,55.0000000000009));
#4613=CARTESIAN_POINT('Origin',(32.5000000000007,0.,51.));
#4614=CARTESIAN_POINT('',(32.5000000000007,-43.7499999999993,52.));
#4615=CARTESIAN_POINT('',(32.5000000000007,0.,52.));
#4616=CARTESIAN_POINT('',(32.5000000000007,-16.,52.));
#4617=CARTESIAN_POINT('',(32.5,0.,52.));
#4618=CARTESIAN_POINT('Origin',(32.5000000000007,-16.,51.));
#4619=CARTESIAN_POINT('Origin',(27.5000000000007,0.,52.));
#4620=CARTESIAN_POINT('',(30.,-46.25,52.));
#4621=CARTESIAN_POINT('',(30.,0.,52.));
#4622=CARTESIAN_POINT('',(41.8750000000002,-34.3749999999998,52.));
#4623=CARTESIAN_POINT('Origin',(46.0000002086163,-18.,56.5));
#4624=CARTESIAN_POINT('',(50.5000002086162,-18.0000000722129,56.5));
#4625=CARTESIAN_POINT('Origin',(50.5000000962851,-25.0000000722129,56.5));
#4626=CARTESIAN_POINT('Origin',(46.0000002086163,25.,56.5));
#4627=CARTESIAN_POINT('',(50.5000002086162,24.9999999277871,56.5));
#4628=CARTESIAN_POINT('Origin',(50.5000000962851,17.9999999277871,56.5));
#4629=CARTESIAN_POINT('Origin',(48.6250001043081,-25.0000001684977,50.));
#4630=CARTESIAN_POINT('Origin',(46.0000002086163,25.,50.));
#4631=CARTESIAN_POINT('Origin',(10.,0.,2.77555756156289E-16));
#4632=CARTESIAN_POINT('',(50.,19.7099563492406,-6.80307443080193));
#4633=CARTESIAN_POINT('',(40.,19.9843138434384,5.94906725520531));
#4634=CARTESIAN_POINT('Ctrl Pts',(50.,19.7099563492406,-6.80307443080192));
#4635=CARTESIAN_POINT('Ctrl Pts',(49.0848199131275,20.0086245635099,-5.93776896839211));
#4636=CARTESIAN_POINT('Ctrl Pts',(48.1501015731418,20.2561686247173,-5.03338455522373));
#4637=CARTESIAN_POINT('Ctrl Pts',(46.1473167877125,20.6573106516694,-3.03927951493586));
#4638=CARTESIAN_POINT('Ctrl Pts',(45.0813763955167,20.788804423596,-1.94472829547642));
#4639=CARTESIAN_POINT('Ctrl Pts',(43.0889556818308,20.878221085257,0.23716007001861));
#4640=CARTESIAN_POINT('Ctrl Pts',(42.1724265260741,20.8393090256367,1.30176007098274));
#4641=CARTESIAN_POINT('Ctrl Pts',(41.0397474647898,20.6500933236715,2.939415474958));
#4642=CARTESIAN_POINT('Ctrl Pts',(40.7054091063795,20.5657516212596,3.48844042749657));
#4643=CARTESIAN_POINT('Ctrl Pts',(40.1932899150314,20.3352362725629,4.64581628755662));
#4644=CARTESIAN_POINT('Ctrl Pts',(40.0076915006618,20.1921803442261,5.25079486878321));
#4645=CARTESIAN_POINT('Ctrl Pts',(40.,19.9843138434384,5.94906725520531));
#4646=CARTESIAN_POINT('',(50.,12.7102895590163,16.529148203279));
#4647=CARTESIAN_POINT('Origin',(50.,0.,2.77555756156289E-16));
#4648=CARTESIAN_POINT('',(40.,19.958867844635,6.03388725121672));
#4649=CARTESIAN_POINT('Ctrl Pts',(40.,19.958867844635,6.03388725121671));
#4650=CARTESIAN_POINT('Ctrl Pts',(40.0076915006618,19.7480376463446,6.73127052838799));
#4651=CARTESIAN_POINT('Ctrl Pts',(40.1932899150313,19.534453927125,7.31509077234975));
#4652=CARTESIAN_POINT('Ctrl Pts',(40.7054091063794,19.0898148916002,8.40822952636135));
#4653=CARTESIAN_POINT('Ctrl Pts',(41.0397474647898,18.8580130362531,8.91301643301934));
#4654=CARTESIAN_POINT('Ctrl Pts',(42.172426526074,18.1145204182743,10.3843887621905));
#4655=CARTESIAN_POINT('Ctrl Pts',(43.0889556818308,17.5609882840322,11.2946027407681));
#4656=CARTESIAN_POINT('Ctrl Pts',(45.0813763955167,16.2852982093454,13.0669590853588));
#4657=CARTESIAN_POINT('Ctrl Pts',(46.1473167877124,15.5730137468419,13.9083768344892));
#4658=CARTESIAN_POINT('Ctrl Pts',(48.1501015731418,14.1404428581271,15.352368000077));
#4659=CARTESIAN_POINT('Ctrl Pts',(49.0848199131275,13.4359513502374,15.9711417425163));
#4660=CARTESIAN_POINT('Ctrl Pts',(50.,12.7102895590163,16.529148203279));
#4661=CARTESIAN_POINT('Origin',(40.,0.,2.77555756156289E-16));
#4662=CARTESIAN_POINT('Origin',(10.,0.,2.77555756156289E-16));
#4663=CARTESIAN_POINT('',(40.,-19.9843138434383,5.94906725520579));
#4664=CARTESIAN_POINT('',(50.,-19.7099563492406,-6.80307443080192));
#4665=CARTESIAN_POINT('Ctrl Pts',(40.,-19.9843138434383,5.94906725520579));
#4666=CARTESIAN_POINT('Ctrl Pts',(40.0076915006617,-20.192180344226,5.2507948687835));
#4667=CARTESIAN_POINT('Ctrl Pts',(40.1932899150313,-20.3352362725629,4.64581628755677));
#4668=CARTESIAN_POINT('Ctrl Pts',(40.7054091063794,-20.5657516212596,3.48844042749659));
#4669=CARTESIAN_POINT('Ctrl Pts',(41.0397474647898,-20.6500933236715,2.93941547495802));
#4670=CARTESIAN_POINT('Ctrl Pts',(42.1724265260741,-20.8393090256367,1.30176007098276));
#4671=CARTESIAN_POINT('Ctrl Pts',(43.0889556818308,-20.878221085257,0.237160070018624));
#4672=CARTESIAN_POINT('Ctrl Pts',(45.0813763955167,-20.788804423596,-1.9447282954764));
#4673=CARTESIAN_POINT('Ctrl Pts',(46.1473167877125,-20.6573106516694,-3.03927951493585));
#4674=CARTESIAN_POINT('Ctrl Pts',(48.1501015731418,-20.2561686247173,-5.03338455522372));
#4675=CARTESIAN_POINT('Ctrl Pts',(49.0848199131275,-20.0086245635099,-5.9377689683921));
#4676=CARTESIAN_POINT('Ctrl Pts',(50.,-19.7099563492406,-6.80307443080192));
#4677=CARTESIAN_POINT('',(40.,-19.9588678446351,6.03388725121624));
#4678=CARTESIAN_POINT('Origin',(40.,0.,2.77555756156289E-16));
#4679=CARTESIAN_POINT('',(50.,-12.7102895590163,16.529148203279));
#4680=CARTESIAN_POINT('Ctrl Pts',(50.,-12.7102895590163,16.529148203279));
#4681=CARTESIAN_POINT('Ctrl Pts',(49.0848199131275,-13.4359513502374,15.9711417425163));
#4682=CARTESIAN_POINT('Ctrl Pts',(48.1501015731418,-14.1404428581271,15.352368000077));
#4683=CARTESIAN_POINT('Ctrl Pts',(46.1473167877125,-15.5730137468419,13.9083768344892));
#4684=CARTESIAN_POINT('Ctrl Pts',(45.0813763955167,-16.2852982093454,13.0669590853588));
#4685=CARTESIAN_POINT('Ctrl Pts',(43.0889556818308,-17.5609882840322,11.2946027407682));
#4686=CARTESIAN_POINT('Ctrl Pts',(42.1724265260741,-18.1145204182743,10.3843887621906));
#4687=CARTESIAN_POINT('Ctrl Pts',(41.0397474647898,-18.8580130362531,8.91301643301935));
#4688=CARTESIAN_POINT('Ctrl Pts',(40.7054091063795,-19.0898148916002,8.40822952636136));
#4689=CARTESIAN_POINT('Ctrl Pts',(40.1932899150313,-19.534453927125,7.31509077234963));
#4690=CARTESIAN_POINT('Ctrl Pts',(40.0076915006617,-19.7480376463447,6.73127052838773));
#4691=CARTESIAN_POINT('Ctrl Pts',(40.,-19.9588678446351,6.03388725121624));
#4692=CARTESIAN_POINT('Origin',(50.,0.,2.77555756156289E-16));
#4693=CARTESIAN_POINT('Origin',(45.,-25.,7.50000000000001));
#4694=CARTESIAN_POINT('Origin',(50.,-25.,7.50000000000001));
#4695=CARTESIAN_POINT('Origin',(40.,-25.,7.50000000000001));
#4696=CARTESIAN_POINT('Origin',(50.,0.,7.50000000000001));
#4697=CARTESIAN_POINT('',(50.,-42.5,24.));
#4698=CARTESIAN_POINT('',(50.,42.5,24.));
#4699=CARTESIAN_POINT('',(50.,-23.75,24.));
#4700=CARTESIAN_POINT('',(50.,42.5,-4.5738706849127E-15));
#4701=CARTESIAN_POINT('',(50.,42.5,3.75));
#4702=CARTESIAN_POINT('',(50.,22.81367051513,-35.8578643762716));
#4703=CARTESIAN_POINT('Origin',(50.,0.,2.77555756156289E-16));
#4704=CARTESIAN_POINT('',(50.,6.25241653080157,-35.8578643762716));
#4705=CARTESIAN_POINT('',(50.,0.,-35.8578643762716));
#4706=CARTESIAN_POINT('',(50.,-6.25241653080107,-35.8578643762716));
#4707=CARTESIAN_POINT('Origin',(50.,2.4980018054066E-13,-40.));
#4708=CARTESIAN_POINT('',(50.,-22.81367051513,-35.8578643762716));
#4709=CARTESIAN_POINT('',(50.,0.,-35.8578643762716));
#4710=CARTESIAN_POINT('',(50.,-42.5,-2.77555756156289E-16));
#4711=CARTESIAN_POINT('Origin',(50.,0.,2.77555756156289E-16));
#4712=CARTESIAN_POINT('',(50.,-42.5,31.2499998940347));
#4713=CARTESIAN_POINT('Origin',(50.,25.,7.50000000000001));
#4714=CARTESIAN_POINT('Origin',(40.,-2.22044604925031E-15,7.50000000000001));
#4715=CARTESIAN_POINT('Origin',(40.,25.,7.50000000000001));
#4716=CARTESIAN_POINT('Origin',(45.,25.,7.50000000000001));
#4717=CARTESIAN_POINT('Origin',(32.5000000000007,16.,55.));
#4718=CARTESIAN_POINT('',(32.5,13.,55.));
#4719=CARTESIAN_POINT('Origin',(32.5000000000007,12.,55.));
#4720=CARTESIAN_POINT('Origin',(32.5,16.,55.));
#4721=CARTESIAN_POINT('Origin',(32.5000000000007,8.,55.));
#4722=CARTESIAN_POINT('',(32.5000000000058,8.,60.));
#4723=CARTESIAN_POINT('Origin',(32.5000000000048,8.,59.));
#4724=CARTESIAN_POINT('',(32.5,11.3071891388307,58.75));
#4725=CARTESIAN_POINT('Origin',(32.5000000000007,8.,55.));
#4726=CARTESIAN_POINT('Origin',(32.5,8.,55.));
#4727=CARTESIAN_POINT('Origin',(32.5000000000089,4.,59.));
#4728=CARTESIAN_POINT('',(32.5000000000089,-7.99999999999999,60.));
#4729=CARTESIAN_POINT('Origin',(32.5000000000089,-7.99999999999999,59.));
#4730=CARTESIAN_POINT('',(32.5000000000089,4.,60.));
#4731=CARTESIAN_POINT('Origin',(32.5000000000007,-8.,55.));
#4732=CARTESIAN_POINT('',(32.5,-13.,55.));
#4733=CARTESIAN_POINT('Origin',(32.5000000000007,-12.,55.));
#4734=CARTESIAN_POINT('',(32.5,-11.3071891388307,58.75));
#4735=CARTESIAN_POINT('Origin',(32.5,-8.,55.));
#4736=CARTESIAN_POINT('Origin',(32.5000000000007,-8.,55.));
#4737=CARTESIAN_POINT('Origin',(32.5000000000007,-16.,55.));
#4738=CARTESIAN_POINT('Origin',(32.5,-16.,55.));
#4739=CARTESIAN_POINT('Origin',(30.,8.,55.));
#4740=CARTESIAN_POINT('',(31.25,8.,60.));
#4741=CARTESIAN_POINT('',(30.,8.,60.));
#4742=CARTESIAN_POINT('Origin',(36.25,8.,55.));
#4743=CARTESIAN_POINT('Origin',(30.,8.,60.));
#4744=CARTESIAN_POINT('',(31.25,-7.99999999999999,60.));
#4745=CARTESIAN_POINT('',(30.,-7.99999999999999,60.));
#4746=CARTESIAN_POINT('',(31.25,13.7411165235168,60.));
#4747=CARTESIAN_POINT('Origin',(30.,-8.,55.));
#4748=CARTESIAN_POINT('Origin',(36.25,-8.,55.));
#4749=CARTESIAN_POINT('Origin',(33.9500000000004,2.34159062823227E-15,55.0000000000005));
#4750=CARTESIAN_POINT('',(33.9500000000004,-2.55,55.0000000000005));
#4751=CARTESIAN_POINT('Origin',(60.,0.,-40.0000000000025));
#4752=CARTESIAN_POINT('',(54.6292851624368,-14.0622983586715,-45.3707148375658));
#4753=CARTESIAN_POINT('Ctrl Pts',(54.6292851624368,-14.0622983586715,-45.3707148375657));
#4754=CARTESIAN_POINT('Ctrl Pts',(56.4206179532525,-13.7438346294282,-43.57938204675));
#4755=CARTESIAN_POINT('Ctrl Pts',(58.2110617261553,-13.414782683458,-41.7889382738473));
#4756=CARTESIAN_POINT('Ctrl Pts',(60.,-13.0726684705345,-40.0000000000025));
#4757=CARTESIAN_POINT('',(54.6292851624368,14.0622983586715,-45.3707148375658));
#4758=CARTESIAN_POINT('Origin',(100.000000000003,0.,2.77555756156289E-16));
#4759=CARTESIAN_POINT('Ctrl Pts',(60.,13.0726684705345,-40.0000000000025));
#4760=CARTESIAN_POINT('Ctrl Pts',(58.2110617184768,13.4147826849264,-41.7889382815258));
#4761=CARTESIAN_POINT('Ctrl Pts',(56.4206179506964,13.7438346298826,-43.5793820493061));
#4762=CARTESIAN_POINT('Ctrl Pts',(54.6292851624368,14.0622983586715,-45.3707148375657));
#4763=CARTESIAN_POINT('Origin',(52.5,0.,62.4999999999999));
#4764=CARTESIAN_POINT('',(59.999976024885,42.500023975115,55.0000239751149));
#4765=CARTESIAN_POINT('',(72.2916666666667,30.2083333333333,42.7083333333333));
#4766=CARTESIAN_POINT('',(41.24998401659,23.75003196682,73.7500159834099));
#4767=CARTESIAN_POINT('',(59.99997613085,-42.50002386915,55.00002386915));
#4768=CARTESIAN_POINT('',(38.749983898851,-21.2500322376208,76.250016101149));
#4769=CARTESIAN_POINT('',(67.7083333509942,-34.7916666490058,47.2916666490057));
#4770=CARTESIAN_POINT('Origin',(32.5,0.,7.50000000000001));
#4771=CARTESIAN_POINT('',(32.5,38.4466991411009,58.75));
#4772=CARTESIAN_POINT('',(32.5,19.4822330470336,58.75));
#4773=CARTESIAN_POINT('',(32.5,43.75,53.4466991411009));
#4774=CARTESIAN_POINT('',(32.5,44.4822330470336,52.7144660940672));
#4775=CARTESIAN_POINT('',(32.5,43.75,28.75));
#4776=CARTESIAN_POINT('Origin',(32.5,0.,7.50000000000001));
#4777=CARTESIAN_POINT('',(32.5,-43.75,53.4466989602068));
#4778=CARTESIAN_POINT('',(32.5,-43.75,30.7322329514138));
#4779=CARTESIAN_POINT('',(32.5,-38.4466991100644,58.75));
#4780=CARTESIAN_POINT('',(32.5,-41.4644663413196,55.7322326834705));
#4781=CARTESIAN_POINT('',(32.5,19.4822330470336,58.75));
#4782=CARTESIAN_POINT('Origin',(40.,-2.22044604925031E-15,7.50000000000001));
#4783=CARTESIAN_POINT('Origin',(27.5000000000007,0.,52.));
#4784=CARTESIAN_POINT('',(30.,46.25,52.));
#4785=CARTESIAN_POINT('',(41.8750000000002,34.3749999999998,52.));
#4786=CARTESIAN_POINT('',(30.,0.,52.));
#4787=CARTESIAN_POINT('Origin',(0.,-47.5,54.9999997880694));
#4788=CARTESIAN_POINT('',(52.,-47.5,48.));
#4789=CARTESIAN_POINT('',(36.7500000529828,-47.5,63.2499999470174));
#4790=CARTESIAN_POINT('',(52.,-47.5,26.));
#4791=CARTESIAN_POINT('',(52.,-47.5,45.9999998940347));
#4792=CARTESIAN_POINT('',(50.,-47.5,24.));
#4793=CARTESIAN_POINT('',(45.7499999470173,-47.5,19.7499999470174));
#4794=CARTESIAN_POINT('',(43.2500000000027,-47.5,24.));
#4795=CARTESIAN_POINT('',(15.,-47.5,24.));
#4796=CARTESIAN_POINT('',(43.2500000000027,-47.5,14.5000000000001));
#4797=CARTESIAN_POINT('',(43.2500000000026,-47.5,39.4999998940347));
#4798=CARTESIAN_POINT('',(40.0000000000026,-47.5,11.2500000000001));
#4799=CARTESIAN_POINT('Origin',(40.0000000000027,-47.5,14.5000000000001));
#4800=CARTESIAN_POINT('',(30.,-47.5,11.2500000000003));
#4801=CARTESIAN_POINT('',(21.0000000000008,-47.5,11.2500000000005));
#4802=CARTESIAN_POINT('',(30.,-47.5,-5.55111512312578E-16));
#4803=CARTESIAN_POINT('',(30.,-47.5,31.2499998940347));
#4804=CARTESIAN_POINT('',(55.,-47.5,-5.55111512312578E-16));
#4805=CARTESIAN_POINT('',(0.,-47.5,-5.55111512312578E-16));
#4806=CARTESIAN_POINT('',(55.,-47.5,54.9999997880694));
#4807=CARTESIAN_POINT('',(55.,-47.5,31.2499998940347));
#4808=CARTESIAN_POINT('',(30.,-47.5,54.9999997880694));
#4809=CARTESIAN_POINT('',(0.,-47.5,54.9999997880694));
#4810=CARTESIAN_POINT('',(30.,-47.5,31.2499998940347));
#4811=CARTESIAN_POINT('Origin',(30.,0.,7.50000000000001));
#4812=CARTESIAN_POINT('',(30.,46.25,54.4822330470336));
#4813=CARTESIAN_POINT('',(30.,46.25,28.75));
#4814=CARTESIAN_POINT('',(30.,39.4822330470336,61.25));
#4815=CARTESIAN_POINT('',(30.,46.25,54.4822330470336));
#4816=CARTESIAN_POINT('',(30.,-39.4822330366881,61.25));
#4817=CARTESIAN_POINT('',(30.,19.4822330470336,61.25));
#4818=CARTESIAN_POINT('',(30.,-46.25,54.4822328454486));
#4819=CARTESIAN_POINT('',(30.,-43.2322333192623,57.4999996114606));
#4820=CARTESIAN_POINT('',(30.,-46.25,30.7322329514138));
#4821=CARTESIAN_POINT('',(30.,-43.7500002825741,58.7499996114606));
#4822=CARTESIAN_POINT('',(30.,47.5,55.));
#4823=CARTESIAN_POINT('',(30.,47.5,55.));
#4824=CARTESIAN_POINT('',(30.,47.5,3.75));
#4825=CARTESIAN_POINT('Origin',(0.,47.5,-1.11022302462516E-15));
#4826=CARTESIAN_POINT('',(55.,47.5,55.));
#4827=CARTESIAN_POINT('',(0.,47.5,55.));
#4828=CARTESIAN_POINT('',(55.,47.5,-4.70684927132477E-15));
#4829=CARTESIAN_POINT('',(55.,47.5,3.75));
#4830=CARTESIAN_POINT('',(30.,47.5,-4.70684927132477E-15));
#4831=CARTESIAN_POINT('',(0.,47.5,-4.70684927132477E-15));
#4832=CARTESIAN_POINT('',(30.,47.5,11.2500000000003));
#4833=CARTESIAN_POINT('',(30.,47.5,3.75));
#4834=CARTESIAN_POINT('',(40.0000000000026,47.5,11.2500000000001));
#4835=CARTESIAN_POINT('',(21.0000000000014,47.5,11.2500000000005));
#4836=CARTESIAN_POINT('',(43.2500000000027,47.5,14.5000000000001));
#4837=CARTESIAN_POINT('Origin',(40.0000000000027,47.5,14.5000000000001));
#4838=CARTESIAN_POINT('',(43.2500000000027,47.5,24.));
#4839=CARTESIAN_POINT('',(43.2500000000027,47.5,12.));
#4840=CARTESIAN_POINT('',(50.,47.5,24.));
#4841=CARTESIAN_POINT('',(15.,47.5,24.));
#4842=CARTESIAN_POINT('',(52.,47.5,26.));
#4843=CARTESIAN_POINT('',(32.,47.5,6.));
#4844=CARTESIAN_POINT('',(52.,47.5,48.));
#4845=CARTESIAN_POINT('',(52.,47.5,18.5));
#4846=CARTESIAN_POINT('',(50.5000000000001,47.5,49.4999999999999));
#4847=CARTESIAN_POINT('Origin',(30.625,-45.625,10.0000000000001));
#4848=CARTESIAN_POINT('',(30.,-46.25,12.5000000000003));
#4849=CARTESIAN_POINT('',(45.5000000000007,-30.7499999999993,12.4999999999999));
#4850=CARTESIAN_POINT('',(30.,-46.25,0.));
#4851=CARTESIAN_POINT('',(31.25,-45.,-5.55111512312578E-16));
#4852=CARTESIAN_POINT('',(30.,-46.25,10.0000000000001));
#4853=CARTESIAN_POINT('Origin',(30.625,0.,2.77555756156289E-16));
#4854=CARTESIAN_POINT('',(30.,46.25,-4.530638775085E-15));
#4855=CARTESIAN_POINT('',(31.25,45.,-4.40068757153793E-15));
#4856=CARTESIAN_POINT('Origin',(30.,0.,2.77555756156289E-16));
#4857=CARTESIAN_POINT('Origin',(30.625,45.625,3.75));
#4858=CARTESIAN_POINT('',(30.,46.25,12.5000000000003));
#4859=CARTESIAN_POINT('',(45.5000000000007,30.7499999999993,12.4999999999999));
#4860=CARTESIAN_POINT('',(30.,46.25,3.75));
#4861=CARTESIAN_POINT('Origin',(42.0000000000027,0.,12.5));
#4862=CARTESIAN_POINT('',(40.0000000000026,43.75,12.5000000000001));
#4863=CARTESIAN_POINT('',(21.0000000000015,43.75,12.5000000000005));
#4864=CARTESIAN_POINT('',(40.0000000000026,46.25,12.5000000000001));
#4865=CARTESIAN_POINT('',(40.0000000000026,0.,12.5000000000001));
#4866=CARTESIAN_POINT('',(21.0000000000015,46.25,12.5000000000005));
#4867=CARTESIAN_POINT('Origin',(31.875,44.375,28.75));
#4868=CARTESIAN_POINT('',(32.5,43.75,53.4466991411009));
#4869=CARTESIAN_POINT('Origin',(31.875,44.9241747852752,53.1564078323088));
#4870=CARTESIAN_POINT('',(32.5,38.4466991411009,58.75));
#4871=CARTESIAN_POINT('Origin',(31.875,19.4822330470336,59.375));
#4872=CARTESIAN_POINT('',(32.5,-38.4466991100644,58.75));
#4873=CARTESIAN_POINT('Origin',(31.875,-41.9064080858053,56.174174415468));
#4874=CARTESIAN_POINT('',(32.5,-43.75,53.4466989602068));
#4875=CARTESIAN_POINT('Origin',(31.875,-44.375,30.7322329514138));
#4876=CARTESIAN_POINT('Origin',(0.,8.50000000000009,-40.6201920231798));
#4877=CARTESIAN_POINT('',(45.2376723530918,7.50000000000009,-40.6201920231798));
#4878=CARTESIAN_POINT('',(0.,7.50000000000009,-40.6201920231798));
#4879=CARTESIAN_POINT('',(44.2588725453043,8.70481927710853,-41.5989918309673));
#4880=CARTESIAN_POINT('Origin',(45.2376723530918,8.50000000000009,-40.6201920231798));
#4881=CARTESIAN_POINT('',(0.,8.70481927710852,-41.5989918309673));
#4882=CARTESIAN_POINT('Origin',(10.,7.50000000000001,-44.3705983732471));
#4883=CARTESIAN_POINT('',(45.8578643762716,7.5000000000001,-40.));
#4884=CARTESIAN_POINT('',(10.,7.5000000000001,-40.));
#4885=CARTESIAN_POINT('',(39.3362825948233,7.49999999999996,-46.5215817814482));
#4886=CARTESIAN_POINT('Origin',(10.,2.4980018054066E-13,-40.));
#4887=CARTESIAN_POINT('',(45.8578643762716,-7.4999999999996,-40.));
#4888=CARTESIAN_POINT('',(10.,-7.4999999999996,-40.));
#4889=CARTESIAN_POINT('Origin',(45.8578643762716,2.4980018054066E-13,-40.));
#4890=CARTESIAN_POINT('Origin',(45.8578643762716,2.4980018054066E-13,-40.));
#4891=CARTESIAN_POINT('Origin',(10.,-7.49999999999973,-40.));
#4892=CARTESIAN_POINT('',(45.2376723530917,-7.49999999999973,-40.6201920231799));
#4893=CARTESIAN_POINT('',(0.,-7.49999999999973,-40.6201920231799));
#4894=CARTESIAN_POINT('',(40.4289321881352,-7.49999999999973,-45.4289321881364));
#4895=CARTESIAN_POINT('Origin',(0.,-8.49999999999973,-40.6201920231799));
#4896=CARTESIAN_POINT('',(44.2588725453042,-8.70481927710816,-41.5989918309673));
#4897=CARTESIAN_POINT('',(0.,-8.70481927710815,-41.5989918309673));
#4898=CARTESIAN_POINT('Origin',(45.2376723530917,-8.49999999999973,-40.6201920231799));
#4899=CARTESIAN_POINT('Origin',(0.,0.,2.77555756156289E-16));
#4900=CARTESIAN_POINT('',(0.,-42.5,-5.55111512312578E-16));
#4901=CARTESIAN_POINT('Origin',(85.8578643762716,0.,2.77555756156289E-16));
#4902=CARTESIAN_POINT('Origin',(0.,-42.5,54.9999997880694));
#4903=CARTESIAN_POINT('',(40.0000000000026,-42.5,11.2500000000001));
#4904=CARTESIAN_POINT('',(21.0000000000008,-42.5,11.2500000000005));
#4905=CARTESIAN_POINT('',(43.2500000000027,-42.5,14.5000000000001));
#4906=CARTESIAN_POINT('Origin',(40.0000000000027,-42.5,14.5000000000001));
#4907=CARTESIAN_POINT('',(43.2500000000027,-42.5,24.));
#4908=CARTESIAN_POINT('',(43.2500000000026,-42.5,39.4999998940347));
#4909=CARTESIAN_POINT('',(15.,-42.5,24.));
#4910=CARTESIAN_POINT('Origin',(21.0000000000008,-43.75,11.2500000000005));
#4911=CARTESIAN_POINT('',(40.0000000000026,-43.75,12.5000000000001));
#4912=CARTESIAN_POINT('',(21.0000000000009,-43.75,12.5000000000005));
#4913=CARTESIAN_POINT('Origin',(40.0000000000026,-43.75,11.2500000000001));
#4914=CARTESIAN_POINT('Origin',(42.0000000000027,0.,12.5));
#4915=CARTESIAN_POINT('',(40.0000000000026,-46.25,12.5000000000001));
#4916=CARTESIAN_POINT('',(21.0000000000009,-46.25,12.5000000000005));
#4917=CARTESIAN_POINT('',(40.0000000000026,0.,12.5000000000001));
#4918=CARTESIAN_POINT('Origin',(30.,0.,7.50000000000001));
#4919=CARTESIAN_POINT('Origin',(30.0000000000001,46.25,11.2500000000003));
#4920=CARTESIAN_POINT('Origin',(30.,0.,2.77555756156289E-16));
#4921=CARTESIAN_POINT('Origin',(30.0000000000001,-46.25,11.2500000000003));
#4922=CARTESIAN_POINT('Origin',(21.0000000000008,-46.25,11.2500000000005));
#4923=CARTESIAN_POINT('Origin',(40.0000000000026,-46.25,11.2500000000001));
#4924=CARTESIAN_POINT('Origin',(0.,0.,2.77555756156289E-16));
#4925=CARTESIAN_POINT('',(55.,16.4441957729485,-44.5627470582879));
#4926=CARTESIAN_POINT('Origin',(55.,0.,2.77555756156289E-16));
#4927=CARTESIAN_POINT('Ctrl Pts',(54.6292851624368,14.0622983586715,-45.3707148375657));
#4928=CARTESIAN_POINT('Ctrl Pts',(54.6973897764684,14.2820316443363,-45.3026102235341));
#4929=CARTESIAN_POINT('Ctrl Pts',(54.7565548574643,14.5035591306342,-45.2321662326153));
#4930=CARTESIAN_POINT('Ctrl Pts',(54.8064235734519,14.7264520825146,-45.1594625565115));
#4931=CARTESIAN_POINT('Ctrl Pts',(54.8455912598546,14.9015157685898,-45.1023599275473));
#4932=CARTESIAN_POINT('Ctrl Pts',(54.8790237665161,15.077421029199,-45.0438630735665));
#4933=CARTESIAN_POINT('Ctrl Pts',(54.9065391099713,15.2539399378685,-44.9840060077196));
#4934=CARTESIAN_POINT('Ctrl Pts',(54.9426973181331,15.4859053303606,-44.9053471950335));
#4935=CARTESIAN_POINT('Ctrl Pts',(54.9685583254543,15.7184224378436,-44.8245129636827));
#4936=CARTESIAN_POINT('Ctrl Pts',(54.9837836650578,15.9509548144617,-44.7416352897271));
#4937=CARTESIAN_POINT('Ctrl Pts',(54.9945528500654,16.1154295814807,-44.683014265364));
#4938=CARTESIAN_POINT('Ctrl Pts',(55.0000005089406,16.279911146308,-44.6233706075521));
#4939=CARTESIAN_POINT('Ctrl Pts',(55.0000003220465,16.4441957274165,-44.5627474329101));
#4940=CARTESIAN_POINT('',(55.,-16.4441957729485,-44.5627470582878));
#4941=CARTESIAN_POINT('Ctrl Pts',(55.000000322058,-16.4441957274144,-44.5627474328982));
#4942=CARTESIAN_POINT('Ctrl Pts',(55.0000005862862,-16.2119315816952,-44.6484559624158));
#4943=CARTESIAN_POINT('Ctrl Pts',(54.9891125422385,-15.979275663015,-44.7322071072381));
#4944=CARTESIAN_POINT('Ctrl Pts',(54.9676900504982,-15.7467968388688,-44.8138773806898));
#4945=CARTESIAN_POINT('Ctrl Pts',(54.9525419307646,-15.5824080690464,-44.8716274825887));
#4946=CARTESIAN_POINT('Ctrl Pts',(54.9321260760365,-15.4181067790088,-44.928336926766));
#4947=CARTESIAN_POINT('Ctrl Pts',(54.9065609991245,-15.2540803712486,-44.9839583869078));
#4948=CARTESIAN_POINT('Ctrl Pts',(54.8715321469377,-15.029334057676,-45.0601700060799));
#4949=CARTESIAN_POINT('Ctrl Pts',(54.8269117451242,-14.8055839307193,-45.1341769725655));
#4950=CARTESIAN_POINT('Ctrl Pts',(54.7730731903114,-14.5832952253269,-45.2059080177685));
#4951=CARTESIAN_POINT('Ctrl Pts',(54.7307763967626,-14.4086601610514,-45.2622615588424));
#4952=CARTESIAN_POINT('Ctrl Pts',(54.6827897539062,-14.2349260117151,-45.3172102460964));
#4953=CARTESIAN_POINT('Ctrl Pts',(54.6292851624368,-14.0622983586715,-45.3707148375657));
#4954=CARTESIAN_POINT('Origin',(55.,0.,2.77555756156289E-16));
#4955=CARTESIAN_POINT('Origin',(0.,-40.,62.5));
#4956=CARTESIAN_POINT('',(55.0000240457585,-47.4999759542415,55.0000238338286));
#4957=CARTESIAN_POINT('',(45.2083334942436,-57.2916665057564,45.2083330056259));
#4958=CARTESIAN_POINT('',(33.7500318490809,-26.2499843580337,76.2500160305062));
#4959=CARTESIAN_POINT('Origin',(52.9289321881345,0.,-32.928932188137));
#4960=CARTESIAN_POINT('Origin',(85.8578643762716,0.,2.77555756156289E-16));
#4961=CARTESIAN_POINT('Origin',(52.9289321881345,0.,-32.928932188137));
#4962=CARTESIAN_POINT('Origin',(43.2500000000026,-46.25,39.4999998940347));
#4963=CARTESIAN_POINT('',(42.0000000000027,-46.25,22.75));
#4964=CARTESIAN_POINT('Origin',(43.2500000000027,-46.25,24.));
#4965=CARTESIAN_POINT('',(42.0000000000027,-46.25,14.5000000000001));
#4966=CARTESIAN_POINT('',(42.0000000000026,-46.25,39.4999998940347));
#4967=CARTESIAN_POINT('Origin',(43.2500000000027,-46.25,14.5000000000001));
#4968=CARTESIAN_POINT('Origin',(40.0000000000027,-46.25,14.5000000000001));
#4969=CARTESIAN_POINT('Origin',(40.0000000000027,-46.25,14.5000000000001));
#4970=CARTESIAN_POINT('Origin',(40.0000000000027,-43.75,14.5000000000001));
#4971=CARTESIAN_POINT('',(42.0000000000027,-43.75,14.5000000000001));
#4972=CARTESIAN_POINT('Origin',(43.2500000000027,-43.75,14.5000000000001));
#4973=CARTESIAN_POINT('Origin',(40.0000000000027,-43.75,14.5000000000001));
#4974=CARTESIAN_POINT('Origin',(43.2500000000026,-43.75,39.4999998940347));
#4975=CARTESIAN_POINT('',(42.0000000000027,-43.75,22.75));
#4976=CARTESIAN_POINT('Origin',(43.2500000000027,-43.75,24.));
#4977=CARTESIAN_POINT('',(42.0000000000026,-43.75,39.4999998940347));
#4978=CARTESIAN_POINT('Origin',(42.6250000000027,-23.75,23.375));
#4979=CARTESIAN_POINT('',(43.2500000000027,-23.75,24.));
#4980=CARTESIAN_POINT('',(42.0000000000027,-23.75,22.75));
#4981=CARTESIAN_POINT('Origin',(43.2500000000027,43.75,12.));
#4982=CARTESIAN_POINT('',(43.2500000000027,42.5,24.));
#4983=CARTESIAN_POINT('',(42.0000000000027,43.75,22.75));
#4984=CARTESIAN_POINT('Origin',(43.2500000000027,43.75,24.));
#4985=CARTESIAN_POINT('',(42.0000000000027,43.75,14.5000000000001));
#4986=CARTESIAN_POINT('',(42.0000000000027,43.75,12.));
#4987=CARTESIAN_POINT('',(43.2500000000027,42.5,14.5000000000001));
#4988=CARTESIAN_POINT('Origin',(43.2500000000027,43.75,14.5000000000001));
#4989=CARTESIAN_POINT('',(43.2500000000027,42.5,12.));
#4990=CARTESIAN_POINT('Origin',(40.0000000000027,43.75,14.5000000000001));
#4991=CARTESIAN_POINT('',(40.0000000000026,42.5,11.2500000000001));
#4992=CARTESIAN_POINT('Origin',(40.0000000000026,43.75,11.2500000000001));
#4993=CARTESIAN_POINT('Origin',(40.0000000000027,42.5,14.5000000000001));
#4994=CARTESIAN_POINT('Origin',(40.0000000000027,43.75,14.5000000000001));
#4995=CARTESIAN_POINT('Origin',(21.0000000000014,43.75,11.2500000000005));
#4996=CARTESIAN_POINT('',(21.0000000000014,42.5,11.2500000000005));
#4997=CARTESIAN_POINT('Origin',(0.,42.5,-1.11022302462516E-15));
#4998=CARTESIAN_POINT('',(0.,42.5,-4.70684927132477E-15));
#4999=CARTESIAN_POINT('',(15.,42.5,24.));
#5000=CARTESIAN_POINT('Origin',(21.0000000000014,46.25,11.2500000000005));
#5001=CARTESIAN_POINT('Origin',(40.0000000000026,46.25,11.2500000000001));
#5002=CARTESIAN_POINT('Origin',(40.0000000000027,46.25,14.5000000000001));
#5003=CARTESIAN_POINT('',(42.0000000000027,46.25,14.5000000000001));
#5004=CARTESIAN_POINT('Origin',(43.2500000000027,46.25,14.5000000000001));
#5005=CARTESIAN_POINT('Origin',(40.0000000000027,46.25,14.5000000000001));
#5006=CARTESIAN_POINT('Origin',(43.2500000000027,46.25,12.));
#5007=CARTESIAN_POINT('',(42.0000000000027,46.25,22.75));
#5008=CARTESIAN_POINT('Origin',(43.2500000000027,46.25,24.));
#5009=CARTESIAN_POINT('',(42.0000000000027,46.25,12.));
#5010=CARTESIAN_POINT('Origin',(42.6250000000027,-23.75,23.375));
#5011=CARTESIAN_POINT('',(43.2500000000027,-23.75,24.));
#5012=CARTESIAN_POINT('',(42.0000000000027,-23.75,22.75));
#5013=CARTESIAN_POINT('Origin',(40.0000000000027,0.,14.5000000000001));
#5014=CARTESIAN_POINT('',(42.0000000000027,0.,14.5000000000001));
#5015=CARTESIAN_POINT('Origin',(40.0000000000027,0.,14.5000000000001));
#5016=CARTESIAN_POINT('',(42.0000000000027,0.,14.5000000000001));
#5017=CARTESIAN_POINT('Origin',(42.0000000000027,0.,24.));
#5018=CARTESIAN_POINT('Origin',(42.0000000000027,0.,24.));
#5019=CARTESIAN_POINT('Origin',(45.9999244942989,-33.2069999999994,54.9999244942989));
#5020=CARTESIAN_POINT('',(52.,-33.9139999999995,48.));
#5021=CARTESIAN_POINT('',(52.,-29.0866601717794,54.8268894552527));
#5022=CARTESIAN_POINT('',(45.5,-33.9139999999994,54.5));
#5023=CARTESIAN_POINT('Origin',(52.4999244942991,33.2070000000005,48.4999244942987));
#5024=CARTESIAN_POINT('',(52.,33.9140000000005,48.));
#5025=CARTESIAN_POINT('',(52.0000000000002,33.9140000000005,47.9999999999998));
#5026=CARTESIAN_POINT('',(52.,30.6187248643512,52.6602227885861));
#5027=CARTESIAN_POINT('Origin',(52.,0.,37.));
#5028=CARTESIAN_POINT('',(52.,-22.5,48.));
#5029=CARTESIAN_POINT('',(52.,-23.75,26.));
#5030=CARTESIAN_POINT('',(52.,-22.5,48.));
#5031=CARTESIAN_POINT('Origin',(30.,-47.5,24.));
#5032=CARTESIAN_POINT('',(50.,-23.75,24.));
#5033=CARTESIAN_POINT('Origin',(30.,-47.5,24.));
#5034=CARTESIAN_POINT('',(50.,-23.75,24.));
#5035=CARTESIAN_POINT('Origin',(51.,-23.75,25.));
#5036=CARTESIAN_POINT('Origin',(51.,-22.5,49.));
#5037=CARTESIAN_POINT('Origin',(51.,-22.5,49.));
#5038=CARTESIAN_POINT('Origin',(0.,47.5,55.));
#5039=CARTESIAN_POINT('',(55.0000239751149,47.4999760248851,55.0000239751149));
#5040=CARTESIAN_POINT('',(36.25003196682,28.7499840165901,73.75001598341));
#5041=CARTESIAN_POINT('',(38.125,64.375,38.125));
#5042=CARTESIAN_POINT('Origin',(36.25003196682,23.75003196682,68.7500639336399));
#5043=CARTESIAN_POINT('Origin',(57.5,45.,47.5000959004598));
#5044=CARTESIAN_POINT('Origin',(33.7500318490809,-21.2500322376208,71.250064051379));
#5045=CARTESIAN_POINT('Origin',(57.5000001412864,-44.9999998587136,47.5000957591734));
#5046=CARTESIAN_POINT('Ctrl Pts',(60.,13.0726684705345,-40.0000000000025));
#5047=CARTESIAN_POINT('Ctrl Pts',(58.2110617184768,13.4147826849264,-41.7889382815258));
#5048=CARTESIAN_POINT('Ctrl Pts',(56.4206179506964,13.7438346298826,-43.5793820493061));
#5049=CARTESIAN_POINT('Ctrl Pts',(54.6292851624368,14.0622983586715,-45.3707148375657));
#5050=CARTESIAN_POINT('Ctrl Pts',(60.0841522645028,13.9527441944469,-39.9158477354998));
#5051=CARTESIAN_POINT('Ctrl Pts',(58.2909031016991,14.2729183884291,-41.7090755612651));
#5052=CARTESIAN_POINT('Ctrl Pts',(56.4968215811009,14.5824462100564,-43.5031923964661));
#5053=CARTESIAN_POINT('Ctrl Pts',(54.7022451267088,14.883086187337,-45.2977548732937));
#5054=CARTESIAN_POINT('Ctrl Pts',(60.0841522645028,14.8327462628322,-39.7475572922808));
#5055=CARTESIAN_POINT('Ctrl Pts',(58.2909031016991,15.1309910645419,-41.5493830901452));
#5056=CARTESIAN_POINT('Ctrl Pts',(56.4968215811009,15.420999558853,-43.35080970346));
#5057=CARTESIAN_POINT('Ctrl Pts',(54.7022451267088,15.7038222751886,-45.1518441432486));
#5058=CARTESIAN_POINT('Ctrl Pts',(60.,15.6817712441186,-39.5010386021322));
#5059=CARTESIAN_POINT('Ctrl Pts',(58.2110617184768,15.9604228903816,-41.3151712965413));
#5060=CARTESIAN_POINT('Ctrl Pts',(56.4206179506964,16.232811063682,-43.1270786722405));
#5061=CARTESIAN_POINT('Ctrl Pts',(54.6292851624368,16.4994632003727,-44.9374348751555));
#5062=CARTESIAN_POINT('Ctrl Pts',(55.0000003464236,16.4441957237768,-44.5627474082694));
#5063=CARTESIAN_POINT('Ctrl Pts',(56.6676401796183,16.1951995755116,-42.8770773320452));
#5064=CARTESIAN_POINT('Ctrl Pts',(58.3344725584895,15.9411999612893,-41.1900224068205));
#5065=CARTESIAN_POINT('Ctrl Pts',(60.,15.6817712441186,-39.5010386021322));
#5066=CARTESIAN_POINT('Ctrl Pts',(54.6292851624368,-14.0622983586715,-45.3707148375657));
#5067=CARTESIAN_POINT('Ctrl Pts',(56.4206179532525,-13.7438346294282,-43.57938204675));
#5068=CARTESIAN_POINT('Ctrl Pts',(58.2110617261553,-13.414782683458,-41.7889382738473));
#5069=CARTESIAN_POINT('Ctrl Pts',(60.,-13.0726684705345,-40.0000000000025));
#5070=CARTESIAN_POINT('Ctrl Pts',(54.7022451267088,-14.883086187337,-45.2977548732937));
#5071=CARTESIAN_POINT('Ctrl Pts',(56.4968215836617,-14.5824462096274,-43.5031923939054));
#5072=CARTESIAN_POINT('Ctrl Pts',(58.2909031093961,-14.2729183870548,-41.7090755535682));
#5073=CARTESIAN_POINT('Ctrl Pts',(60.0841522645028,-13.9527441944469,-39.9158477354998));
#5074=CARTESIAN_POINT('Ctrl Pts',(54.7022451267088,-15.7038222751886,-45.1518441432486));
#5075=CARTESIAN_POINT('Ctrl Pts',(56.4968215836617,-15.4209995584494,-43.35080970089));
#5076=CARTESIAN_POINT('Ctrl Pts',(58.2909031093961,-15.1309910632618,-41.5493830824114));
#5077=CARTESIAN_POINT('Ctrl Pts',(60.0841522645028,-14.8327462628322,-39.7475572922808));
#5078=CARTESIAN_POINT('Ctrl Pts',(54.6292851624368,-16.4994632003727,-44.9374348751555));
#5079=CARTESIAN_POINT('Ctrl Pts',(56.4206179532525,-16.2328110633015,-43.1270786696573));
#5080=CARTESIAN_POINT('Ctrl Pts',(58.2110617261553,-15.9604228891856,-41.3151712887546));
#5081=CARTESIAN_POINT('Ctrl Pts',(60.,-15.6817712441186,-39.5010386021322));
#5082=CARTESIAN_POINT('Ctrl Pts',(60.,-15.6817712441186,-39.5010386021322));
#5083=CARTESIAN_POINT('Ctrl Pts',(58.3344725654516,-15.9411999602048,-41.1900223997603));
#5084=CARTESIAN_POINT('Ctrl Pts',(56.6676401824466,-16.1951995750851,-42.877077329184));
#5085=CARTESIAN_POINT('Ctrl Pts',(55.0000003464235,-16.4441957237763,-44.5627474082693));
#5086=CARTESIAN_POINT('Origin',(57.5,0.,2.77555756156289E-16));
#5087=CARTESIAN_POINT('',(55.,47.5,-4.70684927132477E-15));
#5088=CARTESIAN_POINT('Origin',(57.5,45.,3.75));
#5089=CARTESIAN_POINT('Origin',(57.5,-45.,31.2499998940347));
#5090=CARTESIAN_POINT('',(55.,-47.5,-5.55111512312578E-16));
#5091=CARTESIAN_POINT('Origin',(57.5,0.,2.77555756156289E-16));
#5092=CARTESIAN_POINT('Origin',(0.,0.,2.77555756156289E-16));
#5093=UNCERTAINTY_MEASURE_WITH_UNIT(LENGTH_MEASURE(0.01),#5097,
'DISTANCE_ACCURACY_VALUE',
'Maximum model space distance between geometric entities at asserted c
onnectivities');
#5094=UNCERTAINTY_MEASURE_WITH_UNIT(LENGTH_MEASURE(0.01),#5097,
'DISTANCE_ACCURACY_VALUE',
'Maximum model space distance between geometric entities at asserted c
onnectivities');
#5095=(
GEOMETRIC_REPRESENTATION_CONTEXT(3)
GLOBAL_UNCERTAINTY_ASSIGNED_CONTEXT((#5093))
GLOBAL_UNIT_ASSIGNED_CONTEXT((#5097,#5099,#5100))
REPRESENTATION_CONTEXT('','3D')
);
#5096=(
GEOMETRIC_REPRESENTATION_CONTEXT(3)
GLOBAL_UNCERTAINTY_ASSIGNED_CONTEXT((#5094))
GLOBAL_UNIT_ASSIGNED_CONTEXT((#5097,#5099,#5100))
REPRESENTATION_CONTEXT('','3D')
);
#5097=(
LENGTH_UNIT()
NAMED_UNIT(*)
SI_UNIT(.MILLI.,.METRE.)
);
#5098=(
LENGTH_UNIT()
NAMED_UNIT(*)
SI_UNIT($,.METRE.)
);
#5099=(
NAMED_UNIT(*)
PLANE_ANGLE_UNIT()
SI_UNIT($,.RADIAN.)
);
#5100=(
NAMED_UNIT(*)
SI_UNIT($,.STERADIAN.)
SOLID_ANGLE_UNIT()
);
#5101=SHAPE_DEFINITION_REPRESENTATION(#5102,#5103);
#5102=PRODUCT_DEFINITION_SHAPE('',$,#5105);
#5103=SHAPE_REPRESENTATION('',(#2837),#5095);
#5104=PRODUCT_DEFINITION_CONTEXT('part definition',#5109,'design');
#5105=PRODUCT_DEFINITION('2026-09-01-21-40-28-430','Cover (XL)',#5106,#5104);
#5106=PRODUCT_DEFINITION_FORMATION('',$,#5111);
#5107=PRODUCT_RELATED_PRODUCT_CATEGORY('Cover (XL)','Cover (XL)',(#5111));
#5108=APPLICATION_PROTOCOL_DEFINITION('international standard',
'automotive_design',2009,#5109);
#5109=APPLICATION_CONTEXT(
'Core Data for Automotive Mechanical Design Process');
#5110=PRODUCT_CONTEXT('part definition',#5109,'mechanical');
#5111=PRODUCT('2026-09-01-21-40-28-430','Cover (XL)',$,(#5110));
#5112=PRESENTATION_STYLE_ASSIGNMENT((#5114));
#5113=PRESENTATION_STYLE_ASSIGNMENT((#5115));
#5114=SURFACE_STYLE_USAGE(.BOTH.,#5116);
#5115=SURFACE_STYLE_USAGE(.BOTH.,#5117);
#5116=SURFACE_SIDE_STYLE('',(#5118));
#5117=SURFACE_SIDE_STYLE('',(#5119));
#5118=SURFACE_STYLE_FILL_AREA(#5120);
#5119=SURFACE_STYLE_FILL_AREA(#5121);
#5120=FILL_AREA_STYLE('Plastic - Matte (White)',(#5122));
#5121=FILL_AREA_STYLE('PETG Black',(#5123));
#5122=FILL_AREA_STYLE_COLOUR('Plastic - Matte (White)',#5124);
#5123=FILL_AREA_STYLE_COLOUR('PETG Black',#5125);
#5124=COLOUR_RGB('Plastic - Matte (White)',0.964705882352941,0.964705882352941,
0.952941176470588);
#5125=COLOUR_RGB('PETG Black',0.247058823529412,0.247058823529412,0.247058823529412);
ENDSEC;
END-ISO-10303-21;
