ISO-10303-21;
HEADER;
/* Generated by software containing ST-Developer
 * from STEP Tools, Inc. (www.steptools.com) 
 */

FILE_DESCRIPTION(
/* description */ (''),
/* implementation_level */ '2;1');

FILE_NAME(
/* name */ 'Double Double.step',
/* time_stamp */ '2026-08-04T10:26:26+02:00',
/* author */ (''),
/* organization */ (''),
/* preprocessor_version */ 'ST-DEVELOPER v20.1',
/* originating_system */ 'Autodesk Translation Framework v15.8.0.0',
/* authorisation */ '');

FILE_SCHEMA (('AUTOMOTIVE_DESIGN { 1 0 10303 214 3 1 1 }'));
ENDSEC;

DATA;
#10=MECHANICAL_DESIGN_GEOMETRIC_PRESENTATION_REPRESENTATION('',(#13),#4391);
#11=SHAPE_REPRESENTATION_RELATIONSHIP('SRR','None',#4398,#12);
#12=ADVANCED_BREP_SHAPE_REPRESENTATION('',(#14),#4390);
#13=STYLED_ITEM('',(#4408),#14);
#14=MANIFOLD_SOLID_BREP('Body1',#769);
#15=(
BOUNDED_SURFACE()
B_SPLINE_SURFACE(2,2,((#4356,#4357,#4358,#4359,#4360,#4361,#4362,#4363,
#4364),(#4365,#4366,#4367,#4368,#4369,#4370,#4371,#4372,#4373),(#4374,#4375,
#4376,#4377,#4378,#4379,#4380,#4381,#4382)),.UNSPECIFIED.,.F.,.T.,.F.)
B_SPLINE_SURFACE_WITH_KNOTS((3,3),(3,2,2,2,3),(-1.5707963267949,4.07081775695892E-16),
(-3.14159265358979,-1.5707963267949,0.,1.5707963267949,3.14159265358979),
 .UNSPECIFIED.)
GEOMETRIC_REPRESENTATION_ITEM()
RATIONAL_B_SPLINE_SURFACE(((1.,0.707106781186548,1.,0.707106781186548,1.,
0.707106781186548,1.,0.707106781186548,1.),(0.707106781186549,0.500000000000001,
0.707106781186549,0.500000000000001,0.707106781186549,0.500000000000001,
0.707106781186549,0.500000000000001,0.707106781186549),(1.,0.707106781186548,
1.,0.707106781186548,1.,0.707106781186548,1.,0.707106781186548,1.)))
REPRESENTATION_ITEM('')
SURFACE()
);
#16=SPHERICAL_SURFACE('',#828,4.);
#17=SPHERICAL_SURFACE('',#842,14.);
#18=SPHERICAL_SURFACE('',#846,14.);
#19=TOROIDAL_SURFACE('',#824,19.,8.);
#20=TOROIDAL_SURFACE('',#836,11.6189500386222,2.);
#21=ELLIPSE('',#822,4.37555773592802,4.);
#22=ELLIPSE('',#827,4.37555773592801,4.);
#23=FACE_BOUND('',#108,.T.);
#24=FACE_BOUND('',#124,.T.);
#25=PLANE('',#817);
#26=PLANE('',#832);
#27=PLANE('',#848);
#28=B_SPLINE_SURFACE_WITH_KNOTS('',3,3,((#2143,#2144,#2145,#2146,#2147,
#2148,#2149,#2150),(#2151,#2152,#2153,#2154,#2155,#2156,#2157,#2158),(#2159,
#2160,#2161,#2162,#2163,#2164,#2165,#2166),(#2167,#2168,#2169,#2170,#2171,
#2172,#2173,#2174),(#2175,#2176,#2177,#2178,#2179,#2180,#2181,#2182)),
 .UNSPECIFIED.,.F.,.F.,.F.,(4,1,4),(4,1,1,1,1,4),(0.,0.571428571428571,
1.),(0.0733122078549227,0.28035164882971,0.694430530779285,1.10850941272886,
1.31554885370365,1.52258829467843),.UNSPECIFIED.);
#29=B_SPLINE_SURFACE_WITH_KNOTS('',3,3,((#2209,#2210,#2211,#2212,#2213,
#2214,#2215,#2216),(#2217,#2218,#2219,#2220,#2221,#2222,#2223,#2224),(#2225,
#2226,#2227,#2228,#2229,#2230,#2231,#2232),(#2233,#2234,#2235,#2236,#2237,
#2238,#2239,#2240),(#2241,#2242,#2243,#2244,#2245,#2246,#2247,#2248)),
 .UNSPECIFIED.,.F.,.F.,.F.,(4,1,4),(4,1,1,1,1,4),(0.,0.571428571428571,
1.),(0.,0.207039440974775,0.414078881949551,0.621118322924326,1.03519720487388,
1.44927608682343),.UNSPECIFIED.);
#30=B_SPLINE_SURFACE_WITH_KNOTS('',3,3,((#2706,#2707,#2708,#2709,#2710,
#2711,#2712,#2713,#2714,#2715,#2716,#2717,#2718,#2719,#2720,#2721,#2722,
#2723,#2724,#2725,#2726,#2727,#2728,#2729,#2730,#2731,#2732,#2733,#2734,
#2735,#2736,#2737,#2738,#2739,#2740,#2741,#2742,#2743,#2744,#2745,#2746,
#2747,#2748,#2749,#2750,#2751,#2752,#2753,#2754,#2755,#2756,#2757,#2758,
#2759,#2760,#2761,#2762,#2763,#2764,#2765,#2766,#2767,#2768,#2769,#2770,
#2771,#2772,#2773,#2774,#2775,#2776,#2777,#2778,#2779,#2780,#2781,#2782,
#2783,#2784,#2785,#2786,#2787,#2788,#2789,#2790,#2791,#2792,#2793,#2794,
#2795,#2796,#2797,#2798,#2799,#2800,#2801,#2802,#2803,#2804,#2805,#2806,
#2807,#2808,#2809,#2810,#2811,#2812,#2813,#2814,#2815,#2816,#2817,#2818,
#2819,#2820,#2821,#2822,#2823,#2824,#2825,#2826,#2827,#2828,#2829,#2830,
#2831,#2832,#2833,#2834,#2835,#2836,#2837,#2838),(#2839,#2840,#2841,#2842,
#2843,#2844,#2845,#2846,#2847,#2848,#2849,#2850,#2851,#2852,#2853,#2854,
#2855,#2856,#2857,#2858,#2859,#2860,#2861,#2862,#2863,#2864,#2865,#2866,
#2867,#2868,#2869,#2870,#2871,#2872,#2873,#2874,#2875,#2876,#2877,#2878,
#2879,#2880,#2881,#2882,#2883,#2884,#2885,#2886,#2887,#2888,#2889,#2890,
#2891,#2892,#2893,#2894,#2895,#2896,#2897,#2898,#2899,#2900,#2901,#2902,
#2903,#2904,#2905,#2906,#2907,#2908,#2909,#2910,#2911,#2912,#2913,#2914,
#2915,#2916,#2917,#2918,#2919,#2920,#2921,#2922,#2923,#2924,#2925,#2926,
#2927,#2928,#2929,#2930,#2931,#2932,#2933,#2934,#2935,#2936,#2937,#2938,
#2939,#2940,#2941,#2942,#2943,#2944,#2945,#2946,#2947,#2948,#2949,#2950,
#2951,#2952,#2953,#2954,#2955,#2956,#2957,#2958,#2959,#2960,#2961,#2962,
#2963,#2964,#2965,#2966,#2967,#2968,#2969,#2970,#2971),(#2972,#2973,#2974,
#2975,#2976,#2977,#2978,#2979,#2980,#2981,#2982,#2983,#2984,#2985,#2986,
#2987,#2988,#2989,#2990,#2991,#2992,#2993,#2994,#2995,#2996,#2997,#2998,
#2999,#3000,#3001,#3002,#3003,#3004,#3005,#3006,#3007,#3008,#3009,#3010,
#3011,#3012,#3013,#3014,#3015,#3016,#3017,#3018,#3019,#3020,#3021,#3022,
#3023,#3024,#3025,#3026,#3027,#3028,#3029,#3030,#3031,#3032,#3033,#3034,
#3035,#3036,#3037,#3038,#3039,#3040,#3041,#3042,#3043,#3044,#3045,#3046,
#3047,#3048,#3049,#3050,#3051,#3052,#3053,#3054,#3055,#3056,#3057,#3058,
#3059,#3060,#3061,#3062,#3063,#3064,#3065,#3066,#3067,#3068,#3069,#3070,
#3071,#3072,#3073,#3074,#3075,#3076,#3077,#3078,#3079,#3080,#3081,#3082,
#3083,#3084,#3085,#3086,#3087,#3088,#3089,#3090,#3091,#3092,#3093,#3094,
#3095,#3096,#3097,#3098,#3099,#3100,#3101,#3102,#3103,#3104),(#3105,#3106,
#3107,#3108,#3109,#3110,#3111,#3112,#3113,#3114,#3115,#3116,#3117,#3118,
#3119,#3120,#3121,#3122,#3123,#3124,#3125,#3126,#3127,#3128,#3129,#3130,
#3131,#3132,#3133,#3134,#3135,#3136,#3137,#3138,#3139,#3140,#3141,#3142,
#3143,#3144,#3145,#3146,#3147,#3148,#3149,#3150,#3151,#3152,#3153,#3154,
#3155,#3156,#3157,#3158,#3159,#3160,#3161,#3162,#3163,#3164,#3165,#3166,
#3167,#3168,#3169,#3170,#3171,#3172,#3173,#3174,#3175,#3176,#3177,#3178,
#3179,#3180,#3181,#3182,#3183,#3184,#3185,#3186,#3187,#3188,#3189,#3190,
#3191,#3192,#3193,#3194,#3195,#3196,#3197,#3198,#3199,#3200,#3201,#3202,
#3203,#3204,#3205,#3206,#3207,#3208,#3209,#3210,#3211,#3212,#3213,#3214,
#3215,#3216,#3217,#3218,#3219,#3220,#3221,#3222,#3223,#3224,#3225,#3226,
#3227,#3228,#3229,#3230,#3231,#3232,#3233,#3234,#3235,#3236,#3237)),
 .UNSPECIFIED.,.F.,.F.,.F.,(4,4),(4,1,1,1,1,1,1,1,1,1,1,1,1,1,1,1,1,1,1,
1,1,1,1,1,1,1,1,1,1,1,1,1,1,1,1,1,1,1,1,1,1,1,1,1,1,1,1,1,1,1,1,1,1,1,1,
1,1,1,1,1,1,1,1,1,1,1,1,1,1,1,1,1,1,1,1,1,1,1,1,1,1,1,1,1,1,1,1,1,1,1,1,
1,1,1,1,1,1,1,1,1,1,1,1,1,1,1,1,1,1,1,1,1,1,1,1,1,1,1,1,1,1,1,1,1,1,1,1,
1,1,1,4),(0.,0.193239135097768),(11.8520359647449,12.3509240306102,12.8498120964755,
13.3487001623409,13.8475882282062,14.3464762940715,14.8453643599369,15.3442524258022,
15.8431404916675,16.3420285575329,16.8409166233982,17.3398046892635,17.8386927551289,
18.3375808209942,18.8364688868595,19.3353569527249,19.8342450185902,20.3331330844555,
20.8320211503209,21.3309092161862,21.8297972820515,22.3286853479169,22.8275734137822,
23.3264614796475,23.8253495455129,24.3242376113782,24.8231256772435,25.3220137431088,
25.8209018089742,26.3197898748395,26.8186779407048,27.3175660065702,27.8164540724355,
28.3153421383008,28.8142302041662,29.3131182700315,29.8120063358968,30.3108944017622,
30.8097824676275,31.3086705334928,31.8075585993582,32.3064466652235,32.8053347310888,
33.3042227969541,33.8031108628195,34.3019989286848,34.8008869945502,35.2997750604155,
35.7986631262808,36.2975511921461,36.7964392580115,37.2953273238768,37.7942153897421,
38.2931034556075,38.7919915214728,39.2908795873381,39.7897676532035,40.2886557190688,
40.7875437849341,41.2864318507995,41.7853199166648,42.2842079825301,42.7830960483955,
43.2819841142608,43.7808721801261,44.2797602459915,44.7786483118568,45.2775363777221,
45.7764244435875,46.2753125094528,46.7742005753181,47.2730886411834,47.7719767070488,
48.2708647729141,48.7697528387794,49.2686409046448,49.7675289705101,50.2664170363754,
50.7653051022408,51.2641931681061,51.7630812339714,52.2619692998368,52.7608573657021,
53.2597454315674,53.7586334974328,54.2575215632981,54.7564096291634,55.2552976950288,
55.7541857608941,56.2530738267594,56.7519618926247,57.2508499584901,57.7497380243554,
58.2486260902208,58.7475141560861,59.2464022219514,59.7452902878167,60.2441783536821,
60.7430664195474,61.2419544854127,61.7408425512781,62.2397306171434,62.7386186830087,
63.2375067488741,63.7363948147394,64.2352828806047,64.7341709464701,65.2330590123354,
65.7319470782007,66.2308351440661,66.7297232099314,67.2286112757967,67.7274993416621,
68.2263874075274,68.7252754733927,69.2241635392581,69.7230516051234,70.2219396709887,
70.720827736854,71.2197158027194,71.7186038685847,72.21749193445,72.7163800003154,
73.2152680661807,73.714156132046,74.2130441979114,74.7119322637767,75.210820329642,
75.7097083955074,76.2085964613727,76.707484527238),.UNSPECIFIED.);
#31=B_SPLINE_SURFACE_WITH_KNOTS('',3,3,((#3440,#3441,#3442,#3443,#3444,
#3445,#3446,#3447,#3448,#3449,#3450,#3451,#3452,#3453,#3454,#3455,#3456,
#3457,#3458,#3459,#3460,#3461,#3462,#3463,#3464,#3465,#3466,#3467,#3468,
#3469,#3470,#3471,#3472,#3473,#3474,#3475,#3476,#3477,#3478,#3479,#3480,
#3481,#3482,#3483,#3484,#3485,#3486,#3487,#3488,#3489,#3490,#3491,#3492,
#3493,#3494,#3495,#3496,#3497,#3498,#3499,#3500,#3501,#3502,#3503,#3504,
#3505,#3506,#3507,#3508,#3509,#3510,#3511,#3512,#3513,#3514,#3515,#3516,
#3517,#3518,#3519,#3520,#3521,#3522,#3523,#3524,#3525,#3526,#3527,#3528,
#3529,#3530,#3531,#3532,#3533,#3534,#3535,#3536,#3537,#3538,#3539,#3540,
#3541,#3542,#3543,#3544,#3545,#3546,#3547,#3548,#3549,#3550,#3551,#3552,
#3553,#3554,#3555,#3556,#3557,#3558,#3559,#3560,#3561,#3562,#3563,#3564,
#3565,#3566,#3567,#3568,#3569,#3570,#3571,#3572),(#3573,#3574,#3575,#3576,
#3577,#3578,#3579,#3580,#3581,#3582,#3583,#3584,#3585,#3586,#3587,#3588,
#3589,#3590,#3591,#3592,#3593,#3594,#3595,#3596,#3597,#3598,#3599,#3600,
#3601,#3602,#3603,#3604,#3605,#3606,#3607,#3608,#3609,#3610,#3611,#3612,
#3613,#3614,#3615,#3616,#3617,#3618,#3619,#3620,#3621,#3622,#3623,#3624,
#3625,#3626,#3627,#3628,#3629,#3630,#3631,#3632,#3633,#3634,#3635,#3636,
#3637,#3638,#3639,#3640,#3641,#3642,#3643,#3644,#3645,#3646,#3647,#3648,
#3649,#3650,#3651,#3652,#3653,#3654,#3655,#3656,#3657,#3658,#3659,#3660,
#3661,#3662,#3663,#3664,#3665,#3666,#3667,#3668,#3669,#3670,#3671,#3672,
#3673,#3674,#3675,#3676,#3677,#3678,#3679,#3680,#3681,#3682,#3683,#3684,
#3685,#3686,#3687,#3688,#3689,#3690,#3691,#3692,#3693,#3694,#3695,#3696,
#3697,#3698,#3699,#3700,#3701,#3702,#3703,#3704,#3705),(#3706,#3707,#3708,
#3709,#3710,#3711,#3712,#3713,#3714,#3715,#3716,#3717,#3718,#3719,#3720,
#3721,#3722,#3723,#3724,#3725,#3726,#3727,#3728,#3729,#3730,#3731,#3732,
#3733,#3734,#3735,#3736,#3737,#3738,#3739,#3740,#3741,#3742,#3743,#3744,
#3745,#3746,#3747,#3748,#3749,#3750,#3751,#3752,#3753,#3754,#3755,#3756,
#3757,#3758,#3759,#3760,#3761,#3762,#3763,#3764,#3765,#3766,#3767,#3768,
#3769,#3770,#3771,#3772,#3773,#3774,#3775,#3776,#3777,#3778,#3779,#3780,
#3781,#3782,#3783,#3784,#3785,#3786,#3787,#3788,#3789,#3790,#3791,#3792,
#3793,#3794,#3795,#3796,#3797,#3798,#3799,#3800,#3801,#3802,#3803,#3804,
#3805,#3806,#3807,#3808,#3809,#3810,#3811,#3812,#3813,#3814,#3815,#3816,
#3817,#3818,#3819,#3820,#3821,#3822,#3823,#3824,#3825,#3826,#3827,#3828,
#3829,#3830,#3831,#3832,#3833,#3834,#3835,#3836,#3837,#3838),(#3839,#3840,
#3841,#3842,#3843,#3844,#3845,#3846,#3847,#3848,#3849,#3850,#3851,#3852,
#3853,#3854,#3855,#3856,#3857,#3858,#3859,#3860,#3861,#3862,#3863,#3864,
#3865,#3866,#3867,#3868,#3869,#3870,#3871,#3872,#3873,#3874,#3875,#3876,
#3877,#3878,#3879,#3880,#3881,#3882,#3883,#3884,#3885,#3886,#3887,#3888,
#3889,#3890,#3891,#3892,#3893,#3894,#3895,#3896,#3897,#3898,#3899,#3900,
#3901,#3902,#3903,#3904,#3905,#3906,#3907,#3908,#3909,#3910,#3911,#3912,
#3913,#3914,#3915,#3916,#3917,#3918,#3919,#3920,#3921,#3922,#3923,#3924,
#3925,#3926,#3927,#3928,#3929,#3930,#3931,#3932,#3933,#3934,#3935,#3936,
#3937,#3938,#3939,#3940,#3941,#3942,#3943,#3944,#3945,#3946,#3947,#3948,
#3949,#3950,#3951,#3952,#3953,#3954,#3955,#3956,#3957,#3958,#3959,#3960,
#3961,#3962,#3963,#3964,#3965,#3966,#3967,#3968,#3969,#3970,#3971)),
 .UNSPECIFIED.,.F.,.F.,.F.,(4,4),(4,1,1,1,1,1,1,1,1,1,1,1,1,1,1,1,1,1,1,
1,1,1,1,1,1,1,1,1,1,1,1,1,1,1,1,1,1,1,1,1,1,1,1,1,1,1,1,1,1,1,1,1,1,1,1,
1,1,1,1,1,1,1,1,1,1,1,1,1,1,1,1,1,1,1,1,1,1,1,1,1,1,1,1,1,1,1,1,1,1,1,1,
1,1,1,1,1,1,1,1,1,1,1,1,1,1,1,1,1,1,1,1,1,1,1,1,1,1,1,1,1,1,1,1,1,1,1,1,
1,1,1,4),(0.,0.193239135097768),(14.3987024268658,14.8975904927312,15.3964785585965,
15.8953666244618,16.3942546903272,16.8931427561925,17.3920308220578,17.8909188879232,
18.3898069537885,18.8886950196538,19.3875830855192,19.8864711513845,20.3853592172498,
20.8842472831152,21.3831353489805,21.8820234148458,22.3809114807112,22.8797995465765,
23.3786876124418,23.8775756783071,24.3764637441725,24.8753518100378,25.3742398759031,
25.8731279417685,26.3720160076338,26.8709040734991,27.3697921393645,27.8686802052298,
28.3675682710951,28.8664563369605,29.3653444028258,29.8642324686911,30.3631205345565,
30.8620086004218,31.3608966662871,31.8597847321525,32.3586727980178,32.8575608638831,
33.3564489297485,33.8553369956138,34.3542250614791,34.8531131273445,35.3520011932098,
35.8508892590751,36.3497773249404,36.8486653908058,37.3475534566711,37.8464415225364,
38.3453295884018,38.8442176542671,39.3431057201324,39.8419937859978,40.3408818518631,
40.8397699177284,41.3386579835938,41.8375460494591,42.3364341153244,42.8353221811898,
43.3342102470551,43.8330983129204,44.3319863787858,44.8308744446511,45.3297625105164,
45.8286505763818,46.3275386422471,46.8264267081124,47.3253147739778,47.8242028398431,
48.3230909057084,48.8219789715737,49.3208670374391,49.8197551033044,50.3186431691697,
50.8175312350351,51.3164193009004,51.8153073667657,52.3141954326311,52.8130834984964,
53.3119715643617,53.8108596302271,54.3097476960924,54.8086357619577,55.3075238278231,
55.8064118936884,56.3052999595537,56.8041880254191,57.3030760912844,57.8019641571497,
58.3008522230151,58.7997402888804,59.2986283547457,59.7975164206111,60.2964044864764,
60.7952925523417,61.2941806182071,61.7930686840724,62.2919567499377,62.790844815803,
63.2897328816684,63.7886209475337,64.287509013399,64.7863970792644,65.2852851451297,
65.784173210995,66.2830612768604,66.7819493427257,67.280837408591,67.7797254744564,
68.2786135403217,68.777501606187,69.2763896720524,69.7752777379177,70.274165803783,
70.7730538696484,71.2719419355137,71.770830001379,72.2697180672444,72.7686061331097,
73.267494198975,73.7663822648404,74.2652703307057,74.764158396571,75.2630464624363,
75.7619345283017,76.260822594167,76.7597106600323,77.2585987258977,77.757486791763,
78.2563748576283,78.7552629234937,79.254150989359),.UNSPECIFIED.);
#32=B_SPLINE_SURFACE_WITH_KNOTS('',3,3,((#4139,#4140,#4141,#4142,#4143,
#4144,#4145,#4146,#4147,#4148,#4149,#4150,#4151,#4152,#4153),(#4154,#4155,
#4156,#4157,#4158,#4159,#4160,#4161,#4162,#4163,#4164,#4165,#4166,#4167,
#4168),(#4169,#4170,#4171,#4172,#4173,#4174,#4175,#4176,#4177,#4178,#4179,
#4180,#4181,#4182,#4183),(#4184,#4185,#4186,#4187,#4188,#4189,#4190,#4191,
#4192,#4193,#4194,#4195,#4196,#4197,#4198),(#4199,#4200,#4201,#4202,#4203,
#4204,#4205,#4206,#4207,#4208,#4209,#4210,#4211,#4212,#4213),(#4214,#4215,
#4216,#4217,#4218,#4219,#4220,#4221,#4222,#4223,#4224,#4225,#4226,#4227,
#4228),(#4229,#4230,#4231,#4232,#4233,#4234,#4235,#4236,#4237,#4238,#4239,
#4240,#4241,#4242,#4243)),.UNSPECIFIED.,.F.,.F.,.F.,(4,1,1,1,4),(4,1,1,
1,1,1,1,1,1,1,1,1,4),(0.,0.285714285714286,0.571428571428571,0.785714285714286,
1.),(0.,0.699120634786002,1.398241269572,1.63128148116734,1.86432169276267,
2.09736190435801,2.33040211595334,2.56344232754867,2.79648253914401,3.14604285653701,
3.49560317393001,4.19472380871601,4.89384444350202),.UNSPECIFIED.);
#33=B_SPLINE_SURFACE_WITH_KNOTS('',3,3,((#4289,#4290,#4291,#4292,#4293,
#4294,#4295,#4296),(#4297,#4298,#4299,#4300,#4301,#4302,#4303,#4304),(#4305,
#4306,#4307,#4308,#4309,#4310,#4311,#4312),(#4313,#4314,#4315,#4316,#4317,
#4318,#4319,#4320)),.UNSPECIFIED.,.F.,.F.,.F.,(4,4),(4,1,1,1,1,4),(0.,1.),
(-1.5707963267949,-1.12199737628207,-0.224399475256414,0.673198425769241,
1.12199737628207,1.5707963267949),.UNSPECIFIED.);
#34=CONICAL_SURFACE('',#806,17.2679487710313,0.675790310259651);
#35=CONICAL_SURFACE('',#814,12.001,0.785398163397448);
#36=CONICAL_SURFACE('',#819,17.25,0.785398163397448);
#37=FACE_OUTER_BOUND('',#81,.T.);
#38=FACE_OUTER_BOUND('',#82,.T.);
#39=FACE_OUTER_BOUND('',#83,.T.);
#40=FACE_OUTER_BOUND('',#84,.T.);
#41=FACE_OUTER_BOUND('',#85,.T.);
#42=FACE_OUTER_BOUND('',#86,.T.);
#43=FACE_OUTER_BOUND('',#87,.T.);
#44=FACE_OUTER_BOUND('',#88,.T.);
#45=FACE_OUTER_BOUND('',#89,.T.);
#46=FACE_OUTER_BOUND('',#90,.T.);
#47=FACE_OUTER_BOUND('',#91,.T.);
#48=FACE_OUTER_BOUND('',#92,.T.);
#49=FACE_OUTER_BOUND('',#93,.T.);
#50=FACE_OUTER_BOUND('',#94,.T.);
#51=FACE_OUTER_BOUND('',#95,.T.);
#52=FACE_OUTER_BOUND('',#96,.T.);
#53=FACE_OUTER_BOUND('',#97,.T.);
#54=FACE_OUTER_BOUND('',#98,.T.);
#55=FACE_OUTER_BOUND('',#99,.T.);
#56=FACE_OUTER_BOUND('',#100,.T.);
#57=FACE_OUTER_BOUND('',#101,.T.);
#58=FACE_OUTER_BOUND('',#102,.T.);
#59=FACE_OUTER_BOUND('',#103,.T.);
#60=FACE_OUTER_BOUND('',#104,.T.);
#61=FACE_OUTER_BOUND('',#105,.T.);
#62=FACE_OUTER_BOUND('',#106,.T.);
#63=FACE_OUTER_BOUND('',#107,.T.);
#64=FACE_OUTER_BOUND('',#109,.T.);
#65=FACE_OUTER_BOUND('',#110,.T.);
#66=FACE_OUTER_BOUND('',#111,.T.);
#67=FACE_OUTER_BOUND('',#112,.T.);
#68=FACE_OUTER_BOUND('',#113,.T.);
#69=FACE_OUTER_BOUND('',#114,.T.);
#70=FACE_OUTER_BOUND('',#115,.T.);
#71=FACE_OUTER_BOUND('',#116,.T.);
#72=FACE_OUTER_BOUND('',#117,.T.);
#73=FACE_OUTER_BOUND('',#118,.T.);
#74=FACE_OUTER_BOUND('',#119,.T.);
#75=FACE_OUTER_BOUND('',#120,.T.);
#76=FACE_OUTER_BOUND('',#121,.T.);
#77=FACE_OUTER_BOUND('',#122,.T.);
#78=FACE_OUTER_BOUND('',#123,.T.);
#79=FACE_OUTER_BOUND('',#125,.T.);
#80=FACE_OUTER_BOUND('',#126,.T.);
#81=EDGE_LOOP('',(#463,#464,#465,#466));
#82=EDGE_LOOP('',(#467,#468,#469,#470));
#83=EDGE_LOOP('',(#471,#472,#473,#474));
#84=EDGE_LOOP('',(#475,#476,#477,#478));
#85=EDGE_LOOP('',(#479,#480,#481,#482));
#86=EDGE_LOOP('',(#483,#484,#485,#486));
#87=EDGE_LOOP('',(#487,#488,#489,#490));
#88=EDGE_LOOP('',(#491,#492,#493,#494));
#89=EDGE_LOOP('',(#495,#496,#497,#498));
#90=EDGE_LOOP('',(#499,#500,#501,#502));
#91=EDGE_LOOP('',(#503,#504,#505,#506));
#92=EDGE_LOOP('',(#507,#508,#509,#510));
#93=EDGE_LOOP('',(#511,#512,#513,#514));
#94=EDGE_LOOP('',(#515,#516,#517,#518));
#95=EDGE_LOOP('',(#519,#520,#521,#522));
#96=EDGE_LOOP('',(#523,#524,#525,#526));
#97=EDGE_LOOP('',(#527,#528,#529,#530));
#98=EDGE_LOOP('',(#531,#532,#533,#534));
#99=EDGE_LOOP('',(#535,#536,#537,#538));
#100=EDGE_LOOP('',(#539,#540,#541,#542,#543));
#101=EDGE_LOOP('',(#544,#545,#546,#547,#548,#549,#550,#551));
#102=EDGE_LOOP('',(#552,#553,#554,#555,#556));
#103=EDGE_LOOP('',(#557,#558,#559,#560,#561));
#104=EDGE_LOOP('',(#562,#563,#564,#565,#566,#567,#568,#569));
#105=EDGE_LOOP('',(#570,#571,#572,#573,#574,#575,#576,#577,#578,#579,#580,
#581,#582,#583,#584,#585,#586,#587,#588,#589,#590,#591,#592,#593));
#106=EDGE_LOOP('',(#594,#595,#596,#597));
#107=EDGE_LOOP('',(#598));
#108=EDGE_LOOP('',(#599));
#109=EDGE_LOOP('',(#600,#601,#602,#603,#604,#605,#606,#607,#608,#609,#610,
#611,#612,#613,#614,#615,#616,#617,#618,#619,#620,#621,#622));
#110=EDGE_LOOP('',(#623,#624,#625,#626));
#111=EDGE_LOOP('',(#627,#628,#629,#630));
#112=EDGE_LOOP('',(#631,#632,#633,#634,#635));
#113=EDGE_LOOP('',(#636,#637,#638,#639,#640,#641,#642,#643,#644));
#114=EDGE_LOOP('',(#645,#646,#647,#648,#649));
#115=EDGE_LOOP('',(#650,#651));
#116=EDGE_LOOP('',(#652,#653));
#117=EDGE_LOOP('',(#654,#655,#656,#657,#658));
#118=EDGE_LOOP('',(#659,#660,#661,#662));
#119=EDGE_LOOP('',(#663,#664,#665,#666,#667,#668,#669));
#120=EDGE_LOOP('',(#670,#671,#672,#673,#674,#675));
#121=EDGE_LOOP('',(#676,#677,#678,#679,#680,#681));
#122=EDGE_LOOP('',(#682,#683,#684,#685,#686,#687));
#123=EDGE_LOOP('',(#688));
#124=EDGE_LOOP('',(#689));
#125=EDGE_LOOP('',(#690,#691,#692,#693));
#126=EDGE_LOOP('',(#694,#695,#696,#697,#698));
#127=CIRCLE('',#784,10.501);
#128=CIRCLE('',#793,10.501);
#129=CIRCLE('',#795,12.1745);
#130=CIRCLE('',#805,12.1745);
#131=CIRCLE('',#807,18.);
#132=CIRCLE('',#808,18.);
#133=CIRCLE('',#809,16.5358975420627);
#134=CIRCLE('',#811,18.);
#135=CIRCLE('',#812,1.5);
#136=CIRCLE('',#813,1.5);
#137=CIRCLE('',#815,13.501);
#138=CIRCLE('',#818,16.5);
#139=CIRCLE('',#823,4.);
#140=CIRCLE('',#825,11.);
#141=CIRCLE('',#826,11.);
#142=CIRCLE('',#829,4.);
#143=CIRCLE('',#831,4.);
#144=CIRCLE('',#834,11.);
#145=CIRCLE('',#835,11.);
#146=CIRCLE('',#837,10.1665812837945);
#147=CIRCLE('',#838,2.);
#148=CIRCLE('',#839,10.1665812837945);
#149=CIRCLE('',#840,10.1665812837945);
#150=CIRCLE('',#841,10.1665812837945);
#151=CIRCLE('',#843,11.);
#152=CIRCLE('',#844,14.);
#153=CIRCLE('',#845,11.);
#154=CIRCLE('',#847,14.);
#155=CIRCLE('',#849,5.);
#156=CIRCLE('',#850,5.99999999999999);
#157=CIRCLE('',#851,11.);
#158=B_SPLINE_CURVE_WITH_KNOTS('',3,(#1027,#1028,#1029,#1030,#1031,#1032,
#1033,#1034,#1035,#1036),.UNSPECIFIED.,.F.,.F.,(4,3,3,4),(57.8579286056994,
57.8710156403785,58.3699037062439,58.5722632553136),.UNSPECIFIED.);
#159=B_SPLINE_CURVE_WITH_KNOTS('',3,(#1039,#1040,#1041,#1042,#1043,#1044,
#1045,#1046,#1047,#1048,#1049,#1050,#1051,#1052,#1053,#1054,#1055,#1056,
#1057),.UNSPECIFIED.,.F.,.F.,(4,3,3,3,3,3,4),(-56.5486677646163,-56.3743514427825,
-55.8754633769172,-55.3765753110519,-54.8776872451865,-54.3787991793212,
-54.1214097606407),.UNSPECIFIED.);
#160=B_SPLINE_CURVE_WITH_KNOTS('',3,(#1062,#1063,#1064,#1065,#1066,#1067,
#1068,#1069,#1070,#1071,#1072,#1073,#1074,#1075,#1076,#1077,#1078,#1079,
#1080,#1081,#1082,#1083,#1084,#1085,#1086,#1087,#1088,#1089,#1090,#1091,
#1092,#1093,#1094,#1095,#1096,#1097,#1098,#1099,#1100,#1101),
 .UNSPECIFIED.,.F.,.F.,(4,3,3,3,3,3,3,3,3,3,3,3,3,4),(51.5747432985198,
51.8843588499945,52.3832469158599,52.8821349817252,53.3810230475905,53.8799111134559,
54.3787991793212,54.8776872451865,55.3765753110519,55.8754633769172,56.3743514427825,
56.8732395086479,57.3721275745132,57.8579286056994),.UNSPECIFIED.);
#161=B_SPLINE_CURVE_WITH_KNOTS('',3,(#1102,#1103,#1104,#1105,#1106,#1107,
#1108,#1109,#1110,#1111,#1112,#1113,#1114,#1115,#1116,#1117,#1118,#1119,
#1120,#1121,#1122,#1123,#1124,#1125,#1126,#1127,#1128,#1129,#1130,#1131,
#1132,#1133,#1134,#1135,#1136,#1137,#1138,#1139,#1140,#1141,#1142,#1143,
#1144),.UNSPECIFIED.,.F.,.F.,(4,3,3,3,3,3,3,3,3,3,3,3,3,3,4),(-54.1214097606407,
-53.8799111134559,-53.3810230475905,-52.8821349817252,-52.3832469158598,
-51.8843588499945,-51.3854707841292,-50.8865827182639,-50.3876946523985,
-49.8888065865332,-49.3899185206679,-48.8910304548025,-48.3921423889372,
-47.8932543230719,-47.8382244534611),.UNSPECIFIED.);
#162=B_SPLINE_CURVE_WITH_KNOTS('',3,(#1149,#1150,#1151,#1152,#1153,#1154,
#1155,#1156,#1157,#1158,#1159,#1160,#1161,#1162,#1163,#1164,#1165,#1166,
#1167,#1168,#1169,#1170,#1171,#1172,#1173,#1174,#1175,#1176,#1177,#1178,
#1179,#1180,#1181,#1182,#1183,#1184,#1185,#1186,#1187,#1188,#1189,#1190,
#1191),.UNSPECIFIED.,.F.,.F.,(4,3,3,3,3,3,3,3,3,3,3,3,3,3,4),(45.2915579913402,
45.3988139937452,45.8977020596105,46.3965901254759,46.8954781913412,47.3943662572065,
47.8932543230719,48.3921423889372,48.8910304548025,49.3899185206679,49.8888065865332,
50.3876946523985,50.8865827182639,51.3854707841292,51.5747432985198),
 .UNSPECIFIED.);
#163=B_SPLINE_CURVE_WITH_KNOTS('',3,(#1192,#1193,#1194,#1195,#1196,#1197,
#1198,#1199,#1200,#1201,#1202,#1203,#1204,#1205,#1206,#1207,#1208,#1209,
#1210,#1211,#1212,#1213,#1214,#1215,#1216,#1217,#1218,#1219,#1220,#1221,
#1222,#1223,#1224,#1225,#1226,#1227,#1228,#1229,#1230,#1231),
 .UNSPECIFIED.,.F.,.F.,(4,3,3,3,3,3,3,3,3,3,3,3,3,4),(-47.8382244534611,
-47.3943662572065,-46.8954781913412,-46.3965901254759,-45.8977020596105,
-45.3988139937452,-44.8999259278799,-44.4010378620145,-43.9021497961492,
-43.4032617302839,-42.9043736644186,-42.4054855985532,-41.9065975326879,
-41.5550391462816),.UNSPECIFIED.);
#164=B_SPLINE_CURVE_WITH_KNOTS('',3,(#1236,#1237,#1238,#1239,#1240,#1241,
#1242,#1243,#1244,#1245,#1246,#1247,#1248,#1249,#1250,#1251,#1252,#1253,
#1254,#1255,#1256,#1257,#1258,#1259,#1260,#1261,#1262,#1263,#1264,#1265,
#1266,#1267,#1268,#1269,#1270,#1271,#1272,#1273,#1274,#1275),
 .UNSPECIFIED.,.F.,.F.,(4,3,3,3,3,3,3,3,3,3,3,3,3,4),(39.0083726841606,
39.4121572033612,39.9110452692266,40.4099333350919,40.9088214009572,41.4077094668226,
41.9065975326879,42.4054855985532,42.9043736644186,43.4032617302839,43.9021497961492,
44.4010378620145,44.8999259278799,45.2915579913402),.UNSPECIFIED.);
#165=B_SPLINE_CURVE_WITH_KNOTS('',3,(#1276,#1277,#1278,#1279,#1280,#1281,
#1282,#1283,#1284,#1285,#1286,#1287,#1288,#1289,#1290,#1291,#1292,#1293,
#1294,#1295,#1296,#1297,#1298,#1299,#1300,#1301,#1302,#1303,#1304,#1305,
#1306,#1307,#1308,#1309,#1310,#1311,#1312,#1313,#1314,#1315,#1316,#1317,
#1318),.UNSPECIFIED.,.F.,.F.,(4,3,3,3,3,3,3,3,3,3,3,3,3,3,4),(-41.5550391462816,
-41.4077094668226,-40.9088214009572,-40.4099333350919,-39.9110452692266,
-39.4121572033612,-38.9132691374959,-38.4143810716306,-37.9154930057652,
-37.4166049398999,-36.9177168740346,-36.4188288081692,-35.9199407423039,
-35.4210526764386,-35.271853839102),.UNSPECIFIED.);
#166=B_SPLINE_CURVE_WITH_KNOTS('',3,(#1323,#1324,#1325,#1326,#1327,#1328,
#1329,#1330,#1331,#1332,#1333,#1334,#1335,#1336,#1337,#1338,#1339,#1340,
#1341,#1342,#1343,#1344,#1345,#1346,#1347,#1348,#1349,#1350,#1351,#1352,
#1353,#1354,#1355,#1356,#1357,#1358,#1359,#1360,#1361,#1362,#1363,#1364,
#1365),.UNSPECIFIED.,.F.,.F.,(4,3,3,3,3,3,3,3,3,3,3,3,3,3,4),(32.725187376981,
32.9266123471119,33.4255004129772,33.9243884788426,34.4232765447079,34.9221646105732,
35.4210526764386,35.9199407423039,36.4188288081692,36.9177168740346,37.4166049398999,
37.9154930057652,38.4143810716306,38.9132691374959,39.0083726841606),
 .UNSPECIFIED.);
#167=B_SPLINE_CURVE_WITH_KNOTS('',3,(#1366,#1367,#1368,#1369,#1370,#1371,
#1372,#1373,#1374,#1375,#1376,#1377,#1378,#1379,#1380,#1381,#1382,#1383,
#1384,#1385,#1386,#1387,#1388,#1389,#1390,#1391,#1392,#1393,#1394,#1395,
#1396,#1397,#1398,#1399,#1400,#1401,#1402,#1403,#1404,#1405),
 .UNSPECIFIED.,.F.,.F.,(4,3,3,3,3,3,3,3,3,3,3,3,3,4),(-35.271853839102,
-34.9221646105732,-34.4232765447079,-33.9243884788426,-33.4255004129772,
-32.9266123471119,-32.4277242812466,-31.9288362153812,-31.4299481495159,
-30.9310600836506,-30.4321720177853,-29.9332839519199,-29.4343958860546,
-28.9886685319224),.UNSPECIFIED.);
#168=B_SPLINE_CURVE_WITH_KNOTS('',3,(#1410,#1411,#1412,#1413,#1414,#1415,
#1416,#1417,#1418,#1419,#1420,#1421,#1422,#1423,#1424,#1425,#1426,#1427,
#1428,#1429,#1430,#1431,#1432,#1433,#1434,#1435,#1436,#1437,#1438,#1439,
#1440,#1441,#1442,#1443,#1444,#1445,#1446,#1447,#1448,#1449),
 .UNSPECIFIED.,.F.,.F.,(4,3,3,3,3,3,3,3,3,3,3,3,3,4),(26.4420020698014,
26.9399555567279,27.4388436225933,27.9377316884586,28.4366197543239,28.9355078201893,
29.4343958860546,29.9332839519199,30.4321720177853,30.9310600836506,31.4299481495159,
31.9288362153813,32.4277242812466,32.725187376981),.UNSPECIFIED.);
#169=B_SPLINE_CURVE_WITH_KNOTS('',3,(#1450,#1451,#1452,#1453,#1454,#1455,
#1456,#1457,#1458,#1459,#1460,#1461,#1462,#1463,#1464,#1465,#1466,#1467,
#1468,#1469,#1470,#1471,#1472,#1473,#1474,#1475,#1476,#1477,#1478,#1479,
#1480,#1481,#1482,#1483,#1484,#1485,#1486,#1487,#1488,#1489,#1490,#1491,
#1492),.UNSPECIFIED.,.F.,.F.,(4,3,3,3,3,3,3,3,3,3,3,3,3,3,4),(-28.9886685319224,
-28.9355078201893,-28.4366197543239,-27.9377316884586,-27.4388436225933,
-26.9399555567279,-26.4410674908626,-25.9421794249973,-25.4432913591319,
-24.9444032932666,-24.4455152274013,-23.9466271615359,-23.4477390956706,
-22.9488510298053,-22.7054832247428),.UNSPECIFIED.);
#170=B_SPLINE_CURVE_WITH_KNOTS('',3,(#1497,#1498,#1499,#1500,#1501,#1502,
#1503,#1504,#1505,#1506,#1507,#1508,#1509,#1510,#1511,#1512,#1513,#1514,
#1515,#1516,#1517,#1518,#1519,#1520,#1521,#1522,#1523,#1524,#1525,#1526,
#1527,#1528,#1529,#1530,#1531,#1532,#1533,#1534,#1535,#1536),
 .UNSPECIFIED.,.F.,.F.,(4,3,3,3,3,3,3,3,3,3,3,3,3,4),(20.1588167626218,
20.4544107004786,20.9532987663439,21.4521868322093,21.9510748980746,22.4499629639399,
22.9488510298053,23.4477390956706,23.9466271615359,24.4455152274013,24.9444032932666,
25.4432913591319,25.9421794249973,26.4420020698014),.UNSPECIFIED.);
#171=B_SPLINE_CURVE_WITH_KNOTS('',3,(#1537,#1538,#1539,#1540,#1541,#1542,
#1543,#1544,#1545,#1546,#1547,#1548,#1549,#1550,#1551,#1552,#1553,#1554,
#1555,#1556,#1557,#1558,#1559,#1560,#1561,#1562,#1563,#1564,#1565,#1566,
#1567,#1568,#1569,#1570,#1571,#1572,#1573,#1574,#1575,#1576,#1577,#1578,
#1579),.UNSPECIFIED.,.F.,.F.,(4,3,3,3,3,3,3,3,3,3,3,3,3,3,4),(-22.7054832247428,
-22.4499629639399,-21.9510748980746,-21.4521868322093,-20.9532987663439,
-20.4544107004786,-19.9555226346133,-19.456634568748,-18.9577465028826,
-18.4588584370173,-17.959970371152,-17.4610823052866,-16.9621942394213,
-16.463306173556,-16.4222979175632),.UNSPECIFIED.);
#172=B_SPLINE_CURVE_WITH_KNOTS('',3,(#1584,#1585,#1586,#1587,#1588,#1589,
#1590,#1591,#1592,#1593,#1594,#1595,#1596,#1597,#1598,#1599,#1600,#1601,
#1602,#1603,#1604,#1605,#1606,#1607,#1608,#1609,#1610,#1611,#1612,#1613,
#1614,#1615,#1616,#1617,#1618,#1619,#1620,#1621,#1622,#1623,#1624,#1625,
#1626),.UNSPECIFIED.,.F.,.F.,(4,3,3,3,3,3,3,3,3,3,3,3,3,3,4),(13.8756314554422,
13.9688658442293,14.4677539100946,14.96664197596,15.4655300418253,15.9644181076906,
16.463306173556,16.9621942394213,17.4610823052866,17.959970371152,18.4588584370173,
18.9577465028826,19.4566345687479,19.9555226346133,20.1588167626218),
 .UNSPECIFIED.);
#173=B_SPLINE_CURVE_WITH_KNOTS('',3,(#1627,#1628,#1629,#1630,#1631,#1632,
#1633,#1634,#1635,#1636,#1637,#1638,#1639,#1640,#1641,#1642,#1643,#1644,
#1645,#1646,#1647,#1648,#1649,#1650,#1651,#1652,#1653,#1654,#1655,#1656,
#1657,#1658,#1659,#1660,#1661,#1662,#1663,#1664,#1665,#1666),
 .UNSPECIFIED.,.F.,.F.,(4,3,3,3,3,3,3,3,3,3,3,3,3,4),(-16.4222979175632,
-15.9644181076906,-15.4655300418253,-14.96664197596,-14.4677539100946,-13.9688658442293,
-13.469977778364,-12.9710897124986,-12.4722016466333,-11.973313580768,-11.4744255149026,
-10.9755374490373,-10.476649383172,-10.1391126103836),.UNSPECIFIED.);
#174=B_SPLINE_CURVE_WITH_KNOTS('',3,(#1672,#1673,#1674,#1675,#1676,#1677,
#1678,#1679,#1680,#1681,#1682,#1683,#1684,#1685,#1686,#1687,#1688,#1689,
#1690,#1691,#1692,#1693,#1694,#1695,#1696),.UNSPECIFIED.,.F.,.F.,(4,3,3,
3,3,3,3,3,4),(-3.85592730320404,-3.49221646105732,-2.99332839519199,-2.49444032932666,
-1.99555226346133,-1.496664197596,-0.997776131730662,-0.49888806586533,
0.),.UNSPECIFIED.);
#175=B_SPLINE_CURVE_WITH_KNOTS('',3,(#1699,#1700,#1701,#1702,#1703,#1704,
#1705,#1706,#1707,#1708,#1709,#1710,#1711,#1712,#1713,#1714,#1715,#1716,
#1717,#1718,#1719,#1720,#1721,#1722,#1723,#1724,#1725,#1726,#1727,#1728,
#1729,#1730,#1731,#1732,#1733,#1734,#1735),.UNSPECIFIED.,.F.,.F.,(4,3,3,
3,3,3,3,3,3,3,3,3,4),(2.02359549069732,2.49444032932666,2.99332839519199,
3.49221646105732,3.99110452692266,4.48999259278799,4.98888065865332,5.48776872451865,
5.98665679038398,6.48554485624932,6.98443292211465,7.48332098797998,7.59244614826264),
 .UNSPECIFIED.);
#176=B_SPLINE_CURVE_WITH_KNOTS('',3,(#1741,#1742,#1743,#1744,#1745,#1746,
#1747),.UNSPECIFIED.,.F.,.F.,(4,1,1,1,4),(72.2566310325652,72.7163800003154,
73.2152680661807,73.714156132046,73.9292694239134),.UNSPECIFIED.);
#177=B_SPLINE_CURVE_WITH_KNOTS('',3,(#1750,#1751,#1752,#1753,#1754,#1755,
#1756,#1757,#1758),.UNSPECIFIED.,.F.,.F.,(4,1,1,1,1,1,4),(72.2566310325652,
72.2697180672444,72.7686061331097,73.267494198975,73.7663822648404,74.2652703307057,
74.4523403953371),.UNSPECIFIED.);
#178=B_SPLINE_CURVE_WITH_KNOTS('',3,(#1763,#1764,#1765,#1766,#1767,#1768,
#1769,#1770,#1771,#1772,#1773,#1774,#1775,#1776,#1777,#1778,#1779),
 .UNSPECIFIED.,.F.,.F.,(4,1,1,1,1,1,1,1,1,1,1,1,1,1,4),(65.9734457253856,
66.2308351440661,66.7297232099314,67.2286112757967,67.7274993416621,68.2263874075274,
68.7252754733927,69.2241635392581,69.7230516051234,70.2219396709887,70.720827736854,
71.2197158027194,71.7186038685847,72.21749193445,72.2566310325652),
 .UNSPECIFIED.);
#179=B_SPLINE_CURVE_WITH_KNOTS('',3,(#1780,#1781,#1782,#1783,#1784,#1785,
#1786,#1787,#1788,#1789,#1790,#1791,#1792,#1793,#1794,#1795),
 .UNSPECIFIED.,.F.,.F.,(4,1,1,1,1,1,1,1,1,1,1,1,1,4),(65.9734457253856,
66.2830612768604,66.7819493427257,67.280837408591,67.7797254744564,68.2786135403217,
68.777501606187,69.2763896720524,69.7752777379177,70.274165803783,70.7730538696484,
71.2719419355137,71.770830001379,72.2566310325652),.UNSPECIFIED.);
#180=B_SPLINE_CURVE_WITH_KNOTS('',3,(#1800,#1801,#1802,#1803,#1804,#1805,
#1806,#1807,#1808,#1809,#1810,#1811,#1812,#1813,#1814,#1815,#1816),
 .UNSPECIFIED.,.F.,.F.,(4,1,1,1,1,1,1,1,1,1,1,1,1,1,4),(59.6902604182061,
59.7452902878167,60.2441783536821,60.7430664195474,61.2419544854127,61.7408425512781,
62.2397306171434,62.7386186830087,63.2375067488741,63.7363948147394,64.2352828806047,
64.7341709464701,65.2330590123354,65.7319470782007,65.9734457253856),
 .UNSPECIFIED.);
#181=B_SPLINE_CURVE_WITH_KNOTS('',3,(#1817,#1818,#1819,#1820,#1821,#1822,
#1823,#1824,#1825,#1826,#1827,#1828,#1829,#1830,#1831,#1832,#1833),
 .UNSPECIFIED.,.F.,.F.,(4,1,1,1,1,1,1,1,1,1,1,1,1,1,4),(59.6902604182061,
59.7975164206111,60.2964044864764,60.7952925523417,61.2941806182071,61.7930686840724,
62.2919567499377,62.790844815803,63.2897328816684,63.7886209475337,64.287509013399,
64.7863970792644,65.2852851451297,65.784173210995,65.9734457253856),
 .UNSPECIFIED.);
#182=B_SPLINE_CURVE_WITH_KNOTS('',3,(#1838,#1839,#1840,#1841,#1842,#1843,
#1844,#1845,#1846,#1847,#1848,#1849,#1850,#1851,#1852,#1853),
 .UNSPECIFIED.,.F.,.F.,(4,1,1,1,1,1,1,1,1,1,1,1,1,4),(53.4070751110264,
53.7586334974328,54.2575215632981,54.7564096291634,55.2552976950288,55.7541857608941,
56.2530738267594,56.7519618926247,57.2508499584901,57.7497380243554,58.2486260902208,
58.7475141560861,59.2464022219514,59.6902604182061),.UNSPECIFIED.);
#183=B_SPLINE_CURVE_WITH_KNOTS('',3,(#1854,#1855,#1856,#1857,#1858,#1859,
#1860,#1861,#1862,#1863,#1864,#1865,#1866,#1867,#1868,#1869),
 .UNSPECIFIED.,.F.,.F.,(4,1,1,1,1,1,1,1,1,1,1,1,1,4),(53.4070751110265,
53.8108596302271,54.3097476960924,54.8086357619577,55.3075238278231,55.8064118936884,
56.3052999595537,56.8041880254191,57.3030760912844,57.8019641571497,58.3008522230151,
58.7997402888804,59.2986283547457,59.6902604182061),.UNSPECIFIED.);
#184=B_SPLINE_CURVE_WITH_KNOTS('',3,(#1874,#1875,#1876,#1877,#1878,#1879,
#1880,#1881,#1882,#1883,#1884,#1885,#1886,#1887,#1888,#1889,#1890),
 .UNSPECIFIED.,.F.,.F.,(4,1,1,1,1,1,1,1,1,1,1,1,1,1,4),(47.1238898038469,
47.2730886411834,47.7719767070488,48.2708647729141,48.7697528387794,49.2686409046448,
49.7675289705101,50.2664170363754,50.7653051022408,51.2641931681061,51.7630812339714,
52.2619692998368,52.7608573657021,53.2597454315674,53.4070751110264),
 .UNSPECIFIED.);
#185=B_SPLINE_CURVE_WITH_KNOTS('',3,(#1891,#1892,#1893,#1894,#1895,#1896,
#1897,#1898,#1899,#1900,#1901,#1902,#1903,#1904,#1905,#1906,#1907),
 .UNSPECIFIED.,.F.,.F.,(4,1,1,1,1,1,1,1,1,1,1,1,1,1,4),(47.1238898038469,
47.3253147739778,47.8242028398431,48.3230909057084,48.8219789715737,49.3208670374391,
49.8197551033044,50.3186431691697,50.8175312350351,51.3164193009004,51.8153073667657,
52.3141954326311,52.8130834984964,53.3119715643617,53.4070751110265),
 .UNSPECIFIED.);
#186=B_SPLINE_CURVE_WITH_KNOTS('',3,(#1912,#1913,#1914,#1915,#1916,#1917,
#1918,#1919,#1920,#1921,#1922,#1923,#1924,#1925,#1926,#1927),
 .UNSPECIFIED.,.F.,.F.,(4,1,1,1,1,1,1,1,1,1,1,1,1,4),(40.8407044966673,
41.2864318507995,41.7853199166648,42.2842079825301,42.7830960483955,43.2819841142608,
43.7808721801261,44.2797602459915,44.7786483118568,45.2775363777221,45.7764244435875,
46.2753125094528,46.7742005753181,47.1238898038469),.UNSPECIFIED.);
#187=B_SPLINE_CURVE_WITH_KNOTS('',3,(#1928,#1929,#1930,#1931,#1932,#1933,
#1934,#1935,#1936,#1937,#1938,#1939,#1940,#1941,#1942,#1943),
 .UNSPECIFIED.,.F.,.F.,(4,1,1,1,1,1,1,1,1,1,1,1,1,4),(40.8407044966673,
41.3386579835938,41.8375460494591,42.3364341153244,42.8353221811898,43.3342102470551,
43.8330983129204,44.3319863787858,44.8308744446511,45.3297625105164,45.8286505763818,
46.3275386422471,46.8264267081124,47.1238898038469),.UNSPECIFIED.);
#188=B_SPLINE_CURVE_WITH_KNOTS('',3,(#1948,#1949,#1950,#1951,#1952,#1953,
#1954,#1955,#1956,#1957,#1958,#1959,#1960,#1961,#1962,#1963,#1964),
 .UNSPECIFIED.,.F.,.F.,(4,1,1,1,1,1,1,1,1,1,1,1,1,1,4),(34.5575191894877,
34.8008869945502,35.2997750604155,35.7986631262808,36.2975511921461,36.7964392580115,
37.2953273238768,37.7942153897421,38.2931034556075,38.7919915214728,39.2908795873381,
39.7897676532035,40.2886557190688,40.7875437849341,40.8407044966673),
 .UNSPECIFIED.);
#189=B_SPLINE_CURVE_WITH_KNOTS('',3,(#1965,#1966,#1967,#1968,#1969,#1970,
#1971,#1972,#1973,#1974,#1975,#1976,#1977,#1978,#1979,#1980,#1981),
 .UNSPECIFIED.,.F.,.F.,(4,1,1,1,1,1,1,1,1,1,1,1,1,1,4),(34.5575191894877,
34.8531131273445,35.3520011932098,35.8508892590751,36.3497773249404,36.8486653908058,
37.3475534566711,37.8464415225364,38.3453295884018,38.8442176542671,39.3431057201324,
39.8419937859978,40.3408818518631,40.8397699177284,40.8407044966673),
 .UNSPECIFIED.);
#190=B_SPLINE_CURVE_WITH_KNOTS('',3,(#1986,#1987,#1988,#1989,#1990,#1991,
#1992,#1993,#1994,#1995,#1996,#1997,#1998,#1999,#2000,#2001,#2002),
 .UNSPECIFIED.,.F.,.F.,(4,1,1,1,1,1,1,1,1,1,1,1,1,1,4),(28.2743338823081,
28.3153421383008,28.8142302041662,29.3131182700315,29.8120063358968,30.3108944017622,
30.8097824676275,31.3086705334928,31.8075585993582,32.3064466652235,32.8053347310888,
33.3042227969541,33.8031108628195,34.3019989286848,34.5575191894877),
 .UNSPECIFIED.);
#191=B_SPLINE_CURVE_WITH_KNOTS('',3,(#2003,#2004,#2005,#2006,#2007,#2008,
#2009,#2010,#2011,#2012,#2013,#2014,#2015,#2016,#2017,#2018,#2019),
 .UNSPECIFIED.,.F.,.F.,(4,1,1,1,1,1,1,1,1,1,1,1,1,1,4),(28.2743338823081,
28.3675682710951,28.8664563369605,29.3653444028258,29.8642324686911,30.3631205345565,
30.8620086004218,31.3608966662871,31.8597847321525,32.3586727980178,32.8575608638831,
33.3564489297485,33.8553369956138,34.3542250614791,34.5575191894877),
 .UNSPECIFIED.);
#192=B_SPLINE_CURVE_WITH_KNOTS('',3,(#2024,#2025,#2026,#2027,#2028,#2029,
#2030,#2031,#2032,#2033,#2034,#2035,#2036,#2037,#2038,#2039),
 .UNSPECIFIED.,.F.,.F.,(4,1,1,1,1,1,1,1,1,1,1,1,1,4),(21.9911485751285,
22.3286853479169,22.8275734137822,23.3264614796475,23.8253495455129,24.3242376113782,
24.8231256772435,25.3220137431088,25.8209018089742,26.3197898748395,26.8186779407048,
27.3175660065702,27.8164540724355,28.2743338823081),.UNSPECIFIED.);
#193=B_SPLINE_CURVE_WITH_KNOTS('',3,(#2040,#2041,#2042,#2043,#2044,#2045,
#2046,#2047,#2048,#2049,#2050,#2051,#2052,#2053,#2054,#2055),
 .UNSPECIFIED.,.F.,.F.,(4,1,1,1,1,1,1,1,1,1,1,1,1,4),(21.9911485751285,
22.3809114807112,22.8797995465765,23.3786876124418,23.8775756783071,24.3764637441725,
24.8753518100378,25.3742398759031,25.8731279417685,26.3720160076338,26.8709040734991,
27.3697921393645,27.8686802052298,28.2743338823081),.UNSPECIFIED.);
#194=B_SPLINE_CURVE_WITH_KNOTS('',3,(#2061,#2062,#2063,#2064,#2065,#2066),
 .UNSPECIFIED.,.F.,.F.,(4,1,1,4),(14.3987024268658,14.8975904927312,15.3964785585965,
15.7079632679489),.UNSPECIFIED.);
#195=B_SPLINE_CURVE_WITH_KNOTS('',3,(#2069,#2070,#2071,#2072,#2073,#2074,
#2075),.UNSPECIFIED.,.F.,.F.,(4,1,1,1,4),(13.8756314554422,14.3464762940715,
14.8453643599369,15.3442524258022,15.7079632679489),.UNSPECIFIED.);
#196=B_SPLINE_CURVE_WITH_KNOTS('',3,(#2079,#2080,#2081,#2082,#2083,#2084,
#2085,#2086,#2087,#2088,#2089,#2090),.UNSPECIFIED.,.F.,.F.,(4,2,2,2,2,4),
(-0.316905267031297,-0.295680818429942,-0.27360035579373,-0.224334371459016,
-0.11833856426216,-0.000135771757666242),.UNSPECIFIED.);
#197=B_SPLINE_CURVE_WITH_KNOTS('',3,(#2096,#2097,#2098,#2099,#2100,#2101,
#2102,#2103,#2104,#2105),.UNSPECIFIED.,.F.,.F.,(4,2,2,2,4),(-0.297474025587748,
-0.156411539571928,-0.0800161284488573,-0.0352359155589015,0.),
 .UNSPECIFIED.);
#198=B_SPLINE_CURVE_WITH_KNOTS('',3,(#2112,#2113,#2114,#2115),
 .UNSPECIFIED.,.F.,.F.,(4,4),(0.,0.00130088466899201),.UNSPECIFIED.);
#199=B_SPLINE_CURVE_WITH_KNOTS('',3,(#2117,#2118,#2119,#2120,#2121,#2122,
#2123,#2124,#2125,#2126,#2127,#2128,#2129,#2130,#2131,#2132,#2133,#2134,
#2135,#2136,#2137,#2138),.UNSPECIFIED.,.F.,.F.,(4,2,2,2,2,2,2,2,2,2,4),
(0.0394645142792409,0.397990783910793,0.795981567821586,1.0116617219743,
1.06777732601986,1.12389293006542,1.18000853411098,1.23612413815654,1.45180429230925,
1.84979507622004,2.2083213458551),.UNSPECIFIED.);
#200=B_SPLINE_CURVE_WITH_KNOTS('',3,(#2139,#2140,#2141,#2142),
 .UNSPECIFIED.,.F.,.F.,(4,4),(-0.242411811864549,-0.241109904482806),
 .UNSPECIFIED.);
#201=B_SPLINE_CURVE_WITH_KNOTS('',3,(#2184,#2185,#2186,#2187,#2188,#2189,
#2190),.UNSPECIFIED.,.F.,.F.,(4,1,1,1,4),(0.307097163395165,0.694430530779285,
1.10850941272886,1.31554885370365,1.52258829467843),.UNSPECIFIED.);
#202=B_SPLINE_CURVE_WITH_KNOTS('',3,(#2193,#2194,#2195,#2196,#2197,#2198,
#2199,#2200,#2201,#2202,#2203,#2204,#2205,#2206,#2207,#2208),
 .UNSPECIFIED.,.F.,.F.,(4,3,3,3,3,4),(-1.52258829467843,-1.31554885370375,
-1.10850941272907,-0.694430530779701,-0.280351648830335,-0.0733122078816678),
 .UNSPECIFIED.);
#203=B_SPLINE_CURVE_WITH_KNOTS('',3,(#2250,#2251,#2252,#2253,#2254,#2255,
#2256,#2257,#2258,#2259,#2260,#2261,#2262,#2263,#2264,#2265),
 .UNSPECIFIED.,.F.,.F.,(4,3,3,3,3,4),(1.74757877341121,2.16164182468702,
2.57570487597789,2.78273640162332,2.98976792726876,3.19679945291419),
 .UNSPECIFIED.);
#204=B_SPLINE_CURVE_WITH_KNOTS('',3,(#2268,#2269,#2270,#2271,#2272,#2273,
#2274,#2275,#2276,#2277,#2278,#2279,#2280,#2281,#2282,#2283),
 .UNSPECIFIED.,.F.,.F.,(4,3,3,3,3,4),(-3.19679945291419,-2.98976674660846,
-2.78273404030273,-2.575701333997,-2.16163592138554,-1.98134785965582),
 .UNSPECIFIED.);
#205=B_SPLINE_CURVE_WITH_KNOTS('',3,(#2286,#2287,#2288,#2289,#2290,#2291,
#2292,#2293,#2294,#2295,#2296,#2297,#2298,#2299,#2300,#2301,#2302,#2303,
#2304,#2305,#2306,#2307,#2308,#2309,#2310,#2311,#2312,#2313,#2314,#2315,
#2316,#2317,#2318,#2319,#2320,#2321,#2322,#2323,#2324,#2325,#2326,#2327,
#2328,#2329,#2330,#2331,#2332,#2333,#2334,#2335,#2336,#2337,#2338,#2339,
#2340,#2341,#2342,#2343,#2344,#2345,#2346,#2347,#2348,#2349,#2350,#2351,
#2352,#2353,#2354,#2355,#2356,#2357,#2358,#2359,#2360,#2361,#2362,#2363,
#2364,#2365,#2366,#2367,#2368,#2369,#2370,#2371,#2372,#2373,#2374,#2375,
#2376,#2377,#2378,#2379,#2380,#2381,#2382,#2383,#2384,#2385,#2386,#2387,
#2388),.UNSPECIFIED.,.F.,.F.,(4,3,3,3,3,3,3,3,3,3,3,3,3,3,3,3,3,3,3,3,3,
3,3,3,3,3,3,3,3,3,3,3,3,3,4),(-6.28107639851185,-6.19464863110181,-6.10741536596157,
-6.02018210082132,-6.00034482035537,-5.98906635825371,-5.90338947444946,
-5.81730319320122,-5.73140023571137,-5.71727689808686,-5.70840081366604,
-5.62282030684653,-5.53713863418175,-5.45206432875556,-5.41981791729163,
-5.33415844354912,-5.27067484194368,-5.25114218092686,-5.24245229557291,
-5.15800637307921,-5.07288738408647,-4.98799350899602,-4.90430030606601,
-4.82628963070564,-4.79068102540661,-4.78126855836956,-4.69791725027608,
-4.61371279102522,-4.52927268409422,-4.44529552732465,-4.36567348968977,
-4.34269082172719,-4.33176476137386,-4.32298225239306,-4.2860514520549),
 .UNSPECIFIED.);
#206=B_SPLINE_CURVE_WITH_KNOTS('',3,(#2392,#2393,#2394,#2395,#2396,#2397,
#2398,#2399,#2400,#2401,#2402,#2403,#2404,#2405,#2406,#2407,#2408,#2409,
#2410,#2411,#2412,#2413,#2414,#2415,#2416,#2417,#2418,#2419,#2420,#2421,
#2422,#2423,#2424,#2425,#2426,#2427,#2428,#2429,#2430,#2431,#2432,#2433,
#2434,#2435,#2436,#2437,#2438,#2439,#2440,#2441,#2442,#2443,#2444,#2445,
#2446,#2447,#2448,#2449,#2450,#2451,#2452,#2453,#2454,#2455,#2456,#2457,
#2458,#2459,#2460,#2461,#2462,#2463,#2464,#2465,#2466,#2467,#2468,#2469,
#2470,#2471,#2472,#2473,#2474,#2475,#2476,#2477,#2478,#2479,#2480,#2481,
#2482,#2483,#2484,#2485,#2486,#2487,#2488,#2489,#2490,#2491,#2492,#2493,
#2494,#2495,#2496,#2497,#2498,#2499,#2500,#2501,#2502,#2503,#2504,#2505,
#2506,#2507,#2508,#2509,#2510,#2511,#2512,#2513,#2514,#2515,#2516,#2517,
#2518,#2519,#2520,#2521,#2522,#2523,#2524,#2525,#2526,#2527,#2528,#2529,
#2530,#2531,#2532,#2533,#2534,#2535,#2536,#2537,#2538,#2539,#2540,#2541,
#2542,#2543,#2544,#2545,#2546,#2547,#2548,#2549,#2550,#2551,#2552,#2553,
#2554,#2555,#2556,#2557,#2558,#2559,#2560,#2561,#2562,#2563,#2564,#2565,
#2566,#2567,#2568,#2569,#2570,#2571,#2572,#2573,#2574,#2575,#2576,#2577,
#2578,#2579,#2580,#2581,#2582,#2583,#2584,#2585,#2586,#2587,#2588,#2589,
#2590,#2591,#2592,#2593,#2594,#2595,#2596,#2597,#2598,#2599,#2600,#2601,
#2602,#2603,#2604,#2605,#2606,#2607,#2608,#2609,#2610,#2611,#2612,#2613,
#2614,#2615,#2616,#2617,#2618,#2619,#2620),.UNSPECIFIED.,.F.,.F.,(4,3,3,
3,3,3,3,3,3,3,3,3,3,3,3,3,3,3,3,3,3,3,3,3,3,3,3,3,3,3,3,3,3,3,3,3,3,3,3,
3,3,3,3,3,3,3,3,3,3,3,3,3,3,3,3,3,3,3,3,3,3,3,3,3,3,3,3,3,3,3,3,3,3,3,3,
3,4),(-4.2860514520549,-4.24037008716335,-4.1570191110994,-4.0731639792372,
-3.98938653056814,-3.90740694839055,-3.88137014750901,-3.86978423491432,
-3.78667294212492,-3.70366593040278,-3.66146820185778,-3.57824247544984,
-3.49516503652315,-3.44450914454815,-3.43093953204166,-3.42144853519209,
-3.33856587657484,-3.25595919303043,-3.17293854687677,-3.08991790072311,
-3.01943800733217,-2.98591830468715,-2.97725086899055,-2.89603864701068,
-2.81415651959795,-2.73233048429405,-2.65109258309733,-2.58858566834649,
-2.55733221097107,-2.54470774006715,-2.53623033826814,-2.52607875359565,
-2.44574771263724,-2.36461430326213,-2.28321363285092,-2.2025389593028,
-2.14427747698655,-2.12242942111795,-2.11031208703821,-2.10272552277499,
-2.02209141806384,-1.96949303003777,-1.88894398761192,-1.80819515137141,
-1.72782926255404,-1.68935800943023,-1.67963442399688,-1.6721008687874,
-1.59212284723967,-1.51207184019329,-1.43259540170043,-1.42005923756355,
-1.33999085339561,-1.28226056014039,-1.25363988059871,-1.24535711677979,
-1.16644583985556,-1.08696731045578,-1.00774246267358,-0.929638936748808,
-0.878148507353911,-0.844757147187602,-0.831021387083005,-0.822766204133208,
-0.744816204010769,-0.666140136163353,-0.585576788295755,-0.507460892125066,
-0.430237812677648,-0.417330991506052,-0.406735768534422,-0.343886744692961,
-0.26651651558923,-0.188309085346215,-0.110178047970445,-0.0328940193585115,
0.),.UNSPECIFIED.);
#207=B_SPLINE_CURVE_WITH_KNOTS('',3,(#2621,#2622,#2623,#2624,#2625,#2626,
#2627,#2628,#2629,#2630,#2631,#2632,#2633,#2634,#2635,#2636,#2637,#2638,
#2639,#2640,#2641,#2642,#2643,#2644,#2645,#2646,#2647,#2648,#2649,#2650,
#2651,#2652,#2653,#2654,#2655,#2656,#2657,#2658,#2659,#2660,#2661,#2662,
#2663,#2664,#2665,#2666,#2667,#2668,#2669,#2670,#2671,#2672,#2673,#2674,
#2675,#2676,#2677,#2678,#2679,#2680,#2681,#2682,#2683,#2684,#2685,#2686,
#2687,#2688,#2689,#2690,#2691,#2692,#2693,#2694,#2695,#2696,#2697,#2698,
#2699,#2700,#2701,#2702,#2703,#2704,#2705),.UNSPECIFIED.,.F.,.F.,(4,3,3,
3,3,3,3,3,3,3,3,3,3,3,3,3,3,3,3,3,3,3,3,3,3,3,3,3,4),(-1.70368359125349,
-1.62326593946763,-1.54477038958449,-1.46339168684728,-1.38201298411007,
-1.34684240474388,-1.32715801010307,-1.31848405796409,-1.23974613356719,
-1.15988908778879,-1.07923565733521,-0.998296916297361,-0.953543615785795,
-0.929634183002899,-0.920916393570703,-0.838351850539082,-0.819283714251098,
-0.737685401728562,-0.655150234934666,-0.572079115971589,-0.486188788704564,
-0.473824606193616,-0.463143325370076,-0.378633115443482,-0.293181897672492,
-0.22851780690349,-0.143801629484698,-0.0584474601679357,0.),
 .UNSPECIFIED.);
#208=B_SPLINE_CURVE_WITH_KNOTS('',3,(#3238,#3239,#3240,#3241,#3242,#3243,
#3244,#3245,#3246,#3247,#3248,#3249,#3250,#3251,#3252,#3253,#3254),
 .UNSPECIFIED.,.F.,.F.,(4,1,1,1,1,1,1,1,1,1,1,1,1,1,4),(15.7079632679489,
15.8431404916675,16.3420285575329,16.8409166233982,17.3398046892635,17.8386927551289,
18.3375808209942,18.8364688868595,19.3353569527249,19.8342450185902,20.3331330844555,
20.8320211503209,21.3309092161862,21.8297972820515,21.9911485751285),
 .UNSPECIFIED.);
#209=B_SPLINE_CURVE_WITH_KNOTS('',3,(#3255,#3256,#3257,#3258,#3259,#3260,
#3261,#3262,#3263,#3264,#3265,#3266,#3267,#3268,#3269,#3270,#3271,#3272,
#3273,#3274,#3275,#3276,#3277,#3278,#3279,#3280,#3281,#3282,#3283,#3284,
#3285,#3286,#3287,#3288,#3289,#3290,#3291,#3292,#3293,#3294,#3295,#3296,
#3297,#3298,#3299,#3300,#3301,#3302,#3303,#3304,#3305,#3306,#3307,#3308,
#3309,#3310,#3311,#3312,#3313,#3314,#3315,#3316,#3317,#3318,#3319,#3320,
#3321,#3322,#3323,#3324,#3325,#3326,#3327,#3328,#3329,#3330,#3331,#3332,
#3333,#3334,#3335,#3336,#3337,#3338,#3339,#3340,#3341,#3342,#3343,#3344,
#3345,#3346,#3347,#3348,#3349,#3350,#3351,#3352,#3353,#3354,#3355,#3356,
#3357,#3358,#3359,#3360,#3361,#3362,#3363,#3364,#3365,#3366,#3367,#3368,
#3369,#3370,#3371,#3372,#3373,#3374,#3375),.UNSPECIFIED.,.F.,.F.,(4,3,3,
3,3,3,3,3,3,3,3,3,3,3,3,3,3,3,3,3,3,3,3,3,3,3,3,3,3,3,3,3,3,3,3,3,3,3,3,
3,4),(-2.31010750305874,-2.23343520266693,-2.15585709813266,-2.07778564742093,
-2.05885513311542,-2.04711487469926,-1.96810382796841,-1.88883674481271,
-1.8306029340209,-1.80566733142907,-1.79338260732522,-1.7723691232291,-1.69389789284407,
-1.61431778452733,-1.53397898590715,-1.45347705594624,-1.39341841734919,
-1.37524158980392,-1.36234715824944,-1.28032733350911,-1.21324250155804,
-1.13181625387492,-1.0497239609926,-0.967464467912567,-0.941204906596005,
-0.929586156778699,-0.918504257400364,-0.835265213659845,-0.751408036425988,
-0.667379477873422,-0.633715669207997,-0.549935654350582,-0.485470110477355,
-0.470052016278124,-0.462068134853778,-0.378099300906748,-0.292127301521253,
-0.206361433789721,-0.120286368577245,-0.0342113033647683,0.),
 .UNSPECIFIED.);
#210=B_SPLINE_CURVE_WITH_KNOTS('',3,(#3376,#3377,#3378,#3379,#3380,#3381,
#3382,#3383,#3384,#3385,#3386,#3387,#3388,#3389,#3390,#3391,#3392,#3393,
#3394,#3395,#3396,#3397,#3398,#3399,#3400,#3401,#3402,#3403,#3404,#3405,
#3406,#3407,#3408,#3409,#3410,#3411,#3412,#3413,#3414,#3415,#3416,#3417,
#3418),.UNSPECIFIED.,.F.,.F.,(4,3,3,3,3,3,3,3,3,3,3,3,3,3,4),(-10.1391126103836,
-9.97776131730664,-9.47887325144131,-8.97998518557598,-8.48109711971065,
-7.98220905384531,-7.48332098797998,-6.98443292211465,-6.48554485624932,
-5.98665679038398,-5.48776872451865,-4.98888065865332,-4.48999259278799,
-3.99110452692266,-3.85592730320404),.UNSPECIFIED.);
#211=B_SPLINE_CURVE_WITH_KNOTS('',3,(#3420,#3421,#3422,#3423,#3424,#3425,
#3426,#3427,#3428,#3429,#3430,#3431,#3432,#3433,#3434,#3435,#3436),
 .UNSPECIFIED.,.F.,.F.,(4,1,1,1,1,1,1,1,1,1,1,1,1,1,4),(15.7079632679489,
15.8953666244618,16.3942546903272,16.8931427561925,17.3920308220578,17.8909188879232,
18.3898069537885,18.8886950196538,19.3875830855192,19.8864711513845,20.3853592172498,
20.8842472831152,21.3831353489805,21.8820234148458,21.9911485751285),
 .UNSPECIFIED.);
#212=B_SPLINE_CURVE_WITH_KNOTS('',3,(#3972,#3973,#3974,#3975,#3976,#3977,
#3978,#3979,#3980,#3981,#3982,#3983,#3984,#3985,#3986,#3987,#3988,#3989,
#3990,#3991,#3992,#3993,#3994,#3995,#3996,#3997,#3998,#3999,#4000,#4001,
#4002,#4003,#4004,#4005,#4006,#4007,#4008,#4009,#4010,#4011),
 .UNSPECIFIED.,.F.,.F.,(4,3,3,3,3,3,3,3,3,3,3,3,3,4),(7.59244614826264,
7.98220905384531,8.48109711971065,8.97998518557598,9.47887325144131,9.97776131730664,
10.476649383172,10.9755374490373,11.4744255149026,11.973313580768,12.4722016466333,
12.9710897124986,13.469977778364,13.8756314554422),.UNSPECIFIED.);
#213=B_SPLINE_CURVE_WITH_KNOTS('',3,(#4012,#4013,#4014,#4015,#4016,#4017,
#4018,#4019,#4020,#4021,#4022,#4023,#4024,#4025,#4026,#4027,#4028,#4029,
#4030,#4031,#4032,#4033,#4034,#4035,#4036,#4037,#4038,#4039,#4040,#4041,
#4042,#4043,#4044,#4045,#4046,#4047,#4048,#4049,#4050,#4051,#4052,#4053,
#4054,#4055,#4056,#4057,#4058,#4059,#4060,#4061,#4062,#4063,#4064,#4065,
#4066,#4067,#4068,#4069,#4070,#4071,#4072,#4073,#4074,#4075,#4076,#4077,
#4078,#4079,#4080,#4081,#4082,#4083,#4084,#4085,#4086,#4087,#4088,#4089,
#4090,#4091,#4092,#4093,#4094,#4095,#4096,#4097,#4098,#4099,#4100,#4101,
#4102,#4103,#4104,#4105,#4106,#4107,#4108,#4109,#4110,#4111,#4112,#4113,
#4114,#4115,#4116,#4117,#4118,#4119,#4120,#4121,#4122,#4123,#4124,#4125,
#4126,#4127,#4128,#4129,#4130,#4131,#4132,#4133,#4134,#4135),
 .UNSPECIFIED.,.F.,.F.,(4,3,3,3,3,3,3,3,3,3,3,3,3,3,3,3,3,3,3,3,3,3,3,3,
3,3,3,3,3,3,3,3,3,3,3,3,3,3,3,3,3,4),(-2.30292298333832,-2.21729620948422,
-2.13145194511358,-2.04598066488833,-2.01984985040152,-2.00846878396758,
-1.92383971609848,-1.8397076859315,-1.77249244708544,-1.75311400063204,
-1.73772348571941,-1.72744037269216,-1.70527720823939,-1.62243674197051,
-1.53905680168006,-1.45572713027462,-1.37346023230409,-1.31176005882619,
-1.28582307753218,-1.27574060990476,-1.19429709217455,-1.12665953839249,
-1.04495025963547,-0.963404070094848,-0.882568704648064,-0.856178882714864,
-0.842884275689648,-0.834017408114782,-0.754113752020443,-0.674366647521845,
-0.595482468551623,-0.567959494068855,-0.488241370360118,-0.430909944230241,
-0.417467681121154,-0.40919907736027,-0.331229459598495,-0.253086966188723,
-0.175404534140861,-0.0991112660669387,-0.0295899613211027,0.),
 .UNSPECIFIED.);
#214=B_SPLINE_CURVE_WITH_KNOTS('',3,(#4244,#4245,#4246,#4247,#4248,#4249,
#4250,#4251,#4252,#4253,#4254,#4255,#4256,#4257,#4258),.UNSPECIFIED.,.F.,
 .F.,(4,1,1,1,1,1,1,1,1,1,1,1,4),(-4.89384444350202,-4.19472380871601,-3.49560317393001,
-3.14604285653701,-2.79648253914401,-2.56344232754867,-2.33040211595334,
-2.09736190435801,-1.86432169276267,-1.63128148116734,-1.398241269572,-0.699120634786002,
0.),.UNSPECIFIED.);
#215=B_SPLINE_CURVE_WITH_KNOTS('',3,(#4260,#4261,#4262,#4263,#4264,#4265,
#4266,#4267,#4268,#4269,#4270,#4271,#4272,#4273),.UNSPECIFIED.,.F.,.F.,
(4,1,1,1,1,1,1,1,1,1,1,4),(0.,0.699120634786002,1.398241269572,1.63128148116734,
1.86432169276267,2.09736190435801,2.33040211595334,2.56344232754867,2.79648253914401,
3.14604285653701,3.49560317393001,3.67198152606756),.UNSPECIFIED.);
#216=B_SPLINE_CURVE_WITH_KNOTS('',3,(#4274,#4275,#4276,#4277,#4278),
 .UNSPECIFIED.,.F.,.F.,(4,1,4),(3.6720601863508,4.19472380871601,4.89384444350202),
 .UNSPECIFIED.);
#217=LINE('',#1025,#243);
#218=LINE('',#1061,#244);
#219=LINE('',#1148,#245);
#220=LINE('',#1235,#246);
#221=LINE('',#1322,#247);
#222=LINE('',#1409,#248);
#223=LINE('',#1496,#249);
#224=LINE('',#1583,#250);
#225=LINE('',#1670,#251);
#226=LINE('',#1739,#252);
#227=LINE('',#1762,#253);
#228=LINE('',#1799,#254);
#229=LINE('',#1837,#255);
#230=LINE('',#1873,#256);
#231=LINE('',#1911,#257);
#232=LINE('',#1947,#258);
#233=LINE('',#1985,#259);
#234=LINE('',#2023,#260);
#235=LINE('',#2059,#261);
#236=LINE('',#2110,#262);
#237=LINE('',#2390,#263);
#238=LINE('',#4137,#264);
#239=LINE('',#4283,#265);
#240=LINE('',#4327,#266);
#241=LINE('',#4331,#267);
#242=LINE('',#4387,#268);
#243=VECTOR('',#857,12.1745);
#244=VECTOR('',#862,12.1745);
#245=VECTOR('',#865,12.1745);
#246=VECTOR('',#868,12.1745);
#247=VECTOR('',#871,12.1745);
#248=VECTOR('',#874,12.1745);
#249=VECTOR('',#877,12.1745);
#250=VECTOR('',#880,12.1745);
#251=VECTOR('',#883,12.1745);
#252=VECTOR('',#888,12.1745);
#253=VECTOR('',#893,12.1745);
#254=VECTOR('',#896,12.1745);
#255=VECTOR('',#899,12.1745);
#256=VECTOR('',#902,12.1745);
#257=VECTOR('',#905,12.1745);
#258=VECTOR('',#908,12.1745);
#259=VECTOR('',#911,12.1745);
#260=VECTOR('',#914,12.1745);
#261=VECTOR('',#917,12.1745);
#262=VECTOR('',#932,16.);
#263=VECTOR('',#939,12.001);
#264=VECTOR('',#950,17.25);
#265=VECTOR('',#957,4.);
#266=VECTOR('',#976,4.);
#267=VECTOR('',#981,11.);
#268=VECTOR('',#1020,11.);
#269=VERTEX_POINT('',#1023);
#270=VERTEX_POINT('',#1024);
#271=VERTEX_POINT('',#1026);
#272=VERTEX_POINT('',#1037);
#273=VERTEX_POINT('',#1059);
#274=VERTEX_POINT('',#1060);
#275=VERTEX_POINT('',#1146);
#276=VERTEX_POINT('',#1147);
#277=VERTEX_POINT('',#1233);
#278=VERTEX_POINT('',#1234);
#279=VERTEX_POINT('',#1320);
#280=VERTEX_POINT('',#1321);
#281=VERTEX_POINT('',#1407);
#282=VERTEX_POINT('',#1408);
#283=VERTEX_POINT('',#1494);
#284=VERTEX_POINT('',#1495);
#285=VERTEX_POINT('',#1581);
#286=VERTEX_POINT('',#1582);
#287=VERTEX_POINT('',#1668);
#288=VERTEX_POINT('',#1669);
#289=VERTEX_POINT('',#1671);
#290=VERTEX_POINT('',#1697);
#291=VERTEX_POINT('',#1737);
#292=VERTEX_POINT('',#1738);
#293=VERTEX_POINT('',#1740);
#294=VERTEX_POINT('',#1748);
#295=VERTEX_POINT('',#1760);
#296=VERTEX_POINT('',#1761);
#297=VERTEX_POINT('',#1797);
#298=VERTEX_POINT('',#1798);
#299=VERTEX_POINT('',#1835);
#300=VERTEX_POINT('',#1836);
#301=VERTEX_POINT('',#1871);
#302=VERTEX_POINT('',#1872);
#303=VERTEX_POINT('',#1909);
#304=VERTEX_POINT('',#1910);
#305=VERTEX_POINT('',#1945);
#306=VERTEX_POINT('',#1946);
#307=VERTEX_POINT('',#1983);
#308=VERTEX_POINT('',#1984);
#309=VERTEX_POINT('',#2021);
#310=VERTEX_POINT('',#2022);
#311=VERTEX_POINT('',#2057);
#312=VERTEX_POINT('',#2058);
#313=VERTEX_POINT('',#2060);
#314=VERTEX_POINT('',#2067);
#315=VERTEX_POINT('',#2077);
#316=VERTEX_POINT('',#2078);
#317=VERTEX_POINT('',#2091);
#318=VERTEX_POINT('',#2093);
#319=VERTEX_POINT('',#2095);
#320=VERTEX_POINT('',#2108);
#321=VERTEX_POINT('',#2111);
#322=VERTEX_POINT('',#2116);
#323=VERTEX_POINT('',#2183);
#324=VERTEX_POINT('',#2191);
#325=VERTEX_POINT('',#2249);
#326=VERTEX_POINT('',#2266);
#327=VERTEX_POINT('',#2285);
#328=VERTEX_POINT('',#2389);
#329=VERTEX_POINT('',#3438);
#330=VERTEX_POINT('',#4259);
#331=VERTEX_POINT('',#4280);
#332=VERTEX_POINT('',#4281);
#333=VERTEX_POINT('',#4286);
#334=VERTEX_POINT('',#4325);
#335=VERTEX_POINT('',#4330);
#336=VERTEX_POINT('',#4332);
#337=VERTEX_POINT('',#4336);
#338=VERTEX_POINT('',#4337);
#339=VERTEX_POINT('',#4339);
#340=VERTEX_POINT('',#4341);
#341=VERTEX_POINT('',#4346);
#342=VERTEX_POINT('',#4347);
#343=VERTEX_POINT('',#4354);
#344=VERTEX_POINT('',#4383);
#345=EDGE_CURVE('',#269,#270,#217,.T.);
#346=EDGE_CURVE('',#270,#271,#158,.T.);
#347=EDGE_CURVE('',#272,#271,#127,.T.);
#348=EDGE_CURVE('',#272,#269,#159,.T.);
#349=EDGE_CURVE('',#273,#274,#218,.T.);
#350=EDGE_CURVE('',#274,#270,#160,.T.);
#351=EDGE_CURVE('',#269,#273,#161,.T.);
#352=EDGE_CURVE('',#275,#276,#219,.T.);
#353=EDGE_CURVE('',#276,#274,#162,.T.);
#354=EDGE_CURVE('',#273,#275,#163,.T.);
#355=EDGE_CURVE('',#277,#278,#220,.T.);
#356=EDGE_CURVE('',#278,#276,#164,.T.);
#357=EDGE_CURVE('',#275,#277,#165,.T.);
#358=EDGE_CURVE('',#279,#280,#221,.T.);
#359=EDGE_CURVE('',#280,#278,#166,.T.);
#360=EDGE_CURVE('',#277,#279,#167,.T.);
#361=EDGE_CURVE('',#281,#282,#222,.T.);
#362=EDGE_CURVE('',#282,#280,#168,.T.);
#363=EDGE_CURVE('',#279,#281,#169,.T.);
#364=EDGE_CURVE('',#283,#284,#223,.T.);
#365=EDGE_CURVE('',#284,#282,#170,.T.);
#366=EDGE_CURVE('',#281,#283,#171,.T.);
#367=EDGE_CURVE('',#285,#286,#224,.T.);
#368=EDGE_CURVE('',#286,#284,#172,.T.);
#369=EDGE_CURVE('',#283,#285,#173,.T.);
#370=EDGE_CURVE('',#287,#288,#225,.T.);
#371=EDGE_CURVE('',#287,#289,#174,.T.);
#372=EDGE_CURVE('',#290,#289,#128,.F.);
#373=EDGE_CURVE('',#290,#288,#175,.T.);
#374=EDGE_CURVE('',#291,#292,#226,.T.);
#375=EDGE_CURVE('',#292,#293,#176,.T.);
#376=EDGE_CURVE('',#294,#293,#129,.T.);
#377=EDGE_CURVE('',#291,#294,#177,.T.);
#378=EDGE_CURVE('',#295,#296,#227,.T.);
#379=EDGE_CURVE('',#296,#292,#178,.T.);
#380=EDGE_CURVE('',#295,#291,#179,.T.);
#381=EDGE_CURVE('',#297,#298,#228,.T.);
#382=EDGE_CURVE('',#298,#296,#180,.T.);
#383=EDGE_CURVE('',#297,#295,#181,.T.);
#384=EDGE_CURVE('',#299,#300,#229,.T.);
#385=EDGE_CURVE('',#300,#298,#182,.T.);
#386=EDGE_CURVE('',#299,#297,#183,.T.);
#387=EDGE_CURVE('',#301,#302,#230,.T.);
#388=EDGE_CURVE('',#302,#300,#184,.T.);
#389=EDGE_CURVE('',#301,#299,#185,.T.);
#390=EDGE_CURVE('',#303,#304,#231,.T.);
#391=EDGE_CURVE('',#304,#302,#186,.T.);
#392=EDGE_CURVE('',#303,#301,#187,.T.);
#393=EDGE_CURVE('',#305,#306,#232,.T.);
#394=EDGE_CURVE('',#306,#304,#188,.T.);
#395=EDGE_CURVE('',#305,#303,#189,.T.);
#396=EDGE_CURVE('',#307,#308,#233,.T.);
#397=EDGE_CURVE('',#308,#306,#190,.T.);
#398=EDGE_CURVE('',#307,#305,#191,.T.);
#399=EDGE_CURVE('',#309,#310,#234,.T.);
#400=EDGE_CURVE('',#310,#308,#192,.T.);
#401=EDGE_CURVE('',#309,#307,#193,.T.);
#402=EDGE_CURVE('',#311,#312,#235,.T.);
#403=EDGE_CURVE('',#313,#311,#194,.T.);
#404=EDGE_CURVE('',#314,#313,#130,.T.);
#405=EDGE_CURVE('',#314,#312,#195,.T.);
#406=EDGE_CURVE('',#315,#316,#196,.T.);
#407=EDGE_CURVE('',#316,#317,#131,.T.);
#408=EDGE_CURVE('',#317,#318,#132,.T.);
#409=EDGE_CURVE('',#318,#319,#197,.T.);
#410=EDGE_CURVE('',#319,#315,#133,.T.);
#411=EDGE_CURVE('',#320,#320,#134,.T.);
#412=EDGE_CURVE('',#320,#317,#236,.T.);
#413=EDGE_CURVE('',#321,#316,#198,.T.);
#414=EDGE_CURVE('',#322,#321,#199,.T.);
#415=EDGE_CURVE('',#322,#318,#200,.T.);
#416=EDGE_CURVE('',#315,#323,#201,.T.);
#417=EDGE_CURVE('',#323,#324,#135,.T.);
#418=EDGE_CURVE('',#324,#321,#202,.T.);
#419=EDGE_CURVE('',#322,#325,#203,.T.);
#420=EDGE_CURVE('',#326,#325,#136,.T.);
#421=EDGE_CURVE('',#326,#319,#204,.T.);
#422=EDGE_CURVE('',#293,#327,#205,.T.);
#423=EDGE_CURVE('',#327,#328,#237,.T.);
#424=EDGE_CURVE('',#328,#328,#137,.T.);
#425=EDGE_CURVE('',#327,#272,#206,.T.);
#426=EDGE_CURVE('',#271,#294,#207,.T.);
#427=EDGE_CURVE('',#312,#310,#208,.T.);
#428=EDGE_CURVE('',#289,#314,#209,.T.);
#429=EDGE_CURVE('',#285,#287,#210,.T.);
#430=EDGE_CURVE('',#311,#309,#211,.T.);
#431=EDGE_CURVE('',#329,#329,#138,.T.);
#432=EDGE_CURVE('',#288,#286,#212,.T.);
#433=EDGE_CURVE('',#313,#290,#213,.T.);
#434=EDGE_CURVE('',#329,#320,#238,.T.);
#435=EDGE_CURVE('',#323,#326,#214,.T.);
#436=EDGE_CURVE('',#325,#330,#215,.T.);
#437=EDGE_CURVE('',#330,#324,#216,.T.);
#438=EDGE_CURVE('',#331,#332,#21,.T.);
#439=EDGE_CURVE('',#331,#330,#239,.T.);
#440=EDGE_CURVE('',#332,#331,#139,.T.);
#441=EDGE_CURVE('',#326,#333,#140,.T.);
#442=EDGE_CURVE('',#333,#323,#141,.T.);
#443=EDGE_CURVE('',#332,#331,#22,.T.);
#444=EDGE_CURVE('',#331,#332,#142,.T.);
#445=EDGE_CURVE('',#334,#334,#143,.T.);
#446=EDGE_CURVE('',#334,#332,#240,.T.);
#447=EDGE_CURVE('',#333,#335,#241,.T.);
#448=EDGE_CURVE('',#335,#336,#144,.T.);
#449=EDGE_CURVE('',#336,#335,#145,.T.);
#450=EDGE_CURVE('',#337,#338,#146,.T.);
#451=EDGE_CURVE('',#338,#339,#147,.T.);
#452=EDGE_CURVE('',#339,#340,#148,.T.);
#453=EDGE_CURVE('',#340,#339,#149,.T.);
#454=EDGE_CURVE('',#338,#337,#150,.T.);
#455=EDGE_CURVE('',#341,#342,#151,.T.);
#456=EDGE_CURVE('',#342,#340,#152,.T.);
#457=EDGE_CURVE('',#342,#341,#153,.T.);
#458=EDGE_CURVE('',#337,#336,#154,.T.);
#459=EDGE_CURVE('',#343,#343,#155,.T.);
#460=EDGE_CURVE('',#343,#344,#156,.T.);
#461=EDGE_CURVE('',#344,#344,#157,.T.);
#462=EDGE_CURVE('',#341,#344,#242,.T.);
#463=ORIENTED_EDGE('',*,*,#345,.T.);
#464=ORIENTED_EDGE('',*,*,#346,.T.);
#465=ORIENTED_EDGE('',*,*,#347,.F.);
#466=ORIENTED_EDGE('',*,*,#348,.T.);
#467=ORIENTED_EDGE('',*,*,#349,.T.);
#468=ORIENTED_EDGE('',*,*,#350,.T.);
#469=ORIENTED_EDGE('',*,*,#345,.F.);
#470=ORIENTED_EDGE('',*,*,#351,.T.);
#471=ORIENTED_EDGE('',*,*,#352,.T.);
#472=ORIENTED_EDGE('',*,*,#353,.T.);
#473=ORIENTED_EDGE('',*,*,#349,.F.);
#474=ORIENTED_EDGE('',*,*,#354,.T.);
#475=ORIENTED_EDGE('',*,*,#355,.T.);
#476=ORIENTED_EDGE('',*,*,#356,.T.);
#477=ORIENTED_EDGE('',*,*,#352,.F.);
#478=ORIENTED_EDGE('',*,*,#357,.T.);
#479=ORIENTED_EDGE('',*,*,#358,.T.);
#480=ORIENTED_EDGE('',*,*,#359,.T.);
#481=ORIENTED_EDGE('',*,*,#355,.F.);
#482=ORIENTED_EDGE('',*,*,#360,.T.);
#483=ORIENTED_EDGE('',*,*,#361,.T.);
#484=ORIENTED_EDGE('',*,*,#362,.T.);
#485=ORIENTED_EDGE('',*,*,#358,.F.);
#486=ORIENTED_EDGE('',*,*,#363,.T.);
#487=ORIENTED_EDGE('',*,*,#364,.T.);
#488=ORIENTED_EDGE('',*,*,#365,.T.);
#489=ORIENTED_EDGE('',*,*,#361,.F.);
#490=ORIENTED_EDGE('',*,*,#366,.T.);
#491=ORIENTED_EDGE('',*,*,#367,.T.);
#492=ORIENTED_EDGE('',*,*,#368,.T.);
#493=ORIENTED_EDGE('',*,*,#364,.F.);
#494=ORIENTED_EDGE('',*,*,#369,.T.);
#495=ORIENTED_EDGE('',*,*,#370,.F.);
#496=ORIENTED_EDGE('',*,*,#371,.T.);
#497=ORIENTED_EDGE('',*,*,#372,.F.);
#498=ORIENTED_EDGE('',*,*,#373,.T.);
#499=ORIENTED_EDGE('',*,*,#374,.T.);
#500=ORIENTED_EDGE('',*,*,#375,.T.);
#501=ORIENTED_EDGE('',*,*,#376,.F.);
#502=ORIENTED_EDGE('',*,*,#377,.F.);
#503=ORIENTED_EDGE('',*,*,#378,.T.);
#504=ORIENTED_EDGE('',*,*,#379,.T.);
#505=ORIENTED_EDGE('',*,*,#374,.F.);
#506=ORIENTED_EDGE('',*,*,#380,.F.);
#507=ORIENTED_EDGE('',*,*,#381,.T.);
#508=ORIENTED_EDGE('',*,*,#382,.T.);
#509=ORIENTED_EDGE('',*,*,#378,.F.);
#510=ORIENTED_EDGE('',*,*,#383,.F.);
#511=ORIENTED_EDGE('',*,*,#384,.T.);
#512=ORIENTED_EDGE('',*,*,#385,.T.);
#513=ORIENTED_EDGE('',*,*,#381,.F.);
#514=ORIENTED_EDGE('',*,*,#386,.F.);
#515=ORIENTED_EDGE('',*,*,#387,.T.);
#516=ORIENTED_EDGE('',*,*,#388,.T.);
#517=ORIENTED_EDGE('',*,*,#384,.F.);
#518=ORIENTED_EDGE('',*,*,#389,.F.);
#519=ORIENTED_EDGE('',*,*,#390,.T.);
#520=ORIENTED_EDGE('',*,*,#391,.T.);
#521=ORIENTED_EDGE('',*,*,#387,.F.);
#522=ORIENTED_EDGE('',*,*,#392,.F.);
#523=ORIENTED_EDGE('',*,*,#393,.T.);
#524=ORIENTED_EDGE('',*,*,#394,.T.);
#525=ORIENTED_EDGE('',*,*,#390,.F.);
#526=ORIENTED_EDGE('',*,*,#395,.F.);
#527=ORIENTED_EDGE('',*,*,#396,.T.);
#528=ORIENTED_EDGE('',*,*,#397,.T.);
#529=ORIENTED_EDGE('',*,*,#393,.F.);
#530=ORIENTED_EDGE('',*,*,#398,.F.);
#531=ORIENTED_EDGE('',*,*,#399,.T.);
#532=ORIENTED_EDGE('',*,*,#400,.T.);
#533=ORIENTED_EDGE('',*,*,#396,.F.);
#534=ORIENTED_EDGE('',*,*,#401,.F.);
#535=ORIENTED_EDGE('',*,*,#402,.F.);
#536=ORIENTED_EDGE('',*,*,#403,.F.);
#537=ORIENTED_EDGE('',*,*,#404,.F.);
#538=ORIENTED_EDGE('',*,*,#405,.T.);
#539=ORIENTED_EDGE('',*,*,#406,.T.);
#540=ORIENTED_EDGE('',*,*,#407,.T.);
#541=ORIENTED_EDGE('',*,*,#408,.T.);
#542=ORIENTED_EDGE('',*,*,#409,.T.);
#543=ORIENTED_EDGE('',*,*,#410,.T.);
#544=ORIENTED_EDGE('',*,*,#411,.F.);
#545=ORIENTED_EDGE('',*,*,#412,.T.);
#546=ORIENTED_EDGE('',*,*,#407,.F.);
#547=ORIENTED_EDGE('',*,*,#413,.F.);
#548=ORIENTED_EDGE('',*,*,#414,.F.);
#549=ORIENTED_EDGE('',*,*,#415,.T.);
#550=ORIENTED_EDGE('',*,*,#408,.F.);
#551=ORIENTED_EDGE('',*,*,#412,.F.);
#552=ORIENTED_EDGE('',*,*,#406,.F.);
#553=ORIENTED_EDGE('',*,*,#416,.T.);
#554=ORIENTED_EDGE('',*,*,#417,.T.);
#555=ORIENTED_EDGE('',*,*,#418,.T.);
#556=ORIENTED_EDGE('',*,*,#413,.T.);
#557=ORIENTED_EDGE('',*,*,#409,.F.);
#558=ORIENTED_EDGE('',*,*,#415,.F.);
#559=ORIENTED_EDGE('',*,*,#419,.T.);
#560=ORIENTED_EDGE('',*,*,#420,.F.);
#561=ORIENTED_EDGE('',*,*,#421,.T.);
#562=ORIENTED_EDGE('',*,*,#422,.T.);
#563=ORIENTED_EDGE('',*,*,#423,.T.);
#564=ORIENTED_EDGE('',*,*,#424,.T.);
#565=ORIENTED_EDGE('',*,*,#423,.F.);
#566=ORIENTED_EDGE('',*,*,#425,.T.);
#567=ORIENTED_EDGE('',*,*,#347,.T.);
#568=ORIENTED_EDGE('',*,*,#426,.T.);
#569=ORIENTED_EDGE('',*,*,#376,.T.);
#570=ORIENTED_EDGE('',*,*,#422,.F.);
#571=ORIENTED_EDGE('',*,*,#375,.F.);
#572=ORIENTED_EDGE('',*,*,#379,.F.);
#573=ORIENTED_EDGE('',*,*,#382,.F.);
#574=ORIENTED_EDGE('',*,*,#385,.F.);
#575=ORIENTED_EDGE('',*,*,#388,.F.);
#576=ORIENTED_EDGE('',*,*,#391,.F.);
#577=ORIENTED_EDGE('',*,*,#394,.F.);
#578=ORIENTED_EDGE('',*,*,#397,.F.);
#579=ORIENTED_EDGE('',*,*,#400,.F.);
#580=ORIENTED_EDGE('',*,*,#427,.F.);
#581=ORIENTED_EDGE('',*,*,#405,.F.);
#582=ORIENTED_EDGE('',*,*,#428,.F.);
#583=ORIENTED_EDGE('',*,*,#371,.F.);
#584=ORIENTED_EDGE('',*,*,#429,.F.);
#585=ORIENTED_EDGE('',*,*,#369,.F.);
#586=ORIENTED_EDGE('',*,*,#366,.F.);
#587=ORIENTED_EDGE('',*,*,#363,.F.);
#588=ORIENTED_EDGE('',*,*,#360,.F.);
#589=ORIENTED_EDGE('',*,*,#357,.F.);
#590=ORIENTED_EDGE('',*,*,#354,.F.);
#591=ORIENTED_EDGE('',*,*,#351,.F.);
#592=ORIENTED_EDGE('',*,*,#348,.F.);
#593=ORIENTED_EDGE('',*,*,#425,.F.);
#594=ORIENTED_EDGE('',*,*,#402,.T.);
#595=ORIENTED_EDGE('',*,*,#427,.T.);
#596=ORIENTED_EDGE('',*,*,#399,.F.);
#597=ORIENTED_EDGE('',*,*,#430,.F.);
#598=ORIENTED_EDGE('',*,*,#431,.F.);
#599=ORIENTED_EDGE('',*,*,#424,.F.);
#600=ORIENTED_EDGE('',*,*,#426,.F.);
#601=ORIENTED_EDGE('',*,*,#346,.F.);
#602=ORIENTED_EDGE('',*,*,#350,.F.);
#603=ORIENTED_EDGE('',*,*,#353,.F.);
#604=ORIENTED_EDGE('',*,*,#356,.F.);
#605=ORIENTED_EDGE('',*,*,#359,.F.);
#606=ORIENTED_EDGE('',*,*,#362,.F.);
#607=ORIENTED_EDGE('',*,*,#365,.F.);
#608=ORIENTED_EDGE('',*,*,#368,.F.);
#609=ORIENTED_EDGE('',*,*,#432,.F.);
#610=ORIENTED_EDGE('',*,*,#373,.F.);
#611=ORIENTED_EDGE('',*,*,#433,.F.);
#612=ORIENTED_EDGE('',*,*,#403,.T.);
#613=ORIENTED_EDGE('',*,*,#430,.T.);
#614=ORIENTED_EDGE('',*,*,#401,.T.);
#615=ORIENTED_EDGE('',*,*,#398,.T.);
#616=ORIENTED_EDGE('',*,*,#395,.T.);
#617=ORIENTED_EDGE('',*,*,#392,.T.);
#618=ORIENTED_EDGE('',*,*,#389,.T.);
#619=ORIENTED_EDGE('',*,*,#386,.T.);
#620=ORIENTED_EDGE('',*,*,#383,.T.);
#621=ORIENTED_EDGE('',*,*,#380,.T.);
#622=ORIENTED_EDGE('',*,*,#377,.T.);
#623=ORIENTED_EDGE('',*,*,#431,.T.);
#624=ORIENTED_EDGE('',*,*,#434,.T.);
#625=ORIENTED_EDGE('',*,*,#411,.T.);
#626=ORIENTED_EDGE('',*,*,#434,.F.);
#627=ORIENTED_EDGE('',*,*,#370,.T.);
#628=ORIENTED_EDGE('',*,*,#432,.T.);
#629=ORIENTED_EDGE('',*,*,#367,.F.);
#630=ORIENTED_EDGE('',*,*,#429,.T.);
#631=ORIENTED_EDGE('',*,*,#417,.F.);
#632=ORIENTED_EDGE('',*,*,#435,.T.);
#633=ORIENTED_EDGE('',*,*,#420,.T.);
#634=ORIENTED_EDGE('',*,*,#436,.T.);
#635=ORIENTED_EDGE('',*,*,#437,.T.);
#636=ORIENTED_EDGE('',*,*,#438,.F.);
#637=ORIENTED_EDGE('',*,*,#439,.T.);
#638=ORIENTED_EDGE('',*,*,#436,.F.);
#639=ORIENTED_EDGE('',*,*,#419,.F.);
#640=ORIENTED_EDGE('',*,*,#414,.T.);
#641=ORIENTED_EDGE('',*,*,#418,.F.);
#642=ORIENTED_EDGE('',*,*,#437,.F.);
#643=ORIENTED_EDGE('',*,*,#439,.F.);
#644=ORIENTED_EDGE('',*,*,#440,.F.);
#645=ORIENTED_EDGE('',*,*,#410,.F.);
#646=ORIENTED_EDGE('',*,*,#421,.F.);
#647=ORIENTED_EDGE('',*,*,#441,.T.);
#648=ORIENTED_EDGE('',*,*,#442,.T.);
#649=ORIENTED_EDGE('',*,*,#416,.F.);
#650=ORIENTED_EDGE('',*,*,#438,.T.);
#651=ORIENTED_EDGE('',*,*,#443,.T.);
#652=ORIENTED_EDGE('',*,*,#440,.T.);
#653=ORIENTED_EDGE('',*,*,#444,.T.);
#654=ORIENTED_EDGE('',*,*,#445,.F.);
#655=ORIENTED_EDGE('',*,*,#446,.T.);
#656=ORIENTED_EDGE('',*,*,#444,.F.);
#657=ORIENTED_EDGE('',*,*,#443,.F.);
#658=ORIENTED_EDGE('',*,*,#446,.F.);
#659=ORIENTED_EDGE('',*,*,#372,.T.);
#660=ORIENTED_EDGE('',*,*,#428,.T.);
#661=ORIENTED_EDGE('',*,*,#404,.T.);
#662=ORIENTED_EDGE('',*,*,#433,.T.);
#663=ORIENTED_EDGE('',*,*,#435,.F.);
#664=ORIENTED_EDGE('',*,*,#442,.F.);
#665=ORIENTED_EDGE('',*,*,#447,.T.);
#666=ORIENTED_EDGE('',*,*,#448,.T.);
#667=ORIENTED_EDGE('',*,*,#449,.T.);
#668=ORIENTED_EDGE('',*,*,#447,.F.);
#669=ORIENTED_EDGE('',*,*,#441,.F.);
#670=ORIENTED_EDGE('',*,*,#450,.T.);
#671=ORIENTED_EDGE('',*,*,#451,.T.);
#672=ORIENTED_EDGE('',*,*,#452,.T.);
#673=ORIENTED_EDGE('',*,*,#453,.T.);
#674=ORIENTED_EDGE('',*,*,#451,.F.);
#675=ORIENTED_EDGE('',*,*,#454,.T.);
#676=ORIENTED_EDGE('',*,*,#455,.T.);
#677=ORIENTED_EDGE('',*,*,#456,.T.);
#678=ORIENTED_EDGE('',*,*,#452,.F.);
#679=ORIENTED_EDGE('',*,*,#453,.F.);
#680=ORIENTED_EDGE('',*,*,#456,.F.);
#681=ORIENTED_EDGE('',*,*,#457,.T.);
#682=ORIENTED_EDGE('',*,*,#450,.F.);
#683=ORIENTED_EDGE('',*,*,#458,.T.);
#684=ORIENTED_EDGE('',*,*,#448,.F.);
#685=ORIENTED_EDGE('',*,*,#449,.F.);
#686=ORIENTED_EDGE('',*,*,#458,.F.);
#687=ORIENTED_EDGE('',*,*,#454,.F.);
#688=ORIENTED_EDGE('',*,*,#459,.F.);
#689=ORIENTED_EDGE('',*,*,#445,.T.);
#690=ORIENTED_EDGE('',*,*,#459,.T.);
#691=ORIENTED_EDGE('',*,*,#460,.T.);
#692=ORIENTED_EDGE('',*,*,#461,.F.);
#693=ORIENTED_EDGE('',*,*,#460,.F.);
#694=ORIENTED_EDGE('',*,*,#455,.F.);
#695=ORIENTED_EDGE('',*,*,#462,.T.);
#696=ORIENTED_EDGE('',*,*,#461,.T.);
#697=ORIENTED_EDGE('',*,*,#462,.F.);
#698=ORIENTED_EDGE('',*,*,#457,.F.);
#699=CYLINDRICAL_SURFACE('',#783,10.501);
#700=CYLINDRICAL_SURFACE('',#785,10.501);
#701=CYLINDRICAL_SURFACE('',#786,10.501);
#702=CYLINDRICAL_SURFACE('',#787,10.501);
#703=CYLINDRICAL_SURFACE('',#788,10.501);
#704=CYLINDRICAL_SURFACE('',#789,10.501);
#705=CYLINDRICAL_SURFACE('',#790,10.501);
#706=CYLINDRICAL_SURFACE('',#791,10.501);
#707=CYLINDRICAL_SURFACE('',#792,10.501);
#708=CYLINDRICAL_SURFACE('',#794,12.1745);
#709=CYLINDRICAL_SURFACE('',#796,12.1745);
#710=CYLINDRICAL_SURFACE('',#797,12.1745);
#711=CYLINDRICAL_SURFACE('',#798,12.1745);
#712=CYLINDRICAL_SURFACE('',#799,12.1745);
#713=CYLINDRICAL_SURFACE('',#800,12.1745);
#714=CYLINDRICAL_SURFACE('',#801,12.1745);
#715=CYLINDRICAL_SURFACE('',#802,12.1745);
#716=CYLINDRICAL_SURFACE('',#803,12.1745);
#717=CYLINDRICAL_SURFACE('',#804,12.1745);
#718=CYLINDRICAL_SURFACE('',#810,18.);
#719=CYLINDRICAL_SURFACE('',#816,12.1745);
#720=CYLINDRICAL_SURFACE('',#820,10.501);
#721=CYLINDRICAL_SURFACE('',#821,4.);
#722=CYLINDRICAL_SURFACE('',#830,4.);
#723=CYLINDRICAL_SURFACE('',#833,11.);
#724=CYLINDRICAL_SURFACE('',#852,11.);
#725=ADVANCED_FACE('',(#37),#699,.F.);
#726=ADVANCED_FACE('',(#38),#700,.F.);
#727=ADVANCED_FACE('',(#39),#701,.F.);
#728=ADVANCED_FACE('',(#40),#702,.F.);
#729=ADVANCED_FACE('',(#41),#703,.F.);
#730=ADVANCED_FACE('',(#42),#704,.F.);
#731=ADVANCED_FACE('',(#43),#705,.F.);
#732=ADVANCED_FACE('',(#44),#706,.F.);
#733=ADVANCED_FACE('',(#45),#707,.F.);
#734=ADVANCED_FACE('',(#46),#708,.F.);
#735=ADVANCED_FACE('',(#47),#709,.F.);
#736=ADVANCED_FACE('',(#48),#710,.F.);
#737=ADVANCED_FACE('',(#49),#711,.F.);
#738=ADVANCED_FACE('',(#50),#712,.F.);
#739=ADVANCED_FACE('',(#51),#713,.F.);
#740=ADVANCED_FACE('',(#52),#714,.F.);
#741=ADVANCED_FACE('',(#53),#715,.F.);
#742=ADVANCED_FACE('',(#54),#716,.F.);
#743=ADVANCED_FACE('',(#55),#717,.F.);
#744=ADVANCED_FACE('',(#56),#34,.T.);
#745=ADVANCED_FACE('',(#57),#718,.T.);
#746=ADVANCED_FACE('',(#58),#28,.F.);
#747=ADVANCED_FACE('',(#59),#29,.F.);
#748=ADVANCED_FACE('',(#60),#35,.F.);
#749=ADVANCED_FACE('',(#61),#30,.F.);
#750=ADVANCED_FACE('',(#62),#719,.F.);
#751=ADVANCED_FACE('',(#63,#23),#25,.T.);
#752=ADVANCED_FACE('',(#64),#31,.F.);
#753=ADVANCED_FACE('',(#65),#36,.T.);
#754=ADVANCED_FACE('',(#66),#720,.F.);
#755=ADVANCED_FACE('',(#67),#32,.F.);
#756=ADVANCED_FACE('',(#68),#721,.F.);
#757=ADVANCED_FACE('',(#69),#19,.F.);
#758=ADVANCED_FACE('',(#70),#33,.F.);
#759=ADVANCED_FACE('',(#71),#16,.F.);
#760=ADVANCED_FACE('',(#72),#722,.F.);
#761=ADVANCED_FACE('',(#73),#26,.T.);
#762=ADVANCED_FACE('',(#74),#723,.T.);
#763=ADVANCED_FACE('',(#75),#20,.F.);
#764=ADVANCED_FACE('',(#76),#17,.T.);
#765=ADVANCED_FACE('',(#77),#18,.T.);
#766=ADVANCED_FACE('',(#78,#24),#27,.T.);
#767=ADVANCED_FACE('',(#79),#15,.F.);
#768=ADVANCED_FACE('',(#80),#724,.T.);
#769=CLOSED_SHELL('',(#725,#726,#727,#728,#729,#730,#731,#732,#733,#734,
#735,#736,#737,#738,#739,#740,#741,#742,#743,#744,#745,#746,#747,#748,#749,
#750,#751,#752,#753,#754,#755,#756,#757,#758,#759,#760,#761,#762,#763,#764,
#765,#766,#767,#768));
#770=DERIVED_UNIT_ELEMENT(#772,1.);
#771=DERIVED_UNIT_ELEMENT(#4393,-3.);
#772=(
MASS_UNIT()
NAMED_UNIT(*)
SI_UNIT(.KILO.,.GRAM.)
);
#773=DERIVED_UNIT((#770,#771));
#774=MEASURE_REPRESENTATION_ITEM('density measure',
POSITIVE_RATIO_MEASURE(7850.),#773);
#775=PROPERTY_DEFINITION_REPRESENTATION(#780,#777);
#776=PROPERTY_DEFINITION_REPRESENTATION(#781,#778);
#777=REPRESENTATION('material name',(#779),#4390);
#778=REPRESENTATION('density',(#774),#4390);
#779=DESCRIPTIVE_REPRESENTATION_ITEM('Steel','Steel');
#780=PROPERTY_DEFINITION('material property','material name',#4400);
#781=PROPERTY_DEFINITION('material property','density of part',#4400);
#782=AXIS2_PLACEMENT_3D('',#1021,#853,#854);
#783=AXIS2_PLACEMENT_3D('',#1022,#855,#856);
#784=AXIS2_PLACEMENT_3D('',#1038,#858,#859);
#785=AXIS2_PLACEMENT_3D('',#1058,#860,#861);
#786=AXIS2_PLACEMENT_3D('',#1145,#863,#864);
#787=AXIS2_PLACEMENT_3D('',#1232,#866,#867);
#788=AXIS2_PLACEMENT_3D('',#1319,#869,#870);
#789=AXIS2_PLACEMENT_3D('',#1406,#872,#873);
#790=AXIS2_PLACEMENT_3D('',#1493,#875,#876);
#791=AXIS2_PLACEMENT_3D('',#1580,#878,#879);
#792=AXIS2_PLACEMENT_3D('',#1667,#881,#882);
#793=AXIS2_PLACEMENT_3D('',#1698,#884,#885);
#794=AXIS2_PLACEMENT_3D('',#1736,#886,#887);
#795=AXIS2_PLACEMENT_3D('',#1749,#889,#890);
#796=AXIS2_PLACEMENT_3D('',#1759,#891,#892);
#797=AXIS2_PLACEMENT_3D('',#1796,#894,#895);
#798=AXIS2_PLACEMENT_3D('',#1834,#897,#898);
#799=AXIS2_PLACEMENT_3D('',#1870,#900,#901);
#800=AXIS2_PLACEMENT_3D('',#1908,#903,#904);
#801=AXIS2_PLACEMENT_3D('',#1944,#906,#907);
#802=AXIS2_PLACEMENT_3D('',#1982,#909,#910);
#803=AXIS2_PLACEMENT_3D('',#2020,#912,#913);
#804=AXIS2_PLACEMENT_3D('',#2056,#915,#916);
#805=AXIS2_PLACEMENT_3D('',#2068,#918,#919);
#806=AXIS2_PLACEMENT_3D('',#2076,#920,#921);
#807=AXIS2_PLACEMENT_3D('',#2092,#922,#923);
#808=AXIS2_PLACEMENT_3D('',#2094,#924,#925);
#809=AXIS2_PLACEMENT_3D('',#2106,#926,#927);
#810=AXIS2_PLACEMENT_3D('',#2107,#928,#929);
#811=AXIS2_PLACEMENT_3D('',#2109,#930,#931);
#812=AXIS2_PLACEMENT_3D('',#2192,#933,#934);
#813=AXIS2_PLACEMENT_3D('',#2267,#935,#936);
#814=AXIS2_PLACEMENT_3D('',#2284,#937,#938);
#815=AXIS2_PLACEMENT_3D('',#2391,#940,#941);
#816=AXIS2_PLACEMENT_3D('',#3419,#942,#943);
#817=AXIS2_PLACEMENT_3D('',#3437,#944,#945);
#818=AXIS2_PLACEMENT_3D('',#3439,#946,#947);
#819=AXIS2_PLACEMENT_3D('',#4136,#948,#949);
#820=AXIS2_PLACEMENT_3D('',#4138,#951,#952);
#821=AXIS2_PLACEMENT_3D('',#4279,#953,#954);
#822=AXIS2_PLACEMENT_3D('',#4282,#955,#956);
#823=AXIS2_PLACEMENT_3D('',#4284,#958,#959);
#824=AXIS2_PLACEMENT_3D('',#4285,#960,#961);
#825=AXIS2_PLACEMENT_3D('',#4287,#962,#963);
#826=AXIS2_PLACEMENT_3D('',#4288,#964,#965);
#827=AXIS2_PLACEMENT_3D('',#4321,#966,#967);
#828=AXIS2_PLACEMENT_3D('',#4322,#968,#969);
#829=AXIS2_PLACEMENT_3D('',#4323,#970,#971);
#830=AXIS2_PLACEMENT_3D('',#4324,#972,#973);
#831=AXIS2_PLACEMENT_3D('',#4326,#974,#975);
#832=AXIS2_PLACEMENT_3D('',#4328,#977,#978);
#833=AXIS2_PLACEMENT_3D('',#4329,#979,#980);
#834=AXIS2_PLACEMENT_3D('',#4333,#982,#983);
#835=AXIS2_PLACEMENT_3D('',#4334,#984,#985);
#836=AXIS2_PLACEMENT_3D('',#4335,#986,#987);
#837=AXIS2_PLACEMENT_3D('',#4338,#988,#989);
#838=AXIS2_PLACEMENT_3D('',#4340,#990,#991);
#839=AXIS2_PLACEMENT_3D('',#4342,#992,#993);
#840=AXIS2_PLACEMENT_3D('',#4343,#994,#995);
#841=AXIS2_PLACEMENT_3D('',#4344,#996,#997);
#842=AXIS2_PLACEMENT_3D('',#4345,#998,#999);
#843=AXIS2_PLACEMENT_3D('',#4348,#1000,#1001);
#844=AXIS2_PLACEMENT_3D('',#4349,#1002,#1003);
#845=AXIS2_PLACEMENT_3D('',#4350,#1004,#1005);
#846=AXIS2_PLACEMENT_3D('',#4351,#1006,#1007);
#847=AXIS2_PLACEMENT_3D('',#4352,#1008,#1009);
#848=AXIS2_PLACEMENT_3D('',#4353,#1010,#1011);
#849=AXIS2_PLACEMENT_3D('',#4355,#1012,#1013);
#850=AXIS2_PLACEMENT_3D('',#4384,#1014,#1015);
#851=AXIS2_PLACEMENT_3D('',#4385,#1016,#1017);
#852=AXIS2_PLACEMENT_3D('',#4386,#1018,#1019);
#853=DIRECTION('axis',(0.,0.,1.));
#854=DIRECTION('refdir',(1.,0.,0.));
#855=DIRECTION('center_axis',(0.,1.,2.22044604925031E-16));
#856=DIRECTION('ref_axis',(0.956082197301981,6.50809790078567E-17,-0.293098672808691));
#857=DIRECTION('',(0.,1.,2.22044604925031E-16));
#858=DIRECTION('center_axis',(0.,-1.,-2.22044604925031E-16));
#859=DIRECTION('ref_axis',(-0.608869585699179,1.76141398584408E-16,-0.793270337029256));
#860=DIRECTION('center_axis',(0.,1.,2.22044604925031E-16));
#861=DIRECTION('ref_axis',(-0.608869585699179,1.76141398584408E-16,-0.793270337029256));
#862=DIRECTION('',(0.,1.,2.22044604925031E-16));
#863=DIRECTION('center_axis',(0.,1.,2.22044604925031E-16));
#864=DIRECTION('ref_axis',(-0.608869585699179,1.76141398584408E-16,-0.793270337029256));
#865=DIRECTION('',(0.,1.,2.22044604925031E-16));
#866=DIRECTION('center_axis',(0.,1.,2.22044604925031E-16));
#867=DIRECTION('ref_axis',(-0.608869585699179,1.76141398584408E-16,-0.793270337029256));
#868=DIRECTION('',(0.,1.,2.22044604925031E-16));
#869=DIRECTION('center_axis',(0.,1.,2.22044604925031E-16));
#870=DIRECTION('ref_axis',(-0.608869585699179,1.76141398584408E-16,-0.793270337029256));
#871=DIRECTION('',(0.,1.,2.22044604925031E-16));
#872=DIRECTION('center_axis',(0.,1.,2.22044604925031E-16));
#873=DIRECTION('ref_axis',(-0.608869585699179,1.76141398584408E-16,-0.793270337029256));
#874=DIRECTION('',(0.,1.,2.22044604925031E-16));
#875=DIRECTION('center_axis',(0.,1.,2.22044604925031E-16));
#876=DIRECTION('ref_axis',(-0.608869585699179,1.76141398584408E-16,-0.793270337029256));
#877=DIRECTION('',(0.,1.,2.22044604925031E-16));
#878=DIRECTION('center_axis',(0.,1.,2.22044604925031E-16));
#879=DIRECTION('ref_axis',(-0.608869585699179,1.76141398584408E-16,-0.793270337029256));
#880=DIRECTION('',(0.,1.,2.22044604925031E-16));
#881=DIRECTION('center_axis',(0.,1.,2.22044604925031E-16));
#882=DIRECTION('ref_axis',(-0.84779346342041,1.177561479669E-16,-0.530326544104315));
#883=DIRECTION('',(0.,1.,2.22044604925031E-16));
#884=DIRECTION('center_axis',(0.,-1.,-2.22044604925031E-16));
#885=DIRECTION('ref_axis',(-0.608869585699179,1.76141398584408E-16,-0.793270337029256));
#886=DIRECTION('center_axis',(0.,1.,2.22044604925031E-16));
#887=DIRECTION('ref_axis',(0.983540346745742,4.63645291973094E-17,-0.180688644699289));
#888=DIRECTION('',(-7.4565018922472E-17,1.,1.24897007014893E-16));
#889=DIRECTION('center_axis',(0.,-1.,-2.22044604925031E-16));
#890=DIRECTION('ref_axis',(-0.608869585699216,1.82384989055018E-16,-0.793270337029228));
#891=DIRECTION('center_axis',(0.,1.,2.22044604925031E-16));
#892=DIRECTION('ref_axis',(-0.608869585699216,1.82384989055018E-16,-0.793270337029228));
#893=DIRECTION('',(-7.4565018922472E-17,1.,1.24897007014893E-16));
#894=DIRECTION('center_axis',(0.,1.,2.22044604925031E-16));
#895=DIRECTION('ref_axis',(-0.608869585699216,1.82384989055018E-16,-0.793270337029228));
#896=DIRECTION('',(-7.4565018922472E-17,1.,1.24897007014893E-16));
#897=DIRECTION('center_axis',(0.,1.,2.22044604925031E-16));
#898=DIRECTION('ref_axis',(-0.608869585699216,1.82384989055018E-16,-0.793270337029228));
#899=DIRECTION('',(-7.4565018922472E-17,1.,1.24897007014893E-16));
#900=DIRECTION('center_axis',(0.,1.,2.22044604925031E-16));
#901=DIRECTION('ref_axis',(-0.608869585699216,1.82384989055018E-16,-0.793270337029228));
#902=DIRECTION('',(-7.4565018922472E-17,1.,1.24897007014893E-16));
#903=DIRECTION('center_axis',(0.,1.,2.22044604925031E-16));
#904=DIRECTION('ref_axis',(-0.608869585699216,1.82384989055018E-16,-0.793270337029228));
#905=DIRECTION('',(-7.4565018922472E-17,1.,1.24897007014893E-16));
#906=DIRECTION('center_axis',(0.,1.,2.22044604925031E-16));
#907=DIRECTION('ref_axis',(-0.608869585699216,1.82384989055018E-16,-0.793270337029228));
#908=DIRECTION('',(-7.4565018922472E-17,1.,1.24897007014893E-16));
#909=DIRECTION('center_axis',(0.,1.,2.22044604925031E-16));
#910=DIRECTION('ref_axis',(-0.608869585699216,1.82384989055018E-16,-0.793270337029228));
#911=DIRECTION('',(-7.4565018922472E-17,1.,1.24897007014893E-16));
#912=DIRECTION('center_axis',(0.,1.,2.22044604925031E-16));
#913=DIRECTION('ref_axis',(-0.608869585699216,1.82384989055018E-16,-0.793270337029228));
#914=DIRECTION('',(-7.4565018922472E-17,1.,1.24897007014893E-16));
#915=DIRECTION('center_axis',(0.,1.,2.22044604925031E-16));
#916=DIRECTION('ref_axis',(-0.258551665693025,-2.08250927393318E-16,0.965997430725032));
#917=DIRECTION('',(-7.4565018922472E-17,1.,1.24897007014893E-16));
#918=DIRECTION('center_axis',(0.,1.,2.22044604925031E-16));
#919=DIRECTION('ref_axis',(-0.608869585699216,1.82384989055018E-16,-0.793270337029228));
#920=DIRECTION('center_axis',(0.,1.,2.22044604925031E-16));
#921=DIRECTION('ref_axis',(-7.56788626943828E-14,2.22044604925031E-16,-1.));
#922=DIRECTION('center_axis',(0.,-1.,-2.22044604925031E-16));
#923=DIRECTION('ref_axis',(1.,0.,0.));
#924=DIRECTION('center_axis',(0.,-1.,-2.22044604925031E-16));
#925=DIRECTION('ref_axis',(1.,0.,0.));
#926=DIRECTION('center_axis',(0.,1.,2.22044604925031E-16));
#927=DIRECTION('ref_axis',(1.,0.,0.));
#928=DIRECTION('center_axis',(0.,1.,2.22044604925031E-16));
#929=DIRECTION('ref_axis',(1.,0.,0.));
#930=DIRECTION('center_axis',(0.,1.,2.22044604925031E-16));
#931=DIRECTION('ref_axis',(1.,0.,0.));
#932=DIRECTION('',(0.,-1.,-2.22044604925031E-16));
#933=DIRECTION('center_axis',(0.315940425373317,0.939702744437295,0.13092134933594));
#934=DIRECTION('ref_axis',(-0.38281955118012,4.70734562441066E-13,0.923823138503389));
#935=DIRECTION('center_axis',(0.315940425373173,-0.939702744437319,-0.130921349336117));
#936=DIRECTION('ref_axis',(0.382819551180102,2.30926389122033E-13,0.923823138503396));
#937=DIRECTION('center_axis',(0.,1.,2.22044604925031E-16));
#938=DIRECTION('ref_axis',(-0.608869585699179,1.76141398584408E-16,-0.793270337029256));
#939=DIRECTION('',(0.430535812906133,0.707106781186547,0.560926834627525));
#940=DIRECTION('center_axis',(0.,1.,2.22044604925031E-16));
#941=DIRECTION('ref_axis',(-0.608869585699179,1.76141398584408E-16,-0.793270337029256));
#942=DIRECTION('center_axis',(0.,1.,2.22044604925031E-16));
#943=DIRECTION('ref_axis',(-0.608869585699216,1.82384989055018E-16,-0.793270337029228));
#944=DIRECTION('center_axis',(0.,1.,2.22044604925031E-16));
#945=DIRECTION('ref_axis',(1.,0.,0.));
#946=DIRECTION('center_axis',(0.,-1.,-2.22044604925031E-16));
#947=DIRECTION('ref_axis',(1.,0.,0.));
#948=DIRECTION('center_axis',(0.,-1.,-2.22044604925031E-16));
#949=DIRECTION('ref_axis',(1.,0.,0.));
#950=DIRECTION('',(-0.707106781186548,-0.707106781186548,-7.04136402448282E-17));
#951=DIRECTION('center_axis',(0.,1.,2.22044604925031E-16));
#952=DIRECTION('ref_axis',(-0.608869585699179,1.76141398584408E-16,-0.793270337029256));
#953=DIRECTION('center_axis',(0.,0.90630778703665,0.422618261740699));
#954=DIRECTION('ref_axis',(1.,0.,0.));
#955=DIRECTION('center_axis',(-8.91250599028171E-18,0.999819706624338,0.0189882659982975));
#956=DIRECTION('ref_axis',(-1.1728123711499E-48,-0.0189882659982975,0.999819706624338));
#957=DIRECTION('',(0.,0.90630778703665,0.422618261740699));
#958=DIRECTION('center_axis',(0.,0.90630778703665,0.422618261740699));
#959=DIRECTION('ref_axis',(1.,0.,-3.07873967617759E-16));
#960=DIRECTION('center_axis',(0.,1.,2.22044604925031E-16));
#961=DIRECTION('ref_axis',(8.20164417698835E-6,1.97372982155583E-16,-0.999999999966367));
#962=DIRECTION('center_axis',(0.,1.,2.22044604925031E-16));
#963=DIRECTION('ref_axis',(-1.,0.,0.));
#964=DIRECTION('center_axis',(0.,1.,2.22044604925031E-16));
#965=DIRECTION('ref_axis',(-1.,0.,0.));
#966=DIRECTION('center_axis',(-1.12502466545789E-17,-0.914169173716009,
-0.405332853131089));
#967=DIRECTION('ref_axis',(0.,-0.405332853131089,0.914169173716009));
#968=DIRECTION('center_axis',(1.,0.,0.));
#969=DIRECTION('ref_axis',(0.,-1.,0.));
#970=DIRECTION('center_axis',(0.,-1.,-2.22044604925031E-16));
#971=DIRECTION('ref_axis',(-1.,0.,0.));
#972=DIRECTION('center_axis',(0.,1.,2.22044604925031E-16));
#973=DIRECTION('ref_axis',(-1.,0.,0.));
#974=DIRECTION('center_axis',(-1.34940133673351E-79,1.,2.22044604925031E-16));
#975=DIRECTION('ref_axis',(-1.,0.,-6.07716335728627E-64));
#976=DIRECTION('',(0.,1.,2.22044604925031E-16));
#977=DIRECTION('center_axis',(0.,1.,2.22044604925031E-16));
#978=DIRECTION('ref_axis',(1.,0.,0.));
#979=DIRECTION('center_axis',(0.,1.,2.22044604925031E-16));
#980=DIRECTION('ref_axis',(-1.,0.,0.));
#981=DIRECTION('',(0.,-1.,-2.22044604925031E-16));
#982=DIRECTION('center_axis',(-1.34940133673351E-79,1.,2.22044604925031E-16));
#983=DIRECTION('ref_axis',(1.,0.,6.07716335728627E-64));
#984=DIRECTION('center_axis',(-1.34940133673351E-79,1.,2.22044604925031E-16));
#985=DIRECTION('ref_axis',(1.,0.,6.07716335728627E-64));
#986=DIRECTION('center_axis',(-2.69630192214213E-32,1.,2.22044604925031E-16));
#987=DIRECTION('ref_axis',(-1.,0.,0.));
#988=DIRECTION('center_axis',(2.69630192214213E-32,-1.,-2.22044604925031E-16));
#989=DIRECTION('ref_axis',(1.,2.69630192214213E-32,5.98699295060652E-48));
#990=DIRECTION('center_axis',(1.22464679914735E-16,-2.22044604925031E-16,
1.));
#991=DIRECTION('ref_axis',(1.,0.,-1.22464679914735E-16));
#992=DIRECTION('center_axis',(-2.69630192214213E-32,1.,2.22044604925031E-16));
#993=DIRECTION('ref_axis',(1.,2.69630192214213E-32,5.98699295060652E-48));
#994=DIRECTION('center_axis',(-2.69630192214213E-32,1.,2.22044604925031E-16));
#995=DIRECTION('ref_axis',(1.,2.69630192214213E-32,5.98699295060652E-48));
#996=DIRECTION('center_axis',(2.69630192214213E-32,-1.,-2.22044604925031E-16));
#997=DIRECTION('ref_axis',(1.,2.69630192214213E-32,5.98699295060652E-48));
#998=DIRECTION('center_axis',(1.22464679914735E-16,-1.,-2.22044604925031E-16));
#999=DIRECTION('ref_axis',(1.,0.,0.));
#1000=DIRECTION('center_axis',(-1.34940133673351E-79,1.,2.22044604925031E-16));
#1001=DIRECTION('ref_axis',(1.,0.,6.07716335728627E-64));
#1002=DIRECTION('center_axis',(1.22464679914735E-16,2.22044604925031E-16,
-1.));
#1003=DIRECTION('ref_axis',(-1.,0.,-1.22464679914735E-16));
#1004=DIRECTION('center_axis',(-1.34940133673351E-79,1.,2.22044604925031E-16));
#1005=DIRECTION('ref_axis',(1.,0.,6.07716335728627E-64));
#1006=DIRECTION('center_axis',(1.22464679914735E-16,-1.,-2.22044604925031E-16));
#1007=DIRECTION('ref_axis',(1.,0.,0.));
#1008=DIRECTION('center_axis',(1.22464679914735E-16,2.22044604925031E-16,
-1.));
#1009=DIRECTION('ref_axis',(-1.,0.,-1.22464679914735E-16));
#1010=DIRECTION('center_axis',(1.34940133673351E-79,-1.,-2.22044604925031E-16));
#1011=DIRECTION('ref_axis',(1.,0.,6.07716335728627E-64));
#1012=DIRECTION('center_axis',(-1.34940133673351E-79,1.,2.22044604925031E-16));
#1013=DIRECTION('ref_axis',(1.,0.,6.07716335728627E-64));
#1014=DIRECTION('center_axis',(1.22464679914735E-16,-2.22044604925031E-16,
1.));
#1015=DIRECTION('ref_axis',(1.,0.,-1.22464679914735E-16));
#1016=DIRECTION('center_axis',(-1.34940133673351E-79,1.,2.22044604925031E-16));
#1017=DIRECTION('ref_axis',(1.,0.,6.07716335728627E-64));
#1018=DIRECTION('center_axis',(-1.34940133673351E-79,1.,2.22044604925031E-16));
#1019=DIRECTION('ref_axis',(-1.,0.,-6.07716335728627E-64));
#1020=DIRECTION('',(1.34940133673351E-79,-1.,-2.22044604925031E-16));
#1021=CARTESIAN_POINT('',(0.,0.,0.));
#1022=CARTESIAN_POINT('Origin',(0.,-6.62512600396507,-2.22044604925031E-15));
#1023=CARTESIAN_POINT('',(6.39317401897185,25.8410696715238,8.32943762255554));
#1024=CARTESIAN_POINT('',(6.39431652936087,26.6589303284762,8.33080411765888));
#1025=CARTESIAN_POINT('',(6.39373951942708,-6.62512600396507,8.33013180914422));
#1026=CARTESIAN_POINT('',(10.2870657004617,27.,2.10501325137484));
#1027=CARTESIAN_POINT('Ctrl Pts',(6.39431652936087,26.6589303284762,8.33080411765888));
#1028=CARTESIAN_POINT('Ctrl Pts',(6.4306530418974,26.6610131947359,8.30292911535413));
#1029=CARTESIAN_POINT('Ctrl Pts',(6.46680367359786,26.6630960609954,8.27481218554285));
#1030=CARTESIAN_POINT('Ctrl Pts',(6.50276480236438,26.6651789272551,8.24645493827837));
#1031=CARTESIAN_POINT('Ctrl Pts',(7.87363134444159,26.7445794289871,7.16545434586969));
#1032=CARTESIAN_POINT('Ctrl Pts',(8.96911327898072,26.8239799307191,5.73522576971298));
#1033=CARTESIAN_POINT('Ctrl Pts',(9.65568773146889,26.9033804324511,4.13009253746911));
#1034=CARTESIAN_POINT('Ctrl Pts',(9.93417684779461,26.9355869549674,3.47901655610589));
#1035=CARTESIAN_POINT('Ctrl Pts',(10.1453890236563,26.9677934774837,2.79916377155135));
#1036=CARTESIAN_POINT('Ctrl Pts',(10.2870657004617,27.,2.10501325137484));
#1037=CARTESIAN_POINT('',(0.626714976249321,27.,-10.4816967199784));
#1038=CARTESIAN_POINT('Origin',(0.,27.,5.24583176985451E-15));
#1039=CARTESIAN_POINT('Ctrl Pts',(0.626714976249321,27.,-10.4816967199784));
#1040=CARTESIAN_POINT('Ctrl Pts',(1.23590521067257,26.9722566957185,-10.4457363412019));
#1041=CARTESIAN_POINT('Ctrl Pts',(1.84187058792939,26.9445133914371,-10.3571029894027));
#1042=CARTESIAN_POINT('Ctrl Pts',(2.43524513823614,26.9167700871557,-10.2156521571393));
#1043=CARTESIAN_POINT('Ctrl Pts',(4.13346523961364,26.8373695854236,-9.81082413311625));
#1044=CARTESIAN_POINT('Ctrl Pts',(5.728555492864,26.7579690836916,-8.97337490316791));
#1045=CARTESIAN_POINT('Ctrl Pts',(7.0260984888782,26.6785685819596,-7.80537686459905));
#1046=CARTESIAN_POINT('Ctrl Pts',(8.32364148489239,26.5991680802276,-6.6373788260302));
#1047=CARTESIAN_POINT('Ctrl Pts',(9.32363722367042,26.5197675784956,-5.13883197884081));
#1048=CARTESIAN_POINT('Ctrl Pts',(9.90420133717072,26.4403670767635,-3.49238654788586));
#1049=CARTESIAN_POINT('Ctrl Pts',(10.484765450671,26.3609665750315,-1.84594111693088));
#1050=CARTESIAN_POINT('Ctrl Pts',(10.6458979388937,26.2815660732995,-0.051597102210322));
#1051=CARTESIAN_POINT('Ctrl Pts',(10.3679591841738,26.2021655715675,1.67194207423657));
#1052=CARTESIAN_POINT('Ctrl Pts',(10.090020429454,26.1227650698354,3.39548125068345));
#1053=CARTESIAN_POINT('Ctrl Pts',(9.37301043179178,26.0433645681034,5.04821558885662));
#1054=CARTESIAN_POINT('Ctrl Pts',(8.30432187764079,25.9639640663714,6.42870174246301));
#1055=CARTESIAN_POINT('Ctrl Pts',(7.75295746441063,25.9229992680889,7.14093070299515));
#1056=CARTESIAN_POINT('Ctrl Pts',(7.10798331183383,25.8820344698063,7.78069268729384));
#1057=CARTESIAN_POINT('Ctrl Pts',(6.39317401897185,25.8410696715238,8.32943762255554));
#1058=CARTESIAN_POINT('Origin',(0.,-6.62512600396507,-2.22044604925031E-15));
#1059=CARTESIAN_POINT('',(6.39426833726297,22.8410696715238,8.33051858122593));
#1060=CARTESIAN_POINT('',(6.39317427057021,23.6589303284762,8.32969184235245));
#1061=CARTESIAN_POINT('',(6.39373951942708,-6.62512600396507,8.33013180914422));
#1062=CARTESIAN_POINT('Ctrl Pts',(6.39317427057021,23.6589303284762,8.32969184235245));
#1063=CARTESIAN_POINT('Ctrl Pts',(7.25262832472592,23.7082071739516,7.66918581237696));
#1064=CARTESIAN_POINT('Ctrl Pts',(8.01098113129756,23.7574840194269,6.87663075282506));
#1065=CARTESIAN_POINT('Ctrl Pts',(8.62859282124011,23.8067608649022,5.98643092197554));
#1066=CARTESIAN_POINT('Ctrl Pts',(9.62375956911059,23.8861613666343,4.55203891637121));
#1067=CARTESIAN_POINT('Ctrl Pts',(10.253515255685,23.9655618683663,2.8641283913429));
#1068=CARTESIAN_POINT('Ctrl Pts',(10.4411021776207,24.0449623700983,1.12843013747333));
#1069=CARTESIAN_POINT('Ctrl Pts',(10.6286890995565,24.1243628718303,-0.60726811639618));
#1070=CARTESIAN_POINT('Ctrl Pts',(10.3741072568536,24.2037633735623,-2.39075409910697));
#1071=CARTESIAN_POINT('Ctrl Pts',(9.70838632979528,24.2831638752944,-4.00464781588807));
#1072=CARTESIAN_POINT('Ctrl Pts',(9.04266540273698,24.3625643770264,-5.6185415326692));
#1073=CARTESIAN_POINT('Ctrl Pts',(7.96580539132329,24.4419648787584,-7.06284298352061));
#1074=CARTESIAN_POINT('Ctrl Pts',(6.60905926058936,24.5213653804905,-8.16151364327838));
#1075=CARTESIAN_POINT('Ctrl Pts',(5.25231312985544,24.6007658822225,-9.26018430303613));
#1076=CARTESIAN_POINT('Ctrl Pts',(3.61568087980132,24.6801663839545,-10.0132241717002));
#1077=CARTESIAN_POINT('Ctrl Pts',(1.89864325443054,24.7595668856865,-10.3288490670373));
#1078=CARTESIAN_POINT('Ctrl Pts',(0.181605629059766,24.8389673874185,-10.6444739623743));
#1079=CARTESIAN_POINT('Ctrl Pts',(-1.61583737162768,24.9183678891505,-10.5226838843844));
#1080=CARTESIAN_POINT('Ctrl Pts',(-3.27460460399732,24.9977683908826,-9.97832320313477));
#1081=CARTESIAN_POINT('Ctrl Pts',(-4.93337183636697,25.0771688926146,-9.43396252188515));
#1082=CARTESIAN_POINT('Ctrl Pts',(-6.45346330041884,25.1565693943466,-8.46703123737584));
#1083=CARTESIAN_POINT('Ctrl Pts',(-7.64960281200131,25.2359698960786,-7.19538366458299));
#1084=CARTESIAN_POINT('Ctrl Pts',(-8.84574232358378,25.3153703978107,-5.92373609179015));
#1085=CARTESIAN_POINT('Ctrl Pts',(-9.71792988269687,25.3947708995427,-4.34737223071375));
#1086=CARTESIAN_POINT('Ctrl Pts',(-10.1598590067422,25.4741714012747,-2.65842701765628));
#1087=CARTESIAN_POINT('Ctrl Pts',(-10.6017881307875,25.5535719030067,-0.969481804598763));
#1088=CARTESIAN_POINT('Ctrl Pts',(-10.6134588197651,25.6329724047388,0.832044760439856));
#1089=CARTESIAN_POINT('Ctrl Pts',(-10.1934485869639,25.7123729064708,2.5265738057391));
#1090=CARTESIAN_POINT('Ctrl Pts',(-9.77343835416271,25.7917734082028,4.22110285103831));
#1091=CARTESIAN_POINT('Ctrl Pts',(-8.92174719958284,25.8711739099348,5.80863437659811));
#1092=CARTESIAN_POINT('Ctrl Pts',(-7.7421834187767,25.9505744116668,7.09567228018306));
#1093=CARTESIAN_POINT('Ctrl Pts',(-6.56261963797058,26.0299749133989,8.38271018376799));
#1094=CARTESIAN_POINT('Ctrl Pts',(-5.0551832309382,26.1093754151309,9.36925446537802));
#1095=CARTESIAN_POINT('Ctrl Pts',(-3.40360789659488,26.1887759168629,9.93506027301973));
#1096=CARTESIAN_POINT('Ctrl Pts',(-1.75203256225156,26.2681764185949,10.5008660806614));
#1097=CARTESIAN_POINT('Ctrl Pts',(0.0436816994027381,26.347576920327,10.6459334143348));
#1098=CARTESIAN_POINT('Ctrl Pts',(1.76466440503747,26.426977422059,10.3525807768412));
#1099=CARTESIAN_POINT('Ctrl Pts',(3.44050159228455,26.5042950575314,10.0669234850629));
#1100=CARTESIAN_POINT('Ctrl Pts',(5.04547657495444,26.5816126930038,9.3655461502089));
#1101=CARTESIAN_POINT('Ctrl Pts',(6.39431652936087,26.6589303284762,8.33080411765888));
#1102=CARTESIAN_POINT('Ctrl Pts',(6.39317401897185,25.8410696715238,8.32943762255554));
#1103=CARTESIAN_POINT('Ctrl Pts',(5.72249579876238,25.8026339680743,8.84430400748563));
#1104=CARTESIAN_POINT('Ctrl Pts',(4.99033925214412,25.7641982646248,9.27904488788306));
#1105=CARTESIAN_POINT('Ctrl Pts',(4.21634183586276,25.7257625611753,9.6183381861234));
#1106=CARTESIAN_POINT('Ctrl Pts',(2.61741745887542,25.6463620594433,10.3192505071378));
#1107=CARTESIAN_POINT('Ctrl Pts',(0.839935815540491,25.5669615577113,10.612837180127));
#1108=CARTESIAN_POINT('Ctrl Pts',(-0.899454937331013,25.4875610559793,10.4633144250477));
#1109=CARTESIAN_POINT('Ctrl Pts',(-2.63884569020247,25.4081605542472,10.3137916699683));
#1110=CARTESIAN_POINT('Ctrl Pts',(-4.34014555261051,25.3287600525152,9.72115948682051));
#1111=CARTESIAN_POINT('Ctrl Pts',(-5.79599177619188,25.2493595507832,8.75765078490986));
#1112=CARTESIAN_POINT('Ctrl Pts',(-7.25183799977325,25.1699590490512,7.79414208299921));
#1113=CARTESIAN_POINT('Ctrl Pts',(-8.46223058452796,25.0905585473192,6.45975686232573));
#1114=CARTESIAN_POINT('Ctrl Pts',(-9.27964096198834,25.0111580455871,4.91713652012492));
#1115=CARTESIAN_POINT('Ctrl Pts',(-10.0970513394487,24.9317575438551,3.37451617792411));
#1116=CARTESIAN_POINT('Ctrl Pts',(-10.5214795096148,24.8523570421231,1.62366071419598));
#1117=CARTESIAN_POINT('Ctrl Pts',(-10.5011940912109,24.7729565403911,-0.12202704344976));
#1118=CARTESIAN_POINT('Ctrl Pts',(-10.480908672807,24.693556038659,-1.8677148010955));
#1119=CARTESIAN_POINT('Ctrl Pts',(-10.0159096658332,24.614155536927,-3.60823485265883));
#1120=CARTESIAN_POINT('Ctrl Pts',(-9.16287342360798,24.534755035195,-5.13144410119043));
#1121=CARTESIAN_POINT('Ctrl Pts',(-8.3098371813828,24.455354533463,-6.654653349722));
#1122=CARTESIAN_POINT('Ctrl Pts',(-7.06876370390625,24.3759540317309,-7.96055179522183));
#1123=CARTESIAN_POINT('Ctrl Pts',(-5.59092109685905,24.2965535299989,-8.8899701478357));
#1124=CARTESIAN_POINT('Ctrl Pts',(-4.11307848981181,24.2171530282669,-9.8193885004496));
#1125=CARTESIAN_POINT('Ctrl Pts',(-2.3984667531939,24.1377525265349,-10.3723267601775));
#1126=CARTESIAN_POINT('Ctrl Pts',(-0.656071151829141,24.0583520248029,-10.4813901074437));
#1127=CARTESIAN_POINT('Ctrl Pts',(1.08632444953559,23.9789515230708,-10.59045345471));
#1128=CARTESIAN_POINT('Ctrl Pts',(2.85650391564717,23.8995510213388,-10.2556418895145));
#1129=CARTESIAN_POINT('Ctrl Pts',(4.43870911501625,23.8201505196068,-9.51776388302312));
#1130=CARTESIAN_POINT('Ctrl Pts',(6.02091431438537,23.7407500178748,-8.77988587653172));
#1131=CARTESIAN_POINT('Ctrl Pts',(7.41514524701198,23.6613495161427,-7.63894142874438));
#1132=CARTESIAN_POINT('Ctrl Pts',(8.45146622747999,23.5819490144107,-6.23399442945356));
#1133=CARTESIAN_POINT('Ctrl Pts',(9.48778720794797,23.5025485126787,-4.82904743016278));
#1134=CARTESIAN_POINT('Ctrl Pts',(10.1661982362574,23.4231480109467,-3.16009787936855));
#1135=CARTESIAN_POINT('Ctrl Pts',(10.4040112580885,23.3437475092146,-1.43056551135076));
#1136=CARTESIAN_POINT('Ctrl Pts',(10.6418242799197,23.2643470074826,0.298966856667043));
#1137=CARTESIAN_POINT('Ctrl Pts',(10.4390392952727,23.1849465057506,2.0890820419084));
#1138=CARTESIAN_POINT('Ctrl Pts',(9.82037272992191,23.1055460040186,3.7215920499302));
#1139=CARTESIAN_POINT('Ctrl Pts',(9.20170616457112,23.0261455022866,5.35410205795195));
#1140=CARTESIAN_POINT('Ctrl Pts',(8.1671580185166,22.9467450005545,6.82900688875415));
#1141=CARTESIAN_POINT('Ctrl Pts',(6.84282407989686,22.8673444988225,7.96653792762461));
#1142=CARTESIAN_POINT('Ctrl Pts',(6.69674336770966,22.8585862230563,8.09201333790249));
#1143=CARTESIAN_POINT('Ctrl Pts',(6.54713677309263,22.84982794729,8.21338385292401));
#1144=CARTESIAN_POINT('Ctrl Pts',(6.39426833726297,22.8410696715238,8.33051858122593));
#1145=CARTESIAN_POINT('Origin',(0.,-6.62512600396507,-2.22044604925031E-15));
#1146=CARTESIAN_POINT('',(6.39332741617986,19.8410696715238,8.33001798800688));
#1147=CARTESIAN_POINT('',(6.39400656465065,20.6589303284762,8.33003697008419));
#1148=CARTESIAN_POINT('',(6.39373951942708,-6.62512600396507,8.33013180914422));
#1149=CARTESIAN_POINT('Ctrl Pts',(6.39400656465065,20.6589303284762,8.33003697008419));
#1150=CARTESIAN_POINT('Ctrl Pts',(6.69204859890854,20.6760006514353,8.10176575667317));
#1151=CARTESIAN_POINT('Ctrl Pts',(6.97780247044387,20.6930709743943,7.85755148025783));
#1152=CARTESIAN_POINT('Ctrl Pts',(7.24936646106986,20.7101412973533,7.59846400080545));
#1153=CARTESIAN_POINT('Ctrl Pts',(8.51251286783624,20.7895417990854,6.39335054686759));
#1154=CARTESIAN_POINT('Ctrl Pts',(9.46865687603327,20.8689423008174,4.86645081185022));
#1155=CARTESIAN_POINT('Ctrl Pts',(10.0012589773283,20.9483428025494,3.20387080370474));
#1156=CARTESIAN_POINT('Ctrl Pts',(10.5338610786233,21.0277433042814,1.54129079555921));
#1157=CARTESIAN_POINT('Ctrl Pts',(10.6429212730162,21.1071438060135,-0.256969485714437));
#1158=CARTESIAN_POINT('Ctrl Pts',(10.3151467705882,21.1865443077455,-1.97172928153048));
#1159=CARTESIAN_POINT('Ctrl Pts',(9.98737226816016,21.2659448094775,-3.68648907734651));
#1160=CARTESIAN_POINT('Ctrl Pts',(9.22276306891112,21.3453453112095,-5.31774838770493));
#1161=CARTESIAN_POINT('Ctrl Pts',(8.11451348183977,21.4247458129416,-6.66668134917675));
#1162=CARTESIAN_POINT('Ctrl Pts',(7.00626389476842,21.5041463146736,-8.01561431064857));
#1163=CARTESIAN_POINT('Ctrl Pts',(5.55437391987475,21.5835468164056,-9.08222092323378));
#1164=CARTESIAN_POINT('Ctrl Pts',(3.93580700866461,21.6629473181376,-9.73649795609116));
#1165=CARTESIAN_POINT('Ctrl Pts',(2.31724009745448,21.7423478198696,-10.3907749889485));
#1166=CARTESIAN_POINT('Ctrl Pts',(0.531996249927874,21.8217483216017,-10.6327224420781));
#1167=CARTESIAN_POINT('Ctrl Pts',(-1.20233028193938,21.9011488233337,-10.4328505764988));
#1168=CARTESIAN_POINT('Ctrl Pts',(-2.93665681380664,21.9805493250657,-10.2329787109195));
#1169=CARTESIAN_POINT('Ctrl Pts',(-4.62006603001456,22.0599498267977,-9.59128752663141));
#1170=CARTESIAN_POINT('Ctrl Pts',(-6.04737578153803,22.1393503285298,-8.58598948376295));
#1171=CARTESIAN_POINT('Ctrl Pts',(-7.47468553306154,22.2187508302618,-7.58069144089446));
#1172=CARTESIAN_POINT('Ctrl Pts',(-8.6458958199006,22.2981513319938,-6.21178653944563));
#1173=CARTESIAN_POINT('Ctrl Pts',(-9.41825380376653,22.3775518337258,-4.64612360428129));
#1174=CARTESIAN_POINT('Ctrl Pts',(-10.1906117876324,22.4569523354578,-3.080460669117));
#1175=CARTESIAN_POINT('Ctrl Pts',(-10.5641174685252,22.5363528371899,-1.31803970023723));
#1176=CARTESIAN_POINT('Ctrl Pts',(-10.4932461471981,22.6157533389219,0.426326814461611));
#1177=CARTESIAN_POINT('Ctrl Pts',(-10.4223748258709,22.6951538406539,2.17069332916045));
#1178=CARTESIAN_POINT('Ctrl Pts',(-9.90712650232382,22.7745543423859,3.89700538967835));
#1179=CARTESIAN_POINT('Ctrl Pts',(-9.0103021623695,22.853954844118,5.39485163848183));
#1180=CARTESIAN_POINT('Ctrl Pts',(-8.11347782241517,22.93335534585,6.89269788728532));
#1181=CARTESIAN_POINT('Ctrl Pts',(-6.83507746605361,23.012755847582,8.16207832437439));
#1182=CARTESIAN_POINT('Ctrl Pts',(-5.3309187815293,23.092156349314,9.048274653388));
#1183=CARTESIAN_POINT('Ctrl Pts',(-3.82676009700499,23.1715568510461,9.93447098240161));
#1184=CARTESIAN_POINT('Ctrl Pts',(-2.09684308431793,23.2509573527781,10.4374832033398));
#1185=CARTESIAN_POINT('Ctrl Pts',(-0.352018490196488,23.3303578545101,10.4960017264193));
#1186=CARTESIAN_POINT('Ctrl Pts',(1.39280610392495,23.4097583562421,10.5545202494988));
#1187=CARTESIAN_POINT('Ctrl Pts',(3.15253827948077,23.4891588579741,10.1685450747196));
#1188=CARTESIAN_POINT('Ctrl Pts',(4.71269327184195,23.5685593597062,9.3851207442399));
#1189=CARTESIAN_POINT('Ctrl Pts',(5.3045985076006,23.5986830159628,9.08789837511497));
#1190=CARTESIAN_POINT('Ctrl Pts',(5.86777743873027,23.6288066722195,8.73346883762326));
#1191=CARTESIAN_POINT('Ctrl Pts',(6.39317427057021,23.6589303284762,8.32969184235245));
#1192=CARTESIAN_POINT('Ctrl Pts',(6.39426833726297,22.8410696715238,8.33051858122593));
#1193=CARTESIAN_POINT('Ctrl Pts',(5.16126690237678,22.770427445558,9.27530019874838));
#1194=CARTESIAN_POINT('Ctrl Pts',(3.7160610912763,22.6997852195922,9.94451583374299));
#1195=CARTESIAN_POINT('Ctrl Pts',(2.19720169402958,22.6291429936265,10.2694825895199));
#1196=CARTESIAN_POINT('Ctrl Pts',(0.49003297796707,22.5497424918944,10.6347389656059));
#1197=CARTESIAN_POINT('Ctrl Pts',(-1.31018472297294,22.4703419901624,10.5650944708393));
#1198=CARTESIAN_POINT('Ctrl Pts',(-2.98403207032188,22.3909414884304,10.0690377168818));
#1199=CARTESIAN_POINT('Ctrl Pts',(-4.65787941767081,22.3115409866984,9.57298096292425));
#1200=CARTESIAN_POINT('Ctrl Pts',(-6.20535641142868,22.2321404849663,8.65051194977573));
#1201=CARTESIAN_POINT('Ctrl Pts',(-7.43784898670295,22.1527399832343,7.41406571266399));
#1202=CARTESIAN_POINT('Ctrl Pts',(-8.67034156197722,22.0733394815023,6.17761947555224));
#1203=CARTESIAN_POINT('Ctrl Pts',(-9.58784971876789,21.9939389797703,4.62719601447727));
#1204=CARTESIAN_POINT('Ctrl Pts',(-10.0785430752842,21.9145384780382,2.95176852417973));
#1205=CARTESIAN_POINT('Ctrl Pts',(-10.5692364318006,21.8351379763062,1.27634103388214));
#1206=CARTESIAN_POINT('Ctrl Pts',(-10.6331149880426,21.7557374745742,-0.524090485638036));
#1207=CARTESIAN_POINT('Ctrl Pts',(-10.2623929131379,21.6763369728422,-2.23008063465781));
#1208=CARTESIAN_POINT('Ctrl Pts',(-9.89167083823314,21.5969364711102,-3.93607078367753));
#1209=CARTESIAN_POINT('Ctrl Pts',(-9.08634813218173,21.5175359693781,-5.54761956219686));
#1210=CARTESIAN_POINT('Ctrl Pts',(-7.94458146532594,21.4381354676461,-6.86830352281386));
#1211=CARTESIAN_POINT('Ctrl Pts',(-6.80281479847015,21.3587349659141,-8.18898748343086));
#1212=CARTESIAN_POINT('Ctrl Pts',(-5.32460417080997,21.2793344641821,-9.21880662614553));
#1213=CARTESIAN_POINT('Ctrl Pts',(-3.69012112374793,21.19993396245,-9.83224155687638));
#1214=CARTESIAN_POINT('Ctrl Pts',(-2.05563807668589,21.120533460718,-10.4456764876072));
#1215=CARTESIAN_POINT('Ctrl Pts',(-0.264882610221978,21.041132958986,-10.6427272063543));
#1216=CARTESIAN_POINT('Ctrl Pts',(1.46387924059404,20.961732457254,-10.3993762077182));
#1217=CARTESIAN_POINT('Ctrl Pts',(3.19264109141005,20.8823319555219,-10.1560252090821));
#1218=CARTESIAN_POINT('Ctrl Pts',(4.85940932657818,20.8029314537899,-9.47227249306293));
#1219=CARTESIAN_POINT('Ctrl Pts',(6.26103008123522,20.7235309520579,-8.43145718500458));
#1220=CARTESIAN_POINT('Ctrl Pts',(7.66265083589226,20.6441304503259,-7.39064187694622));
#1221=CARTESIAN_POINT('Ctrl Pts',(8.79912411003823,20.5647299485939,-5.99276397684871));
#1222=CARTESIAN_POINT('Ctrl Pts',(9.53193098239479,20.4853294468618,-4.40820368036234));
#1223=CARTESIAN_POINT('Ctrl Pts',(10.2647378547513,20.4059289451298,-2.82364338387596));
#1224=CARTESIAN_POINT('Ctrl Pts',(10.5938783253185,20.3265284433978,-1.05240069100072));
#1225=CARTESIAN_POINT('Ctrl Pts',(10.4792351436785,20.2471279416658,0.689636675497896));
#1226=CARTESIAN_POINT('Ctrl Pts',(10.3645919620385,20.1677274399338,2.43167404199651));
#1227=CARTESIAN_POINT('Ctrl Pts',(9.80616512819126,20.0883269382017,4.14450608211852));
#1228=CARTESIAN_POINT('Ctrl Pts',(8.872018435978,20.0089264364697,5.6193644491494));
#1229=CARTESIAN_POINT('Ctrl Pts',(8.21374030456653,19.9529741814877,6.65867339070911));
#1230=CARTESIAN_POINT('Ctrl Pts',(7.36888743332953,19.8970219265057,7.57980950974252));
#1231=CARTESIAN_POINT('Ctrl Pts',(6.39332741617986,19.8410696715238,8.33001798800688));
#1232=CARTESIAN_POINT('Origin',(0.,-6.62512600396507,-2.22044604925031E-15));
#1233=CARTESIAN_POINT('',(6.39372321813434,16.8410696715238,8.32969100558252));
#1234=CARTESIAN_POINT('',(6.39366871331292,17.6589303284762,8.33046616246946));
#1235=CARTESIAN_POINT('',(6.39373951942708,-6.62512600396507,8.33013180914422));
#1236=CARTESIAN_POINT('Ctrl Pts',(6.39366871331292,17.6589303284762,8.33046616246946));
#1237=CARTESIAN_POINT('Ctrl Pts',(7.51388936146435,17.723194630651,7.46882287250872));
#1238=CARTESIAN_POINT('Ctrl Pts',(8.46054176882527,17.7874589328257,6.3801076616472));
#1239=CARTESIAN_POINT('Ctrl Pts',(9.1532659983112,17.8517232350005,5.14856201502719));
#1240=CARTESIAN_POINT('Ctrl Pts',(10.0091478724118,17.9311237367325,3.62694987674264));
#1241=CARTESIAN_POINT('Ctrl Pts',(10.4773993747668,18.0105242384646,1.88730201129702));
#1242=CARTESIAN_POINT('Ctrl Pts',(10.5009477219955,18.0899247401966,0.141655209354642));
#1243=CARTESIAN_POINT('Ctrl Pts',(10.5244960692243,18.1693252419286,-1.60399159258779));
#1244=CARTESIAN_POINT('Ctrl Pts',(10.1033412613268,18.2487257436606,-3.35563733102698));
#1245=CARTESIAN_POINT('Ctrl Pts',(9.28881570620758,18.3281262453927,-4.89978285585515));
#1246=CARTESIAN_POINT('Ctrl Pts',(8.47429015108841,18.4075267471247,-6.44392838068328));
#1247=CARTESIAN_POINT('Ctrl Pts',(7.26639384874761,18.4869272488567,-7.7805736919004));
#1248=CARTESIAN_POINT('Ctrl Pts',(5.81235110847837,18.5663277505887,-8.74680192128477));
#1249=CARTESIAN_POINT('Ctrl Pts',(4.35830836820913,18.6457282523208,-9.71303015066915));
#1250=CARTESIAN_POINT('Ctrl Pts',(2.65811919001145,18.7251287540528,-10.3088412982208));
#1251=CARTESIAN_POINT('Ctrl Pts',(0.919010946750763,18.8045292557848,-10.4616149870932));
#1252=CARTESIAN_POINT('Ctrl Pts',(-0.82009729650995,18.8839297575168,-10.6143886759656));
#1253=CARTESIAN_POINT('Ctrl Pts',(-2.59812460483367,18.9633302592489,-10.3241249061588));
#1254=CARTESIAN_POINT('Ctrl Pts',(-4.1983563133397,19.0427307609809,-9.62620244565121));
#1255=CARTESIAN_POINT('Ctrl Pts',(-5.79858802184573,19.1221312627129,-8.92827998514367));
#1256=CARTESIAN_POINT('Ctrl Pts',(-7.22102413053407,19.2015317644449,-7.82269883393541));
#1257=CARTESIAN_POINT('Ctrl Pts',(-8.29229116917426,19.2809322661769,-6.4442126302641));
#1258=CARTESIAN_POINT('Ctrl Pts',(-9.36355820781443,19.360332767909,-5.06572642659281));
#1259=CARTESIAN_POINT('Ctrl Pts',(-10.0836561764064,19.439733269641,-3.41433517045848));
#1260=CARTESIAN_POINT('Ctrl Pts',(-10.3648160124539,19.519133771373,-1.69131850530903));
#1261=CARTESIAN_POINT('Ctrl Pts',(-10.6459758485013,19.598534273105,0.0316981598404253));
#1262=CARTESIAN_POINT('Ctrl Pts',(-10.4881975520041,19.677934774837,1.826340234005));
#1263=CARTESIAN_POINT('Ctrl Pts',(-9.91071191345169,19.7573352765691,3.47386796337853));
#1264=CARTESIAN_POINT('Ctrl Pts',(-9.33322627489929,19.8367357783011,5.12139569275206));
#1265=CARTESIAN_POINT('Ctrl Pts',(-8.3360332942917,19.9161362800331,6.62180907733453));
#1266=CARTESIAN_POINT('Ctrl Pts',(-7.04067572949438,19.9955367817651,7.79223039511343));
#1267=CARTESIAN_POINT('Ctrl Pts',(-5.74531816469705,20.0749372834972,8.96265171289233));
#1268=CARTESIAN_POINT('Ctrl Pts',(-4.15179601571005,20.1543377852292,9.80308096386763));
#1269=CARTESIAN_POINT('Ctrl Pts',(-2.45433555615741,20.2337382869612,10.2110825202915));
#1270=CARTESIAN_POINT('Ctrl Pts',(-0.756875096604747,20.3131387886932,10.6190840767153));
#1271=CARTESIAN_POINT('Ctrl Pts',(1.04452367351366,20.3925392904253,10.5946579385877));
#1272=CARTESIAN_POINT('Ctrl Pts',(2.73029746124068,20.4719397921573,10.1407812830947));
#1273=CARTESIAN_POINT('Ctrl Pts',(4.05364654931649,20.5342699709303,9.78448362173679));
#1274=CARTESIAN_POINT('Ctrl Pts',(5.30574283808071,20.5966001497032,9.16354115010322));
#1275=CARTESIAN_POINT('Ctrl Pts',(6.39400656465065,20.6589303284762,8.33003697008419));
#1276=CARTESIAN_POINT('Ctrl Pts',(6.39332741617986,19.8410696715238,8.33001798800688));
#1277=CARTESIAN_POINT('Ctrl Pts',(5.98449363443201,19.8176214247737,8.64441235009262));
#1278=CARTESIAN_POINT('Ctrl Pts',(5.55270445110719,19.7941731780237,8.92878759878514));
#1279=CARTESIAN_POINT('Ctrl Pts',(5.10207172613703,19.7707249312736,9.17926097472181));
#1280=CARTESIAN_POINT('Ctrl Pts',(3.57613825908869,19.6913244295416,10.0274144393235));
#1281=CARTESIAN_POINT('Ctrl Pts',(1.83413787557128,19.6119239278096,10.4868366745872));
#1282=CARTESIAN_POINT('Ctrl Pts',(0.0883941026582974,19.5325234260776,10.5015310513902));
#1283=CARTESIAN_POINT('Ctrl Pts',(-1.65734967025465,19.4531229243455,10.5162254281933));
#1284=CARTESIAN_POINT('Ctrl Pts',(-3.40683683256318,19.3737224226135,10.0861919465358));
#1285=CARTESIAN_POINT('Ctrl Pts',(-4.94683133197629,19.2943219208815,9.26384519050677));
#1286=CARTESIAN_POINT('Ctrl Pts',(-6.48682583138939,19.2149214191495,8.4414984344778));
#1287=CARTESIAN_POINT('Ctrl Pts',(-7.817327667907,19.1355209174174,7.22683840407737));
#1288=CARTESIAN_POINT('Ctrl Pts',(-8.77616877005223,19.0561204156854,5.7679138048568));
#1289=CARTESIAN_POINT('Ctrl Pts',(-9.73500987219747,18.9767199139534,4.30898920563623));
#1290=CARTESIAN_POINT('Ctrl Pts',(-10.3221902399703,18.8973194122214,2.60580003759552));
#1291=CARTESIAN_POINT('Ctrl Pts',(-10.4661414581779,18.8179189104894,0.865939327035471));
#1292=CARTESIAN_POINT('Ctrl Pts',(-10.6100926763855,18.7385184087573,-0.873921383524583));
#1293=CARTESIAN_POINT('Ctrl Pts',(-10.3108147450279,18.6591179070253,-2.65045363660398));
#1294=CARTESIAN_POINT('Ctrl Pts',(-9.60478512218265,18.5797174052933,-4.24712499196769));
#1295=CARTESIAN_POINT('Ctrl Pts',(-8.89875549933741,18.5003169035613,-5.84379634733141));
#1296=CARTESIAN_POINT('Ctrl Pts',(-7.78597418500459,18.4209164018293,-7.26060680497944));
#1297=CARTESIAN_POINT('Ctrl Pts',(-6.40207240852032,18.3415159000972,-8.32486857654585));
#1298=CARTESIAN_POINT('Ctrl Pts',(-5.01817063203605,18.2621153983652,-9.38913034811225));
#1299=CARTESIAN_POINT('Ctrl Pts',(-3.36314839340032,18.1827148966332,-10.100843433597));
#1300=CARTESIAN_POINT('Ctrl Pts',(-1.6387278979679,18.1033143949012,-10.3732607610683));
#1301=CARTESIAN_POINT('Ctrl Pts',(0.0856925974645234,18.0239138931691,-10.6456780885396));
#1302=CARTESIAN_POINT('Ctrl Pts',(1.87951134969364,17.9445133914371,-10.4787996579973));
#1303=CARTESIAN_POINT('Ctrl Pts',(3.52408895541775,17.8651128897051,-9.89296542877818));
#1304=CARTESIAN_POINT('Ctrl Pts',(5.1686665611419,17.7857123879731,-9.30713119955904));
#1305=CARTESIAN_POINT('Ctrl Pts',(6.66400302036103,17.7063118862411,-8.30234117166302));
#1306=CARTESIAN_POINT('Ctrl Pts',(7.82783941155772,17.626911384509,-7.00106406823715));
#1307=CARTESIAN_POINT('Ctrl Pts',(8.99167580275438,17.547510882777,-5.69978696481132));
#1308=CARTESIAN_POINT('Ctrl Pts',(9.82401212592862,17.468110381045,-4.10202278585566));
#1309=CARTESIAN_POINT('Ctrl Pts',(10.2233991589564,17.3887098793129,-2.40251484435516));
#1310=CARTESIAN_POINT('Ctrl Pts',(10.6227861919842,17.3093093775809,-0.703006902854668));
#1311=CARTESIAN_POINT('Ctrl Pts',(10.5892239348655,17.2299088758489,1.09824480119065));
#1312=CARTESIAN_POINT('Ctrl Pts',(10.126803119655,17.1505083741169,2.78169489995629));
#1313=CARTESIAN_POINT('Ctrl Pts',(9.66438230444452,17.0711078723849,4.4651449987219));
#1314=CARTESIAN_POINT('Ctrl Pts',(8.77310293114217,16.9917073706528,6.03079349220783));
#1315=CARTESIAN_POINT('Ctrl Pts',(7.56159848911906,16.9123068689208,7.28781148425575));
#1316=CARTESIAN_POINT('Ctrl Pts',(7.19928263803838,16.8885611364551,7.66373874280714));
#1317=CARTESIAN_POINT('Ctrl Pts',(6.8083263278825,16.8648154039894,8.01206254332475));
#1318=CARTESIAN_POINT('Ctrl Pts',(6.39372321813434,16.8410696715238,8.32969100558252));
#1319=CARTESIAN_POINT('Origin',(0.,-6.62512600396507,-2.22044604925031E-15));
#1320=CARTESIAN_POINT('',(6.39399026426363,13.8410696715238,8.33075245659962));
#1321=CARTESIAN_POINT('',(6.39339086919486,14.6589303284762,8.32943339227129));
#1322=CARTESIAN_POINT('',(6.39373951942708,-6.62512600396507,8.33013180914422));
#1323=CARTESIAN_POINT('Ctrl Pts',(6.39339086919486,14.6589303284762,8.32943339227129));
#1324=CARTESIAN_POINT('Ctrl Pts',(6.95301055261741,14.6909881081347,7.90034563953557));
#1325=CARTESIAN_POINT('Ctrl Pts',(7.46974801774106,14.7230458877932,7.41550192416308));
#1326=CARTESIAN_POINT('Ctrl Pts',(7.93172969835781,14.7551036674516,6.88314123424833));
#1327=CARTESIAN_POINT('Ctrl Pts',(9.07596294291683,14.8345041691837,5.5645937137414));
#1328=CARTESIAN_POINT('Ctrl Pts',(9.88429648433952,14.9139046709157,3.95455301518176));
#1329=CARTESIAN_POINT('Ctrl Pts',(10.2582066769422,14.9933051726477,2.24925877380964));
#1330=CARTESIAN_POINT('Ctrl Pts',(10.6321168695448,15.0727056743797,0.543964532437554));
#1331=CARTESIAN_POINT('Ctrl Pts',(10.5716037133274,15.1521061761118,-1.256583251747));
#1332=CARTESIAN_POINT('Ctrl Pts',(10.0840428477468,15.2315066778438,-2.93292500811509));
#1333=CARTESIAN_POINT('Ctrl Pts',(9.5964819821662,15.3109071795758,-4.60926676448321));
#1334=CARTESIAN_POINT('Ctrl Pts',(8.68187340722229,15.3903076813078,-6.16140249303486));
#1335=CARTESIAN_POINT('Ctrl Pts',(7.45169408948819,15.4697081830398,-7.40015029949443));
#1336=CARTESIAN_POINT('Ctrl Pts',(6.22151477175414,15.5491086847719,-8.63889810595394));
#1337=CARTESIAN_POINT('Ctrl Pts',(4.67576471122991,15.6285091865039,-9.5642579903214));
#1338=CARTESIAN_POINT('Ctrl Pts',(3.00284748573886,15.7079096882359,-10.0634425638453));
#1339=CARTESIAN_POINT('Ctrl Pts',(1.32993026024777,15.7873101899679,-10.5626271373692));
#1340=CARTESIAN_POINT('Ctrl Pts',(-0.470154130210155,15.8667106917,-10.6356364000494));
#1341=CARTESIAN_POINT('Ctrl Pts',(-2.17800259569988,15.946111193432,-10.2735716258537));
#1342=CARTESIAN_POINT('Ctrl Pts',(-3.88585106118958,16.025511695164,-9.9115068516579));
#1343=CARTESIAN_POINT('Ctrl Pts',(-5.5014636017111,16.104912196896,-9.11436804058612));
#1344=CARTESIAN_POINT('Ctrl Pts',(-6.82792145867332,16.1843126986281,-7.97931436983211));
#1345=CARTESIAN_POINT('Ctrl Pts',(-8.15437931563554,16.2637132003601,-6.8442606990781));
#1346=CARTESIAN_POINT('Ctrl Pts',(-9.19168248903846,16.3431137020921,-5.37129216864186));
#1347=CARTESIAN_POINT('Ctrl Pts',(-9.81339939453505,16.4225142038241,-3.73994138747654));
#1348=CARTESIAN_POINT('Ctrl Pts',(-10.4351163000316,16.5019147055561,-2.10859060631121));
#1349=CARTESIAN_POINT('Ctrl Pts',(-10.6412469376219,16.5813152072882,-0.318857574416809));
#1350=CARTESIAN_POINT('Ctrl Pts',(-10.4066670969869,16.6607157090202,1.4111162924831));
#1351=CARTESIAN_POINT('Ctrl Pts',(-10.1720872563519,16.7401162107522,3.14109015938301));
#1352=CARTESIAN_POINT('Ctrl Pts',(-9.49679693749172,16.8195167124842,4.81130486128842));
#1353=CARTESIAN_POINT('Ctrl Pts',(-8.46310382739395,16.8989172142163,6.21818646111313));
#1354=CARTESIAN_POINT('Ctrl Pts',(-7.42941071729616,16.9783177159483,7.62506806093787));
#1355=CARTESIAN_POINT('Ctrl Pts',(-6.03731481596078,17.0577182176803,8.7686165586819));
#1356=CARTESIAN_POINT('Ctrl Pts',(-4.45649158074854,17.1371187194123,9.50945067020899));
#1357=CARTESIAN_POINT('Ctrl Pts',(-2.87566834553632,17.2165192211444,10.2502847817361));
#1358=CARTESIAN_POINT('Ctrl Pts',(-1.10611777644724,17.2959197228764,10.5884045070462));
#1359=CARTESIAN_POINT('Ctrl Pts',(0.636478648076644,17.3753202246084,10.4825981602351));
#1360=CARTESIAN_POINT('Ctrl Pts',(2.37907507260053,17.4547207263404,10.3767918134239));
#1361=CARTESIAN_POINT('Ctrl Pts',(4.09471735255922,17.5341212280724,9.82705939449132));
#1362=CARTESIAN_POINT('Ctrl Pts',(5.57429461546172,17.6135217298045,8.90040497946331));
#1363=CARTESIAN_POINT('Ctrl Pts',(5.8563479554677,17.6286579293617,8.72375589236041));
#1364=CARTESIAN_POINT('Ctrl Pts',(6.12982264784934,17.643794128919,8.53340938822092));
#1365=CARTESIAN_POINT('Ctrl Pts',(6.39366871331292,17.6589303284762,8.33046616246946));
#1366=CARTESIAN_POINT('Ctrl Pts',(6.39372321813434,16.8410696715238,8.32969100558252));
#1367=CARTESIAN_POINT('Ctrl Pts',(5.42198480393782,16.7854149022574,9.07414219507198));
#1368=CARTESIAN_POINT('Ctrl Pts',(4.32034733134996,16.7297601329911,9.64997456063151));
#1369=CARTESIAN_POINT('Ctrl Pts',(3.15310464152731,16.6741053637247,10.0173798500544));
#1370=CARTESIAN_POINT('Ctrl Pts',(1.48784474670262,16.5947048619927,10.5415427331952));
#1371=CARTESIAN_POINT('Ctrl Pts',(-0.310945532202862,16.5153043602607,10.6414810088669));
#1372=CARTESIAN_POINT('Ctrl Pts',(-2.02402083789979,16.4359038585287,10.3050137112206));
#1373=CARTESIAN_POINT('Ctrl Pts',(-3.73709614359671,16.3565033567967,9.96854641357436));
#1374=CARTESIAN_POINT('Ctrl Pts',(-5.36445647608507,16.2771028550646,9.19567354261016));
#1375=CARTESIAN_POINT('Ctrl Pts',(-6.70775119842902,16.1977023533326,8.08059662405392));
#1376=CARTESIAN_POINT('Ctrl Pts',(-8.05104592077299,16.1183018516006,6.96551970549767));
#1377=CARTESIAN_POINT('Ctrl Pts',(-9.11027503297254,16.0389013498686,5.50823873934936));
#1378=CARTESIAN_POINT('Ctrl Pts',(-9.7563345100177,15.9595008481365,3.886374257497));
#1379=CARTESIAN_POINT('Ctrl Pts',(-10.4023939870629,15.8801003464045,2.26450977564465));
#1380=CARTESIAN_POINT('Ctrl Pts',(-10.6352838289536,15.8006998446725,0.478061778088253));
#1381=CARTESIAN_POINT('Ctrl Pts',(-10.4266182826686,15.7212993429405,-1.25522871550122));
#1382=CARTESIAN_POINT('Ctrl Pts',(-10.2179527363835,15.6418988412084,-2.98851920909066));
#1383=CARTESIAN_POINT('Ctrl Pts',(-9.56773180192265,15.5624983394764,-4.66865219871319));
#1384=CARTESIAN_POINT('Ctrl Pts',(-8.55520758708566,15.4830978377444,-6.09084485786409));
#1385=CARTESIAN_POINT('Ctrl Pts',(-7.54268337224867,15.4036973360124,-7.513037517015));
#1386=CARTESIAN_POINT('Ctrl Pts',(-6.16785587703557,15.3242968342804,-8.67728984569429));
#1387=CARTESIAN_POINT('Ctrl Pts',(-4.59829580100709,15.2448963325483,-9.44169707558647));
#1388=CARTESIAN_POINT('Ctrl Pts',(-3.02873572497859,15.1654958308163,-10.2061043054787));
#1389=CARTESIAN_POINT('Ctrl Pts',(-1.26444306813474,15.0860953290843,-10.5706664365837));
#1390=CARTESIAN_POINT('Ctrl Pts',(0.479541551144003,15.0066948273523,-10.490948853246));
#1391=CARTESIAN_POINT('Ctrl Pts',(2.22352617042273,14.9272943256203,-10.4112312699083));
#1392=CARTESIAN_POINT('Ctrl Pts',(3.94720275213632,14.8478938238882,-9.88723397212785));
#1393=CARTESIAN_POINT('Ctrl Pts',(5.44048116379916,14.7684933221562,-8.98282431349095));
#1394=CARTESIAN_POINT('Ctrl Pts',(6.93375957546199,14.6890928204242,-8.07841465485405));
#1395=CARTESIAN_POINT('Ctrl Pts',(8.19663981707407,14.6096923186922,-6.79359263536072));
#1396=CARTESIAN_POINT('Ctrl Pts',(9.07519586789084,14.5302918169601,-5.28495864696353));
#1397=CARTESIAN_POINT('Ctrl Pts',(9.95375191870762,14.4508913152281,-3.77632465856631));
#1398=CARTESIAN_POINT('Ctrl Pts',(10.4479837787291,14.3714908134961,-2.04387870126522));
#1399=CARTESIAN_POINT('Ctrl Pts',(10.4976520515092,14.2920903117641,-0.298779761934526));
#1400=CARTESIAN_POINT('Ctrl Pts',(10.5473203242894,14.2126898100321,1.44631917739617));
#1401=CARTESIAN_POINT('Ctrl Pts',(10.1524250098282,14.1332893083,3.20407109875646));
#1402=CARTESIAN_POINT('Ctrl Pts',(9.36109788053202,14.053888806568,4.76023260059806));
#1403=CARTESIAN_POINT('Ctrl Pts',(8.65409330029132,13.9829490948866,6.15057202997513));
#1404=CARTESIAN_POINT('Ctrl Pts',(7.63064182028386,13.9120093832052,7.37999434601225));
#1405=CARTESIAN_POINT('Ctrl Pts',(6.39399026426363,13.8410696715238,8.33075245659962));
#1406=CARTESIAN_POINT('Origin',(0.,-6.62512600396507,-2.22044604925031E-15));
#1407=CARTESIAN_POINT('',(6.39320938960144,10.8410696715238,8.3294085430184));
#1408=CARTESIAN_POINT('',(6.3942866129572,11.6589303284762,8.33085030845746));
#1409=CARTESIAN_POINT('',(6.39373951942708,-6.62512600396507,8.33013180914422));
#1410=CARTESIAN_POINT('Ctrl Pts',(6.39428658506369,11.6589303284762,8.33085027182483));
#1411=CARTESIAN_POINT('Ctrl Pts',(7.77656710599779,11.7381820873504,7.26984625005153));
#1412=CARTESIAN_POINT('Ctrl Pts',(8.88914524646936,11.8174338462246,5.85743073799594));
#1413=CARTESIAN_POINT('Ctrl Pts',(9.59682985863997,11.8966856050988,4.26507044757023));
#1414=CARTESIAN_POINT('Ctrl Pts',(10.3058426814793,11.9760861068309,2.66972155192437));
#1415=CARTESIAN_POINT('Ctrl Pts',(10.6084407091656,12.0554866085629,0.89375178899266));
#1416=CARTESIAN_POINT('Ctrl Pts',(10.4677418140417,12.1348871102949,-0.846374960040283));
#1417=CARTESIAN_POINT('Ctrl Pts',(10.3270429189178,12.2142876120269,-2.5865017090732));
#1418=CARTESIAN_POINT('Ctrl Pts',(9.74304710098375,12.293688113759,-4.29078544420736));
#1419=CARTESIAN_POINT('Ctrl Pts',(8.78693462692202,12.373088615491,-5.75149972795093));
#1420=CARTESIAN_POINT('Ctrl Pts',(7.83082215286028,12.452489117223,-7.21221401169449));
#1421=CARTESIAN_POINT('Ctrl Pts',(6.50259302267088,12.531889618955,-8.42935884404749));
#1422=CARTESIAN_POINT('Ctrl Pts',(4.96413829926734,12.611290120687,-9.25458265964316));
#1423=CARTESIAN_POINT('Ctrl Pts',(3.4256835758638,12.6906906224191,-10.0798064752388));
#1424=CARTESIAN_POINT('Ctrl Pts',(1.6770032592461,12.7700911241511,-10.5131092740772));
#1425=CARTESIAN_POINT('Ctrl Pts',(-0.0687649405937778,12.8494916258831,
-10.5016779917005));
#1426=CARTESIAN_POINT('Ctrl Pts',(-1.81453314043367,12.9288921276151,-10.4902467093237));
#1427=CARTESIAN_POINT('Ctrl Pts',(-3.55738922349572,13.0082926293471,-10.034081345732));
#1428=CARTESIAN_POINT('Ctrl Pts',(-5.08490536586081,13.0876931310792,-9.18878156659851));
#1429=CARTESIAN_POINT('Ctrl Pts',(-6.61242150822591,13.1670936328112,-8.34348178746505));
#1430=CARTESIAN_POINT('Ctrl Pts',(-7.92459770989402,13.2464941345432,-7.10904759278992));
#1431=CARTESIAN_POINT('Ctrl Pts',(-8.86149951739657,13.3258946362752,-5.63593785998401));
#1432=CARTESIAN_POINT('Ctrl Pts',(-9.7984013248991,13.4052951380073,-4.16282812717812));
#1433=CARTESIAN_POINT('Ctrl Pts',(-10.3600287382361,13.4846956397393,-2.45104285624145));
#1434=CARTESIAN_POINT('Ctrl Pts',(-10.4779278612838,13.5640961414713,-0.709222808540334));
#1435=CARTESIAN_POINT('Ctrl Pts',(-10.5958269843315,13.6434966432033,1.03259723916079));
#1436=CARTESIAN_POINT('Ctrl Pts',(-10.2699978170899,13.7228971449354,2.80445206362637));
#1437=CARTESIAN_POINT('Ctrl Pts',(-9.54015401213152,13.8022976466674,4.39037933249869));
#1438=CARTESIAN_POINT('Ctrl Pts',(-8.81031020717312,13.8816981483994,5.97630660137103));
#1439=CARTESIAN_POINT('Ctrl Pts',(-7.67645176449789,13.9610986501314,7.37630631465011));
#1440=CARTESIAN_POINT('Ctrl Pts',(-6.27677889693507,14.0404991518634,8.419739659717));
#1441=CARTESIAN_POINT('Ctrl Pts',(-4.87710602937226,14.1198996535955,9.46317300478389));
#1442=CARTESIAN_POINT('Ctrl Pts',(-3.21161873692186,14.1993001553275,10.1500399816386));
#1443=CARTESIAN_POINT('Ctrl Pts',(-1.48331475688338,14.2787006570595,10.3966218835943));
#1444=CARTESIAN_POINT('Ctrl Pts',(0.244989223155094,14.3581011587915,10.6432037855501));
#1445=CARTESIAN_POINT('Ctrl Pts',(2.03610989078165,14.4375016605236,10.4495006126069));
#1446=CARTESIAN_POINT('Ctrl Pts',(3.67173669844259,14.5169021622556,9.83912185490813));
#1447=CARTESIAN_POINT('Ctrl Pts',(4.64698274452527,14.5642448843291,9.47518219136726));
#1448=CARTESIAN_POINT('Ctrl Pts',(5.56694813294139,14.6115876064027,8.96310741584207));
#1449=CARTESIAN_POINT('Ctrl Pts',(6.39339086919486,14.6589303284762,8.32943339227129));
#1450=CARTESIAN_POINT('Ctrl Pts',(6.39399026426363,13.8410696715238,8.33075245659962));
#1451=CARTESIAN_POINT('Ctrl Pts',(6.24649813421047,13.8326088814732,8.44414683856048));
#1452=CARTESIAN_POINT('Ctrl Pts',(6.09597329785374,13.8241480914226,8.55357730686684));
#1453=CARTESIAN_POINT('Ctrl Pts',(5.94259091771892,13.8156873013719,8.65884409868558));
#1454=CARTESIAN_POINT('Ctrl Pts',(4.50317002833313,13.7362867996399,9.64672301260868));
#1455=CARTESIAN_POINT('Ctrl Pts',(2.81208719369273,13.6568862979079,10.2679097581319));
#1456=CARTESIAN_POINT('Ctrl Pts',(1.07545986097019,13.5774857961759,10.446691056413));
#1457=CARTESIAN_POINT('Ctrl Pts',(-0.661167471752324,13.4980852944438,10.6254723546941));
#1458=CARTESIAN_POINT('Ctrl Pts',(-2.44333930255698,13.4186847927118,10.361848205733));
#1459=CARTESIAN_POINT('Ctrl Pts',(-4.05383581189175,13.3392842909798,9.68795041022204));
#1460=CARTESIAN_POINT('Ctrl Pts',(-5.66433232122653,13.2598837892478,9.0140526147111));
#1461=CARTESIAN_POINT('Ctrl Pts',(-7.10315350909141,13.1804832875158,7.92988117265032));
#1462=CARTESIAN_POINT('Ctrl Pts',(-8.19492881166455,13.1010827857837,6.56758020220902));
#1463=CARTESIAN_POINT('Ctrl Pts',(-9.28670411423768,13.0216822840517,5.20527923176774));
#1464=CARTESIAN_POINT('Ctrl Pts',(-10.0314335315191,12.9422817823197,3.56484873294588));
#1465=CARTESIAN_POINT('Ctrl Pts',(-10.3383457995707,12.8628812805877,1.84623239847989));
#1466=CARTESIAN_POINT('Ctrl Pts',(-10.6452580676223,12.7834807788556,0.127616064013843));
#1467=CARTESIAN_POINT('Ctrl Pts',(-10.5143531864441,12.7040802771236,-1.66918610609633));
#1468=CARTESIAN_POINT('Ctrl Pts',(-9.96158648322533,12.6246797753916,-3.32517107498547));
#1469=CARTESIAN_POINT('Ctrl Pts',(-9.40881978000658,12.5452792736596,-4.98115604387461));
#1470=CARTESIAN_POINT('Ctrl Pts',(-8.43419125474727,12.4658787719275,-6.49632381154268));
#1471=CARTESIAN_POINT('Ctrl Pts',(-7.15649339912962,12.3864782701955,-7.68599831960115));
#1472=CARTESIAN_POINT('Ctrl Pts',(-5.87879554351199,12.3070777684635,-8.8756728276596));
#1473=CARTESIAN_POINT('Ctrl Pts',(-4.29802835753603,12.2276772667315,-9.73985407610852));
#1474=CARTESIAN_POINT('Ctrl Pts',(-2.60686347754806,12.1482767649995,-10.1732114275741));
#1475=CARTESIAN_POINT('Ctrl Pts',(-0.915698597560081,12.0688762632674,-10.6065687790396));
#1476=CARTESIAN_POINT('Ctrl Pts',(0.885863976439908,11.9894757615354,-10.6091022335218));
#1477=CARTESIAN_POINT('Ctrl Pts',(2.57824098627682,11.9100752598034,-10.1805030011969));
#1478=CARTESIAN_POINT('Ctrl Pts',(4.27061799611373,11.8306747580714,-9.75190376887206));
#1479=CARTESIAN_POINT('Ctrl Pts',(5.85380944178755,11.7512742563393,-8.89217184974011));
#1480=CARTESIAN_POINT('Ctrl Pts',(7.13484820632265,11.6718737546073,-7.70609557515556));
#1481=CARTESIAN_POINT('Ctrl Pts',(8.41588697085774,11.5924732528753,-6.520019300571));
#1482=CARTESIAN_POINT('Ctrl Pts',(9.39477305425411,11.5130727511433,-5.00759867053385));
#1483=CARTESIAN_POINT('Ctrl Pts',(9.9521950328196,11.4336722494113,-3.35317490886149));
#1484=CARTESIAN_POINT('Ctrl Pts',(10.5096170113851,11.3542717476792,-1.69875114718913));
#1485=CARTESIAN_POINT('Ctrl Pts',(10.6455748851197,11.2748712459472,0.0976757461184274));
#1486=CARTESIAN_POINT('Ctrl Pts',(10.3434974433866,11.1954707442152,1.81714847476811));
#1487=CARTESIAN_POINT('Ctrl Pts',(10.0414200016535,11.1160702424832,3.53662120341779));
#1488=CARTESIAN_POINT('Ctrl Pts',(9.30130724445269,11.0366697407511,5.17913976740958));
#1489=CARTESIAN_POINT('Ctrl Pts',(8.21336773461096,10.9572692390191,6.5445059704113));
#1490=CARTESIAN_POINT('Ctrl Pts',(7.68264858403019,10.918536049854,7.21055953766723));
#1491=CARTESIAN_POINT('Ctrl Pts',(7.06915751858741,10.8798028606889,7.81065949021842));
#1492=CARTESIAN_POINT('Ctrl Pts',(6.39320938960144,10.8410696715238,8.3294085430184));
#1493=CARTESIAN_POINT('Origin',(0.,-6.62512600396507,-2.22044604925031E-15));
#1494=CARTESIAN_POINT('',(6.39430480613711,7.84106967152377,8.33063238599847));
#1495=CARTESIAN_POINT('',(6.39315307386242,8.65893032847621,8.3296034073769));
#1496=CARTESIAN_POINT('',(6.39373951942708,-6.62512600396507,8.33013180914422));
#1497=CARTESIAN_POINT('Ctrl Pts',(6.39315307386242,8.65893032847621,8.3296034073769));
#1498=CARTESIAN_POINT('Ctrl Pts',(7.21378580335433,8.70597556483412,7.69910282486132));
#1499=CARTESIAN_POINT('Ctrl Pts',(7.94230773903985,8.75302080119203,6.94835947084966));
#1500=CARTESIAN_POINT('Ctrl Pts',(8.54380794922845,8.80006603754994,6.1068252787452));
#1501=CARTESIAN_POINT('Ctrl Pts',(9.55898870244115,8.87946653928196,4.6865276620129));
#1502=CARTESIAN_POINT('Ctrl Pts',(10.2123489369347,8.95886704101399,3.00761296221729));
#1503=CARTESIAN_POINT('Ctrl Pts',(10.4242539116668,9.03826754274601,1.27471551474017));
#1504=CARTESIAN_POINT('Ctrl Pts',(10.6361588863989,9.11766804447804,-0.458181932736959));
#1505=CARTESIAN_POINT('Ctrl Pts',(10.4066086013695,9.19706854621006,-2.2450621278956));
#1506=CARTESIAN_POINT('Ctrl Pts',(9.76358176807567,9.27646904794208,-3.86813137270712));
#1507=CARTESIAN_POINT('Ctrl Pts',(9.1205549347818,9.3558695496741,-5.49120061751863));
#1508=CARTESIAN_POINT('Ctrl Pts',(8.06405155322346,9.43527005140613,-6.95045891198301));
#1509=CARTESIAN_POINT('Ctrl Pts',(6.72284342302817,9.51467055313815,-8.06804471776574));
#1510=CARTESIAN_POINT('Ctrl Pts',(5.38163529283289,9.59407105487017,-9.18563052354846));
#1511=CARTESIAN_POINT('Ctrl Pts',(3.75572241400066,9.67347155660219,-9.96154384064953));
#1512=CARTESIAN_POINT('Ctrl Pts',(2.04327900073608,9.75287205833422,-10.3012125588967));
#1513=CARTESIAN_POINT('Ctrl Pts',(0.330835587471494,9.83227256006624,-10.6408812771439));
#1514=CARTESIAN_POINT('Ctrl Pts',(-1.46813836022545,9.91167306179826,-10.5443053965372));
#1515=CARTESIAN_POINT('Ctrl Pts',(-3.13437509861475,9.99107356353028,-10.0232560577691));
#1516=CARTESIAN_POINT('Ctrl Pts',(-4.80061183700408,10.0704740652623,-9.50220671900091));
#1517=CARTESIAN_POINT('Ctrl Pts',(-6.33411136608576,10.1498745669943,-8.55668392207127));
#1518=CARTESIAN_POINT('Ctrl Pts',(-7.54796326272744,10.2292750687264,-7.30193261013395));
#1519=CARTESIAN_POINT('Ctrl Pts',(-8.76181515936911,10.3086755704584,-6.04718129819664));
#1520=CARTESIAN_POINT('Ctrl Pts',(-9.65601942357079,10.3880760721904,-4.48320147125168));
#1521=CARTESIAN_POINT('Ctrl Pts',(-10.1215860659526,10.4674765739224,-2.80061864021771));
#1522=CARTESIAN_POINT('Ctrl Pts',(-10.5871527083344,10.5468770756544,-1.11803580918372));
#1523=CARTESIAN_POINT('Ctrl Pts',(-10.6240817288963,10.6262775773865,0.683150025939283));
#1524=CARTESIAN_POINT('Ctrl Pts',(-10.2278720379881,10.7056780791185,2.38340152575318));
#1525=CARTESIAN_POINT('Ctrl Pts',(-9.8316623470798,10.7850785808505,4.08365302556706));
#1526=CARTESIAN_POINT('Ctrl Pts',(-9.00231394470136,10.8644790825825,5.68297019007183));
#1527=CARTESIAN_POINT('Ctrl Pts',(-7.84091187057591,10.9438795843146,6.98642042080796));
#1528=CARTESIAN_POINT('Ctrl Pts',(-6.67950979645046,11.0232800860466,8.28987065154408));
#1529=CARTESIAN_POINT('Ctrl Pts',(-5.18605405057801,11.1026805877786,9.29745394851156));
#1530=CARTESIAN_POINT('Ctrl Pts',(-3.54257432393446,11.1820810895106,9.88636113126671));
#1531=CARTESIAN_POINT('Ctrl Pts',(-1.89909459729093,11.2614815912426,10.4752683140218));
#1532=CARTESIAN_POINT('Ctrl Pts',(-0.105590889876322,11.3408820929747,10.6454993825647));
#1533=CARTESIAN_POINT('Ctrl Pts',(1.61933579421059,11.4202825947067,10.3763057416409));
#1534=CARTESIAN_POINT('Ctrl Pts',(3.3474938246861,11.4998318392965,10.1066078138349));
#1535=CARTESIAN_POINT('Ctrl Pts',(5.00681742584789,11.5793810838864,9.39583696281833));
#1536=CARTESIAN_POINT('Ctrl Pts',(6.39428658506369,11.6589303284762,8.33085027182483));
#1537=CARTESIAN_POINT('Ctrl Pts',(6.39320938960144,10.8410696715238,8.3294085430184));
#1538=CARTESIAN_POINT('Ctrl Pts',(5.68350811188576,10.8004023589569,8.87406108335198));
#1539=CARTESIAN_POINT('Ctrl Pts',(4.90495650903912,10.75973504639,9.32903544191044));
#1540=CARTESIAN_POINT('Ctrl Pts',(4.08106716173725,10.7190677338231,9.67651067079903));
#1541=CARTESIAN_POINT('Ctrl Pts',(2.47247236118797,10.639667232091,10.3549353261734));
#1542=CARTESIAN_POINT('Ctrl Pts',(0.691049022572035,10.560266730359,10.6235707949104));
#1543=CARTESIAN_POINT('Ctrl Pts',(-1.04607426444743,10.480866228627,10.4496744721526));
#1544=CARTESIAN_POINT('Ctrl Pts',(-2.78319755146691,10.401465726895,10.2757781493948));
#1545=CARTESIAN_POINT('Ctrl Pts',(-4.47602078688993,10.3220652251629,9.65935003514216));
#1546=CARTESIAN_POINT('Ctrl Pts',(-5.91821439498414,10.2426647234309,8.67552340298267));
#1547=CARTESIAN_POINT('Ctrl Pts',(-7.36040800307832,10.1632642216989,7.6916967708232));
#1548=CARTESIAN_POINT('Ctrl Pts',(-8.55197198384371,10.0838637199669,6.34047162075692));
#1549=CARTESIAN_POINT('Ctrl Pts',(-9.34767269122401,10.0044632182348,4.78654188307619));
#1550=CARTESIAN_POINT('Ctrl Pts',(-10.1433733986043,9.92506271650282,3.23261214539547));
#1551=CARTESIAN_POINT('Ctrl Pts',(-10.5432108325995,9.84566221477081,1.4759778201003));
#1552=CARTESIAN_POINT('Ctrl Pts',(-10.498450851102,9.76626171303879,-0.269253909335748));
#1553=CARTESIAN_POINT('Ctrl Pts',(-10.4536908696046,9.68686121130677,-2.01448563877179));
#1554=CARTESIAN_POINT('Ctrl Pts',(-9.96433347261441,9.60746070957474,-3.74831477234871));
#1555=CARTESIAN_POINT('Ctrl Pts',(-9.09002393318174,9.52806020784272,-5.25941373490246));
#1556=CARTESIAN_POINT('Ctrl Pts',(-8.21571439374908,9.44865970611069,-6.77051269745621));
#1557=CARTESIAN_POINT('Ctrl Pts',(-6.95645271187388,9.36925920437868,-8.0588814889868));
#1558=CARTESIAN_POINT('Ctrl Pts',(-5.4657238605412,9.28985870264665,-8.96748741961806));
#1559=CARTESIAN_POINT('Ctrl Pts',(-3.97499500920849,9.21045820091463,-9.87609335024934));
#1560=CARTESIAN_POINT('Ctrl Pts',(-2.25279898841831,9.13105769918261,-10.4049364199813));
#1561=CARTESIAN_POINT('Ctrl Pts',(-0.509045472649266,9.05165719745058,-10.4895586488409));
#1562=CARTESIAN_POINT('Ctrl Pts',(1.23470804311977,8.97225669571856,-10.5741808777005));
#1563=CARTESIAN_POINT('Ctrl Pts',(3.00001905386764,8.89285619398654,-10.2145822656878));
#1564=CARTESIAN_POINT('Ctrl Pts',(4.57172281925909,8.81345569225451,-9.45459245047419));
#1565=CARTESIAN_POINT('Ctrl Pts',(6.14342658465052,8.73405519052249,-8.69460263526061));
#1566=CARTESIAN_POINT('Ctrl Pts',(7.52152310468555,8.65465468879046,-7.5342216168462));
#1567=CARTESIAN_POINT('Ctrl Pts',(8.53804323506897,8.57525418705844,-6.11488230931638));
#1568=CARTESIAN_POINT('Ctrl Pts',(9.55456336545239,8.49585368532642,-4.69554300178655));
#1569=CARTESIAN_POINT('Ctrl Pts',(10.2095071061842,8.4164531835944,-3.0172454051413));
#1570=CARTESIAN_POINT('Ctrl Pts',(10.4230467107366,8.33705268186238,-1.28454863921206));
#1571=CARTESIAN_POINT('Ctrl Pts',(10.6365863152889,8.25765218013036,0.448148126717188));
#1572=CARTESIAN_POINT('Ctrl Pts',(10.4087217836618,8.17825167839833,2.23524406193043));
#1573=CARTESIAN_POINT('Ctrl Pts',(9.76722635948243,8.09885117666631,3.85891917294583));
#1574=CARTESIAN_POINT('Ctrl Pts',(9.12573093530306,8.01945067493428,5.48259428396122));
#1575=CARTESIAN_POINT('Ctrl Pts',(8.07060461857144,7.94005017320226,6.94284857077877));
#1576=CARTESIAN_POINT('Ctrl Pts',(6.73045136551846,7.86064967147024,8.06169909864465));
#1577=CARTESIAN_POINT('Ctrl Pts',(6.62029168956915,7.85412300482141,8.15366784274511));
#1578=CARTESIAN_POINT('Ctrl Pts',(6.50820616443383,7.84759633817259,8.24332981486196));
#1579=CARTESIAN_POINT('Ctrl Pts',(6.39430480613711,7.84106967152377,8.33063238599847));
#1580=CARTESIAN_POINT('Origin',(0.,-6.62512600396507,-2.22044604925031E-15));
#1581=CARTESIAN_POINT('',(6.3932619417012,4.84106967152377,8.32990105621667));
#1582=CARTESIAN_POINT('',(6.39409168035751,5.65893032847621,8.33016743042988));
#1583=CARTESIAN_POINT('',(6.39373951942708,-6.62512600396507,8.33013180914422));
#1584=CARTESIAN_POINT('Ctrl Pts',(6.39409168035751,5.65893032847621,8.33016743042988));
#1585=CARTESIAN_POINT('Ctrl Pts',(6.65315707421074,5.67376904231783,8.1317434380708));
#1586=CARTESIAN_POINT('Ctrl Pts',(6.90291767099119,5.68860775615944,7.92124642709367));
#1587=CARTESIAN_POINT('Ctrl Pts',(7.14211460435664,5.70344647000106,7.69936154734092));
#1588=CARTESIAN_POINT('Ctrl Pts',(8.42203392382717,5.78284697173308,6.51207732802335));
#1589=CARTESIAN_POINT('Ctrl Pts',(9.39949283848777,5.8622474734651,4.9987339316497));
#1590=CARTESIAN_POINT('Ctrl Pts',(9.95535387495943,5.94164797519713,3.34378505330941));
#1591=CARTESIAN_POINT('Ctrl Pts',(10.5112149114311,6.02104847692915,1.68883617496913));
#1592=CARTESIAN_POINT('Ctrl Pts',(10.6454780697138,6.10044897866117,-0.107718185337779));
#1593=CARTESIAN_POINT('Ctrl Pts',(10.3417786993754,6.1798494803932,-1.82690519501568));
#1594=CARTESIAN_POINT('Ctrl Pts',(10.038079329037,6.25924998212522,-3.54609220469361));
#1595=CARTESIAN_POINT('Ctrl Pts',(9.29641743007752,6.33865048385724,-5.18791186374253));
#1596=CARTESIAN_POINT('Ctrl Pts',(8.20719038230015,6.41805098558927,-6.55225116178371));
#1597=CARTESIAN_POINT('Ctrl Pts',(7.11796333452279,6.49745148732129,-7.91659045982487));
#1598=CARTESIAN_POINT('Ctrl Pts',(5.68117113792759,6.57685198905331,-9.00344939685831));
#1599=CARTESIAN_POINT('Ctrl Pts',(4.07193705295546,6.65625249078533,-9.68035628968225));
#1600=CARTESIAN_POINT('Ctrl Pts',(2.46270296798331,6.73565299251736,-10.3572631825062));
#1601=CARTESIAN_POINT('Ctrl Pts',(0.681026994634219,6.81505349424938,-10.6242180311207));
#1602=CARTESIAN_POINT('Ctrl Pts',(-1.05593148507125,6.89445399598141,-10.4486830728688));
#1603=CARTESIAN_POINT('Ctrl Pts',(-2.79288996477671,6.97385449771343,-10.273148114617));
#1604=CARTESIAN_POINT('Ctrl Pts',(-4.48513095083856,7.05325499944545,-9.65512334949893));
#1605=CARTESIAN_POINT('Ctrl Pts',(-5.9263958349247,7.13265550117747,-8.66993665871946));
#1606=CARTESIAN_POINT('Ctrl Pts',(-7.36766071901084,7.21205600290949,-7.68474996793998));
#1607=CARTESIAN_POINT('Ctrl Pts',(-8.55794950112128,7.29145650464151,-6.33240135149911));
#1608=CARTESIAN_POINT('Ctrl Pts',(-9.3521839626488,7.37085700637354,-4.77772167326598));
#1609=CARTESIAN_POINT('Ctrl Pts',(-10.1464184241763,7.45025750810556,-3.22304199503285));
#1610=CARTESIAN_POINT('Ctrl Pts',(-10.544598565121,7.52965800983759,-1.46603125500747));
#1611=CARTESIAN_POINT('Ctrl Pts',(-10.4981922423582,7.60905851156961,0.279157484068222));
#1612=CARTESIAN_POINT('Ctrl Pts',(-10.4517859195954,7.68845901330163,2.02434622314391));
#1613=CARTESIAN_POINT('Ctrl Pts',(-9.96079313312519,7.76785951503365,3.75771296126989));
#1614=CARTESIAN_POINT('Ctrl Pts',(-9.08505848526642,7.84726001676567,5.26798648230131));
#1615=CARTESIAN_POINT('Ctrl Pts',(-8.20932383740765,7.92666051849769,6.77826000333275));
#1616=CARTESIAN_POINT('Ctrl Pts',(-6.94884732816029,8.00606102022971,8.06544030726961));
#1617=CARTESIAN_POINT('Ctrl Pts',(-5.45726199961137,8.08546152196174,8.97263956291672));
#1618=CARTESIAN_POINT('Ctrl Pts',(-3.96567667106248,8.16486202369376,9.87983881856382));
#1619=CARTESIAN_POINT('Ctrl Pts',(-2.24298252321203,8.24426252542578,10.4070570259212));
#1620=CARTESIAN_POINT('Ctrl Pts',(-0.499149944701195,8.3236630271578,10.4900342511893));
#1621=CARTESIAN_POINT('Ctrl Pts',(1.24468263380964,8.40306352888982,10.5730114764575));
#1622=CARTESIAN_POINT('Ctrl Pts',(3.00965364298086,8.48246403062185,10.2117477196365));
#1623=CARTESIAN_POINT('Ctrl Pts',(4.58063978353238,8.56186453235387,9.45027557439153));
#1624=CARTESIAN_POINT('Ctrl Pts',(5.22080794831489,8.59421979772799,9.13997988611553));
#1625=CARTESIAN_POINT('Ctrl Pts',(5.82876458752569,8.6265750631021,8.76322889733356));
#1626=CARTESIAN_POINT('Ctrl Pts',(6.39315307386242,8.65893032847621,8.3296034073769));
#1627=CARTESIAN_POINT('Ctrl Pts',(6.39430480613711,7.84106967152377,8.33063238599847));
#1628=CARTESIAN_POINT('Ctrl Pts',(5.12253328065802,7.76819583644057,9.30541377344518));
#1629=CARTESIAN_POINT('Ctrl Pts',(3.62438265420337,7.69532200135737,9.98604970517148));
#1630=CARTESIAN_POINT('Ctrl Pts',(2.05299570782561,7.62244816627417,10.2992803906073));
#1631=CARTESIAN_POINT('Ctrl Pts',(0.340873492560034,7.54304766454215,10.64056438579));
#1632=CARTESIAN_POINT('Ctrl Pts',(-1.45819074859679,7.46364716281012,10.545685607241));
#1633=CARTESIAN_POINT('Ctrl Pts',(-3.12491826649696,7.3842466610781,10.0262083445541));
#1634=CARTESIAN_POINT('Ctrl Pts',(-4.79164578439714,7.30484615934608,9.50673108186723));
#1635=CARTESIAN_POINT('Ctrl Pts',(-6.32603657904065,7.22544565761406,8.56265533504247));
#1636=CARTESIAN_POINT('Ctrl Pts',(-7.54107159548798,7.14604515588204,7.30904967368754));
#1637=CARTESIAN_POINT('Ctrl Pts',(-8.75610661193529,7.06664465415002,6.05544401233263));
#1638=CARTESIAN_POINT('Ctrl Pts',(-9.65178585018643,6.98724415241799,4.49230843644756));
#1639=CARTESIAN_POINT('Ctrl Pts',(-10.1189395438125,6.90784365068597,2.81016555550562));
#1640=CARTESIAN_POINT('Ctrl Pts',(-10.5860932374385,6.82844314895394,1.12802267456369));
#1641=CARTESIAN_POINT('Ctrl Pts',(-10.6247213864394,6.74904264722193,-0.673127511435105));
#1642=CARTESIAN_POINT('Ctrl Pts',(-10.2301158030755,6.6696421454899,-2.37375200818847));
#1643=CARTESIAN_POINT('Ctrl Pts',(-9.83551021971153,6.59024164375788,-4.07437650494184));
#1644=CARTESIAN_POINT('Ctrl Pts',(-9.00767090398269,6.51084114202586,-5.67447531244979));
#1645=CARTESIAN_POINT('Ctrl Pts',(-7.84749896075938,6.43144064029384,-6.97902056176825));
#1646=CARTESIAN_POINT('Ctrl Pts',(-6.68732701753607,6.35204013856181,-8.2835658110867));
#1647=CARTESIAN_POINT('Ctrl Pts',(-5.1948224468183,6.27263963682979,-9.29255750221569));
#1648=CARTESIAN_POINT('Ctrl Pts',(-3.55189900568369,6.19323913509777,-9.88301479276636));
#1649=CARTESIAN_POINT('Ctrl Pts',(-1.90897556454908,6.11383863336574,-10.473472083317));
#1650=CARTESIAN_POINT('Ctrl Pts',(-0.115633252997627,6.03443813163372,-10.6453949732894));
#1651=CARTESIAN_POINT('Ctrl Pts',(1.60954659655343,5.9550376299017,-10.3778286599115));
#1652=CARTESIAN_POINT('Ctrl Pts',(3.33472644610449,5.87563712816968,-10.1102623465336));
#1653=CARTESIAN_POINT('Ctrl Pts',(4.99174383365516,5.79623662643765,-9.40320682980546));
#1654=CARTESIAN_POINT('Ctrl Pts',(6.37863337541246,5.71683612470563,-8.34284149449036));
#1655=CARTESIAN_POINT('Ctrl Pts',(7.76552291716978,5.63743562297361,-7.28247615917526));
#1656=CARTESIAN_POINT('Ctrl Pts',(8.88228461313373,5.55803512124158,-5.86880100527322));
#1657=CARTESIAN_POINT('Ctrl Pts',(9.59280208544881,5.47863461950956,-4.27412167481325));
#1658=CARTESIAN_POINT('Ctrl Pts',(10.3033195577639,5.39923411777754,-2.67944234435327));
#1659=CARTESIAN_POINT('Ctrl Pts',(10.6075928064301,5.31983361604551,-0.90375883733536));
#1660=CARTESIAN_POINT('Ctrl Pts',(10.468535519934,5.24043311431349,0.836499854970586));
#1661=CARTESIAN_POINT('Ctrl Pts',(10.3294782334379,5.16103261258147,2.57675854727652));
#1662=CARTESIAN_POINT('Ctrl Pts',(9.74709041177953,5.08163211084945,4.28159242487048));
#1663=CARTESIAN_POINT('Ctrl Pts',(8.79235633065884,5.00223160911742,5.74320799690676));
#1664=CARTESIAN_POINT('Ctrl Pts',(8.14640409675731,4.94851096325287,6.73210518045954));
#1665=CARTESIAN_POINT('Ctrl Pts',(7.33000737819304,4.89479031738832,7.60966723522336));
#1666=CARTESIAN_POINT('Ctrl Pts',(6.3932619417012,4.84106967152377,8.32990105621667));
#1667=CARTESIAN_POINT('Origin',(0.,-6.62512600396507,-2.22044604925031E-15));
#1668=CARTESIAN_POINT('',(6.39382031193841,1.84106967152377,8.32979597867159));
#1669=CARTESIAN_POINT('',(6.39356543921288,2.65893032847621,8.33034934900397));
#1670=CARTESIAN_POINT('',(6.39373951942708,-6.62512600396507,8.33013180914422));
#1671=CARTESIAN_POINT('',(0.626535742174613,1.11022302462516E-15,-10.4822924002232));
#1672=CARTESIAN_POINT('Ctrl Pts',(6.39382031193841,1.84106967152377,8.32979597867159));
#1673=CARTESIAN_POINT('Ctrl Pts',(5.38310674900432,1.78318329314,9.10399887565939));
#1674=CARTESIAN_POINT('Ctrl Pts',(4.23162691819442,1.72529691475624,9.69552428445108));
#1675=CARTESIAN_POINT('Ctrl Pts',(3.01234108712687,1.66741053637247,10.0606031536926));
#1676=CARTESIAN_POINT('Ctrl Pts',(1.3398939683992,1.58801003464045,10.5613676893035));
#1677=CARTESIAN_POINT('Ctrl Pts',(-0.460127059102094,1.50860953290843,10.6360833491674));
#1678=CARTESIAN_POINT('Ctrl Pts',(-2.16831325686191,1.4292090311764,10.2756258166169));
#1679=CARTESIAN_POINT('Ctrl Pts',(-3.87649945462173,1.34980852944438,9.91516828406648));
#1680=CARTESIAN_POINT('Ctrl Pts',(-5.49285082264008,1.27040802771236,9.1195375591017));
#1681=CARTESIAN_POINT('Ctrl Pts',(-6.82038482905126,1.19100752598034,7.98574361036991));
#1682=CARTESIAN_POINT('Ctrl Pts',(-8.14791883546243,1.11160702424831,6.85194966163814));
#1683=CARTESIAN_POINT('Ctrl Pts',(-9.18663548026645,1.03220652251629,5.37999248913937));
#1684=CARTESIAN_POINT('Ctrl Pts',(-9.80987922850689,0.95280602078427,3.74921336133405));
#1685=CARTESIAN_POINT('Ctrl Pts',(-10.4331229767473,0.873405519052248,2.11843423352872));
#1686=CARTESIAN_POINT('Ctrl Pts',(-10.6408938284242,0.794005017320226,0.328833150416829));
#1687=CARTESIAN_POINT('Ctrl Pts',(-10.4079695351397,0.714604515588204,-1.40132998718927));
#1688=CARTESIAN_POINT('Ctrl Pts',(-10.1750452418552,0.635204013856182,-3.13149312479537));
#1689=CARTESIAN_POINT('Ctrl Pts',(-9.50142580360944,0.555803512124159,-4.80221831689568));
#1690=CARTESIAN_POINT('Ctrl Pts',(-8.46901119221234,0.476403010392136,-6.2101427973901));
#1691=CARTESIAN_POINT('Ctrl Pts',(-7.43659658081524,0.397002508660114,-7.6180672778845));
#1692=CARTESIAN_POINT('Ctrl Pts',(-6.04538679626685,0.317602006928091,-8.76319104677302));
#1693=CARTESIAN_POINT('Ctrl Pts',(-4.46539459730124,0.238201505196068,-9.50529492774178));
#1694=CARTESIAN_POINT('Ctrl Pts',(-2.88540239833563,0.158801003464046,-10.2473988087105));
#1695=CARTESIAN_POINT('Ctrl Pts',(-1.11662778495279,0.0794005017320236,
-10.5864828017596));
#1696=CARTESIAN_POINT('Ctrl Pts',(0.626535742174613,1.11022302462516E-15,
-10.4822924002232));
#1697=CARTESIAN_POINT('',(10.2886586917637,-1.38777878078145E-15,2.10528180593684));
#1698=CARTESIAN_POINT('Origin',(0.,-1.11022302462516E-15,0.));
#1699=CARTESIAN_POINT('Ctrl Pts',(10.2886586917637,-1.38777878078145E-15,
2.10528180593684));
#1700=CARTESIAN_POINT('Ctrl Pts',(10.6181592206576,0.0749372834971645,0.490849553499112));
#1701=CARTESIAN_POINT('Ctrl Pts',(10.562099709876,0.149874566994331,-1.20283795678588));
#1702=CARTESIAN_POINT('Ctrl Pts',(10.1241648002673,0.224811850491497,-2.79124350257425));
#1703=CARTESIAN_POINT('Ctrl Pts',(9.66014675843091,0.30421235222352,-4.4742534997847));
#1704=CARTESIAN_POINT('Ctrl Pts',(8.76741015866045,0.383612853955543,-6.03906700637518));
#1705=CARTESIAN_POINT('Ctrl Pts',(7.55472519494462,0.463013355687565,-7.29494317077066));
#1706=CARTESIAN_POINT('Ctrl Pts',(6.34204023122879,0.542413857419588,-8.55081933516613));
#1707=CARTESIAN_POINT('Ctrl Pts',(4.80940690356758,0.621814359151611,-9.49775815736659));
#1708=CARTESIAN_POINT('Ctrl Pts',(3.14365085579996,0.701214860883633,-10.0203490801789));
#1709=CARTESIAN_POINT('Ctrl Pts',(1.47789480803232,0.780615362615656,-10.5429400029913));
#1710=CARTESIAN_POINT('Ctrl Pts',(-0.320983959841734,0.860015864347679,
-10.6411830264155));
#1711=CARTESIAN_POINT('Ctrl Pts',(-2.03373987940085,0.939416366079702,-10.3031002623923));
#1712=CARTESIAN_POINT('Ctrl Pts',(-3.74649579895995,1.01881686781173,-9.96501749836906));
#1713=CARTESIAN_POINT('Ctrl Pts',(-5.37312887020412,1.09821736954375,-9.19060894689837));
#1714=CARTESIAN_POINT('Ctrl Pts',(-6.71537172182319,1.17761787127577,-8.07426511385644));
#1715=CARTESIAN_POINT('Ctrl Pts',(-8.05761457344225,1.25701837300779,-6.95792128081451));
#1716=CARTESIAN_POINT('Ctrl Pts',(-9.11546720543622,1.33641887473981,-5.49964216620134));
#1717=CARTESIAN_POINT('Ctrl Pts',(-9.75999609864757,1.41581937647184,-3.87716904392507));
#1718=CARTESIAN_POINT('Ctrl Pts',(-10.4045249918589,1.49521987820386,-2.2546959216488));
#1719=CARTESIAN_POINT('Ctrl Pts',(-10.6357301462877,1.57462037993588,-0.468028791709445));
#1720=CARTESIAN_POINT('Ctrl Pts',(-10.4254297568958,1.6540208816679,1.26506415094392));
#1721=CARTESIAN_POINT('Ctrl Pts',(-10.2151293675038,1.73342138339992,2.99815709359731));
#1722=CARTESIAN_POINT('Ctrl Pts',(-9.56332343429127,1.81282188513195,4.6776758489647));
#1723=CARTESIAN_POINT('Ctrl Pts',(-8.54945795918978,1.89222238686397,6.09891269353457));
#1724=CARTESIAN_POINT('Ctrl Pts',(-7.53559248408829,1.97162288859599,7.52014953810446));
#1725=CARTESIAN_POINT('Ctrl Pts',(-6.15966746709793,2.05102339032801,8.68310447187679));
#1726=CARTESIAN_POINT('Ctrl Pts',(-4.5893870197617,2.13042389206004,9.4460307388098));
#1727=CARTESIAN_POINT('Ctrl Pts',(-3.01910657242549,2.20982439379206,10.2089570057428));
#1728=CARTESIAN_POINT('Ctrl Pts',(-1.2544706947434,2.28922489552408,10.5718546058364));
#1729=CARTESIAN_POINT('Ctrl Pts',(0.489437978761922,2.3686253972561,10.490491865917));
#1730=CARTESIAN_POINT('Ctrl Pts',(2.23334665226725,2.44802589898813,10.4091291259975));
#1731=CARTESIAN_POINT('Ctrl Pts',(3.95652812159585,2.52742640072015,9.88350604606485));
#1732=CARTESIAN_POINT('Ctrl Pts',(5.44895269387946,2.60682690245217,8.97768810681747));
#1733=CARTESIAN_POINT('Ctrl Pts',(5.7754008128132,2.62419471112685,8.77955242354385));
#1734=CARTESIAN_POINT('Ctrl Pts',(6.09080819005133,2.64156251980153,8.56322602402537));
#1735=CARTESIAN_POINT('Ctrl Pts',(6.39356543921288,2.65893032847621,8.33034934900397));
#1736=CARTESIAN_POINT('Origin',(0.,-6.62512600396505,-2.22044604925031E-15));
#1737=CARTESIAN_POINT('',(7.41335173666396,27.6251260039651,9.65844916964429));
#1738=CARTESIAN_POINT('',(7.41308832013149,27.8748739960349,9.65846141616655));
#1739=CARTESIAN_POINT('',(7.41268277109511,-6.62512600396505,9.65766971816233));
#1740=CARTESIAN_POINT('',(8.85339334557463,28.6735,-8.3553734099751));
#1741=CARTESIAN_POINT('Ctrl Pts',(7.41308832013148,27.8748739960349,9.65846141616654));
#1742=CARTESIAN_POINT('Ctrl Pts',(8.89204837793552,27.9480453168338,8.52176564333227));
#1743=CARTESIAN_POINT('Ctrl Pts',(11.4257674148847,28.1006171393646,5.43301775750529));
#1744=CARTESIAN_POINT('Ctrl Pts',(12.6797139183712,28.3325894636275,-0.538891555352132));
#1745=CARTESIAN_POINT('Ctrl Pts',(11.2183417319178,28.525626810817,-5.40203353227393));
#1746=CARTESIAN_POINT('Ctrl Pts',(9.45292329495081,28.6392636562745,-7.72059277321604));
#1747=CARTESIAN_POINT('Ctrl Pts',(8.85339334557463,28.6735,-8.3553734099751));
#1748=CARTESIAN_POINT('',(3.49586859041988,28.6735,-11.660969476636));
#1749=CARTESIAN_POINT('Origin',(0.,28.6735,5.61742341619654E-15));
#1750=CARTESIAN_POINT('Ctrl Pts',(7.41335173666395,27.6251260039651,9.65844916964428));
#1751=CARTESIAN_POINT('Ctrl Pts',(7.45547904567024,27.6272088702247,9.62613184600287));
#1752=CARTESIAN_POINT('Ctrl Pts',(9.09510186091371,27.7086922382163,8.3508800054501));
#1753=CARTESIAN_POINT('Ctrl Pts',(11.6685472266447,27.8695761079399,4.99106640633773));
#1754=CARTESIAN_POINT('Ctrl Pts',(12.6342999735035,28.107777613136,-1.20007860979936));
#1755=CARTESIAN_POINT('Ctrl Pts',(10.5201937833049,28.3459791183321,-7.09868139010007));
#1756=CARTESIAN_POINT('Ctrl Pts',(6.81633097961179,28.5345532472867,-10.3984366150779));
#1757=CARTESIAN_POINT('Ctrl Pts',(4.22331686200689,28.6437268745094,-11.4434012605873));
#1758=CARTESIAN_POINT('Ctrl Pts',(3.49586859041987,28.6735,-11.660969476636));
#1759=CARTESIAN_POINT('Origin',(0.,-6.62512600396505,-2.22044604925031E-15));
#1760=CARTESIAN_POINT('',(7.41202744091623,24.6251260039651,9.65715963572199));
#1761=CARTESIAN_POINT('',(7.41202714922144,24.8748739960349,9.65686490199041));
#1762=CARTESIAN_POINT('',(7.41268277109511,-6.62512600396505,9.65766971816233));
#1763=CARTESIAN_POINT('Ctrl Pts',(7.41202714922143,24.8748739960349,9.65686490199041));
#1764=CARTESIAN_POINT('Ctrl Pts',(8.24075257879458,24.9158387943175,9.02066880501456));
#1765=CARTESIAN_POINT('Ctrl Pts',(10.4378700022665,25.0362040943321,6.84130673761718));
#1766=CARTESIAN_POINT('Ctrl Pts',(12.5293012032118,25.2359698960786,2.02048112430779));
#1767=CARTESIAN_POINT('Ctrl Pts',(11.9688667271049,25.4741714012747,-4.22042199174276));
#1768=CARTESIAN_POINT('Ctrl Pts',(8.49078422398529,25.7123729064708,-9.43251377093719));
#1769=CARTESIAN_POINT('Ctrl Pts',(2.94290508251399,25.9505744116668,-12.3452436966603));
#1770=CARTESIAN_POINT('Ctrl Pts',(-3.32236535656153,26.1887759168629,-12.2485763050587));
#1771=CARTESIAN_POINT('Ctrl Pts',(-8.77774358199424,26.426977422059,-9.16607603607295));
#1772=CARTESIAN_POINT('Ctrl Pts',(-12.0933730365376,26.665178927255,-3.84916360192937));
#1773=CARTESIAN_POINT('Ctrl Pts',(-12.4610038336831,26.9033804324511,2.40605898671341));
#1774=CARTESIAN_POINT('Ctrl Pts',(-9.79101794026374,27.1415819376472,8.07475635052028));
#1775=CARTESIAN_POINT('Ctrl Pts',(-4.7342787173601,27.3797834428433,11.7750735901422));
#1776=CARTESIAN_POINT('Ctrl Pts',(1.47653652660322,27.6179849480393,12.6049808103474));
#1777=CARTESIAN_POINT('Ctrl Pts',(5.53012645340931,27.7830151324365,11.0511292386133));
#1778=CARTESIAN_POINT('Ctrl Pts',(7.28718229995251,27.8686448151018,9.75522998010215));
#1779=CARTESIAN_POINT('Ctrl Pts',(7.41308832013148,27.8748739960349,9.65846141616654));
#1780=CARTESIAN_POINT('Ctrl Pts',(7.41202744091623,24.6251260039651,9.65715963572198));
#1781=CARTESIAN_POINT('Ctrl Pts',(8.40844905622114,24.6744028494404,8.89139155059333));
#1782=CARTESIAN_POINT('Ctrl Pts',(10.7043385189076,24.8030801966477,6.4919558340562));
#1783=CARTESIAN_POINT('Ctrl Pts',(12.6176918471133,25.0111580455872,1.36366673778189));
#1784=CARTESIAN_POINT('Ctrl Pts',(11.732231421253,25.2493595507832,-4.83947108619085));
#1785=CARTESIAN_POINT('Ctrl Pts',(7.98680749716303,25.4875610559793,-9.86289209753953));
#1786=CARTESIAN_POINT('Ctrl Pts',(2.29444124777233,25.7257625611754,-12.4820380496538));
#1787=CARTESIAN_POINT('Ctrl Pts',(-3.95724044307688,25.9639640663714,-12.0584403052994));
#1788=CARTESIAN_POINT('Ctrl Pts',(-9.24426649652875,26.2021655715675,-8.69535919209348));
#1789=CARTESIAN_POINT('Ctrl Pts',(-12.2778197119622,26.4403670767635,-3.21261226513184));
#1790=CARTESIAN_POINT('Ctrl Pts',(-12.3184115040651,26.6785685819596,3.05327245995969));
#1791=CARTESIAN_POINT('Ctrl Pts',(-9.35614677839141,26.9167700871557,8.57486161087728));
#1792=CARTESIAN_POINT('Ctrl Pts',(-4.11313624489492,27.1549715923518,12.0061586368161));
#1793=CARTESIAN_POINT('Ctrl Pts',(2.07791974702943,27.3910902312882,12.5063050156413));
#1794=CARTESIAN_POINT('Ctrl Pts',(5.84955285799316,27.5478083684927,10.8580936678142));
#1795=CARTESIAN_POINT('Ctrl Pts',(7.41335173666395,27.6251260039651,9.65844916964428));
#1796=CARTESIAN_POINT('Origin',(0.,-6.62512600396505,-2.22044604925031E-15));
#1797=CARTESIAN_POINT('',(7.41299237418758,21.6251260039651,9.65755976500207));
#1798=CARTESIAN_POINT('',(7.4132958643949,21.8748739960349,9.65811812847661));
#1799=CARTESIAN_POINT('',(7.41268277109511,-6.62512600396505,9.65766971816233));
#1800=CARTESIAN_POINT('Ctrl Pts',(7.41329586439489,21.8748739960349,9.65811812847661));
#1801=CARTESIAN_POINT('Ctrl Pts',(7.59052629692582,21.8836322718012,9.52231613345603));
#1802=CARTESIAN_POINT('Ctrl Pts',(9.33642144001413,21.9717910492995,8.10593343165986));
#1803=CARTESIAN_POINT('Ctrl Pts',(11.8675629087432,22.1393503285297,4.4974084984224));
#1804=CARTESIAN_POINT('Ctrl Pts',(12.5728688212044,22.3775518337258,-1.72878633713248));
#1805=CARTESIAN_POINT('Ctrl Pts',(10.2132892390257,22.6157533389219,-7.53355530374842));
#1806=CARTESIAN_POINT('Ctrl Pts',(5.36401836312944,22.853954844118,-11.5018711345036));
#1807=CARTESIAN_POINT('Ctrl Pts',(-0.792838101066985,23.092156349314,-12.6663783434757));
#1808=CARTESIAN_POINT('Ctrl Pts',(-6.75642459400701,23.3303578545101,-10.7432052619433));
#1809=CARTESIAN_POINT('Ctrl Pts',(-11.0729989349855,23.5685593597061,-6.20116337315045));
#1810=CARTESIAN_POINT('Ctrl Pts',(-12.6903107368338,23.8067608649022,-0.147465239327617));
#1811=CARTESIAN_POINT('Ctrl Pts',(-11.2141082539217,24.0449623700983,5.94218046388871));
#1812=CARTESIAN_POINT('Ctrl Pts',(-7.004245043819,24.2831638752943,10.5833021291842));
#1813=CARTESIAN_POINT('Ctrl Pts',(-1.08695854494645,24.5213653804905,12.6445345395451));
#1814=CARTESIAN_POINT('Ctrl Pts',(4.03209999460272,24.7186020874039,11.7990195542857));
#1815=CARTESIAN_POINT('Ctrl Pts',(6.63446577488179,24.8364382925854,10.2537833672158));
#1816=CARTESIAN_POINT('Ctrl Pts',(7.41202714922143,24.8748739960349,9.65686490199041));
#1817=CARTESIAN_POINT('Ctrl Pts',(7.41299237418758,21.6251260039651,9.65755976500206));
#1818=CARTESIAN_POINT('Ctrl Pts',(7.75853210812442,21.6421963269241,9.3929099328269));
#1819=CARTESIAN_POINT('Ctrl Pts',(9.63079509650105,21.7386671516152,7.79281489821208));
#1820=CARTESIAN_POINT('Ctrl Pts',(12.0861573531151,21.9145384780383,3.87176122130286));
#1821=CARTESIAN_POINT('Ctrl Pts',(12.4654793233952,22.1527399832343,-2.3827630509662));
#1822=CARTESIAN_POINT('Ctrl Pts',(9.80609411353215,22.3909414884304,-8.05644169317897));
#1823=CARTESIAN_POINT('Ctrl Pts',(4.75627947701859,22.6291429936264,-11.7662032982409));
#1824=CARTESIAN_POINT('Ctrl Pts',(-1.45297237186609,22.8673444988226,-12.6077200875351));
#1825=CARTESIAN_POINT('Ctrl Pts',(-7.30803346206414,23.1055460040186,-10.3758556965868));
#1826=CARTESIAN_POINT('Ctrl Pts',(-11.3816168266357,23.3437475092147,-5.61467122195913));
#1827=CARTESIAN_POINT('Ctrl Pts',(-12.6807059358718,23.5819490144107,0.515200433776639));
#1828=CARTESIAN_POINT('Ctrl Pts',(-10.888622120514,23.8201505196068,6.51948179196402));
#1829=CARTESIAN_POINT('Ctrl Pts',(-6.44222126196988,24.0583520248029,10.9345104934232));
#1830=CARTESIAN_POINT('Ctrl Pts',(-0.425401529289603,24.2965535299989,12.6840359530398));
#1831=CARTESIAN_POINT('Ctrl Pts',(4.42896374465794,24.4854781897197,11.6192918339742));
#1832=CARTESIAN_POINT('Ctrl Pts',(6.80290033595132,24.5950023477084,10.1252848646455));
#1833=CARTESIAN_POINT('Ctrl Pts',(7.41202744091623,24.6251260039651,9.65715963572198));
#1834=CARTESIAN_POINT('Origin',(0.,-6.62512600396505,-2.22044604925031E-15));
#1835=CARTESIAN_POINT('',(7.41260068090981,18.6251260039651,9.6580573559642));
#1836=CARTESIAN_POINT('',(7.41220499269433,18.8748739960349,9.65753775783151));
#1837=CARTESIAN_POINT('',(7.41268277109511,-6.62512600396505,9.65766971816233));
#1838=CARTESIAN_POINT('Ctrl Pts',(7.41220499269433,18.8748739960349,9.65753775783151));
#1839=CARTESIAN_POINT('Ctrl Pts',(8.54323588773175,18.9308262510169,8.78777172425096));
#1840=CARTESIAN_POINT('Ctrl Pts',(10.9127051063162,19.0661790077309,6.20435897336534));
#1841=CARTESIAN_POINT('Ctrl Pts',(12.6637741482249,19.2809322661769,0.833400814381603));
#1842=CARTESIAN_POINT('Ctrl Pts',(11.518991558304,19.519133771373,-5.32715365597632));
#1843=CARTESIAN_POINT('Ctrl Pts',(7.56622690462625,19.7573352765691,-10.1891090396742));
#1844=CARTESIAN_POINT('Ctrl Pts',(1.7690447660525,19.9955367817651,-12.5672675315823));
#1845=CARTESIAN_POINT('Ctrl Pts',(-4.45937702990926,20.2337382869612,-11.8819059540033));
#1846=CARTESIAN_POINT('Ctrl Pts',(-9.60073745837766,20.4719397921573,-8.30009474945709));
#1847=CARTESIAN_POINT('Ctrl Pts',(-12.4017282073034,20.7101412973533,-2.69497125528975));
#1848=CARTESIAN_POINT('Ctrl Pts',(-12.1795523717729,20.9483428025494,3.56710479491439));
#1849=CARTESIAN_POINT('Ctrl Pts',(-8.98836970683208,21.1865443077454,8.95962848604589));
#1850=CARTESIAN_POINT('Ctrl Pts',(-3.60609411579165,21.4247458129416,12.1680654922101));
#1851=CARTESIAN_POINT('Ctrl Pts',(2.42501940698153,21.6541890423713,12.4013894140636));
#1852=CARTESIAN_POINT('Ctrl Pts',(5.98379620064644,21.8042317700692,10.7534656003867));
#1853=CARTESIAN_POINT('Ctrl Pts',(7.41329586439489,21.8748739960349,9.65811812847661));
#1854=CARTESIAN_POINT('Ctrl Pts',(7.41260068090981,18.6251260039651,9.6580573559642));
#1855=CARTESIAN_POINT('Ctrl Pts',(8.71134616047528,18.6893903061399,8.6590976155941));
#1856=CARTESIAN_POINT('Ctrl Pts',(11.164877487937,18.8330551100466,5.83736827147325));
#1857=CARTESIAN_POINT('Ctrl Pts',(12.6900130086201,19.0561204156854,0.171185163190835));
#1858=CARTESIAN_POINT('Ctrl Pts',(11.2251955982548,19.2943219208815,-5.92120919238319));
#1859=CARTESIAN_POINT('Ctrl Pts',(7.02401470133603,19.5325234260776,-10.5701916725506));
#1860=CARTESIAN_POINT('Ctrl Pts',(1.11059127024345,19.7707249312736,-12.6424808304977));
#1861=CARTESIAN_POINT('Ctrl Pts',(-5.07356075295064,20.0089264364697,-11.6329151894597));
#1862=CARTESIAN_POINT('Ctrl Pts',(-10.0209319762321,20.2471279416657,-7.7875963459063));
#1863=CARTESIAN_POINT('Ctrl Pts',(-12.5255027938562,20.4853294468619,-2.04389683696212));
#1864=CARTESIAN_POINT('Ctrl Pts',(-11.9767345230138,20.7235309520579,4.19804295884301));
#1865=CARTESIAN_POINT('Ctrl Pts',(-8.50840028558682,20.961732457254,9.41662673674972));
#1866=CARTESIAN_POINT('Ctrl Pts',(-2.96597516335757,21.19993396245,12.3397214656324));
#1867=CARTESIAN_POINT('Ctrl Pts',(2.85046250688759,21.4210651446871,12.2608532481667));
#1868=CARTESIAN_POINT('Ctrl Pts',(6.15129665576773,21.5627958251921,10.6238959843758));
#1869=CARTESIAN_POINT('Ctrl Pts',(7.41299237418758,21.6251260039651,9.65755976500206));
#1870=CARTESIAN_POINT('Origin',(0.,-6.62512600396505,-2.22044604925031E-15));
#1871=CARTESIAN_POINT('',(7.41227855794857,15.6251260039651,9.65685999754338));
#1872=CARTESIAN_POINT('',(7.41266387193404,15.8748739960349,9.65715866559967));
#1873=CARTESIAN_POINT('',(7.41268277109511,-6.62512600396505,9.65766971816233));
#1874=CARTESIAN_POINT('Ctrl Pts',(7.41266387193404,15.8748739960349,9.65715866559967));
#1875=CARTESIAN_POINT('Ctrl Pts',(7.8933405274552,15.8986197285006,9.28891109739126));
#1876=CARTESIAN_POINT('Ctrl Pts',(9.86220811303781,16.0017659626983,7.53474209612192));
#1877=CARTESIAN_POINT('Ctrl Pts',(12.2378728783668,16.184312698628,3.36157701199842));
#1878=CARTESIAN_POINT('Ctrl Pts',(12.3546056750407,16.4225142038241,-2.90335171980802));
#1879=CARTESIAN_POINT('Ctrl Pts',(9.4596589366868,16.6607157090202,-8.46053103511964));
#1880=CARTESIAN_POINT('Ctrl Pts',(4.25873319930098,16.8989172142163,-11.9552885423913));
#1881=CARTESIAN_POINT('Ctrl Pts',(-1.98034300268368,17.1371187194123,-12.5357079651044));
#1882=CARTESIAN_POINT('Ctrl Pts',(-7.73667142214965,17.3753202246084,-10.0603005869782));
#1883=CARTESIAN_POINT('Ctrl Pts',(-11.6070331337995,17.6135217298045,-5.13249592552617));
#1884=CARTESIAN_POINT('Ctrl Pts',(-12.6479509060061,17.8517232350005,1.04645615002334));
#1885=CARTESIAN_POINT('Ctrl Pts',(-10.6056804401121,18.0899247401966,6.97031383776116));
#1886=CARTESIAN_POINT('Ctrl Pts',(-5.97806556285749,18.3281262453927,11.1950196391448));
#1887=CARTESIAN_POINT('Ctrl Pts',(0.106821054853054,18.5663277505887,12.690717940956));
#1888=CARTESIAN_POINT('Ctrl Pts',(4.7424773188787,18.7485770008028,11.4681444083185));
#1889=CARTESIAN_POINT('Ctrl Pts',(6.93821709859951,18.8514257492849,10.0220358209887));
#1890=CARTESIAN_POINT('Ctrl Pts',(7.41220499269433,18.8748739960349,9.65753775783151));
#1891=CARTESIAN_POINT('Ctrl Pts',(7.41227855794857,15.6251260039651,9.65685999754338));
#1892=CARTESIAN_POINT('Ctrl Pts',(8.0610824657503,15.6571837836235,9.15939034268382));
#1893=CARTESIAN_POINT('Ctrl Pts',(10.1439868238672,15.768642065014,7.20504571719129));
#1894=CARTESIAN_POINT('Ctrl Pts',(12.3966692932713,15.9595008481365,2.71814733822641));
#1895=CARTESIAN_POINT('Ctrl Pts',(12.1861986465609,16.1977023533326,-3.54433309179596));
#1896=CARTESIAN_POINT('Ctrl Pts',(9.0051010094823,16.4359038585287,-8.94281221585603));
#1897=CARTESIAN_POINT('Ctrl Pts',(3.62883186030055,16.6741053637248,-12.1613039534711));
#1898=CARTESIAN_POINT('Ctrl Pts',(-2.63203684124114,16.9123068689208,-12.4152372746312));
#1899=CARTESIAN_POINT('Ctrl Pts',(-8.25129449515387,17.1505083741169,-9.6427109089346));
#1900=CARTESIAN_POINT('Ctrl Pts',(-11.8591358868101,17.3887098793129,-4.51958300479329));
#1901=CARTESIAN_POINT('Ctrl Pts',(-12.5760783058204,17.6269113845091,1.70528266422827));
#1902=CARTESIAN_POINT('Ctrl Pts',(-10.2273528548261,17.865112889705,7.51445194953848));
#1903=CARTESIAN_POINT('Ctrl Pts',(-5.38550782555063,18.1033143949012,11.4918249194798));
#1904=CARTESIAN_POINT('Ctrl Pts',(0.769161273594709,18.3415159000972,12.6678382312945));
#1905=CARTESIAN_POINT('Ctrl Pts',(5.12645113221455,18.5154531031185,11.2716593646679));
#1906=CARTESIAN_POINT('Ctrl Pts',(7.10670658282503,18.6099898044078,9.8933427861054));
#1907=CARTESIAN_POINT('Ctrl Pts',(7.41260068090981,18.6251260039651,9.6580573559642));
#1908=CARTESIAN_POINT('Origin',(0.,-6.62512600396505,-2.22044604925031E-15));
#1909=CARTESIAN_POINT('',(7.41331705260937,12.6251260039651,9.65850272167532));
#1910=CARTESIAN_POINT('',(7.41297347607647,12.8748739960349,9.65838927558052));
#1911=CARTESIAN_POINT('',(7.41268277109511,-6.62512600396505,9.65766971816233));
#1912=CARTESIAN_POINT('Ctrl Pts',(7.41297347607647,12.8748739960349,9.65838927558052));
#1913=CARTESIAN_POINT('Ctrl Pts',(8.84670496534108,12.9458137077163,8.55611286215838));
#1914=CARTESIAN_POINT('Ctrl Pts',(11.361331403268,13.0961539211298,5.53541484210006));
#1915=CARTESIAN_POINT('Ctrl Pts',(12.6860303108245,13.3258946362752,-0.361064464469213));
#1916=CARTESIAN_POINT('Ctrl Pts',(10.9670438010165,13.5640961414713,-6.38668011264427));
#1917=CARTESIAN_POINT('Ctrl Pts',(6.57462341205178,13.8022976466674,-10.855416140543));
#1918=CARTESIAN_POINT('Ctrl Pts',(0.579508505641318,14.0404991518634,-12.6779297397702));
#1919=CARTESIAN_POINT('Ctrl Pts',(-5.55687306299378,14.2787006570595,-11.4099471671185));
#1920=CARTESIAN_POINT('Ctrl Pts',(-10.3386568951446,14.5169021622556,-7.36056425820333));
#1921=CARTESIAN_POINT('Ctrl Pts',(-12.6001885873436,14.7551036674516,-1.51689820292492));
#1922=CARTESIAN_POINT('Ctrl Pts',(-11.7901750514615,14.9933051726477,4.69654179695611));
#1923=CARTESIAN_POINT('Ctrl Pts',(-8.10607311074922,15.2315066778438,9.76510682572648));
#1924=CARTESIAN_POINT('Ctrl Pts',(-2.4459554930329,15.4697081830398,12.453233890069));
#1925=CARTESIAN_POINT('Ctrl Pts',(3.18672998880631,15.6841639557702,12.1402897514125));
#1926=CARTESIAN_POINT('Ctrl Pts',(6.28606361256481,15.8192192267686,10.5202498956197));
#1927=CARTESIAN_POINT('Ctrl Pts',(7.41266387193404,15.8748739960349,9.65715866559967));
#1928=CARTESIAN_POINT('Ctrl Pts',(7.41331702027059,12.6251260039651,9.65850267920472));
#1929=CARTESIAN_POINT('Ctrl Pts',(9.0158857472595,12.7043777628393,8.42841092955433));
#1930=CARTESIAN_POINT('Ctrl Pts',(11.5980766902972,12.8630300234455,5.15032518405311));
#1931=CARTESIAN_POINT('Ctrl Pts',(12.6498848778025,13.1010827857837,-1.02281332479962));
#1932=CARTESIAN_POINT('Ctrl Pts',(10.6186905861812,13.3392842909798,-6.95047802341615));
#1933=CARTESIAN_POINT('Ctrl Pts',(5.99898040272505,13.5774857961759,-11.1838262078219));
#1934=CARTESIAN_POINT('Ctrl Pts',(-0.0830999271469732,13.815687301372,-12.6908955129712));
#1935=CARTESIAN_POINT('Ctrl Pts',(-6.14492300587451,14.053888806568,-11.1043079825317));
#1936=CARTESIAN_POINT('Ctrl Pts',(-10.7087995415973,14.2920903117641,-6.81082571329862));
#1937=CARTESIAN_POINT('Ctrl Pts',(-12.6621943450458,14.5302918169601,-0.85706994308096));
#1938=CARTESIAN_POINT('Ctrl Pts',(-11.5289287903608,14.7684933221562,5.30561358052335));
#1939=CARTESIAN_POINT('Ctrl Pts',(-7.5852587750243,15.0066948273523,10.1749488369702));
#1940=CARTESIAN_POINT('Ctrl Pts',(-1.79253187988933,15.2448963325484,12.5639390311567));
#1941=CARTESIAN_POINT('Ctrl Pts',(3.59875192837818,15.4510400580859,11.9808913343856));
#1942=CARTESIAN_POINT('Ctrl Pts',(6.45412913479656,15.5777832818915,10.3915199727804));
#1943=CARTESIAN_POINT('Ctrl Pts',(7.41227855794857,15.6251260039651,9.65685999754338));
#1944=CARTESIAN_POINT('Origin',(0.,-6.62512600396505,-2.22044604925031E-15));
#1945=CARTESIAN_POINT('',(7.41200286617855,9.62512600396507,9.65705710723816));
#1946=CARTESIAN_POINT('',(7.41206815671867,9.87487399603493,9.6568311881704));
#1947=CARTESIAN_POINT('',(7.41268277109511,-6.62512600396505,9.65766971816233));
#1948=CARTESIAN_POINT('Ctrl Pts',(7.41206815671867,9.87487399603493,9.65683118817041));
#1949=CARTESIAN_POINT('Ctrl Pts',(8.19573928292948,9.91360718520005,9.05541129070224));
#1950=CARTESIAN_POINT('Ctrl Pts',(10.3650373734002,10.0317408760972,6.93346403753191));
#1951=CARTESIAN_POINT('Ctrl Pts',(12.4997400792946,10.2292750687264,2.19595777389693));
#1952=CARTESIAN_POINT('Ctrl Pts',(12.0268653624727,10.4674765739224,-4.05218979659336));
#1953=CARTESIAN_POINT('Ctrl Pts',(8.62220429524793,10.7056780791185,-9.31253594278536));
#1954=CARTESIAN_POINT('Ctrl Pts',(3.11571036456819,10.9438795843146,-12.3027672301309));
#1955=CARTESIAN_POINT('Ctrl Pts',(-3.15029960319573,11.1820810895106,-12.2939556288758));
#1956=CARTESIAN_POINT('Ctrl Pts',(-8.64836172270755,11.4202825947067,-9.28824914113894));
#1957=CARTESIAN_POINT('Ctrl Pts',(-12.0382145883686,11.6584840999028,-4.01834818290423));
#1958=CARTESIAN_POINT('Ctrl Pts',(-12.4935145053015,11.8966856050988,2.23110463682923));
#1959=CARTESIAN_POINT('Ctrl Pts',(-9.90327311190309,12.1348871102949,7.93668156509497));
#1960=CARTESIAN_POINT('Ctrl Pts',(-4.89891298858311,12.373088615491,11.7075353565536));
#1961=CARTESIAN_POINT('Ctrl Pts',(1.29965408716147,12.611290120687,12.6244458036139));
#1962=CARTESIAN_POINT('Ctrl Pts',(5.42973784652544,12.7785519142017,11.1073389909466));
#1963=CARTESIAN_POINT('Ctrl Pts',(7.24197614845692,12.8664132059843,9.78985484106791));
#1964=CARTESIAN_POINT('Ctrl Pts',(7.41297347607647,12.8748739960349,9.65838927558052));
#1965=CARTESIAN_POINT('Ctrl Pts',(7.41200286617855,9.62512600396507,9.65705710723816));
#1966=CARTESIAN_POINT('Ctrl Pts',(8.36341636634025,9.67217124032297,8.92607631094871));
#1967=CARTESIAN_POINT('Ctrl Pts',(10.6335511829462,9.7986169784129,6.58669771053127));
#1968=CARTESIAN_POINT('Ctrl Pts',(12.5973313310689,10.0044632182349,1.54044729033928));
#1969=CARTESIAN_POINT('Ctrl Pts',(11.7989330989699,10.2426647234309,-4.67449593486562));
#1970=CARTESIAN_POINT('Ctrl Pts',(8.12431151470688,10.480866228627,-9.74993830396095));
#1971=CARTESIAN_POINT('Ctrl Pts',(2.46922828167869,10.719067733823,-12.4486403358761));
#1972=CARTESIAN_POINT('Ctrl Pts',(-3.78777819186762,10.9572692390191,-12.1127400239688));
#1973=CARTESIAN_POINT('Ctrl Pts',(-9.12143880042051,11.1954707442152,-8.82411971412594));
#1974=CARTESIAN_POINT('Ctrl Pts',(-12.2315682589074,11.4336722494113,-3.38444566313797));
#1975=CARTESIAN_POINT('Ctrl Pts',(-12.3600109865041,11.6718737546073,2.88025397014593));
#1976=CARTESIAN_POINT('Ctrl Pts',(-9.47545652747456,11.9100752598034,8.44283472034026));
#1977=CARTESIAN_POINT('Ctrl Pts',(-4.28107209414701,12.1482767649995,11.9473074892948));
#1978=CARTESIAN_POINT('Ctrl Pts',(1.95690835131139,12.3864782701955,12.5393877132662));
#1979=CARTESIAN_POINT('Ctrl Pts',(5.80113593870531,12.5454280165174,10.8947529624999));
#1980=CARTESIAN_POINT('Ctrl Pts',(7.41030925544996,12.6249772611073,9.6608113643977));
#1981=CARTESIAN_POINT('Ctrl Pts',(7.41331702027059,12.6251260039651,9.65850267920472));
#1982=CARTESIAN_POINT('Origin',(0.,-6.62512600396505,-2.22044604925031E-15));
#1983=CARTESIAN_POINT('',(7.41309105442486,6.62512600396507,9.65771101626191));
#1984=CARTESIAN_POINT('',(7.41333814515915,6.87487399603493,9.6582500698351));
#1985=CARTESIAN_POINT('',(7.41268277109511,-6.62512600396505,9.65766971816233));
#1986=CARTESIAN_POINT('Ctrl Pts',(7.41333814515915,6.87487399603493,9.6582500698351));
#1987=CARTESIAN_POINT('Ctrl Pts',(7.54539148165885,6.88140066268375,9.55703445681715));
#1988=CARTESIAN_POINT('Ctrl Pts',(9.25623021958827,6.9673278310646,8.18846188661724));
#1989=CARTESIAN_POINT('Ctrl Pts',(11.8033374549944,7.13265550117746,4.66336332684751));
#1990=CARTESIAN_POINT('Ctrl Pts',(12.5958724726959,7.37085700637354,-1.55233026326398));
#1991=CARTESIAN_POINT('Ctrl Pts',(10.3179144006438,7.60905851156961,-7.38961264313952));
#1992=CARTESIAN_POINT('Ctrl Pts',(5.52476058200755,7.84726001676568,-11.4255307581817));
#1993=CARTESIAN_POINT('Ctrl Pts',(-0.615162920615968,8.08546152196174,-12.6762497283605));
#1994=CARTESIAN_POINT('Ctrl Pts',(-6.60512829204067,8.32366302715782,-10.8368820626758));
#1995=CARTESIAN_POINT('Ctrl Pts',(-10.9849629780676,8.56186453235387,-6.35581001644527));
#1996=CARTESIAN_POINT('Ctrl Pts',(-12.6869956310501,8.80006603754995,-0.325383546566507));
#1997=CARTESIAN_POINT('Ctrl Pts',(-11.2963221218106,9.038267542746,5.78436159960224));
#1998=CARTESIAN_POINT('Ctrl Pts',(-7.15194662885905,9.27646904794209,10.4840541782563));
#1999=CARTESIAN_POINT('Ctrl Pts',(-1.26414266362025,9.51467055313814,12.6280511529165));
#2000=CARTESIAN_POINT('Ctrl Pts',(3.92431512466605,9.7141388691691,11.845640953294));
#2001=CARTESIAN_POINT('Ctrl Pts',(6.58926478508269,9.83420668346803,10.2882827025301));
#2002=CARTESIAN_POINT('Ctrl Pts',(7.41206815671867,9.87487399603493,9.65683118817041));
#2003=CARTESIAN_POINT('Ctrl Pts',(7.41309105442485,6.62512600396507,9.65771101626191));
#2004=CARTESIAN_POINT('Ctrl Pts',(7.71344260546429,6.63996471780668,9.42766503064389));
#2005=CARTESIAN_POINT('Ctrl Pts',(9.55243444353346,6.73420393338031,7.87777169232367));
#2006=CARTESIAN_POINT('Ctrl Pts',(12.0306827081902,6.90784365068596,4.04084249802095));
#2007=CARTESIAN_POINT('Ctrl Pts',(12.4976630397337,7.14604515588204,-2.20774841509873));
#2008=CARTESIAN_POINT('Ctrl Pts',(9.91809077360216,7.3842466610781,-7.91815697783299));
#2009=CARTESIAN_POINT('Ctrl Pts',(4.92078767938777,7.62244816627417,-11.6983581383645));
#2010=CARTESIAN_POINT('Ctrl Pts',(-1.27605475586739,7.86064967147025,-12.6268530829764));
#2011=CARTESIAN_POINT('Ctrl Pts',(-7.16183360116123,8.09885117666631,-10.4773028012137));
#2012=CARTESIAN_POINT('Ctrl Pts',(-11.3017738290834,8.33705268186237,-5.7737026971685));
#2013=CARTESIAN_POINT('Ctrl Pts',(-12.6866831117984,8.57525418705846,0.337351656066148));
#2014=CARTESIAN_POINT('Ctrl Pts',(-10.9789624150415,8.81345569225449,6.36616986956438));
#2015=CARTESIAN_POINT('Ctrl Pts',(-6.59490244118234,9.05165719745059,10.8431082402755));
#2016=CARTESIAN_POINT('Ctrl Pts',(-0.603204535362303,9.28985870264664,12.6768244764831));
#2017=CARTESIAN_POINT('Ctrl Pts',(4.32312375657145,9.48101497148481,11.6684771116654));
#2018=CARTESIAN_POINT('Ctrl Pts',(6.75767017149163,9.59277073859095,10.1597876593264));
#2019=CARTESIAN_POINT('Ctrl Pts',(7.41200286617855,9.62512600396507,9.65705710723816));
#2020=CARTESIAN_POINT('Origin',(0.,-6.62512600396505,-2.22044604925031E-15));
#2021=CARTESIAN_POINT('',(7.41248094845254,3.62512600396507,9.6579219264305));
#2022=CARTESIAN_POINT('',(7.41212908382452,3.87487399603493,9.65740219111607));
#2023=CARTESIAN_POINT('',(7.41268277109511,-6.62512600396505,9.65766971816233));
#2024=CARTESIAN_POINT('Ctrl Pts',(7.41212908382452,3.87487399603493,9.65740219111606));
#2025=CARTESIAN_POINT('Ctrl Pts',(8.49815968248845,3.92859464189948,8.82238774928356));
#2026=CARTESIAN_POINT('Ctrl Pts',(10.8436171046081,4.06171578949605,6.30120608856338));
#2027=CARTESIAN_POINT('Ctrl Pts',(12.6508440422598,4.27423743882466,1.0108796201362));
#2028=CARTESIAN_POINT('Ctrl Pts',(11.5925520702895,4.51243894402072,-5.16512043400806));
#2029=CARTESIAN_POINT('Ctrl Pts',(7.70834620393967,4.75064044921679,-10.082020203891));
#2030=CARTESIAN_POINT('Ctrl Pts',(1.94507846237154,4.98884195441286,-12.5412281045882));
#2031=CARTESIAN_POINT('Ctrl Pts',(-4.29234063256699,5.22704345960893,-11.9432635610298));
#2032=CARTESIAN_POINT('Ctrl Pts',(-9.48341678613432,5.465244964805,-8.43389226011098));
#2033=CARTESIAN_POINT('Ctrl Pts',(-12.3627224949261,5.70344647000106,-2.86859287947902));
#2034=CARTESIAN_POINT('Ctrl Pts',(-12.2283700332524,5.94164797519714,3.39598276268145));
#2035=CARTESIAN_POINT('Ctrl Pts',(-9.11311047147106,6.17984948039319,8.83272042631717));
#2036=CARTESIAN_POINT('Ctrl Pts',(-3.77634995455248,6.41805098558926,12.1163077550624));
#2037=CARTESIAN_POINT('Ctrl Pts',(2.30952142022427,6.64972582413651,12.4372635215301));
#2038=CARTESIAN_POINT('Ctrl Pts',(5.93888976529578,6.80200016095173,10.7883782482438));
#2039=CARTESIAN_POINT('Ctrl Pts',(7.41333814515915,6.87487399603493,9.6582500698351));
#2040=CARTESIAN_POINT('Ctrl Pts',(7.41248094845254,3.62512600396507,9.6579219264305));
#2041=CARTESIAN_POINT('Ctrl Pts',(8.66617231668465,3.68715869702241,8.6935999221004));
#2042=CARTESIAN_POINT('Ctrl Pts',(11.0979845466234,3.82859189181176,5.93687230094061));
#2043=CARTESIAN_POINT('Ctrl Pts',(12.6863653380676,4.04942558833316,0.349096968731298));
#2044=CARTESIAN_POINT('Ctrl Pts',(11.3071143416164,4.28762709352921,-5.7632369345571));
#2045=CARTESIAN_POINT('Ctrl Pts',(7.17153051574924,4.5258285987253,-10.4706678157222));
#2046=CARTESIAN_POINT('Ctrl Pts',(1.28774427231032,4.76403010392135,-12.6256662884578));
#2047=CARTESIAN_POINT('Ctrl Pts',(-4.90995511936858,5.00223160911743,-11.7029088369763));
#2048=CARTESIAN_POINT('Ctrl Pts',(-9.91075581704227,5.24043311431349,-7.92733584802912));
#2049=CARTESIAN_POINT('Ctrl Pts',(-12.4956137293057,5.47863461950956,-2.21931792504673));
#2050=CARTESIAN_POINT('Ctrl Pts',(-12.0344186028864,5.71683612470562,4.02970264491241));
#2051=CARTESIAN_POINT('Ctrl Pts',(-8.63959587478809,5.95503762990169,9.29640347880758));
#2052=CARTESIAN_POINT('Ctrl Pts',(-3.13870074142597,6.19323913509776,12.2969220610028));
#2053=CARTESIAN_POINT('Ctrl Pts',(2.73697463763045,6.41660192645222,12.2996419398804));
#2054=CARTESIAN_POINT('Ctrl Pts',(6.10629092755747,6.56056421607466,10.6586185266463));
#2055=CARTESIAN_POINT('Ctrl Pts',(7.41309105442485,6.62512600396507,9.65771101626191));
#2056=CARTESIAN_POINT('Origin',(0.,-6.62512600396505,-2.22044604925031E-15));
#2057=CARTESIAN_POINT('',(7.41241136383229,0.625126003965065,9.65689968623941));
#2058=CARTESIAN_POINT('',(7.41277643916711,0.874873996034927,9.65728036780664));
#2059=CARTESIAN_POINT('',(7.41268277109511,-6.62512600396505,9.65766971816233));
#2060=CARTESIAN_POINT('',(-7.41259808052541,-3.33066907387547E-15,9.65773472127864));
#2061=CARTESIAN_POINT('Ctrl Pts',(-7.41259808052548,-6.66133814775094E-15,
9.65773472127859));
#2062=CARTESIAN_POINT('Ctrl Pts',(-5.8065552152791,0.0794005017320157,10.8904202944221));
#2063=CARTESIAN_POINT('Ctrl Pts',(-1.96923749853496,0.238201505196063,12.5378289219777));
#2064=CARTESIAN_POINT('Ctrl Pts',(3.48906893829719,0.446576839851085,12.0246095260066));
#2065=CARTESIAN_POINT('Ctrl Pts',(6.40907414161706,0.575551672774087,10.426024354669));
#2066=CARTESIAN_POINT('Ctrl Pts',(7.41241136383229,0.625126003965065,9.65689968623941));
#2067=CARTESIAN_POINT('',(-11.2468486097928,-1.94289029309402E-15,4.66375918291281));
#2068=CARTESIAN_POINT('Origin',(0.,-1.11022302462516E-15,-7.49372563121338E-16));
#2069=CARTESIAN_POINT('Ctrl Pts',(-11.2468486097928,-1.63497687610814E-15,
4.66375918291281));
#2070=CARTESIAN_POINT('Ctrl Pts',(-10.5142271523803,0.0749372834971647,
6.42799422422521));
#2071=CARTESIAN_POINT('Ctrl Pts',(-8.1368286612388,0.229275068726354,9.70230366664464));
#2072=CARTESIAN_POINT('Ctrl Pts',(-2.62033833733482,0.463013355687563,12.4177337906344));
#2073=CARTESIAN_POINT('Ctrl Pts',(3.0748544440875,0.679700737535375,12.1813365040388));
#2074=CARTESIAN_POINT('Ctrl Pts',(6.24098972628825,0.816987617651163,10.5548647092387));
#2075=CARTESIAN_POINT('Ctrl Pts',(7.41277643916711,0.874873996034928,9.65728036780664));
#2076=CARTESIAN_POINT('Origin',(0.,-3.89204267824875,-7.71792450205553E-16));
#2077=CARTESIAN_POINT('',(-5.23712758395915,-4.80514080248241,15.6846549913191));
#2078=CARTESIAN_POINT('',(-3.99677430835996,-2.97894455354732,17.5506636663128));
#2079=CARTESIAN_POINT('Ctrl Pts',(-5.23712758391181,-4.80514080259561,15.6846549911506));
#2080=CARTESIAN_POINT('Ctrl Pts',(-5.17603135607683,-4.80514080259561,15.7050551045256));
#2081=CARTESIAN_POINT('Ctrl Pts',(-5.11686040237653,-4.79941895666618,15.7292507542388));
#2082=CARTESIAN_POINT('Ctrl Pts',(-5.00029663014197,-4.77687596202938,15.7856629484635));
#2083=CARTESIAN_POINT('Ctrl Pts',(-4.94401717364531,-4.75980074765882,15.8177055822161));
#2084=CARTESIAN_POINT('Ctrl Pts',(-4.77217709185381,-4.68981543565317,15.9294411867623));
#2085=CARTESIAN_POINT('Ctrl Pts',(-4.67026263919966,-4.61922546164293,16.0183639819432));
#2086=CARTESIAN_POINT('Ctrl Pts',(-4.39682658416467,-4.36598914041732,16.3072423783193));
#2087=CARTESIAN_POINT('Ctrl Pts',(-4.2576224161772,-4.12707332610431,16.5409932148624));
#2088=CARTESIAN_POINT('Ctrl Pts',(-4.05619873568974,-3.59981527667355,17.0265259029558));
#2089=CARTESIAN_POINT('Ctrl Pts',(-3.99511097663078,-3.2835092650964,17.3006146368575));
#2090=CARTESIAN_POINT('Ctrl Pts',(-3.99677430837964,-2.97894455368809,17.5506636664842));
#2091=CARTESIAN_POINT('',(-18.,-2.97894455390189,1.09881646205045E-15));
#2092=CARTESIAN_POINT('Origin',(0.,-2.97894455390189,-5.69043937927168E-16));
#2093=CARTESIAN_POINT('',(3.99677430836128,-2.97894455357274,17.5506636663125));
#2094=CARTESIAN_POINT('Origin',(0.,-2.97894455390189,-5.69043937927168E-16));
#2095=CARTESIAN_POINT('',(5.2371275839586,-4.80514080248372,15.6846549913172));
#2096=CARTESIAN_POINT('Ctrl Pts',(3.99677430837956,-2.97894455370342,17.5506636664716));
#2097=CARTESIAN_POINT('Ctrl Pts',(3.99467715130346,-3.3629449438234,17.2353975790711));
#2098=CARTESIAN_POINT('Ctrl Pts',(4.09186325141986,-3.76323251250005,16.8840084996808));
#2099=CARTESIAN_POINT('Ctrl Pts',(4.33999434843362,-4.25698932109761,16.4116783639007));
#2100=CARTESIAN_POINT('Ctrl Pts',(4.45718980188582,-4.42949013502274,16.2374916347438));
#2101=CARTESIAN_POINT('Ctrl Pts',(4.69949187664468,-4.64069068260245,15.9918948893681));
#2102=CARTESIAN_POINT('Ctrl Pts',(4.80437734874478,-4.7078978095788,15.9046363562506));
#2103=CARTESIAN_POINT('Ctrl Pts',(5.02199389282831,-4.78613192535911,15.771226898057));
#2104=CARTESIAN_POINT('Ctrl Pts',(5.12572083435722,-4.80514080259561,15.7218538559937));
#2105=CARTESIAN_POINT('Ctrl Pts',(5.23712758391181,-4.80514080259561,15.6846549911506));
#2106=CARTESIAN_POINT('Origin',(0.,-4.80514080259561,-9.74540962483938E-16));
#2107=CARTESIAN_POINT('Origin',(0.,-8.,-2.22044604925031E-15));
#2108=CARTESIAN_POINT('',(-18.,28.5,8.08854626897856E-15));
#2109=CARTESIAN_POINT('Origin',(0.,28.5,5.88418203051333E-15));
#2110=CARTESIAN_POINT('',(-18.,-8.,-1.60818107850773E-17));
#2111=CARTESIAN_POINT('',(-3.99649035170633,-2.96594200050154,17.55072832853));
#2112=CARTESIAN_POINT('Ctrl Pts',(-3.99649035167731,-2.96594200041805,17.5507283287318));
#2113=CARTESIAN_POINT('Ctrl Pts',(-3.99656649876658,-2.97027754038702,17.5507109892174));
#2114=CARTESIAN_POINT('Ctrl Pts',(-3.99666182405264,-2.97461187964841,17.550689452086));
#2115=CARTESIAN_POINT('Ctrl Pts',(-3.99677623609313,-2.97894492040848,17.550663621059));
#2116=CARTESIAN_POINT('',(3.99649035169412,-2.9659420004664,17.5507283286149));
#2117=CARTESIAN_POINT('Ctrl Pts',(3.99649035167817,-2.96594200046718,17.5507283287316));
#2118=CARTESIAN_POINT('Ctrl Pts',(3.97513952752124,-1.7503032623937,17.5555901419365));
#2119=CARTESIAN_POINT('Ctrl Pts',(3.85438684149144,-0.447602789698049,17.5840847969882));
#2120=CARTESIAN_POINT('Ctrl Pts',(3.36378229599554,2.24521803969652,17.6848635544069));
#2121=CARTESIAN_POINT('Ctrl Pts',(2.97932147776607,3.63131858680275,17.7612652970353));
#2122=CARTESIAN_POINT('Ctrl Pts',(2.08971830581421,5.46941793151166,17.8810683675204));
#2123=CARTESIAN_POINT('Ctrl Pts',(1.63947224482588,6.20341756586314,17.9340767032966));
#2124=CARTESIAN_POINT('Ctrl Pts',(0.929020008874493,6.7640055619946,17.9766102047099));
#2125=CARTESIAN_POINT('Ctrl Pts',(0.755888270291468,6.87395504017762,17.9850778296175));
#2126=CARTESIAN_POINT('Ctrl Pts',(0.385173957062993,7.02557402293048,17.9968339733052));
#2127=CARTESIAN_POINT('Ctrl Pts',(0.187052013485204,7.06593090178209,18.));
#2128=CARTESIAN_POINT('Ctrl Pts',(-0.187052013485205,7.06593090178209,18.));
#2129=CARTESIAN_POINT('Ctrl Pts',(-0.385173957062995,7.02557402293048,17.9968339733052));
#2130=CARTESIAN_POINT('Ctrl Pts',(-0.755888270291468,6.87395504017762,17.9850778296175));
#2131=CARTESIAN_POINT('Ctrl Pts',(-0.929020008874492,6.7640055619946,17.9766102047099));
#2132=CARTESIAN_POINT('Ctrl Pts',(-1.63947224482588,6.20341756586314,17.9340767032966));
#2133=CARTESIAN_POINT('Ctrl Pts',(-2.08971830581421,5.46941793151165,17.8810683675204));
#2134=CARTESIAN_POINT('Ctrl Pts',(-2.97932147776607,3.63131858680275,17.7612652970353));
#2135=CARTESIAN_POINT('Ctrl Pts',(-3.36378229599554,2.24521803969652,17.6848635544069));
#2136=CARTESIAN_POINT('Ctrl Pts',(-3.85438684149372,-0.447602789710539,
17.5840847969877));
#2137=CARTESIAN_POINT('Ctrl Pts',(-3.97513952752358,-1.7503032624192,17.555590141936));
#2138=CARTESIAN_POINT('Ctrl Pts',(-3.9964903516788,-2.96594200050287,17.5507283287315));
#2139=CARTESIAN_POINT('Ctrl Pts',(3.99649035167731,-2.96594200041805,17.5507283287318));
#2140=CARTESIAN_POINT('Ctrl Pts',(3.99656649836917,-2.97027751775975,17.5507109893079));
#2141=CARTESIAN_POINT('Ctrl Pts',(3.99666182362899,-2.97461185732038,17.5506894531502));
#2142=CARTESIAN_POINT('Ctrl Pts',(3.99677623673574,-2.97894492011244,17.5506636297228));
#2143=CARTESIAN_POINT('Ctrl Pts',(-5.52656687873184,-4.435730046351,17.5937300703471));
#2144=CARTESIAN_POINT('Ctrl Pts',(-5.53366621445299,-4.47489238191271,17.0051352933393));
#2145=CARTESIAN_POINT('Ctrl Pts',(-5.27178553529178,-4.785294760643,15.2670057384399));
#2146=CARTESIAN_POINT('Ctrl Pts',(-3.93094838172203,-6.19579612330795,12.9941220735032));
#2147=CARTESIAN_POINT('Ctrl Pts',(-2.96112712906622,-8.5914961780961,11.4321772572811));
#2148=CARTESIAN_POINT('Ctrl Pts',(-3.48699315505541,-10.7856727962893,10.555409945558));
#2149=CARTESIAN_POINT('Ctrl Pts',(-3.95854719647033,-11.8700776986314,10.2666737209971));
#2150=CARTESIAN_POINT('Ctrl Pts',(-4.21101506298133,-12.4161984870967,10.1620545235373));
#2151=CARTESIAN_POINT('Ctrl Pts',(-5.07796158315579,-4.44400189842108,17.6107948769577));
#2152=CARTESIAN_POINT('Ctrl Pts',(-5.09682120823708,-4.48824668801283,17.0660293509749));
#2153=CARTESIAN_POINT('Ctrl Pts',(-4.90214614957437,-4.78819517766066,15.4283182951021));
#2154=CARTESIAN_POINT('Ctrl Pts',(-3.68036171625028,-6.14380123491865,13.1196880104372));
#2155=CARTESIAN_POINT('Ctrl Pts',(-2.75838955712262,-8.59421641361129,11.4699888590525));
#2156=CARTESIAN_POINT('Ctrl Pts',(-3.24376818581918,-10.8635670036486,10.6133681594758));
#2157=CARTESIAN_POINT('Ctrl Pts',(-3.68177056335437,-11.9772831037595,10.3636540187387));
#2158=CARTESIAN_POINT('Ctrl Pts',(-3.91673916085945,-12.5321273915846,10.2839983936117));
#2159=CARTESIAN_POINT('Ctrl Pts',(-4.29305200398633,-4.08274792419136,17.6152683763345));
#2160=CARTESIAN_POINT('Ctrl Pts',(-4.32278162294773,-4.1560509135127,17.1210172720127));
#2161=CARTESIAN_POINT('Ctrl Pts',(-4.21851442999826,-4.52562417460829,15.5953834247335));
#2162=CARTESIAN_POINT('Ctrl Pts',(-3.20938751616404,-5.96823996258953,13.2369038281352));
#2163=CARTESIAN_POINT('Ctrl Pts',(-2.38874882209419,-8.56410806749338,11.4780535513412));
#2164=CARTESIAN_POINT('Ctrl Pts',(-2.78314619142033,-10.9714314810186,10.604661067437));
#2165=CARTESIAN_POINT('Ctrl Pts',(-3.13669199892132,-12.1500902513604,10.3716438076956));
#2166=CARTESIAN_POINT('Ctrl Pts',(-3.32347088477768,-12.734329329459,10.3036459488699));
#2167=CARTESIAN_POINT('Ctrl Pts',(-4.00329433276253,-3.30187870134503,17.573173960836));
#2168=CARTESIAN_POINT('Ctrl Pts',(-4.00349792295707,-3.4090675882062,17.0557290217419));
#2169=CARTESIAN_POINT('Ctrl Pts',(-3.80487925221887,-3.92391116300448,15.4799676698171));
#2170=CARTESIAN_POINT('Ctrl Pts',(-2.78938449163216,-5.6693372165855,13.1561099366614));
#2171=CARTESIAN_POINT('Ctrl Pts',(-2.04588315855581,-8.47610294840762,11.3776986480623));
#2172=CARTESIAN_POINT('Ctrl Pts',(-2.36143415309084,-11.0086182813437,10.4026523742292));
#2173=CARTESIAN_POINT('Ctrl Pts',(-2.6578360248973,-12.243667322044,10.0928493849303));
#2174=CARTESIAN_POINT('Ctrl Pts',(-2.81791847053169,-12.8591558176197,9.97959909541719));
#2175=CARTESIAN_POINT('Ctrl Pts',(-3.99649035167731,-2.96594200041805,17.5507283287318));
#2176=CARTESIAN_POINT('Ctrl Pts',(-3.97807057306537,-3.08208766360295,17.0117203306428));
#2177=CARTESIAN_POINT('Ctrl Pts',(-3.70774134742749,-3.64620951026471,15.3874288925219));
#2178=CARTESIAN_POINT('Ctrl Pts',(-2.6324113735683,-5.5255635636921,13.0881172913568));
#2179=CARTESIAN_POINT('Ctrl Pts',(-1.90999683027949,-8.43026495374544,11.3172421519754));
#2180=CARTESIAN_POINT('Ctrl Pts',(-2.2006579070552,-11.0109795308717,10.2869854969158));
#2181=CARTESIAN_POINT('Ctrl Pts',(-2.48636022257639,-12.2653911627185,9.93401768297898));
#2182=CARTESIAN_POINT('Ctrl Pts',(-2.64493508088083,-12.891758083018,9.79616066034971));
#2183=CARTESIAN_POINT('',(-4.21101506298133,-12.4161984870962,10.1620545235373));
#2184=CARTESIAN_POINT('Ctrl Pts',(-5.23865904785746,-4.80751539565,15.6816470955663));
#2185=CARTESIAN_POINT('Ctrl Pts',(-4.93464352336083,-5.14110092806661,14.6955770556669));
#2186=CARTESIAN_POINT('Ctrl Pts',(-3.90589193033609,-6.25769179923146,12.9537674264504));
#2187=CARTESIAN_POINT('Ctrl Pts',(-2.96112712906622,-8.5914961780961,11.4321772572811));
#2188=CARTESIAN_POINT('Ctrl Pts',(-3.48699315505541,-10.7856727962893,10.555409945558));
#2189=CARTESIAN_POINT('Ctrl Pts',(-3.95854719647033,-11.8700776986314,10.2666737209971));
#2190=CARTESIAN_POINT('Ctrl Pts',(-4.21101506298133,-12.4161984870967,10.1620545235373));
#2191=CARTESIAN_POINT('',(-2.64493508088084,-12.891758083018,9.79616066034971));
#2192=CARTESIAN_POINT('Origin',(-3.63678573621115,-12.4161984870969,8.77631981578219));
#2193=CARTESIAN_POINT('Ctrl Pts',(-2.64493508088083,-12.891758083018,9.79616066034971));
#2194=CARTESIAN_POINT('Ctrl Pts',(-2.48636022257639,-12.2653911627185,9.93401768297898));
#2195=CARTESIAN_POINT('Ctrl Pts',(-2.3435090648158,-11.6381853467951,10.1105015899474));
#2196=CARTESIAN_POINT('Ctrl Pts',(-2.23575085133854,-11.0019931166926,10.327525625314));
#2197=CARTESIAN_POINT('Ctrl Pts',(-2.12799263786127,-10.3658008865901,10.5445496606807));
#2198=CARTESIAN_POINT('Ctrl Pts',(-2.05532736866735,-9.72062224230855,10.8021138244456));
#2199=CARTESIAN_POINT('Ctrl Pts',(-2.05504482542398,-9.09685638678396,11.0918816095809));
#2200=CARTESIAN_POINT('Ctrl Pts',(-2.05447973893725,-7.84932467573477,11.6714171798517));
#2201=CARTESIAN_POINT('Ctrl Pts',(-2.34344555625278,-6.68744411971343,12.3797672356042));
#2202=CARTESIAN_POINT('Ctrl Pts',(-2.70299445968238,-5.73063303101729,13.1938045837135));
#2203=CARTESIAN_POINT('Ctrl Pts',(-3.06254336311198,-4.77382194232114,14.0078419318228));
#2204=CARTESIAN_POINT('Ctrl Pts',(-3.49267535265565,-4.02208032095019,14.9275665722889));
#2205=CARTESIAN_POINT('Ctrl Pts',(-3.75619900500927,-3.52077895975464,15.9560487582757));
#2206=CARTESIAN_POINT('Ctrl Pts',(-3.88796083116952,-3.27012827918837,16.4702898512045));
#2207=CARTESIAN_POINT('Ctrl Pts',(-3.97807057304272,-3.08208766365021,17.0117203305067));
#2208=CARTESIAN_POINT('Ctrl Pts',(-3.99649035167037,-2.96594200046184,17.5507283285286));
#2209=CARTESIAN_POINT('Ctrl Pts',(4.21101506298103,-12.4161984870961,10.1620545235374));
#2210=CARTESIAN_POINT('Ctrl Pts',(3.95854719647006,-11.8700776986307,10.2666737209973));
#2211=CARTESIAN_POINT('Ctrl Pts',(3.48447369530477,-10.7823128260256,10.5593703998754));
#2212=CARTESIAN_POINT('Ctrl Pts',(3.09835621218505,-9.14614598577877,11.2078012449606));
#2213=CARTESIAN_POINT('Ctrl Pts',(3.42509848297311,-7.11537350251935,12.3531746314633));
#2214=CARTESIAN_POINT('Ctrl Pts',(4.8149520893775,-5.19143710655666,14.2203661978237));
#2215=CARTESIAN_POINT('Ctrl Pts',(5.54076555017414,-4.51405471747441,16.4165405163315));
#2216=CARTESIAN_POINT('Ctrl Pts',(5.52656687873184,-4.435730046351,17.5937300703471));
#2217=CARTESIAN_POINT('Ctrl Pts',(3.91673916085917,-12.5321273915839,10.2839983936118));
#2218=CARTESIAN_POINT('Ctrl Pts',(3.68177056335411,-11.9772831037589,10.3636540187389));
#2219=CARTESIAN_POINT('Ctrl Pts',(3.24071590140941,-10.8594960599925,10.6166507388375));
#2220=CARTESIAN_POINT('Ctrl Pts',(2.88601454670758,-9.16862531082861,11.2515420731854));
#2221=CARTESIAN_POINT('Ctrl Pts',(3.19824142936616,-7.07962076003284,12.4336732901675));
#2222=CARTESIAN_POINT('Ctrl Pts',(4.50210922039832,-5.16284920002585,14.3949145636212));
#2223=CARTESIAN_POINT('Ctrl Pts',(5.11568083331837,-4.53249147760457,16.5212638249921));
#2224=CARTESIAN_POINT('Ctrl Pts',(5.07796158315579,-4.44400189842108,17.6107948769577));
#2225=CARTESIAN_POINT('Ctrl Pts',(3.32347088477745,-12.7343293294583,10.30364594887));
#2226=CARTESIAN_POINT('Ctrl Pts',(3.13669199892112,-12.1500902513598,10.3716438076957));
#2227=CARTESIAN_POINT('Ctrl Pts',(2.77941045635107,-10.9670117839828,10.6070763661747));
#2228=CARTESIAN_POINT('Ctrl Pts',(2.49416988562472,-9.17357301672657,11.2560376605129));
#2229=CARTESIAN_POINT('Ctrl Pts',(2.77987787972456,-6.95834095551143,12.4981523225835));
#2230=CARTESIAN_POINT('Ctrl Pts',(3.91152077401558,-4.9303753647758,14.572029680944));
#2231=CARTESIAN_POINT('Ctrl Pts',(4.35251124190911,-4.22935390283402,16.6267661676909));
#2232=CARTESIAN_POINT('Ctrl Pts',(4.29305200398633,-4.08274792419136,17.6152683763345));
#2233=CARTESIAN_POINT('Ctrl Pts',(2.8179184705315,-12.859155817619,9.97959909541732));
#2234=CARTESIAN_POINT('Ctrl Pts',(2.65783602489714,-12.2436673220433,10.0928493849305));
#2235=CARTESIAN_POINT('Ctrl Pts',(2.35868008123913,-11.0041961462384,10.4059285872689));
#2236=CARTESIAN_POINT('Ctrl Pts',(2.13012753007138,-9.11693390429307,11.1293731768688));
#2237=CARTESIAN_POINT('Ctrl Pts',(2.40533243864093,-6.74789696572052,12.4203098590438));
#2238=CARTESIAN_POINT('Ctrl Pts',(3.46053302257894,-4.45884135537971,14.4624718126861));
#2239=CARTESIAN_POINT('Ctrl Pts',(4.0037015131516,-3.51625647506735,16.5382840826478));
#2240=CARTESIAN_POINT('Ctrl Pts',(4.00329433276253,-3.30187870134503,17.573173960836));
#2241=CARTESIAN_POINT('Ctrl Pts',(2.64493508088065,-12.8917580830172,9.79616066034987));
#2242=CARTESIAN_POINT('Ctrl Pts',(2.48636022257624,-12.2653911627178,9.93401768297916));
#2243=CARTESIAN_POINT('Ctrl Pts',(2.198431182173,-11.0067048031528,10.2909614044459));
#2244=CARTESIAN_POINT('Ctrl Pts',(1.9872643439759,-9.08296421203578,11.0542902311342));
#2245=CARTESIAN_POINT('Ctrl Pts',(2.26177496762171,-6.64659720336626,12.3632205559765));
#2246=CARTESIAN_POINT('Ctrl Pts',(3.31845678877722,-4.23527852804818,14.3693556858917));
#2247=CARTESIAN_POINT('Ctrl Pts',(3.95965079445343,-3.19823332678784,16.4727123325538));
#2248=CARTESIAN_POINT('Ctrl Pts',(3.99649035167731,-2.96594200041805,17.5507283287318));
#2249=CARTESIAN_POINT('',(2.64493508088071,-12.8917580830175,9.79616066034982));
#2250=CARTESIAN_POINT('Ctrl Pts',(3.99649035167329,-2.96594200044341,17.5507283286142));
#2251=CARTESIAN_POINT('Ctrl Pts',(3.9596507944301,-3.19823332682558,16.4727123324772));
#2252=CARTESIAN_POINT('Ctrl Pts',(3.6390537916018,-3.71675592744499,15.421034009189));
#2253=CARTESIAN_POINT('Ctrl Pts',(3.26741892596517,-4.45828096279671,14.4939678215742));
#2254=CARTESIAN_POINT('Ctrl Pts',(2.89578406031501,-5.19980599817541,13.5669016339256));
#2255=CARTESIAN_POINT('Ctrl Pts',(2.47311133185281,-6.16433346830265,12.7644475819596));
#2256=CARTESIAN_POINT('Ctrl Pts',(2.24071688115014,-7.29796496123489,12.0606527896901));
#2257=CARTESIAN_POINT('Ctrl Pts',(2.1245196557988,-7.86478070770102,11.7087553935554));
#2258=CARTESIAN_POINT('Ctrl Pts',(2.05589199988735,-8.4738724598684,11.3815228123448));
#2259=CARTESIAN_POINT('Ctrl Pts',(2.05677264496447,-9.09904176780492,11.0906850506248));
#2260=CARTESIAN_POINT('Ctrl Pts',(2.0576532900416,-9.72421107574145,10.7998472889048));
#2261=CARTESIAN_POINT('Ctrl Pts',(2.1280422361073,-10.3654579394471,10.5454043466753));
#2262=CARTESIAN_POINT('Ctrl Pts',(2.23521896924096,-11.0007529611912,10.3289469451939));
#2263=CARTESIAN_POINT('Ctrl Pts',(2.34239570237462,-11.6360479829353,10.1124895437125));
#2264=CARTESIAN_POINT('Ctrl Pts',(2.48636022257624,-12.2653911627178,9.93401768297916));
#2265=CARTESIAN_POINT('Ctrl Pts',(2.64493508088065,-12.8917580830172,9.79616066034987));
#2266=CARTESIAN_POINT('',(4.21101506298112,-12.416198487096,10.1620545235374));
#2267=CARTESIAN_POINT('Origin',(3.63678573621097,-12.4161984870964,8.77631981578226));
#2268=CARTESIAN_POINT('Ctrl Pts',(4.21101506298103,-12.4161984870961,10.1620545235374));
#2269=CARTESIAN_POINT('Ctrl Pts',(3.95854719647006,-11.8700776986307,10.2666737209973));
#2270=CARTESIAN_POINT('Ctrl Pts',(3.72151044588742,-11.3261952623282,10.4130220604363));
#2271=CARTESIAN_POINT('Ctrl Pts',(3.53863915674281,-10.7815595708024,10.59426803767));
#2272=CARTESIAN_POINT('Ctrl Pts',(3.3557678675982,-10.2369238792766,10.7755140149038));
#2273=CARTESIAN_POINT('Ctrl Pts',(3.22706203989162,-9.6915349325277,10.9916576299322));
#2274=CARTESIAN_POINT('Ctrl Pts',(3.20355190988684,-9.16499389874581,11.2429011107592));
#2275=CARTESIAN_POINT('Ctrl Pts',(3.18004177988206,-8.63845286496391,11.4941445915863));
#2276=CARTESIAN_POINT('Ctrl Pts',(3.26172734757908,-8.13075974414906,11.7804879382119));
#2277=CARTESIAN_POINT('Ctrl Pts',(3.40884129980405,-7.66403523720831,12.0958629403864));
#2278=CARTESIAN_POINT('Ctrl Pts',(3.70306920425398,-6.73058622332681,12.7266129447354));
#2279=CARTESIAN_POINT('Ctrl Pts',(4.25901064681574,-5.96101166494174,13.4734895712796));
#2280=CARTESIAN_POINT('Ctrl Pts',(4.71843473329578,-5.40687878847864,14.3959714641786));
#2281=CARTESIAN_POINT('Ctrl Pts',(4.91847239773398,-5.16560400629345,14.7976289496532));
#2282=CARTESIAN_POINT('Ctrl Pts',(5.10021215389361,-4.96517298833085,15.232577950638));
#2283=CARTESIAN_POINT('Ctrl Pts',(5.24049268701104,-4.80929408357548,15.6928525775723));
#2284=CARTESIAN_POINT('Origin',(0.,28.5,5.57889867724205E-15));
#2285=CARTESIAN_POINT('',(7.10479554957167,28.1671914016668,9.25678889752487));
#2286=CARTESIAN_POINT('Ctrl Pts',(8.85339334557404,28.6735,-8.35537340997573));
#2287=CARTESIAN_POINT('Ctrl Pts',(9.04649733917229,28.6663199638548,-8.14045939152652));
#2288=CARTESIAN_POINT('Ctrl Pts',(9.23181741267202,28.6591411755178,-7.91898094457349));
#2289=CARTESIAN_POINT('Ctrl Pts',(9.40898146510681,28.6519590106507,-7.69134464238659));
#2290=CARTESIAN_POINT('Ctrl Pts',(9.58779666793444,28.64470990876,-7.46158679373125));
#2291=CARTESIAN_POINT('Ctrl Pts',(9.75830361391888,28.6374573671079,-7.22555534038728));
#2292=CARTESIAN_POINT('Ctrl Pts',(9.92007682840147,28.6301966308523,-6.98363553332316));
#2293=CARTESIAN_POINT('Ctrl Pts',(10.0818500428841,28.6229358945966,-6.74171572625904));
#2294=CARTESIAN_POINT('Ctrl Pts',(10.2348899723844,28.6156669637374,-6.49390708345179));
#2295=CARTESIAN_POINT('Ctrl Pts',(10.3787214495193,28.6083850834322,-6.24056917831737));
#2296=CARTESIAN_POINT('Ctrl Pts',(10.4114294462585,28.6067291474575,-6.18295887256156));
#2297=CARTESIAN_POINT('Ctrl Pts',(10.4436610260616,28.6050725418278,-6.12506254317753));
#2298=CARTESIAN_POINT('Ctrl Pts',(10.4754140273604,28.6034152106269,-6.0668865730419));
#2299=CARTESIAN_POINT('Ctrl Pts',(10.4934671583013,28.6024729369532,-6.03381069474656));
#2300=CARTESIAN_POINT('Ctrl Pts',(10.5113647871545,28.6015304687321,-6.00064580923291));
#2301=CARTESIAN_POINT('Ctrl Pts',(10.5291009880791,28.6005880959271,-5.96740374699683));
#2302=CARTESIAN_POINT('Ctrl Pts',(10.6638341114466,28.5934293570328,-5.71488028431708));
#2303=CARTESIAN_POINT('Ctrl Pts',(10.7893468117726,28.5862713780301,-5.45773889081584));
#2304=CARTESIAN_POINT('Ctrl Pts',(10.9055464591599,28.5791095744729,-5.19653156334272));
#2305=CARTESIAN_POINT('Ctrl Pts',(11.0223013536164,28.5719135490353,-4.93407608575637));
#2306=CARTESIAN_POINT('Ctrl Pts',(11.1296541652049,28.5647136624054,-4.66751512175884));
#2307=CARTESIAN_POINT('Ctrl Pts',(11.2274625159792,28.5575052641038,-4.39738780583281));
#2308=CARTESIAN_POINT('Ctrl Pts',(11.3250625804364,28.5503122163394,-4.12783573551018));
#2309=CARTESIAN_POINT('Ctrl Pts',(11.4131589298012,28.5431106931166,-3.85473186990951));
#2310=CARTESIAN_POINT('Ctrl Pts',(11.4915596550003,28.5358960736026,-3.57860040772341));
#2311=CARTESIAN_POINT('Ctrl Pts',(11.5044495477857,28.5347099152885,-3.53320152992966));
#2312=CARTESIAN_POINT('Ctrl Pts',(11.5170772468834,28.5335234029716,-3.48772080047149));
#2313=CARTESIAN_POINT('Ctrl Pts',(11.5294417644232,28.5323365161162,-3.4421605369875));
#2314=CARTESIAN_POINT('Ctrl Pts',(11.5372124843779,28.5315905941389,-3.41352730908697));
#2315=CARTESIAN_POINT('Ctrl Pts',(11.5448786390918,28.530844581199,-3.38486484925055));
#2316=CARTESIAN_POINT('Ctrl Pts',(11.5524378157164,28.5300986963576,-3.35618237891927));
#2317=CARTESIAN_POINT('Ctrl Pts',(11.6253210980288,28.5229071015361,-3.07963472215874));
#2318=CARTESIAN_POINT('Ctrl Pts',(11.6883258627798,28.5157214518551,-2.80099968675407));
#2319=CARTESIAN_POINT('Ctrl Pts',(11.7413647941744,28.5085370899505,-2.52081674465338));
#2320=CARTESIAN_POINT('Ctrl Pts',(11.7944664235889,28.5013442353171,-2.24030259460336));
#2321=CARTESIAN_POINT('Ctrl Pts',(11.8375787877112,28.4941526715065,-1.95823626024234));
#2322=CARTESIAN_POINT('Ctrl Pts',(11.8705642314043,28.4869577246185,-1.67514421395026));
#2323=CARTESIAN_POINT('Ctrl Pts',(11.9033158528898,28.4798137801782,-1.39405890759536));
#2324=CARTESIAN_POINT('Ctrl Pts',(11.9260836962034,28.4726665004535,-1.11196177714302));
#2325=CARTESIAN_POINT('Ctrl Pts',(11.9386821670528,28.4655113102362,-0.829362597145015));
#2326=CARTESIAN_POINT('Ctrl Pts',(11.9434574687469,28.4627992198266,-0.722246713072491));
#2327=CARTESIAN_POINT('Ctrl Pts',(11.9467712068347,28.4600859929168,-0.615058688682607));
#2328=CARTESIAN_POINT('Ctrl Pts',(11.9486113072047,28.4573713803576,-0.507826345723411));
#2329=CARTESIAN_POINT('Ctrl Pts',(11.9534993558953,28.4501602746041,-0.222973996297256));
#2330=CARTESIAN_POINT('Ctrl Pts',(11.9479923108291,28.4429393910447,0.0621919089760339));
#2331=CARTESIAN_POINT('Ctrl Pts',(11.9321904868847,28.4357040594112,0.347128602884995));
#2332=CARTESIAN_POINT('Ctrl Pts',(11.920479503241,28.4303418397893,0.558299729306571));
#2333=CARTESIAN_POINT('Ctrl Pts',(11.9031130029696,28.4249716845216,0.769344866394568));
#2334=CARTESIAN_POINT('Ctrl Pts',(11.8801141724278,28.4195916925286,0.980037577975769));
#2335=CARTESIAN_POINT('Ctrl Pts',(11.8730378826554,28.4179363743485,1.04486359934123));
#2336=CARTESIAN_POINT('Ctrl Pts',(11.8654282906661,28.4162801249528,1.10965621441877));
#2337=CARTESIAN_POINT('Ctrl Pts',(11.8572857938695,28.4146228889683,1.1744087028107));
#2338=CARTESIAN_POINT('Ctrl Pts',(11.8536632785555,28.4138856012686,1.20321643668905));
#2339=CARTESIAN_POINT('Ctrl Pts',(11.8499354028373,28.41314814833,1.23201504932584));
#2340=CARTESIAN_POINT('Ctrl Pts',(11.8461039593398,28.412410842879,1.26079156691686));
#2341=CARTESIAN_POINT('Ctrl Pts',(11.8088710422822,28.4052459107272,1.54043387232736));
#2342=CARTESIAN_POINT('Ctrl Pts',(11.761823110555,28.398086852687,1.81830438539716));
#2343=CARTESIAN_POINT('Ctrl Pts',(11.7051594036452,28.3909290614083,2.09389374946353));
#2344=CARTESIAN_POINT('Ctrl Pts',(11.6480440651858,28.3837142197785,2.3716796668147));
#2345=CARTESIAN_POINT('Ctrl Pts',(11.5811589476237,28.3765006651839,2.64714854372931));
#2346=CARTESIAN_POINT('Ctrl Pts',(11.5046555676075,28.3692836792266,2.91977361493203));
#2347=CARTESIAN_POINT('Ctrl Pts',(11.4283545158216,28.3620857800077,3.19167767553107));
#2348=CARTESIAN_POINT('Ctrl Pts',(11.3424858197187,28.354884467552,3.46075355288523));
#2349=CARTESIAN_POINT('Ctrl Pts',(11.2471501449987,28.3476750607991,3.72646444287962));
#2350=CARTESIAN_POINT('Ctrl Pts',(11.1531628230357,28.3405676182217,3.98841732715213));
#2351=CARTESIAN_POINT('Ctrl Pts',(11.0499741600896,28.3334523086869,4.24710025693142));
#2352=CARTESIAN_POINT('Ctrl Pts',(10.9376357280897,28.3263246469539,4.50197679370602));
#2353=CARTESIAN_POINT('Ctrl Pts',(10.8329247522586,28.3196809329358,4.73954794729093));
#2354=CARTESIAN_POINT('Ctrl Pts',(10.7202638020854,28.3130264871332,4.97381220409014));
#2355=CARTESIAN_POINT('Ctrl Pts',(10.5996614061218,28.306357677283,5.20431145589481));
#2356=CARTESIAN_POINT('Ctrl Pts',(10.5446114646087,28.3033136449544,5.30952470832879));
#2357=CARTESIAN_POINT('Ctrl Pts',(10.4879064401822,28.3002666198191,5.41395314464111));
#2358=CARTESIAN_POINT('Ctrl Pts',(10.4295693209799,28.297216256431,5.51756318786863));
#2359=CARTESIAN_POINT('Ctrl Pts',(10.4141489975239,28.2964099500733,5.54495055978046));
#2360=CARTESIAN_POINT('Ctrl Pts',(10.3986135576893,28.295603356468,5.5722825522401));
#2361=CARTESIAN_POINT('Ctrl Pts',(10.3829724725177,28.2947969320986,5.59954293326725));
#2362=CARTESIAN_POINT('Ctrl Pts',(10.2444641617928,28.2876557091016,5.84094493858584));
#2363=CARTESIAN_POINT('Ctrl Pts',(10.0975341869639,28.2805203089337,6.07698669895924));
#2364=CARTESIAN_POINT('Ctrl Pts',(9.94261550465471,28.2733861682843,6.30732771792961));
#2365=CARTESIAN_POINT('Ctrl Pts',(9.78611113573622,28.2661790053812,6.54002641683833));
#2366=CARTESIAN_POINT('Ctrl Pts',(9.62145331798597,28.2589731279125,6.76690756374333));
#2367=CARTESIAN_POINT('Ctrl Pts',(9.44904138786555,28.2517638310032,6.98759518135387));
#2368=CARTESIAN_POINT('Ctrl Pts',(9.27614695988548,28.244534358748,7.20890039719602));
#2369=CARTESIAN_POINT('Ctrl Pts',(9.09545453555775,28.2373014478868,7.42397784236711));
#2370=CARTESIAN_POINT('Ctrl Pts',(8.90732578030601,28.2300603539342,7.63241624324211));
#2371=CARTESIAN_POINT('Ctrl Pts',(8.72022845716372,28.2228589599031,7.83971186262569));
#2372=CARTESIAN_POINT('Ctrl Pts',(8.52577566355611,28.2156494722636,8.04044145659367));
#2373=CARTESIAN_POINT('Ctrl Pts',(8.32428928080339,28.2084272241396,8.23416214081327));
#2374=CARTESIAN_POINT('Ctrl Pts',(8.13325213489866,28.2015795272888,8.41783632320923));
#2375=CARTESIAN_POINT('Ctrl Pts',(7.9358914629644,28.1947203591705,8.59520976166618));
#2376=CARTESIAN_POINT('Ctrl Pts',(7.73245872077179,28.1878457419872,8.76586762816572));
#2377=CARTESIAN_POINT('Ctrl Pts',(7.67373845556115,28.185861403872,8.81512752150013));
#2378=CARTESIAN_POINT('Ctrl Pts',(7.61451215831179,28.1838757785849,8.86382764209465));
#2379=CARTESIAN_POINT('Ctrl Pts',(7.55478559028424,28.1818887704631,8.91195738417893));
#2380=CARTESIAN_POINT('Ctrl Pts',(7.5263913199572,28.1809441381559,8.93483847299155));
#2381=CARTESIAN_POINT('Ctrl Pts',(7.49788398207714,28.1799991933153,8.95759064666314));
#2382=CARTESIAN_POINT('Ctrl Pts',(7.46926418670349,28.1790539256625,8.98021274193667));
#2383=CARTESIAN_POINT('Ctrl Pts',(7.44625922409397,28.1782941072667,8.9983966754387));
#2384=CARTESIAN_POINT('Ctrl Pts',(7.42318158319231,28.1775340804219,9.01649653078685));
#2385=CARTESIAN_POINT('Ctrl Pts',(7.40004296076361,28.1767742114734,9.03450297662319));
#2386=CARTESIAN_POINT('Ctrl Pts',(7.30274413113725,28.1735789322564,9.11022079910829));
#2387=CARTESIAN_POINT('Ctrl Pts',(7.20431736709209,28.1703847986366,9.18432655438402));
#2388=CARTESIAN_POINT('Ctrl Pts',(7.10479554957166,28.1671914016668,9.25678889752487));
#2389=CARTESIAN_POINT('',(8.22034827652462,30.,10.709942820232));
#2390=CARTESIAN_POINT('',(7.30704389797585,28.5,9.52003731468811));
#2391=CARTESIAN_POINT('Origin',(0.,30.,5.9119655846296E-15));
#2392=CARTESIAN_POINT('Ctrl Pts',(7.10479554957166,28.1671914016668,9.25678889752487));
#2393=CARTESIAN_POINT('Ctrl Pts',(6.98169393170202,28.1632413900686,9.34641981361453));
#2394=CARTESIAN_POINT('Ctrl Pts',(6.85691696264283,28.159292505569,9.43353642183128));
#2395=CARTESIAN_POINT('Ctrl Pts',(6.73052392437421,28.1553439742084,9.51807644066485));
#2396=CARTESIAN_POINT('Ctrl Pts',(6.49990509036193,28.1481394183964,9.67232956123105));
#2397=CARTESIAN_POINT('Ctrl Pts',(6.26390772309514,28.1409360382637,9.81800729759489));
#2398=CARTESIAN_POINT('Ctrl Pts',(6.02307043378245,28.1337291323458,9.95498725950709));
#2399=CARTESIAN_POINT('Ctrl Pts',(5.78077641868711,28.1264786348159,10.0927957569123));
#2400=CARTESIAN_POINT('Ctrl Pts',(5.53358316986015,28.1192245687198,10.2218011808742));
#2401=CARTESIAN_POINT('Ctrl Pts',(5.28201304944124,28.1119621467641,10.3418328224645));
#2402=CARTESIAN_POINT('Ctrl Pts',(5.03067598297885,28.1047064526987,10.4617532670298));
#2403=CARTESIAN_POINT('Ctrl Pts',(4.77496954106654,28.0974424182482,10.5727167419817));
#2404=CARTESIAN_POINT('Ctrl Pts',(4.51539769897903,28.090165269412,10.6745039904725));
#2405=CARTESIAN_POINT('Ctrl Pts',(4.26139627619206,28.083044288402,10.7741068816425));
#2406=CARTESIAN_POINT('Ctrl Pts',(4.00369298987888,28.0759107498367,10.8649231842139));
#2407=CARTESIAN_POINT('Ctrl Pts',(3.74275272227159,28.0687601805175,10.9466991874727));
#2408=CARTESIAN_POINT('Ctrl Pts',(3.659877820873,28.066489152237,10.9726713314771));
#2409=CARTESIAN_POINT('Ctrl Pts',(3.57667638255475,28.0642164060571,10.9977312039332));
#2410=CARTESIAN_POINT('Ctrl Pts',(3.49316328494337,28.0619417986719,11.0218696200367));
#2411=CARTESIAN_POINT('Ctrl Pts',(3.45600144413814,28.0609296389035,11.0326107852214));
#2412=CARTESIAN_POINT('Ctrl Pts',(3.41877373113698,28.0599169978871,11.0431705916477));
#2413=CARTESIAN_POINT('Ctrl Pts',(3.38150876962219,28.0589046039591,11.0535407557386));
#2414=CARTESIAN_POINT('Ctrl Pts',(3.11418937618389,28.0516422180674,11.1279309029961));
#2415=CARTESIAN_POINT('Ctrl Pts',(2.84470327789626,28.0443856783803,11.1926412612551));
#2416=CARTESIAN_POINT('Ctrl Pts',(2.57356844429978,28.0371301812307,11.2475373415359));
#2417=CARTESIAN_POINT('Ctrl Pts',(2.30277380791199,28.0298837876693,11.3023645428276));
#2418=CARTESIAN_POINT('Ctrl Pts',(2.03033396227182,28.0226384340309,11.3474022456405));
#2419=CARTESIAN_POINT('Ctrl Pts',(1.75674975812872,28.0153893347074,11.3824670159929));
#2420=CARTESIAN_POINT('Ctrl Pts',(1.61766955585286,28.0117041577675,11.4002926626476));
#2421=CARTESIAN_POINT('Ctrl Pts',(1.47829342756436,28.0080180128176,11.4155401651162));
#2422=CARTESIAN_POINT('Ctrl Pts',(1.33868643276229,28.0043302711338,11.4281802995109));
#2423=CARTESIAN_POINT('Ctrl Pts',(1.06334238096954,27.9970570128086,11.4531101808852));
#2424=CARTESIAN_POINT('Ctrl Pts',(0.787100020084733,27.989777543368,11.4679009193502));
#2425=CARTESIAN_POINT('Ctrl Pts',(0.510500074616664,27.9824870392754,11.4726442434869));
#2426=CARTESIAN_POINT('Ctrl Pts',(0.234392961245058,27.9752095250423,11.4773791162032));
#2427=CARTESIAN_POINT('Ctrl Pts',(-0.042071093454033,27.9679210154442,11.4721022231813));
#2428=CARTESIAN_POINT('Ctrl Pts',(-0.318346303690434,27.9606167126818,11.4568536546296));
#2429=CARTESIAN_POINT('Ctrl Pts',(-0.48680319627058,27.9561629647514,11.4475559457534));
#2430=CARTESIAN_POINT('Ctrl Pts',(-0.65518968440555,27.951703345134,11.4345499143918));
#2431=CARTESIAN_POINT('Ctrl Pts',(-0.823379064832451,27.947236766196,11.4178355753801));
#2432=CARTESIAN_POINT('Ctrl Pts',(-0.868433344425918,27.946040266775,11.4133581672278));
#2433=CARTESIAN_POINT('Ctrl Pts',(-0.913473463940378,27.9448432679618,11.4086146178592));
#2434=CARTESIAN_POINT('Ctrl Pts',(-0.958496950799087,27.9436457488491,11.4036048452496));
#2435=CARTESIAN_POINT('Ctrl Pts',(-0.989987737417271,27.9428081678113,11.400100858969));
#2436=CARTESIAN_POINT('Ctrl Pts',(-1.02147179684431,27.9419702945499,11.3964664273114));
#2437=CARTESIAN_POINT('Ctrl Pts',(-1.05293005709835,27.9411326075509,11.3927038082796));
#2438=CARTESIAN_POINT('Ctrl Pts',(-1.32764769599883,27.9338172826525,11.359845735133));
#2439=CARTESIAN_POINT('Ctrl Pts',(-1.60071097475236,27.9265078367851,11.3171828095757));
#2440=CARTESIAN_POINT('Ctrl Pts',(-1.8715895542265,27.9191993584768,11.2648672993031));
#2441=CARTESIAN_POINT('Ctrl Pts',(-2.14156618705766,27.9119152152691,11.212725984417));
#2442=CARTESIAN_POINT('Ctrl Pts',(-2.40937327664361,27.9046320331878,11.1509960912892));
#2443=CARTESIAN_POINT('Ctrl Pts',(-2.67448098378996,27.8973449496593,11.0797760271089));
#2444=CARTESIAN_POINT('Ctrl Pts',(-2.94091721150482,27.8900213487453,11.0081990614971));
#2445=CARTESIAN_POINT('Ctrl Pts',(-3.20462758310892,27.8826938071838,10.9270364867022));
#2446=CARTESIAN_POINT('Ctrl Pts',(-3.46505978904172,27.8753573889316,10.8363370218391));
#2447=CARTESIAN_POINT('Ctrl Pts',(-3.72549199497452,27.8680209706794,10.7456375569759));
#2448=CARTESIAN_POINT('Ctrl Pts',(-3.98264667713532,27.8606756757363,10.6454010853333));
#2449=CARTESIAN_POINT('Ctrl Pts',(-4.23594741992515,27.8533165680592,10.5356268551401));
#2450=CARTESIAN_POINT('Ctrl Pts',(-4.45098560831298,27.8470690965136,10.4424346626008));
#2451=CARTESIAN_POINT('Ctrl Pts',(-4.66324593431264,27.8408116700449,10.3423674007832));
#2452=CARTESIAN_POINT('Ctrl Pts',(-4.87244111488367,27.8345412685876,10.2356070659635));
#2453=CARTESIAN_POINT('Ctrl Pts',(-4.97193275583464,27.8315591132211,10.1848326605939));
#2454=CARTESIAN_POINT('Ctrl Pts',(-5.07073083493895,27.8285740230659,10.1325440542015));
#2455=CARTESIAN_POINT('Ctrl Pts',(-5.16880290467009,27.8255856732435,10.0787592409441));
#2456=CARTESIAN_POINT('Ctrl Pts',(-5.19416212002557,27.8248129536822,10.0648517067605));
#2457=CARTESIAN_POINT('Ctrl Pts',(-5.21947271781204,27.8240400177186,10.0508441240779));
#2458=CARTESIAN_POINT('Ctrl Pts',(-5.24472166976501,27.8232672426803,10.0367438768693));
#2459=CARTESIAN_POINT('Ctrl Pts',(-5.48129954153043,27.8160264877271,9.90462724556597));
#2460=CARTESIAN_POINT('Ctrl Pts',(-5.7127443748105,27.8087914189738,9.76422809472055));
#2461=CARTESIAN_POINT('Ctrl Pts',(-5.93868287710728,27.8015572715431,9.61593991944884));
#2462=CARTESIAN_POINT('Ctrl Pts',(-6.16648510664229,27.794263450894,9.46642854092247));
#2463=CARTESIAN_POINT('Ctrl Pts',(-6.3886903074846,27.7869705668298,9.3088970951728));
#2464=CARTESIAN_POINT('Ctrl Pts',(-6.6048914611217,27.7796737355844,9.14370198637228));
#2465=CARTESIAN_POINT('Ctrl Pts',(-6.82094450943933,27.7723819029226,8.97862004197422));
#2466=CARTESIAN_POINT('Ctrl Pts',(-7.03100222025688,27.7650861284855,8.80588451634461));
#2467=CARTESIAN_POINT('Ctrl Pts',(-7.23462662976498,27.7577815385366,8.6258103232007));
#2468=CARTESIAN_POINT('Ctrl Pts',(-7.43678746524263,27.7505294511742,8.44703043417915));
#2469=CARTESIAN_POINT('Ctrl Pts',(-7.63260758319702,27.7432686745695,8.26101656366252));
#2470=CARTESIAN_POINT('Ctrl Pts',(-7.82162023965116,27.7359944393243,8.06804305056503));
#2471=CARTESIAN_POINT('Ctrl Pts',(-7.96705233267384,27.7303974212372,7.91956335383892));
#2472=CARTESIAN_POINT('Ctrl Pts',(-8.10845354856832,27.7247924353224,7.76696266080292));
#2473=CARTESIAN_POINT('Ctrl Pts',(-8.24559324491258,27.7191773090203,7.61035450611333));
#2474=CARTESIAN_POINT('Ctrl Pts',(-8.31416309308471,27.7163697458693,7.53205042876853));
#2475=CARTESIAN_POINT('Ctrl Pts',(-8.38166730136315,27.7135596476214,7.45274434238671));
#2476=CARTESIAN_POINT('Ctrl Pts',(-8.44807539529461,27.7107467427067,7.37244964128888));
#2477=CARTESIAN_POINT('Ctrl Pts',(-8.47490017309607,27.7096105024557,7.3400155299017));
#2478=CARTESIAN_POINT('Ctrl Pts',(-8.50154608903596,27.7084738042516,7.30742010437222));
#2479=CARTESIAN_POINT('Ctrl Pts',(-8.528011080609,27.7073366301953,7.27466422537592));
#2480=CARTESIAN_POINT('Ctrl Pts',(-8.54578246832728,27.7065730115483,7.25266847207708));
#2481=CARTESIAN_POINT('Ctrl Pts',(-8.56346926379837,27.7058093069119,7.23060405814524));
#2482=CARTESIAN_POINT('Ctrl Pts',(-8.5810659135317,27.705045730399,7.20847770669681));
#2483=CARTESIAN_POINT('Ctrl Pts',(-8.602137685751,27.7041313568908,7.18198167223393));
#2484=CARTESIAN_POINT('Ctrl Pts',(-8.62308241573115,27.7032170716194,7.15539407215631));
#2485=CARTESIAN_POINT('Ctrl Pts',(-8.64389934745323,27.7023028649845,7.128715581069));
#2486=CARTESIAN_POINT('Ctrl Pts',(-8.80862690957729,27.6950686081662,6.91760460387832));
#2487=CARTESIAN_POINT('Ctrl Pts',(-8.96535516580955,27.6878392754002,6.70080528840252));
#2488=CARTESIAN_POINT('Ctrl Pts',(-9.1139532196827,27.6806101095391,6.47884876502941));
#2489=CARTESIAN_POINT('Ctrl Pts',(-9.26403551157626,27.6733087367915,6.2546752791707));
#2490=CARTESIAN_POINT('Ctrl Pts',(-9.40582467222286,27.6660075342997,6.02524050336536));
#2491=CARTESIAN_POINT('Ctrl Pts',(-9.53914395464876,27.658701600941,5.79105827720059));
#2492=CARTESIAN_POINT('Ctrl Pts',(-9.67290240325574,27.6513716011548,5.55610463288782));
#2493=CARTESIAN_POINT('Ctrl Pts',(-9.79813534521104,27.6440368392825,5.31637162067239));
#2494=CARTESIAN_POINT('Ctrl Pts',(-9.91461816568515,27.6366923656075,5.07235336551696));
#2495=CARTESIAN_POINT('Ctrl Pts',(-10.0300620983732,27.6294133958751,4.83051146206584));
#2496=CARTESIAN_POINT('Ctrl Pts',(-10.1369114641803,27.6221248868027,4.58445981049712));
#2497=CARTESIAN_POINT('Ctrl Pts',(-10.2348992918745,27.6148220199327,4.33466406109859));
#2498=CARTESIAN_POINT('Ctrl Pts',(-10.3056639549259,27.6095480494251,4.15426704185836));
#2499=CARTESIAN_POINT('Ctrl Pts',(-10.3718059734423,27.6042665907344,3.97191697694618));
#2500=CARTESIAN_POINT('Ctrl Pts',(-10.4332081080252,27.5989758290095,3.78778684173756));
#2501=CARTESIAN_POINT('Ctrl Pts',(-10.4562339084938,27.5969917933626,3.71873804103433));
#2502=CARTESIAN_POINT('Ctrl Pts',(-10.4785930172261,27.5950064494766,3.64943890817433));
#2503=CARTESIAN_POINT('Ctrl Pts',(-10.5002787193992,27.5930197016464,3.57989854819785));
#2504=CARTESIAN_POINT('Ctrl Pts',(-10.5123060091299,27.5919178147171,3.54133018408673));
#2505=CARTESIAN_POINT('Ctrl Pts',(-10.5241261527013,27.5908154959324,3.5026876181532));
#2506=CARTESIAN_POINT('Ctrl Pts',(-10.5357379650326,27.5897127289648,3.46397240478755));
#2507=CARTESIAN_POINT('Ctrl Pts',(-10.5430080262428,27.5890222955401,3.43973312474212));
#2508=CARTESIAN_POINT('Ctrl Pts',(-10.5501960696538,27.5883317178843,3.41546646608582));
#2509=CARTESIAN_POINT('Ctrl Pts',(-10.5572990808217,27.587641264846,3.39118243039692));
#2510=CARTESIAN_POINT('Ctrl Pts',(-10.6327937219265,27.5803027568393,3.13307857618711));
#2511=CARTESIAN_POINT('Ctrl Pts',(-10.6987751594855,27.5729699569752,2.87271974378866));
#2512=CARTESIAN_POINT('Ctrl Pts',(-10.7550641112127,27.5656379003978,2.61059940446051));
#2513=CARTESIAN_POINT('Ctrl Pts',(-10.7917819260274,27.5608551306472,2.43961583160516));
#2514=CARTESIAN_POINT('Ctrl Pts',(-10.8243745605147,27.5560726771707,2.26788224247383));
#2515=CARTESIAN_POINT('Ctrl Pts',(-10.8527809174646,27.5512891619099,2.09553180260615));
#2516=CARTESIAN_POINT('Ctrl Pts',(-10.8962823428312,27.5439636983712,1.83159476168131));
#2517=CARTESIAN_POINT('Ctrl Pts',(-10.9299687764972,27.5366357447588,1.56621118034201));
#2518=CARTESIAN_POINT('Ctrl Pts',(-10.9539230392669,27.5293003519131,1.29991864988015));
#2519=CARTESIAN_POINT('Ctrl Pts',(-10.977936718181,27.5219467643617,1.03296560752547));
#2520=CARTESIAN_POINT('Ctrl Pts',(-10.9921698358814,27.5145857006266,0.76509845426126));
#2521=CARTESIAN_POINT('Ctrl Pts',(-10.9966534447797,27.507212174629,0.496858404299053));
#2522=CARTESIAN_POINT('Ctrl Pts',(-11.0011157903811,27.4998736172192,0.229890469709662));
#2523=CARTESIAN_POINT('Ctrl Pts',(-10.9959207799951,27.49252271547,-0.0374474644687057));
#2524=CARTESIAN_POINT('Ctrl Pts',(-10.9810484323837,27.4851545539051,-0.304612673338758));
#2525=CARTESIAN_POINT('Ctrl Pts',(-10.973929020679,27.4816274055989,-0.432504998398129));
#2526=CARTESIAN_POINT('Ctrl Pts',(-10.9645912623942,27.4780963021212,-0.560357548353347));
#2527=CARTESIAN_POINT('Ctrl Pts',(-10.9530289301,27.4745607042604,-0.688109392146723));
#2528=CARTESIAN_POINT('Ctrl Pts',(-10.9501065577637,27.4736670840878,-0.72039859165355));
#2529=CARTESIAN_POINT('Ctrl Pts',(-10.9470420616987,27.4727731768038,-0.752681352248264));
#2530=CARTESIAN_POINT('Ctrl Pts',(-10.9438353151403,27.4718789737024,-0.784956678294293));
#2531=CARTESIAN_POINT('Ctrl Pts',(-10.9413508198473,27.471186170777,-0.809962675551037));
#2532=CARTESIAN_POINT('Ctrl Pts',(-10.9387810300262,27.4704932228449,-0.834963031562339));
#2533=CARTESIAN_POINT('Ctrl Pts',(-10.9361270217516,27.4698003995832,-0.859947422391006));
#2534=CARTESIAN_POINT('Ctrl Pts',(-10.9079514359801,27.4624452223516,-1.12518768312944));
#2535=CARTESIAN_POINT('Ctrl Pts',(-10.8702587634874,27.455095703716,-1.38893145588581));
#2536=CARTESIAN_POINT('Ctrl Pts',(-10.8231473307621,27.4477468425892,-1.65065638346416));
#2537=CARTESIAN_POINT('Ctrl Pts',(-10.775992905583,27.4403912751163,-1.91262015321414));
#2538=CARTESIAN_POINT('Ctrl Pts',(-10.7194024377335,27.4330363663526,-2.17256203204414));
#2539=CARTESIAN_POINT('Ctrl Pts',(-10.6534225771422,27.425677101507,-2.4299538413807));
#2540=CARTESIAN_POINT('Ctrl Pts',(-10.58791628902,27.4183706580101,-2.68549821312671));
#2541=CARTESIAN_POINT('Ctrl Pts',(-10.5131547720856,27.4110599207386,-2.93852959342776));
#2542=CARTESIAN_POINT('Ctrl Pts',(-10.4291342582256,27.4037399821095,-3.18851750901117));
#2543=CARTESIAN_POINT('Ctrl Pts',(-10.4158813373274,27.4025853763689,-3.22794918966295));
#2544=CARTESIAN_POINT('Ctrl Pts',(-10.4023979532202,27.4014305416973,-3.26730511020233));
#2545=CARTESIAN_POINT('Ctrl Pts',(-10.3886839811344,27.4002754588353,-3.30658314242199));
#2546=CARTESIAN_POINT('Ctrl Pts',(-10.3010929466321,27.3928979534571,-3.55745163287763));
#2547=CARTESIAN_POINT('Ctrl Pts',(-10.2040989818885,27.3855103234779,-3.80514499566191));
#2548=CARTESIAN_POINT('Ctrl Pts',(-10.0979808392772,27.3781075508399,-4.04920104432306));
#2549=CARTESIAN_POINT('Ctrl Pts',(-10.0214683486567,27.3727700603967,-4.22516846774906));
#2550=CARTESIAN_POINT('Ctrl Pts',(-9.94021158854631,27.3674246979091,-4.39924452728422));
#2551=CARTESIAN_POINT('Ctrl Pts',(-9.85430162827404,27.3620695824855,-4.57124582914584));
#2552=CARTESIAN_POINT('Ctrl Pts',(-9.8117104460065,27.3594147017668,-4.65651811625465));
#2553=CARTESIAN_POINT('Ctrl Pts',(-9.76797541980567,27.3567574239394,-4.74128031832264));
#2554=CARTESIAN_POINT('Ctrl Pts',(-9.72310671508783,27.354097519815,-4.82550917226228));
#2555=CARTESIAN_POINT('Ctrl Pts',(-9.71012180732219,27.3533277492158,-4.84988482354284));
#2556=CARTESIAN_POINT('Ctrl Pts',(-9.69704266274626,27.3525578025315,-4.87421439780262));
#2557=CARTESIAN_POINT('Ctrl Pts',(-9.68387533599748,27.3517880078889,-4.89848686279212));
#2558=CARTESIAN_POINT('Ctrl Pts',(-9.55842801066739,27.3444540455124,-5.12973469845347));
#2559=CARTESIAN_POINT('Ctrl Pts',(-9.4248412991056,27.3371255937189,-5.35606320383479));
#2560=CARTESIAN_POINT('Ctrl Pts',(-9.28346559052522,27.3297976920333,-5.57707160338555));
#2561=CARTESIAN_POINT('Ctrl Pts',(-9.14107360488278,27.3224171138415,-5.79966871834746));
#2562=CARTESIAN_POINT('Ctrl Pts',(-8.9907799040074,27.3150370936948,-6.01686951550874));
#2563=CARTESIAN_POINT('Ctrl Pts',(-8.83289568626409,27.3076525633725,-6.22824049604253));
#2564=CARTESIAN_POINT('Ctrl Pts',(-8.67551540743423,27.3002916031842,-6.43893681723554));
#2565=CARTESIAN_POINT('Ctrl Pts',(-8.51059259272318,27.2929261615657,-6.6438409819081));
#2566=CARTESIAN_POINT('Ctrl Pts',(-8.3383947337024,27.2855512186719,-6.8424920070876));
#2567=CARTESIAN_POINT('Ctrl Pts',(-8.16863410527942,27.2782806582401,-7.03833139244993));
#2568=CARTESIAN_POINT('Ctrl Pts',(-7.99180248665994,27.2710008635853,-7.22809380320968));
#2569=CARTESIAN_POINT('Ctrl Pts',(-7.80812271335449,27.2637070250077,-7.41130011819486));
#2570=CARTESIAN_POINT('Ctrl Pts',(-7.68703022378157,27.2588984984289,-7.53208047624848));
#2571=CARTESIAN_POINT('Ctrl Pts',(-7.56296070538936,27.2540838680518,-7.65001063627165));
#2572=CARTESIAN_POINT('Ctrl Pts',(-7.43597118854566,27.2492617557607,-7.76494290416079));
#2573=CARTESIAN_POINT('Ctrl Pts',(-7.35361893893141,27.2461346331058,-7.83947607074956));
#2574=CARTESIAN_POINT('Ctrl Pts',(-7.27003856973109,27.2430043639496,-7.91274829250138));
#2575=CARTESIAN_POINT('Ctrl Pts',(-7.18526305191874,27.2398705724476,-7.98473651787969));
#2576=CARTESIAN_POINT('Ctrl Pts',(-7.15039007371079,27.2385814662814,-8.01434935752526));
#2577=CARTESIAN_POINT('Ctrl Pts',(-7.11531485197012,27.2372917640837,-8.0437449087791));
#2578=CARTESIAN_POINT('Ctrl Pts',(-7.08003965325514,27.236001439693,-8.07292149145807));
#2579=CARTESIAN_POINT('Ctrl Pts',(-7.05883928161461,27.2352259555677,-8.09045659880056));
#2580=CARTESIAN_POINT('Ctrl Pts',(-7.03757043408787,27.2344503845476,-8.10790948092399));
#2581=CARTESIAN_POINT('Ctrl Pts',(-7.01623974445958,27.2336749404427,-8.12527498799716));
#2582=CARTESIAN_POINT('Ctrl Pts',(-6.81482358333416,27.2263527686096,-8.28924970384682));
#2583=CARTESIAN_POINT('Ctrl Pts',(-6.6077337262472,27.2190359501387,-8.44557189369165));
#2584=CARTESIAN_POINT('Ctrl Pts',(-6.3954798787066,27.2117195457588,-8.5940712404331));
#2585=CARTESIAN_POINT('Ctrl Pts',(-6.18124898603502,27.2043349925004,-8.74395378900495));
#2586=CARTESIAN_POINT('Ctrl Pts',(-5.96175691746934,27.1969508610831,-8.88586741720063));
#2587=CARTESIAN_POINT('Ctrl Pts',(-5.73749335512634,27.1895620729253,-9.01959644373739));
#2588=CARTESIAN_POINT('Ctrl Pts',(-5.50785016271229,27.1819960426575,-9.15653335962102));
#2589=CARTESIAN_POINT('Ctrl Pts',(-5.27320328733691,27.1744251295578,-9.28488879611885));
#2590=CARTESIAN_POINT('Ctrl Pts',(-5.03405062797422,27.1668438807328,-9.40438234953577));
#2591=CARTESIAN_POINT('Ctrl Pts',(-4.80216323994733,27.1594929443364,-9.52024578196317));
#2592=CARTESIAN_POINT('Ctrl Pts',(-4.56603900390208,27.1521322906583,-9.62777762580455));
#2593=CARTESIAN_POINT('Ctrl Pts',(-4.32611514123539,27.1447569488244,-9.72667365825169));
#2594=CARTESIAN_POINT('Ctrl Pts',(-4.08893346098485,27.1374659026186,-9.82443936977873));
#2595=CARTESIAN_POINT('Ctrl Pts',(-3.84803796539454,27.1301605020915,-9.91376572785463));
#2596=CARTESIAN_POINT('Ctrl Pts',(-3.60384333822613,27.1228359448705,-9.99430872868813));
#2597=CARTESIAN_POINT('Ctrl Pts',(-3.5630294208522,27.1216117415509,-10.0077704310162));
#2598=CARTESIAN_POINT('Ctrl Pts',(-3.52212333627499,27.1203870030943,-10.0209866544686));
#2599=CARTESIAN_POINT('Ctrl Pts',(-3.48112701584113,27.1191617070789,-10.0339556486727));
#2600=CARTESIAN_POINT('Ctrl Pts',(-3.44747309360588,27.118155860301,-10.0446019095515));
#2601=CARTESIAN_POINT('Ctrl Pts',(-3.41375536870021,27.1171495489653,-10.0550824252699));
#2602=CARTESIAN_POINT('Ctrl Pts',(-3.3799992330314,27.1161434843223,-10.0653889484724));
#2603=CARTESIAN_POINT('Ctrl Pts',(-3.17976369470202,27.1101756834652,-10.1265254553878));
#2604=CARTESIAN_POINT('Ctrl Pts',(-2.97800598850046,27.1042114313621,-10.181596827676));
#2605=CARTESIAN_POINT('Ctrl Pts',(-2.77496952300227,27.0982480526861,-10.2304900678489));
#2606=CARTESIAN_POINT('Ctrl Pts',(-2.52502168146325,27.0909068412209,-10.2906800431674));
#2607=CARTESIAN_POINT('Ctrl Pts',(-2.27313599727356,27.0835669534184,-10.3415088497535));
#2608=CARTESIAN_POINT('Ctrl Pts',(-2.01984008148823,27.0762233981022,-10.3830490127937));
#2609=CARTESIAN_POINT('Ctrl Pts',(-1.76380332298177,27.0688003802726,-10.4250386700673));
#2610=CARTESIAN_POINT('Ctrl Pts',(-1.50632501147019,27.0613736151296,-10.4575376343647));
#2611=CARTESIAN_POINT('Ctrl Pts',(-1.24794123980833,27.0539379477131,-10.4805685699173));
#2612=CARTESIAN_POINT('Ctrl Pts',(-0.989809856917015,27.0465095434423,-10.5035770088964));
#2613=CARTESIAN_POINT('Ctrl Pts',(-0.730774126645271,27.039072254281,-10.5171358738478));
#2614=CARTESIAN_POINT('Ctrl Pts',(-0.471369555840111,27.0316209403604,-10.5212158715616));
#2615=CARTESIAN_POINT('Ctrl Pts',(-0.214777157408842,27.0242504051982,-10.5252516385326));
#2616=CARTESIAN_POINT('Ctrl Pts',(0.0421767394518072,27.0168661477098,-10.5200128390583));
#2617=CARTESIAN_POINT('Ctrl Pts',(0.298963489120253,27.0094631933827,-10.5054214697238));
#2618=CARTESIAN_POINT('Ctrl Pts',(0.408258364999677,27.0063123104989,-10.4992110172671));
#2619=CARTESIAN_POINT('Ctrl Pts',(0.517522778722527,27.0031580405576,-10.4913056748257));
#2620=CARTESIAN_POINT('Ctrl Pts',(0.626714976249022,27.,-10.4816967199784));
#2621=CARTESIAN_POINT('Ctrl Pts',(10.2870657004618,27.,2.10501325137469));
#2622=CARTESIAN_POINT('Ctrl Pts',(10.3677660597128,27.0284269719368,1.85175863410297));
#2623=CARTESIAN_POINT('Ctrl Pts',(10.4387759571169,27.0566967572344,1.59581535571492));
#2624=CARTESIAN_POINT('Ctrl Pts',(10.5000904993334,27.08483135209,1.33780344609341));
#2625=CARTESIAN_POINT('Ctrl Pts',(10.5599395324776,27.1122934881371,1.08595840620004));
#2626=CARTESIAN_POINT('Ctrl Pts',(10.610551222197,27.1396268190173,0.832141665846543));
#2627=CARTESIAN_POINT('Ctrl Pts',(10.6518795690587,27.1668518010997,0.576894070638198));
#2628=CARTESIAN_POINT('Ctrl Pts',(10.6947259120538,27.1950767606956,0.312271194490792));
#2629=CARTESIAN_POINT('Ctrl Pts',(10.7275950117044,27.2231852659862,0.0461099001343395));
#2630=CARTESIAN_POINT('Ctrl Pts',(10.750384890195,27.2512001112438,-0.221016702051196));
#2631=CARTESIAN_POINT('Ctrl Pts',(10.7731747686856,27.2792149565015,-0.48814330423673));
#2632=CARTESIAN_POINT('Ctrl Pts',(10.7858857313965,27.3071361417261,-0.75623596341032));
#2633=CARTESIAN_POINT('Ctrl Pts',(10.7883597000927,27.3349864611902,-1.02474064235418));
#2634=CARTESIAN_POINT('Ctrl Pts',(10.7894289099653,27.347022925746,-1.14078408865342));
#2635=CARTESIAN_POINT('Ctrl Pts',(10.7885852822183,27.359046153777,-1.25690466773966));
#2636=CARTESIAN_POINT('Ctrl Pts',(10.785841896152,27.3710579853436,-1.37306099715205));
#2637=CARTESIAN_POINT('Ctrl Pts',(10.7843064681052,27.3777808098513,-1.43807178370677));
#2638=CARTESIAN_POINT('Ctrl Pts',(10.7821759111174,27.3845000644659,-1.50309377278989));
#2639=CARTESIAN_POINT('Ctrl Pts',(10.7794522302781,27.3912160717837,-1.56811972628858));
#2640=CARTESIAN_POINT('Ctrl Pts',(10.7782520370452,27.3941754884741,-1.59677349079247));
#2641=CARTESIAN_POINT('Ctrl Pts',(10.776936553016,27.397134517389,-1.62543037679732));
#2642=CARTESIAN_POINT('Ctrl Pts',(10.7755063281079,27.4000923885566,-1.65408203908455));
#2643=CARTESIAN_POINT('Ctrl Pts',(10.7625234410826,27.4269425063162,-1.91416791261369));
#2644=CARTESIAN_POINT('Ctrl Pts',(10.7401114236582,27.4536560723725,-2.17342287104651));
#2645=CARTESIAN_POINT('Ctrl Pts',(10.7085469476048,27.4802515141623,-2.43136387760297));
#2646=CARTESIAN_POINT('Ctrl Pts',(10.6765338379315,27.5072249634725,-2.69297106278697));
#2647=CARTESIAN_POINT('Ctrl Pts',(10.6351062999754,27.534076906795,-2.95322721980671));
#2648=CARTESIAN_POINT('Ctrl Pts',(10.5845017610351,27.5608265685286,-3.21164542252812));
#2649=CARTESIAN_POINT('Ctrl Pts',(10.5333925618121,27.5878429947093,-3.47264073406227));
#2650=CARTESIAN_POINT('Ctrl Pts',(10.472922425739,27.6147550890962,-3.73176185641209));
#2651=CARTESIAN_POINT('Ctrl Pts',(10.4032836361638,27.6415826569962,-3.98851563991786));
#2652=CARTESIAN_POINT('Ctrl Pts',(10.33339850017,27.6685051271096,-4.24617768698507));
#2653=CARTESIAN_POINT('Ctrl Pts',(10.2542796860238,27.6953424716554,-4.50145626663024));
#2654=CARTESIAN_POINT('Ctrl Pts',(10.1660693875728,27.7221147068681,-4.75385198734001));
#2655=CARTESIAN_POINT('Ctrl Pts',(10.1172954389769,27.7369178267644,-4.89340866183135));
#2656=CARTESIAN_POINT('Ctrl Pts',(10.0657410385454,27.7517010408213,-5.03208388814294));
#2657=CARTESIAN_POINT('Ctrl Pts',(10.0114234912297,27.7664677327107,-5.16979199328624));
#2658=CARTESIAN_POINT('Ctrl Pts',(9.98240436344174,27.7743568319083,-5.24336249302474));
#2659=CARTESIAN_POINT('Ctrl Pts',(9.95259649007649,27.7822412153053,-5.31665693408691));
#2660=CARTESIAN_POINT('Ctrl Pts',(9.92200195621921,27.7901213988676,-5.38966208086423));
#2661=CARTESIAN_POINT('Ctrl Pts',(9.91084666423191,27.7929946490031,-5.41628101000615));
#2662=CARTESIAN_POINT('Ctrl Pts',(9.89958589239396,27.7958675661289,-5.4428635592909));
#2663=CARTESIAN_POINT('Ctrl Pts',(9.88822263926719,27.7987394408569,-5.46940229723462));
#2664=CARTESIAN_POINT('Ctrl Pts',(9.78060340745836,27.8259384259215,-5.72074568973123));
#2665=CARTESIAN_POINT('Ctrl Pts',(9.66398431895772,27.852996801993,-5.96772396129059));
#2666=CARTESIAN_POINT('Ctrl Pts',(9.53861607445906,27.879933532707,-6.20983264923397));
#2667=CARTESIAN_POINT('Ctrl Pts',(9.50966249845041,27.8861545233835,-6.26574722574222));
#2668=CARTESIAN_POINT('Ctrl Pts',(9.48024204921803,27.8923690258504,-6.32140209471541));
#2669=CARTESIAN_POINT('Ctrl Pts',(9.45035742313891,27.8985772737038,-6.37679106712308));
#2670=CARTESIAN_POINT('Ctrl Pts',(9.32247208491844,27.9251442407587,-6.61381720394966));
#2671=CARTESIAN_POINT('Ctrl Pts',(9.18609075841816,27.9515966706729,-6.84597481900197));
#2672=CARTESIAN_POINT('Ctrl Pts',(9.04166809856151,27.9779528690642,-7.07296123485485));
#2673=CARTESIAN_POINT('Ctrl Pts',(8.89558727958876,28.0046116707359,-7.30255374863621));
#2674=CARTESIAN_POINT('Ctrl Pts',(8.74127917727064,28.0311720184746,-7.52685614151436));
#2675=CARTESIAN_POINT('Ctrl Pts',(8.57916193247432,28.0576528556814,-7.74554224123102));
#2676=CARTESIAN_POINT('Ctrl Pts',(8.41599195958178,28.0843056494334,-7.96564840580083));
#2677=CARTESIAN_POINT('Ctrl Pts',(8.24491079146912,28.1108778966782,-8.18006563149246));
#2678=CARTESIAN_POINT('Ctrl Pts',(8.06629621843339,28.1373889122524,-8.38844048480839));
#2679=CARTESIAN_POINT('Ctrl Pts',(7.88161995158887,28.1647996397384,-8.60388701506975));
#2680=CARTESIAN_POINT('Ctrl Pts',(7.68889013155662,28.1921449089574,-8.81287486152359));
#2681=CARTESIAN_POINT('Ctrl Pts',(7.48847574635426,28.2194460687174,-9.01498098795012));
#2682=CARTESIAN_POINT('Ctrl Pts',(7.45962546582433,28.2233761564557,-9.04407479994539));
#2683=CARTESIAN_POINT('Ctrl Pts',(7.43061586468762,28.2273053301355,-9.07302594051147));
#2684=CARTESIAN_POINT('Ctrl Pts',(7.40144796753551,28.2312336534416,-9.10183307967827));
#2685=CARTESIAN_POINT('Ctrl Pts',(7.37625014307458,28.234627288594,-9.12671924929693));
#2686=CARTESIAN_POINT('Ctrl Pts',(7.35093250437039,28.2380205077909,-9.15149950814151));
#2687=CARTESIAN_POINT('Ctrl Pts',(7.32551245969102,28.2414111317717,-9.17615693669456));
#2688=CARTESIAN_POINT('Ctrl Pts',(7.1243892659761,28.2682377220587,-9.37124631761183));
#2689=CARTESIAN_POINT('Ctrl Pts',(6.916639311642,28.294931688438,-9.55886762382204));
#2690=CARTESIAN_POINT('Ctrl Pts',(6.70273501438026,28.3215111560046,-9.7387043735809));
#2691=CARTESIAN_POINT('Ctrl Pts',(6.4864489265414,28.3483865817459,-9.92054357715428));
#2692=CARTESIAN_POINT('Ctrl Pts',(6.26387037424502,28.3751449446258,-10.0944244487421));
#2693=CARTESIAN_POINT('Ctrl Pts',(6.03543855076911,28.4018049819663,-10.2599991495588));
#2694=CARTESIAN_POINT('Ctrl Pts',(5.86257575778514,28.4219796163303,-10.3852956375662));
#2695=CARTESIAN_POINT('Ctrl Pts',(5.68636003356819,28.4420979444998,-10.5058352232183));
#2696=CARTESIAN_POINT('Ctrl Pts',(5.50696498907881,28.4621680862175,-10.621456505819));
#2697=CARTESIAN_POINT('Ctrl Pts',(5.27194022902605,28.4884619019405,-10.7729315049059));
#2698=CARTESIAN_POINT('Ctrl Pts',(5.03145974441529,28.5146730127524,-10.9159666542983));
#2699=CARTESIAN_POINT('Ctrl Pts',(4.78603642305426,28.5408196765942,-11.0504685645555));
#2700=CARTESIAN_POINT('Ctrl Pts',(4.53876483498229,28.5671632492224,-11.1859833997535));
#2701=CARTESIAN_POINT('Ctrl Pts',(4.28647517947345,28.5934414005338,-11.3128363075378));
#2702=CARTESIAN_POINT('Ctrl Pts',(4.02965971399836,28.6196728040815,-11.4308899370161));
#2703=CARTESIAN_POINT('Ctrl Pts',(3.8538017353077,28.6376351242151,-11.5117288094677));
#2704=CARTESIAN_POINT('Ctrl Pts',(3.67582092252702,28.6555755242429,-11.5884408151301));
#2705=CARTESIAN_POINT('Ctrl Pts',(3.49586859041938,28.6735,-11.6609694766362));
#2706=CARTESIAN_POINT('Ctrl Pts',(0.626535742174613,1.11022302462516E-15,
-10.4822924002232));
#2707=CARTESIAN_POINT('Ctrl Pts',(-1.1166277849528,0.0794005017320238,-10.5864828017596));
#2708=CARTESIAN_POINT('Ctrl Pts',(-4.65417701171848,0.238201505196068,-9.90831481566152));
#2709=CARTESIAN_POINT('Ctrl Pts',(-8.82780636536365,0.476403010392137,-6.47294350899598));
#2710=CARTESIAN_POINT('Ctrl Pts',(-10.848664680101,0.714604515588203,-1.46076793269506));
#2711=CARTESIAN_POINT('Ctrl Pts',(-10.2253521250705,0.952806020784269,3.9080353166406));
#2712=CARTESIAN_POINT('Ctrl Pts',(-7.10920219065841,1.19100752598034,8.32390683413692));
#2713=CARTESIAN_POINT('Ctrl Pts',(-2.26014808660338,1.4292090311764,10.7107990090313));
#2714=CARTESIAN_POINT('Ctrl Pts',(3.1399149959005,1.66741053637247,10.4866520294396));
#2715=CARTESIAN_POINT('Ctrl Pts',(7.77453462576272,1.90561204156854,7.7062117953663));
#2716=CARTESIAN_POINT('Ctrl Pts',(10.5139714123488,2.14381354676461,3.0472118598751));
#2717=CARTESIAN_POINT('Ctrl Pts',(10.6904126701601,2.38201505196068,-2.35459702084641));
#2718=CARTESIAN_POINT('Ctrl Pts',(8.26085792521548,2.62021655715675,-7.18243099371263));
#2719=CARTESIAN_POINT('Ctrl Pts',(3.81755382810991,2.85841806235281,-10.259402937978));
#2720=CARTESIAN_POINT('Ctrl Pts',(-1.55635361089703,3.09661956754889,-10.8354436780813));
#2721=CARTESIAN_POINT('Ctrl Pts',(-6.55086953902994,3.33482107274495,-8.77013005357234));
#2722=CARTESIAN_POINT('Ctrl Pts',(-9.94848118702359,3.57302257794102,-4.56692405059889));
#2723=CARTESIAN_POINT('Ctrl Pts',(-10.9209538641682,3.81122408313708,0.749560193923647));
#2724=CARTESIAN_POINT('Ctrl Pts',(-9.23122793409287,4.04942558833316,5.88332423165422));
#2725=CARTESIAN_POINT('Ctrl Pts',(-5.29120761226081,4.28762709352922,9.58291164410304));
#2726=CARTESIAN_POINT('Ctrl Pts',(-0.0613507469789602,4.52582859872529,
10.9464747507551));
#2727=CARTESIAN_POINT('Ctrl Pts',(5.18346156837215,4.76403010392136,9.6416181019002));
#2728=CARTESIAN_POINT('Ctrl Pts',(9.16470259012114,5.00223160911743,5.98642630246445));
#2729=CARTESIAN_POINT('Ctrl Pts',(10.9118660550963,5.24043311431349,0.871924669682541));
#2730=CARTESIAN_POINT('Ctrl Pts',(9.99904630909768,5.47863461950956,-4.45512585137118));
#2731=CARTESIAN_POINT('Ctrl Pts',(6.64876122120584,5.71683612470563,-8.69615131307728));
#2732=CARTESIAN_POINT('Ctrl Pts',(1.67770905855383,5.95503762990171,-10.8173178632618));
#2733=CARTESIAN_POINT('Ctrl Pts',(-3.70231787610055,6.19323913509776,-10.3015491933447));
#2734=CARTESIAN_POINT('Ctrl Pts',(-8.17983158825384,6.43144064029384,-7.27457411995773));
#2735=CARTESIAN_POINT('Ctrl Pts',(-10.6633495354404,6.6696421454899,-2.47427769743391));
#2736=CARTESIAN_POINT('Ctrl Pts',(-10.5474650884376,6.90784365068596,2.92917286056248));
#2737=CARTESIAN_POINT('Ctrl Pts',(-7.86042737368415,7.14604515588204,7.61857958821771));
#2738=CARTESIAN_POINT('Ctrl Pts',(-3.25725498975362,7.3842466610781,10.450806828692));
#2739=CARTESIAN_POINT('Ctrl Pts',(2.13993773371685,7.62244816627418,10.7354431643389));
#2740=CARTESIAN_POINT('Ctrl Pts',(7.01547830183982,7.86064967147024,8.40310285759631));
#2741=CARTESIAN_POINT('Ctrl Pts',(10.1808572520347,8.0988511766663,4.02233999714367));
#2742=CARTESIAN_POINT('Ctrl Pts',(10.864450846916,8.33705268186239,-1.33894780849604));
#2743=CARTESIAN_POINT('Ctrl Pts',(8.89961962472058,8.57525418705844,-6.3738405984318));
#2744=CARTESIAN_POINT('Ctrl Pts',(4.76533006461549,8.81345569225452,-9.85498365367503));
#2745=CARTESIAN_POINT('Ctrl Pts',(-0.5306029676281,9.05165719745058,-10.9337794897132));
#2746=CARTESIAN_POINT('Ctrl Pts',(-5.69719102999868,9.28985870264666,-9.34725028051739));
#2747=CARTESIAN_POINT('Ctrl Pts',(-9.47497607562427,9.52806020784271,-5.48214390592563));
#2748=CARTESIAN_POINT('Ctrl Pts',(-10.9430482665947,9.7662617130388,-0.280656505194874));
#2749=CARTESIAN_POINT('Ctrl Pts',(-9.7435359646091,10.0044632182348,4.98924647069064));
#2750=CARTESIAN_POINT('Ctrl Pts',(-6.16884402231292,10.2426647234309,9.0429219208895));
#2751=CARTESIAN_POINT('Ctrl Pts',(-1.0903743160439,10.480866228627,10.8922062636475));
#2752=CARTESIAN_POINT('Ctrl Pts',(4.25389569980395,10.7190677338231,10.0862998574363));
#2753=CARTESIAN_POINT('Ctrl Pts',(8.56119448725186,10.9572692390191,6.82165833140139));
#2754=CARTESIAN_POINT('Ctrl Pts',(10.7815327588544,11.1954707442152,1.89410263942598));
#2755=CARTESIAN_POINT('Ctrl Pts',(10.3736591376505,11.4336722494113,-3.49517804049668));
#2756=CARTESIAN_POINT('Ctrl Pts',(7.43700088746137,11.6718737546073,-8.03243993060817));
#2757=CARTESIAN_POINT('Ctrl Pts',(2.6874265504399,11.9100752598034,-10.611635688004));
#2758=CARTESIAN_POINT('Ctrl Pts',(-2.7172611715601,12.1482767649995,-10.6040353245574));
#2759=CARTESIAN_POINT('Ctrl Pts',(-7.45956272948802,12.3864782701955,-8.01149157921065));
#2760=CARTESIAN_POINT('Ctrl Pts',(-10.3834483052659,12.6246797753916,-3.4659882762066));
#2761=CARTESIAN_POINT('Ctrl Pts',(-10.7761629488005,12.8628812805877,1.92441823412409));
#2762=CARTESIAN_POINT('Ctrl Pts',(-8.54197469695629,13.1010827857837,6.84570973058954));
#2763=CARTESIAN_POINT('Ctrl Pts',(-4.22551113336164,13.3392842909798,10.0982240567719));
#2764=CARTESIAN_POINT('Ctrl Pts',(1.12100435905234,13.5774857961759,10.8890965036552));
#2765=CARTESIAN_POINT('Ctrl Pts',(6.19425286297345,13.8156873013719,9.02553626708545));
#2766=CARTESIAN_POINT('Ctrl Pts',(9.75752969536705,14.053888806568,4.96182302011673));
#2767=CARTESIAN_POINT('Ctrl Pts',(10.9422156387505,14.2920903117641,-0.311432743964126));
#2768=CARTESIAN_POINT('Ctrl Pts',(9.45952005868617,14.5302918169601,-5.50877061586738));
#2769=CARTESIAN_POINT('Ctrl Pts',(5.67087933384991,14.7684933221562,-9.36323667434738));
#2770=CARTESIAN_POINT('Ctrl Pts',(0.499849588709146,15.0066948273523,-10.9352285676888));
#2771=CARTESIAN_POINT('Ctrl Pts',(-4.79302838182247,15.2448963325483,-9.84154217437358));
#2772=CARTESIAN_POINT('Ctrl Pts',(-8.91751086746177,15.4830978377444,-6.34878518833571));
#2773=CARTESIAN_POINT('Ctrl Pts',(-10.8681736708444,15.7212993429405,-1.30838621946812));
#2774=CARTESIAN_POINT('Ctrl Pts',(-10.1695041451721,15.9595008481366,4.05095777320105));
#2775=CARTESIAN_POINT('Ctrl Pts',(-6.99181680857346,16.1977023533326,8.42280067164595));
#2776=CARTESIAN_POINT('Ctrl Pts',(-2.10973581110834,16.4359038585287,10.7414192845386));
#2777=CARTESIAN_POINT('Ctrl Pts',(3.2866350256081,16.6741053637247,10.4416044575236));
#2778=CARTESIAN_POINT('Ctrl Pts',(7.88182355783976,16.9123068689208,7.59644198569382));
#2779=CARTESIAN_POINT('Ctrl Pts',(10.5556616777469,17.1505083741169,2.89949650523597));
#2780=CARTESIAN_POINT('Ctrl Pts',(10.6563484491029,17.3887098793129,-2.50425860689999));
#2781=CARTESIAN_POINT('Ctrl Pts',(8.15933947958012,17.626911384509,-7.29755114376701));
#2782=CARTESIAN_POINT('Ctrl Pts',(3.67333010192284,17.8651128897051,-10.311921227455));
#2783=CARTESIAN_POINT('Ctrl Pts',(-1.70812615476457,18.1033143949012,-10.8125565190818));
#2784=CARTESIAN_POINT('Ctrl Pts',(-6.67319287067177,18.3415159000972,-8.67741726262746));
#2785=CARTESIAN_POINT('Ctrl Pts',(-10.0115368136702,18.5797174052933,-4.42698588968338));
#2786=CARTESIAN_POINT('Ctrl Pts',(-10.9093706077432,18.8179189104894,0.902610869554815));
#2787=CARTESIAN_POINT('Ctrl Pts',(-9.14782950442459,19.0561204156854,6.01217837367694));
#2788=CARTESIAN_POINT('Ctrl Pts',(-5.15632399487178,19.2943219208815,9.65615846487822));
#2789=CARTESIAN_POINT('Ctrl Pts',(0.0921374920540421,19.5325234260776,10.9462589098508));
#2790=CARTESIAN_POINT('Ctrl Pts',(5.31813864260602,19.7707249312736,9.56799220405988));
#2791=CARTESIAN_POINT('Ctrl Pts',(9.24773829434406,20.0089264364697,5.85733812224054));
#2792=CARTESIAN_POINT('Ctrl Pts',(10.9230187958856,20.2471279416658,0.718842001874514));
#2793=CARTESIAN_POINT('Ctrl Pts',(9.93559738418419,20.4853294468618,-4.5948860767512));
#2794=CARTESIAN_POINT('Ctrl Pts',(6.52617756174629,20.7235309520579,-8.78851977704373));
#2795=CARTESIAN_POINT('Ctrl Pts',(1.52587285624193,20.961732457254,-10.8397779251013));
#2796=CARTESIAN_POINT('Ctrl Pts',(-3.84639354314979,21.1999339624501,-10.2486257688602));
#2797=CARTESIAN_POINT('Ctrl Pts',(-8.28102542613034,21.4381354676461,-7.15916834071616));
#2798=CARTESIAN_POINT('Ctrl Pts',(-10.6969935442846,21.6763369728422,-2.32452200515813));
#2799=CARTESIAN_POINT('Ctrl Pts',(-10.5053578755586,21.9145384780382,3.07677255340228));
#2800=CARTESIAN_POINT('Ctrl Pts',(-7.75283340518655,22.1527399832343,7.7280429366272));
#2801=CARTESIAN_POINT('Ctrl Pts',(-3.11040242391294,22.3909414884304,10.4954499760728));
#2802=CARTESIAN_POINT('Ctrl Pts',(2.29025067890707,22.6291429936265,10.7043834603725));
#2803=CARTESIAN_POINT('Ctrl Pts',(7.13260987246209,22.8673444988225,8.30391171955636));
#2804=CARTESIAN_POINT('Ctrl Pts',(10.2362543106257,23.1055460040186,3.87919722714967));
#2805=CARTESIAN_POINT('Ctrl Pts',(10.8446092645668,23.3437475092147,-1.49114832857434));
#2806=CARTESIAN_POINT('Ctrl Pts',(8.80937617963853,23.5819490144107,-6.49799698095708));
#2807=CARTESIAN_POINT('Ctrl Pts',(4.62668338175878,23.8201505196068,-9.92083032431903));
#2808=CARTESIAN_POINT('Ctrl Pts',(-0.683855016575985,24.0583520248029,-10.9252650199054));
#2809=CARTESIAN_POINT('Ctrl Pts',(-5.82769022642965,24.2965535299989,-9.26645024072172));
#2810=CARTESIAN_POINT('Ctrl Pts',(-9.55091065885935,24.534755035195,-5.34875490422217));
#2811=CARTESIAN_POINT('Ctrl Pts',(-10.9459076797808,24.7729565403911,-0.127194749532158));
#2812=CARTESIAN_POINT('Ctrl Pts',(-9.67262316928266,25.0111580455871,5.12537164165224));
#2813=CARTESIAN_POINT('Ctrl Pts',(-6.04144541501854,25.2493595507832,9.12852730367268));
#2814=CARTESIAN_POINT('Ctrl Pts',(-0.937545827794383,25.4875610559793,10.9064238531162));
#2815=CARTESIAN_POINT('Ctrl Pts',(4.39489910221029,25.7257625611753,10.0256638341486));
#2816=CARTESIAN_POINT('Ctrl Pts',(8.65600043412953,25.9639640663714,6.7009499270298));
#2817=CARTESIAN_POINT('Ctrl Pts',(10.8070304271163,26.2021655715675,1.74274691251026));
#2818=CARTESIAN_POINT('Ctrl Pts',(10.3236329624484,26.4403670767635,-3.64028513165146));
#2819=CARTESIAN_POINT('Ctrl Pts',(7.32364574611438,26.6785685819596,-8.13592567321955));
#2820=CARTESIAN_POINT('Ctrl Pts',(2.53837498636326,26.9167700871557,-10.6482733630646));
#2821=CARTESIAN_POINT('Ctrl Pts',(-2.86567486215061,27.1549715923518,-10.5648938173577));
#2822=CARTESIAN_POINT('Ctrl Pts',(-7.57115983034388,27.3931730975478,-7.90611232122896));
#2823=CARTESIAN_POINT('Ctrl Pts',(-10.431024703822,27.6313746027439,-3.32005971365233));
#2824=CARTESIAN_POINT('Ctrl Pts',(-10.7481211760242,27.8695761079399,2.07532345636187));
#2825=CARTESIAN_POINT('Ctrl Pts',(-8.44515005878759,28.107777613136,6.96480483279095));
#2826=CARTESIAN_POINT('Ctrl Pts',(-4.08350739751106,28.3459791183321,10.1564785223281));
#2827=CARTESIAN_POINT('Ctrl Pts',(1.27357263672926,28.5841806235282,10.872307157539));
#2828=CARTESIAN_POINT('Ctrl Pts',(6.32019087697449,28.8223821287242,8.93780075059076));
#2829=CARTESIAN_POINT('Ctrl Pts',(9.82614398854527,29.0605836339203,4.82451896033187));
#2830=CARTESIAN_POINT('Ctrl Pts',(10.9367674940914,29.2987851391164,-0.464815821820417));
#2831=CARTESIAN_POINT('Ctrl Pts',(9.38136237968361,29.5369866443124,-5.64087977945811));
#2832=CARTESIAN_POINT('Ctrl Pts',(5.5390158444129,29.7751881495085,-9.44179454586872));
#2833=CARTESIAN_POINT('Ctrl Pts',(0.346520460541696,30.0133896547046,-10.9412288929635));
#2834=CARTESIAN_POINT('Ctrl Pts',(-4.93063478456123,30.2515911599006,-9.77323942793468));
#2835=CARTESIAN_POINT('Ctrl Pts',(-9.00547600389812,30.4897926650967,-6.22338853344569));
#2836=CARTESIAN_POINT('Ctrl Pts',(-10.8858293866828,30.7279941702928,-1.15532883054954));
#2837=CARTESIAN_POINT('Ctrl Pts',(-10.3689658136221,30.8867951737568,2.40936167438942));
#2838=CARTESIAN_POINT('Ctrl Pts',(-9.70004981501187,30.9661956754888,4.02244137139229));
#2839=CARTESIAN_POINT('Ctrl Pts',(0.659818526815099,-0.322065225162945,
-11.0391319498462));
#2840=CARTESIAN_POINT('Ctrl Pts',(-1.17594520228189,-0.242664723430922,
-11.1488571460679));
#2841=CARTESIAN_POINT('Ctrl Pts',(-4.90141585338788,-0.0838637199668778,
-10.4346635711454));
#2842=CARTESIAN_POINT('Ctrl Pts',(-9.29675643210129,0.154337785229191,-6.81679872793719));
#2843=CARTESIAN_POINT('Ctrl Pts',(-11.4249666304597,0.392539290425257,-1.53836673710622));
#2844=CARTESIAN_POINT('Ctrl Pts',(-10.768542512694,0.630740795621323,4.11563767522226));
#2845=CARTESIAN_POINT('Ctrl Pts',(-7.48685669550134,0.868942300817391,8.76608878782159));
#2846=CARTESIAN_POINT('Ctrl Pts',(-2.38021150351386,1.10714380601346,11.2797772695656));
#2847=CARTESIAN_POINT('Ctrl Pts',(3.30671332449269,1.34534531120953,11.0437231709584));
#2848=CARTESIAN_POINT('Ctrl Pts',(8.18753287025416,1.58354681640559,8.11558059959274));
#2849=CARTESIAN_POINT('Ctrl Pts',(11.0724938120748,1.82174832160167,3.20908561943771));
#2850=CARTESIAN_POINT('Ctrl Pts',(11.2583079691321,2.05994982679773,-2.47967774694826));
#2851=CARTESIAN_POINT('Ctrl Pts',(8.69969059949564,2.2981513319938,-7.56397555353163));
#2852=CARTESIAN_POINT('Ctrl Pts',(4.02034963585337,2.53635283718987,-10.8044021703275));
#2853=CARTESIAN_POINT('Ctrl Pts',(-1.63903011052679,2.77455434238594,-11.4110433033637));
#2854=CARTESIAN_POINT('Ctrl Pts',(-6.89886433868604,3.01275584758201,-9.23601624360673));
#2855=CARTESIAN_POINT('Ctrl Pts',(-10.4769636574704,3.25095735277807,-4.80952784702073));
#2856=CARTESIAN_POINT('Ctrl Pts',(-11.5010959551337,3.48915885797414,0.789378274250321));
#2857=CARTESIAN_POINT('Ctrl Pts',(-9.72160853110599,3.72736036317021,6.19585773962722));
#2858=CARTESIAN_POINT('Ctrl Pts',(-5.57228674564869,3.96556186836627,10.0919743567465));
#2859=CARTESIAN_POINT('Ctrl Pts',(-0.0646098167522904,4.20376337356234,
11.5279725603412));
#2860=CARTESIAN_POINT('Ctrl Pts',(5.45881702450874,4.44196487875841,10.1537994145857));
#2861=CARTESIAN_POINT('Ctrl Pts',(9.65154923280811,4.68016638395448,6.30443679089965));
#2862=CARTESIAN_POINT('Ctrl Pts',(11.4915253841508,4.91836788915055,0.918242986500426));
#2863=CARTESIAN_POINT('Ctrl Pts',(10.5302148961616,5.15656939434661,-4.69179071225014));
#2864=CARTESIAN_POINT('Ctrl Pts',(7.00195621545045,5.39477089954268,-9.15810761001518));
#2865=CARTESIAN_POINT('Ctrl Pts',(1.76683219315973,5.63297240473876,-11.3919546103706));
#2866=CARTESIAN_POINT('Ctrl Pts',(-3.89899212825602,5.87117390993482,-10.8487873159064));
#2867=CARTESIAN_POINT('Ctrl Pts',(-8.61435998754733,6.10937541513089,-7.66101350000881));
#2868=CARTESIAN_POINT('Ctrl Pts',(-11.2298071886023,6.34757692032695,-2.60571609144895));
#2869=CARTESIAN_POINT('Ctrl Pts',(-11.1077667367092,6.58577842552303,3.0847761612688));
#2870=CARTESIAN_POINT('Ctrl Pts',(-8.27798840627979,6.82397993071909,8.02329320091754));
#2871=CARTESIAN_POINT('Ctrl Pts',(-3.43028664468657,7.06218143591516,11.0059738041488));
#2872=CARTESIAN_POINT('Ctrl Pts',(2.25361534528956,7.30038294111123,11.3057305698407));
#2873=CARTESIAN_POINT('Ctrl Pts',(7.38815401329996,7.5385844463073,8.84949185649125));
#2874=CARTESIAN_POINT('Ctrl Pts',(10.7216839863546,7.77678595150335,4.23601444037828));
#2875=CARTESIAN_POINT('Ctrl Pts',(11.4415913888426,8.01498745669944,-1.41007529341868));
#2876=CARTESIAN_POINT('Ctrl Pts',(9.37238455002831,8.2531889618955,-6.71243128000105));
#2877=CARTESIAN_POINT('Ctrl Pts',(5.01847357041284,8.49139046709157,-10.3784993551773));
#2878=CARTESIAN_POINT('Ctrl Pts',(-0.558789618624058,8.72959197228764,-11.5146029025957));
#2879=CARTESIAN_POINT('Ctrl Pts',(-5.99983678401268,8.9677934774837,-9.84379420790352));
#2880=CARTESIAN_POINT('Ctrl Pts',(-9.97830504310537,9.20599498267977,-5.77336594276552));
#2881=CARTESIAN_POINT('Ctrl Pts',(-11.5243640547465,9.44419648787584,-0.295565518985416));
#2882=CARTESIAN_POINT('Ctrl Pts',(-10.2611313503429,9.6823979930719,5.25428484699451));
#2883=CARTESIAN_POINT('Ctrl Pts',(-6.49654489116164,9.92059949826798,9.52329934001175));
#2884=CARTESIAN_POINT('Ctrl Pts',(-1.14829709856934,10.158801003464,11.4708212267372));
#2885=CARTESIAN_POINT('Ctrl Pts',(4.47987082768451,10.3970025086601,10.622103520942));
#2886=CARTESIAN_POINT('Ctrl Pts',(9.01598161782408,10.6352040138562,7.18403795294854));
#2887=CARTESIAN_POINT('Ctrl Pts',(11.3542685323344,10.8734055190523,1.99472101758297));
#2888=CARTESIAN_POINT('Ctrl Pts',(10.9247278792579,11.1116070242483,-3.68084862586224));
#2889=CARTESIAN_POINT('Ctrl Pts',(7.83206869005689,11.3498085294444,-8.45913860133389));
#2890=CARTESIAN_POINT('Ctrl Pts',(2.830187821816,11.5880100346404,-11.1753462020463));
#2891=CARTESIAN_POINT('Ctrl Pts',(-2.86160731543864,11.8262115398365,-11.1673420926635));
#2892=CARTESIAN_POINT('Ctrl Pts',(-7.85582906056119,12.0644130450326,-8.43707743318675));
#2893=CARTESIAN_POINT('Ctrl Pts',(-10.9350370663001,12.3026145502287,-3.65010824510581));
#2894=CARTESIAN_POINT('Ctrl Pts',(-11.3486134676342,12.5408160554247,2.0266470350258));
#2895=CARTESIAN_POINT('Ctrl Pts',(-8.99574083527189,12.7790175606208,7.20936700875802));
#2896=CARTESIAN_POINT('Ctrl Pts',(-4.44997841843546,13.0172190658169,10.6346611566991));
#2897=CARTESIAN_POINT('Ctrl Pts',(1.18055426842204,13.2554205710129,11.4675462703081));
#2898=CARTESIAN_POINT('Ctrl Pts',(6.52330349834743,13.493622076209,9.50499012681206));
#2899=CARTESIAN_POINT('Ctrl Pts',(10.2758684550152,13.7318235814051,5.22540460993882));
#2900=CARTESIAN_POINT('Ctrl Pts',(11.5234871961085,13.9700250866011,-0.327976650799156));
#2901=CARTESIAN_POINT('Ctrl Pts',(9.96202797279629,14.2082265917972,-5.80140711479301));
#2902=CARTESIAN_POINT('Ctrl Pts',(5.97212735991721,14.4464280969933,-9.86062982974592));
#2903=CARTESIAN_POINT('Ctrl Pts',(0.526402561019864,14.6846296021893,-11.5161289583826));
#2904=CARTESIAN_POINT('Ctrl Pts',(-5.04764327554624,14.9228311073854,-10.3643438386219));
#2905=CARTESIAN_POINT('Ctrl Pts',(-9.39122621002272,15.1610326125815,-6.68604487829157));
#2906=CARTESIAN_POINT('Ctrl Pts',(-11.4455119763441,15.3992341177776,-1.37789021395372));
#2907=CARTESIAN_POINT('Ctrl Pts',(-10.7097277806019,15.6374356229736,4.26615244778607));
#2908=CARTESIAN_POINT('Ctrl Pts',(-7.36323557596538,15.8756371281697,8.87023605633946));
#2909=CARTESIAN_POINT('Ctrl Pts',(-2.22180903841653,16.1138386333657,11.3120241530487));
#2910=CARTESIAN_POINT('Ctrl Pts',(3.46122740459916,16.3520401385618,10.9962825853103));
#2911=CARTESIAN_POINT('Ctrl Pts',(8.30052119692317,16.5902416437579,7.99997960633498));
#2912=CARTESIAN_POINT('Ctrl Pts',(11.1163987446202,16.8284431489539,3.05352334082346));
#2913=CARTESIAN_POINT('Ctrl Pts',(11.2224341910821,17.06664465415,-2.637289644536));
#2914=CARTESIAN_POINT('Ctrl Pts',(8.59277929861569,17.3048461593461,-7.68521110755122));
#2915=CARTESIAN_POINT('Ctrl Pts',(3.86846446771555,17.5430476645422,-10.8597103324338));
#2916=CARTESIAN_POINT('Ctrl Pts',(-1.79886510407093,17.7812491697382,-11.3869403344227));
#2917=CARTESIAN_POINT('Ctrl Pts',(-7.02768572116441,18.0194506749343,-9.13837837074437));
#2918=CARTESIAN_POINT('Ctrl Pts',(-10.5433689203799,18.2576521801303,-4.66215590163098));
#2919=CARTESIAN_POINT('Ctrl Pts',(-11.4888973738308,18.4958536853264,0.950559296377659));
#2920=CARTESIAN_POINT('Ctrl Pts',(-9.63377981632042,18.7340551905225,6.33155686170501));
#2921=CARTESIAN_POINT('Ctrl Pts',(-5.43023785086703,18.9722566957185,10.1691121896338));
#2922=CARTESIAN_POINT('Ctrl Pts',(0.0970320129870559,19.2104582009146,11.5277452535525));
#2923=CARTESIAN_POINT('Ctrl Pts',(5.60064840416526,19.4486597061107,10.0762623673299));
#2924=CARTESIAN_POINT('Ctrl Pts',(9.73899595347446,19.6868612113068,6.16849119806092));
#2925=CARTESIAN_POINT('Ctrl Pts',(11.5032705799987,19.9250627165028,0.757028272710212));
#2926=CARTESIAN_POINT('Ctrl Pts',(10.4633954422241,20.1632642216989,-4.83897526982624));
#2927=CARTESIAN_POINT('Ctrl Pts',(6.87286067603961,20.4014657268949,-9.25538286458723));
#2928=CARTESIAN_POINT('Ctrl Pts',(1.60693015951212,20.6396672320911,-11.4156077939283));
#2929=CARTESIAN_POINT('Ctrl Pts',(-4.05072137206962,20.877868737287,-10.7930524972412));
#2930=CARTESIAN_POINT('Ctrl Pts',(-8.72092943687944,21.1160702424832,-7.5394771436298));
#2931=CARTESIAN_POINT('Ctrl Pts',(-11.2652384319575,21.3542717476792,-2.44800508853533));
#2932=CARTESIAN_POINT('Ctrl Pts',(-11.06342270763,21.5924732528753,3.24021663390631));
#2933=CARTESIAN_POINT('Ctrl Pts',(-8.16467883906838,21.8306747580713,8.13857145310011));
#2934=CARTESIAN_POINT('Ctrl Pts',(-3.27563298787252,22.0688762632675,11.0529884814519));
#2935=CARTESIAN_POINT('Ctrl Pts',(2.41191320346509,22.3070777684635,11.2730209146128));
#2936=CARTESIAN_POINT('Ctrl Pts',(7.51150783841978,22.5452792736596,8.74503149426599));
#2937=CARTESIAN_POINT('Ctrl Pts',(10.7800238433315,22.7834807788556,4.08526765090724));
#2938=CARTESIAN_POINT('Ctrl Pts',(11.420695783446,23.0216822840518,-1.57036099809371));
#2939=CARTESIAN_POINT('Ctrl Pts',(9.27734719943427,23.2598837892477,-6.84318308855421));
#2940=CARTESIAN_POINT('Ctrl Pts',(4.87246170888232,23.4980852944439,-10.4478439277139));
#2941=CARTESIAN_POINT('Ctrl Pts',(-0.720182711406315,23.7362867996399,-11.5056361277622));
#2942=CARTESIAN_POINT('Ctrl Pts',(-6.13726834895544,23.974488304836,-9.75870191446223));
#2943=CARTESIAN_POINT('Ctrl Pts',(-10.0582734175681,24.212689810032,-5.6328910605316));
#2944=CARTESIAN_POINT('Ctrl Pts',(-11.5273753654651,24.4508913152281,-0.133951579463979));
#2945=CARTESIAN_POINT('Ctrl Pts',(-10.186451530829,24.6890928204242,5.3976412490644));
#2946=CARTESIAN_POINT('Ctrl Pts',(-6.36237862461869,24.9272943256202,9.61345224550984));
#2947=CARTESIAN_POINT('Ctrl Pts',(-0.987350066845076,25.1654958308163,11.4857940819258));
#2948=CARTESIAN_POINT('Ctrl Pts',(4.62836460224359,25.4036973360124,10.5582463953792));
#2949=CARTESIAN_POINT('Ctrl Pts',(9.11582383909146,25.6418988412085,7.05691728578562));
#2950=CARTESIAN_POINT('Ctrl Pts',(11.3811206858148,25.8801003464045,1.83532498310943));
#2951=CARTESIAN_POINT('Ctrl Pts',(10.8720442173339,26.1183018516006,-3.83366408501522));
#2952=CARTESIAN_POINT('Ctrl Pts',(7.7126919054047,26.3565033567967,-8.5681217057921));
#2953=CARTESIAN_POINT('Ctrl Pts',(2.67321835174683,26.5947048619927,-11.2139301409298));
#2954=CARTESIAN_POINT('Ctrl Pts',(-3.01790502695425,26.8329063671888,-11.1261213132581));
#2955=CARTESIAN_POINT('Ctrl Pts',(-7.97335441422733,27.0711078723849,-8.32610022617696));
#2956=CARTESIAN_POINT('Ctrl Pts',(-10.9851408147272,27.3093093775809,-3.49642767641134));
#2957=CARTESIAN_POINT('Ctrl Pts',(-11.3190820619105,27.547510882777,2.18556863314571));
#2958=CARTESIAN_POINT('Ctrl Pts',(-8.89377268594631,27.7857123879731,7.33478867203407));
#2959=CARTESIAN_POINT('Ctrl Pts',(-4.30043117079407,28.0239138931691,10.6960102115995));
#2960=CARTESIAN_POINT('Ctrl Pts',(1.34122726668725,28.2621153983652,11.4498650418085));
#2961=CARTESIAN_POINT('Ctrl Pts',(6.65593158206977,28.5003169035613,9.41259393079942));
#2962=CARTESIAN_POINT('Ctrl Pts',(10.3481276715225,28.7385184087574,5.08080669420215));
#2963=CARTESIAN_POINT('Ctrl Pts',(11.517749635518,28.9767199139534,-0.48950773299766));
#2964=CARTESIAN_POINT('Ctrl Pts',(9.87971840743971,29.2149214191495,-5.94053417145008));
#2965=CARTESIAN_POINT('Ctrl Pts',(5.83325902809779,29.4531229243455,-9.94336084661822));
#2966=CARTESIAN_POINT('Ctrl Pts',(0.364928294421537,29.6913244295416,-11.5224480324859));
#2967=CARTESIAN_POINT('Ctrl Pts',(-5.1925595952765,29.9295259347377,-10.2924127188164));
#2968=CARTESIAN_POINT('Ctrl Pts',(-9.4838642238303,30.1677274399338,-6.5539869117183));
#2969=CARTESIAN_POINT('Ctrl Pts',(-11.4641055977933,30.4059289451298,-1.21670212191621));
#2970=CARTESIAN_POINT('Ctrl Pts',(-10.9197852368229,30.5647299485939,2.53735160430373));
#2971=CARTESIAN_POINT('Ctrl Pts',(-10.2153351327728,30.6441304503259,4.23612119982212));
#2972=CARTESIAN_POINT('Ctrl Pts',(0.693101311455584,-0.644130450325891,
-11.5959714994692));
#2973=CARTESIAN_POINT('Ctrl Pts',(-1.23526261961099,-0.564729948593868,
-11.7112314903762));
#2974=CARTESIAN_POINT('Ctrl Pts',(-5.14865469505727,-0.405928945129823,
-10.9610123266293));
#2975=CARTESIAN_POINT('Ctrl Pts',(-9.76570649883894,-0.167727439933756,
-7.16065394687839));
#2976=CARTESIAN_POINT('Ctrl Pts',(-12.0012685808184,0.0704740652623115,
-1.6159655415174));
#2977=CARTESIAN_POINT('Ctrl Pts',(-11.3117329003176,0.308675570458376,4.32324003380392));
#2978=CARTESIAN_POINT('Ctrl Pts',(-7.86451120034427,0.546877075654444,9.20827074150626));
#2979=CARTESIAN_POINT('Ctrl Pts',(-2.50027492042434,0.78507858085051,11.8487555301));
#2980=CARTESIAN_POINT('Ctrl Pts',(3.47351165308487,1.02328008604658,11.6007943124772));
#2981=CARTESIAN_POINT('Ctrl Pts',(8.6005311147456,1.26148159124265,8.52494940381917));
#2982=CARTESIAN_POINT('Ctrl Pts',(11.6310162118007,1.49968309643872,3.37095937900032));
#2983=CARTESIAN_POINT('Ctrl Pts',(11.826203268104,1.73788460163478,-2.6047584730501));
#2984=CARTESIAN_POINT('Ctrl Pts',(9.1385232737758,1.97608610683086,-7.94552011335065));
#2985=CARTESIAN_POINT('Ctrl Pts',(4.22314544359682,2.21428761202692,-11.349401402677));
#2986=CARTESIAN_POINT('Ctrl Pts',(-1.72170661015655,2.452489117223,-11.986642928646));
#2987=CARTESIAN_POINT('Ctrl Pts',(-7.24685913834216,2.69069062241906,-9.70190243364111));
#2988=CARTESIAN_POINT('Ctrl Pts',(-11.0054461279171,2.92889212761513,-5.05213164344257));
#2989=CARTESIAN_POINT('Ctrl Pts',(-12.0812380460992,3.16709363281119,0.829196354576991));
#2990=CARTESIAN_POINT('Ctrl Pts',(-10.2119891281191,3.40529513800726,6.50839124760022));
#2991=CARTESIAN_POINT('Ctrl Pts',(-5.85336587903658,3.64349664320332,10.6010370693899));
#2992=CARTESIAN_POINT('Ctrl Pts',(-0.0678688865256213,3.88169814839939,
12.1094703699272));
#2993=CARTESIAN_POINT('Ctrl Pts',(5.73417248064532,4.11989965359547,10.6659807272711));
#2994=CARTESIAN_POINT('Ctrl Pts',(10.1383958754951,4.35810115879153,6.62244727933486));
#2995=CARTESIAN_POINT('Ctrl Pts',(12.0711847132053,4.5963026639876,0.964561303318305));
#2996=CARTESIAN_POINT('Ctrl Pts',(11.0613834832255,4.83450416918367,-4.9284555731291));
#2997=CARTESIAN_POINT('Ctrl Pts',(7.35515120969507,5.07270567437974,-9.62006390695308));
#2998=CARTESIAN_POINT('Ctrl Pts',(1.85595532776563,5.31090717957581,-11.9665913574794));
#2999=CARTESIAN_POINT('Ctrl Pts',(-4.09566638041151,5.54910868477188,-11.3960254384681));
#3000=CARTESIAN_POINT('Ctrl Pts',(-9.04888838684082,5.78731018996794,-8.0474528800599));
#3001=CARTESIAN_POINT('Ctrl Pts',(-11.7962648417642,6.02551169516401,-2.73715448546398));
#3002=CARTESIAN_POINT('Ctrl Pts',(-11.6680683849808,6.26371320036007,3.24037946197512));
#3003=CARTESIAN_POINT('Ctrl Pts',(-8.69554943887542,6.50191470555615,8.42800681361736));
#3004=CARTESIAN_POINT('Ctrl Pts',(-3.60331829961952,6.7401162107522,11.5611407796056));
#3005=CARTESIAN_POINT('Ctrl Pts',(2.36729295686227,6.97831771594828,11.8760179753424));
#3006=CARTESIAN_POINT('Ctrl Pts',(7.76082972476011,7.21651922114434,9.2958808553862));
#3007=CARTESIAN_POINT('Ctrl Pts',(11.2625107206745,7.45472072634041,4.44968888361289));
#3008=CARTESIAN_POINT('Ctrl Pts',(12.0187319307693,7.69292223153648,-1.48120277834133));
#3009=CARTESIAN_POINT('Ctrl Pts',(9.84514947533605,7.93112373673255,-7.05102196157027));
#3010=CARTESIAN_POINT('Ctrl Pts',(5.2716170762102,8.16932524192863,-10.9020150566795));
#3011=CARTESIAN_POINT('Ctrl Pts',(-0.586976269620019,8.4075267471247,-12.0954263154781));
#3012=CARTESIAN_POINT('Ctrl Pts',(-6.30248253802667,8.64572825232076,-10.3403381352897));
#3013=CARTESIAN_POINT('Ctrl Pts',(-10.4816340105865,8.88392975751682,-6.06458797960539));
#3014=CARTESIAN_POINT('Ctrl Pts',(-12.1056798428983,9.1221312627129,-0.310474532775957));
#3015=CARTESIAN_POINT('Ctrl Pts',(-10.7787267360768,9.36033276790894,5.51932322329837));
#3016=CARTESIAN_POINT('Ctrl Pts',(-6.82424576001034,9.59853427310503,10.003676759134));
#3017=CARTESIAN_POINT('Ctrl Pts',(-1.2062198810948,9.83673577830108,12.0494361898269));
#3018=CARTESIAN_POINT('Ctrl Pts',(4.7058459555651,10.0749372834972,11.1579071844477));
#3019=CARTESIAN_POINT('Ctrl Pts',(9.47076874839627,10.3131387886932,7.54641757449571));
#3020=CARTESIAN_POINT('Ctrl Pts',(11.9270043058145,10.5513402938893,2.09533939573995));
#3021=CARTESIAN_POINT('Ctrl Pts',(11.4757966208653,10.7895417990854,-3.8665192112278));
#3022=CARTESIAN_POINT('Ctrl Pts',(8.2271364926524,11.0277433042814,-8.88583727205963));
#3023=CARTESIAN_POINT('Ctrl Pts',(2.9729490931921,11.2659448094775,-11.7390567160886));
#3024=CARTESIAN_POINT('Ctrl Pts',(-3.00595345931719,11.5041463146736,-11.7306488607697));
#3025=CARTESIAN_POINT('Ctrl Pts',(-8.25209539163438,11.7423478198696,-8.86266328716284));
#3026=CARTESIAN_POINT('Ctrl Pts',(-11.4866258273344,11.9805493250657,-3.83422821400502));
#3027=CARTESIAN_POINT('Ctrl Pts',(-11.9210639864679,12.2187508302618,2.12887583592752));
#3028=CARTESIAN_POINT('Ctrl Pts',(-9.44950697358749,12.4569523354578,7.57302428692649));
#3029=CARTESIAN_POINT('Ctrl Pts',(-4.67444570350929,12.6951538406539,11.1710982566264));
#3030=CARTESIAN_POINT('Ctrl Pts',(1.24010417779176,12.93335534585,12.045996036961));
#3031=CARTESIAN_POINT('Ctrl Pts',(6.85235413372138,13.171556851046,9.98444398653868));
#3032=CARTESIAN_POINT('Ctrl Pts',(10.7942072146634,13.4097583562421,5.4889861997609));
#3033=CARTESIAN_POINT('Ctrl Pts',(12.1047587534665,13.6479598614382,-0.344520557634182));
#3034=CARTESIAN_POINT('Ctrl Pts',(10.4645358869064,13.8861613666343,-6.09404361371864));
#3035=CARTESIAN_POINT('Ctrl Pts',(6.2733753859845,14.1243628718303,-10.3580229851445));
#3036=CARTESIAN_POINT('Ctrl Pts',(0.55295553333059,14.3625643770264,-12.0970293490764));
#3037=CARTESIAN_POINT('Ctrl Pts',(-5.30225816927001,14.6007658822225,-10.8871455028702));
#3038=CARTESIAN_POINT('Ctrl Pts',(-9.86494155258366,14.8389673874185,-7.02330456824744));
#3039=CARTESIAN_POINT('Ctrl Pts',(-12.0228502818439,15.0771688926146,-1.44739420843933));
#3040=CARTESIAN_POINT('Ctrl Pts',(-11.2499514160317,15.3153703978107,4.48134712237109));
#3041=CARTESIAN_POINT('Ctrl Pts',(-7.7346543433573,15.5535719030067,9.31767144103296));
#3042=CARTESIAN_POINT('Ctrl Pts',(-2.33388226572472,15.7917734082028,11.8826290215589));
#3043=CARTESIAN_POINT('Ctrl Pts',(3.63581978359021,16.0299749133989,11.550960713097));
#3044=CARTESIAN_POINT('Ctrl Pts',(8.7192188360066,16.2681764185949,8.40351722697615));
#3045=CARTESIAN_POINT('Ctrl Pts',(11.6771358114935,16.506377923791,3.20755017641094));
#3046=CARTESIAN_POINT('Ctrl Pts',(11.7885199330614,16.7445794289871,-2.77032068217201));
#3047=CARTESIAN_POINT('Ctrl Pts',(9.02621911765125,16.9827809341831,-8.07287107133543));
#3048=CARTESIAN_POINT('Ctrl Pts',(4.06359883350827,17.2209824393792,-11.4074994374126));
#3049=CARTESIAN_POINT('Ctrl Pts',(-1.88960405337731,17.4591839445753,-11.9613241497636));
#3050=CARTESIAN_POINT('Ctrl Pts',(-7.38217857165703,17.6973854497713,-9.59933947886129));
#3051=CARTESIAN_POINT('Ctrl Pts',(-11.0752010270897,17.9355869549674,-4.89732591357857));
#3052=CARTESIAN_POINT('Ctrl Pts',(-12.0684241399184,18.1737884601635,0.998507723200495));
#3053=CARTESIAN_POINT('Ctrl Pts',(-10.1197301282163,18.4119899653595,6.65093534973309));
#3054=CARTESIAN_POINT('Ctrl Pts',(-5.70415170686225,18.6501914705556,10.6820659143893));
#3055=CARTESIAN_POINT('Ctrl Pts',(0.101926533920051,18.8883929757517,12.1092315972542));
#3056=CARTESIAN_POINT('Ctrl Pts',(5.88315816572452,19.1265944809477,10.5845325305998));
#3057=CARTESIAN_POINT('Ctrl Pts',(10.2302536126049,19.3647959861438,6.4796442738813));
#3058=CARTESIAN_POINT('Ctrl Pts',(12.0835223641118,19.6029974913399,0.795214543545905));
#3059=CARTESIAN_POINT('Ctrl Pts',(10.9911935002641,19.8411989965359,-5.08306446290128));
#3060=CARTESIAN_POINT('Ctrl Pts',(7.21954379033293,20.079400501732,-9.72224595213073));
#3061=CARTESIAN_POINT('Ctrl Pts',(1.68798746278231,20.3176020069281,-11.9914376627553));
#3062=CARTESIAN_POINT('Ctrl Pts',(-4.25504920098943,20.5558035121242,-11.3374792256223));
#3063=CARTESIAN_POINT('Ctrl Pts',(-9.16083344762856,20.7940050173202,-7.91978594654345));
#3064=CARTESIAN_POINT('Ctrl Pts',(-11.8334833196304,21.0322065225163,-2.57148817191254));
#3065=CARTESIAN_POINT('Ctrl Pts',(-11.6214875397015,21.2704080277124,3.40366071441035));
#3066=CARTESIAN_POINT('Ctrl Pts',(-8.57652427295023,21.5086095329084,8.549099969573));
#3067=CARTESIAN_POINT('Ctrl Pts',(-3.44086355183209,21.7468110381045,11.610526986831));
#3068=CARTESIAN_POINT('Ctrl Pts',(2.5335757280231,21.9850125433006,11.8416583688532));
#3069=CARTESIAN_POINT('Ctrl Pts',(7.89040580437747,22.2232140484966,9.18615126897563));
#3070=CARTESIAN_POINT('Ctrl Pts',(11.3237933760374,22.4614155536927,4.29133807466482));
#3071=CARTESIAN_POINT('Ctrl Pts',(11.9967823023252,22.6996170588887,-1.64957366761309));
#3072=CARTESIAN_POINT('Ctrl Pts',(9.74531821923001,22.9378185640849,-7.18836919615131));
#3073=CARTESIAN_POINT('Ctrl Pts',(5.11824003600588,23.1760200692809,-10.9748575311087));
#3074=CARTESIAN_POINT('Ctrl Pts',(-0.75651040623665,23.414221574477,-12.086007235619));
#3075=CARTESIAN_POINT('Ctrl Pts',(-6.44684647148122,23.652423079673,-10.2509535882028));
#3076=CARTESIAN_POINT('Ctrl Pts',(-10.5656361762768,23.8906245848691,-5.91702721684102));
#3077=CARTESIAN_POINT('Ctrl Pts',(-12.1088430511495,24.1288260900652,-0.140708409395793));
#3078=CARTESIAN_POINT('Ctrl Pts',(-10.7002798923754,24.3670275952612,5.66991085647655));
#3079=CARTESIAN_POINT('Ctrl Pts',(-6.68331183421884,24.6052291004573,10.098377187347));
#3080=CARTESIAN_POINT('Ctrl Pts',(-1.03715430589576,24.8434306056534,12.0651643107354));
#3081=CARTESIAN_POINT('Ctrl Pts',(4.86183010227688,25.0816321108494,11.0908289566098));
#3082=CARTESIAN_POINT('Ctrl Pts',(9.57564724405341,25.3198336160455,7.41288464454143));
#3083=CARTESIAN_POINT('Ctrl Pts',(11.9552109445133,25.5580351212416,1.92790305370861));
#3084=CARTESIAN_POINT('Ctrl Pts',(11.4204554722194,25.7962366264377,-4.02704303837899));
#3085=CARTESIAN_POINT('Ctrl Pts',(8.10173806469499,26.0344381316337,-9.00031773836465));
#3086=CARTESIAN_POINT('Ctrl Pts',(2.80806171713041,26.2726396368298,-11.7795869187951));
#3087=CARTESIAN_POINT('Ctrl Pts',(-3.17013519175789,26.5108411420259,-11.6873488091584));
#3088=CARTESIAN_POINT('Ctrl Pts',(-8.37554899811078,26.7490426472219,-8.74608813112495));
#3089=CARTESIAN_POINT('Ctrl Pts',(-11.5392569256324,26.987244152418,-3.67279563917036));
#3090=CARTESIAN_POINT('Ctrl Pts',(-11.8900429477968,27.2254456576141,2.29581380992957));
#3091=CARTESIAN_POINT('Ctrl Pts',(-9.34239531310503,27.4636471628101,7.70477251127717));
#3092=CARTESIAN_POINT('Ctrl Pts',(-4.51735494407709,27.7018486680062,11.2355419008708));
#3093=CARTESIAN_POINT('Ctrl Pts',(1.40888189664523,27.9400501732023,12.0274229260779));
#3094=CARTESIAN_POINT('Ctrl Pts',(6.99167228716506,28.1782516783983,9.88738711100808));
#3095=CARTESIAN_POINT('Ctrl Pts',(10.8701113544997,28.4164531835944,5.33709442807243));
#3096=CARTESIAN_POINT('Ctrl Pts',(12.0987317769446,28.6546546887904,-0.514199644174893));
#3097=CARTESIAN_POINT('Ctrl Pts',(10.3780744351958,28.8928561939866,-6.24018856344206));
#3098=CARTESIAN_POINT('Ctrl Pts',(6.12750221178268,29.1310576991826,-10.4449271473677));
#3099=CARTESIAN_POINT('Ctrl Pts',(0.383336128301371,29.3692592043787,-12.1036671720083));
#3100=CARTESIAN_POINT('Ctrl Pts',(-5.45448440599177,29.6074607095747,-10.8115860096982));
#3101=CARTESIAN_POINT('Ctrl Pts',(-9.96225244376248,29.8456622147708,-6.88458528999088));
#3102=CARTESIAN_POINT('Ctrl Pts',(-12.0423818089038,30.0838637199669,-1.2780754132829));
#3103=CARTESIAN_POINT('Ctrl Pts',(-11.4706046600238,30.2426647234309,2.66534153421805));
#3104=CARTESIAN_POINT('Ctrl Pts',(-10.7306204505337,30.3220652251629,4.44980102825195));
#3105=CARTESIAN_POINT('Ctrl Pts',(0.72638409609607,-0.966195675488837,-12.1528110490923));
#3106=CARTESIAN_POINT('Ctrl Pts',(-1.29458003694009,-0.886795173756814,
-12.2736058346845));
#3107=CARTESIAN_POINT('Ctrl Pts',(-5.39589353672666,-0.72799417029277,-11.4873610821132));
#3108=CARTESIAN_POINT('Ctrl Pts',(-10.2346565655766,-0.489792665096702,
-7.50450916581959));
#3109=CARTESIAN_POINT('Ctrl Pts',(-12.5775705311771,-0.251591159900635,
-1.69356434592858));
#3110=CARTESIAN_POINT('Ctrl Pts',(-11.8549232879412,-0.0133896547045702,
4.53084239238559));
#3111=CARTESIAN_POINT('Ctrl Pts',(-8.2421657051872,0.224811850491498,9.65045269519092));
#3112=CARTESIAN_POINT('Ctrl Pts',(-2.62033833733482,0.463013355687563,12.4177337906344));
#3113=CARTESIAN_POINT('Ctrl Pts',(3.64030998167705,0.701214860883633,12.157865453996));
#3114=CARTESIAN_POINT('Ctrl Pts',(9.01352935923704,0.9394163660797,8.93431820804563));
#3115=CARTESIAN_POINT('Ctrl Pts',(12.1895386115266,1.17761787127577,3.53283313856293));
#3116=CARTESIAN_POINT('Ctrl Pts',(12.3940985670759,1.41581937647184,-2.72983919915194));
#3117=CARTESIAN_POINT('Ctrl Pts',(9.57735594805597,1.65402088166791,-8.32706467316964));
#3118=CARTESIAN_POINT('Ctrl Pts',(4.42594125134027,1.89222238686398,-11.8944006350265));
#3119=CARTESIAN_POINT('Ctrl Pts',(-1.8043831097863,2.13042389206004,-12.5622425539283));
#3120=CARTESIAN_POINT('Ctrl Pts',(-7.59485393799828,2.36862539725612,-10.1677886236755));
#3121=CARTESIAN_POINT('Ctrl Pts',(-11.5339285983638,2.60682690245218,-5.29473543986441));
#3122=CARTESIAN_POINT('Ctrl Pts',(-12.6613801370647,2.84502840764824,0.869014434903669));
#3123=CARTESIAN_POINT('Ctrl Pts',(-10.7023697251322,3.08322991284432,6.82092475557322));
#3124=CARTESIAN_POINT('Ctrl Pts',(-6.13444501242446,3.32143141804038,11.1100997820334));
#3125=CARTESIAN_POINT('Ctrl Pts',(-0.0711279562989534,3.55963292323644,
12.6909681795132));
#3126=CARTESIAN_POINT('Ctrl Pts',(6.00952793678191,3.79783442843252,11.1781620399566));
#3127=CARTESIAN_POINT('Ctrl Pts',(10.6252425181821,4.03603593362858,6.94045776777005));
#3128=CARTESIAN_POINT('Ctrl Pts',(12.6508440422598,4.27423743882466,1.0108796201362));
#3129=CARTESIAN_POINT('Ctrl Pts',(11.5925520702895,4.51243894402072,-5.16512043400806));
#3130=CARTESIAN_POINT('Ctrl Pts',(7.70834620393967,4.75064044921679,-10.082020203891));
#3131=CARTESIAN_POINT('Ctrl Pts',(1.94507846237154,4.98884195441286,-12.5412281045882));
#3132=CARTESIAN_POINT('Ctrl Pts',(-4.29234063256699,5.22704345960893,-11.9432635610298));
#3133=CARTESIAN_POINT('Ctrl Pts',(-9.48341678613432,5.465244964805,-8.43389226011098));
#3134=CARTESIAN_POINT('Ctrl Pts',(-12.3627224949261,5.70344647000106,-2.86859287947902));
#3135=CARTESIAN_POINT('Ctrl Pts',(-12.2283700332524,5.94164797519714,3.39598276268145));
#3136=CARTESIAN_POINT('Ctrl Pts',(-9.11311047147106,6.17984948039319,8.83272042631717));
#3137=CARTESIAN_POINT('Ctrl Pts',(-3.77634995455248,6.41805098558926,12.1163077550624));
#3138=CARTESIAN_POINT('Ctrl Pts',(2.48097056843499,6.65625249078533,12.4463053808442));
#3139=CARTESIAN_POINT('Ctrl Pts',(8.13350543622025,6.8944539959814,9.74226985428113));
#3140=CARTESIAN_POINT('Ctrl Pts',(11.8033374549944,7.13265550117746,4.66336332684751));
#3141=CARTESIAN_POINT('Ctrl Pts',(12.5958724726959,7.37085700637354,-1.55233026326398));
#3142=CARTESIAN_POINT('Ctrl Pts',(10.3179144006438,7.60905851156961,-7.38961264313952));
#3143=CARTESIAN_POINT('Ctrl Pts',(5.52476058200755,7.84726001676568,-11.4255307581817));
#3144=CARTESIAN_POINT('Ctrl Pts',(-0.615162920615968,8.08546152196174,-12.6762497283605));
#3145=CARTESIAN_POINT('Ctrl Pts',(-6.60512829204067,8.32366302715782,-10.8368820626758));
#3146=CARTESIAN_POINT('Ctrl Pts',(-10.9849629780676,8.56186453235387,-6.35581001644527));
#3147=CARTESIAN_POINT('Ctrl Pts',(-12.6869956310501,8.80006603754995,-0.325383546566507));
#3148=CARTESIAN_POINT('Ctrl Pts',(-11.2963221218106,9.038267542746,5.78436159960224));
#3149=CARTESIAN_POINT('Ctrl Pts',(-7.15194662885905,9.27646904794209,10.4840541782563));
#3150=CARTESIAN_POINT('Ctrl Pts',(-1.26414266362025,9.51467055313814,12.6280511529165));
#3151=CARTESIAN_POINT('Ctrl Pts',(4.93182108344568,9.75287205833422,11.6937108479534));
#3152=CARTESIAN_POINT('Ctrl Pts',(9.92555587896847,9.99107356353028,7.90879719604286));
#3153=CARTESIAN_POINT('Ctrl Pts',(12.4997400792946,10.2292750687264,2.19595777389693));
#3154=CARTESIAN_POINT('Ctrl Pts',(12.0268653624727,10.4674765739224,-4.05218979659336));
#3155=CARTESIAN_POINT('Ctrl Pts',(8.62220429524793,10.7056780791185,-9.31253594278536));
#3156=CARTESIAN_POINT('Ctrl Pts',(3.11571036456819,10.9438795843146,-12.3027672301309));
#3157=CARTESIAN_POINT('Ctrl Pts',(-3.15029960319573,11.1820810895106,-12.2939556288758));
#3158=CARTESIAN_POINT('Ctrl Pts',(-8.64836172270755,11.4202825947067,-9.28824914113894));
#3159=CARTESIAN_POINT('Ctrl Pts',(-12.0382145883686,11.6584840999028,-4.01834818290423));
#3160=CARTESIAN_POINT('Ctrl Pts',(-12.4935145053015,11.8966856050988,2.23110463682923));
#3161=CARTESIAN_POINT('Ctrl Pts',(-9.90327311190309,12.1348871102949,7.93668156509497));
#3162=CARTESIAN_POINT('Ctrl Pts',(-4.89891298858311,12.373088615491,11.7075353565536));
#3163=CARTESIAN_POINT('Ctrl Pts',(1.29965408716147,12.611290120687,12.6244458036139));
#3164=CARTESIAN_POINT('Ctrl Pts',(7.18140476909536,12.8494916258831,10.4638978462653));
#3165=CARTESIAN_POINT('Ctrl Pts',(11.3125459743116,13.0876931310792,5.75256778958299));
#3166=CARTESIAN_POINT('Ctrl Pts',(12.6860303108245,13.3258946362752,-0.361064464469213));
#3167=CARTESIAN_POINT('Ctrl Pts',(10.9670438010165,13.5640961414713,-6.38668011264427));
#3168=CARTESIAN_POINT('Ctrl Pts',(6.57462341205178,13.8022976466674,-10.855416140543));
#3169=CARTESIAN_POINT('Ctrl Pts',(0.579508505641318,14.0404991518634,-12.6779297397702));
#3170=CARTESIAN_POINT('Ctrl Pts',(-5.55687306299378,14.2787006570595,-11.4099471671185));
#3171=CARTESIAN_POINT('Ctrl Pts',(-10.3386568951446,14.5169021622556,-7.36056425820333));
#3172=CARTESIAN_POINT('Ctrl Pts',(-12.6001885873436,14.7551036674516,-1.51689820292492));
#3173=CARTESIAN_POINT('Ctrl Pts',(-11.7901750514615,14.9933051726477,4.69654179695611));
#3174=CARTESIAN_POINT('Ctrl Pts',(-8.10607311074922,15.2315066778438,9.76510682572648));
#3175=CARTESIAN_POINT('Ctrl Pts',(-2.4459554930329,15.4697081830398,12.453233890069));
#3176=CARTESIAN_POINT('Ctrl Pts',(3.81041216258126,15.7079096882359,12.1056388408838));
#3177=CARTESIAN_POINT('Ctrl Pts',(9.13791647509002,15.946111193432,8.80705484761731));
#3178=CARTESIAN_POINT('Ctrl Pts',(12.2378728783668,16.184312698628,3.36157701199842));
#3179=CARTESIAN_POINT('Ctrl Pts',(12.3546056750407,16.4225142038241,-2.90335171980802));
#3180=CARTESIAN_POINT('Ctrl Pts',(9.4596589366868,16.6607157090202,-8.46053103511964));
#3181=CARTESIAN_POINT('Ctrl Pts',(4.25873319930098,16.8989172142163,-11.9552885423913));
#3182=CARTESIAN_POINT('Ctrl Pts',(-1.98034300268368,17.1371187194123,-12.5357079651044));
#3183=CARTESIAN_POINT('Ctrl Pts',(-7.73667142214965,17.3753202246084,-10.0603005869782));
#3184=CARTESIAN_POINT('Ctrl Pts',(-11.6070331337995,17.6135217298045,-5.13249592552617));
#3185=CARTESIAN_POINT('Ctrl Pts',(-12.6479509060061,17.8517232350005,1.04645615002334));
#3186=CARTESIAN_POINT('Ctrl Pts',(-10.6056804401121,18.0899247401966,6.97031383776116));
#3187=CARTESIAN_POINT('Ctrl Pts',(-5.97806556285749,18.3281262453927,11.1950196391448));
#3188=CARTESIAN_POINT('Ctrl Pts',(0.106821054853054,18.5663277505887,12.690717940956));
#3189=CARTESIAN_POINT('Ctrl Pts',(6.16566792728378,18.8045292557848,11.0928026938698));
#3190=CARTESIAN_POINT('Ctrl Pts',(10.7215112717352,19.0427307609809,6.79079734970169));
#3191=CARTESIAN_POINT('Ctrl Pts',(12.6637741482249,19.2809322661769,0.833400814381603));
#3192=CARTESIAN_POINT('Ctrl Pts',(11.518991558304,19.519133771373,-5.32715365597632));
#3193=CARTESIAN_POINT('Ctrl Pts',(7.56622690462625,19.7573352765691,-10.1891090396742));
#3194=CARTESIAN_POINT('Ctrl Pts',(1.7690447660525,19.9955367817651,-12.5672675315823));
#3195=CARTESIAN_POINT('Ctrl Pts',(-4.45937702990926,20.2337382869612,-11.8819059540033));
#3196=CARTESIAN_POINT('Ctrl Pts',(-9.60073745837766,20.4719397921573,-8.30009474945709));
#3197=CARTESIAN_POINT('Ctrl Pts',(-12.4017282073034,20.7101412973533,-2.69497125528975));
#3198=CARTESIAN_POINT('Ctrl Pts',(-12.1795523717729,20.9483428025494,3.56710479491439));
#3199=CARTESIAN_POINT('Ctrl Pts',(-8.98836970683208,21.1865443077454,8.95962848604589));
#3200=CARTESIAN_POINT('Ctrl Pts',(-3.60609411579165,21.4247458129416,12.1680654922101));
#3201=CARTESIAN_POINT('Ctrl Pts',(2.65523825258111,21.6629473181376,12.4102958230935));
#3202=CARTESIAN_POINT('Ctrl Pts',(8.26930377033517,21.9011488233337,9.62727104368527));
#3203=CARTESIAN_POINT('Ctrl Pts',(11.8675629087432,22.1393503285297,4.4974084984224));
#3204=CARTESIAN_POINT('Ctrl Pts',(12.5728688212044,22.3775518337258,-1.72878633713248));
#3205=CARTESIAN_POINT('Ctrl Pts',(10.2132892390257,22.6157533389219,-7.53355530374842));
#3206=CARTESIAN_POINT('Ctrl Pts',(5.36401836312944,22.853954844118,-11.5018711345036));
#3207=CARTESIAN_POINT('Ctrl Pts',(-0.792838101066985,23.092156349314,-12.6663783434757));
#3208=CARTESIAN_POINT('Ctrl Pts',(-6.75642459400701,23.3303578545101,-10.7432052619433));
#3209=CARTESIAN_POINT('Ctrl Pts',(-11.0729989349855,23.5685593597061,-6.20116337315045));
#3210=CARTESIAN_POINT('Ctrl Pts',(-12.6903107368338,23.8067608649022,-0.147465239327617));
#3211=CARTESIAN_POINT('Ctrl Pts',(-11.2141082539217,24.0449623700983,5.94218046388871));
#3212=CARTESIAN_POINT('Ctrl Pts',(-7.004245043819,24.2831638752943,10.5833021291842));
#3213=CARTESIAN_POINT('Ctrl Pts',(-1.08695854494645,24.5213653804905,12.6445345395451));
#3214=CARTESIAN_POINT('Ctrl Pts',(5.09529560231017,24.7595668856864,11.6234115178404));
#3215=CARTESIAN_POINT('Ctrl Pts',(10.0354706490153,24.9977683908826,7.76885200329725));
#3216=CARTESIAN_POINT('Ctrl Pts',(12.5293012032118,25.2359698960786,2.02048112430779));
#3217=CARTESIAN_POINT('Ctrl Pts',(11.9688667271049,25.4741714012747,-4.22042199174276));
#3218=CARTESIAN_POINT('Ctrl Pts',(8.49078422398529,25.7123729064708,-9.43251377093719));
#3219=CARTESIAN_POINT('Ctrl Pts',(2.94290508251399,25.9505744116668,-12.3452436966603));
#3220=CARTESIAN_POINT('Ctrl Pts',(-3.32236535656153,26.1887759168629,-12.2485763050587));
#3221=CARTESIAN_POINT('Ctrl Pts',(-8.77774358199424,26.426977422059,-9.16607603607295));
#3222=CARTESIAN_POINT('Ctrl Pts',(-12.0933730365376,26.665178927255,-3.84916360192937));
#3223=CARTESIAN_POINT('Ctrl Pts',(-12.4610038336831,26.9033804324511,2.40605898671341));
#3224=CARTESIAN_POINT('Ctrl Pts',(-9.79101794026374,27.1415819376472,8.07475635052028));
#3225=CARTESIAN_POINT('Ctrl Pts',(-4.7342787173601,27.3797834428433,11.7750735901422));
#3226=CARTESIAN_POINT('Ctrl Pts',(1.47653652660322,27.6179849480393,12.6049808103474));
#3227=CARTESIAN_POINT('Ctrl Pts',(7.32741299226035,27.8561864532354,10.3621802912168));
#3228=CARTESIAN_POINT('Ctrl Pts',(11.3920950374768,28.0943879584314,5.59338216194271));
#3229=CARTESIAN_POINT('Ctrl Pts',(12.6797139183712,28.3325894636275,-0.538891555352132));
#3230=CARTESIAN_POINT('Ctrl Pts',(10.8764304629519,28.5707909688236,-6.53984295543403));
#3231=CARTESIAN_POINT('Ctrl Pts',(6.42174539546757,28.8089924740197,-10.9464934481172));
#3232=CARTESIAN_POINT('Ctrl Pts',(0.40174396218121,29.0471939792157,-12.6848863115307));
#3233=CARTESIAN_POINT('Ctrl Pts',(-5.71640921670705,29.2853954844118,-11.33075930058));
#3234=CARTESIAN_POINT('Ctrl Pts',(-10.4406406636947,29.5235969896079,-7.21518366826346));
#3235=CARTESIAN_POINT('Ctrl Pts',(-12.6206580200143,29.7617984948039,-1.33944870464959));
#3236=CARTESIAN_POINT('Ctrl Pts',(-12.0214240832246,29.920599498268,2.79333146413236));
#3237=CARTESIAN_POINT('Ctrl Pts',(-11.2459057682946,30.,4.66348085668178));
#3238=CARTESIAN_POINT('Ctrl Pts',(7.41277643916711,0.874873996034928,9.65728036780664));
#3239=CARTESIAN_POINT('Ctrl Pts',(7.84828414551544,0.896388119383185,9.32368305568927));
#3240=CARTESIAN_POINT('Ctrl Pts',(9.78534510900338,0.997302744463466,7.62167995116742));
#3241=CARTESIAN_POINT('Ctrl Pts',(12.1895386115266,1.17761787127577,3.53283313856293));
#3242=CARTESIAN_POINT('Ctrl Pts',(12.3940985670759,1.41581937647184,-2.72983919915194));
#3243=CARTESIAN_POINT('Ctrl Pts',(9.57735594805597,1.65402088166791,-8.32706467316964));
#3244=CARTESIAN_POINT('Ctrl Pts',(4.42594125134027,1.89222238686398,-11.8944006350265));
#3245=CARTESIAN_POINT('Ctrl Pts',(-1.8043831097863,2.13042389206004,-12.5622425539283));
#3246=CARTESIAN_POINT('Ctrl Pts',(-7.59485393799828,2.36862539725612,-10.1677886236755));
#3247=CARTESIAN_POINT('Ctrl Pts',(-11.5339285983638,2.60682690245218,-5.29473543986441));
#3248=CARTESIAN_POINT('Ctrl Pts',(-12.6613801370647,2.84502840764824,0.869014434903669));
#3249=CARTESIAN_POINT('Ctrl Pts',(-10.7023697251322,3.08322991284432,6.82092475557322));
#3250=CARTESIAN_POINT('Ctrl Pts',(-6.13444501242446,3.32143141804038,11.1100997820334));
#3251=CARTESIAN_POINT('Ctrl Pts',(-0.0711279562989534,3.55963292323644,
12.6909681795132));
#3252=CARTESIAN_POINT('Ctrl Pts',(4.63818159878326,3.74411378256797,11.5193392412423));
#3253=CARTESIAN_POINT('Ctrl Pts',(6.89297841479364,3.84919414016746,10.0565606555839));
#3254=CARTESIAN_POINT('Ctrl Pts',(7.41212908382452,3.87487399603493,9.65740219111606));
#3255=CARTESIAN_POINT('Ctrl Pts',(0.626535742174613,1.11022302462516E-15,
-10.4822924002232));
#3256=CARTESIAN_POINT('Ctrl Pts',(0.374079601931214,1.16980937189733E-15,
-10.517429191663));
#3257=CARTESIAN_POINT('Ctrl Pts',(0.120612753812389,2.49519793224475E-16,
-10.5431346491698));
#3258=CARTESIAN_POINT('Ctrl Pts',(-0.1333542170628,7.07767178198537E-16,
-10.5595883984222));
#3259=CARTESIAN_POINT('Ctrl Pts',(-0.390321545734675,1.17142828334881E-15,
-10.5762365317502));
#3260=CARTESIAN_POINT('Ctrl Pts',(-0.64780145123159,1.79550386302056E-15,
-10.5834131540157));
#3261=CARTESIAN_POINT('Ctrl Pts',(-0.905283721545423,1.84574577843932E-15,
-10.5812537883637));
#3262=CARTESIAN_POINT('Ctrl Pts',(-1.16440341126493,1.89630719969118E-15,
-10.5790806905537));
#3263=CARTESIAN_POINT('Ctrl Pts',(-1.42352612071127,2.3530899709271E-15,
-10.5674525348366));
#3264=CARTESIAN_POINT('Ctrl Pts',(-1.68214160275274,2.26207941267376E-15,
-10.5464555923889));
#3265=CARTESIAN_POINT('Ctrl Pts',(-1.74484985317953,2.24001146518128E-15,
-10.5413643213064));
#3266=CARTESIAN_POINT('Ctrl Pts',(-1.80752830111009,1.31638920724874E-15,
-10.535721972777));
#3267=CARTESIAN_POINT('Ctrl Pts',(-1.87016969294712,1.23512311489549E-15,
-10.5295293163432));
#3268=CARTESIAN_POINT('Ctrl Pts',(-1.90901840650269,1.18472380142198E-15,
-10.5256887769029));
#3269=CARTESIAN_POINT('Ctrl Pts',(-1.94784596383532,1.32787191898444E-15,
-10.5216372267722));
#3270=CARTESIAN_POINT('Ctrl Pts',(-1.98664221341019,1.36002320516582E-15,
-10.517376059609));
#3271=CARTESIAN_POINT('Ctrl Pts',(-2.24773802403764,1.57639891725729E-15,
-10.4886987285036));
#3272=CARTESIAN_POINT('Ctrl Pts',(-2.50753255413872,2.27031069507115E-15,
-10.4505201415842));
#3273=CARTESIAN_POINT('Ctrl Pts',(-2.76549857397676,2.02615701994091E-15,
-10.4029842958829));
#3274=CARTESIAN_POINT('Ctrl Pts',(-3.02430053638463,1.78121216134103E-15,
-10.355294409595));
#3275=CARTESIAN_POINT('Ctrl Pts',(-3.28126277322365,1.5141428538998E-15,
-10.2981865298304));
#3276=CARTESIAN_POINT('Ctrl Pts',(-3.53585863779019,1.33226762955019E-15,
-10.2317538465589));
#3277=CARTESIAN_POINT('Ctrl Pts',(-3.72289828672522,1.19865242660788E-15,
-10.182948867821));
#3278=CARTESIAN_POINT('Ctrl Pts',(-3.90866093311725,2.74657037065514E-15,
-10.1291100680222));
#3279=CARTESIAN_POINT('Ctrl Pts',(-4.09293658001797,3.10862446895044E-15,
-10.0702564938802));
#3280=CARTESIAN_POINT('Ctrl Pts',(-4.17184304751495,3.26365531768042E-15,
-10.0450555098477));
#3281=CARTESIAN_POINT('Ctrl Pts',(-4.25047684035018,1.31058176678141E-15,
-10.0189348602448));
#3282=CARTESIAN_POINT('Ctrl Pts',(-4.32882130182045,1.33226762955019E-15,
-9.99189519223914));
#3283=CARTESIAN_POINT('Ctrl Pts',(-4.36741832752629,1.34295134333202E-15,
-9.97857388347646));
#3284=CARTESIAN_POINT('Ctrl Pts',(-4.40594849787742,1.16984919331651E-15,
-9.96502824007925));
#3285=CARTESIAN_POINT('Ctrl Pts',(-4.44438501032282,1.19348975147204E-15,
-9.95126736233701));
#3286=CARTESIAN_POINT('Ctrl Pts',(-4.51013211511357,1.23392781818196E-15,
-9.9277288617455));
#3287=CARTESIAN_POINT('Ctrl Pts',(-4.57561921708615,1.7880216663358E-15,
-9.9035558988948));
#3288=CARTESIAN_POINT('Ctrl Pts',(-4.64083689760208,1.77635683940025E-15,
-9.87875146575269));
#3289=CARTESIAN_POINT('Ctrl Pts',(-4.88438107188242,1.73134454658246E-15,
-9.78612359030083));
#3290=CARTESIAN_POINT('Ctrl Pts',(-5.12416818148991,1.04499543983953E-15,
-9.68469396024373));
#3291=CARTESIAN_POINT('Ctrl Pts',(-5.35984435352629,8.88178419700125E-16,
-9.57488994398675));
#3292=CARTESIAN_POINT('Ctrl Pts',(-5.59885086847844,7.29145416300375E-16,
-9.46353428581152));
#3293=CARTESIAN_POINT('Ctrl Pts',(-5.83362995495711,1.29531662307103E-15,
-9.34356571579202));
#3294=CARTESIAN_POINT('Ctrl Pts',(-6.0638076214612,1.16573417585641E-15,
-9.21537588873242));
#3295=CARTESIAN_POINT('Ctrl Pts',(-6.29617972533582,1.03491633265812E-15,
-9.08596394246683));
#3296=CARTESIAN_POINT('Ctrl Pts',(-6.52386281037096,4.38613121786175E-16,
-8.94817300066445));
#3297=CARTESIAN_POINT('Ctrl Pts',(-6.74645900411596,3.33066907387547E-16,
-8.8023544638246));
#3298=CARTESIAN_POINT('Ctrl Pts',(-6.9695071888809,2.27306376920463E-16,
-8.65623983625614));
#3299=CARTESIAN_POINT('Ctrl Pts',(-7.18744836790876,1.46675891492492E-16,
-8.50206467602163));
#3300=CARTESIAN_POINT('Ctrl Pts',(-7.39986074020328,-1.11022302462516E-16,
-8.34013515028437));
#3301=CARTESIAN_POINT('Ctrl Pts',(-7.55833144900956,-3.03278596260334E-16,
-8.21932727811078));
#3302=CARTESIAN_POINT('Ctrl Pts',(-7.71372446668729,8.34835632981655E-16,
-8.09420237108987));
#3303=CARTESIAN_POINT('Ctrl Pts',(-7.86585399866338,8.88178419700125E-16,
-7.964871981483));
#3304=CARTESIAN_POINT('Ctrl Pts',(-7.9118962056109,9.04322685664444E-16,
-7.92572996556054));
#3305=CARTESIAN_POINT('Ctrl Pts',(-7.95763941227786,1.56408129880758E-15,
-7.88620264921763));
#3306=CARTESIAN_POINT('Ctrl Pts',(-8.00307827146374,1.60982338570648E-15,
-7.84629290245028));
#3307=CARTESIAN_POINT('Ctrl Pts',(-8.03531207344193,1.64227229392262E-15,
-7.81798138897156));
#3308=CARTESIAN_POINT('Ctrl Pts',(-8.06739760995359,6.60884726681306E-16,
-7.78947293908135));
#3309=CARTESIAN_POINT('Ctrl Pts',(-8.09930604927179,6.66133814775094E-16,
-7.76079297172726));
#3310=CARTESIAN_POINT('Ctrl Pts',(-8.30227153786723,6.99522590672652E-16,
-7.57836337907699));
#3311=CARTESIAN_POINT('Ctrl Pts',(-8.49823873126855,1.01741278174313E-15,
-7.3888565932338));
#3312=CARTESIAN_POINT('Ctrl Pts',(-8.68681871022788,9.99200722162641E-16,
-7.19268029445976));
#3313=CARTESIAN_POINT('Ctrl Pts',(-8.84106015414557,9.84304897155602E-16,
-7.03222574487122));
#3314=CARTESIAN_POINT('Ctrl Pts',(-8.99035963653308,-6.37038549851291E-16,
-6.86730838220952));
#3315=CARTESIAN_POINT('Ctrl Pts',(-9.13449450951341,-5.55111512312578E-16,
-6.69812732544465));
#3316=CARTESIAN_POINT('Ctrl Pts',(-9.3094425793786,-4.01665624845806E-16,
-6.49277869102497));
#3317=CARTESIAN_POINT('Ctrl Pts',(-9.47678320004689,8.1934338823137E-16,
-6.2811495693526));
#3318=CARTESIAN_POINT('Ctrl Pts',(-9.63636935964505,7.7715611723761E-16,
-6.06375508308387));
#3319=CARTESIAN_POINT('Ctrl Pts',(-9.79726089187775,7.34623765509905E-16,
-5.84458236733715));
#3320=CARTESIAN_POINT('Ctrl Pts',(-9.9502709511273,9.62878806139895E-16,
-5.61954911513506));
#3321=CARTESIAN_POINT('Ctrl Pts',(-10.095212536422,1.11022302462516E-15,
-5.38914415018115));
#3322=CARTESIAN_POINT('Ctrl Pts',(-10.2404493292308,1.25786734415032E-15,
-5.15826991150688));
#3323=CARTESIAN_POINT('Ctrl Pts',(-10.3775850961615,7.42330597896036E-16,
-4.92200153183748));
#3324=CARTESIAN_POINT('Ctrl Pts',(-10.5063900153599,5.55111512312578E-16,
-4.68079932062234));
#3325=CARTESIAN_POINT('Ctrl Pts',(-10.5475081957294,4.95345874652661E-16,
-4.60380073945028));
#3326=CARTESIAN_POINT('Ctrl Pts',(-10.5877770676437,9.19761886756179E-16,
-4.52629916027692));
#3327=CARTESIAN_POINT('Ctrl Pts',(-10.6271881724263,8.88178419700125E-16,
-4.44830901896791));
#3328=CARTESIAN_POINT('Ctrl Pts',(-10.644625926278,8.74204065838549E-16,
-4.4138016664207));
#3329=CARTESIAN_POINT('Ctrl Pts',(-10.6618957494513,-9.7469185539003E-16,
-4.37919866553462));
#3330=CARTESIAN_POINT('Ctrl Pts',(-10.678996877965,-9.99200722162641E-16,
-4.34450125294443));
#3331=CARTESIAN_POINT('Ctrl Pts',(-10.6953078398521,-1.02257714387081E-15,
-4.31140705253051));
#3332=CARTESIAN_POINT('Ctrl Pts',(-10.7114667438289,1.10878763030974E-15,
-4.27822392122793));
#3333=CARTESIAN_POINT('Ctrl Pts',(-10.72746181324,1.11022302462516E-15,
-4.24497634014862));
#3334=CARTESIAN_POINT('Ctrl Pts',(-10.8476049617101,1.12100464663115E-15,
-3.99524506564006));
#3335=CARTESIAN_POINT('Ctrl Pts',(-10.9586363065975,1.93346047434471E-15,
-3.74162395480886));
#3336=CARTESIAN_POINT('Ctrl Pts',(-11.0604245808579,1.77635683940025E-15,
-3.48466167013971));
#3337=CARTESIAN_POINT('Ctrl Pts',(-11.1629687352765,1.61808655219358E-15,
-3.22579118245019));
#3338=CARTESIAN_POINT('Ctrl Pts',(-11.2561323877966,-7.97171951569841E-16,
-2.96352920368535));
#3339=CARTESIAN_POINT('Ctrl Pts',(-11.3397432288402,-5.55111512312578E-16,
-2.69839969925805));
#3340=CARTESIAN_POINT('Ctrl Pts',(-11.4235249477582,-3.12556367191663E-16,
-2.43272834205683));
#3341=CARTESIAN_POINT('Ctrl Pts',(-11.4977151061304,7.0282137632852E-16,
-2.16417717145264));
#3342=CARTESIAN_POINT('Ctrl Pts',(-11.5620970473281,5.55111512312578E-16,
-1.89324441686435));
#3343=CARTESIAN_POINT('Ctrl Pts',(-11.5878899609198,4.9593548114077E-16,
-1.78470240961391));
#3344=CARTESIAN_POINT('Ctrl Pts',(-11.6121081507737,9.45630841312373E-16,
-1.67577788172865));
#3345=CARTESIAN_POINT('Ctrl Pts',(-11.6347355534056,9.99200722162641E-16,
-1.56650187810007));
#3346=CARTESIAN_POINT('Ctrl Pts',(-11.6910489714009,9.12027144409912E-16,
-1.29454378510615));
#3347=CARTESIAN_POINT('Ctrl Pts',(-11.7375130351454,1.29506182895093E-15,
-1.02040960452251));
#3348=CARTESIAN_POINT('Ctrl Pts',(-11.7741873365327,1.33226762955019E-15,
-0.74461479406054));
#3349=CARTESIAN_POINT('Ctrl Pts',(-11.8024068204887,1.3608960819914E-15,
-0.532401147594819));
#3350=CARTESIAN_POINT('Ctrl Pts',(-11.8248290434379,1.46118271478846E-15,
-0.319203865714247));
#3351=CARTESIAN_POINT('Ctrl Pts',(-11.8414604379645,1.4432899320127E-15,
-0.105254360769289));
#3352=CARTESIAN_POINT('Ctrl Pts',(-11.8454381350733,1.43901055121875E-15,
-0.0540844888822666));
#3353=CARTESIAN_POINT('Ctrl Pts',(-11.8490845076542,-7.43491654991819E-16,
-0.00287158289430908));
#3354=CARTESIAN_POINT('Ctrl Pts',(-11.8523994897319,-7.7715611723761E-16,
0.0483811981913883));
#3355=CARTESIAN_POINT('Ctrl Pts',(-11.8541160717873,-7.94588432237876E-16,
0.0749211921471006));
#3356=CARTESIAN_POINT('Ctrl Pts',(-11.8557435938662,-9.88859518348923E-16,
0.101469098096586));
#3357=CARTESIAN_POINT('Ctrl Pts',(-11.8572816613029,-9.99200722162641E-16,
0.128015973902516));
#3358=CARTESIAN_POINT('Ctrl Pts',(-11.8734579698335,-1.10796221042805E-15,
0.407217290640884));
#3359=CARTESIAN_POINT('Ctrl Pts',(-11.8797612251428,-1.15288096303513E-15,
0.686575603629659));
#3360=CARTESIAN_POINT('Ctrl Pts',(-11.8763517445492,-1.22124532708767E-15,
0.965551472760031));
#3361=CARTESIAN_POINT('Ctrl Pts',(-11.8728609271861,-1.29124059542762E-15,
1.25118260662303));
#3362=CARTESIAN_POINT('Ctrl Pts',(-11.8591886371729,-1.5205715955983E-15,
1.53641337916183));
#3363=CARTESIAN_POINT('Ctrl Pts',(-11.8354553243863,-1.66533453693773E-15,
1.82068466893595));
#3364=CARTESIAN_POINT('Ctrl Pts',(-11.8117789160227,-1.80975038591286E-15,
2.10427437271051));
#3365=CARTESIAN_POINT('Ctrl Pts',(-11.7780896647647,-1.04370318013488E-15,
2.3869098364889));
#3366=CARTESIAN_POINT('Ctrl Pts',(-11.7344552308511,-8.88178419700125E-16,
2.66804631553073));
#3367=CARTESIAN_POINT('Ctrl Pts',(-11.6906634889382,-7.32092971599953E-16,
2.95019632936701));
#3368=CARTESIAN_POINT('Ctrl Pts',(-11.636854779826,-1.90761705104253E-15,
3.23083718622186));
#3369=CARTESIAN_POINT('Ctrl Pts',(-11.5730447277375,-1.99840144432528E-15,
3.50941891449889));
#3370=CARTESIAN_POINT('Ctrl Pts',(-11.5092346756491,-2.08918583760803E-15,
3.78800064277591));
#3371=CARTESIAN_POINT('Ctrl Pts',(-11.4354233097364,-1.98771978707002E-15,
4.06452391415973));
#3372=CARTESIAN_POINT('Ctrl Pts',(-11.3515730161625,-1.88737914186277E-15,
4.3384294783854));
#3373=CARTESIAN_POINT('Ctrl Pts',(-11.3182459681538,-1.84749785632986E-15,
4.44729569100912));
#3374=CARTESIAN_POINT('Ctrl Pts',(-11.2833324339804,-1.55494527075352E-15,
4.55574821368667));
#3375=CARTESIAN_POINT('Ctrl Pts',(-11.2468486097928,-1.55431223447522E-15,
4.66375918291281));
#3376=CARTESIAN_POINT('Ctrl Pts',(6.3932619417012,4.84106967152377,8.32990105621667));
#3377=CARTESIAN_POINT('Ctrl Pts',(5.94547343494582,4.8153898156563,8.67419142012294));
#3378=CARTESIAN_POINT('Ctrl Pts',(5.4701842007999,4.78970995978883,8.98253091606599));
#3379=CARTESIAN_POINT('Ctrl Pts',(4.97286635277178,4.76403010392136,9.24989557680341));
#3380=CARTESIAN_POINT('Ctrl Pts',(3.43519079658844,4.68462960218933,10.0765703181852));
#3381=CARTESIAN_POINT('Ctrl Pts',(1.68692002480474,4.60522910045731,10.5115225344701));
#3382=CARTESIAN_POINT('Ctrl Pts',(-0.058858171967416,4.52582859872529,10.5017381248373));
#3383=CARTESIAN_POINT('Ctrl Pts',(-1.80463636873958,4.44642809699326,10.4919537152044));
#3384=CARTESIAN_POINT('Ctrl Pts',(-3.5479219905002,4.36702759526124,10.0374326796537));
#3385=CARTESIAN_POINT('Ctrl Pts',(-5.07623485501919,4.28762709352922,9.19357425980358));
#3386=CARTESIAN_POINT('Ctrl Pts',(-6.60454771953817,4.20822659179719,8.34971583995343));
#3387=CARTESIAN_POINT('Ctrl Pts',(-7.91788782681554,4.12882609006517,7.1165200358038));
#3388=CARTESIAN_POINT('Ctrl Pts',(-8.8561788688001,4.04942558833315,5.64429479410724));
#3389=CARTESIAN_POINT('Ctrl Pts',(-9.79446991078466,3.97002508660113,4.17206955241067));
#3390=CARTESIAN_POINT('Ctrl Pts',(-10.3577118874764,3.89062458486911,2.46081487316718));
#3391=CARTESIAN_POINT('Ctrl Pts',(-10.4772540962982,3.81122408313708,0.719106826124986));
#3392=CARTESIAN_POINT('Ctrl Pts',(-10.59679630512,3.73182358140506,-1.0226012209172));
#3393=CARTESIAN_POINT('Ctrl Pts',(-10.2726387460718,3.65242307967304,-2.79476263575805));
#3394=CARTESIAN_POINT('Ctrl Pts',(-9.54429135854875,3.57302257794102,-4.38137767700739));
#3395=CARTESIAN_POINT('Ctrl Pts',(-8.8159439710257,3.493622076209,-5.96799271825671));
#3396=CARTESIAN_POINT('Ctrl Pts',(-7.68340675502782,3.41422157447698,-7.36906138591453));
#3397=CARTESIAN_POINT('Ctrl Pts',(-6.2847188256734,3.33482107274495,-8.4138146571616));
#3398=CARTESIAN_POINT('Ctrl Pts',(-4.88603089631897,3.25542057101293,-9.45856792840867));
#3399=CARTESIAN_POINT('Ctrl Pts',(-3.221192253608,3.17602006928091,-10.147005803245));
#3400=CARTESIAN_POINT('Ctrl Pts',(-1.49312169241804,3.09661956754888,-10.3952179506459));
#3401=CARTESIAN_POINT('Ctrl Pts',(0.234948868771942,3.01721906581686,-10.6434300980469));
#3402=CARTESIAN_POINT('Ctrl Pts',(2.02625134844093,2.93781856408484,-10.4514165180124));
#3403=CARTESIAN_POINT('Ctrl Pts',(3.66245327112635,2.85841806235281,-9.84258107061766));
#3404=CARTESIAN_POINT('Ctrl Pts',(5.29865519381177,2.77901756062079,-9.23374562322287));
#3405=CARTESIAN_POINT('Ctrl Pts',(6.77975655951363,2.69961705888877,-8.20808830846775));
#3406=CARTESIAN_POINT('Ctrl Pts',(7.92523303318866,2.62021655715675,-6.89062065561247));
#3407=CARTESIAN_POINT('Ctrl Pts',(9.07070950686369,2.54081605542472,-5.57315300275721));
#3408=CARTESIAN_POINT('Ctrl Pts',(9.88056108851191,2.4614155536927,-3.96387501180181));
#3409=CARTESIAN_POINT('Ctrl Pts',(10.2560800030341,2.38201505196068,-2.25893453620386));
#3410=CARTESIAN_POINT('Ctrl Pts',(10.6315989175564,2.30261455022865,-0.553994060605912));
#3411=CARTESIAN_POINT('Ctrl Pts',(10.5727851649526,2.22321404849663,1.24660889963459));
#3412=CARTESIAN_POINT('Ctrl Pts',(10.0868054908864,2.14381354676461,2.92341036900337));
#3413=CARTESIAN_POINT('Ctrl Pts',(9.60082581682014,2.06441304503259,4.60021183837216));
#3414=CARTESIAN_POINT('Ctrl Pts',(8.68768022129143,1.98501254330056,6.15321181686923));
#3415=CARTESIAN_POINT('Ctrl Pts',(7.45867081855003,1.90561204156854,7.39311851179665));
#3416=CARTESIAN_POINT('Ctrl Pts',(7.12566209303864,1.88409791822028,7.72907993512654));
#3417=CARTESIAN_POINT('Ctrl Pts',(6.76946337114936,1.86258379487203,8.04205476757097));
#3418=CARTESIAN_POINT('Ctrl Pts',(6.39382031193841,1.84106967152377,8.32979597867159));
#3419=CARTESIAN_POINT('Origin',(0.,-6.62512600396505,-2.22044604925031E-15));
#3420=CARTESIAN_POINT('Ctrl Pts',(7.41241136383229,0.625126003965065,9.65689968623941));
#3421=CARTESIAN_POINT('Ctrl Pts',(8.0160646331963,0.654952174506109,9.19415933298016));
#3422=CARTESIAN_POINT('Ctrl Pts',(10.0689203840789,0.764178846779177,7.29451933199209));
#3423=CARTESIAN_POINT('Ctrl Pts',(12.3574268302764,0.952806020784266,2.89166631379214));
#3424=CARTESIAN_POINT('Ctrl Pts',(12.2346517897745,1.19100752598034,-3.3731051516182));
#3425=CARTESIAN_POINT('Ctrl Pts',(9.1296270110186,1.4292090311764,-8.81567882155039));
#3426=CARTESIAN_POINT('Ctrl Pts',(3.79897913530825,1.66741053637247,-12.1092242050985));
#3427=CARTESIAN_POINT('Ctrl Pts',(-2.45769629355069,1.90561204156854,-12.4509230019783));
#3428=CARTESIAN_POINT('Ctrl Pts',(-8.11528442587965,2.14381354676461,-9.75745469137554));
#3429=CARTESIAN_POINT('Ctrl Pts',(-11.7945988344723,2.38201505196068,-4.68541800510047));
#3430=CARTESIAN_POINT('Ctrl Pts',(-12.5987528634008,2.62021655715674,1.5287841585354));
#3431=CARTESIAN_POINT('Ctrl Pts',(-10.3317083912849,2.85841806235281,7.37031384729465));
#3432=CARTESIAN_POINT('Ctrl Pts',(-5.54610727157737,3.09661956754888,11.4151842904557));
#3433=CARTESIAN_POINT('Ctrl Pts',(0.591468052536581,3.33482107274494,12.6773774622508));
#3434=CARTESIAN_POINT('Ctrl Pts',(5.02405507372629,3.51098988488368,11.325302777363));
#3435=CARTESIAN_POINT('Ctrl Pts',(7.06147455573583,3.60775819529038,9.92791117317356));
#3436=CARTESIAN_POINT('Ctrl Pts',(7.41248094845254,3.62512600396507,9.6579219264305));
#3437=CARTESIAN_POINT('Origin',(0.,30.,6.66133814775094E-15));
#3438=CARTESIAN_POINT('',(-16.5,30.,4.19658171930774E-15));
#3439=CARTESIAN_POINT('Origin',(0.,30.,6.21724893790088E-15));
#3440=CARTESIAN_POINT('Ctrl Pts',(-7.41259808052548,-6.66133814775094E-15,
9.65773472127859));
#3441=CARTESIAN_POINT('Ctrl Pts',(-5.8065552152791,0.0794005017320157,10.8904202944221));
#3442=CARTESIAN_POINT('Ctrl Pts',(-1.96923749853496,0.238201505196063,12.5378289219777));
#3443=CARTESIAN_POINT('Ctrl Pts',(4.27035324394574,0.476403010392129,11.9511489638217));
#3444=CARTESIAN_POINT('Ctrl Pts',(9.46746315982227,0.714604515588198,8.45166169422434));
#3445=CARTESIAN_POINT('Ctrl Pts',(12.3574268302764,0.952806020784266,2.89166631379214));
#3446=CARTESIAN_POINT('Ctrl Pts',(12.2346517897745,1.19100752598034,-3.3731051516182));
#3447=CARTESIAN_POINT('Ctrl Pts',(9.1296270110186,1.4292090311764,-8.81567882155039));
#3448=CARTESIAN_POINT('Ctrl Pts',(3.79897913530825,1.66741053637247,-12.1092242050985));
#3449=CARTESIAN_POINT('Ctrl Pts',(-2.45769629355069,1.90561204156854,-12.4509230019783));
#3450=CARTESIAN_POINT('Ctrl Pts',(-8.11528442587965,2.14381354676461,-9.75745469137554));
#3451=CARTESIAN_POINT('Ctrl Pts',(-11.7945988344723,2.38201505196068,-4.68541800510047));
#3452=CARTESIAN_POINT('Ctrl Pts',(-12.5987528634008,2.62021655715674,1.5287841585354));
#3453=CARTESIAN_POINT('Ctrl Pts',(-10.3317083912849,2.85841806235281,7.37031384729465));
#3454=CARTESIAN_POINT('Ctrl Pts',(-5.54610727157737,3.09661956754888,11.4151842904557));
#3455=CARTESIAN_POINT('Ctrl Pts',(0.591468052536581,3.33482107274494,12.6773774622508));
#3456=CARTESIAN_POINT('Ctrl Pts',(6.58486090988571,3.57302257794101,10.8492092344707));
#3457=CARTESIAN_POINT('Ctrl Pts',(10.9730638749917,3.81122408313708,6.37633156107911));
#3458=CARTESIAN_POINT('Ctrl Pts',(12.6863653380676,4.04942558833316,0.349096968731298));
#3459=CARTESIAN_POINT('Ctrl Pts',(11.3071143416164,4.28762709352921,-5.7632369345571));
#3460=CARTESIAN_POINT('Ctrl Pts',(7.17153051574924,4.5258285987253,-10.4706678157222));
#3461=CARTESIAN_POINT('Ctrl Pts',(1.28774427231032,4.76403010392135,-12.6256662884578));
#3462=CARTESIAN_POINT('Ctrl Pts',(-4.90995511936858,5.00223160911743,-11.7029088369763));
#3463=CARTESIAN_POINT('Ctrl Pts',(-9.91075581704227,5.24043311431349,-7.92733584802912));
#3464=CARTESIAN_POINT('Ctrl Pts',(-12.4956137293057,5.47863461950956,-2.21931792504673));
#3465=CARTESIAN_POINT('Ctrl Pts',(-12.0344186028864,5.71683612470562,4.02970264491241));
#3466=CARTESIAN_POINT('Ctrl Pts',(-8.63959587478809,5.95503762990169,9.29640347880758));
#3467=CARTESIAN_POINT('Ctrl Pts',(-3.13870074142597,6.19323913509776,12.2969220610028));
#3468=CARTESIAN_POINT('Ctrl Pts',(3.1273147880526,6.43144064029383,12.2998226302456));
#3469=CARTESIAN_POINT('Ctrl Pts',(8.63098547272624,6.6696421454899,9.30439811533868));
#3470=CARTESIAN_POINT('Ctrl Pts',(12.0306827081902,6.90784365068596,4.04084249802095));
#3471=CARTESIAN_POINT('Ctrl Pts',(12.4976630397337,7.14604515588204,-2.20774841509873));
#3472=CARTESIAN_POINT('Ctrl Pts',(9.91809077360216,7.3842466610781,-7.91815697783299));
#3473=CARTESIAN_POINT('Ctrl Pts',(4.92078767938777,7.62244816627417,-11.6983581383645));
#3474=CARTESIAN_POINT('Ctrl Pts',(-1.27605475586739,7.86064967147025,-12.6268530829764));
#3475=CARTESIAN_POINT('Ctrl Pts',(-7.16183360116123,8.09885117666631,-10.4773028012137));
#3476=CARTESIAN_POINT('Ctrl Pts',(-11.3017738290834,8.33705268186237,-5.7737026971685));
#3477=CARTESIAN_POINT('Ctrl Pts',(-12.6866831117984,8.57525418705846,0.337351656066148));
#3478=CARTESIAN_POINT('Ctrl Pts',(-10.9789624150415,8.81345569225449,6.36616986956438));
#3479=CARTESIAN_POINT('Ctrl Pts',(-6.59490244118234,9.05165719745059,10.8431082402755));
#3480=CARTESIAN_POINT('Ctrl Pts',(-0.603204535362303,9.28985870264664,12.6768244764831));
#3481=CARTESIAN_POINT('Ctrl Pts',(5.53553640868735,9.52806020784272,11.4203139706026));
#3482=CARTESIAN_POINT('Ctrl Pts',(10.3248808478266,9.76626171303878,7.37987601503076));
#3483=CARTESIAN_POINT('Ctrl Pts',(12.5973313310689,10.0044632182349,1.54044729033928));
#3484=CARTESIAN_POINT('Ctrl Pts',(11.7989330989699,10.2426647234309,-4.67449593486562));
#3485=CARTESIAN_POINT('Ctrl Pts',(8.12431151470688,10.480866228627,-9.74993830396095));
#3486=CARTESIAN_POINT('Ctrl Pts',(2.46922828167869,10.719067733823,-12.4486403358761));
#3487=CARTESIAN_POINT('Ctrl Pts',(-3.78777819186762,10.9572692390191,-12.1127400239688));
#3488=CARTESIAN_POINT('Ctrl Pts',(-9.12143880042051,11.1954707442152,-8.82411971412594));
#3489=CARTESIAN_POINT('Ctrl Pts',(-12.2315682589074,11.4336722494113,-3.38444566313797));
#3490=CARTESIAN_POINT('Ctrl Pts',(-12.3600109865041,11.6718737546073,2.88025397014593));
#3491=CARTESIAN_POINT('Ctrl Pts',(-9.47545652747456,11.9100752598034,8.44283472034026));
#3492=CARTESIAN_POINT('Ctrl Pts',(-4.28107209414701,12.1482767649995,11.9473074892948));
#3493=CARTESIAN_POINT('Ctrl Pts',(1.95690835131139,12.3864782701955,12.5393877132662));
#3494=CARTESIAN_POINT('Ctrl Pts',(7.71785367411299,12.6246797753916,10.0747441249902));
#3495=CARTESIAN_POINT('Ctrl Pts',(11.5974194874395,12.8628812805877,5.1541823552724));
#3496=CARTESIAN_POINT('Ctrl Pts',(12.6498848778025,13.1010827857837,-1.02281332479962));
#3497=CARTESIAN_POINT('Ctrl Pts',(10.6186905861812,13.3392842909798,-6.95047802341615));
#3498=CARTESIAN_POINT('Ctrl Pts',(5.99898040272505,13.5774857961759,-11.1838262078219));
#3499=CARTESIAN_POINT('Ctrl Pts',(-0.0830999271469732,13.815687301372,-12.6908955129712));
#3500=CARTESIAN_POINT('Ctrl Pts',(-6.14492300587451,14.053888806568,-11.1043079825317));
#3501=CARTESIAN_POINT('Ctrl Pts',(-10.7087995415973,14.2920903117641,-6.81082571329862));
#3502=CARTESIAN_POINT('Ctrl Pts',(-12.6621943450458,14.5302918169601,-0.85706994308096));
#3503=CARTESIAN_POINT('Ctrl Pts',(-11.5289287903608,14.7684933221562,5.30561358052335));
#3504=CARTESIAN_POINT('Ctrl Pts',(-7.5852587750243,15.0066948273523,10.1749488369702));
#3505=CARTESIAN_POINT('Ctrl Pts',(-1.79253187988933,15.2448963325484,12.5639390311567));
#3506=CARTESIAN_POINT('Ctrl Pts',(4.437160121259,15.4830978377444,11.8902205436801));
#3507=CARTESIAN_POINT('Ctrl Pts',(9.58520656589761,15.7212993429405,8.3180255835214));
#3508=CARTESIAN_POINT('Ctrl Pts',(12.3966692932713,15.9595008481365,2.71814733822641));
#3509=CARTESIAN_POINT('Ctrl Pts',(12.1861986465609,16.1977023533326,-3.54433309179596));
#3510=CARTESIAN_POINT('Ctrl Pts',(9.0051010094823,16.4359038585287,-8.94281221585603));
#3511=CARTESIAN_POINT('Ctrl Pts',(3.62883186030055,16.6741053637248,-12.1613039534711));
#3512=CARTESIAN_POINT('Ctrl Pts',(-2.63203684124114,16.9123068689208,-12.4152372746312));
#3513=CARTESIAN_POINT('Ctrl Pts',(-8.25129449515387,17.1505083741169,-9.6427109089346));
#3514=CARTESIAN_POINT('Ctrl Pts',(-11.8591358868101,17.3887098793129,-4.51958300479329));
#3515=CARTESIAN_POINT('Ctrl Pts',(-12.5760783058204,17.6269113845091,1.70528266422827));
#3516=CARTESIAN_POINT('Ctrl Pts',(-10.2273528548261,17.865112889705,7.51445194953848));
#3517=CARTESIAN_POINT('Ctrl Pts',(-5.38550782555063,18.1033143949012,11.4918249194798));
#3518=CARTESIAN_POINT('Ctrl Pts',(0.769161273594709,18.3415159000972,12.6678382312945));
#3519=CARTESIAN_POINT('Ctrl Pts',(6.73633209657077,18.5797174052933,10.7558153760537));
#3520=CARTESIAN_POINT('Ctrl Pts',(11.0613887112901,18.8179189104894,6.22184974881167));
#3521=CARTESIAN_POINT('Ctrl Pts',(12.6900130086201,19.0561204156854,0.171185163190835));
#3522=CARTESIAN_POINT('Ctrl Pts',(11.2251955982548,19.2943219208815,-5.92120919238319));
#3523=CARTESIAN_POINT('Ctrl Pts',(7.02401470133603,19.5325234260776,-10.5701916725506));
#3524=CARTESIAN_POINT('Ctrl Pts',(1.11059127024345,19.7707249312736,-12.6424808304977));
#3525=CARTESIAN_POINT('Ctrl Pts',(-5.07356075295064,20.0089264364697,-11.6329151894597));
#3526=CARTESIAN_POINT('Ctrl Pts',(-10.0209319762321,20.2471279416657,-7.7875963459063));
#3527=CARTESIAN_POINT('Ctrl Pts',(-12.5255027938562,20.4853294468619,-2.04389683696212));
#3528=CARTESIAN_POINT('Ctrl Pts',(-11.9767345230138,20.7235309520579,4.19804295884301));
#3529=CARTESIAN_POINT('Ctrl Pts',(-8.50840028558682,20.961732457254,9.41662673674972));
#3530=CARTESIAN_POINT('Ctrl Pts',(-2.96597516335757,21.19993396245,12.3397214656324));
#3531=CARTESIAN_POINT('Ctrl Pts',(3.29946507856351,21.4381354676461,12.2547649799735));
#3532=CARTESIAN_POINT('Ctrl Pts',(8.7605954367848,21.6763369728422,9.18246710378145));
#3533=CARTESIAN_POINT('Ctrl Pts',(12.0861573531151,21.9145384780383,3.87176122130286));
#3534=CARTESIAN_POINT('Ctrl Pts',(12.4654793233952,22.1527399832343,-2.3827630509662));
#3535=CARTESIAN_POINT('Ctrl Pts',(9.80609411353215,22.3909414884304,-8.05644169317897));
#3536=CARTESIAN_POINT('Ctrl Pts',(4.75627947701859,22.6291429936264,-11.7662032982409));
#3537=CARTESIAN_POINT('Ctrl Pts',(-1.45297237186609,22.8673444988226,-12.6077200875351));
#3538=CARTESIAN_POINT('Ctrl Pts',(-7.30803346206414,23.1055460040186,-10.3758556965868));
#3539=CARTESIAN_POINT('Ctrl Pts',(-11.3816168266357,23.3437475092147,-5.61467122195913));
#3540=CARTESIAN_POINT('Ctrl Pts',(-12.6807059358718,23.5819490144107,0.515200433776639));
#3541=CARTESIAN_POINT('Ctrl Pts',(-10.888622120514,23.8201505196068,6.51948179196402));
#3542=CARTESIAN_POINT('Ctrl Pts',(-6.44222126196988,24.0583520248029,10.9345104934232));
#3543=CARTESIAN_POINT('Ctrl Pts',(-0.425401529289603,24.2965535299989,12.6840359530398));
#3544=CARTESIAN_POINT('Ctrl Pts',(5.6951182415811,24.534755035195,11.3415767304852));
#3545=CARTESIAN_POINT('Ctrl Pts',(10.4273402788246,24.772956540391,7.23438381814281));
#3546=CARTESIAN_POINT('Ctrl Pts',(12.6176918471133,25.0111580455872,1.36366673778189));
#3547=CARTESIAN_POINT('Ctrl Pts',(11.732231421253,25.2493595507832,-4.83947108619085));
#3548=CARTESIAN_POINT('Ctrl Pts',(7.98680749716303,25.4875610559793,-9.86289209753953));
#3549=CARTESIAN_POINT('Ctrl Pts',(2.29444124777233,25.7257625611754,-12.4820380496538));
#3550=CARTESIAN_POINT('Ctrl Pts',(-3.95724044307688,25.9639640663714,-12.0584403052994));
#3551=CARTESIAN_POINT('Ctrl Pts',(-9.24426649652875,26.2021655715675,-8.69535919209348));
#3552=CARTESIAN_POINT('Ctrl Pts',(-12.2778197119622,26.4403670767635,-3.21261226513184));
#3553=CARTESIAN_POINT('Ctrl Pts',(-12.3184115040651,26.6785685819596,3.05327245995969));
#3554=CARTESIAN_POINT('Ctrl Pts',(-9.35614677839141,26.9167700871557,8.57486161087728));
#3555=CARTESIAN_POINT('Ctrl Pts',(-4.11313624489492,27.1549715923518,12.0061586368161));
#3556=CARTESIAN_POINT('Ctrl Pts',(2.13253272334908,27.3931730975478,12.5107169418747));
#3557=CARTESIAN_POINT('Ctrl Pts',(7.85835444156353,27.6313746027439,9.96554058986844));
#3558=CARTESIAN_POINT('Ctrl Pts',(11.6685472266447,27.8695761079399,4.99106640633773));
#3559=CARTESIAN_POINT('Ctrl Pts',(12.6342999735035,28.107777613136,-1.20007860979936));
#3560=CARTESIAN_POINT('Ctrl Pts',(10.5201937833049,28.3459791183321,-7.09868139010007));
#3561=CARTESIAN_POINT('Ctrl Pts',(5.84157906679946,28.5841806235282,-11.2668388448129));
#3562=CARTESIAN_POINT('Ctrl Pts',(-0.261029855110684,28.8223821287242,-12.6884840222113));
#3563=CARTESIAN_POINT('Ctrl Pts',(-6.30001988147428,29.0605836339203,-11.0170551494287));
#3564=CARTESIAN_POINT('Ctrl Pts',(-10.8032312512573,29.2987851391163,-6.66001109996887));
#3565=CARTESIAN_POINT('Ctrl Pts',(-12.6729888517094,29.5369866443124,-0.679438010050371));
#3566=CARTESIAN_POINT('Ctrl Pts',(-11.4533611766353,29.7751881495085,5.46672301643767));
#3567=CARTESIAN_POINT('Ctrl Pts',(-7.44193415953276,30.0133896547046,10.2803379273803));
#3568=CARTESIAN_POINT('Ctrl Pts',(-1.61602607570834,30.2515911599006,12.5877680229198));
#3569=CARTESIAN_POINT('Ctrl Pts',(4.60310216216454,30.4897926650967,11.8269746287126));
#3570=CARTESIAN_POINT('Ctrl Pts',(9.70160652745275,30.7279941702927,8.18253513215213));
#3571=CARTESIAN_POINT('Ctrl Pts',(11.5215376063955,30.8867951737568,4.42396980569025));
#3572=CARTESIAN_POINT('Ctrl Pts',(11.9273819884504,30.9661956754888,2.44049362867191));
#3573=CARTESIAN_POINT('Ctrl Pts',(-7.0729542104758,-0.322065225162953,9.21521910650838));
#3574=CARTESIAN_POINT('Ctrl Pts',(-5.54049993161873,-0.242664723430931,
10.3914232551812));
#3575=CARTESIAN_POINT('Ctrl Pts',(-1.87900740137017,-0.0838637199668841,
11.9633479247861));
#3576=CARTESIAN_POINT('Ctrl Pts',(4.0746864498613,0.154337785229183,11.4035495335657));
#3577=CARTESIAN_POINT('Ctrl Pts',(9.03366575272923,0.392539290425251,8.06440812199594));
#3578=CARTESIAN_POINT('Ctrl Pts',(11.7912118234871,0.630740795621321,2.75917069929377));
#3579=CARTESIAN_POINT('Ctrl Pts',(11.6740623125835,0.86894230081739,-3.2185500988102));
#3580=CARTESIAN_POINT('Ctrl Pts',(8.71130919364241,1.10714380601346,-8.41174605202215));
#3581=CARTESIAN_POINT('Ctrl Pts',(3.62491061550761,1.34534531120953,-11.554381796588));
#3582=CARTESIAN_POINT('Ctrl Pts',(-2.34508510493905,1.58354681640559,-11.8804240179321));
#3583=CARTESIAN_POINT('Ctrl Pts',(-7.74344359773587,1.82174832160166,-9.31036992605959));
#3584=CARTESIAN_POINT('Ctrl Pts',(-11.2541725021249,2.05994982679773,-4.47073302059637));
#3585=CARTESIAN_POINT('Ctrl Pts',(-12.021480342506,2.2981513319938,1.45873555176691));
#3586=CARTESIAN_POINT('Ctrl Pts',(-9.8583114278828,2.53635283718986,7.03260743297378));
#3587=CARTESIAN_POINT('Ctrl Pts',(-5.29198566442075,2.77455434238593,10.8921426621869));
#3588=CARTESIAN_POINT('Ctrl Pts',(0.564367096003939,3.012755847582,12.0965023768106));
#3589=CARTESIAN_POINT('Ctrl Pts',(6.28314380356529,3.25095735277807,10.3521004783579));
#3590=CARTESIAN_POINT('Ctrl Pts',(10.4702801222079,3.48915885797413,6.084169230868));
#3591=CARTESIAN_POINT('Ctrl Pts',(12.1050784298234,3.72736036317021,0.333101410332676));
#3592=CARTESIAN_POINT('Ctrl Pts',(10.7890244583715,3.96556186836627,-5.49916648648993));
#3593=CARTESIAN_POINT('Ctrl Pts',(6.84293231683329,4.20376337356235,-9.99090375724999));
#3594=CARTESIAN_POINT('Ctrl Pts',(1.22874006844948,4.44196487875841,-12.0471605994156));
#3595=CARTESIAN_POINT('Ctrl Pts',(-4.68498188590893,4.68016638395448,-11.1666837233186));
#3596=CARTESIAN_POINT('Ctrl Pts',(-9.45664682256419,4.91836788915055,-7.56410678888429));
#3597=CARTESIAN_POINT('Ctrl Pts',(-11.9230670244173,5.15656939434661,-2.1176291890941));
#3598=CARTESIAN_POINT('Ctrl Pts',(-11.4830037732033,5.39477089954269,3.84506241666864));
#3599=CARTESIAN_POINT('Ctrl Pts',(-8.24373119324175,5.63297240473874,8.87044399459101));
#3600=CARTESIAN_POINT('Ctrl Pts',(-2.99488605524374,5.87117390993482,11.7334793715264));
#3601=CARTESIAN_POINT('Ctrl Pts',(2.98402180414344,6.10937541513088,11.7362470372242));
#3602=CARTESIAN_POINT('Ctrl Pts',(8.23551531820636,6.34757692032695,8.87807231835812));
#3603=CARTESIAN_POINT('Ctrl Pts',(11.4794390565096,6.58577842552302,3.85569184377265));
#3604=CARTESIAN_POINT('Ctrl Pts',(11.9250224358213,6.8239799307191,-2.1065897919474));
#3605=CARTESIAN_POINT('Ctrl Pts',(9.46364569277411,7.06218143591516,-7.55534849281914));
#3606=CARTESIAN_POINT('Ctrl Pts',(4.69531810003597,7.30038294111123,-11.1623415368736));
#3607=CARTESIAN_POINT('Ctrl Pts',(-1.2175861634832,7.5385844463073,-12.0482930152293));
#3608=CARTESIAN_POINT('Ctrl Pts',(-6.83367971307429,7.77678595150337,-9.99723472893609));
#3609=CARTESIAN_POINT('Ctrl Pts',(-10.7839286471328,8.01498745669943,-5.50915270979842));
#3610=CARTESIAN_POINT('Ctrl Pts',(-12.1053816432208,8.2531889618955,0.321894265716746));
#3611=CARTESIAN_POINT('Ctrl Pts',(-10.475908392246,8.49139046709156,6.07447314617487));
#3612=CARTESIAN_POINT('Ctrl Pts',(-6.29272523375922,8.72959197228764,10.3462790305858));
#3613=CARTESIAN_POINT('Ctrl Pts',(-0.57556581536206,8.9677934774837,12.0959747287482));
#3614=CARTESIAN_POINT('Ctrl Pts',(5.28189915650893,9.20599498267977,10.8970373013402));
#3615=CARTESIAN_POINT('Ctrl Pts',(9.85179672120027,9.44419648787583,7.04173146395667));
#3616=CARTESIAN_POINT('Ctrl Pts',(12.020123944522,9.68239799307191,1.46986428103342));
#3617=CARTESIAN_POINT('Ctrl Pts',(11.2583081714267,9.92059949826796,-4.46031139759517));
#3618=CARTESIAN_POINT('Ctrl Pts',(7.75205706702629,10.1588010034641,-9.30319793812309));
#3619=CARTESIAN_POINT('Ctrl Pts',(2.3560886995086,10.3970025086601,-11.8782459431676));
#3620=CARTESIAN_POINT('Ctrl Pts',(-3.61422289721923,10.6352040138562,-11.5577365212894));
#3621=CARTESIAN_POINT('Ctrl Pts',(-8.70349616533615,10.8734055190522,-8.4198001844645));
#3622=CARTESIAN_POINT('Ctrl Pts',(-11.6711200685291,11.1116070242483,-3.2293709901942));
#3623=CARTESIAN_POINT('Ctrl Pts',(-11.7936775741555,11.3498085294444,2.74828126711803));
#3624=CARTESIAN_POINT('Ctrl Pts',(-9.04129286575735,11.5880100346404,8.05598559841905));
#3625=CARTESIAN_POINT('Ctrl Pts',(-4.08491416433318,11.8262115398365,11.3998840746895));
#3626=CARTESIAN_POINT('Ctrl Pts',(1.86724317338704,12.0644130450326,11.9648352925466));
#3627=CARTESIAN_POINT('Ctrl Pts',(7.36422304934736,12.3026145502287,9.61312121663882));
#3628=CARTESIAN_POINT('Ctrl Pts',(11.066027876224,12.5408160554247,4.91801867513363));
#3629=CARTESIAN_POINT('Ctrl Pts',(12.0702694974856,12.7790175606208,-0.975948207846088));
#3630=CARTESIAN_POINT('Ctrl Pts',(10.132144151804,13.0172190658169,-6.6320084087246));
#3631=CARTESIAN_POINT('Ctrl Pts',(5.72410823264387,13.2554205710129,-10.6713853640148));
#3632=CARTESIAN_POINT('Ctrl Pts',(-0.0792923038885135,13.493622076209,-12.1094010329526));
#3633=CARTESIAN_POINT('Ctrl Pts',(-5.86336377276895,13.7318235814051,-10.5955106490679));
#3634=CARTESIAN_POINT('Ctrl Pts',(-10.2181243315856,13.9700250866011,-6.49875494157068));
#3635=CARTESIAN_POINT('Ctrl Pts',(-12.0820149472216,14.2082265917972,-0.817799157155571));
#3636=CARTESIAN_POINT('Ctrl Pts',(-11.00067541019,14.4464280969933,5.06251134971289));
#3637=CARTESIAN_POINT('Ctrl Pts',(-7.23770362395709,14.6846296021893,9.70873456728982));
#3638=CARTESIAN_POINT('Ctrl Pts',(-1.71039840141671,14.9228311073854,11.9882616736023));
#3639=CARTESIAN_POINT('Ctrl Pts',(4.2338502669754,15.1610326125815,11.3454128423413));
#3640=CARTESIAN_POINT('Ctrl Pts',(9.14601417776314,15.3992341177775,7.93689519311459));
#3641=CARTESIAN_POINT('Ctrl Pts',(11.8286562041016,15.6374356229736,2.59360233102497));
#3642=CARTESIAN_POINT('Ctrl Pts',(11.6278292834106,15.8756371281697,-3.38193240650784));
#3643=CARTESIAN_POINT('Ctrl Pts',(8.59248895041434,16.1138386333658,-8.53305421776617));
#3644=CARTESIAN_POINT('Ctrl Pts',(3.46255945710226,16.3520401385618,-11.6040752605437));
#3645=CARTESIAN_POINT('Ctrl Pts',(-2.51143740105011,16.5902416437579,-11.8463734039974));
#3646=CARTESIAN_POINT('Ctrl Pts',(-7.87322171084678,16.828443148954,-9.20088368246119));
#3647=CARTESIAN_POINT('Ctrl Pts',(-11.3157524786872,17.06664465415,-4.31249654926406));
#3648=CARTESIAN_POINT('Ctrl Pts',(-11.9998447289509,17.3048461593461,1.62714692864471));
#3649=CARTESIAN_POINT('Ctrl Pts',(-9.75873744276128,17.5430476645421,7.17014115409027));
#3650=CARTESIAN_POINT('Ctrl Pts',(-5.13874485524222,17.7812491697382,10.9652716317952));
#3651=CARTESIAN_POINT('Ctrl Pts',(0.733918446610412,18.0194506749343,12.0874002316485));
#3652=CARTESIAN_POINT('Ctrl Pts',(6.42767460855316,18.2576521801303,10.2629859092221));
#3653=CARTESIAN_POINT('Ctrl Pts',(10.554557930879,18.4958536853264,5.93676574660388));
#3654=CARTESIAN_POINT('Ctrl Pts',(12.1085589647873,18.7340551905225,0.163341490744331));
#3655=CARTESIAN_POINT('Ctrl Pts',(10.7108592166463,18.9722566957186,-5.64990048474418));
#3656=CARTESIAN_POINT('Ctrl Pts',(6.70217564969295,19.2104582009146,-10.0858674494063));
#3657=CARTESIAN_POINT('Ctrl Pts',(1.05970418410022,19.4486597061107,-12.063204702256));
#3658=CARTESIAN_POINT('Ctrl Pts',(-4.84109113968623,19.6868612113067,-11.0998971717571));
#3659=CARTESIAN_POINT('Ctrl Pts',(-9.56177473056217,19.9250627165028,-7.43077012484658));
#3660=CARTESIAN_POINT('Ctrl Pts',(-11.9515865775703,20.1632642216989,-1.95024586274947));
#3661=CARTESIAN_POINT('Ctrl Pts',(-11.4279627671782,20.4014657268949,4.00568940861853));
#3662=CARTESIAN_POINT('Ctrl Pts',(-8.11854696161926,20.639667232091,8.98515864513881));
#3663=CARTESIAN_POINT('Ctrl Pts',(-2.83007473114601,20.8778687372871,11.7743177153693));
#3664=CARTESIAN_POINT('Ctrl Pts',(3.14828420025295,21.1160702424832,11.6932539201357));
#3665=CARTESIAN_POINT('Ctrl Pts',(8.35918657773625,21.3542717476792,8.76172816314931));
#3666=CARTESIAN_POINT('Ctrl Pts',(11.5323718634869,21.5924732528753,3.69435783981285));
#3667=CARTESIAN_POINT('Ctrl Pts',(11.8943133713999,21.8306747580713,-2.27358528964016));
#3668=CARTESIAN_POINT('Ctrl Pts',(9.3567806989088,22.0688762632675,-7.68729702814042));
#3669=CARTESIAN_POINT('Ctrl Pts',(4.53834763300609,22.3070777684635,-11.2270780441003));
#3670=CARTESIAN_POINT('Ctrl Pts',(-1.3863974471103,22.5452792736596,-12.0300366900926));
#3671=CARTESIAN_POINT('Ctrl Pts',(-6.97318072345026,22.7834807788556,-9.90043591183895));
#3672=CARTESIAN_POINT('Ctrl Pts',(-10.860113253337,23.0216822840517,-5.35740802730504));
#3673=CARTESIAN_POINT('Ctrl Pts',(-12.0996783403872,23.2598837892478,0.491594045398602));
#3674=CARTESIAN_POINT('Ctrl Pts',(-10.3897074732682,23.4980852944438,6.22076034470809));
#3675=CARTESIAN_POINT('Ctrl Pts',(-6.14703987787726,23.73628679964,10.4334932494366));
#3676=CARTESIAN_POINT('Ctrl Pts',(-0.405909710070023,23.974488304836,12.1028557767859));
#3677=CARTESIAN_POINT('Ctrl Pts',(5.43416897939959,24.2126898100321,10.8219077869703));
#3678=CARTESIAN_POINT('Ctrl Pts',(9.94956148006182,24.4508913152281,6.90290569256169));
#3679=CARTESIAN_POINT('Ctrl Pts',(12.0395515454953,24.6890928204242,1.30118378062615));
#3680=CARTESIAN_POINT('Ctrl Pts',(11.1946627522189,24.9272943256202,-4.61772741806648));
#3681=CARTESIAN_POINT('Ctrl Pts',(7.62085345807853,25.1654958308163,-9.41097620981704));
#3682=CARTESIAN_POINT('Ctrl Pts',(2.18931037509729,25.4036973360124,-11.9101133798906));
#3683=CARTESIAN_POINT('Ctrl Pts',(-3.77592041948962,25.6418988412085,-11.5059248056644));
#3684=CARTESIAN_POINT('Ctrl Pts',(-8.82069591917607,25.8801003464045,-8.2969394456845));
#3685=CARTESIAN_POINT('Ctrl Pts',(-11.7152522885782,26.1183018516006,-3.06541096663367));
#3686=CARTESIAN_POINT('Ctrl Pts',(-11.7539841722909,26.3565033567966,2.91337208179927));
#3687=CARTESIAN_POINT('Ctrl Pts',(-8.92744986726191,26.5947048619928,8.18196304130416));
#3688=CARTESIAN_POINT('Ctrl Pts',(-3.92467310456523,26.8329063671888,11.4560386735401));
#3689=CARTESIAN_POINT('Ctrl Pts',(2.03482046925173,27.0711078723849,11.9374782105859));
#3690=CARTESIAN_POINT('Ctrl Pts',(7.49828609767653,27.3093093775809,9.50892136725437));
#3691=CARTESIAN_POINT('Ctrl Pts',(11.133896555603,27.547510882777,4.76237666874395));
#3692=CARTESIAN_POINT('Ctrl Pts',(12.0553986906128,27.7857123879731,-1.14509123034506));
#3693=CARTESIAN_POINT('Ctrl Pts',(10.0381604541781,28.0239138931691,-6.77342112461805));
#3694=CARTESIAN_POINT('Ctrl Pts',(5.57391899675445,28.2621153983652,-10.7505943773661));
#3695=CARTESIAN_POINT('Ctrl Pts',(-0.24906951553403,28.5003169035613,-12.1071000362524));
#3696=CARTESIAN_POINT('Ctrl Pts',(-6.01135413827752,28.7385184087574,-10.5122557246044));
#3697=CARTESIAN_POINT('Ctrl Pts',(-10.3082291978128,28.9767199139534,-6.3548506258687));
#3698=CARTESIAN_POINT('Ctrl Pts',(-12.0923148515907,29.2149214191495,-0.648306286370563));
#3699=CARTESIAN_POINT('Ctrl Pts',(-10.9285702905182,29.4531229243455,5.21623878113688));
#3700=CARTESIAN_POINT('Ctrl Pts',(-7.10094611578071,29.6913244295416,9.80929474911231));
#3701=CARTESIAN_POINT('Ctrl Pts',(-1.54198006046615,29.9295259347377,12.0109988253797));
#3702=CARTESIAN_POINT('Ctrl Pts',(4.39218887432568,30.1677274399338,11.2850648434743));
#3703=CARTESIAN_POINT('Ctrl Pts',(9.25708071465573,30.4059289451298,7.80761288911254));
#3704=CARTESIAN_POINT('Ctrl Pts',(10.993622888904,30.5647299485939,4.22126432922106));
#3705=CARTESIAN_POINT('Ctrl Pts',(11.3808715566005,30.6441304503259,2.32867066297634));
#3706=CARTESIAN_POINT('Ctrl Pts',(-6.73331034042612,-0.6441304503259,8.77270349173817));
#3707=CARTESIAN_POINT('Ctrl Pts',(-5.27444464795836,-0.564729948593878,
9.89242621594025));
#3708=CARTESIAN_POINT('Ctrl Pts',(-1.78877730420538,-0.405928945129831,
11.3888669275944));
#3709=CARTESIAN_POINT('Ctrl Pts',(3.87901965577685,-0.167727439933765,10.8559501033097));
#3710=CARTESIAN_POINT('Ctrl Pts',(8.59986834563619,0.0704740652623054,7.67715454976752));
#3711=CARTESIAN_POINT('Ctrl Pts',(11.2249968166979,0.308675570458373,2.6266750847954));
#3712=CARTESIAN_POINT('Ctrl Pts',(11.1134728353924,0.546877075654443,-3.0639950460022));
#3713=CARTESIAN_POINT('Ctrl Pts',(8.29299137626621,0.785078580850513,-8.00781328249391));
#3714=CARTESIAN_POINT('Ctrl Pts',(3.45084209570698,1.02328008604658,-10.9995393880775));
#3715=CARTESIAN_POINT('Ctrl Pts',(-2.23247391632742,1.26148159124265,-11.3099250338859));
#3716=CARTESIAN_POINT('Ctrl Pts',(-7.37160276959207,1.49968309643872,-8.86328516074364));
#3717=CARTESIAN_POINT('Ctrl Pts',(-10.7137461697775,1.73788460163478,-4.25604803609227));
#3718=CARTESIAN_POINT('Ctrl Pts',(-11.4442078216112,1.97608610683085,1.38868694499842));
#3719=CARTESIAN_POINT('Ctrl Pts',(-9.38491446448074,2.21428761202691,6.69490101865295));
#3720=CARTESIAN_POINT('Ctrl Pts',(-5.03786405726414,2.45248911722299,10.369101033918));
#3721=CARTESIAN_POINT('Ctrl Pts',(0.537266139471298,2.69069062241905,11.5156272913703));
#3722=CARTESIAN_POINT('Ctrl Pts',(5.98142669724487,2.92889212761512,9.85499172224506));
#3723=CARTESIAN_POINT('Ctrl Pts',(9.96749636942416,3.16709363281118,5.79200690065687));
#3724=CARTESIAN_POINT('Ctrl Pts',(11.5237915215792,3.40529513800726,0.317105851934066));
#3725=CARTESIAN_POINT('Ctrl Pts',(10.2709345751266,3.64349664320333,-5.23509603842276));
#3726=CARTESIAN_POINT('Ctrl Pts',(6.51433411791735,3.8816981483994,-9.51113969877774));
#3727=CARTESIAN_POINT('Ctrl Pts',(1.16973586458865,4.11989965359547,-11.4686549103734));
#3728=CARTESIAN_POINT('Ctrl Pts',(-4.4600086524493,4.35810115879153,-10.6304586096608));
#3729=CARTESIAN_POINT('Ctrl Pts',(-9.0025378280861,4.5963026639876,-7.20087772973945));
#3730=CARTESIAN_POINT('Ctrl Pts',(-11.3505203195288,4.83450416918367,-2.01594045314147));
#3731=CARTESIAN_POINT('Ctrl Pts',(-10.9315889435203,5.07270567437973,3.66042218842488));
#3732=CARTESIAN_POINT('Ctrl Pts',(-7.8478665116954,5.3109071795758,8.44448451037442));
#3733=CARTESIAN_POINT('Ctrl Pts',(-2.85107136906153,5.54910868477187,11.1700366820501));
#3734=CARTESIAN_POINT('Ctrl Pts',(2.84072882023429,5.78731018996794,11.1726714442029));
#3735=CARTESIAN_POINT('Ctrl Pts',(7.84004516368646,6.025511695164,8.45174652137756));
#3736=CARTESIAN_POINT('Ctrl Pts',(10.928195404829,6.26371320036008,3.67054118952435));
#3737=CARTESIAN_POINT('Ctrl Pts',(11.3523818319089,6.50191470555614,-2.00543116879606));
#3738=CARTESIAN_POINT('Ctrl Pts',(9.00920061194606,6.74011621075222,-7.19254000780529));
#3739=CARTESIAN_POINT('Ctrl Pts',(4.46984852068417,6.97831771594828,-10.6263249353826));
#3740=CARTESIAN_POINT('Ctrl Pts',(-1.15911757109901,7.21651922114436,-11.4697329474822));
#3741=CARTESIAN_POINT('Ctrl Pts',(-6.50552582498734,7.45472072634042,-9.51716665665847));
#3742=CARTESIAN_POINT('Ctrl Pts',(-10.2660834651823,7.69292223153649,-5.24460272242833));
#3743=CARTESIAN_POINT('Ctrl Pts',(-11.5240801746432,7.93112373673255,0.306436875367329));
#3744=CARTESIAN_POINT('Ctrl Pts',(-9.9728543694505,8.16932524192863,5.7827764227854));
#3745=CARTESIAN_POINT('Ctrl Pts',(-5.99054802633608,8.40752674712468,9.84944982089613));
#3746=CARTESIAN_POINT('Ctrl Pts',(-0.547927095361821,8.64572825232075,11.5151249810134));
#3747=CARTESIAN_POINT('Ctrl Pts',(5.02826190433052,8.88392975751683,10.3737606320779));
#3748=CARTESIAN_POINT('Ctrl Pts',(9.3787125945739,9.12213126271288,6.70358691288262));
#3749=CARTESIAN_POINT('Ctrl Pts',(11.4429165579752,9.36033276790897,1.39928127172755));
#3750=CARTESIAN_POINT('Ctrl Pts',(10.7176832438834,9.59853427310502,-4.24612686032471));
#3751=CARTESIAN_POINT('Ctrl Pts',(7.3798026193457,9.83673577830111,-8.85645757228524));
#3752=CARTESIAN_POINT('Ctrl Pts',(2.2429491173385,10.0749372834972,-11.3078515504591));
#3753=CARTESIAN_POINT('Ctrl Pts',(-3.44066760257083,10.3131387886932,-11.00273301861));
#3754=CARTESIAN_POINT('Ctrl Pts',(-8.28555353025181,10.5513402938893,-8.01548065480306));
#3755=CARTESIAN_POINT('Ctrl Pts',(-11.1106718781508,10.7895417990854,-3.07429631725044));
#3756=CARTESIAN_POINT('Ctrl Pts',(-11.2273441618069,11.0277433042814,2.61630856409014));
#3757=CARTESIAN_POINT('Ctrl Pts',(-8.60712920404012,11.2659448094775,7.66913647649783));
#3758=CARTESIAN_POINT('Ctrl Pts',(-3.88875623451937,11.5041463146736,10.8524606600843));
#3759=CARTESIAN_POINT('Ctrl Pts',(1.77757799546271,11.7423478198696,11.3902828718271));
#3760=CARTESIAN_POINT('Ctrl Pts',(7.0105924245817,11.9805493250657,9.15149830828745));
#3761=CARTESIAN_POINT('Ctrl Pts',(10.5346362650085,12.2187508302618,4.68185499499485));
#3762=CARTESIAN_POINT('Ctrl Pts',(11.4906541171688,12.4569523354578,-0.929083090892552));
#3763=CARTESIAN_POINT('Ctrl Pts',(9.64559771742684,12.6951538406539,-6.31353879403306));
#3764=CARTESIAN_POINT('Ctrl Pts',(5.44923606256267,12.93335534585,-10.1589445202076));
#3765=CARTESIAN_POINT('Ctrl Pts',(-0.0754846806300435,13.1715568510461,
-11.5279065529341));
#3766=CARTESIAN_POINT('Ctrl Pts',(-5.58180453966339,13.4097583562421,-10.086713315604));
#3767=CARTESIAN_POINT('Ctrl Pts',(-9.72744912157382,13.6479598614382,-6.18668416984275));
#3768=CARTESIAN_POINT('Ctrl Pts',(-11.5018355493973,13.8861613666342,-0.778528371230178));
#3769=CARTESIAN_POINT('Ctrl Pts',(-10.4724220300191,14.1243628718303,4.81940911890243));
#3770=CARTESIAN_POINT('Ctrl Pts',(-6.89014847288989,14.3625643770264,9.2425202976095));
#3771=CARTESIAN_POINT('Ctrl Pts',(-1.62826492294409,14.6007658822224,11.4125843160478));
#3772=CARTESIAN_POINT('Ctrl Pts',(4.03054041269181,14.8389673874185,10.8006051410024));
#3773=CARTESIAN_POINT('Ctrl Pts',(8.70682178962866,15.0771688926146,7.55576480270778));
#3774=CARTESIAN_POINT('Ctrl Pts',(11.2606431149319,15.3153703978107,2.46905732382353));
#3775=CARTESIAN_POINT('Ctrl Pts',(11.0694599202604,15.5535719030067,-3.21953172121971));
#3776=CARTESIAN_POINT('Ctrl Pts',(8.17987689134638,15.7917734082028,-8.12329621967632));
#3777=CARTESIAN_POINT('Ctrl Pts',(3.29628705390396,16.0299749133989,-11.0468465676163));
#3778=CARTESIAN_POINT('Ctrl Pts',(-2.39083796085908,16.2681764185949,-11.2775095333635));
#3779=CARTESIAN_POINT('Ctrl Pts',(-7.4951489265397,16.506377923791,-8.75905645598775));
#3780=CARTESIAN_POINT('Ctrl Pts',(-10.7723690705643,16.7445794289871,-4.10541009373485));
#3781=CARTESIAN_POINT('Ctrl Pts',(-11.4236111520815,16.9827809341831,1.54901119306115));
#3782=CARTESIAN_POINT('Ctrl Pts',(-9.29012203069639,17.2209824393792,6.82583035864206));
#3783=CARTESIAN_POINT('Ctrl Pts',(-4.89198188493382,17.4591839445753,10.4387183441105));
#3784=CARTESIAN_POINT('Ctrl Pts',(0.69867561962612,17.6973854497713,11.5069622320024));
#3785=CARTESIAN_POINT('Ctrl Pts',(6.11901712053556,17.9355869549674,9.77015644239043));
#3786=CARTESIAN_POINT('Ctrl Pts',(10.0477271504679,18.1737884601635,5.65168174439608));
#3787=CARTESIAN_POINT('Ctrl Pts',(11.5271049209546,18.4119899653596,0.15549781829783));
#3788=CARTESIAN_POINT('Ctrl Pts',(10.1965228350377,18.6501914705556,-5.37859177710517));
#3789=CARTESIAN_POINT('Ctrl Pts',(6.38033659804989,18.8883929757517,-9.60154322626188));
#3790=CARTESIAN_POINT('Ctrl Pts',(1.00881709795698,19.1265944809477,-11.4839285740142));
#3791=CARTESIAN_POINT('Ctrl Pts',(-4.60862152642181,19.3647959861438,-10.5668791540545));
#3792=CARTESIAN_POINT('Ctrl Pts',(-9.10261748489228,19.6029974913399,-7.07394390378687));
#3793=CARTESIAN_POINT('Ctrl Pts',(-11.3776703612844,19.841198996536,-1.85659488853681));
#3794=CARTESIAN_POINT('Ctrl Pts',(-10.8791910113425,20.079400501732,3.81333585839406));
#3795=CARTESIAN_POINT('Ctrl Pts',(-7.72869363765169,20.3176020069281,8.55369055352791));
#3796=CARTESIAN_POINT('Ctrl Pts',(-2.69417429893445,20.5558035121241,11.2089139651061));
#3797=CARTESIAN_POINT('Ctrl Pts',(2.99710332194238,20.7940050173202,11.1317428602979));
#3798=CARTESIAN_POINT('Ctrl Pts',(7.95777771868772,21.0322065225163,8.34098922251716));
#3799=CARTESIAN_POINT('Ctrl Pts',(10.9785863738586,21.2704080277124,3.51695445832284));
#3800=CARTESIAN_POINT('Ctrl Pts',(11.3231474194045,21.5086095329084,-2.16440752831411));
#3801=CARTESIAN_POINT('Ctrl Pts',(8.90746728428545,21.7468110381045,-7.31815236310188));
#3802=CARTESIAN_POINT('Ctrl Pts',(4.32041578899358,21.9850125433005,-10.6879527899596));
#3803=CARTESIAN_POINT('Ctrl Pts',(-1.31982252235451,22.2232140484967,-11.4523532926501));
#3804=CARTESIAN_POINT('Ctrl Pts',(-6.63832798483637,22.4614155536927,-9.4250161270911));
#3805=CARTESIAN_POINT('Ctrl Pts',(-10.3386096800383,22.6996170588888,-5.10014483265094));
#3806=CARTESIAN_POINT('Ctrl Pts',(-11.5186507449026,22.9378185640848,0.467987657020565));
#3807=CARTESIAN_POINT('Ctrl Pts',(-9.89079282602249,23.1760200692809,5.92203889745216));
#3808=CARTESIAN_POINT('Ctrl Pts',(-5.85185849378464,23.414221574477,9.93247600545004));
#3809=CARTESIAN_POINT('Ctrl Pts',(-0.386417890850456,23.652423079673,11.5216756005319));
#3810=CARTESIAN_POINT('Ctrl Pts',(5.1732197172181,23.8906245848691,10.3022388434554));
#3811=CARTESIAN_POINT('Ctrl Pts',(9.47178268129901,24.1288260900652,6.57142756698057));
#3812=CARTESIAN_POINT('Ctrl Pts',(11.4614112438773,24.3670275952612,1.2387008234704));
#3813=CARTESIAN_POINT('Ctrl Pts',(10.6570940831848,24.6052291004573,-4.39598374994211));
#3814=CARTESIAN_POINT('Ctrl Pts',(7.25489941899405,24.8434306056534,-8.95906032209454));
#3815=CARTESIAN_POINT('Ctrl Pts',(2.08417950242224,25.0816321108495,-11.3381887101275));
#3816=CARTESIAN_POINT('Ctrl Pts',(-3.59460039590237,25.3198336160455,-10.9534093060294));
#3817=CARTESIAN_POINT('Ctrl Pts',(-8.39712534182337,25.5580351212416,-7.89851969927553));
#3818=CARTESIAN_POINT('Ctrl Pts',(-11.1526848651941,25.7962366264377,-2.91820966813549));
#3819=CARTESIAN_POINT('Ctrl Pts',(-11.1895568405168,26.0344381316337,2.77347170363884));
#3820=CARTESIAN_POINT('Ctrl Pts',(-8.49875295613242,26.2726396368298,7.78906447173106));
#3821=CARTESIAN_POINT('Ctrl Pts',(-3.73620996423553,26.5108411420259,10.9059187102641));
#3822=CARTESIAN_POINT('Ctrl Pts',(1.93710821515438,26.7490426472219,11.3642394792971));
#3823=CARTESIAN_POINT('Ctrl Pts',(7.13821775378954,26.987244152418,9.05230214464031));
#3824=CARTESIAN_POINT('Ctrl Pts',(10.5992458845614,27.225445657614,4.53368693115018));
#3825=CARTESIAN_POINT('Ctrl Pts',(11.4764974077222,27.4636471628101,-1.09010385089075));
#3826=CARTESIAN_POINT('Ctrl Pts',(9.55612712505139,27.7018486680062,-6.44816085913603));
#3827=CARTESIAN_POINT('Ctrl Pts',(5.30625892670944,27.9400501732023,-10.2343499099193));
#3828=CARTESIAN_POINT('Ctrl Pts',(-0.237109175957387,28.1782516783983,-11.5257160502935));
#3829=CARTESIAN_POINT('Ctrl Pts',(-5.72268839508074,28.4164531835944,-10.0074562997802));
#3830=CARTESIAN_POINT('Ctrl Pts',(-9.81322714436832,28.6546546887905,-6.04969015176851));
#3831=CARTESIAN_POINT('Ctrl Pts',(-11.511640851472,28.8928561939865,-0.617174562690766));
#3832=CARTESIAN_POINT('Ctrl Pts',(-10.4037794044011,29.1310576991826,4.9657545458361));
#3833=CARTESIAN_POINT('Ctrl Pts',(-6.75995807202865,29.3692592043787,9.33825157084431));
#3834=CARTESIAN_POINT('Ctrl Pts',(-1.46793404522397,29.6074607095747,11.4342296278396));
#3835=CARTESIAN_POINT('Ctrl Pts',(4.18127558648683,29.8456622147708,10.743155058236));
#3836=CARTESIAN_POINT('Ctrl Pts',(8.8125549018587,30.0838637199669,7.43269064607295));
#3837=CARTESIAN_POINT('Ctrl Pts',(10.4657081714124,30.2426647234309,4.01855885275186));
#3838=CARTESIAN_POINT('Ctrl Pts',(10.8343611247505,30.3220652251629,2.21684769728076));
#3839=CARTESIAN_POINT('Ctrl Pts',(-6.39366647037645,-0.966195675488847,
8.33018787696796));
#3840=CARTESIAN_POINT('Ctrl Pts',(-5.00838936429798,-0.886795173756824,
9.39342917669934));
#3841=CARTESIAN_POINT('Ctrl Pts',(-1.69854720704058,-0.727994170292777,
10.8143859304027));
#3842=CARTESIAN_POINT('Ctrl Pts',(3.6833528616924,-0.489792665096712,10.3083506730537));
#3843=CARTESIAN_POINT('Ctrl Pts',(8.16607093854315,-0.251591159900641,7.2899009775391));
#3844=CARTESIAN_POINT('Ctrl Pts',(10.6587818099086,-0.0133896547045733,
2.49417947029704));
#3845=CARTESIAN_POINT('Ctrl Pts',(10.5528833582014,0.224811850491497,-2.9094399931942));
#3846=CARTESIAN_POINT('Ctrl Pts',(7.87467355888999,0.463013355687565,-7.60388051296567));
#3847=CARTESIAN_POINT('Ctrl Pts',(3.27677357590636,0.701214860883634,-10.4446969795671));
#3848=CARTESIAN_POINT('Ctrl Pts',(-2.11986272771579,0.939416366079702,-10.7394260498398));
#3849=CARTESIAN_POINT('Ctrl Pts',(-6.99976194144827,1.17761787127577,-8.41620039542769));
#3850=CARTESIAN_POINT('Ctrl Pts',(-10.1733198374302,1.41581937647183,-4.04136305158816));
#3851=CARTESIAN_POINT('Ctrl Pts',(-10.8669353007164,1.6540208816679,1.31863833822993));
#3852=CARTESIAN_POINT('Ctrl Pts',(-8.91151750107869,1.89222238686397,6.35719460433209));
#3853=CARTESIAN_POINT('Ctrl Pts',(-4.78374245010751,2.13042389206004,9.84605940564917));
#3854=CARTESIAN_POINT('Ctrl Pts',(0.510165182938646,2.3686253972561,10.9347522059301));
#3855=CARTESIAN_POINT('Ctrl Pts',(5.67970959092447,2.60682690245217,9.35788296613224));
#3856=CARTESIAN_POINT('Ctrl Pts',(9.46471261664035,2.84502840764824,5.49984457044575));
#3857=CARTESIAN_POINT('Ctrl Pts',(10.9425046133351,3.08322991284431,0.30111029353545));
#3858=CARTESIAN_POINT('Ctrl Pts',(9.75284469188168,3.32143141804038,-4.97102559035559));
#3859=CARTESIAN_POINT('Ctrl Pts',(6.18573591900142,3.55963292323645,-9.0313756403055));
#3860=CARTESIAN_POINT('Ctrl Pts',(1.11073166072781,3.79783442843252,-10.8901492213311));
#3861=CARTESIAN_POINT('Ctrl Pts',(-4.23503541898964,4.03603593362858,-10.094233496003));
#3862=CARTESIAN_POINT('Ctrl Pts',(-8.54842883360802,4.27423743882466,-6.83764867059459));
#3863=CARTESIAN_POINT('Ctrl Pts',(-10.7779736146404,4.51243894402072,-1.91425171718885));
#3864=CARTESIAN_POINT('Ctrl Pts',(-10.3801741138372,4.75064044921679,3.47578196018113));
#3865=CARTESIAN_POINT('Ctrl Pts',(-7.45200183014905,4.98884195441285,8.01852502615783));
#3866=CARTESIAN_POINT('Ctrl Pts',(-2.70725668287931,5.22704345960892,10.6065939925738));
#3867=CARTESIAN_POINT('Ctrl Pts',(2.69743583632514,5.46524496480499,10.6090958511815));
#3868=CARTESIAN_POINT('Ctrl Pts',(7.44457500916656,5.70344647000106,8.02542072439702));
#3869=CARTESIAN_POINT('Ctrl Pts',(10.3769517531484,5.94164797519712,3.48539053527603));
#3870=CARTESIAN_POINT('Ctrl Pts',(10.7797412279965,6.1798494803932,-1.90427254564473));
#3871=CARTESIAN_POINT('Ctrl Pts',(8.55475553111801,6.41805098558927,-6.82973152279143));
#3872=CARTESIAN_POINT('Ctrl Pts',(4.24437894133237,6.65625249078533,-10.0903083338918));
#3873=CARTESIAN_POINT('Ctrl Pts',(-1.10064897871482,6.8944539959814,-10.8911728797351));
#3874=CARTESIAN_POINT('Ctrl Pts',(-6.17737193690041,7.13265550117747,-9.03709858438087));
#3875=CARTESIAN_POINT('Ctrl Pts',(-9.74823828323171,7.37085700637354,-4.98005273505824));
#3876=CARTESIAN_POINT('Ctrl Pts',(-10.9427787060656,7.60905851156961,0.29097948501792));
#3877=CARTESIAN_POINT('Ctrl Pts',(-9.46980034665499,7.84726001676567,5.49107969939591));
#3878=CARTESIAN_POINT('Ctrl Pts',(-5.68837081891295,8.08546152196174,9.35262061120646));
#3879=CARTESIAN_POINT('Ctrl Pts',(-0.52028837536158,8.3236630271578,10.9342752332785));
#3880=CARTESIAN_POINT('Ctrl Pts',(4.7746246521521,8.56186453235388,9.85048396281552));
#3881=CARTESIAN_POINT('Ctrl Pts',(8.90562846794755,8.80006603754994,6.36544236180853));
#3882=CARTESIAN_POINT('Ctrl Pts',(10.8657091714283,9.03826754274602,1.32869826242169));
#3883=CARTESIAN_POINT('Ctrl Pts',(10.1770583163402,9.27646904794208,-4.03194232305425));
#3884=CARTESIAN_POINT('Ctrl Pts',(7.00754817166511,9.51467055313815,-8.40971720644739));
#3885=CARTESIAN_POINT('Ctrl Pts',(2.12980953516841,9.75287205833422,-10.7374571577506));
#3886=CARTESIAN_POINT('Ctrl Pts',(-3.26711230792245,9.99107356353029,-10.4477295159305));
#3887=CARTESIAN_POINT('Ctrl Pts',(-7.86761089516743,10.2292750687264,-7.61116112514161));
#3888=CARTESIAN_POINT('Ctrl Pts',(-10.5502236877725,10.4674765739224,-2.91922164430669));
#3889=CARTESIAN_POINT('Ctrl Pts',(-10.6610107494583,10.7056780791185,2.48433586106226));
#3890=CARTESIAN_POINT('Ctrl Pts',(-8.17296554232292,10.9438795843146,7.28228735457661));
#3891=CARTESIAN_POINT('Ctrl Pts',(-3.69259830470555,11.1820810895106,10.305037245479));
#3892=CARTESIAN_POINT('Ctrl Pts',(1.68791281753837,11.4202825947067,10.8157304511075));
#3893=CARTESIAN_POINT('Ctrl Pts',(6.65696179981605,11.6584840999027,8.68987539993609));
#3894=CARTESIAN_POINT('Ctrl Pts',(10.003244653793,11.8966856050988,4.44569131485608));
#3895=CARTESIAN_POINT('Ctrl Pts',(10.9110387368519,12.1348871102949,-0.882217973939026));
#3896=CARTESIAN_POINT('Ctrl Pts',(9.15905128304967,12.373088615491,-5.99506917934151));
#3897=CARTESIAN_POINT('Ctrl Pts',(5.17436389248149,12.611290120687,-9.64650367640048));
#3898=CARTESIAN_POINT('Ctrl Pts',(-0.0716770573715895,12.8494916258831,
-10.9464120729155));
#3899=CARTESIAN_POINT('Ctrl Pts',(-5.30024530655782,13.0876931310792,-9.57791598214017));
#3900=CARTESIAN_POINT('Ctrl Pts',(-9.23677391156211,13.3258946362752,-5.87461339811481));
#3901=CARTESIAN_POINT('Ctrl Pts',(-10.9216561515731,13.5640961414713,-0.739257585304793));
#3902=CARTESIAN_POINT('Ctrl Pts',(-9.94416864984833,13.8022976466674,4.57630688809197));
#3903=CARTESIAN_POINT('Ctrl Pts',(-6.54259332182268,14.0404991518634,8.77630602792916));
#3904=CARTESIAN_POINT('Ctrl Pts',(-1.54613144447146,14.2787006570595,10.8369069584933));
#3905=CARTESIAN_POINT('Ctrl Pts',(3.82723055840821,14.5169021622556,10.2557974396636));
#3906=CARTESIAN_POINT('Ctrl Pts',(8.26762940149418,14.7551036674517,7.17463441230097));
#3907=CARTESIAN_POINT('Ctrl Pts',(10.6926300257622,14.9933051726477,2.34451231662209));
#3908=CARTESIAN_POINT('Ctrl Pts',(10.5110905571101,15.2315066778438,-3.05713103593161));
#3909=CARTESIAN_POINT('Ctrl Pts',(7.76726483227843,15.4697081830398,-7.71353822158644));
#3910=CARTESIAN_POINT('Ctrl Pts',(3.13001465070566,15.7079096882359,-10.4896178746889));
#3911=CARTESIAN_POINT('Ctrl Pts',(-2.27023852066805,15.946111193432,-10.7086456627297));
#3912=CARTESIAN_POINT('Ctrl Pts',(-7.11707614223261,16.1843126986281,-8.31722922951434));
#3913=CARTESIAN_POINT('Ctrl Pts',(-10.2289856624414,16.4225142038241,-3.89832363820562));
#3914=CARTESIAN_POINT('Ctrl Pts',(-10.8473775752121,16.6607157090202,1.4708754574776));
#3915=CARTESIAN_POINT('Ctrl Pts',(-8.82150661863152,16.8989172142162,6.48151956319385));
#3916=CARTESIAN_POINT('Ctrl Pts',(-4.64521891462541,17.1371187194123,9.9121650564259));
#3917=CARTESIAN_POINT('Ctrl Pts',(0.663432792641832,17.3753202246084,10.9265242323564));
#3918=CARTESIAN_POINT('Ctrl Pts',(5.81035963251794,17.6135217298045,9.27732697555877));
#3919=CARTESIAN_POINT('Ctrl Pts',(9.54089637005684,17.8517232350005,5.36659774218829));
#3920=CARTESIAN_POINT('Ctrl Pts',(10.9456508771218,18.0899247401966,0.147654145851327));
#3921=CARTESIAN_POINT('Ctrl Pts',(9.68218645342922,18.3281262453927,-5.10728306946617));
#3922=CARTESIAN_POINT('Ctrl Pts',(6.05849754640681,18.5663277505887,-9.11721900311751));
#3923=CARTESIAN_POINT('Ctrl Pts',(0.957930011813747,18.8045292557848,-10.9046524457724));
#3924=CARTESIAN_POINT('Ctrl Pts',(-4.37615191315739,19.0427307609809,-10.0338611363519));
#3925=CARTESIAN_POINT('Ctrl Pts',(-8.64346023922239,19.2809322661769,-6.71711768272716));
#3926=CARTESIAN_POINT('Ctrl Pts',(-10.8037541449985,19.519133771373,-1.76294391432415));
#3927=CARTESIAN_POINT('Ctrl Pts',(-10.3304192555069,19.7573352765691,3.62098230816958));
#3928=CARTESIAN_POINT('Ctrl Pts',(-7.33884031368411,19.9955367817651,8.12222246191701));
#3929=CARTESIAN_POINT('Ctrl Pts',(-2.5582738667229,20.2337382869612,10.643510214843));
#3930=CARTESIAN_POINT('Ctrl Pts',(2.84592244363181,20.4719397921573,10.5702318004601));
#3931=CARTESIAN_POINT('Ctrl Pts',(7.55636885963917,20.7101412973533,7.92025028188502));
#3932=CARTESIAN_POINT('Ctrl Pts',(10.4248008842303,20.9483428025494,3.33955107683283));
#3933=CARTESIAN_POINT('Ctrl Pts',(10.7519814674092,21.1865443077455,-2.05522976698806));
#3934=CARTESIAN_POINT('Ctrl Pts',(8.45815386966209,21.4247458129416,-6.94900769806336));
#3935=CARTESIAN_POINT('Ctrl Pts',(4.10248394498108,21.6629473181376,-10.148827535819));
#3936=CARTESIAN_POINT('Ctrl Pts',(-1.25324759759873,21.9011488233337,-10.8746698952077));
#3937=CARTESIAN_POINT('Ctrl Pts',(-6.30347524622249,22.1393503285298,-8.94959634234326));
#3938=CARTESIAN_POINT('Ctrl Pts',(-9.81710610673961,22.3775518337258,-4.84288163799686));
#3939=CARTESIAN_POINT('Ctrl Pts',(-10.937623149418,22.6157533389219,0.444381268642528));
#3940=CARTESIAN_POINT('Ctrl Pts',(-9.39187817877673,22.853954844118,5.62331745019624));
#3941=CARTESIAN_POINT('Ctrl Pts',(-5.55667710969204,23.092156349314,9.43145876146345));
#3942=CARTESIAN_POINT('Ctrl Pts',(-0.366926071630869,23.3303578545101,10.9404954242779));
#3943=CARTESIAN_POINT('Ctrl Pts',(4.91227045503659,23.5685593597061,9.78256989994048));
#3944=CARTESIAN_POINT('Ctrl Pts',(8.99400388253622,23.8067608649022,6.23994944139946));
#3945=CARTESIAN_POINT('Ctrl Pts',(10.8832709422594,24.0449623700983,1.17621786631464));
#3946=CARTESIAN_POINT('Ctrl Pts',(10.1195254141507,24.2831638752943,-4.17424008181773));
#3947=CARTESIAN_POINT('Ctrl Pts',(6.88894537990956,24.5213653804905,-8.50714443437207));
#3948=CARTESIAN_POINT('Ctrl Pts',(1.9790486297472,24.7595668856865,-10.7662640403643));
#3949=CARTESIAN_POINT('Ctrl Pts',(-3.41328037231511,24.9977683908826,-10.4008938063944));
#3950=CARTESIAN_POINT('Ctrl Pts',(-7.97355476447069,25.2359698960786,-7.50009995286653));
#3951=CARTESIAN_POINT('Ctrl Pts',(-10.59011744181,25.4741714012747,-2.77100836963732));
#3952=CARTESIAN_POINT('Ctrl Pts',(-10.6251295087426,25.7123729064708,2.63357132547841));
#3953=CARTESIAN_POINT('Ctrl Pts',(-8.07005604500294,25.9505744116668,7.39616590215796));
#3954=CARTESIAN_POINT('Ctrl Pts',(-3.54774682390584,26.1887759168629,10.355798746988));
#3955=CARTESIAN_POINT('Ctrl Pts',(1.83939596105702,26.426977422059,10.7910007480082));
#3956=CARTESIAN_POINT('Ctrl Pts',(6.77814940990255,26.6651789272551,8.59568292202626));
#3957=CARTESIAN_POINT('Ctrl Pts',(10.0645952135197,26.9033804324511,4.3049971935564));
#3958=CARTESIAN_POINT('Ctrl Pts',(10.8975961248315,27.1415819376472,-1.03511647143644));
#3959=CARTESIAN_POINT('Ctrl Pts',(9.07409379592464,27.3797834428432,-6.12290059365403));
#3960=CARTESIAN_POINT('Ctrl Pts',(5.03859885666443,27.6179849480393,-9.7181054424724));
#3961=CARTESIAN_POINT('Ctrl Pts',(-0.225148836380738,27.8561864532354,-10.9443320643346));
#3962=CARTESIAN_POINT('Ctrl Pts',(-5.43402265188397,28.0943879584315,-9.50265687495592));
#3963=CARTESIAN_POINT('Ctrl Pts',(-9.31822509092385,28.3325894636275,-5.74452967766833));
#3964=CARTESIAN_POINT('Ctrl Pts',(-10.9309668513533,28.5707909688236,-0.58604283901096));
#3965=CARTESIAN_POINT('Ctrl Pts',(-9.87898851828392,28.8089924740196,4.7152703105353));
#3966=CARTESIAN_POINT('Ctrl Pts',(-6.4189700282766,29.0471939792157,8.86720839257633));
#3967=CARTESIAN_POINT('Ctrl Pts',(-1.39388802998179,29.2853954844118,10.8574604302995));
#3968=CARTESIAN_POINT('Ctrl Pts',(3.97036229864798,29.5235969896079,10.2012452729978));
#3969=CARTESIAN_POINT('Ctrl Pts',(8.36802908906168,29.7617984948039,7.05776840303335));
#3970=CARTESIAN_POINT('Ctrl Pts',(9.93779345392084,29.920599498268,3.81585337628267));
#3971=CARTESIAN_POINT('Ctrl Pts',(10.2878506929006,30.,2.10502473158518));
#3972=CARTESIAN_POINT('Ctrl Pts',(6.39356543921288,2.65893032847621,8.33034934900397));
#3973=CARTESIAN_POINT('Ctrl Pts',(7.47492508912102,2.72096302153356,7.49858251114856));
#3974=CARTESIAN_POINT('Ctrl Pts',(8.39490606538591,2.7829957145909,6.45568251377712));
#3975=CARTESIAN_POINT('Ctrl Pts',(9.08017744513683,2.84502840764824,5.27639525690845));
#3976=CARTESIAN_POINT('Ctrl Pts',(9.95730994887193,2.92442890938026,3.76693314480898));
#3977=CARTESIAN_POINT('Ctrl Pts',(10.4499072811035,3.00382941111229,2.03402171917224));
#3978=CARTESIAN_POINT('Ctrl Pts',(10.4979292936437,3.08322991284431,0.288876692372017));
#3979=CARTESIAN_POINT('Ctrl Pts',(10.545951306184,3.16263041457633,-1.4562683344282));
#3980=CARTESIAN_POINT('Ctrl Pts',(10.1493979990328,3.24203091630836,-3.2136469623919));
#3981=CARTESIAN_POINT('Ctrl Pts',(9.35660321664388,3.32143141804038,-4.76906128469872));
#3982=CARTESIAN_POINT('Ctrl Pts',(8.56380843425493,3.4008319197724,-6.32447560700555));
#3983=CARTESIAN_POINT('Ctrl Pts',(7.37477217662818,3.48023242150443,-7.67792562365552));
#3984=CARTESIAN_POINT('Ctrl Pts',(5.93442000476919,3.55963292323645,-8.66444622881811));
#3985=CARTESIAN_POINT('Ctrl Pts',(4.49406783291021,3.63903342496847,-9.65096683398071));
#3986=CARTESIAN_POINT('Ctrl Pts',(2.802399746819,3.7184339267005,-10.2705580276559));
#3987=CARTESIAN_POINT('Ctrl Pts',(1.06560452382049,3.79783442843252,-10.4477010036055));
#3988=CARTESIAN_POINT('Ctrl Pts',(-0.671190699178018,3.87723493016454,-10.6248439795551));
#3989=CARTESIAN_POINT('Ctrl Pts',(-2.45311305908383,3.95663543189656,-10.359538737779));
#3990=CARTESIAN_POINT('Ctrl Pts',(-4.06297314147313,4.03603593362858,-9.68412197932295));
#3991=CARTESIAN_POINT('Ctrl Pts',(-5.67283322386243,4.11543643536061,-9.00870522086687));
#3992=CARTESIAN_POINT('Ctrl Pts',(-7.11063102873522,4.19483693709263,-7.92317694573073));
#3993=CARTESIAN_POINT('Ctrl Pts',(-8.20112072801035,4.27423743882465,-6.55984664926171));
#3994=CARTESIAN_POINT('Ctrl Pts',(-9.29161042728548,4.35363794055668,-5.19651635279268));
#3995=CARTESIAN_POINT('Ctrl Pts',(-10.0347920209629,4.4330384422887,-3.55538403499075));
#3996=CARTESIAN_POINT('Ctrl Pts',(-10.3400829010011,4.51243894402072,-1.83647892986144));
#3997=CARTESIAN_POINT('Ctrl Pts',(-10.6453737810393,4.59183944575274,-0.117573824732161));
#3998=CARTESIAN_POINT('Ctrl Pts',(-10.5127739474382,4.67123994748477,1.67910406772449));
#3999=CARTESIAN_POINT('Ctrl Pts',(-9.95844531668967,4.75064044921679,3.33456685828226));
#4000=CARTESIAN_POINT('Ctrl Pts',(-9.40411668594112,4.83004095094881,4.99002964884004));
#4001=CARTESIAN_POINT('Ctrl Pts',(-8.42805925804509,4.90944145268083,6.50427733749893));
#4002=CARTESIAN_POINT('Ctrl Pts',(-7.14923968621878,4.98884195441285,7.69274600956438));
#4003=CARTESIAN_POINT('Ctrl Pts',(-5.87042011439247,5.06824245614488,8.88121468162982));
#4004=CARTESIAN_POINT('Ctrl Pts',(-4.2888383986359,5.1476429578769,9.74390433710182));
#4005=CARTESIAN_POINT('Ctrl Pts',(-2.59726545422354,5.22704345960892,10.1756661412724));
#4006=CARTESIAN_POINT('Ctrl Pts',(-0.90569250981117,5.30644396134094,10.607427945443));
#4007=CARTESIAN_POINT('Ctrl Pts',(0.895871663256982,5.38584446307297,10.6082618983123));
#4008=CARTESIAN_POINT('Ctrl Pts',(2.5878436119313,5.46524496480499,10.1780663536161));
#4009=CARTESIAN_POINT('Ctrl Pts',(3.9636124255278,5.5298067526954,9.82826763821495));
#4010=CARTESIAN_POINT('Ctrl Pts',(5.26692357224352,5.5943685405858,9.1934907510217));
#4011=CARTESIAN_POINT('Ctrl Pts',(6.39409168035751,5.65893032847621,8.33016743042988));
#4012=CARTESIAN_POINT('Ctrl Pts',(-7.41259808052541,-3.2687464875232E-15,
9.65773472127864));
#4013=CARTESIAN_POINT('Ctrl Pts',(-7.17427159185204,-3.26716207392558E-15,
9.81620603817563));
#4014=CARTESIAN_POINT('Ctrl Pts',(-6.93050523923864,-4.09401887125099E-15,
9.96591811664375));
#4015=CARTESIAN_POINT('Ctrl Pts',(-6.6818257698083,-4.55191440096314E-15,
10.1067198454629));
#4016=CARTESIAN_POINT('Ctrl Pts',(-6.43251465885017,-5.01097297735791E-15,
10.2478792082247));
#4017=CARTESIAN_POINT('Ctrl Pts',(-6.17826482169679,-4.4719956426892E-15,
10.380083087207));
#4018=CARTESIAN_POINT('Ctrl Pts',(-5.91958742101825,-4.09394740330526E-15,
10.5031305994356));
#4019=CARTESIAN_POINT('Ctrl Pts',(-5.66203394597327,-3.71754174307922E-15,
10.6256434833866));
#4020=CARTESIAN_POINT('Ctrl Pts',(-5.40009068106873,-4.53242254696476E-15,
10.7390795279765));
#4021=CARTESIAN_POINT('Ctrl Pts',(-5.13425202201324,-4.5102810375397E-15,
10.8431900060035));
#4022=CARTESIAN_POINT('Ctrl Pts',(-5.05297816411743,-4.50351179676409E-15,
10.8750193126465));
#4023=CARTESIAN_POINT('Ctrl Pts',(-4.97134017307542,-4.49355303091562E-15,
10.9059766068561));
#4024=CARTESIAN_POINT('Ctrl Pts',(-4.88935212197362,-4.53803661315533E-15,
10.9360538039596));
#4025=CARTESIAN_POINT('Ctrl Pts',(-4.85364288463429,-4.55741108022162E-15,
10.9491536856551));
#4026=CARTESIAN_POINT('Ctrl Pts',(-4.81786722784713,-5.83100867804061E-15,
10.9620865665584));
#4027=CARTESIAN_POINT('Ctrl Pts',(-4.78203995557534,-5.81479309147426E-15,
10.9748470374548));
#4028=CARTESIAN_POINT('Ctrl Pts',(-4.51563006558381,-5.69421476219152E-15,
11.0697332911989));
#4029=CARTESIAN_POINT('Ctrl Pts',(-4.24617954596862,-4.81791661167624E-15,
11.1551600342487));
#4030=CARTESIAN_POINT('Ctrl Pts',(-3.97418471990005,-4.96824803519758E-15,
11.2309378752985));
#4031=CARTESIAN_POINT('Ctrl Pts',(-3.70378735539806,-5.11769654239733E-15,
11.3062706630713));
#4032=CARTESIAN_POINT('Ctrl Pts',(-3.43087488418575,-4.67698686259825E-15,
11.3720676566595));
#4033=CARTESIAN_POINT('Ctrl Pts',(-3.15592865797455,-4.49640324973188E-15,
11.4280919936395));
#4034=CARTESIAN_POINT('Ctrl Pts',(-2.9362670590814,-4.35213036523825E-15,
11.4728512747816));
#4035=CARTESIAN_POINT('Ctrl Pts',(-2.71530711931105,-5.16110342894666E-15,
11.5113718992315));
#4036=CARTESIAN_POINT('Ctrl Pts',(-2.49329520600435,-5.41233724504764E-15,
11.5435088633023));
#4037=CARTESIAN_POINT('Ctrl Pts',(-2.42928820330836,-5.4847690497422E-15,
11.5527740901781));
#4038=CARTESIAN_POINT('Ctrl Pts',(-2.36519377759811,-4.99019872935748E-15,
11.5615085713419));
#4039=CARTESIAN_POINT('Ctrl Pts',(-2.30101788273851,-5.05151476204446E-15,
11.5697084897066));
#4040=CARTESIAN_POINT('Ctrl Pts',(-2.25004888121181,-5.10021243849247E-15,
11.576220929503));
#4041=CARTESIAN_POINT('Ctrl Pts',(-2.19902849214953,-5.87191512914444E-15,
11.5823961821994));
#4042=CARTESIAN_POINT('Ctrl Pts',(-2.14795971248109,-5.93969318174459E-15,
11.5882322655689));
#4043=CARTESIAN_POINT('Ctrl Pts',(-2.11383830481698,-5.98497882550705E-15,
11.5921316221055));
#4044=CARTESIAN_POINT('Ctrl Pts',(-2.0796941871265,-4.36257254282107E-15,
11.595879640668));
#4045=CARTESIAN_POINT('Ctrl Pts',(-2.04554540158917,-4.35762537165374E-15,
11.5994740346207));
#4046=CARTESIAN_POINT('Ctrl Pts',(-1.97194462060773,-4.346962747615E-15,
11.607221021751));
#4047=CARTESIAN_POINT('Ctrl Pts',(-1.89830383370625,-4.36759908109827E-15,
11.6142565611189));
#4048=CARTESIAN_POINT('Ctrl Pts',(-1.82463188249335,-4.32986979603811E-15,
11.620577678385));
#4049=CARTESIAN_POINT('Ctrl Pts',(-1.54926421997287,-4.16262427433851E-15,
11.6442044624924));
#4050=CARTESIAN_POINT('Ctrl Pts',(-1.27346142499944,-3.9830071796972E-15,
11.6578543314842));
#4051=CARTESIAN_POINT('Ctrl Pts',(-0.997742379998538,-3.99680288865056E-15,
11.6616764519989));
#4052=CARTESIAN_POINT('Ctrl Pts',(-0.720227796310716,-4.01068843807591E-15,
11.6655234629423));
#4053=CARTESIAN_POINT('Ctrl Pts',(-0.442797415706958,-3.9490059315445E-15,
11.6594141963833));
#4054=CARTESIAN_POINT('Ctrl Pts',(-0.165982379297177,-3.94129173741931E-15,
11.6434477612681));
#4055=CARTESIAN_POINT('Ctrl Pts',(0.110665768251989,-3.93358219410024E-15,
11.6274909521479));
#4056=CARTESIAN_POINT('Ctrl Pts',(0.386699945304688,-5.07310392267184E-15,
11.6016886920184));
#4057=CARTESIAN_POINT('Ctrl Pts',(0.661578361157982,-5.10702591327572E-15,
11.5660893234098));
#4058=CARTESIAN_POINT('Ctrl Pts',(0.932951021219002,-5.14051526818256E-15,
11.5309439835117));
#4059=CARTESIAN_POINT('Ctrl Pts',(1.20319776912007,-3.92992564492888E-15,
11.4862495999569));
#4060=CARTESIAN_POINT('Ctrl Pts',(1.47177718970403,-3.88578058618805E-15,
11.4320065479356));
#4061=CARTESIAN_POINT('Ctrl Pts',(1.67321175514199,-3.85267179213242E-15,
11.3913242589197));
#4062=CARTESIAN_POINT('Ctrl Pts',(1.87370809301771,-5.12328856378593E-15,
11.3452698922868));
#4063=CARTESIAN_POINT('Ctrl Pts',(2.07302740389547,-5.21804821573824E-15,
11.293827392674));
#4064=CARTESIAN_POINT('Ctrl Pts',(2.15681551900707,-5.25788245252518E-15,
11.2722024429377));
#4065=CARTESIAN_POINT('Ctrl Pts',(2.24039551668443,-5.13054251089692E-15,
11.2496251802117));
#4066=CARTESIAN_POINT('Ctrl Pts',(2.32374908574376,-5.10702591327572E-15,
11.2260937018305));
#4067=CARTESIAN_POINT('Ctrl Pts',(2.356151070082,-5.09788431998331E-15,
11.2169463239489));
#4068=CARTESIAN_POINT('Ctrl Pts',(2.38852013799636,-4.29890031672097E-15,
11.2076543185337));
#4069=CARTESIAN_POINT('Ctrl Pts',(2.42083538050924,-4.32986979603811E-15,
11.1982234928254));
#4070=CARTESIAN_POINT('Ctrl Pts',(2.68186939755864,-4.58003309247197E-15,
11.1220437668724));
#4071=CARTESIAN_POINT('Ctrl Pts',(2.93969149913323,-4.5195228237577E-15,
11.0367270084524));
#4072=CARTESIAN_POINT('Ctrl Pts',(3.19380521411322,-4.71844785465692E-15,
10.9423639241844));
#4073=CARTESIAN_POINT('Ctrl Pts',(3.40484263664515,-4.88365194764088E-15,
10.8639968746623));
#4074=CARTESIAN_POINT('Ctrl Pts',(3.61332233835018,-5.72249913235376E-15,
10.7793895844339));
#4075=CARTESIAN_POINT('Ctrl Pts',(3.81894969084474,-5.38458166943201E-15,
10.6885686621126));
#4076=CARTESIAN_POINT('Ctrl Pts',(4.06735699899759,-5.02733719282617E-15,
10.5788528068818));
#4077=CARTESIAN_POINT('Ctrl Pts',(4.31160277053345,-4.44305577384127E-15,
10.4600697869515));
#4078=CARTESIAN_POINT('Ctrl Pts',(4.55126231674684,-4.55191440096314E-15,
10.3325501152044));
#4079=CARTESIAN_POINT('Ctrl Pts',(4.79044350985039,-4.66055574960127E-15,
10.2052849688142));
#4080=CARTESIAN_POINT('Ctrl Pts',(5.02505724192446,-4.01125510343474E-15,
10.0693175552507));
#4081=CARTESIAN_POINT('Ctrl Pts',(5.25464686822264,-4.10782519111308E-15,
9.92493786272459));
#4082=CARTESIAN_POINT('Ctrl Pts',(5.48223520127846,-4.20355349396429E-15,
9.7818167031193));
#4083=CARTESIAN_POINT('Ctrl Pts',(5.70488704660362,-4.96941647792711E-15,
9.63042881598797));
#4084=CARTESIAN_POINT('Ctrl Pts',(5.9221171401315,-5.10702591327572E-15,
9.47102568075691));
#4085=CARTESIAN_POINT('Ctrl Pts',(5.99303490558043,-5.15195041476225E-15,
9.41898632482536));
#4086=CARTESIAN_POINT('Ctrl Pts',(6.06337447873291,-4.79153815864377E-15,
9.36609249653677));
#4087=CARTESIAN_POINT('Ctrl Pts',(6.13311791678597,-4.77395900588817E-15,
9.31235234836514));
#4088=CARTESIAN_POINT('Ctrl Pts',(6.16825311413024,-4.76510301859453E-15,
9.28527925354748));
#4089=CARTESIAN_POINT('Ctrl Pts',(6.20323700846045,-6.0535827109706E-15,
9.25799136515854));
#4090=CARTESIAN_POINT('Ctrl Pts',(6.2380672519378,-6.10622663543836E-15,
9.23048970048508));
#4091=CARTESIAN_POINT('Ctrl Pts',(6.26129735990025,-6.14133761735694E-15,
9.21214740437317));
#4092=CARTESIAN_POINT('Ctrl Pts',(6.28445204715079,-3.33181756393823E-15,
9.19371558616661));
#4093=CARTESIAN_POINT('Ctrl Pts',(6.30752779516243,-3.33066907387547E-15,
9.17519711355209));
#4094=CARTESIAN_POINT('Ctrl Pts',(6.51547458332327,-3.32031947135491E-15,
9.00831815041325));
#4095=CARTESIAN_POINT('Ctrl Pts',(6.71709284949894,-3.47730943186499E-15,
8.83434311797395));
#4096=CARTESIAN_POINT('Ctrl Pts',(6.91199866215956,-3.5527136788005E-15,
8.65360436460206));
#4097=CARTESIAN_POINT('Ctrl Pts',(7.1065226047346,-3.6279701896278E-15,
8.47321972444144));
#4098=CARTESIAN_POINT('Ctrl Pts',(7.29436081361136,-4.75920282729458E-15,
8.28609737990798));
#4099=CARTESIAN_POINT('Ctrl Pts',(7.475094603644,-4.77395900588817E-15,
8.09253152266671));
#4100=CARTESIAN_POINT('Ctrl Pts',(7.65387271387811,-4.7885555111834E-15,
7.90106019814467));
#4101=CARTESIAN_POINT('Ctrl Pts',(7.82569968033869,-3.27949244312341E-15,
7.70328358406024));
#4102=CARTESIAN_POINT('Ctrl Pts',(7.9901281726212,-3.21964677141295E-15,
7.49945795380646));
#4103=CARTESIAN_POINT('Ctrl Pts',(8.04749786647375,-3.19876640076205E-15,
7.42834245645779));
#4104=CARTESIAN_POINT('Ctrl Pts',(8.10396651346436,-3.25682401671823E-15,
7.35649036648947));
#4105=CARTESIAN_POINT('Ctrl Pts',(8.15951376705437,-3.21964677141295E-15,
7.28391189907887));
#4106=CARTESIAN_POINT('Ctrl Pts',(8.32040200375788,-3.11639105892137E-15,
7.0736940955035));
#4107=CARTESIAN_POINT('Ctrl Pts',(8.47356407261743,-5.21548923446001E-15,
6.85738342875795));
#4108=CARTESIAN_POINT('Ctrl Pts',(8.61872799928755,-5.32907051820075E-15,
6.63544783823346));
#4109=CARTESIAN_POINT('Ctrl Pts',(8.7231265294012,-5.4107555438332E-15,
6.47583690759698));
#4110=CARTESIAN_POINT('Ctrl Pts',(8.8233872995313,-3.57747947089582E-15,
6.31331629676711));
#4111=CARTESIAN_POINT('Ctrl Pts',(8.91939266581815,-3.44169137633799E-15,
6.14805731105575));
#4112=CARTESIAN_POINT('Ctrl Pts',(8.94190264822446,-3.40985370165686E-15,
6.10930971803337));
#4113=CARTESIAN_POINT('Ctrl Pts',(8.96417863138181,-5.19292630056016E-15,
6.07041158028543));
#4114=CARTESIAN_POINT('Ctrl Pts',(8.98621898462175,-5.21804821573824E-15,
6.03136510020103));
#4115=CARTESIAN_POINT('Ctrl Pts',(8.99977644486576,-5.23350120610424E-15,
6.00734683263291));
#4116=CARTESIAN_POINT('Ctrl Pts',(9.01324427795186,-2.50179898887835E-15,
5.98327320321878));
#4117=CARTESIAN_POINT('Ctrl Pts',(9.02661596228935,-2.55351295663786E-15,
5.95915603224659));
#4118=CARTESIAN_POINT('Ctrl Pts',(9.15270558355743,-3.04115493535114E-15,
5.7317407809447));
#4119=CARTESIAN_POINT('Ctrl Pts',(9.2703993051207,-4.62844670569804E-15,
5.50019221316275));
#4120=CARTESIAN_POINT('Ctrl Pts',(9.37953566632088,-4.44089209850063E-15,
5.26499532352975));
#4121=CARTESIAN_POINT('Ctrl Pts',(9.48891400663682,-4.2529216418328E-15,
5.02927695109526));
#4122=CARTESIAN_POINT('Ctrl Pts',(9.58969720612973,-3.49311664367222E-15,
4.78989343560355));
#4123=CARTESIAN_POINT('Ctrl Pts',(9.68167451487358,-3.66373598126302E-15,
4.54731345107983));
#4124=CARTESIAN_POINT('Ctrl Pts',(9.77311031023491,-3.8333508031109E-15,
4.30616164824295));
#4125=CARTESIAN_POINT('Ctrl Pts',(9.85584373923019,-4.00255254362846E-15,
4.06185028775813));
#4126=CARTESIAN_POINT('Ctrl Pts',(9.92961764696922,-3.99680288865056E-15,
3.8148298179284));
#4127=CARTESIAN_POINT('Ctrl Pts',(10.0020722853169,-3.99115605246126E-15,
3.57222671671686));
#4128=CARTESIAN_POINT('Ctrl Pts',(10.0658850064617,-1.32994692373178E-15,
3.32700997358389));
#4129=CARTESIAN_POINT('Ctrl Pts',(10.1207626327319,-1.22124532708767E-15,
3.07960530200133));
#4130=CARTESIAN_POINT('Ctrl Pts',(10.1707691965609,-1.12219233044147E-15,
2.85416082960084));
#4131=CARTESIAN_POINT('Ctrl Pts',(10.2133559896265,-4.01045027985241E-15,
2.62689929435817));
#4132=CARTESIAN_POINT('Ctrl Pts',(10.2482637719328,-4.21884749357559E-15,
2.39814780614977));
#4133=CARTESIAN_POINT('Ctrl Pts',(10.2631213746781,-4.30480880437499E-15,
2.3007855987951));
#4134=CARTESIAN_POINT('Ctrl Pts',(10.2765874079656,-3.01895561311962E-15,
2.20315356335755));
#4135=CARTESIAN_POINT('Ctrl Pts',(10.2886586917637,-2.99760216648792E-15,
2.10528180593688));
#4136=CARTESIAN_POINT('Origin',(0.,29.25,6.0507154842071E-15));
#4137=CARTESIAN_POINT('',(-17.25,29.25,8.16323121273629E-15));
#4138=CARTESIAN_POINT('Origin',(0.,-6.62512600396507,-2.22044604925031E-15));
#4139=CARTESIAN_POINT('Ctrl Pts',(2.64493508088071,-12.8917580830175,9.79616066034982));
#4140=CARTESIAN_POINT('Ctrl Pts',(3.1804028887385,-15.0068431936948,9.33065182436889));
#4141=CARTESIAN_POINT('Ctrl Pts',(3.83224538082512,-19.3845877243485,8.42703461087028));
#4142=CARTESIAN_POINT('Ctrl Pts',(4.11237065062536,-24.5998509745178,7.63918732558769));
#4143=CARTESIAN_POINT('Ctrl Pts',(3.79280618899415,-28.2412640545745,7.47541062302858));
#4144=CARTESIAN_POINT('Ctrl Pts',(3.32047700506296,-30.3080285221848,7.55839375490162));
#4145=CARTESIAN_POINT('Ctrl Pts',(2.38841881563818,-32.0534204871042,7.84379167793542));
#4146=CARTESIAN_POINT('Ctrl Pts',(0.881384469886725,-33.0468292251808,8.15156556736197));
#4147=CARTESIAN_POINT('Ctrl Pts',(-0.876147476460083,-33.0512447386244,
8.15380886920602));
#4148=CARTESIAN_POINT('Ctrl Pts',(-2.64074397005064,-31.8857837234684,7.78614515348731));
#4149=CARTESIAN_POINT('Ctrl Pts',(-3.67755552473129,-29.3380785360571,7.44246933600492));
#4150=CARTESIAN_POINT('Ctrl Pts',(-4.12412908669902,-24.9778939579891,7.58838246726841));
#4151=CARTESIAN_POINT('Ctrl Pts',(-3.84094290096766,-19.3940797293693,8.42076544836412));
#4152=CARTESIAN_POINT('Ctrl Pts',(-3.18040288873854,-15.006843193695,9.33065182436884));
#4153=CARTESIAN_POINT('Ctrl Pts',(-2.64493508088076,-12.8917580830177,9.79616066034977));
#4154=CARTESIAN_POINT('Ctrl Pts',(2.76025734064794,-12.8700232394187,9.91845295039479));
#4155=CARTESIAN_POINT('Ctrl Pts',(3.30421178482575,-14.9991793383962,9.49504391188847));
#4156=CARTESIAN_POINT('Ctrl Pts',(3.93475203099201,-19.3988754254511,8.67246625278731));
#4157=CARTESIAN_POINT('Ctrl Pts',(4.11510374976359,-24.6136771094275,7.96441513741679));
#4158=CARTESIAN_POINT('Ctrl Pts',(3.69041499875881,-28.1840734294802,7.81034791549894));
#4159=CARTESIAN_POINT('Ctrl Pts',(3.15833712086094,-30.1690299529386,7.86911258012645));
#4160=CARTESIAN_POINT('Ctrl Pts',(2.22034671701589,-31.7879159367606,8.0803840690624));
#4161=CARTESIAN_POINT('Ctrl Pts',(0.813211130212829,-32.6936269277133,8.31200602530176));
#4162=CARTESIAN_POINT('Ctrl Pts',(-0.808464610351332,-32.6961023049454,
8.31300788979895));
#4163=CARTESIAN_POINT('Ctrl Pts',(-2.45500814169787,-31.6378135386903,8.03816092098841));
#4164=CARTESIAN_POINT('Ctrl Pts',(-3.53841023131596,-29.2579775712329,7.7809682917976));
#4165=CARTESIAN_POINT('Ctrl Pts',(-4.12158418303702,-24.9888663556062,7.9163948154416));
#4166=CARTESIAN_POINT('Ctrl Pts',(-3.94192641024226,-19.4104038166319,8.66828649358995));
#4167=CARTESIAN_POINT('Ctrl Pts',(-3.30421178482579,-14.9991793383964,9.49504391188843));
#4168=CARTESIAN_POINT('Ctrl Pts',(-2.760257340648,-12.8700232394189,9.91845295039474));
#4169=CARTESIAN_POINT('Ctrl Pts',(3.02924568481839,-12.8081647247575,10.1235812661341));
#4170=CARTESIAN_POINT('Ctrl Pts',(3.61379527167043,-14.9607897299137,9.77442435730276));
#4171=CARTESIAN_POINT('Ctrl Pts',(4.261662216856,-19.401396029759,9.10711534898813));
#4172=CARTESIAN_POINT('Ctrl Pts',(4.33176037720606,-24.6373492085573,8.604377189156));
#4173=CARTESIAN_POINT('Ctrl Pts',(3.73147780521629,-28.1067354598922,8.55736911855264));
#4174=CARTESIAN_POINT('Ctrl Pts',(3.07524411660551,-29.9614987171634,8.63977772783105));
#4175=CARTESIAN_POINT('Ctrl Pts',(2.07100911342831,-31.3659532299413,8.78532688501674));
#4176=CARTESIAN_POINT('Ctrl Pts',(0.747185174684404,-32.1222791624842,8.92031375963603));
#4177=CARTESIAN_POINT('Ctrl Pts',(-0.742785861254092,-32.1212205982722,
8.91901824893439));
#4178=CARTESIAN_POINT('Ctrl Pts',(-2.29068258908391,-31.246387360132,8.76383837304866));
#4179=CARTESIAN_POINT('Ctrl Pts',(-3.51610507070543,-29.1485173501191,8.56383753438316));
#4180=CARTESIAN_POINT('Ctrl Pts',(-4.33333110368872,-25.0087274703403,8.56629654616525));
#4181=CARTESIAN_POINT('Ctrl Pts',(-4.26683250332551,-19.4168227604035,9.1069002957235));
#4182=CARTESIAN_POINT('Ctrl Pts',(-3.61379527167047,-14.9607897299139,9.77442435730273));
#4183=CARTESIAN_POINT('Ctrl Pts',(-3.02924568481845,-12.8081647247577,10.1235812661341));
#4184=CARTESIAN_POINT('Ctrl Pts',(3.46246642191703,-12.68221712416,10.2650298390101));
#4185=CARTESIAN_POINT('Ctrl Pts',(4.14404122848509,-14.8545770230585,9.9660007319326));
#4186=CARTESIAN_POINT('Ctrl Pts',(4.92882731488695,-19.3388566962486,9.41735034849561));
#4187=CARTESIAN_POINT('Ctrl Pts',(5.08523580698962,-24.6419010747885,9.13161205485379));
#4188=CARTESIAN_POINT('Ctrl Pts',(4.42982696969525,-28.1488105162469,9.31359163250806));
#4189=CARTESIAN_POINT('Ctrl Pts',(3.67691526571832,-30.013231628778,9.55297543782864));
#4190=CARTESIAN_POINT('Ctrl Pts',(2.48978797640552,-31.4047213777138,9.84588702903583));
#4191=CARTESIAN_POINT('Ctrl Pts',(0.89940757773199,-32.1515533836627,10.0666567356866));
#4192=CARTESIAN_POINT('Ctrl Pts',(-0.894078705302356,-32.1495353936983,
10.0655127885466));
#4193=CARTESIAN_POINT('Ctrl Pts',(-2.75420704035088,-31.2881001564158,9.81022823458751));
#4194=CARTESIAN_POINT('Ctrl Pts',(-4.19235062719868,-29.2026620036874,9.39455109636212));
#4195=CARTESIAN_POINT('Ctrl Pts',(-5.09167520125447,-25.0167253595991,9.1086513392601));
#4196=CARTESIAN_POINT('Ctrl Pts',(-4.93562321881658,-19.3554220877355,9.41778459855616));
#4197=CARTESIAN_POINT('Ctrl Pts',(-4.14404122848514,-14.8545770230587,9.96600073193257));
#4198=CARTESIAN_POINT('Ctrl Pts',(-3.4624664219171,-12.6822171241603,10.2650298390101));
#4199=CARTESIAN_POINT('Ctrl Pts',(3.86753093767242,-12.546608656256,10.2691896338466));
#4200=CARTESIAN_POINT('Ctrl Pts',(4.64566289471488,-14.7297322852222,9.96491227311378));
#4201=CARTESIAN_POINT('Ctrl Pts',(5.58002625337199,-19.2457076580542,9.41688562142276));
#4202=CARTESIAN_POINT('Ctrl Pts',(5.90323748553586,-24.6242253005109,9.1796996539141));
#4203=CARTESIAN_POINT('Ctrl Pts',(5.31234816494132,-28.2894160274141,9.50713959900885));
#4204=CARTESIAN_POINT('Ctrl Pts',(4.54193022955641,-30.3058918739162,9.89432697427276));
#4205=CARTESIAN_POINT('Ctrl Pts',(3.17967740195924,-31.912633331728,10.4191164418884));
#4206=CARTESIAN_POINT('Ctrl Pts',(1.16219121901737,-32.8096155238427,10.8434189000969));
#4207=CARTESIAN_POINT('Ctrl Pts',(-1.15524672836992,-32.8103836974334,10.8446443639443));
#4208=CARTESIAN_POINT('Ctrl Pts',(-3.51661670021109,-31.7665784835924,10.3446853773533));
#4209=CARTESIAN_POINT('Ctrl Pts',(-5.09746323387446,-29.3931616707599,9.63296700704138));
#4210=CARTESIAN_POINT('Ctrl Pts',(-5.91745847578082,-25.0086987398859,9.16524004131291));
#4211=CARTESIAN_POINT('Ctrl Pts',(-5.59047827816392,-19.2593881444005,9.41386810221317));
#4212=CARTESIAN_POINT('Ctrl Pts',(-4.64566289471494,-14.7297322852224,9.96491227311376));
#4213=CARTESIAN_POINT('Ctrl Pts',(-3.8675309376725,-12.5466086562563,10.2691896338465));
#4214=CARTESIAN_POINT('Ctrl Pts',(4.10066159968543,-12.4596718262793,10.2077834748153));
#4215=CARTESIAN_POINT('Ctrl Pts',(4.93091172080868,-14.6473098609781,9.8746191723818));
#4216=CARTESIAN_POINT('Ctrl Pts',(5.94072656489565,-19.1800735057656,9.27223336473945));
#4217=CARTESIAN_POINT('Ctrl Pts',(6.35516170698816,-24.6072796942059,8.98516371622356));
#4218=CARTESIAN_POINT('Ctrl Pts',(5.82233358117609,-28.4034514569433,9.34211566327542));
#4219=CARTESIAN_POINT('Ctrl Pts',(5.06347210107416,-30.5535093258784,9.79084966398691));
#4220=CARTESIAN_POINT('Ctrl Pts',(3.61425616357382,-32.3576935680468,10.4544422900351));
#4221=CARTESIAN_POINT('Ctrl Pts',(1.3300723635851,-33.3925910142584,11.021024413059));
#4222=CARTESIAN_POINT('Ctrl Pts',(-1.32220508388355,-33.3962389059316,11.0242299466507));
#4223=CARTESIAN_POINT('Ctrl Pts',(-3.99641458308547,-32.1843218927788,10.3521090218856));
#4224=CARTESIAN_POINT('Ctrl Pts',(-5.62934836895847,-29.548404273801,9.47539168343382));
#4225=CARTESIAN_POINT('Ctrl Pts',(-6.37290183412528,-24.9994757304945,8.97172770617186));
#4226=CARTESIAN_POINT('Ctrl Pts',(-5.95356264368449,-19.1907769004728,9.26593207454996));
#4227=CARTESIAN_POINT('Ctrl Pts',(-4.93091172080874,-14.6473098609783,9.87461917238177));
#4228=CARTESIAN_POINT('Ctrl Pts',(-4.10066159968551,-12.4596718262795,10.2077834748152));
#4229=CARTESIAN_POINT('Ctrl Pts',(4.21101506298112,-12.4161984870964,10.1620545235374));
#4230=CARTESIAN_POINT('Ctrl Pts',(5.06353617812314,-14.6060837511003,9.80878154620217));
#4231=CARTESIAN_POINT('Ctrl Pts',(6.10133804052421,-19.147248339792,9.16827844631301));
#4232=CARTESIAN_POINT('Ctrl Pts',(6.54732695691669,-24.5986548306094,8.84240463722952));
#4233=CARTESIAN_POINT('Ctrl Pts',(6.03854669563542,-28.4604362177045,9.19996792421922));
#4234=CARTESIAN_POINT('Ctrl Pts',(5.2865489159555,-30.6775461808274,9.66937855181293));
#4235=CARTESIAN_POINT('Ctrl Pts',(3.8026141670029,-32.5808324824044,10.391908828419));
#4236=CARTESIAN_POINT('Ctrl Pts',(1.40325685337229,-33.6849836681596,11.0232646372128));
#4237=CARTESIAN_POINT('Ctrl Pts',(-1.39491900857461,-33.690017133795,11.0273965899031));
#4238=CARTESIAN_POINT('Ctrl Pts',(-4.2043423733701,-32.3936878946259,10.2767200840412));
#4239=CARTESIAN_POINT('Ctrl Pts',(-5.85505550648008,-29.6259809303346,9.33249033080094));
#4240=CARTESIAN_POINT('Ctrl Pts',(-6.56604762487607,-24.9947208500247,8.82833119900887));
#4241=CARTESIAN_POINT('Ctrl Pts',(-6.11518540811957,-19.1564756331943,9.1603621071085));
#4242=CARTESIAN_POINT('Ctrl Pts',(-5.0635361781232,-14.6060837511006,9.80878154620214));
#4243=CARTESIAN_POINT('Ctrl Pts',(-4.21101506298121,-12.4161984870966,10.1620545235373));
#4244=CARTESIAN_POINT('Ctrl Pts',(-4.21101506298121,-12.4161984870966,10.1620545235373));
#4245=CARTESIAN_POINT('Ctrl Pts',(-5.0635361781232,-14.6060837511006,9.80878154620214));
#4246=CARTESIAN_POINT('Ctrl Pts',(-6.11518540811957,-19.1564756331943,9.1603621071085));
#4247=CARTESIAN_POINT('Ctrl Pts',(-6.56604762487607,-24.9947208500247,8.82833119900887));
#4248=CARTESIAN_POINT('Ctrl Pts',(-5.85505550648008,-29.6259809303346,9.33249033080094));
#4249=CARTESIAN_POINT('Ctrl Pts',(-4.2043423733701,-32.3936878946259,10.2767200840412));
#4250=CARTESIAN_POINT('Ctrl Pts',(-1.39491900857461,-33.690017133795,11.0273965899031));
#4251=CARTESIAN_POINT('Ctrl Pts',(1.40325685337229,-33.6849836681596,11.0232646372128));
#4252=CARTESIAN_POINT('Ctrl Pts',(3.8026141670029,-32.5808324824044,10.391908828419));
#4253=CARTESIAN_POINT('Ctrl Pts',(5.2865489159555,-30.6775461808274,9.66937855181293));
#4254=CARTESIAN_POINT('Ctrl Pts',(6.03854669563542,-28.4604362177045,9.19996792421922));
#4255=CARTESIAN_POINT('Ctrl Pts',(6.54732695691669,-24.5986548306094,8.84240463722952));
#4256=CARTESIAN_POINT('Ctrl Pts',(6.10133804052421,-19.147248339792,9.16827844631301));
#4257=CARTESIAN_POINT('Ctrl Pts',(5.06353617812314,-14.6060837511003,9.80878154620217));
#4258=CARTESIAN_POINT('Ctrl Pts',(4.21101506298112,-12.4161984870964,10.1620545235374));
#4259=CARTESIAN_POINT('',(-3.9994658255233,-24.3894373779724,7.74745263654677));
#4260=CARTESIAN_POINT('Ctrl Pts',(2.64493508088071,-12.8917580830175,9.79616066034982));
#4261=CARTESIAN_POINT('Ctrl Pts',(3.1804028887385,-15.0068431936948,9.33065182436889));
#4262=CARTESIAN_POINT('Ctrl Pts',(3.83224538082512,-19.3845877243485,8.42703461087028));
#4263=CARTESIAN_POINT('Ctrl Pts',(4.11237065062536,-24.5998509745178,7.63918732558769));
#4264=CARTESIAN_POINT('Ctrl Pts',(3.79280618899415,-28.2412640545745,7.47541062302858));
#4265=CARTESIAN_POINT('Ctrl Pts',(3.32047700506296,-30.3080285221848,7.55839375490162));
#4266=CARTESIAN_POINT('Ctrl Pts',(2.38841881563818,-32.0534204871042,7.84379167793542));
#4267=CARTESIAN_POINT('Ctrl Pts',(0.881384469886725,-33.0468292251808,8.15156556736197));
#4268=CARTESIAN_POINT('Ctrl Pts',(-0.876147476460083,-33.0512447386244,
8.15380886920602));
#4269=CARTESIAN_POINT('Ctrl Pts',(-2.64074397005064,-31.8857837234684,7.78614515348731));
#4270=CARTESIAN_POINT('Ctrl Pts',(-3.67755552473129,-29.3380785360571,7.44246933600492));
#4271=CARTESIAN_POINT('Ctrl Pts',(-3.95717443571456,-26.6079794723478,7.53383182213661));
#4272=CARTESIAN_POINT('Ctrl Pts',(-3.99816893214193,-24.9477666920563,7.68681001995562));
#4273=CARTESIAN_POINT('Ctrl Pts',(-3.99949648572174,-24.3896242434469,7.74734103368834));
#4274=CARTESIAN_POINT('Ctrl Pts',(-3.99949825447688,-24.3888774903881,7.74742202509722));
#4275=CARTESIAN_POINT('Ctrl Pts',(-4.00339937908842,-22.734925112943,7.92681853551254));
#4276=CARTESIAN_POINT('Ctrl Pts',(-3.75758324074392,-18.8404137285758,8.53559243498376));
#4277=CARTESIAN_POINT('Ctrl Pts',(-3.18040288873854,-15.006843193695,9.33065182436884));
#4278=CARTESIAN_POINT('Ctrl Pts',(-2.64493508088076,-12.8917580830177,9.79616066034977));
#4279=CARTESIAN_POINT('Origin',(0.,-41.,-9.32587340685131E-15));
#4280=CARTESIAN_POINT('',(-4.,-41.,-1.04360964314765E-14));
#4281=CARTESIAN_POINT('',(4.,-41.,-9.32587340685131E-15));
#4282=CARTESIAN_POINT('Origin',(1.44368565427579E-32,-41.,-1.33226762955019E-14));
#4283=CARTESIAN_POINT('',(-4.,-41.,-8.88191063467661E-15));
#4284=CARTESIAN_POINT('Origin',(0.,-41.,-1.31036537830589E-15));
#4285=CARTESIAN_POINT('Origin',(0.,-12.4161984870957,-2.66453525910038E-15));
#4286=CARTESIAN_POINT('',(11.,-12.4161984870957,-4.62145350014174E-15));
#4287=CARTESIAN_POINT('Origin',(0.,-12.4161984870957,-2.66453525910038E-15));
#4288=CARTESIAN_POINT('Origin',(0.,-12.4161984870957,-2.66453525910038E-15));
#4289=CARTESIAN_POINT('Ctrl Pts',(-4.,-41.,-1.10072887255652E-14));
#4290=CARTESIAN_POINT('Ctrl Pts',(-4.,-41.0124293753602,0.654463889815994));
#4291=CARTESIAN_POINT('Ctrl Pts',(-3.60547672937616,-41.0498820318203,2.62651884194521));
#4292=CARTESIAN_POINT('Ctrl Pts',(-1.01791846186712,-41.0927262847135,4.88246619185245));
#4293=CARTESIAN_POINT('Ctrl Pts',(2.20376968322481,-41.0773781858898,4.07431806160752));
#4294=CARTESIAN_POINT('Ctrl Pts',(3.72417706891221,-41.0371901422434,1.95823236889821));
#4295=CARTESIAN_POINT('Ctrl Pts',(4.,-41.0124293753602,0.654463889815993));
#4296=CARTESIAN_POINT('Ctrl Pts',(4.,-41.,-1.11924571059941E-14));
#4297=CARTESIAN_POINT('Ctrl Pts',(-4.,-41.,-1.10072887255652E-14));
#4298=CARTESIAN_POINT('Ctrl Pts',(-4.,-41.0967274341765,0.635775460105249));
#4299=CARTESIAN_POINT('Ctrl Pts',(-3.56017764740357,-41.3910890985428,2.56134321785522));
#4300=CARTESIAN_POINT('Ctrl Pts',(-0.958845305381023,-41.6725812614396,
4.57926261544223));
#4301=CARTESIAN_POINT('Ctrl Pts',(2.12062232669482,-41.5776459516472,3.87618083765169));
#4302=CARTESIAN_POINT('Ctrl Pts',(3.70868320300401,-41.2903688438062,1.90552948130113));
#4303=CARTESIAN_POINT('Ctrl Pts',(4.,-41.0967274341765,0.635775460105249));
#4304=CARTESIAN_POINT('Ctrl Pts',(4.,-41.,-1.11924571059941E-14));
#4305=CARTESIAN_POINT('Ctrl Pts',(-4.,-41.,-1.10072887255652E-14));
#4306=CARTESIAN_POINT('Ctrl Pts',(-4.,-41.1810254929929,0.617087030394504));
#4307=CARTESIAN_POINT('Ctrl Pts',(-3.56017764740357,-41.7280233230168,2.48664669862758));
#4308=CARTESIAN_POINT('Ctrl Pts',(-0.958845305381023,-42.3257143719347,
4.43446649085008));
#4309=CARTESIAN_POINT('Ctrl Pts',(2.12062232669482,-42.1146197836729,3.75713660511268));
#4310=CARTESIAN_POINT('Ctrl Pts',(3.70868320300401,-41.5421480128288,1.84971138336415));
#4311=CARTESIAN_POINT('Ctrl Pts',(4.,-41.1810254929929,0.617087030394504));
#4312=CARTESIAN_POINT('Ctrl Pts',(4.,-41.,-1.11924571059941E-14));
#4313=CARTESIAN_POINT('Ctrl Pts',(-4.,-41.,-1.10072887255652E-14));
#4314=CARTESIAN_POINT('Ctrl Pts',(-4.,-41.2653235518092,0.598398600683759));
#4315=CARTESIAN_POINT('Ctrl Pts',(-3.60547672937616,-42.0648063535401,2.40151553683342));
#4316=CARTESIAN_POINT('Ctrl Pts',(-1.01791846186712,-42.9793808211096,4.46420495088234));
#4317=CARTESIAN_POINT('Ctrl Pts',(2.20376968322481,-42.6517527645566,3.72528762051636));
#4318=CARTESIAN_POINT('Ctrl Pts',(3.72417706891221,-41.793879044312,1.79047847802847));
#4319=CARTESIAN_POINT('Ctrl Pts',(4.,-41.2653235518092,0.598398600683759));
#4320=CARTESIAN_POINT('Ctrl Pts',(4.,-41.,-1.11924571059941E-14));
#4321=CARTESIAN_POINT('Origin',(2.88737130855157E-32,-41.,-9.43689570931383E-15));
#4322=CARTESIAN_POINT('Origin',(1.44368565427578E-32,-41.,-9.43689570931383E-15));
#4323=CARTESIAN_POINT('Origin',(2.88737130855157E-32,-41.,-9.54791801177634E-15));
#4324=CARTESIAN_POINT('Origin',(2.88737130855157E-32,-98.,-2.22044604925031E-14));
#4325=CARTESIAN_POINT('',(4.,-100.,-2.26485497023532E-14));
#4326=CARTESIAN_POINT('Origin',(2.88737130855158E-32,-100.,-2.26485497023532E-14));
#4327=CARTESIAN_POINT('',(4.,-98.,-2.26943192121621E-14));
#4328=CARTESIAN_POINT('Origin',(0.,-1.11022302462516E-15,0.));
#4329=CARTESIAN_POINT('Origin',(2.88737130855157E-32,-24.6698729810778,
-5.99520433297585E-15));
#4330=CARTESIAN_POINT('',(11.,-49.3397459621556,-1.28201280116721E-14));
#4331=CARTESIAN_POINT('',(11.,-24.6698729810778,-7.34231581203794E-15));
#4332=CARTESIAN_POINT('',(-11.,-49.3397459621556,-1.01992079770395E-14));
#4333=CARTESIAN_POINT('Origin',(2.88737130855158E-32,-49.3397459621556,
-1.15463194561016E-14));
#4334=CARTESIAN_POINT('Origin',(2.88737130855158E-32,-49.3397459621556,
-1.15463194561016E-14));
#4335=CARTESIAN_POINT('Origin',(5.12297365207005E-31,-69.,-1.59872115546023E-14));
#4336=CARTESIAN_POINT('',(-10.1665812837945,-67.625,-1.70974345792274E-14));
#4337=CARTESIAN_POINT('',(10.1665812837945,-67.625,-1.69269473455774E-14));
#4338=CARTESIAN_POINT('Origin',(4.75223213777551E-31,-67.625,-1.59872115546023E-14));
#4339=CARTESIAN_POINT('',(10.1665812837945,-70.375,-1.75375700091212E-14));
#4340=CARTESIAN_POINT('Origin',(11.6189500386222,-69.,-1.74101225520274E-14));
#4341=CARTESIAN_POINT('',(-10.1665812837945,-70.375,-1.48769885299771E-14));
#4342=CARTESIAN_POINT('Origin',(5.49371516636459E-31,-70.375,-1.59872115546023E-14));
#4343=CARTESIAN_POINT('Origin',(5.49371516636459E-31,-70.375,-1.59872115546023E-14));
#4344=CARTESIAN_POINT('Origin',(4.75223213777551E-31,-67.625,-1.59872115546023E-14));
#4345=CARTESIAN_POINT('Origin',(8.08890576642639E-31,-80.,-1.82076576038526E-14));
#4346=CARTESIAN_POINT('',(11.,-88.6602540378444,-2.1538326677728E-14));
#4347=CARTESIAN_POINT('',(-11.,-88.6602540378444,-2.14777317692982E-14));
#4348=CARTESIAN_POINT('Origin',(2.88737130855158E-32,-88.6602540378444,
-2.04281036531029E-14));
#4349=CARTESIAN_POINT('Origin',(8.08890576642639E-31,-80.,-1.82076576038526E-14));
#4350=CARTESIAN_POINT('Origin',(2.88737130855158E-32,-88.6602540378444,
-2.04281036531029E-14));
#4351=CARTESIAN_POINT('Origin',(2.1570415377137E-31,-58.,-1.37667655053519E-14));
#4352=CARTESIAN_POINT('Origin',(2.1570415377137E-31,-58.,-1.37667655053519E-14));
#4353=CARTESIAN_POINT('Origin',(-5.,-100.,-2.26485497023532E-14));
#4354=CARTESIAN_POINT('',(5.,-100.,-2.37587727269783E-14));
#4355=CARTESIAN_POINT('Origin',(2.88737130855158E-32,-100.,-2.26485497023532E-14));
#4356=CARTESIAN_POINT('Ctrl Pts',(5.,-100.,-2.28705943072782E-14));
#4357=CARTESIAN_POINT('Ctrl Pts',(5.,-100.,-5.00000000000001));
#4358=CARTESIAN_POINT('Ctrl Pts',(1.26287869051112E-14,-100.,-5.00000000000001));
#4359=CARTESIAN_POINT('Ctrl Pts',(-4.99999999999997,-100.,-5.00000000000001));
#4360=CARTESIAN_POINT('Ctrl Pts',(-4.99999999999997,-100.,-2.28705943072782E-14));
#4361=CARTESIAN_POINT('Ctrl Pts',(-4.99999999999997,-100.,4.99999999999996));
#4362=CARTESIAN_POINT('Ctrl Pts',(1.26287869051112E-14,-100.,4.99999999999996));
#4363=CARTESIAN_POINT('Ctrl Pts',(5.,-100.,4.99999999999996));
#4364=CARTESIAN_POINT('Ctrl Pts',(5.,-100.,-2.28705943072782E-14));
#4365=CARTESIAN_POINT('Ctrl Pts',(11.,-100.,-2.28705943072782E-14));
#4366=CARTESIAN_POINT('Ctrl Pts',(11.,-100.,-11.));
#4367=CARTESIAN_POINT('Ctrl Pts',(1.26287869051112E-14,-100.,-11.));
#4368=CARTESIAN_POINT('Ctrl Pts',(-11.,-100.,-11.));
#4369=CARTESIAN_POINT('Ctrl Pts',(-11.,-100.,-2.28705943072782E-14));
#4370=CARTESIAN_POINT('Ctrl Pts',(-11.,-100.,11.));
#4371=CARTESIAN_POINT('Ctrl Pts',(1.26287869051112E-14,-100.,11.));
#4372=CARTESIAN_POINT('Ctrl Pts',(11.,-100.,11.));
#4373=CARTESIAN_POINT('Ctrl Pts',(11.,-100.,-2.28705943072782E-14));
#4374=CARTESIAN_POINT('Ctrl Pts',(11.,-94.,-2.1538326677728E-14));
#4375=CARTESIAN_POINT('Ctrl Pts',(11.,-94.,-11.));
#4376=CARTESIAN_POINT('Ctrl Pts',(1.26287869051112E-14,-94.,-11.));
#4377=CARTESIAN_POINT('Ctrl Pts',(-11.,-94.,-11.));
#4378=CARTESIAN_POINT('Ctrl Pts',(-11.,-94.,-2.1538326677728E-14));
#4379=CARTESIAN_POINT('Ctrl Pts',(-11.,-94.,11.));
#4380=CARTESIAN_POINT('Ctrl Pts',(1.26287869051112E-14,-94.,11.));
#4381=CARTESIAN_POINT('Ctrl Pts',(11.,-94.,11.));
#4382=CARTESIAN_POINT('Ctrl Pts',(11.,-94.,-2.1538326677728E-14));
#4383=CARTESIAN_POINT('',(11.,-94.,-2.26485497023532E-14));
#4384=CARTESIAN_POINT('Origin',(5.00000000000002,-94.,-2.21506500773017E-14));
#4385=CARTESIAN_POINT('Origin',(2.88737130855158E-32,-94.,-2.1538326677728E-14));
#4386=CARTESIAN_POINT('Origin',(2.88737130855158E-32,-91.3301270189222,
-2.04281036531029E-14));
#4387=CARTESIAN_POINT('',(11.,-91.3301270189222,-2.1775215132165E-14));
#4388=UNCERTAINTY_MEASURE_WITH_UNIT(LENGTH_MEASURE(0.01),#4392,
'DISTANCE_ACCURACY_VALUE',
'Maximum model space distance between geometric entities at asserted c
onnectivities');
#4389=UNCERTAINTY_MEASURE_WITH_UNIT(LENGTH_MEASURE(0.01),#4392,
'DISTANCE_ACCURACY_VALUE',
'Maximum model space distance between geometric entities at asserted c
onnectivities');
#4390=(
GEOMETRIC_REPRESENTATION_CONTEXT(3)
GLOBAL_UNCERTAINTY_ASSIGNED_CONTEXT((#4388))
GLOBAL_UNIT_ASSIGNED_CONTEXT((#4392,#4394,#4395))
REPRESENTATION_CONTEXT('','3D')
);
#4391=(
GEOMETRIC_REPRESENTATION_CONTEXT(3)
GLOBAL_UNCERTAINTY_ASSIGNED_CONTEXT((#4389))
GLOBAL_UNIT_ASSIGNED_CONTEXT((#4392,#4394,#4395))
REPRESENTATION_CONTEXT('','3D')
);
#4392=(
LENGTH_UNIT()
NAMED_UNIT(*)
SI_UNIT(.MILLI.,.METRE.)
);
#4393=(
LENGTH_UNIT()
NAMED_UNIT(*)
SI_UNIT($,.METRE.)
);
#4394=(
NAMED_UNIT(*)
PLANE_ANGLE_UNIT()
SI_UNIT($,.RADIAN.)
);
#4395=(
NAMED_UNIT(*)
SI_UNIT($,.STERADIAN.)
SOLID_ANGLE_UNIT()
);
#4396=SHAPE_DEFINITION_REPRESENTATION(#4397,#4398);
#4397=PRODUCT_DEFINITION_SHAPE('',$,#4400);
#4398=SHAPE_REPRESENTATION('',(#782),#4390);
#4399=PRODUCT_DEFINITION_CONTEXT('part definition',#4404,'design');
#4400=PRODUCT_DEFINITION('2026-08-04-10-26-26-562','Double Double',#4401,
#4399);
#4401=PRODUCT_DEFINITION_FORMATION('',$,#4406);
#4402=PRODUCT_RELATED_PRODUCT_CATEGORY('Double Double','Double Double',
(#4406));
#4403=APPLICATION_PROTOCOL_DEFINITION('international standard',
'automotive_design',2009,#4404);
#4404=APPLICATION_CONTEXT(
'Core Data for Automotive Mechanical Design Process');
#4405=PRODUCT_CONTEXT('part definition',#4404,'mechanical');
#4406=PRODUCT('2026-08-04-10-26-26-562','Double Double',$,(#4405));
#4407=PRESENTATION_STYLE_ASSIGNMENT((#4409));
#4408=PRESENTATION_STYLE_ASSIGNMENT((#4410));
#4409=SURFACE_STYLE_USAGE(.BOTH.,#4411);
#4410=SURFACE_STYLE_USAGE(.BOTH.,#4412);
#4411=SURFACE_SIDE_STYLE('',(#4413));
#4412=SURFACE_SIDE_STYLE('',(#4414));
#4413=SURFACE_STYLE_FILL_AREA(#4415);
#4414=SURFACE_STYLE_FILL_AREA(#4416);
#4415=FILL_AREA_STYLE('Steel - Satin',(#4417));
#4416=FILL_AREA_STYLE('PETG Black',(#4418));
#4417=FILL_AREA_STYLE_COLOUR('Steel - Satin',#4419);
#4418=FILL_AREA_STYLE_COLOUR('PETG Black',#4420);
#4419=COLOUR_RGB('Steel - Satin',0.627450980392157,0.627450980392157,0.627450980392157);
#4420=COLOUR_RGB('PETG Black',0.247058823529412,0.247058823529412,0.247058823529412);
ENDSEC;
END-ISO-10303-21;
