ISO-10303-21;
HEADER;
/* Generated by software containing ST-Developer
 * from STEP Tools, Inc. (www.steptools.com) 
 */

FILE_DESCRIPTION(
/* description */ (''),
/* implementation_level */ '2;1');

FILE_NAME(
/* name */ 'Cover (Std).step',
/* time_stamp */ '2026-09-04T09:45:31+02:00',
/* author */ (''),
/* organization */ (''),
/* preprocessor_version */ 'ST-DEVELOPER v20.2',
/* originating_system */ 'Autodesk Translation Framework v15.15.0.0',
/* authorisation */ '');

FILE_SCHEMA (('AUTOMOTIVE_DESIGN { 1 0 10303 214 3 1 1 }'));
ENDSEC;

DATA;
#10=MECHANICAL_DESIGN_GEOMETRIC_PRESENTATION_REPRESENTATION('',(#13),#9271);
#11=SHAPE_REPRESENTATION_RELATIONSHIP('SRR','None',#9278,#12);
#12=ADVANCED_BREP_SHAPE_REPRESENTATION('',(#14),#9270);
#13=STYLED_ITEM('',(#9288),#14);
#14=MANIFOLD_SOLID_BREP('Body1',#4487);
#15=TOROIDAL_SURFACE('',#4773,3.24999999999981,1.25);
#16=TOROIDAL_SURFACE('',#4779,3.25,1.25);
#17=TOROIDAL_SURFACE('',#4788,3.25,1.25);
#18=TOROIDAL_SURFACE('',#4817,3.25,1.25);
#19=TOROIDAL_SURFACE('',#4823,3.24999999999981,1.25);
#20=TOROIDAL_SURFACE('',#4841,3.25,1.25);
#21=TOROIDAL_SURFACE('',#4854,14.,1.);
#22=TOROIDAL_SURFACE('',#4865,14.,1.);
#23=ELLIPSE('',#4639,67.175144212736,47.4999999999805);
#24=ELLIPSE('',#4768,67.1751442126946,47.4999999999805);
#25=ELLIPSE('',#4850,60.1040764008291,42.4999999999805);
#26=ELLIPSE('',#4872,1.4142135623731,1.);
#27=ELLIPSE('',#4875,60.1040764008291,42.4999999999805);
#28=ELLIPSE('',#4877,1.4142135623731,1.);
#29=ELLIPSE('',#4897,10.606601717798,7.49999999999985);
#30=ELLIPSE('',#4898,10.606601717798,7.49999999999985);
#31=B_SPLINE_SURFACE_WITH_KNOTS('',3,3,((#6322,#6323,#6324,#6325,#6326,
#6327,#6328,#6329,#6330,#6331,#6332,#6333,#6334,#6335,#6336,#6337,#6338,
#6339),(#6340,#6341,#6342,#6343,#6344,#6345,#6346,#6347,#6348,#6349,#6350,
#6351,#6352,#6353,#6354,#6355,#6356,#6357),(#6358,#6359,#6360,#6361,#6362,
#6363,#6364,#6365,#6366,#6367,#6368,#6369,#6370,#6371,#6372,#6373,#6374,
#6375),(#6376,#6377,#6378,#6379,#6380,#6381,#6382,#6383,#6384,#6385,#6386,
#6387,#6388,#6389,#6390,#6391,#6392,#6393)),.UNSPECIFIED.,.F.,.F.,.F.,(4,
4),(4,2,2,2,2,2,2,2,4),(0.,1.),(-0.441007367568608,-0.403942007317512,-0.366876647066417,
-0.295936674386468,-0.224996701706519,-0.150376338722381,-0.0757559757382429,
-0.0378779878691214,4.16333634234434E-17),.UNSPECIFIED.);
#32=B_SPLINE_SURFACE_WITH_KNOTS('',3,3,((#6463,#6464,#6465,#6466,#6467,
#6468,#6469,#6470,#6471,#6472,#6473,#6474,#6475,#6476,#6477,#6478,#6479,
#6480),(#6481,#6482,#6483,#6484,#6485,#6486,#6487,#6488,#6489,#6490,#6491,
#6492,#6493,#6494,#6495,#6496,#6497,#6498),(#6499,#6500,#6501,#6502,#6503,
#6504,#6505,#6506,#6507,#6508,#6509,#6510,#6511,#6512,#6513,#6514,#6515,
#6516),(#6517,#6518,#6519,#6520,#6521,#6522,#6523,#6524,#6525,#6526,#6527,
#6528,#6529,#6530,#6531,#6532,#6533,#6534)),.UNSPECIFIED.,.F.,.F.,.F.,(4,
4),(4,2,2,2,2,2,2,2,4),(0.,1.),(-0.441007367568608,-0.403129379699486,-0.365251391830365,
-0.290631028846227,-0.216010665862089,-0.14507069318214,-0.0741307205021917,
-0.0370653602510959,6.93889390390723E-18),.UNSPECIFIED.);
#33=B_SPLINE_SURFACE_WITH_KNOTS('',3,3,((#6609,#6610,#6611,#6612,#6613,
#6614,#6615,#6616,#6617),(#6618,#6619,#6620,#6621,#6622,#6623,#6624,#6625,
#6626),(#6627,#6628,#6629,#6630,#6631,#6632,#6633,#6634,#6635),(#6636,#6637,
#6638,#6639,#6640,#6641,#6642,#6643,#6644)),.UNSPECIFIED.,.F.,.F.,.F.,(4,
4),(4,1,1,1,1,1,4),(0.,1.),(1.57079632679004,2.46839422781847,2.91719317833269,
3.3659921288469,3.81479107936112,4.26359002987533,4.71238898038955),
 .UNSPECIFIED.);
#34=B_SPLINE_SURFACE_WITH_KNOTS('',3,3,((#6798,#6799,#6800,#6801,#6802,
#6803,#6804,#6805,#6806),(#6807,#6808,#6809,#6810,#6811,#6812,#6813,#6814,
#6815),(#6816,#6817,#6818,#6819,#6820,#6821,#6822,#6823,#6824),(#6825,#6826,
#6827,#6828,#6829,#6830,#6831,#6832,#6833)),.UNSPECIFIED.,.F.,.F.,.F.,(4,
4),(4,1,1,1,1,1,4),(0.,1.),(-1.57079632679975,-0.673198425771323,-0.224399475257108,
0.224399475257107,0.673198425771323,1.12199737628554,1.57079632679975),
 .UNSPECIFIED.);
#35=B_SPLINE_SURFACE_WITH_KNOTS('',3,3,((#6982,#6983,#6984,#6985),(#6986,
#6987,#6988,#6989),(#6990,#6991,#6992,#6993),(#6994,#6995,#6996,#6997)),
 .UNSPECIFIED.,.F.,.F.,.F.,(4,4),(4,4),(0.,1.),(1.37887022963111,1.40326298021103),
 .UNSPECIFIED.);
#36=B_SPLINE_SURFACE_WITH_KNOTS('',3,3,((#7014,#7015,#7016,#7017,#7018,
#7019,#7020,#7021,#7022,#7023,#7024,#7025,#7026,#7027,#7028,#7029),(#7030,
#7031,#7032,#7033,#7034,#7035,#7036,#7037,#7038,#7039,#7040,#7041,#7042,
#7043,#7044,#7045),(#7046,#7047,#7048,#7049,#7050,#7051,#7052,#7053,#7054,
#7055,#7056,#7057,#7058,#7059,#7060,#7061),(#7062,#7063,#7064,#7065,#7066,
#7067,#7068,#7069,#7070,#7071,#7072,#7073,#7074,#7075,#7076,#7077)),
 .UNSPECIFIED.,.F.,.F.,.F.,(4,4),(4,1,1,1,1,1,1,1,1,1,1,1,1,4),(0.,1.),
(-0.226624898696689,-0.096103094974909,0.0344187087468707,0.0752067724099268,
0.0996796106077605,0.16494051246865,0.29546231619043,0.336250379853486,
0.36072321805132,0.393353668981765,0.42598411991221,0.507560247238322,0.55650592363399,
0.687027727355769),.UNSPECIFIED.);
#37=B_SPLINE_SURFACE_WITH_KNOTS('',3,3,((#7116,#7117,#7118,#7119),(#7120,
#7121,#7122,#7123),(#7124,#7125,#7126,#7127),(#7128,#7129,#7130,#7131)),
 .UNSPECIFIED.,.F.,.F.,.F.,(4,4),(4,4),(0.,1.),(1.40326298021103,1.40415926281082),
 .UNSPECIFIED.);
#38=B_SPLINE_SURFACE_WITH_KNOTS('',3,3,((#7140,#7141,#7142,#7143),(#7144,
#7145,#7146,#7147),(#7148,#7149,#7150,#7151),(#7152,#7153,#7154,#7155)),
 .UNSPECIFIED.,.F.,.F.,.F.,(4,4),(4,4),(0.,1.),(-1.31133620149667,-1.25789826780371),
 .UNSPECIFIED.);
#39=B_SPLINE_SURFACE_WITH_KNOTS('',3,3,((#7170,#7171,#7172,#7173),(#7174,
#7175,#7176,#7177),(#7178,#7179,#7180,#7181),(#7182,#7183,#7184,#7185)),
 .UNSPECIFIED.,.F.,.F.,.F.,(4,4),(4,4),(0.,1.),(-1.312756578637,-1.31133620149667),
 .UNSPECIFIED.);
#40=B_SPLINE_SURFACE_WITH_KNOTS('',3,3,((#7194,#7195,#7196,#7197),(#7198,
#7199,#7200,#7201),(#7202,#7203,#7204,#7205),(#7206,#7207,#7208,#7209)),
 .UNSPECIFIED.,.F.,.F.,.F.,(4,4),(4,4),(0.,1.),(-0.0769271564005526,0.),
 .UNSPECIFIED.);
#41=B_SPLINE_SURFACE_WITH_KNOTS('',3,3,((#7230,#7231,#7232,#7233,#7234,
#7235,#7236),(#7237,#7238,#7239,#7240,#7241,#7242,#7243),(#7244,#7245,#7246,
#7247,#7248,#7249,#7250),(#7251,#7252,#7253,#7254,#7255,#7256,#7257)),
 .UNSPECIFIED.,.F.,.F.,.F.,(4,4),(4,1,1,1,4),(0.,1.),(0.703478158286541,
0.830659453038051,0.894250100413807,1.02143139516532,1.14861268991683),
 .UNSPECIFIED.);
#42=B_SPLINE_SURFACE_WITH_KNOTS('',3,3,((#7280,#7281,#7282,#7283),(#7284,
#7285,#7286,#7287),(#7288,#7289,#7290,#7291),(#7292,#7293,#7294,#7295)),
 .UNSPECIFIED.,.F.,.F.,.F.,(4,4),(4,4),(0.,1.),(0.692431673240619,0.703478158286541),
 .UNSPECIFIED.);
#43=B_SPLINE_SURFACE_WITH_KNOTS('',3,3,((#7304,#7305,#7306,#7307,#7308),
(#7309,#7310,#7311,#7312,#7313),(#7314,#7315,#7316,#7317,#7318),(#7319,
#7320,#7321,#7322,#7323)),.UNSPECIFIED.,.F.,.F.,.F.,(4,4),(4,1,4),(0.,1.),
(-0.390108125613097,0.0751064511961602,0.695392553608503),.UNSPECIFIED.);
#44=B_SPLINE_SURFACE_WITH_KNOTS('',3,3,((#7340,#7341,#7342,#7343),(#7344,
#7345,#7346,#7347),(#7348,#7349,#7350,#7351),(#7352,#7353,#7354,#7355)),
 .UNSPECIFIED.,.F.,.F.,.F.,(4,4),(4,4),(0.,1.),(-0.514494607313913,-0.390108125613096),
 .UNSPECIFIED.);
#45=B_SPLINE_SURFACE_WITH_KNOTS('',3,3,((#7364,#7365,#7366,#7367),(#7368,
#7369,#7370,#7371),(#7372,#7373,#7374,#7375),(#7376,#7377,#7378,#7379)),
 .UNSPECIFIED.,.F.,.F.,.F.,(4,4),(4,4),(0.,1.),(0.695392553608501,0.785398163397448),
 .UNSPECIFIED.);
#46=B_SPLINE_SURFACE_WITH_KNOTS('',3,3,((#7388,#7389,#7390,#7391),(#7392,
#7393,#7394,#7395),(#7396,#7397,#7398,#7399),(#7400,#7401,#7402,#7403)),
 .UNSPECIFIED.,.F.,.F.,.F.,(4,4),(4,4),(0.,1.),(1.75423151312687,2.49309399913609),
 .UNSPECIFIED.);
#47=B_SPLINE_SURFACE_WITH_KNOTS('',3,3,((#7486,#7487,#7488,#7489),(#7490,
#7491,#7492,#7493),(#7494,#7495,#7496,#7497),(#7498,#7499,#7500,#7501)),
 .UNSPECIFIED.,.F.,.F.,.F.,(4,4),(4,4),(0.,1.),(-0.0865378088449477,-0.00952177134486119),
 .UNSPECIFIED.);
#48=B_SPLINE_SURFACE_WITH_KNOTS('',3,3,((#7522,#7523,#7524,#7525,#7526,
#7527,#7528),(#7529,#7530,#7531,#7532,#7533,#7534,#7535),(#7536,#7537,#7538,
#7539,#7540,#7541,#7542),(#7543,#7544,#7545,#7546,#7547,#7548,#7549)),
 .UNSPECIFIED.,.F.,.F.,.F.,(4,4),(4,1,1,1,4),(0.,1.),(-0.227609439657909,
-0.100428144906439,-0.0368374975307045,0.0903437972207649,0.217525091972234),
 .UNSPECIFIED.);
#49=B_SPLINE_SURFACE_WITH_KNOTS('',3,3,((#7572,#7573,#7574,#7575),(#7576,
#7577,#7578,#7579),(#7580,#7581,#7582,#7583),(#7584,#7585,#7586,#7587)),
 .UNSPECIFIED.,.F.,.F.,.F.,(4,4),(4,4),(0.,1.),(-1.88369438578608,-1.83025645209312),
 .UNSPECIFIED.);
#50=B_SPLINE_SURFACE_WITH_KNOTS('',3,3,((#7602,#7603,#7604,#7605),(#7606,
#7607,#7608,#7609),(#7610,#7611,#7612,#7613),(#7614,#7615,#7616,#7617)),
 .UNSPECIFIED.,.F.,.F.,.F.,(4,4),(4,4),(0.,1.),(0.217525091972234,0.228571577018158),
 .UNSPECIFIED.);
#51=B_SPLINE_SURFACE_WITH_KNOTS('',3,3,((#7626,#7627,#7628,#7629,#7630,
#7631,#7632,#7633,#7634,#7635,#7636,#7637,#7638,#7639,#7640,#7641,#7642,
#7643,#7644),(#7645,#7646,#7647,#7648,#7649,#7650,#7651,#7652,#7653,#7654,
#7655,#7656,#7657,#7658,#7659,#7660,#7661,#7662,#7663),(#7664,#7665,#7666,
#7667,#7668,#7669,#7670,#7671,#7672,#7673,#7674,#7675,#7676,#7677,#7678,
#7679,#7680,#7681,#7682),(#7683,#7684,#7685,#7686,#7687,#7688,#7689,#7690,
#7691,#7692,#7693,#7694,#7695,#7696,#7697,#7698,#7699,#7700,#7701)),
 .UNSPECIFIED.,.F.,.F.,.F.,(4,4),(4,1,1,1,1,1,1,1,1,1,1,1,1,1,1,1,4),(0.,
1.),(0.227735131164215,0.325626483955546,0.358256934885989,0.488778738607763,
0.619300542329538,0.627458155062149,0.651930993259981,0.684561444190425,
0.782452796981755,0.815083247912199,0.82324086064481,0.847713698842642,
0.864028924307864,0.880344149773086,0.961920277099195,1.01086595349486,
1.14138775721663),.UNSPECIFIED.);
#52=B_SPLINE_SURFACE_WITH_KNOTS('',3,3,((#7746,#7747,#7748,#7749),(#7750,
#7751,#7752,#7753),(#7754,#7755,#7756,#7757),(#7758,#7759,#7760,#7761)),
 .UNSPECIFIED.,.F.,.F.,.F.,(4,4),(4,4),(0.,1.),(-1.83025645209312,-1.82883607495279),
 .UNSPECIFIED.);
#53=B_SPLINE_SURFACE_WITH_KNOTS('',3,3,((#7782,#7783,#7784,#7785),(#7786,
#7787,#7788,#7789),(#7790,#7791,#7792,#7793),(#7794,#7795,#7796,#7797)),
 .UNSPECIFIED.,.F.,.F.,.F.,(4,4),(4,4),(0.,1.),(1.73832967337877,1.76272242395868),
 .UNSPECIFIED.);
#54=B_SPLINE_SURFACE_WITH_KNOTS('',3,3,((#7814,#7815,#7816,#7817),(#7818,
#7819,#7820,#7821),(#7822,#7823,#7824,#7825),(#7826,#7827,#7828,#7829)),
 .UNSPECIFIED.,.F.,.F.,.F.,(4,4),(4,4),(0.,1.),(1.73743339077897,1.73832967337877),
 .UNSPECIFIED.);
#55=B_SPLINE_SURFACE_WITH_KNOTS('',3,3,((#7838,#7839,#7840,#7841,#7842,
#7843),(#7844,#7845,#7846,#7847,#7848,#7849),(#7850,#7851,#7852,#7853,#7854,
#7855),(#7856,#7857,#7858,#7859,#7860,#7861)),.UNSPECIFIED.,.F.,.F.,.F.,
(4,4),(4,1,1,4),(0.,1.),(2.44620009998129,2.91141467679055,3.22155772799672,
3.53170077920289),.UNSPECIFIED.);
#56=B_SPLINE_SURFACE_WITH_KNOTS('',3,3,((#7880,#7881,#7882,#7883),(#7884,
#7885,#7886,#7887),(#7888,#7889,#7890,#7891),(#7892,#7893,#7894,#7895)),
 .UNSPECIFIED.,.F.,.F.,.F.,(4,4),(4,4),(0.,1.),(2.35619449019234,2.44620009998129),
 .UNSPECIFIED.);
#57=B_SPLINE_SURFACE_WITH_KNOTS('',3,3,((#7904,#7905,#7906,#7907),(#7908,
#7909,#7910,#7911),(#7912,#7913,#7914,#7915),(#7916,#7917,#7918,#7919)),
 .UNSPECIFIED.,.F.,.F.,.F.,(4,4),(4,4),(0.,1.),(3.53170077920289,3.65608726090371),
 .UNSPECIFIED.);
#58=B_SPLINE_SURFACE_WITH_KNOTS('',3,3,((#8446,#8447,#8448,#8449),(#8450,
#8451,#8452,#8453),(#8454,#8455,#8456,#8457),(#8458,#8459,#8460,#8461)),
 .UNSPECIFIED.,.F.,.F.,.F.,(4,4),(4,4),(0.,1.),(3.51115967241832,4.25002219008027),
 .UNSPECIFIED.);
#59=B_SPLINE_SURFACE_WITH_KNOTS('',3,3,((#8546,#8547,#8548,#8549),(#8550,
#8551,#8552,#8553),(#8554,#8555,#8556,#8557),(#8558,#8559,#8560,#8561),
(#8562,#8563,#8564,#8565)),.UNSPECIFIED.,.F.,.F.,.F.,(4,1,4),(4,4),(0.,
0.571428571428571,1.),(0.,0.240895299774509),.UNSPECIFIED.);
#60=B_SPLINE_SURFACE_WITH_KNOTS('',3,3,((#8577,#8578,#8579,#8580,#8581,
#8582,#8583,#8584,#8585),(#8586,#8587,#8588,#8589,#8590,#8591,#8592,#8593,
#8594),(#8595,#8596,#8597,#8598,#8599,#8600,#8601,#8602,#8603),(#8604,#8605,
#8606,#8607,#8608,#8609,#8610,#8611,#8612),(#8613,#8614,#8615,#8616,#8617,
#8618,#8619,#8620,#8621)),.UNSPECIFIED.,.F.,.F.,.F.,(4,1,4),(4,1,1,1,1,
1,4),(0.,0.5,1.),(2.26893863090373E-14,0.0785666987844931,0.235700096353434,
0.314266795137904,0.392833493922375,0.471400192706845,0.549966891491316),
 .UNSPECIFIED.);
#61=B_SPLINE_SURFACE_WITH_KNOTS('',3,3,((#8643,#8644,#8645,#8646),(#8647,
#8648,#8649,#8650),(#8651,#8652,#8653,#8654),(#8655,#8656,#8657,#8658),
(#8659,#8660,#8661,#8662)),.UNSPECIFIED.,.F.,.F.,.F.,(4,1,4),(4,4),(0.,
0.571428571428571,1.),(0.,0.25288558986876),.UNSPECIFIED.);
#62=B_SPLINE_SURFACE_WITH_KNOTS('',3,3,((#8788,#8789,#8790,#8791),(#8792,
#8793,#8794,#8795),(#8796,#8797,#8798,#8799),(#8800,#8801,#8802,#8803),
(#8804,#8805,#8806,#8807)),.UNSPECIFIED.,.F.,.F.,.F.,(4,1,4),(4,4),(0.,
0.571428571428571,1.),(0.,0.252885589868543),.UNSPECIFIED.);
#63=B_SPLINE_SURFACE_WITH_KNOTS('',3,3,((#8818,#8819,#8820,#8821,#8822,
#8823,#8824,#8825,#8826),(#8827,#8828,#8829,#8830,#8831,#8832,#8833,#8834,
#8835),(#8836,#8837,#8838,#8839,#8840,#8841,#8842,#8843,#8844),(#8845,#8846,
#8847,#8848,#8849,#8850,#8851,#8852,#8853),(#8854,#8855,#8856,#8857,#8858,
#8859,#8860,#8861,#8862)),.UNSPECIFIED.,.F.,.F.,.F.,(4,1,4),(4,1,1,1,1,
1,4),(0.,0.5,1.),(5.96372935740258E-14,0.157132817645636,0.235699226468425,
0.314265635291213,0.392832044114002,0.432115248525396,0.549964861759578),
 .UNSPECIFIED.);
#64=B_SPLINE_SURFACE_WITH_KNOTS('',3,3,((#8874,#8875,#8876,#8877),(#8878,
#8879,#8880,#8881),(#8882,#8883,#8884,#8885),(#8886,#8887,#8888,#8889),
(#8890,#8891,#8892,#8893)),.UNSPECIFIED.,.F.,.F.,.F.,(4,1,4),(4,4),(0.,
0.571428571428571,1.),(0.,0.240895299774592),.UNSPECIFIED.);
#65=B_SPLINE_SURFACE_WITH_KNOTS('',3,3,((#9180,#9181,#9182,#9183),(#9184,
#9185,#9186,#9187),(#9188,#9189,#9190,#9191),(#9192,#9193,#9194,#9195)),
 .UNSPECIFIED.,.F.,.F.,.F.,(4,4),(4,4),(0.,1.),(3.71847789614515,4.04343843246312),
 .UNSPECIFIED.);
#66=B_SPLINE_SURFACE_WITH_KNOTS('',3,3,((#9205,#9206,#9207,#9208),(#9209,
#9210,#9211,#9212),(#9213,#9214,#9215,#9216),(#9217,#9218,#9219,#9220)),
 .UNSPECIFIED.,.F.,.F.,.F.,(4,4),(4,4),(0.,1.),(1.95916727391446,2.28412781023244),
 .UNSPECIFIED.);
#67=B_SPLINE_SURFACE_WITH_KNOTS('',3,3,((#9226,#9227,#9228,#9229),(#9230,
#9231,#9232,#9233),(#9234,#9235,#9236,#9237),(#9238,#9239,#9240,#9241)),
 .UNSPECIFIED.,.F.,.F.,.F.,(4,4),(4,4),(0.,1.),(3.50951170724298,4.27547717935813),
 .UNSPECIFIED.);
#68=B_SPLINE_SURFACE_WITH_KNOTS('',3,3,((#9246,#9247,#9248,#9249),(#9250,
#9251,#9252,#9253),(#9254,#9255,#9256,#9257),(#9258,#9259,#9260,#9261)),
 .UNSPECIFIED.,.F.,.F.,.F.,(4,4),(4,4),(0.,1.),(1.72712852701945,2.49309399913461),
 .UNSPECIFIED.);
#69=CYLINDRICAL_SURFACE('',#4525,1.00000000000061);
#70=CYLINDRICAL_SURFACE('',#4526,2.1);
#71=CYLINDRICAL_SURFACE('',#4534,2.1);
#72=CYLINDRICAL_SURFACE('',#4542,2.1);
#73=CYLINDRICAL_SURFACE('',#4555,1.00000000000061);
#74=CYLINDRICAL_SURFACE('',#4574,3.75);
#75=CYLINDRICAL_SURFACE('',#4582,3.75);
#76=CYLINDRICAL_SURFACE('',#4596,1.57500000000001);
#77=CYLINDRICAL_SURFACE('',#4609,1.57499999999999);
#78=CYLINDRICAL_SURFACE('',#4612,3.);
#79=CYLINDRICAL_SURFACE('',#4622,1.575);
#80=CYLINDRICAL_SURFACE('',#4637,3.);
#81=CYLINDRICAL_SURFACE('',#4643,2.1);
#82=CYLINDRICAL_SURFACE('',#4667,3.75);
#83=CYLINDRICAL_SURFACE('',#4675,3.75);
#84=CYLINDRICAL_SURFACE('',#4688,17.0491031209778);
#85=CYLINDRICAL_SURFACE('',#4689,17.0491031209778);
#86=CYLINDRICAL_SURFACE('',#4748,5.99999999999898);
#87=CYLINDRICAL_SURFACE('',#4761,3.);
#88=CYLINDRICAL_SURFACE('',#4763,3.);
#89=CYLINDRICAL_SURFACE('',#4765,1.575);
#90=CYLINDRICAL_SURFACE('',#4771,1.25);
#91=CYLINDRICAL_SURFACE('',#4777,1.25);
#92=CYLINDRICAL_SURFACE('',#4783,1.25);
#93=CYLINDRICAL_SURFACE('',#4786,1.25);
#94=CYLINDRICAL_SURFACE('',#4792,1.25);
#95=CYLINDRICAL_SURFACE('',#4797,1.25);
#96=CYLINDRICAL_SURFACE('',#4810,1.99999999999981);
#97=CYLINDRICAL_SURFACE('',#4812,2.);
#98=CYLINDRICAL_SURFACE('',#4814,1.25);
#99=CYLINDRICAL_SURFACE('',#4821,1.25);
#100=CYLINDRICAL_SURFACE('',#4827,1.25);
#101=CYLINDRICAL_SURFACE('',#4828,1.99999999999981);
#102=CYLINDRICAL_SURFACE('',#4830,2.);
#103=CYLINDRICAL_SURFACE('',#4834,1.25);
#104=CYLINDRICAL_SURFACE('',#4839,1.25);
#105=CYLINDRICAL_SURFACE('',#4844,1.25);
#106=CYLINDRICAL_SURFACE('',#4846,1.);
#107=CYLINDRICAL_SURFACE('',#4848,1.);
#108=CYLINDRICAL_SURFACE('',#4849,42.4999999999805);
#109=CYLINDRICAL_SURFACE('',#4852,1.);
#110=CYLINDRICAL_SURFACE('',#4858,15.);
#111=CYLINDRICAL_SURFACE('',#4863,1.);
#112=CYLINDRICAL_SURFACE('',#4871,1.);
#113=CYLINDRICAL_SURFACE('',#4873,42.4999999999805);
#114=CYLINDRICAL_SURFACE('',#4876,1.);
#115=CYLINDRICAL_SURFACE('',#4879,1.);
#116=CYLINDRICAL_SURFACE('',#4883,1.);
#117=CYLINDRICAL_SURFACE('',#4896,7.49999999999985);
#118=CYLINDRICAL_SURFACE('',#4900,6.00000000000281);
#119=CYLINDRICAL_SURFACE('',#4901,47.4999999999805);
#120=CYLINDRICAL_SURFACE('',#4904,47.4999999999805);
#121=CYLINDRICAL_SURFACE('',#4913,15.);
#122=FACE_BOUND('',#514,.T.);
#123=FACE_BOUND('',#517,.T.);
#124=FACE_BOUND('',#526,.T.);
#125=FACE_BOUND('',#529,.T.);
#126=FACE_BOUND('',#546,.T.);
#127=FACE_BOUND('',#547,.T.);
#128=FACE_BOUND('',#559,.T.);
#129=FACE_BOUND('',#560,.T.);
#130=FACE_BOUND('',#588,.T.);
#131=FACE_BOUND('',#594,.T.);
#132=FACE_BOUND('',#613,.T.);
#133=PLANE('',#4511);
#134=PLANE('',#4516);
#135=PLANE('',#4518);
#136=PLANE('',#4540);
#137=PLANE('',#4548);
#138=PLANE('',#4550);
#139=PLANE('',#4551);
#140=PLANE('',#4552);
#141=PLANE('',#4554);
#142=PLANE('',#4556);
#143=PLANE('',#4557);
#144=PLANE('',#4558);
#145=PLANE('',#4559);
#146=PLANE('',#4563);
#147=PLANE('',#4564);
#148=PLANE('',#4568);
#149=PLANE('',#4588);
#150=PLANE('',#4592);
#151=PLANE('',#4598);
#152=PLANE('',#4599);
#153=PLANE('',#4604);
#154=PLANE('',#4607);
#155=PLANE('',#4608);
#156=PLANE('',#4611);
#157=PLANE('',#4614);
#158=PLANE('',#4615);
#159=PLANE('',#4618);
#160=PLANE('',#4623);
#161=PLANE('',#4625);
#162=PLANE('',#4629);
#163=PLANE('',#4632);
#164=PLANE('',#4635);
#165=PLANE('',#4636);
#166=PLANE('',#4638);
#167=PLANE('',#4648);
#168=PLANE('',#4690);
#169=PLANE('',#4691);
#170=PLANE('',#4692);
#171=PLANE('',#4693);
#172=PLANE('',#4694);
#173=PLANE('',#4695);
#174=PLANE('',#4696);
#175=PLANE('',#4697);
#176=PLANE('',#4698);
#177=PLANE('',#4699);
#178=PLANE('',#4700);
#179=PLANE('',#4701);
#180=PLANE('',#4702);
#181=PLANE('',#4703);
#182=PLANE('',#4704);
#183=PLANE('',#4705);
#184=PLANE('',#4706);
#185=PLANE('',#4707);
#186=PLANE('',#4708);
#187=PLANE('',#4709);
#188=PLANE('',#4710);
#189=PLANE('',#4711);
#190=PLANE('',#4712);
#191=PLANE('',#4713);
#192=PLANE('',#4714);
#193=PLANE('',#4715);
#194=PLANE('',#4716);
#195=PLANE('',#4717);
#196=PLANE('',#4718);
#197=PLANE('',#4719);
#198=PLANE('',#4720);
#199=PLANE('',#4721);
#200=PLANE('',#4722);
#201=PLANE('',#4723);
#202=PLANE('',#4724);
#203=PLANE('',#4725);
#204=PLANE('',#4726);
#205=PLANE('',#4727);
#206=PLANE('',#4728);
#207=PLANE('',#4729);
#208=PLANE('',#4730);
#209=PLANE('',#4731);
#210=PLANE('',#4732);
#211=PLANE('',#4733);
#212=PLANE('',#4734);
#213=PLANE('',#4735);
#214=PLANE('',#4736);
#215=PLANE('',#4737);
#216=PLANE('',#4739);
#217=PLANE('',#4742);
#218=PLANE('',#4749);
#219=PLANE('',#4757);
#220=PLANE('',#4760);
#221=PLANE('',#4762);
#222=PLANE('',#4764);
#223=PLANE('',#4766);
#224=PLANE('',#4767);
#225=PLANE('',#4769);
#226=PLANE('',#4770);
#227=PLANE('',#4785);
#228=PLANE('',#4799);
#229=PLANE('',#4809);
#230=PLANE('',#4811);
#231=PLANE('',#4813);
#232=PLANE('',#4829);
#233=PLANE('',#4832);
#234=PLANE('',#4833);
#235=PLANE('',#4845);
#236=PLANE('',#4847);
#237=PLANE('',#4859);
#238=PLANE('',#4860);
#239=PLANE('',#4861);
#240=PLANE('',#4869);
#241=PLANE('',#4870);
#242=PLANE('',#4878);
#243=PLANE('',#4881);
#244=PLANE('',#4884);
#245=PLANE('',#4885);
#246=PLANE('',#4886);
#247=PLANE('',#4888);
#248=PLANE('',#4892);
#249=PLANE('',#4894);
#250=PLANE('',#4895);
#251=PLANE('',#4899);
#252=PLANE('',#4907);
#253=PLANE('',#4909);
#254=PLANE('',#4911);
#255=FACE_OUTER_BOUND('',#510,.T.);
#256=FACE_OUTER_BOUND('',#511,.T.);
#257=FACE_OUTER_BOUND('',#512,.T.);
#258=FACE_OUTER_BOUND('',#513,.T.);
#259=FACE_OUTER_BOUND('',#515,.T.);
#260=FACE_OUTER_BOUND('',#516,.T.);
#261=FACE_OUTER_BOUND('',#518,.T.);
#262=FACE_OUTER_BOUND('',#519,.T.);
#263=FACE_OUTER_BOUND('',#520,.T.);
#264=FACE_OUTER_BOUND('',#521,.T.);
#265=FACE_OUTER_BOUND('',#522,.T.);
#266=FACE_OUTER_BOUND('',#523,.T.);
#267=FACE_OUTER_BOUND('',#524,.T.);
#268=FACE_OUTER_BOUND('',#525,.T.);
#269=FACE_OUTER_BOUND('',#527,.T.);
#270=FACE_OUTER_BOUND('',#528,.T.);
#271=FACE_OUTER_BOUND('',#530,.T.);
#272=FACE_OUTER_BOUND('',#531,.T.);
#273=FACE_OUTER_BOUND('',#532,.T.);
#274=FACE_OUTER_BOUND('',#533,.T.);
#275=FACE_OUTER_BOUND('',#534,.T.);
#276=FACE_OUTER_BOUND('',#535,.T.);
#277=FACE_OUTER_BOUND('',#536,.T.);
#278=FACE_OUTER_BOUND('',#537,.T.);
#279=FACE_OUTER_BOUND('',#538,.T.);
#280=FACE_OUTER_BOUND('',#539,.T.);
#281=FACE_OUTER_BOUND('',#540,.T.);
#282=FACE_OUTER_BOUND('',#541,.T.);
#283=FACE_OUTER_BOUND('',#542,.T.);
#284=FACE_OUTER_BOUND('',#543,.T.);
#285=FACE_OUTER_BOUND('',#544,.T.);
#286=FACE_OUTER_BOUND('',#545,.T.);
#287=FACE_OUTER_BOUND('',#548,.T.);
#288=FACE_OUTER_BOUND('',#549,.T.);
#289=FACE_OUTER_BOUND('',#550,.T.);
#290=FACE_OUTER_BOUND('',#551,.T.);
#291=FACE_OUTER_BOUND('',#552,.T.);
#292=FACE_OUTER_BOUND('',#553,.T.);
#293=FACE_OUTER_BOUND('',#554,.T.);
#294=FACE_OUTER_BOUND('',#555,.T.);
#295=FACE_OUTER_BOUND('',#556,.T.);
#296=FACE_OUTER_BOUND('',#557,.T.);
#297=FACE_OUTER_BOUND('',#558,.T.);
#298=FACE_OUTER_BOUND('',#561,.T.);
#299=FACE_OUTER_BOUND('',#562,.T.);
#300=FACE_OUTER_BOUND('',#563,.T.);
#301=FACE_OUTER_BOUND('',#564,.T.);
#302=FACE_OUTER_BOUND('',#565,.T.);
#303=FACE_OUTER_BOUND('',#566,.T.);
#304=FACE_OUTER_BOUND('',#567,.T.);
#305=FACE_OUTER_BOUND('',#568,.T.);
#306=FACE_OUTER_BOUND('',#569,.T.);
#307=FACE_OUTER_BOUND('',#570,.T.);
#308=FACE_OUTER_BOUND('',#571,.T.);
#309=FACE_OUTER_BOUND('',#572,.T.);
#310=FACE_OUTER_BOUND('',#573,.T.);
#311=FACE_OUTER_BOUND('',#574,.T.);
#312=FACE_OUTER_BOUND('',#575,.T.);
#313=FACE_OUTER_BOUND('',#576,.T.);
#314=FACE_OUTER_BOUND('',#577,.T.);
#315=FACE_OUTER_BOUND('',#578,.T.);
#316=FACE_OUTER_BOUND('',#579,.T.);
#317=FACE_OUTER_BOUND('',#580,.T.);
#318=FACE_OUTER_BOUND('',#581,.T.);
#319=FACE_OUTER_BOUND('',#582,.T.);
#320=FACE_OUTER_BOUND('',#583,.T.);
#321=FACE_OUTER_BOUND('',#584,.T.);
#322=FACE_OUTER_BOUND('',#585,.T.);
#323=FACE_OUTER_BOUND('',#586,.T.);
#324=FACE_OUTER_BOUND('',#587,.T.);
#325=FACE_OUTER_BOUND('',#589,.T.);
#326=FACE_OUTER_BOUND('',#590,.T.);
#327=FACE_OUTER_BOUND('',#591,.T.);
#328=FACE_OUTER_BOUND('',#592,.T.);
#329=FACE_OUTER_BOUND('',#593,.T.);
#330=FACE_OUTER_BOUND('',#595,.T.);
#331=FACE_OUTER_BOUND('',#596,.T.);
#332=FACE_OUTER_BOUND('',#597,.T.);
#333=FACE_OUTER_BOUND('',#598,.T.);
#334=FACE_OUTER_BOUND('',#599,.T.);
#335=FACE_OUTER_BOUND('',#600,.T.);
#336=FACE_OUTER_BOUND('',#601,.T.);
#337=FACE_OUTER_BOUND('',#602,.T.);
#338=FACE_OUTER_BOUND('',#603,.T.);
#339=FACE_OUTER_BOUND('',#604,.T.);
#340=FACE_OUTER_BOUND('',#605,.T.);
#341=FACE_OUTER_BOUND('',#606,.T.);
#342=FACE_OUTER_BOUND('',#607,.T.);
#343=FACE_OUTER_BOUND('',#608,.T.);
#344=FACE_OUTER_BOUND('',#609,.T.);
#345=FACE_OUTER_BOUND('',#610,.T.);
#346=FACE_OUTER_BOUND('',#611,.T.);
#347=FACE_OUTER_BOUND('',#612,.T.);
#348=FACE_OUTER_BOUND('',#614,.T.);
#349=FACE_OUTER_BOUND('',#615,.T.);
#350=FACE_OUTER_BOUND('',#616,.T.);
#351=FACE_OUTER_BOUND('',#617,.T.);
#352=FACE_OUTER_BOUND('',#618,.T.);
#353=FACE_OUTER_BOUND('',#619,.T.);
#354=FACE_OUTER_BOUND('',#620,.T.);
#355=FACE_OUTER_BOUND('',#621,.T.);
#356=FACE_OUTER_BOUND('',#622,.T.);
#357=FACE_OUTER_BOUND('',#623,.T.);
#358=FACE_OUTER_BOUND('',#624,.T.);
#359=FACE_OUTER_BOUND('',#625,.T.);
#360=FACE_OUTER_BOUND('',#626,.T.);
#361=FACE_OUTER_BOUND('',#627,.T.);
#362=FACE_OUTER_BOUND('',#628,.T.);
#363=FACE_OUTER_BOUND('',#629,.T.);
#364=FACE_OUTER_BOUND('',#630,.T.);
#365=FACE_OUTER_BOUND('',#631,.T.);
#366=FACE_OUTER_BOUND('',#632,.T.);
#367=FACE_OUTER_BOUND('',#633,.T.);
#368=FACE_OUTER_BOUND('',#634,.T.);
#369=FACE_OUTER_BOUND('',#635,.T.);
#370=FACE_OUTER_BOUND('',#636,.T.);
#371=FACE_OUTER_BOUND('',#637,.T.);
#372=FACE_OUTER_BOUND('',#638,.T.);
#373=FACE_OUTER_BOUND('',#639,.T.);
#374=FACE_OUTER_BOUND('',#640,.T.);
#375=FACE_OUTER_BOUND('',#641,.T.);
#376=FACE_OUTER_BOUND('',#642,.T.);
#377=FACE_OUTER_BOUND('',#643,.T.);
#378=FACE_OUTER_BOUND('',#644,.T.);
#379=FACE_OUTER_BOUND('',#645,.T.);
#380=FACE_OUTER_BOUND('',#646,.T.);
#381=FACE_OUTER_BOUND('',#647,.T.);
#382=FACE_OUTER_BOUND('',#648,.T.);
#383=FACE_OUTER_BOUND('',#649,.T.);
#384=FACE_OUTER_BOUND('',#650,.T.);
#385=FACE_OUTER_BOUND('',#651,.T.);
#386=FACE_OUTER_BOUND('',#652,.T.);
#387=FACE_OUTER_BOUND('',#653,.T.);
#388=FACE_OUTER_BOUND('',#654,.T.);
#389=FACE_OUTER_BOUND('',#655,.T.);
#390=FACE_OUTER_BOUND('',#656,.T.);
#391=FACE_OUTER_BOUND('',#657,.T.);
#392=FACE_OUTER_BOUND('',#658,.T.);
#393=FACE_OUTER_BOUND('',#659,.T.);
#394=FACE_OUTER_BOUND('',#660,.T.);
#395=FACE_OUTER_BOUND('',#661,.T.);
#396=FACE_OUTER_BOUND('',#662,.T.);
#397=FACE_OUTER_BOUND('',#663,.T.);
#398=FACE_OUTER_BOUND('',#664,.T.);
#399=FACE_OUTER_BOUND('',#665,.T.);
#400=FACE_OUTER_BOUND('',#666,.T.);
#401=FACE_OUTER_BOUND('',#667,.T.);
#402=FACE_OUTER_BOUND('',#668,.T.);
#403=FACE_OUTER_BOUND('',#669,.T.);
#404=FACE_OUTER_BOUND('',#670,.T.);
#405=FACE_OUTER_BOUND('',#671,.T.);
#406=FACE_OUTER_BOUND('',#672,.T.);
#407=FACE_OUTER_BOUND('',#673,.T.);
#408=FACE_OUTER_BOUND('',#674,.T.);
#409=FACE_OUTER_BOUND('',#675,.T.);
#410=FACE_OUTER_BOUND('',#676,.T.);
#411=FACE_OUTER_BOUND('',#677,.T.);
#412=FACE_OUTER_BOUND('',#678,.T.);
#413=FACE_OUTER_BOUND('',#679,.T.);
#414=FACE_OUTER_BOUND('',#680,.T.);
#415=FACE_OUTER_BOUND('',#681,.T.);
#416=FACE_OUTER_BOUND('',#682,.T.);
#417=FACE_OUTER_BOUND('',#683,.T.);
#418=FACE_OUTER_BOUND('',#684,.T.);
#419=FACE_OUTER_BOUND('',#685,.T.);
#420=FACE_OUTER_BOUND('',#686,.T.);
#421=FACE_OUTER_BOUND('',#687,.T.);
#422=FACE_OUTER_BOUND('',#688,.T.);
#423=FACE_OUTER_BOUND('',#689,.T.);
#424=FACE_OUTER_BOUND('',#690,.T.);
#425=FACE_OUTER_BOUND('',#691,.T.);
#426=FACE_OUTER_BOUND('',#692,.T.);
#427=FACE_OUTER_BOUND('',#693,.T.);
#428=FACE_OUTER_BOUND('',#694,.T.);
#429=FACE_OUTER_BOUND('',#695,.T.);
#430=FACE_OUTER_BOUND('',#696,.T.);
#431=FACE_OUTER_BOUND('',#697,.T.);
#432=FACE_OUTER_BOUND('',#698,.T.);
#433=FACE_OUTER_BOUND('',#699,.T.);
#434=FACE_OUTER_BOUND('',#700,.T.);
#435=FACE_OUTER_BOUND('',#701,.T.);
#436=FACE_OUTER_BOUND('',#702,.T.);
#437=FACE_OUTER_BOUND('',#703,.T.);
#438=FACE_OUTER_BOUND('',#704,.T.);
#439=FACE_OUTER_BOUND('',#705,.T.);
#440=FACE_OUTER_BOUND('',#706,.T.);
#441=FACE_OUTER_BOUND('',#707,.T.);
#442=FACE_OUTER_BOUND('',#708,.T.);
#443=FACE_OUTER_BOUND('',#709,.T.);
#444=FACE_OUTER_BOUND('',#710,.T.);
#445=FACE_OUTER_BOUND('',#711,.T.);
#446=FACE_OUTER_BOUND('',#712,.T.);
#447=FACE_OUTER_BOUND('',#713,.T.);
#448=FACE_OUTER_BOUND('',#714,.T.);
#449=FACE_OUTER_BOUND('',#715,.T.);
#450=FACE_OUTER_BOUND('',#716,.T.);
#451=FACE_OUTER_BOUND('',#717,.T.);
#452=FACE_OUTER_BOUND('',#718,.T.);
#453=FACE_OUTER_BOUND('',#719,.T.);
#454=FACE_OUTER_BOUND('',#720,.T.);
#455=FACE_OUTER_BOUND('',#721,.T.);
#456=FACE_OUTER_BOUND('',#722,.T.);
#457=FACE_OUTER_BOUND('',#723,.T.);
#458=FACE_OUTER_BOUND('',#724,.T.);
#459=FACE_OUTER_BOUND('',#725,.T.);
#460=FACE_OUTER_BOUND('',#726,.T.);
#461=FACE_OUTER_BOUND('',#727,.T.);
#462=FACE_OUTER_BOUND('',#728,.T.);
#463=FACE_OUTER_BOUND('',#729,.T.);
#464=FACE_OUTER_BOUND('',#730,.T.);
#465=FACE_OUTER_BOUND('',#731,.T.);
#466=FACE_OUTER_BOUND('',#732,.T.);
#467=FACE_OUTER_BOUND('',#733,.T.);
#468=FACE_OUTER_BOUND('',#734,.T.);
#469=FACE_OUTER_BOUND('',#735,.T.);
#470=FACE_OUTER_BOUND('',#736,.T.);
#471=FACE_OUTER_BOUND('',#737,.T.);
#472=FACE_OUTER_BOUND('',#738,.T.);
#473=FACE_OUTER_BOUND('',#739,.T.);
#474=FACE_OUTER_BOUND('',#740,.T.);
#475=FACE_OUTER_BOUND('',#741,.T.);
#476=FACE_OUTER_BOUND('',#742,.T.);
#477=FACE_OUTER_BOUND('',#743,.T.);
#478=FACE_OUTER_BOUND('',#744,.T.);
#479=FACE_OUTER_BOUND('',#745,.T.);
#480=FACE_OUTER_BOUND('',#746,.T.);
#481=FACE_OUTER_BOUND('',#747,.T.);
#482=FACE_OUTER_BOUND('',#748,.T.);
#483=FACE_OUTER_BOUND('',#749,.T.);
#484=FACE_OUTER_BOUND('',#750,.T.);
#485=FACE_OUTER_BOUND('',#751,.T.);
#486=FACE_OUTER_BOUND('',#752,.T.);
#487=FACE_OUTER_BOUND('',#753,.T.);
#488=FACE_OUTER_BOUND('',#754,.T.);
#489=FACE_OUTER_BOUND('',#755,.T.);
#490=FACE_OUTER_BOUND('',#756,.T.);
#491=FACE_OUTER_BOUND('',#757,.T.);
#492=FACE_OUTER_BOUND('',#758,.T.);
#493=FACE_OUTER_BOUND('',#759,.T.);
#494=FACE_OUTER_BOUND('',#760,.T.);
#495=FACE_OUTER_BOUND('',#761,.T.);
#496=FACE_OUTER_BOUND('',#762,.T.);
#497=FACE_OUTER_BOUND('',#763,.T.);
#498=FACE_OUTER_BOUND('',#764,.T.);
#499=FACE_OUTER_BOUND('',#765,.T.);
#500=FACE_OUTER_BOUND('',#766,.T.);
#501=FACE_OUTER_BOUND('',#767,.T.);
#502=FACE_OUTER_BOUND('',#768,.T.);
#503=FACE_OUTER_BOUND('',#769,.T.);
#504=FACE_OUTER_BOUND('',#770,.T.);
#505=FACE_OUTER_BOUND('',#771,.T.);
#506=FACE_OUTER_BOUND('',#772,.T.);
#507=FACE_OUTER_BOUND('',#773,.T.);
#508=FACE_OUTER_BOUND('',#774,.T.);
#509=FACE_OUTER_BOUND('',#775,.T.);
#510=EDGE_LOOP('',(#2854,#2855,#2856,#2857,#2858));
#511=EDGE_LOOP('',(#2859,#2860,#2861,#2862,#2863,#2864,#2865,#2866));
#512=EDGE_LOOP('',(#2867,#2868,#2869,#2870));
#513=EDGE_LOOP('',(#2871));
#514=EDGE_LOOP('',(#2872));
#515=EDGE_LOOP('',(#2873,#2874,#2875,#2876));
#516=EDGE_LOOP('',(#2877));
#517=EDGE_LOOP('',(#2878));
#518=EDGE_LOOP('',(#2879,#2880,#2881,#2882));
#519=EDGE_LOOP('',(#2883,#2884,#2885,#2886));
#520=EDGE_LOOP('',(#2887,#2888,#2889,#2890));
#521=EDGE_LOOP('',(#2891,#2892,#2893,#2894,#2895,#2896,#2897,#2898,#2899));
#522=EDGE_LOOP('',(#2900,#2901,#2902,#2903,#2904,#2905,#2906,#2907,#2908,
#2909,#2910));
#523=EDGE_LOOP('',(#2911,#2912,#2913,#2914));
#524=EDGE_LOOP('',(#2915,#2916,#2917,#2918,#2919,#2920,#2921,#2922));
#525=EDGE_LOOP('',(#2923,#2924));
#526=EDGE_LOOP('',(#2925));
#527=EDGE_LOOP('',(#2926,#2927,#2928,#2929,#2930,#2931,#2932,#2933));
#528=EDGE_LOOP('',(#2934,#2935));
#529=EDGE_LOOP('',(#2936));
#530=EDGE_LOOP('',(#2937,#2938,#2939,#2940));
#531=EDGE_LOOP('',(#2941,#2942,#2943,#2944));
#532=EDGE_LOOP('',(#2945,#2946,#2947,#2948));
#533=EDGE_LOOP('',(#2949,#2950,#2951,#2952,#2953,#2954));
#534=EDGE_LOOP('',(#2955,#2956,#2957,#2958));
#535=EDGE_LOOP('',(#2959,#2960,#2961,#2962,#2963,#2964,#2965,#2966));
#536=EDGE_LOOP('',(#2967,#2968,#2969,#2970));
#537=EDGE_LOOP('',(#2971,#2972,#2973,#2974));
#538=EDGE_LOOP('',(#2975,#2976,#2977,#2978));
#539=EDGE_LOOP('',(#2979,#2980,#2981,#2982));
#540=EDGE_LOOP('',(#2983,#2984,#2985,#2986,#2987,#2988));
#541=EDGE_LOOP('',(#2989,#2990,#2991,#2992));
#542=EDGE_LOOP('',(#2993,#2994,#2995,#2996));
#543=EDGE_LOOP('',(#2997,#2998,#2999,#3000));
#544=EDGE_LOOP('',(#3001,#3002,#3003,#3004,#3005));
#545=EDGE_LOOP('',(#3006,#3007,#3008,#3009,#3010,#3011,#3012,#3013,#3014,
#3015,#3016,#3017));
#546=EDGE_LOOP('',(#3018));
#547=EDGE_LOOP('',(#3019));
#548=EDGE_LOOP('',(#3020,#3021,#3022,#3023,#3024,#3025,#3026,#3027,#3028,
#3029,#3030,#3031,#3032,#3033));
#549=EDGE_LOOP('',(#3034,#3035,#3036,#3037));
#550=EDGE_LOOP('',(#3038,#3039,#3040,#3041,#3042));
#551=EDGE_LOOP('',(#3043,#3044,#3045,#3046,#3047,#3048,#3049,#3050,#3051,
#3052,#3053,#3054,#3055,#3056));
#552=EDGE_LOOP('',(#3057,#3058,#3059,#3060));
#553=EDGE_LOOP('',(#3061,#3062,#3063,#3064));
#554=EDGE_LOOP('',(#3065,#3066,#3067,#3068));
#555=EDGE_LOOP('',(#3069,#3070,#3071,#3072));
#556=EDGE_LOOP('',(#3073,#3074,#3075,#3076));
#557=EDGE_LOOP('',(#3077,#3078,#3079,#3080));
#558=EDGE_LOOP('',(#3081,#3082,#3083,#3084,#3085,#3086,#3087,#3088));
#559=EDGE_LOOP('',(#3089,#3090,#3091,#3092));
#560=EDGE_LOOP('',(#3093,#3094,#3095,#3096));
#561=EDGE_LOOP('',(#3097,#3098,#3099,#3100));
#562=EDGE_LOOP('',(#3101,#3102,#3103,#3104));
#563=EDGE_LOOP('',(#3105,#3106,#3107,#3108));
#564=EDGE_LOOP('',(#3109,#3110,#3111,#3112));
#565=EDGE_LOOP('',(#3113,#3114,#3115,#3116));
#566=EDGE_LOOP('',(#3117,#3118,#3119,#3120));
#567=EDGE_LOOP('',(#3121,#3122,#3123,#3124));
#568=EDGE_LOOP('',(#3125,#3126,#3127,#3128,#3129));
#569=EDGE_LOOP('',(#3130,#3131,#3132,#3133));
#570=EDGE_LOOP('',(#3134,#3135,#3136,#3137));
#571=EDGE_LOOP('',(#3138,#3139,#3140,#3141));
#572=EDGE_LOOP('',(#3142,#3143,#3144,#3145));
#573=EDGE_LOOP('',(#3146,#3147,#3148,#3149));
#574=EDGE_LOOP('',(#3150,#3151,#3152,#3153,#3154));
#575=EDGE_LOOP('',(#3155,#3156,#3157,#3158));
#576=EDGE_LOOP('',(#3159,#3160,#3161,#3162));
#577=EDGE_LOOP('',(#3163,#3164,#3165,#3166));
#578=EDGE_LOOP('',(#3167,#3168,#3169,#3170));
#579=EDGE_LOOP('',(#3171,#3172,#3173,#3174,#3175,#3176,#3177));
#580=EDGE_LOOP('',(#3178,#3179,#3180,#3181,#3182,#3183));
#581=EDGE_LOOP('',(#3184,#3185,#3186,#3187,#3188,#3189));
#582=EDGE_LOOP('',(#3190,#3191,#3192,#3193));
#583=EDGE_LOOP('',(#3194,#3195,#3196,#3197));
#584=EDGE_LOOP('',(#3198,#3199,#3200,#3201));
#585=EDGE_LOOP('',(#3202,#3203,#3204,#3205));
#586=EDGE_LOOP('',(#3206,#3207,#3208,#3209));
#587=EDGE_LOOP('',(#3210,#3211,#3212,#3213));
#588=EDGE_LOOP('',(#3214,#3215,#3216,#3217));
#589=EDGE_LOOP('',(#3218,#3219,#3220,#3221));
#590=EDGE_LOOP('',(#3222,#3223,#3224,#3225));
#591=EDGE_LOOP('',(#3226,#3227,#3228,#3229));
#592=EDGE_LOOP('',(#3230,#3231,#3232,#3233));
#593=EDGE_LOOP('',(#3234,#3235,#3236,#3237));
#594=EDGE_LOOP('',(#3238,#3239,#3240,#3241));
#595=EDGE_LOOP('',(#3242,#3243,#3244,#3245));
#596=EDGE_LOOP('',(#3246,#3247,#3248,#3249,#3250));
#597=EDGE_LOOP('',(#3251,#3252,#3253,#3254));
#598=EDGE_LOOP('',(#3255,#3256,#3257,#3258));
#599=EDGE_LOOP('',(#3259,#3260,#3261,#3262));
#600=EDGE_LOOP('',(#3263,#3264,#3265,#3266));
#601=EDGE_LOOP('',(#3267,#3268,#3269,#3270));
#602=EDGE_LOOP('',(#3271,#3272,#3273,#3274,#3275));
#603=EDGE_LOOP('',(#3276,#3277,#3278,#3279));
#604=EDGE_LOOP('',(#3280,#3281,#3282,#3283));
#605=EDGE_LOOP('',(#3284,#3285,#3286,#3287));
#606=EDGE_LOOP('',(#3288,#3289,#3290,#3291));
#607=EDGE_LOOP('',(#3292,#3293,#3294,#3295,#3296));
#608=EDGE_LOOP('',(#3297,#3298,#3299,#3300,#3301,#3302,#3303));
#609=EDGE_LOOP('',(#3304,#3305,#3306,#3307,#3308,#3309,#3310,#3311,#3312,
#3313,#3314,#3315,#3316,#3317));
#610=EDGE_LOOP('',(#3318,#3319,#3320,#3321));
#611=EDGE_LOOP('',(#3322,#3323,#3324,#3325,#3326,#3327,#3328));
#612=EDGE_LOOP('',(#3329,#3330,#3331,#3332,#3333,#3334,#3335,#3336,#3337,
#3338,#3339,#3340,#3341,#3342,#3343,#3344,#3345,#3346,#3347,#3348,#3349,
#3350,#3351,#3352,#3353,#3354));
#613=EDGE_LOOP('',(#3355));
#614=EDGE_LOOP('',(#3356,#3357,#3358,#3359));
#615=EDGE_LOOP('',(#3360,#3361,#3362,#3363,#3364,#3365,#3366,#3367,#3368,
#3369,#3370,#3371));
#616=EDGE_LOOP('',(#3372,#3373,#3374,#3375));
#617=EDGE_LOOP('',(#3376,#3377,#3378,#3379,#3380,#3381,#3382,#3383,#3384,
#3385,#3386,#3387));
#618=EDGE_LOOP('',(#3388,#3389,#3390,#3391,#3392,#3393,#3394,#3395));
#619=EDGE_LOOP('',(#3396,#3397,#3398,#3399));
#620=EDGE_LOOP('',(#3400,#3401,#3402,#3403));
#621=EDGE_LOOP('',(#3404));
#622=EDGE_LOOP('',(#3405,#3406,#3407,#3408));
#623=EDGE_LOOP('',(#3409,#3410,#3411));
#624=EDGE_LOOP('',(#3412,#3413,#3414));
#625=EDGE_LOOP('',(#3415,#3416,#3417));
#626=EDGE_LOOP('',(#3418,#3419,#3420));
#627=EDGE_LOOP('',(#3421,#3422,#3423,#3424,#3425));
#628=EDGE_LOOP('',(#3426,#3427,#3428,#3429,#3430));
#629=EDGE_LOOP('',(#3431,#3432,#3433));
#630=EDGE_LOOP('',(#3434,#3435,#3436));
#631=EDGE_LOOP('',(#3437,#3438,#3439,#3440));
#632=EDGE_LOOP('',(#3441,#3442,#3443));
#633=EDGE_LOOP('',(#3444,#3445,#3446,#3447,#3448));
#634=EDGE_LOOP('',(#3449,#3450,#3451,#3452,#3453));
#635=EDGE_LOOP('',(#3454,#3455,#3456));
#636=EDGE_LOOP('',(#3457,#3458,#3459));
#637=EDGE_LOOP('',(#3460,#3461,#3462));
#638=EDGE_LOOP('',(#3463,#3464,#3465));
#639=EDGE_LOOP('',(#3466,#3467,#3468,#3469,#3470));
#640=EDGE_LOOP('',(#3471,#3472,#3473,#3474,#3475));
#641=EDGE_LOOP('',(#3476,#3477,#3478));
#642=EDGE_LOOP('',(#3479,#3480,#3481));
#643=EDGE_LOOP('',(#3482,#3483,#3484,#3485));
#644=EDGE_LOOP('',(#3486,#3487,#3488));
#645=EDGE_LOOP('',(#3489,#3490,#3491,#3492,#3493));
#646=EDGE_LOOP('',(#3494,#3495,#3496,#3497,#3498));
#647=EDGE_LOOP('',(#3499,#3500,#3501,#3502));
#648=EDGE_LOOP('',(#3503,#3504,#3505,#3506,#3507));
#649=EDGE_LOOP('',(#3508,#3509,#3510,#3511));
#650=EDGE_LOOP('',(#3512,#3513,#3514,#3515));
#651=EDGE_LOOP('',(#3516,#3517,#3518,#3519));
#652=EDGE_LOOP('',(#3520,#3521,#3522,#3523,#3524,#3525,#3526,#3527,#3528));
#653=EDGE_LOOP('',(#3529,#3530,#3531,#3532,#3533,#3534,#3535,#3536,#3537));
#654=EDGE_LOOP('',(#3538,#3539,#3540,#3541,#3542));
#655=EDGE_LOOP('',(#3543,#3544,#3545,#3546,#3547,#3548,#3549,#3550,#3551));
#656=EDGE_LOOP('',(#3552,#3553,#3554,#3555,#3556,#3557,#3558,#3559,#3560));
#657=EDGE_LOOP('',(#3561,#3562,#3563,#3564,#3565,#3566,#3567,#3568,#3569));
#658=EDGE_LOOP('',(#3570,#3571,#3572,#3573));
#659=EDGE_LOOP('',(#3574,#3575,#3576,#3577,#3578,#3579,#3580,#3581,#3582));
#660=EDGE_LOOP('',(#3583,#3584,#3585,#3586));
#661=EDGE_LOOP('',(#3587,#3588,#3589,#3590,#3591,#3592,#3593,#3594,#3595));
#662=EDGE_LOOP('',(#3596,#3597,#3598,#3599,#3600,#3601,#3602,#3603,#3604));
#663=EDGE_LOOP('',(#3605,#3606));
#664=EDGE_LOOP('',(#3607,#3608));
#665=EDGE_LOOP('',(#3609,#3610));
#666=EDGE_LOOP('',(#3611,#3612,#3613));
#667=EDGE_LOOP('',(#3614,#3615));
#668=EDGE_LOOP('',(#3616,#3617,#3618));
#669=EDGE_LOOP('',(#3619,#3620,#3621));
#670=EDGE_LOOP('',(#3622,#3623,#3624,#3625,#3626,#3627));
#671=EDGE_LOOP('',(#3628,#3629,#3630,#3631,#3632));
#672=EDGE_LOOP('',(#3633,#3634,#3635,#3636,#3637,#3638,#3639,#3640,#3641,
#3642,#3643,#3644,#3645,#3646));
#673=EDGE_LOOP('',(#3647,#3648,#3649,#3650,#3651));
#674=EDGE_LOOP('',(#3652,#3653,#3654,#3655,#3656,#3657));
#675=EDGE_LOOP('',(#3658,#3659,#3660,#3661,#3662,#3663,#3664,#3665,#3666,
#3667,#3668,#3669,#3670,#3671));
#676=EDGE_LOOP('',(#3672,#3673,#3674,#3675,#3676,#3677,#3678,#3679,#3680,
#3681,#3682,#3683,#3684,#3685));
#677=EDGE_LOOP('',(#3686,#3687,#3688,#3689,#3690,#3691));
#678=EDGE_LOOP('',(#3692,#3693,#3694,#3695,#3696,#3697));
#679=EDGE_LOOP('',(#3698,#3699,#3700,#3701,#3702,#3703));
#680=EDGE_LOOP('',(#3704,#3705,#3706,#3707,#3708));
#681=EDGE_LOOP('',(#3709,#3710,#3711,#3712,#3713,#3714,#3715));
#682=EDGE_LOOP('',(#3716,#3717,#3718,#3719,#3720,#3721,#3722));
#683=EDGE_LOOP('',(#3723,#3724,#3725,#3726));
#684=EDGE_LOOP('',(#3727,#3728,#3729,#3730));
#685=EDGE_LOOP('',(#3731,#3732,#3733,#3734));
#686=EDGE_LOOP('',(#3735,#3736,#3737,#3738,#3739,#3740));
#687=EDGE_LOOP('',(#3741,#3742));
#688=EDGE_LOOP('',(#3743,#3744));
#689=EDGE_LOOP('',(#3745,#3746,#3747,#3748));
#690=EDGE_LOOP('',(#3749,#3750,#3751,#3752));
#691=EDGE_LOOP('',(#3753,#3754,#3755,#3756));
#692=EDGE_LOOP('',(#3757,#3758,#3759,#3760));
#693=EDGE_LOOP('',(#3761,#3762,#3763,#3764,#3765,#3766));
#694=EDGE_LOOP('',(#3767,#3768,#3769,#3770,#3771,#3772,#3773,#3774,#3775,
#3776,#3777,#3778,#3779,#3780));
#695=EDGE_LOOP('',(#3781,#3782,#3783,#3784,#3785));
#696=EDGE_LOOP('',(#3786,#3787,#3788,#3789));
#697=EDGE_LOOP('',(#3790,#3791,#3792,#3793));
#698=EDGE_LOOP('',(#3794,#3795,#3796,#3797));
#699=EDGE_LOOP('',(#3798,#3799,#3800,#3801));
#700=EDGE_LOOP('',(#3802,#3803,#3804,#3805));
#701=EDGE_LOOP('',(#3806,#3807,#3808,#3809));
#702=EDGE_LOOP('',(#3810,#3811,#3812,#3813,#3814,#3815,#3816,#3817,#3818,
#3819,#3820,#3821,#3822,#3823,#3824,#3825,#3826,#3827));
#703=EDGE_LOOP('',(#3828,#3829,#3830,#3831,#3832));
#704=EDGE_LOOP('',(#3833,#3834,#3835,#3836));
#705=EDGE_LOOP('',(#3837,#3838,#3839,#3840,#3841));
#706=EDGE_LOOP('',(#3842,#3843,#3844,#3845));
#707=EDGE_LOOP('',(#3846,#3847,#3848,#3849,#3850));
#708=EDGE_LOOP('',(#3851,#3852,#3853,#3854,#3855,#3856));
#709=EDGE_LOOP('',(#3857,#3858,#3859,#3860));
#710=EDGE_LOOP('',(#3861,#3862,#3863,#3864));
#711=EDGE_LOOP('',(#3865,#3866,#3867,#3868));
#712=EDGE_LOOP('',(#3869,#3870,#3871,#3872));
#713=EDGE_LOOP('',(#3873,#3874,#3875,#3876));
#714=EDGE_LOOP('',(#3877,#3878,#3879,#3880,#3881));
#715=EDGE_LOOP('',(#3882,#3883,#3884,#3885));
#716=EDGE_LOOP('',(#3886,#3887,#3888,#3889,#3890));
#717=EDGE_LOOP('',(#3891,#3892));
#718=EDGE_LOOP('',(#3893,#3894,#3895,#3896));
#719=EDGE_LOOP('',(#3897,#3898,#3899,#3900));
#720=EDGE_LOOP('',(#3901,#3902,#3903,#3904));
#721=EDGE_LOOP('',(#3905,#3906,#3907,#3908));
#722=EDGE_LOOP('',(#3909,#3910,#3911,#3912));
#723=EDGE_LOOP('',(#3913,#3914,#3915,#3916));
#724=EDGE_LOOP('',(#3917,#3918,#3919,#3920,#3921));
#725=EDGE_LOOP('',(#3922,#3923,#3924,#3925,#3926));
#726=EDGE_LOOP('',(#3927,#3928,#3929,#3930));
#727=EDGE_LOOP('',(#3931,#3932,#3933,#3934,#3935));
#728=EDGE_LOOP('',(#3936,#3937,#3938,#3939));
#729=EDGE_LOOP('',(#3940,#3941,#3942,#3943,#3944,#3945));
#730=EDGE_LOOP('',(#3946,#3947,#3948,#3949));
#731=EDGE_LOOP('',(#3950,#3951,#3952,#3953,#3954,#3955,#3956,#3957));
#732=EDGE_LOOP('',(#3958,#3959,#3960,#3961));
#733=EDGE_LOOP('',(#3962,#3963,#3964,#3965,#3966,#3967,#3968));
#734=EDGE_LOOP('',(#3969,#3970,#3971));
#735=EDGE_LOOP('',(#3972,#3973,#3974));
#736=EDGE_LOOP('',(#3975,#3976,#3977,#3978));
#737=EDGE_LOOP('',(#3979,#3980,#3981,#3982,#3983,#3984,#3985,#3986));
#738=EDGE_LOOP('',(#3987,#3988,#3989,#3990,#3991,#3992,#3993));
#739=EDGE_LOOP('',(#3994,#3995,#3996));
#740=EDGE_LOOP('',(#3997,#3998,#3999,#4000));
#741=EDGE_LOOP('',(#4001,#4002,#4003,#4004,#4005,#4006));
#742=EDGE_LOOP('',(#4007,#4008,#4009,#4010));
#743=EDGE_LOOP('',(#4011,#4012,#4013,#4014));
#744=EDGE_LOOP('',(#4015,#4016,#4017,#4018));
#745=EDGE_LOOP('',(#4019,#4020,#4021,#4022,#4023,#4024));
#746=EDGE_LOOP('',(#4025,#4026,#4027,#4028));
#747=EDGE_LOOP('',(#4029,#4030,#4031,#4032,#4033,#4034,#4035,#4036,#4037,
#4038,#4039,#4040,#4041,#4042));
#748=EDGE_LOOP('',(#4043,#4044));
#749=EDGE_LOOP('',(#4045,#4046,#4047,#4048));
#750=EDGE_LOOP('',(#4049,#4050,#4051,#4052));
#751=EDGE_LOOP('',(#4053,#4054,#4055,#4056));
#752=EDGE_LOOP('',(#4057,#4058,#4059,#4060));
#753=EDGE_LOOP('',(#4061,#4062,#4063,#4064));
#754=EDGE_LOOP('',(#4065,#4066,#4067,#4068));
#755=EDGE_LOOP('',(#4069,#4070,#4071,#4072));
#756=EDGE_LOOP('',(#4073,#4074,#4075,#4076));
#757=EDGE_LOOP('',(#4077,#4078,#4079,#4080));
#758=EDGE_LOOP('',(#4081,#4082,#4083,#4084,#4085));
#759=EDGE_LOOP('',(#4086,#4087,#4088,#4089,#4090,#4091));
#760=EDGE_LOOP('',(#4092,#4093,#4094,#4095));
#761=EDGE_LOOP('',(#4096,#4097,#4098,#4099,#4100));
#762=EDGE_LOOP('',(#4101,#4102,#4103,#4104,#4105,#4106,#4107,#4108));
#763=EDGE_LOOP('',(#4109,#4110,#4111,#4112,#4113,#4114,#4115,#4116,#4117,
#4118,#4119,#4120,#4121,#4122,#4123,#4124,#4125,#4126,#4127,#4128,#4129,
#4130,#4131,#4132,#4133,#4134,#4135,#4136,#4137,#4138,#4139,#4140));
#764=EDGE_LOOP('',(#4141,#4142,#4143,#4144,#4145,#4146));
#765=EDGE_LOOP('',(#4147,#4148,#4149,#4150,#4151));
#766=EDGE_LOOP('',(#4152,#4153,#4154,#4155));
#767=EDGE_LOOP('',(#4156,#4157,#4158,#4159,#4160,#4161));
#768=EDGE_LOOP('',(#4162,#4163,#4164,#4165));
#769=EDGE_LOOP('',(#4166,#4167,#4168,#4169,#4170));
#770=EDGE_LOOP('',(#4171,#4172,#4173));
#771=EDGE_LOOP('',(#4174,#4175,#4176,#4177));
#772=EDGE_LOOP('',(#4178,#4179,#4180,#4181));
#773=EDGE_LOOP('',(#4182,#4183,#4184,#4185));
#774=EDGE_LOOP('',(#4186,#4187,#4188,#4189,#4190,#4191));
#775=EDGE_LOOP('',(#4192,#4193,#4194,#4195,#4196,#4197));
#776=B_SPLINE_CURVE_WITH_KNOTS('',3,(#6084,#6085,#6086,#6087,#6088,#6089,
#6090,#6091,#6092,#6093),.UNSPECIFIED.,.F.,.F.,(4,2,2,2,4),(1.36259266845797,
1.57808830155032,1.97325373920351,2.17083645803011,2.3684191768567),
 .UNSPECIFIED.);
#777=B_SPLINE_CURVE_WITH_KNOTS('',3,(#6100,#6101,#6102,#6103,#6104,#6105,
#6106,#6107),.UNSPECIFIED.,.F.,.F.,(4,2,2,4),(2.5855288244496,2.7635846145099,
3.15875005216309,3.37424568525544),.UNSPECIFIED.);
#778=B_SPLINE_CURVE_WITH_KNOTS('',3,(#6115,#6116,#6117,#6118,#6119,#6120,
#6121,#6122),.UNSPECIFIED.,.F.,.F.,(4,2,2,4),(1.8309568380868,1.9910606759397,
2.1511645137926,2.16163774071912),.UNSPECIFIED.);
#779=B_SPLINE_CURVE_WITH_KNOTS('',3,(#6126,#6127,#6128,#6129,#6130,#6131,
#6132,#6133,#6134,#6135),.UNSPECIFIED.,.F.,.F.,(4,2,2,2,4),(1.36259266845797,
1.57808830155032,1.97325373920351,2.17083645803011,2.3684191768567),
 .UNSPECIFIED.);
#780=B_SPLINE_CURVE_WITH_KNOTS('',3,(#6176,#6177,#6178,#6179,#6180,#6181,
#6182,#6183,#6184,#6185),.UNSPECIFIED.,.F.,.F.,(4,2,2,2,4),(0.172836588369202,
0.187118753603902,0.223215027606411,0.259311301608921,0.305330556463333),
 .UNSPECIFIED.);
#781=B_SPLINE_CURVE_WITH_KNOTS('',3,(#6187,#6188,#6189,#6190,#6191,#6192,
#6193,#6194,#6195,#6196,#6197),.UNSPECIFIED.,.F.,.F.,(4,3,2,2,4),(-0.0460192547847956,
0.,0.0360962740025095,0.072192548005019,0.0864747132397179),
 .UNSPECIFIED.);
#782=B_SPLINE_CURVE_WITH_KNOTS('',3,(#6201,#6202,#6203,#6204,#6205,#6206),
 .UNSPECIFIED.,.F.,.F.,(4,2,4),(0.153430685813394,0.191746412587183,0.197050294182858),
 .UNSPECIFIED.);
#783=B_SPLINE_CURVE_WITH_KNOTS('',3,(#6208,#6209,#6210,#6211,#6212,#6213),
 .UNSPECIFIED.,.F.,.F.,(4,2,4),(0.109811077443929,0.1151149590396,0.153430685813394),
 .UNSPECIFIED.);
#784=B_SPLINE_CURVE_WITH_KNOTS('',3,(#6215,#6216,#6217,#6218,#6219,#6220,
#6221,#6222,#6223,#6224,#6225),.UNSPECIFIED.,.F.,.F.,(4,3,2,2,4),(-0.04601925478486,
0.,0.036096274002498,0.0721925480049959,0.0864747132396493),
 .UNSPECIFIED.);
#785=B_SPLINE_CURVE_WITH_KNOTS('',3,(#6231,#6232,#6233,#6234,#6235,#6236,
#6237,#6238,#6239,#6240,#6241,#6242,#6243,#6244,#6245,#6246,#6247,#6248),
 .UNSPECIFIED.,.F.,.F.,(4,2,2,2,2,2,2,2,4),(-0.441007367568608,-0.403129379699486,
-0.365251391830365,-0.290631028846227,-0.216010665862089,-0.14507069318214,
-0.0741307205021917,-0.0370653602510959,6.93889390390723E-18),
 .UNSPECIFIED.);
#786=B_SPLINE_CURVE_WITH_KNOTS('',3,(#6252,#6253,#6254,#6255,#6256,#6257,
#6258,#6259,#6260,#6261),.UNSPECIFIED.,.F.,.F.,(4,2,2,2,4),(0.109811077443918,
0.115114959039592,0.153430685813381,0.191746412587175,0.197050294182846),
 .UNSPECIFIED.);
#787=B_SPLINE_CURVE_WITH_KNOTS('',3,(#6274,#6275,#6276,#6277,#6278,#6279,
#6280,#6281,#6282,#6283),.UNSPECIFIED.,.F.,.F.,(4,2,2,2,4),(0.17283658836927,
0.187118753603925,0.223215027606423,0.259311301608921,0.305330556463398),
 .UNSPECIFIED.);
#788=B_SPLINE_CURVE_WITH_KNOTS('',3,(#6397,#6398,#6399,#6400,#6401,#6402,
#6403,#6404,#6405,#6406,#6407,#6408,#6409,#6410,#6411,#6412,#6413,#6414),
 .UNSPECIFIED.,.F.,.F.,(4,2,2,2,2,2,2,2,4),(-4.16333634234434E-17,0.0378779878691214,
0.0757559757382429,0.150376338722381,0.224996701706519,0.295936674386468,
0.366876647066417,0.403942007317512,0.441007367568608),.UNSPECIFIED.);
#789=B_SPLINE_CURVE_WITH_KNOTS('',3,(#6415,#6416,#6417,#6418,#6419,#6420,
#6421,#6422,#6423,#6424,#6425,#6426,#6427,#6428,#6429,#6430,#6431,#6432),
 .UNSPECIFIED.,.F.,.F.,(4,2,2,2,2,2,2,2,4),(-0.441007367568608,-0.403942007317512,
-0.366876647066417,-0.295936674386468,-0.224996701706519,-0.150376338722381,
-0.0757559757382429,-0.0378779878691214,4.16333634234434E-17),
 .UNSPECIFIED.);
#790=B_SPLINE_CURVE_WITH_KNOTS('',3,(#6537,#6538,#6539,#6540,#6541,#6542,
#6543,#6544,#6545,#6546,#6547,#6548,#6549,#6550,#6551,#6552,#6553,#6554),
 .UNSPECIFIED.,.F.,.F.,(4,2,2,2,2,2,2,2,4),(-6.93889390390723E-18,0.0370653602510959,
0.0741307205021917,0.14507069318214,0.216010665862089,0.290631028846227,
0.365251391830365,0.403129379699486,0.441007367568608),.UNSPECIFIED.);
#791=B_SPLINE_CURVE_WITH_KNOTS('',3,(#6581,#6582,#6583,#6584,#6585,#6586,
#6587,#6588,#6589,#6590,#6591,#6592,#6593),.UNSPECIFIED.,.F.,.F.,(4,3,3,
3,4),(-0.0740233966333501,-0.045209193629678,-0.0373662843929203,-0.00606582597110146,
0.),.UNSPECIFIED.);
#792=B_SPLINE_CURVE_WITH_KNOTS('',3,(#6596,#6597,#6598,#6599,#6600,#6601,
#6602,#6603,#6604,#6605,#6606,#6607,#6608),.UNSPECIFIED.,.F.,.F.,(4,3,3,
3,4),(0.,0.028745636166218,0.0366454226287054,0.0678947141391865,0.0740071601050864),
 .UNSPECIFIED.);
#793=B_SPLINE_CURVE_WITH_KNOTS('',3,(#6645,#6646,#6647,#6648,#6649,#6650,
#6651,#6652,#6653),.UNSPECIFIED.,.F.,.F.,(4,1,1,1,1,1,4),(-4.71238898038955,
-4.26359002987533,-3.81479107936112,-3.3659921288469,-2.91719317833269,
-2.46839422781847,-1.57079632679004),.UNSPECIFIED.);
#794=B_SPLINE_CURVE_WITH_KNOTS('',3,(#6655,#6656,#6657,#6658),
 .UNSPECIFIED.,.F.,.F.,(4,4),(1.60988541436335,1.66500321798937),
 .UNSPECIFIED.);
#795=B_SPLINE_CURVE_WITH_KNOTS('',3,(#6659,#6660,#6661,#6662,#6663,#6664,
#6665,#6666,#6667),.UNSPECIFIED.,.F.,.F.,(4,1,1,1,1,1,4),(1.66500321798937,
2.46839422781847,2.91719317833269,3.3659921288469,3.81479107936112,4.26359002987533,
4.67331118162912),.UNSPECIFIED.);
#796=B_SPLINE_CURVE_WITH_KNOTS('',3,(#6672,#6673,#6674,#6675,#6676,#6677,
#6678,#6679,#6680,#6681,#6682,#6683,#6684,#6685,#6686,#6687),
 .UNSPECIFIED.,.F.,.F.,(4,3,3,3,3,4),(0.,0.074985537452504,0.107236857569857,
0.180868584983376,0.255680452505878,0.267792885399651),.UNSPECIFIED.);
#797=B_SPLINE_CURVE_WITH_KNOTS('',3,(#6691,#6692,#6693,#6694,#6695,#6696,
#6697,#6698,#6699,#6700,#6701,#6702,#6703),.UNSPECIFIED.,.F.,.F.,(4,3,3,
3,4),(0.,0.0741090416055596,0.133749305043698,0.208768860550982,0.267739347426346),
 .UNSPECIFIED.);
#798=B_SPLINE_CURVE_WITH_KNOTS('',3,(#6711,#6712,#6713,#6714,#6715,#6716,
#6717,#6718,#6719,#6720,#6721,#6722,#6723,#6724,#6725,#6726),
 .UNSPECIFIED.,.F.,.F.,(4,3,3,3,3,4),(0.,0.0749861800546078,0.107236853245557,
0.1808684376458,0.255680754239756,0.267792885418956),.UNSPECIFIED.);
#799=B_SPLINE_CURVE_WITH_KNOTS('',3,(#6730,#6731,#6732,#6733,#6734,#6735,
#6736,#6737,#6738,#6739,#6740,#6741,#6742),.UNSPECIFIED.,.F.,.F.,(4,3,3,
3,4),(0.,0.0741088062161437,0.133749302225432,0.208768411828039,0.267739347425897),
 .UNSPECIFIED.);
#800=B_SPLINE_CURVE_WITH_KNOTS('',3,(#6772,#6773,#6774,#6775,#6776,#6777,
#6778,#6779,#6780,#6781,#6782,#6783,#6784),.UNSPECIFIED.,.F.,.F.,(4,3,3,
3,4),(-0.0740233965201777,-0.045209186293435,-0.0373660670633428,-0.00606560140489248,
0.),.UNSPECIFIED.);
#801=B_SPLINE_CURVE_WITH_KNOTS('',3,(#6785,#6786,#6787,#6788,#6789,#6790,
#6791,#6792,#6793,#6794,#6795,#6796,#6797),.UNSPECIFIED.,.F.,.F.,(4,3,3,
3,4),(0.,0.0287456299698241,0.0366452366975434,0.0678945222789025,0.0740071602111837),
 .UNSPECIFIED.);
#802=B_SPLINE_CURVE_WITH_KNOTS('',3,(#6834,#6835,#6836,#6837,#6838,#6839,
#6840,#6841,#6842),.UNSPECIFIED.,.F.,.F.,(4,1,1,1,1,1,4),(-1.57079632679975,
-1.12199737628554,-0.673198425771323,-0.224399475257107,0.224399475257108,
0.673198425771323,1.57079632679975),.UNSPECIFIED.);
#803=B_SPLINE_CURVE_WITH_KNOTS('',3,(#6844,#6845,#6846,#6847,#6848,#6849,
#6850,#6851,#6852),.UNSPECIFIED.,.F.,.F.,(4,1,1,1,1,1,4),(-1.53170723922645,
-0.673198425771323,-0.224399475257108,0.224399475257107,0.673198425771323,
1.12199737628554,1.47664480827747),.UNSPECIFIED.);
#804=B_SPLINE_CURVE_WITH_KNOTS('',3,(#6853,#6854,#6855,#6856),
 .UNSPECIFIED.,.F.,.F.,(4,4),(1.47664480827747,1.53171852803934),
 .UNSPECIFIED.);
#805=B_SPLINE_CURVE_WITH_KNOTS('',3,(#6978,#6979,#6980,#6981),
 .UNSPECIFIED.,.F.,.F.,(4,4),(-0.0769866594515509,0.),.UNSPECIFIED.);
#806=B_SPLINE_CURVE_WITH_KNOTS('',3,(#6999,#7000,#7001,#7002),
 .UNSPECIFIED.,.F.,.F.,(4,4),(1.37887022963111,1.40326298021103),
 .UNSPECIFIED.);
#807=B_SPLINE_CURVE_WITH_KNOTS('',3,(#7006,#7007,#7008,#7009),
 .UNSPECIFIED.,.F.,.F.,(4,4),(-1.40326298021103,-1.38812402485365),
 .UNSPECIFIED.);
#808=B_SPLINE_CURVE_WITH_KNOTS('',3,(#7010,#7011,#7012,#7013),
 .UNSPECIFIED.,.F.,.F.,(4,4),(0.,0.0232001877797458),.UNSPECIFIED.);
#809=B_SPLINE_CURVE_WITH_KNOTS('',3,(#7082,#7083,#7084,#7085,#7086,#7087,
#7088,#7089,#7090,#7091,#7092,#7093,#7094,#7095,#7096,#7097),
 .UNSPECIFIED.,.F.,.F.,(4,1,1,1,1,1,1,1,1,1,1,1,1,4),(-0.687027727355769,
-0.55650592363399,-0.507560247238322,-0.42598411991221,-0.393353668981765,
-0.36072321805132,-0.336250379853486,-0.29546231619043,-0.16494051246865,
-0.0996796106077605,-0.0752067724099268,-0.0344187087468707,0.096103094974909,
0.226624898696689),.UNSPECIFIED.);
#810=B_SPLINE_CURVE_WITH_KNOTS('',3,(#7100,#7101,#7102,#7103,#7104,#7105,
#7106,#7107,#7108,#7109,#7110,#7111,#7112,#7113,#7114,#7115),
 .UNSPECIFIED.,.F.,.F.,(4,1,1,1,1,1,1,1,1,1,1,1,1,4),(-0.226624898696689,
-0.096103094974909,0.0344187087468707,0.0752067724099268,0.0996796106077605,
0.16494051246865,0.29546231619043,0.336250379853486,0.36072321805132,0.393353668981765,
0.42598411991221,0.507560247238322,0.55650592363399,0.687027727355769),
 .UNSPECIFIED.);
#811=B_SPLINE_CURVE_WITH_KNOTS('',3,(#7132,#7133,#7134,#7135),
 .UNSPECIFIED.,.F.,.F.,(4,4),(-1.40415926281082,-1.40326298021103),
 .UNSPECIFIED.);
#812=B_SPLINE_CURVE_WITH_KNOTS('',3,(#7136,#7137,#7138,#7139),
 .UNSPECIFIED.,.F.,.F.,(4,4),(1.40326298021103,1.40415926281082),
 .UNSPECIFIED.);
#813=B_SPLINE_CURVE_WITH_KNOTS('',3,(#7160,#7161,#7162,#7163),
 .UNSPECIFIED.,.F.,.F.,(4,4),(-1.31133620149667,-1.25789826780371),
 .UNSPECIFIED.);
#814=B_SPLINE_CURVE_WITH_KNOTS('',3,(#7166,#7167,#7168,#7169),
 .UNSPECIFIED.,.F.,.F.,(4,4),(1.25789826780371,1.31133620149667),
 .UNSPECIFIED.);
#815=B_SPLINE_CURVE_WITH_KNOTS('',3,(#7186,#7187,#7188,#7189),
 .UNSPECIFIED.,.F.,.F.,(4,4),(1.31133620149667,1.312756578637),
 .UNSPECIFIED.);
#816=B_SPLINE_CURVE_WITH_KNOTS('',3,(#7190,#7191,#7192,#7193),
 .UNSPECIFIED.,.F.,.F.,(4,4),(-1.312756578637,-1.31133620149667),
 .UNSPECIFIED.);
#817=B_SPLINE_CURVE_WITH_KNOTS('',3,(#7212,#7213,#7214,#7215),
 .UNSPECIFIED.,.F.,.F.,(4,4),(-0.052081389124576,0.),.UNSPECIFIED.);
#818=B_SPLINE_CURVE_WITH_KNOTS('',3,(#7219,#7220,#7221,#7222),
 .UNSPECIFIED.,.F.,.F.,(4,4),(0.,0.0769271564005526),.UNSPECIFIED.);
#819=B_SPLINE_CURVE_WITH_KNOTS('',3,(#7223,#7224,#7225,#7226,#7227,#7228,
#7229),.UNSPECIFIED.,.F.,.F.,(4,3,4),(-0.0531533219231594,-0.0223334777665137,
0.),.UNSPECIFIED.);
#820=B_SPLINE_CURVE_WITH_KNOTS('',3,(#7260,#7261,#7262,#7263,#7264,#7265,
#7266),.UNSPECIFIED.,.F.,.F.,(4,1,1,1,4),(-1.13619253156597,-1.02143139516532,
-0.894250100413807,-0.830659453038051,-0.703478158286541),.UNSPECIFIED.);
#821=B_SPLINE_CURVE_WITH_KNOTS('',3,(#7269,#7270,#7271,#7272,#7273,#7274,
#7275),.UNSPECIFIED.,.F.,.F.,(4,1,1,1,4),(0.703478158286541,0.830659453038051,
0.894250100413807,1.02143139516532,1.14861268991683),.UNSPECIFIED.);
#822=B_SPLINE_CURVE_WITH_KNOTS('',3,(#7276,#7277,#7278,#7279),
 .UNSPECIFIED.,.F.,.F.,(4,4),(0.0962921722035513,0.112115081288982),
 .UNSPECIFIED.);
#823=B_SPLINE_CURVE_WITH_KNOTS('',3,(#7296,#7297,#7298,#7299),
 .UNSPECIFIED.,.F.,.F.,(4,4),(-0.703478158286541,-0.692431673240619),
 .UNSPECIFIED.);
#824=B_SPLINE_CURVE_WITH_KNOTS('',3,(#7300,#7301,#7302,#7303),
 .UNSPECIFIED.,.F.,.F.,(4,4),(0.692431673240619,0.703478158286541),
 .UNSPECIFIED.);
#825=B_SPLINE_CURVE_WITH_KNOTS('',3,(#7328,#7329,#7330,#7331,#7332),
 .UNSPECIFIED.,.F.,.F.,(4,1,4),(-0.390108125613097,0.0751064511961602,0.695392553608503),
 .UNSPECIFIED.);
#826=B_SPLINE_CURVE_WITH_KNOTS('',3,(#7335,#7336,#7337,#7338,#7339),
 .UNSPECIFIED.,.F.,.F.,(4,1,4),(-0.695392553608503,-0.0751064511961602,
0.390108125613097),.UNSPECIFIED.);
#827=B_SPLINE_CURVE_WITH_KNOTS('',3,(#7356,#7357,#7358,#7359),
 .UNSPECIFIED.,.F.,.F.,(4,4),(0.390108125613096,0.514494607313913),
 .UNSPECIFIED.);
#828=B_SPLINE_CURVE_WITH_KNOTS('',3,(#7360,#7361,#7362,#7363),
 .UNSPECIFIED.,.F.,.F.,(4,4),(-0.514494607313913,-0.390108125613096),
 .UNSPECIFIED.);
#829=B_SPLINE_CURVE_WITH_KNOTS('',3,(#7380,#7381,#7382,#7383),
 .UNSPECIFIED.,.F.,.F.,(4,4),(-0.785398163397448,-0.695392553608501),
 .UNSPECIFIED.);
#830=B_SPLINE_CURVE_WITH_KNOTS('',3,(#7384,#7385,#7386,#7387),
 .UNSPECIFIED.,.F.,.F.,(4,4),(0.695392553608501,0.785398163397448),
 .UNSPECIFIED.);
#831=B_SPLINE_CURVE_WITH_KNOTS('',3,(#7404,#7405,#7406,#7407),
 .UNSPECIFIED.,.F.,.F.,(4,4),(1.86268227127114,2.49309399913609),
 .UNSPECIFIED.);
#832=B_SPLINE_CURVE_WITH_KNOTS('',3,(#7409,#7410,#7411,#7412),
 .UNSPECIFIED.,.F.,.F.,(4,4),(-2.49309399913609,-1.77996905602092),
 .UNSPECIFIED.);
#833=B_SPLINE_CURVE_WITH_KNOTS('',3,(#7413,#7414,#7415,#7416,#7417,#7418,
#7419,#7420,#7421,#7422),.UNSPECIFIED.,.F.,.F.,(4,3,3,4),(0.,0.0742775379318583,
0.126793512922282,0.148128128031303),.UNSPECIFIED.);
#834=B_SPLINE_CURVE_WITH_KNOTS('',3,(#7504,#7505,#7506,#7507),
 .UNSPECIFIED.,.F.,.F.,(4,4),(0.00952177134486119,0.0865378088449477),
 .UNSPECIFIED.);
#835=B_SPLINE_CURVE_WITH_KNOTS('',3,(#7511,#7512,#7513,#7514),
 .UNSPECIFIED.,.F.,.F.,(4,4),(-0.0865378088449477,-0.0343963090302156),
 .UNSPECIFIED.);
#836=B_SPLINE_CURVE_WITH_KNOTS('',3,(#7515,#7516,#7517,#7518,#7519,#7520,
#7521),.UNSPECIFIED.,.F.,.F.,(4,3,4),(-0.0531402306216602,-0.0192550044931748,
0.),.UNSPECIFIED.);
#837=B_SPLINE_CURVE_WITH_KNOTS('',3,(#7551,#7552,#7553,#7554,#7555,#7556,
#7557),.UNSPECIFIED.,.F.,.F.,(4,1,1,1,4),(-0.227609439657909,-0.100428144906439,
-0.0368374975307045,0.0903437972207649,0.217525091972234),.UNSPECIFIED.);
#838=B_SPLINE_CURVE_WITH_KNOTS('',3,(#7561,#7562,#7563,#7564,#7565,#7566,
#7567),.UNSPECIFIED.,.F.,.F.,(4,1,1,1,4),(-0.217525091972234,-0.0903437972207649,
0.0368374975307045,0.100428144906439,0.21517652310355),.UNSPECIFIED.);
#839=B_SPLINE_CURVE_WITH_KNOTS('',3,(#7568,#7569,#7570,#7571),
 .UNSPECIFIED.,.F.,.F.,(4,4),(0.,0.0158277626953357),.UNSPECIFIED.);
#840=B_SPLINE_CURVE_WITH_KNOTS('',3,(#7592,#7593,#7594,#7595),
 .UNSPECIFIED.,.F.,.F.,(4,4),(1.83025645209312,1.88369438578608),
 .UNSPECIFIED.);
#841=B_SPLINE_CURVE_WITH_KNOTS('',3,(#7598,#7599,#7600,#7601),
 .UNSPECIFIED.,.F.,.F.,(4,4),(-1.88369438578608,-1.83025645209312),
 .UNSPECIFIED.);
#842=B_SPLINE_CURVE_WITH_KNOTS('',3,(#7618,#7619,#7620,#7621),
 .UNSPECIFIED.,.F.,.F.,(4,4),(-0.228571577018158,-0.217525091972234),
 .UNSPECIFIED.);
#843=B_SPLINE_CURVE_WITH_KNOTS('',3,(#7622,#7623,#7624,#7625),
 .UNSPECIFIED.,.F.,.F.,(4,4),(0.217525091972234,0.228571577018158),
 .UNSPECIFIED.);
#844=B_SPLINE_CURVE_WITH_KNOTS('',3,(#7706,#7707,#7708,#7709,#7710,#7711,
#7712,#7713,#7714,#7715,#7716,#7717,#7718,#7719,#7720,#7721,#7722,#7723,
#7724),.UNSPECIFIED.,.F.,.F.,(4,1,1,1,1,1,1,1,1,1,1,1,1,1,1,1,4),(-1.14138775721663,
-1.01086595349486,-0.961920277099195,-0.880344149773086,-0.864028924307864,
-0.847713698842642,-0.82324086064481,-0.815083247912199,-0.782452796981755,
-0.684561444190425,-0.651930993259981,-0.627458155062149,-0.619300542329538,
-0.488778738607763,-0.358256934885989,-0.325626483955546,-0.227735131164215),
 .UNSPECIFIED.);
#845=B_SPLINE_CURVE_WITH_KNOTS('',3,(#7727,#7728,#7729,#7730,#7731,#7732,
#7733,#7734,#7735,#7736,#7737,#7738,#7739,#7740,#7741,#7742,#7743,#7744,
#7745),.UNSPECIFIED.,.F.,.F.,(4,1,1,1,1,1,1,1,1,1,1,1,1,1,1,1,4),(0.227735131164215,
0.325626483955546,0.358256934885989,0.488778738607763,0.619300542329538,
0.627458155062149,0.651930993259981,0.684561444190425,0.782452796981755,
0.815083247912199,0.82324086064481,0.847713698842642,0.864028924307864,
0.880344149773086,0.961920277099195,1.01086595349486,1.14138775721663),
 .UNSPECIFIED.);
#846=B_SPLINE_CURVE_WITH_KNOTS('',3,(#7762,#7763,#7764,#7765),
 .UNSPECIFIED.,.F.,.F.,(4,4),(1.82883607495279,1.83025645209312),
 .UNSPECIFIED.);
#847=B_SPLINE_CURVE_WITH_KNOTS('',3,(#7766,#7767,#7768,#7769),
 .UNSPECIFIED.,.F.,.F.,(4,4),(-1.83025645209312,-1.82883607495279),
 .UNSPECIFIED.);
#848=B_SPLINE_CURVE_WITH_KNOTS('',3,(#7778,#7779,#7780,#7781),
 .UNSPECIFIED.,.F.,.F.,(4,4),(-0.0769867277856572,0.),.UNSPECIFIED.);
#849=B_SPLINE_CURVE_WITH_KNOTS('',3,(#7800,#7801,#7802,#7803),
 .UNSPECIFIED.,.F.,.F.,(4,4),(-1.75346862873615,-1.73832967337877),
 .UNSPECIFIED.);
#850=B_SPLINE_CURVE_WITH_KNOTS('',3,(#7806,#7807,#7808,#7809),
 .UNSPECIFIED.,.F.,.F.,(4,4),(1.73832967337877,1.76272242395868),
 .UNSPECIFIED.);
#851=B_SPLINE_CURVE_WITH_KNOTS('',3,(#7810,#7811,#7812,#7813),
 .UNSPECIFIED.,.F.,.F.,(4,4),(0.164066486536767,0.187266678738111),
 .UNSPECIFIED.);
#852=B_SPLINE_CURVE_WITH_KNOTS('',3,(#7830,#7831,#7832,#7833),
 .UNSPECIFIED.,.F.,.F.,(4,4),(-1.73832967337877,-1.73743339077897),
 .UNSPECIFIED.);
#853=B_SPLINE_CURVE_WITH_KNOTS('',3,(#7834,#7835,#7836,#7837),
 .UNSPECIFIED.,.F.,.F.,(4,4),(1.73743339077897,1.73832967337877),
 .UNSPECIFIED.);
#854=B_SPLINE_CURVE_WITH_KNOTS('',3,(#7866,#7867,#7868,#7869,#7870,#7871),
 .UNSPECIFIED.,.F.,.F.,(4,1,1,4),(2.44620009998129,2.91141467679055,3.22155772799672,
3.53170077920289),.UNSPECIFIED.);
#855=B_SPLINE_CURVE_WITH_KNOTS('',3,(#7874,#7875,#7876,#7877,#7878,#7879),
 .UNSPECIFIED.,.F.,.F.,(4,1,1,4),(-3.53170077920289,-3.22155772799672,-2.91141467679055,
-2.44620009998129),.UNSPECIFIED.);
#856=B_SPLINE_CURVE_WITH_KNOTS('',3,(#7896,#7897,#7898,#7899),
 .UNSPECIFIED.,.F.,.F.,(4,4),(-2.44620009998129,-2.35619449019234),
 .UNSPECIFIED.);
#857=B_SPLINE_CURVE_WITH_KNOTS('',3,(#7900,#7901,#7902,#7903),
 .UNSPECIFIED.,.F.,.F.,(4,4),(2.35619449019234,2.44620009998129),
 .UNSPECIFIED.);
#858=B_SPLINE_CURVE_WITH_KNOTS('',3,(#7920,#7921,#7922,#7923),
 .UNSPECIFIED.,.F.,.F.,(4,4),(-3.65608726090371,-3.53170077920289),
 .UNSPECIFIED.);
#859=B_SPLINE_CURVE_WITH_KNOTS('',3,(#7924,#7925,#7926,#7927),
 .UNSPECIFIED.,.F.,.F.,(4,4),(3.53170077920289,3.65608726090371),
 .UNSPECIFIED.);
#860=B_SPLINE_CURVE_WITH_KNOTS('',3,(#7935,#7936,#7937,#7938),
 .UNSPECIFIED.,.F.,.F.,(4,4),(3.51115967241832,4.14157143917463),
 .UNSPECIFIED.);
#861=B_SPLINE_CURVE_WITH_KNOTS('',3,(#8068,#8069,#8070,#8071,#8072,#8073,
#8074,#8075,#8076,#8077),.UNSPECIFIED.,.F.,.F.,(4,2,2,2,4),(2.3684191768567,
2.5660018956833,2.7635846145099,3.15875005216309,3.37424568525544),
 .UNSPECIFIED.);
#862=B_SPLINE_CURVE_WITH_KNOTS('',3,(#8079,#8080,#8081,#8082,#8083,#8084),
 .UNSPECIFIED.,.F.,.F.,(4,2,4),(2.3684191768567,2.5660018956833,2.5855288244496),
 .UNSPECIFIED.);
#863=B_SPLINE_CURVE_WITH_KNOTS('',3,(#8260,#8261,#8262,#8263,#8264,#8265,
#8266,#8267),.UNSPECIFIED.,.F.,.F.,(4,2,2,4),(1.50027593545121,1.51074916237287,
1.67085300022597,1.83095683807908),.UNSPECIFIED.);
#864=B_SPLINE_CURVE_WITH_KNOTS('',3,(#8276,#8277,#8278,#8279,#8280,#8281,
#8282,#8283,#8284,#8285,#8286,#8287,#8288),.UNSPECIFIED.,.F.,.F.,(4,3,3,
3,4),(0.,0.0442844092573124,0.065577759900782,0.109610105212826,0.131143072018443),
 .UNSPECIFIED.);
#865=B_SPLINE_CURVE_WITH_KNOTS('',3,(#8296,#8297,#8298,#8299,#8300,#8301,
#8302,#8303,#8304,#8305,#8306,#8307,#8308),.UNSPECIFIED.,.F.,.F.,(4,3,3,
3,4),(0.,0.0440320789436651,0.0655238616407314,0.109808888582852,0.131143743163111),
 .UNSPECIFIED.);
#866=B_SPLINE_CURVE_WITH_KNOTS('',3,(#8324,#8325,#8326,#8327,#8328,#8329),
 .UNSPECIFIED.,.F.,.F.,(4,2,4),(0.332585611673901,0.383631929760928,0.406908462869863),
 .UNSPECIFIED.);
#867=B_SPLINE_CURVE_WITH_KNOTS('',3,(#8339,#8340,#8341,#8342,#8343,#8344),
 .UNSPECIFIED.,.F.,.F.,(4,2,4),(-0.155246145002874,-0.13388467345119,-0.123682008260154),
 .UNSPECIFIED.);
#868=B_SPLINE_CURVE_WITH_KNOTS('',3,(#8348,#8349,#8350,#8351,#8352,#8353),
 .UNSPECIFIED.,.F.,.F.,(4,2,4),(0.586158661621033,0.600477740308428,0.621839212156408),
 .UNSPECIFIED.);
#869=B_SPLINE_CURVE_WITH_KNOTS('',3,(#8362,#8363,#8364,#8365,#8366,#8367,
#8368,#8369,#8370,#8371,#8372,#8373,#8374,#8375,#8376,#8377),
 .UNSPECIFIED.,.F.,.F.,(4,2,2,2,2,2,2,4),(0.474303628831164,0.505555864670627,
0.526535035162796,0.547514205654966,0.568493376147135,0.589472546639305,
0.631430887623644,0.639755070897461),.UNSPECIFIED.);
#870=B_SPLINE_CURVE_WITH_KNOTS('',3,(#8380,#8381,#8382,#8383,#8384,#8385,
#8386,#8387,#8388,#8389,#8390,#8391,#8392,#8393,#8394,#8395),
 .UNSPECIFIED.,.F.,.F.,(4,2,2,2,2,2,2,4),(0.455273340412672,0.463597523686287,
0.505555864670626,0.526535035162796,0.547514205654966,0.568493376147136,
0.589472546639305,0.620724782478728),.UNSPECIFIED.);
#871=B_SPLINE_CURVE_WITH_KNOTS('',3,(#8405,#8406,#8407,#8408,#8409,#8410),
 .UNSPECIFIED.,.F.,.F.,(4,2,4),(-0.621839211857717,-0.600477740308431,-0.586158661621269),
 .UNSPECIFIED.);
#872=B_SPLINE_CURVE_WITH_KNOTS('',3,(#8414,#8415,#8416,#8417,#8418,#8419),
 .UNSPECIFIED.,.F.,.F.,(4,2,4),(0.123682008260193,0.13388467345119,0.155246145296773),
 .UNSPECIFIED.);
#873=B_SPLINE_CURVE_WITH_KNOTS('',3,(#8428,#8429,#8430,#8431,#8432,#8433),
 .UNSPECIFIED.,.F.,.F.,(4,2,4),(0.509996620222376,0.533273153331311,0.584319471418338),
 .UNSPECIFIED.);
#874=B_SPLINE_CURVE_WITH_KNOTS('',3,(#8463,#8464,#8465,#8466,#8467,#8468,
#8469,#8470,#8471,#8472),.UNSPECIFIED.,.F.,.F.,(4,3,3,4),(0.107177822836153,
0.128513559877142,0.202805790259371,0.255335341993775),.UNSPECIFIED.);
#875=B_SPLINE_CURVE_WITH_KNOTS('',3,(#8473,#8474,#8475,#8476),
 .UNSPECIFIED.,.F.,.F.,(4,4),(-4.22428464877555,-3.51115967241832),
 .UNSPECIFIED.);
#876=B_SPLINE_CURVE_WITH_KNOTS('',3,(#8483,#8484,#8485,#8486),
 .UNSPECIFIED.,.F.,.F.,(4,4),(1.72712852701945,2.49309399913461),
 .UNSPECIFIED.);
#877=B_SPLINE_CURVE_WITH_KNOTS('',3,(#8489,#8490,#8491,#8492),
 .UNSPECIFIED.,.F.,.F.,(4,4),(3.50951170724298,4.27547717935813),
 .UNSPECIFIED.);
#878=B_SPLINE_CURVE_WITH_KNOTS('',3,(#8567,#8568,#8569,#8570),
 .UNSPECIFIED.,.F.,.F.,(4,4),(-0.240895299774509,0.),.UNSPECIFIED.);
#879=B_SPLINE_CURVE_WITH_KNOTS('',3,(#8573,#8574,#8575,#8576),
 .UNSPECIFIED.,.F.,.F.,(4,4),(0.,0.240895299774509),.UNSPECIFIED.);
#880=B_SPLINE_CURVE_WITH_KNOTS('',3,(#8625,#8626,#8627,#8628,#8629,#8630,
#8631,#8632,#8633),.UNSPECIFIED.,.F.,.F.,(4,1,1,1,1,1,4),(-0.549966891491316,
-0.471400192706845,-0.392833493922375,-0.314266795137904,-0.235700096353434,
-0.0785666987844931,-2.26893863090373E-14),.UNSPECIFIED.);
#881=B_SPLINE_CURVE_WITH_KNOTS('',3,(#8634,#8635,#8636,#8637,#8638,#8639,
#8640,#8641,#8642),.UNSPECIFIED.,.F.,.F.,(4,1,1,1,1,1,4),(2.26893863090373E-14,
0.0785666987844931,0.235700096353434,0.314266795137904,0.392833493922375,
0.471400192706845,0.549966891491316),.UNSPECIFIED.);
#882=B_SPLINE_CURVE_WITH_KNOTS('',3,(#8664,#8665,#8666,#8667),
 .UNSPECIFIED.,.F.,.F.,(4,4),(-0.25288558986876,0.),.UNSPECIFIED.);
#883=B_SPLINE_CURVE_WITH_KNOTS('',3,(#8670,#8671,#8672,#8673),
 .UNSPECIFIED.,.F.,.F.,(4,4),(0.,0.25288558986876),.UNSPECIFIED.);
#884=B_SPLINE_CURVE_WITH_KNOTS('',3,(#8756,#8757,#8758,#8759,#8760,#8761,
#8762,#8763,#8764),.UNSPECIFIED.,.F.,.F.,(4,1,1,1,1,1,4),(5.96372935740258E-14,
0.157132817645636,0.235699226468425,0.314265635291213,0.392832044114002,
0.432115248525396,0.549964861759578),.UNSPECIFIED.);
#885=B_SPLINE_CURVE_WITH_KNOTS('',3,(#8771,#8772,#8773,#8774),
 .UNSPECIFIED.,.F.,.F.,(4,4),(-0.240895299774592,0.),.UNSPECIFIED.);
#886=B_SPLINE_CURVE_WITH_KNOTS('',3,(#8808,#8809,#8810,#8811),
 .UNSPECIFIED.,.F.,.F.,(4,4),(-0.252885589868543,0.),.UNSPECIFIED.);
#887=B_SPLINE_CURVE_WITH_KNOTS('',3,(#8814,#8815,#8816,#8817),
 .UNSPECIFIED.,.F.,.F.,(4,4),(0.,0.252885589868543),.UNSPECIFIED.);
#888=B_SPLINE_CURVE_WITH_KNOTS('',3,(#8865,#8866,#8867,#8868,#8869,#8870,
#8871,#8872,#8873),.UNSPECIFIED.,.F.,.F.,(4,1,1,1,1,1,4),(-0.549964861759578,
-0.432115248525396,-0.392832044114002,-0.314265635291213,-0.235699226468425,
-0.157132817645636,-5.96372935740258E-14),.UNSPECIFIED.);
#889=B_SPLINE_CURVE_WITH_KNOTS('',3,(#8896,#8897,#8898,#8899),
 .UNSPECIFIED.,.F.,.F.,(4,4),(0.,0.240895299774592),.UNSPECIFIED.);
#890=B_SPLINE_CURVE_WITH_KNOTS('',3,(#8915,#8916,#8917,#8918,#8919,#8920,
#8921,#8922,#8923,#8924,#8925,#8926),.UNSPECIFIED.,.F.,.F.,(4,2,2,2,2,4),
(0.547318926476812,0.56832008725036,0.589321248023908,0.631323569571004,
0.682423134996458,0.728452657918863),.UNSPECIFIED.);
#891=B_SPLINE_CURVE_WITH_KNOTS('',3,(#8937,#8938,#8939,#8940,#8941,#8942,
#8943,#8944,#8945,#8946,#8947,#8948),.UNSPECIFIED.,.F.,.F.,(4,2,2,2,2,4),
(0.738592742924958,0.784622265847364,0.835721831272819,0.877724152819914,
0.898725313593462,0.91972647436701),.UNSPECIFIED.);
#892=B_SPLINE_CURVE_WITH_KNOTS('',3,(#8957,#8958,#8959,#8960,#8961,#8962,
#8963,#8964,#8965,#8966,#8967,#8968,#8969),.UNSPECIFIED.,.F.,.F.,(4,3,3,
3,4),(0.,0.0410931660593971,0.0658543634968666,0.108221005197633,0.130730541415026),
 .UNSPECIFIED.);
#893=B_SPLINE_CURVE_WITH_KNOTS('',3,(#8974,#8975,#8976,#8977,#8978,#8979,
#8980,#8981,#8982,#8983,#8984,#8985),.UNSPECIFIED.,.F.,.F.,(4,2,2,2,2,4),
(0.,0.0210695739314946,0.0421391478629892,0.0842782957259783,0.137754583503457,
0.191230871280936),.UNSPECIFIED.);
#894=B_SPLINE_CURVE_WITH_KNOTS('',3,(#8998,#8999,#9000,#9001,#9002,#9003,
#9004,#9005,#9006,#9007,#9008,#9009,#9010,#9011,#9012,#9013,#9014,#9015),
 .UNSPECIFIED.,.F.,.F.,(4,2,2,2,2,2,2,2,4),(4.92574812782249,5.20695799110305,
5.48816785438361,5.76937771766417,6.05058758094473,6.35329806855423,6.65600855616373,
6.95871904377323,7.26142953138273),.UNSPECIFIED.);
#895=B_SPLINE_CURVE_WITH_KNOTS('',3,(#9024,#9025,#9026,#9027,#9028,#9029,
#9030,#9031,#9032,#9033),.UNSPECIFIED.,.F.,.F.,(4,2,2,2,4),(0.195325201359763,
0.253763527101592,0.31220185284342,0.349272362316428,0.386342871789435),
 .UNSPECIFIED.);
#896=B_SPLINE_CURVE_WITH_KNOTS('',3,(#9056,#9057,#9058,#9059,#9060,#9061,
#9062,#9063,#9064,#9065,#9066,#9067,#9068),.UNSPECIFIED.,.F.,.F.,(4,3,3,
3,4),(-0.130699815920118,-0.0896152895429106,-0.0646437922100073,-0.0222836446055022,
0.),.UNSPECIFIED.);
#897=B_SPLINE_CURVE_WITH_KNOTS('',3,(#9120,#9121,#9122,#9123,#9124,#9125,
#9126,#9127,#9128,#9129,#9130,#9131,#9132),.UNSPECIFIED.,.F.,.F.,(4,3,3,
3,4),(0.,0.0719745386219994,0.128513532290748,0.202800228291371,0.255335341992626),
 .UNSPECIFIED.);
#898=B_SPLINE_CURVE_WITH_KNOTS('',3,(#9134,#9135,#9136,#9137,#9138,#9139,
#9140,#9141,#9142,#9143,#9144,#9145,#9146),.UNSPECIFIED.,.F.,.F.,(4,3,3,
3,4),(0.,0.0742720048091921,0.126793517531631,0.198753796037975,0.255284696156273),
 .UNSPECIFIED.);
#899=B_SPLINE_CURVE_WITH_KNOTS('',3,(#9149,#9150,#9151,#9152,#9153,#9154,
#9155,#9156,#9157,#9158,#9159,#9160,#9161,#9162,#9163,#9164,#9165,#9166),
 .UNSPECIFIED.,.F.,.F.,(4,2,2,2,2,2,2,2,4),(-2.33568140356023,-2.03297091595073,
-1.73026042834124,-1.42754994073174,-1.12483945312224,-0.843629589841679,
-0.562419726561119,-0.281209863280559,0.),.UNSPECIFIED.);
#900=B_SPLINE_CURVE_WITH_KNOTS('',3,(#9171,#9172,#9173,#9174),
 .UNSPECIFIED.,.F.,.F.,(4,4),(3.71847789614515,4.04343843246312),
 .UNSPECIFIED.);
#901=B_SPLINE_CURVE_WITH_KNOTS('',3,(#9176,#9177,#9178,#9179),
 .UNSPECIFIED.,.F.,.F.,(4,4),(-2.28412781023244,-1.98874832969173),
 .UNSPECIFIED.);
#902=B_SPLINE_CURVE_WITH_KNOTS('',3,(#9196,#9197,#9198,#9199),
 .UNSPECIFIED.,.F.,.F.,(4,4),(-4.01385737668586,-3.71847789614515),
 .UNSPECIFIED.);
#903=B_SPLINE_CURVE_WITH_KNOTS('',3,(#9201,#9202,#9203,#9204),
 .UNSPECIFIED.,.F.,.F.,(4,4),(1.95916727391446,2.28412781023244),
 .UNSPECIFIED.);
#904=B_SPLINE_CURVE_WITH_KNOTS('',3,(#9242,#9243,#9244,#9245),
 .UNSPECIFIED.,.F.,.F.,(4,4),(-4.22263664849349,-3.50951170724298),
 .UNSPECIFIED.);
#905=B_SPLINE_CURVE_WITH_KNOTS('',3,(#9262,#9263,#9264,#9265),
 .UNSPECIFIED.,.F.,.F.,(4,4),(-2.49309399913461,-1.7799690578841),
 .UNSPECIFIED.);
#906=CIRCLE('',#4502,10.25);
#907=CIRCLE('',#4503,5.25);
#908=CIRCLE('',#4505,10.25);
#909=CIRCLE('',#4506,10.25);
#910=CIRCLE('',#4507,5.25);
#911=CIRCLE('',#4509,4.);
#912=CIRCLE('',#4510,3.);
#913=CIRCLE('',#4512,2.1);
#914=CIRCLE('',#4514,4.);
#915=CIRCLE('',#4515,3.);
#916=CIRCLE('',#4517,2.1);
#917=CIRCLE('',#4519,43.75);
#918=CIRCLE('',#4520,3.);
#919=CIRCLE('',#4522,46.25);
#920=CIRCLE('',#4524,2.1);
#921=CIRCLE('',#4527,2.1);
#922=CIRCLE('',#4528,2.1);
#923=CIRCLE('',#4529,2.1);
#924=CIRCLE('',#4530,2.1);
#925=CIRCLE('',#4531,2.1);
#926=CIRCLE('',#4533,3.);
#927=CIRCLE('',#4535,2.1);
#928=CIRCLE('',#4536,2.1);
#929=CIRCLE('',#4537,2.1);
#930=CIRCLE('',#4538,2.1);
#931=CIRCLE('',#4539,2.1);
#932=CIRCLE('',#4541,5.25);
#933=CIRCLE('',#4543,2.1);
#934=CIRCLE('',#4544,2.1);
#935=CIRCLE('',#4545,2.1);
#936=CIRCLE('',#4546,2.1);
#937=CIRCLE('',#4547,2.1);
#938=CIRCLE('',#4549,5.25);
#939=CIRCLE('',#4553,47.4999999999805);
#940=CIRCLE('',#4560,46.25);
#941=CIRCLE('',#4561,1.25);
#942=CIRCLE('',#4562,47.4999999999805);
#943=CIRCLE('',#4566,3.75);
#944=CIRCLE('',#4567,4.25);
#945=CIRCLE('',#4569,42.4999999999806);
#946=CIRCLE('',#4570,4.25);
#947=CIRCLE('',#4571,42.4999999999806);
#948=CIRCLE('',#4572,4.25);
#949=CIRCLE('',#4573,4.25);
#950=CIRCLE('',#4575,3.75);
#951=CIRCLE('',#4576,3.75);
#952=CIRCLE('',#4577,3.75);
#953=CIRCLE('',#4578,3.75);
#954=CIRCLE('',#4579,3.75);
#955=CIRCLE('',#4581,3.75);
#956=CIRCLE('',#4583,3.75);
#957=CIRCLE('',#4584,3.75);
#958=CIRCLE('',#4585,3.75);
#959=CIRCLE('',#4586,3.75);
#960=CIRCLE('',#4587,3.75);
#961=CIRCLE('',#4590,2.07500000000001);
#962=CIRCLE('',#4591,1.57500000000001);
#963=CIRCLE('',#4594,2.075);
#964=CIRCLE('',#4595,1.575);
#965=CIRCLE('',#4597,1.57500000000001);
#966=CIRCLE('',#4600,2.075);
#967=CIRCLE('',#4601,2.07500000000001);
#968=CIRCLE('',#4603,1.57499999999999);
#969=CIRCLE('',#4606,1.575);
#970=CIRCLE('',#4610,1.57499999999999);
#971=CIRCLE('',#4613,3.);
#972=CIRCLE('',#4617,2.07500000000001);
#973=CIRCLE('',#4620,1.575);
#974=CIRCLE('',#4621,2.075);
#975=CIRCLE('',#4624,3.);
#976=CIRCLE('',#4627,1.575);
#977=CIRCLE('',#4628,2.07500000000001);
#978=CIRCLE('',#4631,2.075);
#979=CIRCLE('',#4633,3.);
#980=CIRCLE('',#4634,3.);
#981=CIRCLE('',#4641,2.6);
#982=CIRCLE('',#4642,2.1);
#983=CIRCLE('',#4644,2.1);
#984=CIRCLE('',#4645,2.1);
#985=CIRCLE('',#4646,2.1);
#986=CIRCLE('',#4647,2.1);
#987=CIRCLE('',#4649,1.25);
#988=CIRCLE('',#4650,6.00000000000281);
#989=CIRCLE('',#4651,1.);
#990=CIRCLE('',#4652,42.4999999999805);
#991=CIRCLE('',#4653,1.);
#992=CIRCLE('',#4654,7.49999999999985);
#993=CIRCLE('',#4655,1.);
#994=CIRCLE('',#4656,42.4999999999805);
#995=CIRCLE('',#4657,1.);
#996=CIRCLE('',#4658,5.99999999999898);
#997=CIRCLE('',#4659,1.25);
#998=CIRCLE('',#4660,4.75000000000324);
#999=CIRCLE('',#4661,2.25000000001303);
#1000=CIRCLE('',#4662,43.7500000000093);
#1001=CIRCLE('',#4663,2.25000000000045);
#1002=CIRCLE('',#4664,4.75000000000554);
#1003=CIRCLE('',#4666,3.75);
#1004=CIRCLE('',#4668,3.75);
#1005=CIRCLE('',#4669,3.75);
#1006=CIRCLE('',#4670,3.75);
#1007=CIRCLE('',#4671,3.75);
#1008=CIRCLE('',#4672,3.75);
#1009=CIRCLE('',#4674,3.75);
#1010=CIRCLE('',#4676,3.75);
#1011=CIRCLE('',#4677,3.75);
#1012=CIRCLE('',#4678,3.75);
#1013=CIRCLE('',#4679,3.75);
#1014=CIRCLE('',#4680,3.75);
#1015=CIRCLE('',#4682,17.0491031209778);
#1016=CIRCLE('',#4683,16.0491031209778);
#1017=CIRCLE('',#4684,17.0491031209778);
#1018=CIRCLE('',#4685,17.0491031209778);
#1019=CIRCLE('',#4686,17.0491031209778);
#1020=CIRCLE('',#4687,17.0491031209778);
#1021=CIRCLE('',#4741,10.25);
#1022=CIRCLE('',#4743,5.99999999999898);
#1023=CIRCLE('',#4744,40.4289321881151);
#1024=CIRCLE('',#4745,7.49999999999985);
#1025=CIRCLE('',#4746,40.4289321881151);
#1026=CIRCLE('',#4747,6.00000000000281);
#1027=CIRCLE('',#4750,43.75);
#1028=CIRCLE('',#4751,43.75);
#1029=CIRCLE('',#4753,46.25);
#1030=CIRCLE('',#4754,43.75);
#1031=CIRCLE('',#4756,43.75);
#1032=CIRCLE('',#4758,47.4999999999805);
#1033=CIRCLE('',#4759,1.25);
#1034=CIRCLE('',#4772,1.25);
#1035=CIRCLE('',#4774,1.25);
#1036=CIRCLE('',#4775,3.24999999999981);
#1037=CIRCLE('',#4776,1.99999999999981);
#1038=CIRCLE('',#4778,1.25);
#1039=CIRCLE('',#4780,1.25);
#1040=CIRCLE('',#4781,3.25);
#1041=CIRCLE('',#4782,2.);
#1042=CIRCLE('',#4784,1.25);
#1043=CIRCLE('',#4787,1.25);
#1044=CIRCLE('',#4789,1.25);
#1045=CIRCLE('',#4790,3.25);
#1046=CIRCLE('',#4791,2.);
#1047=CIRCLE('',#4793,1.25);
#1048=CIRCLE('',#4794,1.25);
#1049=CIRCLE('',#4795,1.25);
#1050=CIRCLE('',#4796,1.25);
#1051=CIRCLE('',#4798,1.25);
#1052=CIRCLE('',#4800,2.25000000000554);
#1053=CIRCLE('',#4801,4.75000000000045);
#1054=CIRCLE('',#4802,46.2500000000093);
#1055=CIRCLE('',#4803,4.75000000001304);
#1056=CIRCLE('',#4804,2.25000000000324);
#1057=CIRCLE('',#4805,1.25);
#1058=CIRCLE('',#4806,1.);
#1059=CIRCLE('',#4807,47.4999999999805);
#1060=CIRCLE('',#4808,1.);
#1061=CIRCLE('',#4815,1.25);
#1062=CIRCLE('',#4816,1.25);
#1063=CIRCLE('',#4818,1.25);
#1064=CIRCLE('',#4819,3.25);
#1065=CIRCLE('',#4820,2.);
#1066=CIRCLE('',#4822,1.25);
#1067=CIRCLE('',#4824,1.25);
#1068=CIRCLE('',#4825,3.24999999999981);
#1069=CIRCLE('',#4826,1.99999999999981);
#1070=CIRCLE('',#4831,2.);
#1071=CIRCLE('',#4835,1.25);
#1072=CIRCLE('',#4836,1.25);
#1073=CIRCLE('',#4837,1.25);
#1074=CIRCLE('',#4838,1.25);
#1075=CIRCLE('',#4840,1.25);
#1076=CIRCLE('',#4842,1.25);
#1077=CIRCLE('',#4843,3.25);
#1078=CIRCLE('',#4851,42.4999999999805);
#1079=CIRCLE('',#4853,1.);
#1080=CIRCLE('',#4855,14.);
#1081=CIRCLE('',#4856,15.);
#1082=CIRCLE('',#4857,14.);
#1083=CIRCLE('',#4862,47.4999999999805);
#1084=CIRCLE('',#4864,0.999999999999996);
#1085=CIRCLE('',#4866,14.);
#1086=CIRCLE('',#4867,15.);
#1087=CIRCLE('',#4868,14.);
#1088=CIRCLE('',#4874,42.4999999999805);
#1089=CIRCLE('',#4880,1.);
#1090=CIRCLE('',#4882,1.);
#1091=CIRCLE('',#4902,47.4999999999805);
#1092=CIRCLE('',#4903,47.4999999999805);
#1093=CIRCLE('',#4905,47.4999999999805);
#1094=CIRCLE('',#4906,47.4999999999805);
#1095=CIRCLE('',#4912,47.4999999999805);
#1096=(
BOUNDED_CURVE()
B_SPLINE_CURVE(2,(#6078,#6079,#6080),.UNSPECIFIED.,.F.,.F.)
B_SPLINE_CURVE_WITH_KNOTS((3,3),(0.167581972822411,0.711512473535822),
 .UNSPECIFIED.)
CURVE()
GEOMETRIC_REPRESENTATION_ITEM()
RATIONAL_B_SPLINE_CURVE((1.05194805194798,1.12499999999839,1.12499999999809))
REPRESENTATION_ITEM('')
);
#1097=(
BOUNDED_CURVE()
B_SPLINE_CURVE(2,(#6111,#6112,#6113),.UNSPECIFIED.,.F.,.F.)
B_SPLINE_CURVE_WITH_KNOTS((3,3),(0.711512473537798,1.25544297425503),
 .UNSPECIFIED.)
CURVE()
GEOMETRIC_REPRESENTATION_ITEM()
RATIONAL_B_SPLINE_CURVE((1.125,1.12500000000002,1.05194805194805))
REPRESENTATION_ITEM('')
);
#1098=(
BOUNDED_CURVE()
B_SPLINE_CURVE(2,(#6166,#6167,#6168),.UNSPECIFIED.,.F.,.F.)
B_SPLINE_CURVE_WITH_KNOTS((3,3),(0.,0.662789548760235),.UNSPECIFIED.)
CURVE()
GEOMETRIC_REPRESENTATION_ITEM()
RATIONAL_B_SPLINE_CURVE((1.,1.00233340415555,1.00000231074138))
REPRESENTATION_ITEM('')
);
#1099=(
BOUNDED_CURVE()
B_SPLINE_CURVE(2,(#6171,#6172,#6173),.UNSPECIFIED.,.F.,.F.)
B_SPLINE_CURVE_WITH_KNOTS((3,3),(0.000328338735911752,0.663117887496147),
 .UNSPECIFIED.)
CURVE()
GEOMETRIC_REPRESENTATION_ITEM()
RATIONAL_B_SPLINE_CURVE((1.00000231074138,1.00233340415555,1.))
REPRESENTATION_ITEM('')
);
#1100=(
BOUNDED_CURVE()
B_SPLINE_CURVE(2,(#6455,#6456,#6457),.UNSPECIFIED.,.F.,.F.)
B_SPLINE_CURVE_WITH_KNOTS((3,3),(0.,0.562249051246741),.UNSPECIFIED.)
CURVE()
GEOMETRIC_REPRESENTATION_ITEM()
RATIONAL_B_SPLINE_CURVE((1.,1.0015694273266,1.00000163176925))
REPRESENTATION_ITEM('')
);
#1101=(
BOUNDED_CURVE()
B_SPLINE_CURVE(2,(#6572,#6573,#6574),.UNSPECIFIED.,.F.,.F.)
B_SPLINE_CURVE_WITH_KNOTS((3,3),(0.000292443587198084,0.562541494833939),
 .UNSPECIFIED.)
CURVE()
GEOMETRIC_REPRESENTATION_ITEM()
RATIONAL_B_SPLINE_CURVE((1.00000163176925,1.0015694273266,1.))
REPRESENTATION_ITEM('')
);
#1102=(
BOUNDED_CURVE()
B_SPLINE_CURVE(2,(#6916,#6917,#6918),.UNSPECIFIED.,.F.,.F.)
B_SPLINE_CURVE_WITH_KNOTS((3,3),(6.29092193395079,6.3507770828746),
 .UNSPECIFIED.)
CURVE()
GEOMETRIC_REPRESENTATION_ITEM()
RATIONAL_B_SPLINE_CURVE((1.015625,1.01279165603485,1.00990298173993))
REPRESENTATION_ITEM('')
);
#1103=(
BOUNDED_CURVE()
B_SPLINE_CURVE(2,(#6920,#6921,#6922),.UNSPECIFIED.,.F.,.F.)
B_SPLINE_CURVE_WITH_KNOTS((3,3),(0.,0.238765835625351),.UNSPECIFIED.)
CURVE()
GEOMETRIC_REPRESENTATION_ITEM()
RATIONAL_B_SPLINE_CURVE((1.,1.00026279807013,1.))
REPRESENTATION_ITEM('')
);
#1104=(
BOUNDED_CURVE()
B_SPLINE_CURVE(2,(#6926,#6927,#6928),.UNSPECIFIED.,.F.,.F.)
B_SPLINE_CURVE_WITH_KNOTS((3,3),(0.,0.238765835625351),.UNSPECIFIED.)
CURVE()
GEOMETRIC_REPRESENTATION_ITEM()
RATIONAL_B_SPLINE_CURVE((1.,1.00026279807013,1.))
REPRESENTATION_ITEM('')
);
#1105=(
BOUNDED_CURVE()
B_SPLINE_CURVE(2,(#6930,#6931,#6932),.UNSPECIFIED.,.F.,.F.)
B_SPLINE_CURVE_WITH_KNOTS((3,3),(0.100966867405672,0.160822016331186),
 .UNSPECIFIED.)
CURVE()
GEOMETRIC_REPRESENTATION_ITEM()
RATIONAL_B_SPLINE_CURVE((1.00990298173976,1.01279165603477,1.015625))
REPRESENTATION_ITEM('')
);
#1106=(
BOUNDED_CURVE()
B_SPLINE_CURVE(2,(#8331,#8332,#8333),.UNSPECIFIED.,.F.,.F.)
B_SPLINE_CURVE_WITH_KNOTS((3,3),(0.0714053869877729,0.175722920412077),
 .UNSPECIFIED.)
CURVE()
GEOMETRIC_REPRESENTATION_ITEM()
RATIONAL_B_SPLINE_CURVE((1.00158078650466,1.00269406908202,1.00368633357095))
REPRESENTATION_ITEM('')
);
#1107=(
BOUNDED_CURVE()
B_SPLINE_CURVE(2,(#8335,#8336,#8337),.UNSPECIFIED.,.F.,.F.)
B_SPLINE_CURVE_WITH_KNOTS((3,3),(0.,0.184170516567808),.UNSPECIFIED.)
CURVE()
GEOMETRIC_REPRESENTATION_ITEM()
RATIONAL_B_SPLINE_CURVE((1.,1.00016525799643,1.00004639711943))
REPRESENTATION_ITEM('')
);
#1108=(
BOUNDED_CURVE()
B_SPLINE_CURVE(2,(#8355,#8356,#8357),.UNSPECIFIED.,.F.,.F.)
B_SPLINE_CURVE_WITH_KNOTS((3,3),(0.0337649551422852,0.210742268083683),
 .UNSPECIFIED.)
CURVE()
GEOMETRIC_REPRESENTATION_ITEM()
RATIONAL_B_SPLINE_CURVE((1.00004918791659,1.00015350195286,1.))
REPRESENTATION_ITEM('')
);
#1109=(
BOUNDED_CURVE()
B_SPLINE_CURVE(2,(#8359,#8360,#8361),.UNSPECIFIED.,.F.,.F.)
B_SPLINE_CURVE_WITH_KNOTS((3,3),(3.40113437824897,3.44153459258277),
 .UNSPECIFIED.)
CURVE()
GEOMETRIC_REPRESENTATION_ITEM()
RATIONAL_B_SPLINE_CURVE((1.0074982637762,1.00649264062013,1.00546206898223))
REPRESENTATION_ITEM('')
);
#1110=(
BOUNDED_CURVE()
B_SPLINE_CURVE(2,(#8397,#8398,#8399),.UNSPECIFIED.,.F.,.F.)
B_SPLINE_CURVE_WITH_KNOTS((3,3),(0.103831291736799,0.144231506067245),
 .UNSPECIFIED.)
CURVE()
GEOMETRIC_REPRESENTATION_ITEM()
RATIONAL_B_SPLINE_CURVE((1.00546206898203,1.00649264061986,1.00749826377587))
REPRESENTATION_ITEM('')
);
#1111=(
BOUNDED_CURVE()
B_SPLINE_CURVE(2,(#8401,#8402,#8403),.UNSPECIFIED.,.F.,.F.)
B_SPLINE_CURVE_WITH_KNOTS((3,3),(0.,0.176977312943866),.UNSPECIFIED.)
CURVE()
GEOMETRIC_REPRESENTATION_ITEM()
RATIONAL_B_SPLINE_CURVE((1.,1.00015350195185,1.00004918791627))
REPRESENTATION_ITEM('')
);
#1112=(
BOUNDED_CURVE()
B_SPLINE_CURVE(2,(#8421,#8422,#8423),.UNSPECIFIED.,.F.,.F.)
B_SPLINE_CURVE_WITH_KNOTS((3,3),(0.0300753742571408,0.21424589082706),
 .UNSPECIFIED.)
CURVE()
GEOMETRIC_REPRESENTATION_ITEM()
RATIONAL_B_SPLINE_CURVE((1.00004639711943,1.00016525799643,1.))
REPRESENTATION_ITEM('')
);
#1113=(
BOUNDED_CURVE()
B_SPLINE_CURVE(2,(#8425,#8426,#8427),.UNSPECIFIED.,.F.,.F.)
B_SPLINE_CURVE_WITH_KNOTS((3,3),(1.88638593517319,1.99070346859749),
 .UNSPECIFIED.)
CURVE()
GEOMETRIC_REPRESENTATION_ITEM()
RATIONAL_B_SPLINE_CURVE((1.00368633357096,1.00269406908202,1.00158078650466))
REPRESENTATION_ITEM('')
);
#1114=(
BOUNDED_CURVE()
B_SPLINE_CURVE(2,(#8931,#8932,#8933),.UNSPECIFIED.,.F.,.F.)
B_SPLINE_CURVE_WITH_KNOTS((3,3),(0.136249226782417,0.293003360433626),
 .UNSPECIFIED.)
CURVE()
GEOMETRIC_REPRESENTATION_ITEM()
RATIONAL_B_SPLINE_CURVE((1.00015545087547,1.00016714821056,1.))
REPRESENTATION_ITEM('')
);
#1115=(
BOUNDED_CURVE()
B_SPLINE_CURVE(2,(#9106,#9107,#9108),.UNSPECIFIED.,.F.,.F.)
B_SPLINE_CURVE_WITH_KNOTS((3,3),(0.,0.156754133636727),.UNSPECIFIED.)
CURVE()
GEOMETRIC_REPRESENTATION_ITEM()
RATIONAL_B_SPLINE_CURVE((1.,1.00016714718854,1.00015544992498))
REPRESENTATION_ITEM('')
);
#1116=LINE('',#6076,#1440);
#1117=LINE('',#6098,#1441);
#1118=LINE('',#6141,#1442);
#1119=LINE('',#6150,#1443);
#1120=LINE('',#6160,#1444);
#1121=LINE('',#6163,#1445);
#1122=LINE('',#6227,#1446);
#1123=LINE('',#6229,#1447);
#1124=LINE('',#6249,#1448);
#1125=LINE('',#6264,#1449);
#1126=LINE('',#6287,#1450);
#1127=LINE('',#6301,#1451);
#1128=LINE('',#6316,#1452);
#1129=LINE('',#6318,#1453);
#1130=LINE('',#6320,#1454);
#1131=LINE('',#6321,#1455);
#1132=LINE('',#6396,#1456);
#1133=LINE('',#6436,#1457);
#1134=LINE('',#6437,#1458);
#1135=LINE('',#6438,#1459);
#1136=LINE('',#6440,#1460);
#1137=LINE('',#6442,#1461);
#1138=LINE('',#6444,#1462);
#1139=LINE('',#6447,#1463);
#1140=LINE('',#6450,#1464);
#1141=LINE('',#6451,#1465);
#1142=LINE('',#6454,#1466);
#1143=LINE('',#6459,#1467);
#1144=LINE('',#6461,#1468);
#1145=LINE('',#6462,#1469);
#1146=LINE('',#6536,#1470);
#1147=LINE('',#6558,#1471);
#1148=LINE('',#6559,#1472);
#1149=LINE('',#6560,#1473);
#1150=LINE('',#6563,#1474);
#1151=LINE('',#6569,#1475);
#1152=LINE('',#6670,#1476);
#1153=LINE('',#6705,#1477);
#1154=LINE('',#6709,#1478);
#1155=LINE('',#6743,#1479);
#1156=LINE('',#6750,#1480);
#1157=LINE('',#6754,#1481);
#1158=LINE('',#6758,#1482);
#1159=LINE('',#6762,#1483);
#1160=LINE('',#6766,#1484);
#1161=LINE('',#6859,#1485);
#1162=LINE('',#6863,#1486);
#1163=LINE('',#6867,#1487);
#1164=LINE('',#6871,#1488);
#1165=LINE('',#6875,#1489);
#1166=LINE('',#6880,#1490);
#1167=LINE('',#6882,#1491);
#1168=LINE('',#6884,#1492);
#1169=LINE('',#6885,#1493);
#1170=LINE('',#6889,#1494);
#1171=LINE('',#6895,#1495);
#1172=LINE('',#6896,#1496);
#1173=LINE('',#6897,#1497);
#1174=LINE('',#6903,#1498);
#1175=LINE('',#6906,#1499);
#1176=LINE('',#6909,#1500);
#1177=LINE('',#6910,#1501);
#1178=LINE('',#6914,#1502);
#1179=LINE('',#6924,#1503);
#1180=LINE('',#6934,#1504);
#1181=LINE('',#6935,#1505);
#1182=LINE('',#6940,#1506);
#1183=LINE('',#6943,#1507);
#1184=LINE('',#6946,#1508);
#1185=LINE('',#6948,#1509);
#1186=LINE('',#6952,#1510);
#1187=LINE('',#6953,#1511);
#1188=LINE('',#6956,#1512);
#1189=LINE('',#6959,#1513);
#1190=LINE('',#6962,#1514);
#1191=LINE('',#6964,#1515);
#1192=LINE('',#6965,#1516);
#1193=LINE('',#6968,#1517);
#1194=LINE('',#6973,#1518);
#1195=LINE('',#6975,#1519);
#1196=LINE('',#6977,#1520);
#1197=LINE('',#7004,#1521);
#1198=LINE('',#7080,#1522);
#1199=LINE('',#7099,#1523);
#1200=LINE('',#7158,#1524);
#1201=LINE('',#7165,#1525);
#1202=LINE('',#7217,#1526);
#1203=LINE('',#7268,#1527);
#1204=LINE('',#7326,#1528);
#1205=LINE('',#7334,#1529);
#1206=LINE('',#7425,#1530);
#1207=LINE('',#7428,#1531);
#1208=LINE('',#7431,#1532);
#1209=LINE('',#7432,#1533);
#1210=LINE('',#7435,#1534);
#1211=LINE('',#7437,#1535);
#1212=LINE('',#7438,#1536);
#1213=LINE('',#7441,#1537);
#1214=LINE('',#7446,#1538);
#1215=LINE('',#7447,#1539);
#1216=LINE('',#7448,#1540);
#1217=LINE('',#7453,#1541);
#1218=LINE('',#7457,#1542);
#1219=LINE('',#7460,#1543);
#1220=LINE('',#7462,#1544);
#1221=LINE('',#7463,#1545);
#1222=LINE('',#7467,#1546);
#1223=LINE('',#7472,#1547);
#1224=LINE('',#7473,#1548);
#1225=LINE('',#7474,#1549);
#1226=LINE('',#7480,#1550);
#1227=LINE('',#7484,#1551);
#1228=LINE('',#7509,#1552);
#1229=LINE('',#7559,#1553);
#1230=LINE('',#7590,#1554);
#1231=LINE('',#7597,#1555);
#1232=LINE('',#7704,#1556);
#1233=LINE('',#7726,#1557);
#1234=LINE('',#7773,#1558);
#1235=LINE('',#7775,#1559);
#1236=LINE('',#7777,#1560);
#1237=LINE('',#7805,#1561);
#1238=LINE('',#7864,#1562);
#1239=LINE('',#7873,#1563);
#1240=LINE('',#7929,#1564);
#1241=LINE('',#7930,#1565);
#1242=LINE('',#7932,#1566);
#1243=LINE('',#7943,#1567);
#1244=LINE('',#7947,#1568);
#1245=LINE('',#7960,#1569);
#1246=LINE('',#7964,#1570);
#1247=LINE('',#7972,#1571);
#1248=LINE('',#7976,#1572);
#1249=LINE('',#7984,#1573);
#1250=LINE('',#7988,#1574);
#1251=LINE('',#7992,#1575);
#1252=LINE('',#7996,#1576);
#1253=LINE('',#8004,#1577);
#1254=LINE('',#8007,#1578);
#1255=LINE('',#8010,#1579);
#1256=LINE('',#8014,#1580);
#1257=LINE('',#8018,#1581);
#1258=LINE('',#8022,#1582);
#1259=LINE('',#8026,#1583);
#1260=LINE('',#8030,#1584);
#1261=LINE('',#8034,#1585);
#1262=LINE('',#8038,#1586);
#1263=LINE('',#8042,#1587);
#1264=LINE('',#8046,#1588);
#1265=LINE('',#8050,#1589);
#1266=LINE('',#8054,#1590);
#1267=LINE('',#8061,#1591);
#1268=LINE('',#8089,#1592);
#1269=LINE('',#8091,#1593);
#1270=LINE('',#8093,#1594);
#1271=LINE('',#8094,#1595);
#1272=LINE('',#8097,#1596);
#1273=LINE('',#8098,#1597);
#1274=LINE('',#8101,#1598);
#1275=LINE('',#8102,#1599);
#1276=LINE('',#8105,#1600);
#1277=LINE('',#8106,#1601);
#1278=LINE('',#8109,#1602);
#1279=LINE('',#8110,#1603);
#1280=LINE('',#8114,#1604);
#1281=LINE('',#8115,#1605);
#1282=LINE('',#8116,#1606);
#1283=LINE('',#8120,#1607);
#1284=LINE('',#8121,#1608);
#1285=LINE('',#8122,#1609);
#1286=LINE('',#8125,#1610);
#1287=LINE('',#8126,#1611);
#1288=LINE('',#8129,#1612);
#1289=LINE('',#8130,#1613);
#1290=LINE('',#8133,#1614);
#1291=LINE('',#8134,#1615);
#1292=LINE('',#8137,#1616);
#1293=LINE('',#8138,#1617);
#1294=LINE('',#8142,#1618);
#1295=LINE('',#8143,#1619);
#1296=LINE('',#8144,#1620);
#1297=LINE('',#8148,#1621);
#1298=LINE('',#8149,#1622);
#1299=LINE('',#8150,#1623);
#1300=LINE('',#8153,#1624);
#1301=LINE('',#8154,#1625);
#1302=LINE('',#8157,#1626);
#1303=LINE('',#8158,#1627);
#1304=LINE('',#8161,#1628);
#1305=LINE('',#8162,#1629);
#1306=LINE('',#8165,#1630);
#1307=LINE('',#8166,#1631);
#1308=LINE('',#8170,#1632);
#1309=LINE('',#8171,#1633);
#1310=LINE('',#8172,#1634);
#1311=LINE('',#8176,#1635);
#1312=LINE('',#8177,#1636);
#1313=LINE('',#8178,#1637);
#1314=LINE('',#8181,#1638);
#1315=LINE('',#8182,#1639);
#1316=LINE('',#8185,#1640);
#1317=LINE('',#8186,#1641);
#1318=LINE('',#8189,#1642);
#1319=LINE('',#8190,#1643);
#1320=LINE('',#8193,#1644);
#1321=LINE('',#8194,#1645);
#1322=LINE('',#8198,#1646);
#1323=LINE('',#8199,#1647);
#1324=LINE('',#8200,#1648);
#1325=LINE('',#8204,#1649);
#1326=LINE('',#8205,#1650);
#1327=LINE('',#8206,#1651);
#1328=LINE('',#8208,#1652);
#1329=LINE('',#8209,#1653);
#1330=LINE('',#8211,#1654);
#1331=LINE('',#8212,#1655);
#1332=LINE('',#8214,#1656);
#1333=LINE('',#8215,#1657);
#1334=LINE('',#8217,#1658);
#1335=LINE('',#8218,#1659);
#1336=LINE('',#8220,#1660);
#1337=LINE('',#8221,#1661);
#1338=LINE('',#8223,#1662);
#1339=LINE('',#8225,#1663);
#1340=LINE('',#8227,#1664);
#1341=LINE('',#8228,#1665);
#1342=LINE('',#8230,#1666);
#1343=LINE('',#8232,#1667);
#1344=LINE('',#8234,#1668);
#1345=LINE('',#8235,#1669);
#1346=LINE('',#8237,#1670);
#1347=LINE('',#8239,#1671);
#1348=LINE('',#8241,#1672);
#1349=LINE('',#8242,#1673);
#1350=LINE('',#8244,#1674);
#1351=LINE('',#8246,#1675);
#1352=LINE('',#8255,#1676);
#1353=LINE('',#8256,#1677);
#1354=LINE('',#8272,#1678);
#1355=LINE('',#8290,#1679);
#1356=LINE('',#8294,#1680);
#1357=LINE('',#8312,#1681);
#1358=LINE('',#8315,#1682);
#1359=LINE('',#8316,#1683);
#1360=LINE('',#8438,#1684);
#1361=LINE('',#8441,#1685);
#1362=LINE('',#8444,#1686);
#1363=LINE('',#8479,#1687);
#1364=LINE('',#8497,#1688);
#1365=LINE('',#8500,#1689);
#1366=LINE('',#8511,#1690);
#1367=LINE('',#8512,#1691);
#1368=LINE('',#8520,#1692);
#1369=LINE('',#8521,#1693);
#1370=LINE('',#8524,#1694);
#1371=LINE('',#8526,#1695);
#1372=LINE('',#8527,#1696);
#1373=LINE('',#8530,#1697);
#1374=LINE('',#8533,#1698);
#1375=LINE('',#8544,#1699);
#1376=LINE('',#8545,#1700);
#1377=LINE('',#8678,#1701);
#1378=LINE('',#8679,#1702);
#1379=LINE('',#8682,#1703);
#1380=LINE('',#8686,#1704);
#1381=LINE('',#8694,#1705);
#1382=LINE('',#8698,#1706);
#1383=LINE('',#8702,#1707);
#1384=LINE('',#8706,#1708);
#1385=LINE('',#8710,#1709);
#1386=LINE('',#8713,#1710);
#1387=LINE('',#8715,#1711);
#1388=LINE('',#8716,#1712);
#1389=LINE('',#8718,#1713);
#1390=LINE('',#8720,#1714);
#1391=LINE('',#8722,#1715);
#1392=LINE('',#8726,#1716);
#1393=LINE('',#8729,#1717);
#1394=LINE('',#8741,#1718);
#1395=LINE('',#8742,#1719);
#1396=LINE('',#8750,#1720);
#1397=LINE('',#8751,#1721);
#1398=LINE('',#8754,#1722);
#1399=LINE('',#8765,#1723);
#1400=LINE('',#8768,#1724);
#1401=LINE('',#8770,#1725);
#1402=LINE('',#8777,#1726);
#1403=LINE('',#8780,#1727);
#1404=LINE('',#8784,#1728);
#1405=LINE('',#8787,#1729);
#1406=LINE('',#8903,#1730);
#1407=LINE('',#8909,#1731);
#1408=LINE('',#8911,#1732);
#1409=LINE('',#8927,#1733);
#1410=LINE('',#8928,#1734);
#1411=LINE('',#8930,#1735);
#1412=LINE('',#8949,#1736);
#1413=LINE('',#8950,#1737);
#1414=LINE('',#8953,#1738);
#1415=LINE('',#8987,#1739);
#1416=LINE('',#8990,#1740);
#1417=LINE('',#8997,#1741);
#1418=LINE('',#9017,#1742);
#1419=LINE('',#9035,#1743);
#1420=LINE('',#9038,#1744);
#1421=LINE('',#9044,#1745);
#1422=LINE('',#9050,#1746);
#1423=LINE('',#9051,#1747);
#1424=LINE('',#9073,#1748);
#1425=LINE('',#9076,#1749);
#1426=LINE('',#9077,#1750);
#1427=LINE('',#9083,#1751);
#1428=LINE('',#9085,#1752);
#1429=LINE('',#9089,#1753);
#1430=LINE('',#9091,#1754);
#1431=LINE('',#9093,#1755);
#1432=LINE('',#9095,#1756);
#1433=LINE('',#9097,#1757);
#1434=LINE('',#9099,#1758);
#1435=LINE('',#9101,#1759);
#1436=LINE('',#9103,#1760);
#1437=LINE('',#9111,#1761);
#1438=LINE('',#9115,#1762);
#1439=LINE('',#9223,#1763);
#1440=VECTOR('',#4920,7.75);
#1441=VECTOR('',#4927,7.75);
#1442=VECTOR('',#4938,3.5);
#1443=VECTOR('',#4949,3.5);
#1444=VECTOR('',#4960,10.);
#1445=VECTOR('',#4963,10.);
#1446=VECTOR('',#4974,10.);
#1447=VECTOR('',#4975,10.);
#1448=VECTOR('',#4976,10.);
#1449=VECTOR('',#4981,2.1);
#1450=VECTOR('',#4996,2.1);
#1451=VECTOR('',#5013,2.1);
#1452=VECTOR('',#5030,10.);
#1453=VECTOR('',#5031,10.);
#1454=VECTOR('',#5032,10.);
#1455=VECTOR('',#5033,10.);
#1456=VECTOR('',#5034,10.);
#1457=VECTOR('',#5037,10.);
#1458=VECTOR('',#5038,10.);
#1459=VECTOR('',#5039,10.);
#1460=VECTOR('',#5042,10.);
#1461=VECTOR('',#5043,10.);
#1462=VECTOR('',#5044,10.);
#1463=VECTOR('',#5049,10.);
#1464=VECTOR('',#5052,10.);
#1465=VECTOR('',#5053,10.);
#1466=VECTOR('',#5056,10.);
#1467=VECTOR('',#5059,10.);
#1468=VECTOR('',#5060,10.);
#1469=VECTOR('',#5061,10.);
#1470=VECTOR('',#5062,10.);
#1471=VECTOR('',#5065,10.);
#1472=VECTOR('',#5066,10.);
#1473=VECTOR('',#5067,10.);
#1474=VECTOR('',#5070,10.);
#1475=VECTOR('',#5075,10.);
#1476=VECTOR('',#5090,10.);
#1477=VECTOR('',#5093,10.);
#1478=VECTOR('',#5096,10.);
#1479=VECTOR('',#5099,10.);
#1480=VECTOR('',#5106,3.75);
#1481=VECTOR('',#5109,10.);
#1482=VECTOR('',#5112,10.);
#1483=VECTOR('',#5115,10.);
#1484=VECTOR('',#5118,10.);
#1485=VECTOR('',#5127,3.75);
#1486=VECTOR('',#5130,10.);
#1487=VECTOR('',#5133,10.);
#1488=VECTOR('',#5136,10.);
#1489=VECTOR('',#5139,10.);
#1490=VECTOR('',#5144,10.);
#1491=VECTOR('',#5145,10.);
#1492=VECTOR('',#5146,10.);
#1493=VECTOR('',#5147,10.);
#1494=VECTOR('',#5150,10.);
#1495=VECTOR('',#5157,10.);
#1496=VECTOR('',#5158,10.);
#1497=VECTOR('',#5159,10.);
#1498=VECTOR('',#5168,10.);
#1499=VECTOR('',#5171,10.);
#1500=VECTOR('',#5174,10.);
#1501=VECTOR('',#5175,10.);
#1502=VECTOR('',#5178,10.);
#1503=VECTOR('',#5179,10.);
#1504=VECTOR('',#5180,10.);
#1505=VECTOR('',#5181,10.);
#1506=VECTOR('',#5184,10.);
#1507=VECTOR('',#5187,10.);
#1508=VECTOR('',#5190,10.);
#1509=VECTOR('',#5191,10.);
#1510=VECTOR('',#5196,10.);
#1511=VECTOR('',#5197,10.);
#1512=VECTOR('',#5200,10.);
#1513=VECTOR('',#5205,10.);
#1514=VECTOR('',#5208,10.);
#1515=VECTOR('',#5209,10.);
#1516=VECTOR('',#5210,10.);
#1517=VECTOR('',#5213,10.);
#1518=VECTOR('',#5218,10.);
#1519=VECTOR('',#5219,10.);
#1520=VECTOR('',#5220,10.);
#1521=VECTOR('',#5221,10.);
#1522=VECTOR('',#5222,10.);
#1523=VECTOR('',#5223,10.);
#1524=VECTOR('',#5224,10.);
#1525=VECTOR('',#5225,10.);
#1526=VECTOR('',#5226,10.);
#1527=VECTOR('',#5227,10.);
#1528=VECTOR('',#5228,10.);
#1529=VECTOR('',#5229,10.);
#1530=VECTOR('',#5232,10.);
#1531=VECTOR('',#5235,10.);
#1532=VECTOR('',#5238,10.);
#1533=VECTOR('',#5239,10.);
#1534=VECTOR('',#5242,10.);
#1535=VECTOR('',#5243,10.);
#1536=VECTOR('',#5244,10.);
#1537=VECTOR('',#5247,10.);
#1538=VECTOR('',#5252,10.);
#1539=VECTOR('',#5253,10.);
#1540=VECTOR('',#5254,10.);
#1541=VECTOR('',#5263,10.);
#1542=VECTOR('',#5268,10.);
#1543=VECTOR('',#5271,10.);
#1544=VECTOR('',#5272,10.);
#1545=VECTOR('',#5273,10.);
#1546=VECTOR('',#5276,10.);
#1547=VECTOR('',#5283,10.);
#1548=VECTOR('',#5284,10.);
#1549=VECTOR('',#5285,10.);
#1550=VECTOR('',#5292,10.);
#1551=VECTOR('',#5295,10.);
#1552=VECTOR('',#5298,10.);
#1553=VECTOR('',#5299,10.);
#1554=VECTOR('',#5300,10.);
#1555=VECTOR('',#5301,10.);
#1556=VECTOR('',#5302,10.);
#1557=VECTOR('',#5303,10.);
#1558=VECTOR('',#5306,10.);
#1559=VECTOR('',#5307,10.);
#1560=VECTOR('',#5308,10.);
#1561=VECTOR('',#5309,10.);
#1562=VECTOR('',#5310,10.);
#1563=VECTOR('',#5311,10.);
#1564=VECTOR('',#5314,10.);
#1565=VECTOR('',#5315,10.);
#1566=VECTOR('',#5318,10.);
#1567=VECTOR('',#5327,2.35);
#1568=VECTOR('',#5332,2.1);
#1569=VECTOR('',#5345,10.);
#1570=VECTOR('',#5348,10.);
#1571=VECTOR('',#5355,10.);
#1572=VECTOR('',#5358,10.);
#1573=VECTOR('',#5365,10.);
#1574=VECTOR('',#5368,10.);
#1575=VECTOR('',#5371,10.);
#1576=VECTOR('',#5374,10.);
#1577=VECTOR('',#5381,10.);
#1578=VECTOR('',#5384,10.);
#1579=VECTOR('',#5387,4.);
#1580=VECTOR('',#5392,3.75);
#1581=VECTOR('',#5395,10.);
#1582=VECTOR('',#5398,10.);
#1583=VECTOR('',#5401,10.);
#1584=VECTOR('',#5404,10.);
#1585=VECTOR('',#5409,4.);
#1586=VECTOR('',#5414,3.75);
#1587=VECTOR('',#5417,10.);
#1588=VECTOR('',#5420,10.);
#1589=VECTOR('',#5423,10.);
#1590=VECTOR('',#5426,10.);
#1591=VECTOR('',#5433,16.5491031209778);
#1592=VECTOR('',#5452,10.);
#1593=VECTOR('',#5453,10.);
#1594=VECTOR('',#5454,10.);
#1595=VECTOR('',#5455,10.);
#1596=VECTOR('',#5458,10.);
#1597=VECTOR('',#5459,10.);
#1598=VECTOR('',#5462,10.);
#1599=VECTOR('',#5463,10.);
#1600=VECTOR('',#5466,10.);
#1601=VECTOR('',#5467,10.);
#1602=VECTOR('',#5470,10.);
#1603=VECTOR('',#5471,10.);
#1604=VECTOR('',#5474,10.);
#1605=VECTOR('',#5475,10.);
#1606=VECTOR('',#5476,10.);
#1607=VECTOR('',#5479,10.);
#1608=VECTOR('',#5480,10.);
#1609=VECTOR('',#5481,10.);
#1610=VECTOR('',#5484,10.);
#1611=VECTOR('',#5485,10.);
#1612=VECTOR('',#5488,10.);
#1613=VECTOR('',#5489,10.);
#1614=VECTOR('',#5492,10.);
#1615=VECTOR('',#5493,10.);
#1616=VECTOR('',#5496,10.);
#1617=VECTOR('',#5497,10.);
#1618=VECTOR('',#5500,10.);
#1619=VECTOR('',#5501,10.);
#1620=VECTOR('',#5502,10.);
#1621=VECTOR('',#5505,10.);
#1622=VECTOR('',#5506,10.);
#1623=VECTOR('',#5507,10.);
#1624=VECTOR('',#5510,10.);
#1625=VECTOR('',#5511,10.);
#1626=VECTOR('',#5514,10.);
#1627=VECTOR('',#5515,10.);
#1628=VECTOR('',#5518,10.);
#1629=VECTOR('',#5519,10.);
#1630=VECTOR('',#5522,10.);
#1631=VECTOR('',#5523,10.);
#1632=VECTOR('',#5526,10.);
#1633=VECTOR('',#5527,10.);
#1634=VECTOR('',#5528,10.);
#1635=VECTOR('',#5531,10.);
#1636=VECTOR('',#5532,10.);
#1637=VECTOR('',#5533,10.);
#1638=VECTOR('',#5536,10.);
#1639=VECTOR('',#5537,10.);
#1640=VECTOR('',#5540,10.);
#1641=VECTOR('',#5541,10.);
#1642=VECTOR('',#5544,10.);
#1643=VECTOR('',#5545,10.);
#1644=VECTOR('',#5548,10.);
#1645=VECTOR('',#5549,10.);
#1646=VECTOR('',#5552,10.);
#1647=VECTOR('',#5553,10.);
#1648=VECTOR('',#5554,10.);
#1649=VECTOR('',#5557,10.);
#1650=VECTOR('',#5558,10.);
#1651=VECTOR('',#5559,10.);
#1652=VECTOR('',#5562,10.);
#1653=VECTOR('',#5563,10.);
#1654=VECTOR('',#5566,10.);
#1655=VECTOR('',#5567,10.);
#1656=VECTOR('',#5570,10.);
#1657=VECTOR('',#5571,10.);
#1658=VECTOR('',#5574,10.);
#1659=VECTOR('',#5575,10.);
#1660=VECTOR('',#5578,10.);
#1661=VECTOR('',#5579,10.);
#1662=VECTOR('',#5582,10.);
#1663=VECTOR('',#5585,10.);
#1664=VECTOR('',#5588,10.);
#1665=VECTOR('',#5589,10.);
#1666=VECTOR('',#5592,10.);
#1667=VECTOR('',#5595,10.);
#1668=VECTOR('',#5598,10.);
#1669=VECTOR('',#5599,10.);
#1670=VECTOR('',#5602,10.);
#1671=VECTOR('',#5605,10.);
#1672=VECTOR('',#5608,10.);
#1673=VECTOR('',#5609,10.);
#1674=VECTOR('',#5612,10.);
#1675=VECTOR('',#5615,10.);
#1676=VECTOR('',#5632,10.);
#1677=VECTOR('',#5633,10.);
#1678=VECTOR('',#5642,10.);
#1679=VECTOR('',#5645,10.);
#1680=VECTOR('',#5648,10.);
#1681=VECTOR('',#5651,10.);
#1682=VECTOR('',#5656,10.);
#1683=VECTOR('',#5657,10.);
#1684=VECTOR('',#5678,10.);
#1685=VECTOR('',#5683,10.);
#1686=VECTOR('',#5688,10.);
#1687=VECTOR('',#5695,10.);
#1688=VECTOR('',#5708,10.);
#1689=VECTOR('',#5711,10.);
#1690=VECTOR('',#5724,10.);
#1691=VECTOR('',#5725,10.);
#1692=VECTOR('',#5736,10.);
#1693=VECTOR('',#5737,10.);
#1694=VECTOR('',#5742,10.);
#1695=VECTOR('',#5743,10.);
#1696=VECTOR('',#5744,10.);
#1697=VECTOR('',#5747,10.);
#1698=VECTOR('',#5750,10.);
#1699=VECTOR('',#5763,10.);
#1700=VECTOR('',#5764,10.);
#1701=VECTOR('',#5775,10.);
#1702=VECTOR('',#5776,10.);
#1703=VECTOR('',#5779,10.);
#1704=VECTOR('',#5782,10.);
#1705=VECTOR('',#5789,10.);
#1706=VECTOR('',#5792,10.);
#1707=VECTOR('',#5795,10.);
#1708=VECTOR('',#5798,10.);
#1709=VECTOR('',#5801,10.);
#1710=VECTOR('',#5804,10.);
#1711=VECTOR('',#5807,10.);
#1712=VECTOR('',#5808,10.);
#1713=VECTOR('',#5811,10.);
#1714=VECTOR('',#5814,10.);
#1715=VECTOR('',#5817,10.);
#1716=VECTOR('',#5822,10.);
#1717=VECTOR('',#5825,10.);
#1718=VECTOR('',#5840,10.);
#1719=VECTOR('',#5841,10.);
#1720=VECTOR('',#5852,10.);
#1721=VECTOR('',#5853,10.);
#1722=VECTOR('',#5856,10.);
#1723=VECTOR('',#5857,10.);
#1724=VECTOR('',#5860,10.);
#1725=VECTOR('',#5861,10.);
#1726=VECTOR('',#5864,10.);
#1727=VECTOR('',#5869,10.);
#1728=VECTOR('',#5874,10.);
#1729=VECTOR('',#5877,10.);
#1730=VECTOR('',#5888,10.);
#1731=VECTOR('',#5897,10.);
#1732=VECTOR('',#5900,10.);
#1733=VECTOR('',#5903,10.);
#1734=VECTOR('',#5904,10.);
#1735=VECTOR('',#5907,10.);
#1736=VECTOR('',#5910,10.);
#1737=VECTOR('',#5911,10.);
#1738=VECTOR('',#5914,10.);
#1739=VECTOR('',#5921,10.);
#1740=VECTOR('',#5924,10.);
#1741=VECTOR('',#5935,10.);
#1742=VECTOR('',#5938,10.);
#1743=VECTOR('',#5947,10.);
#1744=VECTOR('',#5950,10.);
#1745=VECTOR('',#5961,10.);
#1746=VECTOR('',#5968,10.);
#1747=VECTOR('',#5969,10.);
#1748=VECTOR('',#5980,10.);
#1749=VECTOR('',#5983,10.);
#1750=VECTOR('',#5984,10.);
#1751=VECTOR('',#5993,10.);
#1752=VECTOR('',#5996,10.);
#1753=VECTOR('',#6003,10.);
#1754=VECTOR('',#6006,10.);
#1755=VECTOR('',#6009,10.);
#1756=VECTOR('',#6012,10.);
#1757=VECTOR('',#6015,10.);
#1758=VECTOR('',#6018,10.);
#1759=VECTOR('',#6021,10.);
#1760=VECTOR('',#6024,10.);
#1761=VECTOR('',#6031,10.);
#1762=VECTOR('',#6038,10.);
#1763=VECTOR('',#6063,10.);
#1764=VERTEX_POINT('',#6074);
#1765=VERTEX_POINT('',#6075);
#1766=VERTEX_POINT('',#6077);
#1767=VERTEX_POINT('',#6081);
#1768=VERTEX_POINT('',#6083);
#1769=VERTEX_POINT('',#6096);
#1770=VERTEX_POINT('',#6097);
#1771=VERTEX_POINT('',#6099);
#1772=VERTEX_POINT('',#6108);
#1773=VERTEX_POINT('',#6110);
#1774=VERTEX_POINT('',#6114);
#1775=VERTEX_POINT('',#6123);
#1776=VERTEX_POINT('',#6125);
#1777=VERTEX_POINT('',#6138);
#1778=VERTEX_POINT('',#6140);
#1779=VERTEX_POINT('',#6144);
#1780=VERTEX_POINT('',#6147);
#1781=VERTEX_POINT('',#6149);
#1782=VERTEX_POINT('',#6153);
#1783=VERTEX_POINT('',#6156);
#1784=VERTEX_POINT('',#6157);
#1785=VERTEX_POINT('',#6159);
#1786=VERTEX_POINT('',#6161);
#1787=VERTEX_POINT('',#6165);
#1788=VERTEX_POINT('',#6169);
#1789=VERTEX_POINT('',#6175);
#1790=VERTEX_POINT('',#6186);
#1791=VERTEX_POINT('',#6200);
#1792=VERTEX_POINT('',#6207);
#1793=VERTEX_POINT('',#6214);
#1794=VERTEX_POINT('',#6226);
#1795=VERTEX_POINT('',#6228);
#1796=VERTEX_POINT('',#6230);
#1797=VERTEX_POINT('',#6251);
#1798=VERTEX_POINT('',#6263);
#1799=VERTEX_POINT('',#6265);
#1800=VERTEX_POINT('',#6267);
#1801=VERTEX_POINT('',#6269);
#1802=VERTEX_POINT('',#6273);
#1803=VERTEX_POINT('',#6286);
#1804=VERTEX_POINT('',#6288);
#1805=VERTEX_POINT('',#6290);
#1806=VERTEX_POINT('',#6292);
#1807=VERTEX_POINT('',#6294);
#1808=VERTEX_POINT('',#6300);
#1809=VERTEX_POINT('',#6302);
#1810=VERTEX_POINT('',#6304);
#1811=VERTEX_POINT('',#6306);
#1812=VERTEX_POINT('',#6308);
#1813=VERTEX_POINT('',#6314);
#1814=VERTEX_POINT('',#6315);
#1815=VERTEX_POINT('',#6317);
#1816=VERTEX_POINT('',#6319);
#1817=VERTEX_POINT('',#6394);
#1818=VERTEX_POINT('',#6395);
#1819=VERTEX_POINT('',#6434);
#1820=VERTEX_POINT('',#6435);
#1821=VERTEX_POINT('',#6441);
#1822=VERTEX_POINT('',#6443);
#1823=VERTEX_POINT('',#6449);
#1824=VERTEX_POINT('',#6453);
#1825=VERTEX_POINT('',#6460);
#1826=VERTEX_POINT('',#6535);
#1827=VERTEX_POINT('',#6556);
#1828=VERTEX_POINT('',#6557);
#1829=VERTEX_POINT('',#6562);
#1830=VERTEX_POINT('',#6564);
#1831=VERTEX_POINT('',#6566);
#1832=VERTEX_POINT('',#6568);
#1833=VERTEX_POINT('',#6577);
#1834=VERTEX_POINT('',#6578);
#1835=VERTEX_POINT('',#6580);
#1836=VERTEX_POINT('',#6594);
#1837=VERTEX_POINT('',#6654);
#1838=VERTEX_POINT('',#6669);
#1839=VERTEX_POINT('',#6671);
#1840=VERTEX_POINT('',#6688);
#1841=VERTEX_POINT('',#6690);
#1842=VERTEX_POINT('',#6704);
#1843=VERTEX_POINT('',#6706);
#1844=VERTEX_POINT('',#6708);
#1845=VERTEX_POINT('',#6710);
#1846=VERTEX_POINT('',#6727);
#1847=VERTEX_POINT('',#6729);
#1848=VERTEX_POINT('',#6744);
#1849=VERTEX_POINT('',#6746);
#1850=VERTEX_POINT('',#6749);
#1851=VERTEX_POINT('',#6751);
#1852=VERTEX_POINT('',#6753);
#1853=VERTEX_POINT('',#6755);
#1854=VERTEX_POINT('',#6757);
#1855=VERTEX_POINT('',#6759);
#1856=VERTEX_POINT('',#6761);
#1857=VERTEX_POINT('',#6763);
#1858=VERTEX_POINT('',#6765);
#1859=VERTEX_POINT('',#6769);
#1860=VERTEX_POINT('',#6770);
#1861=VERTEX_POINT('',#6843);
#1862=VERTEX_POINT('',#6858);
#1863=VERTEX_POINT('',#6860);
#1864=VERTEX_POINT('',#6862);
#1865=VERTEX_POINT('',#6864);
#1866=VERTEX_POINT('',#6866);
#1867=VERTEX_POINT('',#6868);
#1868=VERTEX_POINT('',#6870);
#1869=VERTEX_POINT('',#6872);
#1870=VERTEX_POINT('',#6874);
#1871=VERTEX_POINT('',#6878);
#1872=VERTEX_POINT('',#6879);
#1873=VERTEX_POINT('',#6881);
#1874=VERTEX_POINT('',#6883);
#1875=VERTEX_POINT('',#6887);
#1876=VERTEX_POINT('',#6888);
#1877=VERTEX_POINT('',#6893);
#1878=VERTEX_POINT('',#6894);
#1879=VERTEX_POINT('',#6902);
#1880=VERTEX_POINT('',#6904);
#1881=VERTEX_POINT('',#6908);
#1882=VERTEX_POINT('',#6912);
#1883=VERTEX_POINT('',#6913);
#1884=VERTEX_POINT('',#6915);
#1885=VERTEX_POINT('',#6919);
#1886=VERTEX_POINT('',#6923);
#1887=VERTEX_POINT('',#6925);
#1888=VERTEX_POINT('',#6929);
#1889=VERTEX_POINT('',#6933);
#1890=VERTEX_POINT('',#6936);
#1891=VERTEX_POINT('',#6937);
#1892=VERTEX_POINT('',#6939);
#1893=VERTEX_POINT('',#6941);
#1894=VERTEX_POINT('',#6945);
#1895=VERTEX_POINT('',#6947);
#1896=VERTEX_POINT('',#6951);
#1897=VERTEX_POINT('',#6955);
#1898=VERTEX_POINT('',#6961);
#1899=VERTEX_POINT('',#6963);
#1900=VERTEX_POINT('',#6967);
#1901=VERTEX_POINT('',#6971);
#1902=VERTEX_POINT('',#6972);
#1903=VERTEX_POINT('',#6974);
#1904=VERTEX_POINT('',#6976);
#1905=VERTEX_POINT('',#6998);
#1906=VERTEX_POINT('',#7003);
#1907=VERTEX_POINT('',#7005);
#1908=VERTEX_POINT('',#7078);
#1909=VERTEX_POINT('',#7079);
#1910=VERTEX_POINT('',#7081);
#1911=VERTEX_POINT('',#7098);
#1912=VERTEX_POINT('',#7156);
#1913=VERTEX_POINT('',#7157);
#1914=VERTEX_POINT('',#7159);
#1915=VERTEX_POINT('',#7164);
#1916=VERTEX_POINT('',#7210);
#1917=VERTEX_POINT('',#7211);
#1918=VERTEX_POINT('',#7216);
#1919=VERTEX_POINT('',#7218);
#1920=VERTEX_POINT('',#7258);
#1921=VERTEX_POINT('',#7259);
#1922=VERTEX_POINT('',#7267);
#1923=VERTEX_POINT('',#7324);
#1924=VERTEX_POINT('',#7325);
#1925=VERTEX_POINT('',#7327);
#1926=VERTEX_POINT('',#7333);
#1927=VERTEX_POINT('',#7408);
#1928=VERTEX_POINT('',#7424);
#1929=VERTEX_POINT('',#7426);
#1930=VERTEX_POINT('',#7430);
#1931=VERTEX_POINT('',#7434);
#1932=VERTEX_POINT('',#7436);
#1933=VERTEX_POINT('',#7440);
#1934=VERTEX_POINT('',#7444);
#1935=VERTEX_POINT('',#7445);
#1936=VERTEX_POINT('',#7455);
#1937=VERTEX_POINT('',#7459);
#1938=VERTEX_POINT('',#7461);
#1939=VERTEX_POINT('',#7465);
#1940=VERTEX_POINT('',#7466);
#1941=VERTEX_POINT('',#7471);
#1942=VERTEX_POINT('',#7478);
#1943=VERTEX_POINT('',#7479);
#1944=VERTEX_POINT('',#7481);
#1945=VERTEX_POINT('',#7483);
#1946=VERTEX_POINT('',#7502);
#1947=VERTEX_POINT('',#7503);
#1948=VERTEX_POINT('',#7508);
#1949=VERTEX_POINT('',#7510);
#1950=VERTEX_POINT('',#7550);
#1951=VERTEX_POINT('',#7558);
#1952=VERTEX_POINT('',#7560);
#1953=VERTEX_POINT('',#7588);
#1954=VERTEX_POINT('',#7589);
#1955=VERTEX_POINT('',#7591);
#1956=VERTEX_POINT('',#7596);
#1957=VERTEX_POINT('',#7702);
#1958=VERTEX_POINT('',#7703);
#1959=VERTEX_POINT('',#7705);
#1960=VERTEX_POINT('',#7725);
#1961=VERTEX_POINT('',#7771);
#1962=VERTEX_POINT('',#7772);
#1963=VERTEX_POINT('',#7774);
#1964=VERTEX_POINT('',#7776);
#1965=VERTEX_POINT('',#7798);
#1966=VERTEX_POINT('',#7799);
#1967=VERTEX_POINT('',#7804);
#1968=VERTEX_POINT('',#7862);
#1969=VERTEX_POINT('',#7863);
#1970=VERTEX_POINT('',#7865);
#1971=VERTEX_POINT('',#7872);
#1972=VERTEX_POINT('',#7940);
#1973=VERTEX_POINT('',#7942);
#1974=VERTEX_POINT('',#7946);
#1975=VERTEX_POINT('',#7948);
#1976=VERTEX_POINT('',#7950);
#1977=VERTEX_POINT('',#7952);
#1978=VERTEX_POINT('',#7956);
#1979=VERTEX_POINT('',#7957);
#1980=VERTEX_POINT('',#7959);
#1981=VERTEX_POINT('',#7961);
#1982=VERTEX_POINT('',#7963);
#1983=VERTEX_POINT('',#7965);
#1984=VERTEX_POINT('',#7967);
#1985=VERTEX_POINT('',#7969);
#1986=VERTEX_POINT('',#7971);
#1987=VERTEX_POINT('',#7973);
#1988=VERTEX_POINT('',#7975);
#1989=VERTEX_POINT('',#7977);
#1990=VERTEX_POINT('',#7979);
#1991=VERTEX_POINT('',#7981);
#1992=VERTEX_POINT('',#7983);
#1993=VERTEX_POINT('',#7985);
#1994=VERTEX_POINT('',#7987);
#1995=VERTEX_POINT('',#7989);
#1996=VERTEX_POINT('',#7991);
#1997=VERTEX_POINT('',#7993);
#1998=VERTEX_POINT('',#7995);
#1999=VERTEX_POINT('',#7997);
#2000=VERTEX_POINT('',#7999);
#2001=VERTEX_POINT('',#8001);
#2002=VERTEX_POINT('',#8003);
#2003=VERTEX_POINT('',#8005);
#2004=VERTEX_POINT('',#8009);
#2005=VERTEX_POINT('',#8013);
#2006=VERTEX_POINT('',#8015);
#2007=VERTEX_POINT('',#8017);
#2008=VERTEX_POINT('',#8019);
#2009=VERTEX_POINT('',#8021);
#2010=VERTEX_POINT('',#8023);
#2011=VERTEX_POINT('',#8025);
#2012=VERTEX_POINT('',#8027);
#2013=VERTEX_POINT('',#8029);
#2014=VERTEX_POINT('',#8033);
#2015=VERTEX_POINT('',#8037);
#2016=VERTEX_POINT('',#8039);
#2017=VERTEX_POINT('',#8041);
#2018=VERTEX_POINT('',#8043);
#2019=VERTEX_POINT('',#8045);
#2020=VERTEX_POINT('',#8047);
#2021=VERTEX_POINT('',#8049);
#2022=VERTEX_POINT('',#8051);
#2023=VERTEX_POINT('',#8053);
#2024=VERTEX_POINT('',#8057);
#2025=VERTEX_POINT('',#8058);
#2026=VERTEX_POINT('',#8060);
#2027=VERTEX_POINT('',#8087);
#2028=VERTEX_POINT('',#8088);
#2029=VERTEX_POINT('',#8090);
#2030=VERTEX_POINT('',#8092);
#2031=VERTEX_POINT('',#8096);
#2032=VERTEX_POINT('',#8100);
#2033=VERTEX_POINT('',#8104);
#2034=VERTEX_POINT('',#8108);
#2035=VERTEX_POINT('',#8112);
#2036=VERTEX_POINT('',#8113);
#2037=VERTEX_POINT('',#8118);
#2038=VERTEX_POINT('',#8119);
#2039=VERTEX_POINT('',#8124);
#2040=VERTEX_POINT('',#8128);
#2041=VERTEX_POINT('',#8132);
#2042=VERTEX_POINT('',#8136);
#2043=VERTEX_POINT('',#8140);
#2044=VERTEX_POINT('',#8141);
#2045=VERTEX_POINT('',#8146);
#2046=VERTEX_POINT('',#8147);
#2047=VERTEX_POINT('',#8152);
#2048=VERTEX_POINT('',#8156);
#2049=VERTEX_POINT('',#8160);
#2050=VERTEX_POINT('',#8164);
#2051=VERTEX_POINT('',#8168);
#2052=VERTEX_POINT('',#8169);
#2053=VERTEX_POINT('',#8174);
#2054=VERTEX_POINT('',#8175);
#2055=VERTEX_POINT('',#8180);
#2056=VERTEX_POINT('',#8184);
#2057=VERTEX_POINT('',#8188);
#2058=VERTEX_POINT('',#8192);
#2059=VERTEX_POINT('',#8196);
#2060=VERTEX_POINT('',#8197);
#2061=VERTEX_POINT('',#8202);
#2062=VERTEX_POINT('',#8203);
#2063=VERTEX_POINT('',#8258);
#2064=VERTEX_POINT('',#8269);
#2065=VERTEX_POINT('',#8271);
#2066=VERTEX_POINT('',#8273);
#2067=VERTEX_POINT('',#8275);
#2068=VERTEX_POINT('',#8289);
#2069=VERTEX_POINT('',#8291);
#2070=VERTEX_POINT('',#8293);
#2071=VERTEX_POINT('',#8295);
#2072=VERTEX_POINT('',#8309);
#2073=VERTEX_POINT('',#8311);
#2074=VERTEX_POINT('',#8321);
#2075=VERTEX_POINT('',#8323);
#2076=VERTEX_POINT('',#8330);
#2077=VERTEX_POINT('',#8334);
#2078=VERTEX_POINT('',#8338);
#2079=VERTEX_POINT('',#8345);
#2080=VERTEX_POINT('',#8347);
#2081=VERTEX_POINT('',#8354);
#2082=VERTEX_POINT('',#8358);
#2083=VERTEX_POINT('',#8379);
#2084=VERTEX_POINT('',#8396);
#2085=VERTEX_POINT('',#8400);
#2086=VERTEX_POINT('',#8404);
#2087=VERTEX_POINT('',#8411);
#2088=VERTEX_POINT('',#8413);
#2089=VERTEX_POINT('',#8420);
#2090=VERTEX_POINT('',#8424);
#2091=VERTEX_POINT('',#8435);
#2092=VERTEX_POINT('',#8437);
#2093=VERTEX_POINT('',#8462);
#2094=VERTEX_POINT('',#8482);
#2095=VERTEX_POINT('',#8487);
#2096=VERTEX_POINT('',#8496);
#2097=VERTEX_POINT('',#8498);
#2098=VERTEX_POINT('',#8502);
#2099=VERTEX_POINT('',#8503);
#2100=VERTEX_POINT('',#8508);
#2101=VERTEX_POINT('',#8509);
#2102=VERTEX_POINT('',#8514);
#2103=VERTEX_POINT('',#8515);
#2104=VERTEX_POINT('',#8525);
#2105=VERTEX_POINT('',#8529);
#2106=VERTEX_POINT('',#8531);
#2107=VERTEX_POINT('',#8535);
#2108=VERTEX_POINT('',#8536);
#2109=VERTEX_POINT('',#8541);
#2110=VERTEX_POINT('',#8542);
#2111=VERTEX_POINT('',#8566);
#2112=VERTEX_POINT('',#8571);
#2113=VERTEX_POINT('',#8622);
#2114=VERTEX_POINT('',#8623);
#2115=VERTEX_POINT('',#8663);
#2116=VERTEX_POINT('',#8668);
#2117=VERTEX_POINT('',#8675);
#2118=VERTEX_POINT('',#8676);
#2119=VERTEX_POINT('',#8681);
#2120=VERTEX_POINT('',#8683);
#2121=VERTEX_POINT('',#8685);
#2122=VERTEX_POINT('',#8687);
#2123=VERTEX_POINT('',#8689);
#2124=VERTEX_POINT('',#8691);
#2125=VERTEX_POINT('',#8693);
#2126=VERTEX_POINT('',#8695);
#2127=VERTEX_POINT('',#8697);
#2128=VERTEX_POINT('',#8699);
#2129=VERTEX_POINT('',#8701);
#2130=VERTEX_POINT('',#8703);
#2131=VERTEX_POINT('',#8705);
#2132=VERTEX_POINT('',#8707);
#2133=VERTEX_POINT('',#8709);
#2134=VERTEX_POINT('',#8711);
#2135=VERTEX_POINT('',#8725);
#2136=VERTEX_POINT('',#8727);
#2137=VERTEX_POINT('',#8732);
#2138=VERTEX_POINT('',#8733);
#2139=VERTEX_POINT('',#8738);
#2140=VERTEX_POINT('',#8739);
#2141=VERTEX_POINT('',#8744);
#2142=VERTEX_POINT('',#8745);
#2143=VERTEX_POINT('',#8753);
#2144=VERTEX_POINT('',#8755);
#2145=VERTEX_POINT('',#8767);
#2146=VERTEX_POINT('',#8769);
#2147=VERTEX_POINT('',#8776);
#2148=VERTEX_POINT('',#8783);
#2149=VERTEX_POINT('',#8785);
#2150=VERTEX_POINT('',#8812);
#2151=VERTEX_POINT('',#8863);
#2152=VERTEX_POINT('',#8894);
#2153=VERTEX_POINT('',#8901);
#2154=VERTEX_POINT('',#8905);
#2155=VERTEX_POINT('',#8913);
#2156=VERTEX_POINT('',#8914);
#2157=VERTEX_POINT('',#8935);
#2158=VERTEX_POINT('',#8936);
#2159=VERTEX_POINT('',#8952);
#2160=VERTEX_POINT('',#8954);
#2161=VERTEX_POINT('',#8956);
#2162=VERTEX_POINT('',#8972);
#2163=VERTEX_POINT('',#8973);
#2164=VERTEX_POINT('',#8986);
#2165=VERTEX_POINT('',#8988);
#2166=VERTEX_POINT('',#8996);
#2167=VERTEX_POINT('',#9022);
#2168=VERTEX_POINT('',#9023);
#2169=VERTEX_POINT('',#9034);
#2170=VERTEX_POINT('',#9036);
#2171=VERTEX_POINT('',#9047);
#2172=VERTEX_POINT('',#9048);
#2173=VERTEX_POINT('',#9053);
#2174=VERTEX_POINT('',#9055);
#2175=VERTEX_POINT('',#9071);
#2176=VERTEX_POINT('',#9075);
#2177=VERTEX_POINT('',#9081);
#2178=VERTEX_POINT('',#9110);
#2179=VERTEX_POINT('',#9118);
#2180=VERTEX_POINT('',#9133);
#2181=VERTEX_POINT('',#9147);
#2182=EDGE_CURVE('',#1764,#1765,#1116,.T.);
#2183=EDGE_CURVE('',#1766,#1764,#1096,.T.);
#2184=EDGE_CURVE('',#1766,#1767,#906,.T.);
#2185=EDGE_CURVE('',#1767,#1768,#776,.T.);
#2186=EDGE_CURVE('',#1765,#1768,#907,.T.);
#2187=EDGE_CURVE('',#1769,#1770,#1117,.T.);
#2188=EDGE_CURVE('',#1769,#1771,#777,.T.);
#2189=EDGE_CURVE('',#1771,#1772,#908,.T.);
#2190=EDGE_CURVE('',#1773,#1772,#1097,.T.);
#2191=EDGE_CURVE('',#1773,#1774,#778,.T.);
#2192=EDGE_CURVE('',#1774,#1775,#909,.T.);
#2193=EDGE_CURVE('',#1775,#1776,#779,.T.);
#2194=EDGE_CURVE('',#1770,#1776,#910,.T.);
#2195=EDGE_CURVE('',#1777,#1777,#911,.T.);
#2196=EDGE_CURVE('',#1777,#1778,#1118,.T.);
#2197=EDGE_CURVE('',#1778,#1778,#912,.T.);
#2198=EDGE_CURVE('',#1779,#1779,#913,.T.);
#2199=EDGE_CURVE('',#1780,#1780,#914,.T.);
#2200=EDGE_CURVE('',#1780,#1781,#1119,.T.);
#2201=EDGE_CURVE('',#1781,#1781,#915,.T.);
#2202=EDGE_CURVE('',#1782,#1782,#916,.T.);
#2203=EDGE_CURVE('',#1783,#1784,#917,.T.);
#2204=EDGE_CURVE('',#1783,#1785,#1120,.T.);
#2205=EDGE_CURVE('',#1786,#1785,#918,.T.);
#2206=EDGE_CURVE('',#1786,#1784,#1121,.T.);
#2207=EDGE_CURVE('',#1784,#1787,#1098,.T.);
#2208=EDGE_CURVE('',#1787,#1788,#919,.T.);
#2209=EDGE_CURVE('',#1788,#1783,#1099,.T.);
#2210=EDGE_CURVE('',#1789,#1786,#780,.T.);
#2211=EDGE_CURVE('',#1785,#1790,#781,.T.);
#2212=EDGE_CURVE('',#1790,#1789,#920,.T.);
#2213=EDGE_CURVE('',#1791,#1789,#782,.T.);
#2214=EDGE_CURVE('',#1792,#1791,#783,.T.);
#2215=EDGE_CURVE('',#1793,#1792,#784,.T.);
#2216=EDGE_CURVE('',#1794,#1793,#1122,.T.);
#2217=EDGE_CURVE('',#1794,#1795,#1123,.T.);
#2218=EDGE_CURVE('',#1796,#1795,#785,.T.);
#2219=EDGE_CURVE('',#1796,#1784,#1124,.T.);
#2220=EDGE_CURVE('',#1790,#1797,#786,.T.);
#2221=EDGE_CURVE('',#1792,#1797,#921,.T.);
#2222=EDGE_CURVE('',#1791,#1798,#1125,.T.);
#2223=EDGE_CURVE('',#1798,#1799,#922,.T.);
#2224=EDGE_CURVE('',#1799,#1800,#923,.T.);
#2225=EDGE_CURVE('',#1800,#1801,#924,.T.);
#2226=EDGE_CURVE('',#1801,#1798,#925,.T.);
#2227=EDGE_CURVE('',#1797,#1802,#787,.T.);
#2228=EDGE_CURVE('',#1802,#1793,#926,.T.);
#2229=EDGE_CURVE('',#1782,#1803,#1126,.T.);
#2230=EDGE_CURVE('',#1803,#1804,#927,.T.);
#2231=EDGE_CURVE('',#1804,#1805,#928,.T.);
#2232=EDGE_CURVE('',#1805,#1806,#929,.T.);
#2233=EDGE_CURVE('',#1806,#1807,#930,.T.);
#2234=EDGE_CURVE('',#1807,#1803,#931,.T.);
#2235=EDGE_CURVE('',#1776,#1770,#932,.T.);
#2236=EDGE_CURVE('',#1779,#1808,#1127,.T.);
#2237=EDGE_CURVE('',#1808,#1809,#933,.T.);
#2238=EDGE_CURVE('',#1809,#1810,#934,.T.);
#2239=EDGE_CURVE('',#1810,#1811,#935,.T.);
#2240=EDGE_CURVE('',#1811,#1812,#936,.T.);
#2241=EDGE_CURVE('',#1812,#1808,#937,.T.);
#2242=EDGE_CURVE('',#1768,#1765,#938,.T.);
#2243=EDGE_CURVE('',#1813,#1814,#1128,.T.);
#2244=EDGE_CURVE('',#1814,#1815,#1129,.T.);
#2245=EDGE_CURVE('',#1815,#1816,#1130,.T.);
#2246=EDGE_CURVE('',#1816,#1813,#1131,.T.);
#2247=EDGE_CURVE('',#1817,#1818,#1132,.T.);
#2248=EDGE_CURVE('',#1818,#1816,#788,.T.);
#2249=EDGE_CURVE('',#1815,#1817,#789,.T.);
#2250=EDGE_CURVE('',#1819,#1820,#1133,.T.);
#2251=EDGE_CURVE('',#1820,#1818,#1134,.T.);
#2252=EDGE_CURVE('',#1817,#1819,#1135,.T.);
#2253=EDGE_CURVE('',#1819,#1788,#1136,.T.);
#2254=EDGE_CURVE('',#1787,#1821,#1137,.T.);
#2255=EDGE_CURVE('',#1822,#1821,#1138,.T.);
#2256=EDGE_CURVE('',#1820,#1822,#939,.T.);
#2257=EDGE_CURVE('',#1783,#1817,#1139,.T.);
#2258=EDGE_CURVE('',#1815,#1823,#1140,.T.);
#2259=EDGE_CURVE('',#1802,#1823,#1141,.T.);
#2260=EDGE_CURVE('',#1824,#1814,#1142,.T.);
#2261=EDGE_CURVE('',#1823,#1824,#1100,.T.);
#2262=EDGE_CURVE('',#1821,#1796,#1143,.T.);
#2263=EDGE_CURVE('',#1796,#1825,#1144,.T.);
#2264=EDGE_CURVE('',#1825,#1822,#1145,.T.);
#2265=EDGE_CURVE('',#1795,#1826,#1146,.T.);
#2266=EDGE_CURVE('',#1826,#1825,#790,.T.);
#2267=EDGE_CURVE('',#1827,#1828,#1147,.T.);
#2268=EDGE_CURVE('',#1828,#1826,#1148,.T.);
#2269=EDGE_CURVE('',#1795,#1827,#1149,.T.);
#2270=EDGE_CURVE('',#1827,#1829,#1150,.T.);
#2271=EDGE_CURVE('',#1830,#1829,#940,.T.);
#2272=EDGE_CURVE('',#1831,#1830,#941,.T.);
#2273=EDGE_CURVE('',#1832,#1831,#1151,.T.);
#2274=EDGE_CURVE('',#1828,#1832,#942,.T.);
#2275=EDGE_CURVE('',#1829,#1794,#1101,.T.);
#2276=EDGE_CURVE('',#1833,#1834,#943,.T.);
#2277=EDGE_CURVE('',#1834,#1835,#791,.T.);
#2278=EDGE_CURVE('',#1835,#1836,#944,.T.);
#2279=EDGE_CURVE('',#1833,#1836,#792,.T.);
#2280=EDGE_CURVE('',#1836,#1835,#793,.T.);
#2281=EDGE_CURVE('',#1834,#1837,#794,.T.);
#2282=EDGE_CURVE('',#1837,#1833,#795,.T.);
#2283=EDGE_CURVE('',#1838,#1835,#1152,.T.);
#2284=EDGE_CURVE('',#1839,#1838,#796,.T.);
#2285=EDGE_CURVE('',#1840,#1839,#945,.T.);
#2286=EDGE_CURVE('',#1841,#1840,#797,.T.);
#2287=EDGE_CURVE('',#1842,#1841,#1153,.T.);
#2288=EDGE_CURVE('',#1843,#1842,#946,.T.);
#2289=EDGE_CURVE('',#1844,#1843,#1154,.T.);
#2290=EDGE_CURVE('',#1845,#1844,#798,.T.);
#2291=EDGE_CURVE('',#1846,#1845,#947,.T.);
#2292=EDGE_CURVE('',#1847,#1846,#799,.T.);
#2293=EDGE_CURVE('',#1836,#1847,#1155,.T.);
#2294=EDGE_CURVE('',#1848,#1848,#948,.T.);
#2295=EDGE_CURVE('',#1849,#1849,#949,.T.);
#2296=EDGE_CURVE('',#1837,#1850,#1156,.T.);
#2297=EDGE_CURVE('',#1850,#1851,#950,.T.);
#2298=EDGE_CURVE('',#1851,#1852,#1157,.T.);
#2299=EDGE_CURVE('',#1852,#1853,#951,.T.);
#2300=EDGE_CURVE('',#1854,#1853,#1158,.T.);
#2301=EDGE_CURVE('',#1854,#1855,#952,.T.);
#2302=EDGE_CURVE('',#1855,#1856,#1159,.T.);
#2303=EDGE_CURVE('',#1856,#1857,#953,.T.);
#2304=EDGE_CURVE('',#1858,#1857,#1160,.T.);
#2305=EDGE_CURVE('',#1858,#1850,#954,.T.);
#2306=EDGE_CURVE('',#1859,#1860,#955,.T.);
#2307=EDGE_CURVE('',#1860,#1843,#800,.T.);
#2308=EDGE_CURVE('',#1859,#1842,#801,.T.);
#2309=EDGE_CURVE('',#1842,#1843,#802,.T.);
#2310=EDGE_CURVE('',#1860,#1861,#803,.T.);
#2311=EDGE_CURVE('',#1861,#1859,#804,.T.);
#2312=EDGE_CURVE('',#1861,#1862,#1161,.T.);
#2313=EDGE_CURVE('',#1862,#1863,#956,.T.);
#2314=EDGE_CURVE('',#1863,#1864,#1162,.T.);
#2315=EDGE_CURVE('',#1864,#1865,#957,.T.);
#2316=EDGE_CURVE('',#1866,#1865,#1163,.T.);
#2317=EDGE_CURVE('',#1866,#1867,#958,.T.);
#2318=EDGE_CURVE('',#1867,#1868,#1164,.T.);
#2319=EDGE_CURVE('',#1868,#1869,#959,.T.);
#2320=EDGE_CURVE('',#1870,#1869,#1165,.T.);
#2321=EDGE_CURVE('',#1870,#1862,#960,.T.);
#2322=EDGE_CURVE('',#1871,#1872,#1166,.T.);
#2323=EDGE_CURVE('',#1872,#1873,#1167,.T.);
#2324=EDGE_CURVE('',#1873,#1874,#1168,.T.);
#2325=EDGE_CURVE('',#1874,#1871,#1169,.T.);
#2326=EDGE_CURVE('',#1875,#1876,#1170,.T.);
#2327=EDGE_CURVE('',#1876,#1872,#961,.T.);
#2328=EDGE_CURVE('',#1871,#1875,#962,.T.);
#2329=EDGE_CURVE('',#1877,#1878,#1171,.T.);
#2330=EDGE_CURVE('',#1878,#1876,#1172,.T.);
#2331=EDGE_CURVE('',#1875,#1877,#1173,.T.);
#2332=EDGE_CURVE('',#1873,#1878,#963,.T.);
#2333=EDGE_CURVE('',#1877,#1874,#964,.T.);
#2334=EDGE_CURVE('',#1871,#1879,#1174,.T.);
#2335=EDGE_CURVE('',#1880,#1879,#965,.T.);
#2336=EDGE_CURVE('',#1875,#1880,#1175,.T.);
#2337=EDGE_CURVE('',#1874,#1881,#1176,.T.);
#2338=EDGE_CURVE('',#1879,#1881,#1177,.T.);
#2339=EDGE_CURVE('',#1882,#1883,#1178,.T.);
#2340=EDGE_CURVE('',#1884,#1882,#1102,.T.);
#2341=EDGE_CURVE('',#1885,#1884,#1103,.T.);
#2342=EDGE_CURVE('',#1885,#1886,#1179,.T.);
#2343=EDGE_CURVE('',#1887,#1886,#1104,.T.);
#2344=EDGE_CURVE('',#1888,#1887,#1105,.T.);
#2345=EDGE_CURVE('',#1889,#1888,#1180,.T.);
#2346=EDGE_CURVE('',#1889,#1883,#1181,.T.);
#2347=EDGE_CURVE('',#1890,#1891,#966,.T.);
#2348=EDGE_CURVE('',#1892,#1890,#1182,.T.);
#2349=EDGE_CURVE('',#1893,#1892,#967,.T.);
#2350=EDGE_CURVE('',#1891,#1893,#1183,.T.);
#2351=EDGE_CURVE('',#1894,#1890,#1184,.T.);
#2352=EDGE_CURVE('',#1891,#1895,#1185,.T.);
#2353=EDGE_CURVE('',#1895,#1894,#968,.T.);
#2354=EDGE_CURVE('',#1896,#1892,#1186,.T.);
#2355=EDGE_CURVE('',#1894,#1896,#1187,.T.);
#2356=EDGE_CURVE('',#1897,#1893,#1188,.T.);
#2357=EDGE_CURVE('',#1896,#1897,#969,.T.);
#2358=EDGE_CURVE('',#1897,#1895,#1189,.T.);
#2359=EDGE_CURVE('',#1894,#1898,#1190,.T.);
#2360=EDGE_CURVE('',#1899,#1898,#1191,.T.);
#2361=EDGE_CURVE('',#1896,#1899,#1192,.T.);
#2362=EDGE_CURVE('',#1895,#1900,#1193,.T.);
#2363=EDGE_CURVE('',#1898,#1900,#970,.T.);
#2364=EDGE_CURVE('',#1901,#1902,#1194,.T.);
#2365=EDGE_CURVE('',#1902,#1903,#1195,.T.);
#2366=EDGE_CURVE('',#1903,#1904,#1196,.T.);
#2367=EDGE_CURVE('',#1904,#1901,#805,.T.);
#2368=EDGE_CURVE('',#1904,#1905,#806,.T.);
#2369=EDGE_CURVE('',#1905,#1906,#1197,.T.);
#2370=EDGE_CURVE('',#1906,#1907,#807,.T.);
#2371=EDGE_CURVE('',#1907,#1901,#808,.T.);
#2372=EDGE_CURVE('',#1908,#1909,#1198,.T.);
#2373=EDGE_CURVE('',#1909,#1910,#809,.T.);
#2374=EDGE_CURVE('',#1910,#1911,#1199,.T.);
#2375=EDGE_CURVE('',#1911,#1908,#810,.T.);
#2376=EDGE_CURVE('',#1910,#1906,#811,.T.);
#2377=EDGE_CURVE('',#1905,#1911,#812,.T.);
#2378=EDGE_CURVE('',#1912,#1913,#1200,.T.);
#2379=EDGE_CURVE('',#1913,#1914,#813,.T.);
#2380=EDGE_CURVE('',#1914,#1915,#1201,.T.);
#2381=EDGE_CURVE('',#1915,#1912,#814,.T.);
#2382=EDGE_CURVE('',#1912,#1909,#815,.T.);
#2383=EDGE_CURVE('',#1908,#1913,#816,.T.);
#2384=EDGE_CURVE('',#1916,#1917,#817,.T.);
#2385=EDGE_CURVE('',#1917,#1918,#1202,.T.);
#2386=EDGE_CURVE('',#1918,#1919,#818,.T.);
#2387=EDGE_CURVE('',#1919,#1916,#819,.T.);
#2388=EDGE_CURVE('',#1920,#1921,#820,.T.);
#2389=EDGE_CURVE('',#1921,#1922,#1203,.T.);
#2390=EDGE_CURVE('',#1922,#1916,#821,.T.);
#2391=EDGE_CURVE('',#1919,#1920,#822,.T.);
#2392=EDGE_CURVE('',#1921,#1915,#823,.T.);
#2393=EDGE_CURVE('',#1914,#1922,#824,.T.);
#2394=EDGE_CURVE('',#1923,#1924,#1204,.T.);
#2395=EDGE_CURVE('',#1924,#1925,#825,.T.);
#2396=EDGE_CURVE('',#1925,#1926,#1205,.T.);
#2397=EDGE_CURVE('',#1926,#1923,#826,.T.);
#2398=EDGE_CURVE('',#1923,#1918,#827,.T.);
#2399=EDGE_CURVE('',#1917,#1924,#828,.T.);
#2400=EDGE_CURVE('',#1902,#1926,#829,.T.);
#2401=EDGE_CURVE('',#1925,#1903,#830,.T.);
#2402=EDGE_CURVE('',#1923,#1847,#831,.T.);
#2403=EDGE_CURVE('',#1846,#1927,#832,.T.);
#2404=EDGE_CURVE('',#1927,#1920,#833,.T.);
#2405=EDGE_CURVE('',#1928,#1905,#1206,.T.);
#2406=EDGE_CURVE('',#1929,#1928,#971,.T.);
#2407=EDGE_CURVE('',#1929,#1913,#1207,.T.);
#2408=EDGE_CURVE('',#1930,#1925,#1208,.T.);
#2409=EDGE_CURVE('',#1928,#1930,#1209,.T.);
#2410=EDGE_CURVE('',#1931,#1879,#1210,.T.);
#2411=EDGE_CURVE('',#1881,#1932,#1211,.T.);
#2412=EDGE_CURVE('',#1932,#1931,#1212,.T.);
#2413=EDGE_CURVE('',#1933,#1880,#1213,.T.);
#2414=EDGE_CURVE('',#1931,#1933,#972,.T.);
#2415=EDGE_CURVE('',#1934,#1935,#1214,.T.);
#2416=EDGE_CURVE('',#1935,#1880,#1215,.T.);
#2417=EDGE_CURVE('',#1933,#1934,#1216,.T.);
#2418=EDGE_CURVE('',#1881,#1935,#973,.T.);
#2419=EDGE_CURVE('',#1934,#1932,#974,.T.);
#2420=EDGE_CURVE('',#1877,#1935,#1217,.T.);
#2421=EDGE_CURVE('',#1930,#1936,#975,.T.);
#2422=EDGE_CURVE('',#1936,#1929,#1218,.T.);
#2423=EDGE_CURVE('',#1937,#1899,#1219,.T.);
#2424=EDGE_CURVE('',#1898,#1938,#1220,.T.);
#2425=EDGE_CURVE('',#1938,#1937,#1221,.T.);
#2426=EDGE_CURVE('',#1939,#1940,#1222,.T.);
#2427=EDGE_CURVE('',#1940,#1899,#976,.T.);
#2428=EDGE_CURVE('',#1937,#1939,#977,.T.);
#2429=EDGE_CURVE('',#1941,#1900,#1223,.T.);
#2430=EDGE_CURVE('',#1900,#1940,#1224,.T.);
#2431=EDGE_CURVE('',#1939,#1941,#1225,.T.);
#2432=EDGE_CURVE('',#1941,#1938,#978,.T.);
#2433=EDGE_CURVE('',#1942,#1943,#1226,.T.);
#2434=EDGE_CURVE('',#1943,#1944,#979,.T.);
#2435=EDGE_CURVE('',#1944,#1945,#1227,.T.);
#2436=EDGE_CURVE('',#1945,#1942,#980,.T.);
#2437=EDGE_CURVE('',#1946,#1947,#834,.T.);
#2438=EDGE_CURVE('',#1947,#1948,#1228,.T.);
#2439=EDGE_CURVE('',#1948,#1949,#835,.T.);
#2440=EDGE_CURVE('',#1949,#1946,#836,.T.);
#2441=EDGE_CURVE('',#1949,#1950,#837,.T.);
#2442=EDGE_CURVE('',#1950,#1951,#1229,.T.);
#2443=EDGE_CURVE('',#1951,#1952,#838,.T.);
#2444=EDGE_CURVE('',#1952,#1946,#839,.T.);
#2445=EDGE_CURVE('',#1953,#1954,#1230,.T.);
#2446=EDGE_CURVE('',#1954,#1955,#840,.T.);
#2447=EDGE_CURVE('',#1955,#1956,#1231,.T.);
#2448=EDGE_CURVE('',#1956,#1953,#841,.T.);
#2449=EDGE_CURVE('',#1955,#1951,#842,.T.);
#2450=EDGE_CURVE('',#1950,#1956,#843,.T.);
#2451=EDGE_CURVE('',#1957,#1958,#1232,.T.);
#2452=EDGE_CURVE('',#1958,#1959,#844,.T.);
#2453=EDGE_CURVE('',#1959,#1960,#1233,.T.);
#2454=EDGE_CURVE('',#1960,#1957,#845,.T.);
#2455=EDGE_CURVE('',#1959,#1954,#846,.T.);
#2456=EDGE_CURVE('',#1953,#1960,#847,.T.);
#2457=EDGE_CURVE('',#1961,#1962,#1234,.T.);
#2458=EDGE_CURVE('',#1962,#1963,#1235,.T.);
#2459=EDGE_CURVE('',#1963,#1964,#1236,.T.);
#2460=EDGE_CURVE('',#1964,#1961,#848,.T.);
#2461=EDGE_CURVE('',#1965,#1966,#849,.T.);
#2462=EDGE_CURVE('',#1966,#1967,#1237,.T.);
#2463=EDGE_CURVE('',#1967,#1961,#850,.T.);
#2464=EDGE_CURVE('',#1964,#1965,#851,.T.);
#2465=EDGE_CURVE('',#1966,#1958,#852,.T.);
#2466=EDGE_CURVE('',#1957,#1967,#853,.T.);
#2467=EDGE_CURVE('',#1968,#1969,#1238,.T.);
#2468=EDGE_CURVE('',#1969,#1970,#854,.T.);
#2469=EDGE_CURVE('',#1970,#1971,#1239,.T.);
#2470=EDGE_CURVE('',#1971,#1968,#855,.T.);
#2471=EDGE_CURVE('',#1968,#1963,#856,.T.);
#2472=EDGE_CURVE('',#1962,#1969,#857,.T.);
#2473=EDGE_CURVE('',#1947,#1971,#858,.T.);
#2474=EDGE_CURVE('',#1970,#1948,#859,.T.);
#2475=EDGE_CURVE('',#1943,#1950,#1240,.T.);
#2476=EDGE_CURVE('',#1942,#1953,#1241,.T.);
#2477=EDGE_CURVE('',#1944,#1969,#1242,.T.);
#2478=EDGE_CURVE('',#1907,#1965,#23,.T.);
#2479=EDGE_CURVE('',#1838,#1971,#860,.T.);
#2480=EDGE_CURVE('',#1972,#1972,#981,.T.);
#2481=EDGE_CURVE('',#1972,#1973,#1243,.T.);
#2482=EDGE_CURVE('',#1973,#1973,#982,.T.);
#2483=EDGE_CURVE('',#1973,#1974,#1244,.T.);
#2484=EDGE_CURVE('',#1974,#1975,#983,.T.);
#2485=EDGE_CURVE('',#1975,#1976,#984,.T.);
#2486=EDGE_CURVE('',#1976,#1977,#985,.T.);
#2487=EDGE_CURVE('',#1977,#1974,#986,.T.);
#2488=EDGE_CURVE('',#1978,#1979,#987,.T.);
#2489=EDGE_CURVE('',#1980,#1978,#1245,.T.);
#2490=EDGE_CURVE('',#1981,#1980,#988,.T.);
#2491=EDGE_CURVE('',#1982,#1981,#1246,.T.);
#2492=EDGE_CURVE('',#1983,#1982,#989,.T.);
#2493=EDGE_CURVE('',#1984,#1983,#990,.T.);
#2494=EDGE_CURVE('',#1985,#1984,#991,.T.);
#2495=EDGE_CURVE('',#1986,#1985,#1247,.T.);
#2496=EDGE_CURVE('',#1987,#1986,#992,.T.);
#2497=EDGE_CURVE('',#1988,#1987,#1248,.T.);
#2498=EDGE_CURVE('',#1989,#1988,#993,.T.);
#2499=EDGE_CURVE('',#1990,#1989,#994,.T.);
#2500=EDGE_CURVE('',#1991,#1990,#995,.T.);
#2501=EDGE_CURVE('',#1992,#1991,#1249,.T.);
#2502=EDGE_CURVE('',#1993,#1992,#996,.T.);
#2503=EDGE_CURVE('',#1994,#1993,#1250,.T.);
#2504=EDGE_CURVE('',#1995,#1994,#997,.T.);
#2505=EDGE_CURVE('',#1996,#1995,#1251,.T.);
#2506=EDGE_CURVE('',#1997,#1996,#998,.T.);
#2507=EDGE_CURVE('',#1998,#1997,#1252,.T.);
#2508=EDGE_CURVE('',#1999,#1998,#999,.T.);
#2509=EDGE_CURVE('',#2000,#1999,#1000,.T.);
#2510=EDGE_CURVE('',#2001,#2000,#1001,.T.);
#2511=EDGE_CURVE('',#2002,#2001,#1253,.T.);
#2512=EDGE_CURVE('',#2003,#2002,#1002,.T.);
#2513=EDGE_CURVE('',#1979,#2003,#1254,.T.);
#2514=EDGE_CURVE('',#1849,#2004,#1255,.T.);
#2515=EDGE_CURVE('',#2004,#2004,#1003,.T.);
#2516=EDGE_CURVE('',#2004,#2005,#1256,.T.);
#2517=EDGE_CURVE('',#2005,#2006,#1004,.T.);
#2518=EDGE_CURVE('',#2007,#2006,#1257,.T.);
#2519=EDGE_CURVE('',#2007,#2008,#1005,.T.);
#2520=EDGE_CURVE('',#2008,#2009,#1258,.T.);
#2521=EDGE_CURVE('',#2009,#2010,#1006,.T.);
#2522=EDGE_CURVE('',#2011,#2010,#1259,.T.);
#2523=EDGE_CURVE('',#2011,#2012,#1007,.T.);
#2524=EDGE_CURVE('',#2012,#2013,#1260,.T.);
#2525=EDGE_CURVE('',#2013,#2005,#1008,.T.);
#2526=EDGE_CURVE('',#1848,#2014,#1261,.T.);
#2527=EDGE_CURVE('',#2014,#2014,#1009,.T.);
#2528=EDGE_CURVE('',#2014,#2015,#1262,.T.);
#2529=EDGE_CURVE('',#2015,#2016,#1010,.T.);
#2530=EDGE_CURVE('',#2017,#2016,#1263,.T.);
#2531=EDGE_CURVE('',#2017,#2018,#1011,.T.);
#2532=EDGE_CURVE('',#2018,#2019,#1264,.T.);
#2533=EDGE_CURVE('',#2019,#2020,#1012,.T.);
#2534=EDGE_CURVE('',#2021,#2020,#1265,.T.);
#2535=EDGE_CURVE('',#2021,#2022,#1013,.T.);
#2536=EDGE_CURVE('',#2022,#2023,#1266,.T.);
#2537=EDGE_CURVE('',#2023,#2015,#1014,.T.);
#2538=EDGE_CURVE('',#2024,#2025,#1015,.T.);
#2539=EDGE_CURVE('',#2025,#2026,#1267,.T.);
#2540=EDGE_CURVE('',#2026,#2026,#1016,.T.);
#2541=EDGE_CURVE('',#2025,#1767,#1017,.T.);
#2542=EDGE_CURVE('',#1771,#1767,#1018,.T.);
#2543=EDGE_CURVE('',#1771,#1775,#1019,.T.);
#2544=EDGE_CURVE('',#2024,#1775,#1020,.T.);
#2545=EDGE_CURVE('',#1768,#2024,#861,.T.);
#2546=EDGE_CURVE('',#1776,#1769,#862,.T.);
#2547=EDGE_CURVE('',#2027,#2028,#1268,.F.);
#2548=EDGE_CURVE('',#2028,#2029,#1269,.T.);
#2549=EDGE_CURVE('',#2029,#2030,#1270,.F.);
#2550=EDGE_CURVE('',#2030,#2027,#1271,.T.);
#2551=EDGE_CURVE('',#2031,#1977,#1272,.T.);
#2552=EDGE_CURVE('',#1974,#2031,#1273,.T.);
#2553=EDGE_CURVE('',#2032,#1974,#1274,.T.);
#2554=EDGE_CURVE('',#1975,#2032,#1275,.T.);
#2555=EDGE_CURVE('',#2033,#1975,#1276,.T.);
#2556=EDGE_CURVE('',#1976,#2033,#1277,.T.);
#2557=EDGE_CURVE('',#2034,#1976,#1278,.T.);
#2558=EDGE_CURVE('',#1977,#2034,#1279,.T.);
#2559=EDGE_CURVE('',#2035,#2036,#1280,.T.);
#2560=EDGE_CURVE('',#2035,#2033,#1281,.T.);
#2561=EDGE_CURVE('',#2036,#2032,#1282,.T.);
#2562=EDGE_CURVE('',#2037,#2038,#1283,.T.);
#2563=EDGE_CURVE('',#2037,#2031,#1284,.T.);
#2564=EDGE_CURVE('',#2038,#2034,#1285,.T.);
#2565=EDGE_CURVE('',#2039,#1805,#1286,.T.);
#2566=EDGE_CURVE('',#1806,#2039,#1287,.T.);
#2567=EDGE_CURVE('',#2040,#1806,#1288,.T.);
#2568=EDGE_CURVE('',#1807,#2040,#1289,.T.);
#2569=EDGE_CURVE('',#2041,#1807,#1290,.T.);
#2570=EDGE_CURVE('',#1804,#2041,#1291,.T.);
#2571=EDGE_CURVE('',#2042,#1804,#1292,.T.);
#2572=EDGE_CURVE('',#1805,#2042,#1293,.T.);
#2573=EDGE_CURVE('',#2043,#2044,#1294,.T.);
#2574=EDGE_CURVE('',#2043,#2042,#1295,.T.);
#2575=EDGE_CURVE('',#2044,#2041,#1296,.T.);
#2576=EDGE_CURVE('',#2045,#2046,#1297,.T.);
#2577=EDGE_CURVE('',#2045,#2040,#1298,.T.);
#2578=EDGE_CURVE('',#2046,#2039,#1299,.T.);
#2579=EDGE_CURVE('',#2047,#1801,#1300,.T.);
#2580=EDGE_CURVE('',#1798,#2047,#1301,.T.);
#2581=EDGE_CURVE('',#2048,#1798,#1302,.T.);
#2582=EDGE_CURVE('',#1799,#2048,#1303,.T.);
#2583=EDGE_CURVE('',#2049,#1799,#1304,.T.);
#2584=EDGE_CURVE('',#1800,#2049,#1305,.T.);
#2585=EDGE_CURVE('',#2050,#1800,#1306,.T.);
#2586=EDGE_CURVE('',#1801,#2050,#1307,.T.);
#2587=EDGE_CURVE('',#2051,#2052,#1308,.T.);
#2588=EDGE_CURVE('',#2051,#2049,#1309,.T.);
#2589=EDGE_CURVE('',#2052,#2048,#1310,.T.);
#2590=EDGE_CURVE('',#2053,#2054,#1311,.T.);
#2591=EDGE_CURVE('',#2053,#2047,#1312,.T.);
#2592=EDGE_CURVE('',#2054,#2050,#1313,.T.);
#2593=EDGE_CURVE('',#2055,#1810,#1314,.T.);
#2594=EDGE_CURVE('',#1811,#2055,#1315,.T.);
#2595=EDGE_CURVE('',#2056,#1811,#1316,.T.);
#2596=EDGE_CURVE('',#1812,#2056,#1317,.T.);
#2597=EDGE_CURVE('',#2057,#1812,#1318,.T.);
#2598=EDGE_CURVE('',#1809,#2057,#1319,.T.);
#2599=EDGE_CURVE('',#2058,#1809,#1320,.T.);
#2600=EDGE_CURVE('',#1810,#2058,#1321,.T.);
#2601=EDGE_CURVE('',#2059,#2060,#1322,.T.);
#2602=EDGE_CURVE('',#2059,#2057,#1323,.T.);
#2603=EDGE_CURVE('',#2060,#2056,#1324,.T.);
#2604=EDGE_CURVE('',#2061,#2062,#1325,.T.);
#2605=EDGE_CURVE('',#2061,#2055,#1326,.T.);
#2606=EDGE_CURVE('',#2062,#2058,#1327,.T.);
#2607=EDGE_CURVE('',#1865,#2038,#1328,.T.);
#2608=EDGE_CURVE('',#2037,#1864,#1329,.T.);
#2609=EDGE_CURVE('',#2016,#2044,#1330,.T.);
#2610=EDGE_CURVE('',#2043,#2023,#1331,.T.);
#2611=EDGE_CURVE('',#1853,#2054,#1332,.T.);
#2612=EDGE_CURVE('',#2053,#1852,#1333,.T.);
#2613=EDGE_CURVE('',#2010,#2062,#1334,.T.);
#2614=EDGE_CURVE('',#2061,#2009,#1335,.T.);
#2615=EDGE_CURVE('',#2020,#2046,#1336,.T.);
#2616=EDGE_CURVE('',#2045,#2019,#1337,.T.);
#2617=EDGE_CURVE('',#2017,#2018,#1338,.T.);
#2618=EDGE_CURVE('',#2021,#2022,#1339,.T.);
#2619=EDGE_CURVE('',#2006,#2060,#1340,.T.);
#2620=EDGE_CURVE('',#2059,#2013,#1341,.T.);
#2621=EDGE_CURVE('',#2007,#2008,#1342,.T.);
#2622=EDGE_CURVE('',#2011,#2012,#1343,.T.);
#2623=EDGE_CURVE('',#1858,#1851,#1344,.T.);
#2624=EDGE_CURVE('',#1857,#2052,#1345,.T.);
#2625=EDGE_CURVE('',#2051,#1856,#1346,.T.);
#2626=EDGE_CURVE('',#1854,#1855,#1347,.T.);
#2627=EDGE_CURVE('',#1869,#2036,#1348,.T.);
#2628=EDGE_CURVE('',#2035,#1868,#1349,.T.);
#2629=EDGE_CURVE('',#1866,#1867,#1350,.T.);
#2630=EDGE_CURVE('',#1870,#1863,#1351,.T.);
#2631=EDGE_CURVE('',#2030,#1772,#1352,.T.);
#2632=EDGE_CURVE('',#1766,#2027,#1353,.T.);
#2633=EDGE_CURVE('',#2024,#2063,#1021,.T.);
#2634=EDGE_CURVE('',#2063,#1764,#863,.T.);
#2635=EDGE_CURVE('',#1774,#2064,#1022,.T.);
#2636=EDGE_CURVE('',#2064,#2065,#1354,.T.);
#2637=EDGE_CURVE('',#2065,#2066,#1023,.F.);
#2638=EDGE_CURVE('',#2066,#2067,#864,.T.);
#2639=EDGE_CURVE('',#2067,#2068,#1355,.T.);
#2640=EDGE_CURVE('',#2068,#2069,#1024,.T.);
#2641=EDGE_CURVE('',#2069,#2070,#1356,.T.);
#2642=EDGE_CURVE('',#2070,#2071,#865,.T.);
#2643=EDGE_CURVE('',#2071,#2072,#1025,.T.);
#2644=EDGE_CURVE('',#2072,#2073,#1357,.T.);
#2645=EDGE_CURVE('',#2073,#2063,#1026,.T.);
#2646=EDGE_CURVE('',#1993,#1773,#1358,.T.);
#2647=EDGE_CURVE('',#1992,#2064,#1359,.T.);
#2648=EDGE_CURVE('',#1794,#1885,#1027,.T.);
#2649=EDGE_CURVE('',#1886,#1823,#1028,.T.);
#2650=EDGE_CURVE('',#1824,#2074,#1029,.T.);
#2651=EDGE_CURVE('',#2075,#2074,#866,.T.);
#2652=EDGE_CURVE('',#2075,#2076,#1106,.T.);
#2653=EDGE_CURVE('',#2076,#2077,#1107,.T.);
#2654=EDGE_CURVE('',#2078,#2077,#867,.T.);
#2655=EDGE_CURVE('',#2078,#2079,#1030,.T.);
#2656=EDGE_CURVE('',#2080,#2079,#868,.T.);
#2657=EDGE_CURVE('',#2080,#2081,#1108,.T.);
#2658=EDGE_CURVE('',#2081,#2082,#1109,.T.);
#2659=EDGE_CURVE('',#1888,#2082,#869,.T.);
#2660=EDGE_CURVE('',#2083,#1882,#870,.T.);
#2661=EDGE_CURVE('',#2083,#2084,#1110,.T.);
#2662=EDGE_CURVE('',#2084,#2085,#1111,.T.);
#2663=EDGE_CURVE('',#2086,#2085,#871,.T.);
#2664=EDGE_CURVE('',#2086,#2087,#1031,.T.);
#2665=EDGE_CURVE('',#2088,#2087,#872,.T.);
#2666=EDGE_CURVE('',#2088,#2089,#1112,.T.);
#2667=EDGE_CURVE('',#2089,#2090,#1113,.T.);
#2668=EDGE_CURVE('',#1830,#2090,#873,.T.);
#2669=EDGE_CURVE('',#2091,#1813,#1032,.T.);
#2670=EDGE_CURVE('',#2092,#2091,#1360,.T.);
#2671=EDGE_CURVE('',#2074,#2092,#1033,.T.);
#2672=EDGE_CURVE('',#1945,#1967,#1361,.T.);
#2673=EDGE_CURVE('',#1936,#1922,#1362,.T.);
#2674=EDGE_CURVE('',#1952,#2093,#874,.T.);
#2675=EDGE_CURVE('',#2093,#1839,#875,.T.);
#2676=EDGE_CURVE('',#1897,#1940,#1363,.T.);
#2677=EDGE_CURVE('',#2094,#1841,#876,.T.);
#2678=EDGE_CURVE('',#2094,#2095,#24,.T.);
#2679=EDGE_CURVE('',#1844,#2095,#877,.T.);
#2680=EDGE_CURVE('',#1979,#2096,#1364,.T.);
#2681=EDGE_CURVE('',#2096,#2097,#1034,.T.);
#2682=EDGE_CURVE('',#2097,#1978,#1365,.T.);
#2683=EDGE_CURVE('',#2098,#2099,#1035,.T.);
#2684=EDGE_CURVE('',#2099,#2097,#1036,.T.);
#2685=EDGE_CURVE('',#2096,#2098,#1037,.T.);
#2686=EDGE_CURVE('',#2100,#2101,#1038,.T.);
#2687=EDGE_CURVE('',#2101,#2099,#1366,.T.);
#2688=EDGE_CURVE('',#2098,#2100,#1367,.T.);
#2689=EDGE_CURVE('',#2102,#2103,#1039,.T.);
#2690=EDGE_CURVE('',#2103,#2101,#1040,.T.);
#2691=EDGE_CURVE('',#2100,#2102,#1041,.T.);
#2692=EDGE_CURVE('',#2085,#2103,#1368,.T.);
#2693=EDGE_CURVE('',#2102,#2088,#1369,.T.);
#2694=EDGE_CURVE('',#2087,#2086,#1042,.T.);
#2695=EDGE_CURVE('',#1980,#1764,#1370,.T.);
#2696=EDGE_CURVE('',#2104,#2083,#1371,.T.);
#2697=EDGE_CURVE('',#2104,#2028,#1372,.T.);
#2698=EDGE_CURVE('',#2090,#2105,#1373,.T.);
#2699=EDGE_CURVE('',#2105,#2106,#1043,.T.);
#2700=EDGE_CURVE('',#2106,#1831,#1374,.T.);
#2701=EDGE_CURVE('',#2107,#2108,#1044,.T.);
#2702=EDGE_CURVE('',#2108,#2106,#1045,.T.);
#2703=EDGE_CURVE('',#2105,#2107,#1046,.T.);
#2704=EDGE_CURVE('',#2109,#2110,#1047,.T.);
#2705=EDGE_CURVE('',#2110,#2108,#1375,.T.);
#2706=EDGE_CURVE('',#2107,#2109,#1376,.T.);
#2707=EDGE_CURVE('',#2109,#2111,#878,.T.);
#2708=EDGE_CURVE('',#2111,#2112,#1048,.T.);
#2709=EDGE_CURVE('',#2112,#2110,#879,.T.);
#2710=EDGE_CURVE('',#2113,#2114,#1049,.T.);
#2711=EDGE_CURVE('',#2114,#2112,#880,.T.);
#2712=EDGE_CURVE('',#2111,#2113,#881,.T.);
#2713=EDGE_CURVE('',#2113,#2115,#882,.T.);
#2714=EDGE_CURVE('',#2115,#2116,#1050,.T.);
#2715=EDGE_CURVE('',#2116,#2114,#883,.T.);
#2716=EDGE_CURVE('',#2117,#2118,#1051,.T.);
#2717=EDGE_CURVE('',#2118,#2116,#1377,.T.);
#2718=EDGE_CURVE('',#2115,#2117,#1378,.T.);
#2719=EDGE_CURVE('',#2119,#2117,#1379,.T.);
#2720=EDGE_CURVE('',#2120,#2119,#1052,.T.);
#2721=EDGE_CURVE('',#2121,#2120,#1380,.T.);
#2722=EDGE_CURVE('',#2122,#2121,#1053,.T.);
#2723=EDGE_CURVE('',#2123,#2122,#1054,.T.);
#2724=EDGE_CURVE('',#2124,#2123,#1055,.T.);
#2725=EDGE_CURVE('',#2125,#2124,#1381,.T.);
#2726=EDGE_CURVE('',#2126,#2125,#1056,.T.);
#2727=EDGE_CURVE('',#2127,#2126,#1382,.T.);
#2728=EDGE_CURVE('',#2128,#2127,#1057,.T.);
#2729=EDGE_CURVE('',#2129,#2128,#1383,.T.);
#2730=EDGE_CURVE('',#2130,#2129,#1058,.T.);
#2731=EDGE_CURVE('',#2131,#2130,#1384,.T.);
#2732=EDGE_CURVE('',#2132,#2131,#1059,.T.);
#2733=EDGE_CURVE('',#2133,#2132,#1385,.T.);
#2734=EDGE_CURVE('',#2134,#2133,#1060,.T.);
#2735=EDGE_CURVE('',#2118,#2134,#1386,.T.);
#2736=EDGE_CURVE('',#2117,#1979,#1387,.T.);
#2737=EDGE_CURVE('',#2113,#2096,#1388,.T.);
#2738=EDGE_CURVE('',#2111,#2098,#1389,.T.);
#2739=EDGE_CURVE('',#2100,#2107,#1390,.T.);
#2740=EDGE_CURVE('',#2105,#2102,#1391,.T.);
#2741=EDGE_CURVE('',#2077,#2135,#1392,.T.);
#2742=EDGE_CURVE('',#2135,#2136,#1061,.T.);
#2743=EDGE_CURVE('',#2136,#2080,#1393,.T.);
#2744=EDGE_CURVE('',#2079,#2078,#1062,.T.);
#2745=EDGE_CURVE('',#2137,#2138,#1063,.T.);
#2746=EDGE_CURVE('',#2138,#2136,#1064,.T.);
#2747=EDGE_CURVE('',#2135,#2137,#1065,.T.);
#2748=EDGE_CURVE('',#2139,#2140,#1066,.T.);
#2749=EDGE_CURVE('',#2140,#2138,#1394,.T.);
#2750=EDGE_CURVE('',#2137,#2139,#1395,.T.);
#2751=EDGE_CURVE('',#2141,#2142,#1067,.T.);
#2752=EDGE_CURVE('',#2142,#2140,#1068,.T.);
#2753=EDGE_CURVE('',#2139,#2141,#1069,.T.);
#2754=EDGE_CURVE('',#1994,#2142,#1396,.T.);
#2755=EDGE_CURVE('',#2141,#1995,#1397,.T.);
#2756=EDGE_CURVE('',#2143,#2139,#1398,.T.);
#2757=EDGE_CURVE('',#2144,#2143,#884,.T.);
#2758=EDGE_CURVE('',#2141,#2144,#1399,.F.);
#2759=EDGE_CURVE('',#2145,#2137,#1400,.T.);
#2760=EDGE_CURVE('',#2146,#2145,#1401,.T.);
#2761=EDGE_CURVE('',#2143,#2146,#885,.T.);
#2762=EDGE_CURVE('',#2135,#2147,#1402,.T.);
#2763=EDGE_CURVE('',#2145,#2147,#1070,.T.);
#2764=EDGE_CURVE('',#2147,#2075,#1403,.T.);
#2765=EDGE_CURVE('',#2127,#2148,#1404,.T.);
#2766=EDGE_CURVE('',#2148,#2149,#1071,.T.);
#2767=EDGE_CURVE('',#2149,#2128,#1405,.T.);
#2768=EDGE_CURVE('',#2148,#2144,#886,.T.);
#2769=EDGE_CURVE('',#2144,#2150,#1072,.T.);
#2770=EDGE_CURVE('',#2150,#2149,#887,.T.);
#2771=EDGE_CURVE('',#2143,#2151,#1073,.T.);
#2772=EDGE_CURVE('',#2151,#2150,#888,.T.);
#2773=EDGE_CURVE('',#2146,#2152,#1074,.T.);
#2774=EDGE_CURVE('',#2152,#2151,#889,.T.);
#2775=EDGE_CURVE('',#2145,#2153,#1075,.T.);
#2776=EDGE_CURVE('',#2153,#2152,#1406,.T.);
#2777=EDGE_CURVE('',#2147,#2154,#1076,.T.);
#2778=EDGE_CURVE('',#2154,#2153,#1077,.T.);
#2779=EDGE_CURVE('',#2092,#2154,#1407,.T.);
#2780=EDGE_CURVE('',#1995,#2127,#1408,.T.);
#2781=EDGE_CURVE('',#2155,#2156,#890,.T.);
#2782=EDGE_CURVE('',#2155,#1983,#1409,.T.);
#2783=EDGE_CURVE('',#1982,#2156,#1410,.T.);
#2784=EDGE_CURVE('',#1981,#2073,#1411,.T.);
#2785=EDGE_CURVE('',#2156,#2072,#1114,.T.);
#2786=EDGE_CURVE('',#2157,#2158,#891,.T.);
#2787=EDGE_CURVE('',#2157,#1991,#1412,.T.);
#2788=EDGE_CURVE('',#1990,#2158,#1413,.T.);
#2789=EDGE_CURVE('',#2159,#1989,#1414,.T.);
#2790=EDGE_CURVE('',#2159,#2160,#25,.F.);
#2791=EDGE_CURVE('',#2160,#2161,#892,.T.);
#2792=EDGE_CURVE('',#2161,#2158,#1078,.F.);
#2793=EDGE_CURVE('',#2162,#2163,#893,.T.);
#2794=EDGE_CURVE('',#2163,#2164,#1415,.T.);
#2795=EDGE_CURVE('',#2164,#2165,#1079,.T.);
#2796=EDGE_CURVE('',#2165,#2162,#1416,.T.);
#2797=EDGE_CURVE('',#2152,#2165,#1080,.T.);
#2798=EDGE_CURVE('',#2164,#2130,#1081,.T.);
#2799=EDGE_CURVE('',#2129,#2149,#1082,.T.);
#2800=EDGE_CURVE('',#2164,#2166,#1417,.T.);
#2801=EDGE_CURVE('',#2131,#2166,#894,.T.);
#2802=EDGE_CURVE('',#2162,#2091,#1418,.T.);
#2803=EDGE_CURVE('',#2166,#2163,#1083,.T.);
#2804=EDGE_CURVE('',#2167,#2168,#895,.F.);
#2805=EDGE_CURVE('',#2167,#2169,#1419,.T.);
#2806=EDGE_CURVE('',#2169,#2170,#1084,.T.);
#2807=EDGE_CURVE('',#2170,#2168,#1420,.T.);
#2808=EDGE_CURVE('',#2116,#2134,#1085,.T.);
#2809=EDGE_CURVE('',#2133,#2170,#1086,.T.);
#2810=EDGE_CURVE('',#2169,#2110,#1087,.T.);
#2811=EDGE_CURVE('',#1832,#2167,#1421,.T.);
#2812=EDGE_CURVE('',#2171,#2172,#26,.T.);
#2813=EDGE_CURVE('',#2171,#1985,#1422,.T.);
#2814=EDGE_CURVE('',#1984,#2172,#1423,.T.);
#2815=EDGE_CURVE('',#2155,#2173,#1088,.F.);
#2816=EDGE_CURVE('',#2173,#2174,#896,.F.);
#2817=EDGE_CURVE('',#2174,#2172,#27,.F.);
#2818=EDGE_CURVE('',#2159,#2175,#28,.T.);
#2819=EDGE_CURVE('',#1988,#2175,#1424,.T.);
#2820=EDGE_CURVE('',#1987,#2176,#1425,.T.);
#2821=EDGE_CURVE('',#2175,#2176,#1426,.T.);
#2822=EDGE_CURVE('',#2104,#1883,#1089,.T.);
#2823=EDGE_CURVE('',#1889,#2177,#1090,.T.);
#2824=EDGE_CURVE('',#2029,#2177,#1427,.T.);
#2825=EDGE_CURVE('',#2082,#2177,#1428,.T.);
#2826=EDGE_CURVE('',#2003,#2119,#1429,.T.);
#2827=EDGE_CURVE('',#2002,#2120,#1430,.T.);
#2828=EDGE_CURVE('',#2001,#2121,#1431,.T.);
#2829=EDGE_CURVE('',#2000,#2122,#1432,.T.);
#2830=EDGE_CURVE('',#1999,#2123,#1433,.T.);
#2831=EDGE_CURVE('',#1998,#2124,#1434,.T.);
#2832=EDGE_CURVE('',#1997,#2125,#1435,.T.);
#2833=EDGE_CURVE('',#1996,#2126,#1436,.T.);
#2834=EDGE_CURVE('',#2065,#2157,#1115,.T.);
#2835=EDGE_CURVE('',#1986,#2178,#1437,.T.);
#2836=EDGE_CURVE('',#2069,#2178,#29,.T.);
#2837=EDGE_CURVE('',#2176,#2068,#30,.T.);
#2838=EDGE_CURVE('',#2178,#2171,#1438,.T.);
#2839=EDGE_CURVE('',#2179,#2166,#1091,.T.);
#2840=EDGE_CURVE('',#2095,#2179,#897,.T.);
#2841=EDGE_CURVE('',#2180,#2094,#898,.T.);
#2842=EDGE_CURVE('',#2181,#2180,#1092,.T.);
#2843=EDGE_CURVE('',#2181,#2132,#899,.T.);
#2844=EDGE_CURVE('',#2093,#2168,#1093,.T.);
#2845=EDGE_CURVE('',#2163,#1927,#1094,.T.);
#2846=EDGE_CURVE('',#2067,#2160,#900,.T.);
#2847=EDGE_CURVE('',#2071,#2173,#901,.T.);
#2848=EDGE_CURVE('',#2161,#2066,#902,.T.);
#2849=EDGE_CURVE('',#2174,#2070,#903,.T.);
#2850=EDGE_CURVE('',#2170,#2181,#1439,.T.);
#2851=EDGE_CURVE('',#2168,#2181,#1095,.T.);
#2852=EDGE_CURVE('',#2179,#1845,#904,.T.);
#2853=EDGE_CURVE('',#1840,#2180,#905,.T.);
#2854=ORIENTED_EDGE('',*,*,#2182,.F.);
#2855=ORIENTED_EDGE('',*,*,#2183,.F.);
#2856=ORIENTED_EDGE('',*,*,#2184,.T.);
#2857=ORIENTED_EDGE('',*,*,#2185,.T.);
#2858=ORIENTED_EDGE('',*,*,#2186,.F.);
#2859=ORIENTED_EDGE('',*,*,#2187,.F.);
#2860=ORIENTED_EDGE('',*,*,#2188,.T.);
#2861=ORIENTED_EDGE('',*,*,#2189,.T.);
#2862=ORIENTED_EDGE('',*,*,#2190,.F.);
#2863=ORIENTED_EDGE('',*,*,#2191,.T.);
#2864=ORIENTED_EDGE('',*,*,#2192,.T.);
#2865=ORIENTED_EDGE('',*,*,#2193,.T.);
#2866=ORIENTED_EDGE('',*,*,#2194,.F.);
#2867=ORIENTED_EDGE('',*,*,#2195,.F.);
#2868=ORIENTED_EDGE('',*,*,#2196,.T.);
#2869=ORIENTED_EDGE('',*,*,#2197,.F.);
#2870=ORIENTED_EDGE('',*,*,#2196,.F.);
#2871=ORIENTED_EDGE('',*,*,#2197,.T.);
#2872=ORIENTED_EDGE('',*,*,#2198,.F.);
#2873=ORIENTED_EDGE('',*,*,#2199,.F.);
#2874=ORIENTED_EDGE('',*,*,#2200,.T.);
#2875=ORIENTED_EDGE('',*,*,#2201,.F.);
#2876=ORIENTED_EDGE('',*,*,#2200,.F.);
#2877=ORIENTED_EDGE('',*,*,#2201,.T.);
#2878=ORIENTED_EDGE('',*,*,#2202,.F.);
#2879=ORIENTED_EDGE('',*,*,#2203,.F.);
#2880=ORIENTED_EDGE('',*,*,#2204,.T.);
#2881=ORIENTED_EDGE('',*,*,#2205,.F.);
#2882=ORIENTED_EDGE('',*,*,#2206,.T.);
#2883=ORIENTED_EDGE('',*,*,#2203,.T.);
#2884=ORIENTED_EDGE('',*,*,#2207,.T.);
#2885=ORIENTED_EDGE('',*,*,#2208,.T.);
#2886=ORIENTED_EDGE('',*,*,#2209,.T.);
#2887=ORIENTED_EDGE('',*,*,#2210,.T.);
#2888=ORIENTED_EDGE('',*,*,#2205,.T.);
#2889=ORIENTED_EDGE('',*,*,#2211,.T.);
#2890=ORIENTED_EDGE('',*,*,#2212,.T.);
#2891=ORIENTED_EDGE('',*,*,#2210,.F.);
#2892=ORIENTED_EDGE('',*,*,#2213,.F.);
#2893=ORIENTED_EDGE('',*,*,#2214,.F.);
#2894=ORIENTED_EDGE('',*,*,#2215,.F.);
#2895=ORIENTED_EDGE('',*,*,#2216,.F.);
#2896=ORIENTED_EDGE('',*,*,#2217,.T.);
#2897=ORIENTED_EDGE('',*,*,#2218,.F.);
#2898=ORIENTED_EDGE('',*,*,#2219,.T.);
#2899=ORIENTED_EDGE('',*,*,#2206,.F.);
#2900=ORIENTED_EDGE('',*,*,#2212,.F.);
#2901=ORIENTED_EDGE('',*,*,#2220,.T.);
#2902=ORIENTED_EDGE('',*,*,#2221,.F.);
#2903=ORIENTED_EDGE('',*,*,#2214,.T.);
#2904=ORIENTED_EDGE('',*,*,#2222,.T.);
#2905=ORIENTED_EDGE('',*,*,#2223,.T.);
#2906=ORIENTED_EDGE('',*,*,#2224,.T.);
#2907=ORIENTED_EDGE('',*,*,#2225,.T.);
#2908=ORIENTED_EDGE('',*,*,#2226,.T.);
#2909=ORIENTED_EDGE('',*,*,#2222,.F.);
#2910=ORIENTED_EDGE('',*,*,#2213,.T.);
#2911=ORIENTED_EDGE('',*,*,#2227,.T.);
#2912=ORIENTED_EDGE('',*,*,#2228,.T.);
#2913=ORIENTED_EDGE('',*,*,#2215,.T.);
#2914=ORIENTED_EDGE('',*,*,#2221,.T.);
#2915=ORIENTED_EDGE('',*,*,#2202,.T.);
#2916=ORIENTED_EDGE('',*,*,#2229,.T.);
#2917=ORIENTED_EDGE('',*,*,#2230,.T.);
#2918=ORIENTED_EDGE('',*,*,#2231,.T.);
#2919=ORIENTED_EDGE('',*,*,#2232,.T.);
#2920=ORIENTED_EDGE('',*,*,#2233,.T.);
#2921=ORIENTED_EDGE('',*,*,#2234,.T.);
#2922=ORIENTED_EDGE('',*,*,#2229,.F.);
#2923=ORIENTED_EDGE('',*,*,#2235,.T.);
#2924=ORIENTED_EDGE('',*,*,#2194,.T.);
#2925=ORIENTED_EDGE('',*,*,#2199,.T.);
#2926=ORIENTED_EDGE('',*,*,#2198,.T.);
#2927=ORIENTED_EDGE('',*,*,#2236,.T.);
#2928=ORIENTED_EDGE('',*,*,#2237,.T.);
#2929=ORIENTED_EDGE('',*,*,#2238,.T.);
#2930=ORIENTED_EDGE('',*,*,#2239,.T.);
#2931=ORIENTED_EDGE('',*,*,#2240,.T.);
#2932=ORIENTED_EDGE('',*,*,#2241,.T.);
#2933=ORIENTED_EDGE('',*,*,#2236,.F.);
#2934=ORIENTED_EDGE('',*,*,#2242,.T.);
#2935=ORIENTED_EDGE('',*,*,#2186,.T.);
#2936=ORIENTED_EDGE('',*,*,#2195,.T.);
#2937=ORIENTED_EDGE('',*,*,#2243,.T.);
#2938=ORIENTED_EDGE('',*,*,#2244,.T.);
#2939=ORIENTED_EDGE('',*,*,#2245,.T.);
#2940=ORIENTED_EDGE('',*,*,#2246,.T.);
#2941=ORIENTED_EDGE('',*,*,#2247,.T.);
#2942=ORIENTED_EDGE('',*,*,#2248,.T.);
#2943=ORIENTED_EDGE('',*,*,#2245,.F.);
#2944=ORIENTED_EDGE('',*,*,#2249,.T.);
#2945=ORIENTED_EDGE('',*,*,#2250,.T.);
#2946=ORIENTED_EDGE('',*,*,#2251,.T.);
#2947=ORIENTED_EDGE('',*,*,#2247,.F.);
#2948=ORIENTED_EDGE('',*,*,#2252,.T.);
#2949=ORIENTED_EDGE('',*,*,#2250,.F.);
#2950=ORIENTED_EDGE('',*,*,#2253,.T.);
#2951=ORIENTED_EDGE('',*,*,#2208,.F.);
#2952=ORIENTED_EDGE('',*,*,#2254,.T.);
#2953=ORIENTED_EDGE('',*,*,#2255,.F.);
#2954=ORIENTED_EDGE('',*,*,#2256,.F.);
#2955=ORIENTED_EDGE('',*,*,#2252,.F.);
#2956=ORIENTED_EDGE('',*,*,#2257,.F.);
#2957=ORIENTED_EDGE('',*,*,#2209,.F.);
#2958=ORIENTED_EDGE('',*,*,#2253,.F.);
#2959=ORIENTED_EDGE('',*,*,#2211,.F.);
#2960=ORIENTED_EDGE('',*,*,#2204,.F.);
#2961=ORIENTED_EDGE('',*,*,#2257,.T.);
#2962=ORIENTED_EDGE('',*,*,#2249,.F.);
#2963=ORIENTED_EDGE('',*,*,#2258,.T.);
#2964=ORIENTED_EDGE('',*,*,#2259,.F.);
#2965=ORIENTED_EDGE('',*,*,#2227,.F.);
#2966=ORIENTED_EDGE('',*,*,#2220,.F.);
#2967=ORIENTED_EDGE('',*,*,#2244,.F.);
#2968=ORIENTED_EDGE('',*,*,#2260,.F.);
#2969=ORIENTED_EDGE('',*,*,#2261,.F.);
#2970=ORIENTED_EDGE('',*,*,#2258,.F.);
#2971=ORIENTED_EDGE('',*,*,#2255,.T.);
#2972=ORIENTED_EDGE('',*,*,#2262,.T.);
#2973=ORIENTED_EDGE('',*,*,#2263,.T.);
#2974=ORIENTED_EDGE('',*,*,#2264,.T.);
#2975=ORIENTED_EDGE('',*,*,#2265,.T.);
#2976=ORIENTED_EDGE('',*,*,#2266,.T.);
#2977=ORIENTED_EDGE('',*,*,#2263,.F.);
#2978=ORIENTED_EDGE('',*,*,#2218,.T.);
#2979=ORIENTED_EDGE('',*,*,#2267,.T.);
#2980=ORIENTED_EDGE('',*,*,#2268,.T.);
#2981=ORIENTED_EDGE('',*,*,#2265,.F.);
#2982=ORIENTED_EDGE('',*,*,#2269,.T.);
#2983=ORIENTED_EDGE('',*,*,#2267,.F.);
#2984=ORIENTED_EDGE('',*,*,#2270,.T.);
#2985=ORIENTED_EDGE('',*,*,#2271,.F.);
#2986=ORIENTED_EDGE('',*,*,#2272,.F.);
#2987=ORIENTED_EDGE('',*,*,#2273,.F.);
#2988=ORIENTED_EDGE('',*,*,#2274,.F.);
#2989=ORIENTED_EDGE('',*,*,#2269,.F.);
#2990=ORIENTED_EDGE('',*,*,#2217,.F.);
#2991=ORIENTED_EDGE('',*,*,#2275,.F.);
#2992=ORIENTED_EDGE('',*,*,#2270,.F.);
#2993=ORIENTED_EDGE('',*,*,#2262,.F.);
#2994=ORIENTED_EDGE('',*,*,#2254,.F.);
#2995=ORIENTED_EDGE('',*,*,#2207,.F.);
#2996=ORIENTED_EDGE('',*,*,#2219,.F.);
#2997=ORIENTED_EDGE('',*,*,#2276,.T.);
#2998=ORIENTED_EDGE('',*,*,#2277,.T.);
#2999=ORIENTED_EDGE('',*,*,#2278,.T.);
#3000=ORIENTED_EDGE('',*,*,#2279,.F.);
#3001=ORIENTED_EDGE('',*,*,#2280,.T.);
#3002=ORIENTED_EDGE('',*,*,#2277,.F.);
#3003=ORIENTED_EDGE('',*,*,#2281,.T.);
#3004=ORIENTED_EDGE('',*,*,#2282,.T.);
#3005=ORIENTED_EDGE('',*,*,#2279,.T.);
#3006=ORIENTED_EDGE('',*,*,#2278,.F.);
#3007=ORIENTED_EDGE('',*,*,#2283,.F.);
#3008=ORIENTED_EDGE('',*,*,#2284,.F.);
#3009=ORIENTED_EDGE('',*,*,#2285,.F.);
#3010=ORIENTED_EDGE('',*,*,#2286,.F.);
#3011=ORIENTED_EDGE('',*,*,#2287,.F.);
#3012=ORIENTED_EDGE('',*,*,#2288,.F.);
#3013=ORIENTED_EDGE('',*,*,#2289,.F.);
#3014=ORIENTED_EDGE('',*,*,#2290,.F.);
#3015=ORIENTED_EDGE('',*,*,#2291,.F.);
#3016=ORIENTED_EDGE('',*,*,#2292,.F.);
#3017=ORIENTED_EDGE('',*,*,#2293,.F.);
#3018=ORIENTED_EDGE('',*,*,#2294,.F.);
#3019=ORIENTED_EDGE('',*,*,#2295,.F.);
#3020=ORIENTED_EDGE('',*,*,#2276,.F.);
#3021=ORIENTED_EDGE('',*,*,#2282,.F.);
#3022=ORIENTED_EDGE('',*,*,#2296,.T.);
#3023=ORIENTED_EDGE('',*,*,#2297,.T.);
#3024=ORIENTED_EDGE('',*,*,#2298,.T.);
#3025=ORIENTED_EDGE('',*,*,#2299,.T.);
#3026=ORIENTED_EDGE('',*,*,#2300,.F.);
#3027=ORIENTED_EDGE('',*,*,#2301,.T.);
#3028=ORIENTED_EDGE('',*,*,#2302,.T.);
#3029=ORIENTED_EDGE('',*,*,#2303,.T.);
#3030=ORIENTED_EDGE('',*,*,#2304,.F.);
#3031=ORIENTED_EDGE('',*,*,#2305,.T.);
#3032=ORIENTED_EDGE('',*,*,#2296,.F.);
#3033=ORIENTED_EDGE('',*,*,#2281,.F.);
#3034=ORIENTED_EDGE('',*,*,#2306,.T.);
#3035=ORIENTED_EDGE('',*,*,#2307,.T.);
#3036=ORIENTED_EDGE('',*,*,#2288,.T.);
#3037=ORIENTED_EDGE('',*,*,#2308,.F.);
#3038=ORIENTED_EDGE('',*,*,#2309,.T.);
#3039=ORIENTED_EDGE('',*,*,#2307,.F.);
#3040=ORIENTED_EDGE('',*,*,#2310,.T.);
#3041=ORIENTED_EDGE('',*,*,#2311,.T.);
#3042=ORIENTED_EDGE('',*,*,#2308,.T.);
#3043=ORIENTED_EDGE('',*,*,#2306,.F.);
#3044=ORIENTED_EDGE('',*,*,#2311,.F.);
#3045=ORIENTED_EDGE('',*,*,#2312,.T.);
#3046=ORIENTED_EDGE('',*,*,#2313,.T.);
#3047=ORIENTED_EDGE('',*,*,#2314,.T.);
#3048=ORIENTED_EDGE('',*,*,#2315,.T.);
#3049=ORIENTED_EDGE('',*,*,#2316,.F.);
#3050=ORIENTED_EDGE('',*,*,#2317,.T.);
#3051=ORIENTED_EDGE('',*,*,#2318,.T.);
#3052=ORIENTED_EDGE('',*,*,#2319,.T.);
#3053=ORIENTED_EDGE('',*,*,#2320,.F.);
#3054=ORIENTED_EDGE('',*,*,#2321,.T.);
#3055=ORIENTED_EDGE('',*,*,#2312,.F.);
#3056=ORIENTED_EDGE('',*,*,#2310,.F.);
#3057=ORIENTED_EDGE('',*,*,#2322,.T.);
#3058=ORIENTED_EDGE('',*,*,#2323,.T.);
#3059=ORIENTED_EDGE('',*,*,#2324,.T.);
#3060=ORIENTED_EDGE('',*,*,#2325,.T.);
#3061=ORIENTED_EDGE('',*,*,#2326,.T.);
#3062=ORIENTED_EDGE('',*,*,#2327,.T.);
#3063=ORIENTED_EDGE('',*,*,#2322,.F.);
#3064=ORIENTED_EDGE('',*,*,#2328,.T.);
#3065=ORIENTED_EDGE('',*,*,#2329,.T.);
#3066=ORIENTED_EDGE('',*,*,#2330,.T.);
#3067=ORIENTED_EDGE('',*,*,#2326,.F.);
#3068=ORIENTED_EDGE('',*,*,#2331,.T.);
#3069=ORIENTED_EDGE('',*,*,#2324,.F.);
#3070=ORIENTED_EDGE('',*,*,#2332,.T.);
#3071=ORIENTED_EDGE('',*,*,#2329,.F.);
#3072=ORIENTED_EDGE('',*,*,#2333,.T.);
#3073=ORIENTED_EDGE('',*,*,#2328,.F.);
#3074=ORIENTED_EDGE('',*,*,#2334,.T.);
#3075=ORIENTED_EDGE('',*,*,#2335,.F.);
#3076=ORIENTED_EDGE('',*,*,#2336,.F.);
#3077=ORIENTED_EDGE('',*,*,#2325,.F.);
#3078=ORIENTED_EDGE('',*,*,#2337,.T.);
#3079=ORIENTED_EDGE('',*,*,#2338,.F.);
#3080=ORIENTED_EDGE('',*,*,#2334,.F.);
#3081=ORIENTED_EDGE('',*,*,#2339,.F.);
#3082=ORIENTED_EDGE('',*,*,#2340,.F.);
#3083=ORIENTED_EDGE('',*,*,#2341,.F.);
#3084=ORIENTED_EDGE('',*,*,#2342,.T.);
#3085=ORIENTED_EDGE('',*,*,#2343,.F.);
#3086=ORIENTED_EDGE('',*,*,#2344,.F.);
#3087=ORIENTED_EDGE('',*,*,#2345,.F.);
#3088=ORIENTED_EDGE('',*,*,#2346,.T.);
#3089=ORIENTED_EDGE('',*,*,#2347,.F.);
#3090=ORIENTED_EDGE('',*,*,#2348,.F.);
#3091=ORIENTED_EDGE('',*,*,#2349,.F.);
#3092=ORIENTED_EDGE('',*,*,#2350,.F.);
#3093=ORIENTED_EDGE('',*,*,#2323,.F.);
#3094=ORIENTED_EDGE('',*,*,#2327,.F.);
#3095=ORIENTED_EDGE('',*,*,#2330,.F.);
#3096=ORIENTED_EDGE('',*,*,#2332,.F.);
#3097=ORIENTED_EDGE('',*,*,#2351,.T.);
#3098=ORIENTED_EDGE('',*,*,#2347,.T.);
#3099=ORIENTED_EDGE('',*,*,#2352,.T.);
#3100=ORIENTED_EDGE('',*,*,#2353,.T.);
#3101=ORIENTED_EDGE('',*,*,#2354,.T.);
#3102=ORIENTED_EDGE('',*,*,#2348,.T.);
#3103=ORIENTED_EDGE('',*,*,#2351,.F.);
#3104=ORIENTED_EDGE('',*,*,#2355,.T.);
#3105=ORIENTED_EDGE('',*,*,#2356,.T.);
#3106=ORIENTED_EDGE('',*,*,#2349,.T.);
#3107=ORIENTED_EDGE('',*,*,#2354,.F.);
#3108=ORIENTED_EDGE('',*,*,#2357,.T.);
#3109=ORIENTED_EDGE('',*,*,#2352,.F.);
#3110=ORIENTED_EDGE('',*,*,#2350,.T.);
#3111=ORIENTED_EDGE('',*,*,#2356,.F.);
#3112=ORIENTED_EDGE('',*,*,#2358,.T.);
#3113=ORIENTED_EDGE('',*,*,#2355,.F.);
#3114=ORIENTED_EDGE('',*,*,#2359,.T.);
#3115=ORIENTED_EDGE('',*,*,#2360,.F.);
#3116=ORIENTED_EDGE('',*,*,#2361,.F.);
#3117=ORIENTED_EDGE('',*,*,#2353,.F.);
#3118=ORIENTED_EDGE('',*,*,#2362,.T.);
#3119=ORIENTED_EDGE('',*,*,#2363,.F.);
#3120=ORIENTED_EDGE('',*,*,#2359,.F.);
#3121=ORIENTED_EDGE('',*,*,#2364,.T.);
#3122=ORIENTED_EDGE('',*,*,#2365,.T.);
#3123=ORIENTED_EDGE('',*,*,#2366,.T.);
#3124=ORIENTED_EDGE('',*,*,#2367,.T.);
#3125=ORIENTED_EDGE('',*,*,#2368,.T.);
#3126=ORIENTED_EDGE('',*,*,#2369,.T.);
#3127=ORIENTED_EDGE('',*,*,#2370,.T.);
#3128=ORIENTED_EDGE('',*,*,#2371,.T.);
#3129=ORIENTED_EDGE('',*,*,#2367,.F.);
#3130=ORIENTED_EDGE('',*,*,#2372,.T.);
#3131=ORIENTED_EDGE('',*,*,#2373,.T.);
#3132=ORIENTED_EDGE('',*,*,#2374,.T.);
#3133=ORIENTED_EDGE('',*,*,#2375,.T.);
#3134=ORIENTED_EDGE('',*,*,#2374,.F.);
#3135=ORIENTED_EDGE('',*,*,#2376,.T.);
#3136=ORIENTED_EDGE('',*,*,#2369,.F.);
#3137=ORIENTED_EDGE('',*,*,#2377,.T.);
#3138=ORIENTED_EDGE('',*,*,#2378,.T.);
#3139=ORIENTED_EDGE('',*,*,#2379,.T.);
#3140=ORIENTED_EDGE('',*,*,#2380,.T.);
#3141=ORIENTED_EDGE('',*,*,#2381,.T.);
#3142=ORIENTED_EDGE('',*,*,#2378,.F.);
#3143=ORIENTED_EDGE('',*,*,#2382,.T.);
#3144=ORIENTED_EDGE('',*,*,#2372,.F.);
#3145=ORIENTED_EDGE('',*,*,#2383,.T.);
#3146=ORIENTED_EDGE('',*,*,#2384,.T.);
#3147=ORIENTED_EDGE('',*,*,#2385,.T.);
#3148=ORIENTED_EDGE('',*,*,#2386,.T.);
#3149=ORIENTED_EDGE('',*,*,#2387,.T.);
#3150=ORIENTED_EDGE('',*,*,#2388,.T.);
#3151=ORIENTED_EDGE('',*,*,#2389,.T.);
#3152=ORIENTED_EDGE('',*,*,#2390,.T.);
#3153=ORIENTED_EDGE('',*,*,#2387,.F.);
#3154=ORIENTED_EDGE('',*,*,#2391,.T.);
#3155=ORIENTED_EDGE('',*,*,#2389,.F.);
#3156=ORIENTED_EDGE('',*,*,#2392,.T.);
#3157=ORIENTED_EDGE('',*,*,#2380,.F.);
#3158=ORIENTED_EDGE('',*,*,#2393,.T.);
#3159=ORIENTED_EDGE('',*,*,#2394,.T.);
#3160=ORIENTED_EDGE('',*,*,#2395,.T.);
#3161=ORIENTED_EDGE('',*,*,#2396,.T.);
#3162=ORIENTED_EDGE('',*,*,#2397,.T.);
#3163=ORIENTED_EDGE('',*,*,#2394,.F.);
#3164=ORIENTED_EDGE('',*,*,#2398,.T.);
#3165=ORIENTED_EDGE('',*,*,#2385,.F.);
#3166=ORIENTED_EDGE('',*,*,#2399,.T.);
#3167=ORIENTED_EDGE('',*,*,#2365,.F.);
#3168=ORIENTED_EDGE('',*,*,#2400,.T.);
#3169=ORIENTED_EDGE('',*,*,#2396,.F.);
#3170=ORIENTED_EDGE('',*,*,#2401,.T.);
#3171=ORIENTED_EDGE('',*,*,#2391,.F.);
#3172=ORIENTED_EDGE('',*,*,#2386,.F.);
#3173=ORIENTED_EDGE('',*,*,#2398,.F.);
#3174=ORIENTED_EDGE('',*,*,#2402,.T.);
#3175=ORIENTED_EDGE('',*,*,#2292,.T.);
#3176=ORIENTED_EDGE('',*,*,#2403,.T.);
#3177=ORIENTED_EDGE('',*,*,#2404,.T.);
#3178=ORIENTED_EDGE('',*,*,#2383,.F.);
#3179=ORIENTED_EDGE('',*,*,#2375,.F.);
#3180=ORIENTED_EDGE('',*,*,#2377,.F.);
#3181=ORIENTED_EDGE('',*,*,#2405,.F.);
#3182=ORIENTED_EDGE('',*,*,#2406,.F.);
#3183=ORIENTED_EDGE('',*,*,#2407,.T.);
#3184=ORIENTED_EDGE('',*,*,#2368,.F.);
#3185=ORIENTED_EDGE('',*,*,#2366,.F.);
#3186=ORIENTED_EDGE('',*,*,#2401,.F.);
#3187=ORIENTED_EDGE('',*,*,#2408,.F.);
#3188=ORIENTED_EDGE('',*,*,#2409,.F.);
#3189=ORIENTED_EDGE('',*,*,#2405,.T.);
#3190=ORIENTED_EDGE('',*,*,#2410,.T.);
#3191=ORIENTED_EDGE('',*,*,#2338,.T.);
#3192=ORIENTED_EDGE('',*,*,#2411,.T.);
#3193=ORIENTED_EDGE('',*,*,#2412,.T.);
#3194=ORIENTED_EDGE('',*,*,#2413,.T.);
#3195=ORIENTED_EDGE('',*,*,#2335,.T.);
#3196=ORIENTED_EDGE('',*,*,#2410,.F.);
#3197=ORIENTED_EDGE('',*,*,#2414,.T.);
#3198=ORIENTED_EDGE('',*,*,#2415,.T.);
#3199=ORIENTED_EDGE('',*,*,#2416,.T.);
#3200=ORIENTED_EDGE('',*,*,#2413,.F.);
#3201=ORIENTED_EDGE('',*,*,#2417,.T.);
#3202=ORIENTED_EDGE('',*,*,#2411,.F.);
#3203=ORIENTED_EDGE('',*,*,#2418,.T.);
#3204=ORIENTED_EDGE('',*,*,#2415,.F.);
#3205=ORIENTED_EDGE('',*,*,#2419,.T.);
#3206=ORIENTED_EDGE('',*,*,#2333,.F.);
#3207=ORIENTED_EDGE('',*,*,#2420,.T.);
#3208=ORIENTED_EDGE('',*,*,#2418,.F.);
#3209=ORIENTED_EDGE('',*,*,#2337,.F.);
#3210=ORIENTED_EDGE('',*,*,#2409,.T.);
#3211=ORIENTED_EDGE('',*,*,#2421,.T.);
#3212=ORIENTED_EDGE('',*,*,#2422,.T.);
#3213=ORIENTED_EDGE('',*,*,#2406,.T.);
#3214=ORIENTED_EDGE('',*,*,#2412,.F.);
#3215=ORIENTED_EDGE('',*,*,#2419,.F.);
#3216=ORIENTED_EDGE('',*,*,#2417,.F.);
#3217=ORIENTED_EDGE('',*,*,#2414,.F.);
#3218=ORIENTED_EDGE('',*,*,#2423,.T.);
#3219=ORIENTED_EDGE('',*,*,#2360,.T.);
#3220=ORIENTED_EDGE('',*,*,#2424,.T.);
#3221=ORIENTED_EDGE('',*,*,#2425,.T.);
#3222=ORIENTED_EDGE('',*,*,#2426,.T.);
#3223=ORIENTED_EDGE('',*,*,#2427,.T.);
#3224=ORIENTED_EDGE('',*,*,#2423,.F.);
#3225=ORIENTED_EDGE('',*,*,#2428,.T.);
#3226=ORIENTED_EDGE('',*,*,#2429,.T.);
#3227=ORIENTED_EDGE('',*,*,#2430,.T.);
#3228=ORIENTED_EDGE('',*,*,#2426,.F.);
#3229=ORIENTED_EDGE('',*,*,#2431,.T.);
#3230=ORIENTED_EDGE('',*,*,#2424,.F.);
#3231=ORIENTED_EDGE('',*,*,#2363,.T.);
#3232=ORIENTED_EDGE('',*,*,#2429,.F.);
#3233=ORIENTED_EDGE('',*,*,#2432,.T.);
#3234=ORIENTED_EDGE('',*,*,#2433,.T.);
#3235=ORIENTED_EDGE('',*,*,#2434,.T.);
#3236=ORIENTED_EDGE('',*,*,#2435,.T.);
#3237=ORIENTED_EDGE('',*,*,#2436,.T.);
#3238=ORIENTED_EDGE('',*,*,#2425,.F.);
#3239=ORIENTED_EDGE('',*,*,#2432,.F.);
#3240=ORIENTED_EDGE('',*,*,#2431,.F.);
#3241=ORIENTED_EDGE('',*,*,#2428,.F.);
#3242=ORIENTED_EDGE('',*,*,#2437,.T.);
#3243=ORIENTED_EDGE('',*,*,#2438,.T.);
#3244=ORIENTED_EDGE('',*,*,#2439,.T.);
#3245=ORIENTED_EDGE('',*,*,#2440,.T.);
#3246=ORIENTED_EDGE('',*,*,#2441,.T.);
#3247=ORIENTED_EDGE('',*,*,#2442,.T.);
#3248=ORIENTED_EDGE('',*,*,#2443,.T.);
#3249=ORIENTED_EDGE('',*,*,#2444,.T.);
#3250=ORIENTED_EDGE('',*,*,#2440,.F.);
#3251=ORIENTED_EDGE('',*,*,#2445,.T.);
#3252=ORIENTED_EDGE('',*,*,#2446,.T.);
#3253=ORIENTED_EDGE('',*,*,#2447,.T.);
#3254=ORIENTED_EDGE('',*,*,#2448,.T.);
#3255=ORIENTED_EDGE('',*,*,#2447,.F.);
#3256=ORIENTED_EDGE('',*,*,#2449,.T.);
#3257=ORIENTED_EDGE('',*,*,#2442,.F.);
#3258=ORIENTED_EDGE('',*,*,#2450,.T.);
#3259=ORIENTED_EDGE('',*,*,#2451,.T.);
#3260=ORIENTED_EDGE('',*,*,#2452,.T.);
#3261=ORIENTED_EDGE('',*,*,#2453,.T.);
#3262=ORIENTED_EDGE('',*,*,#2454,.T.);
#3263=ORIENTED_EDGE('',*,*,#2453,.F.);
#3264=ORIENTED_EDGE('',*,*,#2455,.T.);
#3265=ORIENTED_EDGE('',*,*,#2445,.F.);
#3266=ORIENTED_EDGE('',*,*,#2456,.T.);
#3267=ORIENTED_EDGE('',*,*,#2457,.T.);
#3268=ORIENTED_EDGE('',*,*,#2458,.T.);
#3269=ORIENTED_EDGE('',*,*,#2459,.T.);
#3270=ORIENTED_EDGE('',*,*,#2460,.T.);
#3271=ORIENTED_EDGE('',*,*,#2461,.T.);
#3272=ORIENTED_EDGE('',*,*,#2462,.T.);
#3273=ORIENTED_EDGE('',*,*,#2463,.T.);
#3274=ORIENTED_EDGE('',*,*,#2460,.F.);
#3275=ORIENTED_EDGE('',*,*,#2464,.T.);
#3276=ORIENTED_EDGE('',*,*,#2462,.F.);
#3277=ORIENTED_EDGE('',*,*,#2465,.T.);
#3278=ORIENTED_EDGE('',*,*,#2451,.F.);
#3279=ORIENTED_EDGE('',*,*,#2466,.T.);
#3280=ORIENTED_EDGE('',*,*,#2467,.T.);
#3281=ORIENTED_EDGE('',*,*,#2468,.T.);
#3282=ORIENTED_EDGE('',*,*,#2469,.T.);
#3283=ORIENTED_EDGE('',*,*,#2470,.T.);
#3284=ORIENTED_EDGE('',*,*,#2467,.F.);
#3285=ORIENTED_EDGE('',*,*,#2471,.T.);
#3286=ORIENTED_EDGE('',*,*,#2458,.F.);
#3287=ORIENTED_EDGE('',*,*,#2472,.T.);
#3288=ORIENTED_EDGE('',*,*,#2438,.F.);
#3289=ORIENTED_EDGE('',*,*,#2473,.T.);
#3290=ORIENTED_EDGE('',*,*,#2469,.F.);
#3291=ORIENTED_EDGE('',*,*,#2474,.T.);
#3292=ORIENTED_EDGE('',*,*,#2448,.F.);
#3293=ORIENTED_EDGE('',*,*,#2450,.F.);
#3294=ORIENTED_EDGE('',*,*,#2475,.F.);
#3295=ORIENTED_EDGE('',*,*,#2433,.F.);
#3296=ORIENTED_EDGE('',*,*,#2476,.T.);
#3297=ORIENTED_EDGE('',*,*,#2441,.F.);
#3298=ORIENTED_EDGE('',*,*,#2439,.F.);
#3299=ORIENTED_EDGE('',*,*,#2474,.F.);
#3300=ORIENTED_EDGE('',*,*,#2468,.F.);
#3301=ORIENTED_EDGE('',*,*,#2477,.F.);
#3302=ORIENTED_EDGE('',*,*,#2434,.F.);
#3303=ORIENTED_EDGE('',*,*,#2475,.T.);
#3304=ORIENTED_EDGE('',*,*,#2280,.F.);
#3305=ORIENTED_EDGE('',*,*,#2293,.T.);
#3306=ORIENTED_EDGE('',*,*,#2402,.F.);
#3307=ORIENTED_EDGE('',*,*,#2397,.F.);
#3308=ORIENTED_EDGE('',*,*,#2400,.F.);
#3309=ORIENTED_EDGE('',*,*,#2364,.F.);
#3310=ORIENTED_EDGE('',*,*,#2371,.F.);
#3311=ORIENTED_EDGE('',*,*,#2478,.T.);
#3312=ORIENTED_EDGE('',*,*,#2464,.F.);
#3313=ORIENTED_EDGE('',*,*,#2459,.F.);
#3314=ORIENTED_EDGE('',*,*,#2471,.F.);
#3315=ORIENTED_EDGE('',*,*,#2470,.F.);
#3316=ORIENTED_EDGE('',*,*,#2479,.F.);
#3317=ORIENTED_EDGE('',*,*,#2283,.T.);
#3318=ORIENTED_EDGE('',*,*,#2480,.T.);
#3319=ORIENTED_EDGE('',*,*,#2481,.T.);
#3320=ORIENTED_EDGE('',*,*,#2482,.T.);
#3321=ORIENTED_EDGE('',*,*,#2481,.F.);
#3322=ORIENTED_EDGE('',*,*,#2482,.F.);
#3323=ORIENTED_EDGE('',*,*,#2483,.T.);
#3324=ORIENTED_EDGE('',*,*,#2484,.T.);
#3325=ORIENTED_EDGE('',*,*,#2485,.T.);
#3326=ORIENTED_EDGE('',*,*,#2486,.T.);
#3327=ORIENTED_EDGE('',*,*,#2487,.T.);
#3328=ORIENTED_EDGE('',*,*,#2483,.F.);
#3329=ORIENTED_EDGE('',*,*,#2488,.F.);
#3330=ORIENTED_EDGE('',*,*,#2489,.F.);
#3331=ORIENTED_EDGE('',*,*,#2490,.F.);
#3332=ORIENTED_EDGE('',*,*,#2491,.F.);
#3333=ORIENTED_EDGE('',*,*,#2492,.F.);
#3334=ORIENTED_EDGE('',*,*,#2493,.F.);
#3335=ORIENTED_EDGE('',*,*,#2494,.F.);
#3336=ORIENTED_EDGE('',*,*,#2495,.F.);
#3337=ORIENTED_EDGE('',*,*,#2496,.F.);
#3338=ORIENTED_EDGE('',*,*,#2497,.F.);
#3339=ORIENTED_EDGE('',*,*,#2498,.F.);
#3340=ORIENTED_EDGE('',*,*,#2499,.F.);
#3341=ORIENTED_EDGE('',*,*,#2500,.F.);
#3342=ORIENTED_EDGE('',*,*,#2501,.F.);
#3343=ORIENTED_EDGE('',*,*,#2502,.F.);
#3344=ORIENTED_EDGE('',*,*,#2503,.F.);
#3345=ORIENTED_EDGE('',*,*,#2504,.F.);
#3346=ORIENTED_EDGE('',*,*,#2505,.F.);
#3347=ORIENTED_EDGE('',*,*,#2506,.F.);
#3348=ORIENTED_EDGE('',*,*,#2507,.F.);
#3349=ORIENTED_EDGE('',*,*,#2508,.F.);
#3350=ORIENTED_EDGE('',*,*,#2509,.F.);
#3351=ORIENTED_EDGE('',*,*,#2510,.F.);
#3352=ORIENTED_EDGE('',*,*,#2511,.F.);
#3353=ORIENTED_EDGE('',*,*,#2512,.F.);
#3354=ORIENTED_EDGE('',*,*,#2513,.F.);
#3355=ORIENTED_EDGE('',*,*,#2480,.F.);
#3356=ORIENTED_EDGE('',*,*,#2295,.T.);
#3357=ORIENTED_EDGE('',*,*,#2514,.T.);
#3358=ORIENTED_EDGE('',*,*,#2515,.T.);
#3359=ORIENTED_EDGE('',*,*,#2514,.F.);
#3360=ORIENTED_EDGE('',*,*,#2515,.F.);
#3361=ORIENTED_EDGE('',*,*,#2516,.T.);
#3362=ORIENTED_EDGE('',*,*,#2517,.T.);
#3363=ORIENTED_EDGE('',*,*,#2518,.F.);
#3364=ORIENTED_EDGE('',*,*,#2519,.T.);
#3365=ORIENTED_EDGE('',*,*,#2520,.T.);
#3366=ORIENTED_EDGE('',*,*,#2521,.T.);
#3367=ORIENTED_EDGE('',*,*,#2522,.F.);
#3368=ORIENTED_EDGE('',*,*,#2523,.T.);
#3369=ORIENTED_EDGE('',*,*,#2524,.T.);
#3370=ORIENTED_EDGE('',*,*,#2525,.T.);
#3371=ORIENTED_EDGE('',*,*,#2516,.F.);
#3372=ORIENTED_EDGE('',*,*,#2294,.T.);
#3373=ORIENTED_EDGE('',*,*,#2526,.T.);
#3374=ORIENTED_EDGE('',*,*,#2527,.T.);
#3375=ORIENTED_EDGE('',*,*,#2526,.F.);
#3376=ORIENTED_EDGE('',*,*,#2527,.F.);
#3377=ORIENTED_EDGE('',*,*,#2528,.T.);
#3378=ORIENTED_EDGE('',*,*,#2529,.T.);
#3379=ORIENTED_EDGE('',*,*,#2530,.F.);
#3380=ORIENTED_EDGE('',*,*,#2531,.T.);
#3381=ORIENTED_EDGE('',*,*,#2532,.T.);
#3382=ORIENTED_EDGE('',*,*,#2533,.T.);
#3383=ORIENTED_EDGE('',*,*,#2534,.F.);
#3384=ORIENTED_EDGE('',*,*,#2535,.T.);
#3385=ORIENTED_EDGE('',*,*,#2536,.T.);
#3386=ORIENTED_EDGE('',*,*,#2537,.T.);
#3387=ORIENTED_EDGE('',*,*,#2528,.F.);
#3388=ORIENTED_EDGE('',*,*,#2538,.T.);
#3389=ORIENTED_EDGE('',*,*,#2539,.T.);
#3390=ORIENTED_EDGE('',*,*,#2540,.T.);
#3391=ORIENTED_EDGE('',*,*,#2539,.F.);
#3392=ORIENTED_EDGE('',*,*,#2541,.T.);
#3393=ORIENTED_EDGE('',*,*,#2542,.F.);
#3394=ORIENTED_EDGE('',*,*,#2543,.T.);
#3395=ORIENTED_EDGE('',*,*,#2544,.F.);
#3396=ORIENTED_EDGE('',*,*,#2538,.F.);
#3397=ORIENTED_EDGE('',*,*,#2545,.F.);
#3398=ORIENTED_EDGE('',*,*,#2185,.F.);
#3399=ORIENTED_EDGE('',*,*,#2541,.F.);
#3400=ORIENTED_EDGE('',*,*,#2543,.F.);
#3401=ORIENTED_EDGE('',*,*,#2188,.F.);
#3402=ORIENTED_EDGE('',*,*,#2546,.F.);
#3403=ORIENTED_EDGE('',*,*,#2193,.F.);
#3404=ORIENTED_EDGE('',*,*,#2540,.F.);
#3405=ORIENTED_EDGE('',*,*,#2547,.T.);
#3406=ORIENTED_EDGE('',*,*,#2548,.T.);
#3407=ORIENTED_EDGE('',*,*,#2549,.T.);
#3408=ORIENTED_EDGE('',*,*,#2550,.T.);
#3409=ORIENTED_EDGE('',*,*,#2487,.F.);
#3410=ORIENTED_EDGE('',*,*,#2551,.F.);
#3411=ORIENTED_EDGE('',*,*,#2552,.F.);
#3412=ORIENTED_EDGE('',*,*,#2484,.F.);
#3413=ORIENTED_EDGE('',*,*,#2553,.F.);
#3414=ORIENTED_EDGE('',*,*,#2554,.F.);
#3415=ORIENTED_EDGE('',*,*,#2485,.F.);
#3416=ORIENTED_EDGE('',*,*,#2555,.F.);
#3417=ORIENTED_EDGE('',*,*,#2556,.F.);
#3418=ORIENTED_EDGE('',*,*,#2486,.F.);
#3419=ORIENTED_EDGE('',*,*,#2557,.F.);
#3420=ORIENTED_EDGE('',*,*,#2558,.F.);
#3421=ORIENTED_EDGE('',*,*,#2559,.F.);
#3422=ORIENTED_EDGE('',*,*,#2560,.T.);
#3423=ORIENTED_EDGE('',*,*,#2555,.T.);
#3424=ORIENTED_EDGE('',*,*,#2554,.T.);
#3425=ORIENTED_EDGE('',*,*,#2561,.F.);
#3426=ORIENTED_EDGE('',*,*,#2562,.F.);
#3427=ORIENTED_EDGE('',*,*,#2563,.T.);
#3428=ORIENTED_EDGE('',*,*,#2551,.T.);
#3429=ORIENTED_EDGE('',*,*,#2558,.T.);
#3430=ORIENTED_EDGE('',*,*,#2564,.F.);
#3431=ORIENTED_EDGE('',*,*,#2232,.F.);
#3432=ORIENTED_EDGE('',*,*,#2565,.F.);
#3433=ORIENTED_EDGE('',*,*,#2566,.F.);
#3434=ORIENTED_EDGE('',*,*,#2233,.F.);
#3435=ORIENTED_EDGE('',*,*,#2567,.F.);
#3436=ORIENTED_EDGE('',*,*,#2568,.F.);
#3437=ORIENTED_EDGE('',*,*,#2234,.F.);
#3438=ORIENTED_EDGE('',*,*,#2569,.F.);
#3439=ORIENTED_EDGE('',*,*,#2570,.F.);
#3440=ORIENTED_EDGE('',*,*,#2230,.F.);
#3441=ORIENTED_EDGE('',*,*,#2231,.F.);
#3442=ORIENTED_EDGE('',*,*,#2571,.F.);
#3443=ORIENTED_EDGE('',*,*,#2572,.F.);
#3444=ORIENTED_EDGE('',*,*,#2573,.F.);
#3445=ORIENTED_EDGE('',*,*,#2574,.T.);
#3446=ORIENTED_EDGE('',*,*,#2571,.T.);
#3447=ORIENTED_EDGE('',*,*,#2570,.T.);
#3448=ORIENTED_EDGE('',*,*,#2575,.F.);
#3449=ORIENTED_EDGE('',*,*,#2576,.F.);
#3450=ORIENTED_EDGE('',*,*,#2577,.T.);
#3451=ORIENTED_EDGE('',*,*,#2567,.T.);
#3452=ORIENTED_EDGE('',*,*,#2566,.T.);
#3453=ORIENTED_EDGE('',*,*,#2578,.F.);
#3454=ORIENTED_EDGE('',*,*,#2226,.F.);
#3455=ORIENTED_EDGE('',*,*,#2579,.F.);
#3456=ORIENTED_EDGE('',*,*,#2580,.F.);
#3457=ORIENTED_EDGE('',*,*,#2223,.F.);
#3458=ORIENTED_EDGE('',*,*,#2581,.F.);
#3459=ORIENTED_EDGE('',*,*,#2582,.F.);
#3460=ORIENTED_EDGE('',*,*,#2224,.F.);
#3461=ORIENTED_EDGE('',*,*,#2583,.F.);
#3462=ORIENTED_EDGE('',*,*,#2584,.F.);
#3463=ORIENTED_EDGE('',*,*,#2225,.F.);
#3464=ORIENTED_EDGE('',*,*,#2585,.F.);
#3465=ORIENTED_EDGE('',*,*,#2586,.F.);
#3466=ORIENTED_EDGE('',*,*,#2587,.F.);
#3467=ORIENTED_EDGE('',*,*,#2588,.T.);
#3468=ORIENTED_EDGE('',*,*,#2583,.T.);
#3469=ORIENTED_EDGE('',*,*,#2582,.T.);
#3470=ORIENTED_EDGE('',*,*,#2589,.F.);
#3471=ORIENTED_EDGE('',*,*,#2590,.F.);
#3472=ORIENTED_EDGE('',*,*,#2591,.T.);
#3473=ORIENTED_EDGE('',*,*,#2579,.T.);
#3474=ORIENTED_EDGE('',*,*,#2586,.T.);
#3475=ORIENTED_EDGE('',*,*,#2592,.F.);
#3476=ORIENTED_EDGE('',*,*,#2239,.F.);
#3477=ORIENTED_EDGE('',*,*,#2593,.F.);
#3478=ORIENTED_EDGE('',*,*,#2594,.F.);
#3479=ORIENTED_EDGE('',*,*,#2240,.F.);
#3480=ORIENTED_EDGE('',*,*,#2595,.F.);
#3481=ORIENTED_EDGE('',*,*,#2596,.F.);
#3482=ORIENTED_EDGE('',*,*,#2241,.F.);
#3483=ORIENTED_EDGE('',*,*,#2597,.F.);
#3484=ORIENTED_EDGE('',*,*,#2598,.F.);
#3485=ORIENTED_EDGE('',*,*,#2237,.F.);
#3486=ORIENTED_EDGE('',*,*,#2238,.F.);
#3487=ORIENTED_EDGE('',*,*,#2599,.F.);
#3488=ORIENTED_EDGE('',*,*,#2600,.F.);
#3489=ORIENTED_EDGE('',*,*,#2601,.F.);
#3490=ORIENTED_EDGE('',*,*,#2602,.T.);
#3491=ORIENTED_EDGE('',*,*,#2597,.T.);
#3492=ORIENTED_EDGE('',*,*,#2596,.T.);
#3493=ORIENTED_EDGE('',*,*,#2603,.F.);
#3494=ORIENTED_EDGE('',*,*,#2604,.F.);
#3495=ORIENTED_EDGE('',*,*,#2605,.T.);
#3496=ORIENTED_EDGE('',*,*,#2593,.T.);
#3497=ORIENTED_EDGE('',*,*,#2600,.T.);
#3498=ORIENTED_EDGE('',*,*,#2606,.F.);
#3499=ORIENTED_EDGE('',*,*,#2562,.T.);
#3500=ORIENTED_EDGE('',*,*,#2607,.F.);
#3501=ORIENTED_EDGE('',*,*,#2315,.F.);
#3502=ORIENTED_EDGE('',*,*,#2608,.F.);
#3503=ORIENTED_EDGE('',*,*,#2573,.T.);
#3504=ORIENTED_EDGE('',*,*,#2609,.F.);
#3505=ORIENTED_EDGE('',*,*,#2529,.F.);
#3506=ORIENTED_EDGE('',*,*,#2537,.F.);
#3507=ORIENTED_EDGE('',*,*,#2610,.F.);
#3508=ORIENTED_EDGE('',*,*,#2590,.T.);
#3509=ORIENTED_EDGE('',*,*,#2611,.F.);
#3510=ORIENTED_EDGE('',*,*,#2299,.F.);
#3511=ORIENTED_EDGE('',*,*,#2612,.F.);
#3512=ORIENTED_EDGE('',*,*,#2604,.T.);
#3513=ORIENTED_EDGE('',*,*,#2613,.F.);
#3514=ORIENTED_EDGE('',*,*,#2521,.F.);
#3515=ORIENTED_EDGE('',*,*,#2614,.F.);
#3516=ORIENTED_EDGE('',*,*,#2576,.T.);
#3517=ORIENTED_EDGE('',*,*,#2615,.F.);
#3518=ORIENTED_EDGE('',*,*,#2533,.F.);
#3519=ORIENTED_EDGE('',*,*,#2616,.F.);
#3520=ORIENTED_EDGE('',*,*,#2617,.F.);
#3521=ORIENTED_EDGE('',*,*,#2530,.T.);
#3522=ORIENTED_EDGE('',*,*,#2609,.T.);
#3523=ORIENTED_EDGE('',*,*,#2575,.T.);
#3524=ORIENTED_EDGE('',*,*,#2569,.T.);
#3525=ORIENTED_EDGE('',*,*,#2568,.T.);
#3526=ORIENTED_EDGE('',*,*,#2577,.F.);
#3527=ORIENTED_EDGE('',*,*,#2616,.T.);
#3528=ORIENTED_EDGE('',*,*,#2532,.F.);
#3529=ORIENTED_EDGE('',*,*,#2618,.F.);
#3530=ORIENTED_EDGE('',*,*,#2534,.T.);
#3531=ORIENTED_EDGE('',*,*,#2615,.T.);
#3532=ORIENTED_EDGE('',*,*,#2578,.T.);
#3533=ORIENTED_EDGE('',*,*,#2565,.T.);
#3534=ORIENTED_EDGE('',*,*,#2572,.T.);
#3535=ORIENTED_EDGE('',*,*,#2574,.F.);
#3536=ORIENTED_EDGE('',*,*,#2610,.T.);
#3537=ORIENTED_EDGE('',*,*,#2536,.F.);
#3538=ORIENTED_EDGE('',*,*,#2601,.T.);
#3539=ORIENTED_EDGE('',*,*,#2619,.F.);
#3540=ORIENTED_EDGE('',*,*,#2517,.F.);
#3541=ORIENTED_EDGE('',*,*,#2525,.F.);
#3542=ORIENTED_EDGE('',*,*,#2620,.F.);
#3543=ORIENTED_EDGE('',*,*,#2621,.F.);
#3544=ORIENTED_EDGE('',*,*,#2518,.T.);
#3545=ORIENTED_EDGE('',*,*,#2619,.T.);
#3546=ORIENTED_EDGE('',*,*,#2603,.T.);
#3547=ORIENTED_EDGE('',*,*,#2595,.T.);
#3548=ORIENTED_EDGE('',*,*,#2594,.T.);
#3549=ORIENTED_EDGE('',*,*,#2605,.F.);
#3550=ORIENTED_EDGE('',*,*,#2614,.T.);
#3551=ORIENTED_EDGE('',*,*,#2520,.F.);
#3552=ORIENTED_EDGE('',*,*,#2622,.F.);
#3553=ORIENTED_EDGE('',*,*,#2522,.T.);
#3554=ORIENTED_EDGE('',*,*,#2613,.T.);
#3555=ORIENTED_EDGE('',*,*,#2606,.T.);
#3556=ORIENTED_EDGE('',*,*,#2599,.T.);
#3557=ORIENTED_EDGE('',*,*,#2598,.T.);
#3558=ORIENTED_EDGE('',*,*,#2602,.F.);
#3559=ORIENTED_EDGE('',*,*,#2620,.T.);
#3560=ORIENTED_EDGE('',*,*,#2524,.F.);
#3561=ORIENTED_EDGE('',*,*,#2623,.F.);
#3562=ORIENTED_EDGE('',*,*,#2304,.T.);
#3563=ORIENTED_EDGE('',*,*,#2624,.T.);
#3564=ORIENTED_EDGE('',*,*,#2589,.T.);
#3565=ORIENTED_EDGE('',*,*,#2581,.T.);
#3566=ORIENTED_EDGE('',*,*,#2580,.T.);
#3567=ORIENTED_EDGE('',*,*,#2591,.F.);
#3568=ORIENTED_EDGE('',*,*,#2612,.T.);
#3569=ORIENTED_EDGE('',*,*,#2298,.F.);
#3570=ORIENTED_EDGE('',*,*,#2587,.T.);
#3571=ORIENTED_EDGE('',*,*,#2624,.F.);
#3572=ORIENTED_EDGE('',*,*,#2303,.F.);
#3573=ORIENTED_EDGE('',*,*,#2625,.F.);
#3574=ORIENTED_EDGE('',*,*,#2626,.F.);
#3575=ORIENTED_EDGE('',*,*,#2300,.T.);
#3576=ORIENTED_EDGE('',*,*,#2611,.T.);
#3577=ORIENTED_EDGE('',*,*,#2592,.T.);
#3578=ORIENTED_EDGE('',*,*,#2585,.T.);
#3579=ORIENTED_EDGE('',*,*,#2584,.T.);
#3580=ORIENTED_EDGE('',*,*,#2588,.F.);
#3581=ORIENTED_EDGE('',*,*,#2625,.T.);
#3582=ORIENTED_EDGE('',*,*,#2302,.F.);
#3583=ORIENTED_EDGE('',*,*,#2559,.T.);
#3584=ORIENTED_EDGE('',*,*,#2627,.F.);
#3585=ORIENTED_EDGE('',*,*,#2319,.F.);
#3586=ORIENTED_EDGE('',*,*,#2628,.F.);
#3587=ORIENTED_EDGE('',*,*,#2629,.F.);
#3588=ORIENTED_EDGE('',*,*,#2316,.T.);
#3589=ORIENTED_EDGE('',*,*,#2607,.T.);
#3590=ORIENTED_EDGE('',*,*,#2564,.T.);
#3591=ORIENTED_EDGE('',*,*,#2557,.T.);
#3592=ORIENTED_EDGE('',*,*,#2556,.T.);
#3593=ORIENTED_EDGE('',*,*,#2560,.F.);
#3594=ORIENTED_EDGE('',*,*,#2628,.T.);
#3595=ORIENTED_EDGE('',*,*,#2318,.F.);
#3596=ORIENTED_EDGE('',*,*,#2630,.F.);
#3597=ORIENTED_EDGE('',*,*,#2320,.T.);
#3598=ORIENTED_EDGE('',*,*,#2627,.T.);
#3599=ORIENTED_EDGE('',*,*,#2561,.T.);
#3600=ORIENTED_EDGE('',*,*,#2553,.T.);
#3601=ORIENTED_EDGE('',*,*,#2552,.T.);
#3602=ORIENTED_EDGE('',*,*,#2563,.F.);
#3603=ORIENTED_EDGE('',*,*,#2608,.T.);
#3604=ORIENTED_EDGE('',*,*,#2314,.F.);
#3605=ORIENTED_EDGE('',*,*,#2618,.T.);
#3606=ORIENTED_EDGE('',*,*,#2535,.F.);
#3607=ORIENTED_EDGE('',*,*,#2622,.T.);
#3608=ORIENTED_EDGE('',*,*,#2523,.F.);
#3609=ORIENTED_EDGE('',*,*,#2626,.T.);
#3610=ORIENTED_EDGE('',*,*,#2301,.F.);
#3611=ORIENTED_EDGE('',*,*,#2623,.T.);
#3612=ORIENTED_EDGE('',*,*,#2297,.F.);
#3613=ORIENTED_EDGE('',*,*,#2305,.F.);
#3614=ORIENTED_EDGE('',*,*,#2629,.T.);
#3615=ORIENTED_EDGE('',*,*,#2317,.F.);
#3616=ORIENTED_EDGE('',*,*,#2630,.T.);
#3617=ORIENTED_EDGE('',*,*,#2313,.F.);
#3618=ORIENTED_EDGE('',*,*,#2321,.F.);
#3619=ORIENTED_EDGE('',*,*,#2187,.T.);
#3620=ORIENTED_EDGE('',*,*,#2235,.F.);
#3621=ORIENTED_EDGE('',*,*,#2546,.T.);
#3622=ORIENTED_EDGE('',*,*,#2550,.F.);
#3623=ORIENTED_EDGE('',*,*,#2631,.T.);
#3624=ORIENTED_EDGE('',*,*,#2189,.F.);
#3625=ORIENTED_EDGE('',*,*,#2542,.T.);
#3626=ORIENTED_EDGE('',*,*,#2184,.F.);
#3627=ORIENTED_EDGE('',*,*,#2632,.T.);
#3628=ORIENTED_EDGE('',*,*,#2182,.T.);
#3629=ORIENTED_EDGE('',*,*,#2242,.F.);
#3630=ORIENTED_EDGE('',*,*,#2545,.T.);
#3631=ORIENTED_EDGE('',*,*,#2633,.T.);
#3632=ORIENTED_EDGE('',*,*,#2634,.T.);
#3633=ORIENTED_EDGE('',*,*,#2544,.T.);
#3634=ORIENTED_EDGE('',*,*,#2192,.F.);
#3635=ORIENTED_EDGE('',*,*,#2635,.T.);
#3636=ORIENTED_EDGE('',*,*,#2636,.T.);
#3637=ORIENTED_EDGE('',*,*,#2637,.T.);
#3638=ORIENTED_EDGE('',*,*,#2638,.T.);
#3639=ORIENTED_EDGE('',*,*,#2639,.T.);
#3640=ORIENTED_EDGE('',*,*,#2640,.T.);
#3641=ORIENTED_EDGE('',*,*,#2641,.T.);
#3642=ORIENTED_EDGE('',*,*,#2642,.T.);
#3643=ORIENTED_EDGE('',*,*,#2643,.T.);
#3644=ORIENTED_EDGE('',*,*,#2644,.T.);
#3645=ORIENTED_EDGE('',*,*,#2645,.T.);
#3646=ORIENTED_EDGE('',*,*,#2633,.F.);
#3647=ORIENTED_EDGE('',*,*,#2191,.F.);
#3648=ORIENTED_EDGE('',*,*,#2646,.F.);
#3649=ORIENTED_EDGE('',*,*,#2502,.T.);
#3650=ORIENTED_EDGE('',*,*,#2647,.T.);
#3651=ORIENTED_EDGE('',*,*,#2635,.F.);
#3652=ORIENTED_EDGE('',*,*,#2342,.F.);
#3653=ORIENTED_EDGE('',*,*,#2648,.F.);
#3654=ORIENTED_EDGE('',*,*,#2216,.T.);
#3655=ORIENTED_EDGE('',*,*,#2228,.F.);
#3656=ORIENTED_EDGE('',*,*,#2259,.T.);
#3657=ORIENTED_EDGE('',*,*,#2649,.F.);
#3658=ORIENTED_EDGE('',*,*,#2261,.T.);
#3659=ORIENTED_EDGE('',*,*,#2650,.T.);
#3660=ORIENTED_EDGE('',*,*,#2651,.F.);
#3661=ORIENTED_EDGE('',*,*,#2652,.T.);
#3662=ORIENTED_EDGE('',*,*,#2653,.T.);
#3663=ORIENTED_EDGE('',*,*,#2654,.F.);
#3664=ORIENTED_EDGE('',*,*,#2655,.T.);
#3665=ORIENTED_EDGE('',*,*,#2656,.F.);
#3666=ORIENTED_EDGE('',*,*,#2657,.T.);
#3667=ORIENTED_EDGE('',*,*,#2658,.T.);
#3668=ORIENTED_EDGE('',*,*,#2659,.F.);
#3669=ORIENTED_EDGE('',*,*,#2344,.T.);
#3670=ORIENTED_EDGE('',*,*,#2343,.T.);
#3671=ORIENTED_EDGE('',*,*,#2649,.T.);
#3672=ORIENTED_EDGE('',*,*,#2275,.T.);
#3673=ORIENTED_EDGE('',*,*,#2648,.T.);
#3674=ORIENTED_EDGE('',*,*,#2341,.T.);
#3675=ORIENTED_EDGE('',*,*,#2340,.T.);
#3676=ORIENTED_EDGE('',*,*,#2660,.F.);
#3677=ORIENTED_EDGE('',*,*,#2661,.T.);
#3678=ORIENTED_EDGE('',*,*,#2662,.T.);
#3679=ORIENTED_EDGE('',*,*,#2663,.F.);
#3680=ORIENTED_EDGE('',*,*,#2664,.T.);
#3681=ORIENTED_EDGE('',*,*,#2665,.F.);
#3682=ORIENTED_EDGE('',*,*,#2666,.T.);
#3683=ORIENTED_EDGE('',*,*,#2667,.T.);
#3684=ORIENTED_EDGE('',*,*,#2668,.F.);
#3685=ORIENTED_EDGE('',*,*,#2271,.T.);
#3686=ORIENTED_EDGE('',*,*,#2243,.F.);
#3687=ORIENTED_EDGE('',*,*,#2669,.F.);
#3688=ORIENTED_EDGE('',*,*,#2670,.F.);
#3689=ORIENTED_EDGE('',*,*,#2671,.F.);
#3690=ORIENTED_EDGE('',*,*,#2650,.F.);
#3691=ORIENTED_EDGE('',*,*,#2260,.T.);
#3692=ORIENTED_EDGE('',*,*,#2463,.F.);
#3693=ORIENTED_EDGE('',*,*,#2672,.F.);
#3694=ORIENTED_EDGE('',*,*,#2435,.F.);
#3695=ORIENTED_EDGE('',*,*,#2477,.T.);
#3696=ORIENTED_EDGE('',*,*,#2472,.F.);
#3697=ORIENTED_EDGE('',*,*,#2457,.F.);
#3698=ORIENTED_EDGE('',*,*,#2456,.F.);
#3699=ORIENTED_EDGE('',*,*,#2476,.F.);
#3700=ORIENTED_EDGE('',*,*,#2436,.F.);
#3701=ORIENTED_EDGE('',*,*,#2672,.T.);
#3702=ORIENTED_EDGE('',*,*,#2466,.F.);
#3703=ORIENTED_EDGE('',*,*,#2454,.F.);
#3704=ORIENTED_EDGE('',*,*,#2379,.F.);
#3705=ORIENTED_EDGE('',*,*,#2407,.F.);
#3706=ORIENTED_EDGE('',*,*,#2422,.F.);
#3707=ORIENTED_EDGE('',*,*,#2673,.T.);
#3708=ORIENTED_EDGE('',*,*,#2393,.F.);
#3709=ORIENTED_EDGE('',*,*,#2390,.F.);
#3710=ORIENTED_EDGE('',*,*,#2673,.F.);
#3711=ORIENTED_EDGE('',*,*,#2421,.F.);
#3712=ORIENTED_EDGE('',*,*,#2408,.T.);
#3713=ORIENTED_EDGE('',*,*,#2395,.F.);
#3714=ORIENTED_EDGE('',*,*,#2399,.F.);
#3715=ORIENTED_EDGE('',*,*,#2384,.F.);
#3716=ORIENTED_EDGE('',*,*,#2444,.F.);
#3717=ORIENTED_EDGE('',*,*,#2674,.T.);
#3718=ORIENTED_EDGE('',*,*,#2675,.T.);
#3719=ORIENTED_EDGE('',*,*,#2284,.T.);
#3720=ORIENTED_EDGE('',*,*,#2479,.T.);
#3721=ORIENTED_EDGE('',*,*,#2473,.F.);
#3722=ORIENTED_EDGE('',*,*,#2437,.F.);
#3723=ORIENTED_EDGE('',*,*,#2331,.F.);
#3724=ORIENTED_EDGE('',*,*,#2336,.T.);
#3725=ORIENTED_EDGE('',*,*,#2416,.F.);
#3726=ORIENTED_EDGE('',*,*,#2420,.F.);
#3727=ORIENTED_EDGE('',*,*,#2357,.F.);
#3728=ORIENTED_EDGE('',*,*,#2361,.T.);
#3729=ORIENTED_EDGE('',*,*,#2427,.F.);
#3730=ORIENTED_EDGE('',*,*,#2676,.F.);
#3731=ORIENTED_EDGE('',*,*,#2358,.F.);
#3732=ORIENTED_EDGE('',*,*,#2676,.T.);
#3733=ORIENTED_EDGE('',*,*,#2430,.F.);
#3734=ORIENTED_EDGE('',*,*,#2362,.F.);
#3735=ORIENTED_EDGE('',*,*,#2309,.F.);
#3736=ORIENTED_EDGE('',*,*,#2287,.T.);
#3737=ORIENTED_EDGE('',*,*,#2677,.F.);
#3738=ORIENTED_EDGE('',*,*,#2678,.T.);
#3739=ORIENTED_EDGE('',*,*,#2679,.F.);
#3740=ORIENTED_EDGE('',*,*,#2289,.T.);
#3741=ORIENTED_EDGE('',*,*,#2621,.T.);
#3742=ORIENTED_EDGE('',*,*,#2519,.F.);
#3743=ORIENTED_EDGE('',*,*,#2617,.T.);
#3744=ORIENTED_EDGE('',*,*,#2531,.F.);
#3745=ORIENTED_EDGE('',*,*,#2488,.T.);
#3746=ORIENTED_EDGE('',*,*,#2680,.T.);
#3747=ORIENTED_EDGE('',*,*,#2681,.T.);
#3748=ORIENTED_EDGE('',*,*,#2682,.T.);
#3749=ORIENTED_EDGE('',*,*,#2683,.T.);
#3750=ORIENTED_EDGE('',*,*,#2684,.T.);
#3751=ORIENTED_EDGE('',*,*,#2681,.F.);
#3752=ORIENTED_EDGE('',*,*,#2685,.T.);
#3753=ORIENTED_EDGE('',*,*,#2686,.T.);
#3754=ORIENTED_EDGE('',*,*,#2687,.T.);
#3755=ORIENTED_EDGE('',*,*,#2683,.F.);
#3756=ORIENTED_EDGE('',*,*,#2688,.T.);
#3757=ORIENTED_EDGE('',*,*,#2689,.T.);
#3758=ORIENTED_EDGE('',*,*,#2690,.T.);
#3759=ORIENTED_EDGE('',*,*,#2686,.F.);
#3760=ORIENTED_EDGE('',*,*,#2691,.T.);
#3761=ORIENTED_EDGE('',*,*,#2663,.T.);
#3762=ORIENTED_EDGE('',*,*,#2692,.T.);
#3763=ORIENTED_EDGE('',*,*,#2689,.F.);
#3764=ORIENTED_EDGE('',*,*,#2693,.T.);
#3765=ORIENTED_EDGE('',*,*,#2665,.T.);
#3766=ORIENTED_EDGE('',*,*,#2694,.T.);
#3767=ORIENTED_EDGE('',*,*,#2183,.T.);
#3768=ORIENTED_EDGE('',*,*,#2695,.F.);
#3769=ORIENTED_EDGE('',*,*,#2489,.T.);
#3770=ORIENTED_EDGE('',*,*,#2682,.F.);
#3771=ORIENTED_EDGE('',*,*,#2684,.F.);
#3772=ORIENTED_EDGE('',*,*,#2687,.F.);
#3773=ORIENTED_EDGE('',*,*,#2690,.F.);
#3774=ORIENTED_EDGE('',*,*,#2692,.F.);
#3775=ORIENTED_EDGE('',*,*,#2662,.F.);
#3776=ORIENTED_EDGE('',*,*,#2661,.F.);
#3777=ORIENTED_EDGE('',*,*,#2696,.F.);
#3778=ORIENTED_EDGE('',*,*,#2697,.T.);
#3779=ORIENTED_EDGE('',*,*,#2547,.F.);
#3780=ORIENTED_EDGE('',*,*,#2632,.F.);
#3781=ORIENTED_EDGE('',*,*,#2668,.T.);
#3782=ORIENTED_EDGE('',*,*,#2698,.T.);
#3783=ORIENTED_EDGE('',*,*,#2699,.T.);
#3784=ORIENTED_EDGE('',*,*,#2700,.T.);
#3785=ORIENTED_EDGE('',*,*,#2272,.T.);
#3786=ORIENTED_EDGE('',*,*,#2701,.T.);
#3787=ORIENTED_EDGE('',*,*,#2702,.T.);
#3788=ORIENTED_EDGE('',*,*,#2699,.F.);
#3789=ORIENTED_EDGE('',*,*,#2703,.T.);
#3790=ORIENTED_EDGE('',*,*,#2704,.T.);
#3791=ORIENTED_EDGE('',*,*,#2705,.T.);
#3792=ORIENTED_EDGE('',*,*,#2701,.F.);
#3793=ORIENTED_EDGE('',*,*,#2706,.T.);
#3794=ORIENTED_EDGE('',*,*,#2704,.F.);
#3795=ORIENTED_EDGE('',*,*,#2707,.T.);
#3796=ORIENTED_EDGE('',*,*,#2708,.T.);
#3797=ORIENTED_EDGE('',*,*,#2709,.T.);
#3798=ORIENTED_EDGE('',*,*,#2710,.T.);
#3799=ORIENTED_EDGE('',*,*,#2711,.T.);
#3800=ORIENTED_EDGE('',*,*,#2708,.F.);
#3801=ORIENTED_EDGE('',*,*,#2712,.T.);
#3802=ORIENTED_EDGE('',*,*,#2710,.F.);
#3803=ORIENTED_EDGE('',*,*,#2713,.T.);
#3804=ORIENTED_EDGE('',*,*,#2714,.T.);
#3805=ORIENTED_EDGE('',*,*,#2715,.T.);
#3806=ORIENTED_EDGE('',*,*,#2716,.T.);
#3807=ORIENTED_EDGE('',*,*,#2717,.T.);
#3808=ORIENTED_EDGE('',*,*,#2714,.F.);
#3809=ORIENTED_EDGE('',*,*,#2718,.T.);
#3810=ORIENTED_EDGE('',*,*,#2716,.F.);
#3811=ORIENTED_EDGE('',*,*,#2719,.F.);
#3812=ORIENTED_EDGE('',*,*,#2720,.F.);
#3813=ORIENTED_EDGE('',*,*,#2721,.F.);
#3814=ORIENTED_EDGE('',*,*,#2722,.F.);
#3815=ORIENTED_EDGE('',*,*,#2723,.F.);
#3816=ORIENTED_EDGE('',*,*,#2724,.F.);
#3817=ORIENTED_EDGE('',*,*,#2725,.F.);
#3818=ORIENTED_EDGE('',*,*,#2726,.F.);
#3819=ORIENTED_EDGE('',*,*,#2727,.F.);
#3820=ORIENTED_EDGE('',*,*,#2728,.F.);
#3821=ORIENTED_EDGE('',*,*,#2729,.F.);
#3822=ORIENTED_EDGE('',*,*,#2730,.F.);
#3823=ORIENTED_EDGE('',*,*,#2731,.F.);
#3824=ORIENTED_EDGE('',*,*,#2732,.F.);
#3825=ORIENTED_EDGE('',*,*,#2733,.F.);
#3826=ORIENTED_EDGE('',*,*,#2734,.F.);
#3827=ORIENTED_EDGE('',*,*,#2735,.F.);
#3828=ORIENTED_EDGE('',*,*,#2680,.F.);
#3829=ORIENTED_EDGE('',*,*,#2736,.F.);
#3830=ORIENTED_EDGE('',*,*,#2718,.F.);
#3831=ORIENTED_EDGE('',*,*,#2713,.F.);
#3832=ORIENTED_EDGE('',*,*,#2737,.T.);
#3833=ORIENTED_EDGE('',*,*,#2685,.F.);
#3834=ORIENTED_EDGE('',*,*,#2737,.F.);
#3835=ORIENTED_EDGE('',*,*,#2712,.F.);
#3836=ORIENTED_EDGE('',*,*,#2738,.T.);
#3837=ORIENTED_EDGE('',*,*,#2688,.F.);
#3838=ORIENTED_EDGE('',*,*,#2738,.F.);
#3839=ORIENTED_EDGE('',*,*,#2707,.F.);
#3840=ORIENTED_EDGE('',*,*,#2706,.F.);
#3841=ORIENTED_EDGE('',*,*,#2739,.F.);
#3842=ORIENTED_EDGE('',*,*,#2691,.F.);
#3843=ORIENTED_EDGE('',*,*,#2739,.T.);
#3844=ORIENTED_EDGE('',*,*,#2703,.F.);
#3845=ORIENTED_EDGE('',*,*,#2740,.T.);
#3846=ORIENTED_EDGE('',*,*,#2693,.F.);
#3847=ORIENTED_EDGE('',*,*,#2740,.F.);
#3848=ORIENTED_EDGE('',*,*,#2698,.F.);
#3849=ORIENTED_EDGE('',*,*,#2667,.F.);
#3850=ORIENTED_EDGE('',*,*,#2666,.F.);
#3851=ORIENTED_EDGE('',*,*,#2654,.T.);
#3852=ORIENTED_EDGE('',*,*,#2741,.T.);
#3853=ORIENTED_EDGE('',*,*,#2742,.T.);
#3854=ORIENTED_EDGE('',*,*,#2743,.T.);
#3855=ORIENTED_EDGE('',*,*,#2656,.T.);
#3856=ORIENTED_EDGE('',*,*,#2744,.T.);
#3857=ORIENTED_EDGE('',*,*,#2745,.T.);
#3858=ORIENTED_EDGE('',*,*,#2746,.T.);
#3859=ORIENTED_EDGE('',*,*,#2742,.F.);
#3860=ORIENTED_EDGE('',*,*,#2747,.T.);
#3861=ORIENTED_EDGE('',*,*,#2748,.T.);
#3862=ORIENTED_EDGE('',*,*,#2749,.T.);
#3863=ORIENTED_EDGE('',*,*,#2745,.F.);
#3864=ORIENTED_EDGE('',*,*,#2750,.T.);
#3865=ORIENTED_EDGE('',*,*,#2751,.T.);
#3866=ORIENTED_EDGE('',*,*,#2752,.T.);
#3867=ORIENTED_EDGE('',*,*,#2748,.F.);
#3868=ORIENTED_EDGE('',*,*,#2753,.T.);
#3869=ORIENTED_EDGE('',*,*,#2504,.T.);
#3870=ORIENTED_EDGE('',*,*,#2754,.T.);
#3871=ORIENTED_EDGE('',*,*,#2751,.F.);
#3872=ORIENTED_EDGE('',*,*,#2755,.T.);
#3873=ORIENTED_EDGE('',*,*,#2753,.F.);
#3874=ORIENTED_EDGE('',*,*,#2756,.F.);
#3875=ORIENTED_EDGE('',*,*,#2757,.F.);
#3876=ORIENTED_EDGE('',*,*,#2758,.F.);
#3877=ORIENTED_EDGE('',*,*,#2750,.F.);
#3878=ORIENTED_EDGE('',*,*,#2759,.F.);
#3879=ORIENTED_EDGE('',*,*,#2760,.F.);
#3880=ORIENTED_EDGE('',*,*,#2761,.F.);
#3881=ORIENTED_EDGE('',*,*,#2756,.T.);
#3882=ORIENTED_EDGE('',*,*,#2747,.F.);
#3883=ORIENTED_EDGE('',*,*,#2762,.T.);
#3884=ORIENTED_EDGE('',*,*,#2763,.F.);
#3885=ORIENTED_EDGE('',*,*,#2759,.T.);
#3886=ORIENTED_EDGE('',*,*,#2741,.F.);
#3887=ORIENTED_EDGE('',*,*,#2653,.F.);
#3888=ORIENTED_EDGE('',*,*,#2652,.F.);
#3889=ORIENTED_EDGE('',*,*,#2764,.F.);
#3890=ORIENTED_EDGE('',*,*,#2762,.F.);
#3891=ORIENTED_EDGE('',*,*,#2744,.F.);
#3892=ORIENTED_EDGE('',*,*,#2655,.F.);
#3893=ORIENTED_EDGE('',*,*,#2728,.T.);
#3894=ORIENTED_EDGE('',*,*,#2765,.T.);
#3895=ORIENTED_EDGE('',*,*,#2766,.T.);
#3896=ORIENTED_EDGE('',*,*,#2767,.T.);
#3897=ORIENTED_EDGE('',*,*,#2766,.F.);
#3898=ORIENTED_EDGE('',*,*,#2768,.T.);
#3899=ORIENTED_EDGE('',*,*,#2769,.T.);
#3900=ORIENTED_EDGE('',*,*,#2770,.T.);
#3901=ORIENTED_EDGE('',*,*,#2771,.T.);
#3902=ORIENTED_EDGE('',*,*,#2772,.T.);
#3903=ORIENTED_EDGE('',*,*,#2769,.F.);
#3904=ORIENTED_EDGE('',*,*,#2757,.T.);
#3905=ORIENTED_EDGE('',*,*,#2771,.F.);
#3906=ORIENTED_EDGE('',*,*,#2761,.T.);
#3907=ORIENTED_EDGE('',*,*,#2773,.T.);
#3908=ORIENTED_EDGE('',*,*,#2774,.T.);
#3909=ORIENTED_EDGE('',*,*,#2775,.T.);
#3910=ORIENTED_EDGE('',*,*,#2776,.T.);
#3911=ORIENTED_EDGE('',*,*,#2773,.F.);
#3912=ORIENTED_EDGE('',*,*,#2760,.T.);
#3913=ORIENTED_EDGE('',*,*,#2777,.T.);
#3914=ORIENTED_EDGE('',*,*,#2778,.T.);
#3915=ORIENTED_EDGE('',*,*,#2775,.F.);
#3916=ORIENTED_EDGE('',*,*,#2763,.T.);
#3917=ORIENTED_EDGE('',*,*,#2671,.T.);
#3918=ORIENTED_EDGE('',*,*,#2779,.T.);
#3919=ORIENTED_EDGE('',*,*,#2777,.F.);
#3920=ORIENTED_EDGE('',*,*,#2764,.T.);
#3921=ORIENTED_EDGE('',*,*,#2651,.T.);
#3922=ORIENTED_EDGE('',*,*,#2755,.F.);
#3923=ORIENTED_EDGE('',*,*,#2758,.T.);
#3924=ORIENTED_EDGE('',*,*,#2768,.F.);
#3925=ORIENTED_EDGE('',*,*,#2765,.F.);
#3926=ORIENTED_EDGE('',*,*,#2780,.F.);
#3927=ORIENTED_EDGE('',*,*,#2781,.F.);
#3928=ORIENTED_EDGE('',*,*,#2782,.T.);
#3929=ORIENTED_EDGE('',*,*,#2492,.T.);
#3930=ORIENTED_EDGE('',*,*,#2783,.T.);
#3931=ORIENTED_EDGE('',*,*,#2783,.F.);
#3932=ORIENTED_EDGE('',*,*,#2491,.T.);
#3933=ORIENTED_EDGE('',*,*,#2784,.T.);
#3934=ORIENTED_EDGE('',*,*,#2644,.F.);
#3935=ORIENTED_EDGE('',*,*,#2785,.F.);
#3936=ORIENTED_EDGE('',*,*,#2786,.F.);
#3937=ORIENTED_EDGE('',*,*,#2787,.T.);
#3938=ORIENTED_EDGE('',*,*,#2500,.T.);
#3939=ORIENTED_EDGE('',*,*,#2788,.T.);
#3940=ORIENTED_EDGE('',*,*,#2788,.F.);
#3941=ORIENTED_EDGE('',*,*,#2499,.T.);
#3942=ORIENTED_EDGE('',*,*,#2789,.F.);
#3943=ORIENTED_EDGE('',*,*,#2790,.T.);
#3944=ORIENTED_EDGE('',*,*,#2791,.T.);
#3945=ORIENTED_EDGE('',*,*,#2792,.T.);
#3946=ORIENTED_EDGE('',*,*,#2793,.T.);
#3947=ORIENTED_EDGE('',*,*,#2794,.T.);
#3948=ORIENTED_EDGE('',*,*,#2795,.T.);
#3949=ORIENTED_EDGE('',*,*,#2796,.T.);
#3950=ORIENTED_EDGE('',*,*,#2774,.F.);
#3951=ORIENTED_EDGE('',*,*,#2797,.T.);
#3952=ORIENTED_EDGE('',*,*,#2795,.F.);
#3953=ORIENTED_EDGE('',*,*,#2798,.T.);
#3954=ORIENTED_EDGE('',*,*,#2730,.T.);
#3955=ORIENTED_EDGE('',*,*,#2799,.T.);
#3956=ORIENTED_EDGE('',*,*,#2770,.F.);
#3957=ORIENTED_EDGE('',*,*,#2772,.F.);
#3958=ORIENTED_EDGE('',*,*,#2798,.F.);
#3959=ORIENTED_EDGE('',*,*,#2800,.T.);
#3960=ORIENTED_EDGE('',*,*,#2801,.F.);
#3961=ORIENTED_EDGE('',*,*,#2731,.T.);
#3962=ORIENTED_EDGE('',*,*,#2779,.F.);
#3963=ORIENTED_EDGE('',*,*,#2670,.T.);
#3964=ORIENTED_EDGE('',*,*,#2802,.F.);
#3965=ORIENTED_EDGE('',*,*,#2796,.F.);
#3966=ORIENTED_EDGE('',*,*,#2797,.F.);
#3967=ORIENTED_EDGE('',*,*,#2776,.F.);
#3968=ORIENTED_EDGE('',*,*,#2778,.F.);
#3969=ORIENTED_EDGE('',*,*,#2767,.F.);
#3970=ORIENTED_EDGE('',*,*,#2799,.F.);
#3971=ORIENTED_EDGE('',*,*,#2729,.T.);
#3972=ORIENTED_EDGE('',*,*,#2794,.F.);
#3973=ORIENTED_EDGE('',*,*,#2803,.F.);
#3974=ORIENTED_EDGE('',*,*,#2800,.F.);
#3975=ORIENTED_EDGE('',*,*,#2804,.F.);
#3976=ORIENTED_EDGE('',*,*,#2805,.T.);
#3977=ORIENTED_EDGE('',*,*,#2806,.T.);
#3978=ORIENTED_EDGE('',*,*,#2807,.T.);
#3979=ORIENTED_EDGE('',*,*,#2715,.F.);
#3980=ORIENTED_EDGE('',*,*,#2808,.T.);
#3981=ORIENTED_EDGE('',*,*,#2734,.T.);
#3982=ORIENTED_EDGE('',*,*,#2809,.T.);
#3983=ORIENTED_EDGE('',*,*,#2806,.F.);
#3984=ORIENTED_EDGE('',*,*,#2810,.T.);
#3985=ORIENTED_EDGE('',*,*,#2709,.F.);
#3986=ORIENTED_EDGE('',*,*,#2711,.F.);
#3987=ORIENTED_EDGE('',*,*,#2705,.F.);
#3988=ORIENTED_EDGE('',*,*,#2810,.F.);
#3989=ORIENTED_EDGE('',*,*,#2805,.F.);
#3990=ORIENTED_EDGE('',*,*,#2811,.F.);
#3991=ORIENTED_EDGE('',*,*,#2273,.T.);
#3992=ORIENTED_EDGE('',*,*,#2700,.F.);
#3993=ORIENTED_EDGE('',*,*,#2702,.F.);
#3994=ORIENTED_EDGE('',*,*,#2717,.F.);
#3995=ORIENTED_EDGE('',*,*,#2735,.T.);
#3996=ORIENTED_EDGE('',*,*,#2808,.F.);
#3997=ORIENTED_EDGE('',*,*,#2812,.F.);
#3998=ORIENTED_EDGE('',*,*,#2813,.T.);
#3999=ORIENTED_EDGE('',*,*,#2494,.T.);
#4000=ORIENTED_EDGE('',*,*,#2814,.T.);
#4001=ORIENTED_EDGE('',*,*,#2782,.F.);
#4002=ORIENTED_EDGE('',*,*,#2815,.T.);
#4003=ORIENTED_EDGE('',*,*,#2816,.T.);
#4004=ORIENTED_EDGE('',*,*,#2817,.T.);
#4005=ORIENTED_EDGE('',*,*,#2814,.F.);
#4006=ORIENTED_EDGE('',*,*,#2493,.T.);
#4007=ORIENTED_EDGE('',*,*,#2818,.F.);
#4008=ORIENTED_EDGE('',*,*,#2789,.T.);
#4009=ORIENTED_EDGE('',*,*,#2498,.T.);
#4010=ORIENTED_EDGE('',*,*,#2819,.T.);
#4011=ORIENTED_EDGE('',*,*,#2819,.F.);
#4012=ORIENTED_EDGE('',*,*,#2497,.T.);
#4013=ORIENTED_EDGE('',*,*,#2820,.T.);
#4014=ORIENTED_EDGE('',*,*,#2821,.F.);
#4015=ORIENTED_EDGE('',*,*,#2822,.F.);
#4016=ORIENTED_EDGE('',*,*,#2696,.T.);
#4017=ORIENTED_EDGE('',*,*,#2660,.T.);
#4018=ORIENTED_EDGE('',*,*,#2339,.T.);
#4019=ORIENTED_EDGE('',*,*,#2822,.T.);
#4020=ORIENTED_EDGE('',*,*,#2346,.F.);
#4021=ORIENTED_EDGE('',*,*,#2823,.T.);
#4022=ORIENTED_EDGE('',*,*,#2824,.F.);
#4023=ORIENTED_EDGE('',*,*,#2548,.F.);
#4024=ORIENTED_EDGE('',*,*,#2697,.F.);
#4025=ORIENTED_EDGE('',*,*,#2823,.F.);
#4026=ORIENTED_EDGE('',*,*,#2345,.T.);
#4027=ORIENTED_EDGE('',*,*,#2659,.T.);
#4028=ORIENTED_EDGE('',*,*,#2825,.T.);
#4029=ORIENTED_EDGE('',*,*,#2190,.T.);
#4030=ORIENTED_EDGE('',*,*,#2631,.F.);
#4031=ORIENTED_EDGE('',*,*,#2549,.F.);
#4032=ORIENTED_EDGE('',*,*,#2824,.T.);
#4033=ORIENTED_EDGE('',*,*,#2825,.F.);
#4034=ORIENTED_EDGE('',*,*,#2658,.F.);
#4035=ORIENTED_EDGE('',*,*,#2657,.F.);
#4036=ORIENTED_EDGE('',*,*,#2743,.F.);
#4037=ORIENTED_EDGE('',*,*,#2746,.F.);
#4038=ORIENTED_EDGE('',*,*,#2749,.F.);
#4039=ORIENTED_EDGE('',*,*,#2752,.F.);
#4040=ORIENTED_EDGE('',*,*,#2754,.F.);
#4041=ORIENTED_EDGE('',*,*,#2503,.T.);
#4042=ORIENTED_EDGE('',*,*,#2646,.T.);
#4043=ORIENTED_EDGE('',*,*,#2694,.F.);
#4044=ORIENTED_EDGE('',*,*,#2664,.F.);
#4045=ORIENTED_EDGE('',*,*,#2736,.T.);
#4046=ORIENTED_EDGE('',*,*,#2513,.T.);
#4047=ORIENTED_EDGE('',*,*,#2826,.T.);
#4048=ORIENTED_EDGE('',*,*,#2719,.T.);
#4049=ORIENTED_EDGE('',*,*,#2827,.T.);
#4050=ORIENTED_EDGE('',*,*,#2720,.T.);
#4051=ORIENTED_EDGE('',*,*,#2826,.F.);
#4052=ORIENTED_EDGE('',*,*,#2512,.T.);
#4053=ORIENTED_EDGE('',*,*,#2828,.T.);
#4054=ORIENTED_EDGE('',*,*,#2721,.T.);
#4055=ORIENTED_EDGE('',*,*,#2827,.F.);
#4056=ORIENTED_EDGE('',*,*,#2511,.T.);
#4057=ORIENTED_EDGE('',*,*,#2829,.T.);
#4058=ORIENTED_EDGE('',*,*,#2722,.T.);
#4059=ORIENTED_EDGE('',*,*,#2828,.F.);
#4060=ORIENTED_EDGE('',*,*,#2510,.T.);
#4061=ORIENTED_EDGE('',*,*,#2830,.T.);
#4062=ORIENTED_EDGE('',*,*,#2723,.T.);
#4063=ORIENTED_EDGE('',*,*,#2829,.F.);
#4064=ORIENTED_EDGE('',*,*,#2509,.T.);
#4065=ORIENTED_EDGE('',*,*,#2831,.T.);
#4066=ORIENTED_EDGE('',*,*,#2724,.T.);
#4067=ORIENTED_EDGE('',*,*,#2830,.F.);
#4068=ORIENTED_EDGE('',*,*,#2508,.T.);
#4069=ORIENTED_EDGE('',*,*,#2832,.T.);
#4070=ORIENTED_EDGE('',*,*,#2725,.T.);
#4071=ORIENTED_EDGE('',*,*,#2831,.F.);
#4072=ORIENTED_EDGE('',*,*,#2507,.T.);
#4073=ORIENTED_EDGE('',*,*,#2833,.T.);
#4074=ORIENTED_EDGE('',*,*,#2726,.T.);
#4075=ORIENTED_EDGE('',*,*,#2832,.F.);
#4076=ORIENTED_EDGE('',*,*,#2506,.T.);
#4077=ORIENTED_EDGE('',*,*,#2780,.T.);
#4078=ORIENTED_EDGE('',*,*,#2727,.T.);
#4079=ORIENTED_EDGE('',*,*,#2833,.F.);
#4080=ORIENTED_EDGE('',*,*,#2505,.T.);
#4081=ORIENTED_EDGE('',*,*,#2787,.F.);
#4082=ORIENTED_EDGE('',*,*,#2834,.F.);
#4083=ORIENTED_EDGE('',*,*,#2636,.F.);
#4084=ORIENTED_EDGE('',*,*,#2647,.F.);
#4085=ORIENTED_EDGE('',*,*,#2501,.T.);
#4086=ORIENTED_EDGE('',*,*,#2496,.T.);
#4087=ORIENTED_EDGE('',*,*,#2835,.T.);
#4088=ORIENTED_EDGE('',*,*,#2836,.F.);
#4089=ORIENTED_EDGE('',*,*,#2640,.F.);
#4090=ORIENTED_EDGE('',*,*,#2837,.F.);
#4091=ORIENTED_EDGE('',*,*,#2820,.F.);
#4092=ORIENTED_EDGE('',*,*,#2813,.F.);
#4093=ORIENTED_EDGE('',*,*,#2838,.F.);
#4094=ORIENTED_EDGE('',*,*,#2835,.F.);
#4095=ORIENTED_EDGE('',*,*,#2495,.T.);
#4096=ORIENTED_EDGE('',*,*,#2634,.F.);
#4097=ORIENTED_EDGE('',*,*,#2645,.F.);
#4098=ORIENTED_EDGE('',*,*,#2784,.F.);
#4099=ORIENTED_EDGE('',*,*,#2490,.T.);
#4100=ORIENTED_EDGE('',*,*,#2695,.T.);
#4101=ORIENTED_EDGE('',*,*,#2732,.T.);
#4102=ORIENTED_EDGE('',*,*,#2801,.T.);
#4103=ORIENTED_EDGE('',*,*,#2839,.F.);
#4104=ORIENTED_EDGE('',*,*,#2840,.F.);
#4105=ORIENTED_EDGE('',*,*,#2678,.F.);
#4106=ORIENTED_EDGE('',*,*,#2841,.F.);
#4107=ORIENTED_EDGE('',*,*,#2842,.F.);
#4108=ORIENTED_EDGE('',*,*,#2843,.T.);
#4109=ORIENTED_EDGE('',*,*,#2251,.F.);
#4110=ORIENTED_EDGE('',*,*,#2256,.T.);
#4111=ORIENTED_EDGE('',*,*,#2264,.F.);
#4112=ORIENTED_EDGE('',*,*,#2266,.F.);
#4113=ORIENTED_EDGE('',*,*,#2268,.F.);
#4114=ORIENTED_EDGE('',*,*,#2274,.T.);
#4115=ORIENTED_EDGE('',*,*,#2811,.T.);
#4116=ORIENTED_EDGE('',*,*,#2804,.T.);
#4117=ORIENTED_EDGE('',*,*,#2844,.F.);
#4118=ORIENTED_EDGE('',*,*,#2674,.F.);
#4119=ORIENTED_EDGE('',*,*,#2443,.F.);
#4120=ORIENTED_EDGE('',*,*,#2449,.F.);
#4121=ORIENTED_EDGE('',*,*,#2446,.F.);
#4122=ORIENTED_EDGE('',*,*,#2455,.F.);
#4123=ORIENTED_EDGE('',*,*,#2452,.F.);
#4124=ORIENTED_EDGE('',*,*,#2465,.F.);
#4125=ORIENTED_EDGE('',*,*,#2461,.F.);
#4126=ORIENTED_EDGE('',*,*,#2478,.F.);
#4127=ORIENTED_EDGE('',*,*,#2370,.F.);
#4128=ORIENTED_EDGE('',*,*,#2376,.F.);
#4129=ORIENTED_EDGE('',*,*,#2373,.F.);
#4130=ORIENTED_EDGE('',*,*,#2382,.F.);
#4131=ORIENTED_EDGE('',*,*,#2381,.F.);
#4132=ORIENTED_EDGE('',*,*,#2392,.F.);
#4133=ORIENTED_EDGE('',*,*,#2388,.F.);
#4134=ORIENTED_EDGE('',*,*,#2404,.F.);
#4135=ORIENTED_EDGE('',*,*,#2845,.F.);
#4136=ORIENTED_EDGE('',*,*,#2793,.F.);
#4137=ORIENTED_EDGE('',*,*,#2802,.T.);
#4138=ORIENTED_EDGE('',*,*,#2669,.T.);
#4139=ORIENTED_EDGE('',*,*,#2246,.F.);
#4140=ORIENTED_EDGE('',*,*,#2248,.F.);
#4141=ORIENTED_EDGE('',*,*,#2818,.T.);
#4142=ORIENTED_EDGE('',*,*,#2821,.T.);
#4143=ORIENTED_EDGE('',*,*,#2837,.T.);
#4144=ORIENTED_EDGE('',*,*,#2639,.F.);
#4145=ORIENTED_EDGE('',*,*,#2846,.T.);
#4146=ORIENTED_EDGE('',*,*,#2790,.F.);
#4147=ORIENTED_EDGE('',*,*,#2781,.T.);
#4148=ORIENTED_EDGE('',*,*,#2785,.T.);
#4149=ORIENTED_EDGE('',*,*,#2643,.F.);
#4150=ORIENTED_EDGE('',*,*,#2847,.T.);
#4151=ORIENTED_EDGE('',*,*,#2815,.F.);
#4152=ORIENTED_EDGE('',*,*,#2791,.F.);
#4153=ORIENTED_EDGE('',*,*,#2846,.F.);
#4154=ORIENTED_EDGE('',*,*,#2638,.F.);
#4155=ORIENTED_EDGE('',*,*,#2848,.F.);
#4156=ORIENTED_EDGE('',*,*,#2812,.T.);
#4157=ORIENTED_EDGE('',*,*,#2817,.F.);
#4158=ORIENTED_EDGE('',*,*,#2849,.T.);
#4159=ORIENTED_EDGE('',*,*,#2641,.F.);
#4160=ORIENTED_EDGE('',*,*,#2836,.T.);
#4161=ORIENTED_EDGE('',*,*,#2838,.T.);
#4162=ORIENTED_EDGE('',*,*,#2816,.F.);
#4163=ORIENTED_EDGE('',*,*,#2847,.F.);
#4164=ORIENTED_EDGE('',*,*,#2642,.F.);
#4165=ORIENTED_EDGE('',*,*,#2849,.F.);
#4166=ORIENTED_EDGE('',*,*,#2786,.T.);
#4167=ORIENTED_EDGE('',*,*,#2792,.F.);
#4168=ORIENTED_EDGE('',*,*,#2848,.T.);
#4169=ORIENTED_EDGE('',*,*,#2637,.F.);
#4170=ORIENTED_EDGE('',*,*,#2834,.T.);
#4171=ORIENTED_EDGE('',*,*,#2807,.F.);
#4172=ORIENTED_EDGE('',*,*,#2850,.T.);
#4173=ORIENTED_EDGE('',*,*,#2851,.F.);
#4174=ORIENTED_EDGE('',*,*,#2809,.F.);
#4175=ORIENTED_EDGE('',*,*,#2733,.T.);
#4176=ORIENTED_EDGE('',*,*,#2843,.F.);
#4177=ORIENTED_EDGE('',*,*,#2850,.F.);
#4178=ORIENTED_EDGE('',*,*,#2840,.T.);
#4179=ORIENTED_EDGE('',*,*,#2852,.T.);
#4180=ORIENTED_EDGE('',*,*,#2290,.T.);
#4181=ORIENTED_EDGE('',*,*,#2679,.T.);
#4182=ORIENTED_EDGE('',*,*,#2841,.T.);
#4183=ORIENTED_EDGE('',*,*,#2677,.T.);
#4184=ORIENTED_EDGE('',*,*,#2286,.T.);
#4185=ORIENTED_EDGE('',*,*,#2853,.T.);
#4186=ORIENTED_EDGE('',*,*,#2853,.F.);
#4187=ORIENTED_EDGE('',*,*,#2285,.T.);
#4188=ORIENTED_EDGE('',*,*,#2675,.F.);
#4189=ORIENTED_EDGE('',*,*,#2844,.T.);
#4190=ORIENTED_EDGE('',*,*,#2851,.T.);
#4191=ORIENTED_EDGE('',*,*,#2842,.T.);
#4192=ORIENTED_EDGE('',*,*,#2852,.F.);
#4193=ORIENTED_EDGE('',*,*,#2839,.T.);
#4194=ORIENTED_EDGE('',*,*,#2803,.T.);
#4195=ORIENTED_EDGE('',*,*,#2845,.T.);
#4196=ORIENTED_EDGE('',*,*,#2403,.F.);
#4197=ORIENTED_EDGE('',*,*,#2291,.T.);
#4198=CONICAL_SURFACE('',#4501,7.75,0.785398163397448);
#4199=CONICAL_SURFACE('',#4504,7.75,0.785398163397448);
#4200=CONICAL_SURFACE('',#4508,3.5,0.785398163397448);
#4201=CONICAL_SURFACE('',#4513,3.5,0.785398163397448);
#4202=CONICAL_SURFACE('',#4521,45.625,0.785398163397448);
#4203=CONICAL_SURFACE('',#4523,2.55,0.785398163397448);
#4204=CONICAL_SURFACE('',#4532,2.55,0.785398163397448);
#4205=CONICAL_SURFACE('',#4565,4.,0.785398163397448);
#4206=CONICAL_SURFACE('',#4580,4.,0.785398163397457);
#4207=CONICAL_SURFACE('',#4589,1.82500000000001,0.785398163397449);
#4208=CONICAL_SURFACE('',#4593,1.825,0.785398163397449);
#4209=CONICAL_SURFACE('',#4602,1.82499999999999,0.785398163397452);
#4210=CONICAL_SURFACE('',#4605,1.82500000000001,0.785398163397452);
#4211=CONICAL_SURFACE('',#4616,1.82500000000001,0.785398163397449);
#4212=CONICAL_SURFACE('',#4619,1.825,0.785398163397449);
#4213=CONICAL_SURFACE('',#4626,1.82500000000001,0.785398163397452);
#4214=CONICAL_SURFACE('',#4630,1.82499999999999,0.785398163397452);
#4215=CONICAL_SURFACE('',#4640,2.35,0.78539816339745);
#4216=CONICAL_SURFACE('',#4665,4.,0.785398163397451);
#4217=CONICAL_SURFACE('',#4673,4.,0.785398163397448);
#4218=CONICAL_SURFACE('',#4681,16.5491031209778,0.785398163397448);
#4219=CONICAL_SURFACE('',#4738,7.75,0.785398163397448);
#4220=CONICAL_SURFACE('',#4740,7.75,0.785398163397448);
#4221=CONICAL_SURFACE('',#4752,45.625,0.785398163397448);
#4222=CONICAL_SURFACE('',#4755,45.625,0.785398163397448);
#4223=CONICAL_SURFACE('',#4887,4.12500000000554,0.785398163397447);
#4224=CONICAL_SURFACE('',#4889,2.87500000000045,0.785398163397448);
#4225=CONICAL_SURFACE('',#4890,44.3750000000093,0.785398163397444);
#4226=CONICAL_SURFACE('',#4891,2.87500000001303,0.78539816339745);
#4227=CONICAL_SURFACE('',#4893,4.12500000000324,0.78539816339745);
#4228=CONICAL_SURFACE('',#4908,41.4644660940478,0.785398163397441);
#4229=CONICAL_SURFACE('',#4910,41.4644660940478,0.785398163397441);
#4230=CONICAL_SURFACE('',#4914,44.9999999999805,0.785398163397441);
#4231=CONICAL_SURFACE('',#4915,44.9999999999805,0.785398163397441);
#4232=ADVANCED_FACE('',(#255),#4198,.T.);
#4233=ADVANCED_FACE('',(#256),#4199,.T.);
#4234=ADVANCED_FACE('',(#257),#4200,.F.);
#4235=ADVANCED_FACE('',(#258,#122),#133,.F.);
#4236=ADVANCED_FACE('',(#259),#4201,.F.);
#4237=ADVANCED_FACE('',(#260,#123),#134,.F.);
#4238=ADVANCED_FACE('',(#261),#135,.F.);
#4239=ADVANCED_FACE('',(#262),#4202,.F.);
#4240=ADVANCED_FACE('',(#263),#4203,.F.);
#4241=ADVANCED_FACE('',(#264),#69,.F.);
#4242=ADVANCED_FACE('',(#265),#70,.F.);
#4243=ADVANCED_FACE('',(#266),#4204,.F.);
#4244=ADVANCED_FACE('',(#267),#71,.F.);
#4245=ADVANCED_FACE('',(#268,#124),#136,.T.);
#4246=ADVANCED_FACE('',(#269),#72,.F.);
#4247=ADVANCED_FACE('',(#270,#125),#137,.T.);
#4248=ADVANCED_FACE('',(#271),#138,.T.);
#4249=ADVANCED_FACE('',(#272),#31,.T.);
#4250=ADVANCED_FACE('',(#273),#139,.T.);
#4251=ADVANCED_FACE('',(#274),#140,.F.);
#4252=ADVANCED_FACE('',(#275),#141,.F.);
#4253=ADVANCED_FACE('',(#276),#73,.F.);
#4254=ADVANCED_FACE('',(#277),#142,.F.);
#4255=ADVANCED_FACE('',(#278),#143,.T.);
#4256=ADVANCED_FACE('',(#279),#32,.T.);
#4257=ADVANCED_FACE('',(#280),#144,.T.);
#4258=ADVANCED_FACE('',(#281),#145,.F.);
#4259=ADVANCED_FACE('',(#282),#146,.F.);
#4260=ADVANCED_FACE('',(#283),#147,.F.);
#4261=ADVANCED_FACE('',(#284),#4205,.F.);
#4262=ADVANCED_FACE('',(#285),#33,.T.);
#4263=ADVANCED_FACE('',(#286,#126,#127),#148,.T.);
#4264=ADVANCED_FACE('',(#287),#74,.F.);
#4265=ADVANCED_FACE('',(#288),#4206,.F.);
#4266=ADVANCED_FACE('',(#289),#34,.T.);
#4267=ADVANCED_FACE('',(#290),#75,.F.);
#4268=ADVANCED_FACE('',(#291),#149,.T.);
#4269=ADVANCED_FACE('',(#292),#4207,.F.);
#4270=ADVANCED_FACE('',(#293),#150,.T.);
#4271=ADVANCED_FACE('',(#294),#4208,.F.);
#4272=ADVANCED_FACE('',(#295),#76,.F.);
#4273=ADVANCED_FACE('',(#296),#151,.F.);
#4274=ADVANCED_FACE('',(#297,#128,#129),#152,.T.);
#4275=ADVANCED_FACE('',(#298),#4209,.F.);
#4276=ADVANCED_FACE('',(#299),#153,.T.);
#4277=ADVANCED_FACE('',(#300),#4210,.F.);
#4278=ADVANCED_FACE('',(#301),#154,.T.);
#4279=ADVANCED_FACE('',(#302),#155,.F.);
#4280=ADVANCED_FACE('',(#303),#77,.F.);
#4281=ADVANCED_FACE('',(#304),#156,.T.);
#4282=ADVANCED_FACE('',(#305),#35,.T.);
#4283=ADVANCED_FACE('',(#306),#36,.T.);
#4284=ADVANCED_FACE('',(#307),#37,.T.);
#4285=ADVANCED_FACE('',(#308),#38,.T.);
#4286=ADVANCED_FACE('',(#309),#39,.T.);
#4287=ADVANCED_FACE('',(#310),#40,.T.);
#4288=ADVANCED_FACE('',(#311),#41,.T.);
#4289=ADVANCED_FACE('',(#312),#42,.T.);
#4290=ADVANCED_FACE('',(#313),#43,.T.);
#4291=ADVANCED_FACE('',(#314),#44,.T.);
#4292=ADVANCED_FACE('',(#315),#45,.T.);
#4293=ADVANCED_FACE('',(#316),#46,.F.);
#4294=ADVANCED_FACE('',(#317),#78,.F.);
#4295=ADVANCED_FACE('',(#318),#157,.F.);
#4296=ADVANCED_FACE('',(#319),#158,.T.);
#4297=ADVANCED_FACE('',(#320),#4211,.F.);
#4298=ADVANCED_FACE('',(#321),#159,.T.);
#4299=ADVANCED_FACE('',(#322),#4212,.F.);
#4300=ADVANCED_FACE('',(#323),#79,.F.);
#4301=ADVANCED_FACE('',(#324,#130),#160,.F.);
#4302=ADVANCED_FACE('',(#325),#161,.T.);
#4303=ADVANCED_FACE('',(#326),#4213,.F.);
#4304=ADVANCED_FACE('',(#327),#162,.T.);
#4305=ADVANCED_FACE('',(#328),#4214,.F.);
#4306=ADVANCED_FACE('',(#329,#131),#163,.F.);
#4307=ADVANCED_FACE('',(#330),#47,.T.);
#4308=ADVANCED_FACE('',(#331),#48,.T.);
#4309=ADVANCED_FACE('',(#332),#49,.T.);
#4310=ADVANCED_FACE('',(#333),#50,.T.);
#4311=ADVANCED_FACE('',(#334),#51,.T.);
#4312=ADVANCED_FACE('',(#335),#52,.T.);
#4313=ADVANCED_FACE('',(#336),#164,.T.);
#4314=ADVANCED_FACE('',(#337),#53,.T.);
#4315=ADVANCED_FACE('',(#338),#54,.T.);
#4316=ADVANCED_FACE('',(#339),#55,.T.);
#4317=ADVANCED_FACE('',(#340),#56,.T.);
#4318=ADVANCED_FACE('',(#341),#57,.T.);
#4319=ADVANCED_FACE('',(#342),#165,.F.);
#4320=ADVANCED_FACE('',(#343),#80,.F.);
#4321=ADVANCED_FACE('',(#344),#166,.T.);
#4322=ADVANCED_FACE('',(#345),#4215,.F.);
#4323=ADVANCED_FACE('',(#346),#81,.F.);
#4324=ADVANCED_FACE('',(#347,#132),#167,.F.);
#4325=ADVANCED_FACE('',(#348),#4216,.F.);
#4326=ADVANCED_FACE('',(#349),#82,.F.);
#4327=ADVANCED_FACE('',(#350),#4217,.F.);
#4328=ADVANCED_FACE('',(#351),#83,.F.);
#4329=ADVANCED_FACE('',(#352),#4218,.F.);
#4330=ADVANCED_FACE('',(#353),#84,.F.);
#4331=ADVANCED_FACE('',(#354),#85,.F.);
#4332=ADVANCED_FACE('',(#355),#168,.T.);
#4333=ADVANCED_FACE('',(#356),#169,.T.);
#4334=ADVANCED_FACE('',(#357),#170,.F.);
#4335=ADVANCED_FACE('',(#358),#171,.F.);
#4336=ADVANCED_FACE('',(#359),#172,.F.);
#4337=ADVANCED_FACE('',(#360),#173,.F.);
#4338=ADVANCED_FACE('',(#361),#174,.F.);
#4339=ADVANCED_FACE('',(#362),#175,.F.);
#4340=ADVANCED_FACE('',(#363),#176,.F.);
#4341=ADVANCED_FACE('',(#364),#177,.F.);
#4342=ADVANCED_FACE('',(#365),#178,.F.);
#4343=ADVANCED_FACE('',(#366),#179,.F.);
#4344=ADVANCED_FACE('',(#367),#180,.F.);
#4345=ADVANCED_FACE('',(#368),#181,.F.);
#4346=ADVANCED_FACE('',(#369),#182,.F.);
#4347=ADVANCED_FACE('',(#370),#183,.F.);
#4348=ADVANCED_FACE('',(#371),#184,.F.);
#4349=ADVANCED_FACE('',(#372),#185,.F.);
#4350=ADVANCED_FACE('',(#373),#186,.F.);
#4351=ADVANCED_FACE('',(#374),#187,.F.);
#4352=ADVANCED_FACE('',(#375),#188,.F.);
#4353=ADVANCED_FACE('',(#376),#189,.F.);
#4354=ADVANCED_FACE('',(#377),#190,.F.);
#4355=ADVANCED_FACE('',(#378),#191,.F.);
#4356=ADVANCED_FACE('',(#379),#192,.F.);
#4357=ADVANCED_FACE('',(#380),#193,.F.);
#4358=ADVANCED_FACE('',(#381),#194,.T.);
#4359=ADVANCED_FACE('',(#382),#195,.T.);
#4360=ADVANCED_FACE('',(#383),#196,.T.);
#4361=ADVANCED_FACE('',(#384),#197,.T.);
#4362=ADVANCED_FACE('',(#385),#198,.T.);
#4363=ADVANCED_FACE('',(#386),#199,.F.);
#4364=ADVANCED_FACE('',(#387),#200,.F.);
#4365=ADVANCED_FACE('',(#388),#201,.T.);
#4366=ADVANCED_FACE('',(#389),#202,.F.);
#4367=ADVANCED_FACE('',(#390),#203,.F.);
#4368=ADVANCED_FACE('',(#391),#204,.F.);
#4369=ADVANCED_FACE('',(#392),#205,.T.);
#4370=ADVANCED_FACE('',(#393),#206,.F.);
#4371=ADVANCED_FACE('',(#394),#207,.T.);
#4372=ADVANCED_FACE('',(#395),#208,.F.);
#4373=ADVANCED_FACE('',(#396),#209,.F.);
#4374=ADVANCED_FACE('',(#397),#210,.T.);
#4375=ADVANCED_FACE('',(#398),#211,.T.);
#4376=ADVANCED_FACE('',(#399),#212,.T.);
#4377=ADVANCED_FACE('',(#400),#213,.T.);
#4378=ADVANCED_FACE('',(#401),#214,.T.);
#4379=ADVANCED_FACE('',(#402),#215,.T.);
#4380=ADVANCED_FACE('',(#403),#4219,.T.);
#4381=ADVANCED_FACE('',(#404),#216,.F.);
#4382=ADVANCED_FACE('',(#405),#4220,.T.);
#4383=ADVANCED_FACE('',(#406),#217,.F.);
#4384=ADVANCED_FACE('',(#407),#86,.T.);
#4385=ADVANCED_FACE('',(#408),#218,.F.);
#4386=ADVANCED_FACE('',(#409),#4221,.F.);
#4387=ADVANCED_FACE('',(#410),#4222,.F.);
#4388=ADVANCED_FACE('',(#411),#219,.F.);
#4389=ADVANCED_FACE('',(#412),#220,.F.);
#4390=ADVANCED_FACE('',(#413),#87,.F.);
#4391=ADVANCED_FACE('',(#414),#221,.F.);
#4392=ADVANCED_FACE('',(#415),#88,.F.);
#4393=ADVANCED_FACE('',(#416),#58,.F.);
#4394=ADVANCED_FACE('',(#417),#222,.F.);
#4395=ADVANCED_FACE('',(#418),#89,.F.);
#4396=ADVANCED_FACE('',(#419),#223,.F.);
#4397=ADVANCED_FACE('',(#420),#224,.T.);
#4398=ADVANCED_FACE('',(#421),#225,.T.);
#4399=ADVANCED_FACE('',(#422),#226,.T.);
#4400=ADVANCED_FACE('',(#423),#90,.T.);
#4401=ADVANCED_FACE('',(#424),#15,.T.);
#4402=ADVANCED_FACE('',(#425),#91,.T.);
#4403=ADVANCED_FACE('',(#426),#16,.T.);
#4404=ADVANCED_FACE('',(#427),#92,.T.);
#4405=ADVANCED_FACE('',(#428),#227,.T.);
#4406=ADVANCED_FACE('',(#429),#93,.T.);
#4407=ADVANCED_FACE('',(#430),#17,.T.);
#4408=ADVANCED_FACE('',(#431),#94,.T.);
#4409=ADVANCED_FACE('',(#432),#59,.F.);
#4410=ADVANCED_FACE('',(#433),#60,.F.);
#4411=ADVANCED_FACE('',(#434),#61,.F.);
#4412=ADVANCED_FACE('',(#435),#95,.T.);
#4413=ADVANCED_FACE('',(#436),#228,.F.);
#4414=ADVANCED_FACE('',(#437),#229,.F.);
#4415=ADVANCED_FACE('',(#438),#96,.F.);
#4416=ADVANCED_FACE('',(#439),#230,.F.);
#4417=ADVANCED_FACE('',(#440),#97,.F.);
#4418=ADVANCED_FACE('',(#441),#231,.F.);
#4419=ADVANCED_FACE('',(#442),#98,.T.);
#4420=ADVANCED_FACE('',(#443),#18,.T.);
#4421=ADVANCED_FACE('',(#444),#99,.T.);
#4422=ADVANCED_FACE('',(#445),#19,.T.);
#4423=ADVANCED_FACE('',(#446),#100,.T.);
#4424=ADVANCED_FACE('',(#447),#101,.F.);
#4425=ADVANCED_FACE('',(#448),#232,.F.);
#4426=ADVANCED_FACE('',(#449),#102,.F.);
#4427=ADVANCED_FACE('',(#450),#233,.F.);
#4428=ADVANCED_FACE('',(#451),#234,.F.);
#4429=ADVANCED_FACE('',(#452),#103,.T.);
#4430=ADVANCED_FACE('',(#453),#62,.F.);
#4431=ADVANCED_FACE('',(#454),#63,.F.);
#4432=ADVANCED_FACE('',(#455),#64,.F.);
#4433=ADVANCED_FACE('',(#456),#104,.T.);
#4434=ADVANCED_FACE('',(#457),#20,.T.);
#4435=ADVANCED_FACE('',(#458),#105,.T.);
#4436=ADVANCED_FACE('',(#459),#235,.F.);
#4437=ADVANCED_FACE('',(#460),#106,.F.);
#4438=ADVANCED_FACE('',(#461),#236,.T.);
#4439=ADVANCED_FACE('',(#462),#107,.F.);
#4440=ADVANCED_FACE('',(#463),#108,.F.);
#4441=ADVANCED_FACE('',(#464),#109,.F.);
#4442=ADVANCED_FACE('',(#465),#21,.F.);
#4443=ADVANCED_FACE('',(#466),#110,.F.);
#4444=ADVANCED_FACE('',(#467),#237,.T.);
#4445=ADVANCED_FACE('',(#468),#238,.T.);
#4446=ADVANCED_FACE('',(#469),#239,.F.);
#4447=ADVANCED_FACE('',(#470),#111,.F.);
#4448=ADVANCED_FACE('',(#471),#22,.F.);
#4449=ADVANCED_FACE('',(#472),#240,.F.);
#4450=ADVANCED_FACE('',(#473),#241,.F.);
#4451=ADVANCED_FACE('',(#474),#112,.F.);
#4452=ADVANCED_FACE('',(#475),#113,.F.);
#4453=ADVANCED_FACE('',(#476),#114,.F.);
#4454=ADVANCED_FACE('',(#477),#242,.T.);
#4455=ADVANCED_FACE('',(#478),#115,.F.);
#4456=ADVANCED_FACE('',(#479),#243,.F.);
#4457=ADVANCED_FACE('',(#480),#116,.F.);
#4458=ADVANCED_FACE('',(#481),#244,.T.);
#4459=ADVANCED_FACE('',(#482),#245,.F.);
#4460=ADVANCED_FACE('',(#483),#246,.T.);
#4461=ADVANCED_FACE('',(#484),#4223,.T.);
#4462=ADVANCED_FACE('',(#485),#247,.T.);
#4463=ADVANCED_FACE('',(#486),#4224,.F.);
#4464=ADVANCED_FACE('',(#487),#4225,.F.);
#4465=ADVANCED_FACE('',(#488),#4226,.F.);
#4466=ADVANCED_FACE('',(#489),#248,.T.);
#4467=ADVANCED_FACE('',(#490),#4227,.T.);
#4468=ADVANCED_FACE('',(#491),#249,.T.);
#4469=ADVANCED_FACE('',(#492),#250,.T.);
#4470=ADVANCED_FACE('',(#493),#117,.T.);
#4471=ADVANCED_FACE('',(#494),#251,.T.);
#4472=ADVANCED_FACE('',(#495),#118,.T.);
#4473=ADVANCED_FACE('',(#496),#119,.T.);
#4474=ADVANCED_FACE('',(#497),#120,.T.);
#4475=ADVANCED_FACE('',(#498),#252,.F.);
#4476=ADVANCED_FACE('',(#499),#4228,.F.);
#4477=ADVANCED_FACE('',(#500),#65,.T.);
#4478=ADVANCED_FACE('',(#501),#253,.F.);
#4479=ADVANCED_FACE('',(#502),#66,.T.);
#4480=ADVANCED_FACE('',(#503),#4229,.F.);
#4481=ADVANCED_FACE('',(#504),#254,.F.);
#4482=ADVANCED_FACE('',(#505),#121,.F.);
#4483=ADVANCED_FACE('',(#506),#67,.F.);
#4484=ADVANCED_FACE('',(#507),#68,.F.);
#4485=ADVANCED_FACE('',(#508),#4230,.T.);
#4486=ADVANCED_FACE('',(#509),#4231,.T.);
#4487=CLOSED_SHELL('',(#4232,#4233,#4234,#4235,#4236,#4237,#4238,#4239,
#4240,#4241,#4242,#4243,#4244,#4245,#4246,#4247,#4248,#4249,#4250,#4251,
#4252,#4253,#4254,#4255,#4256,#4257,#4258,#4259,#4260,#4261,#4262,#4263,
#4264,#4265,#4266,#4267,#4268,#4269,#4270,#4271,#4272,#4273,#4274,#4275,
#4276,#4277,#4278,#4279,#4280,#4281,#4282,#4283,#4284,#4285,#4286,#4287,
#4288,#4289,#4290,#4291,#4292,#4293,#4294,#4295,#4296,#4297,#4298,#4299,
#4300,#4301,#4302,#4303,#4304,#4305,#4306,#4307,#4308,#4309,#4310,#4311,
#4312,#4313,#4314,#4315,#4316,#4317,#4318,#4319,#4320,#4321,#4322,#4323,
#4324,#4325,#4326,#4327,#4328,#4329,#4330,#4331,#4332,#4333,#4334,#4335,
#4336,#4337,#4338,#4339,#4340,#4341,#4342,#4343,#4344,#4345,#4346,#4347,
#4348,#4349,#4350,#4351,#4352,#4353,#4354,#4355,#4356,#4357,#4358,#4359,
#4360,#4361,#4362,#4363,#4364,#4365,#4366,#4367,#4368,#4369,#4370,#4371,
#4372,#4373,#4374,#4375,#4376,#4377,#4378,#4379,#4380,#4381,#4382,#4383,
#4384,#4385,#4386,#4387,#4388,#4389,#4390,#4391,#4392,#4393,#4394,#4395,
#4396,#4397,#4398,#4399,#4400,#4401,#4402,#4403,#4404,#4405,#4406,#4407,
#4408,#4409,#4410,#4411,#4412,#4413,#4414,#4415,#4416,#4417,#4418,#4419,
#4420,#4421,#4422,#4423,#4424,#4425,#4426,#4427,#4428,#4429,#4430,#4431,
#4432,#4433,#4434,#4435,#4436,#4437,#4438,#4439,#4440,#4441,#4442,#4443,
#4444,#4445,#4446,#4447,#4448,#4449,#4450,#4451,#4452,#4453,#4454,#4455,
#4456,#4457,#4458,#4459,#4460,#4461,#4462,#4463,#4464,#4465,#4466,#4467,
#4468,#4469,#4470,#4471,#4472,#4473,#4474,#4475,#4476,#4477,#4478,#4479,
#4480,#4481,#4482,#4483,#4484,#4485,#4486));
#4488=DERIVED_UNIT_ELEMENT(#4490,1.);
#4489=DERIVED_UNIT_ELEMENT(#9273,-3.);
#4490=(
MASS_UNIT()
NAMED_UNIT(*)
SI_UNIT(.KILO.,.GRAM.)
);
#4491=DERIVED_UNIT((#4488,#4489));
#4492=MEASURE_REPRESENTATION_ITEM('density measure',
POSITIVE_RATIO_MEASURE(1380.),#4491);
#4493=PROPERTY_DEFINITION_REPRESENTATION(#4498,#4495);
#4494=PROPERTY_DEFINITION_REPRESENTATION(#4499,#4496);
#4495=REPRESENTATION('material name',(#4497),#9270);
#4496=REPRESENTATION('density',(#4492),#9270);
#4497=DESCRIPTIVE_REPRESENTATION_ITEM('Laminate, White, Matte',
'Laminate, White, Matte');
#4498=PROPERTY_DEFINITION('material property','material name',#9280);
#4499=PROPERTY_DEFINITION('material property','density of part',#9280);
#4500=AXIS2_PLACEMENT_3D('',#6072,#4916,#4917);
#4501=AXIS2_PLACEMENT_3D('',#6073,#4918,#4919);
#4502=AXIS2_PLACEMENT_3D('',#6082,#4921,#4922);
#4503=AXIS2_PLACEMENT_3D('',#6094,#4923,#4924);
#4504=AXIS2_PLACEMENT_3D('',#6095,#4925,#4926);
#4505=AXIS2_PLACEMENT_3D('',#6109,#4928,#4929);
#4506=AXIS2_PLACEMENT_3D('',#6124,#4930,#4931);
#4507=AXIS2_PLACEMENT_3D('',#6136,#4932,#4933);
#4508=AXIS2_PLACEMENT_3D('',#6137,#4934,#4935);
#4509=AXIS2_PLACEMENT_3D('',#6139,#4936,#4937);
#4510=AXIS2_PLACEMENT_3D('',#6142,#4939,#4940);
#4511=AXIS2_PLACEMENT_3D('',#6143,#4941,#4942);
#4512=AXIS2_PLACEMENT_3D('',#6145,#4943,#4944);
#4513=AXIS2_PLACEMENT_3D('',#6146,#4945,#4946);
#4514=AXIS2_PLACEMENT_3D('',#6148,#4947,#4948);
#4515=AXIS2_PLACEMENT_3D('',#6151,#4950,#4951);
#4516=AXIS2_PLACEMENT_3D('',#6152,#4952,#4953);
#4517=AXIS2_PLACEMENT_3D('',#6154,#4954,#4955);
#4518=AXIS2_PLACEMENT_3D('',#6155,#4956,#4957);
#4519=AXIS2_PLACEMENT_3D('',#6158,#4958,#4959);
#4520=AXIS2_PLACEMENT_3D('',#6162,#4961,#4962);
#4521=AXIS2_PLACEMENT_3D('',#6164,#4964,#4965);
#4522=AXIS2_PLACEMENT_3D('',#6170,#4966,#4967);
#4523=AXIS2_PLACEMENT_3D('',#6174,#4968,#4969);
#4524=AXIS2_PLACEMENT_3D('',#6198,#4970,#4971);
#4525=AXIS2_PLACEMENT_3D('',#6199,#4972,#4973);
#4526=AXIS2_PLACEMENT_3D('',#6250,#4977,#4978);
#4527=AXIS2_PLACEMENT_3D('',#6262,#4979,#4980);
#4528=AXIS2_PLACEMENT_3D('',#6266,#4982,#4983);
#4529=AXIS2_PLACEMENT_3D('',#6268,#4984,#4985);
#4530=AXIS2_PLACEMENT_3D('',#6270,#4986,#4987);
#4531=AXIS2_PLACEMENT_3D('',#6271,#4988,#4989);
#4532=AXIS2_PLACEMENT_3D('',#6272,#4990,#4991);
#4533=AXIS2_PLACEMENT_3D('',#6284,#4992,#4993);
#4534=AXIS2_PLACEMENT_3D('',#6285,#4994,#4995);
#4535=AXIS2_PLACEMENT_3D('',#6289,#4997,#4998);
#4536=AXIS2_PLACEMENT_3D('',#6291,#4999,#5000);
#4537=AXIS2_PLACEMENT_3D('',#6293,#5001,#5002);
#4538=AXIS2_PLACEMENT_3D('',#6295,#5003,#5004);
#4539=AXIS2_PLACEMENT_3D('',#6296,#5005,#5006);
#4540=AXIS2_PLACEMENT_3D('',#6297,#5007,#5008);
#4541=AXIS2_PLACEMENT_3D('',#6298,#5009,#5010);
#4542=AXIS2_PLACEMENT_3D('',#6299,#5011,#5012);
#4543=AXIS2_PLACEMENT_3D('',#6303,#5014,#5015);
#4544=AXIS2_PLACEMENT_3D('',#6305,#5016,#5017);
#4545=AXIS2_PLACEMENT_3D('',#6307,#5018,#5019);
#4546=AXIS2_PLACEMENT_3D('',#6309,#5020,#5021);
#4547=AXIS2_PLACEMENT_3D('',#6310,#5022,#5023);
#4548=AXIS2_PLACEMENT_3D('',#6311,#5024,#5025);
#4549=AXIS2_PLACEMENT_3D('',#6312,#5026,#5027);
#4550=AXIS2_PLACEMENT_3D('',#6313,#5028,#5029);
#4551=AXIS2_PLACEMENT_3D('',#6433,#5035,#5036);
#4552=AXIS2_PLACEMENT_3D('',#6439,#5040,#5041);
#4553=AXIS2_PLACEMENT_3D('',#6445,#5045,#5046);
#4554=AXIS2_PLACEMENT_3D('',#6446,#5047,#5048);
#4555=AXIS2_PLACEMENT_3D('',#6448,#5050,#5051);
#4556=AXIS2_PLACEMENT_3D('',#6452,#5054,#5055);
#4557=AXIS2_PLACEMENT_3D('',#6458,#5057,#5058);
#4558=AXIS2_PLACEMENT_3D('',#6555,#5063,#5064);
#4559=AXIS2_PLACEMENT_3D('',#6561,#5068,#5069);
#4560=AXIS2_PLACEMENT_3D('',#6565,#5071,#5072);
#4561=AXIS2_PLACEMENT_3D('',#6567,#5073,#5074);
#4562=AXIS2_PLACEMENT_3D('',#6570,#5076,#5077);
#4563=AXIS2_PLACEMENT_3D('',#6571,#5078,#5079);
#4564=AXIS2_PLACEMENT_3D('',#6575,#5080,#5081);
#4565=AXIS2_PLACEMENT_3D('',#6576,#5082,#5083);
#4566=AXIS2_PLACEMENT_3D('',#6579,#5084,#5085);
#4567=AXIS2_PLACEMENT_3D('',#6595,#5086,#5087);
#4568=AXIS2_PLACEMENT_3D('',#6668,#5088,#5089);
#4569=AXIS2_PLACEMENT_3D('',#6689,#5091,#5092);
#4570=AXIS2_PLACEMENT_3D('',#6707,#5094,#5095);
#4571=AXIS2_PLACEMENT_3D('',#6728,#5097,#5098);
#4572=AXIS2_PLACEMENT_3D('',#6745,#5100,#5101);
#4573=AXIS2_PLACEMENT_3D('',#6747,#5102,#5103);
#4574=AXIS2_PLACEMENT_3D('',#6748,#5104,#5105);
#4575=AXIS2_PLACEMENT_3D('',#6752,#5107,#5108);
#4576=AXIS2_PLACEMENT_3D('',#6756,#5110,#5111);
#4577=AXIS2_PLACEMENT_3D('',#6760,#5113,#5114);
#4578=AXIS2_PLACEMENT_3D('',#6764,#5116,#5117);
#4579=AXIS2_PLACEMENT_3D('',#6767,#5119,#5120);
#4580=AXIS2_PLACEMENT_3D('',#6768,#5121,#5122);
#4581=AXIS2_PLACEMENT_3D('',#6771,#5123,#5124);
#4582=AXIS2_PLACEMENT_3D('',#6857,#5125,#5126);
#4583=AXIS2_PLACEMENT_3D('',#6861,#5128,#5129);
#4584=AXIS2_PLACEMENT_3D('',#6865,#5131,#5132);
#4585=AXIS2_PLACEMENT_3D('',#6869,#5134,#5135);
#4586=AXIS2_PLACEMENT_3D('',#6873,#5137,#5138);
#4587=AXIS2_PLACEMENT_3D('',#6876,#5140,#5141);
#4588=AXIS2_PLACEMENT_3D('',#6877,#5142,#5143);
#4589=AXIS2_PLACEMENT_3D('',#6886,#5148,#5149);
#4590=AXIS2_PLACEMENT_3D('',#6890,#5151,#5152);
#4591=AXIS2_PLACEMENT_3D('',#6891,#5153,#5154);
#4592=AXIS2_PLACEMENT_3D('',#6892,#5155,#5156);
#4593=AXIS2_PLACEMENT_3D('',#6898,#5160,#5161);
#4594=AXIS2_PLACEMENT_3D('',#6899,#5162,#5163);
#4595=AXIS2_PLACEMENT_3D('',#6900,#5164,#5165);
#4596=AXIS2_PLACEMENT_3D('',#6901,#5166,#5167);
#4597=AXIS2_PLACEMENT_3D('',#6905,#5169,#5170);
#4598=AXIS2_PLACEMENT_3D('',#6907,#5172,#5173);
#4599=AXIS2_PLACEMENT_3D('',#6911,#5176,#5177);
#4600=AXIS2_PLACEMENT_3D('',#6938,#5182,#5183);
#4601=AXIS2_PLACEMENT_3D('',#6942,#5185,#5186);
#4602=AXIS2_PLACEMENT_3D('',#6944,#5188,#5189);
#4603=AXIS2_PLACEMENT_3D('',#6949,#5192,#5193);
#4604=AXIS2_PLACEMENT_3D('',#6950,#5194,#5195);
#4605=AXIS2_PLACEMENT_3D('',#6954,#5198,#5199);
#4606=AXIS2_PLACEMENT_3D('',#6957,#5201,#5202);
#4607=AXIS2_PLACEMENT_3D('',#6958,#5203,#5204);
#4608=AXIS2_PLACEMENT_3D('',#6960,#5206,#5207);
#4609=AXIS2_PLACEMENT_3D('',#6966,#5211,#5212);
#4610=AXIS2_PLACEMENT_3D('',#6969,#5214,#5215);
#4611=AXIS2_PLACEMENT_3D('',#6970,#5216,#5217);
#4612=AXIS2_PLACEMENT_3D('',#7423,#5230,#5231);
#4613=AXIS2_PLACEMENT_3D('',#7427,#5233,#5234);
#4614=AXIS2_PLACEMENT_3D('',#7429,#5236,#5237);
#4615=AXIS2_PLACEMENT_3D('',#7433,#5240,#5241);
#4616=AXIS2_PLACEMENT_3D('',#7439,#5245,#5246);
#4617=AXIS2_PLACEMENT_3D('',#7442,#5248,#5249);
#4618=AXIS2_PLACEMENT_3D('',#7443,#5250,#5251);
#4619=AXIS2_PLACEMENT_3D('',#7449,#5255,#5256);
#4620=AXIS2_PLACEMENT_3D('',#7450,#5257,#5258);
#4621=AXIS2_PLACEMENT_3D('',#7451,#5259,#5260);
#4622=AXIS2_PLACEMENT_3D('',#7452,#5261,#5262);
#4623=AXIS2_PLACEMENT_3D('',#7454,#5264,#5265);
#4624=AXIS2_PLACEMENT_3D('',#7456,#5266,#5267);
#4625=AXIS2_PLACEMENT_3D('',#7458,#5269,#5270);
#4626=AXIS2_PLACEMENT_3D('',#7464,#5274,#5275);
#4627=AXIS2_PLACEMENT_3D('',#7468,#5277,#5278);
#4628=AXIS2_PLACEMENT_3D('',#7469,#5279,#5280);
#4629=AXIS2_PLACEMENT_3D('',#7470,#5281,#5282);
#4630=AXIS2_PLACEMENT_3D('',#7475,#5286,#5287);
#4631=AXIS2_PLACEMENT_3D('',#7476,#5288,#5289);
#4632=AXIS2_PLACEMENT_3D('',#7477,#5290,#5291);
#4633=AXIS2_PLACEMENT_3D('',#7482,#5293,#5294);
#4634=AXIS2_PLACEMENT_3D('',#7485,#5296,#5297);
#4635=AXIS2_PLACEMENT_3D('',#7770,#5304,#5305);
#4636=AXIS2_PLACEMENT_3D('',#7928,#5312,#5313);
#4637=AXIS2_PLACEMENT_3D('',#7931,#5316,#5317);
#4638=AXIS2_PLACEMENT_3D('',#7933,#5319,#5320);
#4639=AXIS2_PLACEMENT_3D('',#7934,#5321,#5322);
#4640=AXIS2_PLACEMENT_3D('',#7939,#5323,#5324);
#4641=AXIS2_PLACEMENT_3D('',#7941,#5325,#5326);
#4642=AXIS2_PLACEMENT_3D('',#7944,#5328,#5329);
#4643=AXIS2_PLACEMENT_3D('',#7945,#5330,#5331);
#4644=AXIS2_PLACEMENT_3D('',#7949,#5333,#5334);
#4645=AXIS2_PLACEMENT_3D('',#7951,#5335,#5336);
#4646=AXIS2_PLACEMENT_3D('',#7953,#5337,#5338);
#4647=AXIS2_PLACEMENT_3D('',#7954,#5339,#5340);
#4648=AXIS2_PLACEMENT_3D('',#7955,#5341,#5342);
#4649=AXIS2_PLACEMENT_3D('',#7958,#5343,#5344);
#4650=AXIS2_PLACEMENT_3D('',#7962,#5346,#5347);
#4651=AXIS2_PLACEMENT_3D('',#7966,#5349,#5350);
#4652=AXIS2_PLACEMENT_3D('',#7968,#5351,#5352);
#4653=AXIS2_PLACEMENT_3D('',#7970,#5353,#5354);
#4654=AXIS2_PLACEMENT_3D('',#7974,#5356,#5357);
#4655=AXIS2_PLACEMENT_3D('',#7978,#5359,#5360);
#4656=AXIS2_PLACEMENT_3D('',#7980,#5361,#5362);
#4657=AXIS2_PLACEMENT_3D('',#7982,#5363,#5364);
#4658=AXIS2_PLACEMENT_3D('',#7986,#5366,#5367);
#4659=AXIS2_PLACEMENT_3D('',#7990,#5369,#5370);
#4660=AXIS2_PLACEMENT_3D('',#7994,#5372,#5373);
#4661=AXIS2_PLACEMENT_3D('',#7998,#5375,#5376);
#4662=AXIS2_PLACEMENT_3D('',#8000,#5377,#5378);
#4663=AXIS2_PLACEMENT_3D('',#8002,#5379,#5380);
#4664=AXIS2_PLACEMENT_3D('',#8006,#5382,#5383);
#4665=AXIS2_PLACEMENT_3D('',#8008,#5385,#5386);
#4666=AXIS2_PLACEMENT_3D('',#8011,#5388,#5389);
#4667=AXIS2_PLACEMENT_3D('',#8012,#5390,#5391);
#4668=AXIS2_PLACEMENT_3D('',#8016,#5393,#5394);
#4669=AXIS2_PLACEMENT_3D('',#8020,#5396,#5397);
#4670=AXIS2_PLACEMENT_3D('',#8024,#5399,#5400);
#4671=AXIS2_PLACEMENT_3D('',#8028,#5402,#5403);
#4672=AXIS2_PLACEMENT_3D('',#8031,#5405,#5406);
#4673=AXIS2_PLACEMENT_3D('',#8032,#5407,#5408);
#4674=AXIS2_PLACEMENT_3D('',#8035,#5410,#5411);
#4675=AXIS2_PLACEMENT_3D('',#8036,#5412,#5413);
#4676=AXIS2_PLACEMENT_3D('',#8040,#5415,#5416);
#4677=AXIS2_PLACEMENT_3D('',#8044,#5418,#5419);
#4678=AXIS2_PLACEMENT_3D('',#8048,#5421,#5422);
#4679=AXIS2_PLACEMENT_3D('',#8052,#5424,#5425);
#4680=AXIS2_PLACEMENT_3D('',#8055,#5427,#5428);
#4681=AXIS2_PLACEMENT_3D('',#8056,#5429,#5430);
#4682=AXIS2_PLACEMENT_3D('',#8059,#5431,#5432);
#4683=AXIS2_PLACEMENT_3D('',#8062,#5434,#5435);
#4684=AXIS2_PLACEMENT_3D('',#8063,#5436,#5437);
#4685=AXIS2_PLACEMENT_3D('',#8064,#5438,#5439);
#4686=AXIS2_PLACEMENT_3D('',#8065,#5440,#5441);
#4687=AXIS2_PLACEMENT_3D('',#8066,#5442,#5443);
#4688=AXIS2_PLACEMENT_3D('',#8067,#5444,#5445);
#4689=AXIS2_PLACEMENT_3D('',#8078,#5446,#5447);
#4690=AXIS2_PLACEMENT_3D('',#8085,#5448,#5449);
#4691=AXIS2_PLACEMENT_3D('',#8086,#5450,#5451);
#4692=AXIS2_PLACEMENT_3D('',#8095,#5456,#5457);
#4693=AXIS2_PLACEMENT_3D('',#8099,#5460,#5461);
#4694=AXIS2_PLACEMENT_3D('',#8103,#5464,#5465);
#4695=AXIS2_PLACEMENT_3D('',#8107,#5468,#5469);
#4696=AXIS2_PLACEMENT_3D('',#8111,#5472,#5473);
#4697=AXIS2_PLACEMENT_3D('',#8117,#5477,#5478);
#4698=AXIS2_PLACEMENT_3D('',#8123,#5482,#5483);
#4699=AXIS2_PLACEMENT_3D('',#8127,#5486,#5487);
#4700=AXIS2_PLACEMENT_3D('',#8131,#5490,#5491);
#4701=AXIS2_PLACEMENT_3D('',#8135,#5494,#5495);
#4702=AXIS2_PLACEMENT_3D('',#8139,#5498,#5499);
#4703=AXIS2_PLACEMENT_3D('',#8145,#5503,#5504);
#4704=AXIS2_PLACEMENT_3D('',#8151,#5508,#5509);
#4705=AXIS2_PLACEMENT_3D('',#8155,#5512,#5513);
#4706=AXIS2_PLACEMENT_3D('',#8159,#5516,#5517);
#4707=AXIS2_PLACEMENT_3D('',#8163,#5520,#5521);
#4708=AXIS2_PLACEMENT_3D('',#8167,#5524,#5525);
#4709=AXIS2_PLACEMENT_3D('',#8173,#5529,#5530);
#4710=AXIS2_PLACEMENT_3D('',#8179,#5534,#5535);
#4711=AXIS2_PLACEMENT_3D('',#8183,#5538,#5539);
#4712=AXIS2_PLACEMENT_3D('',#8187,#5542,#5543);
#4713=AXIS2_PLACEMENT_3D('',#8191,#5546,#5547);
#4714=AXIS2_PLACEMENT_3D('',#8195,#5550,#5551);
#4715=AXIS2_PLACEMENT_3D('',#8201,#5555,#5556);
#4716=AXIS2_PLACEMENT_3D('',#8207,#5560,#5561);
#4717=AXIS2_PLACEMENT_3D('',#8210,#5564,#5565);
#4718=AXIS2_PLACEMENT_3D('',#8213,#5568,#5569);
#4719=AXIS2_PLACEMENT_3D('',#8216,#5572,#5573);
#4720=AXIS2_PLACEMENT_3D('',#8219,#5576,#5577);
#4721=AXIS2_PLACEMENT_3D('',#8222,#5580,#5581);
#4722=AXIS2_PLACEMENT_3D('',#8224,#5583,#5584);
#4723=AXIS2_PLACEMENT_3D('',#8226,#5586,#5587);
#4724=AXIS2_PLACEMENT_3D('',#8229,#5590,#5591);
#4725=AXIS2_PLACEMENT_3D('',#8231,#5593,#5594);
#4726=AXIS2_PLACEMENT_3D('',#8233,#5596,#5597);
#4727=AXIS2_PLACEMENT_3D('',#8236,#5600,#5601);
#4728=AXIS2_PLACEMENT_3D('',#8238,#5603,#5604);
#4729=AXIS2_PLACEMENT_3D('',#8240,#5606,#5607);
#4730=AXIS2_PLACEMENT_3D('',#8243,#5610,#5611);
#4731=AXIS2_PLACEMENT_3D('',#8245,#5613,#5614);
#4732=AXIS2_PLACEMENT_3D('',#8247,#5616,#5617);
#4733=AXIS2_PLACEMENT_3D('',#8248,#5618,#5619);
#4734=AXIS2_PLACEMENT_3D('',#8249,#5620,#5621);
#4735=AXIS2_PLACEMENT_3D('',#8250,#5622,#5623);
#4736=AXIS2_PLACEMENT_3D('',#8251,#5624,#5625);
#4737=AXIS2_PLACEMENT_3D('',#8252,#5626,#5627);
#4738=AXIS2_PLACEMENT_3D('',#8253,#5628,#5629);
#4739=AXIS2_PLACEMENT_3D('',#8254,#5630,#5631);
#4740=AXIS2_PLACEMENT_3D('',#8257,#5634,#5635);
#4741=AXIS2_PLACEMENT_3D('',#8259,#5636,#5637);
#4742=AXIS2_PLACEMENT_3D('',#8268,#5638,#5639);
#4743=AXIS2_PLACEMENT_3D('',#8270,#5640,#5641);
#4744=AXIS2_PLACEMENT_3D('',#8274,#5643,#5644);
#4745=AXIS2_PLACEMENT_3D('',#8292,#5646,#5647);
#4746=AXIS2_PLACEMENT_3D('',#8310,#5649,#5650);
#4747=AXIS2_PLACEMENT_3D('',#8313,#5652,#5653);
#4748=AXIS2_PLACEMENT_3D('',#8314,#5654,#5655);
#4749=AXIS2_PLACEMENT_3D('',#8317,#5658,#5659);
#4750=AXIS2_PLACEMENT_3D('',#8318,#5660,#5661);
#4751=AXIS2_PLACEMENT_3D('',#8319,#5662,#5663);
#4752=AXIS2_PLACEMENT_3D('',#8320,#5664,#5665);
#4753=AXIS2_PLACEMENT_3D('',#8322,#5666,#5667);
#4754=AXIS2_PLACEMENT_3D('',#8346,#5668,#5669);
#4755=AXIS2_PLACEMENT_3D('',#8378,#5670,#5671);
#4756=AXIS2_PLACEMENT_3D('',#8412,#5672,#5673);
#4757=AXIS2_PLACEMENT_3D('',#8434,#5674,#5675);
#4758=AXIS2_PLACEMENT_3D('',#8436,#5676,#5677);
#4759=AXIS2_PLACEMENT_3D('',#8439,#5679,#5680);
#4760=AXIS2_PLACEMENT_3D('',#8440,#5681,#5682);
#4761=AXIS2_PLACEMENT_3D('',#8442,#5684,#5685);
#4762=AXIS2_PLACEMENT_3D('',#8443,#5686,#5687);
#4763=AXIS2_PLACEMENT_3D('',#8445,#5689,#5690);
#4764=AXIS2_PLACEMENT_3D('',#8477,#5691,#5692);
#4765=AXIS2_PLACEMENT_3D('',#8478,#5693,#5694);
#4766=AXIS2_PLACEMENT_3D('',#8480,#5696,#5697);
#4767=AXIS2_PLACEMENT_3D('',#8481,#5698,#5699);
#4768=AXIS2_PLACEMENT_3D('',#8488,#5700,#5701);
#4769=AXIS2_PLACEMENT_3D('',#8493,#5702,#5703);
#4770=AXIS2_PLACEMENT_3D('',#8494,#5704,#5705);
#4771=AXIS2_PLACEMENT_3D('',#8495,#5706,#5707);
#4772=AXIS2_PLACEMENT_3D('',#8499,#5709,#5710);
#4773=AXIS2_PLACEMENT_3D('',#8501,#5712,#5713);
#4774=AXIS2_PLACEMENT_3D('',#8504,#5714,#5715);
#4775=AXIS2_PLACEMENT_3D('',#8505,#5716,#5717);
#4776=AXIS2_PLACEMENT_3D('',#8506,#5718,#5719);
#4777=AXIS2_PLACEMENT_3D('',#8507,#5720,#5721);
#4778=AXIS2_PLACEMENT_3D('',#8510,#5722,#5723);
#4779=AXIS2_PLACEMENT_3D('',#8513,#5726,#5727);
#4780=AXIS2_PLACEMENT_3D('',#8516,#5728,#5729);
#4781=AXIS2_PLACEMENT_3D('',#8517,#5730,#5731);
#4782=AXIS2_PLACEMENT_3D('',#8518,#5732,#5733);
#4783=AXIS2_PLACEMENT_3D('',#8519,#5734,#5735);
#4784=AXIS2_PLACEMENT_3D('',#8522,#5738,#5739);
#4785=AXIS2_PLACEMENT_3D('',#8523,#5740,#5741);
#4786=AXIS2_PLACEMENT_3D('',#8528,#5745,#5746);
#4787=AXIS2_PLACEMENT_3D('',#8532,#5748,#5749);
#4788=AXIS2_PLACEMENT_3D('',#8534,#5751,#5752);
#4789=AXIS2_PLACEMENT_3D('',#8537,#5753,#5754);
#4790=AXIS2_PLACEMENT_3D('',#8538,#5755,#5756);
#4791=AXIS2_PLACEMENT_3D('',#8539,#5757,#5758);
#4792=AXIS2_PLACEMENT_3D('',#8540,#5759,#5760);
#4793=AXIS2_PLACEMENT_3D('',#8543,#5761,#5762);
#4794=AXIS2_PLACEMENT_3D('',#8572,#5765,#5766);
#4795=AXIS2_PLACEMENT_3D('',#8624,#5767,#5768);
#4796=AXIS2_PLACEMENT_3D('',#8669,#5769,#5770);
#4797=AXIS2_PLACEMENT_3D('',#8674,#5771,#5772);
#4798=AXIS2_PLACEMENT_3D('',#8677,#5773,#5774);
#4799=AXIS2_PLACEMENT_3D('',#8680,#5777,#5778);
#4800=AXIS2_PLACEMENT_3D('',#8684,#5780,#5781);
#4801=AXIS2_PLACEMENT_3D('',#8688,#5783,#5784);
#4802=AXIS2_PLACEMENT_3D('',#8690,#5785,#5786);
#4803=AXIS2_PLACEMENT_3D('',#8692,#5787,#5788);
#4804=AXIS2_PLACEMENT_3D('',#8696,#5790,#5791);
#4805=AXIS2_PLACEMENT_3D('',#8700,#5793,#5794);
#4806=AXIS2_PLACEMENT_3D('',#8704,#5796,#5797);
#4807=AXIS2_PLACEMENT_3D('',#8708,#5799,#5800);
#4808=AXIS2_PLACEMENT_3D('',#8712,#5802,#5803);
#4809=AXIS2_PLACEMENT_3D('',#8714,#5805,#5806);
#4810=AXIS2_PLACEMENT_3D('',#8717,#5809,#5810);
#4811=AXIS2_PLACEMENT_3D('',#8719,#5812,#5813);
#4812=AXIS2_PLACEMENT_3D('',#8721,#5815,#5816);
#4813=AXIS2_PLACEMENT_3D('',#8723,#5818,#5819);
#4814=AXIS2_PLACEMENT_3D('',#8724,#5820,#5821);
#4815=AXIS2_PLACEMENT_3D('',#8728,#5823,#5824);
#4816=AXIS2_PLACEMENT_3D('',#8730,#5826,#5827);
#4817=AXIS2_PLACEMENT_3D('',#8731,#5828,#5829);
#4818=AXIS2_PLACEMENT_3D('',#8734,#5830,#5831);
#4819=AXIS2_PLACEMENT_3D('',#8735,#5832,#5833);
#4820=AXIS2_PLACEMENT_3D('',#8736,#5834,#5835);
#4821=AXIS2_PLACEMENT_3D('',#8737,#5836,#5837);
#4822=AXIS2_PLACEMENT_3D('',#8740,#5838,#5839);
#4823=AXIS2_PLACEMENT_3D('',#8743,#5842,#5843);
#4824=AXIS2_PLACEMENT_3D('',#8746,#5844,#5845);
#4825=AXIS2_PLACEMENT_3D('',#8747,#5846,#5847);
#4826=AXIS2_PLACEMENT_3D('',#8748,#5848,#5849);
#4827=AXIS2_PLACEMENT_3D('',#8749,#5850,#5851);
#4828=AXIS2_PLACEMENT_3D('',#8752,#5854,#5855);
#4829=AXIS2_PLACEMENT_3D('',#8766,#5858,#5859);
#4830=AXIS2_PLACEMENT_3D('',#8775,#5862,#5863);
#4831=AXIS2_PLACEMENT_3D('',#8778,#5865,#5866);
#4832=AXIS2_PLACEMENT_3D('',#8779,#5867,#5868);
#4833=AXIS2_PLACEMENT_3D('',#8781,#5870,#5871);
#4834=AXIS2_PLACEMENT_3D('',#8782,#5872,#5873);
#4835=AXIS2_PLACEMENT_3D('',#8786,#5875,#5876);
#4836=AXIS2_PLACEMENT_3D('',#8813,#5878,#5879);
#4837=AXIS2_PLACEMENT_3D('',#8864,#5880,#5881);
#4838=AXIS2_PLACEMENT_3D('',#8895,#5882,#5883);
#4839=AXIS2_PLACEMENT_3D('',#8900,#5884,#5885);
#4840=AXIS2_PLACEMENT_3D('',#8902,#5886,#5887);
#4841=AXIS2_PLACEMENT_3D('',#8904,#5889,#5890);
#4842=AXIS2_PLACEMENT_3D('',#8906,#5891,#5892);
#4843=AXIS2_PLACEMENT_3D('',#8907,#5893,#5894);
#4844=AXIS2_PLACEMENT_3D('',#8908,#5895,#5896);
#4845=AXIS2_PLACEMENT_3D('',#8910,#5898,#5899);
#4846=AXIS2_PLACEMENT_3D('',#8912,#5901,#5902);
#4847=AXIS2_PLACEMENT_3D('',#8929,#5905,#5906);
#4848=AXIS2_PLACEMENT_3D('',#8934,#5908,#5909);
#4849=AXIS2_PLACEMENT_3D('',#8951,#5912,#5913);
#4850=AXIS2_PLACEMENT_3D('',#8955,#5915,#5916);
#4851=AXIS2_PLACEMENT_3D('',#8970,#5917,#5918);
#4852=AXIS2_PLACEMENT_3D('',#8971,#5919,#5920);
#4853=AXIS2_PLACEMENT_3D('',#8989,#5922,#5923);
#4854=AXIS2_PLACEMENT_3D('',#8991,#5925,#5926);
#4855=AXIS2_PLACEMENT_3D('',#8992,#5927,#5928);
#4856=AXIS2_PLACEMENT_3D('',#8993,#5929,#5930);
#4857=AXIS2_PLACEMENT_3D('',#8994,#5931,#5932);
#4858=AXIS2_PLACEMENT_3D('',#8995,#5933,#5934);
#4859=AXIS2_PLACEMENT_3D('',#9016,#5936,#5937);
#4860=AXIS2_PLACEMENT_3D('',#9018,#5939,#5940);
#4861=AXIS2_PLACEMENT_3D('',#9019,#5941,#5942);
#4862=AXIS2_PLACEMENT_3D('',#9020,#5943,#5944);
#4863=AXIS2_PLACEMENT_3D('',#9021,#5945,#5946);
#4864=AXIS2_PLACEMENT_3D('',#9037,#5948,#5949);
#4865=AXIS2_PLACEMENT_3D('',#9039,#5951,#5952);
#4866=AXIS2_PLACEMENT_3D('',#9040,#5953,#5954);
#4867=AXIS2_PLACEMENT_3D('',#9041,#5955,#5956);
#4868=AXIS2_PLACEMENT_3D('',#9042,#5957,#5958);
#4869=AXIS2_PLACEMENT_3D('',#9043,#5959,#5960);
#4870=AXIS2_PLACEMENT_3D('',#9045,#5962,#5963);
#4871=AXIS2_PLACEMENT_3D('',#9046,#5964,#5965);
#4872=AXIS2_PLACEMENT_3D('',#9049,#5966,#5967);
#4873=AXIS2_PLACEMENT_3D('',#9052,#5970,#5971);
#4874=AXIS2_PLACEMENT_3D('',#9054,#5972,#5973);
#4875=AXIS2_PLACEMENT_3D('',#9069,#5974,#5975);
#4876=AXIS2_PLACEMENT_3D('',#9070,#5976,#5977);
#4877=AXIS2_PLACEMENT_3D('',#9072,#5978,#5979);
#4878=AXIS2_PLACEMENT_3D('',#9074,#5981,#5982);
#4879=AXIS2_PLACEMENT_3D('',#9078,#5985,#5986);
#4880=AXIS2_PLACEMENT_3D('',#9079,#5987,#5988);
#4881=AXIS2_PLACEMENT_3D('',#9080,#5989,#5990);
#4882=AXIS2_PLACEMENT_3D('',#9082,#5991,#5992);
#4883=AXIS2_PLACEMENT_3D('',#9084,#5994,#5995);
#4884=AXIS2_PLACEMENT_3D('',#9086,#5997,#5998);
#4885=AXIS2_PLACEMENT_3D('',#9087,#5999,#6000);
#4886=AXIS2_PLACEMENT_3D('',#9088,#6001,#6002);
#4887=AXIS2_PLACEMENT_3D('',#9090,#6004,#6005);
#4888=AXIS2_PLACEMENT_3D('',#9092,#6007,#6008);
#4889=AXIS2_PLACEMENT_3D('',#9094,#6010,#6011);
#4890=AXIS2_PLACEMENT_3D('',#9096,#6013,#6014);
#4891=AXIS2_PLACEMENT_3D('',#9098,#6016,#6017);
#4892=AXIS2_PLACEMENT_3D('',#9100,#6019,#6020);
#4893=AXIS2_PLACEMENT_3D('',#9102,#6022,#6023);
#4894=AXIS2_PLACEMENT_3D('',#9104,#6025,#6026);
#4895=AXIS2_PLACEMENT_3D('',#9105,#6027,#6028);
#4896=AXIS2_PLACEMENT_3D('',#9109,#6029,#6030);
#4897=AXIS2_PLACEMENT_3D('',#9112,#6032,#6033);
#4898=AXIS2_PLACEMENT_3D('',#9113,#6034,#6035);
#4899=AXIS2_PLACEMENT_3D('',#9114,#6036,#6037);
#4900=AXIS2_PLACEMENT_3D('',#9116,#6039,#6040);
#4901=AXIS2_PLACEMENT_3D('',#9117,#6041,#6042);
#4902=AXIS2_PLACEMENT_3D('',#9119,#6043,#6044);
#4903=AXIS2_PLACEMENT_3D('',#9148,#6045,#6046);
#4904=AXIS2_PLACEMENT_3D('',#9167,#6047,#6048);
#4905=AXIS2_PLACEMENT_3D('',#9168,#6049,#6050);
#4906=AXIS2_PLACEMENT_3D('',#9169,#6051,#6052);
#4907=AXIS2_PLACEMENT_3D('',#9170,#6053,#6054);
#4908=AXIS2_PLACEMENT_3D('',#9175,#6055,#6056);
#4909=AXIS2_PLACEMENT_3D('',#9200,#6057,#6058);
#4910=AXIS2_PLACEMENT_3D('',#9221,#6059,#6060);
#4911=AXIS2_PLACEMENT_3D('',#9222,#6061,#6062);
#4912=AXIS2_PLACEMENT_3D('',#9224,#6064,#6065);
#4913=AXIS2_PLACEMENT_3D('',#9225,#6066,#6067);
#4914=AXIS2_PLACEMENT_3D('',#9266,#6068,#6069);
#4915=AXIS2_PLACEMENT_3D('',#9267,#6070,#6071);
#4916=DIRECTION('axis',(0.,0.,1.));
#4917=DIRECTION('refdir',(1.,0.,0.));
#4918=DIRECTION('center_axis',(1.,0.,0.));
#4919=DIRECTION('ref_axis',(0.,1.,0.));
#4920=DIRECTION('',(-0.707106781186548,0.707106781186548,8.65956056235493E-17));
#4921=DIRECTION('center_axis',(-1.,0.,8.32667268468867E-17));
#4922=DIRECTION('ref_axis',(0.,1.,0.));
#4923=DIRECTION('center_axis',(-1.,0.,8.32667268468867E-17));
#4924=DIRECTION('ref_axis',(0.,1.,0.));
#4925=DIRECTION('center_axis',(1.,0.,0.));
#4926=DIRECTION('ref_axis',(0.,1.,0.));
#4927=DIRECTION('',(-0.707106781186547,0.707106781186547,8.65956056235493E-17));
#4928=DIRECTION('center_axis',(-1.,0.,8.32667268468867E-17));
#4929=DIRECTION('ref_axis',(0.,1.,0.));
#4930=DIRECTION('center_axis',(-1.,0.,8.32667268468867E-17));
#4931=DIRECTION('ref_axis',(0.,1.,0.));
#4932=DIRECTION('center_axis',(-1.,0.,8.32667268468867E-17));
#4933=DIRECTION('ref_axis',(0.,1.,0.));
#4934=DIRECTION('center_axis',(-1.,0.,0.));
#4935=DIRECTION('ref_axis',(0.,1.,0.));
#4936=DIRECTION('center_axis',(1.,0.,-8.32667268468867E-17));
#4937=DIRECTION('ref_axis',(0.,1.,0.));
#4938=DIRECTION('',(0.707106781186547,0.707106781186547,8.65956056235493E-17));
#4939=DIRECTION('center_axis',(-1.,0.,8.32667268468867E-17));
#4940=DIRECTION('ref_axis',(0.,1.,0.));
#4941=DIRECTION('center_axis',(1.,0.,-8.32667268468867E-17));
#4942=DIRECTION('ref_axis',(-8.32667268468867E-17,0.,-1.));
#4943=DIRECTION('center_axis',(-1.,0.,8.32667268468867E-17));
#4944=DIRECTION('ref_axis',(0.,1.,0.));
#4945=DIRECTION('center_axis',(-1.,0.,0.));
#4946=DIRECTION('ref_axis',(0.,1.,0.));
#4947=DIRECTION('center_axis',(1.,0.,-8.32667268468867E-17));
#4948=DIRECTION('ref_axis',(0.,1.,0.));
#4949=DIRECTION('',(0.707106781186547,0.707106781186547,8.65956056235494E-17));
#4950=DIRECTION('center_axis',(-1.,0.,8.32667268468867E-17));
#4951=DIRECTION('ref_axis',(0.,1.,0.));
#4952=DIRECTION('center_axis',(1.,0.,-8.32667268468867E-17));
#4953=DIRECTION('ref_axis',(-8.32667268468867E-17,0.,-1.));
#4954=DIRECTION('center_axis',(-1.,0.,8.32667268468867E-17));
#4955=DIRECTION('ref_axis',(0.,1.,0.));
#4956=DIRECTION('center_axis',(1.,0.,0.));
#4957=DIRECTION('ref_axis',(0.,0.,-1.));
#4958=DIRECTION('center_axis',(1.,0.,0.));
#4959=DIRECTION('ref_axis',(0.,0.722222222222205,0.691661088777169));
#4960=DIRECTION('',(0.,-1.,0.));
#4961=DIRECTION('center_axis',(-1.,0.,0.));
#4962=DIRECTION('ref_axis',(0.,1.,0.));
#4963=DIRECTION('',(0.,-1.,0.));
#4964=DIRECTION('center_axis',(-1.,0.,0.));
#4965=DIRECTION('ref_axis',(0.,0.722222222222205,0.69166108877717));
#4966=DIRECTION('center_axis',(-1.,0.,0.));
#4967=DIRECTION('ref_axis',(0.,0.722222222222205,0.691661088777169));
#4968=DIRECTION('center_axis',(-1.,0.,0.));
#4969=DIRECTION('ref_axis',(0.,1.,0.));
#4970=DIRECTION('center_axis',(1.,0.,0.));
#4971=DIRECTION('ref_axis',(0.,1.,0.));
#4972=DIRECTION('center_axis',(0.,-1.,0.));
#4973=DIRECTION('ref_axis',(0.,0.,1.));
#4974=DIRECTION('',(0.,1.,0.));
#4975=DIRECTION('',(0.,-1.,0.));
#4976=DIRECTION('',(0.,1.,0.));
#4977=DIRECTION('center_axis',(1.,0.,0.));
#4978=DIRECTION('ref_axis',(0.,1.,0.));
#4979=DIRECTION('center_axis',(1.,0.,0.));
#4980=DIRECTION('ref_axis',(0.,1.,0.));
#4981=DIRECTION('',(1.,0.,0.));
#4982=DIRECTION('center_axis',(1.,0.,0.));
#4983=DIRECTION('ref_axis',(0.,1.,0.));
#4984=DIRECTION('center_axis',(1.,0.,0.));
#4985=DIRECTION('ref_axis',(0.,1.,0.));
#4986=DIRECTION('center_axis',(1.,0.,0.));
#4987=DIRECTION('ref_axis',(0.,1.,0.));
#4988=DIRECTION('center_axis',(1.,0.,0.));
#4989=DIRECTION('ref_axis',(0.,1.,0.));
#4990=DIRECTION('center_axis',(-1.,0.,0.));
#4991=DIRECTION('ref_axis',(0.,1.,0.));
#4992=DIRECTION('center_axis',(-1.,0.,0.));
#4993=DIRECTION('ref_axis',(0.,1.,0.));
#4994=DIRECTION('center_axis',(1.,0.,0.));
#4995=DIRECTION('ref_axis',(0.,1.,0.));
#4996=DIRECTION('',(1.,0.,0.));
#4997=DIRECTION('center_axis',(1.,0.,0.));
#4998=DIRECTION('ref_axis',(0.,1.,0.));
#4999=DIRECTION('center_axis',(1.,0.,0.));
#5000=DIRECTION('ref_axis',(0.,1.,0.));
#5001=DIRECTION('center_axis',(1.,0.,0.));
#5002=DIRECTION('ref_axis',(0.,1.,0.));
#5003=DIRECTION('center_axis',(1.,0.,0.));
#5004=DIRECTION('ref_axis',(0.,1.,0.));
#5005=DIRECTION('center_axis',(1.,0.,0.));
#5006=DIRECTION('ref_axis',(0.,1.,0.));
#5007=DIRECTION('center_axis',(-1.,0.,8.32667268468867E-17));
#5008=DIRECTION('ref_axis',(8.32667268468867E-17,0.,1.));
#5009=DIRECTION('center_axis',(-1.,0.,8.32667268468867E-17));
#5010=DIRECTION('ref_axis',(0.,1.,0.));
#5011=DIRECTION('center_axis',(1.,0.,0.));
#5012=DIRECTION('ref_axis',(0.,1.,0.));
#5013=DIRECTION('',(1.,0.,0.));
#5014=DIRECTION('center_axis',(1.,0.,0.));
#5015=DIRECTION('ref_axis',(0.,1.,0.));
#5016=DIRECTION('center_axis',(1.,0.,0.));
#5017=DIRECTION('ref_axis',(0.,1.,0.));
#5018=DIRECTION('center_axis',(1.,0.,0.));
#5019=DIRECTION('ref_axis',(0.,1.,0.));
#5020=DIRECTION('center_axis',(1.,0.,0.));
#5021=DIRECTION('ref_axis',(0.,1.,0.));
#5022=DIRECTION('center_axis',(1.,0.,0.));
#5023=DIRECTION('ref_axis',(0.,1.,0.));
#5024=DIRECTION('center_axis',(-1.,0.,8.32667268468867E-17));
#5025=DIRECTION('ref_axis',(8.32667268468867E-17,0.,1.));
#5026=DIRECTION('center_axis',(-1.,0.,8.32667268468867E-17));
#5027=DIRECTION('ref_axis',(0.,1.,0.));
#5028=DIRECTION('center_axis',(0.,0.3016315859281,0.953424557251647));
#5029=DIRECTION('ref_axis',(1.,0.,0.));
#5030=DIRECTION('',(0.,-0.953424557251647,0.3016315859281));
#5031=DIRECTION('',(1.,0.,0.));
#5032=DIRECTION('',(0.,0.953424557251647,-0.3016315859281));
#5033=DIRECTION('',(-1.,0.,8.32667268468867E-17));
#5034=DIRECTION('',(0.,0.259033311109399,0.965868388413091));
#5035=DIRECTION('center_axis',(0.,0.965868388413078,-0.259033311109446));
#5036=DIRECTION('ref_axis',(0.,0.259033311109446,0.965868388413078));
#5037=DIRECTION('',(0.,0.259033311109446,0.965868388413078));
#5038=DIRECTION('',(1.,0.,-8.32667268468867E-17));
#5039=DIRECTION('',(-1.,0.,0.));
#5040=DIRECTION('center_axis',(1.,0.,0.));
#5041=DIRECTION('ref_axis',(0.,0.,-1.));
#5042=DIRECTION('',(0.,-1.,0.));
#5043=DIRECTION('',(0.,-1.,0.));
#5044=DIRECTION('',(0.,0.259033311109446,-0.965868388413078));
#5045=DIRECTION('center_axis',(1.,0.,0.));
#5046=DIRECTION('ref_axis',(-1.07625154810404E-16,0.,-1.));
#5047=DIRECTION('center_axis',(0.,0.,1.));
#5048=DIRECTION('ref_axis',(1.,0.,0.));
#5049=DIRECTION('',(0.,1.,0.));
#5050=DIRECTION('center_axis',(0.,1.,0.));
#5051=DIRECTION('ref_axis',(0.,0.,1.));
#5052=DIRECTION('',(0.,-1.,0.));
#5053=DIRECTION('',(0.,1.,0.));
#5054=DIRECTION('center_axis',(0.,0.,-1.));
#5055=DIRECTION('ref_axis',(-1.,0.,0.));
#5056=DIRECTION('',(0.,1.,0.));
#5057=DIRECTION('center_axis',(0.,-0.965868388413078,-0.259033311109446));
#5058=DIRECTION('ref_axis',(0.,0.259033311109446,-0.965868388413078));
#5059=DIRECTION('',(1.,0.,0.));
#5060=DIRECTION('',(0.,-0.259033311109446,0.965868388413078));
#5061=DIRECTION('',(-1.,0.,8.32667268468867E-17));
#5062=DIRECTION('',(0.,-0.953424557251639,-0.301631585928126));
#5063=DIRECTION('center_axis',(0.,-0.3016315859281,0.953424557251647));
#5064=DIRECTION('ref_axis',(1.,0.,0.));
#5065=DIRECTION('',(0.,-0.953424557251647,-0.3016315859281));
#5066=DIRECTION('',(1.,0.,-8.32667268468867E-17));
#5067=DIRECTION('',(-1.,0.,0.));
#5068=DIRECTION('center_axis',(1.,0.,0.));
#5069=DIRECTION('ref_axis',(0.,0.,-1.));
#5070=DIRECTION('',(0.,1.,0.));
#5071=DIRECTION('center_axis',(-1.,0.,0.));
#5072=DIRECTION('ref_axis',(0.,0.722222222222205,0.691661088777169));
#5073=DIRECTION('center_axis',(1.,0.,0.));
#5074=DIRECTION('ref_axis',(0.,-0.707106781186547,-0.707106781186547));
#5075=DIRECTION('',(0.,0.,-1.));
#5076=DIRECTION('center_axis',(1.,0.,0.));
#5077=DIRECTION('ref_axis',(-1.07625154810404E-16,0.,-1.));
#5078=DIRECTION('center_axis',(0.,0.,-1.));
#5079=DIRECTION('ref_axis',(1.,0.,0.));
#5080=DIRECTION('center_axis',(0.,0.,1.));
#5081=DIRECTION('ref_axis',(-1.,0.,0.));
#5082=DIRECTION('center_axis',(1.,0.,0.));
#5083=DIRECTION('ref_axis',(0.,1.,0.));
#5084=DIRECTION('center_axis',(-1.,0.,8.32667268468867E-17));
#5085=DIRECTION('ref_axis',(0.,1.,0.));
#5086=DIRECTION('center_axis',(1.,0.,-8.32667268468867E-17));
#5087=DIRECTION('ref_axis',(0.,1.,0.));
#5088=DIRECTION('center_axis',(1.,0.,-8.32667268468867E-17));
#5089=DIRECTION('ref_axis',(-8.32667268468867E-17,0.,-1.));
#5090=DIRECTION('',(0.,1.,0.));
#5091=DIRECTION('center_axis',(-1.,0.,8.32667268468867E-17));
#5092=DIRECTION('ref_axis',(-8.32667268468867E-17,0.,-1.));
#5093=DIRECTION('',(0.,-1.,0.));
#5094=DIRECTION('center_axis',(1.,0.,-8.32667268468867E-17));
#5095=DIRECTION('ref_axis',(0.,1.,0.));
#5096=DIRECTION('',(0.,-1.,0.));
#5097=DIRECTION('center_axis',(-1.,0.,8.32667268468867E-17));
#5098=DIRECTION('ref_axis',(-8.32667268468867E-17,0.,-1.));
#5099=DIRECTION('',(0.,1.,0.));
#5100=DIRECTION('center_axis',(1.,0.,-8.32667268468867E-17));
#5101=DIRECTION('ref_axis',(0.,1.,0.));
#5102=DIRECTION('center_axis',(1.,0.,-8.32667268468867E-17));
#5103=DIRECTION('ref_axis',(0.,1.,0.));
#5104=DIRECTION('center_axis',(-1.,0.,0.));
#5105=DIRECTION('ref_axis',(0.,1.,0.));
#5106=DIRECTION('',(-1.,0.,0.));
#5107=DIRECTION('center_axis',(-1.,0.,8.32667268468867E-17));
#5108=DIRECTION('ref_axis',(0.,1.,0.));
#5109=DIRECTION('',(-1.,0.,0.));
#5110=DIRECTION('center_axis',(-1.,0.,8.32667268468867E-17));
#5111=DIRECTION('ref_axis',(0.,1.,0.));
#5112=DIRECTION('',(-1.,0.,0.));
#5113=DIRECTION('center_axis',(-1.,0.,8.32667268468867E-17));
#5114=DIRECTION('ref_axis',(0.,1.,0.));
#5115=DIRECTION('',(-1.,0.,0.));
#5116=DIRECTION('center_axis',(-1.,0.,8.32667268468867E-17));
#5117=DIRECTION('ref_axis',(0.,1.,0.));
#5118=DIRECTION('',(-1.,0.,0.));
#5119=DIRECTION('center_axis',(-1.,0.,8.32667268468867E-17));
#5120=DIRECTION('ref_axis',(0.,1.,0.));
#5121=DIRECTION('center_axis',(1.,0.,0.));
#5122=DIRECTION('ref_axis',(0.,1.,0.));
#5123=DIRECTION('center_axis',(-1.,0.,8.32667268468867E-17));
#5124=DIRECTION('ref_axis',(0.,1.,0.));
#5125=DIRECTION('center_axis',(-1.,0.,0.));
#5126=DIRECTION('ref_axis',(0.,1.,0.));
#5127=DIRECTION('',(-1.,0.,0.));
#5128=DIRECTION('center_axis',(-1.,0.,8.32667268468867E-17));
#5129=DIRECTION('ref_axis',(0.,1.,0.));
#5130=DIRECTION('',(-1.,0.,0.));
#5131=DIRECTION('center_axis',(-1.,0.,8.32667268468867E-17));
#5132=DIRECTION('ref_axis',(0.,1.,0.));
#5133=DIRECTION('',(-1.,0.,0.));
#5134=DIRECTION('center_axis',(-1.,0.,8.32667268468867E-17));
#5135=DIRECTION('ref_axis',(0.,1.,0.));
#5136=DIRECTION('',(-1.,0.,0.));
#5137=DIRECTION('center_axis',(-1.,0.,8.32667268468867E-17));
#5138=DIRECTION('ref_axis',(0.,1.,0.));
#5139=DIRECTION('',(-1.,0.,0.));
#5140=DIRECTION('center_axis',(-1.,0.,8.32667268468867E-17));
#5141=DIRECTION('ref_axis',(0.,1.,0.));
#5142=DIRECTION('center_axis',(-0.499999999999997,0.499999999999998,-0.707106781186551));
#5143=DIRECTION('ref_axis',(-0.816496580927729,0.,0.577350269189622));
#5144=DIRECTION('',(0.5,-0.5,-0.707106781186547));
#5145=DIRECTION('',(-0.707106781186548,-0.707106781186547,0.));
#5146=DIRECTION('',(-0.500000000000009,0.5,0.707106781186541));
#5147=DIRECTION('',(0.707106781186548,0.707106781186547,0.));
#5148=DIRECTION('center_axis',(0.,0.,-1.));
#5149=DIRECTION('ref_axis',(0.70710678118655,-0.707106781186545,0.));
#5150=DIRECTION('',(-0.500000000000004,0.500000000000004,-0.707106781186543));
#5151=DIRECTION('center_axis',(0.,0.,-1.));
#5152=DIRECTION('ref_axis',(0.70710678118655,-0.707106781186545,0.));
#5153=DIRECTION('center_axis',(0.,0.,1.));
#5154=DIRECTION('ref_axis',(0.70710678118655,-0.707106781186545,0.));
#5155=DIRECTION('center_axis',(0.500000000000001,-0.500000000000001,-0.707106781186546));
#5156=DIRECTION('ref_axis',(-0.816496580927725,0.,-0.577350269189628));
#5157=DIRECTION('',(-0.499999999999996,0.500000000000002,-0.707106781186549));
#5158=DIRECTION('',(0.707106781186548,0.707106781186548,0.));
#5159=DIRECTION('',(-0.707106781186548,-0.707106781186548,0.));
#5160=DIRECTION('center_axis',(0.,0.,-1.));
#5161=DIRECTION('ref_axis',(-0.707106781186547,0.707106781186547,0.));
#5162=DIRECTION('center_axis',(0.,0.,-1.));
#5163=DIRECTION('ref_axis',(-0.707106781186548,0.707106781186548,0.));
#5164=DIRECTION('center_axis',(0.,0.,1.));
#5165=DIRECTION('ref_axis',(-0.707106781186547,0.707106781186547,0.));
#5166=DIRECTION('center_axis',(0.,0.,1.));
#5167=DIRECTION('ref_axis',(0.70710678118655,-0.707106781186545,0.));
#5168=DIRECTION('',(0.,0.,1.));
#5169=DIRECTION('center_axis',(0.,0.,-1.));
#5170=DIRECTION('ref_axis',(0.70710678118655,-0.707106781186545,0.));
#5171=DIRECTION('',(0.,0.,1.));
#5172=DIRECTION('center_axis',(0.707106781186547,-0.707106781186548,0.));
#5173=DIRECTION('ref_axis',(0.707106781186548,0.707106781186547,0.));
#5174=DIRECTION('',(0.,0.,1.));
#5175=DIRECTION('',(-0.707106781186548,-0.707106781186547,0.));
#5176=DIRECTION('center_axis',(0.,0.,-1.));
#5177=DIRECTION('ref_axis',(0.,1.,0.));
#5178=DIRECTION('',(1.,0.,0.));
#5179=DIRECTION('',(0.,1.,0.));
#5180=DIRECTION('',(-1.,0.,0.));
#5181=DIRECTION('',(0.,-1.,0.));
#5182=DIRECTION('center_axis',(0.,0.,-1.));
#5183=DIRECTION('ref_axis',(0.707106781186544,0.707106781186551,0.));
#5184=DIRECTION('',(-0.707106781186548,0.707106781186547,0.));
#5185=DIRECTION('center_axis',(0.,0.,-1.));
#5186=DIRECTION('ref_axis',(-0.70710678118655,-0.707106781186545,0.));
#5187=DIRECTION('',(0.707106781186548,-0.707106781186547,0.));
#5188=DIRECTION('center_axis',(0.,0.,-1.));
#5189=DIRECTION('ref_axis',(0.707106781186544,0.707106781186551,0.));
#5190=DIRECTION('',(-0.499999999999999,-0.500000000000005,-0.707106781186545));
#5191=DIRECTION('',(-0.499999999999999,-0.500000000000005,0.707106781186545));
#5192=DIRECTION('center_axis',(0.,0.,1.));
#5193=DIRECTION('ref_axis',(0.707106781186544,0.707106781186551,0.));
#5194=DIRECTION('center_axis',(0.499999999999999,0.5,-0.707106781186549));
#5195=DIRECTION('ref_axis',(-0.816496580927727,0.,-0.577350269189624));
#5196=DIRECTION('',(-0.5,-0.500000000000003,-0.707106781186546));
#5197=DIRECTION('',(0.707106781186548,-0.707106781186547,0.));
#5198=DIRECTION('center_axis',(0.,0.,-1.));
#5199=DIRECTION('ref_axis',(-0.70710678118655,-0.707106781186545,0.));
#5200=DIRECTION('',(0.500000000000007,0.500000000000007,-0.707106781186538));
#5201=DIRECTION('center_axis',(0.,0.,1.));
#5202=DIRECTION('ref_axis',(-0.70710678118655,-0.707106781186545,0.));
#5203=DIRECTION('center_axis',(-0.499999999999996,-0.499999999999997,-0.707106781186552));
#5204=DIRECTION('ref_axis',(-0.81649658092773,0.,0.577350269189621));
#5205=DIRECTION('',(-0.707106781186548,0.707106781186547,0.));
#5206=DIRECTION('center_axis',(-0.707106781186547,-0.707106781186548,0.));
#5207=DIRECTION('ref_axis',(0.707106781186548,-0.707106781186547,0.));
#5208=DIRECTION('',(0.,0.,1.));
#5209=DIRECTION('',(-0.707106781186548,0.707106781186547,0.));
#5210=DIRECTION('',(0.,0.,1.));
#5211=DIRECTION('center_axis',(0.,0.,1.));
#5212=DIRECTION('ref_axis',(0.707106781186544,0.707106781186551,0.));
#5213=DIRECTION('',(0.,0.,1.));
#5214=DIRECTION('center_axis',(0.,0.,-1.));
#5215=DIRECTION('ref_axis',(0.707106781186544,0.707106781186551,0.));
#5216=DIRECTION('center_axis',(-4.37566649580248E-13,0.707106781186329,
0.707106781186766));
#5217=DIRECTION('ref_axis',(1.,0.,6.18812690278352E-13));
#5218=DIRECTION('',(0.577350269189864,0.577350269189864,-0.57735026918915));
#5219=DIRECTION('',(-0.816496580927562,0.408248290463901,-0.408248290464154));
#5220=DIRECTION('',(-0.577350269189864,-0.577350269189864,0.57735026918915));
#5221=DIRECTION('',(0.532983168134286,-0.407583795516096,0.741487958174799));
#5222=DIRECTION('',(-0.461676135409901,0.627223054872919,0.627253047365147));
#5223=DIRECTION('',(-0.533069386804813,0.408443529010246,-0.740952705954433));
#5224=DIRECTION('',(0.460713723992142,-0.627364274303575,-0.627819187228967));
#5225=DIRECTION('',(-0.453820006298135,0.650761256523121,0.608734087177652));
#5226=DIRECTION('',(0.880295822999807,0.281908853380328,0.381584410576324));
#5227=DIRECTION('',(0.436701185777155,-0.666121436514677,-0.604627411019754));
#5228=DIRECTION('',(-0.898657563535265,-0.211495403266663,-0.384297121896499));
#5229=DIRECTION('',(0.840321308488502,-0.372830674429181,0.393519232954191));
#5230=DIRECTION('center_axis',(0.,0.,1.));
#5231=DIRECTION('ref_axis',(-0.707106781186548,0.707106781186548,0.));
#5232=DIRECTION('',(0.,0.,1.));
#5233=DIRECTION('center_axis',(0.,0.,1.));
#5234=DIRECTION('ref_axis',(-0.707106781186548,0.707106781186548,0.));
#5235=DIRECTION('',(0.,0.,1.));
#5236=DIRECTION('center_axis',(0.707106781186547,-0.707106781186548,0.));
#5237=DIRECTION('ref_axis',(0.707106781186548,0.707106781186547,0.));
#5238=DIRECTION('',(0.,0.,1.));
#5239=DIRECTION('',(0.707106781186548,0.707106781186547,0.));
#5240=DIRECTION('center_axis',(-0.499999999999997,0.499999999999997,0.707106781186552));
#5241=DIRECTION('ref_axis',(0.816496580927729,0.,0.577350269189621));
#5242=DIRECTION('',(-0.500000000000004,0.500000000000001,-0.707106781186544));
#5243=DIRECTION('',(0.500000000000008,-0.500000000000003,0.70710678118654));
#5244=DIRECTION('',(0.707106781186548,0.707106781186547,0.));
#5245=DIRECTION('center_axis',(0.,0.,1.));
#5246=DIRECTION('ref_axis',(0.70710678118655,-0.707106781186545,0.));
#5247=DIRECTION('',(0.500000000000004,-0.500000000000004,-0.707106781186543));
#5248=DIRECTION('center_axis',(0.,0.,1.));
#5249=DIRECTION('ref_axis',(0.70710678118655,-0.707106781186545,0.));
#5250=DIRECTION('center_axis',(0.499999999999999,-0.499999999999999,0.707106781186549));
#5251=DIRECTION('ref_axis',(0.816496580927727,0.,-0.577350269189625));
#5252=DIRECTION('',(0.5,-0.500000000000003,-0.707106781186546));
#5253=DIRECTION('',(0.707106781186548,0.707106781186548,0.));
#5254=DIRECTION('',(-0.707106781186548,-0.707106781186548,0.));
#5255=DIRECTION('center_axis',(0.,0.,1.));
#5256=DIRECTION('ref_axis',(-0.707106781186547,0.707106781186547,0.));
#5257=DIRECTION('center_axis',(0.,0.,-1.));
#5258=DIRECTION('ref_axis',(-0.707106781186547,0.707106781186547,0.));
#5259=DIRECTION('center_axis',(0.,0.,1.));
#5260=DIRECTION('ref_axis',(-0.707106781186548,0.707106781186548,0.));
#5261=DIRECTION('center_axis',(0.,0.,1.));
#5262=DIRECTION('ref_axis',(-0.707106781186547,0.707106781186547,0.));
#5263=DIRECTION('',(0.,0.,1.));
#5264=DIRECTION('center_axis',(0.,0.,-1.));
#5265=DIRECTION('ref_axis',(-1.,0.,0.));
#5266=DIRECTION('center_axis',(0.,0.,1.));
#5267=DIRECTION('ref_axis',(0.707106781186547,-0.707106781186548,0.));
#5268=DIRECTION('',(-0.707106781186548,-0.707106781186548,0.));
#5269=DIRECTION('center_axis',(0.499999999999999,0.5,0.707106781186549));
#5270=DIRECTION('ref_axis',(0.816496580927727,0.,-0.577350269189624));
#5271=DIRECTION('',(0.5,0.5,-0.707106781186547));
#5272=DIRECTION('',(-0.500000000000006,-0.500000000000009,0.707106781186537));
#5273=DIRECTION('',(0.707106781186548,-0.707106781186547,0.));
#5274=DIRECTION('center_axis',(0.,0.,1.));
#5275=DIRECTION('ref_axis',(-0.70710678118655,-0.707106781186545,0.));
#5276=DIRECTION('',(-0.500000000000007,-0.500000000000007,-0.707106781186538));
#5277=DIRECTION('center_axis',(0.,0.,-1.));
#5278=DIRECTION('ref_axis',(-0.70710678118655,-0.707106781186545,0.));
#5279=DIRECTION('center_axis',(0.,0.,1.));
#5280=DIRECTION('ref_axis',(-0.70710678118655,-0.707106781186545,0.));
#5281=DIRECTION('center_axis',(-0.499999999999999,-0.5,0.707106781186548));
#5282=DIRECTION('ref_axis',(0.816496580927727,0.,0.577350269189625));
#5283=DIRECTION('',(-0.500000000000001,-0.499999999999999,-0.707106781186548));
#5284=DIRECTION('',(0.707106781186548,-0.707106781186547,0.));
#5285=DIRECTION('',(-0.707106781186548,0.707106781186547,0.));
#5286=DIRECTION('center_axis',(0.,0.,1.));
#5287=DIRECTION('ref_axis',(0.707106781186544,0.707106781186551,0.));
#5288=DIRECTION('center_axis',(0.,0.,1.));
#5289=DIRECTION('ref_axis',(0.707106781186544,0.707106781186551,0.));
#5290=DIRECTION('center_axis',(0.,0.,-1.));
#5291=DIRECTION('ref_axis',(-1.,0.,0.));
#5292=DIRECTION('',(0.707106781186548,-0.707106781186548,0.));
#5293=DIRECTION('center_axis',(0.,0.,1.));
#5294=DIRECTION('ref_axis',(-0.707106781186548,-0.707106781186548,0.));
#5295=DIRECTION('',(-0.707106781186548,0.707106781186548,0.));
#5296=DIRECTION('center_axis',(0.,0.,1.));
#5297=DIRECTION('ref_axis',(0.707106781186547,0.707106781186548,0.));
#5298=DIRECTION('',(-0.880295822999807,0.281908853380328,-0.381584410576324));
#5299=DIRECTION('',(-0.43670118577716,-0.666121436514675,0.604627411019752));
#5300=DIRECTION('',(-0.460713723992137,-0.627364274303577,0.627819187228969));
#5301=DIRECTION('',(0.453820006298144,0.650761256523124,-0.608734087177642));
#5302=DIRECTION('',(0.533069386804815,0.408443529010242,0.740952705954435));
#5303=DIRECTION('',(0.461676135409893,0.627223054872919,-0.627253047365151));
#5304=DIRECTION('center_axis',(-4.38954428361033E-13,-0.70710678118633,
0.707106781186765));
#5305=DIRECTION('ref_axis',(1.,0.,6.20775305851711E-13));
#5306=DIRECTION('',(0.577350269189864,-0.577350269189864,-0.57735026918915));
#5307=DIRECTION('',(0.816496580927559,0.408248290463904,0.408248290464157));
#5308=DIRECTION('',(-0.577350269189864,0.577350269189864,0.57735026918915));
#5309=DIRECTION('',(-0.532983168134285,-0.407583795516101,-0.741487958174797));
#5310=DIRECTION('',(-0.840321308488491,-0.37283067442919,-0.393519232954204));
#5311=DIRECTION('',(0.898657563535268,-0.211495403266656,0.384297121896496));
#5312=DIRECTION('center_axis',(-0.707106781186548,-0.707106781186548,0.));
#5313=DIRECTION('ref_axis',(0.707106781186548,-0.707106781186548,0.));
#5314=DIRECTION('',(0.,0.,1.));
#5315=DIRECTION('',(0.,0.,1.));
#5316=DIRECTION('center_axis',(0.,0.,1.));
#5317=DIRECTION('ref_axis',(-0.707106781186548,-0.707106781186548,0.));
#5318=DIRECTION('',(0.,0.,1.));
#5319=DIRECTION('center_axis',(0.70710678118611,0.,0.707106781186985));
#5320=DIRECTION('ref_axis',(0.707106781186985,0.,-0.70710678118611));
#5321=DIRECTION('center_axis',(0.70710678118611,0.,0.707106781186985));
#5322=DIRECTION('ref_axis',(0.707106781186985,0.,-0.70710678118611));
#5323=DIRECTION('center_axis',(-1.,0.,0.));
#5324=DIRECTION('ref_axis',(0.,1.,0.));
#5325=DIRECTION('center_axis',(-1.,0.,0.));
#5326=DIRECTION('ref_axis',(0.,1.,0.));
#5327=DIRECTION('',(0.707106781186546,0.707106781186549,-8.65956056235495E-17));
#5328=DIRECTION('center_axis',(1.,0.,0.));
#5329=DIRECTION('ref_axis',(0.,1.,0.));
#5330=DIRECTION('center_axis',(1.,0.,0.));
#5331=DIRECTION('ref_axis',(0.,1.,0.));
#5332=DIRECTION('',(1.,0.,0.));
#5333=DIRECTION('center_axis',(1.,0.,0.));
#5334=DIRECTION('ref_axis',(0.,1.,0.));
#5335=DIRECTION('center_axis',(1.,0.,0.));
#5336=DIRECTION('ref_axis',(0.,1.,0.));
#5337=DIRECTION('center_axis',(1.,0.,0.));
#5338=DIRECTION('ref_axis',(0.,1.,0.));
#5339=DIRECTION('center_axis',(1.,0.,0.));
#5340=DIRECTION('ref_axis',(0.,1.,0.));
#5341=DIRECTION('center_axis',(1.,0.,0.));
#5342=DIRECTION('ref_axis',(0.,0.,-1.));
#5343=DIRECTION('center_axis',(1.,0.,0.));
#5344=DIRECTION('ref_axis',(0.,0.707106781187187,0.707106781185908));
#5345=DIRECTION('',(0.,1.80741113939041E-12,1.));
#5346=DIRECTION('center_axis',(1.,0.,0.));
#5347=DIRECTION('ref_axis',(0.,0.,-1.));
#5348=DIRECTION('',(0.,1.,0.));
#5349=DIRECTION('center_axis',(-1.,0.,0.));
#5350=DIRECTION('ref_axis',(0.,-0.702834193543861,0.711353706945813));
#5351=DIRECTION('center_axis',(-1.,0.,0.));
#5352=DIRECTION('ref_axis',(-1.07625154810404E-16,0.,-1.));
#5353=DIRECTION('center_axis',(-1.,0.,0.));
#5354=DIRECTION('ref_axis',(0.,0.63054766786163,-0.77615052570636));
#5355=DIRECTION('',(0.,-1.60804994502022E-16,-1.));
#5356=DIRECTION('center_axis',(1.,0.,0.));
#5357=DIRECTION('ref_axis',(0.,1.,0.));
#5358=DIRECTION('',(0.,2.2030284246777E-14,1.));
#5359=DIRECTION('center_axis',(-1.,0.,0.));
#5360=DIRECTION('ref_axis',(0.,-0.630547667861632,-0.776150525706359));
#5361=DIRECTION('center_axis',(-1.,0.,0.));
#5362=DIRECTION('ref_axis',(-1.07625154810404E-16,0.,-1.));
#5363=DIRECTION('center_axis',(-1.,0.,0.));
#5364=DIRECTION('ref_axis',(0.,0.702834193543864,0.711353706945811));
#5365=DIRECTION('',(0.,1.,-1.35436586365589E-15));
#5366=DIRECTION('center_axis',(1.,0.,0.));
#5367=DIRECTION('ref_axis',(0.,-1.,2.0354088784798E-15));
#5368=DIRECTION('',(0.,-3.0285039198929E-15,-1.));
#5369=DIRECTION('center_axis',(1.,0.,0.));
#5370=DIRECTION('ref_axis',(0.,-0.707106781186544,0.707106781186551));
#5371=DIRECTION('',(0.,1.4962910764295E-13,1.));
#5372=DIRECTION('center_axis',(-1.,0.,0.));
#5373=DIRECTION('ref_axis',(0.,-1.,1.50355918191954E-13));
#5374=DIRECTION('',(0.,-1.,-5.10679484511078E-13));
#5375=DIRECTION('center_axis',(1.,0.,0.));
#5376=DIRECTION('ref_axis',(0.,0.999927417891397,0.0120481927708054));
#5377=DIRECTION('center_axis',(1.,0.,0.));
#5378=DIRECTION('ref_axis',(0.,0.999927417891394,-0.0120481927710871));
#5379=DIRECTION('center_axis',(1.,0.,0.));
#5380=DIRECTION('ref_axis',(0.,2.38539347005146E-13,1.));
#5381=DIRECTION('',(0.,-1.,2.51350676446977E-13));
#5382=DIRECTION('center_axis',(-1.,0.,0.));
#5383=DIRECTION('ref_axis',(0.,1.07024092318431E-6,-0.999999999999427));
#5384=DIRECTION('',(0.,-1.32391684061418E-12,-1.));
#5385=DIRECTION('center_axis',(1.,0.,0.));
#5386=DIRECTION('ref_axis',(0.,1.,0.));
#5387=DIRECTION('',(-0.707106781186546,0.707106781186549,8.65956056235495E-17));
#5388=DIRECTION('center_axis',(-1.,0.,8.32667268468867E-17));
#5389=DIRECTION('ref_axis',(0.,1.,0.));
#5390=DIRECTION('center_axis',(-1.,0.,0.));
#5391=DIRECTION('ref_axis',(0.,1.,0.));
#5392=DIRECTION('',(-1.,0.,0.));
#5393=DIRECTION('center_axis',(-1.,0.,8.32667268468867E-17));
#5394=DIRECTION('ref_axis',(0.,1.,0.));
#5395=DIRECTION('',(-1.,0.,0.));
#5396=DIRECTION('center_axis',(-1.,0.,8.32667268468867E-17));
#5397=DIRECTION('ref_axis',(0.,1.,0.));
#5398=DIRECTION('',(-1.,0.,0.));
#5399=DIRECTION('center_axis',(-1.,0.,8.32667268468867E-17));
#5400=DIRECTION('ref_axis',(0.,1.,0.));
#5401=DIRECTION('',(-1.,0.,0.));
#5402=DIRECTION('center_axis',(-1.,0.,8.32667268468867E-17));
#5403=DIRECTION('ref_axis',(0.,1.,0.));
#5404=DIRECTION('',(-1.,0.,0.));
#5405=DIRECTION('center_axis',(-1.,0.,8.32667268468867E-17));
#5406=DIRECTION('ref_axis',(0.,1.,0.));
#5407=DIRECTION('center_axis',(1.,0.,0.));
#5408=DIRECTION('ref_axis',(0.,1.,0.));
#5409=DIRECTION('',(-0.707106781186547,0.707106781186547,8.65956056235494E-17));
#5410=DIRECTION('center_axis',(-1.,0.,8.32667268468867E-17));
#5411=DIRECTION('ref_axis',(0.,1.,0.));
#5412=DIRECTION('center_axis',(-1.,0.,0.));
#5413=DIRECTION('ref_axis',(0.,1.,0.));
#5414=DIRECTION('',(-1.,0.,0.));
#5415=DIRECTION('center_axis',(-1.,0.,8.32667268468867E-17));
#5416=DIRECTION('ref_axis',(0.,1.,0.));
#5417=DIRECTION('',(-1.,0.,0.));
#5418=DIRECTION('center_axis',(-1.,0.,8.32667268468867E-17));
#5419=DIRECTION('ref_axis',(0.,1.,0.));
#5420=DIRECTION('',(-1.,0.,0.));
#5421=DIRECTION('center_axis',(-1.,0.,8.32667268468867E-17));
#5422=DIRECTION('ref_axis',(0.,1.,0.));
#5423=DIRECTION('',(-1.,0.,0.));
#5424=DIRECTION('center_axis',(-1.,0.,8.32667268468867E-17));
#5425=DIRECTION('ref_axis',(0.,1.,0.));
#5426=DIRECTION('',(-1.,0.,0.));
#5427=DIRECTION('center_axis',(-1.,0.,8.32667268468867E-17));
#5428=DIRECTION('ref_axis',(0.,1.,0.));
#5429=DIRECTION('center_axis',(-1.,0.,8.32667268468867E-17));
#5430=DIRECTION('ref_axis',(0.,1.,0.));
#5431=DIRECTION('center_axis',(-1.,0.,8.32667268468867E-17));
#5432=DIRECTION('ref_axis',(0.,1.,0.));
#5433=DIRECTION('',(0.707106781186547,0.707106781186547,-1.45474072824191E-16));
#5434=DIRECTION('center_axis',(1.,0.,-8.32667268468867E-17));
#5435=DIRECTION('ref_axis',(0.,1.,0.));
#5436=DIRECTION('center_axis',(-1.,0.,8.32667268468867E-17));
#5437=DIRECTION('ref_axis',(0.,1.,0.));
#5438=DIRECTION('center_axis',(1.,0.,-8.32667268468867E-17));
#5439=DIRECTION('ref_axis',(0.,1.,0.));
#5440=DIRECTION('center_axis',(-1.,0.,8.32667268468867E-17));
#5441=DIRECTION('ref_axis',(0.,1.,0.));
#5442=DIRECTION('center_axis',(1.,0.,-8.32667268468867E-17));
#5443=DIRECTION('ref_axis',(0.,1.,0.));
#5444=DIRECTION('center_axis',(1.,0.,0.));
#5445=DIRECTION('ref_axis',(0.,-0.941741911594837,0.336336396998157));
#5446=DIRECTION('center_axis',(1.,0.,0.));
#5447=DIRECTION('ref_axis',(0.,1.,0.));
#5448=DIRECTION('center_axis',(-1.,0.,8.32667268468867E-17));
#5449=DIRECTION('ref_axis',(8.32667268468867E-17,0.,1.));
#5450=DIRECTION('center_axis',(-0.707106781186549,1.0467283057892E-16,0.707106781186546));
#5451=DIRECTION('ref_axis',(0.707106781186546,0.,0.707106781186549));
#5452=DIRECTION('',(-0.707106781186546,-1.27803267305507E-12,-0.707106781186549));
#5453=DIRECTION('',(0.,1.,-1.4802973661669E-16));
#5454=DIRECTION('',(0.707106781186546,2.14147565860631E-15,0.707106781186549));
#5455=DIRECTION('',(1.23259516440785E-32,-1.,1.4802973661669E-16));
#5456=DIRECTION('center_axis',(-1.,0.,0.));
#5457=DIRECTION('ref_axis',(0.,0.,1.));
#5458=DIRECTION('',(0.,1.,0.));
#5459=DIRECTION('',(8.32667268468867E-17,2.06349294342047E-16,1.));
#5460=DIRECTION('center_axis',(-1.,0.,0.));
#5461=DIRECTION('ref_axis',(0.,0.,1.));
#5462=DIRECTION('',(8.32667268468867E-17,2.06349294342047E-16,1.));
#5463=DIRECTION('',(0.,-1.,0.));
#5464=DIRECTION('center_axis',(-1.,0.,0.));
#5465=DIRECTION('ref_axis',(0.,0.,1.));
#5466=DIRECTION('',(0.,-1.,0.));
#5467=DIRECTION('',(-8.32667268468867E-17,-4.1269858868409E-16,-1.));
#5468=DIRECTION('center_axis',(-1.,0.,0.));
#5469=DIRECTION('ref_axis',(0.,0.,1.));
#5470=DIRECTION('',(-8.32667268468867E-17,-4.1269858868409E-16,-1.));
#5471=DIRECTION('',(0.,1.,0.));
#5472=DIRECTION('center_axis',(0.,0.,-1.));
#5473=DIRECTION('ref_axis',(0.,-1.,0.));
#5474=DIRECTION('',(0.,-1.,0.));
#5475=DIRECTION('',(-1.,0.,0.));
#5476=DIRECTION('',(-1.,0.,0.));
#5477=DIRECTION('center_axis',(0.,0.,1.));
#5478=DIRECTION('ref_axis',(0.,1.,0.));
#5479=DIRECTION('',(0.,1.,0.));
#5480=DIRECTION('',(-1.,0.,0.));
#5481=DIRECTION('',(-1.,0.,0.));
#5482=DIRECTION('center_axis',(-1.,0.,0.));
#5483=DIRECTION('ref_axis',(0.,0.,1.));
#5484=DIRECTION('',(-2.8005630897491E-17,-0.941741911594925,-0.33633639699791));
#5485=DIRECTION('',(-7.84157665130396E-17,0.336336396997911,-0.941741911594925));
#5486=DIRECTION('center_axis',(-1.,0.,0.));
#5487=DIRECTION('ref_axis',(0.,0.,1.));
#5488=DIRECTION('',(-7.84157665130396E-17,0.336336396997911,-0.941741911594925));
#5489=DIRECTION('',(2.80056308974908E-17,0.941741911594926,0.336336396997907));
#5490=DIRECTION('center_axis',(-1.,0.,0.));
#5491=DIRECTION('ref_axis',(0.,0.,1.));
#5492=DIRECTION('',(2.80056308974908E-17,0.941741911594926,0.336336396997907));
#5493=DIRECTION('',(7.84157665130395E-17,-0.336336396997914,0.941741911594924));
#5494=DIRECTION('center_axis',(-1.,0.,0.));
#5495=DIRECTION('ref_axis',(0.,0.,1.));
#5496=DIRECTION('',(7.84157665130395E-17,-0.336336396997914,0.941741911594924));
#5497=DIRECTION('',(-2.8005630897491E-17,-0.941741911594925,-0.33633639699791));
#5498=DIRECTION('center_axis',(0.,-0.941741911594924,-0.336336396997914));
#5499=DIRECTION('ref_axis',(7.84157665130395E-17,-0.336336396997914,0.941741911594924));
#5500=DIRECTION('',(7.84157665130395E-17,-0.336336396997914,0.941741911594924));
#5501=DIRECTION('',(-1.,0.,0.));
#5502=DIRECTION('',(-1.,0.,0.));
#5503=DIRECTION('center_axis',(0.,0.941741911594925,0.336336396997911));
#5504=DIRECTION('ref_axis',(-7.84157665130396E-17,0.336336396997911,-0.941741911594925));
#5505=DIRECTION('',(-7.84157665130396E-17,0.336336396997911,-0.941741911594925));
#5506=DIRECTION('',(-1.,0.,0.));
#5507=DIRECTION('',(-1.,0.,0.));
#5508=DIRECTION('center_axis',(-1.,0.,0.));
#5509=DIRECTION('ref_axis',(0.,0.,1.));
#5510=DIRECTION('',(0.,1.,0.));
#5511=DIRECTION('',(8.32667268468867E-17,-7.84127318499616E-16,1.));
#5512=DIRECTION('center_axis',(-1.,0.,0.));
#5513=DIRECTION('ref_axis',(0.,0.,1.));
#5514=DIRECTION('',(8.32667268468867E-17,-7.84127318499616E-16,1.));
#5515=DIRECTION('',(0.,-1.,0.));
#5516=DIRECTION('center_axis',(-1.,0.,0.));
#5517=DIRECTION('ref_axis',(0.,0.,1.));
#5518=DIRECTION('',(0.,-1.,0.));
#5519=DIRECTION('',(-8.32667268468867E-17,1.03174647171016E-15,-1.));
#5520=DIRECTION('center_axis',(-1.,0.,0.));
#5521=DIRECTION('ref_axis',(0.,0.,1.));
#5522=DIRECTION('',(-8.32667268468867E-17,1.03174647171016E-15,-1.));
#5523=DIRECTION('',(0.,1.,0.));
#5524=DIRECTION('center_axis',(0.,0.,-1.));
#5525=DIRECTION('ref_axis',(0.,-1.,0.));
#5526=DIRECTION('',(0.,-1.,0.));
#5527=DIRECTION('',(-1.,0.,0.));
#5528=DIRECTION('',(-1.,0.,0.));
#5529=DIRECTION('center_axis',(0.,0.,1.));
#5530=DIRECTION('ref_axis',(0.,1.,0.));
#5531=DIRECTION('',(0.,1.,0.));
#5532=DIRECTION('',(-1.,0.,0.));
#5533=DIRECTION('',(-1.,0.,0.));
#5534=DIRECTION('center_axis',(-1.,0.,0.));
#5535=DIRECTION('ref_axis',(0.,0.,1.));
#5536=DIRECTION('',(-7.84157665130396E-17,-0.336336396997909,-0.941741911594926));
#5537=DIRECTION('',(-2.80056308974911E-17,0.941741911594925,-0.336336396997911));
#5538=DIRECTION('center_axis',(-1.,0.,0.));
#5539=DIRECTION('ref_axis',(0.,0.,1.));
#5540=DIRECTION('',(-2.80056308974911E-17,0.941741911594925,-0.336336396997911));
#5541=DIRECTION('',(7.84157665130396E-17,0.336336396997911,0.941741911594925));
#5542=DIRECTION('center_axis',(-1.,0.,0.));
#5543=DIRECTION('ref_axis',(0.,0.,1.));
#5544=DIRECTION('',(7.84157665130396E-17,0.336336396997911,0.941741911594925));
#5545=DIRECTION('',(2.80056308974912E-17,-0.941741911594925,0.336336396997912));
#5546=DIRECTION('center_axis',(-1.,0.,0.));
#5547=DIRECTION('ref_axis',(0.,0.,1.));
#5548=DIRECTION('',(2.80056308974912E-17,-0.941741911594925,0.336336396997912));
#5549=DIRECTION('',(-7.84157665130396E-17,-0.336336396997909,-0.941741911594926));
#5550=DIRECTION('center_axis',(0.,-0.941741911594925,0.336336396997911));
#5551=DIRECTION('ref_axis',(7.84157665130396E-17,0.336336396997911,0.941741911594925));
#5552=DIRECTION('',(7.84157665130396E-17,0.336336396997911,0.941741911594925));
#5553=DIRECTION('',(-1.,0.,0.));
#5554=DIRECTION('',(-1.,0.,0.));
#5555=DIRECTION('center_axis',(0.,0.941741911594926,-0.336336396997909));
#5556=DIRECTION('ref_axis',(-7.84157665130396E-17,-0.336336396997909,-0.941741911594926));
#5557=DIRECTION('',(-7.84157665130396E-17,-0.336336396997909,-0.941741911594926));
#5558=DIRECTION('',(-1.,0.,0.));
#5559=DIRECTION('',(-1.,0.,0.));
#5560=DIRECTION('center_axis',(1.,0.,-8.32667268468867E-17));
#5561=DIRECTION('ref_axis',(-8.32667268468867E-17,0.,-1.));
#5562=DIRECTION('',(-8.32667268468867E-17,-4.1269858868409E-16,-1.));
#5563=DIRECTION('',(8.32667268468867E-17,2.06349294342047E-16,1.));
#5564=DIRECTION('center_axis',(1.,0.,-8.32667268468867E-17));
#5565=DIRECTION('ref_axis',(-8.32667268468867E-17,0.,-1.));
#5566=DIRECTION('',(2.80056308974908E-17,0.941741911594926,0.336336396997907));
#5567=DIRECTION('',(-2.8005630897491E-17,-0.941741911594925,-0.33633639699791));
#5568=DIRECTION('center_axis',(1.,0.,-8.32667268468867E-17));
#5569=DIRECTION('ref_axis',(-8.32667268468867E-17,0.,-1.));
#5570=DIRECTION('',(-8.32667268468867E-17,1.03174647171016E-15,-1.));
#5571=DIRECTION('',(8.32667268468867E-17,-7.84127318499616E-16,1.));
#5572=DIRECTION('center_axis',(1.,0.,-8.32667268468867E-17));
#5573=DIRECTION('ref_axis',(-8.32667268468867E-17,0.,-1.));
#5574=DIRECTION('',(2.80056308974912E-17,-0.941741911594925,0.336336396997912));
#5575=DIRECTION('',(-2.80056308974911E-17,0.941741911594925,-0.336336396997911));
#5576=DIRECTION('center_axis',(1.,0.,-8.32667268468867E-17));
#5577=DIRECTION('ref_axis',(-8.32667268468867E-17,0.,-1.));
#5578=DIRECTION('',(-2.8005630897491E-17,-0.941741911594925,-0.33633639699791));
#5579=DIRECTION('',(2.80056308974908E-17,0.941741911594926,0.336336396997907));
#5580=DIRECTION('center_axis',(0.,-0.336336396997907,0.941741911594926));
#5581=DIRECTION('ref_axis',(2.80056308974908E-17,0.941741911594926,0.336336396997907));
#5582=DIRECTION('',(2.80056308974908E-17,0.941741911594926,0.336336396997907));
#5583=DIRECTION('center_axis',(0.,0.33633639699791,-0.941741911594925));
#5584=DIRECTION('ref_axis',(-2.8005630897491E-17,-0.941741911594925,-0.33633639699791));
#5585=DIRECTION('',(-2.8005630897491E-17,-0.941741911594925,-0.33633639699791));
#5586=DIRECTION('center_axis',(1.,0.,-8.32667268468867E-17));
#5587=DIRECTION('ref_axis',(-8.32667268468867E-17,0.,-1.));
#5588=DIRECTION('',(-2.80056308974911E-17,0.941741911594925,-0.336336396997911));
#5589=DIRECTION('',(2.80056308974912E-17,-0.941741911594925,0.336336396997912));
#5590=DIRECTION('center_axis',(0.,0.336336396997911,0.941741911594925));
#5591=DIRECTION('ref_axis',(-2.80056308974911E-17,0.941741911594925,-0.336336396997911));
#5592=DIRECTION('',(-2.80056308974911E-17,0.941741911594925,-0.336336396997911));
#5593=DIRECTION('center_axis',(0.,-0.336336396997912,-0.941741911594925));
#5594=DIRECTION('ref_axis',(2.80056308974912E-17,-0.941741911594925,0.336336396997912));
#5595=DIRECTION('',(2.80056308974912E-17,-0.941741911594925,0.336336396997912));
#5596=DIRECTION('center_axis',(0.,-1.,-7.84127318499616E-16));
#5597=DIRECTION('ref_axis',(8.32667268468867E-17,-7.84127318499616E-16,
1.));
#5598=DIRECTION('',(8.32667268468867E-17,-7.84127318499616E-16,1.));
#5599=DIRECTION('',(8.32667268468867E-17,-7.84127318499616E-16,1.));
#5600=DIRECTION('center_axis',(1.,0.,-8.32667268468867E-17));
#5601=DIRECTION('ref_axis',(-8.32667268468867E-17,0.,-1.));
#5602=DIRECTION('',(-8.32667268468867E-17,1.03174647171016E-15,-1.));
#5603=DIRECTION('center_axis',(0.,1.,1.03174647171016E-15));
#5604=DIRECTION('ref_axis',(-8.32667268468867E-17,1.03174647171016E-15,
-1.));
#5605=DIRECTION('',(-8.32667268468867E-17,1.03174647171016E-15,-1.));
#5606=DIRECTION('center_axis',(1.,0.,-8.32667268468867E-17));
#5607=DIRECTION('ref_axis',(-8.32667268468867E-17,0.,-1.));
#5608=DIRECTION('',(8.32667268468867E-17,2.06349294342047E-16,1.));
#5609=DIRECTION('',(-8.32667268468867E-17,-4.1269858868409E-16,-1.));
#5610=DIRECTION('center_axis',(0.,1.,-4.1269858868409E-16));
#5611=DIRECTION('ref_axis',(-8.32667268468867E-17,-4.1269858868409E-16,
-1.));
#5612=DIRECTION('',(-8.32667268468867E-17,-4.1269858868409E-16,-1.));
#5613=DIRECTION('center_axis',(0.,-1.,2.06349294342047E-16));
#5614=DIRECTION('ref_axis',(8.32667268468867E-17,2.06349294342047E-16,1.));
#5615=DIRECTION('',(8.32667268468867E-17,2.06349294342047E-16,1.));
#5616=DIRECTION('center_axis',(1.,0.,-8.32667268468867E-17));
#5617=DIRECTION('ref_axis',(-8.32667268468867E-17,0.,-1.));
#5618=DIRECTION('center_axis',(1.,0.,-8.32667268468867E-17));
#5619=DIRECTION('ref_axis',(-8.32667268468867E-17,0.,-1.));
#5620=DIRECTION('center_axis',(1.,0.,-8.32667268468867E-17));
#5621=DIRECTION('ref_axis',(-8.32667268468867E-17,0.,-1.));
#5622=DIRECTION('center_axis',(1.,0.,-8.32667268468867E-17));
#5623=DIRECTION('ref_axis',(-8.32667268468867E-17,0.,-1.));
#5624=DIRECTION('center_axis',(1.,0.,-8.32667268468867E-17));
#5625=DIRECTION('ref_axis',(-8.32667268468867E-17,0.,-1.));
#5626=DIRECTION('center_axis',(1.,0.,-8.32667268468867E-17));
#5627=DIRECTION('ref_axis',(-8.32667268468867E-17,0.,-1.));
#5628=DIRECTION('center_axis',(1.,0.,0.));
#5629=DIRECTION('ref_axis',(0.,1.,0.));
#5630=DIRECTION('center_axis',(1.,0.,-8.32667268468867E-17));
#5631=DIRECTION('ref_axis',(-8.32667268468867E-17,0.,-1.));
#5632=DIRECTION('',(-8.32667268468867E-17,-3.0285039198929E-15,-1.));
#5633=DIRECTION('',(8.32667268468867E-17,1.80741113939041E-12,1.));
#5634=DIRECTION('center_axis',(1.,0.,0.));
#5635=DIRECTION('ref_axis',(0.,1.,0.));
#5636=DIRECTION('center_axis',(-1.,0.,8.32667268468867E-17));
#5637=DIRECTION('ref_axis',(0.,1.,0.));
#5638=DIRECTION('center_axis',(1.,0.,-8.32667268468867E-17));
#5639=DIRECTION('ref_axis',(-8.32667268468867E-17,0.,-1.));
#5640=DIRECTION('center_axis',(1.,0.,-8.32667268468867E-17));
#5641=DIRECTION('ref_axis',(0.,-1.,2.0354088784798E-15));
#5642=DIRECTION('',(-1.12773612419783E-31,1.,-1.35436586365589E-15));
#5643=DIRECTION('center_axis',(1.,0.,-8.32667268468867E-17));
#5644=DIRECTION('ref_axis',(-9.61225638276321E-17,0.,-1.));
#5645=DIRECTION('',(0.,-1.,0.));
#5646=DIRECTION('center_axis',(1.,0.,-8.32667268468867E-17));
#5647=DIRECTION('ref_axis',(0.,1.,0.));
#5648=DIRECTION('',(0.,-1.,0.));
#5649=DIRECTION('center_axis',(-1.,0.,8.32667268468867E-17));
#5650=DIRECTION('ref_axis',(-9.61225638276321E-17,0.,-1.));
#5651=DIRECTION('',(0.,1.,0.));
#5652=DIRECTION('center_axis',(1.,0.,-8.32667268468867E-17));
#5653=DIRECTION('ref_axis',(0.,0.,-1.));
#5654=DIRECTION('center_axis',(1.,0.,0.));
#5655=DIRECTION('ref_axis',(0.,-1.,2.0354088784798E-15));
#5656=DIRECTION('',(1.,0.,0.));
#5657=DIRECTION('',(1.,0.,0.));
#5658=DIRECTION('center_axis',(1.,0.,0.));
#5659=DIRECTION('ref_axis',(0.,0.,-1.));
#5660=DIRECTION('center_axis',(1.,0.,0.));
#5661=DIRECTION('ref_axis',(0.,0.722222222222205,0.691661088777169));
#5662=DIRECTION('center_axis',(1.,0.,0.));
#5663=DIRECTION('ref_axis',(0.,0.722222222222205,0.691661088777169));
#5664=DIRECTION('center_axis',(-1.,0.,0.));
#5665=DIRECTION('ref_axis',(0.,0.722222222222205,0.69166108877717));
#5666=DIRECTION('center_axis',(-1.,0.,0.));
#5667=DIRECTION('ref_axis',(0.,0.722222222222205,0.691661088777169));
#5668=DIRECTION('center_axis',(1.,0.,0.));
#5669=DIRECTION('ref_axis',(0.,0.722222222222205,0.691661088777169));
#5670=DIRECTION('center_axis',(-1.,0.,0.));
#5671=DIRECTION('ref_axis',(0.,0.722222222222205,0.69166108877717));
#5672=DIRECTION('center_axis',(1.,0.,0.));
#5673=DIRECTION('ref_axis',(0.,-0.722222222222205,-0.691661088777169));
#5674=DIRECTION('center_axis',(1.,0.,0.));
#5675=DIRECTION('ref_axis',(0.,0.,-1.));
#5676=DIRECTION('center_axis',(1.,0.,0.));
#5677=DIRECTION('ref_axis',(-1.07625154810404E-16,0.,-1.));
#5678=DIRECTION('',(0.,0.,1.));
#5679=DIRECTION('center_axis',(1.,0.,0.));
#5680=DIRECTION('ref_axis',(0.,0.707106781186547,-0.707106781186547));
#5681=DIRECTION('center_axis',(0.707106781186548,0.707106781186548,0.));
#5682=DIRECTION('ref_axis',(-0.707106781186548,0.707106781186548,0.));
#5683=DIRECTION('',(0.,0.,1.));
#5684=DIRECTION('center_axis',(0.,0.,1.));
#5685=DIRECTION('ref_axis',(0.707106781186547,0.707106781186548,0.));
#5686=DIRECTION('center_axis',(-0.707106781186548,0.707106781186548,0.));
#5687=DIRECTION('ref_axis',(-0.707106781186548,-0.707106781186548,0.));
#5688=DIRECTION('',(0.,0.,1.));
#5689=DIRECTION('center_axis',(0.,0.,1.));
#5690=DIRECTION('ref_axis',(0.707106781186547,-0.707106781186548,0.));
#5691=DIRECTION('center_axis',(-0.707106781186548,0.707106781186548,0.));
#5692=DIRECTION('ref_axis',(-0.707106781186548,-0.707106781186548,0.));
#5693=DIRECTION('center_axis',(0.,0.,1.));
#5694=DIRECTION('ref_axis',(-0.70710678118655,-0.707106781186545,0.));
#5695=DIRECTION('',(0.,0.,1.));
#5696=DIRECTION('center_axis',(0.707106781186547,0.707106781186548,0.));
#5697=DIRECTION('ref_axis',(-0.707106781186548,0.707106781186547,0.));
#5698=DIRECTION('center_axis',(0.707106781186546,0.,-0.707106781186549));
#5699=DIRECTION('ref_axis',(-0.707106781186549,0.,-0.707106781186546));
#5700=DIRECTION('center_axis',(0.707106781186546,0.,-0.707106781186549));
#5701=DIRECTION('ref_axis',(-0.707106781186549,0.,-0.707106781186546));
#5702=DIRECTION('center_axis',(1.,0.,-8.32667268468867E-17));
#5703=DIRECTION('ref_axis',(-8.32667268468867E-17,0.,-1.));
#5704=DIRECTION('center_axis',(1.,0.,-8.32667268468867E-17));
#5705=DIRECTION('ref_axis',(-8.32667268468867E-17,0.,-1.));
#5706=DIRECTION('center_axis',(1.,0.,0.));
#5707=DIRECTION('ref_axis',(0.,0.707106781187187,0.707106781185908));
#5708=DIRECTION('',(1.,0.,0.));
#5709=DIRECTION('center_axis',(-1.,0.,0.));
#5710=DIRECTION('ref_axis',(0.,0.,1.));
#5711=DIRECTION('',(-1.,0.,0.));
#5712=DIRECTION('center_axis',(0.,-1.,1.80741113939041E-12));
#5713=DIRECTION('ref_axis',(0.,-1.8071470246166E-12,-1.));
#5714=DIRECTION('center_axis',(0.,-1.80655490565604E-12,-1.));
#5715=DIRECTION('ref_axis',(-1.,0.,0.));
#5716=DIRECTION('center_axis',(0.,1.,-1.80741113939041E-12));
#5717=DIRECTION('ref_axis',(0.707106781187112,-1.27803267305405E-12,-0.707106781185983));
#5718=DIRECTION('center_axis',(0.,-1.,1.80741113939041E-12));
#5719=DIRECTION('ref_axis',(0.707106781187112,-1.27800547922278E-12,-0.707106781185983));
#5720=DIRECTION('center_axis',(0.,1.80741113939041E-12,1.));
#5721=DIRECTION('ref_axis',(-0.707106781186547,0.707106781186547,-1.27868329835207E-12));
#5722=DIRECTION('center_axis',(0.,-1.80833126250945E-12,-1.));
#5723=DIRECTION('ref_axis',(-1.,0.,0.));
#5724=DIRECTION('',(0.,-1.80741113939041E-12,-1.));
#5725=DIRECTION('',(0.,1.80741113939041E-12,1.));
#5726=DIRECTION('center_axis',(0.,1.,-1.80741113939041E-12));
#5727=DIRECTION('ref_axis',(0.,1.80714702461652E-12,1.));
#5728=DIRECTION('center_axis',(1.,0.,0.));
#5729=DIRECTION('ref_axis',(0.,-1.80477854883066E-12,-1.));
#5730=DIRECTION('center_axis',(0.,1.,-1.80741113939041E-12));
#5731=DIRECTION('ref_axis',(0.707106781185983,1.27803267305609E-12,0.707106781187112));
#5732=DIRECTION('center_axis',(0.,-1.,1.80741113939041E-12));
#5733=DIRECTION('ref_axis',(0.707106781185983,1.27800547922061E-12,0.707106781187112));
#5734=DIRECTION('center_axis',(-1.,0.,0.));
#5735=DIRECTION('ref_axis',(0.,0.707106781185907,-0.707106781187188));
#5736=DIRECTION('',(1.,0.,0.));
#5737=DIRECTION('',(-1.,0.,0.));
#5738=DIRECTION('center_axis',(1.,0.,0.));
#5739=DIRECTION('ref_axis',(0.,0.707106781185907,-0.707106781187188));
#5740=DIRECTION('center_axis',(0.,1.,-1.80741113939041E-12));
#5741=DIRECTION('ref_axis',(8.32667268468867E-17,1.80741113939041E-12,1.));
#5742=DIRECTION('',(1.,0.,0.));
#5743=DIRECTION('',(-1.,0.,0.));
#5744=DIRECTION('',(0.,-1.80741113939041E-12,-1.));
#5745=DIRECTION('center_axis',(1.,0.,0.));
#5746=DIRECTION('ref_axis',(0.,-0.707106781186547,-0.707106781186547));
#5747=DIRECTION('',(1.,0.,0.));
#5748=DIRECTION('center_axis',(-1.,0.,0.));
#5749=DIRECTION('ref_axis',(0.,0.,-1.));
#5750=DIRECTION('',(-1.,0.,0.));
#5751=DIRECTION('center_axis',(0.,-1.,0.));
#5752=DIRECTION('ref_axis',(0.,0.,-1.));
#5753=DIRECTION('center_axis',(0.,0.,1.));
#5754=DIRECTION('ref_axis',(-1.,0.,0.));
#5755=DIRECTION('center_axis',(0.,-1.,0.));
#5756=DIRECTION('ref_axis',(0.707106781186548,0.,0.707106781186548));
#5757=DIRECTION('center_axis',(0.,1.,0.));
#5758=DIRECTION('ref_axis',(0.707106781186548,0.,0.707106781186548));
#5759=DIRECTION('center_axis',(0.,0.,-1.));
#5760=DIRECTION('ref_axis',(-0.707106781186547,-0.707106781186547,0.));
#5761=DIRECTION('center_axis',(0.,0.,1.));
#5762=DIRECTION('ref_axis',(-1.,0.,0.));
#5763=DIRECTION('',(0.,0.,1.));
#5764=DIRECTION('',(0.,0.,-1.));
#5765=DIRECTION('center_axis',(-1.05701035216146E-12,0.383028772066642,
0.923736412494993));
#5766=DIRECTION('ref_axis',(-1.,3.5527136788005E-15,-1.14575016141316E-12));
#5767=DIRECTION('center_axis',(0.921457136724105,-0.388480044764482,-2.80226440820227E-12));
#5768=DIRECTION('ref_axis',(3.04112290905323E-12,0.,1.));
#5769=DIRECTION('center_axis',(1.,-7.10542735760098E-15,0.));
#5770=DIRECTION('ref_axis',(0.,0.,1.));
#5771=DIRECTION('center_axis',(-1.,0.,0.));
#5772=DIRECTION('ref_axis',(0.,-0.707106781186547,0.707106781186547));
#5773=DIRECTION('center_axis',(1.,0.,0.));
#5774=DIRECTION('ref_axis',(0.,-0.707106781186547,0.707106781186547));
#5775=DIRECTION('',(1.,0.,0.));
#5776=DIRECTION('',(-1.,0.,0.));
#5777=DIRECTION('center_axis',(1.,0.,0.));
#5778=DIRECTION('ref_axis',(0.,0.,-1.));
#5779=DIRECTION('',(0.,1.32391684061418E-12,1.));
#5780=DIRECTION('center_axis',(1.,0.,0.));
#5781=DIRECTION('ref_axis',(0.,1.07024092318431E-6,-0.999999999999427));
#5782=DIRECTION('',(0.,1.,-2.51350676446977E-13));
#5783=DIRECTION('center_axis',(-1.,0.,0.));
#5784=DIRECTION('ref_axis',(0.,2.38539347005146E-13,1.));
#5785=DIRECTION('center_axis',(-1.,0.,0.));
#5786=DIRECTION('ref_axis',(0.,0.999927417891394,-0.0120481927710871));
#5787=DIRECTION('center_axis',(-1.,0.,0.));
#5788=DIRECTION('ref_axis',(0.,0.999927417891398,0.0120481927708054));
#5789=DIRECTION('',(0.,1.,5.10679484511078E-13));
#5790=DIRECTION('center_axis',(1.,0.,0.));
#5791=DIRECTION('ref_axis',(0.,-1.,1.50355918191954E-13));
#5792=DIRECTION('',(0.,-1.4962910764295E-13,-1.));
#5793=DIRECTION('center_axis',(1.,0.,0.));
#5794=DIRECTION('ref_axis',(0.,0.707106781186547,0.707106781186547));
#5795=DIRECTION('',(0.,0.,1.));
#5796=DIRECTION('center_axis',(-1.,0.,0.));
#5797=DIRECTION('ref_axis',(0.,0.,-1.));
#5798=DIRECTION('',(0.,-1.,0.));
#5799=DIRECTION('center_axis',(1.,0.,0.));
#5800=DIRECTION('ref_axis',(-1.07625154810404E-16,0.,-1.));
#5801=DIRECTION('',(0.,-1.,0.));
#5802=DIRECTION('center_axis',(-1.,0.,0.));
#5803=DIRECTION('ref_axis',(0.,0.,-1.));
#5804=DIRECTION('',(0.,0.,-1.));
#5805=DIRECTION('center_axis',(0.,0.,-1.));
#5806=DIRECTION('ref_axis',(-1.,0.,0.));
#5807=DIRECTION('',(0.707106781186548,0.707106781186548,0.));
#5808=DIRECTION('',(0.,1.,0.));
#5809=DIRECTION('center_axis',(0.,1.,0.));
#5810=DIRECTION('ref_axis',(1.,0.,0.));
#5811=DIRECTION('',(0.,1.,0.));
#5812=DIRECTION('center_axis',(1.,0.,0.));
#5813=DIRECTION('ref_axis',(0.,0.,-1.));
#5814=DIRECTION('',(0.,-1.,0.));
#5815=DIRECTION('center_axis',(0.,1.,0.));
#5816=DIRECTION('ref_axis',(0.707106781186548,0.,0.707106781186548));
#5817=DIRECTION('',(0.,1.,0.));
#5818=DIRECTION('center_axis',(0.,0.,1.));
#5819=DIRECTION('ref_axis',(1.,0.,0.));
#5820=DIRECTION('center_axis',(1.,0.,0.));
#5821=DIRECTION('ref_axis',(0.,-0.70710678118655,-0.707106781186545));
#5822=DIRECTION('',(1.,0.,0.));
#5823=DIRECTION('center_axis',(-1.,1.26217744835362E-29,3.5527136788005E-15));
#5824=DIRECTION('ref_axis',(-3.5527136788005E-15,0.,-1.));
#5825=DIRECTION('',(-1.,0.,0.));
#5826=DIRECTION('center_axis',(1.,0.,0.));
#5827=DIRECTION('ref_axis',(0.,-0.70710678118655,-0.707106781186545));
#5828=DIRECTION('center_axis',(0.,-1.,3.0285039198929E-15));
#5829=DIRECTION('ref_axis',(0.,-3.15796771448933E-15,-1.));
#5830=DIRECTION('center_axis',(0.,3.55271367880045E-15,1.));
#5831=DIRECTION('ref_axis',(-1.,0.,0.));
#5832=DIRECTION('center_axis',(0.,-1.,3.0285039198929E-15));
#5833=DIRECTION('ref_axis',(0.707106781186549,2.14147565860631E-15,0.707106781186547));
#5834=DIRECTION('center_axis',(0.,1.,-3.0285039198929E-15));
#5835=DIRECTION('ref_axis',(0.707106781186548,2.08166817117217E-15,0.707106781186547));
#5836=DIRECTION('center_axis',(0.,-3.0285039198929E-15,-1.));
#5837=DIRECTION('ref_axis',(-0.707106781186547,-0.707106781186547,0.));
#5838=DIRECTION('center_axis',(0.,3.5527136788005E-15,1.));
#5839=DIRECTION('ref_axis',(-1.,0.,0.));
#5840=DIRECTION('',(0.,3.0285039198929E-15,1.));
#5841=DIRECTION('',(0.,-3.0285039198929E-15,-1.));
#5842=DIRECTION('center_axis',(0.,1.,-3.0285039198929E-15));
#5843=DIRECTION('ref_axis',(0.,3.15796771448947E-15,1.));
#5844=DIRECTION('center_axis',(1.,0.,0.));
#5845=DIRECTION('ref_axis',(0.,3.5527136788005E-15,1.));
#5846=DIRECTION('center_axis',(0.,-1.,3.0285039198929E-15));
#5847=DIRECTION('ref_axis',(0.707106781186546,-2.14147565860631E-15,-0.707106781186549));
#5848=DIRECTION('center_axis',(0.,1.,-3.0285039198929E-15));
#5849=DIRECTION('ref_axis',(0.707106781186546,-2.08166817117236E-15,-0.707106781186549));
#5850=DIRECTION('center_axis',(-1.,0.,0.));
#5851=DIRECTION('ref_axis',(0.,-0.707106781186544,0.707106781186551));
#5852=DIRECTION('',(1.,0.,0.));
#5853=DIRECTION('',(-1.,0.,0.));
#5854=DIRECTION('center_axis',(0.,1.,0.));
#5855=DIRECTION('ref_axis',(1.,0.,0.));
#5856=DIRECTION('',(0.,-1.,0.));
#5857=DIRECTION('',(0.,-1.,0.));
#5858=DIRECTION('center_axis',(1.,0.,0.));
#5859=DIRECTION('ref_axis',(0.,0.,-1.));
#5860=DIRECTION('',(0.,-1.,0.));
#5861=DIRECTION('',(0.,0.,1.));
#5862=DIRECTION('center_axis',(0.,1.,0.));
#5863=DIRECTION('ref_axis',(0.707106781186548,0.,0.707106781186548));
#5864=DIRECTION('',(0.,1.,0.));
#5865=DIRECTION('center_axis',(0.,-1.,0.));
#5866=DIRECTION('ref_axis',(0.707106781186548,0.,0.707106781186548));
#5867=DIRECTION('center_axis',(0.,0.,1.));
#5868=DIRECTION('ref_axis',(1.,0.,0.));
#5869=DIRECTION('',(-1.,0.,0.));
#5870=DIRECTION('center_axis',(1.,0.,0.));
#5871=DIRECTION('ref_axis',(0.,0.,-1.));
#5872=DIRECTION('center_axis',(1.,0.,0.));
#5873=DIRECTION('ref_axis',(0.,0.707106781186547,0.707106781186547));
#5874=DIRECTION('',(1.,0.,0.));
#5875=DIRECTION('center_axis',(-1.,0.,0.));
#5876=DIRECTION('ref_axis',(0.,0.,1.));
#5877=DIRECTION('',(-1.,0.,0.));
#5878=DIRECTION('center_axis',(-0.921457136724324,-0.388480044763963,2.77934869458445E-12));
#5879=DIRECTION('ref_axis',(3.01625391330163E-12,0.,1.));
#5880=DIRECTION('center_axis',(1.07149822767237E-12,0.38302877206684,-0.923736412494911));
#5881=DIRECTION('ref_axis',(-1.,0.,-1.15996101612836E-12));
#5882=DIRECTION('center_axis',(0.,5.32907051820073E-15,-1.));
#5883=DIRECTION('ref_axis',(-1.,0.,0.));
#5884=DIRECTION('center_axis',(0.,0.,1.));
#5885=DIRECTION('ref_axis',(-0.707106781186547,0.707106781186547,0.));
#5886=DIRECTION('center_axis',(0.,0.,-1.));
#5887=DIRECTION('ref_axis',(-1.,0.,0.));
#5888=DIRECTION('',(0.,0.,-1.));
#5889=DIRECTION('center_axis',(0.,1.,0.));
#5890=DIRECTION('ref_axis',(0.,0.,1.));
#5891=DIRECTION('center_axis',(1.,0.,0.));
#5892=DIRECTION('ref_axis',(0.,0.,-1.));
#5893=DIRECTION('center_axis',(0.,1.,0.));
#5894=DIRECTION('ref_axis',(0.707106781186548,0.,0.707106781186548));
#5895=DIRECTION('center_axis',(-1.,0.,0.));
#5896=DIRECTION('ref_axis',(0.,0.707106781186547,-0.707106781186547));
#5897=DIRECTION('',(1.,0.,0.));
#5898=DIRECTION('center_axis',(0.,0.,-1.));
#5899=DIRECTION('ref_axis',(-1.,0.,0.));
#5900=DIRECTION('',(-0.707106781186548,0.707106781186548,0.));
#5901=DIRECTION('center_axis',(1.,1.00328639711125E-18,0.));
#5902=DIRECTION('ref_axis',(0.,-0.702834193543861,0.711353706945813));
#5903=DIRECTION('',(-1.,0.,8.32667268468867E-17));
#5904=DIRECTION('',(1.,1.00328639711125E-18,0.));
#5905=DIRECTION('center_axis',(0.,0.,-1.));
#5906=DIRECTION('ref_axis',(0.,1.,0.));
#5907=DIRECTION('',(1.,0.,0.));
#5908=DIRECTION('center_axis',(-1.,1.00328639711125E-18,-1.35881684771778E-33));
#5909=DIRECTION('ref_axis',(0.,0.702834193543864,0.711353706945811));
#5910=DIRECTION('',(-1.,1.00328639711125E-18,-1.35881684771778E-33));
#5911=DIRECTION('',(1.,0.,-8.32667268468867E-17));
#5912=DIRECTION('center_axis',(1.,0.,-8.32667268468867E-17));
#5913=DIRECTION('ref_axis',(-1.07625154810404E-16,0.,-1.));
#5914=DIRECTION('',(-1.,0.,8.32667268468867E-17));
#5915=DIRECTION('center_axis',(-0.707106781186546,0.,0.707106781186549));
#5916=DIRECTION('ref_axis',(-0.707106781186549,0.,-0.707106781186546));
#5917=DIRECTION('center_axis',(-1.,0.,8.32667268468867E-17));
#5918=DIRECTION('ref_axis',(-1.07625154810404E-16,0.,-1.));
#5919=DIRECTION('center_axis',(7.72329060609866E-16,0.,1.));
#5920=DIRECTION('ref_axis',(0.707106781186548,-0.707106781186548,0.));
#5921=DIRECTION('',(-7.72329060609866E-16,0.,-1.));
#5922=DIRECTION('center_axis',(0.,0.,-1.));
#5923=DIRECTION('ref_axis',(1.,0.,0.));
#5924=DIRECTION('',(7.72329060609866E-16,0.,1.));
#5925=DIRECTION('center_axis',(0.,1.,0.));
#5926=DIRECTION('ref_axis',(0.,0.,1.));
#5927=DIRECTION('center_axis',(0.,-1.,0.));
#5928=DIRECTION('ref_axis',(0.707106781186547,0.,-0.707106781186547));
#5929=DIRECTION('center_axis',(0.,1.,0.));
#5930=DIRECTION('ref_axis',(0.707106781186547,0.,-0.707106781186547));
#5931=DIRECTION('center_axis',(0.,-1.,0.));
#5932=DIRECTION('ref_axis',(0.707106781186547,0.,-0.707106781186547));
#5933=DIRECTION('center_axis',(0.,1.,0.));
#5934=DIRECTION('ref_axis',(1.,0.,0.));
#5935=DIRECTION('',(0.,1.,0.));
#5936=DIRECTION('center_axis',(0.,1.,0.));
#5937=DIRECTION('ref_axis',(1.,0.,0.));
#5938=DIRECTION('',(-1.,0.,8.32667268468867E-17));
#5939=DIRECTION('center_axis',(0.,1.,0.));
#5940=DIRECTION('ref_axis',(1.,0.,0.));
#5941=DIRECTION('center_axis',(1.,0.,-7.72329060609866E-16));
#5942=DIRECTION('ref_axis',(-7.72329060609866E-16,0.,-1.));
#5943=DIRECTION('center_axis',(1.,0.,-8.32667268468867E-17));
#5944=DIRECTION('ref_axis',(-1.07625154810404E-16,0.,-1.));
#5945=DIRECTION('center_axis',(7.72329060609866E-16,0.,1.));
#5946=DIRECTION('ref_axis',(0.707106781186548,0.707106781186548,0.));
#5947=DIRECTION('',(-7.72329060609866E-16,0.,-1.));
#5948=DIRECTION('center_axis',(0.,0.,-1.));
#5949=DIRECTION('ref_axis',(0.,1.,0.));
#5950=DIRECTION('',(7.72329060609866E-16,0.,1.));
#5951=DIRECTION('center_axis',(0.,1.,0.));
#5952=DIRECTION('ref_axis',(0.,0.,1.));
#5953=DIRECTION('center_axis',(0.,1.,0.));
#5954=DIRECTION('ref_axis',(0.707106781186547,0.,-0.707106781186547));
#5955=DIRECTION('center_axis',(0.,-1.,0.));
#5956=DIRECTION('ref_axis',(0.707106781186547,0.,-0.707106781186547));
#5957=DIRECTION('center_axis',(0.,1.,0.));
#5958=DIRECTION('ref_axis',(0.707106781186547,0.,-0.707106781186547));
#5959=DIRECTION('center_axis',(0.,1.,0.));
#5960=DIRECTION('ref_axis',(1.,0.,0.));
#5961=DIRECTION('',(1.,0.,-8.32667268468867E-17));
#5962=DIRECTION('center_axis',(0.,1.,0.));
#5963=DIRECTION('ref_axis',(1.,0.,0.));
#5964=DIRECTION('center_axis',(-1.,1.3389705552815E-32,8.32667268468868E-17));
#5965=DIRECTION('ref_axis',(0.,0.63054766786163,-0.77615052570636));
#5966=DIRECTION('center_axis',(-0.707106781186546,0.,0.707106781186549));
#5967=DIRECTION('ref_axis',(-0.707106781186549,0.,-0.707106781186546));
#5968=DIRECTION('',(-1.,1.3389705552815E-32,8.32667268468868E-17));
#5969=DIRECTION('',(1.,0.,-8.32667268468867E-17));
#5970=DIRECTION('center_axis',(1.,0.,-8.32667268468867E-17));
#5971=DIRECTION('ref_axis',(-1.07625154810404E-16,0.,-1.));
#5972=DIRECTION('center_axis',(-1.,0.,8.32667268468867E-17));
#5973=DIRECTION('ref_axis',(-1.07625154810404E-16,0.,-1.));
#5974=DIRECTION('center_axis',(-0.707106781186546,0.,0.707106781186549));
#5975=DIRECTION('ref_axis',(-0.707106781186549,0.,-0.707106781186546));
#5976=DIRECTION('center_axis',(1.,-1.83438966073566E-30,-8.32667268468871E-17));
#5977=DIRECTION('ref_axis',(0.,-0.630547667861632,-0.776150525706359));
#5978=DIRECTION('center_axis',(-0.707106781186546,0.,0.707106781186549));
#5979=DIRECTION('ref_axis',(-0.707106781186549,-1.47196168001604E-16,-0.707106781186546));
#5980=DIRECTION('',(1.,-1.83438966073566E-30,-8.32667268468871E-17));
#5981=DIRECTION('center_axis',(0.,1.,-2.2030284246777E-14));
#5982=DIRECTION('ref_axis',(8.32667268468867E-17,2.2030284246777E-14,1.));
#5983=DIRECTION('',(1.,0.,0.));
#5984=DIRECTION('',(0.707106781186549,1.55777633823631E-14,0.707106781186546));
#5985=DIRECTION('center_axis',(1.,0.,0.));
#5986=DIRECTION('ref_axis',(0.,-0.70710678118591,0.707106781187185));
#5987=DIRECTION('center_axis',(-1.,0.,0.));
#5988=DIRECTION('ref_axis',(0.,-0.70710678118591,0.707106781187185));
#5989=DIRECTION('center_axis',(1.,0.,0.));
#5990=DIRECTION('ref_axis',(0.,0.,-1.));
#5991=DIRECTION('center_axis',(-1.,0.,0.));
#5992=DIRECTION('ref_axis',(0.,0.707106781186551,0.707106781186544));
#5993=DIRECTION('',(0.,3.0285039198929E-15,1.));
#5994=DIRECTION('center_axis',(1.,0.,0.));
#5995=DIRECTION('ref_axis',(0.,0.707106781186551,0.707106781186544));
#5996=DIRECTION('',(1.,0.,0.));
#5997=DIRECTION('center_axis',(0.,-1.,3.0285039198929E-15));
#5998=DIRECTION('ref_axis',(-8.32667268468867E-17,-3.0285039198929E-15,
-1.));
#5999=DIRECTION('center_axis',(1.,0.,0.));
#6000=DIRECTION('ref_axis',(0.,0.,-1.));
#6001=DIRECTION('center_axis',(-0.707106781186548,0.707106781186548,-9.36150575725355E-13));
#6002=DIRECTION('ref_axis',(-1.32391684061418E-12,0.,1.));
#6003=DIRECTION('',(-0.707106781186547,-0.707106781186547,9.36403142359003E-13));
#6004=DIRECTION('center_axis',(1.,0.,0.));
#6005=DIRECTION('ref_axis',(0.,1.07024092318431E-6,-0.999999999999427));
#6006=DIRECTION('',(-0.707106781186548,-7.56774614467614E-7,0.707106781186142));
#6007=DIRECTION('center_axis',(-0.707106781186548,-1.77731767771483E-13,
-0.707106781186548));
#6008=DIRECTION('ref_axis',(-0.707106781186548,0.,0.707106781186548));
#6009=DIRECTION('',(-0.707106781186547,1.75850355372583E-13,0.707106781186548));
#6010=DIRECTION('center_axis',(-1.,0.,0.));
#6011=DIRECTION('ref_axis',(0.,2.38539347005146E-13,1.));
#6012=DIRECTION('',(-0.707106781186551,-0.707055457885356,0.00851935880947835));
#6013=DIRECTION('center_axis',(-1.,0.,0.));
#6014=DIRECTION('ref_axis',(0.,0.999927417891394,-0.0120481927710871));
#6015=DIRECTION('',(-0.707106781186547,0.707055457885363,0.00851935880926348));
#6016=DIRECTION('center_axis',(-1.,0.,0.));
#6017=DIRECTION('ref_axis',(0.,0.999927417891398,0.0120481927708054));
#6018=DIRECTION('',(-0.707106781186546,-3.61749302480741E-13,0.707106781186549));
#6019=DIRECTION('center_axis',(-0.707106781186548,3.61104926510633E-13,
-0.707106781186548));
#6020=DIRECTION('ref_axis',(-0.707106781186548,0.,0.707106781186548));
#6021=DIRECTION('',(-0.707106781186548,-3.61749302480742E-13,0.707106781186547));
#6022=DIRECTION('center_axis',(1.,0.,0.));
#6023=DIRECTION('ref_axis',(0.,-1.,1.50355918191954E-13));
#6024=DIRECTION('',(-0.707106781186547,0.707106781186547,-1.06138250207023E-13));
#6025=DIRECTION('center_axis',(-0.707106781186548,-0.707106781186548,1.05803756677222E-13));
#6026=DIRECTION('ref_axis',(1.4962910764295E-13,0.,1.));
#6027=DIRECTION('center_axis',(0.,-1.35436586365589E-15,-1.));
#6028=DIRECTION('ref_axis',(-1.12773612419783E-31,1.,-1.35436586365589E-15));
#6029=DIRECTION('center_axis',(1.,0.,0.));
#6030=DIRECTION('ref_axis',(0.,1.,0.));
#6031=DIRECTION('',(1.,0.,0.));
#6032=DIRECTION('center_axis',(0.707106781186546,0.,-0.707106781186549));
#6033=DIRECTION('ref_axis',(0.707106781186549,0.,0.707106781186546));
#6034=DIRECTION('center_axis',(0.707106781186546,0.,-0.707106781186549));
#6035=DIRECTION('ref_axis',(0.707106781186549,0.,0.707106781186546));
#6036=DIRECTION('center_axis',(0.,-1.,1.60804994502022E-16));
#6037=DIRECTION('ref_axis',(-8.32667268468867E-17,-1.60804994502022E-16,
-1.));
#6038=DIRECTION('',(-0.707106781186549,-1.13706302061045E-16,-0.707106781186546));
#6039=DIRECTION('center_axis',(1.,0.,0.));
#6040=DIRECTION('ref_axis',(0.,0.,-1.));
#6041=DIRECTION('center_axis',(1.,0.,-8.32667268468867E-17));
#6042=DIRECTION('ref_axis',(-1.07625154810404E-16,0.,-1.));
#6043=DIRECTION('center_axis',(1.,0.,-8.32667268468867E-17));
#6044=DIRECTION('ref_axis',(-1.07625154810404E-16,0.,-1.));
#6045=DIRECTION('center_axis',(1.,0.,-8.32667268468867E-17));
#6046=DIRECTION('ref_axis',(-1.07625154810404E-16,0.,-1.));
#6047=DIRECTION('center_axis',(1.,0.,-8.32667268468867E-17));
#6048=DIRECTION('ref_axis',(5.89082988833698E-17,1.22464679914735E-16,1.));
#6049=DIRECTION('center_axis',(1.,0.,-8.32667268468867E-17));
#6050=DIRECTION('ref_axis',(-1.07625154810404E-16,0.,-1.));
#6051=DIRECTION('center_axis',(1.,0.,-8.32667268468867E-17));
#6052=DIRECTION('ref_axis',(-1.07625154810404E-16,0.,-1.));
#6053=DIRECTION('center_axis',(0.707106781186546,0.,-0.707106781186549));
#6054=DIRECTION('ref_axis',(-0.707106781186549,0.,-0.707106781186546));
#6055=DIRECTION('center_axis',(-1.,0.,8.32667268468867E-17));
#6056=DIRECTION('ref_axis',(-9.61225638276321E-17,0.,-1.));
#6057=DIRECTION('center_axis',(0.707106781186546,0.,-0.707106781186549));
#6058=DIRECTION('ref_axis',(-0.707106781186549,0.,-0.707106781186546));
#6059=DIRECTION('center_axis',(-1.,0.,8.32667268468867E-17));
#6060=DIRECTION('ref_axis',(-9.61225638276321E-17,0.,-1.));
#6061=DIRECTION('center_axis',(1.,0.,-7.72329060609866E-16));
#6062=DIRECTION('ref_axis',(7.72329060609866E-16,0.,1.));
#6063=DIRECTION('',(0.,-1.,0.));
#6064=DIRECTION('center_axis',(1.,0.,-8.32667268468867E-17));
#6065=DIRECTION('ref_axis',(-1.07625154810404E-16,0.,-1.));
#6066=DIRECTION('center_axis',(0.,-1.,0.));
#6067=DIRECTION('ref_axis',(1.,0.,0.));
#6068=DIRECTION('center_axis',(-1.,0.,8.32667268468867E-17));
#6069=DIRECTION('ref_axis',(-9.61225638276321E-17,0.,-1.));
#6070=DIRECTION('center_axis',(-1.,0.,8.32667268468867E-17));
#6071=DIRECTION('ref_axis',(-9.61225638276321E-17,0.,-1.));
#6072=CARTESIAN_POINT('',(0.,0.,0.));
#6073=CARTESIAN_POINT('Origin',(32.5,-21.,7.50000000000003));
#6074=CARTESIAN_POINT('',(33.7500000000275,-30.0000000000275,7.49999999999258));
#6075=CARTESIAN_POINT('',(30.,-26.25,7.50000000000002));
#6076=CARTESIAN_POINT('',(32.5,-28.75,7.50000000000002));
#6077=CARTESIAN_POINT('',(35.,-30.0000000000187,12.4053542175529));
#6078=CARTESIAN_POINT('Ctrl Pts',(35.,-30.0000000000187,12.4053542175529));
#6079=CARTESIAN_POINT('Ctrl Pts',(33.7500000000226,-30.0000000000234,9.79341236145104));
#6080=CARTESIAN_POINT('Ctrl Pts',(33.7500000000275,-30.0000000000275,7.49999999999258));
#6081=CARTESIAN_POINT('',(35.,-11.8971896372019,12.2118301644835));
#6082=CARTESIAN_POINT('Origin',(35.,-21.,7.50000000000003));
#6083=CARTESIAN_POINT('',(30.,-16.0558549641271,5.7342339157597));
#6084=CARTESIAN_POINT('Ctrl Pts',(35.,-11.8971896372019,12.2118301644835));
#6085=CARTESIAN_POINT('Ctrl Pts',(34.4943468944432,-12.2756935300135,11.8430785088721));
#6086=CARTESIAN_POINT('Ctrl Pts',(33.9989052166145,-12.6370378444661,11.4566909443751));
#6087=CARTESIAN_POINT('Ctrl Pts',(32.6509076569388,-13.6068469675106,10.3180611682514));
#6088=CARTESIAN_POINT('Ctrl Pts',(31.8520270411271,-14.1595606715847,9.54697043815718));
#6089=CARTESIAN_POINT('Ctrl Pts',(30.876406162193,-14.9121425479814,8.2789912408058));
#6090=CARTESIAN_POINT('Ctrl Pts',(30.5906508205322,-15.1489359806585,7.84006850515639));
#6091=CARTESIAN_POINT('Ctrl Pts',(30.1541948254634,-15.6097810134939,6.87689442177234));
#6092=CARTESIAN_POINT('Ctrl Pts',(30.,-15.8343407649296,6.35447367351258));
#6093=CARTESIAN_POINT('Ctrl Pts',(30.,-16.0558549641271,5.7342339157597));
#6094=CARTESIAN_POINT('Origin',(30.,-21.,7.50000000000003));
#6095=CARTESIAN_POINT('Origin',(32.5,21.,7.50000000000002));
#6096=CARTESIAN_POINT('',(30.4391568739244,15.3108431260756,7.49999999994792));
#6097=CARTESIAN_POINT('',(30.,15.75,7.50000000000002));
#6098=CARTESIAN_POINT('',(32.5,13.25,7.50000000000002));
#6099=CARTESIAN_POINT('',(35.,11.8971896372019,12.2118301644835));
#6100=CARTESIAN_POINT('Ctrl Pts',(30.4391568739244,15.3108431260756,7.49999999989581));
#6101=CARTESIAN_POINT('Ctrl Pts',(30.648030285688,15.1019697143041,7.92640373868053));
#6102=CARTESIAN_POINT('Ctrl Pts',(30.908546084009,14.8873502099023,8.3207623356513));
#6103=CARTESIAN_POINT('Ctrl Pts',(31.8520270411271,14.1595606715848,9.54697043815717));
#6104=CARTESIAN_POINT('Ctrl Pts',(32.6509076569388,13.6068469675106,10.3180611682514));
#6105=CARTESIAN_POINT('Ctrl Pts',(33.9989052166145,12.6370378444661,11.4566909443751));
#6106=CARTESIAN_POINT('Ctrl Pts',(34.4943468944432,12.2756935300135,11.8430785088721));
#6107=CARTESIAN_POINT('Ctrl Pts',(35.,11.8971896372019,12.2118301644835));
#6108=CARTESIAN_POINT('',(35.,30.,12.4053542175872));
#6109=CARTESIAN_POINT('Origin',(35.,21.,7.50000000000002));
#6110=CARTESIAN_POINT('',(33.75,30.,7.49999999999901));
#6111=CARTESIAN_POINT('Ctrl Pts',(33.75,30.,7.49999999999901));
#6112=CARTESIAN_POINT('Ctrl Pts',(33.7499999999997,30.,9.79341236146881));
#6113=CARTESIAN_POINT('Ctrl Pts',(35.,30.,12.4053542175872));
#6114=CARTESIAN_POINT('',(35.,30.8020833333332,4.50305783732952));
#6115=CARTESIAN_POINT('Ctrl Pts',(33.75,30.,7.49999999999941));
#6116=CARTESIAN_POINT('Ctrl Pts',(33.75,29.9999999999999,6.96632054048973));
#6117=CARTESIAN_POINT('Ctrl Pts',(33.8779806620182,30.0757114610522,6.41662837282119));
#6118=CARTESIAN_POINT('Ctrl Pts',(34.3192860241203,30.3507515644909,5.41268685872367));
#6119=CARTESIAN_POINT('Ctrl Pts',(34.6273517567863,30.5488444479668,4.95579626901428));
#6120=CARTESIAN_POINT('Ctrl Pts',(34.958735776333,30.7739290722541,4.55229115485657));
#6121=CARTESIAN_POINT('Ctrl Pts',(34.9792748451304,30.7879211441723,4.52762083357039));
#6122=CARTESIAN_POINT('Ctrl Pts',(35.,30.8020833333332,4.50305783732952));
#6123=CARTESIAN_POINT('',(35.,16.9415187827566,-1.91229144306966));
#6124=CARTESIAN_POINT('Origin',(35.,21.,7.50000000000002));
#6125=CARTESIAN_POINT('',(30.,16.0558549641271,5.7342339157597));
#6126=CARTESIAN_POINT('Ctrl Pts',(35.,16.9415187827566,-1.91229144306967));
#6127=CARTESIAN_POINT('Ctrl Pts',(34.4943468944432,17.0007899768072,-1.3871915421504));
#6128=CARTESIAN_POINT('Ctrl Pts',(33.9989052166145,17.0356117810689,-0.859316078112536));
#6129=CARTESIAN_POINT('Ctrl Pts',(32.6509076569388,17.0647031447942,0.63606387185744));
#6130=CARTESIAN_POINT('Ctrl Pts',(31.8520270411271,17.0038947338597,1.58283506378729));
#6131=CARTESIAN_POINT('Ctrl Pts',(30.876406162193,16.7829644770029,3.04068983954575));
#6132=CARTESIAN_POINT('Ctrl Pts',(30.5906508205322,16.6881341330973,3.53031367832786));
#6133=CARTESIAN_POINT('Ctrl Pts',(30.1541948254634,16.4345600559076,4.56751310301392));
#6134=CARTESIAN_POINT('Ctrl Pts',(30.,16.2773691633246,5.1139941580068));
#6135=CARTESIAN_POINT('Ctrl Pts',(30.,16.0558549641271,5.73423391575968));
#6136=CARTESIAN_POINT('Origin',(30.,21.,7.50000000000002));
#6137=CARTESIAN_POINT('Origin',(30.5,-21.,7.50000000000003));
#6138=CARTESIAN_POINT('',(30.,-25.,7.50000000000003));
#6139=CARTESIAN_POINT('Origin',(30.,-21.,7.50000000000003));
#6140=CARTESIAN_POINT('',(31.,-24.,7.50000000000003));
#6141=CARTESIAN_POINT('',(30.5,-24.5,7.50000000000003));
#6142=CARTESIAN_POINT('Origin',(31.,-21.,7.50000000000003));
#6143=CARTESIAN_POINT('Origin',(31.,-2.22044604925031E-15,7.50000000000003));
#6144=CARTESIAN_POINT('',(31.,-23.1,7.50000000000003));
#6145=CARTESIAN_POINT('Origin',(31.,-21.,7.50000000000003));
#6146=CARTESIAN_POINT('Origin',(30.5,21.,7.50000000000003));
#6147=CARTESIAN_POINT('',(30.,17.,7.50000000000003));
#6148=CARTESIAN_POINT('Origin',(30.,21.,7.50000000000003));
#6149=CARTESIAN_POINT('',(31.,18.,7.50000000000003));
#6150=CARTESIAN_POINT('',(30.5,17.5,7.50000000000003));
#6151=CARTESIAN_POINT('Origin',(31.,21.,7.50000000000003));
#6152=CARTESIAN_POINT('Origin',(31.,-2.22044604925031E-15,7.50000000000003));
#6153=CARTESIAN_POINT('',(31.,18.9,7.50000000000003));
#6154=CARTESIAN_POINT('Origin',(31.,21.,7.50000000000003));
#6155=CARTESIAN_POINT('Origin',(22.5,0.,0.));
#6156=CARTESIAN_POINT('',(22.5,15.2663846407723,40.9999999999999));
#6157=CARTESIAN_POINT('',(22.5,-15.2663846407723,40.9999999999999));
#6158=CARTESIAN_POINT('Origin',(22.5,0.,2.77555756156289E-16));
#6159=CARTESIAN_POINT('',(22.5,2.82842712474649,40.9999999999999));
#6160=CARTESIAN_POINT('',(22.5,0.,40.9999999999999));
#6161=CARTESIAN_POINT('',(22.5,-2.82842712474596,40.9999999999999));
#6162=CARTESIAN_POINT('Origin',(22.5,2.647881913731E-13,40.));
#6163=CARTESIAN_POINT('',(22.5,0.,40.9999999999999));
#6164=CARTESIAN_POINT('Origin',(20.625,0.,2.77555756156289E-16));
#6165=CARTESIAN_POINT('',(20.,-21.4023947258247,40.9999999999999));
#6166=CARTESIAN_POINT('Ctrl Pts',(22.5,-15.2663846407723,40.9999999999999));
#6167=CARTESIAN_POINT('Ctrl Pts',(21.4591701097992,-18.2491673210061,40.9999999999999));
#6168=CARTESIAN_POINT('Ctrl Pts',(20.,-21.4023947258247,40.9999999999999));
#6169=CARTESIAN_POINT('',(20.,21.4023947258247,40.9999999999999));
#6170=CARTESIAN_POINT('Origin',(20.,0.,2.77555756156289E-16));
#6171=CARTESIAN_POINT('Ctrl Pts',(20.,21.4023947258247,40.9999999999999));
#6172=CARTESIAN_POINT('Ctrl Pts',(21.4591701097992,18.2491673210061,40.9999999999999));
#6173=CARTESIAN_POINT('Ctrl Pts',(22.5,15.2663846407723,40.9999999999999));
#6174=CARTESIAN_POINT('Origin',(22.95,2.647881913731E-13,40.));
#6175=CARTESIAN_POINT('',(23.3999999973008,-2.05426385605187,40.4358899055012));
#6176=CARTESIAN_POINT('Ctrl Pts',(23.3999999956584,-2.05426386095316,40.4358899033191));
#6177=CARTESIAN_POINT('Ctrl Pts',(23.3787794044324,-2.0666598876465,40.4797049397901));
#6178=CARTESIAN_POINT('Ctrl Pts',(23.3549182421211,-2.08116908389134,40.5206972561589));
#6179=CARTESIAN_POINT('Ctrl Pts',(23.2666703553771,-2.13756437773205,40.6519669725016));
#6180=CARTESIAN_POINT('Ctrl Pts',(23.1854391483852,-2.19468800420289,40.736202334922));
#6181=CARTESIAN_POINT('Ctrl Pts',(23.0112083216702,-2.33346401339854,40.8663065831227));
#6182=CARTESIAN_POINT('Ctrl Pts',(22.918413067076,-2.41485345429332,40.9127288132465));
#6183=CARTESIAN_POINT('Ctrl Pts',(22.7248649094245,-2.59590117773662,40.9811584206273));
#6184=CARTESIAN_POINT('Ctrl Pts',(22.6118120971231,-2.70983248660431,40.9999999999999));
#6185=CARTESIAN_POINT('Ctrl Pts',(22.5,-2.82842712474596,40.9999999999999));
#6186=CARTESIAN_POINT('',(23.3999999973008,2.0542638560524,40.4358899055012));
#6187=CARTESIAN_POINT('Ctrl Pts',(22.5,2.82842712474649,40.9999999999999));
#6188=CARTESIAN_POINT('Ctrl Pts',(22.6118120968917,2.70983248685031,40.9999999999999));
#6189=CARTESIAN_POINT('Ctrl Pts',(22.7248649095886,2.59590117758366,40.9811584205693));
#6190=CARTESIAN_POINT('Ctrl Pts',(22.8333333333335,2.49443825784942,40.9428090415819));
#6191=CARTESIAN_POINT('Ctrl Pts',(22.918413067076,2.41485345429385,40.9127288132465));
#6192=CARTESIAN_POINT('Ctrl Pts',(23.0112083216702,2.33346401339907,40.8663065831227));
#6193=CARTESIAN_POINT('Ctrl Pts',(23.1854391483852,2.19468800420342,40.736202334922));
#6194=CARTESIAN_POINT('Ctrl Pts',(23.2666703553771,2.13756437773258,40.6519669725016));
#6195=CARTESIAN_POINT('Ctrl Pts',(23.3549182421211,2.08116908389187,40.5206972561589));
#6196=CARTESIAN_POINT('Ctrl Pts',(23.3787794044324,2.06665988764702,40.4797049397901));
#6197=CARTESIAN_POINT('Ctrl Pts',(23.3999999956584,2.05426386095369,40.4358899033191));
#6198=CARTESIAN_POINT('Origin',(23.4,2.647881913731E-13,40.));
#6199=CARTESIAN_POINT('Origin',(22.5,0.,39.9999999999993));
#6200=CARTESIAN_POINT('',(23.5000000000006,-2.09999999999974,39.9999999999997));
#6201=CARTESIAN_POINT('Ctrl Pts',(23.5000000000006,-2.09999999999973,39.9999999999993));
#6202=CARTESIAN_POINT('Ctrl Pts',(23.5000000000006,-2.09999999999978,40.1277190892453));
#6203=CARTESIAN_POINT('Ctrl Pts',(23.4740575729724,-2.08726549711316,40.262602277751));
#6204=CARTESIAN_POINT('Ctrl Pts',(23.4155874486153,-2.06113074078494,40.4025415557237));
#6205=CARTESIAN_POINT('Ctrl Pts',(23.4080140609264,-2.0577749238395,40.4193429298109));
#6206=CARTESIAN_POINT('Ctrl Pts',(23.3999999950964,-2.05426385626865,40.4358899044795));
#6207=CARTESIAN_POINT('',(23.3999999973008,-2.05426385605156,39.5641100944974));
#6208=CARTESIAN_POINT('Ctrl Pts',(23.3999999950963,-2.05426385626834,39.5641100955191));
#6209=CARTESIAN_POINT('Ctrl Pts',(23.4080140609264,-2.0577749238392,39.5806570701876));
#6210=CARTESIAN_POINT('Ctrl Pts',(23.4155874486153,-2.06113074078466,39.5974584442748));
#6211=CARTESIAN_POINT('Ctrl Pts',(23.4740575729724,-2.08726549711297,39.7373977222476));
#6212=CARTESIAN_POINT('Ctrl Pts',(23.5000000000006,-2.09999999999969,39.8722809107533));
#6213=CARTESIAN_POINT('Ctrl Pts',(23.5000000000006,-2.09999999999974,39.9999999999993));
#6214=CARTESIAN_POINT('',(22.5,-2.82842712474545,38.9999999999987));
#6215=CARTESIAN_POINT('Ctrl Pts',(22.5,-2.82842712474546,38.9999999999987));
#6216=CARTESIAN_POINT('Ctrl Pts',(22.6118120968918,-2.7098324868491,38.9999999999987));
#6217=CARTESIAN_POINT('Ctrl Pts',(22.7248649095889,-2.59590117758228,39.0188415794294));
#6218=CARTESIAN_POINT('Ctrl Pts',(22.833333333334,-2.49443825784792,39.0571909584168));
#6219=CARTESIAN_POINT('Ctrl Pts',(22.9184130670764,-2.41485345429239,39.0872711867523));
#6220=CARTESIAN_POINT('Ctrl Pts',(23.0112083216706,-2.33346401339767,39.1336934168761));
#6221=CARTESIAN_POINT('Ctrl Pts',(23.1854391483855,-2.19468800420217,39.2637976650769));
#6222=CARTESIAN_POINT('Ctrl Pts',(23.2666703553774,-2.13756437773142,39.3480330274973));
#6223=CARTESIAN_POINT('Ctrl Pts',(23.3549182421213,-2.08116908389089,39.47930274384));
#6224=CARTESIAN_POINT('Ctrl Pts',(23.3787794044324,-2.06665988764612,39.5202950602087));
#6225=CARTESIAN_POINT('Ctrl Pts',(23.3999999956584,-2.05426386095286,39.5641100966795));
#6226=CARTESIAN_POINT('',(22.5,-19.825803892907,38.9999999999999));
#6227=CARTESIAN_POINT('',(22.5,0.,38.9999999999987));
#6228=CARTESIAN_POINT('',(22.5,-26.6154937258802,38.9999999999987));
#6229=CARTESIAN_POINT('',(22.5,0.,38.9999999999999));
#6230=CARTESIAN_POINT('',(22.5,-23.4843699103844,40.9999999999999));
#6231=CARTESIAN_POINT('Ctrl Pts',(22.5,-23.4843699103844,40.9999999999999));
#6232=CARTESIAN_POINT('Ctrl Pts',(22.7341772899221,-23.4843699103844,40.9999999999999));
#6233=CARTESIAN_POINT('Ctrl Pts',(22.9431257311863,-23.564405131732,40.9123221796309));
#6234=CARTESIAN_POINT('Ctrl Pts',(23.2148101761792,-23.7665038575591,40.716318573437));
#6235=CARTESIAN_POINT('Ctrl Pts',(23.2986200806667,-23.8869116576076,40.6093177478713));
#6236=CARTESIAN_POINT('Ctrl Pts',(23.462803616267,-24.21435661787,40.3378571493277));
#6237=CARTESIAN_POINT('Ctrl Pts',(23.4972284235711,-24.4476519789833,40.166609914855));
#6238=CARTESIAN_POINT('Ctrl Pts',(23.5010252406974,-24.9131401410762,39.8505994544183));
#6239=CARTESIAN_POINT('Ctrl Pts',(23.4646190225508,-25.1449833080198,39.7064661997197));
#6240=CARTESIAN_POINT('Ctrl Pts',(23.3577602527407,-25.5492300658404,39.4707738383972));
#6241=CARTESIAN_POINT('Ctrl Pts',(23.2784468410561,-25.7584985608271,39.3573964855953));
#6242=CARTESIAN_POINT('Ctrl Pts',(23.0753745501961,-26.1397699703868,39.170282289268));
#6243=CARTESIAN_POINT('Ctrl Pts',(22.9506438642541,-26.3117738489296,39.0973855009725));
#6244=CARTESIAN_POINT('Ctrl Pts',(22.7607531711455,-26.495233337173,39.0319672557076));
#6245=CARTESIAN_POINT('Ctrl Pts',(22.689506716822,-26.5485440457937,39.0161124707935));
#6246=CARTESIAN_POINT('Ctrl Pts',(22.5736172276701,-26.607510137427,39.0011039430022));
#6247=CARTESIAN_POINT('Ctrl Pts',(22.5346998437245,-26.6154937258802,38.9999999999987));
#6248=CARTESIAN_POINT('Ctrl Pts',(22.5,-26.6154937258802,38.9999999999987));
#6249=CARTESIAN_POINT('',(22.5,0.,40.9999999999999));
#6250=CARTESIAN_POINT('Origin',(0.,2.647881913731E-13,40.));
#6251=CARTESIAN_POINT('',(23.3999999973008,2.05426385605209,39.5641100944974));
#6252=CARTESIAN_POINT('Ctrl Pts',(23.3999999950964,2.05426385626918,40.4358899044795));
#6253=CARTESIAN_POINT('Ctrl Pts',(23.4080140609264,2.05777492384003,40.4193429298109));
#6254=CARTESIAN_POINT('Ctrl Pts',(23.4155874486153,2.06113074078547,40.4025415557237));
#6255=CARTESIAN_POINT('Ctrl Pts',(23.4740575729724,2.08726549711369,40.262602277751));
#6256=CARTESIAN_POINT('Ctrl Pts',(23.5000000000006,2.10000000000031,40.1277190892453));
#6257=CARTESIAN_POINT('Ctrl Pts',(23.5000000000006,2.10000000000022,39.8722809107533));
#6258=CARTESIAN_POINT('Ctrl Pts',(23.4740575729724,2.0872654971135,39.7373977222476));
#6259=CARTESIAN_POINT('Ctrl Pts',(23.4155874486153,2.06113074078519,39.5974584442748));
#6260=CARTESIAN_POINT('Ctrl Pts',(23.4080140609264,2.05777492383974,39.5806570701876));
#6261=CARTESIAN_POINT('Ctrl Pts',(23.3999999950963,2.05426385626888,39.5641100955191));
#6262=CARTESIAN_POINT('Origin',(23.4,2.647881913731E-13,40.));
#6263=CARTESIAN_POINT('',(32.6,-2.09999999999974,40.));
#6264=CARTESIAN_POINT('',(0.,-2.09999999999974,40.));
#6265=CARTESIAN_POINT('',(32.6,2.647881913731E-13,37.9));
#6266=CARTESIAN_POINT('Origin',(32.6,2.647881913731E-13,40.));
#6267=CARTESIAN_POINT('',(32.6,2.10000000000027,40.));
#6268=CARTESIAN_POINT('Origin',(32.6,2.647881913731E-13,40.));
#6269=CARTESIAN_POINT('',(32.6,2.647881913731E-13,42.1));
#6270=CARTESIAN_POINT('Origin',(32.6,2.647881913731E-13,40.));
#6271=CARTESIAN_POINT('Origin',(32.6,2.647881913731E-13,40.));
#6272=CARTESIAN_POINT('Origin',(22.95,2.647881913731E-13,40.));
#6273=CARTESIAN_POINT('',(22.5,2.82842712474598,38.9999999999987));
#6274=CARTESIAN_POINT('Ctrl Pts',(23.3999999956584,2.05426386095339,39.5641100966795));
#6275=CARTESIAN_POINT('Ctrl Pts',(23.3787794044324,2.06665988764665,39.5202950602087));
#6276=CARTESIAN_POINT('Ctrl Pts',(23.3549182421213,2.08116908389142,39.47930274384));
#6277=CARTESIAN_POINT('Ctrl Pts',(23.2666703553774,2.13756437773195,39.3480330274973));
#6278=CARTESIAN_POINT('Ctrl Pts',(23.1854391483855,2.1946880042027,39.2637976650769));
#6279=CARTESIAN_POINT('Ctrl Pts',(23.0112083216706,2.33346401339821,39.1336934168761));
#6280=CARTESIAN_POINT('Ctrl Pts',(22.9184130670764,2.41485345429292,39.0872711867523));
#6281=CARTESIAN_POINT('Ctrl Pts',(22.7248649094248,2.5959011777363,39.0188415793714));
#6282=CARTESIAN_POINT('Ctrl Pts',(22.6118120971233,2.70983248660415,38.9999999999987));
#6283=CARTESIAN_POINT('Ctrl Pts',(22.5,2.82842712474598,38.9999999999987));
#6284=CARTESIAN_POINT('Origin',(22.5,2.647881913731E-13,40.));
#6285=CARTESIAN_POINT('Origin',(0.,21.,7.50000000000003));
#6286=CARTESIAN_POINT('',(32.6,18.9,7.50000000000003));
#6287=CARTESIAN_POINT('',(0.,18.9,7.50000000000003));
#6288=CARTESIAN_POINT('',(32.6,19.0223419856507,6.79369356630441));
#6289=CARTESIAN_POINT('Origin',(32.6,21.,7.50000000000003));
#6290=CARTESIAN_POINT('',(32.6,21.7063064336956,5.52234198565068));
#6291=CARTESIAN_POINT('Origin',(32.6,21.,7.50000000000003));
#6292=CARTESIAN_POINT('',(32.6,22.9776580143493,8.20630643369564));
#6293=CARTESIAN_POINT('Origin',(32.6,21.,7.50000000000003));
#6294=CARTESIAN_POINT('',(32.6,20.2936935663044,9.47765801434938));
#6295=CARTESIAN_POINT('Origin',(32.6,21.,7.50000000000003));
#6296=CARTESIAN_POINT('Origin',(32.6,21.,7.50000000000003));
#6297=CARTESIAN_POINT('Origin',(30.,0.,7.50000000000003));
#6298=CARTESIAN_POINT('Origin',(30.,21.,7.50000000000002));
#6299=CARTESIAN_POINT('Origin',(0.,-21.,7.50000000000003));
#6300=CARTESIAN_POINT('',(32.6,-23.1,7.50000000000003));
#6301=CARTESIAN_POINT('',(0.,-23.1,7.50000000000003));
#6302=CARTESIAN_POINT('',(32.6,-21.7063064336956,5.52234198565069));
#6303=CARTESIAN_POINT('Origin',(32.6,-21.,7.50000000000003));
#6304=CARTESIAN_POINT('',(32.6,-19.0223419856506,6.79369356630441));
#6305=CARTESIAN_POINT('Origin',(32.6,-21.,7.50000000000003));
#6306=CARTESIAN_POINT('',(32.6,-20.2936935663044,9.47765801434937));
#6307=CARTESIAN_POINT('Origin',(32.6,-21.,7.50000000000003));
#6308=CARTESIAN_POINT('',(32.6,-22.9776580143494,8.20630643369564));
#6309=CARTESIAN_POINT('Origin',(32.6,-21.,7.50000000000003));
#6310=CARTESIAN_POINT('Origin',(32.6,-21.,7.50000000000003));
#6311=CARTESIAN_POINT('Origin',(30.,0.,7.50000000000003));
#6312=CARTESIAN_POINT('Origin',(30.,-21.,7.50000000000003));
#6313=CARTESIAN_POINT('Origin',(20.,27.0700029190637,38.8562085193666));
#6314=CARTESIAN_POINT('',(20.,27.5245121122489,38.7124170387333));
#6315=CARTESIAN_POINT('',(20.,26.6154937258784,38.9999999999999));
#6316=CARTESIAN_POINT('',(20.,20.3536294875939,40.9810440445385));
#6317=CARTESIAN_POINT('',(22.5,26.6154937258784,38.9999999999999));
#6318=CARTESIAN_POINT('',(20.,26.6154937258784,38.9999999999999));
#6319=CARTESIAN_POINT('',(22.5,27.5245121122489,38.7124170387333));
#6320=CARTESIAN_POINT('',(22.5,26.6154937258784,38.9999999999999));
#6321=CARTESIAN_POINT('',(20.,27.5245121122489,38.7124170387333));
#6322=CARTESIAN_POINT('Ctrl Pts',(22.5,27.5245121122507,38.7124170387321));
#6323=CARTESIAN_POINT('Ctrl Pts',(22.7317660984677,27.5245121122507,38.7124170387321));
#6324=CARTESIAN_POINT('Ctrl Pts',(22.956038237584,27.458609817837,38.759357881239));
#6325=CARTESIAN_POINT('Ctrl Pts',(23.3027950945018,27.2693828230281,38.8927505711713));
#6326=CARTESIAN_POINT('Ctrl Pts',(23.4341319113557,27.1497458958219,38.9764246116211));
#6327=CARTESIAN_POINT('Ctrl Pts',(23.7167605880794,26.8205144176729,39.2043429612948));
#6328=CARTESIAN_POINT('Ctrl Pts',(23.8278572729497,26.5807527123247,39.3675115510721));
#6329=CARTESIAN_POINT('Ctrl Pts',(23.9715560625135,26.093572617758,39.6921082930481));
#6330=CARTESIAN_POINT('Ctrl Pts',(23.9995449100529,25.8455326194196,39.8539097129607));
#6331=CARTESIAN_POINT('Ctrl Pts',(23.9994885524373,25.3774423816807,40.1536905023229));
#6332=CARTESIAN_POINT('Ctrl Pts',(23.9683517393709,25.116247351261,40.3177235550954));
#6333=CARTESIAN_POINT('Ctrl Pts',(23.8217757620789,24.5989080714043,40.6354200058529));
#6334=CARTESIAN_POINT('Ctrl Pts',(23.7119173139659,24.3428354211049,40.789128484188));
#6335=CARTESIAN_POINT('Ctrl Pts',(23.4401824249785,23.9860295379653,40.999287203973));
#6336=CARTESIAN_POINT('Ctrl Pts',(23.3171806053406,23.8555354766621,41.0753099738371));
#6337=CARTESIAN_POINT('Ctrl Pts',(22.9806497428048,23.6376681694192,41.2010516428495));
#6338=CARTESIAN_POINT('Ctrl Pts',(22.7512844033023,23.5514681666487,41.2501920867464));
#6339=CARTESIAN_POINT('Ctrl Pts',(22.5,23.5514681666487,41.2501920867464));
#6340=CARTESIAN_POINT('Ctrl Pts',(22.5,27.2215059834605,38.8082780258209));
#6341=CARTESIAN_POINT('Ctrl Pts',(22.6649335932327,27.2211866568185,38.8085251358024));
#6342=CARTESIAN_POINT('Ctrl Pts',(22.8282252731385,27.1747373177278,38.840085484327));
#6343=CARTESIAN_POINT('Ctrl Pts',(23.0983233901718,27.0291221664427,38.933838261833));
#6344=CARTESIAN_POINT('Ctrl Pts',(23.2092339774063,26.9315010463005,38.9950456537553));
#6345=CARTESIAN_POINT('Ctrl Pts',(23.4616721123984,26.65085622434,39.1686537767465));
#6346=CARTESIAN_POINT('Ctrl Pts',(23.576964253598,26.433737144018,39.3017931311953));
#6347=CARTESIAN_POINT('Ctrl Pts',(23.7404178911731,25.9818141005469,39.5805895784007));
#6348=CARTESIAN_POINT('Ctrl Pts',(23.7856474653561,25.7467213804194,39.7262280883054));
#6349=CARTESIAN_POINT('Ctrl Pts',(23.8211267228946,25.2999385341979,40.004663481216));
#6350=CARTESIAN_POINT('Ctrl Pts',(23.8126177808943,25.0485259796281,40.1620508086088));
#6351=CARTESIAN_POINT('Ctrl Pts',(23.7136180070773,24.5484731112915,40.4792036626435));
#6352=CARTESIAN_POINT('Ctrl Pts',(23.6289359076328,24.2999950051153,40.6387850295449));
#6353=CARTESIAN_POINT('Ctrl Pts',(23.3931064231676,23.9529905626929,40.8693418076853));
#6354=CARTESIAN_POINT('Ctrl Pts',(23.2831268974711,23.8258611613712,40.9556937954507));
#6355=CARTESIAN_POINT('Ctrl Pts',(22.9682588511388,23.6132419744371,41.1048695227541));
#6356=CARTESIAN_POINT('Ctrl Pts',(22.7459872925428,23.529091754464,41.1668755370625));
#6357=CARTESIAN_POINT('Ctrl Pts',(22.5,23.5291020812273,41.1667947244976));
#6358=CARTESIAN_POINT('Ctrl Pts',(22.5,26.9184998546704,38.9041390129098));
#6359=CARTESIAN_POINT('Ctrl Pts',(22.6015323489594,26.9188191813124,38.9038919029284));
#6360=CARTESIAN_POINT('Ctrl Pts',(22.7014301921194,26.8913826375343,38.920376339914));
#6361=CARTESIAN_POINT('Ctrl Pts',(22.8939784211586,26.7888047023777,38.9750247801304));
#6362=CARTESIAN_POINT('Ctrl Pts',(22.9856511051087,26.7134781866833,39.0133462135761));
#6363=CARTESIAN_POINT('Ctrl Pts',(23.2057323399372,26.4814320422842,39.1330746855054));
#6364=CARTESIAN_POINT('Ctrl Pts',(23.3262675696689,26.2867855385121,39.2360007092252));
#6365=CARTESIAN_POINT('Ctrl Pts',(23.5095850122406,25.8702570783917,39.4689152000579));
#6366=CARTESIAN_POINT('Ctrl Pts',(23.5716576973992,25.648041305009,39.5984554629519));
#6367=CARTESIAN_POINT('Ctrl Pts',(23.6429808520413,25.2224871556724,39.8554932207299));
#6368=CARTESIAN_POINT('Ctrl Pts',(23.6567591991437,24.9808615130701,40.0062722006711));
#6369=CARTESIAN_POINT('Ctrl Pts',(23.6053861785481,24.4980869389071,40.3228262582009));
#6370=CARTESIAN_POINT('Ctrl Pts',(23.5457850225883,24.2571970338815,40.4882006039602));
#6371=CARTESIAN_POINT('Ctrl Pts',(23.3456960824718,23.9199506328689,40.7392631441686));
#6372=CARTESIAN_POINT('Ctrl Pts',(23.248863884045,23.7961781728492,40.8359347518255));
#6373=CARTESIAN_POINT('Ctrl Pts',(22.9555166228517,23.5888313267131,41.0085042997274));
#6374=CARTESIAN_POINT('Ctrl Pts',(22.7394744006815,23.5067463225692,41.0833165496839));
#6375=CARTESIAN_POINT('Ctrl Pts',(22.5,23.5067359958059,41.0833973622487));
#6376=CARTESIAN_POINT('Ctrl Pts',(22.5,26.6154937258802,38.9999999999987));
#6377=CARTESIAN_POINT('Ctrl Pts',(22.5346998437245,26.6154937258802,38.9999999999987));
#6378=CARTESIAN_POINT('Ctrl Pts',(22.5736172276739,26.607510137425,39.001103943002));
#6379=CARTESIAN_POINT('Ctrl Pts',(22.6895067168286,26.5485440457923,39.016112470792));
#6380=CARTESIAN_POINT('Ctrl Pts',(22.7607531711592,26.4952333371619,39.0319672557103));
#6381=CARTESIAN_POINT('Ctrl Pts',(22.9506438642562,26.3117738489513,39.0973855009571));
#6382=CARTESIAN_POINT('Ctrl Pts',(23.0753745503171,26.1397699702054,39.1702822893485));
#6383=CARTESIAN_POINT('Ctrl Pts',(23.2784468409002,25.7584985611806,39.3573964854105));
#6384=CARTESIAN_POINT('Ctrl Pts',(23.3577602527025,25.5492300660088,39.4707738382966));
#6385=CARTESIAN_POINT('Ctrl Pts',(23.4646190224986,25.1449833081896,39.706466199623));
#6386=CARTESIAN_POINT('Ctrl Pts',(23.501025240667,24.9131401414372,39.8505994541846));
#6387=CARTESIAN_POINT('Ctrl Pts',(23.4972284235464,24.4476519787943,40.1666099149915));
#6388=CARTESIAN_POINT('Ctrl Pts',(23.4628036162551,24.2143566178919,40.3378571493171));
#6389=CARTESIAN_POINT('Ctrl Pts',(23.2986200806608,23.8869116575965,40.609317747881));
#6390=CARTESIAN_POINT('Ctrl Pts',(23.2148101761755,23.7665038575583,40.716318573439));
#6391=CARTESIAN_POINT('Ctrl Pts',(22.9431257311858,23.5644051317309,40.9123221796321));
#6392=CARTESIAN_POINT('Ctrl Pts',(22.734177289922,23.4843699103845,40.9999999999999));
#6393=CARTESIAN_POINT('Ctrl Pts',(22.5,23.4843699103845,40.9999999999999));
#6394=CARTESIAN_POINT('',(22.5,23.4843699103845,40.9999999999999));
#6395=CARTESIAN_POINT('',(22.5,23.5514681666487,41.2501920867464));
#6396=CARTESIAN_POINT('',(22.5,23.4843699103845,40.9999999999999));
#6397=CARTESIAN_POINT('Ctrl Pts',(22.5,23.5514681666487,41.2501920867464));
#6398=CARTESIAN_POINT('Ctrl Pts',(22.7512844033023,23.5514681666487,41.2501920867464));
#6399=CARTESIAN_POINT('Ctrl Pts',(22.9806497428048,23.6376681694192,41.2010516428495));
#6400=CARTESIAN_POINT('Ctrl Pts',(23.3171806053406,23.8555354766621,41.0753099738371));
#6401=CARTESIAN_POINT('Ctrl Pts',(23.4401824249785,23.9860295379653,40.999287203973));
#6402=CARTESIAN_POINT('Ctrl Pts',(23.7119173139659,24.3428354211049,40.789128484188));
#6403=CARTESIAN_POINT('Ctrl Pts',(23.8217757620789,24.5989080714043,40.6354200058529));
#6404=CARTESIAN_POINT('Ctrl Pts',(23.9683517393709,25.116247351261,40.3177235550954));
#6405=CARTESIAN_POINT('Ctrl Pts',(23.9994885524373,25.3774423816807,40.1536905023229));
#6406=CARTESIAN_POINT('Ctrl Pts',(23.9995449100529,25.8455326194196,39.8539097129607));
#6407=CARTESIAN_POINT('Ctrl Pts',(23.9715560625135,26.093572617758,39.6921082930481));
#6408=CARTESIAN_POINT('Ctrl Pts',(23.8278572729497,26.5807527123247,39.3675115510721));
#6409=CARTESIAN_POINT('Ctrl Pts',(23.7167605880794,26.8205144176729,39.2043429612948));
#6410=CARTESIAN_POINT('Ctrl Pts',(23.4341319113557,27.1497458958219,38.9764246116211));
#6411=CARTESIAN_POINT('Ctrl Pts',(23.3027950945018,27.2693828230281,38.8927505711713));
#6412=CARTESIAN_POINT('Ctrl Pts',(22.956038237584,27.458609817837,38.759357881239));
#6413=CARTESIAN_POINT('Ctrl Pts',(22.7317660984677,27.5245121122507,38.7124170387321));
#6414=CARTESIAN_POINT('Ctrl Pts',(22.5,27.5245121122507,38.7124170387321));
#6415=CARTESIAN_POINT('Ctrl Pts',(22.5,26.6154937258802,38.9999999999987));
#6416=CARTESIAN_POINT('Ctrl Pts',(22.5346998437245,26.6154937258802,38.9999999999987));
#6417=CARTESIAN_POINT('Ctrl Pts',(22.5736172276739,26.607510137425,39.001103943002));
#6418=CARTESIAN_POINT('Ctrl Pts',(22.6895067168286,26.5485440457923,39.016112470792));
#6419=CARTESIAN_POINT('Ctrl Pts',(22.7607531711592,26.4952333371619,39.0319672557103));
#6420=CARTESIAN_POINT('Ctrl Pts',(22.9506438642562,26.3117738489513,39.0973855009571));
#6421=CARTESIAN_POINT('Ctrl Pts',(23.0753745503171,26.1397699702054,39.1702822893485));
#6422=CARTESIAN_POINT('Ctrl Pts',(23.2784468409002,25.7584985611806,39.3573964854105));
#6423=CARTESIAN_POINT('Ctrl Pts',(23.3577602527025,25.5492300660088,39.4707738382966));
#6424=CARTESIAN_POINT('Ctrl Pts',(23.4646190224986,25.1449833081896,39.706466199623));
#6425=CARTESIAN_POINT('Ctrl Pts',(23.501025240667,24.9131401414372,39.8505994541846));
#6426=CARTESIAN_POINT('Ctrl Pts',(23.4972284235464,24.4476519787943,40.1666099149915));
#6427=CARTESIAN_POINT('Ctrl Pts',(23.4628036162551,24.2143566178919,40.3378571493171));
#6428=CARTESIAN_POINT('Ctrl Pts',(23.2986200806608,23.8869116575965,40.609317747881));
#6429=CARTESIAN_POINT('Ctrl Pts',(23.2148101761755,23.7665038575583,40.716318573439));
#6430=CARTESIAN_POINT('Ctrl Pts',(22.9431257311858,23.5644051317309,40.9123221796321));
#6431=CARTESIAN_POINT('Ctrl Pts',(22.734177289922,23.4843699103845,40.9999999999999));
#6432=CARTESIAN_POINT('Ctrl Pts',(22.5,23.4843699103845,40.9999999999999));
#6433=CARTESIAN_POINT('Origin',(20.,23.5179190385166,41.1250960433732));
#6434=CARTESIAN_POINT('',(20.,23.4843699103844,40.9999999999999));
#6435=CARTESIAN_POINT('',(20.,23.5514681666487,41.2501920867464));
#6436=CARTESIAN_POINT('',(20.,17.584326560919,19.0002605182013));
#6437=CARTESIAN_POINT('',(20.,23.5514681666487,41.2501920867464));
#6438=CARTESIAN_POINT('',(20.,23.4843699103844,40.9999999999999));
#6439=CARTESIAN_POINT('Origin',(20.,0.,0.));
#6440=CARTESIAN_POINT('',(20.,0.,40.9999999999999));
#6441=CARTESIAN_POINT('',(20.,-23.4843699103844,40.9999999999999));
#6442=CARTESIAN_POINT('',(20.,0.,40.9999999999999));
#6443=CARTESIAN_POINT('',(20.,-23.5514681666487,41.2501920867464));
#6444=CARTESIAN_POINT('',(20.,-17.584326560919,19.0002605182013));
#6445=CARTESIAN_POINT('Origin',(20.,0.,-1.66533453693774E-15));
#6446=CARTESIAN_POINT('Origin',(17.5,0.,40.9999999999999));
#6447=CARTESIAN_POINT('',(22.5,0.,40.9999999999999));
#6448=CARTESIAN_POINT('Origin',(22.5,0.,39.9999999999993));
#6449=CARTESIAN_POINT('',(22.5,19.825803892907,38.9999999999999));
#6450=CARTESIAN_POINT('',(22.5,0.,38.9999999999999));
#6451=CARTESIAN_POINT('',(22.5,0.,38.9999999999987));
#6452=CARTESIAN_POINT('Origin',(22.5,0.,38.9999999999999));
#6453=CARTESIAN_POINT('',(20.,24.8608628168856,38.9999999999999));
#6454=CARTESIAN_POINT('',(20.,0.,38.9999999999999));
#6455=CARTESIAN_POINT('Ctrl Pts',(22.5,19.825803892907,38.9999999999999));
#6456=CARTESIAN_POINT('Ctrl Pts',(21.3908434353774,22.2734019809522,38.9999999999999));
#6457=CARTESIAN_POINT('Ctrl Pts',(20.,24.8608628168856,38.9999999999999));
#6458=CARTESIAN_POINT('Origin',(20.,-23.5179190385166,41.1250960433732));
#6459=CARTESIAN_POINT('',(20.,-23.4843699103844,40.9999999999999));
#6460=CARTESIAN_POINT('',(22.5,-23.5514681666487,41.2501920867464));
#6461=CARTESIAN_POINT('',(22.5,-23.4843699103844,40.9999999999999));
#6462=CARTESIAN_POINT('',(20.,-23.5514681666487,41.2501920867464));
#6463=CARTESIAN_POINT('Ctrl Pts',(22.5,-23.5514681666487,41.2501920867464));
#6464=CARTESIAN_POINT('Ctrl Pts',(22.7512844033023,-23.5514681666487,41.2501920867464));
#6465=CARTESIAN_POINT('Ctrl Pts',(22.980649742806,-23.63766816942,41.2010516428492));
#6466=CARTESIAN_POINT('Ctrl Pts',(23.3171806053459,-23.8555354766617,41.0753099738379));
#6467=CARTESIAN_POINT('Ctrl Pts',(23.4401824249898,-23.9860295379757,40.9992872039674));
#6468=CARTESIAN_POINT('Ctrl Pts',(23.7119173139748,-24.3428354210768,40.7891284842068));
#6469=CARTESIAN_POINT('Ctrl Pts',(23.8217757621687,-24.5989080716068,40.6354200057316));
#6470=CARTESIAN_POINT('Ctrl Pts',(23.9683517393003,-25.1162473508495,40.3177235553522));
#6471=CARTESIAN_POINT('Ctrl Pts',(23.999488552453,-25.3774423814753,40.1536905024558));
#6472=CARTESIAN_POINT('Ctrl Pts',(23.9995449100513,-25.8455326192199,39.8539097130883));
#6473=CARTESIAN_POINT('Ctrl Pts',(23.9715560626058,-26.0935726173157,39.6921082933393));
#6474=CARTESIAN_POINT('Ctrl Pts',(23.8278572728521,-26.5807527125637,39.3675115509103));
#6475=CARTESIAN_POINT('Ctrl Pts',(23.7167605880721,-26.8205144176484,39.2043429613097));
#6476=CARTESIAN_POINT('Ctrl Pts',(23.4341319113432,-27.1497458958382,38.9764246116094));
#6477=CARTESIAN_POINT('Ctrl Pts',(23.3027950944959,-27.2693828230308,38.8927505711689));
#6478=CARTESIAN_POINT('Ctrl Pts',(22.9560382375806,-27.4586098178405,38.7593578812364));
#6479=CARTESIAN_POINT('Ctrl Pts',(22.7317660984677,-27.5245121122507,38.7124170387321));
#6480=CARTESIAN_POINT('Ctrl Pts',(22.5,-27.5245121122507,38.7124170387321));
#6481=CARTESIAN_POINT('Ctrl Pts',(22.5,-23.5291020812273,41.1667947244976));
#6482=CARTESIAN_POINT('Ctrl Pts',(22.7459872925428,-23.529091754464,41.1668755370625));
#6483=CARTESIAN_POINT('Ctrl Pts',(22.9682588511401,-23.6132419744378,41.1048695227539));
#6484=CARTESIAN_POINT('Ctrl Pts',(23.2831268974764,-23.8258611613709,40.9556937954515));
#6485=CARTESIAN_POINT('Ctrl Pts',(23.3931064231788,-23.9529905627034,40.8693418076797));
#6486=CARTESIAN_POINT('Ctrl Pts',(23.6289359076417,-24.2999950050872,40.6387850295637));
#6487=CARTESIAN_POINT('Ctrl Pts',(23.7136180071671,-24.548473111494,40.4792036625222));
#6488=CARTESIAN_POINT('Ctrl Pts',(23.8126177808236,-25.0485259792166,40.1620508088657));
#6489=CARTESIAN_POINT('Ctrl Pts',(23.8211267229102,-25.2999385339925,40.0046634813488));
#6490=CARTESIAN_POINT('Ctrl Pts',(23.7856474653545,-25.7467213802197,39.726228088433));
#6491=CARTESIAN_POINT('Ctrl Pts',(23.7404178912654,-25.9818141001046,39.5805895786919));
#6492=CARTESIAN_POINT('Ctrl Pts',(23.5769642535003,-26.433737144257,39.3017931310335));
#6493=CARTESIAN_POINT('Ctrl Pts',(23.4616721123911,-26.6508562243155,39.1686537767615));
#6494=CARTESIAN_POINT('Ctrl Pts',(23.2092339773937,-26.9315010463168,38.9950456537436));
#6495=CARTESIAN_POINT('Ctrl Pts',(23.0983233901659,-27.0291221664454,38.9338382618306));
#6496=CARTESIAN_POINT('Ctrl Pts',(22.8282252731351,-27.1747373177313,38.8400854843244));
#6497=CARTESIAN_POINT('Ctrl Pts',(22.6649335932328,-27.2211866568185,38.8085251358024));
#6498=CARTESIAN_POINT('Ctrl Pts',(22.5,-27.2215059834605,38.8082780258209));
#6499=CARTESIAN_POINT('Ctrl Pts',(22.5,-23.5067359958059,41.0833973622487));
#6500=CARTESIAN_POINT('Ctrl Pts',(22.7394744006815,-23.5067463225692,41.0833165496838));
#6501=CARTESIAN_POINT('Ctrl Pts',(22.9555166228522,-23.5888313267142,41.0085042997263));
#6502=CARTESIAN_POINT('Ctrl Pts',(23.2488638840488,-23.79617817285,40.8359347518235));
#6503=CARTESIAN_POINT('Ctrl Pts',(23.3456960824777,-23.91995063288,40.739263144159));
#6504=CARTESIAN_POINT('Ctrl Pts',(23.5457850226002,-24.2571970338596,40.4882006039708));
#6505=CARTESIAN_POINT('Ctrl Pts',(23.6053861785728,-24.4980869390961,40.3228262580644));
#6506=CARTESIAN_POINT('Ctrl Pts',(23.6567591991741,-24.9808615127091,40.0062722009048));
#6507=CARTESIAN_POINT('Ctrl Pts',(23.6429808520935,-25.2224871555025,39.8554932208266));
#6508=CARTESIAN_POINT('Ctrl Pts',(23.5716576974375,-25.6480413048406,39.5984554630525));
#6509=CARTESIAN_POINT('Ctrl Pts',(23.5095850123965,-25.8702570780382,39.4689152002428));
#6510=CARTESIAN_POINT('Ctrl Pts',(23.3262675695479,-26.2867855386935,39.2360007091448));
#6511=CARTESIAN_POINT('Ctrl Pts',(23.2057323399351,-26.4814320422625,39.1330746855208));
#6512=CARTESIAN_POINT('Ctrl Pts',(22.985651105095,-26.7134781866944,39.0133462135734));
#6513=CARTESIAN_POINT('Ctrl Pts',(22.8939784211519,-26.7888047023791,38.9750247801318));
#6514=CARTESIAN_POINT('Ctrl Pts',(22.7014301921156,-26.8913826375362,38.9203763399141));
#6515=CARTESIAN_POINT('Ctrl Pts',(22.6015323489594,-26.9188191813124,38.9038919029283));
#6516=CARTESIAN_POINT('Ctrl Pts',(22.5,-26.9184998546704,38.9041390129098));
#6517=CARTESIAN_POINT('Ctrl Pts',(22.5,-23.4843699103844,40.9999999999999));
#6518=CARTESIAN_POINT('Ctrl Pts',(22.7341772899221,-23.4843699103844,40.9999999999999));
#6519=CARTESIAN_POINT('Ctrl Pts',(22.9431257311863,-23.564405131732,40.9123221796309));
#6520=CARTESIAN_POINT('Ctrl Pts',(23.2148101761792,-23.7665038575591,40.716318573437));
#6521=CARTESIAN_POINT('Ctrl Pts',(23.2986200806667,-23.8869116576076,40.6093177478713));
#6522=CARTESIAN_POINT('Ctrl Pts',(23.462803616267,-24.21435661787,40.3378571493277));
#6523=CARTESIAN_POINT('Ctrl Pts',(23.4972284235711,-24.4476519789833,40.166609914855));
#6524=CARTESIAN_POINT('Ctrl Pts',(23.5010252406974,-24.9131401410762,39.8505994544183));
#6525=CARTESIAN_POINT('Ctrl Pts',(23.4646190225508,-25.1449833080198,39.7064661997197));
#6526=CARTESIAN_POINT('Ctrl Pts',(23.3577602527407,-25.5492300658404,39.4707738383972));
#6527=CARTESIAN_POINT('Ctrl Pts',(23.2784468410561,-25.7584985608271,39.3573964855953));
#6528=CARTESIAN_POINT('Ctrl Pts',(23.0753745501961,-26.1397699703868,39.170282289268));
#6529=CARTESIAN_POINT('Ctrl Pts',(22.9506438642541,-26.3117738489296,39.0973855009725));
#6530=CARTESIAN_POINT('Ctrl Pts',(22.7607531711455,-26.495233337173,39.0319672557076));
#6531=CARTESIAN_POINT('Ctrl Pts',(22.689506716822,-26.5485440457937,39.0161124707935));
#6532=CARTESIAN_POINT('Ctrl Pts',(22.5736172276701,-26.607510137427,39.0011039430022));
#6533=CARTESIAN_POINT('Ctrl Pts',(22.5346998437245,-26.6154937258802,38.9999999999987));
#6534=CARTESIAN_POINT('Ctrl Pts',(22.5,-26.6154937258802,38.9999999999987));
#6535=CARTESIAN_POINT('',(22.5,-27.5245121122507,38.7124170387321));
#6536=CARTESIAN_POINT('',(22.5,-26.6154937258802,38.9999999999987));
#6537=CARTESIAN_POINT('Ctrl Pts',(22.5,-27.5245121122507,38.7124170387321));
#6538=CARTESIAN_POINT('Ctrl Pts',(22.7317660984677,-27.5245121122507,38.7124170387321));
#6539=CARTESIAN_POINT('Ctrl Pts',(22.9560382375806,-27.4586098178405,38.7593578812364));
#6540=CARTESIAN_POINT('Ctrl Pts',(23.3027950944959,-27.2693828230308,38.8927505711689));
#6541=CARTESIAN_POINT('Ctrl Pts',(23.4341319113432,-27.1497458958382,38.9764246116094));
#6542=CARTESIAN_POINT('Ctrl Pts',(23.7167605880721,-26.8205144176484,39.2043429613097));
#6543=CARTESIAN_POINT('Ctrl Pts',(23.8278572728521,-26.5807527125637,39.3675115509103));
#6544=CARTESIAN_POINT('Ctrl Pts',(23.9715560626058,-26.0935726173157,39.6921082933393));
#6545=CARTESIAN_POINT('Ctrl Pts',(23.9995449100513,-25.8455326192199,39.8539097130883));
#6546=CARTESIAN_POINT('Ctrl Pts',(23.999488552453,-25.3774423814753,40.1536905024558));
#6547=CARTESIAN_POINT('Ctrl Pts',(23.9683517393003,-25.1162473508495,40.3177235553522));
#6548=CARTESIAN_POINT('Ctrl Pts',(23.8217757621687,-24.5989080716068,40.6354200057316));
#6549=CARTESIAN_POINT('Ctrl Pts',(23.7119173139748,-24.3428354210768,40.7891284842068));
#6550=CARTESIAN_POINT('Ctrl Pts',(23.4401824249898,-23.9860295379757,40.9992872039674));
#6551=CARTESIAN_POINT('Ctrl Pts',(23.3171806053459,-23.8555354766617,41.0753099738379));
#6552=CARTESIAN_POINT('Ctrl Pts',(22.980649742806,-23.63766816942,41.2010516428492));
#6553=CARTESIAN_POINT('Ctrl Pts',(22.7512844033023,-23.5514681666487,41.2501920867464));
#6554=CARTESIAN_POINT('Ctrl Pts',(22.5,-23.5514681666487,41.2501920867464));
#6555=CARTESIAN_POINT('Origin',(20.,-27.0700029190637,38.8562085193666));
#6556=CARTESIAN_POINT('',(20.,-26.6154937258784,38.9999999999999));
#6557=CARTESIAN_POINT('',(20.,-27.5245121122489,38.7124170387333));
#6558=CARTESIAN_POINT('',(20.,-20.3536294875939,40.9810440445385));
#6559=CARTESIAN_POINT('',(20.,-27.5245121122489,38.7124170387333));
#6560=CARTESIAN_POINT('',(20.,-26.6154937258784,38.9999999999999));
#6561=CARTESIAN_POINT('Origin',(20.,0.,0.));
#6562=CARTESIAN_POINT('',(20.,-24.8608628168856,38.9999999999999));
#6563=CARTESIAN_POINT('',(20.,0.,38.9999999999999));
#6564=CARTESIAN_POINT('',(20.,-34.3216675127679,31.0013812457286));
#6565=CARTESIAN_POINT('Origin',(20.,0.,2.77555756156289E-16));
#6566=CARTESIAN_POINT('',(20.,-35.,32.112999999999));
#6567=CARTESIAN_POINT('Origin',(20.,-33.75,32.112999999999));
#6568=CARTESIAN_POINT('',(20.,-35.,32.113081446634));
#6569=CARTESIAN_POINT('',(20.,-35.,13.6250000000037));
#6570=CARTESIAN_POINT('Origin',(20.,0.,-1.66533453693774E-15));
#6571=CARTESIAN_POINT('Origin',(17.5,0.,38.9999999999999));
#6572=CARTESIAN_POINT('Ctrl Pts',(20.,-24.8608628168856,38.9999999999999));
#6573=CARTESIAN_POINT('Ctrl Pts',(21.3908434353774,-22.2734019809522,38.9999999999999));
#6574=CARTESIAN_POINT('Ctrl Pts',(22.5,-19.825803892907,38.9999999999999));
#6575=CARTESIAN_POINT('Origin',(22.5,0.,40.9999999999999));
#6576=CARTESIAN_POINT('Origin',(39.75,2.647881913731E-13,40.));
#6577=CARTESIAN_POINT('',(39.5000051491205,3.74422725862443,39.7929106995765));
#6578=CARTESIAN_POINT('',(39.5000241436327,-3.74412276910041,39.7929316717178));
#6579=CARTESIAN_POINT('Origin',(39.5,2.647881913731E-13,40.));
#6580=CARTESIAN_POINT('',(40.,-4.24999999999973,39.9999999999806));
#6581=CARTESIAN_POINT('Ctrl Pts',(39.5000626315775,-3.74412071882031,39.7928931874747));
#6582=CARTESIAN_POINT('Ctrl Pts',(39.5637204775141,-3.80958116656557,39.8226729925562));
#6583=CARTESIAN_POINT('Ctrl Pts',(39.6280799504601,-3.8752262857382,39.8512698078539));
#6584=CARTESIAN_POINT('Ctrl Pts',(39.6927810811904,-3.94083612078869,39.8787075095785));
#6585=CARTESIAN_POINT('Ctrl Pts',(39.7103920175667,-3.95869439648953,39.8861757503022));
#6586=CARTESIAN_POINT('Ctrl Pts',(39.7280280941516,-3.97654987013194,39.8935582705388));
#6587=CARTESIAN_POINT('Ctrl Pts',(39.7456816642576,-3.99439769431908,39.9008559090441));
#6588=CARTESIAN_POINT('Ctrl Pts',(39.8161357292506,-4.06562701267855,39.9299802331585));
#6589=CARTESIAN_POINT('Ctrl Pts',(39.8871958093224,-4.13706451229025,39.9578834541962));
#6590=CARTESIAN_POINT('Ctrl Pts',(39.958512148179,-4.20848292487162,39.9846003318878));
#6591=CARTESIAN_POINT('Ctrl Pts',(39.9723327924191,-4.22232335033801,39.9897778896215));
#6592=CARTESIAN_POINT('Ctrl Pts',(39.9861629690197,-4.2361629690194,39.9949109835196));
#6593=CARTESIAN_POINT('Ctrl Pts',(40.,-4.24999999999973,39.9999999999806));
#6594=CARTESIAN_POINT('',(40.,4.25000000000027,39.9999999999806));
#6595=CARTESIAN_POINT('Origin',(40.,2.647881913731E-13,40.));
#6596=CARTESIAN_POINT('Ctrl Pts',(39.5000012899784,3.74422746951589,39.7929145563029));
#6597=CARTESIAN_POINT('Ctrl Pts',(39.5635376108731,3.80951760738893,39.8226289055533));
#6598=CARTESIAN_POINT('Ctrl Pts',(39.6277694530952,3.87499764323165,39.8511631342508));
#6599=CARTESIAN_POINT('Ctrl Pts',(39.6923390195825,3.94044900066299,39.8785427275062));
#6600=CARTESIAN_POINT('Ctrl Pts',(39.7100838273256,3.95843613945503,39.8860671022981));
#6601=CARTESIAN_POINT('Ctrl Pts',(39.727853969809,3.97642091839366,39.8935044323043));
#6602=CARTESIAN_POINT('Ctrl Pts',(39.7456416290066,3.9943983703929,39.900855616149));
#6603=CARTESIAN_POINT('Ctrl Pts',(39.8160045116228,4.06551201894626,39.9299347929089));
#6604=CARTESIAN_POINT('Ctrl Pts',(39.8869679537273,4.13684008000298,39.9577964361735));
#6605=CARTESIAN_POINT('Ctrl Pts',(39.9581839210295,4.2081552631415,39.9844778824373));
#6606=CARTESIAN_POINT('Ctrl Pts',(39.972113956912,4.22210470591003,39.9896968455145));
#6607=CARTESIAN_POINT('Ctrl Pts',(39.9860535627991,4.23605356279931,39.9948707458372));
#6608=CARTESIAN_POINT('Ctrl Pts',(40.,4.25000000000026,39.9999999999806));
#6609=CARTESIAN_POINT('Ctrl Pts',(40.,-4.24999999999974,39.9999999999806));
#6610=CARTESIAN_POINT('Ctrl Pts',(38.8032027986274,-4.25000000000555,41.1967972013517));
#6611=CARTESIAN_POINT('Ctrl Pts',(37.0224578330575,-3.40864514306219,42.9775421669194));
#6612=CARTESIAN_POINT('Ctrl Pts',(35.8619744287216,-1.03788370945898,44.1380255712538));
#6613=CARTESIAN_POINT('Ctrl Pts',(35.8622689502004,1.03804386215723,44.1377310497751));
#6614=CARTESIAN_POINT('Ctrl Pts',(36.7345120087105,2.81538753319982,43.2654879912661));
#6615=CARTESIAN_POINT('Ctrl Pts',(38.2047837982131,3.97727040924806,41.7952162017653));
#6616=CARTESIAN_POINT('Ctrl Pts',(39.4016013993137,4.25000000000317,40.5983986006662));
#6617=CARTESIAN_POINT('Ctrl Pts',(40.,4.25000000000027,39.9999999999806));
#6618=CARTESIAN_POINT('Ctrl Pts',(39.8822145068309,-4.07777159118178,39.8822145068122));
#6619=CARTESIAN_POINT('Ctrl Pts',(38.7103505804869,-4.11301292833411,41.0524143637943));
#6620=CARTESIAN_POINT('Ctrl Pts',(36.9561888540275,-3.34039019199461,42.8326209304753));
#6621=CARTESIAN_POINT('Ctrl Pts',(35.8137618636127,-1.02408393125993,44.0211033480135));
#6622=CARTESIAN_POINT('Ctrl Pts',(35.8139602142788,1.02427249453042,44.0203921992057));
#6623=CARTESIAN_POINT('Ctrl Pts',(36.67281501573,2.76069027834365,43.1276758349772));
#6624=CARTESIAN_POINT('Ctrl Pts',(38.1204981726524,3.86392719519307,41.6497092492209));
#6625=CARTESIAN_POINT('Ctrl Pts',(39.2962825436589,4.09539225975848,40.4673144353033));
#6626=CARTESIAN_POINT('Ctrl Pts',(39.8822145068309,4.07777159118231,39.8822145068122));
#6627=CARTESIAN_POINT('Ctrl Pts',(39.7644290136618,-3.90554318236383,39.7644290136437));
#6628=CARTESIAN_POINT('Ctrl Pts',(38.6174983623465,-3.97602585666268,40.9080315262369));
#6629=CARTESIAN_POINT('Ctrl Pts',(36.8899198749975,-3.27213524092702,42.6876996940311));
#6630=CARTESIAN_POINT('Ctrl Pts',(35.7655492985037,-1.01028415306088,43.9041811247732));
#6631=CARTESIAN_POINT('Ctrl Pts',(35.7656514783573,1.01050112690362,43.9030533486363));
#6632=CARTESIAN_POINT('Ctrl Pts',(36.6111180227496,2.70599302348748,42.9898636786883));
#6633=CARTESIAN_POINT('Ctrl Pts',(38.0362125470917,3.75058398113809,41.5042022966764));
#6634=CARTESIAN_POINT('Ctrl Pts',(39.1909636880041,3.94078451951379,40.3362302699403));
#6635=CARTESIAN_POINT('Ctrl Pts',(39.7644290136618,3.90554318236436,39.7644290136437));
#6636=CARTESIAN_POINT('Ctrl Pts',(39.6466435204927,-3.73331477354588,39.6466435204753));
#6637=CARTESIAN_POINT('Ctrl Pts',(38.524646144206,-3.83903878499125,40.7636486886795));
#6638=CARTESIAN_POINT('Ctrl Pts',(36.8236508959675,-3.20388028985944,42.5427784575869));
#6639=CARTESIAN_POINT('Ctrl Pts',(35.7173367333948,-0.99648437486182,43.7872589015328));
#6640=CARTESIAN_POINT('Ctrl Pts',(35.7173427424357,0.996729759276813,43.7857144980669));
#6641=CARTESIAN_POINT('Ctrl Pts',(36.5494210297691,2.65129576863131,42.8520515223994));
#6642=CARTESIAN_POINT('Ctrl Pts',(37.951926921531,3.6372407670831,41.358695344132));
#6643=CARTESIAN_POINT('Ctrl Pts',(39.0856448323493,3.78617677926909,40.2051461045774));
#6644=CARTESIAN_POINT('Ctrl Pts',(39.6466435204927,3.73331477354641,39.6466435204753));
#6645=CARTESIAN_POINT('Ctrl Pts',(40.,4.25000000000027,39.9999999999806));
#6646=CARTESIAN_POINT('Ctrl Pts',(39.4016013993137,4.25000000000317,40.5983986006662));
#6647=CARTESIAN_POINT('Ctrl Pts',(38.2047837982131,3.97727040924806,41.7952162017653));
#6648=CARTESIAN_POINT('Ctrl Pts',(36.7345120087105,2.81538753319982,43.2654879912661));
#6649=CARTESIAN_POINT('Ctrl Pts',(35.8622689502004,1.03804386215723,44.1377310497751));
#6650=CARTESIAN_POINT('Ctrl Pts',(35.8619744287216,-1.03788370945898,44.1380255712538));
#6651=CARTESIAN_POINT('Ctrl Pts',(37.0224578330575,-3.40864514306219,42.9775421669194));
#6652=CARTESIAN_POINT('Ctrl Pts',(38.8032027986274,-4.25000000000555,41.1967972013517));
#6653=CARTESIAN_POINT('Ctrl Pts',(40.,-4.24999999999974,39.9999999999806));
#6654=CARTESIAN_POINT('',(39.2934326934902,-3.7492039738855,40.0001159340055));
#6655=CARTESIAN_POINT('Ctrl Pts',(39.5000241436327,-3.74412276910042,39.7929316717178));
#6656=CARTESIAN_POINT('Ctrl Pts',(39.4311092044921,-3.74779354782651,39.8618400213681));
#6657=CARTESIAN_POINT('Ctrl Pts',(39.362214575221,-3.74948144348855,39.9309357859317));
#6658=CARTESIAN_POINT('Ctrl Pts',(39.2934326934902,-3.7492039738855,40.0001159340055));
#6659=CARTESIAN_POINT('Ctrl Pts',(39.2934326934902,-3.7492039738855,40.0001159340055));
#6660=CARTESIAN_POINT('Ctrl Pts',(38.2908755924017,-3.74515960763858,41.0084781212613));
#6661=CARTESIAN_POINT('Ctrl Pts',(36.7655946004779,-3.08804228123678,42.6080853358941));
#6662=CARTESIAN_POINT('Ctrl Pts',(35.7173367333948,-0.99648437486182,43.7872589015328));
#6663=CARTESIAN_POINT('Ctrl Pts',(35.7173427424357,0.996729759276813,43.7857144980669));
#6664=CARTESIAN_POINT('Ctrl Pts',(36.5494210297691,2.65129576863131,42.8520515223994));
#6665=CARTESIAN_POINT('Ctrl Pts',(37.9112206149648,3.6086247166265,41.4020384878308));
#6666=CARTESIAN_POINT('Ctrl Pts',(38.9873064443899,3.77224509346688,40.3052884543044));
#6667=CARTESIAN_POINT('Ctrl Pts',(39.5000051491205,3.74422725862443,39.7929106995765));
#6668=CARTESIAN_POINT('Origin',(40.,0.,-4.44089209850063E-15));
#6669=CARTESIAN_POINT('',(39.9999999999999,-13.0726684705363,39.9999999999807));
#6670=CARTESIAN_POINT('',(40.,0.,39.9999999999806));
#6671=CARTESIAN_POINT('',(39.9999999999955,-15.681771244123,39.5010386021119));
#6672=CARTESIAN_POINT('Ctrl Pts',(40.,-15.6817712441232,39.5010386021095));
#6673=CARTESIAN_POINT('Ctrl Pts',(40.,-15.4494570002398,39.5932665272034));
#6674=CARTESIAN_POINT('Ctrl Pts',(39.9999639869913,-15.2128925147449,39.6731405557633));
#6675=CARTESIAN_POINT('Ctrl Pts',(39.9999392776504,-14.9725285139285,39.740316865765));
#6676=CARTESIAN_POINT('Ctrl Pts',(39.9999286501496,-14.8691478274871,39.7692094329422));
#6677=CARTESIAN_POINT('Ctrl Pts',(39.9999196476921,-14.7650643090223,39.7957526605024));
#6678=CARTESIAN_POINT('Ctrl Pts',(39.9999138630901,-14.660314089538,39.8199171370402));
#6679=CARTESIAN_POINT('Ctrl Pts',(39.9999006564918,-14.4211629608553,39.8750861082034));
#6680=CARTESIAN_POINT('Ctrl Pts',(39.9999067509459,-14.1800120609794,39.9175182920653));
#6681=CARTESIAN_POINT('Ctrl Pts',(39.9999278436754,-13.9373762237383,39.9473026276485));
#6682=CARTESIAN_POINT('Ctrl Pts',(39.9999492744709,-13.6908515155789,39.9775643347437));
#6683=CARTESIAN_POINT('Ctrl Pts',(39.9999862005047,-13.4427933984119,39.9947696372844));
#6684=CARTESIAN_POINT('Ctrl Pts',(39.9999971967159,-13.1937232476628,39.9989780400149));
#6685=CARTESIAN_POINT('Ctrl Pts',(39.99999897706,-13.1533974867013,39.9996594024425));
#6686=CARTESIAN_POINT('Ctrl Pts',(40.,-13.1130451672051,39.9999999999806));
#6687=CARTESIAN_POINT('Ctrl Pts',(40.,-13.0726684705363,39.9999999999806));
#6688=CARTESIAN_POINT('',(39.9999999999955,-15.681771244123,-39.5010386021119));
#6689=CARTESIAN_POINT('Origin',(40.,0.,-3.33066907387547E-15));
#6690=CARTESIAN_POINT('',(39.9999999999999,-13.0726684705371,-39.9999999999807));
#6691=CARTESIAN_POINT('Ctrl Pts',(40.,-13.0726684705371,-39.9999999999806));
#6692=CARTESIAN_POINT('Ctrl Pts',(40.,-13.3196986092223,-39.9999999999806));
#6693=CARTESIAN_POINT('Ctrl Pts',(39.9999646225217,-13.565974417442,-39.9872534613354));
#6694=CARTESIAN_POINT('Ctrl Pts',(39.9999399506494,-13.8109839934059,-39.9616598795626));
#6695=CARTESIAN_POINT('Ctrl Pts',(39.9999200956233,-14.0081587960855,-39.9410630950653));
#6696=CARTESIAN_POINT('Ctrl Pts',(39.9999065470606,-14.204513406217,-39.9121453685354));
#6697=CARTESIAN_POINT('Ctrl Pts',(39.9999065468916,-14.3997716940767,-39.8748389649968));
#6698=CARTESIAN_POINT('Ctrl Pts',(39.9999065466789,-14.6453807695554,-39.8279124484173));
#6699=CARTESIAN_POINT('Ctrl Pts',(39.9999288970638,-14.8877105788103,-39.7680095756666));
#6700=CARTESIAN_POINT('Ctrl Pts',(39.9999557720336,-15.1262973400113,-39.695454099533));
#6701=CARTESIAN_POINT('Ctrl Pts',(39.9999768975927,-15.3138428056555,-39.6384205470927));
#6702=CARTESIAN_POINT('Ctrl Pts',(40.,-15.4990756707291,-39.573568092236));
#6703=CARTESIAN_POINT('Ctrl Pts',(40.,-15.6817712441232,-39.5010386021095));
#6704=CARTESIAN_POINT('',(40.,-4.24999999999975,-39.9999999999806));
#6705=CARTESIAN_POINT('',(40.,0.,-39.9999999999806));
#6706=CARTESIAN_POINT('',(40.,4.25000000000025,-39.9999999999806));
#6707=CARTESIAN_POINT('Origin',(40.,2.4980018054066E-13,-40.));
#6708=CARTESIAN_POINT('',(39.9999999999999,13.0726684705371,-39.9999999999807));
#6709=CARTESIAN_POINT('',(40.,0.,-39.9999999999806));
#6710=CARTESIAN_POINT('',(39.9999999999955,15.681771244123,-39.5010386021119));
#6711=CARTESIAN_POINT('Ctrl Pts',(40.,15.6817712441232,-39.5010386021095));
#6712=CARTESIAN_POINT('Ctrl Pts',(40.,15.449455009381,-39.5932673175673));
#6713=CARTESIAN_POINT('Ctrl Pts',(39.999963986623,15.2128884601616,-39.6731419249396));
#6714=CARTESIAN_POINT('Ctrl Pts',(39.9999392772299,14.9725223345258,-39.7403185927909));
#6715=CARTESIAN_POINT('Ctrl Pts',(39.9999286500109,14.8691436938428,-39.7692104867286));
#6716=CARTESIAN_POINT('Ctrl Pts',(39.9999196477973,14.7650622500696,-39.7957531346939));
#6717=CARTESIAN_POINT('Ctrl Pts',(39.999913863308,14.6603141320152,-39.8199171270662));
#6718=CARTESIAN_POINT('Ctrl Pts',(39.9999006567275,14.4211634684111,-39.8750859923259));
#6719=CARTESIAN_POINT('Ctrl Pts',(39.9999067511685,14.1800130412979,-39.9175181197956));
#6720=CARTESIAN_POINT('Ctrl Pts',(39.9999278438061,13.9373776812388,-39.9473024482477));
#6721=CARTESIAN_POINT('Ctrl Pts',(39.9999492746783,13.6908514992818,-39.9775643885257));
#6722=CARTESIAN_POINT('Ctrl Pts',(39.9999862009155,13.4427918884374,-39.9947697676616));
#6723=CARTESIAN_POINT('Ctrl Pts',(39.9999971968726,13.1937202342327,-39.9989780909044));
#6724=CARTESIAN_POINT('Ctrl Pts',(39.9999989771205,13.1533954764107,-39.9996594194005));
#6725=CARTESIAN_POINT('Ctrl Pts',(40.,13.113044161443,-39.9999999999806));
#6726=CARTESIAN_POINT('Ctrl Pts',(40.,13.0726684705371,-39.9999999999806));
#6727=CARTESIAN_POINT('',(39.9999999999955,15.681771244123,39.5010386021119));
#6728=CARTESIAN_POINT('Origin',(40.,0.,-3.33066907387547E-15));
#6729=CARTESIAN_POINT('',(39.9999999999999,13.0726684705363,39.9999999999807));
#6730=CARTESIAN_POINT('Ctrl Pts',(40.,13.0726684705363,39.9999999999806));
#6731=CARTESIAN_POINT('Ctrl Pts',(40.,13.3196978245901,39.9999999999806));
#6732=CARTESIAN_POINT('Ctrl Pts',(39.9999646225555,13.5659728523674,39.9872535426064));
#6733=CARTESIAN_POINT('Ctrl Pts',(39.9999399506943,13.810981658015,39.9616601238996));
#6734=CARTESIAN_POINT('Ctrl Pts',(39.9999200955366,14.0081572359463,39.9410633248931));
#6735=CARTESIAN_POINT('Ctrl Pts',(39.999906546879,14.2045126162213,39.9121455190831));
#6736=CARTESIAN_POINT('Ctrl Pts',(39.9999065467088,14.3997716658107,39.8748389707239));
#6737=CARTESIAN_POINT('Ctrl Pts',(39.9999065464946,14.6453792818133,39.8279127338961));
#6738=CARTESIAN_POINT('Ctrl Pts',(39.9999288965387,14.8877076707274,39.7680102949552));
#6739=CARTESIAN_POINT('Ctrl Pts',(39.999955771381,15.1262930586866,39.6954554014047));
#6740=CARTESIAN_POINT('Ctrl Pts',(39.9999768971262,15.3138399866956,39.6384215339336));
#6741=CARTESIAN_POINT('Ctrl Pts',(40.,15.499074280548,39.5735686441329));
#6742=CARTESIAN_POINT('Ctrl Pts',(40.,15.6817712441232,39.5010386021095));
#6743=CARTESIAN_POINT('',(40.,0.,39.9999999999806));
#6744=CARTESIAN_POINT('',(40.,16.75,7.50000000000003));
#6745=CARTESIAN_POINT('Origin',(40.,21.,7.50000000000003));
#6746=CARTESIAN_POINT('',(40.,-25.25,7.50000000000003));
#6747=CARTESIAN_POINT('Origin',(40.,-21.,7.50000000000003));
#6748=CARTESIAN_POINT('Origin',(40.,2.647881913731E-13,40.));
#6749=CARTESIAN_POINT('',(33.,-3.74999999999974,40.));
#6750=CARTESIAN_POINT('',(40.,-3.74999999999974,40.));
#6751=CARTESIAN_POINT('',(33.,-2.09999999999974,43.1068472765812));
#6752=CARTESIAN_POINT('Origin',(33.,2.647881913731E-13,40.));
#6753=CARTESIAN_POINT('',(32.8,-2.09999999999974,43.1068472765812));
#6754=CARTESIAN_POINT('',(33.,-2.09999999999974,43.1068472765812));
#6755=CARTESIAN_POINT('',(32.8,2.10000000000026,43.1068472765812));
#6756=CARTESIAN_POINT('Origin',(32.8,2.647881913731E-13,40.));
#6757=CARTESIAN_POINT('',(33.,2.10000000000026,43.1068472765812));
#6758=CARTESIAN_POINT('',(33.,2.10000000000026,43.1068472765812));
#6759=CARTESIAN_POINT('',(33.,2.10000000000027,36.8931527234188));
#6760=CARTESIAN_POINT('Origin',(33.,2.647881913731E-13,40.));
#6761=CARTESIAN_POINT('',(32.8,2.10000000000027,36.8931527234188));
#6762=CARTESIAN_POINT('',(33.,2.10000000000027,36.8931527234188));
#6763=CARTESIAN_POINT('',(32.8,-2.09999999999973,36.8931527234188));
#6764=CARTESIAN_POINT('Origin',(32.8,2.647881913731E-13,40.));
#6765=CARTESIAN_POINT('',(33.,-2.09999999999973,36.8931527234188));
#6766=CARTESIAN_POINT('',(33.,-2.09999999999973,36.8931527234188));
#6767=CARTESIAN_POINT('Origin',(33.,2.647881913731E-13,40.));
#6768=CARTESIAN_POINT('Origin',(39.75,2.4980018054066E-13,-40.));
#6769=CARTESIAN_POINT('',(39.5000051491205,-3.74422725862393,-39.7929106995767));
#6770=CARTESIAN_POINT('',(39.5000241436327,3.74412276910094,-39.7929316717179));
#6771=CARTESIAN_POINT('Origin',(39.5,2.4980018054066E-13,-40.));
#6772=CARTESIAN_POINT('Ctrl Pts',(39.5000626315775,3.74412071882084,-39.7928931874749));
#6773=CARTESIAN_POINT('Ctrl Pts',(39.5637204934594,3.80958118296291,-39.8226730000157));
#6774=CARTESIAN_POINT('Ctrl Pts',(39.6280799834159,3.87522631940833,-39.8512698225829));
#6775=CARTESIAN_POINT('Ctrl Pts',(39.692781132379,3.94083617272866,-39.8787075313296));
#6776=CARTESIAN_POINT('Ctrl Pts',(39.710392540835,3.95869492707976,-39.886175972054));
#6777=CARTESIAN_POINT('Ctrl Pts',(39.7280290909246,3.97655087929836,-39.893558687725));
#6778=CARTESIAN_POINT('Ctrl Pts',(39.7456831353527,3.99439918160204,-39.9008565171657));
#6779=CARTESIAN_POINT('Ctrl Pts',(39.8161372232155,4.06562851739672,-39.9299808302214));
#6780=CARTESIAN_POINT('Ctrl Pts',(39.8871973246498,4.13706603372419,-39.9578840402023));
#6781=CARTESIAN_POINT('Ctrl Pts',(39.9585136832709,4.20848446215664,-39.9846009069651));
#6782=CARTESIAN_POINT('Ctrl Pts',(39.9723338164844,4.22232437510113,-39.9897782697028));
#6783=CARTESIAN_POINT('Ctrl Pts',(39.9861634812879,4.23616348128809,-39.9949111719228));
#6784=CARTESIAN_POINT('Ctrl Pts',(40.,4.25000000000025,-39.9999999999806));
#6785=CARTESIAN_POINT('Ctrl Pts',(39.5000012899784,-3.74422746951538,-39.7929145563031));
#6786=CARTESIAN_POINT('Ctrl Pts',(39.5635375971773,-3.80951759331452,-39.8226288991483));
#6787=CARTESIAN_POINT('Ctrl Pts',(39.627769424795,-3.87499761433374,-39.8511631216059));
#6788=CARTESIAN_POINT('Ctrl Pts',(39.6923389756376,-3.94044895609008,-39.8785427088349));
#6789=CARTESIAN_POINT('Ctrl Pts',(39.7100833791792,-3.95843568521098,-39.8860669123992));
#6790=CARTESIAN_POINT('Ctrl Pts',(39.72785311624,-3.97642005451987,-39.8935040751178));
#6791=CARTESIAN_POINT('Ctrl Pts',(39.7456403693215,-3.99439709726656,-39.9008550955533));
#6792=CARTESIAN_POINT('Ctrl Pts',(39.8160032329945,-4.06551073140842,-39.9299342820018));
#6793=CARTESIAN_POINT('Ctrl Pts',(39.8869666574498,-4.13683877866937,-39.9577959349167));
#6794=CARTESIAN_POINT('Ctrl Pts',(39.9581826084818,-4.20815394876859,-39.9844773906896));
#6795=CARTESIAN_POINT('Ctrl Pts',(39.972113081309,-4.22210382972701,-39.9896965205228));
#6796=CARTESIAN_POINT('Ctrl Pts',(39.9860531247985,-4.23605312479826,-39.9948705847484));
#6797=CARTESIAN_POINT('Ctrl Pts',(40.,-4.24999999999975,-39.9999999999806));
#6798=CARTESIAN_POINT('Ctrl Pts',(40.,4.25000000000025,-39.9999999999806));
#6799=CARTESIAN_POINT('Ctrl Pts',(38.8032027986288,4.25000000000606,-41.1967972013518));
#6800=CARTESIAN_POINT('Ctrl Pts',(37.0224578330609,3.40864514306261,-42.9775421669197));
#6801=CARTESIAN_POINT('Ctrl Pts',(35.8619744287265,1.03788370945936,-44.1380255712541));
#6802=CARTESIAN_POINT('Ctrl Pts',(35.8622689502052,-1.03804386215658,-44.1377310497754));
#6803=CARTESIAN_POINT('Ctrl Pts',(36.7345120087143,-2.8153875331992,-43.2654879912663));
#6804=CARTESIAN_POINT('Ctrl Pts',(38.2047837982152,-3.97727040924753,-41.7952162017654));
#6805=CARTESIAN_POINT('Ctrl Pts',(39.4016013993144,-4.25000000000266,-40.5983986006662));
#6806=CARTESIAN_POINT('Ctrl Pts',(40.,-4.24999999999975,-39.9999999999806));
#6807=CARTESIAN_POINT('Ctrl Pts',(39.8822145068308,4.07777159118231,-39.8822145068122));
#6808=CARTESIAN_POINT('Ctrl Pts',(38.7103505804882,4.11301292833461,-41.0524143637945));
#6809=CARTESIAN_POINT('Ctrl Pts',(36.9561888540308,3.34039019199499,-42.8326209304755));
#6810=CARTESIAN_POINT('Ctrl Pts',(35.8137618636175,1.02408393126029,-44.0211033480137));
#6811=CARTESIAN_POINT('Ctrl Pts',(35.8139602142836,-1.02427249452976,-44.0203921992059));
#6812=CARTESIAN_POINT('Ctrl Pts',(36.6728150157337,-2.760690278343,-43.1276758349774));
#6813=CARTESIAN_POINT('Ctrl Pts',(38.1204981726544,-3.86392719519252,-41.649709249221));
#6814=CARTESIAN_POINT('Ctrl Pts',(39.2962825436595,-4.09539225975796,-40.4673144353034));
#6815=CARTESIAN_POINT('Ctrl Pts',(39.8822145068308,-4.07777159118181,-39.8822145068122));
#6816=CARTESIAN_POINT('Ctrl Pts',(39.7644290136616,3.90554318236436,-39.7644290136439));
#6817=CARTESIAN_POINT('Ctrl Pts',(38.6174983623477,3.97602585666316,-40.9080315262371));
#6818=CARTESIAN_POINT('Ctrl Pts',(36.8899198750008,3.27213524092739,-42.6876996940314));
#6819=CARTESIAN_POINT('Ctrl Pts',(35.7655492985085,1.01028415306122,-43.9041811247733));
#6820=CARTESIAN_POINT('Ctrl Pts',(35.765651478362,-1.01050112690293,-43.9030533486364));
#6821=CARTESIAN_POINT('Ctrl Pts',(36.6111180227532,-2.7059930234868,-42.9898636786885));
#6822=CARTESIAN_POINT('Ctrl Pts',(38.0362125470936,-3.75058398113752,-41.5042022966767));
#6823=CARTESIAN_POINT('Ctrl Pts',(39.1909636880047,-3.94078451951326,-40.3362302699405));
#6824=CARTESIAN_POINT('Ctrl Pts',(39.7644290136616,-3.90554318236386,-39.7644290136439));
#6825=CARTESIAN_POINT('Ctrl Pts',(39.6466435204924,3.73331477354642,-39.6466435204755));
#6826=CARTESIAN_POINT('Ctrl Pts',(38.5246461442072,3.83903878499172,-40.7636486886798));
#6827=CARTESIAN_POINT('Ctrl Pts',(36.8236508959707,3.20388028985977,-42.5427784575872));
#6828=CARTESIAN_POINT('Ctrl Pts',(35.7173367333995,0.996484374862146,-43.7872589015329));
#6829=CARTESIAN_POINT('Ctrl Pts',(35.7173427424404,-0.996729759276114,-43.7857144980669));
#6830=CARTESIAN_POINT('Ctrl Pts',(36.5494210297727,-2.65129576863061,-42.8520515223996));
#6831=CARTESIAN_POINT('Ctrl Pts',(37.9519269215329,-3.63724076708251,-41.3586953441323));
#6832=CARTESIAN_POINT('Ctrl Pts',(39.0856448323498,-3.78617677926857,-40.2051461045777));
#6833=CARTESIAN_POINT('Ctrl Pts',(39.6466435204924,-3.73331477354592,-39.6466435204755));
#6834=CARTESIAN_POINT('Ctrl Pts',(40.,-4.24999999999975,-39.9999999999806));
#6835=CARTESIAN_POINT('Ctrl Pts',(39.4016013993144,-4.25000000000266,-40.5983986006662));
#6836=CARTESIAN_POINT('Ctrl Pts',(38.2047837982152,-3.97727040924753,-41.7952162017654));
#6837=CARTESIAN_POINT('Ctrl Pts',(36.7345120087143,-2.8153875331992,-43.2654879912663));
#6838=CARTESIAN_POINT('Ctrl Pts',(35.8622689502052,-1.03804386215658,-44.1377310497754));
#6839=CARTESIAN_POINT('Ctrl Pts',(35.8619744287265,1.03788370945936,-44.1380255712541));
#6840=CARTESIAN_POINT('Ctrl Pts',(37.0224578330609,3.40864514306261,-42.9775421669197));
#6841=CARTESIAN_POINT('Ctrl Pts',(38.8032027986288,4.25000000000606,-41.1967972013518));
#6842=CARTESIAN_POINT('Ctrl Pts',(40.,4.25000000000025,-39.9999999999806));
#6843=CARTESIAN_POINT('',(39.2933143657147,-3.74977467020792,-40.000019890911));
#6844=CARTESIAN_POINT('Ctrl Pts',(39.5000241436327,3.74412276910094,-39.7929316717179));
#6845=CARTESIAN_POINT('Ctrl Pts',(38.4266126733164,3.80129841256412,-40.8662405048647));
#6846=CARTESIAN_POINT('Ctrl Pts',(36.7995617068501,3.15581584355735,-42.5698761173527));
#6847=CARTESIAN_POINT('Ctrl Pts',(35.7173367333995,0.996484374862146,-43.7872589015329));
#6848=CARTESIAN_POINT('Ctrl Pts',(35.7173427424404,-0.996729759276114,-43.7857144980669));
#6849=CARTESIAN_POINT('Ctrl Pts',(36.5494210297727,-2.65129576863061,-42.8520515223996));
#6850=CARTESIAN_POINT('Ctrl Pts',(37.8538517817296,-3.56829510765279,-41.4631235086199));
#6851=CARTESIAN_POINT('Ctrl Pts',(38.8499935863873,-3.74933892815087,-40.4454058683019));
#6852=CARTESIAN_POINT('Ctrl Pts',(39.2933143657147,-3.74977467020792,-40.000019890911));
#6853=CARTESIAN_POINT('Ctrl Pts',(39.2933143657147,-3.74977467020792,-40.000019890911));
#6854=CARTESIAN_POINT('Ctrl Pts',(39.3621582996131,-3.74984233723092,-39.9308552493769));
#6855=CARTESIAN_POINT('Ctrl Pts',(39.431089437384,-3.74799334777466,-39.8617832699952));
#6856=CARTESIAN_POINT('Ctrl Pts',(39.5000051491205,-3.74422725862393,-39.7929106995767));
#6857=CARTESIAN_POINT('Origin',(40.,2.4980018054066E-13,-40.));
#6858=CARTESIAN_POINT('',(33.,-3.74999999999975,-40.));
#6859=CARTESIAN_POINT('',(40.,-3.74999999999975,-40.));
#6860=CARTESIAN_POINT('',(33.,-2.09999999999975,-36.8931527234188));
#6861=CARTESIAN_POINT('Origin',(33.,2.4980018054066E-13,-40.));
#6862=CARTESIAN_POINT('',(32.8,-2.09999999999975,-36.8931527234188));
#6863=CARTESIAN_POINT('',(33.,-2.09999999999975,-36.8931527234188));
#6864=CARTESIAN_POINT('',(32.8,2.10000000000025,-36.8931527234188));
#6865=CARTESIAN_POINT('Origin',(32.8,2.4980018054066E-13,-40.));
#6866=CARTESIAN_POINT('',(33.,2.10000000000025,-36.8931527234188));
#6867=CARTESIAN_POINT('',(33.,2.10000000000025,-36.8931527234188));
#6868=CARTESIAN_POINT('',(33.,2.10000000000025,-43.1068472765812));
#6869=CARTESIAN_POINT('Origin',(33.,2.4980018054066E-13,-40.));
#6870=CARTESIAN_POINT('',(32.8,2.10000000000025,-43.1068472765812));
#6871=CARTESIAN_POINT('',(33.,2.10000000000025,-43.1068472765812));
#6872=CARTESIAN_POINT('',(32.8,-2.09999999999975,-43.1068472765812));
#6873=CARTESIAN_POINT('Origin',(32.8,2.4980018054066E-13,-40.));
#6874=CARTESIAN_POINT('',(33.,-2.09999999999975,-43.1068472765812));
#6875=CARTESIAN_POINT('',(33.,-2.09999999999975,-43.1068472765812));
#6876=CARTESIAN_POINT('Origin',(33.,2.4980018054066E-13,-40.));
#6877=CARTESIAN_POINT('Origin',(15.4694020638,-7.11153768753091,35.25));
#6878=CARTESIAN_POINT('',(33.6136931803688,11.3863068196312,35.5));
#6879=CARTESIAN_POINT('',(33.9672465709621,11.0327534290379,35.));
#6880=CARTESIAN_POINT('',(33.6136931803688,11.3863068196312,35.5));
#6881=CARTESIAN_POINT('',(31.4672465709621,8.53275342903791,35.));
#6882=CARTESIAN_POINT('',(15.6461787590966,-7.28831438282755,35.));
#6883=CARTESIAN_POINT('',(31.1136931803688,8.88630681963119,35.5));
#6884=CARTESIAN_POINT('',(31.4672465709621,8.53275342903791,35.));
#6885=CARTESIAN_POINT('',(15.2926253685033,-6.93476099223428,35.5));
#6886=CARTESIAN_POINT('Origin',(32.5,12.5,35.25));
#6887=CARTESIAN_POINT('',(31.3863068196312,13.6136931803688,35.5));
#6888=CARTESIAN_POINT('',(31.0327534290379,13.9672465709621,35.));
#6889=CARTESIAN_POINT('',(31.3863068196312,13.6136931803688,35.5));
#6890=CARTESIAN_POINT('Origin',(32.5,12.5,35.));
#6891=CARTESIAN_POINT('Origin',(32.5,12.5,35.5));
#6892=CARTESIAN_POINT('Origin',(14.1384623124691,-3.28059793620002,35.25));
#6893=CARTESIAN_POINT('',(28.8863068196312,11.1136931803688,35.5));
#6894=CARTESIAN_POINT('',(28.5327534290379,11.4672465709621,35.));
#6895=CARTESIAN_POINT('',(28.8863068196312,11.1136931803688,35.5));
#6896=CARTESIAN_POINT('',(13.9616856171724,-3.10382124090339,35.));
#6897=CARTESIAN_POINT('',(14.3152390077657,-3.45737463149666,35.5));
#6898=CARTESIAN_POINT('Origin',(30.,10.,35.25));
#6899=CARTESIAN_POINT('Origin',(30.,10.,35.));
#6900=CARTESIAN_POINT('Origin',(30.,10.,35.5));
#6901=CARTESIAN_POINT('Origin',(32.5,12.5,35.));
#6902=CARTESIAN_POINT('',(33.6136931803688,11.3863068196312,40.5));
#6903=CARTESIAN_POINT('',(33.6136931803688,11.3863068196312,35.));
#6904=CARTESIAN_POINT('',(31.3863068196312,13.6136931803688,40.5));
#6905=CARTESIAN_POINT('Origin',(32.5,12.5,40.5));
#6906=CARTESIAN_POINT('',(31.3863068196312,13.6136931803688,35.));
#6907=CARTESIAN_POINT('Origin',(31.1136931803688,8.88630681963118,35.));
#6908=CARTESIAN_POINT('',(31.1136931803688,8.88630681963119,40.5));
#6909=CARTESIAN_POINT('',(31.1136931803688,8.88630681963119,35.));
#6910=CARTESIAN_POINT('',(26.1136931803688,3.88630681963119,40.5));
#6911=CARTESIAN_POINT('Origin',(5.00000000000001,-28.2842712474619,35.));
#6912=CARTESIAN_POINT('',(20.7967272905589,-28.9999999999796,35.));
#6913=CARTESIAN_POINT('',(36.,-28.9999999999796,35.));
#6914=CARTESIAN_POINT('',(5.,-28.9999999999796,35.));
#6915=CARTESIAN_POINT('',(21.25,-28.2842712474619,35.));
#6916=CARTESIAN_POINT('Ctrl Pts',(21.25,-28.2842712474619,35.));
#6917=CARTESIAN_POINT('Ctrl Pts',(21.0261953153331,-28.6403423203877,35.));
#6918=CARTESIAN_POINT('Ctrl Pts',(20.7967272905589,-28.9999999999797,35.));
#6919=CARTESIAN_POINT('',(22.5,-26.25,35.));
#6920=CARTESIAN_POINT('Ctrl Pts',(22.5,-26.25,35.));
#6921=CARTESIAN_POINT('Ctrl Pts',(21.8983141380745,-27.2528097698758,35.));
#6922=CARTESIAN_POINT('Ctrl Pts',(21.25,-28.2842712474619,35.));
#6923=CARTESIAN_POINT('',(22.5,26.25,35.));
#6924=CARTESIAN_POINT('',(22.5,-14.1421356237309,35.));
#6925=CARTESIAN_POINT('',(21.25,28.2842712474619,35.));
#6926=CARTESIAN_POINT('Ctrl Pts',(21.25,28.2842712474619,35.));
#6927=CARTESIAN_POINT('Ctrl Pts',(21.8983141380745,27.2528097698758,35.));
#6928=CARTESIAN_POINT('Ctrl Pts',(22.5,26.25,35.));
#6929=CARTESIAN_POINT('',(20.7967272905459,29.,35.));
#6930=CARTESIAN_POINT('Ctrl Pts',(20.7967272905459,29.,35.));
#6931=CARTESIAN_POINT('Ctrl Pts',(21.0261953153268,28.6403423203978,35.));
#6932=CARTESIAN_POINT('Ctrl Pts',(21.25,28.2842712474619,35.));
#6933=CARTESIAN_POINT('',(36.,29.,35.));
#6934=CARTESIAN_POINT('',(5.00000000000001,29.,35.));
#6935=CARTESIAN_POINT('',(36.,-32.1130814466628,35.));
#6936=CARTESIAN_POINT('',(28.5327534290379,-11.4672465709621,35.));
#6937=CARTESIAN_POINT('',(31.4672465709621,-8.53275342903791,35.));
#6938=CARTESIAN_POINT('Origin',(30.,-10.,35.));
#6939=CARTESIAN_POINT('',(31.0327534290379,-13.9672465709621,35.));
#6940=CARTESIAN_POINT('',(26.8538212409034,-9.78831438282756,35.));
#6941=CARTESIAN_POINT('',(33.9672465709621,-11.0327534290379,35.));
#6942=CARTESIAN_POINT('Origin',(32.5,-12.5,35.));
#6943=CARTESIAN_POINT('',(31.0383143828276,-8.10382124090338,35.));
#6944=CARTESIAN_POINT('Origin',(30.,-10.,35.25));
#6945=CARTESIAN_POINT('',(28.8863068196312,-11.1136931803688,35.5));
#6946=CARTESIAN_POINT('',(28.8863068196312,-11.1136931803688,35.5));
#6947=CARTESIAN_POINT('',(31.1136931803688,-8.88630681963119,35.5));
#6948=CARTESIAN_POINT('',(31.4672465709621,-8.53275342903791,35.));
#6949=CARTESIAN_POINT('Origin',(30.,-10.,35.5));
#6950=CARTESIAN_POINT('Origin',(27.0305979362,-9.61153768753092,35.25));
#6951=CARTESIAN_POINT('',(31.3863068196312,-13.6136931803688,35.5));
#6952=CARTESIAN_POINT('',(31.3863068196312,-13.6136931803688,35.5));
#6953=CARTESIAN_POINT('',(27.2073746314966,-9.43476099223428,35.5));
#6954=CARTESIAN_POINT('Origin',(32.5,-12.5,35.25));
#6955=CARTESIAN_POINT('',(33.6136931803688,-11.3863068196312,35.5));
#6956=CARTESIAN_POINT('',(33.6136931803688,-11.3863068196312,35.5));
#6957=CARTESIAN_POINT('Origin',(32.5,-12.5,35.5));
#6958=CARTESIAN_POINT('Origin',(30.8615376875309,-8.28059793620002,35.25));
#6959=CARTESIAN_POINT('',(30.6847609922343,-8.45737463149666,35.5));
#6960=CARTESIAN_POINT('Origin',(28.8863068196312,-11.1136931803688,35.));
#6961=CARTESIAN_POINT('',(28.8863068196312,-11.1136931803688,40.5));
#6962=CARTESIAN_POINT('',(28.8863068196312,-11.1136931803688,35.));
#6963=CARTESIAN_POINT('',(31.3863068196312,-13.6136931803688,40.5));
#6964=CARTESIAN_POINT('',(23.8863068196312,-6.11369318036883,40.5));
#6965=CARTESIAN_POINT('',(31.3863068196312,-13.6136931803688,35.));
#6966=CARTESIAN_POINT('Origin',(30.,-10.,35.));
#6967=CARTESIAN_POINT('',(31.1136931803688,-8.88630681963119,40.5));
#6968=CARTESIAN_POINT('',(31.1136931803688,-8.88630681963119,35.));
#6969=CARTESIAN_POINT('Origin',(30.,-10.,40.5));
#6970=CARTESIAN_POINT('Origin',(32.0808802290242,7.53205332405701,47.6129335530988));
#6971=CARTESIAN_POINT('',(33.3253897261403,8.47037660332514,46.674610273832));
#6972=CARTESIAN_POINT('',(34.8254444887918,9.97043136597657,45.1745555111824));
#6973=CARTESIAN_POINT('',(32.2850043742562,7.429991251441,47.7149956257148));
#6974=CARTESIAN_POINT('',(34.4171961983279,10.1745555112086,44.9704313659503));
#6975=CARTESIAN_POINT('',(34.8254444887918,9.97043136597657,45.1745555111824));
#6976=CARTESIAN_POINT('',(33.2551374037179,9.01249671659861,46.1324901605588));
#6977=CARTESIAN_POINT('',(31.8767560837923,7.63411539667301,47.5108714804827));
#6978=CARTESIAN_POINT('Ctrl Pts',(33.2551374038012,9.01249671656417,46.1324901606501));
#6979=CARTESIAN_POINT('Ctrl Pts',(33.2771574944244,8.83170652724214,46.313280349972));
#6980=CARTESIAN_POINT('Ctrl Pts',(33.3005945198558,8.65098688639654,46.4939999747116));
#6981=CARTESIAN_POINT('Ctrl Pts',(33.325389721746,8.47037659927883,46.6746102497963));
#6982=CARTESIAN_POINT('Ctrl Pts',(33.6600775097713,8.71654768250102,46.6933806496899));
#6983=CARTESIAN_POINT('Ctrl Pts',(33.2806737919629,8.33661063792126,46.7643058926119));
#6984=CARTESIAN_POINT('Ctrl Pts',(32.9003891844915,7.95582624879579,46.8305902439325));
#6985=CARTESIAN_POINT('Ctrl Pts',(32.5193367052379,7.57430790688594,46.892215342526));
#6986=CARTESIAN_POINT('Ctrl Pts',(33.5250974744253,8.81519736053864,46.5064171533119));
#6987=CARTESIAN_POINT('Ctrl Pts',(33.1464696844081,8.43621401934063,46.5781248520621));
#6988=CARTESIAN_POINT('Ctrl Pts',(32.7669543480115,8.0563654951746,46.6452060220115));
#6989=CARTESIAN_POINT('Ctrl Pts',(32.3866645846793,7.67576515673821,46.7076414466485));
#6990=CARTESIAN_POINT('Ctrl Pts',(33.3901174390792,8.91384703857627,46.3194536569338));
#6991=CARTESIAN_POINT('Ctrl Pts',(33.0122655768534,8.53581740076,46.3919438115124));
#6992=CARTESIAN_POINT('Ctrl Pts',(32.6335195115315,8.15690474155342,46.4598218000905));
#6993=CARTESIAN_POINT('Ctrl Pts',(32.2539924641206,7.77722240659049,46.5230675507711));
#6994=CARTESIAN_POINT('Ctrl Pts',(33.2551374037332,9.01249671661389,46.1324901605558));
#6995=CARTESIAN_POINT('Ctrl Pts',(32.8780614692987,8.63542078217937,46.2057627709627));
#6996=CARTESIAN_POINT('Ctrl Pts',(32.5000846750515,8.25744398793224,46.2744375781694));
#6997=CARTESIAN_POINT('Ctrl Pts',(32.121320343562,7.87867965644276,46.3384936548936));
#6998=CARTESIAN_POINT('',(32.121320343562,7.87867965644273,46.3384936548932));
#6999=CARTESIAN_POINT('Ctrl Pts',(33.2551374037332,9.01249671661389,46.1324901605558));
#7000=CARTESIAN_POINT('Ctrl Pts',(32.8780614692987,8.63542078217937,46.2057627709627));
#7001=CARTESIAN_POINT('Ctrl Pts',(32.5000846750515,8.25744398793224,46.2744375781694));
#7002=CARTESIAN_POINT('Ctrl Pts',(32.121320343562,7.87867965644276,46.3384936548936));
#7003=CARTESIAN_POINT('',(32.5193367052379,7.57430790688595,46.892215342526));
#7004=CARTESIAN_POINT('',(32.121320343562,7.87867965644273,46.3384936548932));
#7005=CARTESIAN_POINT('',(33.2279040443562,8.28378174092978,46.7720959554084));
#7006=CARTESIAN_POINT('Ctrl Pts',(32.5193367052379,7.57430790688594,46.892215342526));
#7007=CARTESIAN_POINT('Ctrl Pts',(32.7558305952295,7.81109092679473,46.8539687489963));
#7008=CARTESIAN_POINT('Ctrl Pts',(32.9920287119156,8.04759123851431,46.8139274774852));
#7009=CARTESIAN_POINT('Ctrl Pts',(33.2279040373359,8.28378173470483,46.7720959173881));
#7010=CARTESIAN_POINT('Ctrl Pts',(33.2279040445583,8.28378174119151,46.7720959554139));
#7011=CARTESIAN_POINT('Ctrl Pts',(33.2603487077167,8.3460330778904,46.7396512922555));
#7012=CARTESIAN_POINT('Ctrl Pts',(33.2928439382225,8.40823139332692,46.7071560617498));
#7013=CARTESIAN_POINT('Ctrl Pts',(33.3253897261403,8.47037660332514,46.674610273832));
#7014=CARTESIAN_POINT('Ctrl Pts',(32.4773296408693,7.5322496271924,46.8989894939305));
#7015=CARTESIAN_POINT('Ctrl Pts',(32.1207161135223,7.1752025124016,46.9563333306804));
#7016=CARTESIAN_POINT('Ctrl Pts',(31.170212542626,6.57369373738181,47.0438430048927));
#7017=CARTESIAN_POINT('Ctrl Pts',(29.9395208989826,6.4507203248506,47.0597544979365));
#7018=CARTESIAN_POINT('Ctrl Pts',(29.1639869749903,6.59824293197477,47.0394727938668));
#7019=CARTESIAN_POINT('Ctrl Pts',(28.6472740021876,6.75821681377264,47.0168136079879));
#7020=CARTESIAN_POINT('Ctrl Pts',(27.8274131355532,7.17300301927359,46.9565916486705));
#7021=CARTESIAN_POINT('Ctrl Pts',(27.1781616006858,7.84046473134261,46.8516903074622));
#7022=CARTESIAN_POINT('Ctrl Pts',(26.8046391313496,8.55176427055429,46.7243677301065));
#7023=CARTESIAN_POINT('Ctrl Pts',(26.6637753768817,8.9220904643084,46.6549293841926));
#7024=CARTESIAN_POINT('Ctrl Pts',(26.5679127883116,9.27206971731154,46.5868028749883));
#7025=CARTESIAN_POINT('Ctrl Pts',(26.4798939118709,9.84634312630519,46.469998041482));
#7026=CARTESIAN_POINT('Ctrl Pts',(26.5018717791349,10.4663527244548,46.3347446276616));
#7027=CARTESIAN_POINT('Ctrl Pts',(26.7629736930974,11.4854676423512,46.0951225387846));
#7028=CARTESIAN_POINT('Ctrl Pts',(27.16688118142,12.105384861169,45.9330213747509));
#7029=CARTESIAN_POINT('Ctrl Pts',(27.5192271197842,12.4570409532254,45.8374533617195));
#7030=CARTESIAN_POINT('Ctrl Pts',(32.3446045851606,7.63394500022195,46.7145050879421));
#7031=CARTESIAN_POINT('Ctrl Pts',(32.0055138233347,7.29847867865972,46.7694549089902));
#7032=CARTESIAN_POINT('Ctrl Pts',(31.1053646821739,6.73434722554067,46.8537210005101));
#7033=CARTESIAN_POINT('Ctrl Pts',(29.9429654648843,6.61909543790528,46.869160823105));
#7034=CARTESIAN_POINT('Ctrl Pts',(29.2100200684676,6.75740481150459,46.8495601397673));
#7035=CARTESIAN_POINT('Ctrl Pts',(28.7214871793216,6.9074097367667,46.8277047735669));
#7036=CARTESIAN_POINT('Ctrl Pts',(27.9455616168836,7.29649586972607,46.7696951523939));
#7037=CARTESIAN_POINT('Ctrl Pts',(27.3282996619978,7.92313461630379,46.6691053659109));
#7038=CARTESIAN_POINT('Ctrl Pts',(26.9693129523915,8.59346840712765,46.5475991688435));
#7039=CARTESIAN_POINT('Ctrl Pts',(26.8327895479076,8.94311541938306,46.4814118980301));
#7040=CARTESIAN_POINT('Ctrl Pts',(26.7387953023524,9.27409456309607,46.4165291781783));
#7041=CARTESIAN_POINT('Ctrl Pts',(26.6498331024481,9.81839678691269,46.3053661815451));
#7042=CARTESIAN_POINT('Ctrl Pts',(26.6643070617091,10.4084457896451,46.1767418626144));
#7043=CARTESIAN_POINT('Ctrl Pts',(26.9024985348061,11.3835781438853,45.9488656632191));
#7044=CARTESIAN_POINT('Ctrl Pts',(27.2826322983382,11.9821951603876,45.7946005190754));
#7045=CARTESIAN_POINT('Ctrl Pts',(27.617754956771,12.3231831984812,45.703589206178));
#7046=CARTESIAN_POINT('Ctrl Pts',(32.2118795294519,7.7356403732515,46.5300206819536));
#7047=CARTESIAN_POINT('Ctrl Pts',(31.890311533147,7.42175484491784,46.5825764873));
#7048=CARTESIAN_POINT('Ctrl Pts',(31.0405168217218,6.89500071369954,46.6635989961275));
#7049=CARTESIAN_POINT('Ctrl Pts',(29.9464100307859,6.78747055095997,46.6785671482734));
#7050=CARTESIAN_POINT('Ctrl Pts',(29.2560531619449,6.91656669103441,46.6596474856679));
#7051=CARTESIAN_POINT('Ctrl Pts',(28.7957003564555,7.05660265976076,46.6385959391458));
#7052=CARTESIAN_POINT('Ctrl Pts',(28.063710098214,7.41998872017854,46.5827986561174));
#7053=CARTESIAN_POINT('Ctrl Pts',(27.4784377233098,8.00580450126497,46.4865204243596));
#7054=CARTESIAN_POINT('Ctrl Pts',(27.1339867734333,8.63517254370101,46.3708306075805));
#7055=CARTESIAN_POINT('Ctrl Pts',(27.0018037189335,8.96414037445772,46.3078944118676));
#7056=CARTESIAN_POINT('Ctrl Pts',(26.9096778163932,9.2761194088806,46.2462554813684));
#7057=CARTESIAN_POINT('Ctrl Pts',(26.8197722930254,9.79045044752019,46.1407343216083));
#7058=CARTESIAN_POINT('Ctrl Pts',(26.8267423442833,10.3505388548355,46.0187390975671));
#7059=CARTESIAN_POINT('Ctrl Pts',(27.0420233765148,11.2816886454194,45.8026087876534));
#7060=CARTESIAN_POINT('Ctrl Pts',(27.3983834152563,11.8590054596062,45.6561796634));
#7061=CARTESIAN_POINT('Ctrl Pts',(27.7162827937579,12.1893254437371,45.5697250506365));
#7062=CARTESIAN_POINT('Ctrl Pts',(32.0791544737432,7.83733574628105,46.3455362759651));
#7063=CARTESIAN_POINT('Ctrl Pts',(31.7751092429593,7.54503101117595,46.3956980656099));
#7064=CARTESIAN_POINT('Ctrl Pts',(30.9756689612697,7.0556542018584,46.4734769917449));
#7065=CARTESIAN_POINT('Ctrl Pts',(29.9498545966876,6.95584566401465,46.4879734734418));
#7066=CARTESIAN_POINT('Ctrl Pts',(29.3020862554222,7.07572857056423,46.4697348315684));
#7067=CARTESIAN_POINT('Ctrl Pts',(28.8699135335895,7.20579558275482,46.4494871047248));
#7068=CARTESIAN_POINT('Ctrl Pts',(28.1818585795443,7.54348157063102,46.3959021598408));
#7069=CARTESIAN_POINT('Ctrl Pts',(27.6285757846219,8.08847438622615,46.3039354828084));
#7070=CARTESIAN_POINT('Ctrl Pts',(27.2986605944751,8.67687668027436,46.1940620463176));
#7071=CARTESIAN_POINT('Ctrl Pts',(27.1708178899594,8.98516532953238,46.1343769257052));
#7072=CARTESIAN_POINT('Ctrl Pts',(27.080560330434,9.27814425466514,46.0759817845584));
#7073=CARTESIAN_POINT('Ctrl Pts',(26.9897114836026,9.76250410812769,45.9761024616714));
#7074=CARTESIAN_POINT('Ctrl Pts',(26.9891776268576,10.2926319200259,45.8607363325199));
#7075=CARTESIAN_POINT('Ctrl Pts',(27.1815482182235,11.1797991469535,45.6563519120879));
#7076=CARTESIAN_POINT('Ctrl Pts',(27.5141345321745,11.7358157588247,45.5177588077246));
#7077=CARTESIAN_POINT('Ctrl Pts',(27.8148106307448,12.0554676889929,45.435860895095));
#7078=CARTESIAN_POINT('',(27.8148106307448,12.0554676889929,45.435860895095));
#7079=CARTESIAN_POINT('',(27.5192271197842,12.4570409532254,45.8374533617195));
#7080=CARTESIAN_POINT('',(27.8148106307448,12.0554676889929,45.435860895095));
#7081=CARTESIAN_POINT('',(32.4773296408693,7.5322496271924,46.8989894939305));
#7082=CARTESIAN_POINT('Ctrl Pts',(27.5192271197842,12.4570409532254,45.8374533617195));
#7083=CARTESIAN_POINT('Ctrl Pts',(27.16688118142,12.105384861169,45.9330213747509));
#7084=CARTESIAN_POINT('Ctrl Pts',(26.7629736930974,11.4854676423512,46.0951225387846));
#7085=CARTESIAN_POINT('Ctrl Pts',(26.5018717791349,10.4663527244548,46.3347446276616));
#7086=CARTESIAN_POINT('Ctrl Pts',(26.4798939118709,9.84634312630519,46.469998041482));
#7087=CARTESIAN_POINT('Ctrl Pts',(26.5679127883116,9.27206971731154,46.5868028749883));
#7088=CARTESIAN_POINT('Ctrl Pts',(26.6637753768817,8.9220904643084,46.6549293841926));
#7089=CARTESIAN_POINT('Ctrl Pts',(26.8046391313496,8.55176427055429,46.7243677301065));
#7090=CARTESIAN_POINT('Ctrl Pts',(27.1781616006858,7.84046473134261,46.8516903074622));
#7091=CARTESIAN_POINT('Ctrl Pts',(27.8274131355532,7.17300301927359,46.9565916486705));
#7092=CARTESIAN_POINT('Ctrl Pts',(28.6472740021876,6.75821681377264,47.0168136079879));
#7093=CARTESIAN_POINT('Ctrl Pts',(29.1639869749903,6.59824293197477,47.0394727938668));
#7094=CARTESIAN_POINT('Ctrl Pts',(29.9395208989826,6.4507203248506,47.0597544979365));
#7095=CARTESIAN_POINT('Ctrl Pts',(31.170212542626,6.57369373738181,47.0438430048927));
#7096=CARTESIAN_POINT('Ctrl Pts',(32.1207161135223,7.1752025124016,46.9563333306804));
#7097=CARTESIAN_POINT('Ctrl Pts',(32.4773296408693,7.5322496271924,46.8989894939305));
#7098=CARTESIAN_POINT('',(32.0791544737432,7.83733574628105,46.3455362759651));
#7099=CARTESIAN_POINT('',(32.4773296408693,7.5322496271924,46.8989894939305));
#7100=CARTESIAN_POINT('Ctrl Pts',(32.0791544737432,7.83733574628105,46.3455362759651));
#7101=CARTESIAN_POINT('Ctrl Pts',(31.7751092429593,7.54503101117595,46.3956980656099));
#7102=CARTESIAN_POINT('Ctrl Pts',(30.9756689612697,7.0556542018584,46.4734769917449));
#7103=CARTESIAN_POINT('Ctrl Pts',(29.9498545966876,6.95584566401465,46.4879734734418));
#7104=CARTESIAN_POINT('Ctrl Pts',(29.3020862554222,7.07572857056423,46.4697348315684));
#7105=CARTESIAN_POINT('Ctrl Pts',(28.8699135335895,7.20579558275482,46.4494871047248));
#7106=CARTESIAN_POINT('Ctrl Pts',(28.1818585795443,7.54348157063102,46.3959021598408));
#7107=CARTESIAN_POINT('Ctrl Pts',(27.6285757846219,8.08847438622615,46.3039354828084));
#7108=CARTESIAN_POINT('Ctrl Pts',(27.2986605944751,8.67687668027436,46.1940620463176));
#7109=CARTESIAN_POINT('Ctrl Pts',(27.1708178899594,8.98516532953238,46.1343769257052));
#7110=CARTESIAN_POINT('Ctrl Pts',(27.080560330434,9.27814425466514,46.0759817845584));
#7111=CARTESIAN_POINT('Ctrl Pts',(26.9897114836026,9.76250410812769,45.9761024616714));
#7112=CARTESIAN_POINT('Ctrl Pts',(26.9891776268576,10.2926319200259,45.8607363325199));
#7113=CARTESIAN_POINT('Ctrl Pts',(27.1815482182235,11.1797991469535,45.6563519120879));
#7114=CARTESIAN_POINT('Ctrl Pts',(27.5141345321745,11.7358157588247,45.5177588077246));
#7115=CARTESIAN_POINT('Ctrl Pts',(27.8148106307448,12.0554676889929,45.435860895095));
#7116=CARTESIAN_POINT('Ctrl Pts',(32.5193367052379,7.57430790688594,46.892215342526));
#7117=CARTESIAN_POINT('Ctrl Pts',(32.505335385229,7.56028946930804,46.8944796834579));
#7118=CARTESIAN_POINT('Ctrl Pts',(32.4913330285665,7.54627004086475,46.8967377342062));
#7119=CARTESIAN_POINT('Ctrl Pts',(32.4773296408693,7.5322496271924,46.8989894939305));
#7120=CARTESIAN_POINT('Ctrl Pts',(32.3866645846793,7.67576515673822,46.7076414466485));
#7121=CARTESIAN_POINT('Ctrl Pts',(32.3726912897595,7.66178045010579,46.7099355620469));
#7122=CARTESIAN_POINT('Ctrl Pts',(32.3586712974074,7.64784037418461,46.7122233682004));
#7123=CARTESIAN_POINT('Ctrl Pts',(32.3446045851606,7.63394500022195,46.7145050879421));
#7124=CARTESIAN_POINT('Ctrl Pts',(32.2539924641207,7.77722240659049,46.5230675507711));
#7125=CARTESIAN_POINT('Ctrl Pts',(32.2400471942901,7.76327143090354,46.5253914406358));
#7126=CARTESIAN_POINT('Ctrl Pts',(32.2260095662483,7.74941070750447,46.5277090021946));
#7127=CARTESIAN_POINT('Ctrl Pts',(32.2118795294519,7.7356403732515,46.5300206819536));
#7128=CARTESIAN_POINT('Ctrl Pts',(32.1213203435621,7.87867965644277,46.3384936548936));
#7129=CARTESIAN_POINT('Ctrl Pts',(32.1074030988206,7.86476241170128,46.3408473192248));
#7130=CARTESIAN_POINT('Ctrl Pts',(32.0933478350893,7.85098104082433,46.3431946361888));
#7131=CARTESIAN_POINT('Ctrl Pts',(32.0791544737432,7.83733574628105,46.3455362759651));
#7132=CARTESIAN_POINT('Ctrl Pts',(32.4773296408693,7.5322496271924,46.8989894939305));
#7133=CARTESIAN_POINT('Ctrl Pts',(32.4913330285665,7.54627004086475,46.8967377342062));
#7134=CARTESIAN_POINT('Ctrl Pts',(32.505335385229,7.56028946930804,46.8944796834579));
#7135=CARTESIAN_POINT('Ctrl Pts',(32.5193367052379,7.57430790688594,46.892215342526));
#7136=CARTESIAN_POINT('Ctrl Pts',(32.1213203435621,7.87867965644277,46.3384936548936));
#7137=CARTESIAN_POINT('Ctrl Pts',(32.1074030988206,7.86476241170128,46.3408473192248));
#7138=CARTESIAN_POINT('Ctrl Pts',(32.0933478350893,7.85098104082433,46.3431946361888));
#7139=CARTESIAN_POINT('Ctrl Pts',(32.0791544737432,7.83733574628105,46.3455362759651));
#7140=CARTESIAN_POINT('Ctrl Pts',(27.5843837731519,12.5220696889327,45.8197312377938));
#7141=CARTESIAN_POINT('Ctrl Pts',(28.4013432099167,13.3374208597514,45.596903999263));
#7142=CARTESIAN_POINT('Ctrl Pts',(29.2124158847866,14.1467317920815,45.3523329372613));
#7143=CARTESIAN_POINT('Ctrl Pts',(30.0164426392803,14.9488499872819,45.0863824680567));
#7144=CARTESIAN_POINT('Ctrl Pts',(27.6824824009288,12.3884865738224,45.6860512592084));
#7145=CARTESIAN_POINT('Ctrl Pts',(28.4982069558617,13.2031389514579,45.4655420220848));
#7146=CARTESIAN_POINT('Ctrl Pts',(29.3080683570127,14.0118258575824,45.2232961485045));
#7147=CARTESIAN_POINT('Ctrl Pts',(30.1109067651658,14.8133918928733,44.9596724670785));
#7148=CARTESIAN_POINT('Ctrl Pts',(27.7805810287057,12.2549034587122,45.552371280623));
#7149=CARTESIAN_POINT('Ctrl Pts',(28.5950707018066,13.0688570431644,45.3341800449067));
#7150=CARTESIAN_POINT('Ctrl Pts',(29.4037208292388,13.8769199230833,45.0942593597476));
#7151=CARTESIAN_POINT('Ctrl Pts',(30.2053708910514,14.6779337984647,44.8329624661003));
#7152=CARTESIAN_POINT('Ctrl Pts',(27.8786796564826,12.1213203436019,45.4186913020377));
#7153=CARTESIAN_POINT('Ctrl Pts',(28.6919344477516,12.9345751348709,45.2028180677286));
#7154=CARTESIAN_POINT('Ctrl Pts',(29.4993733014649,13.7420139885842,44.9652225709908));
#7155=CARTESIAN_POINT('Ctrl Pts',(30.2998350169369,14.5424757040562,44.7062524651221));
#7156=CARTESIAN_POINT('',(27.5843837731519,12.5220696889327,45.8197312377938));
#7157=CARTESIAN_POINT('',(27.8786796564812,12.1213203436005,45.4186913020272));
#7158=CARTESIAN_POINT('',(27.5843837731519,12.5220696889327,45.8197312377938));
#7159=CARTESIAN_POINT('',(30.2998350169369,14.5424757040562,44.7062524651221));
#7160=CARTESIAN_POINT('Ctrl Pts',(27.8786796564826,12.1213203436019,45.4186913020377));
#7161=CARTESIAN_POINT('Ctrl Pts',(28.6919344477516,12.9345751348709,45.2028180677286));
#7162=CARTESIAN_POINT('Ctrl Pts',(29.4993733014649,13.7420139885842,44.9652225709908));
#7163=CARTESIAN_POINT('Ctrl Pts',(30.2998350169369,14.5424757040562,44.7062524651221));
#7164=CARTESIAN_POINT('',(30.0164426392803,14.9488499872819,45.0863824680567));
#7165=CARTESIAN_POINT('',(30.2998350169369,14.5424757040562,44.7062524651221));
#7166=CARTESIAN_POINT('Ctrl Pts',(30.0164426392803,14.9488499872819,45.0863824680567));
#7167=CARTESIAN_POINT('Ctrl Pts',(29.2124158847866,14.1467317920815,45.3523329372613));
#7168=CARTESIAN_POINT('Ctrl Pts',(28.4013432099167,13.3374208597514,45.596903999263));
#7169=CARTESIAN_POINT('Ctrl Pts',(27.5843837731519,12.5220696889327,45.8197312377938));
#7170=CARTESIAN_POINT('Ctrl Pts',(27.5192271197842,12.4570409532254,45.8374533617195));
#7171=CARTESIAN_POINT('Ctrl Pts',(27.5409501475165,12.4787214501695,45.8315613494345));
#7172=CARTESIAN_POINT('Ctrl Pts',(27.5626690392847,12.5003977026799,45.8256539727123));
#7173=CARTESIAN_POINT('Ctrl Pts',(27.5843837731519,12.5220696889327,45.8197312377938));
#7174=CARTESIAN_POINT('Ctrl Pts',(27.617754956771,12.3231831984812,45.703589206178));
#7175=CARTESIAN_POINT('Ctrl Pts',(27.639224520822,12.3450653964623,45.6977579359771));
#7176=CARTESIAN_POINT('Ctrl Pts',(27.6608004901481,12.3668331614516,45.6919123817855));
#7177=CARTESIAN_POINT('Ctrl Pts',(27.6824824009288,12.3884865738224,45.6860512592084));
#7178=CARTESIAN_POINT('Ctrl Pts',(27.7162827937579,12.1893254437371,45.5697250506365));
#7179=CARTESIAN_POINT('Ctrl Pts',(27.7374988941275,12.211409342755,45.5639545225197));
#7180=CARTESIAN_POINT('Ctrl Pts',(27.7589319410114,12.2332686202232,45.5581707908588));
#7181=CARTESIAN_POINT('Ctrl Pts',(27.7805810287057,12.2549034587122,45.552371280623));
#7182=CARTESIAN_POINT('Ctrl Pts',(27.8148106307448,12.0554676889929,45.435860895095));
#7183=CARTESIAN_POINT('Ctrl Pts',(27.835773267433,12.0777532890478,45.4301511090624));
#7184=CARTESIAN_POINT('Ctrl Pts',(27.8570633918748,12.0997040789949,45.4244291999321));
#7185=CARTESIAN_POINT('Ctrl Pts',(27.8786796564826,12.1213203436019,45.4186913020377));
#7186=CARTESIAN_POINT('Ctrl Pts',(27.5843837731519,12.5220696889327,45.8197312377938));
#7187=CARTESIAN_POINT('Ctrl Pts',(27.5626690392847,12.5003977026799,45.8256539727123));
#7188=CARTESIAN_POINT('Ctrl Pts',(27.5409501475165,12.4787214501695,45.8315613494345));
#7189=CARTESIAN_POINT('Ctrl Pts',(27.5192271197842,12.4570409532254,45.8374533617195));
#7190=CARTESIAN_POINT('Ctrl Pts',(27.8148106307448,12.0554676889929,45.435860895095));
#7191=CARTESIAN_POINT('Ctrl Pts',(27.835773267433,12.0777532890478,45.4301511090624));
#7192=CARTESIAN_POINT('Ctrl Pts',(27.8570633918748,12.0997040789949,45.4244291999321));
#7193=CARTESIAN_POINT('Ctrl Pts',(27.8786796564826,12.1213203436019,45.4186913020377));
#7194=CARTESIAN_POINT('Ctrl Pts',(34.9209783073285,14.9064456598751,45.0223851952274));
#7195=CARTESIAN_POINT('Ctrl Pts',(35.090915708087,14.7249613076824,44.8717054302034));
#7196=CARTESIAN_POINT('Ctrl Pts',(35.2476257226695,14.5189388163901,44.7328385906138));
#7197=CARTESIAN_POINT('Ctrl Pts',(35.3832061073865,14.2884680744026,44.6076885331576));
#7198=CARTESIAN_POINT('Ctrl Pts',(34.7912855325456,14.8400040575395,44.9621189607439));
#7199=CARTESIAN_POINT('Ctrl Pts',(34.9611018809927,14.6669771783455,44.813154188507));
#7200=CARTESIAN_POINT('Ctrl Pts',(35.1180189697999,14.4693117208798,44.6757017688848));
#7201=CARTESIAN_POINT('Ctrl Pts',(35.2541115760816,14.2471264136257,44.5517295482919));
#7202=CARTESIAN_POINT('Ctrl Pts',(34.6615927577628,14.7735624552039,44.9018527262603));
#7203=CARTESIAN_POINT('Ctrl Pts',(34.8312880538984,14.6089930490085,44.7546029468106));
#7204=CARTESIAN_POINT('Ctrl Pts',(34.9884122169303,14.4196846253695,44.6185649471558));
#7205=CARTESIAN_POINT('Ctrl Pts',(35.1250170447766,14.2057847528487,44.4957705634261));
#7206=CARTESIAN_POINT('Ctrl Pts',(34.53189998298,14.7071208528683,44.8415864917767));
#7207=CARTESIAN_POINT('Ctrl Pts',(34.7014742268042,14.5510089196715,44.6960517051142));
#7208=CARTESIAN_POINT('Ctrl Pts',(34.8588054640608,14.3700575298591,44.5614281254268));
#7209=CARTESIAN_POINT('Ctrl Pts',(34.9959225134717,14.1644430920717,44.4398115785604));
#7210=CARTESIAN_POINT('',(34.692099804633,14.5480962981579,44.7040445406081));
#7211=CARTESIAN_POINT('',(34.9959225134717,14.1644430920717,44.4398115785604));
#7212=CARTESIAN_POINT('Ctrl Pts',(34.6921062190248,14.5480913479595,44.7040581646731));
#7213=CARTESIAN_POINT('Ctrl Pts',(34.8009945983319,14.4315496212536,44.6104476621118));
#7214=CARTESIAN_POINT('Ctrl Pts',(34.9030912333344,14.3036486216285,44.5221486750775));
#7215=CARTESIAN_POINT('Ctrl Pts',(34.9959225134717,14.1644430920717,44.4398115785604));
#7216=CARTESIAN_POINT('',(35.3832061073865,14.2884680744026,44.6076885331576));
#7217=CARTESIAN_POINT('',(34.9959225134717,14.1644430920717,44.4398115785604));
#7218=CARTESIAN_POINT('',(34.9209783073285,14.9064456598751,45.0223851952274));
#7219=CARTESIAN_POINT('Ctrl Pts',(35.3832061073865,14.2884680744026,44.6076885331576));
#7220=CARTESIAN_POINT('Ctrl Pts',(35.2476257226695,14.5189388163901,44.7328385906138));
#7221=CARTESIAN_POINT('Ctrl Pts',(35.090915708087,14.7249613076824,44.8717054302034));
#7222=CARTESIAN_POINT('Ctrl Pts',(34.9209783073285,14.9064456598751,45.0223851952274));
#7223=CARTESIAN_POINT('Ctrl Pts',(34.9209783073271,14.9064456598741,45.0223851952265));
#7224=CARTESIAN_POINT('Ctrl Pts',(34.8778051444772,14.8361890266222,44.9611567971861));
#7225=CARTESIAN_POINT('Ctrl Pts',(34.8340314393016,14.7665454007337,44.8998184508561));
#7226=CARTESIAN_POINT('Ctrl Pts',(34.7896267902645,14.6974551529225,44.8382646694978));
#7227=CARTESIAN_POINT('Ctrl Pts',(34.7574491375496,14.6473891790151,44.7936599660988));
#7228=CARTESIAN_POINT('Ctrl Pts',(34.7249397417053,14.5976145514546,44.7489426857756));
#7229=CARTESIAN_POINT('Ctrl Pts',(34.6920788440938,14.5481206465771,44.7040816986797));
#7230=CARTESIAN_POINT('Ctrl Pts',(30.1068955376659,15.0358858027712,45.057431552677));
#7231=CARTESIAN_POINT('Ctrl Pts',(30.4624314992186,15.3658372879354,44.9473251244936));
#7232=CARTESIAN_POINT('Ctrl Pts',(31.1574423418775,15.7798611834089,44.8027847285118));
#7233=CARTESIAN_POINT('Ctrl Pts',(32.4323957778519,16.0349971230408,44.711372698306));
#7234=CARTESIAN_POINT('Ctrl Pts',(33.7221204043215,15.875848479316,44.7692925190763));
#7235=CARTESIAN_POINT('Ctrl Pts',(34.6347543605317,15.2946715514252,44.9716570626881));
#7236=CARTESIAN_POINT('Ctrl Pts',(34.9758257029025,14.9565391198742,45.0838323299364));
#7237=CARTESIAN_POINT('Ctrl Pts',(30.197490243924,14.8976973163673,44.9320001490514));
#7238=CARTESIAN_POINT('Ctrl Pts',(30.5361445067438,15.2192952615948,44.8267430215677));
#7239=CARTESIAN_POINT('Ctrl Pts',(31.2032179426474,15.6255226100882,44.6884192312684));
#7240=CARTESIAN_POINT('Ctrl Pts',(32.4344215115621,15.8769184570853,44.6008858571882));
#7241=CARTESIAN_POINT('Ctrl Pts',(33.6816908368584,15.7196974235685,44.6563679266632));
#7242=CARTESIAN_POINT('Ctrl Pts',(34.5568158210985,15.1496907538412,44.8500167367509));
#7243=CARTESIAN_POINT('Ctrl Pts',(34.8812504034793,14.8203915126355,44.9572364001603));
#7244=CARTESIAN_POINT('Ctrl Pts',(30.2880849501822,14.7595088299635,44.8065687454259));
#7245=CARTESIAN_POINT('Ctrl Pts',(30.609857514269,15.0727532352542,44.7061609186419));
#7246=CARTESIAN_POINT('Ctrl Pts',(31.2489935434173,15.4711840367675,44.574053734025));
#7247=CARTESIAN_POINT('Ctrl Pts',(32.4364472452724,15.7188397911297,44.4903990160703));
#7248=CARTESIAN_POINT('Ctrl Pts',(33.6412612693953,15.563546367821,44.5434433342501));
#7249=CARTESIAN_POINT('Ctrl Pts',(34.4788772816652,15.0047099562573,44.7283764108137));
#7250=CARTESIAN_POINT('Ctrl Pts',(34.7866751040561,14.6842439053967,44.8306404703842));
#7251=CARTESIAN_POINT('Ctrl Pts',(30.3786796564404,14.6213203435596,44.6811373418004));
#7252=CARTESIAN_POINT('Ctrl Pts',(30.6835705217942,14.9262112089135,44.5855788157161));
#7253=CARTESIAN_POINT('Ctrl Pts',(31.2947691441872,15.3168454634467,44.4596882367816));
#7254=CARTESIAN_POINT('Ctrl Pts',(32.4384729789826,15.5607611251741,44.3799121749525));
#7255=CARTESIAN_POINT('Ctrl Pts',(33.6008317019321,15.4073953120735,44.430518741837));
#7256=CARTESIAN_POINT('Ctrl Pts',(34.400938742232,14.8597291586733,44.6067360848766));
#7257=CARTESIAN_POINT('Ctrl Pts',(34.692099804633,14.5480962981579,44.7040445406081));
#7258=CARTESIAN_POINT('',(34.872946607155,15.0544458238891,45.0512337337585));
#7259=CARTESIAN_POINT('',(30.1068955376659,15.0358858027712,45.057431552677));
#7260=CARTESIAN_POINT('Ctrl Pts',(34.8726839024858,15.0541805704799,45.0513087995764));
#7261=CARTESIAN_POINT('Ctrl Pts',(34.5453450905233,15.3503455126158,44.9522667331133));
#7262=CARTESIAN_POINT('Ctrl Pts',(33.6717400897602,15.8820652782887,44.7670300060329));
#7263=CARTESIAN_POINT('Ctrl Pts',(32.4323957778519,16.0349971230408,44.711372698306));
#7264=CARTESIAN_POINT('Ctrl Pts',(31.1574423418775,15.7798611834089,44.8027847285118));
#7265=CARTESIAN_POINT('Ctrl Pts',(30.4624314992186,15.3658372879354,44.9473251244936));
#7266=CARTESIAN_POINT('Ctrl Pts',(30.1068955376659,15.0358858027712,45.057431552677));
#7267=CARTESIAN_POINT('',(30.3786796564404,14.6213203435596,44.6811373418004));
#7268=CARTESIAN_POINT('',(30.1068955376659,15.0358858027712,45.057431552677));
#7269=CARTESIAN_POINT('Ctrl Pts',(30.3786796564404,14.6213203435596,44.6811373418004));
#7270=CARTESIAN_POINT('Ctrl Pts',(30.6835705217942,14.9262112089135,44.5855788157161));
#7271=CARTESIAN_POINT('Ctrl Pts',(31.2947691441872,15.3168454634467,44.4596882367816));
#7272=CARTESIAN_POINT('Ctrl Pts',(32.4384729789826,15.5607611251741,44.3799121749525));
#7273=CARTESIAN_POINT('Ctrl Pts',(33.6008317019321,15.4073953120735,44.430518741837));
#7274=CARTESIAN_POINT('Ctrl Pts',(34.400938742232,14.8597291586733,44.6067360848766));
#7275=CARTESIAN_POINT('Ctrl Pts',(34.692099804633,14.5480962981579,44.7040445406081));
#7276=CARTESIAN_POINT('Ctrl Pts',(34.9209180547246,14.9064358428782,45.0223266870262));
#7277=CARTESIAN_POINT('Ctrl Pts',(34.9056041597619,14.9560386919669,45.031664312575));
#7278=CARTESIAN_POINT('Ctrl Pts',(34.8895831081456,15.0053759021604,45.0412795131184));
#7279=CARTESIAN_POINT('Ctrl Pts',(34.8728795295668,15.0544346232963,45.0511686522195));
#7280=CARTESIAN_POINT('Ctrl Pts',(30.0164426392803,14.9488499872819,45.0863824680567));
#7281=CARTESIAN_POINT('Ctrl Pts',(30.0459990235345,14.9783362120401,45.0766060094793));
#7282=CARTESIAN_POINT('Ctrl Pts',(30.0760150320833,15.0072274678024,45.0669949795533));
#7283=CARTESIAN_POINT('Ctrl Pts',(30.1068955376659,15.0358858027712,45.057431552677));
#7284=CARTESIAN_POINT('Ctrl Pts',(30.1109067651658,14.8133918928733,44.9596724670785));
#7285=CARTESIAN_POINT('Ctrl Pts',(30.1393483136511,14.8417866683613,44.9503280875691));
#7286=CARTESIAN_POINT('Ctrl Pts',(30.1680760186853,14.8697645382045,44.9411423840554));
#7287=CARTESIAN_POINT('Ctrl Pts',(30.197490243924,14.8976973163673,44.9320001490514));
#7288=CARTESIAN_POINT('Ctrl Pts',(30.2053708910514,14.6779337984647,44.8329624661003));
#7289=CARTESIAN_POINT('Ctrl Pts',(30.2326976037677,14.7052371246824,44.824050165659));
#7290=CARTESIAN_POINT('Ctrl Pts',(30.2601370052873,14.7323016086066,44.8152897885575));
#7291=CARTESIAN_POINT('Ctrl Pts',(30.2880849501822,14.7595088299635,44.8065687454259));
#7292=CARTESIAN_POINT('Ctrl Pts',(30.2998350169369,14.5424757040562,44.7062524651221));
#7293=CARTESIAN_POINT('Ctrl Pts',(30.3260468938842,14.5686875810035,44.6977722437488));
#7294=CARTESIAN_POINT('Ctrl Pts',(30.3521979918894,14.5948386790087,44.6894371930597));
#7295=CARTESIAN_POINT('Ctrl Pts',(30.3786796564404,14.6213203435596,44.6811373418004));
#7296=CARTESIAN_POINT('Ctrl Pts',(30.1068955376659,15.0358858027712,45.057431552677));
#7297=CARTESIAN_POINT('Ctrl Pts',(30.0760150320833,15.0072274678024,45.0669949795533));
#7298=CARTESIAN_POINT('Ctrl Pts',(30.0459990235345,14.9783362120401,45.0766060094793));
#7299=CARTESIAN_POINT('Ctrl Pts',(30.0164426392803,14.9488499872819,45.0863824680567));
#7300=CARTESIAN_POINT('Ctrl Pts',(30.2998350169369,14.5424757040562,44.7062524651221));
#7301=CARTESIAN_POINT('Ctrl Pts',(30.3260468938842,14.5686875810035,44.6977722437488));
#7302=CARTESIAN_POINT('Ctrl Pts',(30.3521979918894,14.5948386790087,44.6894371930597));
#7303=CARTESIAN_POINT('Ctrl Pts',(30.3786796564404,14.6213203435596,44.6811373418004));
#7304=CARTESIAN_POINT('Ctrl Pts',(35.5802396269229,13.8922087087094,44.4197603730522));
#7305=CARTESIAN_POINT('Ctrl Pts',(35.7912070254701,13.3791323835876,44.2087929745053));
#7306=CARTESIAN_POINT('Ctrl Pts',(36.011204570879,12.0037397337987,43.9887954290967));
#7307=CARTESIAN_POINT('Ctrl Pts',(35.4853048318405,10.7397501439047,44.5146951681345));
#7308=CARTESIAN_POINT('Ctrl Pts',(35.0319776886298,10.1964807125659,44.9680223113447));
#7309=CARTESIAN_POINT('Ctrl Pts',(35.4542089286261,13.8625478963579,44.3658652782003));
#7310=CARTESIAN_POINT('Ctrl Pts',(35.6707102949391,13.363214060443,44.1588144024069));
#7311=CARTESIAN_POINT('Ctrl Pts',(35.8990522668985,12.0108580348735,43.9428882873721));
#7312=CARTESIAN_POINT('Ctrl Pts',(35.3547104060544,10.7767937183908,44.4590856479217));
#7313=CARTESIAN_POINT('Ctrl Pts',(34.8950919069397,10.2572136938574,44.903919226883));
#7314=CARTESIAN_POINT('Ctrl Pts',(35.3281782303292,13.8328870840064,44.3119701833484));
#7315=CARTESIAN_POINT('Ctrl Pts',(35.550213564408,13.3472957372984,44.1088358303086));
#7316=CARTESIAN_POINT('Ctrl Pts',(35.7868999629181,12.0179763359484,43.8969811456476));
#7317=CARTESIAN_POINT('Ctrl Pts',(35.2241159802684,10.8138372928769,44.4034761277088));
#7318=CARTESIAN_POINT('Ctrl Pts',(34.7582061252497,10.3179466751489,44.8398161424213));
#7319=CARTESIAN_POINT('Ctrl Pts',(35.2021475320323,13.8032262716549,44.2580750884966));
#7320=CARTESIAN_POINT('Ctrl Pts',(35.429716833877,13.3313774141538,44.0588572582102));
#7321=CARTESIAN_POINT('Ctrl Pts',(35.6747476589376,12.0250946370233,43.851074003923));
#7322=CARTESIAN_POINT('Ctrl Pts',(35.0935215544823,10.850880867363,44.3478666074959));
#7323=CARTESIAN_POINT('Ctrl Pts',(34.6213203435596,10.3786796564404,44.7757130579596));
#7324=CARTESIAN_POINT('',(35.5802396269229,13.8922087087094,44.4197603730522));
#7325=CARTESIAN_POINT('',(35.2021475320323,13.8032262716549,44.2580750884966));
#7326=CARTESIAN_POINT('',(35.5802396269229,13.8922087087094,44.4197603730522));
#7327=CARTESIAN_POINT('',(34.6213203435596,10.3786796564404,44.7757130579596));
#7328=CARTESIAN_POINT('Ctrl Pts',(35.2021475320323,13.8032262716549,44.2580750884966));
#7329=CARTESIAN_POINT('Ctrl Pts',(35.429716833877,13.3313774141538,44.0588572582102));
#7330=CARTESIAN_POINT('Ctrl Pts',(35.6747476589376,12.0250946370233,43.851074003923));
#7331=CARTESIAN_POINT('Ctrl Pts',(35.0935215544823,10.850880867363,44.3478666074959));
#7332=CARTESIAN_POINT('Ctrl Pts',(34.6213203435596,10.3786796564404,44.7757130579596));
#7333=CARTESIAN_POINT('',(35.0319776886298,10.1964807125659,44.9680223113447));
#7334=CARTESIAN_POINT('',(34.6213203435596,10.3786796564404,44.7757130579596));
#7335=CARTESIAN_POINT('Ctrl Pts',(35.0319776886298,10.1964807125659,44.9680223113447));
#7336=CARTESIAN_POINT('Ctrl Pts',(35.4853048318405,10.7397501439047,44.5146951681345));
#7337=CARTESIAN_POINT('Ctrl Pts',(36.011204570879,12.0037397337987,43.9887954290967));
#7338=CARTESIAN_POINT('Ctrl Pts',(35.7912070254701,13.3791323835876,44.2087929745053));
#7339=CARTESIAN_POINT('Ctrl Pts',(35.5802396269229,13.8922087087094,44.4197603730522));
#7340=CARTESIAN_POINT('Ctrl Pts',(35.3832061073865,14.2884680744026,44.6076885331576));
#7341=CARTESIAN_POINT('Ctrl Pts',(35.4577319864551,14.1617828265178,44.5388960004704));
#7342=CARTESIAN_POINT('Ctrl Pts',(35.5238323392605,14.0293921980222,44.4761676607146));
#7343=CARTESIAN_POINT('Ctrl Pts',(35.5802396269229,13.8922087087094,44.4197603730522));
#7344=CARTESIAN_POINT('Ctrl Pts',(35.2541115760816,14.2471264136257,44.5517295482919));
#7345=CARTESIAN_POINT('Ctrl Pts',(35.3292151156212,14.1245514852984,44.4833218202284));
#7346=CARTESIAN_POINT('Ctrl Pts',(35.3963219994937,13.99605699547,44.421225387829));
#7347=CARTESIAN_POINT('Ctrl Pts',(35.4542089286261,13.8625478963579,44.3658652782003));
#7348=CARTESIAN_POINT('Ctrl Pts',(35.1250170447766,14.2057847528487,44.4957705634261));
#7349=CARTESIAN_POINT('Ctrl Pts',(35.2006982447873,14.087320144079,44.4277476399864));
#7350=CARTESIAN_POINT('Ctrl Pts',(35.268811659727,13.9627217929178,44.3662831149434));
#7351=CARTESIAN_POINT('Ctrl Pts',(35.3281782303292,13.8328870840064,44.3119701833484));
#7352=CARTESIAN_POINT('Ctrl Pts',(34.9959225134717,14.1644430920717,44.4398115785604));
#7353=CARTESIAN_POINT('Ctrl Pts',(35.0721813739534,14.0500888028596,44.3721734597444));
#7354=CARTESIAN_POINT('Ctrl Pts',(35.1413013199602,13.9293865903656,44.3113408420577));
#7355=CARTESIAN_POINT('Ctrl Pts',(35.2021475320323,13.8032262716549,44.2580750884966));
#7356=CARTESIAN_POINT('Ctrl Pts',(35.5802396269229,13.8922087087094,44.4197603730522));
#7357=CARTESIAN_POINT('Ctrl Pts',(35.5238323392605,14.0293921980222,44.4761676607146));
#7358=CARTESIAN_POINT('Ctrl Pts',(35.4577319864551,14.1617828265178,44.5388960004704));
#7359=CARTESIAN_POINT('Ctrl Pts',(35.3832061073865,14.2884680744026,44.6076885331576));
#7360=CARTESIAN_POINT('Ctrl Pts',(34.9959225134717,14.1644430920717,44.4398115785604));
#7361=CARTESIAN_POINT('Ctrl Pts',(35.0721813739534,14.0500888028596,44.3721734597444));
#7362=CARTESIAN_POINT('Ctrl Pts',(35.1413013199602,13.9293865903656,44.3113408420577));
#7363=CARTESIAN_POINT('Ctrl Pts',(35.2021475320323,13.8032262716549,44.2580750884966));
#7364=CARTESIAN_POINT('Ctrl Pts',(35.0319776886298,10.1964807125659,44.9680223113447));
#7365=CARTESIAN_POINT('Ctrl Pts',(34.9661983880782,10.1176504820365,45.0338016118962));
#7366=CARTESIAN_POINT('Ctrl Pts',(34.8972535405581,10.0422404177428,45.1027464594162));
#7367=CARTESIAN_POINT('Ctrl Pts',(34.8254444887918,9.97043136597658,45.1745555111824));
#7368=CARTESIAN_POINT('Ctrl Pts',(34.8950919069397,10.2572136938574,44.903919226883));
#7369=CARTESIAN_POINT('Ctrl Pts',(34.8283997093841,10.1818208763166,44.968466082557));
#7370=CARTESIAN_POINT('Ctrl Pts',(34.7598098646135,10.1089208870302,45.0360659901288));
#7371=CARTESIAN_POINT('Ctrl Pts',(34.6893617253038,10.0384727477206,45.1065141294384));
#7372=CARTESIAN_POINT('Ctrl Pts',(34.7582061252497,10.3179466751489,44.8398161424213));
#7373=CARTESIAN_POINT('Ctrl Pts',(34.69060103069,10.2459912705966,44.9031305532178));
#7374=CARTESIAN_POINT('Ctrl Pts',(34.6223661886689,10.1756013563176,44.9693855208414));
#7375=CARTESIAN_POINT('Ctrl Pts',(34.5532789618158,10.1065141294646,45.0384727476943));
#7376=CARTESIAN_POINT('Ctrl Pts',(34.6213203435596,10.3786796564404,44.7757130579596));
#7377=CARTESIAN_POINT('Ctrl Pts',(34.5528023519959,10.3101616648767,44.8377950238786));
#7378=CARTESIAN_POINT('Ctrl Pts',(34.4849225127243,10.242281825605,44.9027050515539));
#7379=CARTESIAN_POINT('Ctrl Pts',(34.4171961983279,10.1745555112086,44.9704313659503));
#7380=CARTESIAN_POINT('Ctrl Pts',(34.8254444887918,9.97043136597658,45.1745555111824));
#7381=CARTESIAN_POINT('Ctrl Pts',(34.8972535405581,10.0422404177428,45.1027464594162));
#7382=CARTESIAN_POINT('Ctrl Pts',(34.9661983880782,10.1176504820365,45.0338016118962));
#7383=CARTESIAN_POINT('Ctrl Pts',(35.0319776886298,10.1964807125659,44.9680223113447));
#7384=CARTESIAN_POINT('Ctrl Pts',(34.6213203435596,10.3786796564404,44.7757130579596));
#7385=CARTESIAN_POINT('Ctrl Pts',(34.5528023519959,10.3101616648767,44.8377950238786));
#7386=CARTESIAN_POINT('Ctrl Pts',(34.4849225127243,10.242281825605,44.9027050515539));
#7387=CARTESIAN_POINT('Ctrl Pts',(34.4171961983279,10.1745555112086,44.9704313659503));
#7388=CARTESIAN_POINT('Ctrl Pts',(34.8194356961934,14.0284526039071,45.1805643037808));
#7389=CARTESIAN_POINT('Ctrl Pts',(36.5473206567527,13.7205275231119,43.4526793432237));
#7390=CARTESIAN_POINT('Ctrl Pts',(38.2743613414517,13.4026773479252,41.7256386585268));
#7391=CARTESIAN_POINT('Ctrl Pts',(40.,13.0726684705363,39.9999999999806));
#7392=CARTESIAN_POINT('Ctrl Pts',(34.8927408456305,14.8511388554893,45.1072591543438));
#7393=CARTESIAN_POINT('Ctrl Pts',(36.6237842926059,14.5605257361853,43.3762293805165));
#7394=CARTESIAN_POINT('Ctrl Pts',(38.3543552604913,14.2615893750363,41.6456241574367));
#7395=CARTESIAN_POINT('Ctrl Pts',(40.0841522645044,13.9527441944494,39.9158477354763));
#7396=CARTESIAN_POINT('Ctrl Pts',(34.892740845632,15.6737727579743,44.9606581845643));
#7397=CARTESIAN_POINT('Ctrl Pts',(36.6237842926073,15.4004652361882,43.2233264789722));
#7398=CARTESIAN_POINT('Ctrl Pts',(38.3543552604927,15.1204379986925,41.4856274564833));
#7399=CARTESIAN_POINT('Ctrl Pts',(40.0841522645058,14.8327462628355,39.7475572922556));
#7400=CARTESIAN_POINT('Ctrl Pts',(34.8194356961977,16.4711359225124,44.7452555445746));
#7401=CARTESIAN_POINT('Ctrl Pts',(36.547320656757,16.2135270686805,42.9988487227982));
#7402=CARTESIAN_POINT('Ctrl Pts',(38.274361341456,15.9505631068926,41.2509801968138));
#7403=CARTESIAN_POINT('Ctrl Pts',(40.0000000000043,15.6817712441225,39.5010386021051));
#7404=CARTESIAN_POINT('Ctrl Pts',(35.58023989259,13.8922116613793,44.4197601073851));
#7405=CARTESIAN_POINT('Ctrl Pts',(37.0542829564664,13.6269570220986,42.9457170435105));
#7406=CARTESIAN_POINT('Ctrl Pts',(38.5276518039482,13.3542384115536,41.4723481960305));
#7407=CARTESIAN_POINT('Ctrl Pts',(40.,13.0726684705363,39.9999999999806));
#7408=CARTESIAN_POINT('',(35.,16.4441957729731,44.562747058258));
#7409=CARTESIAN_POINT('Ctrl Pts',(40.0000000000043,15.6817712441225,39.5010386021051));
#7410=CARTESIAN_POINT('Ctrl Pts',(38.3344722549684,15.9412000085778,41.1900227145912));
#7411=CARTESIAN_POINT('Ctrl Pts',(36.6676384589363,16.1951998187449,42.8770756694657));
#7412=CARTESIAN_POINT('Ctrl Pts',(35.0000000829231,16.4441957609085,44.5627471420761));
#7413=CARTESIAN_POINT('Ctrl Pts',(35.0000000711221,16.4441957626705,44.5627471540047));
#7414=CARTESIAN_POINT('Ctrl Pts',(35.0000002354554,16.2119143445824,44.648461980368));
#7415=CARTESIAN_POINT('Ctrl Pts',(34.9891104954856,15.9792411138853,44.7322191363719));
#7416=CARTESIAN_POINT('Ctrl Pts',(34.9676848036886,15.7467450782184,44.813895111364));
#7417=CARTESIAN_POINT('Ctrl Pts',(34.9525363331565,15.5823648855731,44.8716419562304));
#7418=CARTESIAN_POINT('Ctrl Pts',(34.9321207053234,15.4180722004488,44.9283482513804));
#7419=CARTESIAN_POINT('Ctrl Pts',(34.9065564245334,15.2540544020256,44.9839666838697));
#7420=CARTESIAN_POINT('Ctrl Pts',(34.8961710604665,15.1874229734294,45.0065614001059));
#7421=CARTESIAN_POINT('Ctrl Pts',(34.8849417549924,15.1208789218868,45.0289630131834));
#7422=CARTESIAN_POINT('Ctrl Pts',(34.8728795295668,15.0544346232963,45.0511686522195));
#7423=CARTESIAN_POINT('Origin',(30.,10.,41.));
#7424=CARTESIAN_POINT('',(32.1213203435596,7.87867965644036,41.));
#7425=CARTESIAN_POINT('',(32.1213203435596,7.87867965644036,41.));
#7426=CARTESIAN_POINT('',(27.8786796564404,12.1213203435596,41.));
#7427=CARTESIAN_POINT('Origin',(30.,10.,41.));
#7428=CARTESIAN_POINT('',(27.8786796564404,12.1213203435596,41.));
#7429=CARTESIAN_POINT('Origin',(32.1213203435596,7.87867965644036,41.));
#7430=CARTESIAN_POINT('',(34.6213203435596,10.3786796564404,41.));
#7431=CARTESIAN_POINT('',(34.6213203435596,10.3786796564404,41.));
#7432=CARTESIAN_POINT('',(27.1213203435596,2.87867965644036,41.));
#7433=CARTESIAN_POINT('Origin',(26.2904698756654,3.70953012433455,40.75));
#7434=CARTESIAN_POINT('',(33.9672465709621,11.0327534290379,41.));
#7435=CARTESIAN_POINT('',(33.9672465709621,11.0327534290379,41.));
#7436=CARTESIAN_POINT('',(31.4672465709621,8.53275342903791,41.));
#7437=CARTESIAN_POINT('',(31.1136931803688,8.88630681963119,40.5));
#7438=CARTESIAN_POINT('',(26.4672465709621,3.53275342903791,41.));
#7439=CARTESIAN_POINT('Origin',(32.5,12.5,40.75));
#7440=CARTESIAN_POINT('',(31.0327534290379,13.9672465709621,41.));
#7441=CARTESIAN_POINT('',(31.0327534290379,13.9672465709621,41.));
#7442=CARTESIAN_POINT('Origin',(32.5,12.5,41.));
#7443=CARTESIAN_POINT('Origin',(24.9595301243346,7.54046987566545,40.75));
#7444=CARTESIAN_POINT('',(28.5327534290379,11.4672465709621,41.));
#7445=CARTESIAN_POINT('',(28.8863068196312,11.1136931803688,40.5));
#7446=CARTESIAN_POINT('',(28.5327534290379,11.4672465709621,41.));
#7447=CARTESIAN_POINT('',(25.1363068196312,7.36369318036881,40.5));
#7448=CARTESIAN_POINT('',(24.7827534290379,7.71724657096208,41.));
#7449=CARTESIAN_POINT('Origin',(30.,10.,40.75));
#7450=CARTESIAN_POINT('Origin',(30.,10.,40.5));
#7451=CARTESIAN_POINT('Origin',(30.,10.,41.));
#7452=CARTESIAN_POINT('Origin',(30.,10.,35.));
#7453=CARTESIAN_POINT('',(28.8863068196312,11.1136931803688,35.));
#7454=CARTESIAN_POINT('Origin',(20.,2.22044604925031E-15,41.));
#7455=CARTESIAN_POINT('',(30.3786796564404,14.6213203435596,41.));
#7456=CARTESIAN_POINT('Origin',(32.5,12.5,41.));
#7457=CARTESIAN_POINT('',(24.1286796564404,8.37132034355964,41.));
#7458=CARTESIAN_POINT('Origin',(23.7095301243345,-6.29046987566546,40.75));
#7459=CARTESIAN_POINT('',(31.0327534290379,-13.9672465709621,41.));
#7460=CARTESIAN_POINT('',(31.0327534290379,-13.9672465709621,41.));
#7461=CARTESIAN_POINT('',(28.5327534290379,-11.4672465709621,41.));
#7462=CARTESIAN_POINT('',(28.8863068196312,-11.1136931803688,40.5));
#7463=CARTESIAN_POINT('',(23.5327534290379,-6.4672465709621,41.));
#7464=CARTESIAN_POINT('Origin',(32.5,-12.5,40.75));
#7465=CARTESIAN_POINT('',(33.9672465709621,-11.0327534290379,41.));
#7466=CARTESIAN_POINT('',(33.6136931803688,-11.3863068196312,40.5));
#7467=CARTESIAN_POINT('',(33.9672465709621,-11.0327534290379,41.));
#7468=CARTESIAN_POINT('Origin',(32.5,-12.5,40.5));
#7469=CARTESIAN_POINT('Origin',(32.5,-12.5,41.));
#7470=CARTESIAN_POINT('Origin',(27.5404698756654,-4.95953012433456,40.75));
#7471=CARTESIAN_POINT('',(31.4672465709621,-8.53275342903791,41.));
#7472=CARTESIAN_POINT('',(31.4672465709621,-8.53275342903791,41.));
#7473=CARTESIAN_POINT('',(27.3636931803688,-5.1363068196312,40.5));
#7474=CARTESIAN_POINT('',(27.7172465709621,-4.78275342903792,41.));
#7475=CARTESIAN_POINT('Origin',(30.,-10.,40.75));
#7476=CARTESIAN_POINT('Origin',(30.,-10.,41.));
#7477=CARTESIAN_POINT('Origin',(20.,2.22044604925031E-15,41.));
#7478=CARTESIAN_POINT('',(27.8786796564404,-12.1213203435596,41.));
#7479=CARTESIAN_POINT('',(30.3786796564404,-14.6213203435596,41.));
#7480=CARTESIAN_POINT('',(22.8786796564404,-7.12132034355964,41.));
#7481=CARTESIAN_POINT('',(34.6213203435596,-10.3786796564404,41.));
#7482=CARTESIAN_POINT('Origin',(32.5,-12.5,41.));
#7483=CARTESIAN_POINT('',(32.1213203435596,-7.87867965644035,41.));
#7484=CARTESIAN_POINT('',(28.3713203435596,-4.12867965644035,41.));
#7485=CARTESIAN_POINT('Origin',(30.,-10.,41.));
#7486=CARTESIAN_POINT('Ctrl Pts',(35.3832061073865,-14.2884680744026,44.6076885331576));
#7487=CARTESIAN_POINT('Ctrl Pts',(35.2476256969069,-14.5189388601835,44.7328386143944));
#7488=CARTESIAN_POINT('Ctrl Pts',(35.0909147683456,-14.7249623112776,44.8717062634515));
#7489=CARTESIAN_POINT('Ctrl Pts',(34.9209783073285,-14.9064456598751,45.0223851952274));
#7490=CARTESIAN_POINT('Ctrl Pts',(35.2541115760816,-14.2471264136257,44.5517295482919));
#7491=CARTESIAN_POINT('Ctrl Pts',(35.11801894394,-14.4693117630988,44.6757017924416));
#7492=CARTESIAN_POINT('Ctrl Pts',(34.9611009419208,-14.6669781351714,44.8131550122713));
#7493=CARTESIAN_POINT('Ctrl Pts',(34.7912855325457,-14.8400040575395,44.9621189607438));
#7494=CARTESIAN_POINT('Ctrl Pts',(35.1250170447766,-14.2057847528487,44.4957705634261));
#7495=CARTESIAN_POINT('Ctrl Pts',(34.9884121909731,-14.4196846660141,44.6185649704888));
#7496=CARTESIAN_POINT('Ctrl Pts',(34.8312871154959,-14.6089939590652,44.7546037610911));
#7497=CARTESIAN_POINT('Ctrl Pts',(34.6615927577628,-14.7735624552039,44.9018527262603));
#7498=CARTESIAN_POINT('Ctrl Pts',(34.9959225134717,-14.1644430920717,44.4398115785604));
#7499=CARTESIAN_POINT('Ctrl Pts',(34.8588054380062,-14.3700575689294,44.561428148536));
#7500=CARTESIAN_POINT('Ctrl Pts',(34.701473289071,-14.5510097829591,44.6960525099109));
#7501=CARTESIAN_POINT('Ctrl Pts',(34.53189998298,-14.7071208528683,44.8415864917767));
#7502=CARTESIAN_POINT('',(34.9209783073285,-14.9064456598751,45.0223851952274));
#7503=CARTESIAN_POINT('',(35.3832061073865,-14.2884680744026,44.6076885331576));
#7504=CARTESIAN_POINT('Ctrl Pts',(34.9209783073285,-14.9064456598751,45.0223851952274));
#7505=CARTESIAN_POINT('Ctrl Pts',(35.0909147683456,-14.7249623112776,44.8717062634515));
#7506=CARTESIAN_POINT('Ctrl Pts',(35.2476256969069,-14.5189388601835,44.7328386143944));
#7507=CARTESIAN_POINT('Ctrl Pts',(35.3832061073865,-14.2884680744026,44.6076885331576));
#7508=CARTESIAN_POINT('',(34.9959225134717,-14.1644430920717,44.4398115785604));
#7509=CARTESIAN_POINT('',(35.3832061073865,-14.2884680744026,44.6076885331576));
#7510=CARTESIAN_POINT('',(34.692099804633,-14.5480962981579,44.7040445406081));
#7511=CARTESIAN_POINT('Ctrl Pts',(34.9959225134717,-14.1644430920717,44.4398115785604));
#7512=CARTESIAN_POINT('Ctrl Pts',(34.9030913292528,-14.3036484777938,44.5221485900023));
#7513=CARTESIAN_POINT('Ctrl Pts',(34.800994406904,-14.4315497211194,44.6104478250757));
#7514=CARTESIAN_POINT('Ctrl Pts',(34.6921061966392,-14.5480913119535,44.7040581834619));
#7515=CARTESIAN_POINT('Ctrl Pts',(34.692099804633,-14.5480962981579,44.7040445406081));
#7516=CARTESIAN_POINT('Ctrl Pts',(34.7419712259277,-14.6232067476529,44.7721284696751));
#7517=CARTESIAN_POINT('Ctrl Pts',(34.7910337065979,-14.6989646987859,44.8398883305478));
#7518=CARTESIAN_POINT('Ctrl Pts',(34.8393348800455,-14.7754273816391,44.9074295957985));
#7519=CARTESIAN_POINT('Ctrl Pts',(34.8667816295001,-14.8188766800536,44.9458093711303));
#7520=CARTESIAN_POINT('Ctrl Pts',(34.8939833211629,-14.8625530442719,44.9841188212662));
#7521=CARTESIAN_POINT('Ctrl Pts',(34.9209548881406,-14.9064632377143,45.0223792907049));
#7522=CARTESIAN_POINT('Ctrl Pts',(34.9758257029024,-14.9565391198742,45.0838323299364));
#7523=CARTESIAN_POINT('Ctrl Pts',(34.634754360477,-15.2946715514795,44.97165706267));
#7524=CARTESIAN_POINT('Ctrl Pts',(33.9619503971037,-15.7305431587866,44.8202549952207));
#7525=CARTESIAN_POINT('Ctrl Pts',(32.6881136235233,-16.0309082772437,44.7128959032247));
#7526=CARTESIAN_POINT('Ctrl Pts',(31.402516363461,-15.9162083385999,44.7547216338506));
#7527=CARTESIAN_POINT('Ctrl Pts',(30.4624314992185,-15.3658372879353,44.9473251244936));
#7528=CARTESIAN_POINT('Ctrl Pts',(30.1068955376659,-15.0358858027712,45.057431552677));
#7529=CARTESIAN_POINT('Ctrl Pts',(34.8812504034793,-14.8203915126355,44.9572364001603));
#7530=CARTESIAN_POINT('Ctrl Pts',(34.5568158210464,-15.1496907538941,44.8500167367337));
#7531=CARTESIAN_POINT('Ctrl Pts',(33.9117924489503,-15.5770189191602,44.7051438512088));
#7532=CARTESIAN_POINT('Ctrl Pts',(32.6821667434406,-15.8728636273362,44.602345684204));
#7533=CARTESIAN_POINT('Ctrl Pts',(31.4386032081466,-15.7595124429431,44.6424128700408));
#7534=CARTESIAN_POINT('Ctrl Pts',(30.5361445067437,-15.2192952615947,44.8267430215678));
#7535=CARTESIAN_POINT('Ctrl Pts',(30.1974902439241,-14.8976973163673,44.9320001490514));
#7536=CARTESIAN_POINT('Ctrl Pts',(34.7866751040561,-14.6842439053967,44.8306404703842));
#7537=CARTESIAN_POINT('Ctrl Pts',(34.4788772816158,-15.0047099563087,44.7283764107973));
#7538=CARTESIAN_POINT('Ctrl Pts',(33.8616345007968,-15.4234946795338,44.5900327071969));
#7539=CARTESIAN_POINT('Ctrl Pts',(32.6762198633579,-15.7148189774288,44.4917954651833));
#7540=CARTESIAN_POINT('Ctrl Pts',(31.4746900528322,-15.6028165472862,44.5301041062311));
#7541=CARTESIAN_POINT('Ctrl Pts',(30.6098575142689,-15.072753235254,44.706160918642));
#7542=CARTESIAN_POINT('Ctrl Pts',(30.2880849501822,-14.7595088299635,44.8065687454259));
#7543=CARTESIAN_POINT('Ctrl Pts',(34.692099804633,-14.5480962981579,44.7040445406081));
#7544=CARTESIAN_POINT('Ctrl Pts',(34.4009387421853,-14.8597291587233,44.6067360848609));
#7545=CARTESIAN_POINT('Ctrl Pts',(33.8114765526433,-15.2699704399074,44.4749215631851));
#7546=CARTESIAN_POINT('Ctrl Pts',(32.6702729832752,-15.5567743275214,44.3812452461626));
#7547=CARTESIAN_POINT('Ctrl Pts',(31.5107768975178,-15.4461206516293,44.4177953424212));
#7548=CARTESIAN_POINT('Ctrl Pts',(30.6835705217941,-14.9262112089134,44.5855788157161));
#7549=CARTESIAN_POINT('Ctrl Pts',(30.3786796564404,-14.6213203435596,44.6811373418004));
#7550=CARTESIAN_POINT('',(30.3786796564404,-14.6213203435596,44.6811373418004));
#7551=CARTESIAN_POINT('Ctrl Pts',(34.692099804633,-14.5480962981579,44.7040445406081));
#7552=CARTESIAN_POINT('Ctrl Pts',(34.4009387421853,-14.8597291587233,44.6067360848609));
#7553=CARTESIAN_POINT('Ctrl Pts',(33.8114765526433,-15.2699704399074,44.4749215631851));
#7554=CARTESIAN_POINT('Ctrl Pts',(32.6702729832752,-15.5567743275214,44.3812452461626));
#7555=CARTESIAN_POINT('Ctrl Pts',(31.5107768975178,-15.4461206516293,44.4177953424212));
#7556=CARTESIAN_POINT('Ctrl Pts',(30.6835705217941,-14.9262112089134,44.5855788157161));
#7557=CARTESIAN_POINT('Ctrl Pts',(30.3786796564404,-14.6213203435596,44.6811373418004));
#7558=CARTESIAN_POINT('',(30.1068955376659,-15.0358858027712,45.057431552677));
#7559=CARTESIAN_POINT('',(30.3786796564404,-14.6213203435596,44.6811373418004));
#7560=CARTESIAN_POINT('',(34.872946607155,-15.0544458238891,45.0512337337585));
#7561=CARTESIAN_POINT('Ctrl Pts',(30.1068955376659,-15.0358858027712,45.057431552677));
#7562=CARTESIAN_POINT('Ctrl Pts',(30.4624314992185,-15.3658372879353,44.9473251244936));
#7563=CARTESIAN_POINT('Ctrl Pts',(31.402516363461,-15.9162083385999,44.7547216338506));
#7564=CARTESIAN_POINT('Ctrl Pts',(32.6881136235233,-16.0309082772437,44.7128959032247));
#7565=CARTESIAN_POINT('Ctrl Pts',(33.9121395932721,-15.7422883276368,44.8160569356404));
#7566=CARTESIAN_POINT('Ctrl Pts',(34.5466702882061,-15.3503986258985,44.9522922883243));
#7567=CARTESIAN_POINT('Ctrl Pts',(34.8727803715881,-15.0542789910163,45.0512823104244));
#7568=CARTESIAN_POINT('Ctrl Pts',(34.8728795295668,-15.0544346232963,45.0511686522195));
#7569=CARTESIAN_POINT('Ctrl Pts',(34.8895830940423,-15.005375943582,45.0412795214681));
#7570=CARTESIAN_POINT('Ctrl Pts',(34.9056041478789,-14.9560387349588,45.0316643192465));
#7571=CARTESIAN_POINT('Ctrl Pts',(34.9209180547389,-14.9064358428748,45.0223266870118));
#7572=CARTESIAN_POINT('Ctrl Pts',(30.0164426392803,-14.9488499872819,45.0863824680567));
#7573=CARTESIAN_POINT('Ctrl Pts',(29.2124158847866,-14.1467317920815,45.3523329372613));
#7574=CARTESIAN_POINT('Ctrl Pts',(28.4013432099167,-13.3374208597514,45.596903999263));
#7575=CARTESIAN_POINT('Ctrl Pts',(27.5843837731519,-12.5220696889327,45.8197312377938));
#7576=CARTESIAN_POINT('Ctrl Pts',(30.1109067651658,-14.8133918928733,44.9596724670785));
#7577=CARTESIAN_POINT('Ctrl Pts',(29.3080683570127,-14.0118258575824,45.2232961485045));
#7578=CARTESIAN_POINT('Ctrl Pts',(28.4982069558617,-13.2031389514579,45.4655420220848));
#7579=CARTESIAN_POINT('Ctrl Pts',(27.6824824009288,-12.3884865738224,45.6860512592084));
#7580=CARTESIAN_POINT('Ctrl Pts',(30.2053708910514,-14.6779337984647,44.8329624661003));
#7581=CARTESIAN_POINT('Ctrl Pts',(29.4037208292388,-13.8769199230833,45.0942593597476));
#7582=CARTESIAN_POINT('Ctrl Pts',(28.5950707018067,-13.0688570431644,45.3341800449067));
#7583=CARTESIAN_POINT('Ctrl Pts',(27.7805810287057,-12.2549034587122,45.552371280623));
#7584=CARTESIAN_POINT('Ctrl Pts',(30.2998350169369,-14.5424757040562,44.7062524651221));
#7585=CARTESIAN_POINT('Ctrl Pts',(29.4993733014649,-13.7420139885842,44.9652225709908));
#7586=CARTESIAN_POINT('Ctrl Pts',(28.6919344477516,-12.9345751348709,45.2028180677286));
#7587=CARTESIAN_POINT('Ctrl Pts',(27.8786796564826,-12.1213203436019,45.4186913020377));
#7588=CARTESIAN_POINT('',(27.8786796564812,-12.1213203436005,45.4186913020272));
#7589=CARTESIAN_POINT('',(27.5843837731519,-12.5220696889327,45.8197312377938));
#7590=CARTESIAN_POINT('',(27.8786796564812,-12.1213203436005,45.4186913020272));
#7591=CARTESIAN_POINT('',(30.0164426392803,-14.9488499872818,45.0863824680567));
#7592=CARTESIAN_POINT('Ctrl Pts',(27.5843837731519,-12.5220696889327,45.8197312377938));
#7593=CARTESIAN_POINT('Ctrl Pts',(28.4013432099167,-13.3374208597514,45.596903999263));
#7594=CARTESIAN_POINT('Ctrl Pts',(29.2124158847866,-14.1467317920815,45.3523329372613));
#7595=CARTESIAN_POINT('Ctrl Pts',(30.0164426392803,-14.9488499872819,45.0863824680567));
#7596=CARTESIAN_POINT('',(30.2998350169369,-14.5424757040562,44.7062524651221));
#7597=CARTESIAN_POINT('',(30.0164426392803,-14.9488499872818,45.0863824680567));
#7598=CARTESIAN_POINT('Ctrl Pts',(30.2998350169369,-14.5424757040562,44.7062524651221));
#7599=CARTESIAN_POINT('Ctrl Pts',(29.4993733014649,-13.7420139885842,44.9652225709908));
#7600=CARTESIAN_POINT('Ctrl Pts',(28.6919344477516,-12.9345751348709,45.2028180677286));
#7601=CARTESIAN_POINT('Ctrl Pts',(27.8786796564826,-12.1213203436019,45.4186913020377));
#7602=CARTESIAN_POINT('Ctrl Pts',(30.1068955376659,-15.0358858027712,45.057431552677));
#7603=CARTESIAN_POINT('Ctrl Pts',(30.0760150320833,-15.0072274678024,45.0669949795533));
#7604=CARTESIAN_POINT('Ctrl Pts',(30.0459990235346,-14.9783362120401,45.0766060094793));
#7605=CARTESIAN_POINT('Ctrl Pts',(30.0164426392803,-14.9488499872818,45.0863824680567));
#7606=CARTESIAN_POINT('Ctrl Pts',(30.1974902439241,-14.8976973163673,44.9320001490514));
#7607=CARTESIAN_POINT('Ctrl Pts',(30.1680760186853,-14.8697645382045,44.9411423840554));
#7608=CARTESIAN_POINT('Ctrl Pts',(30.1393483136511,-14.8417866683613,44.9503280875691));
#7609=CARTESIAN_POINT('Ctrl Pts',(30.1109067651658,-14.8133918928733,44.9596724670785));
#7610=CARTESIAN_POINT('Ctrl Pts',(30.2880849501822,-14.7595088299635,44.8065687454259));
#7611=CARTESIAN_POINT('Ctrl Pts',(30.2601370052873,-14.7323016086066,44.8152897885575));
#7612=CARTESIAN_POINT('Ctrl Pts',(30.2326976037677,-14.7052371246824,44.824050165659));
#7613=CARTESIAN_POINT('Ctrl Pts',(30.2053708910514,-14.6779337984647,44.8329624661003));
#7614=CARTESIAN_POINT('Ctrl Pts',(30.3786796564404,-14.6213203435597,44.6811373418004));
#7615=CARTESIAN_POINT('Ctrl Pts',(30.3521979918894,-14.5948386790087,44.6894371930597));
#7616=CARTESIAN_POINT('Ctrl Pts',(30.3260468938842,-14.5686875810035,44.6977722437488));
#7617=CARTESIAN_POINT('Ctrl Pts',(30.2998350169369,-14.5424757040562,44.7062524651221));
#7618=CARTESIAN_POINT('Ctrl Pts',(30.0164426392803,-14.9488499872818,45.0863824680567));
#7619=CARTESIAN_POINT('Ctrl Pts',(30.0459990235346,-14.9783362120401,45.0766060094793));
#7620=CARTESIAN_POINT('Ctrl Pts',(30.0760150320833,-15.0072274678024,45.0669949795533));
#7621=CARTESIAN_POINT('Ctrl Pts',(30.1068955376659,-15.0358858027712,45.057431552677));
#7622=CARTESIAN_POINT('Ctrl Pts',(30.3786796564404,-14.6213203435597,44.6811373418004));
#7623=CARTESIAN_POINT('Ctrl Pts',(30.3521979918894,-14.5948386790087,44.6894371930597));
#7624=CARTESIAN_POINT('Ctrl Pts',(30.3260468938842,-14.5686875810035,44.6977722437488));
#7625=CARTESIAN_POINT('Ctrl Pts',(30.2998350169369,-14.5424757040562,44.7062524651221));
#7626=CARTESIAN_POINT('Ctrl Pts',(27.5192271197842,-12.4570409532254,45.8374533617195));
#7627=CARTESIAN_POINT('Ctrl Pts',(27.2549676660111,-12.1932988841832,45.909129371493));
#7628=CARTESIAN_POINT('Ctrl Pts',(26.9448326943839,-11.7686606517352,46.0212438902029));
#7629=CARTESIAN_POINT('Ctrl Pts',(26.5416937800176,-10.7886446354885,46.2619832193549));
#7630=CARTESIAN_POINT('Ctrl Pts',(26.4022940061989,-9.66369130224438,46.5157454889303));
#7631=CARTESIAN_POINT('Ctrl Pts',(26.7491926708006,-8.59547955060988,46.7181866293121));
#7632=CARTESIAN_POINT('Ctrl Pts',(27.1023774253037,-8.03794333572789,46.8150215445971));
#7633=CARTESIAN_POINT('Ctrl Pts',(27.2563103668649,-7.82347303925903,46.85149037894));
#7634=CARTESIAN_POINT('Ctrl Pts',(27.6521705766095,-7.36925181587878,46.9260567070479));
#7635=CARTESIAN_POINT('Ctrl Pts',(28.1876765812658,-6.97204434410507,46.9859388180362));
#7636=CARTESIAN_POINT('Ctrl Pts',(28.718236114568,-6.74527596506472,47.018588614976));
#7637=CARTESIAN_POINT('Ctrl Pts',(28.9724604846859,-6.65784628717879,47.0310378935801));
#7638=CARTESIAN_POINT('Ctrl Pts',(29.1667702882507,-6.60328026217325,47.03872458765));
#7639=CARTESIAN_POINT('Ctrl Pts',(29.3954834813481,-6.55641922193893,47.0452745929996));
#7640=CARTESIAN_POINT('Ctrl Pts',(29.8530176417289,-6.48991284398604,47.0545054206221));
#7641=CARTESIAN_POINT('Ctrl Pts',(30.4276158002014,-6.50137611655571,47.0529775680519));
#7642=CARTESIAN_POINT('Ctrl Pts',(31.4821367625882,-6.76121378317688,47.0167267018942));
#7643=CARTESIAN_POINT('Ctrl Pts',(32.1207161134921,-7.17520251237132,46.9563333306852));
#7644=CARTESIAN_POINT('Ctrl Pts',(32.4773296408693,-7.5322496271924,46.8989894939305));
#7645=CARTESIAN_POINT('Ctrl Pts',(27.617754956771,-12.3231831984812,45.703589206178));
#7646=CARTESIAN_POINT('Ctrl Pts',(27.3664129629464,-12.067442169911,45.7718476908511));
#7647=CARTESIAN_POINT('Ctrl Pts',(27.0735333076089,-11.656967290503,45.8785630900677));
#7648=CARTESIAN_POINT('Ctrl Pts',(26.6985941533588,-10.7158180943793,46.1075685025963));
#7649=CARTESIAN_POINT('Ctrl Pts',(26.5784805176681,-9.64305900171008,46.3488054123292));
#7650=CARTESIAN_POINT('Ctrl Pts',(26.9167670519563,-8.63440696125838,46.541643685727));
#7651=CARTESIAN_POINT('Ctrl Pts',(27.2548443491065,-8.10947112275624,46.6341522617253));
#7652=CARTESIAN_POINT('Ctrl Pts',(27.4018735238415,-7.90767212971878,46.6690173518572));
#7653=CARTESIAN_POINT('Ctrl Pts',(27.778890352201,-7.48070022215407,46.7404015365541));
#7654=CARTESIAN_POINT('Ctrl Pts',(28.2866033789174,-7.10797871787686,46.7979544083656));
#7655=CARTESIAN_POINT('Ctrl Pts',(28.7885233653869,-6.89529131589473,46.8294179814135));
#7656=CARTESIAN_POINT('Ctrl Pts',(29.0289276303471,-6.81330275618184,46.8414223428194));
#7657=CARTESIAN_POINT('Ctrl Pts',(29.2126201320518,-6.76213702975203,46.8488392554817));
#7658=CARTESIAN_POINT('Ctrl Pts',(29.4287823218529,-6.71819946394623,46.8551623375815));
#7659=CARTESIAN_POINT('Ctrl Pts',(29.8611442921518,-6.65584610113566,46.8640772073098));
#7660=CARTESIAN_POINT('Ctrl Pts',(30.4039854464317,-6.66658298475163,46.8625990084579));
#7661=CARTESIAN_POINT('Ctrl Pts',(31.4007082639395,-6.91021559178043,46.8275986490719));
#7662=CARTESIAN_POINT('Ctrl Pts',(32.0055138233059,-7.29847867863127,46.7694549089949));
#7663=CARTESIAN_POINT('Ctrl Pts',(32.3446045851606,-7.63394500022195,46.7145050879421));
#7664=CARTESIAN_POINT('Ctrl Pts',(27.7162827937579,-12.1893254437371,45.5697250506365));
#7665=CARTESIAN_POINT('Ctrl Pts',(27.4778582598817,-11.9415854556389,45.6345660102091));
#7666=CARTESIAN_POINT('Ctrl Pts',(27.2022339208339,-11.5452739292708,45.7358822899326));
#7667=CARTESIAN_POINT('Ctrl Pts',(26.8554945267,-10.64299155327,45.9531537858378));
#7668=CARTESIAN_POINT('Ctrl Pts',(26.7546670291373,-9.62242670117578,46.181865335728));
#7669=CARTESIAN_POINT('Ctrl Pts',(27.084341433112,-8.67333437190688,46.3651007421419));
#7670=CARTESIAN_POINT('Ctrl Pts',(27.4073112729093,-8.18099890978458,46.4532829788536));
#7671=CARTESIAN_POINT('Ctrl Pts',(27.5474366808181,-7.99187122017852,46.4865443247744));
#7672=CARTESIAN_POINT('Ctrl Pts',(27.9056101277925,-7.59214862842936,46.5547463660603));
#7673=CARTESIAN_POINT('Ctrl Pts',(28.3855301765691,-7.24391309164865,46.609969998695));
#7674=CARTESIAN_POINT('Ctrl Pts',(28.8588106162057,-7.04530666672474,46.6402473478509));
#7675=CARTESIAN_POINT('Ctrl Pts',(29.0853947760083,-6.96875922518489,46.6518067920587));
#7676=CARTESIAN_POINT('Ctrl Pts',(29.2584699758529,-6.9209937973308,46.6589539233134));
#7677=CARTESIAN_POINT('Ctrl Pts',(29.4620811623577,-6.87997970595354,46.6650500821635));
#7678=CARTESIAN_POINT('Ctrl Pts',(29.8692709425747,-6.82177935828529,46.6736489939976));
#7679=CARTESIAN_POINT('Ctrl Pts',(30.3803550926619,-6.83178985294756,46.672220448864));
#7680=CARTESIAN_POINT('Ctrl Pts',(31.3192797652907,-7.05921740038398,46.6384705962496));
#7681=CARTESIAN_POINT('Ctrl Pts',(31.8903115331197,-7.42175484489122,46.5825764873045));
#7682=CARTESIAN_POINT('Ctrl Pts',(32.2118795294519,-7.7356403732515,46.5300206819536));
#7683=CARTESIAN_POINT('Ctrl Pts',(27.8148106307448,-12.0554676889929,45.435860895095));
#7684=CARTESIAN_POINT('Ctrl Pts',(27.5893035568171,-11.8157287413668,45.4972843295672));
#7685=CARTESIAN_POINT('Ctrl Pts',(27.3309345340588,-11.4335805680385,45.5932014897974));
#7686=CARTESIAN_POINT('Ctrl Pts',(27.0123949000413,-10.5701650121607,45.7987390690792));
#7687=CARTESIAN_POINT('Ctrl Pts',(26.9308535406065,-9.60179440064149,46.0149252591269));
#7688=CARTESIAN_POINT('Ctrl Pts',(27.2519158142677,-8.71226178255539,46.1885577985568));
#7689=CARTESIAN_POINT('Ctrl Pts',(27.5597781967121,-8.25252669681293,46.2724136959818));
#7690=CARTESIAN_POINT('Ctrl Pts',(27.6929998377946,-8.07607031063827,46.3040712976916));
#7691=CARTESIAN_POINT('Ctrl Pts',(28.032329903384,-7.70359703470466,46.3690911955665));
#7692=CARTESIAN_POINT('Ctrl Pts',(28.4844569742207,-7.37984746542044,46.4219855890244));
#7693=CARTESIAN_POINT('Ctrl Pts',(28.9290978670246,-7.19532201755475,46.4510767142884));
#7694=CARTESIAN_POINT('Ctrl Pts',(29.1418619216695,-7.12421569418794,46.462191241298));
#7695=CARTESIAN_POINT('Ctrl Pts',(29.304319819654,-7.07985056490958,46.4690685911452));
#7696=CARTESIAN_POINT('Ctrl Pts',(29.4953800028625,-7.04175994796084,46.4749378267454));
#7697=CARTESIAN_POINT('Ctrl Pts',(29.8773975929976,-6.98771261543491,46.4832207806853));
#7698=CARTESIAN_POINT('Ctrl Pts',(30.3567247388922,-6.99699672114348,46.48184188927));
#7699=CARTESIAN_POINT('Ctrl Pts',(31.237851266642,-7.20821920898754,46.4493425434272));
#7700=CARTESIAN_POINT('Ctrl Pts',(31.7751092429335,-7.54503101115116,46.3956980656141));
#7701=CARTESIAN_POINT('Ctrl Pts',(32.0791544737432,-7.83733574628105,46.3455362759651));
#7702=CARTESIAN_POINT('',(32.0791544737432,-7.83733574628104,46.3455362759651));
#7703=CARTESIAN_POINT('',(32.4773296408693,-7.5322496271924,46.8989894939305));
#7704=CARTESIAN_POINT('',(32.0791544737432,-7.83733574628104,46.3455362759651));
#7705=CARTESIAN_POINT('',(27.5192271197842,-12.4570409532254,45.8374533617195));
#7706=CARTESIAN_POINT('Ctrl Pts',(32.4773296408693,-7.5322496271924,46.8989894939305));
#7707=CARTESIAN_POINT('Ctrl Pts',(32.1207161134921,-7.17520251237132,46.9563333306852));
#7708=CARTESIAN_POINT('Ctrl Pts',(31.4821367625882,-6.76121378317688,47.0167267018942));
#7709=CARTESIAN_POINT('Ctrl Pts',(30.4276158002014,-6.50137611655571,47.0529775680519));
#7710=CARTESIAN_POINT('Ctrl Pts',(29.8530176417289,-6.48991284398604,47.0545054206221));
#7711=CARTESIAN_POINT('Ctrl Pts',(29.3954834813481,-6.55641922193893,47.0452745929996));
#7712=CARTESIAN_POINT('Ctrl Pts',(29.1667702882507,-6.60328026217325,47.03872458765));
#7713=CARTESIAN_POINT('Ctrl Pts',(28.9724604846859,-6.65784628717879,47.0310378935801));
#7714=CARTESIAN_POINT('Ctrl Pts',(28.718236114568,-6.74527596506472,47.018588614976));
#7715=CARTESIAN_POINT('Ctrl Pts',(28.1876765812658,-6.97204434410507,46.9859388180362));
#7716=CARTESIAN_POINT('Ctrl Pts',(27.6521705766095,-7.36925181587878,46.9260567070479));
#7717=CARTESIAN_POINT('Ctrl Pts',(27.2563103668649,-7.82347303925903,46.85149037894));
#7718=CARTESIAN_POINT('Ctrl Pts',(27.1023774253037,-8.03794333572789,46.8150215445971));
#7719=CARTESIAN_POINT('Ctrl Pts',(26.7491926708006,-8.59547955060988,46.7181866293121));
#7720=CARTESIAN_POINT('Ctrl Pts',(26.4022940061989,-9.66369130224438,46.5157454889303));
#7721=CARTESIAN_POINT('Ctrl Pts',(26.5416937800176,-10.7886446354885,46.2619832193549));
#7722=CARTESIAN_POINT('Ctrl Pts',(26.9448326943839,-11.7686606517352,46.0212438902029));
#7723=CARTESIAN_POINT('Ctrl Pts',(27.2549676660111,-12.1932988841832,45.909129371493));
#7724=CARTESIAN_POINT('Ctrl Pts',(27.5192271197842,-12.4570409532254,45.8374533617195));
#7725=CARTESIAN_POINT('',(27.8148106307448,-12.0554676889929,45.435860895095));
#7726=CARTESIAN_POINT('',(27.5192271197842,-12.4570409532254,45.8374533617195));
#7727=CARTESIAN_POINT('Ctrl Pts',(27.8148106307448,-12.0554676889929,45.435860895095));
#7728=CARTESIAN_POINT('Ctrl Pts',(27.5893035568171,-11.8157287413668,45.4972843295672));
#7729=CARTESIAN_POINT('Ctrl Pts',(27.3309345340588,-11.4335805680385,45.5932014897974));
#7730=CARTESIAN_POINT('Ctrl Pts',(27.0123949000413,-10.5701650121607,45.7987390690792));
#7731=CARTESIAN_POINT('Ctrl Pts',(26.9308535406065,-9.60179440064149,46.0149252591269));
#7732=CARTESIAN_POINT('Ctrl Pts',(27.2519158142677,-8.71226178255539,46.1885577985568));
#7733=CARTESIAN_POINT('Ctrl Pts',(27.5597781967121,-8.25252669681293,46.2724136959818));
#7734=CARTESIAN_POINT('Ctrl Pts',(27.6929998377946,-8.07607031063827,46.3040712976916));
#7735=CARTESIAN_POINT('Ctrl Pts',(28.032329903384,-7.70359703470466,46.3690911955665));
#7736=CARTESIAN_POINT('Ctrl Pts',(28.4844569742207,-7.37984746542044,46.4219855890244));
#7737=CARTESIAN_POINT('Ctrl Pts',(28.9290978670246,-7.19532201755475,46.4510767142884));
#7738=CARTESIAN_POINT('Ctrl Pts',(29.1418619216695,-7.12421569418794,46.462191241298));
#7739=CARTESIAN_POINT('Ctrl Pts',(29.304319819654,-7.07985056490958,46.4690685911452));
#7740=CARTESIAN_POINT('Ctrl Pts',(29.4953800028625,-7.04175994796084,46.4749378267454));
#7741=CARTESIAN_POINT('Ctrl Pts',(29.8773975929976,-6.98771261543491,46.4832207806853));
#7742=CARTESIAN_POINT('Ctrl Pts',(30.3567247388922,-6.99699672114348,46.48184188927));
#7743=CARTESIAN_POINT('Ctrl Pts',(31.237851266642,-7.20821920898754,46.4493425434272));
#7744=CARTESIAN_POINT('Ctrl Pts',(31.7751092429335,-7.54503101115116,46.3956980656141));
#7745=CARTESIAN_POINT('Ctrl Pts',(32.0791544737432,-7.83733574628105,46.3455362759651));
#7746=CARTESIAN_POINT('Ctrl Pts',(27.5843837731519,-12.5220696889327,45.8197312377938));
#7747=CARTESIAN_POINT('Ctrl Pts',(27.5626690392847,-12.5003977026799,45.8256539727123));
#7748=CARTESIAN_POINT('Ctrl Pts',(27.5409501475165,-12.4787214501695,45.8315613494345));
#7749=CARTESIAN_POINT('Ctrl Pts',(27.5192271197842,-12.4570409532254,45.8374533617195));
#7750=CARTESIAN_POINT('Ctrl Pts',(27.6824824009288,-12.3884865738224,45.6860512592084));
#7751=CARTESIAN_POINT('Ctrl Pts',(27.6608004901481,-12.3668331614516,45.6919123817855));
#7752=CARTESIAN_POINT('Ctrl Pts',(27.639224520822,-12.3450653964623,45.6977579359771));
#7753=CARTESIAN_POINT('Ctrl Pts',(27.6177549567711,-12.3231831984812,45.703589206178));
#7754=CARTESIAN_POINT('Ctrl Pts',(27.7805810287057,-12.2549034587122,45.552371280623));
#7755=CARTESIAN_POINT('Ctrl Pts',(27.7589319410114,-12.2332686202232,45.5581707908588));
#7756=CARTESIAN_POINT('Ctrl Pts',(27.7374988941275,-12.2114093427551,45.5639545225197));
#7757=CARTESIAN_POINT('Ctrl Pts',(27.7162827937579,-12.1893254437371,45.5697250506365));
#7758=CARTESIAN_POINT('Ctrl Pts',(27.8786796564826,-12.1213203436019,45.4186913020376));
#7759=CARTESIAN_POINT('Ctrl Pts',(27.8570633918748,-12.0997040789949,45.4244291999321));
#7760=CARTESIAN_POINT('Ctrl Pts',(27.835773267433,-12.0777532890478,45.4301511090624));
#7761=CARTESIAN_POINT('Ctrl Pts',(27.8148106307448,-12.0554676889929,45.435860895095));
#7762=CARTESIAN_POINT('Ctrl Pts',(27.5192271197842,-12.4570409532254,45.8374533617195));
#7763=CARTESIAN_POINT('Ctrl Pts',(27.5409501475165,-12.4787214501695,45.8315613494345));
#7764=CARTESIAN_POINT('Ctrl Pts',(27.5626690392847,-12.5003977026799,45.8256539727123));
#7765=CARTESIAN_POINT('Ctrl Pts',(27.5843837731519,-12.5220696889327,45.8197312377938));
#7766=CARTESIAN_POINT('Ctrl Pts',(27.8786796564826,-12.1213203436019,45.4186913020376));
#7767=CARTESIAN_POINT('Ctrl Pts',(27.8570633918748,-12.0997040789949,45.4244291999321));
#7768=CARTESIAN_POINT('Ctrl Pts',(27.835773267433,-12.0777532890478,45.4301511090624));
#7769=CARTESIAN_POINT('Ctrl Pts',(27.8148106307448,-12.0554676889929,45.435860895095));
#7770=CARTESIAN_POINT('Origin',(32.9142135623583,-8.36538665739102,46.7796002197658));
#7771=CARTESIAN_POINT('',(33.2551374037179,-9.01249671659859,46.1324901605588));
#7772=CARTESIAN_POINT('',(34.4171961983279,-10.1745555112086,44.9704313659503));
#7773=CARTESIAN_POINT('',(32.7100894171263,-8.46744873000703,46.6775381471497));
#7774=CARTESIAN_POINT('',(34.8254444887918,-9.97043136597657,45.1745555111824));
#7775=CARTESIAN_POINT('',(34.4171961983279,-10.1745555112086,44.9704313659503));
#7776=CARTESIAN_POINT('',(33.3253897261404,-8.47037660332514,46.674610273832));
#7777=CARTESIAN_POINT('',(33.1183377075902,-8.26332458477501,46.8816622923819));
#7778=CARTESIAN_POINT('Ctrl Pts',(33.325389721746,-8.47037659927883,46.6746102497963));
#7779=CARTESIAN_POINT('Ctrl Pts',(33.3005945198559,-8.65098688639543,46.4939999747127));
#7780=CARTESIAN_POINT('Ctrl Pts',(33.2771574944244,-8.83170652724161,46.3132803499725));
#7781=CARTESIAN_POINT('Ctrl Pts',(33.2551374038012,-9.01249671656415,46.1324901606501));
#7782=CARTESIAN_POINT('Ctrl Pts',(32.5193367052379,-7.57430790688594,46.892215342526));
#7783=CARTESIAN_POINT('Ctrl Pts',(32.9003891844915,-7.95582624879578,46.8305902439325));
#7784=CARTESIAN_POINT('Ctrl Pts',(33.2806737919629,-8.33661063792125,46.7643058926119));
#7785=CARTESIAN_POINT('Ctrl Pts',(33.6600775097713,-8.716547682501,46.6933806496899));
#7786=CARTESIAN_POINT('Ctrl Pts',(32.3866645846793,-7.67576515673821,46.7076414466486));
#7787=CARTESIAN_POINT('Ctrl Pts',(32.7669543480115,-8.0563654951746,46.6452060220115));
#7788=CARTESIAN_POINT('Ctrl Pts',(33.1464696844081,-8.43621401934062,46.5781248520622));
#7789=CARTESIAN_POINT('Ctrl Pts',(33.5250974744253,-8.81519736053862,46.5064171533119));
#7790=CARTESIAN_POINT('Ctrl Pts',(32.2539924641207,-7.77722240659049,46.5230675507711));
#7791=CARTESIAN_POINT('Ctrl Pts',(32.6335195115315,-8.15690474155342,46.4598218000905));
#7792=CARTESIAN_POINT('Ctrl Pts',(33.0122655768534,-8.53581740075999,46.3919438115124));
#7793=CARTESIAN_POINT('Ctrl Pts',(33.3901174390792,-8.91384703857625,46.3194536569339));
#7794=CARTESIAN_POINT('Ctrl Pts',(32.1213203435621,-7.87867965644277,46.3384936548936));
#7795=CARTESIAN_POINT('Ctrl Pts',(32.5000846750515,-8.25744398793224,46.2744375781694));
#7796=CARTESIAN_POINT('Ctrl Pts',(32.8780614692987,-8.63542078217936,46.2057627709627));
#7797=CARTESIAN_POINT('Ctrl Pts',(33.2551374037332,-9.01249671661387,46.1324901605558));
#7798=CARTESIAN_POINT('',(33.2279040443562,-8.28378174092978,46.7720959554084));
#7799=CARTESIAN_POINT('',(32.5193367052379,-7.57430790688594,46.892215342526));
#7800=CARTESIAN_POINT('Ctrl Pts',(33.227904037336,-8.28378173470482,46.7720959173881));
#7801=CARTESIAN_POINT('Ctrl Pts',(32.9920287119156,-8.04759123851431,46.8139274774852));
#7802=CARTESIAN_POINT('Ctrl Pts',(32.7558305952295,-7.81109092679473,46.8539687489964));
#7803=CARTESIAN_POINT('Ctrl Pts',(32.5193367052379,-7.57430790688594,46.892215342526));
#7804=CARTESIAN_POINT('',(32.121320343562,-7.87867965644273,46.3384936548932));
#7805=CARTESIAN_POINT('',(32.5193367052379,-7.57430790688594,46.892215342526));
#7806=CARTESIAN_POINT('Ctrl Pts',(32.1213203435621,-7.87867965644277,46.3384936548936));
#7807=CARTESIAN_POINT('Ctrl Pts',(32.5000846750515,-8.25744398793224,46.2744375781694));
#7808=CARTESIAN_POINT('Ctrl Pts',(32.8780614692987,-8.63542078217936,46.2057627709627));
#7809=CARTESIAN_POINT('Ctrl Pts',(33.2551374037332,-9.01249671661387,46.1324901605558));
#7810=CARTESIAN_POINT('Ctrl Pts',(33.3253897261404,-8.47037660332514,46.674610273832));
#7811=CARTESIAN_POINT('Ctrl Pts',(33.2928439443693,-8.40823140506418,46.707156055603));
#7812=CARTESIAN_POINT('Ctrl Pts',(33.260348713845,-8.34603308964856,46.7396512861273));
#7813=CARTESIAN_POINT('Ctrl Pts',(33.2279040445583,-8.28378174119149,46.7720959554139));
#7814=CARTESIAN_POINT('Ctrl Pts',(32.4773296408693,-7.53224962719238,46.8989894939305));
#7815=CARTESIAN_POINT('Ctrl Pts',(32.4913330285664,-7.54627004086473,46.8967377342062));
#7816=CARTESIAN_POINT('Ctrl Pts',(32.505335385229,-7.56028946930804,46.8944796834579));
#7817=CARTESIAN_POINT('Ctrl Pts',(32.5193367052379,-7.57430790688594,46.892215342526));
#7818=CARTESIAN_POINT('Ctrl Pts',(32.3446045851606,-7.63394500022193,46.7145050879421));
#7819=CARTESIAN_POINT('Ctrl Pts',(32.3586712974074,-7.64784037418459,46.7122233682004));
#7820=CARTESIAN_POINT('Ctrl Pts',(32.3726912897595,-7.66178045010578,46.7099355620469));
#7821=CARTESIAN_POINT('Ctrl Pts',(32.3866645846793,-7.67576515673821,46.7076414466486));
#7822=CARTESIAN_POINT('Ctrl Pts',(32.2118795294519,-7.73564037325149,46.5300206819536));
#7823=CARTESIAN_POINT('Ctrl Pts',(32.2260095662483,-7.74941070750446,46.5277090021946));
#7824=CARTESIAN_POINT('Ctrl Pts',(32.2400471942901,-7.76327143090353,46.5253914406358));
#7825=CARTESIAN_POINT('Ctrl Pts',(32.2539924641206,-7.77722240659048,46.5230675507711));
#7826=CARTESIAN_POINT('Ctrl Pts',(32.0791544737432,-7.83733574628104,46.3455362759651));
#7827=CARTESIAN_POINT('Ctrl Pts',(32.0933478350893,-7.85098104082432,46.3431946361888));
#7828=CARTESIAN_POINT('Ctrl Pts',(32.1074030988206,-7.86476241170127,46.3408473192248));
#7829=CARTESIAN_POINT('Ctrl Pts',(32.121320343562,-7.87867965644275,46.3384936548936));
#7830=CARTESIAN_POINT('Ctrl Pts',(32.5193367052379,-7.57430790688594,46.892215342526));
#7831=CARTESIAN_POINT('Ctrl Pts',(32.505335385229,-7.56028946930804,46.8944796834579));
#7832=CARTESIAN_POINT('Ctrl Pts',(32.4913330285664,-7.54627004086473,46.8967377342062));
#7833=CARTESIAN_POINT('Ctrl Pts',(32.4773296408693,-7.53224962719238,46.8989894939305));
#7834=CARTESIAN_POINT('Ctrl Pts',(32.0791544737432,-7.83733574628104,46.3455362759651));
#7835=CARTESIAN_POINT('Ctrl Pts',(32.0933478350893,-7.85098104082432,46.3431946361888));
#7836=CARTESIAN_POINT('Ctrl Pts',(32.1074030988206,-7.86476241170127,46.3408473192248));
#7837=CARTESIAN_POINT('Ctrl Pts',(32.121320343562,-7.87867965644275,46.3384936548936));
#7838=CARTESIAN_POINT('Ctrl Pts',(35.0319776886298,-10.1964807125659,44.9680223113447));
#7839=CARTESIAN_POINT('Ctrl Pts',(35.3719730460378,-10.60393278607,44.6280269539371));
#7840=CARTESIAN_POINT('Ctrl Pts',(35.7980504078533,-11.4423351596974,44.2019495921221));
#7841=CARTESIAN_POINT('Ctrl Pts',(35.902076010733,-12.80423843638,44.0979239892425));
#7842=CARTESIAN_POINT('Ctrl Pts',(35.7208845592877,-13.5501578252949,44.2791154406876));
#7843=CARTESIAN_POINT('Ctrl Pts',(35.5802396269229,-13.8922087087094,44.4197603730522));
#7844=CARTESIAN_POINT('Ctrl Pts',(34.8950919069397,-10.2572136938574,44.903919226883));
#7845=CARTESIAN_POINT('Ctrl Pts',(35.2398057812758,-10.6468987122574,44.570294042662));
#7846=CARTESIAN_POINT('Ctrl Pts',(35.6780148804447,-11.4611001709232,44.1520929185987));
#7847=CARTESIAN_POINT('Ctrl Pts',(35.7860191317766,-12.7991717941527,44.0500213456993));
#7848=CARTESIAN_POINT('Ctrl Pts',(35.5985431728347,-13.5296586724147,44.2278313610047));
#7849=CARTESIAN_POINT('Ctrl Pts',(35.4542089286261,-13.8625478963579,44.3658652782003));
#7850=CARTESIAN_POINT('Ctrl Pts',(34.7582061252497,-10.3179466751489,44.8398161424213));
#7851=CARTESIAN_POINT('Ctrl Pts',(35.1076385165137,-10.6898646384449,44.5125611313869));
#7852=CARTESIAN_POINT('Ctrl Pts',(35.5579793530362,-11.4798651821489,44.1022362450752));
#7853=CARTESIAN_POINT('Ctrl Pts',(35.6699622528203,-12.7941051519255,44.0021187021561));
#7854=CARTESIAN_POINT('Ctrl Pts',(35.4762017863818,-13.5091595195344,44.1765472813219));
#7855=CARTESIAN_POINT('Ctrl Pts',(35.3281782303292,-13.8328870840064,44.3119701833484));
#7856=CARTESIAN_POINT('Ctrl Pts',(34.6213203435597,-10.3786796564404,44.7757130579596));
#7857=CARTESIAN_POINT('Ctrl Pts',(34.9754712517517,-10.7328305646324,44.4548282201118));
#7858=CARTESIAN_POINT('Ctrl Pts',(35.4379438256276,-11.4986301933746,44.0523795715518));
#7859=CARTESIAN_POINT('Ctrl Pts',(35.553905373864,-12.7890385096983,43.9542160586129));
#7860=CARTESIAN_POINT('Ctrl Pts',(35.3538603999288,-13.4886603666542,44.125263201639));
#7861=CARTESIAN_POINT('Ctrl Pts',(35.2021475320323,-13.8032262716549,44.2580750884966));
#7862=CARTESIAN_POINT('',(35.0319776886298,-10.1964807125659,44.9680223113447));
#7863=CARTESIAN_POINT('',(34.6213203435596,-10.3786796564404,44.7757130579596));
#7864=CARTESIAN_POINT('',(35.0319776886298,-10.1964807125659,44.9680223113447));
#7865=CARTESIAN_POINT('',(35.2021475320323,-13.8032262716549,44.2580750884966));
#7866=CARTESIAN_POINT('Ctrl Pts',(34.6213203435597,-10.3786796564404,44.7757130579596));
#7867=CARTESIAN_POINT('Ctrl Pts',(34.9754712517517,-10.7328305646324,44.4548282201118));
#7868=CARTESIAN_POINT('Ctrl Pts',(35.4379438256276,-11.4986301933746,44.0523795715518));
#7869=CARTESIAN_POINT('Ctrl Pts',(35.553905373864,-12.7890385096983,43.9542160586129));
#7870=CARTESIAN_POINT('Ctrl Pts',(35.3538603999288,-13.4886603666542,44.125263201639));
#7871=CARTESIAN_POINT('Ctrl Pts',(35.2021475320323,-13.8032262716549,44.2580750884966));
#7872=CARTESIAN_POINT('',(35.5802396269229,-13.8922087087094,44.4197603730522));
#7873=CARTESIAN_POINT('',(35.2021475320323,-13.8032262716549,44.2580750884966));
#7874=CARTESIAN_POINT('Ctrl Pts',(35.5802396269229,-13.8922087087094,44.4197603730522));
#7875=CARTESIAN_POINT('Ctrl Pts',(35.7208845592877,-13.5501578252949,44.2791154406876));
#7876=CARTESIAN_POINT('Ctrl Pts',(35.902076010733,-12.80423843638,44.0979239892425));
#7877=CARTESIAN_POINT('Ctrl Pts',(35.7980504078533,-11.4423351596974,44.2019495921221));
#7878=CARTESIAN_POINT('Ctrl Pts',(35.3719730460378,-10.60393278607,44.6280269539371));
#7879=CARTESIAN_POINT('Ctrl Pts',(35.0319776886298,-10.1964807125659,44.9680223113447));
#7880=CARTESIAN_POINT('Ctrl Pts',(34.8254444887918,-9.97043136597657,45.1745555111824));
#7881=CARTESIAN_POINT('Ctrl Pts',(34.8972535405581,-10.0422404177428,45.1027464594162));
#7882=CARTESIAN_POINT('Ctrl Pts',(34.9661983880782,-10.1176504820365,45.0338016118962));
#7883=CARTESIAN_POINT('Ctrl Pts',(35.0319776886298,-10.1964807125659,44.9680223113447));
#7884=CARTESIAN_POINT('Ctrl Pts',(34.6893617253038,-10.0384727477206,45.1065141294384));
#7885=CARTESIAN_POINT('Ctrl Pts',(34.7598098646135,-10.1089208870302,45.0360659901288));
#7886=CARTESIAN_POINT('Ctrl Pts',(34.8283997093841,-10.1818208763166,44.968466082557));
#7887=CARTESIAN_POINT('Ctrl Pts',(34.8950919069397,-10.2572136938574,44.903919226883));
#7888=CARTESIAN_POINT('Ctrl Pts',(34.5532789618158,-10.1065141294646,45.0384727476943));
#7889=CARTESIAN_POINT('Ctrl Pts',(34.6223661886689,-10.1756013563176,44.9693855208414));
#7890=CARTESIAN_POINT('Ctrl Pts',(34.69060103069,-10.2459912705966,44.9031305532178));
#7891=CARTESIAN_POINT('Ctrl Pts',(34.7582061252497,-10.3179466751489,44.8398161424213));
#7892=CARTESIAN_POINT('Ctrl Pts',(34.4171961983279,-10.1745555112086,44.9704313659503));
#7893=CARTESIAN_POINT('Ctrl Pts',(34.4849225127243,-10.242281825605,44.9027050515539));
#7894=CARTESIAN_POINT('Ctrl Pts',(34.5528023519959,-10.3101616648766,44.8377950238786));
#7895=CARTESIAN_POINT('Ctrl Pts',(34.6213203435596,-10.3786796564404,44.7757130579596));
#7896=CARTESIAN_POINT('Ctrl Pts',(35.0319776886298,-10.1964807125659,44.9680223113447));
#7897=CARTESIAN_POINT('Ctrl Pts',(34.9661983880782,-10.1176504820365,45.0338016118962));
#7898=CARTESIAN_POINT('Ctrl Pts',(34.8972535405581,-10.0422404177428,45.1027464594162));
#7899=CARTESIAN_POINT('Ctrl Pts',(34.8254444887918,-9.97043136597657,45.1745555111824));
#7900=CARTESIAN_POINT('Ctrl Pts',(34.4171961983279,-10.1745555112086,44.9704313659503));
#7901=CARTESIAN_POINT('Ctrl Pts',(34.4849225127243,-10.242281825605,44.9027050515539));
#7902=CARTESIAN_POINT('Ctrl Pts',(34.5528023519959,-10.3101616648766,44.8377950238786));
#7903=CARTESIAN_POINT('Ctrl Pts',(34.6213203435596,-10.3786796564404,44.7757130579596));
#7904=CARTESIAN_POINT('Ctrl Pts',(35.5802396269229,-13.8922087087094,44.4197603730522));
#7905=CARTESIAN_POINT('Ctrl Pts',(35.5238323392605,-14.0293921980222,44.4761676607146));
#7906=CARTESIAN_POINT('Ctrl Pts',(35.4577319864551,-14.1617828265178,44.5388960004704));
#7907=CARTESIAN_POINT('Ctrl Pts',(35.3832061073865,-14.2884680744026,44.6076885331576));
#7908=CARTESIAN_POINT('Ctrl Pts',(35.4542089286261,-13.8625478963579,44.3658652782003));
#7909=CARTESIAN_POINT('Ctrl Pts',(35.3963219994937,-13.99605699547,44.421225387829));
#7910=CARTESIAN_POINT('Ctrl Pts',(35.3292151156212,-14.1245514852984,44.4833218202284));
#7911=CARTESIAN_POINT('Ctrl Pts',(35.2541115760816,-14.2471264136257,44.5517295482919));
#7912=CARTESIAN_POINT('Ctrl Pts',(35.3281782303292,-13.8328870840064,44.3119701833484));
#7913=CARTESIAN_POINT('Ctrl Pts',(35.268811659727,-13.9627217929178,44.3662831149434));
#7914=CARTESIAN_POINT('Ctrl Pts',(35.2006982447873,-14.087320144079,44.4277476399864));
#7915=CARTESIAN_POINT('Ctrl Pts',(35.1250170447766,-14.2057847528487,44.4957705634261));
#7916=CARTESIAN_POINT('Ctrl Pts',(35.2021475320323,-13.8032262716549,44.2580750884966));
#7917=CARTESIAN_POINT('Ctrl Pts',(35.1413013199603,-13.9293865903656,44.3113408420577));
#7918=CARTESIAN_POINT('Ctrl Pts',(35.0721813739534,-14.0500888028596,44.3721734597444));
#7919=CARTESIAN_POINT('Ctrl Pts',(34.9959225134717,-14.1644430920717,44.4398115785604));
#7920=CARTESIAN_POINT('Ctrl Pts',(35.3832061073865,-14.2884680744026,44.6076885331576));
#7921=CARTESIAN_POINT('Ctrl Pts',(35.4577319864551,-14.1617828265178,44.5388960004704));
#7922=CARTESIAN_POINT('Ctrl Pts',(35.5238323392605,-14.0293921980222,44.4761676607146));
#7923=CARTESIAN_POINT('Ctrl Pts',(35.5802396269229,-13.8922087087094,44.4197603730522));
#7924=CARTESIAN_POINT('Ctrl Pts',(35.2021475320323,-13.8032262716549,44.2580750884966));
#7925=CARTESIAN_POINT('Ctrl Pts',(35.1413013199603,-13.9293865903656,44.3113408420577));
#7926=CARTESIAN_POINT('Ctrl Pts',(35.0721813739534,-14.0500888028596,44.3721734597444));
#7927=CARTESIAN_POINT('Ctrl Pts',(34.9959225134717,-14.1644430920717,44.4398115785604));
#7928=CARTESIAN_POINT('Origin',(27.8786796564404,-12.1213203435596,41.));
#7929=CARTESIAN_POINT('',(30.3786796564404,-14.6213203435596,41.));
#7930=CARTESIAN_POINT('',(27.8786796564404,-12.1213203435596,41.));
#7931=CARTESIAN_POINT('Origin',(32.5,-12.5,41.));
#7932=CARTESIAN_POINT('',(34.6213203435596,-10.3786796564404,41.));
#7933=CARTESIAN_POINT('Origin',(32.4999999999723,0.,47.499999999999));
#7934=CARTESIAN_POINT('Origin',(80.0000000000301,0.,-6.66133814775345E-15));
#7935=CARTESIAN_POINT('Ctrl Pts',(40.,-13.0726684705363,39.9999999999806));
#7936=CARTESIAN_POINT('Ctrl Pts',(38.5276521906796,-13.3542383375956,41.4723478092991));
#7937=CARTESIAN_POINT('Ctrl Pts',(37.0542831510347,-13.6269569862221,42.9457168489422));
#7938=CARTESIAN_POINT('Ctrl Pts',(35.5802398925719,-13.8922116611786,44.4197601074032));
#7939=CARTESIAN_POINT('Origin',(22.75,2.4980018054066E-13,-40.));
#7940=CARTESIAN_POINT('',(22.5,-2.59999999999975,-40.));
#7941=CARTESIAN_POINT('Origin',(22.5,2.4980018054066E-13,-40.));
#7942=CARTESIAN_POINT('',(23.,-2.09999999999975,-40.));
#7943=CARTESIAN_POINT('',(22.75,-2.34999999999975,-40.));
#7944=CARTESIAN_POINT('Origin',(23.,2.4980018054066E-13,-40.));
#7945=CARTESIAN_POINT('Origin',(0.,2.4980018054066E-13,-40.));
#7946=CARTESIAN_POINT('',(32.6,-2.09999999999975,-40.));
#7947=CARTESIAN_POINT('',(0.,-2.09999999999975,-40.));
#7948=CARTESIAN_POINT('',(32.6,2.4980018054066E-13,-42.1));
#7949=CARTESIAN_POINT('Origin',(32.6,2.4980018054066E-13,-40.));
#7950=CARTESIAN_POINT('',(32.6,2.10000000000025,-40.));
#7951=CARTESIAN_POINT('Origin',(32.6,2.4980018054066E-13,-40.));
#7952=CARTESIAN_POINT('',(32.6,2.4980018054066E-13,-37.9));
#7953=CARTESIAN_POINT('Origin',(32.6,2.4980018054066E-13,-40.));
#7954=CARTESIAN_POINT('Origin',(32.6,2.4980018054066E-13,-40.));
#7955=CARTESIAN_POINT('Origin',(22.5,0.,0.));
#7956=CARTESIAN_POINT('',(22.5,-30.0000000000237,9.61299999999677));
#7957=CARTESIAN_POINT('',(22.5,-31.2500000000184,10.862999999999));
#7958=CARTESIAN_POINT('Origin',(22.5,-31.2500000000237,9.61299999999903));
#7959=CARTESIAN_POINT('',(22.5,-30.0000000000275,7.49999999999258));
#7960=CARTESIAN_POINT('',(22.5,-30.0000000000343,3.7500000000234));
#7961=CARTESIAN_POINT('',(22.5,-36.0000000000304,1.50000000000002));
#7962=CARTESIAN_POINT('Origin',(22.5,-36.0000000000304,7.50000000000283));
#7963=CARTESIAN_POINT('',(22.5,-41.4969878424734,1.50000000000002));
#7964=CARTESIAN_POINT('',(22.5,-23.7381549409384,1.50000000000002));
#7965=CARTESIAN_POINT('',(22.5,-42.4969152603648,0.512048192771103));
#7966=CARTESIAN_POINT('Origin',(22.5,-41.4969878424734,0.500000000000013));
#7967=CARTESIAN_POINT('',(22.5,-8.70481927710826,-41.5989918309474));
#7968=CARTESIAN_POINT('Origin',(22.5,0.,-1.87350135405495E-15));
#7969=CARTESIAN_POINT('',(22.5,-7.49999999999973,-40.6201920231599));
#7970=CARTESIAN_POINT('Origin',(22.5,-8.49999999999973,-40.6201920231599));
#7971=CARTESIAN_POINT('',(22.5,-7.49999999999973,-40.));
#7972=CARTESIAN_POINT('',(22.5,-7.49999999999973,-20.));
#7973=CARTESIAN_POINT('',(22.5,7.50000000000011,-40.));
#7974=CARTESIAN_POINT('Origin',(22.5,2.4980018054066E-13,-40.));
#7975=CARTESIAN_POINT('',(22.5,7.50000000000009,-40.6201920231598));
#7976=CARTESIAN_POINT('',(22.5,7.5000000000005,-22.1852991866284));
#7977=CARTESIAN_POINT('',(22.5,8.70481927710862,-41.5989918309473));
#7978=CARTESIAN_POINT('Origin',(22.5,8.50000000000009,-40.6201920231599));
#7979=CARTESIAN_POINT('',(22.5,42.4969152603648,0.512048192771103));
#7980=CARTESIAN_POINT('Origin',(22.5,0.,-1.87350135405495E-15));
#7981=CARTESIAN_POINT('',(22.5,41.4969878424734,1.50000000000001));
#7982=CARTESIAN_POINT('Origin',(22.5,41.4969878424734,0.500000000000013));
#7983=CARTESIAN_POINT('',(22.5,35.9999999999989,1.50000000000002));
#7984=CARTESIAN_POINT('',(22.5,17.9999999999995,1.50000000000004));
#7985=CARTESIAN_POINT('',(22.5,30.,7.49999999999901));
#7986=CARTESIAN_POINT('Origin',(22.5,35.9999999999989,7.499999999999));
#7987=CARTESIAN_POINT('',(22.5,30.,9.61299999999903));
#7988=CARTESIAN_POINT('',(22.5,30.,17.5));
#7989=CARTESIAN_POINT('',(22.5,31.2499999999962,10.862999999999));
#7990=CARTESIAN_POINT('Origin',(22.5,31.25,9.61299999999903));
#7991=CARTESIAN_POINT('',(22.5,31.2499999999957,7.49999999999971));
#7992=CARTESIAN_POINT('',(22.5,31.2499999999951,3.74999999999752));
#7993=CARTESIAN_POINT('',(22.5,36.0000000000015,2.74999999999861));
#7994=CARTESIAN_POINT('Origin',(22.5,35.9999999999989,7.499999999999));
#7995=CARTESIAN_POINT('',(22.5,41.4969878424881,2.75000000000141));
#7996=CARTESIAN_POINT('',(22.5,20.7484939212434,2.74999999999082));
#7997=CARTESIAN_POINT('',(22.5,43.746824532758,0.527108433722792));
#7998=CARTESIAN_POINT('Origin',(22.5,41.4969878424893,0.499999999988379));
#7999=CARTESIAN_POINT('',(22.5,-43.7468245327578,0.527108433735171));
#8000=CARTESIAN_POINT('Origin',(22.5,0.,2.77555756156289E-16));
#8001=CARTESIAN_POINT('',(22.5,-41.4969878425012,2.75000000000067));
#8002=CARTESIAN_POINT('Origin',(22.5,-41.4969878425017,0.50000000000022));
#8003=CARTESIAN_POINT('',(22.5,-35.999994916386,2.75000000000001));
#8004=CARTESIAN_POINT('',(22.5,-17.9999981270934,2.74999999999477));
#8005=CARTESIAN_POINT('',(22.5,-31.2500000000228,7.49999999999664));
#8006=CARTESIAN_POINT('Origin',(22.5,-36.0000000000304,7.50000000000283));
#8007=CARTESIAN_POINT('',(22.5,-31.2500000000255,5.43150000001937));
#8008=CARTESIAN_POINT('Origin',(39.75,-21.,7.50000000000003));
#8009=CARTESIAN_POINT('',(39.5,-24.75,7.50000000000003));
#8010=CARTESIAN_POINT('',(39.75,-25.,7.50000000000003));
#8011=CARTESIAN_POINT('Origin',(39.5,-21.,7.50000000000003));
#8012=CARTESIAN_POINT('Origin',(40.,-21.,7.50000000000003));
#8013=CARTESIAN_POINT('',(32.8,-24.75,7.50000000000003));
#8014=CARTESIAN_POINT('',(40.,-24.75,7.50000000000003));
#8015=CARTESIAN_POINT('',(32.8,-23.2195418595855,10.5226038333775));
#8016=CARTESIAN_POINT('Origin',(32.8,-21.,7.50000000000003));
#8017=CARTESIAN_POINT('',(33.,-23.2195418595855,10.5226038333775));
#8018=CARTESIAN_POINT('',(33.,-23.2195418595855,10.5226038333775));
#8019=CARTESIAN_POINT('',(33.,-17.3678452730233,8.43271219532127));
#8020=CARTESIAN_POINT('Origin',(33.,-21.,7.50000000000003));
#8021=CARTESIAN_POINT('',(32.8,-17.3678452730233,8.43271219532127));
#8022=CARTESIAN_POINT('',(33.,-17.3678452730233,8.43271219532127));
#8023=CARTESIAN_POINT('',(32.8,-18.7804581404145,4.47739616662259));
#8024=CARTESIAN_POINT('Origin',(32.8,-21.,7.50000000000003));
#8025=CARTESIAN_POINT('',(33.,-18.7804581404145,4.47739616662259));
#8026=CARTESIAN_POINT('',(33.,-18.7804581404145,4.47739616662259));
#8027=CARTESIAN_POINT('',(33.,-24.6321547269767,6.56728780467879));
#8028=CARTESIAN_POINT('Origin',(33.,-21.,7.50000000000003));
#8029=CARTESIAN_POINT('',(32.8,-24.6321547269767,6.56728780467879));
#8030=CARTESIAN_POINT('',(33.,-24.6321547269767,6.56728780467879));
#8031=CARTESIAN_POINT('Origin',(32.8,-21.,7.50000000000003));
#8032=CARTESIAN_POINT('Origin',(39.75,21.,7.50000000000003));
#8033=CARTESIAN_POINT('',(39.5,17.25,7.50000000000003));
#8034=CARTESIAN_POINT('',(39.75,17.,7.50000000000003));
#8035=CARTESIAN_POINT('Origin',(39.5,21.,7.50000000000003));
#8036=CARTESIAN_POINT('Origin',(40.,21.,7.50000000000003));
#8037=CARTESIAN_POINT('',(32.8,17.25,7.50000000000003));
#8038=CARTESIAN_POINT('',(40.,17.25,7.50000000000003));
#8039=CARTESIAN_POINT('',(32.8,17.3678452730233,8.4327121953213));
#8040=CARTESIAN_POINT('Origin',(32.8,21.,7.50000000000003));
#8041=CARTESIAN_POINT('',(33.,17.3678452730233,8.4327121953213));
#8042=CARTESIAN_POINT('',(33.,17.3678452730233,8.4327121953213));
#8043=CARTESIAN_POINT('',(33.,23.2195418595855,10.5226038333775));
#8044=CARTESIAN_POINT('Origin',(33.,21.,7.50000000000003));
#8045=CARTESIAN_POINT('',(32.8,23.2195418595855,10.5226038333775));
#8046=CARTESIAN_POINT('',(33.,23.2195418595855,10.5226038333775));
#8047=CARTESIAN_POINT('',(32.8,24.6321547269767,6.56728780467877));
#8048=CARTESIAN_POINT('Origin',(32.8,21.,7.50000000000003));
#8049=CARTESIAN_POINT('',(33.,24.6321547269767,6.56728780467877));
#8050=CARTESIAN_POINT('',(33.,24.6321547269767,6.56728780467877));
#8051=CARTESIAN_POINT('',(33.,18.7804581404145,4.47739616662259));
#8052=CARTESIAN_POINT('Origin',(33.,21.,7.50000000000003));
#8053=CARTESIAN_POINT('',(32.8,18.7804581404145,4.47739616662259));
#8054=CARTESIAN_POINT('',(33.,18.7804581404145,4.47739616662259));
#8055=CARTESIAN_POINT('Origin',(32.8,21.,7.50000000000003));
#8056=CARTESIAN_POINT('Origin',(35.5,0.,2.35922392732846E-16));
#8057=CARTESIAN_POINT('',(35.,-16.9415187827566,-1.91229144306966));
#8058=CARTESIAN_POINT('',(35.,-17.0491031209778,2.36546871270015E-15));
#8059=CARTESIAN_POINT('Origin',(35.,0.,2.77555756156289E-16));
#8060=CARTESIAN_POINT('',(36.,-16.0491031209778,-1.77115924731972E-15));
#8061=CARTESIAN_POINT('',(35.5,-16.5491031209778,2.26260300931933E-15));
#8062=CARTESIAN_POINT('Origin',(36.,0.,1.94289029309402E-16));
#8063=CARTESIAN_POINT('Origin',(35.,0.,2.77555756156289E-16));
#8064=CARTESIAN_POINT('Origin',(35.,0.,2.77555756156289E-16));
#8065=CARTESIAN_POINT('Origin',(35.,0.,2.77555756156289E-16));
#8066=CARTESIAN_POINT('Origin',(35.,0.,2.77555756156289E-16));
#8067=CARTESIAN_POINT('Origin',(0.,0.,2.77555756156289E-16));
#8068=CARTESIAN_POINT('Ctrl Pts',(30.,-16.0558549641271,5.7342339157597));
#8069=CARTESIAN_POINT('Ctrl Pts',(30.,-16.2773691633246,5.11399415800682));
#8070=CARTESIAN_POINT('Ctrl Pts',(30.1541948254634,-16.4345600559076,4.56751310301394));
#8071=CARTESIAN_POINT('Ctrl Pts',(30.5906508205321,-16.6881341330973,3.53031367832788));
#8072=CARTESIAN_POINT('Ctrl Pts',(30.876406162193,-16.7829644770029,3.04068983954577));
#8073=CARTESIAN_POINT('Ctrl Pts',(31.8520270411271,-17.0038947338597,1.58283506378731));
#8074=CARTESIAN_POINT('Ctrl Pts',(32.6509076569388,-17.0647031447942,0.636063871857456));
#8075=CARTESIAN_POINT('Ctrl Pts',(33.9989052166145,-17.0356117810689,-0.85931607811253));
#8076=CARTESIAN_POINT('Ctrl Pts',(34.4943468944432,-17.0007899768072,-1.38719154215039));
#8077=CARTESIAN_POINT('Ctrl Pts',(35.,-16.9415187827566,-1.91229144306966));
#8078=CARTESIAN_POINT('Origin',(0.,0.,2.77555756156289E-16));
#8079=CARTESIAN_POINT('Ctrl Pts',(30.,16.0558549641271,5.73423391575968));
#8080=CARTESIAN_POINT('Ctrl Pts',(30.,15.8343407649297,6.35447367351256));
#8081=CARTESIAN_POINT('Ctrl Pts',(30.1541948254634,15.6097810134939,6.87689442177232));
#8082=CARTESIAN_POINT('Ctrl Pts',(30.3939901067561,15.3565860395913,7.40607629318295));
#8083=CARTESIAN_POINT('Ctrl Pts',(30.4162502544244,15.3337497455765,7.45323737886501));
#8084=CARTESIAN_POINT('Ctrl Pts',(30.4391568739244,15.3108431260756,7.49999999989581));
#8085=CARTESIAN_POINT('Origin',(36.,0.,-8.32667268468868E-17));
#8086=CARTESIAN_POINT('Origin',(35.5,-14.9999999999997,22.5));
#8087=CARTESIAN_POINT('',(35.,-30.0000000000013,22.));
#8088=CARTESIAN_POINT('',(36.,-29.9999999999995,23.));
#8089=CARTESIAN_POINT('',(24.125000000005,-30.000000000021,11.1250000000049));
#8090=CARTESIAN_POINT('',(36.,30.,23.));
#8091=CARTESIAN_POINT('',(36.,-29.9999999999995,23.));
#8092=CARTESIAN_POINT('',(35.,30.,22.));
#8093=CARTESIAN_POINT('',(31.,30.,18.));
#8094=CARTESIAN_POINT('',(35.,-14.9999999999997,22.));
#8095=CARTESIAN_POINT('Origin',(32.6,-8.88178419700125E-15,0.));
#8096=CARTESIAN_POINT('',(32.6,-2.09999999999975,-37.9));
#8097=CARTESIAN_POINT('',(32.6,1.05000000000012,-37.9));
#8098=CARTESIAN_POINT('',(32.6,-2.09999999999975,-18.95));
#8099=CARTESIAN_POINT('Origin',(32.6,-8.88178419700125E-15,0.));
#8100=CARTESIAN_POINT('',(32.6,-2.09999999999975,-42.1));
#8101=CARTESIAN_POINT('',(32.6,-2.09999999999975,-18.95));
#8102=CARTESIAN_POINT('',(32.6,-1.04999999999988,-42.1));
#8103=CARTESIAN_POINT('Origin',(32.6,-8.88178419700125E-15,0.));
#8104=CARTESIAN_POINT('',(32.6,2.10000000000025,-42.1));
#8105=CARTESIAN_POINT('',(32.6,-1.04999999999988,-42.1));
#8106=CARTESIAN_POINT('',(32.6,2.10000000000025,-21.05));
#8107=CARTESIAN_POINT('Origin',(32.6,-8.88178419700125E-15,0.));
#8108=CARTESIAN_POINT('',(32.6,2.10000000000025,-37.9));
#8109=CARTESIAN_POINT('',(32.6,2.10000000000025,-21.05));
#8110=CARTESIAN_POINT('',(32.6,1.05000000000012,-37.9));
#8111=CARTESIAN_POINT('Origin',(32.8,2.10000000000025,-42.1));
#8112=CARTESIAN_POINT('',(32.8,2.10000000000025,-42.1));
#8113=CARTESIAN_POINT('',(32.8,-2.09999999999975,-42.1));
#8114=CARTESIAN_POINT('',(32.8,1.05000000000012,-42.1));
#8115=CARTESIAN_POINT('',(32.8,2.10000000000025,-42.1));
#8116=CARTESIAN_POINT('',(32.8,-2.09999999999975,-42.1));
#8117=CARTESIAN_POINT('Origin',(32.8,-2.09999999999975,-37.9));
#8118=CARTESIAN_POINT('',(32.8,-2.09999999999975,-37.9));
#8119=CARTESIAN_POINT('',(32.8,2.10000000000025,-37.9));
#8120=CARTESIAN_POINT('',(32.8,-1.04999999999988,-37.9));
#8121=CARTESIAN_POINT('',(32.8,-2.09999999999975,-37.9));
#8122=CARTESIAN_POINT('',(32.8,2.10000000000025,-37.9));
#8123=CARTESIAN_POINT('Origin',(32.6,-8.88178419700125E-15,0.));
#8124=CARTESIAN_POINT('',(32.6,23.683964448045,6.22864841934629));
#8125=CARTESIAN_POINT('',(32.6,10.21747742652,1.41918876880562));
#8126=CARTESIAN_POINT('',(32.6,23.3308112311981,7.21747742651822));
#8127=CARTESIAN_POINT('Origin',(32.6,-8.88178419700125E-15,0.));
#8128=CARTESIAN_POINT('',(32.6,22.2713515806537,10.183964448045));
#8129=CARTESIAN_POINT('',(32.6,23.3308112311981,7.21747742651822));
#8130=CARTESIAN_POINT('',(32.6,10.7825225734781,6.08081123119995));
#8131=CARTESIAN_POINT('Origin',(32.6,-8.88178419700125E-15,0.));
#8132=CARTESIAN_POINT('',(32.6,18.316035551955,8.77135158065376));
#8133=CARTESIAN_POINT('',(32.6,10.7825225734781,6.08081123119995));
#8134=CARTESIAN_POINT('',(32.6,18.6691887688038,7.78252257347637));
#8135=CARTESIAN_POINT('Origin',(32.6,-8.88178419700125E-15,0.));
#8136=CARTESIAN_POINT('',(32.6,19.7286484193463,4.81603555195507));
#8137=CARTESIAN_POINT('',(32.6,18.6691887688038,7.78252257347637));
#8138=CARTESIAN_POINT('',(32.6,10.21747742652,1.41918876880562));
#8139=CARTESIAN_POINT('Origin',(32.8,19.7286484193463,4.81603555195508));
#8140=CARTESIAN_POINT('',(32.8,19.7286484193463,4.81603555195507));
#8141=CARTESIAN_POINT('',(32.8,18.316035551955,8.77135158065376));
#8142=CARTESIAN_POINT('',(32.8,19.3754952024994,5.80486455912703));
#8143=CARTESIAN_POINT('',(32.8,19.7286484193463,4.81603555195507));
#8144=CARTESIAN_POINT('',(32.8,18.316035551955,8.77135158065376));
#8145=CARTESIAN_POINT('Origin',(32.8,22.2713515806537,10.183964448045));
#8146=CARTESIAN_POINT('',(32.8,22.2713515806537,10.183964448045));
#8147=CARTESIAN_POINT('',(32.8,23.683964448045,6.22864841934629));
#8148=CARTESIAN_POINT('',(32.8,22.6245047975025,9.19513544086757));
#8149=CARTESIAN_POINT('',(32.8,22.2713515806537,10.183964448045));
#8150=CARTESIAN_POINT('',(32.8,23.683964448045,6.22864841934629));
#8151=CARTESIAN_POINT('Origin',(32.6,-8.88178419700125E-15,0.));
#8152=CARTESIAN_POINT('',(32.6,-2.09999999999974,42.1));
#8153=CARTESIAN_POINT('',(32.6,1.05000000000013,42.1));
#8154=CARTESIAN_POINT('',(32.6,-2.09999999999972,21.05));
#8155=CARTESIAN_POINT('Origin',(32.6,-8.88178419700125E-15,0.));
#8156=CARTESIAN_POINT('',(32.6,-2.09999999999973,37.9));
#8157=CARTESIAN_POINT('',(32.6,-2.09999999999972,21.05));
#8158=CARTESIAN_POINT('',(32.6,-1.04999999999987,37.9));
#8159=CARTESIAN_POINT('Origin',(32.6,-8.88178419700125E-15,0.));
#8160=CARTESIAN_POINT('',(32.6,2.10000000000027,37.9));
#8161=CARTESIAN_POINT('',(32.6,-1.04999999999987,37.9));
#8162=CARTESIAN_POINT('',(32.6,2.10000000000029,18.95));
#8163=CARTESIAN_POINT('Origin',(32.6,-8.88178419700125E-15,0.));
#8164=CARTESIAN_POINT('',(32.6,2.10000000000027,42.1));
#8165=CARTESIAN_POINT('',(32.6,2.10000000000029,18.95));
#8166=CARTESIAN_POINT('',(32.6,1.05000000000013,42.1));
#8167=CARTESIAN_POINT('Origin',(32.8,2.10000000000027,37.9));
#8168=CARTESIAN_POINT('',(32.8,2.10000000000027,37.9));
#8169=CARTESIAN_POINT('',(32.8,-2.09999999999973,37.9));
#8170=CARTESIAN_POINT('',(32.8,1.05000000000014,37.9));
#8171=CARTESIAN_POINT('',(32.8,2.10000000000027,37.9));
#8172=CARTESIAN_POINT('',(32.8,-2.09999999999973,37.9));
#8173=CARTESIAN_POINT('Origin',(32.8,-2.09999999999974,42.1));
#8174=CARTESIAN_POINT('',(32.8,-2.09999999999974,42.1));
#8175=CARTESIAN_POINT('',(32.8,2.10000000000027,42.1));
#8176=CARTESIAN_POINT('',(32.8,-1.04999999999987,42.1));
#8177=CARTESIAN_POINT('',(32.8,-2.09999999999974,42.1));
#8178=CARTESIAN_POINT('',(32.8,2.10000000000027,42.1));
#8179=CARTESIAN_POINT('Origin',(32.6,-8.88178419700125E-15,0.));
#8180=CARTESIAN_POINT('',(32.6,-18.316035551955,8.77135158065374));
#8181=CARTESIAN_POINT('',(32.6,-19.3754952024994,5.80486455912698));
#8182=CARTESIAN_POINT('',(32.6,-8.80486455912874,5.37450479750429));
#8183=CARTESIAN_POINT('Origin',(32.6,-8.88178419700125E-15,0.));
#8184=CARTESIAN_POINT('',(32.6,-22.2713515806538,10.183964448045));
#8185=CARTESIAN_POINT('',(32.6,-8.80486455912874,5.37450479750429));
#8186=CARTESIAN_POINT('',(32.6,-22.6245047975025,9.19513544086756));
#8187=CARTESIAN_POINT('Origin',(32.6,-8.88178419700125E-15,0.));
#8188=CARTESIAN_POINT('',(32.6,-23.683964448045,6.22864841934631));
#8189=CARTESIAN_POINT('',(32.6,-22.6245047975025,9.19513544086756));
#8190=CARTESIAN_POINT('',(32.6,-12.1951354408693,2.12549520250123));
#8191=CARTESIAN_POINT('Origin',(32.6,-8.88178419700125E-15,0.));
#8192=CARTESIAN_POINT('',(32.6,-19.7286484193463,4.81603555195507));
#8193=CARTESIAN_POINT('',(32.6,-12.1951354408693,2.12549520250123));
#8194=CARTESIAN_POINT('',(32.6,-19.3754952024994,5.80486455912698));
#8195=CARTESIAN_POINT('Origin',(32.8,-23.683964448045,6.22864841934631));
#8196=CARTESIAN_POINT('',(32.8,-23.683964448045,6.22864841934631));
#8197=CARTESIAN_POINT('',(32.8,-22.2713515806538,10.183964448045));
#8198=CARTESIAN_POINT('',(32.8,-23.3308112311982,7.21747742651823));
#8199=CARTESIAN_POINT('',(32.8,-23.683964448045,6.22864841934631));
#8200=CARTESIAN_POINT('',(32.8,-22.2713515806538,10.183964448045));
#8201=CARTESIAN_POINT('Origin',(32.8,-18.316035551955,8.77135158065374));
#8202=CARTESIAN_POINT('',(32.8,-18.316035551955,8.77135158065374));
#8203=CARTESIAN_POINT('',(32.8,-19.7286484193463,4.81603555195507));
#8204=CARTESIAN_POINT('',(32.8,-18.6691887688038,7.78252257347632));
#8205=CARTESIAN_POINT('',(32.8,-18.316035551955,8.77135158065374));
#8206=CARTESIAN_POINT('',(32.8,-19.7286484193463,4.81603555195507));
#8207=CARTESIAN_POINT('Origin',(32.8,0.,0.));
#8208=CARTESIAN_POINT('',(32.8,2.10000000000025,-21.5534236382906));
#8209=CARTESIAN_POINT('',(32.8,-2.09999999999975,-18.4465763617094));
#8210=CARTESIAN_POINT('Origin',(32.8,0.,0.));
#8211=CARTESIAN_POINT('',(32.8,11.2566177129439,6.25013092386619));
#8212=CARTESIAN_POINT('',(32.8,9.74338228705409,1.24986907613938));
#8213=CARTESIAN_POINT('Origin',(32.8,0.,0.));
#8214=CARTESIAN_POINT('',(32.8,2.10000000000029,18.4465763617094));
#8215=CARTESIAN_POINT('',(32.8,-2.09999999999972,21.5534236382906));
#8216=CARTESIAN_POINT('Origin',(32.8,0.,0.));
#8217=CARTESIAN_POINT('',(32.8,-12.6692305803352,2.29481489516746));
#8218=CARTESIAN_POINT('',(32.8,-8.33076941966288,5.20518510483805));
#8219=CARTESIAN_POINT('Origin',(32.8,0.,0.));
#8220=CARTESIAN_POINT('',(32.8,9.74338228705409,1.24986907613938));
#8221=CARTESIAN_POINT('',(32.8,11.2566177129439,6.25013092386619));
#8222=CARTESIAN_POINT('Origin',(33.,17.3678452730233,8.4327121953213));
#8223=CARTESIAN_POINT('',(33.,9.51855222509197,5.62939324963387));
#8224=CARTESIAN_POINT('Origin',(33.,24.6321547269767,6.56728780467877));
#8225=CARTESIAN_POINT('',(33.,13.8570133857643,2.71902303996323));
#8226=CARTESIAN_POINT('Origin',(32.8,0.,0.));
#8227=CARTESIAN_POINT('',(32.8,-8.33076941966288,5.20518510483805));
#8228=CARTESIAN_POINT('',(32.8,-12.6692305803352,2.29481489516746));
#8229=CARTESIAN_POINT('Origin',(33.,-23.2195418595855,10.5226038333775));
#8230=CARTESIAN_POINT('',(33.,-12.4444005183731,6.67433906866191));
#8231=CARTESIAN_POINT('Origin',(33.,-18.7804581404145,4.47739616662259));
#8232=CARTESIAN_POINT('',(33.,-10.9311650924832,1.67407722093513));
#8233=CARTESIAN_POINT('Origin',(33.,-2.09999999999973,36.8931527234188));
#8234=CARTESIAN_POINT('',(33.,-2.09999999999972,18.4465763617094));
#8235=CARTESIAN_POINT('',(32.8,-2.09999999999972,21.5534236382906));
#8236=CARTESIAN_POINT('Origin',(32.8,0.,0.));
#8237=CARTESIAN_POINT('',(32.8,2.10000000000029,18.4465763617094));
#8238=CARTESIAN_POINT('Origin',(33.,2.10000000000026,43.1068472765812));
#8239=CARTESIAN_POINT('',(33.,2.10000000000029,21.5534236382906));
#8240=CARTESIAN_POINT('Origin',(32.8,0.,0.));
#8241=CARTESIAN_POINT('',(32.8,-2.09999999999975,-18.4465763617094));
#8242=CARTESIAN_POINT('',(32.8,2.10000000000025,-21.5534236382906));
#8243=CARTESIAN_POINT('Origin',(33.,2.10000000000025,-36.8931527234188));
#8244=CARTESIAN_POINT('',(33.,2.10000000000026,-18.4465763617094));
#8245=CARTESIAN_POINT('Origin',(33.,-2.09999999999975,-43.1068472765812));
#8246=CARTESIAN_POINT('',(33.,-2.09999999999975,-21.5534236382906));
#8247=CARTESIAN_POINT('Origin',(33.,0.,7.50000000000003));
#8248=CARTESIAN_POINT('Origin',(33.,0.,7.50000000000003));
#8249=CARTESIAN_POINT('Origin',(33.,2.5729418595688E-13,0.));
#8250=CARTESIAN_POINT('Origin',(33.,2.5729418595688E-13,0.));
#8251=CARTESIAN_POINT('Origin',(33.,2.5729418595688E-13,0.));
#8252=CARTESIAN_POINT('Origin',(33.,2.5729418595688E-13,0.));
#8253=CARTESIAN_POINT('Origin',(32.5,21.,7.50000000000002));
#8254=CARTESIAN_POINT('Origin',(35.,0.,-4.02455846426619E-15));
#8255=CARTESIAN_POINT('',(35.,30.,17.5));
#8256=CARTESIAN_POINT('',(35.,-30.0000000000343,3.7500000000234));
#8257=CARTESIAN_POINT('Origin',(32.5,-21.,7.50000000000003));
#8258=CARTESIAN_POINT('',(35.,-30.8020833333433,4.50305783736262));
#8259=CARTESIAN_POINT('Origin',(35.,-21.,7.50000000000003));
#8260=CARTESIAN_POINT('Ctrl Pts',(35.,-30.8020833333433,4.50305783736262));
#8261=CARTESIAN_POINT('Ctrl Pts',(34.9792748451402,-30.7879211441891,4.52762083359219));
#8262=CARTESIAN_POINT('Ctrl Pts',(34.9587357763524,-30.7739290722775,4.55229115486698));
#8263=CARTESIAN_POINT('Ctrl Pts',(34.6273517568148,-30.548844447996,4.95579626901358));
#8264=CARTESIAN_POINT('Ctrl Pts',(34.3192860241484,-30.3507515645197,5.41268685872346));
#8265=CARTESIAN_POINT('Ctrl Pts',(33.8779806620459,-30.0757114610802,6.41662837282215));
#8266=CARTESIAN_POINT('Ctrl Pts',(33.7500000000276,-30.0000000000276,6.96632054049137));
#8267=CARTESIAN_POINT('Ctrl Pts',(33.7500000000275,-30.0000000000275,7.50000000000171));
#8268=CARTESIAN_POINT('Origin',(35.,0.,-4.02455846426619E-15));
#8269=CARTESIAN_POINT('',(35.,35.9999999999989,1.50000000000002));
#8270=CARTESIAN_POINT('Origin',(35.,35.9999999999989,7.499999999999));
#8271=CARTESIAN_POINT('',(35.,40.401095998391,1.50000000000001));
#8272=CARTESIAN_POINT('',(35.,17.9999999999995,1.50000000000004));
#8273=CARTESIAN_POINT('',(35.,14.6291187235203,-37.6893545081946));
#8274=CARTESIAN_POINT('Origin',(35.,0.,-2.91433543964104E-15));
#8275=CARTESIAN_POINT('',(35.,13.3497936842079,-37.9289321881151));
#8276=CARTESIAN_POINT('Ctrl Pts',(35.,14.6291187235201,-37.6893545081945));
#8277=CARTESIAN_POINT('Ctrl Pts',(35.,14.4915068113447,-37.742768556465));
#8278=CARTESIAN_POINT('Ctrl Pts',(34.9999767202546,14.3510890714466,-37.7875017553977));
#8279=CARTESIAN_POINT('Ctrl Pts',(34.9999654896321,14.2082456167019,-37.8233132398033));
#8280=CARTESIAN_POINT('Ctrl Pts',(34.999960089592,14.1395619463084,-37.8405325390398));
#8281=CARTESIAN_POINT('Ctrl Pts',(34.9999569396585,14.0703174919731,-37.8556886212303));
#8282=CARTESIAN_POINT('Ctrl Pts',(34.9999569336918,14.0005550766195,-37.868751670169));
#8283=CARTESIAN_POINT('Ctrl Pts',(34.9999569213533,13.8562939495623,-37.8957646420272));
#8284=CARTESIAN_POINT('Ctrl Pts',(34.9999727477809,13.7108616835731,-37.9136342087187));
#8285=CARTESIAN_POINT('Ctrl Pts',(34.9999869918494,13.5646996273465,-37.9224615214042));
#8286=CARTESIAN_POINT('Ctrl Pts',(34.9999939575708,13.4932225646857,-37.9267783078414));
#8287=CARTESIAN_POINT('Ctrl Pts',(35.,13.421570611541,-37.9289321881151));
#8288=CARTESIAN_POINT('Ctrl Pts',(35.,13.3497936842076,-37.9289321881151));
#8289=CARTESIAN_POINT('',(35.,7.20837555338064,-37.9289321881151));
#8290=CARTESIAN_POINT('',(35.,0.,-37.9289321881151));
#8291=CARTESIAN_POINT('',(35.,-7.20837555338014,-37.9289321881151));
#8292=CARTESIAN_POINT('Origin',(35.,2.4980018054066E-13,-40.));
#8293=CARTESIAN_POINT('',(35.,-13.349793684208,-37.9289321881151));
#8294=CARTESIAN_POINT('',(35.,0.,-37.9289321881151));
#8295=CARTESIAN_POINT('',(35.,-14.6291187235203,-37.6893545081946));
#8296=CARTESIAN_POINT('Ctrl Pts',(35.,-13.3497936842076,-37.9289321881151));
#8297=CARTESIAN_POINT('Ctrl Pts',(35.,-13.4965672806865,-37.9289321881151));
#8298=CARTESIAN_POINT('Ctrl Pts',(34.999976963952,-13.6428197711522,-37.9199279123855));
#8299=CARTESIAN_POINT('Ctrl Pts',(34.9999656825956,-13.7881198578385,-37.9018337890346));
#8300=CARTESIAN_POINT('Ctrl Pts',(34.9999601762361,-13.8590399225695,-37.8930021604475));
#8301=CARTESIAN_POINT('Ctrl Pts',(34.9999569397141,-13.9297328318203,-37.8820045176306));
#8302=CARTESIAN_POINT('Ctrl Pts',(34.9999569336918,-14.0001465614495,-37.8688281398148));
#8303=CARTESIAN_POINT('Ctrl Pts',(34.9999569212826,-14.1452380114086,-37.8416774722875));
#8304=CARTESIAN_POINT('Ctrl Pts',(34.9999728870651,-14.288089270288,-37.8054759082264));
#8305=CARTESIAN_POINT('Ctrl Pts',(34.9999871749567,-14.4283173769773,-37.7604817999364));
#8306=CARTESIAN_POINT('Ctrl Pts',(34.9999940583236,-14.495873986307,-37.7388053367248));
#8307=CARTESIAN_POINT('Ctrl Pts',(35.,-14.5628219092414,-37.7150876092181));
#8308=CARTESIAN_POINT('Ctrl Pts',(35.,-14.6291187235201,-37.6893545081945));
#8309=CARTESIAN_POINT('',(35.,-40.401095998391,1.50000000000002));
#8310=CARTESIAN_POINT('Origin',(35.,0.,-2.91433543964104E-15));
#8311=CARTESIAN_POINT('',(35.,-36.0000000000304,1.50000000000002));
#8312=CARTESIAN_POINT('',(35.,-23.7381549409384,1.50000000000002));
#8313=CARTESIAN_POINT('Origin',(35.,-36.0000000000304,7.50000000000283));
#8314=CARTESIAN_POINT('Origin',(5.00000000000001,35.9999999999989,7.499999999999));
#8315=CARTESIAN_POINT('',(5.,30.,7.49999999999901));
#8316=CARTESIAN_POINT('',(5.,35.9999999999989,1.50000000000002));
#8317=CARTESIAN_POINT('Origin',(22.5,0.,0.));
#8318=CARTESIAN_POINT('Origin',(22.5,0.,2.77555756156289E-16));
#8319=CARTESIAN_POINT('Origin',(22.5,0.,2.77555756156289E-16));
#8320=CARTESIAN_POINT('Origin',(20.625,0.,2.77555756156289E-16));
#8321=CARTESIAN_POINT('',(20.,34.3216675127679,31.0013812457286));
#8322=CARTESIAN_POINT('Origin',(20.,0.,2.77555756156289E-16));
#8323=CARTESIAN_POINT('',(20.5161255850771,33.75,30.862999999999));
#8324=CARTESIAN_POINT('Ctrl Pts',(20.5161255850771,33.75,30.862999999999));
#8325=CARTESIAN_POINT('Ctrl Pts',(20.4125367027045,33.8903709907321,30.862999999999));
#8326=CARTESIAN_POINT('Ctrl Pts',(20.2944893588953,34.0280531449201,30.8869449341164));
#8327=CARTESIAN_POINT('Ctrl Pts',(20.1148965071961,34.2129797813744,30.9502887387652));
#8328=CARTESIAN_POINT('Ctrl Pts',(20.0575405377414,34.268722718032,30.9741535482789));
#8329=CARTESIAN_POINT('Ctrl Pts',(20.,34.3216675127679,31.0013812457286));
#8330=CARTESIAN_POINT('',(21.25,32.7486676217531,30.862999999999));
#8331=CARTESIAN_POINT('Ctrl Pts',(20.5161255850771,33.75,30.862999999999));
#8332=CARTESIAN_POINT('Ctrl Pts',(20.8885881078531,33.2452843187881,30.862999999999));
#8333=CARTESIAN_POINT('Ctrl Pts',(21.25,32.7486676217531,30.862999999999));
#8334=CARTESIAN_POINT('',(22.3286240083494,31.25,30.862999999999));
#8335=CARTESIAN_POINT('Ctrl Pts',(21.25,32.7486676217531,30.862999999999));
#8336=CARTESIAN_POINT('Ctrl Pts',(21.8019411645721,31.9902443267167,30.862999999999));
#8337=CARTESIAN_POINT('Ctrl Pts',(22.3286240083494,31.25,30.862999999999));
#8338=CARTESIAN_POINT('',(22.5,30.9790683140721,30.892714778602));
#8339=CARTESIAN_POINT('Ctrl Pts',(22.5000000000001,30.9790683140721,30.8927147786019));
#8340=CARTESIAN_POINT('Ctrl Pts',(22.4646236434327,31.043235181893,30.8784682423212));
#8341=CARTESIAN_POINT('Ctrl Pts',(22.426125888429,31.1059968139371,30.8699026571577));
#8342=CARTESIAN_POINT('Ctrl Pts',(22.3680981676625,31.1935600611238,30.8639526327471));
#8343=CARTESIAN_POINT('Ctrl Pts',(22.3486663387201,31.2218308247052,30.862999999999));
#8344=CARTESIAN_POINT('Ctrl Pts',(22.3286240083494,31.25,30.862999999999));
#8345=CARTESIAN_POINT('',(22.5,30.0375462025536,31.8089345645128));
#8346=CARTESIAN_POINT('Origin',(22.5,0.,2.77555756156289E-16));
#8347=CARTESIAN_POINT('',(22.3040699381622,30.,32.112999999999));
#8348=CARTESIAN_POINT('Ctrl Pts',(22.3040699381622,30.,32.112999999999));
#8349=CARTESIAN_POINT('Ctrl Pts',(22.3328753343814,30.,32.0735804525368));
#8350=CARTESIAN_POINT('Ctrl Pts',(22.3605305254719,30.001866393464,32.0339575436081));
#8351=CARTESIAN_POINT('Ctrl Pts',(22.4261258889737,30.011285668225,31.9351946971294));
#8352=CARTESIAN_POINT('Ctrl Pts',(22.4646236434847,30.0215573777796,31.8726896285595));
#8353=CARTESIAN_POINT('Ctrl Pts',(22.5000000000001,30.0375462025535,31.8089345645128));
#8354=CARTESIAN_POINT('',(21.25,30.,33.5410196624968));
#8355=CARTESIAN_POINT('Ctrl Pts',(22.3040699381622,30.,32.112999999999));
#8356=CARTESIAN_POINT('Ctrl Pts',(21.7884983387671,30.,32.8185483277444));
#8357=CARTESIAN_POINT('Ctrl Pts',(21.25,30.,33.5410196624968));
#8358=CARTESIAN_POINT('',(20.9068638049818,30.,34.));
#8359=CARTESIAN_POINT('Ctrl Pts',(21.25,30.,33.5410196624968));
#8360=CARTESIAN_POINT('Ctrl Pts',(21.0795978070564,30.,33.7696381946593));
#8361=CARTESIAN_POINT('Ctrl Pts',(20.9068638049818,30.,34.));
#8362=CARTESIAN_POINT('Ctrl Pts',(20.7967272905459,29.,35.));
#8363=CARTESIAN_POINT('Ctrl Pts',(20.7389605895945,29.090540883168,35.));
#8364=CARTESIAN_POINT('Ctrl Pts',(20.6862265900603,29.1883000001235,34.9872712461212));
#8365=CARTESIAN_POINT('Ctrl Pts',(20.6193217973512,29.349789051737,34.9392692076194));
#8366=CARTESIAN_POINT('Ctrl Pts',(20.5980402218822,29.4142884774228,34.9128309450834));
#8367=CARTESIAN_POINT('Ctrl Pts',(20.5694785340598,29.537263861608,34.8463018410367));
#8368=CARTESIAN_POINT('Ctrl Pts',(20.5621940569913,29.5957410554348,34.8062151569235));
#8369=CARTESIAN_POINT('Ctrl Pts',(20.5621940569913,29.7021521567307,34.7154527469947));
#8370=CARTESIAN_POINT('Ctrl Pts',(20.5694785340598,29.7509609985568,34.6640307536392));
#8371=CARTESIAN_POINT('Ctrl Pts',(20.5980402218821,29.8360549590969,34.5530889460085));
#8372=CARTESIAN_POINT('Ctrl Pts',(20.6193217973512,29.8723361673151,34.4935672560969));
#8373=CARTESIAN_POINT('Ctrl Pts',(20.6999403648894,29.9601472921505,34.3105367815409));
#8374=CARTESIAN_POINT('Ctrl Pts',(20.7769104044599,29.9899159986321,34.1820627771322));
#8375=CARTESIAN_POINT('Ctrl Pts',(20.8733835229684,29.9992302017516,34.0453193548623));
#8376=CARTESIAN_POINT('Ctrl Pts',(20.8898849007354,30.,34.0226434343433));
#8377=CARTESIAN_POINT('Ctrl Pts',(20.9068638049816,30.,33.9999999999998));
#8378=CARTESIAN_POINT('Origin',(20.625,0.,2.77555756156289E-16));
#8379=CARTESIAN_POINT('',(20.9068638049936,-29.9999999999796,34.0000000000018));
#8380=CARTESIAN_POINT('Ctrl Pts',(20.9068638049936,-29.9999999999796,34.0000000000018));
#8381=CARTESIAN_POINT('Ctrl Pts',(20.8898849007478,-29.9999999999796,34.0226434343447));
#8382=CARTESIAN_POINT('Ctrl Pts',(20.8733835229812,-29.9992302017311,34.0453193548631));
#8383=CARTESIAN_POINT('Ctrl Pts',(20.7769104044731,-29.9899159986116,34.1820627771325));
#8384=CARTESIAN_POINT('Ctrl Pts',(20.6999403649026,-29.96014729213,34.3105367815412));
#8385=CARTESIAN_POINT('Ctrl Pts',(20.6193217973644,-29.8723361672946,34.4935672560972));
#8386=CARTESIAN_POINT('Ctrl Pts',(20.5980402218954,-29.8360549590763,34.5530889460087));
#8387=CARTESIAN_POINT('Ctrl Pts',(20.569478534073,-29.7509609985362,34.6640307536395));
#8388=CARTESIAN_POINT('Ctrl Pts',(20.5621940570046,-29.7021521567101,34.7154527469949));
#8389=CARTESIAN_POINT('Ctrl Pts',(20.5621940570046,-29.5957410554142,34.8062151569237));
#8390=CARTESIAN_POINT('Ctrl Pts',(20.569478534073,-29.5372638615874,34.8463018410369));
#8391=CARTESIAN_POINT('Ctrl Pts',(20.5980402218954,-29.4142884774021,34.9128309450836));
#8392=CARTESIAN_POINT('Ctrl Pts',(20.6193217973644,-29.3497890517163,34.9392692076195));
#8393=CARTESIAN_POINT('Ctrl Pts',(20.6862265900734,-29.1883000001029,34.9872712461212));
#8394=CARTESIAN_POINT('Ctrl Pts',(20.7389605896076,-29.0905408831475,35.));
#8395=CARTESIAN_POINT('Ctrl Pts',(20.7967272905589,-28.9999999999796,35.));
#8396=CARTESIAN_POINT('',(21.25,-29.9999999999805,33.5410196625143));
#8397=CARTESIAN_POINT('Ctrl Pts',(20.9068638049936,-29.9999999999796,34.0000000000018));
#8398=CARTESIAN_POINT('Ctrl Pts',(21.079597807064,-29.9999999999801,33.7696381946665));
#8399=CARTESIAN_POINT('Ctrl Pts',(21.25,-29.9999999999805,33.5410196625143));
#8400=CARTESIAN_POINT('',(22.3040699381754,-29.9999999999831,32.1129999999968));
#8401=CARTESIAN_POINT('Ctrl Pts',(21.25,-29.9999999999805,33.5410196625143));
#8402=CARTESIAN_POINT('Ctrl Pts',(21.7884983387725,-29.9999999999818,32.8185483277539));
#8403=CARTESIAN_POINT('Ctrl Pts',(22.3040699381754,-29.9999999999831,32.1129999999968));
#8404=CARTESIAN_POINT('',(22.5,-30.0375462025312,31.808934564534));
#8405=CARTESIAN_POINT('Ctrl Pts',(22.5,-30.0375462025312,31.808934564534));
#8406=CARTESIAN_POINT('Ctrl Pts',(22.4646236434359,-30.0215573777369,31.8726896286669));
#8407=CARTESIAN_POINT('Ctrl Pts',(22.4261258884364,-30.0112856681293,31.9351946979558));
#8408=CARTESIAN_POINT('Ctrl Pts',(22.3605305254842,-30.0018663934471,32.0339575436071));
#8409=CARTESIAN_POINT('Ctrl Pts',(22.3328753343942,-29.9999999999831,32.0735804525352));
#8410=CARTESIAN_POINT('Ctrl Pts',(22.3040699381754,-29.9999999999831,32.1129999999968));
#8411=CARTESIAN_POINT('',(22.5,-30.979068314077,30.892714778597));
#8412=CARTESIAN_POINT('Origin',(22.5,0.,2.77555756156289E-16));
#8413=CARTESIAN_POINT('',(22.3286240083615,-31.2499999999831,30.862999999999));
#8414=CARTESIAN_POINT('Ctrl Pts',(22.3286240083615,-31.2499999999831,30.862999999999));
#8415=CARTESIAN_POINT('Ctrl Pts',(22.3486663387321,-31.2218308246884,30.862999999999));
#8416=CARTESIAN_POINT('Ctrl Pts',(22.3680981676744,-31.193560061107,30.8639526327471));
#8417=CARTESIAN_POINT('Ctrl Pts',(22.4261258889811,-31.1059968131052,30.869902657213));
#8418=CARTESIAN_POINT('Ctrl Pts',(22.4646236434879,-31.0432351817961,30.8784682423402));
#8419=CARTESIAN_POINT('Ctrl Pts',(22.5,-30.979068314077,30.892714778597));
#8420=CARTESIAN_POINT('',(21.25,-32.7486676217531,30.862999999999));
#8421=CARTESIAN_POINT('Ctrl Pts',(22.3286240083615,-31.2499999999831,30.862999999999));
#8422=CARTESIAN_POINT('Ctrl Pts',(21.8019411645784,-31.990244326708,30.862999999999));
#8423=CARTESIAN_POINT('Ctrl Pts',(21.25,-32.7486676217531,30.862999999999));
#8424=CARTESIAN_POINT('',(20.5161255850771,-33.75,30.862999999999));
#8425=CARTESIAN_POINT('Ctrl Pts',(21.25,-32.7486676217531,30.862999999999));
#8426=CARTESIAN_POINT('Ctrl Pts',(20.8885881078531,-33.2452843187881,30.862999999999));
#8427=CARTESIAN_POINT('Ctrl Pts',(20.5161255850771,-33.75,30.862999999999));
#8428=CARTESIAN_POINT('Ctrl Pts',(20.,-34.3216675127679,31.0013812457286));
#8429=CARTESIAN_POINT('Ctrl Pts',(20.0575405377414,-34.268722718032,30.9741535482789));
#8430=CARTESIAN_POINT('Ctrl Pts',(20.1148965071961,-34.2129797813744,30.9502887387652));
#8431=CARTESIAN_POINT('Ctrl Pts',(20.2944893588953,-34.0280531449201,30.8869449341164));
#8432=CARTESIAN_POINT('Ctrl Pts',(20.4125367027045,-33.8903709907321,30.862999999999));
#8433=CARTESIAN_POINT('Ctrl Pts',(20.5161255850771,-33.75,30.862999999999));
#8434=CARTESIAN_POINT('Origin',(20.,0.,0.));
#8435=CARTESIAN_POINT('',(20.,35.,32.113081446634));
#8436=CARTESIAN_POINT('Origin',(20.,0.,-1.66533453693774E-15));
#8437=CARTESIAN_POINT('',(20.,35.,32.112999999999));
#8438=CARTESIAN_POINT('',(20.,35.,13.6250000000037));
#8439=CARTESIAN_POINT('Origin',(20.,33.75,32.112999999999));
#8440=CARTESIAN_POINT('Origin',(34.6213203435596,-10.3786796564404,41.));
#8441=CARTESIAN_POINT('',(32.1213203435596,-7.87867965644035,41.));
#8442=CARTESIAN_POINT('Origin',(30.,-10.,41.));
#8443=CARTESIAN_POINT('Origin',(30.3786796564404,14.6213203435596,41.));
#8444=CARTESIAN_POINT('',(30.3786796564404,14.6213203435596,41.));
#8445=CARTESIAN_POINT('Origin',(32.5,12.5,41.));
#8446=CARTESIAN_POINT('Ctrl Pts',(40.,-13.0726684705363,39.9999999999806));
#8447=CARTESIAN_POINT('Ctrl Pts',(38.2743618272452,-13.4026772550227,41.7256381727333));
#8448=CARTESIAN_POINT('Ctrl Pts',(36.5473208331894,-13.7205274916693,43.4526791667869));
#8449=CARTESIAN_POINT('Ctrl Pts',(34.8194356961934,-14.0284526039071,45.1805643037808));
#8450=CARTESIAN_POINT('Ctrl Pts',(40.0841522645044,-13.9527441944494,39.9158477354763));
#8451=CARTESIAN_POINT('Ctrl Pts',(38.3543557474554,-14.2615892880917,41.6456236704784));
#8452=CARTESIAN_POINT('Ctrl Pts',(36.6237844693651,-14.5605257065104,43.3762292037587));
#8453=CARTESIAN_POINT('Ctrl Pts',(34.8927408456305,-14.8511388554893,45.1072591543438));
#8454=CARTESIAN_POINT('Ctrl Pts',(40.0841522645058,-14.8327462628355,39.7475572922556));
#8455=CARTESIAN_POINT('Ctrl Pts',(38.3543557474569,-15.1204379177029,41.4856269671902));
#8456=CARTESIAN_POINT('Ctrl Pts',(36.6237844693666,-15.4004652082804,43.2233263015709));
#8457=CARTESIAN_POINT('Ctrl Pts',(34.892740845632,-15.6737727579743,44.9606581845643));
#8458=CARTESIAN_POINT('Ctrl Pts',(40.0000000000043,-15.6817712441225,39.5010386021051));
#8459=CARTESIAN_POINT('Ctrl Pts',(38.2743618272495,-15.9505630312236,41.2509797041787));
#8460=CARTESIAN_POINT('Ctrl Pts',(36.5473208331937,-16.2135270423757,42.9988485444701));
#8461=CARTESIAN_POINT('Ctrl Pts',(34.8194356961977,-16.4711359225124,44.7452555445746));
#8462=CARTESIAN_POINT('',(35.,-16.4441957729731,44.562747058258));
#8463=CARTESIAN_POINT('Ctrl Pts',(34.8728795295668,-15.0544346232963,45.0511686522195));
#8464=CARTESIAN_POINT('Ctrl Pts',(34.8849399975827,-15.1208692412147,45.0289662484481));
#8465=CARTESIAN_POINT('Ctrl Pts',(34.8961677884606,-15.1874035834712,45.0065679275347));
#8466=CARTESIAN_POINT('Ctrl Pts',(34.9065518853842,-15.2540252796226,44.9839765592594));
#8467=CARTESIAN_POINT('Ctrl Pts',(34.9427103276062,-15.4860085487257,44.9053112029449));
#8468=CARTESIAN_POINT('Ctrl Pts',(34.968570000425,-15.7185435762429,44.8244701381639));
#8469=CARTESIAN_POINT('Ctrl Pts',(34.9837923335026,-15.9510937679416,44.7415853572902));
#8470=CARTESIAN_POINT('Ctrl Pts',(34.9945555361795,-16.1155222318985,44.6829803004424));
#8471=CARTESIAN_POINT('Ctrl Pts',(35.0000001874561,-16.2799574354096,44.6233532058513));
#8472=CARTESIAN_POINT('Ctrl Pts',(35.0000000712879,-16.4441957626386,44.5627471538332));
#8473=CARTESIAN_POINT('Ctrl Pts',(35.0000000829206,-16.4441957609017,44.5627471420747));
#8474=CARTESIAN_POINT('Ctrl Pts',(36.6676386433764,-16.1951997910703,42.8770754829563));
#8475=CARTESIAN_POINT('Ctrl Pts',(38.3344727175526,-15.941199936524,41.1900222454921));
#8476=CARTESIAN_POINT('Ctrl Pts',(40.0000000000043,-15.6817712441225,39.5010386021051));
#8477=CARTESIAN_POINT('Origin',(31.3863068196312,13.6136931803688,35.));
#8478=CARTESIAN_POINT('Origin',(32.5,-12.5,35.));
#8479=CARTESIAN_POINT('',(33.6136931803688,-11.3863068196312,35.));
#8480=CARTESIAN_POINT('Origin',(33.6136931803688,-11.3863068196312,35.));
#8481=CARTESIAN_POINT('Origin',(40.,0.,-39.9999999999806));
#8482=CARTESIAN_POINT('',(34.6292851624363,-14.0622983586748,-45.3707148375443));
#8483=CARTESIAN_POINT('Ctrl Pts',(34.6292851624363,-14.0622983586748,-45.3707148375443));
#8484=CARTESIAN_POINT('Ctrl Pts',(36.420617840843,-13.7438346494154,-43.5793821591376));
#8485=CARTESIAN_POINT('Ctrl Pts',(38.2110613885218,-13.4147827480294,-41.7889386114588));
#8486=CARTESIAN_POINT('Ctrl Pts',(40.,-13.0726684705371,-39.9999999999806));
#8487=CARTESIAN_POINT('',(34.6292851624363,14.0622983586748,-45.3707148375443));
#8488=CARTESIAN_POINT('Origin',(79.9999999999807,0.,-6.66133814774934E-15));
#8489=CARTESIAN_POINT('Ctrl Pts',(40.,13.0726684705371,-39.9999999999806));
#8490=CARTESIAN_POINT('Ctrl Pts',(38.2110613885218,13.4147827480294,-41.7889386114588));
#8491=CARTESIAN_POINT('Ctrl Pts',(36.420617840843,13.7438346494154,-43.5793821591376));
#8492=CARTESIAN_POINT('Ctrl Pts',(34.6292851624363,14.0622983586748,-45.3707148375443));
#8493=CARTESIAN_POINT('Origin',(33.,0.,7.50000000000003));
#8494=CARTESIAN_POINT('Origin',(33.,0.,7.50000000000003));
#8495=CARTESIAN_POINT('Origin',(17.0000000000001,-31.2500000000237,9.61299999999903));
#8496=CARTESIAN_POINT('',(29.0000000000002,-31.2500000000237,10.862999999999));
#8497=CARTESIAN_POINT('',(17.0000000000001,-31.2500000000237,10.862999999999));
#8498=CARTESIAN_POINT('',(29.0000000000002,-30.0000000000237,9.61299999999677));
#8499=CARTESIAN_POINT('Origin',(29.0000000000002,-31.2500000000237,9.61299999999903));
#8500=CARTESIAN_POINT('',(17.0000000000001,-30.0000000000237,9.61299999999677));
#8501=CARTESIAN_POINT('Origin',(29.0000000000002,-31.2500000000275,12.8629999999988));
#8502=CARTESIAN_POINT('',(31.,-31.2500000000275,12.8629999999988));
#8503=CARTESIAN_POINT('',(32.25,-30.0000000000178,12.8629999999966));
#8504=CARTESIAN_POINT('Origin',(32.25,-31.2500000000275,12.8629999999988));
#8505=CARTESIAN_POINT('Origin',(29.0000000000002,-30.0000000000178,12.8629999999966));
#8506=CARTESIAN_POINT('Origin',(29.0000000000002,-31.2500000000275,12.8629999999988));
#8507=CARTESIAN_POINT('Origin',(32.25,-31.2500000000064,19.1815000000252));
#8508=CARTESIAN_POINT('',(31.,-31.2499999999889,28.862999999999));
#8509=CARTESIAN_POINT('',(32.25,-29.9999999999889,28.8629999999968));
#8510=CARTESIAN_POINT('Origin',(32.25,-31.2499999999889,28.862999999999));
#8511=CARTESIAN_POINT('',(32.25,-30.0000000000064,19.1815000000229));
#8512=CARTESIAN_POINT('',(31.,-31.2500000000064,19.1815000000252));
#8513=CARTESIAN_POINT('Origin',(29.,-31.2500000000275,28.862999999999));
#8514=CARTESIAN_POINT('',(29.,-31.2500000000239,30.862999999999));
#8515=CARTESIAN_POINT('',(29.,-29.9999999999831,32.1129999999968));
#8516=CARTESIAN_POINT('Origin',(29.,-31.2500000000217,32.112999999999));
#8517=CARTESIAN_POINT('Origin',(29.,-29.9999999999889,28.8629999999968));
#8518=CARTESIAN_POINT('Origin',(29.,-31.2500000000275,28.862999999999));
#8519=CARTESIAN_POINT('Origin',(7.00000000000002,-31.2499999999831,32.112999999999));
#8520=CARTESIAN_POINT('',(7.00000000000002,-29.9999999999831,32.1129999999968));
#8521=CARTESIAN_POINT('',(7.00000000000002,-31.2499999999831,30.862999999999));
#8522=CARTESIAN_POINT('Origin',(22.5,-31.2499999999831,32.112999999999));
#8523=CARTESIAN_POINT('Origin',(5.,-30.0000000000275,7.49999999999258));
#8524=CARTESIAN_POINT('',(5.,-30.0000000000275,7.49999999999258));
#8525=CARTESIAN_POINT('',(36.,-29.9999999999796,34.0000000000018));
#8526=CARTESIAN_POINT('',(5.,-29.9999999999796,34.0000000000018));
#8527=CARTESIAN_POINT('',(36.,-30.0000000000275,7.49999999999258));
#8528=CARTESIAN_POINT('Origin',(14.5,-33.75,32.112999999999));
#8529=CARTESIAN_POINT('',(29.,-33.75,30.862999999999));
#8530=CARTESIAN_POINT('',(14.5,-33.75,30.862999999999));
#8531=CARTESIAN_POINT('',(29.,-35.,32.112999999999));
#8532=CARTESIAN_POINT('Origin',(29.,-33.75,32.112999999999));
#8533=CARTESIAN_POINT('',(14.5,-35.,32.112999999999));
#8534=CARTESIAN_POINT('Origin',(29.,-33.75,28.862999999999));
#8535=CARTESIAN_POINT('',(31.,-33.75,28.862999999999));
#8536=CARTESIAN_POINT('',(32.25,-35.,28.862999999999));
#8537=CARTESIAN_POINT('Origin',(32.25,-33.75,28.862999999999));
#8538=CARTESIAN_POINT('Origin',(29.,-35.,28.862999999999));
#8539=CARTESIAN_POINT('Origin',(29.,-33.75,28.862999999999));
#8540=CARTESIAN_POINT('Origin',(32.25,-33.75,29.0565000000032));
#8541=CARTESIAN_POINT('',(31.,-33.75,15.2222791441493));
#8542=CARTESIAN_POINT('',(32.25,-35.,15.2222791441493));
#8543=CARTESIAN_POINT('Origin',(32.25,-33.75,15.2222791441493));
#8544=CARTESIAN_POINT('',(32.25,-35.,29.0565000000032));
#8545=CARTESIAN_POINT('',(31.,-33.75,29.0565000000032));
#8546=CARTESIAN_POINT('Ctrl Pts',(31.6789816740148,-35.1782792860812,13.2889097505758));
#8547=CARTESIAN_POINT('Ctrl Pts',(31.8599023448101,-35.0415832403492,13.8611354007426));
#8548=CARTESIAN_POINT('Ctrl Pts',(32.0610276507684,-35.,14.5238500632058));
#8549=CARTESIAN_POINT('Ctrl Pts',(32.25,-35.,15.2222791441493));
#8550=CARTESIAN_POINT('Ctrl Pts',(31.4467667875781,-35.0681248522664,13.2432340394628));
#8551=CARTESIAN_POINT('Ctrl Pts',(31.5735070226971,-34.941410104842,13.84521425735));
#8552=CARTESIAN_POINT('Ctrl Pts',(31.7231994818974,-34.9417313694693,14.5241842053686));
#8553=CARTESIAN_POINT('Ctrl Pts',(31.8760008745727,-35.,15.2222791441493));
#8554=CARTESIAN_POINT('Ctrl Pts',(31.1090950620287,-34.754179523936,13.1130561099369));
#8555=CARTESIAN_POINT('Ctrl Pts',(31.1421594567925,-34.586005583933,13.7715179564056));
#8556=CARTESIAN_POINT('Ctrl Pts',(31.1826428763434,-34.5960992099231,14.4974961219649));
#8557=CARTESIAN_POINT('Ctrl Pts',(31.2286690554898,-34.685947702236,15.2222791441493));
#8558=CARTESIAN_POINT('Ctrl Pts',(31.,-34.3319803506198,12.9379905514776));
#8559=CARTESIAN_POINT('Ctrl Pts',(30.9998759121028,-34.0661455559495,13.6547424754466));
#8560=CARTESIAN_POINT('Ctrl Pts',(31.0004872766439,-34.0037371985371,14.4427089617315));
#8561=CARTESIAN_POINT('Ctrl Pts',(31.,-34.0304993440705,15.2222791441493));
#8562=CARTESIAN_POINT('Ctrl Pts',(31.,-34.1511283936827,12.8630000000017));
#8563=CARTESIAN_POINT('Ctrl Pts',(31.,-33.8435622907857,13.6047458666705));
#8564=CARTESIAN_POINT('Ctrl Pts',(31.,-33.75,14.4192948115676));
#8565=CARTESIAN_POINT('Ctrl Pts',(31.,-33.75,15.2222791441493));
#8566=CARTESIAN_POINT('',(31.,-34.1511283936827,12.8630000000003));
#8567=CARTESIAN_POINT('Ctrl Pts',(31.,-33.75,15.2222791441493));
#8568=CARTESIAN_POINT('Ctrl Pts',(31.,-33.75,14.4192948115676));
#8569=CARTESIAN_POINT('Ctrl Pts',(31.,-33.8435622907857,13.6047458666705));
#8570=CARTESIAN_POINT('Ctrl Pts',(31.,-34.1511283936827,12.8630000000017));
#8571=CARTESIAN_POINT('',(31.6789816740148,-35.1782792860812,13.2889097505758));
#8572=CARTESIAN_POINT('Origin',(32.25,-34.1511283936827,12.8630000000017));
#8573=CARTESIAN_POINT('Ctrl Pts',(31.6789816740148,-35.1782792860812,13.2889097505758));
#8574=CARTESIAN_POINT('Ctrl Pts',(31.8599023448101,-35.0415832403492,13.8611354007426));
#8575=CARTESIAN_POINT('Ctrl Pts',(32.0610276507684,-35.,14.5238500632058));
#8576=CARTESIAN_POINT('Ctrl Pts',(32.25,-35.,15.2222791441493));
#8577=CARTESIAN_POINT('Ctrl Pts',(31.,-34.1511283936828,12.8630000000005));
#8578=CARTESIAN_POINT('Ctrl Pts',(31.0000000000001,-34.2514394142186,12.7141283682533));
#8579=CARTESIAN_POINT('Ctrl Pts',(30.9475950879567,-34.5626935285542,12.277614658518));
#8580=CARTESIAN_POINT('Ctrl Pts',(30.7098677548942,-35.1159566188788,11.7413436118178));
#8581=CARTESIAN_POINT('Ctrl Pts',(30.242831108053,-35.1502951485406,11.2705338578226));
#8582=CARTESIAN_POINT('Ctrl Pts',(29.8510337005336,-34.8391853255267,11.0363497231313));
#8583=CARTESIAN_POINT('Ctrl Pts',(29.4403905847986,-34.4996557149819,10.8959529588571));
#8584=CARTESIAN_POINT('Ctrl Pts',(29.148504298056,-34.2733970781777,10.8629999999988));
#8585=CARTESIAN_POINT('Ctrl Pts',(28.9999999999968,-34.1716584293085,10.862999999999));
#8586=CARTESIAN_POINT('Ctrl Pts',(31.,-34.3621223434427,12.9504889767225));
#8587=CARTESIAN_POINT('Ctrl Pts',(31.0066991707177,-34.444092160282,12.8014334393208));
#8588=CARTESIAN_POINT('Ctrl Pts',(30.9730978002922,-34.7057633845264,12.3503146130874));
#8589=CARTESIAN_POINT('Ctrl Pts',(30.7352073002127,-35.1998948070995,11.7655963512792));
#8590=CARTESIAN_POINT('Ctrl Pts',(30.2302692424283,-35.2308129102281,11.2562915097364));
#8591=CARTESIAN_POINT('Ctrl Pts',(29.8042579638943,-34.9523228440629,11.0117611123011));
#8592=CARTESIAN_POINT('Ctrl Pts',(29.3642546219211,-34.6544172787142,10.8770634917579));
#8593=CARTESIAN_POINT('Ctrl Pts',(29.0618210430727,-34.4624879429583,10.8563323907227));
#8594=CARTESIAN_POINT('Ctrl Pts',(28.9126087696627,-34.3789464842906,10.8629999999992));
#8595=CARTESIAN_POINT('Ctrl Pts',(31.1285237875058,-34.7837004419866,13.1252970055403));
#8596=CARTESIAN_POINT('Ctrl Pts',(31.1283336196957,-34.8293165034873,12.9662537109241));
#8597=CARTESIAN_POINT('Ctrl Pts',(31.0761605484224,-34.9922891208268,12.4713282214264));
#8598=CARTESIAN_POINT('Ctrl Pts',(30.7975569251748,-35.3681286036699,11.8045621169802));
#8599=CARTESIAN_POINT('Ctrl Pts',(30.2144598702044,-35.3922100482141,11.217371616905));
#8600=CARTESIAN_POINT('Ctrl Pts',(29.7271562637591,-35.178945081204,10.9325010409066));
#8601=CARTESIAN_POINT('Ctrl Pts',(29.2304676738508,-34.9641708761687,10.7712482138816));
#8602=CARTESIAN_POINT('Ctrl Pts',(28.8979094394894,-34.840599738311,10.7383996726692));
#8603=CARTESIAN_POINT('Ctrl Pts',(28.737985613854,-34.7931447303163,10.7384347454237));
#8604=CARTESIAN_POINT('Ctrl Pts',(31.4757936483826,-35.0818941564934,13.2489435033515));
#8605=CARTESIAN_POINT('Ctrl Pts',(31.4375313565796,-35.1193592501105,13.0711634814833));
#8606=CARTESIAN_POINT('Ctrl Pts',(31.2753064860359,-35.2477397981123,12.5309325869891));
#8607=CARTESIAN_POINT('Ctrl Pts',(30.8848880370159,-35.5290467337981,11.8214369965176));
#8608=CARTESIAN_POINT('Ctrl Pts',(30.2196760566071,-35.5470972176191,11.1552574669841));
#8609=CARTESIAN_POINT('Ctrl Pts',(29.6896263624741,-35.3875019250209,10.7953147767561));
#8610=CARTESIAN_POINT('Ctrl Pts',(29.1547140286498,-35.2248631903473,10.5434762147872));
#8611=CARTESIAN_POINT('Ctrl Pts',(28.7917048215218,-35.1283479950715,10.4383506483172));
#8612=CARTESIAN_POINT('Ctrl Pts',(28.6129746460507,-35.0896651050516,10.4007694355405));
#8613=CARTESIAN_POINT('Ctrl Pts',(31.6789816740148,-35.1782792860812,13.2889097505756));
#8614=CARTESIAN_POINT('Ctrl Pts',(31.6199753760109,-35.2228619618749,13.1022814504991));
#8615=CARTESIAN_POINT('Ctrl Pts',(31.3935300827711,-35.3611971238019,12.5444993203636));
#8616=CARTESIAN_POINT('Ctrl Pts',(30.9334676220979,-35.6070918306128,11.8250247679197));
#8617=CARTESIAN_POINT('Ctrl Pts',(30.2268161895822,-35.6223533993514,11.1195543590928));
#8618=CARTESIAN_POINT('Ctrl Pts',(29.680863776155,-35.4840823669008,10.7154093366383));
#8619=CARTESIAN_POINT('Ctrl Pts',(29.1339295933342,-35.3331803177697,10.4082461549213));
#8620=CARTESIAN_POINT('Ctrl Pts',(28.7592521810525,-35.2326209236345,10.2606818481904));
#8621=CARTESIAN_POINT('Ctrl Pts',(28.5717687014251,-35.1874037463593,10.2023890105979));
#8622=CARTESIAN_POINT('',(28.9999999999985,-34.1716584293085,10.862999999999));
#8623=CARTESIAN_POINT('',(28.5717687014251,-35.1874037463593,10.2023890105979));
#8624=CARTESIAN_POINT('Origin',(28.9999999999947,-34.1716584293085,9.61299999999903));
#8625=CARTESIAN_POINT('Ctrl Pts',(28.5717687014251,-35.1874037463593,10.2023890105979));
#8626=CARTESIAN_POINT('Ctrl Pts',(28.7592521810525,-35.2326209236345,10.2606818481904));
#8627=CARTESIAN_POINT('Ctrl Pts',(29.1339295933342,-35.3331803177697,10.4082461549213));
#8628=CARTESIAN_POINT('Ctrl Pts',(29.680863776155,-35.4840823669008,10.7154093366383));
#8629=CARTESIAN_POINT('Ctrl Pts',(30.2268161895822,-35.6223533993514,11.1195543590928));
#8630=CARTESIAN_POINT('Ctrl Pts',(30.9334676220979,-35.6070918306128,11.8250247679197));
#8631=CARTESIAN_POINT('Ctrl Pts',(31.3935300827711,-35.3611971238019,12.5444993203636));
#8632=CARTESIAN_POINT('Ctrl Pts',(31.6199753760109,-35.2228619618749,13.1022814504991));
#8633=CARTESIAN_POINT('Ctrl Pts',(31.6789816740148,-35.1782792860812,13.2889097505756));
#8634=CARTESIAN_POINT('Ctrl Pts',(31.,-34.1511283936828,12.8630000000005));
#8635=CARTESIAN_POINT('Ctrl Pts',(31.0000000000001,-34.2514394142186,12.7141283682533));
#8636=CARTESIAN_POINT('Ctrl Pts',(30.9475950879567,-34.5626935285542,12.277614658518));
#8637=CARTESIAN_POINT('Ctrl Pts',(30.7098677548942,-35.1159566188788,11.7413436118178));
#8638=CARTESIAN_POINT('Ctrl Pts',(30.242831108053,-35.1502951485406,11.2705338578226));
#8639=CARTESIAN_POINT('Ctrl Pts',(29.8510337005336,-34.8391853255267,11.0363497231313));
#8640=CARTESIAN_POINT('Ctrl Pts',(29.4403905847986,-34.4996557149819,10.8959529588571));
#8641=CARTESIAN_POINT('Ctrl Pts',(29.148504298056,-34.2733970781777,10.8629999999988));
#8642=CARTESIAN_POINT('Ctrl Pts',(28.9999999999968,-34.1716584293085,10.862999999999));
#8643=CARTESIAN_POINT('Ctrl Pts',(26.5239735590876,-35.,9.61299999999904));
#8644=CARTESIAN_POINT('Ctrl Pts',(27.2652307512004,-35.,9.80608679833943));
#8645=CARTESIAN_POINT('Ctrl Pts',(27.9683085704821,-35.0418615163265,10.0147596606592));
#8646=CARTESIAN_POINT('Ctrl Pts',(28.5717687014251,-35.1874037463593,10.2023890105979));
#8647=CARTESIAN_POINT('Ctrl Pts',(26.5239735590876,-35.,9.9869991254264));
#8648=CARTESIAN_POINT('Ctrl Pts',(27.2649057506745,-34.9404627007147,10.1431274257496));
#8649=CARTESIAN_POINT('Ctrl Pts',(27.9844213067735,-34.9388118408568,10.2981772330024));
#8650=CARTESIAN_POINT('Ctrl Pts',(28.6188612095682,-35.0757024420075,10.4291094962464));
#8651=CARTESIAN_POINT('Ctrl Pts',(26.5239735590876,-34.6859613075246,10.6343472689368));
#8652=CARTESIAN_POINT('Ctrl Pts',(27.2908636874669,-34.5941565657888,10.6813755649143));
#8653=CARTESIAN_POINT('Ctrl Pts',(28.0578850792739,-34.5821909840795,10.7232188695894));
#8654=CARTESIAN_POINT('Ctrl Pts',(28.750226784099,-34.7641092268524,10.7572442371251));
#8655=CARTESIAN_POINT('Ctrl Pts',(26.5239735590876,-34.0304993440705,10.862999999999));
#8656=CARTESIAN_POINT('Ctrl Pts',(27.3441519517781,-34.0031545128358,10.8625021139991));
#8657=CARTESIAN_POINT('Ctrl Pts',(28.1736794928745,-34.0654436412801,10.8631223245334));
#8658=CARTESIAN_POINT('Ctrl Pts',(28.9250932311371,-34.3493339050074,10.862999999999));
#8659=CARTESIAN_POINT('Ctrl Pts',(26.5239735590876,-33.75,10.862999999999));
#8660=CARTESIAN_POINT('Ctrl Pts',(27.3669255253168,-33.75,10.862999999999));
#8661=CARTESIAN_POINT('Ctrl Pts',(28.223255894797,-33.8441884117348,10.862999999999));
#8662=CARTESIAN_POINT('Ctrl Pts',(28.9999999999947,-34.1716584293085,10.862999999999));
#8663=CARTESIAN_POINT('',(26.5239735590876,-33.75,10.862999999999));
#8664=CARTESIAN_POINT('Ctrl Pts',(28.9999999999947,-34.1716584293085,10.862999999999));
#8665=CARTESIAN_POINT('Ctrl Pts',(28.223255894797,-33.8441884117348,10.862999999999));
#8666=CARTESIAN_POINT('Ctrl Pts',(27.3669255253168,-33.75,10.862999999999));
#8667=CARTESIAN_POINT('Ctrl Pts',(26.5239735590876,-33.75,10.862999999999));
#8668=CARTESIAN_POINT('',(26.5239735590876,-35.,9.61299999999905));
#8669=CARTESIAN_POINT('Origin',(26.5239735590876,-33.75,9.61299999999903));
#8670=CARTESIAN_POINT('Ctrl Pts',(26.5239735590876,-35.,9.61299999999904));
#8671=CARTESIAN_POINT('Ctrl Pts',(27.2652307512004,-35.,9.80608679833943));
#8672=CARTESIAN_POINT('Ctrl Pts',(27.9683085704821,-35.0418615163265,10.0147596606592));
#8673=CARTESIAN_POINT('Ctrl Pts',(28.5717687014251,-35.1874037463593,10.2023890105979));
#8674=CARTESIAN_POINT('Origin',(24.5000000000001,-33.75,9.61299999999903));
#8675=CARTESIAN_POINT('',(20.,-33.7500000000184,10.862999999999));
#8676=CARTESIAN_POINT('',(20.,-35.,9.61299999999903));
#8677=CARTESIAN_POINT('Origin',(20.,-33.75,9.61299999999903));
#8678=CARTESIAN_POINT('',(24.5000000000001,-35.,9.61299999999903));
#8679=CARTESIAN_POINT('',(24.5000000000001,-33.75,10.862999999999));
#8680=CARTESIAN_POINT('Origin',(20.,0.,0.));
#8681=CARTESIAN_POINT('',(20.,-33.7500000000228,7.49999999999995));
#8682=CARTESIAN_POINT('',(20.,-33.7500000000255,5.43150000002268));
#8683=CARTESIAN_POINT('',(20.,-35.9999975919883,5.24999999999857));
#8684=CARTESIAN_POINT('Origin',(20.,-36.0000000000304,7.50000000000283));
#8685=CARTESIAN_POINT('',(20.,-41.4969878425006,5.25000000000067));
#8686=CARTESIAN_POINT('',(20.,-17.9999981270927,5.24999999999477));
#8687=CARTESIAN_POINT('',(20.,-46.2466430774863,0.557228915662889));
#8688=CARTESIAN_POINT('Origin',(20.,-41.4969878425017,0.50000000000022));
#8689=CARTESIAN_POINT('',(20.,46.2466430774864,0.557228915649776));
#8690=CARTESIAN_POINT('Origin',(20.,0.,2.77555756156289E-16));
#8691=CARTESIAN_POINT('',(20.,41.4969878424868,5.25000000000142));
#8692=CARTESIAN_POINT('Origin',(20.,41.4969878424893,0.499999999988379));
#8693=CARTESIAN_POINT('',(20.,36.0000000000003,5.24999999999861));
#8694=CARTESIAN_POINT('',(20.,20.7484939212421,5.24999999999082));
#8695=CARTESIAN_POINT('',(20.,33.7499999999957,7.49999999999934));
#8696=CARTESIAN_POINT('Origin',(20.,35.9999999999989,7.499999999999));
#8697=CARTESIAN_POINT('',(20.,33.7499999999962,10.862999999999));
#8698=CARTESIAN_POINT('',(20.,33.7499999999951,3.74999999999714));
#8699=CARTESIAN_POINT('',(20.,35.,9.61299999999903));
#8700=CARTESIAN_POINT('Origin',(20.,33.75,9.61299999999903));
#8701=CARTESIAN_POINT('',(20.,35.,8.00000000001219));
#8702=CARTESIAN_POINT('',(20.,35.,13.6250000000037));
#8703=CARTESIAN_POINT('',(20.,36.,7.00000000001219));
#8704=CARTESIAN_POINT('Origin',(20.,36.,8.00000000001219));
#8705=CARTESIAN_POINT('',(20.,46.9813792900759,7.00000000001219));
#8706=CARTESIAN_POINT('',(20.,35.,7.00000000001219));
#8707=CARTESIAN_POINT('',(20.,-46.9813792900759,7.00000000001219));
#8708=CARTESIAN_POINT('Origin',(20.,0.,-1.66533453693774E-15));
#8709=CARTESIAN_POINT('',(20.,-36.,7.00000000001219));
#8710=CARTESIAN_POINT('',(20.,-35.,7.00000000001219));
#8711=CARTESIAN_POINT('',(20.,-35.,8.00000000001219));
#8712=CARTESIAN_POINT('Origin',(20.,-36.,8.00000000001219));
#8713=CARTESIAN_POINT('',(20.,-35.,13.6250000000037));
#8714=CARTESIAN_POINT('Origin',(29.0000000000002,0.,10.862999999999));
#8715=CARTESIAN_POINT('',(31.0000000000028,-22.7500000000155,10.862999999999));
#8716=CARTESIAN_POINT('',(29.0000000000002,0.,10.862999999999));
#8717=CARTESIAN_POINT('Origin',(29.0000000000002,0.,12.8629999999988));
#8718=CARTESIAN_POINT('',(31.,0.,12.8629999999988));
#8719=CARTESIAN_POINT('Origin',(31.,0.,30.862999999999));
#8720=CARTESIAN_POINT('',(31.,0.,28.862999999999));
#8721=CARTESIAN_POINT('Origin',(29.,0.,28.862999999999));
#8722=CARTESIAN_POINT('',(29.,0.,30.862999999999));
#8723=CARTESIAN_POINT('Origin',(9.00000000000003,0.,30.862999999999));
#8724=CARTESIAN_POINT('Origin',(7.00000000000002,31.25,32.112999999999));
#8725=CARTESIAN_POINT('',(29.,31.25,30.862999999999));
#8726=CARTESIAN_POINT('',(7.00000000000002,31.25,30.862999999999));
#8727=CARTESIAN_POINT('',(29.,30.,32.112999999999));
#8728=CARTESIAN_POINT('Origin',(29.,31.25,32.112999999999));
#8729=CARTESIAN_POINT('',(7.00000000000002,30.,32.112999999999));
#8730=CARTESIAN_POINT('Origin',(22.5,31.25,32.112999999999));
#8731=CARTESIAN_POINT('Origin',(29.,31.25,28.862999999999));
#8732=CARTESIAN_POINT('',(31.,31.25,28.862999999999));
#8733=CARTESIAN_POINT('',(32.25,30.,28.862999999999));
#8734=CARTESIAN_POINT('Origin',(32.25,31.25,28.862999999999));
#8735=CARTESIAN_POINT('Origin',(29.,30.,28.862999999999));
#8736=CARTESIAN_POINT('Origin',(29.,31.25,28.862999999999));
#8737=CARTESIAN_POINT('Origin',(32.25,31.25,32.9314999999995));
#8738=CARTESIAN_POINT('',(31.,31.25,12.8629999999988));
#8739=CARTESIAN_POINT('',(32.25,30.,12.8629999999988));
#8740=CARTESIAN_POINT('Origin',(32.25,31.25,12.8629999999988));
#8741=CARTESIAN_POINT('',(32.25,30.,32.9314999999995));
#8742=CARTESIAN_POINT('',(31.,31.25,32.9314999999995));
#8743=CARTESIAN_POINT('Origin',(29.0000000000002,31.25,12.8629999999988));
#8744=CARTESIAN_POINT('',(29.0000000000002,31.25,10.862999999999));
#8745=CARTESIAN_POINT('',(29.0000000000002,30.,9.61299999999904));
#8746=CARTESIAN_POINT('Origin',(29.0000000000002,31.25,9.61299999999903));
#8747=CARTESIAN_POINT('Origin',(29.0000000000002,30.,12.8629999999988));
#8748=CARTESIAN_POINT('Origin',(29.0000000000002,31.25,12.8629999999988));
#8749=CARTESIAN_POINT('Origin',(17.0000000000001,31.25,9.61299999999903));
#8750=CARTESIAN_POINT('',(17.0000000000001,30.,9.61299999999903));
#8751=CARTESIAN_POINT('',(17.0000000000001,31.25,10.862999999999));
#8752=CARTESIAN_POINT('Origin',(29.0000000000002,0.,12.8629999999988));
#8753=CARTESIAN_POINT('',(31.,34.151128393683,12.8629999999995));
#8754=CARTESIAN_POINT('',(31.,0.,12.8629999999988));
#8755=CARTESIAN_POINT('',(28.9999999999964,34.1716584293077,10.862999999999));
#8756=CARTESIAN_POINT('Ctrl Pts',(28.9999999999959,34.1716584293079,10.862999999999));
#8757=CARTESIAN_POINT('Ctrl Pts',(29.2970074999613,34.3751349760839,10.8629999999984));
#8758=CARTESIAN_POINT('Ctrl Pts',(29.7220506288604,34.7461289118873,10.9578941372572));
#8759=CARTESIAN_POINT('Ctrl Pts',(30.2416510727468,35.147994703832,11.2699753477274));
#8760=CARTESIAN_POINT('Ctrl Pts',(30.5935120397497,35.1322802218308,11.6225759729894));
#8761=CARTESIAN_POINT('Ctrl Pts',(30.7874096914091,34.8699828125009,11.9463525624945));
#8762=CARTESIAN_POINT('Ctrl Pts',(30.9510487785438,34.5371732266593,12.3510031203624));
#8763=CARTESIAN_POINT('Ctrl Pts',(31.0000000000002,34.3015943691684,12.6396933765276));
#8764=CARTESIAN_POINT('Ctrl Pts',(31.,34.151128393683,12.8630000000001));
#8765=CARTESIAN_POINT('',(29.0000000000002,0.,10.862999999999));
#8766=CARTESIAN_POINT('Origin',(31.,0.,30.862999999999));
#8767=CARTESIAN_POINT('',(31.,33.75,28.862999999999));
#8768=CARTESIAN_POINT('',(31.,0.,28.862999999999));
#8769=CARTESIAN_POINT('',(31.,33.75,15.2222791441492));
#8770=CARTESIAN_POINT('',(31.,33.75,29.0565000000032));
#8771=CARTESIAN_POINT('Ctrl Pts',(31.,34.1511283936831,12.8630000000009));
#8772=CARTESIAN_POINT('Ctrl Pts',(31.,33.8435622907857,13.60474586667));
#8773=CARTESIAN_POINT('Ctrl Pts',(31.,33.75,14.4192948115673));
#8774=CARTESIAN_POINT('Ctrl Pts',(31.,33.75,15.2222791441492));
#8775=CARTESIAN_POINT('Origin',(29.,0.,28.862999999999));
#8776=CARTESIAN_POINT('',(29.,33.75,30.862999999999));
#8777=CARTESIAN_POINT('',(29.,0.,30.862999999999));
#8778=CARTESIAN_POINT('Origin',(29.,33.75,28.862999999999));
#8779=CARTESIAN_POINT('Origin',(9.00000000000003,0.,30.862999999999));
#8780=CARTESIAN_POINT('',(14.5,33.75,30.862999999999));
#8781=CARTESIAN_POINT('Origin',(22.5,0.,0.));
#8782=CARTESIAN_POINT('Origin',(24.5000000000001,33.75,9.61299999999903));
#8783=CARTESIAN_POINT('',(26.5239735590876,33.75,10.862999999999));
#8784=CARTESIAN_POINT('',(24.5000000000001,33.75,10.862999999999));
#8785=CARTESIAN_POINT('',(26.5239735590876,35.,9.61299999999903));
#8786=CARTESIAN_POINT('Origin',(26.5239735590876,33.75,9.61299999999903));
#8787=CARTESIAN_POINT('',(24.5000000000001,35.,9.61299999999903));
#8788=CARTESIAN_POINT('Ctrl Pts',(28.5717687014236,35.187403746359,10.2023890105974));
#8789=CARTESIAN_POINT('Ctrl Pts',(27.9683085704809,35.0418615163264,10.0147596606588));
#8790=CARTESIAN_POINT('Ctrl Pts',(27.2652307511997,35.,9.80608679833925));
#8791=CARTESIAN_POINT('Ctrl Pts',(26.5239735590876,35.,9.61299999999903));
#8792=CARTESIAN_POINT('Ctrl Pts',(28.6188612095666,35.0757024420071,10.4291094962461));
#8793=CARTESIAN_POINT('Ctrl Pts',(27.9844213067721,34.9388118408567,10.2981772330021));
#8794=CARTESIAN_POINT('Ctrl Pts',(27.2649057506738,34.9404627007147,10.1431274257494));
#8795=CARTESIAN_POINT('Ctrl Pts',(26.5239735590876,35.,9.98699912542639));
#8796=CARTESIAN_POINT('Ctrl Pts',(28.7502267840972,34.7641092268519,10.757244237125));
#8797=CARTESIAN_POINT('Ctrl Pts',(28.0578850792724,34.5821909840795,10.7232188695894));
#8798=CARTESIAN_POINT('Ctrl Pts',(27.2908636874662,34.5941565657889,10.6813755649142));
#8799=CARTESIAN_POINT('Ctrl Pts',(26.5239735590876,34.6859613075246,10.6343472689368));
#8800=CARTESIAN_POINT('Ctrl Pts',(28.9250932311351,34.3493339050067,10.862999999999));
#8801=CARTESIAN_POINT('Ctrl Pts',(28.1736794928728,34.0654436412799,10.8631223245334));
#8802=CARTESIAN_POINT('Ctrl Pts',(27.3441519517773,34.0031545128358,10.8625021139991));
#8803=CARTESIAN_POINT('Ctrl Pts',(26.5239735590876,34.0304993440705,10.862999999999));
#8804=CARTESIAN_POINT('Ctrl Pts',(28.9999999999927,34.1716584293077,10.862999999999));
#8805=CARTESIAN_POINT('Ctrl Pts',(28.2232558947952,33.8441884117345,10.862999999999));
#8806=CARTESIAN_POINT('Ctrl Pts',(27.3669255253161,33.75,10.862999999999));
#8807=CARTESIAN_POINT('Ctrl Pts',(26.5239735590876,33.75,10.862999999999));
#8808=CARTESIAN_POINT('Ctrl Pts',(26.5239735590876,33.75,10.862999999999));
#8809=CARTESIAN_POINT('Ctrl Pts',(27.3669255253161,33.75,10.862999999999));
#8810=CARTESIAN_POINT('Ctrl Pts',(28.2232558947952,33.8441884117345,10.862999999999));
#8811=CARTESIAN_POINT('Ctrl Pts',(28.9999999999927,34.1716584293077,10.862999999999));
#8812=CARTESIAN_POINT('',(28.5717687014236,35.187403746359,10.2023890105974));
#8813=CARTESIAN_POINT('Origin',(28.9999999999927,34.1716584293077,9.61299999999903));
#8814=CARTESIAN_POINT('Ctrl Pts',(28.5717687014236,35.187403746359,10.2023890105974));
#8815=CARTESIAN_POINT('Ctrl Pts',(27.9683085704809,35.0418615163264,10.0147596606588));
#8816=CARTESIAN_POINT('Ctrl Pts',(27.2652307511997,35.,9.80608679833925));
#8817=CARTESIAN_POINT('Ctrl Pts',(26.5239735590876,35.,9.61299999999903));
#8818=CARTESIAN_POINT('Ctrl Pts',(28.9999999999959,34.1716584293079,10.862999999999));
#8819=CARTESIAN_POINT('Ctrl Pts',(29.2970074999613,34.3751349760839,10.8629999999984));
#8820=CARTESIAN_POINT('Ctrl Pts',(29.7220506288604,34.7461289118873,10.9578941372572));
#8821=CARTESIAN_POINT('Ctrl Pts',(30.2416510727468,35.147994703832,11.2699753477274));
#8822=CARTESIAN_POINT('Ctrl Pts',(30.5935120397497,35.1322802218308,11.6225759729894));
#8823=CARTESIAN_POINT('Ctrl Pts',(30.7874096914091,34.8699828125009,11.9463525624945));
#8824=CARTESIAN_POINT('Ctrl Pts',(30.9510487785438,34.5371732266593,12.3510031203624));
#8825=CARTESIAN_POINT('Ctrl Pts',(31.0000000000002,34.3015943691684,12.6396933765276));
#8826=CARTESIAN_POINT('Ctrl Pts',(31.,34.151128393683,12.8630000000001));
#8827=CARTESIAN_POINT('Ctrl Pts',(28.9126087696618,34.3789464842901,10.8629999999992));
#8828=CARTESIAN_POINT('Ctrl Pts',(29.2110322151029,34.5460287849818,10.8496648306616));
#8829=CARTESIAN_POINT('Ctrl Pts',(29.6640021099056,34.8691440644122,10.9299119332739));
#8830=CARTESIAN_POINT('Ctrl Pts',(30.2288277584526,35.2288054933529,11.2560233521898));
#8831=CARTESIAN_POINT('Ctrl Pts',(30.6090911442557,35.2146318379585,11.63740803013));
#8832=CARTESIAN_POINT('Ctrl Pts',(30.8109185112608,34.9800657306526,11.9895481591568));
#8833=CARTESIAN_POINT('Ctrl Pts',(30.9723800195946,34.6871650477385,12.4241321973085));
#8834=CARTESIAN_POINT('Ctrl Pts',(31.0100487189901,34.4850766149198,12.7269064957858));
#8835=CARTESIAN_POINT('Ctrl Pts',(31.,34.3621223434429,12.9504889767221));
#8836=CARTESIAN_POINT('Ctrl Pts',(28.737985613853,34.793144730316,10.7384347454237));
#8837=CARTESIAN_POINT('Ctrl Pts',(29.0578320846797,34.8880543960262,10.7383646001734));
#8838=CARTESIAN_POINT('Ctrl Pts',(29.5664383979327,35.1155028834179,10.8371054116149));
#8839=CARTESIAN_POINT('Ctrl Pts',(30.2124794554222,35.3908043439858,11.2172770063564));
#8840=CARTESIAN_POINT('Ctrl Pts',(30.651432387776,35.3796999228816,11.6570503715347));
#8841=CARTESIAN_POINT('Ctrl Pts',(30.8864835669929,35.2006007718295,12.0596569475518));
#8842=CARTESIAN_POINT('Ctrl Pts',(31.0781930322306,34.9873993982833,12.5510576375913));
#8843=CARTESIAN_POINT('Ctrl Pts',(31.1282385368434,34.852124281709,12.8867329440737));
#8844=CARTESIAN_POINT('Ctrl Pts',(31.1285237875058,34.7837004419867,13.1252970055399));
#8845=CARTESIAN_POINT('Ctrl Pts',(28.6129746460496,35.0896651050513,10.4007694355403));
#8846=CARTESIAN_POINT('Ctrl Pts',(28.9704336777325,35.1670305995613,10.4759315836959));
#8847=CARTESIAN_POINT('Ctrl Pts',(29.5147412839984,35.3400432179521,10.6752411832031));
#8848=CARTESIAN_POINT('Ctrl Pts',(30.2179020698157,35.5460605496681,11.1546770198587));
#8849=CARTESIAN_POINT('Ctrl Pts',(30.7184763835231,35.5377744059478,11.6540379427654));
#8850=CARTESIAN_POINT('Ctrl Pts',(31.0174121720468,35.4036941906813,12.0905302176049));
#8851=CARTESIAN_POINT('Ctrl Pts',(31.2972829966423,35.2425240764723,12.6199773836642));
#8852=CARTESIAN_POINT('Ctrl Pts',(31.4184004224967,35.1380915895139,12.9822744547326));
#8853=CARTESIAN_POINT('Ctrl Pts',(31.4757936483825,35.0818941564935,13.2489435033511));
#8854=CARTESIAN_POINT('Ctrl Pts',(28.571768701424,35.1874037463591,10.2023890105976));
#8855=CARTESIAN_POINT('Ctrl Pts',(28.9467342768088,35.2778377671482,10.3189742555062));
#8856=CARTESIAN_POINT('Ctrl Pts',(29.5006766059332,35.4427239608388,10.5807471689228));
#8857=CARTESIAN_POINT('Ctrl Pts',(30.2251988644947,35.6213309794809,11.1185664651468));
#8858=CARTESIAN_POINT('Ctrl Pts',(30.7569366705279,35.6143467652581,11.6476085194743));
#8859=CARTESIAN_POINT('Ctrl Pts',(31.0936014887486,35.4977701388893,12.0961758961896));
#8860=CARTESIAN_POINT('Ctrl Pts',(31.426762555313,35.3498547674041,12.637854708408));
#8861=CARTESIAN_POINT('Ctrl Pts',(31.5904725536657,35.2451530529637,13.008968333628));
#8862=CARTESIAN_POINT('Ctrl Pts',(31.6789816740147,35.1782792860814,13.2889097505752));
#8863=CARTESIAN_POINT('',(31.6789816740147,35.1782792860814,13.2889097505752));
#8864=CARTESIAN_POINT('Origin',(32.25,34.151128393683,12.8630000000009));
#8865=CARTESIAN_POINT('Ctrl Pts',(31.6789816740147,35.1782792860814,13.2889097505752));
#8866=CARTESIAN_POINT('Ctrl Pts',(31.5904725536657,35.2451530529637,13.008968333628));
#8867=CARTESIAN_POINT('Ctrl Pts',(31.426762555313,35.3498547674041,12.637854708408));
#8868=CARTESIAN_POINT('Ctrl Pts',(31.0936014887486,35.4977701388893,12.0961758961896));
#8869=CARTESIAN_POINT('Ctrl Pts',(30.7569366705279,35.6143467652581,11.6476085194743));
#8870=CARTESIAN_POINT('Ctrl Pts',(30.2251988644947,35.6213309794809,11.1185664651468));
#8871=CARTESIAN_POINT('Ctrl Pts',(29.5006766059332,35.4427239608388,10.5807471689228));
#8872=CARTESIAN_POINT('Ctrl Pts',(28.9467342768088,35.2778377671482,10.3189742555062));
#8873=CARTESIAN_POINT('Ctrl Pts',(28.571768701424,35.1874037463591,10.2023890105976));
#8874=CARTESIAN_POINT('Ctrl Pts',(32.25,35.,15.2222791441493));
#8875=CARTESIAN_POINT('Ctrl Pts',(32.0610276507684,35.,14.5238500632056));
#8876=CARTESIAN_POINT('Ctrl Pts',(31.85990234481,35.0415832403492,13.8611354007422));
#8877=CARTESIAN_POINT('Ctrl Pts',(31.6789816740147,35.1782792860814,13.2889097505752));
#8878=CARTESIAN_POINT('Ctrl Pts',(31.8760008745727,35.,15.2222791441493));
#8879=CARTESIAN_POINT('Ctrl Pts',(31.7231994818974,34.9417313694693,14.5241842053684));
#8880=CARTESIAN_POINT('Ctrl Pts',(31.573507022697,34.941410104842,13.8452142573496));
#8881=CARTESIAN_POINT('Ctrl Pts',(31.446766787578,35.0681248522666,13.2432340394621));
#8882=CARTESIAN_POINT('Ctrl Pts',(31.2286690554898,34.685947702236,15.2222791441493));
#8883=CARTESIAN_POINT('Ctrl Pts',(31.1826428763434,34.5960992099231,14.4974961219647));
#8884=CARTESIAN_POINT('Ctrl Pts',(31.1421594567925,34.586005583933,13.7715179564051));
#8885=CARTESIAN_POINT('Ctrl Pts',(31.1090950620287,34.7541795239362,13.1130561099362));
#8886=CARTESIAN_POINT('Ctrl Pts',(31.,34.0304993440705,15.2222791441492));
#8887=CARTESIAN_POINT('Ctrl Pts',(31.0004872766439,34.0037371985371,14.4427089617312));
#8888=CARTESIAN_POINT('Ctrl Pts',(30.9998759121028,34.0661455559495,13.6547424754461));
#8889=CARTESIAN_POINT('Ctrl Pts',(31.,34.3319803506201,12.9379905514768));
#8890=CARTESIAN_POINT('Ctrl Pts',(31.,33.75,15.2222791441492));
#8891=CARTESIAN_POINT('Ctrl Pts',(31.,33.75,14.4192948115673));
#8892=CARTESIAN_POINT('Ctrl Pts',(31.,33.8435622907857,13.60474586667));
#8893=CARTESIAN_POINT('Ctrl Pts',(31.,34.1511283936831,12.8630000000009));
#8894=CARTESIAN_POINT('',(32.25,35.,15.2222791441493));
#8895=CARTESIAN_POINT('Origin',(32.25,33.75,15.2222791441492));
#8896=CARTESIAN_POINT('Ctrl Pts',(32.25,35.,15.2222791441493));
#8897=CARTESIAN_POINT('Ctrl Pts',(32.0610276507684,35.,14.5238500632056));
#8898=CARTESIAN_POINT('Ctrl Pts',(31.85990234481,35.0415832403492,13.8611354007422));
#8899=CARTESIAN_POINT('Ctrl Pts',(31.6789816740147,35.1782792860814,13.2889097505752));
#8900=CARTESIAN_POINT('Origin',(32.25,33.75,29.0565000000032));
#8901=CARTESIAN_POINT('',(32.25,35.,28.862999999999));
#8902=CARTESIAN_POINT('Origin',(32.25,33.75,28.862999999999));
#8903=CARTESIAN_POINT('',(32.25,35.,29.0565000000032));
#8904=CARTESIAN_POINT('Origin',(29.,33.75,28.862999999999));
#8905=CARTESIAN_POINT('',(29.,35.,32.112999999999));
#8906=CARTESIAN_POINT('Origin',(29.,33.75,32.112999999999));
#8907=CARTESIAN_POINT('Origin',(29.,35.,28.862999999999));
#8908=CARTESIAN_POINT('Origin',(14.5,33.75,32.112999999999));
#8909=CARTESIAN_POINT('',(14.5,35.,32.112999999999));
#8910=CARTESIAN_POINT('Origin',(29.0000000000002,0.,10.862999999999));
#8911=CARTESIAN_POINT('',(31.6249999999994,22.1249999999968,10.862999999999));
#8912=CARTESIAN_POINT('Origin',(20.,-41.4969878424734,0.500000000000013));
#8913=CARTESIAN_POINT('',(32.9289321881346,-42.4969152603648,0.512048192771102));
#8914=CARTESIAN_POINT('',(33.9048427941455,-41.4969878424734,1.50000000000002));
#8915=CARTESIAN_POINT('Ctrl Pts',(32.9289321881346,-42.4969152603648,0.512048192771104));
#8916=CARTESIAN_POINT('Ctrl Pts',(32.9289321881346,-42.4960718402534,0.582046980987823));
#8917=CARTESIAN_POINT('Ctrl Pts',(32.9362194922478,-42.4877572193187,0.652530255994384));
#8918=CARTESIAN_POINT('Ctrl Pts',(32.9647931972954,-42.4568630907776,0.789041436321544));
#8919=CARTESIAN_POINT('Ctrl Pts',(32.9860840116673,-42.4342796195412,0.855067520759938));
#8920=CARTESIAN_POINT('Ctrl Pts',(33.0667438438023,-42.3496075563102,1.03980989133163));
#8921=CARTESIAN_POINT('Ctrl Pts',(33.1437622126699,-42.2697446621849,1.14494797700196));
#8922=CARTESIAN_POINT('Ctrl Pts',(33.3223479313958,-42.086003972314,1.32003990059295));
#8923=CARTESIAN_POINT('Ctrl Pts',(33.4407098019059,-41.9651121664484,1.39380888190709));
#8924=CARTESIAN_POINT('Ctrl Pts',(33.6774431374142,-41.7252352800946,1.48108949117732));
#8925=CARTESIAN_POINT('Ctrl Pts',(33.7946519638549,-41.6072506380466,1.50000000000002));
#8926=CARTESIAN_POINT('Ctrl Pts',(33.9048427941455,-41.4969878424733,1.50000000000001));
#8927=CARTESIAN_POINT('',(20.,-42.4969152603648,0.512048192771103));
#8928=CARTESIAN_POINT('',(20.,-41.4969878424734,1.50000000000002));
#8929=CARTESIAN_POINT('Origin',(5.,-47.4763098818769,1.50000000000002));
#8930=CARTESIAN_POINT('',(5.,-36.0000000000304,1.50000000000002));
#8931=CARTESIAN_POINT('Ctrl Pts',(33.9048427941455,-41.4969878424734,1.50000000000002));
#8932=CARTESIAN_POINT('Ctrl Pts',(34.4597486178692,-40.9417196115109,1.50000000000002));
#8933=CARTESIAN_POINT('Ctrl Pts',(35.,-40.401095998391,1.50000000000002));
#8934=CARTESIAN_POINT('Origin',(20.,41.4969878424734,0.500000000000013));
#8935=CARTESIAN_POINT('',(33.9048427941455,41.4969878424734,1.50000000000001));
#8936=CARTESIAN_POINT('',(32.9289321881346,42.4969152603648,0.512048192771102));
#8937=CARTESIAN_POINT('Ctrl Pts',(33.9048427941455,41.4969878424733,1.50000000000001));
#8938=CARTESIAN_POINT('Ctrl Pts',(33.7946519638549,41.6072506380466,1.50000000000002));
#8939=CARTESIAN_POINT('Ctrl Pts',(33.6774431374142,41.7252352800946,1.48108949117733));
#8940=CARTESIAN_POINT('Ctrl Pts',(33.4407098019059,41.9651121664484,1.39380888190709));
#8941=CARTESIAN_POINT('Ctrl Pts',(33.3223479313958,42.086003972314,1.32003990059295));
#8942=CARTESIAN_POINT('Ctrl Pts',(33.1437622126699,42.2697446621849,1.14494797700197));
#8943=CARTESIAN_POINT('Ctrl Pts',(33.0667438438023,42.3496075563102,1.03980989133164));
#8944=CARTESIAN_POINT('Ctrl Pts',(32.9860840116673,42.4342796195412,0.855067520759954));
#8945=CARTESIAN_POINT('Ctrl Pts',(32.9647931972954,42.4568630907776,0.789041436321551));
#8946=CARTESIAN_POINT('Ctrl Pts',(32.9362194922478,42.4877572193187,0.652530255994386));
#8947=CARTESIAN_POINT('Ctrl Pts',(32.9289321881346,42.4960718402534,0.582046980987823));
#8948=CARTESIAN_POINT('Ctrl Pts',(32.9289321881346,42.4969152603648,0.512048192771104));
#8949=CARTESIAN_POINT('',(20.,41.4969878424734,1.50000000000001));
#8950=CARTESIAN_POINT('',(20.,42.4969152603648,0.512048192771103));
#8951=CARTESIAN_POINT('Origin',(20.,0.,-1.66533453693774E-15));
#8952=CARTESIAN_POINT('',(31.3299403571678,8.70481927710862,-41.5989918309473));
#8953=CARTESIAN_POINT('',(20.,8.70481927710862,-41.5989918309473));
#8954=CARTESIAN_POINT('',(32.7214659845576,13.7698824064739,-40.2074662035575));
#8955=CARTESIAN_POINT('Origin',(72.9289321881153,0.,-6.07255347574292E-15));
#8956=CARTESIAN_POINT('',(32.9289321881346,14.9781847959494,-39.7731565282004));
#8957=CARTESIAN_POINT('Ctrl Pts',(32.7214659845576,13.7698824064739,-40.2074662035575));
#8958=CARTESIAN_POINT('Ctrl Pts',(32.7636855325638,13.8931616763674,-40.1652466555513));
#8959=CARTESIAN_POINT('Ctrl Pts',(32.7998718396015,14.0179128070826,-40.1218684684658));
#8960=CARTESIAN_POINT('Ctrl Pts',(32.8296537897905,14.1438424963765,-40.0774162515926));
#8961=CARTESIAN_POINT('Ctrl Pts',(32.8475992736609,14.2197229942515,-40.05063101638));
#8962=CARTESIAN_POINT('Ctrl Pts',(32.8632190512758,14.2960305770518,-40.0234555932254));
#8963=CARTESIAN_POINT('Ctrl Pts',(32.8764283434331,14.3726927986898,-39.9959066281796));
#8964=CARTESIAN_POINT('Ctrl Pts',(32.899029566551,14.5038625809399,-39.9487700898813));
#8965=CARTESIAN_POINT('Ctrl Pts',(32.9145001341519,14.6356411022659,-39.9006966934516));
#8966=CARTESIAN_POINT('Ctrl Pts',(32.9225173990128,14.7676481996639,-39.851793292332));
#8967=CARTESIAN_POINT('Ctrl Pts',(32.9267769982283,14.8377840051125,-39.8258107543147));
#8968=CARTESIAN_POINT('Ctrl Pts',(32.9289322658177,14.9079836257854,-39.7995936754855));
#8969=CARTESIAN_POINT('Ctrl Pts',(32.9289322079474,14.9781848172177,-39.7731565277749));
#8970=CARTESIAN_POINT('Origin',(32.9289321881346,0.,-2.74188440186906E-15));
#8971=CARTESIAN_POINT('Origin',(34.,36.,36.1249999999924));
#8972=CARTESIAN_POINT('',(34.,35.,32.113081446634));
#8973=CARTESIAN_POINT('',(35.,36.,30.9879008646624));
#8974=CARTESIAN_POINT('Ctrl Pts',(34.,35.,32.113081446634));
#8975=CARTESIAN_POINT('Ctrl Pts',(34.070231913105,35.,32.113081446634));
#8976=CARTESIAN_POINT('Ctrl Pts',(34.1406369492769,35.0075062054995,32.1049059617728));
#8977=CARTESIAN_POINT('Ctrl Pts',(34.2766008994563,35.0364997775243,32.0732618717094));
#8978=CARTESIAN_POINT('Ctrl Pts',(34.3421565114005,35.057993269906,32.0497846923739));
#8979=CARTESIAN_POINT('Ctrl Pts',(34.525246864513,35.1386601352035,31.9613974712076));
#8980=CARTESIAN_POINT('Ctrl Pts',(34.6289802218679,35.2147666594948,31.8776384859776));
#8981=CARTESIAN_POINT('Ctrl Pts',(34.8062525537297,35.3920389913566,31.6808383844407));
#8982=CARTESIAN_POINT('Ctrl Pts',(34.8819185107544,35.5104327076181,31.5482761220793));
#8983=CARTESIAN_POINT('Ctrl Pts',(34.9788028399327,35.7562760439022,31.2693664930218));
#8984=CARTESIAN_POINT('Ctrl Pts',(35.,35.8837110242625,31.1229988548372));
#8985=CARTESIAN_POINT('Ctrl Pts',(35.,36.,30.9879008646624));
#8986=CARTESIAN_POINT('',(35.,36.,22.0000000000122));
#8987=CARTESIAN_POINT('',(35.,36.,36.1249999999924));
#8988=CARTESIAN_POINT('',(34.,35.,22.0000000000122));
#8989=CARTESIAN_POINT('Origin',(34.,36.,22.0000000000122));
#8990=CARTESIAN_POINT('',(34.,35.,36.1249999999924));
#8991=CARTESIAN_POINT('Origin',(20.,36.,22.0000000000122));
#8992=CARTESIAN_POINT('Origin',(20.,35.,22.0000000000122));
#8993=CARTESIAN_POINT('Origin',(20.,36.,22.0000000000122));
#8994=CARTESIAN_POINT('Origin',(20.,35.,22.0000000000122));
#8995=CARTESIAN_POINT('Origin',(20.,35.,22.0000000000122));
#8996=CARTESIAN_POINT('',(35.,42.0980997195552,22.0000000000122));
#8997=CARTESIAN_POINT('',(35.,35.,22.0000000000122));
#8998=CARTESIAN_POINT('Ctrl Pts',(20.,46.9813792900759,7.00000000001219));
#8999=CARTESIAN_POINT('Ctrl Pts',(20.9373662109352,46.9813792900759,7.00000000001219));
#9000=CARTESIAN_POINT('Ctrl Pts',(21.9065389880016,46.9683700326558,7.08931147908106));
#9001=CARTESIAN_POINT('Ctrl Pts',(23.8334537034706,46.9101362969801,7.46493358238138));
#9002=CARTESIAN_POINT('Ctrl Pts',(24.7912081775266,46.8648721454081,7.75117374448043));
#9003=CARTESIAN_POINT('Ctrl Pts',(26.6265116167411,46.7336719855974,8.50651786745899));
#9004=CARTESIAN_POINT('Ctrl Pts',(27.5055673339128,46.6474171224382,8.97625847473834));
#9005=CARTESIAN_POINT('Ctrl Pts',(29.1289926031785,46.4262065200844,10.0579365973587));
#9006=CARTESIAN_POINT('Ctrl Pts',(29.8733020265424,46.2909196538211,10.6698966122209));
#9007=CARTESIAN_POINT('Ctrl Pts',(31.2392249546896,45.9605101120667,12.0165820254598));
#9008=CARTESIAN_POINT('Ctrl Pts',(31.894167714792,45.7504528347813,12.8036066277233));
#9009=CARTESIAN_POINT('Ctrl Pts',(33.0318114459628,45.2407118921773,14.5022158580413));
#9010=CARTESIAN_POINT('Ctrl Pts',(33.5145943602993,44.940701621867,15.4136475725423));
#9011=CARTESIAN_POINT('Ctrl Pts',(34.276859254216,44.2531946067572,17.2887816269839));
#9012=CARTESIAN_POINT('Ctrl Pts',(34.5572070918231,43.8648219049023,18.2542051936177));
#9013=CARTESIAN_POINT('Ctrl Pts',(34.9186991717315,43.0209733169526,20.1626997917982));
#9014=CARTESIAN_POINT('Ctrl Pts',(35.,42.5654422267422,21.1057167513424));
#9015=CARTESIAN_POINT('Ctrl Pts',(35.,42.0980997195552,22.0000000000122));
#9016=CARTESIAN_POINT('Origin',(20.,35.,27.2500000000074));
#9017=CARTESIAN_POINT('',(20.,35.,32.113081446634));
#9018=CARTESIAN_POINT('Origin',(20.,35.,27.2500000000074));
#9019=CARTESIAN_POINT('Origin',(35.,35.,44.9999999999775));
#9020=CARTESIAN_POINT('Origin',(35.,0.,-2.91433543964104E-15));
#9021=CARTESIAN_POINT('Origin',(34.,-36.,24.6250000000098));
#9022=CARTESIAN_POINT('',(34.,-35.,32.113081446634));
#9023=CARTESIAN_POINT('',(35.,-36.,30.9879008646624));
#9024=CARTESIAN_POINT('Ctrl Pts',(35.,-36.,30.9879008646624));
#9025=CARTESIAN_POINT('Ctrl Pts',(35.,-35.8729206284361,31.1355345296945));
#9026=CARTESIAN_POINT('Ctrl Pts',(34.9747443542261,-35.7338575073189,31.2950737451083));
#9027=CARTESIAN_POINT('Ctrl Pts',(34.8592478430094,-35.4683501509784,31.5956698073199));
#9028=CARTESIAN_POINT('Ctrl Pts',(34.7693486874951,-35.3418664100928,31.7368229473317));
#9029=CARTESIAN_POINT('Ctrl Pts',(34.5725959399837,-35.1740405865954,31.9225046954435));
#9030=CARTESIAN_POINT('Ctrl Pts',(34.4744600816288,-35.1115325277649,31.9911622608193));
#9031=CARTESIAN_POINT('Ctrl Pts',(34.2500889847406,-35.024324599378,32.0866150495212));
#9032=CARTESIAN_POINT('Ctrl Pts',(34.12356836491,-35.,32.113081446634));
#9033=CARTESIAN_POINT('Ctrl Pts',(34.,-35.,32.113081446634));
#9034=CARTESIAN_POINT('',(34.,-35.,22.0000000000122));
#9035=CARTESIAN_POINT('',(34.,-35.,24.6250000000098));
#9036=CARTESIAN_POINT('',(35.,-36.,22.0000000000122));
#9037=CARTESIAN_POINT('Origin',(34.,-36.,22.0000000000122));
#9038=CARTESIAN_POINT('',(35.,-36.,24.6250000000098));
#9039=CARTESIAN_POINT('Origin',(20.,-36.,22.0000000000122));
#9040=CARTESIAN_POINT('Origin',(20.,-35.,22.0000000000122));
#9041=CARTESIAN_POINT('Origin',(20.,-36.,22.0000000000122));
#9042=CARTESIAN_POINT('Origin',(20.,-35.,22.0000000000122));
#9043=CARTESIAN_POINT('Origin',(20.,-35.,27.2500000000074));
#9044=CARTESIAN_POINT('',(20.,-35.,32.113081446634));
#9045=CARTESIAN_POINT('Origin',(20.,-35.,27.2500000000074));
#9046=CARTESIAN_POINT('Origin',(20.,-8.49999999999973,-40.6201920231599));
#9047=CARTESIAN_POINT('',(32.3087401649552,-7.49999999999973,-40.6201920231599));
#9048=CARTESIAN_POINT('',(31.3299403571677,-8.70481927710826,-41.5989918309474));
#9049=CARTESIAN_POINT('Origin',(32.3087401649552,-8.49999999999973,-40.6201920231599));
#9050=CARTESIAN_POINT('',(20.,-7.49999999999973,-40.6201920231599));
#9051=CARTESIAN_POINT('',(20.,-8.70481927710826,-41.5989918309474));
#9052=CARTESIAN_POINT('Origin',(20.,0.,-1.66533453693774E-15));
#9053=CARTESIAN_POINT('',(32.9289321881346,-14.9781847959494,-39.7731565282004));
#9054=CARTESIAN_POINT('Origin',(32.9289321881346,0.,-2.74188440186906E-15));
#9055=CARTESIAN_POINT('',(32.7214659845576,-13.7698824064739,-40.2074662035575));
#9056=CARTESIAN_POINT('Ctrl Pts',(32.7214659845576,-13.7698824064739,-40.2074662035575));
#9057=CARTESIAN_POINT('Ctrl Pts',(32.7636865669546,-13.8931646967443,-40.1652456211605));
#9058=CARTESIAN_POINT('Ctrl Pts',(32.799873410684,-14.0179182558447,-40.1218665464743));
#9059=CARTESIAN_POINT('Ctrl Pts',(32.8296555449717,-14.1438498048541,-40.0774136444537));
#9060=CARTESIAN_POINT('Ctrl Pts',(32.8477573597549,-14.2203919879462,-40.0503948219887));
#9061=CARTESIAN_POINT('Ctrl Pts',(32.8634926740912,-14.2973685242496,-40.022979065153));
#9062=CARTESIAN_POINT('Ctrl Pts',(32.8767744947047,-14.3747050386215,-39.9951834630888));
#9063=CARTESIAN_POINT('Ctrl Pts',(32.8993049771241,-14.505894054656,-39.948032673911));
#9064=CARTESIAN_POINT('Ctrl Pts',(32.914701692219,-14.637689280133,-39.8999456762414));
#9065=CARTESIAN_POINT('Ctrl Pts',(32.9226420156781,-14.769710243351,-39.8510293377408));
#9066=CARTESIAN_POINT('Ctrl Pts',(32.9268190395088,-14.8391601483016,-39.8252967951461));
#9067=CARTESIAN_POINT('Ctrl Pts',(32.9289322652504,-14.9086718212953,-39.7993345071441));
#9068=CARTESIAN_POINT('Ctrl Pts',(32.9289322079474,-14.9781848172176,-39.7731565277749));
#9069=CARTESIAN_POINT('Origin',(72.9289321881153,0.,-6.07255347574292E-15));
#9070=CARTESIAN_POINT('Origin',(20.,8.50000000000009,-40.6201920231599));
#9071=CARTESIAN_POINT('',(32.3087401649553,7.50000000000009,-40.6201920231598));
#9072=CARTESIAN_POINT('Origin',(32.3087401649552,8.50000000000009,-40.6201920231599));
#9073=CARTESIAN_POINT('',(20.,7.50000000000009,-40.6201920231598));
#9074=CARTESIAN_POINT('Origin',(5.,7.50000000000001,-44.3705983732566));
#9075=CARTESIAN_POINT('',(32.9289321881151,7.5000000000001,-40.));
#9076=CARTESIAN_POINT('',(5.,7.5000000000001,-40.));
#9077=CARTESIAN_POINT('',(26.6218165007482,7.49999999999997,-46.3071156873669));
#9078=CARTESIAN_POINT('Origin',(5.,-28.9999999999796,34.));
#9079=CARTESIAN_POINT('Origin',(36.,-28.9999999999796,34.));
#9080=CARTESIAN_POINT('Origin',(36.,2.57571741713036E-13,29.));
#9081=CARTESIAN_POINT('',(36.,30.,34.));
#9082=CARTESIAN_POINT('Origin',(36.,29.,34.));
#9083=CARTESIAN_POINT('',(36.,30.,36.8272996566405));
#9084=CARTESIAN_POINT('Origin',(5.00000000000001,29.,34.));
#9085=CARTESIAN_POINT('',(5.00000000000001,30.,34.));
#9086=CARTESIAN_POINT('Origin',(5.00000000000001,30.,35.));
#9087=CARTESIAN_POINT('Origin',(22.5,0.,0.));
#9088=CARTESIAN_POINT('Origin',(21.875,-31.8750000000255,5.4315000000202));
#9089=CARTESIAN_POINT('',(21.25,-32.5000000000228,7.4999999999983));
#9090=CARTESIAN_POINT('Origin',(21.875,-36.0000000000304,7.50000000000283));
#9091=CARTESIAN_POINT('',(21.25,-35.9999962541871,3.99999999999929));
#9092=CARTESIAN_POINT('Origin',(21.875,-17.9999981270932,3.37499999999477));
#9093=CARTESIAN_POINT('',(21.25,-41.4969878425009,4.00000000000067));
#9094=CARTESIAN_POINT('Origin',(21.875,-41.4969878425017,0.50000000000022));
#9095=CARTESIAN_POINT('',(21.25,-44.9967338051221,0.54216867469903));
#9096=CARTESIAN_POINT('Origin',(21.875,0.,2.77555756156289E-16));
#9097=CARTESIAN_POINT('',(21.25,44.9967338051222,0.542168674686297));
#9098=CARTESIAN_POINT('Origin',(21.875,41.4969878424893,0.499999999988379));
#9099=CARTESIAN_POINT('',(21.25,41.4969878424875,4.00000000000141));
#9100=CARTESIAN_POINT('Origin',(21.875,20.748493921243,3.37499999999082));
#9101=CARTESIAN_POINT('',(21.25,36.0000000000009,3.99999999999861));
#9102=CARTESIAN_POINT('Origin',(21.875,35.9999999999989,7.499999999999));
#9103=CARTESIAN_POINT('',(21.25,32.4999999999957,7.49999999999953));
#9104=CARTESIAN_POINT('Origin',(21.875,31.8749999999951,3.74999999999742));
#9105=CARTESIAN_POINT('Origin',(5.,35.9999999999989,1.50000000000002));
#9106=CARTESIAN_POINT('Ctrl Pts',(35.,40.401095998391,1.50000000000001));
#9107=CARTESIAN_POINT('Ctrl Pts',(34.4597486183712,40.9417196110086,1.50000000000001));
#9108=CARTESIAN_POINT('Ctrl Pts',(33.9048427941455,41.4969878424734,1.50000000000001));
#9109=CARTESIAN_POINT('Origin',(5.,2.4980018054066E-13,-40.));
#9110=CARTESIAN_POINT('',(32.9289321881151,-7.49999999999973,-40.));
#9111=CARTESIAN_POINT('',(5.,-7.49999999999973,-40.));
#9112=CARTESIAN_POINT('Origin',(32.9289321881151,2.4980018054066E-13,-40.));
#9113=CARTESIAN_POINT('Origin',(32.9289321881151,2.4980018054066E-13,-40.));
#9114=CARTESIAN_POINT('Origin',(5.,-7.49999999999973,-40.));
#9115=CARTESIAN_POINT('',(27.7144660940624,-7.49999999999973,-45.2144660940527));
#9116=CARTESIAN_POINT('Origin',(5.00000000000001,-36.0000000000304,7.50000000000283));
#9117=CARTESIAN_POINT('Origin',(20.,0.,-1.66533453693774E-15));
#9118=CARTESIAN_POINT('',(35.,16.4441957729535,-44.5627470582652));
#9119=CARTESIAN_POINT('Origin',(35.,0.,-2.91433543964104E-15));
#9120=CARTESIAN_POINT('Ctrl Pts',(34.6292851624363,14.0622983586748,-45.3707148375443));
#9121=CARTESIAN_POINT('Ctrl Pts',(34.6973898209948,14.2820317880013,-45.3026101789858));
#9122=CARTESIAN_POINT('Ctrl Pts',(34.7565549302708,14.5035594026412,-45.2321661450696));
#9123=CARTESIAN_POINT('Ctrl Pts',(34.8064236607685,14.7264524677621,-45.1594624296862));
#9124=CARTESIAN_POINT('Ctrl Pts',(34.8455976227258,14.9015442410329,-45.1023506373433));
#9125=CARTESIAN_POINT('Ctrl Pts',(34.8790345620257,15.0774778492438,-45.0438441763717));
#9126=CARTESIAN_POINT('Ctrl Pts',(34.9065524083784,15.2540252553193,-44.9839770769141));
#9127=CARTESIAN_POINT('Ctrl Pts',(34.9427081613188,15.4859912425753,-44.9053175761118));
#9128=CARTESIAN_POINT('Ctrl Pts',(34.9685666311934,15.7185088643184,-44.8244826697781));
#9129=CARTESIAN_POINT('Ctrl Pts',(34.9837893501266,15.9510416667162,-44.7416043355612));
#9130=CARTESIAN_POINT('Ctrl Pts',(34.9945547672612,16.1154874944475,-44.6829932659368));
#9131=CARTESIAN_POINT('Ctrl Pts',(35.0000005084474,16.2799400729468,-44.6233599337261));
#9132=CARTESIAN_POINT('Ctrl Pts',(35.0000003215505,16.4441957275149,-44.5627474333994));
#9133=CARTESIAN_POINT('',(35.,-16.4441957729535,-44.5627470582652));
#9134=CARTESIAN_POINT('Ctrl Pts',(35.0000003215505,-16.4441957275149,-44.5627474333994));
#9135=CARTESIAN_POINT('Ctrl Pts',(35.0000005858301,-16.211931701253,-44.6484559187766));
#9136=CARTESIAN_POINT('Ctrl Pts',(34.9891125533202,-15.9792759080051,-44.732207019114));
#9137=CARTESIAN_POINT('Ctrl Pts',(34.9676900851253,-15.7467972145995,-44.8138772486768));
#9138=CARTESIAN_POINT('Ctrl Pts',(34.9525411681312,-15.5823997045986,-44.8716304224608));
#9139=CARTESIAN_POINT('Ctrl Pts',(34.9321239561109,-15.4180896865306,-44.92834282702));
#9140=CARTESIAN_POINT('Ctrl Pts',(34.9065569810168,-15.2540545925435,-44.9839671286717));
#9141=CARTESIAN_POINT('Ctrl Pts',(34.8715273987946,-15.029308380253,-45.060178571014));
#9142=CARTESIAN_POINT('Ctrl Pts',(34.8269062850113,-14.8055583775954,-45.1341853565427));
#9143=CARTESIAN_POINT('Ctrl Pts',(34.7730670362113,-14.5832698178481,-45.2059162169044));
#9144=CARTESIAN_POINT('Ctrl Pts',(34.730771741369,-14.4086433068152,-45.2622668896181));
#9145=CARTESIAN_POINT('Ctrl Pts',(34.6827871581335,-14.2349176366976,-45.3172128418471));
#9146=CARTESIAN_POINT('Ctrl Pts',(34.6292851624363,-14.0622983586748,-45.3707148375443));
#9147=CARTESIAN_POINT('',(35.,-42.0980997195552,22.0000000000122));
#9148=CARTESIAN_POINT('Origin',(35.,0.,-2.91433543964104E-15));
#9149=CARTESIAN_POINT('Ctrl Pts',(35.,-42.0980997195552,22.0000000000122));
#9150=CARTESIAN_POINT('Ctrl Pts',(35.,-42.5654422267422,21.1057167513424));
#9151=CARTESIAN_POINT('Ctrl Pts',(34.9186991717315,-43.0209733169526,20.1626997917982));
#9152=CARTESIAN_POINT('Ctrl Pts',(34.5572070918231,-43.8648219049023,18.2542051936177));
#9153=CARTESIAN_POINT('Ctrl Pts',(34.276859254216,-44.2531946067572,17.2887816269839));
#9154=CARTESIAN_POINT('Ctrl Pts',(33.5145943602993,-44.940701621867,15.4136475725423));
#9155=CARTESIAN_POINT('Ctrl Pts',(33.0318114459628,-45.2407118921773,14.5022158580413));
#9156=CARTESIAN_POINT('Ctrl Pts',(31.894167714792,-45.7504528347813,12.8036066277233));
#9157=CARTESIAN_POINT('Ctrl Pts',(31.2392249546896,-45.9605101120667,12.0165820254598));
#9158=CARTESIAN_POINT('Ctrl Pts',(29.8733020265424,-46.2909196538211,10.6698966122209));
#9159=CARTESIAN_POINT('Ctrl Pts',(29.1289926031784,-46.4262065200844,10.0579365973587));
#9160=CARTESIAN_POINT('Ctrl Pts',(27.5055673339128,-46.6474171224382,8.97625847473834));
#9161=CARTESIAN_POINT('Ctrl Pts',(26.6265116167411,-46.7336719855974,8.50651786745898));
#9162=CARTESIAN_POINT('Ctrl Pts',(24.7912081775265,-46.8648721454081,7.75117374448043));
#9163=CARTESIAN_POINT('Ctrl Pts',(23.8334537034706,-46.9101362969801,7.46493358238137));
#9164=CARTESIAN_POINT('Ctrl Pts',(21.9065389880016,-46.9683700326558,7.08931147908106));
#9165=CARTESIAN_POINT('Ctrl Pts',(20.9373662109352,-46.9813792900759,7.00000000001219));
#9166=CARTESIAN_POINT('Ctrl Pts',(20.,-46.9813792900759,7.00000000001219));
#9167=CARTESIAN_POINT('Origin',(20.,0.,-1.66533453693774E-15));
#9168=CARTESIAN_POINT('Origin',(35.,0.,-2.91433543964104E-15));
#9169=CARTESIAN_POINT('Origin',(35.,0.,-2.91433543964104E-15));
#9170=CARTESIAN_POINT('Origin',(36.4644660940673,0.,-36.4644660940478));
#9171=CARTESIAN_POINT('Ctrl Pts',(35.,13.3497936842076,-37.9289321881151));
#9172=CARTESIAN_POINT('Ctrl Pts',(34.2407141332786,13.4919842462272,-38.6882180548365));
#9173=CARTESIAN_POINT('Ctrl Pts',(33.4811851077399,13.6319511045288,-39.4477470803752));
#9174=CARTESIAN_POINT('Ctrl Pts',(32.7214659845576,13.7698824064739,-40.2074662035575));
#9175=CARTESIAN_POINT('Origin',(33.9644660940673,0.,-2.82810992075505E-15));
#9176=CARTESIAN_POINT('Ctrl Pts',(35.,-14.6291187235201,-37.6893545081945));
#9177=CARTESIAN_POINT('Ctrl Pts',(34.3098316877634,-14.7468191465302,-38.3840046228863));
#9178=CARTESIAN_POINT('Ctrl Pts',(33.6194624711392,-14.8631460170271,-39.0786062501271));
#9179=CARTESIAN_POINT('Ctrl Pts',(32.9289321999095,-14.9781848185567,-39.7731565358596));
#9180=CARTESIAN_POINT('Ctrl Pts',(35.,13.3497936842076,-37.9289321881151));
#9181=CARTESIAN_POINT('Ctrl Pts',(34.2407141332786,13.4919842462272,-38.6882180548365));
#9182=CARTESIAN_POINT('Ctrl Pts',(33.4811851077399,13.6319511045288,-39.4477470803752));
#9183=CARTESIAN_POINT('Ctrl Pts',(32.7214659845576,13.7698824064739,-40.2074662035575));
#9184=CARTESIAN_POINT('Ctrl Pts',(35.0403867721171,13.7811177444755,-37.888545415998));
#9185=CARTESIAN_POINT('Ctrl Pts',(34.2802581377316,13.9189232684786,-38.6486700414847));
#9186=CARTESIAN_POINT('Ctrl Pts',(33.5199442087115,14.0547047405001,-39.4089913292814));
#9187=CARTESIAN_POINT('Ctrl Pts',(32.7594781889962,14.188621274579,-40.1694539991189));
#9188=CARTESIAN_POINT('Ctrl Pts',(35.0403867721171,14.2124085264483,-37.8077781037505));
#9189=CARTESIAN_POINT('Ctrl Pts',(34.2802581377316,14.3458309695068,-38.5695838133772));
#9190=CARTESIAN_POINT('Ctrl Pts',(33.5199442087115,14.4774281445952,-39.3314820254633));
#9191=CARTESIAN_POINT('Ctrl Pts',(32.7594781889962,14.6073314981574,-40.0934347908173));
#9192=CARTESIAN_POINT('Ctrl Pts',(35.,14.6291187235201,-37.6893545081945));
#9193=CARTESIAN_POINT('Ctrl Pts',(34.2407141332786,14.7586063660476,-38.4535710116915));
#9194=CARTESIAN_POINT('Ctrl Pts',(33.4811851077399,14.8864315690007,-39.217728829804));
#9195=CARTESIAN_POINT('Ctrl Pts',(32.7214659845575,15.012708156271,-39.9818241622695));
#9196=CARTESIAN_POINT('Ctrl Pts',(32.9289321999095,14.9781848185567,-39.7731565358596));
#9197=CARTESIAN_POINT('Ctrl Pts',(33.6194624711392,14.8631460170271,-39.0786062501271));
#9198=CARTESIAN_POINT('Ctrl Pts',(34.3098316877634,14.7468191465302,-38.3840046228863));
#9199=CARTESIAN_POINT('Ctrl Pts',(35.,14.6291187235201,-37.6893545081945));
#9200=CARTESIAN_POINT('Origin',(36.4644660940673,0.,-36.4644660940478));
#9201=CARTESIAN_POINT('Ctrl Pts',(32.7214659845576,-13.7698824064739,-40.2074662035575));
#9202=CARTESIAN_POINT('Ctrl Pts',(33.4811851077399,-13.6319511045288,-39.4477470803752));
#9203=CARTESIAN_POINT('Ctrl Pts',(34.2407141332786,-13.4919842462272,-38.6882180548365));
#9204=CARTESIAN_POINT('Ctrl Pts',(35.,-13.3497936842076,-37.9289321881151));
#9205=CARTESIAN_POINT('Ctrl Pts',(32.7214659845576,-13.7698824064739,-40.2074662035575));
#9206=CARTESIAN_POINT('Ctrl Pts',(33.4811851077399,-13.6319511045288,-39.4477470803752));
#9207=CARTESIAN_POINT('Ctrl Pts',(34.2407141332786,-13.4919842462272,-38.6882180548365));
#9208=CARTESIAN_POINT('Ctrl Pts',(35.,-13.3497936842076,-37.9289321881151));
#9209=CARTESIAN_POINT('Ctrl Pts',(32.7594781889962,-14.188621274579,-40.1694539991189));
#9210=CARTESIAN_POINT('Ctrl Pts',(33.5199442087115,-14.0547047405001,-39.4089913292814));
#9211=CARTESIAN_POINT('Ctrl Pts',(34.2802581377316,-13.9189232684786,-38.6486700414847));
#9212=CARTESIAN_POINT('Ctrl Pts',(35.0403867721171,-13.7811177444755,-37.888545415998));
#9213=CARTESIAN_POINT('Ctrl Pts',(32.7594781889962,-14.6073314981574,-40.0934347908173));
#9214=CARTESIAN_POINT('Ctrl Pts',(33.5199442087115,-14.4774281445952,-39.3314820254633));
#9215=CARTESIAN_POINT('Ctrl Pts',(34.2802581377316,-14.3458309695068,-38.5695838133772));
#9216=CARTESIAN_POINT('Ctrl Pts',(35.0403867721171,-14.2124085264483,-37.8077781037505));
#9217=CARTESIAN_POINT('Ctrl Pts',(32.7214659845575,-15.012708156271,-39.9818241622695));
#9218=CARTESIAN_POINT('Ctrl Pts',(33.4811851077399,-14.8864315690007,-39.217728829804));
#9219=CARTESIAN_POINT('Ctrl Pts',(34.2407141332786,-14.7586063660476,-38.4535710116915));
#9220=CARTESIAN_POINT('Ctrl Pts',(35.,-14.6291187235201,-37.6893545081945));
#9221=CARTESIAN_POINT('Origin',(33.9644660940673,0.,-2.82810992075505E-15));
#9222=CARTESIAN_POINT('Origin',(35.,-35.,22.0000000000122));
#9223=CARTESIAN_POINT('',(35.,-35.,22.0000000000122));
#9224=CARTESIAN_POINT('Origin',(35.,0.,-2.91433543964104E-15));
#9225=CARTESIAN_POINT('Origin',(20.,-35.,22.0000000000122));
#9226=CARTESIAN_POINT('Ctrl Pts',(40.,13.0726684705371,-39.9999999999806));
#9227=CARTESIAN_POINT('Ctrl Pts',(38.2110613885218,13.4147827480294,-41.7889386114588));
#9228=CARTESIAN_POINT('Ctrl Pts',(36.420617840843,13.7438346494154,-43.5793821591376));
#9229=CARTESIAN_POINT('Ctrl Pts',(34.6292851624363,14.0622983586748,-45.3707148375443));
#9230=CARTESIAN_POINT('Ctrl Pts',(40.0841522645029,13.9527441944502,-39.9158477354777));
#9231=CARTESIAN_POINT('Ctrl Pts',(38.2909027709491,14.2729184474861,-41.7090758919892));
#9232=CARTESIAN_POINT('Ctrl Pts',(36.4968214710487,14.5824462284968,-43.5031925064956));
#9233=CARTESIAN_POINT('Ctrl Pts',(34.7022451267084,14.8830861873409,-45.2977548732722));
#9234=CARTESIAN_POINT('Ctrl Pts',(40.0841522645029,14.8327462628362,-39.7475572922584));
#9235=CARTESIAN_POINT('Ctrl Pts',(38.2909027709491,15.1309911195548,-41.5493834224549));
#9236=CARTESIAN_POINT('Ctrl Pts',(36.4968214710487,15.4209995762014,-43.350809813886));
#9237=CARTESIAN_POINT('Ctrl Pts',(34.7022451267083,15.7038222751932,-45.1518441432268));
#9238=CARTESIAN_POINT('Ctrl Pts',(40.,15.6817712441232,-39.5010386021095));
#9239=CARTESIAN_POINT('Ctrl Pts',(38.2110613885217,15.9604229417814,-41.3151716311205));
#9240=CARTESIAN_POINT('Ctrl Pts',(36.4206178408429,16.2328110800393,-43.127078783238));
#9241=CARTESIAN_POINT('Ctrl Pts',(34.6292851624362,16.4994632003778,-44.9374348751335));
#9242=CARTESIAN_POINT('Ctrl Pts',(35.0000003464303,16.4441957238001,-44.5627474082506));
#9243=CARTESIAN_POINT('Ctrl Pts',(36.6676400580733,16.1951995938454,-42.8770774549808));
#9244=CARTESIAN_POINT('Ctrl Pts',(38.3344722593195,15.9412000078938,-41.1900227101812));
#9245=CARTESIAN_POINT('Ctrl Pts',(40.,15.6817712441232,-39.5010386021095));
#9246=CARTESIAN_POINT('Ctrl Pts',(34.6292851624363,-14.0622983586748,-45.3707148375443));
#9247=CARTESIAN_POINT('Ctrl Pts',(36.420617840843,-13.7438346494154,-43.5793821591376));
#9248=CARTESIAN_POINT('Ctrl Pts',(38.2110613885218,-13.4147827480294,-41.7889386114588));
#9249=CARTESIAN_POINT('Ctrl Pts',(40.,-13.0726684705371,-39.9999999999806));
#9250=CARTESIAN_POINT('Ctrl Pts',(34.7022451267084,-14.8830861873409,-45.2977548732722));
#9251=CARTESIAN_POINT('Ctrl Pts',(36.4968214710487,-14.5824462284968,-43.5031925064956));
#9252=CARTESIAN_POINT('Ctrl Pts',(38.2909027709491,-14.2729184474861,-41.7090758919892));
#9253=CARTESIAN_POINT('Ctrl Pts',(40.0841522645029,-13.9527441944502,-39.9158477354777));
#9254=CARTESIAN_POINT('Ctrl Pts',(34.7022451267083,-15.7038222751932,-45.1518441432268));
#9255=CARTESIAN_POINT('Ctrl Pts',(36.4968214710487,-15.4209995762014,-43.350809813886));
#9256=CARTESIAN_POINT('Ctrl Pts',(38.2909027709491,-15.1309911195548,-41.5493834224549));
#9257=CARTESIAN_POINT('Ctrl Pts',(40.0841522645029,-14.8327462628362,-39.7475572922584));
#9258=CARTESIAN_POINT('Ctrl Pts',(34.6292851624362,-16.4994632003778,-44.9374348751335));
#9259=CARTESIAN_POINT('Ctrl Pts',(36.420617840843,-16.2328110800393,-43.127078783238));
#9260=CARTESIAN_POINT('Ctrl Pts',(38.2110613885217,-15.9604229417814,-41.3151716311205));
#9261=CARTESIAN_POINT('Ctrl Pts',(40.,-15.6817712441232,-39.5010386021095));
#9262=CARTESIAN_POINT('Ctrl Pts',(40.,-15.6817712441232,-39.5010386021095));
#9263=CARTESIAN_POINT('Ctrl Pts',(38.3344722593195,-15.9412000078938,-41.1900227101811));
#9264=CARTESIAN_POINT('Ctrl Pts',(36.6676400580732,-16.1951995938454,-42.8770774549808));
#9265=CARTESIAN_POINT('Ctrl Pts',(35.0000003464303,-16.4441957238001,-44.5627474082506));
#9266=CARTESIAN_POINT('Origin',(37.5,0.,-3.12250225675825E-15));
#9267=CARTESIAN_POINT('Origin',(37.5,0.,-3.12250225675825E-15));
#9268=UNCERTAINTY_MEASURE_WITH_UNIT(LENGTH_MEASURE(0.01),#9272,
'DISTANCE_ACCURACY_VALUE',
'Maximum model space distance between geometric entities at asserted c
onnectivities');
#9269=UNCERTAINTY_MEASURE_WITH_UNIT(LENGTH_MEASURE(0.01),#9272,
'DISTANCE_ACCURACY_VALUE',
'Maximum model space distance between geometric entities at asserted c
onnectivities');
#9270=(
GEOMETRIC_REPRESENTATION_CONTEXT(3)
GLOBAL_UNCERTAINTY_ASSIGNED_CONTEXT((#9268))
GLOBAL_UNIT_ASSIGNED_CONTEXT((#9272,#9274,#9275))
REPRESENTATION_CONTEXT('','3D')
);
#9271=(
GEOMETRIC_REPRESENTATION_CONTEXT(3)
GLOBAL_UNCERTAINTY_ASSIGNED_CONTEXT((#9269))
GLOBAL_UNIT_ASSIGNED_CONTEXT((#9272,#9274,#9275))
REPRESENTATION_CONTEXT('','3D')
);
#9272=(
LENGTH_UNIT()
NAMED_UNIT(*)
SI_UNIT(.MILLI.,.METRE.)
);
#9273=(
LENGTH_UNIT()
NAMED_UNIT(*)
SI_UNIT($,.METRE.)
);
#9274=(
NAMED_UNIT(*)
PLANE_ANGLE_UNIT()
SI_UNIT($,.RADIAN.)
);
#9275=(
NAMED_UNIT(*)
SI_UNIT($,.STERADIAN.)
SOLID_ANGLE_UNIT()
);
#9276=SHAPE_DEFINITION_REPRESENTATION(#9277,#9278);
#9277=PRODUCT_DEFINITION_SHAPE('',$,#9280);
#9278=SHAPE_REPRESENTATION('',(#4500),#9270);
#9279=PRODUCT_DEFINITION_CONTEXT('part definition',#9284,'design');
#9280=PRODUCT_DEFINITION('2026-09-04-09-45-30-908','Cover (Std)',#9281,
#9279);
#9281=PRODUCT_DEFINITION_FORMATION('',$,#9286);
#9282=PRODUCT_RELATED_PRODUCT_CATEGORY('Cover (Std)','Cover (Std)',(#9286));
#9283=APPLICATION_PROTOCOL_DEFINITION('international standard',
'automotive_design',2009,#9284);
#9284=APPLICATION_CONTEXT(
'Core Data for Automotive Mechanical Design Process');
#9285=PRODUCT_CONTEXT('part definition',#9284,'mechanical');
#9286=PRODUCT('2026-09-04-09-45-30-908','Cover (Std)',$,(#9285));
#9287=PRESENTATION_STYLE_ASSIGNMENT((#9289));
#9288=PRESENTATION_STYLE_ASSIGNMENT((#9290));
#9289=SURFACE_STYLE_USAGE(.BOTH.,#9291);
#9290=SURFACE_STYLE_USAGE(.BOTH.,#9292);
#9291=SURFACE_SIDE_STYLE('',(#9293));
#9292=SURFACE_SIDE_STYLE('',(#9294));
#9293=SURFACE_STYLE_FILL_AREA(#9295);
#9294=SURFACE_STYLE_FILL_AREA(#9296);
#9295=FILL_AREA_STYLE('Plastic - Matte (White)',(#9297));
#9296=FILL_AREA_STYLE('PETG Black',(#9298));
#9297=FILL_AREA_STYLE_COLOUR('Plastic - Matte (White)',#9299);
#9298=FILL_AREA_STYLE_COLOUR('PETG Black',#9300);
#9299=COLOUR_RGB('Plastic - Matte (White)',0.964705882352941,0.964705882352941,
0.952941176470588);
#9300=COLOUR_RGB('PETG Black',0.247058823529412,0.247058823529412,0.247058823529412);
ENDSEC;
END-ISO-10303-21;
