ISO-10303-21;
HEADER;
/* Generated by software containing ST-Developer
 * from STEP Tools, Inc. (www.steptools.com) 
 */

FILE_DESCRIPTION(
/* description */ (''),
/* implementation_level */ '2;1');

FILE_NAME(
/* name */ 'Drum - 60AIM (XL).step',
/* time_stamp */ '2026-09-01T22:08:05+02:00',
/* author */ (''),
/* organization */ (''),
/* preprocessor_version */ 'ST-DEVELOPER v20.1',
/* originating_system */ 'Autodesk Translation Framework v15.8.0.0',
/* authorisation */ '');

FILE_SCHEMA (('AUTOMOTIVE_DESIGN { 1 0 10303 214 3 1 1 }'));
ENDSEC;

DATA;
#10=MECHANICAL_DESIGN_GEOMETRIC_PRESENTATION_REPRESENTATION('',(#13),#7011);
#11=SHAPE_REPRESENTATION_RELATIONSHIP('SRR','None',#7018,#12);
#12=ADVANCED_BREP_SHAPE_REPRESENTATION('',(#14),#7010);
#13=STYLED_ITEM('',(#7028),#14);
#14=MANIFOLD_SOLID_BREP('Body1',#1295);
#15=TOROIDAL_SURFACE('',#1398,1.5,0.75);
#16=B_SPLINE_SURFACE_WITH_KNOTS('',3,3,((#2215,#2216,#2217,#2218,#2219,
#2220,#2221,#2222,#2223,#2224,#2225,#2226,#2227,#2228,#2229,#2230),(#2231,
#2232,#2233,#2234,#2235,#2236,#2237,#2238,#2239,#2240,#2241,#2242,#2243,
#2244,#2245,#2246),(#2247,#2248,#2249,#2250,#2251,#2252,#2253,#2254,#2255,
#2256,#2257,#2258,#2259,#2260,#2261,#2262),(#2263,#2264,#2265,#2266,#2267,
#2268,#2269,#2270,#2271,#2272,#2273,#2274,#2275,#2276,#2277,#2278)),
 .UNSPECIFIED.,.F.,.F.,.F.,(4,4),(4,2,2,2,2,2,2,4),(0.,1.),(0.,0.0293926411540074,
0.0590762206925033,0.0888642400601106,0.117951802742752,0.145989505027028,
0.167394933497721,0.185956283238113),.UNSPECIFIED.);
#17=B_SPLINE_SURFACE_WITH_KNOTS('',3,3,((#2369,#2370,#2371,#2372),(#2373,
#2374,#2375,#2376),(#2377,#2378,#2379,#2380),(#2381,#2382,#2383,#2384),
(#2385,#2386,#2387,#2388),(#2389,#2390,#2391,#2392),(#2393,#2394,#2395,
#2396),(#2397,#2398,#2399,#2400),(#2401,#2402,#2403,#2404),(#2405,#2406,
#2407,#2408)),.UNSPECIFIED.,.F.,.F.,.F.,(4,1,1,1,1,1,1,4),(4,4),(0.,0.142857142857143,
0.285714285714286,0.428571428571429,0.571428571428571,0.714285714285714,
0.857142857142857,1.),(0.663632376275733,0.770885911594265),
 .UNSPECIFIED.);
#18=B_SPLINE_SURFACE_WITH_KNOTS('',3,3,((#2444,#2445,#2446,#2447,#2448,
#2449,#2450,#2451,#2452,#2453,#2454,#2455,#2456,#2457,#2458,#2459),(#2460,
#2461,#2462,#2463,#2464,#2465,#2466,#2467,#2468,#2469,#2470,#2471,#2472,
#2473,#2474,#2475),(#2476,#2477,#2478,#2479,#2480,#2481,#2482,#2483,#2484,
#2485,#2486,#2487,#2488,#2489,#2490,#2491),(#2492,#2493,#2494,#2495,#2496,
#2497,#2498,#2499,#2500,#2501,#2502,#2503,#2504,#2505,#2506,#2507)),
 .UNSPECIFIED.,.F.,.F.,.F.,(4,4),(4,2,2,2,2,2,2,4),(0.,1.),(0.,0.0293926411540076,
0.0590762206925035,0.0888642400601114,0.117951802742752,0.145989505027028,
0.167394933497724,0.185956283238119),.UNSPECIFIED.);
#19=B_SPLINE_SURFACE_WITH_KNOTS('',3,3,((#2582,#2583,#2584,#2585,#2586,
#2587),(#2588,#2589,#2590,#2591,#2592,#2593),(#2594,#2595,#2596,#2597,#2598,
#2599),(#2600,#2601,#2602,#2603,#2604,#2605),(#2606,#2607,#2608,#2609,#2610,
#2611),(#2612,#2613,#2614,#2615,#2616,#2617),(#2618,#2619,#2620,#2621,#2622,
#2623),(#2624,#2625,#2626,#2627,#2628,#2629),(#2630,#2631,#2632,#2633,#2634,
#2635),(#2636,#2637,#2638,#2639,#2640,#2641)),.UNSPECIFIED.,.F.,.F.,.F.,
(4,1,1,1,1,1,1,4),(4,1,1,4),(0.,0.142857142857143,0.285714285714286,0.428571428571429,
0.571428571428571,0.714285714285714,0.857142857142857,1.),(0.663590646377973,
0.979928753011936,1.2962668596459,1.77077401959684),.UNSPECIFIED.);
#20=B_SPLINE_SURFACE_WITH_KNOTS('',3,3,((#2663,#2664,#2665,#2666,#2667,
#2668,#2669,#2670,#2671,#2672,#2673,#2674,#2675,#2676,#2677,#2678,#2679,
#2680),(#2681,#2682,#2683,#2684,#2685,#2686,#2687,#2688,#2689,#2690,#2691,
#2692,#2693,#2694,#2695,#2696,#2697,#2698),(#2699,#2700,#2701,#2702,#2703,
#2704,#2705,#2706,#2707,#2708,#2709,#2710,#2711,#2712,#2713,#2714,#2715,
#2716),(#2717,#2718,#2719,#2720,#2721,#2722,#2723,#2724,#2725,#2726,#2727,
#2728,#2729,#2730,#2731,#2732,#2733,#2734),(#2735,#2736,#2737,#2738,#2739,
#2740,#2741,#2742,#2743,#2744,#2745,#2746,#2747,#2748,#2749,#2750,#2751,
#2752),(#2753,#2754,#2755,#2756,#2757,#2758,#2759,#2760,#2761,#2762,#2763,
#2764,#2765,#2766,#2767,#2768,#2769,#2770),(#2771,#2772,#2773,#2774,#2775,
#2776,#2777,#2778,#2779,#2780,#2781,#2782,#2783,#2784,#2785,#2786,#2787,
#2788),(#2789,#2790,#2791,#2792,#2793,#2794,#2795,#2796,#2797,#2798,#2799,
#2800,#2801,#2802,#2803,#2804,#2805,#2806),(#2807,#2808,#2809,#2810,#2811,
#2812,#2813,#2814,#2815,#2816,#2817,#2818,#2819,#2820,#2821,#2822,#2823,
#2824),(#2825,#2826,#2827,#2828,#2829,#2830,#2831,#2832,#2833,#2834,#2835,
#2836,#2837,#2838,#2839,#2840,#2841,#2842),(#2843,#2844,#2845,#2846,#2847,
#2848,#2849,#2850,#2851,#2852,#2853,#2854,#2855,#2856,#2857,#2858,#2859,
#2860),(#2861,#2862,#2863,#2864,#2865,#2866,#2867,#2868,#2869,#2870,#2871,
#2872,#2873,#2874,#2875,#2876,#2877,#2878),(#2879,#2880,#2881,#2882,#2883,
#2884,#2885,#2886,#2887,#2888,#2889,#2890,#2891,#2892,#2893,#2894,#2895,
#2896),(#2897,#2898,#2899,#2900,#2901,#2902,#2903,#2904,#2905,#2906,#2907,
#2908,#2909,#2910,#2911,#2912,#2913,#2914)),.UNSPECIFIED.,.F.,.F.,.F.,(4,
1,1,1,1,1,1,1,1,1,1,4),(4,2,1,1,1,1,1,1,1,1,1,1,1,1,4),(0.,0.0714285714285714,
0.142857142857143,0.285714285714286,0.321428571428571,0.428571428571429,
0.571428571428571,0.642857142857143,0.678571428571428,0.714285714285714,
0.857142857142857,1.),(-0.00032458392578548,0.,0.0663590646378237,0.132718129275647,
0.265436258551295,0.298615790870207,0.398154387826942,0.431333920145854,
0.464513452464766,0.497692984783678,0.53087251710259,0.564052049421501,
0.597231581740413,0.630411114059325,0.663590646378237),.UNSPECIFIED.);
#21=B_SPLINE_SURFACE_WITH_KNOTS('',3,3,((#3016,#3017,#3018,#3019,#3020,
#3021,#3022,#3023,#3024,#3025,#3026,#3027,#3028,#3029,#3030,#3031,#3032,
#3033,#3034,#3035,#3036,#3037,#3038,#3039,#3040,#3041,#3042,#3043,#3044,
#3045,#3046,#3047,#3048,#3049,#3050,#3051,#3052,#3053,#3054,#3055,#3056,
#3057,#3058,#3059,#3060,#3061,#3062,#3063,#3064,#3065,#3066,#3067,#3068,
#3069,#3070,#3071,#3072,#3073,#3074,#3075,#3076,#3077,#3078,#3079,#3080,
#3081,#3082,#3083,#3084,#3085,#3086,#3087,#3088,#3089,#3090),(#3091,#3092,
#3093,#3094,#3095,#3096,#3097,#3098,#3099,#3100,#3101,#3102,#3103,#3104,
#3105,#3106,#3107,#3108,#3109,#3110,#3111,#3112,#3113,#3114,#3115,#3116,
#3117,#3118,#3119,#3120,#3121,#3122,#3123,#3124,#3125,#3126,#3127,#3128,
#3129,#3130,#3131,#3132,#3133,#3134,#3135,#3136,#3137,#3138,#3139,#3140,
#3141,#3142,#3143,#3144,#3145,#3146,#3147,#3148,#3149,#3150,#3151,#3152,
#3153,#3154,#3155,#3156,#3157,#3158,#3159,#3160,#3161,#3162,#3163,#3164,
#3165),(#3166,#3167,#3168,#3169,#3170,#3171,#3172,#3173,#3174,#3175,#3176,
#3177,#3178,#3179,#3180,#3181,#3182,#3183,#3184,#3185,#3186,#3187,#3188,
#3189,#3190,#3191,#3192,#3193,#3194,#3195,#3196,#3197,#3198,#3199,#3200,
#3201,#3202,#3203,#3204,#3205,#3206,#3207,#3208,#3209,#3210,#3211,#3212,
#3213,#3214,#3215,#3216,#3217,#3218,#3219,#3220,#3221,#3222,#3223,#3224,
#3225,#3226,#3227,#3228,#3229,#3230,#3231,#3232,#3233,#3234,#3235,#3236,
#3237,#3238,#3239,#3240),(#3241,#3242,#3243,#3244,#3245,#3246,#3247,#3248,
#3249,#3250,#3251,#3252,#3253,#3254,#3255,#3256,#3257,#3258,#3259,#3260,
#3261,#3262,#3263,#3264,#3265,#3266,#3267,#3268,#3269,#3270,#3271,#3272,
#3273,#3274,#3275,#3276,#3277,#3278,#3279,#3280,#3281,#3282,#3283,#3284,
#3285,#3286,#3287,#3288,#3289,#3290,#3291,#3292,#3293,#3294,#3295,#3296,
#3297,#3298,#3299,#3300,#3301,#3302,#3303,#3304,#3305,#3306,#3307,#3308,
#3309,#3310,#3311,#3312,#3313,#3314,#3315),(#3316,#3317,#3318,#3319,#3320,
#3321,#3322,#3323,#3324,#3325,#3326,#3327,#3328,#3329,#3330,#3331,#3332,
#3333,#3334,#3335,#3336,#3337,#3338,#3339,#3340,#3341,#3342,#3343,#3344,
#3345,#3346,#3347,#3348,#3349,#3350,#3351,#3352,#3353,#3354,#3355,#3356,
#3357,#3358,#3359,#3360,#3361,#3362,#3363,#3364,#3365,#3366,#3367,#3368,
#3369,#3370,#3371,#3372,#3373,#3374,#3375,#3376,#3377,#3378,#3379,#3380,
#3381,#3382,#3383,#3384,#3385,#3386,#3387,#3388,#3389,#3390)),
 .UNSPECIFIED.,.F.,.F.,.F.,(4,1,4),(4,1,1,1,1,1,1,1,1,1,1,1,1,1,1,1,1,1,
1,1,1,1,1,1,1,1,1,1,1,1,1,1,1,1,1,1,1,1,1,1,1,1,1,1,1,1,1,1,1,1,1,1,1,1,
1,1,1,1,1,1,1,1,1,1,1,1,1,1,1,1,1,1,4),(0.,0.571428571428571,1.),(0.,1.06103081359508,
2.12206162719016,3.18309244078525,4.24412325438033,5.30515406797541,6.36618488157049,
7.42721569516558,7.95773110196312,8.48824650876066,9.43138500973406,10.3745235107075,
11.3176620116809,12.0250158874109,12.732369763141,13.439723638871,14.1470775146011,
14.8544313903312,15.5617852660612,16.2691391417913,16.9764930175213,17.6838468932514,
18.3912007689814,19.0985546447115,19.8059085204415,20.7490470214149,21.6921855223883,
22.6353240233618,23.5784625243352,24.5216010253086,25.464739526282,25.9363087767687,
26.4078780272554,27.3510165282288,28.2941550292022,29.0015089049323,29.7088627806623,
30.180432031149,31.1235705321224,31.8309244078525,32.5382782835825,33.2456321593126,
33.9529860350426,34.6603399107727,35.3676937865027,36.0750476622328,36.7824015379629,
37.7255400389363,38.6686785399097,39.6118170408831,40.3191709166131,41.0265247923432,
41.7338786680732,42.4412325438033,43.5022633573984,44.5632941709935,45.6243249845885,
46.1548403913861,46.6853557981836,47.1569250486703,48.1000635496437,48.8074174253738,
49.5147713011038,50.2221251768339,50.9294790525639,51.990509866159,53.0515406797541,
54.1125714933492,55.1736023069443,56.2346331205394,57.2956639341345,58.3566947477295,
59.4177255613246),.UNSPECIFIED.);
#22=B_SPLINE_SURFACE_WITH_KNOTS('',3,3,((#3517,#3518,#3519,#3520,#3521,
#3522,#3523,#3524,#3525,#3526,#3527,#3528,#3529,#3530,#3531,#3532,#3533,
#3534,#3535,#3536,#3537,#3538,#3539,#3540,#3541,#3542,#3543,#3544,#3545,
#3546,#3547,#3548,#3549,#3550,#3551,#3552,#3553,#3554,#3555,#3556,#3557,
#3558,#3559,#3560,#3561,#3562,#3563,#3564,#3565,#3566,#3567,#3568,#3569,
#3570,#3571,#3572,#3573,#3574,#3575,#3576,#3577,#3578,#3579,#3580,#3581,
#3582,#3583,#3584,#3585,#3586,#3587,#3588,#3589,#3590,#3591),(#3592,#3593,
#3594,#3595,#3596,#3597,#3598,#3599,#3600,#3601,#3602,#3603,#3604,#3605,
#3606,#3607,#3608,#3609,#3610,#3611,#3612,#3613,#3614,#3615,#3616,#3617,
#3618,#3619,#3620,#3621,#3622,#3623,#3624,#3625,#3626,#3627,#3628,#3629,
#3630,#3631,#3632,#3633,#3634,#3635,#3636,#3637,#3638,#3639,#3640,#3641,
#3642,#3643,#3644,#3645,#3646,#3647,#3648,#3649,#3650,#3651,#3652,#3653,
#3654,#3655,#3656,#3657,#3658,#3659,#3660,#3661,#3662,#3663,#3664,#3665,
#3666),(#3667,#3668,#3669,#3670,#3671,#3672,#3673,#3674,#3675,#3676,#3677,
#3678,#3679,#3680,#3681,#3682,#3683,#3684,#3685,#3686,#3687,#3688,#3689,
#3690,#3691,#3692,#3693,#3694,#3695,#3696,#3697,#3698,#3699,#3700,#3701,
#3702,#3703,#3704,#3705,#3706,#3707,#3708,#3709,#3710,#3711,#3712,#3713,
#3714,#3715,#3716,#3717,#3718,#3719,#3720,#3721,#3722,#3723,#3724,#3725,
#3726,#3727,#3728,#3729,#3730,#3731,#3732,#3733,#3734,#3735,#3736,#3737,
#3738,#3739,#3740,#3741),(#3742,#3743,#3744,#3745,#3746,#3747,#3748,#3749,
#3750,#3751,#3752,#3753,#3754,#3755,#3756,#3757,#3758,#3759,#3760,#3761,
#3762,#3763,#3764,#3765,#3766,#3767,#3768,#3769,#3770,#3771,#3772,#3773,
#3774,#3775,#3776,#3777,#3778,#3779,#3780,#3781,#3782,#3783,#3784,#3785,
#3786,#3787,#3788,#3789,#3790,#3791,#3792,#3793,#3794,#3795,#3796,#3797,
#3798,#3799,#3800,#3801,#3802,#3803,#3804,#3805,#3806,#3807,#3808,#3809,
#3810,#3811,#3812,#3813,#3814,#3815,#3816),(#3817,#3818,#3819,#3820,#3821,
#3822,#3823,#3824,#3825,#3826,#3827,#3828,#3829,#3830,#3831,#3832,#3833,
#3834,#3835,#3836,#3837,#3838,#3839,#3840,#3841,#3842,#3843,#3844,#3845,
#3846,#3847,#3848,#3849,#3850,#3851,#3852,#3853,#3854,#3855,#3856,#3857,
#3858,#3859,#3860,#3861,#3862,#3863,#3864,#3865,#3866,#3867,#3868,#3869,
#3870,#3871,#3872,#3873,#3874,#3875,#3876,#3877,#3878,#3879,#3880,#3881,
#3882,#3883,#3884,#3885,#3886,#3887,#3888,#3889,#3890,#3891)),
 .UNSPECIFIED.,.F.,.F.,.F.,(4,1,4),(4,1,1,1,1,1,1,1,1,1,1,1,1,1,1,1,1,1,
1,1,1,1,1,1,1,1,1,1,1,1,1,1,1,1,1,1,1,1,1,1,1,1,1,1,1,1,1,1,1,1,1,1,1,1,
1,1,1,1,1,1,1,1,1,1,1,1,1,1,1,1,1,1,4),(0.,0.571428571428571,1.),(7.03234574905499E-17,
1.06213737924824,2.12427475849648,3.18641213774473,4.24854951699297,5.31068689624121,
6.37282427548945,7.4349616547377,8.49709903398594,9.20519062015143,9.91328220631693,
10.6213737924824,11.3294653786479,12.0375569648134,12.7456485509789,13.4537401371444,
14.1618317233099,14.8699233094754,15.5780148956409,16.2861064818064,16.9941980679719,
17.7022896541374,18.4103812403029,19.1184728264684,19.8265644126339,20.7706865275212,
21.7148086424085,22.6589307572958,23.3670223434613,24.0751139296268,24.7832055157923,
25.4912971019578,26.1993886881233,26.9074802742888,27.6155718604543,28.3236634466198,
29.0317550327853,29.7398466189508,30.4479382051163,31.1560297912818,32.1001519061691,
33.0442740210564,33.9883961359438,34.9325182508311,35.8766403657184,36.8207624806057,
37.5288540667712,38.2369456529367,38.9450372391022,39.6531288252677,40.3612204114332,
41.0693119975987,41.7774035837642,42.4854951699297,43.1935867560952,43.9016783422607,
44.6097699284262,45.3178615145917,46.0259531007572,46.7340446869227,47.4421362730882,
48.1502278592536,49.094349974141,50.0384720890283,50.9825942039156,52.0447315831639,
53.1068689624121,54.1690063416603,55.2311437209086,56.2932811001568,57.3554184794051,
58.4175558586533,59.4796932379016),.UNSPECIFIED.);
#23=B_SPLINE_SURFACE_WITH_KNOTS('',3,3,((#3967,#3968,#3969,#3970),(#3971,
#3972,#3973,#3974),(#3975,#3976,#3977,#3978),(#3979,#3980,#3981,#3982),
(#3983,#3984,#3985,#3986)),.UNSPECIFIED.,.F.,.F.,.F.,(4,1,4),(4,4),(0.,
0.571428571428571,1.),(4.4410725469003E-14,0.0610896412434539),
 .UNSPECIFIED.);
#24=B_SPLINE_SURFACE_WITH_KNOTS('',3,3,((#4033,#4034,#4035,#4036,#4037,
#4038,#4039,#4040,#4041,#4042,#4043,#4044),(#4045,#4046,#4047,#4048,#4049,
#4050,#4051,#4052,#4053,#4054,#4055,#4056),(#4057,#4058,#4059,#4060,#4061,
#4062,#4063,#4064,#4065,#4066,#4067,#4068),(#4069,#4070,#4071,#4072,#4073,
#4074,#4075,#4076,#4077,#4078,#4079,#4080),(#4081,#4082,#4083,#4084,#4085,
#4086,#4087,#4088,#4089,#4090,#4091,#4092)),.UNSPECIFIED.,.F.,.F.,.F.,(4,
1,4),(4,1,1,1,1,1,1,2,4),(0.,0.571428571428571,1.),(2.85647345174468E-6,
0.357620960421652,0.447025486408702,0.536430012395752,0.625834538382803,
0.715239064369853,0.804643590356903,0.894048116343953,0.896526336556955),
 .UNSPECIFIED.);
#25=B_SPLINE_SURFACE_WITH_KNOTS('',3,3,((#4117,#4118,#4119,#4120,#4121,
#4122,#4123,#4124,#4125,#4126,#4127,#4128,#4129,#4130,#4131,#4132,#4133,
#4134,#4135,#4136,#4137,#4138,#4139,#4140,#4141,#4142,#4143,#4144,#4145,
#4146,#4147,#4148,#4149,#4150,#4151,#4152,#4153,#4154,#4155,#4156,#4157,
#4158,#4159,#4160,#4161,#4162,#4163,#4164,#4165,#4166,#4167,#4168,#4169,
#4170,#4171,#4172,#4173,#4174,#4175,#4176,#4177,#4178,#4179,#4180,#4181,
#4182,#4183,#4184,#4185,#4186,#4187,#4188,#4189,#4190,#4191),(#4192,#4193,
#4194,#4195,#4196,#4197,#4198,#4199,#4200,#4201,#4202,#4203,#4204,#4205,
#4206,#4207,#4208,#4209,#4210,#4211,#4212,#4213,#4214,#4215,#4216,#4217,
#4218,#4219,#4220,#4221,#4222,#4223,#4224,#4225,#4226,#4227,#4228,#4229,
#4230,#4231,#4232,#4233,#4234,#4235,#4236,#4237,#4238,#4239,#4240,#4241,
#4242,#4243,#4244,#4245,#4246,#4247,#4248,#4249,#4250,#4251,#4252,#4253,
#4254,#4255,#4256,#4257,#4258,#4259,#4260,#4261,#4262,#4263,#4264,#4265,
#4266),(#4267,#4268,#4269,#4270,#4271,#4272,#4273,#4274,#4275,#4276,#4277,
#4278,#4279,#4280,#4281,#4282,#4283,#4284,#4285,#4286,#4287,#4288,#4289,
#4290,#4291,#4292,#4293,#4294,#4295,#4296,#4297,#4298,#4299,#4300,#4301,
#4302,#4303,#4304,#4305,#4306,#4307,#4308,#4309,#4310,#4311,#4312,#4313,
#4314,#4315,#4316,#4317,#4318,#4319,#4320,#4321,#4322,#4323,#4324,#4325,
#4326,#4327,#4328,#4329,#4330,#4331,#4332,#4333,#4334,#4335,#4336,#4337,
#4338,#4339,#4340,#4341),(#4342,#4343,#4344,#4345,#4346,#4347,#4348,#4349,
#4350,#4351,#4352,#4353,#4354,#4355,#4356,#4357,#4358,#4359,#4360,#4361,
#4362,#4363,#4364,#4365,#4366,#4367,#4368,#4369,#4370,#4371,#4372,#4373,
#4374,#4375,#4376,#4377,#4378,#4379,#4380,#4381,#4382,#4383,#4384,#4385,
#4386,#4387,#4388,#4389,#4390,#4391,#4392,#4393,#4394,#4395,#4396,#4397,
#4398,#4399,#4400,#4401,#4402,#4403,#4404,#4405,#4406,#4407,#4408,#4409,
#4410,#4411,#4412,#4413,#4414,#4415,#4416),(#4417,#4418,#4419,#4420,#4421,
#4422,#4423,#4424,#4425,#4426,#4427,#4428,#4429,#4430,#4431,#4432,#4433,
#4434,#4435,#4436,#4437,#4438,#4439,#4440,#4441,#4442,#4443,#4444,#4445,
#4446,#4447,#4448,#4449,#4450,#4451,#4452,#4453,#4454,#4455,#4456,#4457,
#4458,#4459,#4460,#4461,#4462,#4463,#4464,#4465,#4466,#4467,#4468,#4469,
#4470,#4471,#4472,#4473,#4474,#4475,#4476,#4477,#4478,#4479,#4480,#4481,
#4482,#4483,#4484,#4485,#4486,#4487,#4488,#4489,#4490,#4491)),
 .UNSPECIFIED.,.F.,.F.,.F.,(4,1,4),(4,1,1,1,1,1,1,1,1,1,1,1,1,1,1,1,1,1,
1,1,1,1,1,1,1,1,1,1,1,1,1,1,1,1,1,1,1,1,1,1,1,1,1,1,1,1,1,1,1,1,1,1,1,1,
1,1,1,1,1,1,1,1,1,1,1,1,1,1,1,1,1,1,4),(0.,0.571428571428571,1.),(0.,1.06103081359507,
2.12206162719015,3.18309244078522,4.24412325438029,5.30515406797537,6.36618488157044,
7.42721569516551,8.48824650876059,9.43138500973398,10.3745235107074,11.3176620116808,
12.0250158874108,12.7323697631409,13.4397236388709,14.147077514601,14.854431390331,
15.5617852660611,15.9154622039261,16.2691391417911,16.9764930175212,17.6838468932512,
18.3912007689813,19.0985546447113,19.8059085204414,20.5132623961714,21.2206162719015,
21.9279701476315,22.6353240233616,23.578462524335,24.5216010253084,25.4647395262818,
26.4078780272552,27.3510165282286,28.294155029202,29.2372935301754,30.1804320311488,
31.1235705321221,31.8309244078522,32.5382782835822,33.2456321593123,33.9529860350423,
34.6603399107724,35.3676937865024,36.0750476622325,36.7824015379625,37.7255400389359,
38.6686785399093,39.6118170408827,40.3191709166128,41.0265247923428,41.7338786680729,
42.4412325438029,43.148586419533,43.855940295263,44.5632941709931,45.2706480467231,
45.9780019224532,46.6853557981832,47.3927096739133,48.1000635496433,48.8074174253734,
49.5147713011034,50.2221251768335,50.9294790525635,51.9905098661586,53.0515406797537,
54.1125714933487,55.1736023069438,56.2346331205389,57.295663934134,58.356694747729,
59.4177255613241),.UNSPECIFIED.);
#26=B_SPLINE_SURFACE_WITH_KNOTS('',3,3,((#4584,#4585,#4586,#4587,#4588,
#4589),(#4590,#4591,#4592,#4593,#4594,#4595),(#4596,#4597,#4598,#4599,#4600,
#4601),(#4602,#4603,#4604,#4605,#4606,#4607),(#4608,#4609,#4610,#4611,#4612,
#4613),(#4614,#4615,#4616,#4617,#4618,#4619),(#4620,#4621,#4622,#4623,#4624,
#4625),(#4626,#4627,#4628,#4629,#4630,#4631),(#4632,#4633,#4634,#4635,#4636,
#4637),(#4638,#4639,#4640,#4641,#4642,#4643),(#4644,#4645,#4646,#4647,#4648,
#4649)),.UNSPECIFIED.,.F.,.F.,.F.,(4,1,1,1,1,1,1,1,4),(4,1,1,4),(-1.5707963267949,
-1.09607995897569,-0.937841169702627,-0.304886012610357,0.328069144481913,
0.961024301574182,1.59397945866645,2.22693461575872,2.85988977285099),(0.,
0.698131700797732,1.39626340159546,2.0943951023932),.UNSPECIFIED.);
#27=B_SPLINE_SURFACE_WITH_KNOTS('',3,3,((#4698,#4699,#4700,#4701,#4702,
#4703,#4704,#4705,#4706,#4707,#4708,#4709,#4710,#4711,#4712,#4713,#4714,
#4715,#4716,#4717,#4718,#4719,#4720,#4721,#4722,#4723,#4724,#4725,#4726,
#4727,#4728,#4729,#4730,#4731,#4732,#4733,#4734,#4735,#4736,#4737,#4738,
#4739,#4740,#4741,#4742,#4743,#4744,#4745,#4746,#4747,#4748,#4749,#4750,
#4751,#4752,#4753,#4754,#4755,#4756,#4757,#4758,#4759,#4760,#4761,#4762,
#4763,#4764,#4765,#4766,#4767,#4768,#4769,#4770,#4771,#4772,#4773,#4774,
#4775,#4776,#4777,#4778,#4779,#4780,#4781,#4782),(#4783,#4784,#4785,#4786,
#4787,#4788,#4789,#4790,#4791,#4792,#4793,#4794,#4795,#4796,#4797,#4798,
#4799,#4800,#4801,#4802,#4803,#4804,#4805,#4806,#4807,#4808,#4809,#4810,
#4811,#4812,#4813,#4814,#4815,#4816,#4817,#4818,#4819,#4820,#4821,#4822,
#4823,#4824,#4825,#4826,#4827,#4828,#4829,#4830,#4831,#4832,#4833,#4834,
#4835,#4836,#4837,#4838,#4839,#4840,#4841,#4842,#4843,#4844,#4845,#4846,
#4847,#4848,#4849,#4850,#4851,#4852,#4853,#4854,#4855,#4856,#4857,#4858,
#4859,#4860,#4861,#4862,#4863,#4864,#4865,#4866,#4867),(#4868,#4869,#4870,
#4871,#4872,#4873,#4874,#4875,#4876,#4877,#4878,#4879,#4880,#4881,#4882,
#4883,#4884,#4885,#4886,#4887,#4888,#4889,#4890,#4891,#4892,#4893,#4894,
#4895,#4896,#4897,#4898,#4899,#4900,#4901,#4902,#4903,#4904,#4905,#4906,
#4907,#4908,#4909,#4910,#4911,#4912,#4913,#4914,#4915,#4916,#4917,#4918,
#4919,#4920,#4921,#4922,#4923,#4924,#4925,#4926,#4927,#4928,#4929,#4930,
#4931,#4932,#4933,#4934,#4935,#4936,#4937,#4938,#4939,#4940,#4941,#4942,
#4943,#4944,#4945,#4946,#4947,#4948,#4949,#4950,#4951,#4952),(#4953,#4954,
#4955,#4956,#4957,#4958,#4959,#4960,#4961,#4962,#4963,#4964,#4965,#4966,
#4967,#4968,#4969,#4970,#4971,#4972,#4973,#4974,#4975,#4976,#4977,#4978,
#4979,#4980,#4981,#4982,#4983,#4984,#4985,#4986,#4987,#4988,#4989,#4990,
#4991,#4992,#4993,#4994,#4995,#4996,#4997,#4998,#4999,#5000,#5001,#5002,
#5003,#5004,#5005,#5006,#5007,#5008,#5009,#5010,#5011,#5012,#5013,#5014,
#5015,#5016,#5017,#5018,#5019,#5020,#5021,#5022,#5023,#5024,#5025,#5026,
#5027,#5028,#5029,#5030,#5031,#5032,#5033,#5034,#5035,#5036,#5037),(#5038,
#5039,#5040,#5041,#5042,#5043,#5044,#5045,#5046,#5047,#5048,#5049,#5050,
#5051,#5052,#5053,#5054,#5055,#5056,#5057,#5058,#5059,#5060,#5061,#5062,
#5063,#5064,#5065,#5066,#5067,#5068,#5069,#5070,#5071,#5072,#5073,#5074,
#5075,#5076,#5077,#5078,#5079,#5080,#5081,#5082,#5083,#5084,#5085,#5086,
#5087,#5088,#5089,#5090,#5091,#5092,#5093,#5094,#5095,#5096,#5097,#5098,
#5099,#5100,#5101,#5102,#5103,#5104,#5105,#5106,#5107,#5108,#5109,#5110,
#5111,#5112,#5113,#5114,#5115,#5116,#5117,#5118,#5119,#5120,#5121,#5122),
(#5123,#5124,#5125,#5126,#5127,#5128,#5129,#5130,#5131,#5132,#5133,#5134,
#5135,#5136,#5137,#5138,#5139,#5140,#5141,#5142,#5143,#5144,#5145,#5146,
#5147,#5148,#5149,#5150,#5151,#5152,#5153,#5154,#5155,#5156,#5157,#5158,
#5159,#5160,#5161,#5162,#5163,#5164,#5165,#5166,#5167,#5168,#5169,#5170,
#5171,#5172,#5173,#5174,#5175,#5176,#5177,#5178,#5179,#5180,#5181,#5182,
#5183,#5184,#5185,#5186,#5187,#5188,#5189,#5190,#5191,#5192,#5193,#5194,
#5195,#5196,#5197,#5198,#5199,#5200,#5201,#5202,#5203,#5204,#5205,#5206,
#5207),(#5208,#5209,#5210,#5211,#5212,#5213,#5214,#5215,#5216,#5217,#5218,
#5219,#5220,#5221,#5222,#5223,#5224,#5225,#5226,#5227,#5228,#5229,#5230,
#5231,#5232,#5233,#5234,#5235,#5236,#5237,#5238,#5239,#5240,#5241,#5242,
#5243,#5244,#5245,#5246,#5247,#5248,#5249,#5250,#5251,#5252,#5253,#5254,
#5255,#5256,#5257,#5258,#5259,#5260,#5261,#5262,#5263,#5264,#5265,#5266,
#5267,#5268,#5269,#5270,#5271,#5272,#5273,#5274,#5275,#5276,#5277,#5278,
#5279,#5280,#5281,#5282,#5283,#5284,#5285,#5286,#5287,#5288,#5289,#5290,
#5291,#5292)),.UNSPECIFIED.,.F.,.F.,.F.,(4,1,1,1,4),(4,1,1,1,1,1,1,1,1,
1,1,1,1,1,1,1,1,1,1,1,1,1,1,1,1,1,1,1,1,1,1,1,1,1,1,1,1,1,1,1,1,1,1,1,1,
1,1,1,1,1,1,1,1,1,1,1,1,1,1,1,1,1,1,1,1,1,1,1,1,1,1,1,1,1,1,1,1,1,1,1,1,
1,4),(0.252695170886581,0.817595666272663,1.38249616165875,2.13569682217352,
2.8888974826883),(0.,0.491672020988646,0.983344041977293,1.47501606296594,
1.96668808395459,2.45836010494323,2.95003212593188,3.44170414692053,3.93337616790917,
4.42504818889782,4.91672020988647,5.40839223087511,5.90006425186376,6.3917362728524,
6.88340829384105,7.3750803148297,7.86675233581834,8.35842435680699,8.85009637779564,
9.34176839878428,9.83344041977293,10.3251124407616,10.8167844617502,11.3084564827389,
11.8001285037275,12.2918005247162,12.7834725457048,13.2751445666935,13.7668165876821,
14.2584886086707,14.7501606296594,15.241832650648,15.7335046716367,16.2251766926253,
16.716848713614,17.2085207346026,17.7001927555913,18.1918647765799,18.6835367975686,
19.1752088185572,19.6668808395459,20.1585528605345,20.6502248815232,21.1418969025118,
21.6335689235004,22.1252409444891,22.6169129654777,23.1085849864664,23.600257007455,
24.0919290284437,24.5836010494323,25.075273070421,25.5669450914096,26.0586171123983,
26.5502891333869,27.0419611543756,27.5336331753642,28.0253051963528,28.5169772173415,
29.0086492383301,29.5003212593188,29.9919932803074,30.4836653012961,30.9753373222847,
31.4670093432734,31.958681364262,32.4503533852507,32.9420254062393,33.433697427228,
33.9253694482166,34.4170414692053,34.9087134901939,35.4003855111825,35.8920575321712,
36.3837295531598,36.8754015741485,37.3670735951371,37.8587456161258,38.3504176371144,
38.8420896581031,39.3337616790917,39.8254337000804,40.317105721069),
 .UNSPECIFIED.);
#28=B_SPLINE_SURFACE_WITH_KNOTS('',3,3,((#5298,#5299,#5300,#5301,#5302,
#5303,#5304,#5305,#5306,#5307,#5308,#5309,#5310,#5311,#5312,#5313,#5314,
#5315,#5316,#5317,#5318,#5319,#5320,#5321,#5322,#5323,#5324,#5325,#5326,
#5327,#5328,#5329,#5330,#5331,#5332,#5333,#5334,#5335,#5336,#5337,#5338,
#5339,#5340,#5341,#5342,#5343,#5344,#5345,#5346,#5347,#5348,#5349,#5350,
#5351,#5352,#5353,#5354,#5355,#5356,#5357,#5358,#5359,#5360,#5361,#5362,
#5363,#5364,#5365,#5366,#5367,#5368,#5369,#5370,#5371,#5372,#5373,#5374,
#5375,#5376,#5377,#5378,#5379,#5380,#5381,#5382),(#5383,#5384,#5385,#5386,
#5387,#5388,#5389,#5390,#5391,#5392,#5393,#5394,#5395,#5396,#5397,#5398,
#5399,#5400,#5401,#5402,#5403,#5404,#5405,#5406,#5407,#5408,#5409,#5410,
#5411,#5412,#5413,#5414,#5415,#5416,#5417,#5418,#5419,#5420,#5421,#5422,
#5423,#5424,#5425,#5426,#5427,#5428,#5429,#5430,#5431,#5432,#5433,#5434,
#5435,#5436,#5437,#5438,#5439,#5440,#5441,#5442,#5443,#5444,#5445,#5446,
#5447,#5448,#5449,#5450,#5451,#5452,#5453,#5454,#5455,#5456,#5457,#5458,
#5459,#5460,#5461,#5462,#5463,#5464,#5465,#5466,#5467),(#5468,#5469,#5470,
#5471,#5472,#5473,#5474,#5475,#5476,#5477,#5478,#5479,#5480,#5481,#5482,
#5483,#5484,#5485,#5486,#5487,#5488,#5489,#5490,#5491,#5492,#5493,#5494,
#5495,#5496,#5497,#5498,#5499,#5500,#5501,#5502,#5503,#5504,#5505,#5506,
#5507,#5508,#5509,#5510,#5511,#5512,#5513,#5514,#5515,#5516,#5517,#5518,
#5519,#5520,#5521,#5522,#5523,#5524,#5525,#5526,#5527,#5528,#5529,#5530,
#5531,#5532,#5533,#5534,#5535,#5536,#5537,#5538,#5539,#5540,#5541,#5542,
#5543,#5544,#5545,#5546,#5547,#5548,#5549,#5550,#5551,#5552),(#5553,#5554,
#5555,#5556,#5557,#5558,#5559,#5560,#5561,#5562,#5563,#5564,#5565,#5566,
#5567,#5568,#5569,#5570,#5571,#5572,#5573,#5574,#5575,#5576,#5577,#5578,
#5579,#5580,#5581,#5582,#5583,#5584,#5585,#5586,#5587,#5588,#5589,#5590,
#5591,#5592,#5593,#5594,#5595,#5596,#5597,#5598,#5599,#5600,#5601,#5602,
#5603,#5604,#5605,#5606,#5607,#5608,#5609,#5610,#5611,#5612,#5613,#5614,
#5615,#5616,#5617,#5618,#5619,#5620,#5621,#5622,#5623,#5624,#5625,#5626,
#5627,#5628,#5629,#5630,#5631,#5632,#5633,#5634,#5635,#5636,#5637),(#5638,
#5639,#5640,#5641,#5642,#5643,#5644,#5645,#5646,#5647,#5648,#5649,#5650,
#5651,#5652,#5653,#5654,#5655,#5656,#5657,#5658,#5659,#5660,#5661,#5662,
#5663,#5664,#5665,#5666,#5667,#5668,#5669,#5670,#5671,#5672,#5673,#5674,
#5675,#5676,#5677,#5678,#5679,#5680,#5681,#5682,#5683,#5684,#5685,#5686,
#5687,#5688,#5689,#5690,#5691,#5692,#5693,#5694,#5695,#5696,#5697,#5698,
#5699,#5700,#5701,#5702,#5703,#5704,#5705,#5706,#5707,#5708,#5709,#5710,
#5711,#5712,#5713,#5714,#5715,#5716,#5717,#5718,#5719,#5720,#5721,#5722),
(#5723,#5724,#5725,#5726,#5727,#5728,#5729,#5730,#5731,#5732,#5733,#5734,
#5735,#5736,#5737,#5738,#5739,#5740,#5741,#5742,#5743,#5744,#5745,#5746,
#5747,#5748,#5749,#5750,#5751,#5752,#5753,#5754,#5755,#5756,#5757,#5758,
#5759,#5760,#5761,#5762,#5763,#5764,#5765,#5766,#5767,#5768,#5769,#5770,
#5771,#5772,#5773,#5774,#5775,#5776,#5777,#5778,#5779,#5780,#5781,#5782,
#5783,#5784,#5785,#5786,#5787,#5788,#5789,#5790,#5791,#5792,#5793,#5794,
#5795,#5796,#5797,#5798,#5799,#5800,#5801,#5802,#5803,#5804,#5805,#5806,
#5807),(#5808,#5809,#5810,#5811,#5812,#5813,#5814,#5815,#5816,#5817,#5818,
#5819,#5820,#5821,#5822,#5823,#5824,#5825,#5826,#5827,#5828,#5829,#5830,
#5831,#5832,#5833,#5834,#5835,#5836,#5837,#5838,#5839,#5840,#5841,#5842,
#5843,#5844,#5845,#5846,#5847,#5848,#5849,#5850,#5851,#5852,#5853,#5854,
#5855,#5856,#5857,#5858,#5859,#5860,#5861,#5862,#5863,#5864,#5865,#5866,
#5867,#5868,#5869,#5870,#5871,#5872,#5873,#5874,#5875,#5876,#5877,#5878,
#5879,#5880,#5881,#5882,#5883,#5884,#5885,#5886,#5887,#5888,#5889,#5890,
#5891,#5892)),.UNSPECIFIED.,.F.,.F.,.F.,(4,1,1,1,4),(4,1,1,1,1,1,1,1,1,
1,1,1,1,1,1,1,1,1,1,1,1,1,1,1,1,1,1,1,1,1,1,1,1,1,1,1,1,1,1,1,1,1,1,1,1,
1,1,1,1,1,1,1,1,1,1,1,1,1,1,1,1,1,1,1,1,1,1,1,1,1,1,1,1,1,1,1,1,1,1,1,1,
1,4),(-2.88889748270314,-2.32399698731707,-1.75909649193101,-1.00589583141625,
-0.25269517090149),(0.,0.491672020988646,0.983344041977293,1.47501606296594,
1.96668808395459,2.45836010494323,2.95003212593188,3.44170414692053,3.93337616790917,
4.42504818889782,4.91672020988647,5.40839223087511,5.90006425186376,6.3917362728524,
6.88340829384105,7.3750803148297,7.86675233581834,8.35842435680699,8.85009637779564,
9.34176839878428,9.83344041977293,10.3251124407616,10.8167844617502,11.3084564827389,
11.8001285037275,12.2918005247162,12.7834725457048,13.2751445666935,13.7668165876821,
14.2584886086707,14.7501606296594,15.241832650648,15.7335046716367,16.2251766926253,
16.716848713614,17.2085207346026,17.7001927555913,18.1918647765799,18.6835367975686,
19.1752088185572,19.6668808395459,20.1585528605345,20.6502248815232,21.1418969025118,
21.6335689235004,22.1252409444891,22.6169129654777,23.1085849864664,23.600257007455,
24.0919290284437,24.5836010494323,25.075273070421,25.5669450914096,26.0586171123983,
26.5502891333869,27.0419611543756,27.5336331753642,28.0253051963528,28.5169772173415,
29.0086492383301,29.5003212593188,29.9919932803074,30.4836653012961,30.9753373222847,
31.4670093432734,31.958681364262,32.4503533852507,32.9420254062393,33.433697427228,
33.9253694482166,34.4170414692053,34.9087134901939,35.4003855111825,35.8920575321712,
36.3837295531598,36.8754015741485,37.3670735951371,37.8587456161258,38.3504176371144,
38.8420896581031,39.3337616790917,39.8254337000804,40.317105721069),
 .UNSPECIFIED.);
#29=B_SPLINE_SURFACE_WITH_KNOTS('',3,3,((#5971,#5972,#5973,#5974,#5975,
#5976,#5977,#5978,#5979,#5980),(#5981,#5982,#5983,#5984,#5985,#5986,#5987,
#5988,#5989,#5990),(#5991,#5992,#5993,#5994,#5995,#5996,#5997,#5998,#5999,
#6000),(#6001,#6002,#6003,#6004,#6005,#6006,#6007,#6008,#6009,#6010),(#6011,
#6012,#6013,#6014,#6015,#6016,#6017,#6018,#6019,#6020),(#6021,#6022,#6023,
#6024,#6025,#6026,#6027,#6028,#6029,#6030),(#6031,#6032,#6033,#6034,#6035,
#6036,#6037,#6038,#6039,#6040),(#6041,#6042,#6043,#6044,#6045,#6046,#6047,
#6048,#6049,#6050),(#6051,#6052,#6053,#6054,#6055,#6056,#6057,#6058,#6059,
#6060),(#6061,#6062,#6063,#6064,#6065,#6066,#6067,#6068,#6069,#6070)),
 .UNSPECIFIED.,.F.,.F.,.F.,(4,1,1,1,1,1,1,4),(4,1,1,1,1,1,1,4),(0.,0.142857142857143,
0.285714285714286,0.428571428571429,0.571428571428571,0.714285714285714,
0.857142857142857,1.),(0.262516593114278,0.377121102589051,0.434423357326437,
0.491725612063824,0.54902786680121,0.606330121538597,0.63498124890729,0.663632376275983),
 .UNSPECIFIED.);
#30=B_SPLINE_SURFACE_WITH_KNOTS('',3,3,((#6092,#6093,#6094,#6095,#6096,
#6097),(#6098,#6099,#6100,#6101,#6102,#6103),(#6104,#6105,#6106,#6107,#6108,
#6109),(#6110,#6111,#6112,#6113,#6114,#6115),(#6116,#6117,#6118,#6119,#6120,
#6121),(#6122,#6123,#6124,#6125,#6126,#6127)),.UNSPECIFIED.,.F.,.F.,.F.,
(4,1,1,4),(4,2,4),(0.,0.285714285714286,0.571428571428571,1.),(-0.000324587015279848,
0.,0.262516593114278),.UNSPECIFIED.);
#31=B_SPLINE_SURFACE_WITH_KNOTS('',3,3,((#6160,#6161,#6162,#6163),(#6164,
#6165,#6166,#6167),(#6168,#6169,#6170,#6171),(#6172,#6173,#6174,#6175),
(#6176,#6177,#6178,#6179)),.UNSPECIFIED.,.F.,.F.,.F.,(4,1,4),(4,4),(0.,
0.571428571428571,1.),(0.,0.0610896412436792),.UNSPECIFIED.);
#32=B_SPLINE_SURFACE_WITH_KNOTS('',3,3,((#6216,#6217,#6218,#6219,#6220,
#6221,#6222,#6223,#6224,#6225,#6226,#6227,#6228,#6229,#6230,#6231,#6232,
#6233,#6234,#6235,#6236,#6237,#6238,#6239,#6240,#6241,#6242,#6243,#6244,
#6245,#6246,#6247,#6248,#6249,#6250,#6251,#6252,#6253,#6254,#6255,#6256,
#6257,#6258,#6259,#6260,#6261,#6262,#6263,#6264,#6265,#6266,#6267,#6268,
#6269,#6270,#6271,#6272,#6273,#6274,#6275,#6276,#6277,#6278,#6279,#6280,
#6281,#6282,#6283,#6284,#6285,#6286,#6287,#6288,#6289),(#6290,#6291,#6292,
#6293,#6294,#6295,#6296,#6297,#6298,#6299,#6300,#6301,#6302,#6303,#6304,
#6305,#6306,#6307,#6308,#6309,#6310,#6311,#6312,#6313,#6314,#6315,#6316,
#6317,#6318,#6319,#6320,#6321,#6322,#6323,#6324,#6325,#6326,#6327,#6328,
#6329,#6330,#6331,#6332,#6333,#6334,#6335,#6336,#6337,#6338,#6339,#6340,
#6341,#6342,#6343,#6344,#6345,#6346,#6347,#6348,#6349,#6350,#6351,#6352,
#6353,#6354,#6355,#6356,#6357,#6358,#6359,#6360,#6361,#6362,#6363),(#6364,
#6365,#6366,#6367,#6368,#6369,#6370,#6371,#6372,#6373,#6374,#6375,#6376,
#6377,#6378,#6379,#6380,#6381,#6382,#6383,#6384,#6385,#6386,#6387,#6388,
#6389,#6390,#6391,#6392,#6393,#6394,#6395,#6396,#6397,#6398,#6399,#6400,
#6401,#6402,#6403,#6404,#6405,#6406,#6407,#6408,#6409,#6410,#6411,#6412,
#6413,#6414,#6415,#6416,#6417,#6418,#6419,#6420,#6421,#6422,#6423,#6424,
#6425,#6426,#6427,#6428,#6429,#6430,#6431,#6432,#6433,#6434,#6435,#6436,
#6437),(#6438,#6439,#6440,#6441,#6442,#6443,#6444,#6445,#6446,#6447,#6448,
#6449,#6450,#6451,#6452,#6453,#6454,#6455,#6456,#6457,#6458,#6459,#6460,
#6461,#6462,#6463,#6464,#6465,#6466,#6467,#6468,#6469,#6470,#6471,#6472,
#6473,#6474,#6475,#6476,#6477,#6478,#6479,#6480,#6481,#6482,#6483,#6484,
#6485,#6486,#6487,#6488,#6489,#6490,#6491,#6492,#6493,#6494,#6495,#6496,
#6497,#6498,#6499,#6500,#6501,#6502,#6503,#6504,#6505,#6506,#6507,#6508,
#6509,#6510,#6511),(#6512,#6513,#6514,#6515,#6516,#6517,#6518,#6519,#6520,
#6521,#6522,#6523,#6524,#6525,#6526,#6527,#6528,#6529,#6530,#6531,#6532,
#6533,#6534,#6535,#6536,#6537,#6538,#6539,#6540,#6541,#6542,#6543,#6544,
#6545,#6546,#6547,#6548,#6549,#6550,#6551,#6552,#6553,#6554,#6555,#6556,
#6557,#6558,#6559,#6560,#6561,#6562,#6563,#6564,#6565,#6566,#6567,#6568,
#6569,#6570,#6571,#6572,#6573,#6574,#6575,#6576,#6577,#6578,#6579,#6580,
#6581,#6582,#6583,#6584,#6585)),.UNSPECIFIED.,.F.,.F.,.F.,(4,1,4),(4,1,
1,1,1,1,1,1,1,1,1,1,1,1,1,1,1,1,1,1,1,1,1,1,1,1,1,1,1,1,1,1,1,1,1,1,1,1,
1,1,1,1,1,1,1,1,1,1,1,1,1,1,1,1,1,1,1,1,1,1,1,1,1,1,1,1,1,1,1,1,1,4),(0.,
0.571428571428571,1.),(9.19205523648095E-17,1.06213738119478,2.12427476238956,
3.18641214358434,4.24854952477912,5.3106869059739,6.37282428716867,7.43496166836345,
8.49709904955823,9.20519063702142,9.9132822244846,10.6213738119478,11.329465399411,
12.0375569868742,12.7456485743373,13.8077859555321,14.8699233367269,15.1354576820256,
15.4009920273243,15.9320607179217,16.9941980991165,17.7022896865796,18.4103812740428,
19.118472861506,19.8265644489692,20.7706865655868,21.7148086822044,22.658930798822,
23.3670223862851,24.0751139737483,24.7832055612115,25.4912971486747,26.1993887361379,
26.9074803236011,27.6155719110643,28.3236634985274,28.7957245568362,29.7398466734538,
30.447938260917,31.1560298483802,32.1001519649978,33.0442740816153,33.9883961982329,
34.9325183148505,35.8766404314681,36.8207625480857,37.7648846647033,38.7090067813208,
39.6531288979384,40.3612204854016,41.0693120728648,41.777403660328,42.4854952477912,
43.1935868352543,43.9016784227175,44.6097700101807,45.3178615976439,46.2619837142615,
47.2061058308791,48.1502279474966,49.0943500641142,50.0384721807318,50.9825942973494,
52.0447316785442,53.1068690597389,53.6379377503363,54.1690064409337,55.2311438221285,
56.2932812033233,57.3554185845181,58.4175559657128,59.4796933469076),
 .UNSPECIFIED.);
#33=B_SPLINE_SURFACE_WITH_KNOTS('',3,3,((#6601,#6602,#6603,#6604,#6605,
#6606,#6607,#6608,#6609,#6610,#6611,#6612),(#6613,#6614,#6615,#6616,#6617,
#6618,#6619,#6620,#6621,#6622,#6623,#6624),(#6625,#6626,#6627,#6628,#6629,
#6630,#6631,#6632,#6633,#6634,#6635,#6636),(#6637,#6638,#6639,#6640,#6641,
#6642,#6643,#6644,#6645,#6646,#6647,#6648),(#6649,#6650,#6651,#6652,#6653,
#6654,#6655,#6656,#6657,#6658,#6659,#6660)),.UNSPECIFIED.,.F.,.F.,.F.,(4,
1,4),(4,1,1,1,1,1,1,2,4),(0.,0.571428571428571,1.),(2.85647344197471E-6,
0.178787713575688,0.357572570677935,0.446964999229058,0.536357427780181,
0.670446070606866,0.715142284882427,0.893927141984674,0.896530232484826),
 .UNSPECIFIED.);
#34=B_SPLINE_SURFACE_WITH_KNOTS('',3,3,((#6673,#6674,#6675,#6676,#6677,
#6678),(#6679,#6680,#6681,#6682,#6683,#6684),(#6685,#6686,#6687,#6688,#6689,
#6690),(#6691,#6692,#6693,#6694,#6695,#6696),(#6697,#6698,#6699,#6700,#6701,
#6702),(#6703,#6704,#6705,#6706,#6707,#6708),(#6709,#6710,#6711,#6712,#6713,
#6714)),.UNSPECIFIED.,.F.,.F.,.F.,(4,1,1,1,4),(4,1,1,4),(-3.14159265358979,
-2.52875913083596,-1.91592560808213,-1.09881424441035,-0.281702880738576),
(0.,0.698131700797732,1.39626340159546,2.0943951023932),.UNSPECIFIED.);
#35=B_SPLINE_SURFACE_WITH_KNOTS('',3,3,((#6750,#6751,#6752,#6753,#6754,
#6755,#6756,#6757,#6758,#6759),(#6760,#6761,#6762,#6763,#6764,#6765,#6766,
#6767,#6768,#6769),(#6770,#6771,#6772,#6773,#6774,#6775,#6776,#6777,#6778,
#6779),(#6780,#6781,#6782,#6783,#6784,#6785,#6786,#6787,#6788,#6789),(#6790,
#6791,#6792,#6793,#6794,#6795,#6796,#6797,#6798,#6799)),.UNSPECIFIED.,.F.,
 .F.,.F.,(4,1,4),(4,2,1,1,1,1,4),(0.,0.571428571428571,1.),(-0.476789246936794,
-0.474265586726454,-0.379412469381163,-0.284559352035873,-0.189706234690582,
-0.0948531173452908,0.),.UNSPECIFIED.);
#36=B_SPLINE_SURFACE_WITH_KNOTS('',3,3,((#6822,#6823,#6824,#6825,#6826,
#6827,#6828,#6829,#6830,#6831),(#6832,#6833,#6834,#6835,#6836,#6837,#6838,
#6839,#6840,#6841),(#6842,#6843,#6844,#6845,#6846,#6847,#6848,#6849,#6850,
#6851),(#6852,#6853,#6854,#6855,#6856,#6857,#6858,#6859,#6860,#6861),(#6862,
#6863,#6864,#6865,#6866,#6867,#6868,#6869,#6870,#6871)),.UNSPECIFIED.,.F.,
 .F.,.F.,(4,1,4),(4,1,1,1,1,2,4),(0.,0.571428571428571,1.),(-0.398180503176653,
-0.318544402541322,-0.278726352223657,-0.159272201270661,-0.0796361006353306,
0.,0.00308570127914453),.UNSPECIFIED.);
#37=B_SPLINE_SURFACE_WITH_KNOTS('',3,3,((#6882,#6883,#6884,#6885,#6886,
#6887),(#6888,#6889,#6890,#6891,#6892,#6893),(#6894,#6895,#6896,#6897,#6898,
#6899),(#6900,#6901,#6902,#6903,#6904,#6905),(#6906,#6907,#6908,#6909,#6910,
#6911)),.UNSPECIFIED.,.F.,.F.,.F.,(4,1,4),(4,1,1,4),(1.5707963267869,2.46839422781713,
3.1415926535898),(0.,0.698131700797732,1.39626340159546,2.0943951023932),
 .UNSPECIFIED.);
#38=B_SPLINE_SURFACE_WITH_KNOTS('',3,3,((#6912,#6913,#6914,#6915,#6916,
#6917,#6918,#6919,#6920,#6921,#6922,#6923,#6924,#6925,#6926),(#6927,#6928,
#6929,#6930,#6931,#6932,#6933,#6934,#6935,#6936,#6937,#6938,#6939,#6940,
#6941),(#6942,#6943,#6944,#6945,#6946,#6947,#6948,#6949,#6950,#6951,#6952,
#6953,#6954,#6955,#6956),(#6957,#6958,#6959,#6960,#6961,#6962,#6963,#6964,
#6965,#6966,#6967,#6968,#6969,#6970,#6971),(#6972,#6973,#6974,#6975,#6976,
#6977,#6978,#6979,#6980,#6981,#6982,#6983,#6984,#6985,#6986)),
 .UNSPECIFIED.,.F.,.F.,.F.,(4,1,4),(4,2,1,1,1,1,1,1,1,2,4),(0.,0.571428571428571,
1.),(-0.874626357651621,-0.868699875378827,-0.694959900303062,-0.521219925227296,
-0.434349937689414,-0.390914943920472,-0.347479950151531,-0.260609962613648,
-0.173739975075765,0.,0.00366282880301099),.UNSPECIFIED.);
#39=FACE_BOUND('',#210,.T.);
#40=FACE_BOUND('',#225,.T.);
#41=CIRCLE('',#1322,2.5);
#42=CIRCLE('',#1323,2.);
#43=CIRCLE('',#1329,3.125);
#44=CIRCLE('',#1330,2.625);
#45=CIRCLE('',#1332,1.5);
#46=CIRCLE('',#1333,0.75);
#47=CIRCLE('',#1334,7.);
#48=CIRCLE('',#1335,7.);
#49=CIRCLE('',#1336,0.75);
#50=CIRCLE('',#1338,2.625);
#51=CIRCLE('',#1340,7.749);
#52=CIRCLE('',#1341,7.749);
#53=CIRCLE('',#1342,0.00100000000000031);
#54=CIRCLE('',#1343,3.9950476190484);
#55=CIRCLE('',#1344,14.251);
#56=CIRCLE('',#1345,6.4990000000008);
#57=CIRCLE('',#1346,0.00100000000000017);
#58=CIRCLE('',#1349,14.251);
#59=CIRCLE('',#1350,15.);
#60=CIRCLE('',#1352,6.49899999999999);
#61=CIRCLE('',#1353,5.74999999999999);
#62=CIRCLE('',#1356,0.75);
#63=CIRCLE('',#1357,1.499);
#64=CIRCLE('',#1360,3.99504761904757);
#65=CIRCLE('',#1361,4.74404761904757);
#66=CIRCLE('',#1365,5.125);
#67=CIRCLE('',#1367,7.);
#68=CIRCLE('',#1369,0.75);
#69=CIRCLE('',#1372,4.7440476190484);
#70=CIRCLE('',#1374,15.);
#71=CIRCLE('',#1376,5.7500000000008);
#72=CIRCLE('',#1379,0.75);
#73=CIRCLE('',#1381,7.);
#74=CIRCLE('',#1386,0.249999999999999);
#75=CIRCLE('',#1387,0.25);
#76=CIRCLE('',#1388,0.250000000000001);
#77=CIRCLE('',#1389,0.25);
#78=CIRCLE('',#1390,0.75);
#79=CIRCLE('',#1391,0.75);
#80=CIRCLE('',#1394,0.75);
#81=CIRCLE('',#1395,0.75);
#82=CIRCLE('',#1396,0.75);
#83=CIRCLE('',#1399,0.75);
#84=CIRCLE('',#1402,1.5);
#85=CONICAL_SURFACE('',#1321,2.25,0.785398163397447);
#86=CONICAL_SURFACE('',#1328,2.875,0.785398163397448);
#87=CONICAL_SURFACE('',#1348,14.6255,0.785398163397447);
#88=CONICAL_SURFACE('',#1351,6.12449999999999,0.78539816339745);
#89=CONICAL_SURFACE('',#1355,1.1245,0.785398163397449);
#90=CONICAL_SURFACE('',#1359,4.36954761904757,0.785398163397449);
#91=CONICAL_SURFACE('',#1366,7.3745,0.78539816339745);
#92=CONICAL_SURFACE('',#1368,0.3755,0.785398163397448);
#93=CONICAL_SURFACE('',#1371,4.3695476190484,0.785398163397449);
#94=CONICAL_SURFACE('',#1373,14.6255,0.785398163397448);
#95=CONICAL_SURFACE('',#1375,6.1245000000008,0.785398163397449);
#96=CONICAL_SURFACE('',#1378,0.3755,0.785398163397449);
#97=CONICAL_SURFACE('',#1380,7.3745,0.785398163397448);
#98=CONICAL_SURFACE('',#1403,3.875,0.785398163397448);
#99=PLANE('',#1320);
#100=PLANE('',#1324);
#101=PLANE('',#1325);
#102=PLANE('',#1327);
#103=PLANE('',#1331);
#104=PLANE('',#1339);
#105=PLANE('',#1347);
#106=PLANE('',#1354);
#107=PLANE('',#1358);
#108=PLANE('',#1362);
#109=PLANE('',#1364);
#110=PLANE('',#1370);
#111=PLANE('',#1377);
#112=PLANE('',#1384);
#113=FACE_OUTER_BOUND('',#191,.T.);
#114=FACE_OUTER_BOUND('',#192,.T.);
#115=FACE_OUTER_BOUND('',#193,.T.);
#116=FACE_OUTER_BOUND('',#194,.T.);
#117=FACE_OUTER_BOUND('',#195,.T.);
#118=FACE_OUTER_BOUND('',#196,.T.);
#119=FACE_OUTER_BOUND('',#197,.T.);
#120=FACE_OUTER_BOUND('',#198,.T.);
#121=FACE_OUTER_BOUND('',#199,.T.);
#122=FACE_OUTER_BOUND('',#200,.T.);
#123=FACE_OUTER_BOUND('',#201,.T.);
#124=FACE_OUTER_BOUND('',#202,.T.);
#125=FACE_OUTER_BOUND('',#203,.T.);
#126=FACE_OUTER_BOUND('',#204,.T.);
#127=FACE_OUTER_BOUND('',#205,.T.);
#128=FACE_OUTER_BOUND('',#206,.T.);
#129=FACE_OUTER_BOUND('',#207,.T.);
#130=FACE_OUTER_BOUND('',#208,.T.);
#131=FACE_OUTER_BOUND('',#209,.T.);
#132=FACE_OUTER_BOUND('',#211,.T.);
#133=FACE_OUTER_BOUND('',#212,.T.);
#134=FACE_OUTER_BOUND('',#213,.T.);
#135=FACE_OUTER_BOUND('',#214,.T.);
#136=FACE_OUTER_BOUND('',#215,.T.);
#137=FACE_OUTER_BOUND('',#216,.T.);
#138=FACE_OUTER_BOUND('',#217,.T.);
#139=FACE_OUTER_BOUND('',#218,.T.);
#140=FACE_OUTER_BOUND('',#219,.T.);
#141=FACE_OUTER_BOUND('',#220,.T.);
#142=FACE_OUTER_BOUND('',#221,.T.);
#143=FACE_OUTER_BOUND('',#222,.T.);
#144=FACE_OUTER_BOUND('',#223,.T.);
#145=FACE_OUTER_BOUND('',#224,.T.);
#146=FACE_OUTER_BOUND('',#226,.T.);
#147=FACE_OUTER_BOUND('',#227,.T.);
#148=FACE_OUTER_BOUND('',#228,.T.);
#149=FACE_OUTER_BOUND('',#229,.T.);
#150=FACE_OUTER_BOUND('',#230,.T.);
#151=FACE_OUTER_BOUND('',#231,.T.);
#152=FACE_OUTER_BOUND('',#232,.T.);
#153=FACE_OUTER_BOUND('',#233,.T.);
#154=FACE_OUTER_BOUND('',#234,.T.);
#155=FACE_OUTER_BOUND('',#235,.T.);
#156=FACE_OUTER_BOUND('',#236,.T.);
#157=FACE_OUTER_BOUND('',#237,.T.);
#158=FACE_OUTER_BOUND('',#238,.T.);
#159=FACE_OUTER_BOUND('',#239,.T.);
#160=FACE_OUTER_BOUND('',#240,.T.);
#161=FACE_OUTER_BOUND('',#241,.T.);
#162=FACE_OUTER_BOUND('',#242,.T.);
#163=FACE_OUTER_BOUND('',#243,.T.);
#164=FACE_OUTER_BOUND('',#244,.T.);
#165=FACE_OUTER_BOUND('',#245,.T.);
#166=FACE_OUTER_BOUND('',#246,.T.);
#167=FACE_OUTER_BOUND('',#247,.T.);
#168=FACE_OUTER_BOUND('',#248,.T.);
#169=FACE_OUTER_BOUND('',#249,.T.);
#170=FACE_OUTER_BOUND('',#250,.T.);
#171=FACE_OUTER_BOUND('',#251,.T.);
#172=FACE_OUTER_BOUND('',#252,.T.);
#173=FACE_OUTER_BOUND('',#253,.T.);
#174=FACE_OUTER_BOUND('',#254,.T.);
#175=FACE_OUTER_BOUND('',#255,.T.);
#176=FACE_OUTER_BOUND('',#256,.T.);
#177=FACE_OUTER_BOUND('',#257,.T.);
#178=FACE_OUTER_BOUND('',#258,.T.);
#179=FACE_OUTER_BOUND('',#259,.T.);
#180=FACE_OUTER_BOUND('',#260,.T.);
#181=FACE_OUTER_BOUND('',#261,.T.);
#182=FACE_OUTER_BOUND('',#262,.T.);
#183=FACE_OUTER_BOUND('',#263,.T.);
#184=FACE_OUTER_BOUND('',#264,.T.);
#185=FACE_OUTER_BOUND('',#265,.T.);
#186=FACE_OUTER_BOUND('',#266,.T.);
#187=FACE_OUTER_BOUND('',#267,.T.);
#188=FACE_OUTER_BOUND('',#268,.T.);
#189=FACE_OUTER_BOUND('',#269,.T.);
#190=FACE_OUTER_BOUND('',#270,.T.);
#191=EDGE_LOOP('',(#801,#802,#803,#804));
#192=EDGE_LOOP('',(#805,#806,#807,#808));
#193=EDGE_LOOP('',(#809,#810,#811,#812));
#194=EDGE_LOOP('',(#813,#814,#815,#816));
#195=EDGE_LOOP('',(#817,#818,#819,#820));
#196=EDGE_LOOP('',(#821,#822,#823,#824,#825));
#197=EDGE_LOOP('',(#826,#827,#828,#829,#830));
#198=EDGE_LOOP('',(#831,#832,#833,#834));
#199=EDGE_LOOP('',(#835,#836,#837,#838));
#200=EDGE_LOOP('',(#839,#840,#841,#842));
#201=EDGE_LOOP('',(#843,#844,#845,#846));
#202=EDGE_LOOP('',(#847,#848,#849,#850));
#203=EDGE_LOOP('',(#851,#852,#853,#854));
#204=EDGE_LOOP('',(#855,#856,#857,#858));
#205=EDGE_LOOP('',(#859,#860,#861,#862));
#206=EDGE_LOOP('',(#863,#864,#865,#866,#867,#868,#869));
#207=EDGE_LOOP('',(#870,#871,#872,#873));
#208=EDGE_LOOP('',(#874,#875,#876,#877));
#209=EDGE_LOOP('',(#878,#879,#880,#881,#882,#883,#884,#885,#886,#887));
#210=EDGE_LOOP('',(#888));
#211=EDGE_LOOP('',(#889,#890,#891,#892));
#212=EDGE_LOOP('',(#893,#894,#895,#896,#897,#898,#899,#900,#901,#902));
#213=EDGE_LOOP('',(#903,#904,#905,#906));
#214=EDGE_LOOP('',(#907,#908,#909,#910));
#215=EDGE_LOOP('',(#911,#912,#913,#914));
#216=EDGE_LOOP('',(#915,#916,#917,#918));
#217=EDGE_LOOP('',(#919,#920,#921,#922));
#218=EDGE_LOOP('',(#923,#924,#925,#926));
#219=EDGE_LOOP('',(#927,#928,#929,#930));
#220=EDGE_LOOP('',(#931,#932,#933,#934));
#221=EDGE_LOOP('',(#935,#936,#937,#938,#939,#940,#941,#942));
#222=EDGE_LOOP('',(#943,#944,#945,#946));
#223=EDGE_LOOP('',(#947,#948,#949,#950));
#224=EDGE_LOOP('',(#951,#952,#953,#954,#955,#956,#957));
#225=EDGE_LOOP('',(#958));
#226=EDGE_LOOP('',(#959,#960,#961,#962));
#227=EDGE_LOOP('',(#963,#964,#965,#966));
#228=EDGE_LOOP('',(#967,#968,#969,#970));
#229=EDGE_LOOP('',(#971,#972,#973,#974));
#230=EDGE_LOOP('',(#975,#976,#977,#978));
#231=EDGE_LOOP('',(#979,#980,#981,#982));
#232=EDGE_LOOP('',(#983,#984,#985,#986));
#233=EDGE_LOOP('',(#987,#988,#989,#990));
#234=EDGE_LOOP('',(#991,#992,#993,#994));
#235=EDGE_LOOP('',(#995,#996,#997,#998));
#236=EDGE_LOOP('',(#999,#1000,#1001,#1002,#1003));
#237=EDGE_LOOP('',(#1004,#1005,#1006,#1007,#1008));
#238=EDGE_LOOP('',(#1009,#1010,#1011,#1012,#1013,#1014,#1015,#1016));
#239=EDGE_LOOP('',(#1017,#1018,#1019,#1020));
#240=EDGE_LOOP('',(#1021,#1022,#1023,#1024));
#241=EDGE_LOOP('',(#1025,#1026,#1027,#1028,#1029,#1030));
#242=EDGE_LOOP('',(#1031,#1032,#1033,#1034,#1035,#1036,#1037,#1038,#1039,
#1040,#1041,#1042));
#243=EDGE_LOOP('',(#1043,#1044,#1045,#1046,#1047,#1048,#1049,#1050,#1051,
#1052));
#244=EDGE_LOOP('',(#1053,#1054,#1055,#1056,#1057));
#245=EDGE_LOOP('',(#1058,#1059,#1060));
#246=EDGE_LOOP('',(#1061,#1062,#1063,#1064,#1065,#1066,#1067,#1068,#1069,
#1070,#1071));
#247=EDGE_LOOP('',(#1072,#1073,#1074,#1075,#1076,#1077,#1078));
#248=EDGE_LOOP('',(#1079,#1080,#1081,#1082,#1083));
#249=EDGE_LOOP('',(#1084,#1085,#1086,#1087,#1088));
#250=EDGE_LOOP('',(#1089,#1090,#1091,#1092,#1093,#1094));
#251=EDGE_LOOP('',(#1095,#1096,#1097,#1098,#1099,#1100));
#252=EDGE_LOOP('',(#1101,#1102,#1103,#1104,#1105));
#253=EDGE_LOOP('',(#1106,#1107,#1108,#1109,#1110));
#254=EDGE_LOOP('',(#1111,#1112,#1113,#1114,#1115));
#255=EDGE_LOOP('',(#1116,#1117,#1118,#1119,#1120,#1121,#1122,#1123,#1124,
#1125));
#256=EDGE_LOOP('',(#1126,#1127,#1128));
#257=EDGE_LOOP('',(#1129,#1130,#1131,#1132,#1133,#1134,#1135));
#258=EDGE_LOOP('',(#1136,#1137,#1138,#1139,#1140));
#259=EDGE_LOOP('',(#1141,#1142,#1143,#1144,#1145,#1146));
#260=EDGE_LOOP('',(#1147,#1148,#1149,#1150,#1151));
#261=EDGE_LOOP('',(#1152,#1153,#1154,#1155));
#262=EDGE_LOOP('',(#1156,#1157,#1158));
#263=EDGE_LOOP('',(#1159,#1160,#1161));
#264=EDGE_LOOP('',(#1162,#1163,#1164,#1165));
#265=EDGE_LOOP('',(#1166,#1167));
#266=EDGE_LOOP('',(#1168,#1169,#1170,#1171));
#267=EDGE_LOOP('',(#1172,#1173,#1174,#1175,#1176));
#268=EDGE_LOOP('',(#1177,#1178,#1179,#1180,#1181));
#269=EDGE_LOOP('',(#1182,#1183,#1184,#1185));
#270=EDGE_LOOP('',(#1186,#1187,#1188,#1189,#1190));
#271=B_SPLINE_CURVE_WITH_KNOTS('',3,(#1681,#1682,#1683,#1684,#1685,#1686,
#1687,#1688,#1689,#1690,#1691,#1692),.UNSPECIFIED.,.F.,.F.,(4,1,1,1,1,1,
1,1,1,4),(-59.4792925894789,-58.4175558586533,-57.3554184794051,-56.2932811001568,
-55.2311437209086,-54.1690063416603,-53.1068689624121,-52.0447315831639,
-50.9825942039156,-50.9812634494316),.UNSPECIFIED.);
#272=B_SPLINE_CURVE_WITH_KNOTS('',3,(#1694,#1695,#1696,#1697,#1698,#1699,
#1700,#1701),.UNSPECIFIED.,.F.,.F.,(4,1,1,2,4),(-0.134739779137093,-0.132718129275647,
-0.0663590646378237,0.,0.00032458392578548),.UNSPECIFIED.);
#273=B_SPLINE_CURVE_WITH_KNOTS('',3,(#1702,#1703,#1704,#1705,#1706,#1707,
#1708,#1709,#1710,#1711,#1712,#1713,#1714,#1715,#1716,#1717,#1718),
 .UNSPECIFIED.,.F.,.F.,(4,1,1,1,1,1,1,1,1,1,1,1,1,1,4),(-17.7048096210442,
-17.6838468932512,-16.9764930175212,-16.2691391417911,-15.9154622039261,
-15.5617852660611,-14.854431390331,-14.147077514601,-13.4397236388709,-12.7323697631409,
-12.0250158874108,-11.3176620116808,-10.3745235107074,-9.43138500973398,
-9.07173067375758),.UNSPECIFIED.);
#274=B_SPLINE_CURVE_WITH_KNOTS('',3,(#1723,#1724,#1725,#1726,#1727,#1728,
#1729,#1730,#1731,#1732,#1733,#1734,#1735,#1736,#1737,#1738),
 .UNSPECIFIED.,.F.,.F.,(4,1,1,1,1,1,1,1,1,1,1,1,1,4),(-50.9812634494316,
-50.0384720890283,-49.094349974141,-48.1502278592536,-47.4421362730882,
-46.7340446869227,-46.0259531007572,-45.3178615145917,-44.6097699284262,
-43.9016783422607,-43.1935867560952,-42.4854951699297,-41.7774035837642,
-41.7118240513711),.UNSPECIFIED.);
#275=B_SPLINE_CURVE_WITH_KNOTS('',3,(#1739,#1740,#1741,#1742,#1743,#1744,
#1745,#1746,#1747,#1748,#1749,#1750,#1751,#1752,#1753),.UNSPECIFIED.,.F.,
 .F.,(4,1,1,1,1,1,1,1,1,1,1,1,4),(-26.9741790133713,-26.4078780272552,-25.4647395262818,
-24.5216010253084,-23.578462524335,-22.6353240233616,-21.9279701476315,
-21.2206162719015,-20.5132623961714,-19.8059085204414,-19.0985546447113,
-18.3912007689813,-17.7048113949264),.UNSPECIFIED.);
#276=B_SPLINE_CURVE_WITH_KNOTS('',3,(#1758,#1759,#1760,#1761,#1762,#1763,
#1764,#1765,#1766,#1767,#1768,#1769,#1770,#1771,#1772),.UNSPECIFIED.,.F.,
 .F.,(4,1,1,1,1,1,1,1,1,1,1,1,4),(-41.7118240513711,-41.0693119975987,-40.3612204114332,
-39.6531288252677,-38.9450372391022,-38.2369456529367,-37.5288540667712,
-36.8207624806057,-35.8766403657184,-34.9325182508311,-33.9883961359438,
-33.0442740210564,-32.4425647475972),.UNSPECIFIED.);
#277=B_SPLINE_CURVE_WITH_KNOTS('',3,(#1773,#1774,#1775,#1776,#1777,#1778,
#1779,#1780,#1781,#1782,#1783,#1784,#1785,#1786,#1787,#1788),
 .UNSPECIFIED.,.F.,.F.,(4,1,1,1,1,1,1,1,1,1,1,1,1,4),(-36.2436432808954,
-36.0750476622325,-35.3676937865024,-34.6603399107724,-33.9529860350423,
-33.2456321593123,-32.5382782835822,-31.8309244078522,-31.1235705321221,
-30.1804320311488,-29.2372935301754,-28.294155029202,-27.3510165282286,
-26.974225868341),.UNSPECIFIED.);
#278=B_SPLINE_CURVE_WITH_KNOTS('',3,(#1793,#1794,#1795,#1796,#1797,#1798,
#1799,#1800,#1801,#1802,#1803,#1804,#1805,#1806,#1807,#1808,#1809),
 .UNSPECIFIED.,.F.,.F.,(4,1,1,1,1,1,1,1,1,1,1,1,1,1,4),(-32.4425647475972,
-32.1001519061691,-31.1560297912818,-30.4479382051163,-29.7398466189508,
-29.0317550327853,-28.3236634466198,-27.6155718604543,-26.9074802742888,
-26.1993886881233,-25.4912971019578,-24.7832055157923,-24.0751139296268,
-23.3670223434613,-23.1729963344482),.UNSPECIFIED.);
#279=B_SPLINE_CURVE_WITH_KNOTS('',3,(#1810,#1811,#1812,#1813,#1814,#1815,
#1816,#1817,#1818,#1819,#1820,#1821,#1822,#1823,#1824,#1825),
 .UNSPECIFIED.,.F.,.F.,(4,1,1,1,1,1,1,1,1,1,1,1,1,4),(-45.5130592699184,
-45.2706480467231,-44.5632941709931,-43.855940295263,-43.148586419533,-42.4412325438029,
-41.7338786680729,-41.0265247923428,-40.3191709166128,-39.6118170408827,
-38.6686785399093,-37.7255400389359,-36.7824015379625,-36.2436432808954),
 .UNSPECIFIED.);
#280=B_SPLINE_CURVE_WITH_KNOTS('',3,(#1830,#1831,#1832,#1833,#1834,#1835,
#1836,#1837,#1838,#1839,#1840,#1841,#1842,#1843,#1844,#1845),
 .UNSPECIFIED.,.F.,.F.,(4,1,1,1,1,1,1,1,1,1,1,1,1,4),(-23.1729963344482,
-22.6589307572958,-21.7148086424085,-20.7706865275212,-19.8265644126339,
-19.1184728264684,-18.4103812403029,-17.7022896541374,-16.9941980679719,
-16.2861064818064,-15.5780148956409,-14.8699233094754,-14.1618317233099,
-13.9035821743163),.UNSPECIFIED.);
#281=B_SPLINE_CURVE_WITH_KNOTS('',3,(#1846,#1847,#1848,#1849,#1850,#1851,
#1852,#1853,#1854,#1855,#1856,#1857,#1858,#1859,#1860),.UNSPECIFIED.,.F.,
 .F.,(4,1,1,1,1,1,1,1,1,1,1,1,4),(-54.7822884931393,-54.1125714933487,-53.0515406797537,
-51.9905098661586,-50.9294790525635,-50.2221251768335,-49.5147713011034,
-48.8074174253734,-48.1000635496433,-47.3927096739133,-46.6853557981832,
-45.9780019224532,-45.5130771775009),.UNSPECIFIED.);
#282=B_SPLINE_CURVE_WITH_KNOTS('',3,(#1865,#1866,#1867,#1868,#1869,#1870,
#1871,#1872,#1873,#1874,#1875,#1876,#1877,#1878,#1879),.UNSPECIFIED.,.F.,
 .F.,(4,1,1,1,1,1,1,1,1,1,1,1,4),(-13.9035821743163,-13.4537401371444,-12.7456485509789,
-12.0375569648134,-11.3294653786479,-10.6213737924824,-9.91328220631693,
-9.20519062015143,-8.49709903398594,-7.4349616547377,-6.37282427548945,
-5.31068689624121,-4.63437859543596),.UNSPECIFIED.);
#283=B_SPLINE_CURVE_WITH_KNOTS('',3,(#1881,#1882,#1883,#1884,#1885,#1886,
#1887,#1888),.UNSPECIFIED.,.F.,.F.,(4,1,1,1,1,4),(-59.4177255613241,-58.356694747729,
-57.295663934134,-56.2346331205389,-55.1736023069438,-54.7822884931393),
 .UNSPECIFIED.);
#284=B_SPLINE_CURVE_WITH_KNOTS('',3,(#1889,#1890,#1891,#1892,#1893,#1894,
#1895,#1896),.UNSPECIFIED.,.F.,.F.,(4,1,1,1,1,4),(-4.63437814961088,-4.24854952477912,
-3.18641214358434,-2.12427476238956,-1.06213738119478,-9.19205523648095E-17),
 .UNSPECIFIED.);
#285=B_SPLINE_CURVE_WITH_KNOTS('',3,(#1902,#1903,#1904,#1905,#1906,#1907,
#1908,#1909),.UNSPECIFIED.,.F.,.F.,(4,1,1,1,1,4),(-59.4177255613246,-58.3566947477295,
-57.2956639341345,-56.2346331205394,-55.1736023069443,-54.7823148701307),
 .UNSPECIFIED.);
#286=B_SPLINE_CURVE_WITH_KNOTS('',3,(#1910,#1911,#1912,#1913,#1914,#1915,
#1916,#1917),.UNSPECIFIED.,.F.,.F.,(4,1,1,1,1,4),(-4.63437859543596,-4.24854951699297,
-3.18641213774473,-2.12427475849648,-1.06213737924824,-7.03234574905499E-17),
 .UNSPECIFIED.);
#287=B_SPLINE_CURVE_WITH_KNOTS('',3,(#1918,#1919,#1920,#1921,#1922,#1923,
#1924,#1925,#1926,#1927,#1928,#1929,#1930,#1931,#1932),.UNSPECIFIED.,.F.,
 .F.,(4,1,1,1,1,1,1,1,1,1,1,1,4),(-13.9038587166456,-13.8077859555321,-12.7456485743373,
-12.0375569868742,-11.329465399411,-10.6213738119478,-9.9132822244846,-9.20519063702142,
-8.49709904955823,-7.43496166836345,-6.37282428716867,-5.3106869059739,
-4.63437814961088),.UNSPECIFIED.);
#288=B_SPLINE_CURVE_WITH_KNOTS('',3,(#1937,#1938,#1939,#1940,#1941,#1942,
#1943,#1944,#1945,#1946,#1947,#1948,#1949,#1950,#1951,#1952),
 .UNSPECIFIED.,.F.,.F.,(4,1,1,1,1,1,1,1,1,1,1,1,1,4),(-54.7823148701307,
-54.1125714933492,-53.0515406797541,-51.990509866159,-50.9294790525639,
-50.2221251768339,-49.5147713011038,-48.8074174253738,-48.1000635496437,
-47.1569250486703,-46.6853557981836,-46.1548403913861,-45.6243249845885,
-45.5130868027332),.UNSPECIFIED.);
#289=B_SPLINE_CURVE_WITH_KNOTS('',3,(#1953,#1954,#1955,#1956,#1957,#1958,
#1959,#1960,#1961,#1962,#1963,#1964,#1965,#1966,#1967,#1968),
 .UNSPECIFIED.,.F.,.F.,(4,1,1,1,1,1,1,1,1,1,1,1,1,4),(-23.1729983880458,
-22.658930798822,-21.7148086822044,-20.7706865655868,-19.8265644489692,
-19.118472861506,-18.4103812740428,-17.7022896865796,-16.9941980991165,
-15.9320607179217,-15.4009920273243,-15.1354576820256,-14.8699233367269,
-13.9038587166456),.UNSPECIFIED.);
#290=B_SPLINE_CURVE_WITH_KNOTS('',3,(#1973,#1974,#1975,#1976,#1977,#1978,
#1979,#1980,#1981,#1982,#1983,#1984,#1985,#1986),.UNSPECIFIED.,.F.,.F.,
(4,1,1,1,1,1,1,1,1,1,1,4),(-45.5130868027332,-44.5632941709935,-43.5022633573984,
-42.4412325438033,-41.7338786680732,-41.0265247923432,-40.3191709166131,
-39.6118170408831,-38.6686785399097,-37.7255400389363,-36.7824015379629,
-36.2437005837481),.UNSPECIFIED.);
#291=B_SPLINE_CURVE_WITH_KNOTS('',3,(#1987,#1988,#1989,#1990,#1991,#1992,
#1993,#1994,#1995,#1996,#1997,#1998,#1999,#2000,#2001,#2002,#2003),
 .UNSPECIFIED.,.F.,.F.,(4,1,1,1,1,1,1,1,1,1,1,1,1,1,4),(-32.4426152860192,
-32.1001519649978,-31.1560298483802,-30.447938260917,-29.7398466734538,
-28.7957245568362,-28.3236634985274,-27.6155719110643,-26.9074803236011,
-26.1993887361379,-25.4912971486747,-24.7832055612115,-24.0751139737483,
-23.3670223862851,-23.1729983880458),.UNSPECIFIED.);
#292=B_SPLINE_CURVE_WITH_KNOTS('',3,(#2008,#2009,#2010,#2011,#2012,#2013,
#2014,#2015,#2016,#2017,#2018,#2019,#2020,#2021,#2022,#2023,#2024),
 .UNSPECIFIED.,.F.,.F.,(4,1,1,1,1,1,1,1,1,1,1,1,1,1,4),(-36.2436670357444,
-36.0750476622328,-35.3676937865027,-34.6603399107727,-33.9529860350426,
-33.2456321593126,-32.5382782835825,-31.8309244078525,-31.1235705321224,
-30.180432031149,-29.7088627806623,-29.0015089049323,-28.2941550292022,
-27.3510165282288,-26.974255577719),.UNSPECIFIED.);
#293=B_SPLINE_CURVE_WITH_KNOTS('',3,(#2025,#2026,#2027,#2028,#2029,#2030,
#2031,#2032,#2033,#2034,#2035,#2036,#2037,#2038),.UNSPECIFIED.,.F.,.F.,
(4,1,1,1,1,1,1,1,1,1,1,4),(-41.7118083386395,-41.0693120728648,-40.3612204854016,
-39.6531288979384,-38.7090067813208,-37.7648846647033,-36.8207625480857,
-35.8766404314681,-34.9325183148505,-33.9883961982329,-33.0442740816153,
-32.4426152860192),.UNSPECIFIED.);
#294=B_SPLINE_CURVE_WITH_KNOTS('',3,(#2044,#2045,#2046,#2047,#2048,#2049,
#2050,#2051,#2052,#2053,#2054,#2055,#2056),.UNSPECIFIED.,.F.,.F.,(4,1,1,
1,1,1,1,1,1,1,4),(-59.4792925898283,-58.4175559657128,-57.3554185845181,
-56.2932812033233,-55.2311438221285,-54.1690064409337,-53.6379377503363,
-53.1068690597389,-52.0447316785442,-50.9825942973494,-50.9812879692319),
 .UNSPECIFIED.);
#295=B_SPLINE_CURVE_WITH_KNOTS('',3,(#2058,#2059,#2060,#2061,#2062,#2063),
 .UNSPECIFIED.,.F.,.F.,(4,2,4),(-0.13472916592982,0.,0.000324587015279848),
 .UNSPECIFIED.);
#296=B_SPLINE_CURVE_WITH_KNOTS('',3,(#2064,#2065,#2066,#2067,#2068,#2069,
#2070,#2071,#2072,#2073,#2074,#2075,#2076,#2077,#2078,#2079),
 .UNSPECIFIED.,.F.,.F.,(4,1,1,1,1,1,1,1,1,1,1,1,1,4),(-17.7048446758266,
-17.6838468932514,-16.9764930175213,-16.2691391417913,-15.5617852660612,
-14.8544313903312,-14.1470775146011,-13.439723638871,-12.732369763141,-12.0250158874109,
-11.3176620116809,-10.3745235107075,-9.43138500973406,-9.07178394903925),
 .UNSPECIFIED.);
#297=B_SPLINE_CURVE_WITH_KNOTS('',3,(#2111,#2112,#2113,#2114,#2115,#2116),
 .UNSPECIFIED.,.F.,.F.,(4,2,4),(0.57286205325633,0.665583306359814,0.760700418564751),
 .UNSPECIFIED.);
#298=B_SPLINE_CURVE_WITH_KNOTS('',3,(#2118,#2119,#2120,#2121,#2122,#2123,
#2124,#2125,#2126,#2127),.UNSPECIFIED.,.F.,.F.,(4,2,2,2,4),(0.660723886021983,
0.719242524892803,0.777761163763623,0.867464820976558,0.87665332468513),
 .UNSPECIFIED.);
#299=B_SPLINE_CURVE_WITH_KNOTS('',3,(#2129,#2130,#2131,#2132,#2133,#2134,
#2135,#2136,#2137,#2138),.UNSPECIFIED.,.F.,.F.,(4,2,2,2,4),(0.982453882048857,
0.991642385757429,1.08134604297036,1.13986468184118,1.198383320712),
 .UNSPECIFIED.);
#300=B_SPLINE_CURVE_WITH_KNOTS('',3,(#2139,#2140,#2141,#2142,#2143,#2144),
 .UNSPECIFIED.,.F.,.F.,(4,2,4),(0.760700418564751,0.855817530769689,0.948538783873173),
 .UNSPECIFIED.);
#301=B_SPLINE_CURVE_WITH_KNOTS('',3,(#2184,#2185,#2186,#2187,#2188,#2189,
#2190,#2191,#2192,#2193,#2194,#2195,#2196,#2197,#2198,#2199),
 .UNSPECIFIED.,.F.,.F.,(4,2,2,2,2,2,2,4),(0.,0.0293926411540076,0.0590762206925035,
0.0888642400601114,0.117951802742752,0.145989505027028,0.167394933497724,
0.185956283238119),.UNSPECIFIED.);
#302=B_SPLINE_CURVE_WITH_KNOTS('',3,(#2280,#2281,#2282,#2283,#2284,#2285,
#2286,#2287,#2288,#2289,#2290,#2291,#2292,#2293,#2294,#2295),
 .UNSPECIFIED.,.F.,.F.,(4,2,2,2,2,2,2,4),(-0.185956283238113,-0.167394933497721,
-0.145989505027028,-0.117951802742752,-0.0888642400601106,-0.0590762206925033,
-0.0293926411540074,0.),.UNSPECIFIED.);
#303=B_SPLINE_CURVE_WITH_KNOTS('',3,(#2298,#2299,#2300,#2301,#2302,#2303,
#2304,#2305,#2306,#2307,#2308,#2309,#2310,#2311,#2312,#2313),
 .UNSPECIFIED.,.F.,.F.,(4,2,2,2,2,2,2,4),(0.,0.0293926411540074,0.0590762206925033,
0.0888642400601106,0.117951802742752,0.145989505027028,0.167394933497721,
0.185956283238113),.UNSPECIFIED.);
#304=B_SPLINE_CURVE_WITH_KNOTS('',3,(#2353,#2354,#2355,#2356),
 .UNSPECIFIED.,.F.,.F.,(4,4),(0.504789711542667,0.524668714300566),
 .UNSPECIFIED.);
#305=B_SPLINE_CURVE_WITH_KNOTS('',3,(#2360,#2361,#2362,#2363),
 .UNSPECIFIED.,.F.,.F.,(4,4),(0.663632376275733,0.770885911594265),
 .UNSPECIFIED.);
#306=B_SPLINE_CURVE_WITH_KNOTS('',3,(#2364,#2365,#2366,#2367,#2368),
 .UNSPECIFIED.,.F.,.F.,(4,1,4),(1.08400940239155,1.39626340159546,2.0943951023932),
 .UNSPECIFIED.);
#307=B_SPLINE_CURVE_WITH_KNOTS('',3,(#2410,#2411,#2412,#2413),
 .UNSPECIFIED.,.F.,.F.,(4,4),(-0.770885911594265,-0.663632376275733),
 .UNSPECIFIED.);
#308=B_SPLINE_CURVE_WITH_KNOTS('',3,(#2414,#2415,#2416,#2417,#2418,#2419,
#2420,#2421,#2422,#2423),.UNSPECIFIED.,.F.,.F.,(4,1,1,1,1,1,1,4),(-1.,-0.857142857142857,
-0.714285714285714,-0.571428571428571,-0.428571428571429,-0.285714285714286,
-0.142857142857143,0.),.UNSPECIFIED.);
#309=B_SPLINE_CURVE_WITH_KNOTS('',3,(#2509,#2510,#2511,#2512,#2513,#2514,
#2515,#2516,#2517,#2518,#2519,#2520,#2521,#2522,#2523,#2524),
 .UNSPECIFIED.,.F.,.F.,(4,2,2,2,2,2,2,4),(-0.185956283238119,-0.167394933497724,
-0.145989505027028,-0.117951802742752,-0.0888642400601114,-0.0590762206925035,
-0.0293926411540076,0.),.UNSPECIFIED.);
#310=B_SPLINE_CURVE_WITH_KNOTS('',3,(#2545,#2546,#2547,#2548,#2549,#2550,
#2551,#2552,#2553,#2554,#2555,#2556),.UNSPECIFIED.,.F.,.F.,(4,2,2,2,2,4),
(0.122184732509221,0.132005372453939,0.154805191425754,0.170316286203624,
0.184718078671099,0.189319055311614),.UNSPECIFIED.);
#311=B_SPLINE_CURVE_WITH_KNOTS('',3,(#2560,#2561,#2562,#2563),
 .UNSPECIFIED.,.F.,.F.,(4,4),(0.,0.0198790027585217),.UNSPECIFIED.);
#312=B_SPLINE_CURVE_WITH_KNOTS('',3,(#2571,#2572,#2573,#2574,#2575,#2576),
 .UNSPECIFIED.,.F.,.F.,(4,1,1,4),(0.663590646377973,0.979928753011936,1.2962668596459,
1.77077401959684),.UNSPECIFIED.);
#313=B_SPLINE_CURVE_WITH_KNOTS('',3,(#2577,#2578,#2579,#2580,#2581),
 .UNSPECIFIED.,.F.,.F.,(4,1,4),(1.08400940239147,1.39626340159546,2.0943951023932),
 .UNSPECIFIED.);
#314=B_SPLINE_CURVE_WITH_KNOTS('',3,(#2643,#2644,#2645,#2646,#2647,#2648),
 .UNSPECIFIED.,.F.,.F.,(4,1,1,4),(-1.77077401959684,-1.2962668596459,-0.979928753011936,
-0.663590646377973),.UNSPECIFIED.);
#315=B_SPLINE_CURVE_WITH_KNOTS('',3,(#2649,#2650,#2651,#2652,#2653,#2654,
#2655,#2656,#2657,#2658,#2659,#2660,#2661,#2662),.UNSPECIFIED.,.F.,.F.,
(4,1,1,1,1,1,1,1,1,1,1,4),(-1.,-0.857142857142857,-0.714285714285714,-0.678571428571428,
-0.642857142857143,-0.571428571428571,-0.428571428571429,-0.321428571428571,
-0.285714285714286,-0.142857142857143,-0.0714285714285714,0.),
 .UNSPECIFIED.);
#316=B_SPLINE_CURVE_WITH_KNOTS('',3,(#2916,#2917,#2918,#2919,#2920,#2921,
#2922,#2923,#2924,#2925,#2926,#2927,#2928,#2929,#2930,#2931,#2932,#2933,
#2934,#2935,#2936,#2937,#2938,#2939,#2940,#2941,#2942,#2943,#2944,#2945,
#2946,#2947,#2948,#2949,#2950,#2951,#2952),.UNSPECIFIED.,.F.,.F.,(4,3,3,
3,3,3,3,3,3,3,3,3,4),(-0.00235299148292834,0.,0.02270194566029,0.0319284574987455,
0.0710211906836078,0.0998764449181791,0.145184608522544,0.159535242855105,
0.205161428668921,0.220231117871323,0.282656450768521,0.342321532741551,
0.346301970449934),.UNSPECIFIED.);
#317=B_SPLINE_CURVE_WITH_KNOTS('',3,(#2954,#2955,#2956,#2957,#2958,#2959,
#2960,#2961,#2962,#2963,#2964,#2965,#2966,#2967,#2968,#2969,#2970,#2971,
#2972,#2973,#2974,#2975,#2976,#2977,#2978,#2979,#2980,#2981,#2982,#2983,
#2984,#2985,#2986,#2987,#2988,#2989,#2990),.UNSPECIFIED.,.F.,.F.,(4,3,3,
3,3,3,3,3,3,3,3,3,4),(0.,0.0714285980638604,0.142857207759986,0.285714337804665,
0.321428579053147,0.428571141646953,0.571427370805438,0.599610174856543,
0.64285537267188,0.678569596429298,0.714283956238453,0.857142158324899,
1.00000014651636),.UNSPECIFIED.);
#318=B_SPLINE_CURVE_WITH_KNOTS('',3,(#2991,#2992,#2993,#2994,#2995,#2996,
#2997,#2998,#2999,#3000,#3001,#3002,#3003,#3004,#3005,#3006),
 .UNSPECIFIED.,.F.,.F.,(4,1,1,1,1,1,1,1,1,1,1,1,1,4),(0.000216741066606574,
0.0663590646378237,0.132718129275647,0.265436258551295,0.298615790870207,
0.398154387826942,0.431333920145854,0.464513452464766,0.497692984783678,
0.53087251710259,0.564052049421501,0.597231581740413,0.630411114059325,
0.663590646378237),.UNSPECIFIED.);
#319=B_SPLINE_CURVE_WITH_KNOTS('',3,(#3007,#3008,#3009,#3010,#3011,#3012,
#3013,#3014,#3015),.UNSPECIFIED.,.F.,.F.,(4,1,1,1,1,1,4),(-0.663590646378237,
-0.630411114059325,-0.597231581740413,-0.564052049421501,-0.53087251710259,
-0.497692984783678,-0.475659293710851),.UNSPECIFIED.);
#320=B_SPLINE_CURVE_WITH_KNOTS('',3,(#3393,#3394,#3395,#3396,#3397,#3398,
#3399,#3400),.UNSPECIFIED.,.F.,.F.,(4,2,2,4),(-0.214001902119115,-0.060847731700883,
0.,0.0017523716382306),.UNSPECIFIED.);
#321=B_SPLINE_CURVE_WITH_KNOTS('',3,(#3402,#3403,#3404,#3405,#3406,#3407,
#3408,#3409,#3410,#3411,#3412,#3413,#3414),.UNSPECIFIED.,.F.,.F.,(4,1,1,
1,1,1,1,1,1,1,4),(-8.72753625296509,-8.48824650876066,-7.95773110196312,
-7.42721569516558,-6.36618488157049,-5.30515406797541,-4.24412325438033,
-3.18309244078525,-2.12206162719016,-1.06103081359508,0.),.UNSPECIFIED.);
#322=B_SPLINE_CURVE_WITH_KNOTS('',3,(#3418,#3419,#3420,#3421,#3422,#3423,
#3424,#3425,#3426,#3427,#3428,#3429,#3430,#3431,#3432,#3433,#3434,#3435,
#3436,#3437,#3438,#3439,#3440,#3441,#3442,#3443,#3444,#3445,#3446,#3447,
#3448,#3449,#3450,#3451,#3452,#3453,#3454,#3455,#3456,#3457,#3458,#3459,
#3460,#3461,#3462,#3463,#3464,#3465,#3466,#3467,#3468,#3469,#3470,#3471,
#3472,#3473,#3474,#3475,#3476,#3477,#3478,#3479,#3480,#3481,#3482,#3483,
#3484,#3485,#3486,#3487,#3488,#3489,#3490,#3491,#3492),.UNSPECIFIED.,.F.,
 .F.,(4,1,1,1,1,1,1,1,1,1,1,1,1,1,1,1,1,1,1,1,1,1,1,1,1,1,1,1,1,1,1,1,1,
1,1,1,1,1,1,1,1,1,1,1,1,1,1,1,1,1,1,1,1,1,1,1,1,1,1,1,1,1,1,1,1,1,1,1,1,
1,1,1,4),(0.,1.06103081359508,2.12206162719016,3.18309244078525,4.24412325438033,
5.30515406797541,6.36618488157049,7.42721569516558,7.95773110196312,8.48824650876066,
9.43138500973406,10.3745235107075,11.3176620116809,12.0250158874109,12.732369763141,
13.439723638871,14.1470775146011,14.8544313903312,15.5617852660612,16.2691391417913,
16.9764930175213,17.6838468932514,18.3912007689814,19.0985546447115,19.8059085204415,
20.7490470214149,21.6921855223883,22.6353240233618,23.5784625243352,24.5216010253086,
25.464739526282,25.9363087767687,26.4078780272554,27.3510165282288,28.2941550292022,
29.0015089049323,29.7088627806623,30.180432031149,31.1235705321224,31.8309244078525,
32.5382782835825,33.2456321593126,33.9529860350426,34.6603399107727,35.3676937865027,
36.0750476622328,36.7824015379629,37.7255400389363,38.6686785399097,39.6118170408831,
40.3191709166131,41.0265247923432,41.7338786680732,42.4412325438033,43.5022633573984,
44.5632941709935,45.6243249845885,46.1548403913861,46.6853557981836,47.1569250486703,
48.1000635496437,48.8074174253738,49.5147713011038,50.2221251768339,50.9294790525639,
51.990509866159,53.0515406797541,54.1125714933492,55.1736023069443,56.2346331205394,
57.2956639341345,58.3566947477295,59.4177255613246),.UNSPECIFIED.);
#323=B_SPLINE_CURVE_WITH_KNOTS('',3,(#3494,#3495,#3496,#3497,#3498,#3499,
#3500,#3501,#3502,#3503,#3504,#3505,#3506,#3507,#3508),.UNSPECIFIED.,.F.,
 .F.,(4,1,1,1,1,1,1,1,1,1,1,1,4),(-26.9741203865659,-26.4078780272554,-25.9363087767687,
-25.464739526282,-24.5216010253086,-23.5784625243352,-22.6353240233618,
-21.6921855223883,-20.7490470214149,-19.8059085204415,-19.0985546447115,
-18.3912007689814,-17.7048766285131),.UNSPECIFIED.);
#324=B_SPLINE_CURVE_WITH_KNOTS('',3,(#3509,#3510,#3511,#3512,#3513,#3514,
#3515,#3516),.UNSPECIFIED.,.F.,.F.,(4,2,2,4),(-0.348587555855158,-0.345016263779709,
-0.221202415784414,-0.216528443160937),.UNSPECIFIED.);
#325=B_SPLINE_CURVE_WITH_KNOTS('',3,(#3892,#3893,#3894,#3895,#3896,#3897,
#3898,#3899,#3900,#3901,#3902,#3903,#3904,#3905,#3906,#3907,#3908,#3909,
#3910,#3911,#3912,#3913,#3914,#3915,#3916,#3917,#3918,#3919,#3920,#3921,
#3922,#3923,#3924,#3925,#3926,#3927,#3928,#3929,#3930,#3931,#3932,#3933,
#3934,#3935,#3936,#3937,#3938,#3939,#3940,#3941,#3942,#3943,#3944,#3945,
#3946,#3947,#3948,#3949,#3950,#3951,#3952,#3953,#3954,#3955,#3956,#3957,
#3958,#3959,#3960,#3961,#3962,#3963,#3964,#3965,#3966),.UNSPECIFIED.,.F.,
 .F.,(4,1,1,1,1,1,1,1,1,1,1,1,1,1,1,1,1,1,1,1,1,1,1,1,1,1,1,1,1,1,1,1,1,
1,1,1,1,1,1,1,1,1,1,1,1,1,1,1,1,1,1,1,1,1,1,1,1,1,1,1,1,1,1,1,1,1,1,1,1,
1,1,1,4),(7.03234574905499E-17,1.06213737924824,2.12427475849648,3.18641213774473,
4.24854951699297,5.31068689624121,6.37282427548945,7.4349616547377,8.49709903398594,
9.20519062015143,9.91328220631693,10.6213737924824,11.3294653786479,12.0375569648134,
12.7456485509789,13.4537401371444,14.1618317233099,14.8699233094754,15.5780148956409,
16.2861064818064,16.9941980679719,17.7022896541374,18.4103812403029,19.1184728264684,
19.8265644126339,20.7706865275212,21.7148086424085,22.6589307572958,23.3670223434613,
24.0751139296268,24.7832055157923,25.4912971019578,26.1993886881233,26.9074802742888,
27.6155718604543,28.3236634466198,29.0317550327853,29.7398466189508,30.4479382051163,
31.1560297912818,32.1001519061691,33.0442740210564,33.9883961359438,34.9325182508311,
35.8766403657184,36.8207624806057,37.5288540667712,38.2369456529367,38.9450372391022,
39.6531288252677,40.3612204114332,41.0693119975987,41.7774035837642,42.4854951699297,
43.1935867560952,43.9016783422607,44.6097699284262,45.3178615145917,46.0259531007572,
46.7340446869227,47.4421362730882,48.1502278592536,49.094349974141,50.0384720890283,
50.9825942039156,52.0447315831639,53.1068689624121,54.1690063416603,55.2311437209086,
56.2932811001568,57.3554184794051,58.4175558586533,59.4787525603001),
 .UNSPECIFIED.);
#326=B_SPLINE_CURVE_WITH_KNOTS('',3,(#3988,#3989,#3990,#3991),
 .UNSPECIFIED.,.F.,.F.,(4,4),(-0.0610896412434539,-4.4410725469003E-14),
 .UNSPECIFIED.);
#327=B_SPLINE_CURVE_WITH_KNOTS('',3,(#3993,#3994,#3995,#3996),
 .UNSPECIFIED.,.F.,.F.,(4,4),(4.4410725469003E-14,0.0605476909866096),
 .UNSPECIFIED.);
#328=B_SPLINE_CURVE_WITH_KNOTS('',3,(#3998,#3999,#4000,#4001,#4002,#4003,
#4004,#4005,#4006,#4007,#4008,#4009,#4010,#4011,#4012,#4013,#4014,#4015,
#4016,#4017,#4018,#4019,#4020,#4021,#4022,#4023,#4024,#4025,#4026,#4027,
#4028),.UNSPECIFIED.,.F.,.F.,(4,3,3,3,3,3,3,3,3,3,4),(-0.0322018251862652,
-0.0320527666470745,-0.0273517943178489,-0.0257924694423825,-0.0210536960122098,
-0.0195311047489441,-0.0147906614290458,-0.0137669925018726,-0.009764786298939,
-0.0048823931494695,0.),.UNSPECIFIED.);
#329=B_SPLINE_CURVE_WITH_KNOTS('',3,(#4029,#4030,#4031,#4032),
 .UNSPECIFIED.,.F.,.F.,(4,4),(0.186025596102413,0.186248736291471),
 .UNSPECIFIED.);
#330=B_SPLINE_CURVE_WITH_KNOTS('',3,(#4093,#4094,#4095,#4096,#4097,#4098,
#4099,#4100,#4101,#4102,#4103,#4104),.UNSPECIFIED.,.F.,.F.,(4,1,1,1,1,1,
1,2,4),(0.000538682577713409,0.357620960421652,0.447025486408702,0.536430012395752,
0.625834538382803,0.715239064369853,0.804643590356903,0.894048116343953,
0.896526336556955),.UNSPECIFIED.);
#331=B_SPLINE_CURVE_WITH_KNOTS('',3,(#4105,#4106,#4107,#4108,#4109,#4110,
#4111,#4112,#4113,#4114,#4115,#4116),.UNSPECIFIED.,.F.,.F.,(4,2,1,1,1,1,
1,1,4),(-0.896526336556955,-0.894048116343953,-0.804643590356903,-0.715239064369853,
-0.625834538382803,-0.536430012395752,-0.447025486408702,-0.357620960421652,
-2.85647345174468E-6),.UNSPECIFIED.);
#332=B_SPLINE_CURVE_WITH_KNOTS('',3,(#4493,#4494,#4495,#4496,#4497,#4498,
#4499,#4500,#4501,#4502,#4503,#4504),.UNSPECIFIED.,.F.,.F.,(4,1,1,1,1,1,
1,1,1,4),(-8.72745555959627,-8.48824650876059,-7.42721569516551,-6.36618488157044,
-5.30515406797537,-4.24412325438029,-3.18309244078522,-2.12206162719015,
-1.06103081359507,0.),.UNSPECIFIED.);
#333=B_SPLINE_CURVE_WITH_KNOTS('',3,(#4508,#4509,#4510,#4511,#4512,#4513,
#4514,#4515,#4516,#4517,#4518,#4519,#4520,#4521,#4522,#4523,#4524,#4525,
#4526,#4527,#4528,#4529,#4530,#4531,#4532,#4533,#4534,#4535,#4536,#4537,
#4538,#4539,#4540,#4541,#4542,#4543,#4544,#4545,#4546,#4547,#4548,#4549,
#4550,#4551,#4552,#4553,#4554,#4555,#4556,#4557,#4558,#4559,#4560,#4561,
#4562,#4563,#4564,#4565,#4566,#4567,#4568,#4569,#4570,#4571,#4572,#4573,
#4574,#4575,#4576,#4577,#4578,#4579,#4580,#4581,#4582),.UNSPECIFIED.,.F.,
 .F.,(4,1,1,1,1,1,1,1,1,1,1,1,1,1,1,1,1,1,1,1,1,1,1,1,1,1,1,1,1,1,1,1,1,
1,1,1,1,1,1,1,1,1,1,1,1,1,1,1,1,1,1,1,1,1,1,1,1,1,1,1,1,1,1,1,1,1,1,1,1,
1,1,1,4),(0.,1.06103081359507,2.12206162719015,3.18309244078522,4.24412325438029,
5.30515406797537,6.36618488157044,7.42721569516551,8.48824650876059,9.43138500973398,
10.3745235107074,11.3176620116808,12.0250158874108,12.7323697631409,13.4397236388709,
14.147077514601,14.854431390331,15.5617852660611,15.9154622039261,16.2691391417911,
16.9764930175212,17.6838468932512,18.3912007689813,19.0985546447113,19.8059085204414,
20.5132623961714,21.2206162719015,21.9279701476315,22.6353240233616,23.578462524335,
24.5216010253084,25.4647395262818,26.4078780272552,27.3510165282286,28.294155029202,
29.2372935301754,30.1804320311488,31.1235705321221,31.8309244078522,32.5382782835822,
33.2456321593123,33.9529860350423,34.6603399107724,35.3676937865024,36.0750476622325,
36.7824015379625,37.7255400389359,38.6686785399093,39.6118170408827,40.3191709166128,
41.0265247923428,41.7338786680729,42.4412325438029,43.148586419533,43.855940295263,
44.5632941709931,45.2706480467231,45.9780019224532,46.6853557981832,47.3927096739133,
48.1000635496433,48.8074174253734,49.5147713011034,50.2221251768335,50.9294790525635,
51.9905098661586,53.0515406797537,54.1125714933487,55.1736023069438,56.2346331205389,
57.295663934134,58.356694747729,59.4177255613241),.UNSPECIFIED.);
#334=B_SPLINE_CURVE_WITH_KNOTS('',3,(#4655,#4656,#4657,#4658),
 .UNSPECIFIED.,.F.,.F.,(4,4),(0.186061503280828,0.186284824135313),
 .UNSPECIFIED.);
#335=B_SPLINE_CURVE_WITH_KNOTS('',3,(#4659,#4660,#4661,#4662,#4663,#4664,
#4665,#4666,#4667,#4668,#4669,#4670),.UNSPECIFIED.,.F.,.F.,(4,2,1,1,1,1,
1,1,4),(-0.896530232484826,-0.893927141984674,-0.715142284882427,-0.670446070606866,
-0.536357427780181,-0.446964999229058,-0.357572570677935,-0.178787713575688,
-2.85647344197471E-6),.UNSPECIFIED.);
#336=B_SPLINE_CURVE_WITH_KNOTS('',3,(#4671,#4672,#4673,#4674,#4675,#4676,
#4677,#4678,#4679,#4680,#4681,#4682,#4683,#4684,#4685),.UNSPECIFIED.,.F.,
 .F.,(4,2,1,1,1,1,1,1,1,2,4),(-0.874626357651621,-0.868699875378827,-0.694959900303062,
-0.521219925227296,-0.434349937689414,-0.390914943920472,-0.347479950151531,
-0.260609962613648,-0.173739975075765,0.,0.00366282880301099),
 .UNSPECIFIED.);
#337=B_SPLINE_CURVE_WITH_KNOTS('',3,(#4688,#4689,#4690,#4691,#4692,#4693,
#4694,#4695),.UNSPECIFIED.,.F.,.F.,(4,1,1,1,1,4),(-0.663632376275983,-0.63498124890729,
-0.606330121538597,-0.54902786680121,-0.491725612063824,-0.475402185495532),
 .UNSPECIFIED.);
#338=B_SPLINE_CURVE_WITH_KNOTS('',3,(#5294,#5295,#5296,#5297),
 .UNSPECIFIED.,.F.,.F.,(4,4),(-0.0610896412436792,0.),.UNSPECIFIED.);
#339=B_SPLINE_CURVE_WITH_KNOTS('',3,(#5897,#5898,#5899,#5900,#5901,#5902,
#5903,#5904,#5905,#5906,#5907,#5908,#5909,#5910,#5911,#5912,#5913,#5914,
#5915,#5916,#5917,#5918,#5919,#5920,#5921,#5922,#5923,#5924,#5925,#5926,
#5927,#5928,#5929,#5930,#5931,#5932,#5933,#5934,#5935,#5936,#5937,#5938,
#5939,#5940,#5941,#5942,#5943,#5944,#5945,#5946,#5947,#5948,#5949,#5950,
#5951,#5952,#5953,#5954,#5955,#5956,#5957,#5958,#5959,#5960,#5961,#5962,
#5963,#5964,#5965,#5966,#5967,#5968,#5969,#5970),.UNSPECIFIED.,.F.,.F.,
(4,1,1,1,1,1,1,1,1,1,1,1,1,1,1,1,1,1,1,1,1,1,1,1,1,1,1,1,1,1,1,1,1,1,1,
1,1,1,1,1,1,1,1,1,1,1,1,1,1,1,1,1,1,1,1,1,1,1,1,1,1,1,1,1,1,1,1,1,1,1,1,
4),(9.19205523648095E-17,1.06213738119478,2.12427476238956,3.18641214358434,
4.24854952477912,5.3106869059739,6.37282428716867,7.43496166836345,8.49709904955823,
9.20519063702142,9.9132822244846,10.6213738119478,11.329465399411,12.0375569868742,
12.7456485743373,13.8077859555321,14.8699233367269,15.1354576820256,15.4009920273243,
15.9320607179217,16.9941980991165,17.7022896865796,18.4103812740428,19.118472861506,
19.8265644489692,20.7706865655868,21.7148086822044,22.658930798822,23.3670223862851,
24.0751139737483,24.7832055612115,25.4912971486747,26.1993887361379,26.9074803236011,
27.6155719110643,28.3236634985274,28.7957245568362,29.7398466734538,30.447938260917,
31.1560298483802,32.1001519649978,33.0442740816153,33.9883961982329,34.9325183148505,
35.8766404314681,36.8207625480857,37.7648846647033,38.7090067813208,39.6531288979384,
40.3612204854016,41.0693120728648,41.777403660328,42.4854952477912,43.1935868352543,
43.9016784227175,44.6097700101807,45.3178615976439,46.2619837142615,47.2061058308791,
48.1502279474966,49.0943500641142,50.0384721807318,50.9825942973494,52.0447316785442,
53.1068690597389,53.6379377503363,54.1690064409337,55.2311438221285,56.2932812033233,
57.3554185845181,58.4175559657128,59.4787525603347),.UNSPECIFIED.);
#340=B_SPLINE_CURVE_WITH_KNOTS('',3,(#6072,#6073,#6074,#6075,#6076,#6077,
#6078,#6079,#6080,#6081),.UNSPECIFIED.,.F.,.F.,(4,1,1,1,1,1,1,4),(0.0777089635999954,
0.142857142857143,0.285714285714286,0.428571428571429,0.571428571428571,
0.714285714285714,0.857142857142857,1.),.UNSPECIFIED.);
#341=B_SPLINE_CURVE_WITH_KNOTS('',3,(#6082,#6083,#6084,#6085,#6086,#6087,
#6088,#6089,#6090,#6091),.UNSPECIFIED.,.F.,.F.,(4,1,1,1,1,1,1,4),(0.262516593114278,
0.377121102589051,0.434423357326437,0.491725612063824,0.54902786680121,
0.606330121538597,0.63498124890729,0.663632376275983),.UNSPECIFIED.);
#342=B_SPLINE_CURVE_WITH_KNOTS('',3,(#6128,#6129,#6130,#6131,#6132,#6133,
#6134,#6135,#6136,#6137,#6138,#6139,#6140,#6141,#6142,#6143,#6144,#6145,
#6146,#6147,#6148,#6149,#6150,#6151,#6152,#6153,#6154,#6155),
 .UNSPECIFIED.,.F.,.F.,(4,3,3,3,3,3,3,3,3,4),(0.,0.250375243964412,0.285897915751159,
0.493573919167875,0.571322164979441,0.599609391838532,0.600317062010714,
0.769707836798986,0.950576116197208,1.00000014651953),.UNSPECIFIED.);
#343=B_SPLINE_CURVE_WITH_KNOTS('',3,(#6156,#6157,#6158,#6159),
 .UNSPECIFIED.,.F.,.F.,(4,4),(0.000216785457876022,0.262516593114278),
 .UNSPECIFIED.);
#344=B_SPLINE_CURVE_WITH_KNOTS('',3,(#6181,#6182,#6183,#6184),
 .UNSPECIFIED.,.F.,.F.,(4,4),(0.,0.0605476909867824),.UNSPECIFIED.);
#345=B_SPLINE_CURVE_WITH_KNOTS('',3,(#6185,#6186,#6187,#6188,#6189,#6190,
#6191,#6192,#6193,#6194,#6195,#6196,#6197,#6198,#6199,#6200,#6201,#6202,
#6203,#6204,#6205,#6206,#6207,#6208,#6209,#6210,#6211,#6212,#6213,#6214,
#6215),.UNSPECIFIED.,.F.,.F.,(4,3,3,3,3,3,3,3,3,3,4),(-0.0322018251862502,
-0.032052766647061,-0.0273517943739097,-0.0257924694423812,-0.0210536960121553,
-0.0195311047489506,-0.0147906614290457,-0.0137669925018686,-0.00976478629894061,
-0.00488239314947031,0.),.UNSPECIFIED.);
#346=B_SPLINE_CURVE_WITH_KNOTS('',3,(#6586,#6587,#6588,#6589,#6590,#6591,
#6592,#6593,#6594,#6595,#6596,#6597,#6598,#6599,#6600),.UNSPECIFIED.,.F.,
 .F.,(4,1,1,1,1,1,1,1,1,1,1,1,4),(-50.9812879692319,-50.0384721807318,-49.0943500641142,
-48.1502279474966,-47.2061058308791,-46.2619837142615,-45.3178615976439,
-44.6097700101807,-43.9016784227175,-43.1935868352543,-42.4854952477912,
-41.777403660328,-41.7118083386395),.UNSPECIFIED.);
#347=B_SPLINE_CURVE_WITH_KNOTS('',3,(#6661,#6662,#6663,#6664,#6665,#6666,
#6667,#6668,#6669,#6670,#6671,#6672),.UNSPECIFIED.,.F.,.F.,(4,1,1,1,1,1,
1,2,4),(0.000538675737839358,0.178787713575688,0.357572570677935,0.446964999229058,
0.536357427780181,0.670446070606866,0.715142284882427,0.893927141984674,
0.896530232484826),.UNSPECIFIED.);
#348=B_SPLINE_CURVE_WITH_KNOTS('',3,(#6716,#6717,#6718,#6719,#6720,#6721,
#6722,#6723,#6724,#6725),.UNSPECIFIED.,.F.,.F.,(4,1,1,1,1,2,4),(-0.398180503176653,
-0.318544402541322,-0.278726352223657,-0.159272201270661,-0.0796361006353306,
0.,0.00308570127914453),.UNSPECIFIED.);
#349=B_SPLINE_CURVE_WITH_KNOTS('',3,(#6726,#6727,#6728,#6729,#6730,#6731),
 .UNSPECIFIED.,.F.,.F.,(4,1,1,4),(0.538206018466661,0.698131700797732,1.39626340159546,
1.62149330197889),.UNSPECIFIED.);
#350=B_SPLINE_CURVE_WITH_KNOTS('',3,(#6735,#6736,#6737,#6738,#6739,#6740,
#6741,#6742,#6743,#6744,#6745,#6746),.UNSPECIFIED.,.F.,.F.,(4,2,2,2,2,4),
(0.0605092980700771,0.067755014366218,0.0752336017184964,0.0844784579532812,
0.101723529820171,0.102948518116624),.UNSPECIFIED.);
#351=B_SPLINE_CURVE_WITH_KNOTS('',3,(#6802,#6803,#6804,#6805,#6806,#6807,
#6808,#6809,#6810,#6811),.UNSPECIFIED.,.F.,.F.,(4,1,1,1,1,2,4),(0.,0.0948531173452908,
0.189706234690582,0.284559352035873,0.379412469381163,0.474265586726454,
0.476789246936794),.UNSPECIFIED.);
#352=B_SPLINE_CURVE_WITH_KNOTS('',3,(#6812,#6813,#6814,#6815,#6816,#6817,
#6818,#6819,#6820,#6821),.UNSPECIFIED.,.F.,.F.,(4,2,1,1,1,1,4),(-0.476789246936794,
-0.474265586726454,-0.379412469381163,-0.284559352035873,-0.189706234690582,
-0.0948531173452908,0.),.UNSPECIFIED.);
#353=B_SPLINE_CURVE_WITH_KNOTS('',3,(#6872,#6873,#6874,#6875,#6876,#6877,
#6878,#6879,#6880,#6881),.UNSPECIFIED.,.F.,.F.,(4,2,1,1,1,1,4),(-0.00308570127914453,
0.,0.0796361006353306,0.159272201270661,0.278726352223657,0.318544402541322,
0.398180503176653),.UNSPECIFIED.);
#354=B_SPLINE_CURVE_WITH_KNOTS('',3,(#6987,#6988,#6989,#6990,#6991,#6992,
#6993,#6994,#6995,#6996,#6997,#6998,#6999,#7000,#7001),.UNSPECIFIED.,.F.,
 .F.,(4,2,1,1,1,1,1,1,1,2,4),(-0.00366282880301099,0.,0.173739975075765,
0.260609962613648,0.347479950151531,0.390914943920472,0.434349937689414,
0.521219925227296,0.694959900303062,0.868699875378827,0.874626357651621),
 .UNSPECIFIED.);
#355=LINE('',#1679,#422);
#356=LINE('',#1722,#423);
#357=LINE('',#1757,#424);
#358=LINE('',#1792,#425);
#359=LINE('',#1829,#426);
#360=LINE('',#1864,#427);
#361=LINE('',#1900,#428);
#362=LINE('',#1936,#429);
#363=LINE('',#1972,#430);
#364=LINE('',#2007,#431);
#365=LINE('',#2042,#432);
#366=LINE('',#2083,#433);
#367=LINE('',#2085,#434);
#368=LINE('',#2087,#435);
#369=LINE('',#2088,#436);
#370=LINE('',#2093,#437);
#371=LINE('',#2098,#438);
#372=LINE('',#2099,#439);
#373=LINE('',#2100,#440);
#374=LINE('',#2103,#441);
#375=LINE('',#2105,#442);
#376=LINE('',#2106,#443);
#377=LINE('',#2109,#444);
#378=LINE('',#2147,#445);
#379=LINE('',#2148,#446);
#380=LINE('',#2153,#447);
#381=LINE('',#2162,#448);
#382=LINE('',#2169,#449);
#383=LINE('',#2178,#450);
#384=LINE('',#2203,#451);
#385=LINE('',#2209,#452);
#386=LINE('',#2213,#453);
#387=LINE('',#2297,#454);
#388=LINE('',#2317,#455);
#389=LINE('',#2323,#456);
#390=LINE('',#2324,#457);
#391=LINE('',#2325,#458);
#392=LINE('',#2330,#459);
#393=LINE('',#2335,#460);
#394=LINE('',#2336,#461);
#395=LINE('',#2337,#462);
#396=LINE('',#2343,#463);
#397=LINE('',#2345,#464);
#398=LINE('',#2347,#465);
#399=LINE('',#2349,#466);
#400=LINE('',#2351,#467);
#401=LINE('',#2357,#468);
#402=LINE('',#2430,#469);
#403=LINE('',#2433,#470);
#404=LINE('',#2435,#471);
#405=LINE('',#2438,#472);
#406=LINE('',#2442,#473);
#407=LINE('',#2525,#474);
#408=LINE('',#2528,#475);
#409=LINE('',#2532,#476);
#410=LINE('',#2533,#477);
#411=LINE('',#2537,#478);
#412=LINE('',#2541,#479);
#413=LINE('',#2544,#480);
#414=LINE('',#2559,#481);
#415=LINE('',#2565,#482);
#416=LINE('',#2567,#483);
#417=LINE('',#2568,#484);
#418=LINE('',#4687,#485);
#419=LINE('',#4697,#486);
#420=LINE('',#6748,#487);
#421=LINE('',#7003,#488);
#422=VECTOR('',#1412,15.);
#423=VECTOR('',#1415,15.);
#424=VECTOR('',#1418,15.);
#425=VECTOR('',#1421,15.);
#426=VECTOR('',#1424,15.);
#427=VECTOR('',#1427,15.);
#428=VECTOR('',#1430,15.);
#429=VECTOR('',#1433,15.);
#430=VECTOR('',#1436,15.);
#431=VECTOR('',#1439,15.);
#432=VECTOR('',#1442,15.);
#433=VECTOR('',#1445,10.);
#434=VECTOR('',#1446,10.);
#435=VECTOR('',#1447,10.);
#436=VECTOR('',#1448,10.);
#437=VECTOR('',#1453,10.);
#438=VECTOR('',#1458,10.);
#439=VECTOR('',#1459,10.);
#440=VECTOR('',#1460,10.);
#441=VECTOR('',#1463,10.);
#442=VECTOR('',#1464,10.);
#443=VECTOR('',#1465,10.);
#444=VECTOR('',#1468,10.);
#445=VECTOR('',#1471,10.);
#446=VECTOR('',#1472,10.);
#447=VECTOR('',#1477,2.875);
#448=VECTOR('',#1488,10.);
#449=VECTOR('',#1497,2.625);
#450=VECTOR('',#1506,10.);
#451=VECTOR('',#1513,10.);
#452=VECTOR('',#1520,10.);
#453=VECTOR('',#1523,10.);
#454=VECTOR('',#1526,10.);
#455=VECTOR('',#1529,10.);
#456=VECTOR('',#1536,10.);
#457=VECTOR('',#1537,10.);
#458=VECTOR('',#1538,10.);
#459=VECTOR('',#1543,10.);
#460=VECTOR('',#1548,10.);
#461=VECTOR('',#1549,10.);
#462=VECTOR('',#1550,10.);
#463=VECTOR('',#1559,10.);
#464=VECTOR('',#1560,10.);
#465=VECTOR('',#1561,10.);
#466=VECTOR('',#1562,10.);
#467=VECTOR('',#1563,10.);
#468=VECTOR('',#1564,10.);
#469=VECTOR('',#1575,10.);
#470=VECTOR('',#1580,10.);
#471=VECTOR('',#1583,10.);
#472=VECTOR('',#1586,10.);
#473=VECTOR('',#1591,10.);
#474=VECTOR('',#1594,10.);
#475=VECTOR('',#1597,10.);
#476=VECTOR('',#1602,10.);
#477=VECTOR('',#1603,10.);
#478=VECTOR('',#1608,10.);
#479=VECTOR('',#1615,10.);
#480=VECTOR('',#1618,10.);
#481=VECTOR('',#1621,10.);
#482=VECTOR('',#1622,10.);
#483=VECTOR('',#1623,10.);
#484=VECTOR('',#1624,10.);
#485=VECTOR('',#1641,10.);
#486=VECTOR('',#1644,10.);
#487=VECTOR('',#1659,10.);
#488=VECTOR('',#1666,3.875);
#489=VERTEX_POINT('',#1677);
#490=VERTEX_POINT('',#1678);
#491=VERTEX_POINT('',#1680);
#492=VERTEX_POINT('',#1693);
#493=VERTEX_POINT('',#1720);
#494=VERTEX_POINT('',#1721);
#495=VERTEX_POINT('',#1755);
#496=VERTEX_POINT('',#1756);
#497=VERTEX_POINT('',#1790);
#498=VERTEX_POINT('',#1791);
#499=VERTEX_POINT('',#1827);
#500=VERTEX_POINT('',#1828);
#501=VERTEX_POINT('',#1862);
#502=VERTEX_POINT('',#1863);
#503=VERTEX_POINT('',#1880);
#504=VERTEX_POINT('',#1898);
#505=VERTEX_POINT('',#1899);
#506=VERTEX_POINT('',#1901);
#507=VERTEX_POINT('',#1934);
#508=VERTEX_POINT('',#1935);
#509=VERTEX_POINT('',#1970);
#510=VERTEX_POINT('',#1971);
#511=VERTEX_POINT('',#2005);
#512=VERTEX_POINT('',#2006);
#513=VERTEX_POINT('',#2040);
#514=VERTEX_POINT('',#2041);
#515=VERTEX_POINT('',#2043);
#516=VERTEX_POINT('',#2057);
#517=VERTEX_POINT('',#2081);
#518=VERTEX_POINT('',#2082);
#519=VERTEX_POINT('',#2084);
#520=VERTEX_POINT('',#2086);
#521=VERTEX_POINT('',#2090);
#522=VERTEX_POINT('',#2092);
#523=VERTEX_POINT('',#2096);
#524=VERTEX_POINT('',#2097);
#525=VERTEX_POINT('',#2102);
#526=VERTEX_POINT('',#2104);
#527=VERTEX_POINT('',#2108);
#528=VERTEX_POINT('',#2110);
#529=VERTEX_POINT('',#2117);
#530=VERTEX_POINT('',#2128);
#531=VERTEX_POINT('',#2146);
#532=VERTEX_POINT('',#2150);
#533=VERTEX_POINT('',#2152);
#534=VERTEX_POINT('',#2156);
#535=VERTEX_POINT('',#2157);
#536=VERTEX_POINT('',#2159);
#537=VERTEX_POINT('',#2163);
#538=VERTEX_POINT('',#2167);
#539=VERTEX_POINT('',#2171);
#540=VERTEX_POINT('',#2173);
#541=VERTEX_POINT('',#2175);
#542=VERTEX_POINT('',#2177);
#543=VERTEX_POINT('',#2179);
#544=VERTEX_POINT('',#2181);
#545=VERTEX_POINT('',#2183);
#546=VERTEX_POINT('',#2200);
#547=VERTEX_POINT('',#2202);
#548=VERTEX_POINT('',#2207);
#549=VERTEX_POINT('',#2208);
#550=VERTEX_POINT('',#2210);
#551=VERTEX_POINT('',#2212);
#552=VERTEX_POINT('',#2279);
#553=VERTEX_POINT('',#2296);
#554=VERTEX_POINT('',#2315);
#555=VERTEX_POINT('',#2316);
#556=VERTEX_POINT('',#2321);
#557=VERTEX_POINT('',#2322);
#558=VERTEX_POINT('',#2327);
#559=VERTEX_POINT('',#2329);
#560=VERTEX_POINT('',#2333);
#561=VERTEX_POINT('',#2334);
#562=VERTEX_POINT('',#2342);
#563=VERTEX_POINT('',#2344);
#564=VERTEX_POINT('',#2346);
#565=VERTEX_POINT('',#2348);
#566=VERTEX_POINT('',#2350);
#567=VERTEX_POINT('',#2352);
#568=VERTEX_POINT('',#2359);
#569=VERTEX_POINT('',#2409);
#570=VERTEX_POINT('',#2425);
#571=VERTEX_POINT('',#2428);
#572=VERTEX_POINT('',#2437);
#573=VERTEX_POINT('',#2441);
#574=VERTEX_POINT('',#2508);
#575=VERTEX_POINT('',#2527);
#576=VERTEX_POINT('',#2531);
#577=VERTEX_POINT('',#2535);
#578=VERTEX_POINT('',#2543);
#579=VERTEX_POINT('',#2558);
#580=VERTEX_POINT('',#2564);
#581=VERTEX_POINT('',#2566);
#582=VERTEX_POINT('',#2570);
#583=VERTEX_POINT('',#2642);
#584=VERTEX_POINT('',#2915);
#585=VERTEX_POINT('',#2953);
#586=VERTEX_POINT('',#3391);
#587=VERTEX_POINT('',#3392);
#588=VERTEX_POINT('',#3401);
#589=VERTEX_POINT('',#3415);
#590=VERTEX_POINT('',#3417);
#591=VERTEX_POINT('',#3987);
#592=VERTEX_POINT('',#3992);
#593=VERTEX_POINT('',#3997);
#594=VERTEX_POINT('',#4492);
#595=VERTEX_POINT('',#4505);
#596=VERTEX_POINT('',#4507);
#597=VERTEX_POINT('',#4650);
#598=VERTEX_POINT('',#4652);
#599=VERTEX_POINT('',#4654);
#600=VERTEX_POINT('',#5893);
#601=VERTEX_POINT('',#5895);
#602=VERTEX_POINT('',#6071);
#603=VERTEX_POINT('',#6180);
#604=VERTEX_POINT('',#6715);
#605=VERTEX_POINT('',#6800);
#606=EDGE_CURVE('',#489,#490,#355,.T.);
#607=EDGE_CURVE('',#491,#490,#271,.T.);
#608=EDGE_CURVE('',#492,#491,#272,.T.);
#609=EDGE_CURVE('',#489,#492,#273,.T.);
#610=EDGE_CURVE('',#493,#494,#356,.T.);
#611=EDGE_CURVE('',#490,#494,#274,.T.);
#612=EDGE_CURVE('',#493,#489,#275,.T.);
#613=EDGE_CURVE('',#495,#496,#357,.T.);
#614=EDGE_CURVE('',#494,#496,#276,.T.);
#615=EDGE_CURVE('',#495,#493,#277,.T.);
#616=EDGE_CURVE('',#497,#498,#358,.T.);
#617=EDGE_CURVE('',#496,#498,#278,.T.);
#618=EDGE_CURVE('',#497,#495,#279,.T.);
#619=EDGE_CURVE('',#499,#500,#359,.T.);
#620=EDGE_CURVE('',#498,#500,#280,.T.);
#621=EDGE_CURVE('',#499,#497,#281,.T.);
#622=EDGE_CURVE('',#501,#502,#360,.T.);
#623=EDGE_CURVE('',#500,#502,#282,.T.);
#624=EDGE_CURVE('',#503,#499,#283,.T.);
#625=EDGE_CURVE('',#501,#503,#284,.T.);
#626=EDGE_CURVE('',#504,#505,#361,.T.);
#627=EDGE_CURVE('',#506,#505,#285,.T.);
#628=EDGE_CURVE('',#502,#506,#286,.T.);
#629=EDGE_CURVE('',#504,#501,#287,.T.);
#630=EDGE_CURVE('',#507,#508,#362,.T.);
#631=EDGE_CURVE('',#505,#508,#288,.T.);
#632=EDGE_CURVE('',#507,#504,#289,.T.);
#633=EDGE_CURVE('',#509,#510,#363,.T.);
#634=EDGE_CURVE('',#508,#510,#290,.T.);
#635=EDGE_CURVE('',#509,#507,#291,.T.);
#636=EDGE_CURVE('',#511,#512,#364,.T.);
#637=EDGE_CURVE('',#510,#512,#292,.T.);
#638=EDGE_CURVE('',#511,#509,#293,.T.);
#639=EDGE_CURVE('',#513,#514,#365,.T.);
#640=EDGE_CURVE('',#515,#513,#294,.T.);
#641=EDGE_CURVE('',#516,#515,#295,.T.);
#642=EDGE_CURVE('',#514,#516,#296,.T.);
#643=EDGE_CURVE('',#517,#518,#366,.F.);
#644=EDGE_CURVE('',#518,#519,#367,.T.);
#645=EDGE_CURVE('',#519,#520,#368,.T.);
#646=EDGE_CURVE('',#520,#517,#369,.T.);
#647=EDGE_CURVE('',#519,#521,#41,.T.);
#648=EDGE_CURVE('',#521,#522,#370,.T.);
#649=EDGE_CURVE('',#522,#520,#42,.T.);
#650=EDGE_CURVE('',#523,#524,#371,.F.);
#651=EDGE_CURVE('',#524,#522,#372,.T.);
#652=EDGE_CURVE('',#521,#523,#373,.T.);
#653=EDGE_CURVE('',#525,#521,#374,.T.);
#654=EDGE_CURVE('',#526,#525,#375,.T.);
#655=EDGE_CURVE('',#523,#526,#376,.T.);
#656=EDGE_CURVE('',#519,#527,#377,.T.);
#657=EDGE_CURVE('',#528,#527,#297,.T.);
#658=EDGE_CURVE('',#529,#528,#298,.T.);
#659=EDGE_CURVE('',#529,#530,#299,.F.);
#660=EDGE_CURVE('',#530,#525,#300,.F.);
#661=EDGE_CURVE('',#531,#518,#378,.T.);
#662=EDGE_CURVE('',#527,#531,#379,.T.);
#663=EDGE_CURVE('',#532,#532,#43,.T.);
#664=EDGE_CURVE('',#532,#533,#380,.T.);
#665=EDGE_CURVE('',#533,#533,#44,.T.);
#666=EDGE_CURVE('',#534,#535,#45,.T.);
#667=EDGE_CURVE('',#536,#534,#46,.F.);
#668=EDGE_CURVE('',#531,#536,#47,.T.);
#669=EDGE_CURVE('',#517,#524,#381,.T.);
#670=EDGE_CURVE('',#537,#526,#48,.T.);
#671=EDGE_CURVE('',#535,#537,#49,.F.);
#672=EDGE_CURVE('',#538,#538,#50,.T.);
#673=EDGE_CURVE('',#538,#533,#382,.T.);
#674=EDGE_CURVE('',#529,#539,#51,.T.);
#675=EDGE_CURVE('',#540,#529,#52,.T.);
#676=EDGE_CURVE('',#541,#540,#53,.T.);
#677=EDGE_CURVE('',#542,#541,#383,.T.);
#678=EDGE_CURVE('',#543,#542,#54,.T.);
#679=EDGE_CURVE('',#544,#543,#55,.T.);
#680=EDGE_CURVE('',#545,#544,#301,.T.);
#681=EDGE_CURVE('',#546,#545,#56,.T.);
#682=EDGE_CURVE('',#547,#546,#384,.T.);
#683=EDGE_CURVE('',#539,#547,#57,.T.);
#684=EDGE_CURVE('',#548,#549,#385,.T.);
#685=EDGE_CURVE('',#549,#550,#58,.T.);
#686=EDGE_CURVE('',#550,#551,#386,.T.);
#687=EDGE_CURVE('',#551,#548,#59,.T.);
#688=EDGE_CURVE('',#548,#552,#302,.T.);
#689=EDGE_CURVE('',#552,#553,#387,.T.);
#690=EDGE_CURVE('',#553,#549,#303,.T.);
#691=EDGE_CURVE('',#554,#555,#388,.T.);
#692=EDGE_CURVE('',#555,#553,#60,.T.);
#693=EDGE_CURVE('',#552,#554,#61,.T.);
#694=EDGE_CURVE('',#556,#557,#389,.T.);
#695=EDGE_CURVE('',#557,#555,#390,.T.);
#696=EDGE_CURVE('',#554,#556,#391,.T.);
#697=EDGE_CURVE('',#556,#558,#62,.T.);
#698=EDGE_CURVE('',#558,#559,#392,.T.);
#699=EDGE_CURVE('',#559,#557,#63,.T.);
#700=EDGE_CURVE('',#560,#561,#393,.T.);
#701=EDGE_CURVE('',#561,#559,#394,.T.);
#702=EDGE_CURVE('',#558,#560,#395,.T.);
#703=EDGE_CURVE('',#550,#561,#64,.T.);
#704=EDGE_CURVE('',#560,#551,#65,.T.);
#705=EDGE_CURVE('',#562,#554,#396,.T.);
#706=EDGE_CURVE('',#563,#562,#397,.T.);
#707=EDGE_CURVE('',#564,#563,#398,.T.);
#708=EDGE_CURVE('',#565,#564,#399,.T.);
#709=EDGE_CURVE('',#566,#565,#400,.F.);
#710=EDGE_CURVE('',#567,#566,#304,.F.);
#711=EDGE_CURVE('',#556,#567,#401,.T.);
#712=EDGE_CURVE('',#568,#552,#305,.T.);
#713=EDGE_CURVE('',#568,#562,#306,.T.);
#714=EDGE_CURVE('',#548,#569,#307,.T.);
#715=EDGE_CURVE('',#568,#569,#308,.T.);
#716=EDGE_CURVE('',#570,#570,#66,.T.);
#717=EDGE_CURVE('',#528,#571,#67,.F.);
#718=EDGE_CURVE('',#571,#540,#402,.T.);
#719=EDGE_CURVE('',#571,#565,#68,.T.);
#720=EDGE_CURVE('',#565,#541,#403,.T.);
#721=EDGE_CURVE('',#564,#542,#404,.T.);
#722=EDGE_CURVE('',#572,#543,#405,.T.);
#723=EDGE_CURVE('',#564,#572,#69,.T.);
#724=EDGE_CURVE('',#573,#544,#406,.T.);
#725=EDGE_CURVE('',#572,#573,#70,.T.);
#726=EDGE_CURVE('',#573,#574,#309,.T.);
#727=EDGE_CURVE('',#574,#545,#407,.T.);
#728=EDGE_CURVE('',#575,#546,#408,.T.);
#729=EDGE_CURVE('',#574,#575,#71,.T.);
#730=EDGE_CURVE('',#576,#547,#409,.T.);
#731=EDGE_CURVE('',#575,#576,#410,.T.);
#732=EDGE_CURVE('',#576,#577,#72,.T.);
#733=EDGE_CURVE('',#577,#539,#411,.T.);
#734=EDGE_CURVE('',#577,#530,#73,.T.);
#735=EDGE_CURVE('',#537,#577,#412,.T.);
#736=EDGE_CURVE('',#576,#578,#413,.T.);
#737=EDGE_CURVE('',#535,#578,#310,.F.);
#738=EDGE_CURVE('',#579,#558,#414,.T.);
#739=EDGE_CURVE('',#579,#578,#311,.T.);
#740=EDGE_CURVE('',#575,#580,#415,.T.);
#741=EDGE_CURVE('',#580,#581,#416,.T.);
#742=EDGE_CURVE('',#581,#560,#417,.T.);
#743=EDGE_CURVE('',#582,#574,#312,.T.);
#744=EDGE_CURVE('',#582,#580,#313,.T.);
#745=EDGE_CURVE('',#573,#583,#314,.T.);
#746=EDGE_CURVE('',#582,#583,#315,.T.);
#747=EDGE_CURVE('',#584,#492,#316,.T.);
#748=EDGE_CURVE('',#491,#585,#317,.T.);
#749=EDGE_CURVE('',#585,#582,#318,.T.);
#750=EDGE_CURVE('',#583,#584,#319,.T.);
#751=EDGE_CURVE('',#586,#587,#320,.T.);
#752=EDGE_CURVE('',#587,#588,#321,.T.);
#753=EDGE_CURVE('',#588,#589,#74,.T.);
#754=EDGE_CURVE('',#589,#590,#322,.T.);
#755=EDGE_CURVE('',#590,#506,#75,.T.);
#756=EDGE_CURVE('',#512,#514,#323,.T.);
#757=EDGE_CURVE('',#516,#586,#324,.T.);
#758=EDGE_CURVE('',#590,#585,#325,.T.);
#759=EDGE_CURVE('',#591,#589,#326,.T.);
#760=EDGE_CURVE('',#588,#592,#327,.T.);
#761=EDGE_CURVE('',#592,#593,#328,.T.);
#762=EDGE_CURVE('',#593,#591,#329,.T.);
#763=EDGE_CURVE('',#592,#581,#330,.T.);
#764=EDGE_CURVE('',#581,#593,#331,.T.);
#765=EDGE_CURVE('',#584,#594,#332,.T.);
#766=EDGE_CURVE('',#595,#594,#76,.T.);
#767=EDGE_CURVE('',#595,#596,#333,.T.);
#768=EDGE_CURVE('',#596,#503,#77,.T.);
#769=EDGE_CURVE('',#597,#585,#78,.T.);
#770=EDGE_CURVE('',#598,#597,#79,.T.);
#771=EDGE_CURVE('',#599,#598,#334,.T.);
#772=EDGE_CURVE('',#563,#599,#335,.T.);
#773=EDGE_CURVE('',#580,#563,#336,.T.);
#774=EDGE_CURVE('',#551,#588,#418,.T.);
#775=EDGE_CURVE('',#569,#587,#337,.T.);
#776=EDGE_CURVE('',#572,#594,#419,.T.);
#777=EDGE_CURVE('',#596,#590,#80,.T.);
#778=EDGE_CURVE('',#598,#595,#338,.T.);
#779=EDGE_CURVE('',#591,#600,#81,.T.);
#780=EDGE_CURVE('',#600,#601,#82,.T.);
#781=EDGE_CURVE('',#596,#601,#339,.T.);
#782=EDGE_CURVE('',#586,#602,#340,.T.);
#783=EDGE_CURVE('',#602,#568,#341,.T.);
#784=EDGE_CURVE('',#515,#601,#342,.T.);
#785=EDGE_CURVE('',#601,#602,#343,.T.);
#786=EDGE_CURVE('',#594,#603,#344,.T.);
#787=EDGE_CURVE('',#603,#599,#345,.T.);
#788=EDGE_CURVE('',#513,#511,#346,.T.);
#789=EDGE_CURVE('',#603,#563,#347,.T.);
#790=EDGE_CURVE('',#604,#581,#348,.T.);
#791=EDGE_CURVE('',#602,#604,#349,.T.);
#792=EDGE_CURVE('',#579,#567,#83,.T.);
#793=EDGE_CURVE('',#534,#566,#350,.T.);
#794=EDGE_CURVE('',#571,#536,#420,.T.);
#795=EDGE_CURVE('',#604,#605,#84,.T.);
#796=EDGE_CURVE('',#605,#562,#351,.T.);
#797=EDGE_CURVE('',#562,#604,#352,.T.);
#798=EDGE_CURVE('',#581,#605,#353,.T.);
#799=EDGE_CURVE('',#563,#580,#354,.T.);
#800=EDGE_CURVE('',#570,#538,#421,.T.);
#801=ORIENTED_EDGE('',*,*,#606,.T.);
#802=ORIENTED_EDGE('',*,*,#607,.F.);
#803=ORIENTED_EDGE('',*,*,#608,.F.);
#804=ORIENTED_EDGE('',*,*,#609,.F.);
#805=ORIENTED_EDGE('',*,*,#610,.T.);
#806=ORIENTED_EDGE('',*,*,#611,.F.);
#807=ORIENTED_EDGE('',*,*,#606,.F.);
#808=ORIENTED_EDGE('',*,*,#612,.F.);
#809=ORIENTED_EDGE('',*,*,#613,.T.);
#810=ORIENTED_EDGE('',*,*,#614,.F.);
#811=ORIENTED_EDGE('',*,*,#610,.F.);
#812=ORIENTED_EDGE('',*,*,#615,.F.);
#813=ORIENTED_EDGE('',*,*,#616,.T.);
#814=ORIENTED_EDGE('',*,*,#617,.F.);
#815=ORIENTED_EDGE('',*,*,#613,.F.);
#816=ORIENTED_EDGE('',*,*,#618,.F.);
#817=ORIENTED_EDGE('',*,*,#619,.T.);
#818=ORIENTED_EDGE('',*,*,#620,.F.);
#819=ORIENTED_EDGE('',*,*,#616,.F.);
#820=ORIENTED_EDGE('',*,*,#621,.F.);
#821=ORIENTED_EDGE('',*,*,#622,.T.);
#822=ORIENTED_EDGE('',*,*,#623,.F.);
#823=ORIENTED_EDGE('',*,*,#619,.F.);
#824=ORIENTED_EDGE('',*,*,#624,.F.);
#825=ORIENTED_EDGE('',*,*,#625,.F.);
#826=ORIENTED_EDGE('',*,*,#626,.T.);
#827=ORIENTED_EDGE('',*,*,#627,.F.);
#828=ORIENTED_EDGE('',*,*,#628,.F.);
#829=ORIENTED_EDGE('',*,*,#622,.F.);
#830=ORIENTED_EDGE('',*,*,#629,.F.);
#831=ORIENTED_EDGE('',*,*,#630,.T.);
#832=ORIENTED_EDGE('',*,*,#631,.F.);
#833=ORIENTED_EDGE('',*,*,#626,.F.);
#834=ORIENTED_EDGE('',*,*,#632,.F.);
#835=ORIENTED_EDGE('',*,*,#633,.T.);
#836=ORIENTED_EDGE('',*,*,#634,.F.);
#837=ORIENTED_EDGE('',*,*,#630,.F.);
#838=ORIENTED_EDGE('',*,*,#635,.F.);
#839=ORIENTED_EDGE('',*,*,#636,.T.);
#840=ORIENTED_EDGE('',*,*,#637,.F.);
#841=ORIENTED_EDGE('',*,*,#633,.F.);
#842=ORIENTED_EDGE('',*,*,#638,.F.);
#843=ORIENTED_EDGE('',*,*,#639,.F.);
#844=ORIENTED_EDGE('',*,*,#640,.F.);
#845=ORIENTED_EDGE('',*,*,#641,.F.);
#846=ORIENTED_EDGE('',*,*,#642,.F.);
#847=ORIENTED_EDGE('',*,*,#643,.T.);
#848=ORIENTED_EDGE('',*,*,#644,.T.);
#849=ORIENTED_EDGE('',*,*,#645,.T.);
#850=ORIENTED_EDGE('',*,*,#646,.T.);
#851=ORIENTED_EDGE('',*,*,#645,.F.);
#852=ORIENTED_EDGE('',*,*,#647,.T.);
#853=ORIENTED_EDGE('',*,*,#648,.T.);
#854=ORIENTED_EDGE('',*,*,#649,.T.);
#855=ORIENTED_EDGE('',*,*,#650,.T.);
#856=ORIENTED_EDGE('',*,*,#651,.T.);
#857=ORIENTED_EDGE('',*,*,#648,.F.);
#858=ORIENTED_EDGE('',*,*,#652,.T.);
#859=ORIENTED_EDGE('',*,*,#652,.F.);
#860=ORIENTED_EDGE('',*,*,#653,.F.);
#861=ORIENTED_EDGE('',*,*,#654,.F.);
#862=ORIENTED_EDGE('',*,*,#655,.F.);
#863=ORIENTED_EDGE('',*,*,#647,.F.);
#864=ORIENTED_EDGE('',*,*,#656,.T.);
#865=ORIENTED_EDGE('',*,*,#657,.F.);
#866=ORIENTED_EDGE('',*,*,#658,.F.);
#867=ORIENTED_EDGE('',*,*,#659,.T.);
#868=ORIENTED_EDGE('',*,*,#660,.T.);
#869=ORIENTED_EDGE('',*,*,#653,.T.);
#870=ORIENTED_EDGE('',*,*,#644,.F.);
#871=ORIENTED_EDGE('',*,*,#661,.F.);
#872=ORIENTED_EDGE('',*,*,#662,.F.);
#873=ORIENTED_EDGE('',*,*,#656,.F.);
#874=ORIENTED_EDGE('',*,*,#663,.T.);
#875=ORIENTED_EDGE('',*,*,#664,.T.);
#876=ORIENTED_EDGE('',*,*,#665,.T.);
#877=ORIENTED_EDGE('',*,*,#664,.F.);
#878=ORIENTED_EDGE('',*,*,#666,.F.);
#879=ORIENTED_EDGE('',*,*,#667,.F.);
#880=ORIENTED_EDGE('',*,*,#668,.F.);
#881=ORIENTED_EDGE('',*,*,#661,.T.);
#882=ORIENTED_EDGE('',*,*,#643,.F.);
#883=ORIENTED_EDGE('',*,*,#669,.T.);
#884=ORIENTED_EDGE('',*,*,#650,.F.);
#885=ORIENTED_EDGE('',*,*,#655,.T.);
#886=ORIENTED_EDGE('',*,*,#670,.F.);
#887=ORIENTED_EDGE('',*,*,#671,.F.);
#888=ORIENTED_EDGE('',*,*,#663,.F.);
#889=ORIENTED_EDGE('',*,*,#672,.F.);
#890=ORIENTED_EDGE('',*,*,#673,.T.);
#891=ORIENTED_EDGE('',*,*,#665,.F.);
#892=ORIENTED_EDGE('',*,*,#673,.F.);
#893=ORIENTED_EDGE('',*,*,#674,.F.);
#894=ORIENTED_EDGE('',*,*,#675,.F.);
#895=ORIENTED_EDGE('',*,*,#676,.F.);
#896=ORIENTED_EDGE('',*,*,#677,.F.);
#897=ORIENTED_EDGE('',*,*,#678,.F.);
#898=ORIENTED_EDGE('',*,*,#679,.F.);
#899=ORIENTED_EDGE('',*,*,#680,.F.);
#900=ORIENTED_EDGE('',*,*,#681,.F.);
#901=ORIENTED_EDGE('',*,*,#682,.F.);
#902=ORIENTED_EDGE('',*,*,#683,.F.);
#903=ORIENTED_EDGE('',*,*,#651,.F.);
#904=ORIENTED_EDGE('',*,*,#669,.F.);
#905=ORIENTED_EDGE('',*,*,#646,.F.);
#906=ORIENTED_EDGE('',*,*,#649,.F.);
#907=ORIENTED_EDGE('',*,*,#684,.T.);
#908=ORIENTED_EDGE('',*,*,#685,.T.);
#909=ORIENTED_EDGE('',*,*,#686,.T.);
#910=ORIENTED_EDGE('',*,*,#687,.T.);
#911=ORIENTED_EDGE('',*,*,#684,.F.);
#912=ORIENTED_EDGE('',*,*,#688,.T.);
#913=ORIENTED_EDGE('',*,*,#689,.T.);
#914=ORIENTED_EDGE('',*,*,#690,.T.);
#915=ORIENTED_EDGE('',*,*,#691,.T.);
#916=ORIENTED_EDGE('',*,*,#692,.T.);
#917=ORIENTED_EDGE('',*,*,#689,.F.);
#918=ORIENTED_EDGE('',*,*,#693,.T.);
#919=ORIENTED_EDGE('',*,*,#694,.T.);
#920=ORIENTED_EDGE('',*,*,#695,.T.);
#921=ORIENTED_EDGE('',*,*,#691,.F.);
#922=ORIENTED_EDGE('',*,*,#696,.T.);
#923=ORIENTED_EDGE('',*,*,#694,.F.);
#924=ORIENTED_EDGE('',*,*,#697,.T.);
#925=ORIENTED_EDGE('',*,*,#698,.T.);
#926=ORIENTED_EDGE('',*,*,#699,.T.);
#927=ORIENTED_EDGE('',*,*,#700,.T.);
#928=ORIENTED_EDGE('',*,*,#701,.T.);
#929=ORIENTED_EDGE('',*,*,#698,.F.);
#930=ORIENTED_EDGE('',*,*,#702,.T.);
#931=ORIENTED_EDGE('',*,*,#686,.F.);
#932=ORIENTED_EDGE('',*,*,#703,.T.);
#933=ORIENTED_EDGE('',*,*,#700,.F.);
#934=ORIENTED_EDGE('',*,*,#704,.T.);
#935=ORIENTED_EDGE('',*,*,#696,.F.);
#936=ORIENTED_EDGE('',*,*,#705,.F.);
#937=ORIENTED_EDGE('',*,*,#706,.F.);
#938=ORIENTED_EDGE('',*,*,#707,.F.);
#939=ORIENTED_EDGE('',*,*,#708,.F.);
#940=ORIENTED_EDGE('',*,*,#709,.F.);
#941=ORIENTED_EDGE('',*,*,#710,.F.);
#942=ORIENTED_EDGE('',*,*,#711,.F.);
#943=ORIENTED_EDGE('',*,*,#693,.F.);
#944=ORIENTED_EDGE('',*,*,#712,.F.);
#945=ORIENTED_EDGE('',*,*,#713,.T.);
#946=ORIENTED_EDGE('',*,*,#705,.T.);
#947=ORIENTED_EDGE('',*,*,#688,.F.);
#948=ORIENTED_EDGE('',*,*,#714,.T.);
#949=ORIENTED_EDGE('',*,*,#715,.F.);
#950=ORIENTED_EDGE('',*,*,#712,.T.);
#951=ORIENTED_EDGE('',*,*,#685,.F.);
#952=ORIENTED_EDGE('',*,*,#690,.F.);
#953=ORIENTED_EDGE('',*,*,#692,.F.);
#954=ORIENTED_EDGE('',*,*,#695,.F.);
#955=ORIENTED_EDGE('',*,*,#699,.F.);
#956=ORIENTED_EDGE('',*,*,#701,.F.);
#957=ORIENTED_EDGE('',*,*,#703,.F.);
#958=ORIENTED_EDGE('',*,*,#716,.T.);
#959=ORIENTED_EDGE('',*,*,#717,.T.);
#960=ORIENTED_EDGE('',*,*,#718,.T.);
#961=ORIENTED_EDGE('',*,*,#675,.T.);
#962=ORIENTED_EDGE('',*,*,#658,.T.);
#963=ORIENTED_EDGE('',*,*,#718,.F.);
#964=ORIENTED_EDGE('',*,*,#719,.T.);
#965=ORIENTED_EDGE('',*,*,#720,.T.);
#966=ORIENTED_EDGE('',*,*,#676,.T.);
#967=ORIENTED_EDGE('',*,*,#721,.T.);
#968=ORIENTED_EDGE('',*,*,#677,.T.);
#969=ORIENTED_EDGE('',*,*,#720,.F.);
#970=ORIENTED_EDGE('',*,*,#708,.T.);
#971=ORIENTED_EDGE('',*,*,#722,.T.);
#972=ORIENTED_EDGE('',*,*,#678,.T.);
#973=ORIENTED_EDGE('',*,*,#721,.F.);
#974=ORIENTED_EDGE('',*,*,#723,.T.);
#975=ORIENTED_EDGE('',*,*,#724,.T.);
#976=ORIENTED_EDGE('',*,*,#679,.T.);
#977=ORIENTED_EDGE('',*,*,#722,.F.);
#978=ORIENTED_EDGE('',*,*,#725,.T.);
#979=ORIENTED_EDGE('',*,*,#724,.F.);
#980=ORIENTED_EDGE('',*,*,#726,.T.);
#981=ORIENTED_EDGE('',*,*,#727,.T.);
#982=ORIENTED_EDGE('',*,*,#680,.T.);
#983=ORIENTED_EDGE('',*,*,#728,.T.);
#984=ORIENTED_EDGE('',*,*,#681,.T.);
#985=ORIENTED_EDGE('',*,*,#727,.F.);
#986=ORIENTED_EDGE('',*,*,#729,.T.);
#987=ORIENTED_EDGE('',*,*,#730,.T.);
#988=ORIENTED_EDGE('',*,*,#682,.T.);
#989=ORIENTED_EDGE('',*,*,#728,.F.);
#990=ORIENTED_EDGE('',*,*,#731,.T.);
#991=ORIENTED_EDGE('',*,*,#730,.F.);
#992=ORIENTED_EDGE('',*,*,#732,.T.);
#993=ORIENTED_EDGE('',*,*,#733,.T.);
#994=ORIENTED_EDGE('',*,*,#683,.T.);
#995=ORIENTED_EDGE('',*,*,#674,.T.);
#996=ORIENTED_EDGE('',*,*,#733,.F.);
#997=ORIENTED_EDGE('',*,*,#734,.T.);
#998=ORIENTED_EDGE('',*,*,#659,.F.);
#999=ORIENTED_EDGE('',*,*,#734,.F.);
#1000=ORIENTED_EDGE('',*,*,#735,.F.);
#1001=ORIENTED_EDGE('',*,*,#670,.T.);
#1002=ORIENTED_EDGE('',*,*,#654,.T.);
#1003=ORIENTED_EDGE('',*,*,#660,.F.);
#1004=ORIENTED_EDGE('',*,*,#732,.F.);
#1005=ORIENTED_EDGE('',*,*,#736,.T.);
#1006=ORIENTED_EDGE('',*,*,#737,.F.);
#1007=ORIENTED_EDGE('',*,*,#671,.T.);
#1008=ORIENTED_EDGE('',*,*,#735,.T.);
#1009=ORIENTED_EDGE('',*,*,#702,.F.);
#1010=ORIENTED_EDGE('',*,*,#738,.F.);
#1011=ORIENTED_EDGE('',*,*,#739,.T.);
#1012=ORIENTED_EDGE('',*,*,#736,.F.);
#1013=ORIENTED_EDGE('',*,*,#731,.F.);
#1014=ORIENTED_EDGE('',*,*,#740,.T.);
#1015=ORIENTED_EDGE('',*,*,#741,.T.);
#1016=ORIENTED_EDGE('',*,*,#742,.T.);
#1017=ORIENTED_EDGE('',*,*,#729,.F.);
#1018=ORIENTED_EDGE('',*,*,#743,.F.);
#1019=ORIENTED_EDGE('',*,*,#744,.T.);
#1020=ORIENTED_EDGE('',*,*,#740,.F.);
#1021=ORIENTED_EDGE('',*,*,#726,.F.);
#1022=ORIENTED_EDGE('',*,*,#745,.T.);
#1023=ORIENTED_EDGE('',*,*,#746,.F.);
#1024=ORIENTED_EDGE('',*,*,#743,.T.);
#1025=ORIENTED_EDGE('',*,*,#747,.T.);
#1026=ORIENTED_EDGE('',*,*,#608,.T.);
#1027=ORIENTED_EDGE('',*,*,#748,.T.);
#1028=ORIENTED_EDGE('',*,*,#749,.T.);
#1029=ORIENTED_EDGE('',*,*,#746,.T.);
#1030=ORIENTED_EDGE('',*,*,#750,.T.);
#1031=ORIENTED_EDGE('',*,*,#751,.T.);
#1032=ORIENTED_EDGE('',*,*,#752,.T.);
#1033=ORIENTED_EDGE('',*,*,#753,.T.);
#1034=ORIENTED_EDGE('',*,*,#754,.T.);
#1035=ORIENTED_EDGE('',*,*,#755,.T.);
#1036=ORIENTED_EDGE('',*,*,#627,.T.);
#1037=ORIENTED_EDGE('',*,*,#631,.T.);
#1038=ORIENTED_EDGE('',*,*,#634,.T.);
#1039=ORIENTED_EDGE('',*,*,#637,.T.);
#1040=ORIENTED_EDGE('',*,*,#756,.T.);
#1041=ORIENTED_EDGE('',*,*,#642,.T.);
#1042=ORIENTED_EDGE('',*,*,#757,.T.);
#1043=ORIENTED_EDGE('',*,*,#748,.F.);
#1044=ORIENTED_EDGE('',*,*,#607,.T.);
#1045=ORIENTED_EDGE('',*,*,#611,.T.);
#1046=ORIENTED_EDGE('',*,*,#614,.T.);
#1047=ORIENTED_EDGE('',*,*,#617,.T.);
#1048=ORIENTED_EDGE('',*,*,#620,.T.);
#1049=ORIENTED_EDGE('',*,*,#623,.T.);
#1050=ORIENTED_EDGE('',*,*,#628,.T.);
#1051=ORIENTED_EDGE('',*,*,#755,.F.);
#1052=ORIENTED_EDGE('',*,*,#758,.T.);
#1053=ORIENTED_EDGE('',*,*,#759,.T.);
#1054=ORIENTED_EDGE('',*,*,#753,.F.);
#1055=ORIENTED_EDGE('',*,*,#760,.T.);
#1056=ORIENTED_EDGE('',*,*,#761,.T.);
#1057=ORIENTED_EDGE('',*,*,#762,.T.);
#1058=ORIENTED_EDGE('',*,*,#763,.T.);
#1059=ORIENTED_EDGE('',*,*,#764,.T.);
#1060=ORIENTED_EDGE('',*,*,#761,.F.);
#1061=ORIENTED_EDGE('',*,*,#747,.F.);
#1062=ORIENTED_EDGE('',*,*,#765,.T.);
#1063=ORIENTED_EDGE('',*,*,#766,.F.);
#1064=ORIENTED_EDGE('',*,*,#767,.T.);
#1065=ORIENTED_EDGE('',*,*,#768,.T.);
#1066=ORIENTED_EDGE('',*,*,#624,.T.);
#1067=ORIENTED_EDGE('',*,*,#621,.T.);
#1068=ORIENTED_EDGE('',*,*,#618,.T.);
#1069=ORIENTED_EDGE('',*,*,#615,.T.);
#1070=ORIENTED_EDGE('',*,*,#612,.T.);
#1071=ORIENTED_EDGE('',*,*,#609,.T.);
#1072=ORIENTED_EDGE('',*,*,#749,.F.);
#1073=ORIENTED_EDGE('',*,*,#769,.F.);
#1074=ORIENTED_EDGE('',*,*,#770,.F.);
#1075=ORIENTED_EDGE('',*,*,#771,.F.);
#1076=ORIENTED_EDGE('',*,*,#772,.F.);
#1077=ORIENTED_EDGE('',*,*,#773,.F.);
#1078=ORIENTED_EDGE('',*,*,#744,.F.);
#1079=ORIENTED_EDGE('',*,*,#687,.F.);
#1080=ORIENTED_EDGE('',*,*,#774,.T.);
#1081=ORIENTED_EDGE('',*,*,#752,.F.);
#1082=ORIENTED_EDGE('',*,*,#775,.F.);
#1083=ORIENTED_EDGE('',*,*,#714,.F.);
#1084=ORIENTED_EDGE('',*,*,#725,.F.);
#1085=ORIENTED_EDGE('',*,*,#776,.T.);
#1086=ORIENTED_EDGE('',*,*,#765,.F.);
#1087=ORIENTED_EDGE('',*,*,#750,.F.);
#1088=ORIENTED_EDGE('',*,*,#745,.F.);
#1089=ORIENTED_EDGE('',*,*,#758,.F.);
#1090=ORIENTED_EDGE('',*,*,#777,.F.);
#1091=ORIENTED_EDGE('',*,*,#767,.F.);
#1092=ORIENTED_EDGE('',*,*,#778,.F.);
#1093=ORIENTED_EDGE('',*,*,#770,.T.);
#1094=ORIENTED_EDGE('',*,*,#769,.T.);
#1095=ORIENTED_EDGE('',*,*,#754,.F.);
#1096=ORIENTED_EDGE('',*,*,#759,.F.);
#1097=ORIENTED_EDGE('',*,*,#779,.T.);
#1098=ORIENTED_EDGE('',*,*,#780,.T.);
#1099=ORIENTED_EDGE('',*,*,#781,.F.);
#1100=ORIENTED_EDGE('',*,*,#777,.T.);
#1101=ORIENTED_EDGE('',*,*,#751,.F.);
#1102=ORIENTED_EDGE('',*,*,#782,.T.);
#1103=ORIENTED_EDGE('',*,*,#783,.T.);
#1104=ORIENTED_EDGE('',*,*,#715,.T.);
#1105=ORIENTED_EDGE('',*,*,#775,.T.);
#1106=ORIENTED_EDGE('',*,*,#757,.F.);
#1107=ORIENTED_EDGE('',*,*,#641,.T.);
#1108=ORIENTED_EDGE('',*,*,#784,.T.);
#1109=ORIENTED_EDGE('',*,*,#785,.T.);
#1110=ORIENTED_EDGE('',*,*,#782,.F.);
#1111=ORIENTED_EDGE('',*,*,#778,.T.);
#1112=ORIENTED_EDGE('',*,*,#766,.T.);
#1113=ORIENTED_EDGE('',*,*,#786,.T.);
#1114=ORIENTED_EDGE('',*,*,#787,.T.);
#1115=ORIENTED_EDGE('',*,*,#771,.T.);
#1116=ORIENTED_EDGE('',*,*,#784,.F.);
#1117=ORIENTED_EDGE('',*,*,#640,.T.);
#1118=ORIENTED_EDGE('',*,*,#788,.T.);
#1119=ORIENTED_EDGE('',*,*,#638,.T.);
#1120=ORIENTED_EDGE('',*,*,#635,.T.);
#1121=ORIENTED_EDGE('',*,*,#632,.T.);
#1122=ORIENTED_EDGE('',*,*,#629,.T.);
#1123=ORIENTED_EDGE('',*,*,#625,.T.);
#1124=ORIENTED_EDGE('',*,*,#768,.F.);
#1125=ORIENTED_EDGE('',*,*,#781,.T.);
#1126=ORIENTED_EDGE('',*,*,#789,.T.);
#1127=ORIENTED_EDGE('',*,*,#772,.T.);
#1128=ORIENTED_EDGE('',*,*,#787,.F.);
#1129=ORIENTED_EDGE('',*,*,#764,.F.);
#1130=ORIENTED_EDGE('',*,*,#790,.F.);
#1131=ORIENTED_EDGE('',*,*,#791,.F.);
#1132=ORIENTED_EDGE('',*,*,#785,.F.);
#1133=ORIENTED_EDGE('',*,*,#780,.F.);
#1134=ORIENTED_EDGE('',*,*,#779,.F.);
#1135=ORIENTED_EDGE('',*,*,#762,.F.);
#1136=ORIENTED_EDGE('',*,*,#723,.F.);
#1137=ORIENTED_EDGE('',*,*,#707,.T.);
#1138=ORIENTED_EDGE('',*,*,#789,.F.);
#1139=ORIENTED_EDGE('',*,*,#786,.F.);
#1140=ORIENTED_EDGE('',*,*,#776,.F.);
#1141=ORIENTED_EDGE('',*,*,#739,.F.);
#1142=ORIENTED_EDGE('',*,*,#792,.T.);
#1143=ORIENTED_EDGE('',*,*,#710,.T.);
#1144=ORIENTED_EDGE('',*,*,#793,.F.);
#1145=ORIENTED_EDGE('',*,*,#666,.T.);
#1146=ORIENTED_EDGE('',*,*,#737,.T.);
#1147=ORIENTED_EDGE('',*,*,#719,.F.);
#1148=ORIENTED_EDGE('',*,*,#794,.T.);
#1149=ORIENTED_EDGE('',*,*,#667,.T.);
#1150=ORIENTED_EDGE('',*,*,#793,.T.);
#1151=ORIENTED_EDGE('',*,*,#709,.T.);
#1152=ORIENTED_EDGE('',*,*,#697,.F.);
#1153=ORIENTED_EDGE('',*,*,#711,.T.);
#1154=ORIENTED_EDGE('',*,*,#792,.F.);
#1155=ORIENTED_EDGE('',*,*,#738,.T.);
#1156=ORIENTED_EDGE('',*,*,#795,.T.);
#1157=ORIENTED_EDGE('',*,*,#796,.T.);
#1158=ORIENTED_EDGE('',*,*,#797,.T.);
#1159=ORIENTED_EDGE('',*,*,#790,.T.);
#1160=ORIENTED_EDGE('',*,*,#798,.T.);
#1161=ORIENTED_EDGE('',*,*,#795,.F.);
#1162=ORIENTED_EDGE('',*,*,#783,.F.);
#1163=ORIENTED_EDGE('',*,*,#791,.T.);
#1164=ORIENTED_EDGE('',*,*,#797,.F.);
#1165=ORIENTED_EDGE('',*,*,#713,.F.);
#1166=ORIENTED_EDGE('',*,*,#773,.T.);
#1167=ORIENTED_EDGE('',*,*,#799,.T.);
#1168=ORIENTED_EDGE('',*,*,#716,.F.);
#1169=ORIENTED_EDGE('',*,*,#800,.T.);
#1170=ORIENTED_EDGE('',*,*,#672,.T.);
#1171=ORIENTED_EDGE('',*,*,#800,.F.);
#1172=ORIENTED_EDGE('',*,*,#717,.F.);
#1173=ORIENTED_EDGE('',*,*,#657,.T.);
#1174=ORIENTED_EDGE('',*,*,#662,.T.);
#1175=ORIENTED_EDGE('',*,*,#668,.T.);
#1176=ORIENTED_EDGE('',*,*,#794,.F.);
#1177=ORIENTED_EDGE('',*,*,#704,.F.);
#1178=ORIENTED_EDGE('',*,*,#742,.F.);
#1179=ORIENTED_EDGE('',*,*,#763,.F.);
#1180=ORIENTED_EDGE('',*,*,#760,.F.);
#1181=ORIENTED_EDGE('',*,*,#774,.F.);
#1182=ORIENTED_EDGE('',*,*,#639,.T.);
#1183=ORIENTED_EDGE('',*,*,#756,.F.);
#1184=ORIENTED_EDGE('',*,*,#636,.F.);
#1185=ORIENTED_EDGE('',*,*,#788,.F.);
#1186=ORIENTED_EDGE('',*,*,#798,.F.);
#1187=ORIENTED_EDGE('',*,*,#741,.F.);
#1188=ORIENTED_EDGE('',*,*,#799,.F.);
#1189=ORIENTED_EDGE('',*,*,#706,.T.);
#1190=ORIENTED_EDGE('',*,*,#796,.F.);
#1191=CYLINDRICAL_SURFACE('',#1309,15.);
#1192=CYLINDRICAL_SURFACE('',#1310,15.);
#1193=CYLINDRICAL_SURFACE('',#1311,15.);
#1194=CYLINDRICAL_SURFACE('',#1312,15.);
#1195=CYLINDRICAL_SURFACE('',#1313,15.);
#1196=CYLINDRICAL_SURFACE('',#1314,15.);
#1197=CYLINDRICAL_SURFACE('',#1315,15.);
#1198=CYLINDRICAL_SURFACE('',#1316,15.);
#1199=CYLINDRICAL_SURFACE('',#1317,15.);
#1200=CYLINDRICAL_SURFACE('',#1318,15.);
#1201=CYLINDRICAL_SURFACE('',#1319,15.);
#1202=CYLINDRICAL_SURFACE('',#1326,2.5);
#1203=CYLINDRICAL_SURFACE('',#1337,2.625);
#1204=CYLINDRICAL_SURFACE('',#1363,5.74999999999999);
#1205=CYLINDRICAL_SURFACE('',#1382,7.);
#1206=CYLINDRICAL_SURFACE('',#1383,0.75);
#1207=CYLINDRICAL_SURFACE('',#1385,5.7500000000008);
#1208=CYLINDRICAL_SURFACE('',#1392,15.);
#1209=CYLINDRICAL_SURFACE('',#1393,15.);
#1210=CYLINDRICAL_SURFACE('',#1397,4.7440476190484);
#1211=CYLINDRICAL_SURFACE('',#1400,0.75);
#1212=CYLINDRICAL_SURFACE('',#1401,0.75);
#1213=CYLINDRICAL_SURFACE('',#1404,7.);
#1214=CYLINDRICAL_SURFACE('',#1405,4.74404761904757);
#1215=CYLINDRICAL_SURFACE('',#1406,15.);
#1216=CYLINDRICAL_SURFACE('',#1407,0.75);
#1217=ADVANCED_FACE('',(#113),#1191,.T.);
#1218=ADVANCED_FACE('',(#114),#1192,.T.);
#1219=ADVANCED_FACE('',(#115),#1193,.T.);
#1220=ADVANCED_FACE('',(#116),#1194,.T.);
#1221=ADVANCED_FACE('',(#117),#1195,.T.);
#1222=ADVANCED_FACE('',(#118),#1196,.T.);
#1223=ADVANCED_FACE('',(#119),#1197,.T.);
#1224=ADVANCED_FACE('',(#120),#1198,.T.);
#1225=ADVANCED_FACE('',(#121),#1199,.T.);
#1226=ADVANCED_FACE('',(#122),#1200,.T.);
#1227=ADVANCED_FACE('',(#123),#1201,.T.);
#1228=ADVANCED_FACE('',(#124),#99,.T.);
#1229=ADVANCED_FACE('',(#125),#85,.T.);
#1230=ADVANCED_FACE('',(#126),#100,.T.);
#1231=ADVANCED_FACE('',(#127),#101,.T.);
#1232=ADVANCED_FACE('',(#128),#1202,.T.);
#1233=ADVANCED_FACE('',(#129),#102,.T.);
#1234=ADVANCED_FACE('',(#130),#86,.F.);
#1235=ADVANCED_FACE('',(#131,#39),#103,.F.);
#1236=ADVANCED_FACE('',(#132),#1203,.F.);
#1237=ADVANCED_FACE('',(#133),#104,.F.);
#1238=ADVANCED_FACE('',(#134),#105,.T.);
#1239=ADVANCED_FACE('',(#135),#87,.T.);
#1240=ADVANCED_FACE('',(#136),#16,.T.);
#1241=ADVANCED_FACE('',(#137),#88,.F.);
#1242=ADVANCED_FACE('',(#138),#106,.T.);
#1243=ADVANCED_FACE('',(#139),#89,.F.);
#1244=ADVANCED_FACE('',(#140),#107,.T.);
#1245=ADVANCED_FACE('',(#141),#90,.T.);
#1246=ADVANCED_FACE('',(#142),#108,.T.);
#1247=ADVANCED_FACE('',(#143),#1204,.F.);
#1248=ADVANCED_FACE('',(#144),#17,.T.);
#1249=ADVANCED_FACE('',(#145,#40),#109,.T.);
#1250=ADVANCED_FACE('',(#146),#91,.F.);
#1251=ADVANCED_FACE('',(#147),#92,.T.);
#1252=ADVANCED_FACE('',(#148),#110,.T.);
#1253=ADVANCED_FACE('',(#149),#93,.T.);
#1254=ADVANCED_FACE('',(#150),#94,.T.);
#1255=ADVANCED_FACE('',(#151),#18,.T.);
#1256=ADVANCED_FACE('',(#152),#95,.F.);
#1257=ADVANCED_FACE('',(#153),#111,.T.);
#1258=ADVANCED_FACE('',(#154),#96,.T.);
#1259=ADVANCED_FACE('',(#155),#97,.F.);
#1260=ADVANCED_FACE('',(#156),#1205,.F.);
#1261=ADVANCED_FACE('',(#157),#1206,.T.);
#1262=ADVANCED_FACE('',(#158),#112,.T.);
#1263=ADVANCED_FACE('',(#159),#1207,.F.);
#1264=ADVANCED_FACE('',(#160),#19,.T.);
#1265=ADVANCED_FACE('',(#161),#20,.T.);
#1266=ADVANCED_FACE('',(#162),#21,.F.);
#1267=ADVANCED_FACE('',(#163),#22,.F.);
#1268=ADVANCED_FACE('',(#164),#23,.F.);
#1269=ADVANCED_FACE('',(#165),#24,.F.);
#1270=ADVANCED_FACE('',(#166),#25,.F.);
#1271=ADVANCED_FACE('',(#167),#26,.T.);
#1272=ADVANCED_FACE('',(#168),#1208,.T.);
#1273=ADVANCED_FACE('',(#169),#1209,.T.);
#1274=ADVANCED_FACE('',(#170),#27,.T.);
#1275=ADVANCED_FACE('',(#171),#28,.T.);
#1276=ADVANCED_FACE('',(#172),#29,.T.);
#1277=ADVANCED_FACE('',(#173),#30,.T.);
#1278=ADVANCED_FACE('',(#174),#31,.F.);
#1279=ADVANCED_FACE('',(#175),#32,.F.);
#1280=ADVANCED_FACE('',(#176),#33,.F.);
#1281=ADVANCED_FACE('',(#177),#34,.T.);
#1282=ADVANCED_FACE('',(#178),#1210,.T.);
#1283=ADVANCED_FACE('',(#179),#15,.T.);
#1284=ADVANCED_FACE('',(#180),#1211,.T.);
#1285=ADVANCED_FACE('',(#181),#1212,.F.);
#1286=ADVANCED_FACE('',(#182),#35,.F.);
#1287=ADVANCED_FACE('',(#183),#36,.F.);
#1288=ADVANCED_FACE('',(#184),#37,.T.);
#1289=ADVANCED_FACE('',(#185),#38,.F.);
#1290=ADVANCED_FACE('',(#186),#98,.F.);
#1291=ADVANCED_FACE('',(#187),#1213,.F.);
#1292=ADVANCED_FACE('',(#188),#1214,.T.);
#1293=ADVANCED_FACE('',(#189),#1215,.T.);
#1294=ADVANCED_FACE('',(#190),#1216,.F.);
#1295=CLOSED_SHELL('',(#1217,#1218,#1219,#1220,#1221,#1222,#1223,#1224,
#1225,#1226,#1227,#1228,#1229,#1230,#1231,#1232,#1233,#1234,#1235,#1236,
#1237,#1238,#1239,#1240,#1241,#1242,#1243,#1244,#1245,#1246,#1247,#1248,
#1249,#1250,#1251,#1252,#1253,#1254,#1255,#1256,#1257,#1258,#1259,#1260,
#1261,#1262,#1263,#1264,#1265,#1266,#1267,#1268,#1269,#1270,#1271,#1272,
#1273,#1274,#1275,#1276,#1277,#1278,#1279,#1280,#1281,#1282,#1283,#1284,
#1285,#1286,#1287,#1288,#1289,#1290,#1291,#1292,#1293,#1294));
#1296=DERIVED_UNIT_ELEMENT(#1298,1.);
#1297=DERIVED_UNIT_ELEMENT(#7013,-3.);
#1298=(
MASS_UNIT()
NAMED_UNIT(*)
SI_UNIT(.KILO.,.GRAM.)
);
#1299=DERIVED_UNIT((#1296,#1297));
#1300=MEASURE_REPRESENTATION_ITEM('density measure',
POSITIVE_RATIO_MEASURE(7850.),#1299);
#1301=PROPERTY_DEFINITION_REPRESENTATION(#1306,#1303);
#1302=PROPERTY_DEFINITION_REPRESENTATION(#1307,#1304);
#1303=REPRESENTATION('material name',(#1305),#7010);
#1304=REPRESENTATION('density',(#1300),#7010);
#1305=DESCRIPTIVE_REPRESENTATION_ITEM('Steel','Steel');
#1306=PROPERTY_DEFINITION('material property','material name',#7020);
#1307=PROPERTY_DEFINITION('material property','density of part',#7020);
#1308=AXIS2_PLACEMENT_3D('',#1675,#1408,#1409);
#1309=AXIS2_PLACEMENT_3D('',#1676,#1410,#1411);
#1310=AXIS2_PLACEMENT_3D('',#1719,#1413,#1414);
#1311=AXIS2_PLACEMENT_3D('',#1754,#1416,#1417);
#1312=AXIS2_PLACEMENT_3D('',#1789,#1419,#1420);
#1313=AXIS2_PLACEMENT_3D('',#1826,#1422,#1423);
#1314=AXIS2_PLACEMENT_3D('',#1861,#1425,#1426);
#1315=AXIS2_PLACEMENT_3D('',#1897,#1428,#1429);
#1316=AXIS2_PLACEMENT_3D('',#1933,#1431,#1432);
#1317=AXIS2_PLACEMENT_3D('',#1969,#1434,#1435);
#1318=AXIS2_PLACEMENT_3D('',#2004,#1437,#1438);
#1319=AXIS2_PLACEMENT_3D('',#2039,#1440,#1441);
#1320=AXIS2_PLACEMENT_3D('',#2080,#1443,#1444);
#1321=AXIS2_PLACEMENT_3D('',#2089,#1449,#1450);
#1322=AXIS2_PLACEMENT_3D('',#2091,#1451,#1452);
#1323=AXIS2_PLACEMENT_3D('',#2094,#1454,#1455);
#1324=AXIS2_PLACEMENT_3D('',#2095,#1456,#1457);
#1325=AXIS2_PLACEMENT_3D('',#2101,#1461,#1462);
#1326=AXIS2_PLACEMENT_3D('',#2107,#1466,#1467);
#1327=AXIS2_PLACEMENT_3D('',#2145,#1469,#1470);
#1328=AXIS2_PLACEMENT_3D('',#2149,#1473,#1474);
#1329=AXIS2_PLACEMENT_3D('',#2151,#1475,#1476);
#1330=AXIS2_PLACEMENT_3D('',#2154,#1478,#1479);
#1331=AXIS2_PLACEMENT_3D('',#2155,#1480,#1481);
#1332=AXIS2_PLACEMENT_3D('',#2158,#1482,#1483);
#1333=AXIS2_PLACEMENT_3D('',#2160,#1484,#1485);
#1334=AXIS2_PLACEMENT_3D('',#2161,#1486,#1487);
#1335=AXIS2_PLACEMENT_3D('',#2164,#1489,#1490);
#1336=AXIS2_PLACEMENT_3D('',#2165,#1491,#1492);
#1337=AXIS2_PLACEMENT_3D('',#2166,#1493,#1494);
#1338=AXIS2_PLACEMENT_3D('',#2168,#1495,#1496);
#1339=AXIS2_PLACEMENT_3D('',#2170,#1498,#1499);
#1340=AXIS2_PLACEMENT_3D('',#2172,#1500,#1501);
#1341=AXIS2_PLACEMENT_3D('',#2174,#1502,#1503);
#1342=AXIS2_PLACEMENT_3D('',#2176,#1504,#1505);
#1343=AXIS2_PLACEMENT_3D('',#2180,#1507,#1508);
#1344=AXIS2_PLACEMENT_3D('',#2182,#1509,#1510);
#1345=AXIS2_PLACEMENT_3D('',#2201,#1511,#1512);
#1346=AXIS2_PLACEMENT_3D('',#2204,#1514,#1515);
#1347=AXIS2_PLACEMENT_3D('',#2205,#1516,#1517);
#1348=AXIS2_PLACEMENT_3D('',#2206,#1518,#1519);
#1349=AXIS2_PLACEMENT_3D('',#2211,#1521,#1522);
#1350=AXIS2_PLACEMENT_3D('',#2214,#1524,#1525);
#1351=AXIS2_PLACEMENT_3D('',#2314,#1527,#1528);
#1352=AXIS2_PLACEMENT_3D('',#2318,#1530,#1531);
#1353=AXIS2_PLACEMENT_3D('',#2319,#1532,#1533);
#1354=AXIS2_PLACEMENT_3D('',#2320,#1534,#1535);
#1355=AXIS2_PLACEMENT_3D('',#2326,#1539,#1540);
#1356=AXIS2_PLACEMENT_3D('',#2328,#1541,#1542);
#1357=AXIS2_PLACEMENT_3D('',#2331,#1544,#1545);
#1358=AXIS2_PLACEMENT_3D('',#2332,#1546,#1547);
#1359=AXIS2_PLACEMENT_3D('',#2338,#1551,#1552);
#1360=AXIS2_PLACEMENT_3D('',#2339,#1553,#1554);
#1361=AXIS2_PLACEMENT_3D('',#2340,#1555,#1556);
#1362=AXIS2_PLACEMENT_3D('',#2341,#1557,#1558);
#1363=AXIS2_PLACEMENT_3D('',#2358,#1565,#1566);
#1364=AXIS2_PLACEMENT_3D('',#2424,#1567,#1568);
#1365=AXIS2_PLACEMENT_3D('',#2426,#1569,#1570);
#1366=AXIS2_PLACEMENT_3D('',#2427,#1571,#1572);
#1367=AXIS2_PLACEMENT_3D('',#2429,#1573,#1574);
#1368=AXIS2_PLACEMENT_3D('',#2431,#1576,#1577);
#1369=AXIS2_PLACEMENT_3D('',#2432,#1578,#1579);
#1370=AXIS2_PLACEMENT_3D('',#2434,#1581,#1582);
#1371=AXIS2_PLACEMENT_3D('',#2436,#1584,#1585);
#1372=AXIS2_PLACEMENT_3D('',#2439,#1587,#1588);
#1373=AXIS2_PLACEMENT_3D('',#2440,#1589,#1590);
#1374=AXIS2_PLACEMENT_3D('',#2443,#1592,#1593);
#1375=AXIS2_PLACEMENT_3D('',#2526,#1595,#1596);
#1376=AXIS2_PLACEMENT_3D('',#2529,#1598,#1599);
#1377=AXIS2_PLACEMENT_3D('',#2530,#1600,#1601);
#1378=AXIS2_PLACEMENT_3D('',#2534,#1604,#1605);
#1379=AXIS2_PLACEMENT_3D('',#2536,#1606,#1607);
#1380=AXIS2_PLACEMENT_3D('',#2538,#1609,#1610);
#1381=AXIS2_PLACEMENT_3D('',#2539,#1611,#1612);
#1382=AXIS2_PLACEMENT_3D('',#2540,#1613,#1614);
#1383=AXIS2_PLACEMENT_3D('',#2542,#1616,#1617);
#1384=AXIS2_PLACEMENT_3D('',#2557,#1619,#1620);
#1385=AXIS2_PLACEMENT_3D('',#2569,#1625,#1626);
#1386=AXIS2_PLACEMENT_3D('',#3416,#1627,#1628);
#1387=AXIS2_PLACEMENT_3D('',#3493,#1629,#1630);
#1388=AXIS2_PLACEMENT_3D('',#4506,#1631,#1632);
#1389=AXIS2_PLACEMENT_3D('',#4583,#1633,#1634);
#1390=AXIS2_PLACEMENT_3D('',#4651,#1635,#1636);
#1391=AXIS2_PLACEMENT_3D('',#4653,#1637,#1638);
#1392=AXIS2_PLACEMENT_3D('',#4686,#1639,#1640);
#1393=AXIS2_PLACEMENT_3D('',#4696,#1642,#1643);
#1394=AXIS2_PLACEMENT_3D('',#5293,#1645,#1646);
#1395=AXIS2_PLACEMENT_3D('',#5894,#1647,#1648);
#1396=AXIS2_PLACEMENT_3D('',#5896,#1649,#1650);
#1397=AXIS2_PLACEMENT_3D('',#6732,#1651,#1652);
#1398=AXIS2_PLACEMENT_3D('',#6733,#1653,#1654);
#1399=AXIS2_PLACEMENT_3D('',#6734,#1655,#1656);
#1400=AXIS2_PLACEMENT_3D('',#6747,#1657,#1658);
#1401=AXIS2_PLACEMENT_3D('',#6749,#1660,#1661);
#1402=AXIS2_PLACEMENT_3D('',#6801,#1662,#1663);
#1403=AXIS2_PLACEMENT_3D('',#7002,#1664,#1665);
#1404=AXIS2_PLACEMENT_3D('',#7004,#1667,#1668);
#1405=AXIS2_PLACEMENT_3D('',#7005,#1669,#1670);
#1406=AXIS2_PLACEMENT_3D('',#7006,#1671,#1672);
#1407=AXIS2_PLACEMENT_3D('',#7007,#1673,#1674);
#1408=DIRECTION('axis',(0.,0.,1.));
#1409=DIRECTION('refdir',(1.,0.,0.));
#1410=DIRECTION('center_axis',(1.,0.,0.));
#1411=DIRECTION('ref_axis',(0.,1.,0.));
#1412=DIRECTION('',(-1.,0.,0.));
#1413=DIRECTION('center_axis',(1.,0.,0.));
#1414=DIRECTION('ref_axis',(0.,1.,0.));
#1415=DIRECTION('',(-1.,0.,0.));
#1416=DIRECTION('center_axis',(1.,0.,0.));
#1417=DIRECTION('ref_axis',(0.,1.,0.));
#1418=DIRECTION('',(-1.,0.,0.));
#1419=DIRECTION('center_axis',(1.,0.,0.));
#1420=DIRECTION('ref_axis',(0.,1.,0.));
#1421=DIRECTION('',(-1.,0.,0.));
#1422=DIRECTION('center_axis',(1.,0.,0.));
#1423=DIRECTION('ref_axis',(0.,1.,0.));
#1424=DIRECTION('',(-1.,0.,0.));
#1425=DIRECTION('center_axis',(1.,0.,0.));
#1426=DIRECTION('ref_axis',(0.,1.,0.));
#1427=DIRECTION('',(-1.,0.,0.));
#1428=DIRECTION('center_axis',(1.,0.,0.));
#1429=DIRECTION('ref_axis',(0.,1.,0.));
#1430=DIRECTION('',(-1.,0.,0.));
#1431=DIRECTION('center_axis',(1.,0.,0.));
#1432=DIRECTION('ref_axis',(0.,1.,0.));
#1433=DIRECTION('',(-1.,0.,0.));
#1434=DIRECTION('center_axis',(1.,0.,0.));
#1435=DIRECTION('ref_axis',(0.,1.,0.));
#1436=DIRECTION('',(-1.,0.,0.));
#1437=DIRECTION('center_axis',(1.,0.,0.));
#1438=DIRECTION('ref_axis',(0.,1.,0.));
#1439=DIRECTION('',(-1.,0.,0.));
#1440=DIRECTION('center_axis',(1.,0.,0.));
#1441=DIRECTION('ref_axis',(0.,1.,0.));
#1442=DIRECTION('',(-1.,0.,0.));
#1443=DIRECTION('center_axis',(0.,-0.707106781186547,0.707106781186548));
#1444=DIRECTION('ref_axis',(1.,0.,0.));
#1445=DIRECTION('',(0.,-0.707106781186548,-0.707106781186547));
#1446=DIRECTION('',(-1.,0.,0.));
#1447=DIRECTION('',(0.,-0.707106781186548,-0.707106781186547));
#1448=DIRECTION('',(1.,0.,0.));
#1449=DIRECTION('center_axis',(0.,1.,-2.22044604925031E-16));
#1450=DIRECTION('ref_axis',(-0.707106781186548,4.18691322315673E-16,0.707106781186548));
#1451=DIRECTION('center_axis',(0.,-1.,2.22044604925031E-16));
#1452=DIRECTION('ref_axis',(-0.707106781186547,6.2803698347351E-16,0.707106781186547));
#1453=DIRECTION('',(0.,-0.707106781186549,0.707106781186546));
#1454=DIRECTION('center_axis',(0.,1.,-2.22044604925031E-16));
#1455=DIRECTION('ref_axis',(-0.707106781186547,1.57009245868377E-16,0.707106781186547));
#1456=DIRECTION('center_axis',(0.,-0.707106781186548,-0.707106781186548));
#1457=DIRECTION('ref_axis',(-1.,0.,0.));
#1458=DIRECTION('',(0.,0.707106781186548,-0.707106781186548));
#1459=DIRECTION('',(-1.,0.,0.));
#1460=DIRECTION('',(1.,0.,0.));
#1461=DIRECTION('center_axis',(0.,2.41352831440251E-16,-1.));
#1462=DIRECTION('ref_axis',(0.,1.,2.41352831440251E-16));
#1463=DIRECTION('',(0.,-1.,-2.41352831440251E-16));
#1464=DIRECTION('',(-1.,0.,0.));
#1465=DIRECTION('',(0.,1.,2.41352831440251E-16));
#1466=DIRECTION('center_axis',(0.,-1.,6.03382078600629E-16));
#1467=DIRECTION('ref_axis',(-0.707106781186547,6.2803698347351E-16,0.707106781186547));
#1468=DIRECTION('',(0.,1.,-6.03382078600629E-16));
#1469=DIRECTION('center_axis',(0.,6.03382078600629E-16,1.));
#1470=DIRECTION('ref_axis',(0.,-1.,6.03382078600629E-16));
#1471=DIRECTION('',(0.,-1.,6.03382078600629E-16));
#1472=DIRECTION('',(1.,0.,0.));
#1473=DIRECTION('center_axis',(-1.,0.,0.));
#1474=DIRECTION('ref_axis',(0.,1.,0.));
#1475=DIRECTION('center_axis',(-1.,0.,0.));
#1476=DIRECTION('ref_axis',(0.,1.,0.));
#1477=DIRECTION('',(0.707106781186548,0.707106781186547,-8.65956056235493E-17));
#1478=DIRECTION('center_axis',(1.,0.,0.));
#1479=DIRECTION('ref_axis',(0.,1.,0.));
#1480=DIRECTION('center_axis',(1.,0.,0.));
#1481=DIRECTION('ref_axis',(0.,0.,-1.));
#1482=DIRECTION('center_axis',(-1.,0.,0.));
#1483=DIRECTION('ref_axis',(0.,1.,-1.41897790666295E-13));
#1484=DIRECTION('center_axis',(1.,0.,0.));
#1485=DIRECTION('ref_axis',(0.,0.635000635000906,-0.772511613859912));
#1486=DIRECTION('center_axis',(1.,0.,0.));
#1487=DIRECTION('ref_axis',(0.,1.,0.));
#1488=DIRECTION('',(0.,-2.22044604925031E-16,-1.));
#1489=DIRECTION('center_axis',(1.,0.,0.));
#1490=DIRECTION('ref_axis',(0.,1.,0.));
#1491=DIRECTION('center_axis',(1.,0.,0.));
#1492=DIRECTION('ref_axis',(0.,0.635000635000999,0.772511613859836));
#1493=DIRECTION('center_axis',(-1.,0.,0.));
#1494=DIRECTION('ref_axis',(0.,1.,0.));
#1495=DIRECTION('center_axis',(-1.,0.,0.));
#1496=DIRECTION('ref_axis',(0.,1.,0.));
#1497=DIRECTION('',(-1.,0.,0.));
#1498=DIRECTION('center_axis',(1.,0.,0.));
#1499=DIRECTION('ref_axis',(0.,1.,0.));
#1500=DIRECTION('center_axis',(-1.,0.,0.));
#1501=DIRECTION('ref_axis',(0.,-1.,0.));
#1502=DIRECTION('center_axis',(-1.,0.,0.));
#1503=DIRECTION('ref_axis',(0.,-1.,0.));
#1504=DIRECTION('center_axis',(1.,0.,0.));
#1505=DIRECTION('ref_axis',(0.,0.635000635000906,-0.772511613859912));
#1506=DIRECTION('',(0.,1.,-1.38977932502601E-13));
#1507=DIRECTION('center_axis',(1.,0.,0.));
#1508=DIRECTION('ref_axis',(0.,-0.844412465674826,0.535693557748233));
#1509=DIRECTION('center_axis',(1.,0.,0.));
#1510=DIRECTION('ref_axis',(0.,1.,0.));
#1511=DIRECTION('center_axis',(-1.,0.,0.));
#1512=DIRECTION('ref_axis',(0.,-0.992711634438188,-0.120513944633233));
#1513=DIRECTION('',(0.,-1.,1.40283655884871E-13));
#1514=DIRECTION('center_axis',(1.,0.,0.));
#1515=DIRECTION('ref_axis',(0.,0.635000635000999,0.772511613859836));
#1516=DIRECTION('center_axis',(0.,-1.,2.22044604925031E-16));
#1517=DIRECTION('ref_axis',(0.,-2.22044604925031E-16,-1.));
#1518=DIRECTION('center_axis',(-1.,0.,0.));
#1519=DIRECTION('ref_axis',(0.,0.943756585883318,0.33064105401759));
#1520=DIRECTION('',(0.707106781186547,0.702938276046782,0.0766666816053706));
#1521=DIRECTION('center_axis',(-1.,0.,0.));
#1522=DIRECTION('ref_axis',(0.,1.,0.));
#1523=DIRECTION('',(-0.707106781186548,-0.597089780597181,-0.37879254732163));
#1524=DIRECTION('center_axis',(1.,0.,0.));
#1525=DIRECTION('ref_axis',(0.,1.,0.));
#1526=DIRECTION('',(0.707106781186547,-0.598945550262876,0.375851337393259));
#1527=DIRECTION('center_axis',(1.,0.,0.));
#1528=DIRECTION('ref_axis',(0.,1.39984642235346E-13,1.));
#1529=DIRECTION('',(0.707106781186546,9.85238258453102E-14,0.707106781186549));
#1530=DIRECTION('center_axis',(1.,0.,0.));
#1531=DIRECTION('ref_axis',(0.,1.39984642235346E-13,1.));
#1532=DIRECTION('center_axis',(-1.,0.,0.));
#1533=DIRECTION('ref_axis',(0.,1.39984642235346E-13,1.));
#1534=DIRECTION('center_axis',(0.707106781186548,-9.82722385078756E-14,
-0.707106781186547));
#1535=DIRECTION('ref_axis',(-0.707106781186547,0.,-0.707106781186548));
#1536=DIRECTION('',(0.707106781186547,9.85238258453103E-14,0.707106781186548));
#1537=DIRECTION('',(0.,-1.,1.38977932502601E-13));
#1538=DIRECTION('',(0.,1.,-1.38977932502601E-13));
#1539=DIRECTION('center_axis',(1.,0.,0.));
#1540=DIRECTION('ref_axis',(0.,0.707106781186591,0.707106781186504));
#1541=DIRECTION('center_axis',(-1.,0.,0.));
#1542=DIRECTION('ref_axis',(0.,0.707106781186591,0.707106781186504));
#1543=DIRECTION('',(0.707106781186548,-9.95719516521754E-14,-0.707106781186547));
#1544=DIRECTION('center_axis',(1.,0.,0.));
#1545=DIRECTION('ref_axis',(0.,0.707106781186591,0.707106781186504));
#1546=DIRECTION('center_axis',(0.707106781186548,9.91955243658322E-14,0.707106781186547));
#1547=DIRECTION('ref_axis',(0.707106781186547,0.,-0.707106781186548));
#1548=DIRECTION('',(0.707106781186547,-9.95719516521753E-14,-0.707106781186548));
#1549=DIRECTION('',(0.,1.,-1.40283655884871E-13));
#1550=DIRECTION('',(0.,-1.,1.40283655884871E-13));
#1551=DIRECTION('center_axis',(-1.,0.,0.));
#1552=DIRECTION('ref_axis',(0.,1.40180631636236E-13,1.));
#1553=DIRECTION('center_axis',(-1.,0.,0.));
#1554=DIRECTION('ref_axis',(0.,1.40180631636236E-13,1.));
#1555=DIRECTION('center_axis',(1.,0.,0.));
#1556=DIRECTION('ref_axis',(0.,1.40180631636236E-13,1.));
#1557=DIRECTION('center_axis',(0.,-1.38977932502601E-13,-1.));
#1558=DIRECTION('ref_axis',(0.,1.,-1.38977932502601E-13));
#1559=DIRECTION('',(1.,0.,0.));
#1560=DIRECTION('',(1.,0.,0.));
#1561=DIRECTION('',(1.,0.,0.));
#1562=DIRECTION('',(0.,-1.,1.38977932502601E-13));
#1563=DIRECTION('',(1.,0.,0.));
#1564=DIRECTION('',(-1.,0.,0.));
#1565=DIRECTION('center_axis',(-1.,0.,0.));
#1566=DIRECTION('ref_axis',(0.,1.39984642235346E-13,1.));
#1567=DIRECTION('center_axis',(1.,0.,0.));
#1568=DIRECTION('ref_axis',(0.,1.,0.));
#1569=DIRECTION('center_axis',(-1.,0.,0.));
#1570=DIRECTION('ref_axis',(0.,1.,0.));
#1571=DIRECTION('center_axis',(-1.,0.,0.));
#1572=DIRECTION('ref_axis',(0.,-1.,0.));
#1573=DIRECTION('center_axis',(-1.,0.,0.));
#1574=DIRECTION('ref_axis',(0.,1.,0.));
#1575=DIRECTION('',(-0.707106781186546,-0.693735908632474,0.136859377003835));
#1576=DIRECTION('center_axis',(1.,0.,0.));
#1577=DIRECTION('ref_axis',(0.,0.635000635000906,-0.772511613859912));
#1578=DIRECTION('center_axis',(-1.,0.,0.));
#1579=DIRECTION('ref_axis',(0.,0.635000635000906,-0.772511613859912));
#1580=DIRECTION('',(-0.707106781186547,9.85238258453103E-14,0.707106781186548));
#1581=DIRECTION('center_axis',(-0.707106781186548,-9.82722385078756E-14,
-0.707106781186547));
#1582=DIRECTION('ref_axis',(-0.707106781186547,0.,0.707106781186548));
#1583=DIRECTION('',(-0.707106781186547,9.85238258453103E-14,0.707106781186548));
#1584=DIRECTION('center_axis',(1.,0.,0.));
#1585=DIRECTION('ref_axis',(0.,-0.844412465674827,0.535693557748233));
#1586=DIRECTION('',(-0.707106781186547,0.597089780597124,-0.378792547321722));
#1587=DIRECTION('center_axis',(-1.,0.,0.));
#1588=DIRECTION('ref_axis',(0.,-0.844412465674826,0.535693557748233));
#1589=DIRECTION('center_axis',(1.,0.,0.));
#1590=DIRECTION('ref_axis',(0.,0.943756585883278,-0.330641054017704));
#1591=DIRECTION('',(-0.707106781186545,0.702938276046777,-0.0766666816054349));
#1592=DIRECTION('center_axis',(-1.,0.,0.));
#1593=DIRECTION('ref_axis',(0.,1.,0.));
#1594=DIRECTION('',(-0.707106781186549,-0.598945550262934,-0.375851337393162));
#1595=DIRECTION('center_axis',(-1.,0.,0.));
#1596=DIRECTION('ref_axis',(0.,-0.992711634438188,-0.120513944633233));
#1597=DIRECTION('',(-0.707106781186547,-9.95719516521753E-14,-0.707106781186548));
#1598=DIRECTION('center_axis',(1.,0.,0.));
#1599=DIRECTION('ref_axis',(0.,-0.992711634438188,-0.120513944633233));
#1600=DIRECTION('center_axis',(-0.707106781186548,9.91955243658322E-14,
0.707106781186547));
#1601=DIRECTION('ref_axis',(0.707106781186547,0.,0.707106781186548));
#1602=DIRECTION('',(-0.707106781186547,-9.95719516521753E-14,-0.707106781186548));
#1603=DIRECTION('',(0.,1.,-1.40283655884871E-13));
#1604=DIRECTION('center_axis',(1.,0.,0.));
#1605=DIRECTION('ref_axis',(0.,0.635000635000999,0.772511613859836));
#1606=DIRECTION('center_axis',(-1.,0.,0.));
#1607=DIRECTION('ref_axis',(0.,0.635000635000999,0.772511613859836));
#1608=DIRECTION('',(-0.707106781186547,-0.693735908632467,-0.136859377003862));
#1609=DIRECTION('center_axis',(-1.,0.,0.));
#1610=DIRECTION('ref_axis',(0.,-1.,0.));
#1611=DIRECTION('center_axis',(1.,0.,0.));
#1612=DIRECTION('ref_axis',(0.,-1.,0.));
#1613=DIRECTION('center_axis',(1.,0.,0.));
#1614=DIRECTION('ref_axis',(0.,1.,0.));
#1615=DIRECTION('',(-1.,0.,0.));
#1616=DIRECTION('center_axis',(-1.,0.,0.));
#1617=DIRECTION('ref_axis',(0.,0.635000635000999,0.772511613859836));
#1618=DIRECTION('',(1.,0.,0.));
#1619=DIRECTION('center_axis',(0.,1.40283655884871E-13,1.));
#1620=DIRECTION('ref_axis',(0.,-1.,1.40283655884871E-13));
#1621=DIRECTION('',(1.,0.,0.));
#1622=DIRECTION('',(1.,0.,0.));
#1623=DIRECTION('',(1.,0.,0.));
#1624=DIRECTION('',(1.,0.,0.));
#1625=DIRECTION('center_axis',(1.,0.,0.));
#1626=DIRECTION('ref_axis',(0.,-0.992711634438188,-0.120513944633233));
#1627=DIRECTION('center_axis',(-0.0215753079248051,0.535568862187637,-0.844215908368819));
#1628=DIRECTION('ref_axis',(0.,-0.844412465676555,-0.535693557745509));
#1629=DIRECTION('center_axis',(0.0215753079256331,0.000352499855425096,
-0.999767163809537));
#1630=DIRECTION('ref_axis',(-0.968032587699996,0.249960340980149,-0.0208023337137519));
#1631=DIRECTION('center_axis',(-0.0215753079248288,-0.535568862187815,-0.844215908368705));
#1632=DIRECTION('ref_axis',(0.968032587699994,-0.222254308302609,0.116258038826493));
#1633=DIRECTION('center_axis',(-0.0215753079256345,0.000352499855430649,
0.999767163809537));
#1634=DIRECTION('ref_axis',(0.968032587699996,0.249960340980148,0.0208023337137519));
#1635=DIRECTION('center_axis',(0.,-0.500000000000001,-0.866025403784438));
#1636=DIRECTION('ref_axis',(1.,0.,0.));
#1637=DIRECTION('center_axis',(0.,-0.500000000000001,-0.866025403784438));
#1638=DIRECTION('ref_axis',(1.,0.,0.));
#1639=DIRECTION('center_axis',(1.,0.,0.));
#1640=DIRECTION('ref_axis',(0.,0.92806605603259,0.372415622175162));
#1641=DIRECTION('',(-1.,0.,0.));
#1642=DIRECTION('center_axis',(1.,0.,0.));
#1643=DIRECTION('ref_axis',(0.,0.928076816815436,-0.372388805000537));
#1644=DIRECTION('',(1.,0.,0.));
#1645=DIRECTION('center_axis',(0.,0.,1.));
#1646=DIRECTION('ref_axis',(1.,0.,0.));
#1647=DIRECTION('center_axis',(0.,-0.500000000000001,0.866025403784438));
#1648=DIRECTION('ref_axis',(1.,0.,0.));
#1649=DIRECTION('center_axis',(0.,-0.500000000000001,0.866025403784438));
#1650=DIRECTION('ref_axis',(1.,0.,0.));
#1651=DIRECTION('center_axis',(1.,0.,0.));
#1652=DIRECTION('ref_axis',(0.,-0.844412465674826,0.535693557748233));
#1653=DIRECTION('center_axis',(-1.,0.,0.));
#1654=DIRECTION('ref_axis',(0.,0.,1.));
#1655=DIRECTION('center_axis',(1.,0.,0.));
#1656=DIRECTION('ref_axis',(0.,1.,-1.41897790666295E-13));
#1657=DIRECTION('center_axis',(1.,0.,0.));
#1658=DIRECTION('ref_axis',(0.,0.635000635000906,-0.772511613859912));
#1659=DIRECTION('',(1.,0.,0.));
#1660=DIRECTION('center_axis',(1.,0.,0.));
#1661=DIRECTION('ref_axis',(0.,0.707106781186591,0.707106781186504));
#1662=DIRECTION('center_axis',(0.0155245281454681,-0.224569284468667,0.974334452587556));
#1663=DIRECTION('ref_axis',(0.997979715186782,-0.0565605977243363,-0.0289376374428924));
#1664=DIRECTION('center_axis',(1.,0.,0.));
#1665=DIRECTION('ref_axis',(0.,1.,0.));
#1666=DIRECTION('',(-0.707106781186548,0.707106781186547,-8.65956056235493E-17));
#1667=DIRECTION('center_axis',(1.,0.,0.));
#1668=DIRECTION('ref_axis',(0.,1.,0.));
#1669=DIRECTION('center_axis',(-1.,0.,0.));
#1670=DIRECTION('ref_axis',(0.,1.40180631636236E-13,1.));
#1671=DIRECTION('center_axis',(1.,0.,0.));
#1672=DIRECTION('ref_axis',(0.,1.,0.));
#1673=DIRECTION('center_axis',(1.,0.,0.));
#1674=DIRECTION('ref_axis',(0.,-1.,1.39321547213005E-13));
#1675=CARTESIAN_POINT('',(0.,0.,0.));
#1676=CARTESIAN_POINT('Origin',(0.,0.,0.));
#1677=CARTESIAN_POINT('',(-9.96830243306027,-15.001039239024,3.00513880958572E-7));
#1678=CARTESIAN_POINT('',(-10.0317000766194,-15.0046957891761,-3.06499845471539E-6));
#1679=CARTESIAN_POINT('',(0.,-15.,-1.83697019872103E-15));
#1680=CARTESIAN_POINT('',(-11.865476557552,-12.9957650350985,7.490666936429));
#1681=CARTESIAN_POINT('Ctrl Pts',(-11.8652601183238,-12.9957673111543,7.49066294295551));
#1682=CARTESIAN_POINT('Ctrl Pts',(-11.7889024718235,-11.1988413653185,10.6081227167633));
#1683=CARTESIAN_POINT('Ctrl Pts',(-11.6361507184818,-5.27786567078581,15.4850911282624));
#1684=CARTESIAN_POINT('Ctrl Pts',(-11.4070095910779,6.24837542098349,15.1204574160012));
#1685=CARTESIAN_POINT('Ctrl Pts',(-11.1778385130883,14.6635701417729,7.24949882632887));
#1686=CARTESIAN_POINT('Ctrl Pts',(-10.9486674197365,15.8070437700089,-4.21901246003858));
#1687=CARTESIAN_POINT('Ctrl Pts',(-10.7194968241869,9.10014096044677,-13.5936174621148));
#1688=CARTESIAN_POINT('Ctrl Pts',(-10.4903268707626,-2.1181998882779,-16.2214578464092));
#1689=CARTESIAN_POINT('Ctrl Pts',(-10.2611574386722,-12.2933245441348,-10.7972606095197));
#1690=CARTESIAN_POINT('Ctrl Pts',(-10.1082816544897,-15.0006426659215,-3.60522586549339));
#1691=CARTESIAN_POINT('Ctrl Pts',(-10.0317957860341,-15.0046928350523,-0.00450876898770058));
#1692=CARTESIAN_POINT('Ctrl Pts',(-10.0317000766194,-15.004695789176,-3.0649984548263E-6));
#1693=CARTESIAN_POINT('',(-11.8310041384029,-13.6261336538077,6.27124243261017));
#1694=CARTESIAN_POINT('Ctrl Pts',(-11.8310301762104,-13.6261384208415,6.2712432615236));
#1695=CARTESIAN_POINT('Ctrl Pts',(-11.8313574941259,-13.6232649779498,6.27748656095226));
#1696=CARTESIAN_POINT('Ctrl Pts',(-11.8423737419256,-13.5259323317551,6.48858471155541));
#1697=CARTESIAN_POINT('Ctrl Pts',(-11.8602684733755,-13.3247735543338,6.8994319874736));
#1698=CARTESIAN_POINT('Ctrl Pts',(-11.8653431044156,-13.1093042227343,7.29358647693616));
#1699=CARTESIAN_POINT('Ctrl Pts',(-11.8654754679556,-12.9968600027971,7.48876700269262));
#1700=CARTESIAN_POINT('Ctrl Pts',(-11.8654760362248,-12.9963125663618,7.48971700931214));
#1701=CARTESIAN_POINT('Ctrl Pts',(-11.865476557552,-12.9957650350985,7.490666936429));
#1702=CARTESIAN_POINT('Ctrl Pts',(-9.96830281579886,-15.0010392440496,-1.77320317187174E-5));
#1703=CARTESIAN_POINT('Ctrl Pts',(-9.96981047787672,-15.0010589969073,-0.0710505099256503));
#1704=CARTESIAN_POINT('Ctrl Pts',(-10.0221917931573,-14.9839282739878,-2.53896940533455));
#1705=CARTESIAN_POINT('Ctrl Pts',(-10.1254465209503,-13.7260770580454,-7.38687401076806));
#1706=CARTESIAN_POINT('Ctrl Pts',(-10.2526316698098,-9.5959073616006,-11.9677150186028));
#1707=CARTESIAN_POINT('Ctrl Pts',(-10.3543779303216,-5.30454171948365,-14.1828773963291));
#1708=CARTESIAN_POINT('Ctrl Pts',(-10.4561266401838,-0.612652682777903,
-15.3274277291905));
#1709=CARTESIAN_POINT('Ctrl Pts',(-10.5833095125722,5.50968949287101,-14.5815164028648));
#1710=CARTESIAN_POINT('Ctrl Pts',(-10.7359311942276,11.6151633997121,-10.393866972661));
#1711=CARTESIAN_POINT('Ctrl Pts',(-10.8885524487777,15.0997386311102,-3.86540903248803));
#1712=CARTESIAN_POINT('Ctrl Pts',(-11.04117284735,15.18143681811,3.53926990479252));
#1713=CARTESIAN_POINT('Ctrl Pts',(-11.1937946719706,11.8349578818368,10.1372957398647));
#1714=CARTESIAN_POINT('Ctrl Pts',(-11.3633722491046,5.15899679243903,14.94655422953));
#1715=CARTESIAN_POINT('Ctrl Pts',(-11.5499107042909,-4.07195432585744,15.5385036489194));
#1716=CARTESIAN_POINT('Ctrl Pts',(-11.7114398861536,-10.7902480141984,11.1717980327117));
#1717=CARTESIAN_POINT('Ctrl Pts',(-11.8051379542017,-13.1154091520344,7.37896940611126));
#1718=CARTESIAN_POINT('Ctrl Pts',(-11.8310046391313,-13.62432931383,6.27044808280012));
#1719=CARTESIAN_POINT('Origin',(0.,0.,0.));
#1720=CARTESIAN_POINT('',(-7.96830336621578,-14.9971167633001,0.00042331848379688));
#1721=CARTESIAN_POINT('',(-8.03169399331652,-15.0008720836897,4.98565930172334E-7));
#1722=CARTESIAN_POINT('',(0.,-15.,-1.83697019872103E-15));
#1723=CARTESIAN_POINT('Ctrl Pts',(-10.0317000766194,-15.004695789176,-3.0649984548263E-6));
#1724=CARTESIAN_POINT('Ctrl Pts',(-9.96389342230677,-15.0067886788812,3.1921250432429));
#1725=CARTESIAN_POINT('Ctrl Pts',(-9.82818421276103,-12.8873649772494,9.58295633822041));
#1726=CARTESIAN_POINT('Ctrl Pts',(-9.6245719180039,-4.61984533475102,15.3869198079532));
#1727=CARTESIAN_POINT('Ctrl Pts',(-9.4378423821896,4.63661830262997,15.1185214953249));
#1728=CARTESIAN_POINT('Ctrl Pts',(-9.26808485375616,11.482081517615,10.5372323995181));
#1729=CARTESIAN_POINT('Ctrl Pts',(-9.11530586924721,15.0546184102205,4.04947681096554));
#1730=CARTESIAN_POINT('Ctrl Pts',(-8.96252438474219,15.2210822973614,-3.36180183146868));
#1731=CARTESIAN_POINT('Ctrl Pts',(-8.80974519502216,11.949942501877,-10.0093462246218));
#1732=CARTESIAN_POINT('Ctrl Pts',(-8.65696433407929,5.97729937503303,-14.3968783337058));
#1733=CARTESIAN_POINT('Ctrl Pts',(-8.50418457403266,-1.34564962856238,-15.5298994623285));
#1734=CARTESIAN_POINT('Ctrl Pts',(-8.35140397233907,-8.36478745152993,-13.153907241824));
#1735=CARTESIAN_POINT('Ctrl Pts',(-8.19862404888765,-13.4933787972783,-7.80507732168737));
#1736=CARTESIAN_POINT('Ctrl Pts',(-8.09205384645813,-14.9439420924357,-2.84378993653011));
#1737=CARTESIAN_POINT('Ctrl Pts',(-8.03641054677848,-15.001022129341,-0.222220689772973));
#1738=CARTESIAN_POINT('Ctrl Pts',(-8.03169399331652,-15.0008720836897,4.9856593001274E-7));
#1739=CARTESIAN_POINT('Ctrl Pts',(-7.96831224046516,-14.997125724447,3.30703621043149E-6));
#1740=CARTESIAN_POINT('Ctrl Pts',(-8.00904119310525,-14.9950818375784,-1.92033837185221));
#1741=CARTESIAN_POINT('Ctrl Pts',(-8.11760182101372,-14.0229459434331,-7.04076672701131));
#1742=CARTESIAN_POINT('Ctrl Pts',(-8.29399520440092,-8.36063946963055,-13.7117645308115));
#1743=CARTESIAN_POINT('Ctrl Pts',(-8.49748790960097,1.46863081985322,-15.9943163293652));
#1744=CARTESIAN_POINT('Ctrl Pts',(-8.70098377590968,10.7250310069525,-11.9570478161644));
#1745=CARTESIAN_POINT('Ctrl Pts',(-8.88752095226654,15.3158159902696,-3.92898299992776));
#1746=CARTESIAN_POINT('Ctrl Pts',(-9.05709912986147,14.9806814403744,4.29310048167837));
#1747=CARTESIAN_POINT('Ctrl Pts',(-9.20972029507593,11.3171813111799,10.7200643859988));
#1748=CARTESIAN_POINT('Ctrl Pts',(-9.36234171007025,5.09207725694129,14.7315564748765));
#1749=CARTESIAN_POINT('Ctrl Pts',(-9.51496248354312,-2.27605396797919,15.4196385641649));
#1750=CARTESIAN_POINT('Ctrl Pts',(-9.66758376010522,-9.13360716642735,12.6309024141183));
#1751=CARTESIAN_POINT('Ctrl Pts',(-9.81869683305459,-13.8826703719634,7.04870354645143));
#1752=CARTESIAN_POINT('Ctrl Pts',(-9.91893656616819,-15.0003896230261,2.32584951459598));
#1753=CARTESIAN_POINT('Ctrl Pts',(-9.96830243306027,-15.001039239024,3.00513881154596E-7));
#1754=CARTESIAN_POINT('Origin',(0.,0.,0.));
#1755=CARTESIAN_POINT('',(-5.96830152412751,-14.9999779150165,-0.000268983750980077));
#1756=CARTESIAN_POINT('',(-6.03172747837942,-14.9978264662621,3.97661603257493E-6));
#1757=CARTESIAN_POINT('',(0.,-15.,-1.83697019872103E-15));
#1758=CARTESIAN_POINT('Ctrl Pts',(-8.03169399331652,-15.0008720836897,4.9856593001274E-7));
#1759=CARTESIAN_POINT('Ctrl Pts',(-7.98548380637269,-14.999402019234,2.17720101984434));
#1760=CARTESIAN_POINT('Ctrl Pts',(-7.88834697842671,-13.9897687262729,6.75508294258208));
#1761=CARTESIAN_POINT('Ctrl Pts',(-7.7402831698542,-9.49963509091646,12.3595047774084));
#1762=CARTESIAN_POINT('Ctrl Pts',(-7.58750305464979,-2.71821781657916,15.3491637995379));
#1763=CARTESIAN_POINT('Ctrl Pts',(-7.43472271341168,4.67462585341181,14.8705950224297));
#1764=CARTESIAN_POINT('Ctrl Pts',(-7.28194265723636,11.0165227179269,11.03056406264));
#1765=CARTESIAN_POINT('Ctrl Pts',(-7.12916261050408,14.8594088213905,4.69981185571063));
#1766=CARTESIAN_POINT('Ctrl Pts',(-6.95940607696769,15.4169146966019,-3.51956392005063));
#1767=CARTESIAN_POINT('Ctrl Pts',(-6.7726749781939,11.0344532803347,-11.6749492912875));
#1768=CARTESIAN_POINT('Ctrl Pts',(-6.56896921636049,1.87480805521839,-15.9546182916266));
#1769=CARTESIAN_POINT('Ctrl Pts',(-6.36526023192443,-8.02066697653246,-13.91530243219));
#1770=CARTESIAN_POINT('Ctrl Pts',(-6.1861809519812,-13.9323228324419,-7.2865886484481));
#1771=CARTESIAN_POINT('Ctrl Pts',(-6.07500311568925,-14.9946789763619,-2.0405220138598));
#1772=CARTESIAN_POINT('Ctrl Pts',(-6.03172747837942,-14.9978264662621,3.97661603257493E-6));
#1773=CARTESIAN_POINT('Ctrl Pts',(-5.96830152412751,-14.9999779150165,-0.00026898375097964));
#1774=CARTESIAN_POINT('Ctrl Pts',(-5.98042711691777,-15.0001865964555,-0.571872386431322));
#1775=CARTESIAN_POINT('Ctrl Pts',(-6.04342641780866,-14.8320841425144,-3.54127698701029));
#1776=CARTESIAN_POINT('Ctrl Pts',(-6.15729942947797,-12.9205415227649,-8.71954892987121));
#1777=CARTESIAN_POINT('Ctrl Pts',(-6.30992030107766,-7.43901993833672,-13.697537784187));
#1778=CARTESIAN_POINT('Ctrl Pts',(-6.46254164101274,-0.281992604432305,
-15.5839830015379));
#1779=CARTESIAN_POINT('Ctrl Pts',(-6.61516231610753,6.93833481432208,-13.9576962315663));
#1780=CARTESIAN_POINT('Ctrl Pts',(-6.7677838668746,12.5967884082843,-9.18153499860677));
#1781=CARTESIAN_POINT('Ctrl Pts',(-6.9204042579413,15.4075868448787,-2.33802293577341));
#1782=CARTESIAN_POINT('Ctrl Pts',(-7.08998426685082,14.6849662938029,5.85863783750793));
#1783=CARTESIAN_POINT('Ctrl Pts',(-7.27652032065974,9.10520788134406,13.2340204957645));
#1784=CARTESIAN_POINT('Ctrl Pts',(-7.4800150085313,-0.59201838721512,16.0490921546059));
#1785=CARTESIAN_POINT('Ctrl Pts',(-7.6835108266256,-10.0503861886597,12.528976334933));
#1786=CARTESIAN_POINT('Ctrl Pts',(-7.84627239054431,-14.4406317912084,5.75298992989907));
#1787=CARTESIAN_POINT('Ctrl Pts',(-7.94120295692952,-14.9984462018069,1.27818701934792));
#1788=CARTESIAN_POINT('Ctrl Pts',(-7.96830213089151,-14.9971262243239,0.000479966360433792));
#1789=CARTESIAN_POINT('Origin',(0.,0.,0.));
#1790=CARTESIAN_POINT('',(-3.96829722507323,-14.9992955944916,-5.91516935988246E-7));
#1791=CARTESIAN_POINT('',(-4.03169402748781,-14.9998662035653,-1.51493976877082E-7));
#1792=CARTESIAN_POINT('',(0.,-15.,-1.83697019872103E-15));
#1793=CARTESIAN_POINT('Ctrl Pts',(-6.03172747837942,-14.9978264662621,3.97661603257493E-6));
#1794=CARTESIAN_POINT('Ctrl Pts',(-6.00710074485629,-14.9996175986372,1.16119981192373));
#1795=CARTESIAN_POINT('Ctrl Pts',(-5.91457155910957,-14.5070322879949,5.52230883436848));
#1796=CARTESIAN_POINT('Ctrl Pts',(-5.77111511846814,-10.7731632153512,11.5761473523818));
#1797=CARTESIAN_POINT('Ctrl Pts',(-5.60136073848668,-3.38156116041571,15.2136482757759));
#1798=CARTESIAN_POINT('Ctrl Pts',(-5.44857958628227,4.02274138551086,15.0617042014946));
#1799=CARTESIAN_POINT('Ctrl Pts',(-5.29579966865606,10.5244221426555,11.4988410165092));
#1800=CARTESIAN_POINT('Ctrl Pts',(-5.14301937881516,14.644147041196,5.34170521262383));
#1801=CARTESIAN_POINT('Ctrl Pts',(-4.99023906536471,15.45645857915,-2.02489158084197));
#1802=CARTESIAN_POINT('Ctrl Pts',(-4.83745902546012,12.774669379749,-8.93258825752075));
#1803=CARTESIAN_POINT('Ctrl Pts',(-4.68467855328054,7.2069038171963,-13.8225266728876));
#1804=CARTESIAN_POINT('Ctrl Pts',(-4.53189859592313,0.00939980206831395,
-15.5879354822184));
#1805=CARTESIAN_POINT('Ctrl Pts',(-4.37911809722011,-7.18846856305184,-13.831879026489));
#1806=CARTESIAN_POINT('Ctrl Pts',(-4.22633810637598,-12.7651043224095,-8.94795351701337));
#1807=CARTESIAN_POINT('Ctrl Pts',(-4.11052994413945,-14.8008406469042,-3.71611892380749));
#1808=CARTESIAN_POINT('Ctrl Pts',(-4.04564859992711,-15.0000701035507,-0.657851675983079));
#1809=CARTESIAN_POINT('Ctrl Pts',(-4.03169402748781,-14.9998662035653,-1.51493976918715E-7));
#1810=CARTESIAN_POINT('Ctrl Pts',(-3.9683010888601,-14.999295720351,-0.000182691583559963));
#1811=CARTESIAN_POINT('Ctrl Pts',(-3.98573551558163,-14.9998586788216,-0.82186627536627));
#1812=CARTESIAN_POINT('Ctrl Pts',(-4.05404351498316,-14.7394057860892,-4.0408709129393));
#1813=CARTESIAN_POINT('Ctrl Pts',(-4.17322628972899,-12.4667255918478,-9.35581199766746));
#1814=CARTESIAN_POINT('Ctrl Pts',(-4.32584647807744,-6.74531180012716,-14.0519931538373));
#1815=CARTESIAN_POINT('Ctrl Pts',(-4.47846794316717,0.497629989442246,-15.579145517289));
#1816=CARTESIAN_POINT('Ctrl Pts',(-4.63108854814461,7.62870416945574,-13.5922624828212));
#1817=CARTESIAN_POINT('Ctrl Pts',(-4.78371018150214,13.0379302904854,-8.54184347109128));
#1818=CARTESIAN_POINT('Ctrl Pts',(-4.93633044928697,15.5098135376712,-1.56107131013769));
#1819=CARTESIAN_POINT('Ctrl Pts',(-5.08895238943695,14.4787291705712,5.76438749674607));
#1820=CARTESIAN_POINT('Ctrl Pts',(-5.25853065849381,9.71458595948395,12.4749614727814));
#1821=CARTESIAN_POINT('Ctrl Pts',(-5.44506796673613,1.17516015666216,16.0191278115814));
#1822=CARTESIAN_POINT('Ctrl Pts',(-5.64856177130027,-8.6220941847612,13.5535817629721));
#1823=CARTESIAN_POINT('Ctrl Pts',(-5.82297364306037,-14.0828315711693,6.85267342705674));
#1824=CARTESIAN_POINT('Ctrl Pts',(-5.92955340428077,-14.9993110599154,1.82632684005524));
#1825=CARTESIAN_POINT('Ctrl Pts',(-5.96830152412751,-14.9999779150165,-0.00026898375097964));
#1826=CARTESIAN_POINT('Origin',(0.,0.,0.));
#1827=CARTESIAN_POINT('',(-1.96834132557957,-14.9956754643537,1.08857005613749E-5));
#1828=CARTESIAN_POINT('',(-2.03169397768276,-14.9991838101615,-6.03953375227784E-7));
#1829=CARTESIAN_POINT('',(0.,-15.,-1.83697019872103E-15));
#1830=CARTESIAN_POINT('Ctrl Pts',(-4.03169402748781,-14.9998662035653,-1.51493976918715E-7));
#1831=CARTESIAN_POINT('Ctrl Pts',(-3.99472184333882,-14.9993259772101,1.74295598792826));
#1832=CARTESIAN_POINT('Ctrl Pts',(-3.88984738210243,-14.1405108585043,6.68866754243641));
#1833=CARTESIAN_POINT('Ctrl Pts',(-3.71707141353425,-8.83997790534737,13.4152207517807));
#1834=CARTESIAN_POINT('Ctrl Pts',(-3.51336346811569,0.928607339416189,16.0376610434284));
#1835=CARTESIAN_POINT('Ctrl Pts',(-3.32663212605828,9.53027593763572,12.6184812400751));
#1836=CARTESIAN_POINT('Ctrl Pts',(-3.15687636726097,14.396421048889,5.97023316939241));
#1837=CARTESIAN_POINT('Ctrl Pts',(-3.00409640600991,15.5310142326109,-1.34811592779594));
#1838=CARTESIAN_POINT('Ctrl Pts',(-2.85131590351762,13.1508220764125,-8.36935098241635));
#1839=CARTESIAN_POINT('Ctrl Pts',(-2.69853566943541,7.80168289577916,-13.4951517894999));
#1840=CARTESIAN_POINT('Ctrl Pts',(-2.54575563881818,0.688116315321979,-15.5731554608248));
#1841=CARTESIAN_POINT('Ctrl Pts',(-2.39297510699534,-6.58060603798965,-14.1312474237015));
#1842=CARTESIAN_POINT('Ctrl Pts',(-2.24019471306789,-12.3619334150581,-9.49590379703802));
#1843=CARTESIAN_POINT('Ctrl Pts',(-2.11976809604102,-14.7172796390935,-4.1506843009536));
#1844=CARTESIAN_POINT('Ctrl Pts',(-2.05026761921871,-14.9997266154664,-0.875393126665014));
#1845=CARTESIAN_POINT('Ctrl Pts',(-2.03169397768276,-14.9991838101615,-6.0395337575514E-7));
#1846=CARTESIAN_POINT('Ctrl Pts',(-1.96834132557957,-14.9956754643537,1.08857005617358E-5));
#1847=CARTESIAN_POINT('Ctrl Pts',(-2.01650824237669,-14.9904124004608,-2.2715058927528));
#1848=CARTESIAN_POINT('Ctrl Pts',(-2.14098578237862,-13.6689803528459,-8.14694787057404));
#1849=CARTESIAN_POINT('Ctrl Pts',(-2.34177382542517,-6.33479325722755,-15.080177312975));
#1850=CARTESIAN_POINT('Ctrl Pts',(-2.5707044800534,5.17742088083899,-15.5185811243884));
#1851=CARTESIAN_POINT('Ctrl Pts',(-2.774198987028,13.1093599717063,-9.07020889496112));
#1852=CARTESIAN_POINT('Ctrl Pts',(-2.95225725211806,15.5615590831251,-0.78119842323685));
#1853=CARTESIAN_POINT('Ctrl Pts',(-3.10487824343388,14.1769751680528,6.48240472065753));
#1854=CARTESIAN_POINT('Ctrl Pts',(-3.25749925971642,9.58292861190029,12.2930637008571));
#1855=CARTESIAN_POINT('Ctrl Pts',(-3.41012034496323,2.83388283930954,15.3267973308394));
#1856=CARTESIAN_POINT('Ctrl Pts',(-3.56274146836378,-4.55719290132482,14.9061607939006));
#1857=CARTESIAN_POINT('Ctrl Pts',(-3.71536225052857,-10.9194821047655,11.1229671791187));
#1858=CARTESIAN_POINT('Ctrl Pts',(-3.85054828326127,-14.3736480365002,5.55031607403093));
#1859=CARTESIAN_POINT('Ctrl Pts',(-3.93485943168677,-14.9981968901156,1.57592081838978));
#1860=CARTESIAN_POINT('Ctrl Pts',(-3.96829722507323,-14.9992955944916,-5.91516935877223E-7));
#1861=CARTESIAN_POINT('Origin',(0.,0.,0.));
#1862=CARTESIAN_POINT('',(0.0317386126112471,-14.9957989565316,-1.10122222879427E-5));
#1863=CARTESIAN_POINT('',(-0.0317387104901971,-14.9958038869314,1.09878830442667E-5));
#1864=CARTESIAN_POINT('',(0.,-15.,-1.83697019872103E-15));
#1865=CARTESIAN_POINT('Ctrl Pts',(-2.03169397768276,-14.9991838101615,-6.0395337575514E-7));
#1866=CARTESIAN_POINT('Ctrl Pts',(-1.99934075662663,-14.9982383035959,1.52483596314299));
#1867=CARTESIAN_POINT('Ctrl Pts',(-1.91606061598465,-14.4020286867591,5.45059132596467));
#1868=CARTESIAN_POINT('Ctrl Pts',(-1.78185456344526,-11.0280164428616,11.0171014404703));
#1869=CARTESIAN_POINT('Ctrl Pts',(-1.62907405957523,-4.69490702570648,14.8646897569315));
#1870=CARTESIAN_POINT('Ctrl Pts',(-1.47629396323764,2.70027061626213,15.3521613641586));
#1871=CARTESIAN_POINT('Ctrl Pts',(-1.32351360829865,9.48222797840941,12.3724791452982));
#1872=CARTESIAN_POINT('Ctrl Pts',(-1.17073360046496,14.1276359542085,6.59224975655273));
#1873=CARTESIAN_POINT('Ctrl Pts',(-1.01795293962428,15.5679989368555,-0.668777800218763));
#1874=CARTESIAN_POINT('Ctrl Pts',(-0.83971024279675,13.1711549440362,-8.98386754524713));
#1875=CARTESIAN_POINT('Ctrl Pts',(-0.636003175313459,5.27105747010658,-15.4901640628942));
#1876=CARTESIAN_POINT('Ctrl Pts',(-0.406831676980391,-6.25712117511449,
-15.1158085153394));
#1877=CARTESIAN_POINT('Ctrl Pts',(-0.205410579674428,-13.6490482293946,
-8.19546321877971));
#1878=CARTESIAN_POINT('Ctrl Pts',(-0.0803795203959307,-14.9902933585505,
-2.29379870593795));
#1879=CARTESIAN_POINT('Ctrl Pts',(-0.0317387104901971,-14.9958038869314,
1.09878830444332E-5));
#1880=CARTESIAN_POINT('',(-0.968189727553155,14.9999990676449,-0.00528872891027654));
#1881=CARTESIAN_POINT('Ctrl Pts',(-0.968189727553155,14.9999990676449,-0.00528872891027626));
#1882=CARTESIAN_POINT('Ctrl Pts',(-1.04449661595948,15.0012669090293,3.59058844811505));
#1883=CARTESIAN_POINT('Ctrl Pts',(-1.19711369249072,12.3136910033046,10.7673660191883));
#1884=CARTESIAN_POINT('Ctrl Pts',(-1.4260462580375,2.16267648695947,16.2140741178064));
#1885=CARTESIAN_POINT('Ctrl Pts',(-1.65497727714189,-9.05034611976665,13.62228952515));
#1886=CARTESIAN_POINT('Ctrl Pts',(-1.83574297012508,-14.3689231086353,6.2507172047745));
#1887=CARTESIAN_POINT('Ctrl Pts',(-1.94019752765153,-14.9987506582115,1.32725193524154));
#1888=CARTESIAN_POINT('Ctrl Pts',(-1.96834132557957,-14.9956754643537,1.08857005617358E-5));
#1889=CARTESIAN_POINT('Ctrl Pts',(0.0317386126112471,-14.9957989565316,
-1.10122222884979E-5));
#1890=CARTESIAN_POINT('Ctrl Pts',(0.00398940937885221,-14.9989472192361,
-1.3086160606859));
#1891=CARTESIAN_POINT('Ctrl Pts',(-0.100149742262902,-14.3801769144183,
-6.21705920869141));
#1892=CARTESIAN_POINT('Ctrl Pts',(-0.280677829539235,-9.09249776955037,
-13.5977592428671));
#1893=CARTESIAN_POINT('Ctrl Pts',(-0.509849482079415,2.1268830676505,-16.2217348568764));
#1894=CARTESIAN_POINT('Ctrl Pts',(-0.739016047225914,12.3000056471412,-10.7876677840999));
#1895=CARTESIAN_POINT('Ctrl Pts',(-0.891803257357811,14.9987299040065,-3.60491610915841));
#1896=CARTESIAN_POINT('Ctrl Pts',(-0.968189727553155,14.9999990676449,-0.00528872891027656));
#1897=CARTESIAN_POINT('Origin',(0.,0.,0.));
#1898=CARTESIAN_POINT('',(2.0317535614537,-15.0057296630832,1.18867274102527E-5));
#1899=CARTESIAN_POINT('',(1.96834083702961,-14.9956782588117,-1.08806879720036E-5));
#1900=CARTESIAN_POINT('',(0.,-15.,-1.83697019872103E-15));
#1901=CARTESIAN_POINT('',(0.968189727553155,14.9999990676449,0.00528872891027488));
#1902=CARTESIAN_POINT('Ctrl Pts',(0.968189727553155,14.9999990676449,0.00528872891027593));
#1903=CARTESIAN_POINT('Ctrl Pts',(1.04449661595949,15.0012669090293,-3.59058844811512));
#1904=CARTESIAN_POINT('Ctrl Pts',(1.19712464635221,12.3134272357331,-10.7678180494988));
#1905=CARTESIAN_POINT('Ctrl Pts',(1.42605245089634,2.16227801266989,-16.214063492103));
#1906=CARTESIAN_POINT('Ctrl Pts',(1.65498532378477,-9.05064268500952,-13.6220877487713));
#1907=CARTESIAN_POINT('Ctrl Pts',(1.83574684244382,-14.3689978459297,-6.25056198936858));
#1908=CARTESIAN_POINT('Ctrl Pts',(1.94019902574771,-14.998756051184,-1.32716701634814));
#1909=CARTESIAN_POINT('Ctrl Pts',(1.96834083702961,-14.9956782588118,-1.08806879712819E-5));
#1910=CARTESIAN_POINT('Ctrl Pts',(-0.0317387104901971,-14.9958038869314,
1.09878830444332E-5));
#1911=CARTESIAN_POINT('Ctrl Pts',(-0.00398947417548003,-14.9989476042042,
1.30861311392051));
#1912=CARTESIAN_POINT('Ctrl Pts',(0.100149711828114,-14.3801588266947,6.21704071823832));
#1913=CARTESIAN_POINT('Ctrl Pts',(0.280677830608543,-9.09251379758983,13.5977729752601));
#1914=CARTESIAN_POINT('Ctrl Pts',(0.509849484215038,2.12689326515036,16.2217277474019));
#1915=CARTESIAN_POINT('Ctrl Pts',(0.739016050535876,12.2999977215908,10.787671733706));
#1916=CARTESIAN_POINT('Ctrl Pts',(0.891803257497801,14.9987299040088,3.60491610256152));
#1917=CARTESIAN_POINT('Ctrl Pts',(0.968189727553155,14.9999990676449,0.00528872891027543));
#1918=CARTESIAN_POINT('Ctrl Pts',(2.0317535614537,-15.0057296630832,1.18867274103152E-5));
#1919=CARTESIAN_POINT('Ctrl Pts',(2.02484386256674,-15.0064704675814,-0.325128036115768));
#1920=CARTESIAN_POINT('Ctrl Pts',(1.94154365966036,-14.8844594277314,-4.24413538747864));
#1921=CARTESIAN_POINT('Ctrl Pts',(1.80731740803744,-12.0959537817286,-10.38682240175));
#1922=CARTESIAN_POINT('Ctrl Pts',(1.62907390425693,-4.68973909603156,-14.8598253489731));
#1923=CARTESIAN_POINT('Ctrl Pts',(1.47629391804726,2.69747905797678,-15.3546242813933));
#1924=CARTESIAN_POINT('Ctrl Pts',(1.3235138267939,9.48383878378205,-12.3713235711995));
#1925=CARTESIAN_POINT('Ctrl Pts',(1.17073358408887,14.1262352735667,-6.59335423466791));
#1926=CARTESIAN_POINT('Ctrl Pts',(1.01795290349393,15.5686088184885,0.669323572474167));
#1927=CARTESIAN_POINT('Ctrl Pts',(0.839710276620263,13.1707882270206,8.98353212421242));
#1928=CARTESIAN_POINT('Ctrl Pts',(0.636003163635289,5.27125885431697,15.4903483043344));
#1929=CARTESIAN_POINT('Ctrl Pts',(0.406831685908055,-6.25722352636735,15.1157148981306));
#1930=CARTESIAN_POINT('Ctrl Pts',(0.205410544930425,-13.6490145578472,8.19549352010379));
#1931=CARTESIAN_POINT('Ctrl Pts',(0.0803794544781472,-14.9902804503935,
2.29380804612955));
#1932=CARTESIAN_POINT('Ctrl Pts',(0.0317386126112471,-14.9957989565316,
-1.10122222884979E-5));
#1933=CARTESIAN_POINT('Origin',(0.,0.,0.));
#1934=CARTESIAN_POINT('',(4.03169447043139,-14.9998459639046,1.4764167187431E-7));
#1935=CARTESIAN_POINT('',(3.96830171492406,-15.0013821081431,4.19553776949411E-6));
#1936=CARTESIAN_POINT('',(0.,-15.,-1.83697019872103E-15));
#1937=CARTESIAN_POINT('Ctrl Pts',(1.96834083702961,-14.9956782588118,-1.08806879712819E-5));
#1938=CARTESIAN_POINT('Ctrl Pts',(2.01650949756769,-14.9904101851082,2.27160315080699));
#1939=CARTESIAN_POINT('Ctrl Pts',(2.14098883349535,-13.668902784867,8.14715079819505));
#1940=CARTESIAN_POINT('Ctrl Pts',(2.34177865725335,-6.33462799127764,15.0800589739385));
#1941=CARTESIAN_POINT('Ctrl Pts',(2.5707113937603,5.17788946080704,15.5189352640516));
#1942=CARTESIAN_POINT('Ctrl Pts',(2.77420620398677,13.1093150556881,9.06905836066623));
#1943=CARTESIAN_POINT('Ctrl Pts',(2.95226313304063,15.5619727560715,0.782299169235156));
#1944=CARTESIAN_POINT('Ctrl Pts',(3.10488478673292,14.1759899795514,-6.48554473067546));
#1945=CARTESIAN_POINT('Ctrl Pts',(3.25750502689494,9.58436033846759,-12.2887265734391));
#1946=CARTESIAN_POINT('Ctrl Pts',(3.42708485654196,2.07963135672203,-15.6746107396925));
#1947=CARTESIAN_POINT('Ctrl Pts',(3.57970538869439,-5.40674014229385,-14.6461920495719));
#1948=CARTESIAN_POINT('Ctrl Pts',(3.71960835293105,-10.855856090325,-10.7647785378202));
#1949=CARTESIAN_POINT('Ctrl Pts',(3.8298343944188,-13.89368873127,-6.46253153677964));
#1950=CARTESIAN_POINT('Ctrl Pts',(3.91414557542094,-14.926005816215,-2.55157304486097));
#1951=CARTESIAN_POINT('Ctrl Pts',(3.96030132236994,-15.0025136108146,-0.376915427711721));
#1952=CARTESIAN_POINT('Ctrl Pts',(3.96830171492406,-15.0013821081431,4.1955377698133E-6));
#1953=CARTESIAN_POINT('Ctrl Pts',(4.0316944704314,-14.9998459639046,1.47641671777166E-7));
#1954=CARTESIAN_POINT('Ctrl Pts',(3.99472213926439,-14.999312145838,-1.74298766651843));
#1955=CARTESIAN_POINT('Ctrl Pts',(3.88984752446214,-14.1405531332134,-6.68876025854693));
#1956=CARTESIAN_POINT('Ctrl Pts',(3.71707144734075,-8.83994176401868,-13.4148997061788));
#1957=CARTESIAN_POINT('Ctrl Pts',(3.51336344388094,0.928568495371868,-16.0381772689019));
#1958=CARTESIAN_POINT('Ctrl Pts',(3.32663218940927,9.53034137958691,-12.6174621505569));
#1959=CARTESIAN_POINT('Ctrl Pts',(3.15687628386947,14.396308022111,-5.97204610559335));
#1960=CARTESIAN_POINT('Ctrl Pts',(3.00409659813501,15.5312440806762,1.35182445206859));
#1961=CARTESIAN_POINT('Ctrl Pts',(2.85131554001391,13.1503586998185,8.36190411218608));
#1962=CARTESIAN_POINT('Ctrl Pts',(2.67307312336665,6.91124740377914,14.3668850069731));
#1963=CARTESIAN_POINT('Ctrl Pts',(2.50756046050236,-1.27661380440441,15.7305742641384));
#1964=CARTESIAN_POINT('Ctrl Pts',(2.37387845273416,-7.23864365417219,13.3503319458441));
#1965=CARTESIAN_POINT('Ctrl Pts',(2.29748687748527,-10.1190633906919,11.1784773587715));
#1966=CARTESIAN_POINT('Ctrl Pts',(2.18981317987045,-13.5886603516357,7.44543125779574));
#1967=CARTESIAN_POINT('Ctrl Pts',(2.1012343961122,-14.9982804651233,3.26947320327906));
#1968=CARTESIAN_POINT('Ctrl Pts',(2.0317535614537,-15.0057296630832,1.18867274103152E-5));
#1969=CARTESIAN_POINT('Origin',(0.,0.,0.));
#1970=CARTESIAN_POINT('',(6.03173856777253,-14.9982498330288,-3.85513342901489E-6));
#1971=CARTESIAN_POINT('',(5.96829541686001,-14.9999647485232,1.34783156441332E-7));
#1972=CARTESIAN_POINT('',(0.,-15.,-1.83697019872103E-15));
#1973=CARTESIAN_POINT('Ctrl Pts',(3.96830171492406,-15.0013821081431,4.1955377698133E-6));
#1974=CARTESIAN_POINT('Ctrl Pts',(4.03661201784512,-14.9917209209294,3.2182829820965));
#1975=CARTESIAN_POINT('Ctrl Pts',(4.18123283813546,-12.7497732845821,10.0280470875609));
#1976=CARTESIAN_POINT('Ctrl Pts',(4.40216443087402,-3.3670453491611,16.0110928020191));
#1977=CARTESIAN_POINT('Ctrl Pts',(4.60565841521127,6.73196467392546,14.4480350910428));
#1978=CARTESIAN_POINT('Ctrl Pts',(4.78371597925373,13.0361399904716,8.53561835193834));
#1979=CARTESIAN_POINT('Ctrl Pts',(4.93633745634765,15.5107152168824,1.56378976716442));
#1980=CARTESIAN_POINT('Ctrl Pts',(5.08895831234788,14.4783454939324,-5.7662858966976));
#1981=CARTESIAN_POINT('Ctrl Pts',(5.25853695403652,9.71411812355138,-12.4738891434116));
#1982=CARTESIAN_POINT('Ctrl Pts',(5.44507410884304,1.17546919046527,-16.0204541435963));
#1983=CARTESIAN_POINT('Ctrl Pts',(5.64856881495707,-8.62080608186004,-13.5527444857756));
#1984=CARTESIAN_POINT('Ctrl Pts',(5.82297613367954,-14.0834435836136,-6.85273600215435));
#1985=CARTESIAN_POINT('Ctrl Pts',(5.92955147511158,-14.9993874803214,-1.82643545169238));
#1986=CARTESIAN_POINT('Ctrl Pts',(5.96829541686001,-14.9999647485232,1.34783156469087E-7));
#1987=CARTESIAN_POINT('Ctrl Pts',(6.03173856777253,-14.9982498330288,-3.85513342893162E-6));
#1988=CARTESIAN_POINT('Ctrl Pts',(6.00710828357742,-15.0002378844689,-1.16127992536098));
#1989=CARTESIAN_POINT('Ctrl Pts',(5.91457570545222,-14.508053518834,-5.52232717755869));
#1990=CARTESIAN_POINT('Ctrl Pts',(5.77111487507034,-10.7707206280049,-11.5779231563157));
#1991=CARTESIAN_POINT('Ctrl Pts',(5.60136051215806,-3.38526601392594,-15.2097826072929));
#1992=CARTESIAN_POINT('Ctrl Pts',(5.43160406107651,4.85427945837823,-15.0527915867218));
#1993=CARTESIAN_POINT('Ctrl Pts',(5.27882409653252,11.1799234186925,-10.8970122033518));
#1994=CARTESIAN_POINT('Ctrl Pts',(5.12604381302019,14.7279572146691,-4.51625318053121));
#1995=CARTESIAN_POINT('Ctrl Pts',(4.99023906186607,15.4600199778696,2.02101707965473));
#1996=CARTESIAN_POINT('Ctrl Pts',(4.83745904361436,12.7728771178031,8.93453911646321));
#1997=CARTESIAN_POINT('Ctrl Pts',(4.68467856059298,7.20782240254446,13.8215316668261));
#1998=CARTESIAN_POINT('Ctrl Pts',(4.53189860651958,0.00892823107963387,
15.5884372664834));
#1999=CARTESIAN_POINT('Ctrl Pts',(4.37911810814111,-7.18822499136858,13.8316392277814));
#2000=CARTESIAN_POINT('Ctrl Pts',(4.22633811269236,-12.7652295711773,8.9480426913577));
#2001=CARTESIAN_POINT('Ctrl Pts',(4.11053010235184,-14.8008191698817,3.71616209232564));
#2002=CARTESIAN_POINT('Ctrl Pts',(4.04564889912448,-15.0000474423051,0.657854234681914));
#2003=CARTESIAN_POINT('Ctrl Pts',(4.0316944704314,-14.9998459639046,1.47641671777166E-7));
#2004=CARTESIAN_POINT('Origin',(0.,0.,0.));
#2005=CARTESIAN_POINT('',(8.03169060522743,-15.0008855725915,-4.02237157574869E-7));
#2006=CARTESIAN_POINT('',(7.96830222344902,-14.9965339431686,-0.00138107935774801));
#2007=CARTESIAN_POINT('',(0.,-15.,-1.83697019872103E-15));
#2008=CARTESIAN_POINT('Ctrl Pts',(5.96830265528362,-14.9999648525052,0.000341362688832253));
#2009=CARTESIAN_POINT('Ctrl Pts',(5.98042993876953,-15.000132584868,0.572035927204908));
#2010=CARTESIAN_POINT('Ctrl Pts',(6.0434308820848,-14.8318174444829,3.54156209839716));
#2011=CARTESIAN_POINT('Ctrl Pts',(6.15730581419162,-12.9205379032402,8.71964676624848));
#2012=CARTESIAN_POINT('Ctrl Pts',(6.30992657259205,-7.43869900970119,13.6979238415248));
#2013=CARTESIAN_POINT('Ctrl Pts',(6.46254784213183,-0.281640951357201,15.5835584395052));
#2014=CARTESIAN_POINT('Ctrl Pts',(6.61516880007245,6.93845086208028,13.9583759975309));
#2015=CARTESIAN_POINT('Ctrl Pts',(6.76778979098037,12.5973185675669,9.1797132753843));
#2016=CARTESIAN_POINT('Ctrl Pts',(6.92041118614768,15.4069554681125,2.34071722599904));
#2017=CARTESIAN_POINT('Ctrl Pts',(7.08998927522829,14.6861297903348,-5.8650824174288));
#2018=CARTESIAN_POINT('Ctrl Pts',(7.24261104348352,10.1189973086369,-11.8839260980583));
#2019=CARTESIAN_POINT('Ctrl Pts',(7.39523160007915,3.52119277989819,-14.9977115751061));
#2020=CARTESIAN_POINT('Ctrl Pts',(7.53089552034417,-3.0396123838184,-15.2866276967304));
#2021=CARTESIAN_POINT('Ctrl Pts',(7.70047370943372,-10.5067176224463,-11.8156046722735));
#2022=CARTESIAN_POINT('Ctrl Pts',(7.8462762607522,-14.4419579386496,-5.75382802012683));
#2023=CARTESIAN_POINT('Ctrl Pts',(7.94120510717786,-14.9982282554302,-1.27918143045288));
#2024=CARTESIAN_POINT('Ctrl Pts',(7.96830222344902,-14.9965339431686,-0.00138107935774789));
#2025=CARTESIAN_POINT('Ctrl Pts',(8.03169060522743,-15.0008855725915,-4.02237157248742E-7));
#2026=CARTESIAN_POINT('Ctrl Pts',(7.98548154594272,-14.9994947574607,-2.17755442685255));
#2027=CARTESIAN_POINT('Ctrl Pts',(7.88834582245804,-13.9900946003579,-6.75717604302562));
#2028=CARTESIAN_POINT('Ctrl Pts',(7.74028327043135,-9.49874855145388,-12.3550255468489));
#2029=CARTESIAN_POINT('Ctrl Pts',(7.57052728458286,-1.96645301513884,-15.6911992407301));
#2030=CARTESIAN_POINT('Ctrl Pts',(7.38379596934724,7.19696600963424,-14.3620529582423));
#2031=CARTESIAN_POINT('Ctrl Pts',(7.18008982418413,14.3499490859643,-7.21926338744733));
#2032=CARTESIAN_POINT('Ctrl Pts',(6.9763821195947,15.8212942637485,2.77765084921764));
#2033=CARTESIAN_POINT('Ctrl Pts',(6.77267516941283,11.0315875342942,11.6748857250747));
#2034=CARTESIAN_POINT('Ctrl Pts',(6.5689690304175,1.8766288506408,15.9542784084925));
#2035=CARTESIAN_POINT('Ctrl Pts',(6.36526049366601,-8.02195228886925,13.9161014234274));
#2036=CARTESIAN_POINT('Ctrl Pts',(6.18618414936171,-13.931119483527,7.28544542379793));
#2037=CARTESIAN_POINT('Ctrl Pts',(6.07501043431819,-14.9947571126071,2.04019116395308));
#2038=CARTESIAN_POINT('Ctrl Pts',(6.03173856777253,-14.9982498330288,-3.85513342893162E-6));
#2039=CARTESIAN_POINT('Origin',(0.,0.,0.));
#2040=CARTESIAN_POINT('',(10.0317053747079,-15.0047603558055,2.79385678780743E-6));
#2041=CARTESIAN_POINT('',(9.9682945539401,-15.0010380659131,-1.16721040385043E-7));
#2042=CARTESIAN_POINT('',(0.,-15.,-1.83697019872103E-15));
#2043=CARTESIAN_POINT('',(11.8654765925805,-12.9957650365019,-7.4906669339942));
#2044=CARTESIAN_POINT('Ctrl Pts',(11.8652601183992,-12.9957673129503,-7.49066293996317));
#2045=CARTESIAN_POINT('Ctrl Pts',(11.7889024795784,-11.198841596063,-10.6081225580679));
#2046=CARTESIAN_POINT('Ctrl Pts',(11.6361507456821,-5.27801494759817,-15.4855255369827));
#2047=CARTESIAN_POINT('Ctrl Pts',(11.40700959671,6.24864159519884,-15.1196652551829));
#2048=CARTESIAN_POINT('Ctrl Pts',(11.1778385707198,14.6630653271376,-7.25099837376757));
#2049=CARTESIAN_POINT('Ctrl Pts',(10.9486673807459,15.8080358774207,4.22194037148167));
#2050=CARTESIAN_POINT('Ctrl Pts',(10.7576919684942,10.2163169758012,12.0264533523274));
#2051=CARTESIAN_POINT('Ctrl Pts',(10.6049128548388,3.49144887221414,14.9128125589923));
#2052=CARTESIAN_POINT('Ctrl Pts',(10.4521320148073,-3.81337719666753,15.3121507607363));
#2053=CARTESIAN_POINT('Ctrl Pts',(10.2611574168227,-12.2935337251879,10.8002132907621));
#2054=CARTESIAN_POINT('Ctrl Pts',(10.1082834314624,-15.000889897266,3.60566094442209));
#2055=CARTESIAN_POINT('Ctrl Pts',(10.0317993273404,-15.004757642172,0.00442653039445617));
#2056=CARTESIAN_POINT('Ctrl Pts',(10.0317053747079,-15.0047603558055,2.79385678741712E-6));
#2057=CARTESIAN_POINT('',(11.831000340724,-13.6260588321476,-6.27140500229842));
#2058=CARTESIAN_POINT('Ctrl Pts',(11.8282234308968,-13.6259946579573,-6.27152342597423));
#2059=CARTESIAN_POINT('Ctrl Pts',(11.8495628066832,-13.4344979581147,-6.68758189958599));
#2060=CARTESIAN_POINT('Ctrl Pts',(11.8662359337203,-13.2246185310858,-7.09342113600479));
#2061=CARTESIAN_POINT('Ctrl Pts',(11.8654737338619,-12.9968599539105,-7.48876709246636));
#2062=CARTESIAN_POINT('Ctrl Pts',(11.8654760595299,-12.9963125669646,-7.48971700826578));
#2063=CARTESIAN_POINT('Ctrl Pts',(11.8654765925805,-12.9957650365019,-7.4906669339942));
#2064=CARTESIAN_POINT('Ctrl Pts',(9.96830144815874,-15.0010381480358,0.000324738137326168));
#2065=CARTESIAN_POINT('Ctrl Pts',(9.96981163211792,-15.0010553541402,0.071484446286615));
#2066=CARTESIAN_POINT('Ctrl Pts',(10.0221954997188,-14.9838050193504,2.53977275365106));
#2067=CARTESIAN_POINT('Ctrl Pts',(10.1254532975104,-13.725673427562,7.38589126672363));
#2068=CARTESIAN_POINT('Ctrl Pts',(10.278073986933,-8.77038452611088,12.8857804099296));
#2069=CARTESIAN_POINT('Ctrl Pts',(10.4306954259422,-1.83722513228847,15.4780249204695));
#2070=CARTESIAN_POINT('Ctrl Pts',(10.5833160414561,5.51020484014631,14.5808110657306));
#2071=CARTESIAN_POINT('Ctrl Pts',(10.73593770381,11.6151811762234,10.3939105582405));
#2072=CARTESIAN_POINT('Ctrl Pts',(10.8885577262331,15.1000448843482,3.86502920028745));
#2073=CARTESIAN_POINT('Ctrl Pts',(11.0411798489177,15.1809652784065,-3.53951606386749));
#2074=CARTESIAN_POINT('Ctrl Pts',(11.193799996543,11.8355064656065,-10.1375523755206));
#2075=CARTESIAN_POINT('Ctrl Pts',(11.3633804270947,5.15722238699869,-14.946652727776));
#2076=CARTESIAN_POINT('Ctrl Pts',(11.5499154816353,-4.06986909966576,-15.5384149321708));
#2077=CARTESIAN_POINT('Ctrl Pts',(11.7114425176278,-10.7931619455191,-11.1717400912179));
#2078=CARTESIAN_POINT('Ctrl Pts',(11.8051372670992,-13.1145767872689,-7.37897792936511));
#2079=CARTESIAN_POINT('Ctrl Pts',(11.8310002205475,-13.6225849250716,-6.27058368504065));
#2080=CARTESIAN_POINT('Origin',(-15.,4.48834841531101,2.25));
#2081=CARTESIAN_POINT('',(-8.,4.23834841531101,2.));
#2082=CARTESIAN_POINT('',(-8.,4.73834841531101,2.5));
#2083=CARTESIAN_POINT('',(-8.,2.80376131148326,0.565412896172247));
#2084=CARTESIAN_POINT('',(-22.5,4.73834841531101,2.5));
#2085=CARTESIAN_POINT('',(-15.,4.73834841531101,2.5));
#2086=CARTESIAN_POINT('',(-22.5,4.23834841531101,2.));
#2087=CARTESIAN_POINT('',(-22.5,4.73834841531101,2.5));
#2088=CARTESIAN_POINT('',(-15.,4.23834841531101,2.));
#2089=CARTESIAN_POINT('Origin',(-22.5,4.48834841531101,-8.01291400381636E-16));
#2090=CARTESIAN_POINT('',(-22.5,4.73834841531101,-2.5));
#2091=CARTESIAN_POINT('Origin',(-22.5,4.73834841531101,-8.56802551612893E-16));
#2092=CARTESIAN_POINT('',(-22.5,4.23834841531101,-2.));
#2093=CARTESIAN_POINT('',(-22.5,4.73834841531101,-2.5));
#2094=CARTESIAN_POINT('Origin',(-22.5,4.23834841531101,-7.45780249150377E-16));
#2095=CARTESIAN_POINT('Origin',(-15.,4.48834841531101,-2.25));
#2096=CARTESIAN_POINT('',(-8.,4.73834841531101,-2.5));
#2097=CARTESIAN_POINT('',(-8.,4.23834841531101,-2.));
#2098=CARTESIAN_POINT('',(-8.,2.80376131148326,-0.565412896172248));
#2099=CARTESIAN_POINT('',(-15.,4.23834841531101,-2.));
#2100=CARTESIAN_POINT('',(-15.,4.73834841531101,-2.5));
#2101=CARTESIAN_POINT('Origin',(-15.,4.23834841531101,-2.5));
#2102=CARTESIAN_POINT('',(-22.5,6.53834841531101,-2.5));
#2103=CARTESIAN_POINT('',(-22.5,2.11917420765551,-2.5));
#2104=CARTESIAN_POINT('',(-8.,6.53834841531101,-2.5));
#2105=CARTESIAN_POINT('',(0.,6.53834841531101,-2.5));
#2106=CARTESIAN_POINT('',(-8.,2.11917420765551,-2.5));
#2107=CARTESIAN_POINT('Origin',(-22.5,3.26917420765551,2.96708356287177E-17));
#2108=CARTESIAN_POINT('',(-22.5,6.53834841531101,2.5));
#2109=CARTESIAN_POINT('',(-22.5,3.26917420765551,2.5));
#2110=CARTESIAN_POINT('',(-24.2509999999975,6.7687518051689,1.7843763616488));
#2111=CARTESIAN_POINT('Ctrl Pts',(-24.250999999997,6.76875180516982,1.78437636164861));
#2112=CARTESIAN_POINT('Ctrl Pts',(-24.0333257654036,6.71244192770003,1.99797904825917));
#2113=CARTESIAN_POINT('Ctrl Pts',(-23.7603342629045,6.65210437251577,2.18333861988626));
#2114=CARTESIAN_POINT('Ctrl Pts',(-23.1530990112645,6.56383934070343,2.43605998307254));
#2115=CARTESIAN_POINT('Ctrl Pts',(-22.8170570406831,6.53834841531101,2.5));
#2116=CARTESIAN_POINT('Ctrl Pts',(-22.5,6.53834841531101,2.5));
#2117=CARTESIAN_POINT('',(-25.,7.749,-2.67337576272481E-15));
#2118=CARTESIAN_POINT('Ctrl Pts',(-25.,7.749,-3.81639164714898E-16));
#2119=CARTESIAN_POINT('Ctrl Pts',(-25.,7.749,0.1950621295694));
#2120=CARTESIAN_POINT('Ctrl Pts',(-24.9754357315965,7.71648310267737,0.402300621004081));
#2121=CARTESIAN_POINT('Ctrl Pts',(-24.8805785248786,7.59124789336291,0.788969936388397));
#2122=CARTESIAN_POINT('Ctrl Pts',(-24.8107966098282,7.49924986316669,0.968758822991182));
#2123=CARTESIAN_POINT('Ctrl Pts',(-24.6201387503941,7.24882990722955,1.34961162955004));
#2124=CARTESIAN_POINT('Ctrl Pts',(-24.4694886026646,7.05170217294607,1.55854263875121));
#2125=CARTESIAN_POINT('Ctrl Pts',(-24.2856322684893,6.81354824929687,1.74989294128726));
#2126=CARTESIAN_POINT('Ctrl Pts',(-24.2683857721652,6.79122905010392,1.76731578646911));
#2127=CARTESIAN_POINT('Ctrl Pts',(-24.2509999999979,6.76875180516783,1.7843763616478));
#2128=CARTESIAN_POINT('',(-24.2509999999975,6.7687518051689,-1.78437636164881));
#2129=CARTESIAN_POINT('Ctrl Pts',(-24.2509999999979,6.76875180516783,-1.7843763616478));
#2130=CARTESIAN_POINT('Ctrl Pts',(-24.2683857721652,6.79122905010392,-1.76731578646911));
#2131=CARTESIAN_POINT('Ctrl Pts',(-24.2856322684893,6.81354824929687,-1.74989294128726));
#2132=CARTESIAN_POINT('Ctrl Pts',(-24.4694886026646,7.05170217294606,-1.55854263875122));
#2133=CARTESIAN_POINT('Ctrl Pts',(-24.6201387503941,7.24882990722954,-1.34961162955004));
#2134=CARTESIAN_POINT('Ctrl Pts',(-24.8107966098282,7.49924986316669,-0.968758822991182));
#2135=CARTESIAN_POINT('Ctrl Pts',(-24.8805785248786,7.59124789336291,-0.788969936388399));
#2136=CARTESIAN_POINT('Ctrl Pts',(-24.9754357315965,7.71648310267737,-0.402300621004083));
#2137=CARTESIAN_POINT('Ctrl Pts',(-25.,7.749,-0.195062129569402));
#2138=CARTESIAN_POINT('Ctrl Pts',(-25.,7.749,-7.80625564189563E-16));
#2139=CARTESIAN_POINT('Ctrl Pts',(-22.5,6.53834841531101,-2.5));
#2140=CARTESIAN_POINT('Ctrl Pts',(-22.8170570406831,6.53834841531101,-2.5));
#2141=CARTESIAN_POINT('Ctrl Pts',(-23.1530990112645,6.56383934070343,-2.43605998307254));
#2142=CARTESIAN_POINT('Ctrl Pts',(-23.7603342629045,6.65210437251577,-2.18333861988626));
#2143=CARTESIAN_POINT('Ctrl Pts',(-24.0333257654036,6.71244192770003,-1.99797904825917));
#2144=CARTESIAN_POINT('Ctrl Pts',(-24.250999999997,6.76875180516982,-1.78437636164861));
#2145=CARTESIAN_POINT('Origin',(-15.,6.53834841531101,2.5));
#2146=CARTESIAN_POINT('',(-8.,6.53834841531101,2.5));
#2147=CARTESIAN_POINT('',(-8.,3.26917420765551,2.5));
#2148=CARTESIAN_POINT('',(0.,6.53834841531101,2.5));
#2149=CARTESIAN_POINT('Origin',(-7.75,0.,0.));
#2150=CARTESIAN_POINT('',(-8.,-3.125,3.82702124733548E-16));
#2151=CARTESIAN_POINT('Origin',(-8.,0.,0.));
#2152=CARTESIAN_POINT('',(-7.5,-2.625,-3.2146978477618E-16));
#2153=CARTESIAN_POINT('',(-7.75,-2.875,3.52085954754864E-16));
#2154=CARTESIAN_POINT('Origin',(-7.5,0.,0.));
#2155=CARTESIAN_POINT('Origin',(-8.,0.,0.));
#2156=CARTESIAN_POINT('',(-8.,-6.901178833477,1.23673062033016));
#2157=CARTESIAN_POINT('',(-8.,-6.90117883347696,-1.23673062033038));
#2158=CARTESIAN_POINT('Origin',(-8.,-7.75,-1.24849990817507E-13));
#2159=CARTESIAN_POINT('',(-8.,-6.86763511485285,1.35483870967729));
#2160=CARTESIAN_POINT('Origin',(-8.,-7.6034531628728,1.49999999999986));
#2161=CARTESIAN_POINT('Origin',(-8.,0.,0.));
#2162=CARTESIAN_POINT('',(-8.,4.23834841531101,1.25));
#2163=CARTESIAN_POINT('',(-8.,-6.8676351148528,-1.35483870967755));
#2164=CARTESIAN_POINT('Origin',(-8.,0.,0.));
#2165=CARTESIAN_POINT('Origin',(-8.,-7.60345316287275,-1.50000000000015));
#2166=CARTESIAN_POINT('Origin',(-1.5,0.,0.));
#2167=CARTESIAN_POINT('',(12.5,-2.625,3.2146978477618E-16));
#2168=CARTESIAN_POINT('Origin',(12.5,0.,0.));
#2169=CARTESIAN_POINT('',(-1.5,-2.625,3.2146978477618E-16));
#2170=CARTESIAN_POINT('Origin',(-25.,0.,0.));
#2171=CARTESIAN_POINT('',(-25.,-7.60247207214205,-1.49980645161305));
#2172=CARTESIAN_POINT('Origin',(-25.,0.,0.));
#2173=CARTESIAN_POINT('',(-25.,-7.60247207214211,1.49980645161276));
#2174=CARTESIAN_POINT('Origin',(-25.,0.,0.));
#2175=CARTESIAN_POINT('',(-25.,-7.6034531628728,1.49899999999985));
#2176=CARTESIAN_POINT('Origin',(-25.,-7.6034531628728,1.49999999999986));
#2177=CARTESIAN_POINT('',(-25.,-8.6602540378435,1.499));
#2178=CARTESIAN_POINT('',(-25.,-4.33012701892164,1.4989999999994));
#2179=CARTESIAN_POINT('',(-25.,-12.033722048332,7.63416889147005));
#2180=CARTESIAN_POINT('Origin',(-25.,-8.66025403784294,5.49404761904841));
#2181=CARTESIAN_POINT('',(-25.,-14.1669881246688,1.54513704100769));
#2182=CARTESIAN_POINT('Origin',(-25.,0.,0.));
#2183=CARTESIAN_POINT('',(-25.,-14.165146982905,1.54556015200555));
#2184=CARTESIAN_POINT('Ctrl Pts',(-25.,-14.165146982905,1.54556015200555));
#2185=CARTESIAN_POINT('Ctrl Pts',(-25.,-14.1652164193043,1.5456708037933));
#2186=CARTESIAN_POINT('Ctrl Pts',(-25.,-14.1653068698405,1.54576678471742));
#2187=CARTESIAN_POINT('Ctrl Pts',(-25.,-14.1655206051022,1.54591928250938));
#2188=CARTESIAN_POINT('Ctrl Pts',(-25.,-14.1656421081488,1.54597390259228));
#2189=CARTESIAN_POINT('Ctrl Pts',(-25.,-14.1658997514172,1.54603292920517));
#2190=CARTESIAN_POINT('Ctrl Pts',(-25.,-14.1660333949046,1.54603657493903));
#2191=CARTESIAN_POINT('Ctrl Pts',(-25.,-14.1662912625288,1.54599213223874));
#2192=CARTESIAN_POINT('Ctrl Pts',(-25.,-14.1664132039299,1.54594567726804));
#2193=CARTESIAN_POINT('Ctrl Pts',(-25.,-14.1666286764052,1.54581139462665));
#2194=CARTESIAN_POINT('Ctrl Pts',(-25.,-14.1667211876185,1.54572629659557));
#2195=CARTESIAN_POINT('Ctrl Pts',(-25.,-14.1668525484928,1.54555013418615));
#2196=CARTESIAN_POINT('Ctrl Pts',(-25.,-14.1668982454204,1.54546614150563));
#2197=CARTESIAN_POINT('Ctrl Pts',(-25.,-14.1669601223113,1.54529963710339));
#2198=CARTESIAN_POINT('Ctrl Pts',(-25.,-14.1669791803205,1.54521904957515));
#2199=CARTESIAN_POINT('Ctrl Pts',(-25.,-14.1669881246688,1.54513704100769));
#2200=CARTESIAN_POINT('',(-25.,-8.66025403784392,-1.499));
#2201=CARTESIAN_POINT('Origin',(-25.,-8.66025403784301,5.0000000000008));
#2202=CARTESIAN_POINT('',(-25.,-7.60345316287275,-1.49900000000015));
#2203=CARTESIAN_POINT('',(-25.,-3.47985272676891,-1.49900000000073));
#2204=CARTESIAN_POINT('Origin',(-25.,-7.60345316287275,-1.50000000000015));
#2205=CARTESIAN_POINT('Origin',(-15.,4.23834841531101,2.5));
#2206=CARTESIAN_POINT('Origin',(14.6255,0.,0.));
#2207=CARTESIAN_POINT('',(14.251,-14.9115726524478,-1.62634591362682));
#2208=CARTESIAN_POINT('',(15.,-14.1669881246689,-1.54513704100639));
#2209=CARTESIAN_POINT('',(14.251,-14.9115726524478,-1.62634591362682));
#2210=CARTESIAN_POINT('',(15.,-12.0337220483331,-7.63416889146827));
#2211=CARTESIAN_POINT('Origin',(15.,0.,0.));
#2212=CARTESIAN_POINT('',(14.251,-12.6661869851236,-8.0354033662216));
#2213=CARTESIAN_POINT('',(15.,-12.0337220483331,-7.63416889146827));
#2214=CARTESIAN_POINT('Origin',(14.251,0.,0.));
#2215=CARTESIAN_POINT('Ctrl Pts',(14.251,-13.5307163295968,-1.94367916202869));
#2216=CARTESIAN_POINT('Ctrl Pts',(14.251,-13.5827936290994,-2.02666800283774));
#2217=CARTESIAN_POINT('Ctrl Pts',(14.251,-13.6506315309858,-2.09865369629952));
#2218=CARTESIAN_POINT('Ctrl Pts',(14.251,-13.8109329771559,-2.21302704045859));
#2219=CARTESIAN_POINT('Ctrl Pts',(14.251,-13.9020602620429,-2.25399210276787));
#2220=CARTESIAN_POINT('Ctrl Pts',(14.251,-14.0952927133421,-2.29826206251023));
#2221=CARTESIAN_POINT('Ctrl Pts',(14.251,-14.1955253289581,-2.30099636292778));
#2222=CARTESIAN_POINT('Ctrl Pts',(14.251,-14.3889260471169,-2.26766433766448));
#2223=CARTESIAN_POINT('Ctrl Pts',(14.251,-14.4803820980086,-2.2328231095646));
#2224=CARTESIAN_POINT('Ctrl Pts',(14.251,-14.6419864546119,-2.13211112839624));
#2225=CARTESIAN_POINT('Ctrl Pts',(14.251,-14.7113698646304,-2.06828760495757));
#2226=CARTESIAN_POINT('Ctrl Pts',(14.251,-14.8098905203958,-1.93616579775162));
#2227=CARTESIAN_POINT('Ctrl Pts',(14.251,-14.8441632161122,-1.87317128727593));
#2228=CARTESIAN_POINT('Ctrl Pts',(14.251,-14.8905708842856,-1.74829298550579));
#2229=CARTESIAN_POINT('Ctrl Pts',(14.251,-14.9048643912697,-1.68785233922267));
#2230=CARTESIAN_POINT('Ctrl Pts',(14.251,-14.9115726524478,-1.62634591362682));
#2231=CARTESIAN_POINT('Ctrl Pts',(14.5006666666667,-13.7421932140329,-1.81097282535388));
#2232=CARTESIAN_POINT('Ctrl Pts',(14.5006666666667,-13.7769346917729,-1.86633545794679));
#2233=CARTESIAN_POINT('Ctrl Pts',(14.5006666666667,-13.8221899756175,-1.91435808862902));
#2234=CARTESIAN_POINT('Ctrl Pts',(14.5006666666667,-13.9291288896784,-1.99065771554911));
#2235=CARTESIAN_POINT('Ctrl Pts',(14.5006666666667,-13.9899209098207,-2.01798602597752));
#2236=CARTESIAN_POINT('Ctrl Pts',(14.5006666666667,-14.1188283921078,-2.04751898315773));
#2237=CARTESIAN_POINT('Ctrl Pts',(14.5006666666667,-14.1856947136605,-2.04934306257734));
#2238=CARTESIAN_POINT('Ctrl Pts',(14.5006666666667,-14.3147144441468,-2.02710693455192));
#2239=CARTESIAN_POINT('Ctrl Pts',(14.5006666666666,-14.3757258052401,-2.0038639135256));
#2240=CARTESIAN_POINT('Ctrl Pts',(14.5006666666667,-14.4835338672526,-1.93667790609931));
#2241=CARTESIAN_POINT('Ctrl Pts',(14.5006666666667,-14.5298202766867,-1.89410044440924));
#2242=CARTESIAN_POINT('Ctrl Pts',(14.5006666666667,-14.5955445529513,-1.80596060645954));
#2243=CARTESIAN_POINT('Ctrl Pts',(14.5006666666667,-14.6184082042921,-1.76393621103781));
#2244=CARTESIAN_POINT('Ctrl Pts',(14.5006666666667,-14.649367312645,-1.68062855168975));
#2245=CARTESIAN_POINT('Ctrl Pts',(14.5006666666667,-14.6589026314632,-1.64030789398167));
#2246=CARTESIAN_POINT('Ctrl Pts',(14.5006666666667,-14.6633778098548,-1.59927628942001));
#2247=CARTESIAN_POINT('Ctrl Pts',(14.7503333333333,-13.953670098469,-1.67826648867907));
#2248=CARTESIAN_POINT('Ctrl Pts',(14.7503333333333,-13.9710753566309,-1.70600334868295));
#2249=CARTESIAN_POINT('Ctrl Pts',(14.7503333333333,-13.9937484252085,-1.73006239238712));
#2250=CARTESIAN_POINT('Ctrl Pts',(14.7503333333333,-14.0473246925793,-1.76828860741832));
#2251=CARTESIAN_POINT('Ctrl Pts',(14.7503333333333,-14.0777814603706,-1.78197997938226));
#2252=CARTESIAN_POINT('Ctrl Pts',(14.7503333333333,-14.1423640726511,-1.7967760085574));
#2253=CARTESIAN_POINT('Ctrl Pts',(14.7503333333333,-14.1758640102018,-1.79768987528922));
#2254=CARTESIAN_POINT('Ctrl Pts',(14.7503333333333,-14.2405028654986,-1.786549535351));
#2255=CARTESIAN_POINT('Ctrl Pts',(14.7503333333333,-14.2710694966981,-1.77490487330664));
#2256=CARTESIAN_POINT('Ctrl Pts',(14.7503333333333,-14.3250812637644,-1.74124461692301));
#2257=CARTESIAN_POINT('Ctrl Pts',(14.7503333333333,-14.3482707755622,-1.71991345714315));
#2258=CARTESIAN_POINT('Ctrl Pts',(14.7503333333333,-14.3811985159373,-1.6757553254773));
#2259=CARTESIAN_POINT('Ctrl Pts',(14.7503333333333,-14.3926532572405,-1.65470121774271));
#2260=CARTESIAN_POINT('Ctrl Pts',(14.7503333333333,-14.4081636939519,-1.61296407091826));
#2261=CARTESIAN_POINT('Ctrl Pts',(14.7503333333333,-14.4129409401271,-1.59276349481485));
#2262=CARTESIAN_POINT('Ctrl Pts',(14.7503333333333,-14.4151829672619,-1.5722066652132));
#2263=CARTESIAN_POINT('Ctrl Pts',(15.,-14.1651469829051,-1.54556015200426));
#2264=CARTESIAN_POINT('Ctrl Pts',(15.,-14.1652164193044,-1.545670803792));
#2265=CARTESIAN_POINT('Ctrl Pts',(15.,-14.1653068698403,-1.54576678471662));
#2266=CARTESIAN_POINT('Ctrl Pts',(15.,-14.1655206051019,-1.54591928250883));
#2267=CARTESIAN_POINT('Ctrl Pts',(15.,-14.1656421081484,-1.54597390259191));
#2268=CARTESIAN_POINT('Ctrl Pts',(15.,-14.1658997514168,-1.5460329292049));
#2269=CARTESIAN_POINT('Ctrl Pts',(15.,-14.1660333949043,-1.54603657493879));
#2270=CARTESIAN_POINT('Ctrl Pts',(15.,-14.1662912625285,-1.54599213223844));
#2271=CARTESIAN_POINT('Ctrl Pts',(15.,-14.1664132039297,-1.54594567726764));
#2272=CARTESIAN_POINT('Ctrl Pts',(15.,-14.1666286764051,-1.54581139462608));
#2273=CARTESIAN_POINT('Ctrl Pts',(15.,-14.1667211876185,-1.54572629659483));
#2274=CARTESIAN_POINT('Ctrl Pts',(15.,-14.1668525484928,-1.54555013418522));
#2275=CARTESIAN_POINT('Ctrl Pts',(15.,-14.1668982454205,-1.54546614150458));
#2276=CARTESIAN_POINT('Ctrl Pts',(15.,-14.1669601223114,-1.54529963710222));
#2277=CARTESIAN_POINT('Ctrl Pts',(15.,-14.1669791803207,-1.54521904957385));
#2278=CARTESIAN_POINT('Ctrl Pts',(15.,-14.1669881246689,-1.54513704100639));
#2279=CARTESIAN_POINT('',(14.251,-13.5307163295968,-1.94367916202869));
#2280=CARTESIAN_POINT('Ctrl Pts',(14.251,-14.9115726524478,-1.62634591362682));
#2281=CARTESIAN_POINT('Ctrl Pts',(14.251,-14.9048643912697,-1.68785233922267));
#2282=CARTESIAN_POINT('Ctrl Pts',(14.251,-14.8905708842856,-1.74829298550579));
#2283=CARTESIAN_POINT('Ctrl Pts',(14.251,-14.8441632161122,-1.87317128727593));
#2284=CARTESIAN_POINT('Ctrl Pts',(14.251,-14.8098905203958,-1.93616579775162));
#2285=CARTESIAN_POINT('Ctrl Pts',(14.251,-14.7113698646304,-2.06828760495757));
#2286=CARTESIAN_POINT('Ctrl Pts',(14.251,-14.6419864546119,-2.13211112839624));
#2287=CARTESIAN_POINT('Ctrl Pts',(14.251,-14.4803820980086,-2.2328231095646));
#2288=CARTESIAN_POINT('Ctrl Pts',(14.251,-14.3889260471169,-2.26766433766448));
#2289=CARTESIAN_POINT('Ctrl Pts',(14.251,-14.1955253289581,-2.30099636292778));
#2290=CARTESIAN_POINT('Ctrl Pts',(14.251,-14.0952927133421,-2.29826206251023));
#2291=CARTESIAN_POINT('Ctrl Pts',(14.251,-13.9020602620429,-2.25399210276787));
#2292=CARTESIAN_POINT('Ctrl Pts',(14.251,-13.8109329771559,-2.21302704045859));
#2293=CARTESIAN_POINT('Ctrl Pts',(14.251,-13.6506315309858,-2.09865369629952));
#2294=CARTESIAN_POINT('Ctrl Pts',(14.251,-13.5827936290994,-2.02666800283774));
#2295=CARTESIAN_POINT('Ctrl Pts',(14.251,-13.5307163295968,-1.94367916202869));
#2296=CARTESIAN_POINT('',(15.,-14.1651469829051,-1.54556015200426));
#2297=CARTESIAN_POINT('',(14.251,-13.5307163295968,-1.94367916202869));
#2298=CARTESIAN_POINT('Ctrl Pts',(15.,-14.1651469829051,-1.54556015200426));
#2299=CARTESIAN_POINT('Ctrl Pts',(15.,-14.1652164193044,-1.545670803792));
#2300=CARTESIAN_POINT('Ctrl Pts',(15.,-14.1653068698403,-1.54576678471662));
#2301=CARTESIAN_POINT('Ctrl Pts',(15.,-14.1655206051019,-1.54591928250883));
#2302=CARTESIAN_POINT('Ctrl Pts',(15.,-14.1656421081484,-1.54597390259191));
#2303=CARTESIAN_POINT('Ctrl Pts',(15.,-14.1658997514168,-1.5460329292049));
#2304=CARTESIAN_POINT('Ctrl Pts',(15.,-14.1660333949043,-1.54603657493879));
#2305=CARTESIAN_POINT('Ctrl Pts',(15.,-14.1662912625285,-1.54599213223844));
#2306=CARTESIAN_POINT('Ctrl Pts',(15.,-14.1664132039297,-1.54594567726764));
#2307=CARTESIAN_POINT('Ctrl Pts',(15.,-14.1666286764051,-1.54581139462608));
#2308=CARTESIAN_POINT('Ctrl Pts',(15.,-14.1667211876185,-1.54572629659483));
#2309=CARTESIAN_POINT('Ctrl Pts',(15.,-14.1668525484928,-1.54555013418522));
#2310=CARTESIAN_POINT('Ctrl Pts',(15.,-14.1668982454205,-1.54546614150458));
#2311=CARTESIAN_POINT('Ctrl Pts',(15.,-14.1669601223114,-1.54529963710222));
#2312=CARTESIAN_POINT('Ctrl Pts',(15.,-14.1669791803207,-1.54521904957385));
#2313=CARTESIAN_POINT('Ctrl Pts',(15.,-14.1669881246689,-1.54513704100639));
#2314=CARTESIAN_POINT('Origin',(14.6255,-8.66025403784441,-4.99999999999999));
#2315=CARTESIAN_POINT('',(14.251,-8.6602540378436,0.750000000000001));
#2316=CARTESIAN_POINT('',(15.,-8.6602540378435,1.499));
#2317=CARTESIAN_POINT('',(14.251,-8.6602540378436,0.750000000000001));
#2318=CARTESIAN_POINT('Origin',(15.,-8.66025403784441,-4.99999999999999));
#2319=CARTESIAN_POINT('Origin',(14.251,-8.66025403784441,-4.99999999999999));
#2320=CARTESIAN_POINT('Origin',(14.6255,-4.3301270189217,1.1244999999994));
#2321=CARTESIAN_POINT('',(14.251,-7.7499999999999,0.749999999999875));
#2322=CARTESIAN_POINT('',(15.,-7.74999999999979,1.49899999999987));
#2323=CARTESIAN_POINT('',(14.251,-7.7499999999999,0.749999999999875));
#2324=CARTESIAN_POINT('',(15.,-4.33012701892164,1.4989999999994));
#2325=CARTESIAN_POINT('',(14.251,-4.33012701892175,0.749999999999399));
#2326=CARTESIAN_POINT('Origin',(14.6255,-7.75,-1.24849990817507E-13));
#2327=CARTESIAN_POINT('',(14.251,-7.75000000000011,-0.750000000000127));
#2328=CARTESIAN_POINT('Origin',(14.251,-7.75,-1.24849990817507E-13));
#2329=CARTESIAN_POINT('',(15.,-7.75000000000021,-1.49900000000013));
#2330=CARTESIAN_POINT('',(14.251,-7.75000000000011,-0.750000000000127));
#2331=CARTESIAN_POINT('Origin',(15.,-7.75,-1.24849990817507E-13));
#2332=CARTESIAN_POINT('Origin',(14.6255,-3.47985272676886,-1.12450000000073));
#2333=CARTESIAN_POINT('',(14.251,-8.66025403784381,-0.749999999999999));
#2334=CARTESIAN_POINT('',(15.,-8.66025403784392,-1.499));
#2335=CARTESIAN_POINT('',(14.251,-8.66025403784381,-0.749999999999999));
#2336=CARTESIAN_POINT('',(15.,-3.47985272676891,-1.49900000000073));
#2337=CARTESIAN_POINT('',(14.251,-3.4798527267688,-0.750000000000726));
#2338=CARTESIAN_POINT('Origin',(14.6255,-8.66025403784448,-5.49404761904757));
#2339=CARTESIAN_POINT('Origin',(15.,-8.66025403784448,-5.49404761904757));
#2340=CARTESIAN_POINT('Origin',(14.251,-8.66025403784448,-5.49404761904757));
#2341=CARTESIAN_POINT('Origin',(0.,-8.6602540378436,0.750000000000001));
#2342=CARTESIAN_POINT('',(13.5,-8.66025403784438,0.749999999999987));
#2343=CARTESIAN_POINT('',(0.,-8.6602540378436,0.750000000000001));
#2344=CARTESIAN_POINT('',(-13.5,-8.66025403784438,0.750000000000001));
#2345=CARTESIAN_POINT('',(0.,-8.6602540378436,0.750000000000001));
#2346=CARTESIAN_POINT('',(-24.251,-8.6602540378436,0.750000000000001));
#2347=CARTESIAN_POINT('',(0.,-8.6602540378436,0.750000000000001));
#2348=CARTESIAN_POINT('',(-24.251,-7.60345316287291,0.749999999999854));
#2349=CARTESIAN_POINT('',(-24.251,-4.33012701892175,0.749999999999399));
#2350=CARTESIAN_POINT('',(-7.39516765717788,-7.6034531628729,0.749999999999855));
#2351=CARTESIAN_POINT('',(0.,-7.60345316287291,0.749999999999854));
#2352=CARTESIAN_POINT('',(-7.25000000000001,-7.7499999999999,0.749999999999875));
#2353=CARTESIAN_POINT('Ctrl Pts',(-7.39516765717358,-7.60345316287732,0.749999999999854));
#2354=CARTESIAN_POINT('Ctrl Pts',(-7.34584726096335,-7.65419284836584,0.749999999999861));
#2355=CARTESIAN_POINT('Ctrl Pts',(-7.29685525884446,-7.70314474115544,0.749999999999868));
#2356=CARTESIAN_POINT('Ctrl Pts',(-7.25000000000001,-7.7499999999999,0.749999999999875));
#2357=CARTESIAN_POINT('',(15.,-7.7499999999999,0.749999999999875));
#2358=CARTESIAN_POINT('Origin',(15.,-8.66025403784441,-4.99999999999999));
#2359=CARTESIAN_POINT('',(13.1783842428307,-13.5307163295969,-1.94367916202883));
#2360=CARTESIAN_POINT('Ctrl Pts',(13.1783842428307,-13.5307163295969,-1.94367916202882));
#2361=CARTESIAN_POINT('Ctrl Pts',(13.5365906460679,-13.5307163295969,-1.94367916202882));
#2362=CARTESIAN_POINT('Ctrl Pts',(13.8934841793187,-13.5307163295968,-1.94367916202869));
#2363=CARTESIAN_POINT('Ctrl Pts',(14.251,-13.5307163295968,-1.94367916202869));
#2364=CARTESIAN_POINT('Ctrl Pts',(13.1783842428367,-13.5284655926353,-1.9447509754289));
#2365=CARTESIAN_POINT('Ctrl Pts',(13.2115154211524,-13.2104834560326,-1.43709825297723));
#2366=CARTESIAN_POINT('Ctrl Pts',(13.3187206735422,-11.9311104199865,0.0477454281588968));
#2367=CARTESIAN_POINT('Ctrl Pts',(13.4259259259319,-9.9983397977067,0.749999999999986));
#2368=CARTESIAN_POINT('Ctrl Pts',(13.500000000006,-8.66025403784438,0.749999999999986));
#2369=CARTESIAN_POINT('Ctrl Pts',(13.1783842428308,-14.9115726524478,-1.62634591362675));
#2370=CARTESIAN_POINT('Ctrl Pts',(13.5365906460679,-14.9115726524478,-1.62634591362675));
#2371=CARTESIAN_POINT('Ctrl Pts',(13.8934841793187,-14.9115726524478,-1.62634591362682));
#2372=CARTESIAN_POINT('Ctrl Pts',(14.251,-14.9115726524478,-1.62634591362682));
#2373=CARTESIAN_POINT('Ctrl Pts',(13.1783842428308,-14.9042574505997,-1.69341723154958));
#2374=CARTESIAN_POINT('Ctrl Pts',(13.5365906460679,-14.9042574505997,-1.69341723154958));
#2375=CARTESIAN_POINT('Ctrl Pts',(13.8934841793187,-14.9042574505997,-1.69341723154965));
#2376=CARTESIAN_POINT('Ctrl Pts',(14.251,-14.9042574505997,-1.69341723154965));
#2377=CARTESIAN_POINT('Ctrl Pts',(13.1783842428308,-14.8701989233528,-1.83914607953868));
#2378=CARTESIAN_POINT('Ctrl Pts',(13.5365906460679,-14.8701989233528,-1.83914607953868));
#2379=CARTESIAN_POINT('Ctrl Pts',(13.8934841793187,-14.8701989233528,-1.83914607953874));
#2380=CARTESIAN_POINT('Ctrl Pts',(14.251,-14.8701989233528,-1.83914607953874));
#2381=CARTESIAN_POINT('Ctrl Pts',(13.1783842428308,-14.7301280003482,-2.06588949309391));
#2382=CARTESIAN_POINT('Ctrl Pts',(13.5365906460679,-14.7301280003482,-2.06588949309391));
#2383=CARTESIAN_POINT('Ctrl Pts',(13.8934841793187,-14.7301280003481,-2.06588949309395));
#2384=CARTESIAN_POINT('Ctrl Pts',(14.251,-14.7301280003481,-2.06588949309395));
#2385=CARTESIAN_POINT('Ctrl Pts',(13.1783842428308,-14.4884730034106,-2.24545317600522));
#2386=CARTESIAN_POINT('Ctrl Pts',(13.5365906460679,-14.4884730034106,-2.24545317600522));
#2387=CARTESIAN_POINT('Ctrl Pts',(13.8934841793187,-14.4884730034106,-2.24545317600522));
#2388=CARTESIAN_POINT('Ctrl Pts',(14.251,-14.4884730034106,-2.24545317600522));
#2389=CARTESIAN_POINT('Ctrl Pts',(13.1783842428308,-14.1816484345214,-2.31620308316913));
#2390=CARTESIAN_POINT('Ctrl Pts',(13.5365906460679,-14.1816484345214,-2.31620308316913));
#2391=CARTESIAN_POINT('Ctrl Pts',(13.8934841793187,-14.1816484345213,-2.31620308316908));
#2392=CARTESIAN_POINT('Ctrl Pts',(14.251,-14.1816484345213,-2.31620308316908));
#2393=CARTESIAN_POINT('Ctrl Pts',(13.1783842428308,-13.8860528465258,-2.25987420842025));
#2394=CARTESIAN_POINT('Ctrl Pts',(13.5365906460679,-13.8860528465258,-2.25987420842025));
#2395=CARTESIAN_POINT('Ctrl Pts',(13.8934841793187,-13.8860528465257,-2.25987420842017));
#2396=CARTESIAN_POINT('Ctrl Pts',(14.251,-13.8860528465257,-2.25987420842017));
#2397=CARTESIAN_POINT('Ctrl Pts',(13.1783842428307,-13.6607525433628,-2.11706319209457));
#2398=CARTESIAN_POINT('Ctrl Pts',(13.5365906460679,-13.6607525433628,-2.11706319209457));
#2399=CARTESIAN_POINT('Ctrl Pts',(13.8934841793187,-13.6607525433627,-2.11706319209446));
#2400=CARTESIAN_POINT('Ctrl Pts',(14.251,-13.6607525433627,-2.11706319209446));
#2401=CARTESIAN_POINT('Ctrl Pts',(13.1783842428307,-13.5665784321471,-2.00082794562624));
#2402=CARTESIAN_POINT('Ctrl Pts',(13.5365906460679,-13.5665784321471,-2.00082794562624));
#2403=CARTESIAN_POINT('Ctrl Pts',(13.8934841793187,-13.566578432147,-2.00082794562612));
#2404=CARTESIAN_POINT('Ctrl Pts',(14.251,-13.566578432147,-2.00082794562612));
#2405=CARTESIAN_POINT('Ctrl Pts',(13.1783842428307,-13.5307163295969,-1.94367916202882));
#2406=CARTESIAN_POINT('Ctrl Pts',(13.5365906460679,-13.5307163295969,-1.94367916202882));
#2407=CARTESIAN_POINT('Ctrl Pts',(13.8934841793187,-13.5307163295968,-1.94367916202869));
#2408=CARTESIAN_POINT('Ctrl Pts',(14.251,-13.5307163295968,-1.94367916202869));
#2409=CARTESIAN_POINT('',(13.1783842428308,-14.9115726524478,-1.62634591362675));
#2410=CARTESIAN_POINT('Ctrl Pts',(14.251,-14.9115726524478,-1.62634591362682));
#2411=CARTESIAN_POINT('Ctrl Pts',(13.8934841793187,-14.9115726524478,-1.62634591362682));
#2412=CARTESIAN_POINT('Ctrl Pts',(13.5365906460679,-14.9115726524478,-1.62634591362675));
#2413=CARTESIAN_POINT('Ctrl Pts',(13.1783842428308,-14.9115726524478,-1.62634591362675));
#2414=CARTESIAN_POINT('Ctrl Pts',(13.1783842428307,-13.5307163295969,-1.94367916202884));
#2415=CARTESIAN_POINT('Ctrl Pts',(13.1783842428307,-13.5665784321471,-2.00082794562626));
#2416=CARTESIAN_POINT('Ctrl Pts',(13.1783842428307,-13.6607525738459,-2.11706322276458));
#2417=CARTESIAN_POINT('Ctrl Pts',(13.1783842428308,-13.8860529093084,-2.259874246405));
#2418=CARTESIAN_POINT('Ctrl Pts',(13.1783842428308,-14.1816484787136,-2.3162031229679));
#2419=CARTESIAN_POINT('Ctrl Pts',(13.1783842428308,-14.4884730403916,-2.24545319033075));
#2420=CARTESIAN_POINT('Ctrl Pts',(13.1783842428308,-14.7301280296298,-2.0658895031758));
#2421=CARTESIAN_POINT('Ctrl Pts',(13.1783842428308,-14.870198949231,-1.83914609636378));
#2422=CARTESIAN_POINT('Ctrl Pts',(13.1783842428308,-14.9042574505997,-1.69341723154958));
#2423=CARTESIAN_POINT('Ctrl Pts',(13.1783842428308,-14.9115726524478,-1.62634591362675));
#2424=CARTESIAN_POINT('Origin',(15.,0.,0.));
#2425=CARTESIAN_POINT('',(15.,-5.125,6.27631484563019E-16));
#2426=CARTESIAN_POINT('Origin',(15.,0.,0.));
#2427=CARTESIAN_POINT('Origin',(-24.6255,0.,0.));
#2428=CARTESIAN_POINT('',(-24.251,-6.86763511485285,1.35483870967729));
#2429=CARTESIAN_POINT('Origin',(-24.251,0.,0.));
#2430=CARTESIAN_POINT('',(-24.251,-6.86763511485285,1.35483870967729));
#2431=CARTESIAN_POINT('Origin',(-24.6255,-7.6034531628728,1.49999999999986));
#2432=CARTESIAN_POINT('Origin',(-24.251,-7.6034531628728,1.49999999999986));
#2433=CARTESIAN_POINT('',(-24.251,-7.60345316287291,0.749999999999854));
#2434=CARTESIAN_POINT('Origin',(-24.6255,-4.3301270189217,1.1244999999994));
#2435=CARTESIAN_POINT('',(-24.251,-8.6602540378436,0.750000000000001));
#2436=CARTESIAN_POINT('Origin',(-24.6255,-8.66025403784294,5.49404761904841));
#2437=CARTESIAN_POINT('',(-24.251,-12.6661869851224,8.03540336622348));
#2438=CARTESIAN_POINT('',(-24.251,-12.6661869851224,8.03540336622348));
#2439=CARTESIAN_POINT('Origin',(-24.251,-8.66025403784294,5.49404761904841));
#2440=CARTESIAN_POINT('Origin',(-24.6255,0.,0.));
#2441=CARTESIAN_POINT('',(-24.251,-14.9115726524477,1.62634591362819));
#2442=CARTESIAN_POINT('',(-24.251,-14.9115726524477,1.62634591362819));
#2443=CARTESIAN_POINT('Origin',(-24.251,0.,0.));
#2444=CARTESIAN_POINT('Ctrl Pts',(-24.251,-13.5307163295966,1.94367916202988));
#2445=CARTESIAN_POINT('Ctrl Pts',(-24.251,-13.5827936290992,2.02666800283894));
#2446=CARTESIAN_POINT('Ctrl Pts',(-24.251,-13.6506315312415,2.09865369592966));
#2447=CARTESIAN_POINT('Ctrl Pts',(-24.251,-13.8109329774946,2.21302703990158));
#2448=CARTESIAN_POINT('Ctrl Pts',(-24.251,-13.9020602624427,2.25399210207579));
#2449=CARTESIAN_POINT('Ctrl Pts',(-24.251,-14.0952927137342,2.29826206173838));
#2450=CARTESIAN_POINT('Ctrl Pts',(-24.251,-14.1955253293296,2.30099636213782));
#2451=CARTESIAN_POINT('Ctrl Pts',(-24.251,-14.3889260474235,2.26766433691993));
#2452=CARTESIAN_POINT('Ctrl Pts',(-24.251,-14.4803820982593,2.23282310888869));
#2453=CARTESIAN_POINT('Ctrl Pts',(-24.251,-14.6419864547908,2.13211112785033));
#2454=CARTESIAN_POINT('Ctrl Pts',(-24.251,-14.7113698647478,2.06828760453797));
#2455=CARTESIAN_POINT('Ctrl Pts',(-24.251,-14.8098905204769,1.93616579747494));
#2456=CARTESIAN_POINT('Ctrl Pts',(-24.251,-14.8441632161623,1.87317128708655));
#2457=CARTESIAN_POINT('Ctrl Pts',(-24.251,-14.8905708843113,1.74829298540681));
#2458=CARTESIAN_POINT('Ctrl Pts',(-24.251,-14.9048643912695,1.68785233922404));
#2459=CARTESIAN_POINT('Ctrl Pts',(-24.251,-14.9115726524477,1.62634591362818));
#2460=CARTESIAN_POINT('Ctrl Pts',(-24.5006666666667,-13.7421932140327,1.81097282535511));
#2461=CARTESIAN_POINT('Ctrl Pts',(-24.5006666666667,-13.7769346917728,1.86633545794802));
#2462=CARTESIAN_POINT('Ctrl Pts',(-24.5006666666667,-13.8221899758733,1.91435808825919));
#2463=CARTESIAN_POINT('Ctrl Pts',(-24.5006666666667,-13.9291288900172,1.99065771499212));
#2464=CARTESIAN_POINT('Ctrl Pts',(-24.5006666666667,-13.9899209102205,2.01798602528545));
#2465=CARTESIAN_POINT('Ctrl Pts',(-24.5006666666667,-14.1188283925,2.04751898238588));
#2466=CARTESIAN_POINT('Ctrl Pts',(-24.5006666666667,-14.1856947140321,2.04934306178739));
#2467=CARTESIAN_POINT('Ctrl Pts',(-24.5006666666667,-14.3147144444534,2.02710693380736));
#2468=CARTESIAN_POINT('Ctrl Pts',(-24.5006666666667,-14.3757258054909,2.00386391284967));
#2469=CARTESIAN_POINT('Ctrl Pts',(-24.5006666666667,-14.4835338674316,1.93667790555337));
#2470=CARTESIAN_POINT('Ctrl Pts',(-24.5006666666667,-14.5298202768041,1.89410044398962));
#2471=CARTESIAN_POINT('Ctrl Pts',(-24.5006666666667,-14.5955445530324,1.80596060618282));
#2472=CARTESIAN_POINT('Ctrl Pts',(-24.5006666666667,-14.6184082043423,1.76393621084839));
#2473=CARTESIAN_POINT('Ctrl Pts',(-24.5006666666667,-14.6493673126708,1.68062855159074));
#2474=CARTESIAN_POINT('Ctrl Pts',(-24.5006666666667,-14.6589026314631,1.64030789398301));
#2475=CARTESIAN_POINT('Ctrl Pts',(-24.5006666666667,-14.6633778098547,1.59927628942135));
#2476=CARTESIAN_POINT('Ctrl Pts',(-24.7503333333333,-13.9536700984689,1.67826648868033));
#2477=CARTESIAN_POINT('Ctrl Pts',(-24.7503333333333,-13.9710753566308,1.70600334868421));
#2478=CARTESIAN_POINT('Ctrl Pts',(-24.7503333333333,-13.9937484252087,1.7300623923879));
#2479=CARTESIAN_POINT('Ctrl Pts',(-24.7503333333333,-14.0473246925796,1.76828860741885));
#2480=CARTESIAN_POINT('Ctrl Pts',(-24.7503333333334,-14.077781460371,1.78197997938262));
#2481=CARTESIAN_POINT('Ctrl Pts',(-24.7503333333334,-14.1423640726514,1.79677600855767));
#2482=CARTESIAN_POINT('Ctrl Pts',(-24.7503333333334,-14.1758640102021,1.79768987528947));
#2483=CARTESIAN_POINT('Ctrl Pts',(-24.7503333333334,-14.2405028654989,1.78654953535132));
#2484=CARTESIAN_POINT('Ctrl Pts',(-24.7503333333334,-14.2710694966983,1.77490487330705));
#2485=CARTESIAN_POINT('Ctrl Pts',(-24.7503333333334,-14.3250812637645,1.74124461692361));
#2486=CARTESIAN_POINT('Ctrl Pts',(-24.7503333333334,-14.3482707755622,1.71991345714392));
#2487=CARTESIAN_POINT('Ctrl Pts',(-24.7503333333333,-14.3811985159373,1.67575532547827));
#2488=CARTESIAN_POINT('Ctrl Pts',(-24.7503333333333,-14.3926532572404,1.65470121774379));
#2489=CARTESIAN_POINT('Ctrl Pts',(-24.7503333333333,-14.4081636939518,1.61296407091946));
#2490=CARTESIAN_POINT('Ctrl Pts',(-24.7503333333333,-14.4129409401269,1.59276349481618));
#2491=CARTESIAN_POINT('Ctrl Pts',(-24.7503333333333,-14.4151829672617,1.57220666521452));
#2492=CARTESIAN_POINT('Ctrl Pts',(-25.,-14.165146982905,1.54556015200555));
#2493=CARTESIAN_POINT('Ctrl Pts',(-25.,-14.1652164193043,1.5456708037933));
#2494=CARTESIAN_POINT('Ctrl Pts',(-25.,-14.1653068698405,1.54576678471742));
#2495=CARTESIAN_POINT('Ctrl Pts',(-25.,-14.1655206051022,1.54591928250938));
#2496=CARTESIAN_POINT('Ctrl Pts',(-25.,-14.1656421081488,1.54597390259228));
#2497=CARTESIAN_POINT('Ctrl Pts',(-25.,-14.1658997514172,1.54603292920517));
#2498=CARTESIAN_POINT('Ctrl Pts',(-25.,-14.1660333949046,1.54603657493903));
#2499=CARTESIAN_POINT('Ctrl Pts',(-25.,-14.1662912625288,1.54599213223874));
#2500=CARTESIAN_POINT('Ctrl Pts',(-25.,-14.1664132039299,1.54594567726804));
#2501=CARTESIAN_POINT('Ctrl Pts',(-25.,-14.1666286764052,1.54581139462665));
#2502=CARTESIAN_POINT('Ctrl Pts',(-25.,-14.1667211876185,1.54572629659557));
#2503=CARTESIAN_POINT('Ctrl Pts',(-25.,-14.1668525484928,1.54555013418615));
#2504=CARTESIAN_POINT('Ctrl Pts',(-25.,-14.1668982454204,1.54546614150563));
#2505=CARTESIAN_POINT('Ctrl Pts',(-25.,-14.1669601223113,1.54529963710339));
#2506=CARTESIAN_POINT('Ctrl Pts',(-25.,-14.1669791803205,1.54521904957515));
#2507=CARTESIAN_POINT('Ctrl Pts',(-25.,-14.1669881246688,1.54513704100769));
#2508=CARTESIAN_POINT('',(-24.251,-13.5307163295966,1.94367916202988));
#2509=CARTESIAN_POINT('Ctrl Pts',(-24.251,-14.9115726524477,1.62634591362818));
#2510=CARTESIAN_POINT('Ctrl Pts',(-24.251,-14.9048643912695,1.68785233922404));
#2511=CARTESIAN_POINT('Ctrl Pts',(-24.251,-14.8905708843113,1.74829298540681));
#2512=CARTESIAN_POINT('Ctrl Pts',(-24.251,-14.8441632161623,1.87317128708655));
#2513=CARTESIAN_POINT('Ctrl Pts',(-24.251,-14.8098905204769,1.93616579747494));
#2514=CARTESIAN_POINT('Ctrl Pts',(-24.251,-14.7113698647478,2.06828760453797));
#2515=CARTESIAN_POINT('Ctrl Pts',(-24.251,-14.6419864547908,2.13211112785033));
#2516=CARTESIAN_POINT('Ctrl Pts',(-24.251,-14.4803820982593,2.23282310888869));
#2517=CARTESIAN_POINT('Ctrl Pts',(-24.251,-14.3889260474235,2.26766433691993));
#2518=CARTESIAN_POINT('Ctrl Pts',(-24.251,-14.1955253293296,2.30099636213782));
#2519=CARTESIAN_POINT('Ctrl Pts',(-24.251,-14.0952927137342,2.29826206173838));
#2520=CARTESIAN_POINT('Ctrl Pts',(-24.251,-13.9020602624427,2.25399210207579));
#2521=CARTESIAN_POINT('Ctrl Pts',(-24.251,-13.8109329774946,2.21302703990158));
#2522=CARTESIAN_POINT('Ctrl Pts',(-24.251,-13.6506315312415,2.09865369592966));
#2523=CARTESIAN_POINT('Ctrl Pts',(-24.251,-13.5827936290992,2.02666800283894));
#2524=CARTESIAN_POINT('Ctrl Pts',(-24.251,-13.5307163295966,1.94367916202988));
#2525=CARTESIAN_POINT('',(-24.251,-13.5307163295966,1.94367916202988));
#2526=CARTESIAN_POINT('Origin',(-24.6255,-8.66025403784301,5.0000000000008));
#2527=CARTESIAN_POINT('',(-24.251,-8.66025403784381,-0.749999999999999));
#2528=CARTESIAN_POINT('',(-24.251,-8.66025403784381,-0.749999999999999));
#2529=CARTESIAN_POINT('Origin',(-24.251,-8.66025403784301,5.0000000000008));
#2530=CARTESIAN_POINT('Origin',(-24.6255,-3.47985272676886,-1.12450000000073));
#2531=CARTESIAN_POINT('',(-24.251,-7.60345316287264,-0.750000000000147));
#2532=CARTESIAN_POINT('',(-24.251,-7.60345316287264,-0.750000000000147));
#2533=CARTESIAN_POINT('',(-24.251,-3.4798527267688,-0.750000000000726));
#2534=CARTESIAN_POINT('Origin',(-24.6255,-7.60345316287275,-1.50000000000015));
#2535=CARTESIAN_POINT('',(-24.251,-6.8676351148528,-1.35483870967755));
#2536=CARTESIAN_POINT('Origin',(-24.251,-7.60345316287275,-1.50000000000015));
#2537=CARTESIAN_POINT('',(-24.251,-6.8676351148528,-1.35483870967755));
#2538=CARTESIAN_POINT('Origin',(-24.6255,0.,0.));
#2539=CARTESIAN_POINT('Origin',(-24.251,0.,0.));
#2540=CARTESIAN_POINT('Origin',(0.,0.,0.));
#2541=CARTESIAN_POINT('',(0.,-6.8676351148528,-1.35483870967755));
#2542=CARTESIAN_POINT('Origin',(0.,-7.60345316287275,-1.50000000000015));
#2543=CARTESIAN_POINT('',(-7.39516765717823,-7.60345316287276,-0.750000000000148));
#2544=CARTESIAN_POINT('',(0.,-7.60345316287264,-0.750000000000147));
#2545=CARTESIAN_POINT('Ctrl Pts',(-7.39516765717822,-7.60345316287277,-0.750000000000149));
#2546=CARTESIAN_POINT('Ctrl Pts',(-7.42316806082982,-7.57464699374181,-0.750000000000148));
#2547=CARTESIAN_POINT('Ctrl Pts',(-7.46392479211613,-7.54054686336356,-0.751647503705908));
#2548=CARTESIAN_POINT('Ctrl Pts',(-7.61552203208104,-7.41355871559017,-0.768929633715841));
#2549=CARTESIAN_POINT('Ctrl Pts',(-7.72566394808389,-7.31854487373718,-0.796783345240792));
#2550=CARTESIAN_POINT('Ctrl Pts',(-7.87530753938633,-7.15273647798589,-0.895469158388483));
#2551=CARTESIAN_POINT('Ctrl Pts',(-7.91764690624709,-7.09446999128284,-0.944346156975506));
#2552=CARTESIAN_POINT('Ctrl Pts',(-7.97338263828511,-7.00047009528749,-1.04889753310871));
#2553=CARTESIAN_POINT('Ctrl Pts',(-7.99029348378148,-6.96048896378852,-1.10705128521219));
#2554=CARTESIAN_POINT('Ctrl Pts',(-7.99898271040639,-6.91851280915003,-1.19357083453148));
#2555=CARTESIAN_POINT('Ctrl Pts',(-8.00000000000001,-6.9093371447507,-1.21496822401238));
#2556=CARTESIAN_POINT('Ctrl Pts',(-8.00000000000001,-6.90117883347696,-1.23673062033038));
#2557=CARTESIAN_POINT('Origin',(0.,-6.9597054535375,-0.750000000000238));
#2558=CARTESIAN_POINT('',(-7.25000000000001,-7.75000000000011,-0.750000000000127));
#2559=CARTESIAN_POINT('',(15.,-7.75000000000011,-0.750000000000127));
#2560=CARTESIAN_POINT('Ctrl Pts',(-7.25000000000001,-7.75000000000011,-0.750000000000127));
#2561=CARTESIAN_POINT('Ctrl Pts',(-7.29685525884593,-7.70314474115418,-0.750000000000133));
#2562=CARTESIAN_POINT('Ctrl Pts',(-7.34584726096644,-7.65419284836298,-0.75000000000014));
#2563=CARTESIAN_POINT('Ctrl Pts',(-7.39516765717823,-7.60345316287276,-0.750000000000147));
#2564=CARTESIAN_POINT('',(-13.5,-8.66025403784438,-0.749999999999987));
#2565=CARTESIAN_POINT('',(0.,-8.66025403784381,-0.749999999999999));
#2566=CARTESIAN_POINT('',(13.5,-8.66025403784438,-0.750000000000013));
#2567=CARTESIAN_POINT('',(0.,-8.66025403784381,-0.749999999999999));
#2568=CARTESIAN_POINT('',(0.,-8.66025403784381,-0.749999999999999));
#2569=CARTESIAN_POINT('Origin',(-15.,-8.66025403784301,5.0000000000008));
#2570=CARTESIAN_POINT('',(-13.1783842428307,-13.5307163295971,1.94367916202925));
#2571=CARTESIAN_POINT('Ctrl Pts',(-13.1783842428307,-13.5307163295965,1.94367916202966));
#2572=CARTESIAN_POINT('Ctrl Pts',(-14.2446958263453,-13.5307163295965,1.94367916202966));
#2573=CARTESIAN_POINT('Ctrl Pts',(-16.343668045036,-13.5307163295966,1.94367916202979));
#2574=CARTESIAN_POINT('Ctrl Pts',(-20.0374342718441,-13.5307163295966,1.94367916202979));
#2575=CARTESIAN_POINT('Ctrl Pts',(-22.6693628184237,-13.5307163295966,1.94367916202989));
#2576=CARTESIAN_POINT('Ctrl Pts',(-24.251,-13.5307163295966,1.94367916202989));
#2577=CARTESIAN_POINT('Ctrl Pts',(-13.1783842428307,-13.5284655926356,1.94475097542931));
#2578=CARTESIAN_POINT('Ctrl Pts',(-13.2115154211464,-13.2104834560328,1.43709825297748));
#2579=CARTESIAN_POINT('Ctrl Pts',(-13.3187206735362,-11.9311104199866,-0.0477454281588377));
#2580=CARTESIAN_POINT('Ctrl Pts',(-13.4259259259259,-9.9983397977067,-0.749999999999986));
#2581=CARTESIAN_POINT('Ctrl Pts',(-13.5,-8.66025403784438,-0.749999999999986));
#2582=CARTESIAN_POINT('Ctrl Pts',(-13.1783842428307,-14.9115726524477,1.62634591362749));
#2583=CARTESIAN_POINT('Ctrl Pts',(-14.2446958263454,-14.9115726524477,1.62634591362749));
#2584=CARTESIAN_POINT('Ctrl Pts',(-16.343668045036,-14.9115726524477,1.62634591362789));
#2585=CARTESIAN_POINT('Ctrl Pts',(-20.0374342718441,-14.9115726524477,1.62634591362791));
#2586=CARTESIAN_POINT('Ctrl Pts',(-22.6693628184237,-14.9115726524477,1.62634591362819));
#2587=CARTESIAN_POINT('Ctrl Pts',(-24.251,-14.9115726524477,1.62634591362819));
#2588=CARTESIAN_POINT('Ctrl Pts',(-13.1783842428307,-14.9042574505996,1.69341723155034));
#2589=CARTESIAN_POINT('Ctrl Pts',(-14.2446958263454,-14.9042574505996,1.69341723155034));
#2590=CARTESIAN_POINT('Ctrl Pts',(-16.343668045036,-14.9042574505996,1.69341723155073));
#2591=CARTESIAN_POINT('Ctrl Pts',(-20.0374342718442,-14.9042574505996,1.69341723155075));
#2592=CARTESIAN_POINT('Ctrl Pts',(-22.6693628184237,-14.9042574505995,1.69341723155102));
#2593=CARTESIAN_POINT('Ctrl Pts',(-24.251,-14.9042574505995,1.69341723155102));
#2594=CARTESIAN_POINT('Ctrl Pts',(-13.1783842428307,-14.8702012749697,1.83914758460698));
#2595=CARTESIAN_POINT('Ctrl Pts',(-14.2446958263454,-14.8702012749697,1.83914758460698));
#2596=CARTESIAN_POINT('Ctrl Pts',(-16.343668045036,-14.8702012749696,1.83914758460734));
#2597=CARTESIAN_POINT('Ctrl Pts',(-20.0374342718441,-14.8702012749696,1.83914758460735));
#2598=CARTESIAN_POINT('Ctrl Pts',(-22.6693628184237,-14.8702012749696,1.8391475846076));
#2599=CARTESIAN_POINT('Ctrl Pts',(-24.251,-14.8702012749696,1.8391475846076));
#2600=CARTESIAN_POINT('Ctrl Pts',(-13.1783842428307,-14.7301306808837,2.06589047321511));
#2601=CARTESIAN_POINT('Ctrl Pts',(-14.2446958263453,-14.7301306808837,2.06589047321511));
#2602=CARTESIAN_POINT('Ctrl Pts',(-16.343668045036,-14.7301306808837,2.0658904732154));
#2603=CARTESIAN_POINT('Ctrl Pts',(-20.0374342718441,-14.7301306808837,2.06589047321541));
#2604=CARTESIAN_POINT('Ctrl Pts',(-22.6693628184237,-14.7301306808837,2.06589047321561));
#2605=CARTESIAN_POINT('Ctrl Pts',(-24.251,-14.7301306808837,2.06589047321561));
#2606=CARTESIAN_POINT('Ctrl Pts',(-13.1783842428307,-14.4884764618106,2.24545459394853));
#2607=CARTESIAN_POINT('Ctrl Pts',(-14.2446958263453,-14.4884764618106,2.24545459394853));
#2608=CARTESIAN_POINT('Ctrl Pts',(-16.343668045036,-14.4884764618105,2.24545459394874));
#2609=CARTESIAN_POINT('Ctrl Pts',(-20.0374342718441,-14.4884764618105,2.24545459394875));
#2610=CARTESIAN_POINT('Ctrl Pts',(-22.6693628184237,-14.4884764618105,2.2454545939489));
#2611=CARTESIAN_POINT('Ctrl Pts',(-24.251,-14.4884764618105,2.2454545939489));
#2612=CARTESIAN_POINT('Ctrl Pts',(-13.1783842428307,-14.1816525009021,2.3162066275376));
#2613=CARTESIAN_POINT('Ctrl Pts',(-14.2446958263453,-14.1816525009021,2.3162066275376));
#2614=CARTESIAN_POINT('Ctrl Pts',(-16.343668045036,-14.1816525009021,2.31620662753775));
#2615=CARTESIAN_POINT('Ctrl Pts',(-20.0374342718441,-14.1816525009021,2.31620662753776));
#2616=CARTESIAN_POINT('Ctrl Pts',(-22.6693628184237,-14.1816525009021,2.31620662753786));
#2617=CARTESIAN_POINT('Ctrl Pts',(-24.251,-14.1816525009021,2.31620662753786));
#2618=CARTESIAN_POINT('Ctrl Pts',(-13.1783842428307,-13.8860584443171,2.25987762410953));
#2619=CARTESIAN_POINT('Ctrl Pts',(-14.2446958263453,-13.8860584443171,2.25987762410953));
#2620=CARTESIAN_POINT('Ctrl Pts',(-16.343668045036,-13.8860584443171,2.25987762410965));
#2621=CARTESIAN_POINT('Ctrl Pts',(-20.0374342718441,-13.8860584443171,2.25987762410966));
#2622=CARTESIAN_POINT('Ctrl Pts',(-22.6693628184237,-13.8860584443171,2.25987762410974));
#2623=CARTESIAN_POINT('Ctrl Pts',(-24.251,-13.8860584443171,2.25987762410974));
#2624=CARTESIAN_POINT('Ctrl Pts',(-13.1783842428307,-13.6607553653296,2.11706592442962));
#2625=CARTESIAN_POINT('Ctrl Pts',(-14.2446958263453,-13.6607553653296,2.11706592442962));
#2626=CARTESIAN_POINT('Ctrl Pts',(-16.343668045036,-13.6607553653297,2.11706592442974));
#2627=CARTESIAN_POINT('Ctrl Pts',(-20.0374342718441,-13.6607553653297,2.11706592442974));
#2628=CARTESIAN_POINT('Ctrl Pts',(-22.6693628184237,-13.6607553653298,2.11706592442982));
#2629=CARTESIAN_POINT('Ctrl Pts',(-24.251,-13.6607553653298,2.11706592442982));
#2630=CARTESIAN_POINT('Ctrl Pts',(-13.1783842428307,-13.5665784321466,2.0008279456271));
#2631=CARTESIAN_POINT('Ctrl Pts',(-14.2446958263453,-13.5665784321466,2.0008279456271));
#2632=CARTESIAN_POINT('Ctrl Pts',(-16.343668045036,-13.5665784321467,2.00082794562723));
#2633=CARTESIAN_POINT('Ctrl Pts',(-20.0374342718441,-13.5665784321467,2.00082794562723));
#2634=CARTESIAN_POINT('Ctrl Pts',(-22.6693628184237,-13.5665784321468,2.00082794562732));
#2635=CARTESIAN_POINT('Ctrl Pts',(-24.251,-13.5665784321468,2.00082794562732));
#2636=CARTESIAN_POINT('Ctrl Pts',(-13.1783842428307,-13.5307163295965,1.94367916202966));
#2637=CARTESIAN_POINT('Ctrl Pts',(-14.2446958263453,-13.5307163295965,1.94367916202966));
#2638=CARTESIAN_POINT('Ctrl Pts',(-16.343668045036,-13.5307163295966,1.94367916202979));
#2639=CARTESIAN_POINT('Ctrl Pts',(-20.0374342718441,-13.5307163295966,1.94367916202979));
#2640=CARTESIAN_POINT('Ctrl Pts',(-22.6693628184237,-13.5307163295966,1.94367916202989));
#2641=CARTESIAN_POINT('Ctrl Pts',(-24.251,-13.5307163295966,1.94367916202989));
#2642=CARTESIAN_POINT('',(-13.1783842428307,-14.9115726524477,1.62634591362749));
#2643=CARTESIAN_POINT('Ctrl Pts',(-24.251,-14.9115726524477,1.62634591362819));
#2644=CARTESIAN_POINT('Ctrl Pts',(-22.6693628184237,-14.9115726524477,1.62634591362819));
#2645=CARTESIAN_POINT('Ctrl Pts',(-20.0374342718441,-14.9115726524477,1.62634591362791));
#2646=CARTESIAN_POINT('Ctrl Pts',(-16.343668045036,-14.9115726524477,1.62634591362789));
#2647=CARTESIAN_POINT('Ctrl Pts',(-14.2446958263454,-14.9115726524477,1.62634591362749));
#2648=CARTESIAN_POINT('Ctrl Pts',(-13.1783842428307,-14.9115726524477,1.62634591362749));
#2649=CARTESIAN_POINT('Ctrl Pts',(-13.1783842428307,-13.5307163295972,1.94367916202925));
#2650=CARTESIAN_POINT('Ctrl Pts',(-13.1783842428307,-13.5665784321473,2.00082794562666));
#2651=CARTESIAN_POINT('Ctrl Pts',(-13.1783842428307,-13.6606734481737,2.11716724084907));
#2652=CARTESIAN_POINT('Ctrl Pts',(-13.1783842428307,-13.8297611263626,2.22410738791022));
#2653=CARTESIAN_POINT('Ctrl Pts',(-13.1783842428307,-13.9643008175886,2.26863976137742));
#2654=CARTESIAN_POINT('Ctrl Pts',(-13.1783842428307,-14.0585323556423,2.29010912816694));
#2655=CARTESIAN_POINT('Ctrl Pts',(-13.1783842428307,-14.2330432979777,2.30434032855525));
#2656=CARTESIAN_POINT('Ctrl Pts',(-13.1783842428307,-14.4627631956958,2.25119822870192));
#2657=CARTESIAN_POINT('Ctrl Pts',(-13.1783842428307,-14.6295751172616,2.14077160654255));
#2658=CARTESIAN_POINT('Ctrl Pts',(-13.1783842428307,-14.7649471615881,2.00908480816444));
#2659=CARTESIAN_POINT('Ctrl Pts',(-13.1783842428307,-14.8469052516975,1.87699319855466));
#2660=CARTESIAN_POINT('Ctrl Pts',(-13.1783842428307,-14.8956174443186,1.72977510024371));
#2661=CARTESIAN_POINT('Ctrl Pts',(-13.1783842428307,-14.9079150515237,1.6598815725889));
#2662=CARTESIAN_POINT('Ctrl Pts',(-13.1783842428307,-14.9115726524477,1.62634591362749));
#2663=CARTESIAN_POINT('Ctrl Pts',(-11.865476557552,-12.9957650350985,7.490666936429));
#2664=CARTESIAN_POINT('Ctrl Pts',(-11.8654760362248,-12.9963125663618,7.48971700931214));
#2665=CARTESIAN_POINT('Ctrl Pts',(-11.8654754679556,-12.9968600027971,7.48876700269262));
#2666=CARTESIAN_POINT('Ctrl Pts',(-11.8653431044156,-13.1093042227343,7.29358647693616));
#2667=CARTESIAN_POINT('Ctrl Pts',(-11.8602684733755,-13.3247735543338,6.8994319874736));
#2668=CARTESIAN_POINT('Ctrl Pts',(-11.8250159993528,-13.7210546941384,6.09006622738312));
#2669=CARTESIAN_POINT('Ctrl Pts',(-11.7750397947454,-14.0207733584168,5.35623754818656));
#2670=CARTESIAN_POINT('Ctrl Pts',(-11.7451626116849,-14.3164622841472,4.49535626064917));
#2671=CARTESIAN_POINT('Ctrl Pts',(-11.7526445088066,-14.4779049001403,3.94494155764582));
#2672=CARTESIAN_POINT('Ctrl Pts',(-11.8136893224811,-14.6134567143617,3.38908604036122));
#2673=CARTESIAN_POINT('Ctrl Pts',(-11.872398885699,-14.6857284541887,3.06063097328284));
#2674=CARTESIAN_POINT('Ctrl Pts',(-11.9648497275349,-14.7514112196297,2.72677689659925));
#2675=CARTESIAN_POINT('Ctrl Pts',(-12.1057097859215,-14.809143745795,2.39293257984008));
#2676=CARTESIAN_POINT('Ctrl Pts',(-12.3011173876674,-14.8550489187931,2.08670359205485));
#2677=CARTESIAN_POINT('Ctrl Pts',(-12.5468240242451,-14.8872190379351,1.84005578795253));
#2678=CARTESIAN_POINT('Ctrl Pts',(-12.8420776043693,-14.906889010332,1.67016235880701));
#2679=CARTESIAN_POINT('Ctrl Pts',(-13.0665427703515,-14.9115726524477,1.62634591362749));
#2680=CARTESIAN_POINT('Ctrl Pts',(-13.1783842428307,-14.9115726524477,1.62634591362749));
#2681=CARTESIAN_POINT('Ctrl Pts',(-11.8727619195435,-12.995766794245,7.49066388443719));
#2682=CARTESIAN_POINT('Ctrl Pts',(-11.8727637219174,-12.9963143685726,7.48971402815964));
#2683=CARTESIAN_POINT('Ctrl Pts',(-11.8727655202779,-12.9968620954609,7.48876322392607));
#2684=CARTESIAN_POINT('Ctrl Pts',(-11.8731138422871,-13.1093261337638,7.29355690314533));
#2685=CARTESIAN_POINT('Ctrl Pts',(-11.869070317814,-13.3248834020202,6.8992171386115));
#2686=CARTESIAN_POINT('Ctrl Pts',(-11.8364543780876,-13.7213166951256,6.08952462171044));
#2687=CARTESIAN_POINT('Ctrl Pts',(-11.7897130783179,-14.0210983623034,5.35535751415671));
#2688=CARTESIAN_POINT('Ctrl Pts',(-11.7644817038863,-14.3165289583685,4.49511473650881));
#2689=CARTESIAN_POINT('Ctrl Pts',(-11.775145051259,-14.4776184077087,3.94582012237976));
#2690=CARTESIAN_POINT('Ctrl Pts',(-11.8392089278242,-14.6126301923189,3.39258220267135));
#2691=CARTESIAN_POINT('Ctrl Pts',(-11.8993833204278,-14.6844625157134,3.06659413965281));
#2692=CARTESIAN_POINT('Ctrl Pts',(-11.992652160143,-14.7496042925264,2.73637359995543));
#2693=CARTESIAN_POINT('Ctrl Pts',(-12.1331467005112,-14.8067735681026,2.40735135716805));
#2694=CARTESIAN_POINT('Ctrl Pts',(-12.3262684365985,-14.852162210331,2.106972952553));
#2695=CARTESIAN_POINT('Ctrl Pts',(-12.566925224973,-14.8839160366751,1.86655293385085));
#2696=CARTESIAN_POINT('Ctrl Pts',(-12.8539151176197,-14.903314574256,1.70196643756396));
#2697=CARTESIAN_POINT('Ctrl Pts',(-13.0706261566432,-14.9079172121266,1.65988205317739));
#2698=CARTESIAN_POINT('Ctrl Pts',(-13.1783842428307,-14.9079150515237,1.6598815725889));
#2699=CARTESIAN_POINT('Ctrl Pts',(-11.8875546771407,-12.9951869588616,7.49038536375697));
#2700=CARTESIAN_POINT('Ctrl Pts',(-11.887561267418,-12.9957345481037,7.48943498426345));
#2701=CARTESIAN_POINT('Ctrl Pts',(-11.8875676634108,-12.9962824763176,7.48848380585768));
#2702=CARTESIAN_POINT('Ctrl Pts',(-11.888889402055,-13.1087586686989,7.29317974810147));
#2703=CARTESIAN_POINT('Ctrl Pts',(-11.886932185281,-13.3243964572612,6.89850294572462));
#2704=CARTESIAN_POINT('Ctrl Pts',(-11.8596958876373,-13.7208782133978,6.08805858428824));
#2705=CARTESIAN_POINT('Ctrl Pts',(-11.8196350622855,-14.0203893246161,5.35312198767989));
#2706=CARTESIAN_POINT('Ctrl Pts',(-11.8040454366318,-14.314649887816,4.49416076684277));
#2707=CARTESIAN_POINT('Ctrl Pts',(-11.8213649239929,-14.4745324128997,3.94715033789643));
#2708=CARTESIAN_POINT('Ctrl Pts',(-11.8917455956164,-14.6079105699466,3.399392534351));
#2709=CARTESIAN_POINT('Ctrl Pts',(-11.955067957746,-14.6785194751155,3.07846509599946));
#2710=CARTESIAN_POINT('Ctrl Pts',(-12.0501387559697,-14.74222903999,2.75578417590188));
#2711=CARTESIAN_POINT('Ctrl Pts',(-12.1900482768924,-14.797918735308,2.43677593595763));
#2712=CARTESIAN_POINT('Ctrl Pts',(-12.3786084950189,-14.8419460077741,2.14866860321436));
#2713=CARTESIAN_POINT('Ctrl Pts',(-12.6089075570104,-14.872603405182,1.92135619900442));
#2714=CARTESIAN_POINT('Ctrl Pts',(-12.8787207126926,-14.8912513028761,1.76814414045929));
#2715=CARTESIAN_POINT('Ctrl Pts',(-13.0791112662968,-14.8956428036608,1.729695591717));
#2716=CARTESIAN_POINT('Ctrl Pts',(-13.1783842428307,-14.8956174443186,1.72977510024371));
#2717=CARTESIAN_POINT('Ctrl Pts',(-11.9176950899859,-12.9915248719424,7.48865994603424));
#2718=CARTESIAN_POINT('Ctrl Pts',(-11.917711162647,-12.9920716485655,7.48770939634893));
#2719=CARTESIAN_POINT('Ctrl Pts',(-11.917727276928,-12.9926194792271,7.48675532066286));
#2720=CARTESIAN_POINT('Ctrl Pts',(-11.9210126961834,-13.1049597715004,7.2912899582625));
#2721=CARTESIAN_POINT('Ctrl Pts',(-11.9233108820311,-13.3204110797417,6.89578526597931));
#2722=CARTESIAN_POINT('Ctrl Pts',(-11.907110730297,-13.7158308810013,6.0836520990835));
#2723=CARTESIAN_POINT('Ctrl Pts',(-11.8808998808361,-14.0130005806867,5.34696956485362));
#2724=CARTESIAN_POINT('Ctrl Pts',(-11.8855611865395,-14.3018983376375,4.49043968397538));
#2725=CARTESIAN_POINT('Ctrl Pts',(-11.9169658491747,-14.4570537337394,3.94810732553057));
#2726=CARTESIAN_POINT('Ctrl Pts',(-12.0010084883108,-14.5844092899481,3.41173237416711));
#2727=CARTESIAN_POINT('Ctrl Pts',(-12.0711301755848,-14.650908211409,3.1014013104528));
#2728=CARTESIAN_POINT('Ctrl Pts',(-12.1703854900794,-14.7100029101997,2.79437389008156));
#2729=CARTESIAN_POINT('Ctrl Pts',(-12.3096066465001,-14.7609258314315,2.49645676722125));
#2730=CARTESIAN_POINT('Ctrl Pts',(-12.4892331751863,-14.8004849923562,2.23444005378995));
#2731=CARTESIAN_POINT('Ctrl Pts',(-12.6982897509504,-14.8274285232699,2.03547263640527));
#2732=CARTESIAN_POINT('Ctrl Pts',(-12.9318810582951,-14.8434413886767,1.90707782390725));
#2733=CARTESIAN_POINT('Ctrl Pts',(-13.0974399370905,-14.84699983051,1.87686426392609));
#2734=CARTESIAN_POINT('Ctrl Pts',(-13.1783842428307,-14.8469052516975,1.87699319855466));
#2735=CARTESIAN_POINT('Ctrl Pts',(-11.9443107721929,-12.9848129089674,7.48551277669823));
#2736=CARTESIAN_POINT('Ctrl Pts',(-11.9443352900301,-12.9853580933881,7.48456120332588));
#2737=CARTESIAN_POINT('Ctrl Pts',(-11.9443597686254,-12.9859045893082,7.48360587261911));
#2738=CARTESIAN_POINT('Ctrl Pts',(-11.9493758864534,-13.0979296292971,7.28792185686736));
#2739=CARTESIAN_POINT('Ctrl Pts',(-11.9554302041827,-13.3126974175035,6.89166870179551));
#2740=CARTESIAN_POINT('Ctrl Pts',(-11.9490250940011,-13.7055423939335,6.07767912500256));
#2741=CARTESIAN_POINT('Ctrl Pts',(-11.9352307230981,-13.998019153777,5.33908709313428));
#2742=CARTESIAN_POINT('Ctrl Pts',(-11.958122211282,-14.2776358851355,4.48442011849222));
#2743=CARTESIAN_POINT('Ctrl Pts',(-12.002279789541,-14.4250313317877,3.94613860703456));
#2744=CARTESIAN_POINT('Ctrl Pts',(-12.0987218469663,-14.5427444884586,3.42005924570168));
#2745=CARTESIAN_POINT('Ctrl Pts',(-12.1751305447855,-14.6029155636015,3.1191004502711));
#2746=CARTESIAN_POINT('Ctrl Pts',(-12.2784031197598,-14.6550636116679,2.82595694803061));
#2747=CARTESIAN_POINT('Ctrl Pts',(-12.4174863824987,-14.6986757073459,2.54692277270812));
#2748=CARTESIAN_POINT('Ctrl Pts',(-12.5896901602187,-14.7311319587979,2.30866564898009));
#2749=CARTESIAN_POINT('Ctrl Pts',(-12.7801574369273,-14.7518995642923,2.13592181905737));
#2750=CARTESIAN_POINT('Ctrl Pts',(-12.9809749582965,-14.7632025045353,2.03115913440354));
#2751=CARTESIAN_POINT('Ctrl Pts',(-13.1142984856788,-14.7652172296569,2.00881567329084));
#2752=CARTESIAN_POINT('Ctrl Pts',(-13.1783842428307,-14.7649471615881,2.00908480816444));
#2753=CARTESIAN_POINT('Ctrl Pts',(-11.9738791164015,-12.9736884963543,7.48030438813283));
#2754=CARTESIAN_POINT('Ctrl Pts',(-11.9739130047289,-12.9742308769578,7.47935193214866));
#2755=CARTESIAN_POINT('Ctrl Pts',(-11.9739471383324,-12.974774848686,7.47839425218203));
#2756=CARTESIAN_POINT('Ctrl Pts',(-11.9809050806449,-13.08623452117,7.28246076806208));
#2757=CARTESIAN_POINT('Ctrl Pts',(-11.9911669930897,-13.2997154924314,6.88526354935944));
#2758=CARTESIAN_POINT('Ctrl Pts',(-11.9955632170839,-13.6879512078471,6.06888478669325));
#2759=CARTESIAN_POINT('Ctrl Pts',(-11.9952237649394,-13.9723692002563,5.32788191779936));
#2760=CARTESIAN_POINT('Ctrl Pts',(-12.0374374512103,-14.2366696739699,4.47490482650908));
#2761=CARTESIAN_POINT('Ctrl Pts',(-12.0948078106192,-14.3714782988374,3.94092153450476));
#2762=CARTESIAN_POINT('Ctrl Pts',(-12.2036681563091,-14.4735742381693,3.425798761983));
#2763=CARTESIAN_POINT('Ctrl Pts',(-12.2861078478015,-14.5236818270966,3.13464041876896));
#2764=CARTESIAN_POINT('Ctrl Pts',(-12.3929474734779,-14.5648463076817,2.85571077729508));
#2765=CARTESIAN_POINT('Ctrl Pts',(-12.5311353412871,-14.5967551543585,2.59595983452162));
#2766=CARTESIAN_POINT('Ctrl Pts',(-12.6949010606425,-14.6175763056813,2.38182318565024));
#2767=CARTESIAN_POINT('Ctrl Pts',(-12.8655949715955,-14.6279098608497,2.23565523799194));
#2768=CARTESIAN_POINT('Ctrl Pts',(-13.032069622092,-14.6309668443318,2.1548141472395));
#2769=CARTESIAN_POINT('Ctrl Pts',(-13.1318692400625,-14.6301581855111,2.14048134432394));
#2770=CARTESIAN_POINT('Ctrl Pts',(-13.1783842428307,-14.6295751172616,2.14077160654255));
#2771=CARTESIAN_POINT('Ctrl Pts',(-12.002534613562,-12.9598484550126,7.47382887983584));
#2772=CARTESIAN_POINT('Ctrl Pts',(-12.002577718614,-12.9603873019621,7.47287523361288));
#2773=CARTESIAN_POINT('Ctrl Pts',(-12.0026213220792,-12.9609278456134,7.47191556660451));
#2774=CARTESIAN_POINT('Ctrl Pts',(-12.011487097938,-13.0716642849181,7.27570058964124));
#2775=CARTESIAN_POINT('Ctrl Pts',(-12.0258561950118,-13.2834500567873,6.87754007340414));
#2776=CARTESIAN_POINT('Ctrl Pts',(-12.0406236750172,-13.6657694502483,6.05854004134908));
#2777=CARTESIAN_POINT('Ctrl Pts',(-12.0529464028086,-13.9400221013788,5.31495253631002));
#2778=CARTESIAN_POINT('Ctrl Pts',(-12.1127933609531,-14.1853758544244,4.46331437845609));
#2779=CARTESIAN_POINT('Ctrl Pts',(-12.1818688446493,-14.3047487203799,3.93330767240735));
#2780=CARTESIAN_POINT('Ctrl Pts',(-12.3011074639667,-14.3877760390478,3.42831027720164));
#2781=CARTESIAN_POINT('Ctrl Pts',(-12.3883086348131,-14.4256985438199,3.14594533469115));
#2782=CARTESIAN_POINT('Ctrl Pts',(-12.4974935570872,-14.4536330226045,2.87950861608233));
#2783=CARTESIAN_POINT('Ctrl Pts',(-12.6338414069207,-14.4713829054982,2.63651191452904));
#2784=CARTESIAN_POINT('Ctrl Pts',(-12.7890176831938,-14.4780023619798,2.443072700378));
#2785=CARTESIAN_POINT('Ctrl Pts',(-12.9413766442682,-14.4754502615682,2.31940450981508));
#2786=CARTESIAN_POINT('Ctrl Pts',(-13.0770470531098,-14.4681529812664,2.25868510592848));
#2787=CARTESIAN_POINT('Ctrl Pts',(-13.147276555218,-14.4637577089109,2.25095104195419));
#2788=CARTESIAN_POINT('Ctrl Pts',(-13.1783842428307,-14.4627631956958,2.25119822870192));
#2789=CARTESIAN_POINT('Ctrl Pts',(-12.0316570484528,-12.9392806542613,7.46421273021969));
#2790=CARTESIAN_POINT('Ctrl Pts',(-12.0317100333032,-12.9398139956409,7.46325727237556));
#2791=CARTESIAN_POINT('Ctrl Pts',(-12.0317635758574,-12.9403491835162,7.46229591905113));
#2792=CARTESIAN_POINT('Ctrl Pts',(-12.0426608238877,-13.0499617265267,7.26571257884653));
#2793=CARTESIAN_POINT('Ctrl Pts',(-12.0612974224945,-13.2590722427429,6.86646074633122));
#2794=CARTESIAN_POINT('Ctrl Pts',(-12.0862375937756,-13.6323379185173,6.04416397430596));
#2795=CARTESIAN_POINT('Ctrl Pts',(-12.1100268967942,-13.8914015605078,5.29755612874365));
#2796=CARTESIAN_POINT('Ctrl Pts',(-12.183819056282,-14.1094340525199,4.4467316399295));
#2797=CARTESIAN_POINT('Ctrl Pts',(-12.2608363402714,-14.2069657443964,3.9203333798716));
#2798=CARTESIAN_POINT('Ctrl Pts',(-12.3846935076514,-14.26364567776,3.42388820098382));
#2799=CARTESIAN_POINT('Ctrl Pts',(-12.4728598542536,-14.2850342632069,3.14818161651624));
#2800=CARTESIAN_POINT('Ctrl Pts',(-12.5803290447015,-14.2953932389326,2.89028295337788));
#2801=CARTESIAN_POINT('Ctrl Pts',(-12.710984285034,-14.2945778162375,2.65775945440008));
#2802=CARTESIAN_POINT('Ctrl Pts',(-12.855364643549,-14.2828330667362,2.47579859410469));
#2803=CARTESIAN_POINT('Ctrl Pts',(-12.9914227809453,-14.2638606669775,2.36279837998856));
#2804=CARTESIAN_POINT('Ctrl Pts',(-13.1048377643747,-14.2434714325448,2.31021396430862));
#2805=CARTESIAN_POINT('Ctrl Pts',(-13.1565982448523,-14.2345849214388,2.30439478838403));
#2806=CARTESIAN_POINT('Ctrl Pts',(-13.1783842428307,-14.2330432979777,2.30434032855525));
#2807=CARTESIAN_POINT('Ctrl Pts',(-12.0512484613216,-12.9206414743599,7.45550189197207));
#2808=CARTESIAN_POINT('Ctrl Pts',(-12.051308540223,-12.9211697287792,7.45454475447086));
#2809=CARTESIAN_POINT('Ctrl Pts',(-12.051369247113,-12.9216996026262,7.45358241773329));
#2810=CARTESIAN_POINT('Ctrl Pts',(-12.0637266040438,-13.0302559989685,7.25668487578709));
#2811=CARTESIAN_POINT('Ctrl Pts',(-12.0853266608636,-13.2368373176512,6.85660839263168));
#2812=CARTESIAN_POINT('Ctrl Pts',(-12.116722397173,-13.6018603408342,6.03165618088727));
#2813=CARTESIAN_POINT('Ctrl Pts',(-12.1467235394811,-13.8474543444637,5.2828883671886));
#2814=CARTESIAN_POINT('Ctrl Pts',(-12.22592370354,-14.0423633433406,4.43240217027181));
#2815=CARTESIAN_POINT('Ctrl Pts',(-12.3044096968423,-14.1219936474051,3.90818957271597));
#2816=CARTESIAN_POINT('Ctrl Pts',(-12.4258762826424,-14.1580803544309,3.41595317943619));
#2817=CARTESIAN_POINT('Ctrl Pts',(-12.5111361880178,-14.1669878740482,3.14273263792281));
#2818=CARTESIAN_POINT('Ctrl Pts',(-12.6137903658416,-14.1646115854013,2.88697056687669));
#2819=CARTESIAN_POINT('Ctrl Pts',(-12.7372710947622,-14.151045764824,2.65579043686475));
#2820=CARTESIAN_POINT('Ctrl Pts',(-12.8727587243447,-14.1275302031669,2.47323548348191));
#2821=CARTESIAN_POINT('Ctrl Pts',(-13.0002170300909,-14.0989129528998,2.35687400436328));
#2822=CARTESIAN_POINT('Ctrl Pts',(-13.1071629557287,-14.071493449716,2.2991373211718));
#2823=CARTESIAN_POINT('Ctrl Pts',(-13.1571120663355,-14.0603605430389,2.29056801424464));
#2824=CARTESIAN_POINT('Ctrl Pts',(-13.1783842428307,-14.0585323556423,2.29010912816694));
#2825=CARTESIAN_POINT('Ctrl Pts',(-12.0614775292449,-12.9093740849132,7.45023704584797));
#2826=CARTESIAN_POINT('Ctrl Pts',(-12.0615414376827,-12.9098993154558,7.44927881311701));
#2827=CARTESIAN_POINT('Ctrl Pts',(-12.0616061070708,-12.9104256665089,7.44831612604475));
#2828=CARTESIAN_POINT('Ctrl Pts',(-12.0747576164824,-13.0183355237665,7.25122882252417));
#2829=CARTESIAN_POINT('Ctrl Pts',(-12.0979364377245,-13.223353125049,6.85069584167345));
#2830=CARTESIAN_POINT('Ctrl Pts',(-12.1325694138215,-13.5834065750261,6.02421947211143));
#2831=CARTESIAN_POINT('Ctrl Pts',(-12.1652838184187,-13.8210024106657,5.27430702575502));
#2832=CARTESIAN_POINT('Ctrl Pts',(-12.2459961277141,-14.0025454178135,4.42396922470029));
#2833=CARTESIAN_POINT('Ctrl Pts',(-12.3239918495988,-14.0720477840184,3.90084148135157));
#2834=CARTESIAN_POINT('Ctrl Pts',(-12.4425327457106,-14.0968200016493,3.41034233119702));
#2835=CARTESIAN_POINT('Ctrl Pts',(-12.5252009834814,-14.0990484889023,3.13781165762992));
#2836=CARTESIAN_POINT('Ctrl Pts',(-12.6242887310241,-14.0900382111131,2.88208607842421));
#2837=CARTESIAN_POINT('Ctrl Pts',(-12.743113865401,-14.0701192258557,2.64993178427264));
#2838=CARTESIAN_POINT('Ctrl Pts',(-12.8736358960921,-14.0410798301239,2.46468711320513));
#2839=CARTESIAN_POINT('Ctrl Pts',(-12.9974771451942,-14.0083105875475,2.3436527377357));
#2840=CARTESIAN_POINT('Ctrl Pts',(-13.1036644285469,-13.9781644378949,2.28039338081605));
#2841=CARTESIAN_POINT('Ctrl Pts',(-13.1557209772205,-13.9662319499564,2.26935339048984));
#2842=CARTESIAN_POINT('Ctrl Pts',(-13.1783842428307,-13.9643008175886,2.26863976137742));
#2843=CARTESIAN_POINT('Ctrl Pts',(-12.0758182819863,-12.8919234445067,7.4420837871686));
#2844=CARTESIAN_POINT('Ctrl Pts',(-12.0758877527838,-12.8924438847126,7.44112388940845));
#2845=CARTESIAN_POINT('Ctrl Pts',(-12.075958116004,-12.8929647732415,7.44016066704985));
#2846=CARTESIAN_POINT('Ctrl Pts',(-12.0902595691045,-12.9998568761935,7.24278386444792));
#2847=CARTESIAN_POINT('Ctrl Pts',(-12.1156855526135,-13.2024292491969,6.84157483637072));
#2848=CARTESIAN_POINT('Ctrl Pts',(-12.1547087358314,-13.5547972164804,6.01282488340353));
#2849=CARTESIAN_POINT('Ctrl Pts',(-12.1906551973434,-13.7801631076589,5.26130139439051));
#2850=CARTESIAN_POINT('Ctrl Pts',(-12.2720620547454,-13.9416717402647,4.41115570090647));
#2851=CARTESIAN_POINT('Ctrl Pts',(-12.3480303544887,-13.9962138356398,3.8894970027841));
#2852=CARTESIAN_POINT('Ctrl Pts',(-12.4606771118908,-14.0046813560932,3.40093763356649));
#2853=CARTESIAN_POINT('Ctrl Pts',(-12.5386028940788,-13.9974400241472,3.12874106965072));
#2854=CARTESIAN_POINT('Ctrl Pts',(-12.6315954865043,-13.979251471956,2.87193453918932));
#2855=CARTESIAN_POINT('Ctrl Pts',(-12.7429876253901,-13.9508557086761,2.63667101132422));
#2856=CARTESIAN_POINT('Ctrl Pts',(-12.8662616622105,-13.9148526430909,2.44519934266484));
#2857=CARTESIAN_POINT('Ctrl Pts',(-12.9860114059743,-13.877308230111,2.31463192771894));
#2858=CARTESIAN_POINT('Ctrl Pts',(-13.0938796005361,-13.8444155842759,2.24075937598711));
#2859=CARTESIAN_POINT('Ctrl Pts',(-13.1520754361836,-13.8317897550171,2.22522126972509));
#2860=CARTESIAN_POINT('Ctrl Pts',(-13.1783842428307,-13.8297611263626,2.22410738791022));
#2861=CARTESIAN_POINT('Ctrl Pts',(-12.093410468181,-12.8639572021572,7.42902031233348));
#2862=CARTESIAN_POINT('Ctrl Pts',(-12.0934875637217,-12.8644695162894,7.42805789988587));
#2863=CARTESIAN_POINT('Ctrl Pts',(-12.0935654563786,-12.8649816454199,7.42709371108263));
#2864=CARTESIAN_POINT('Ctrl Pts',(-12.1094277840473,-12.9701746127878,7.22926858349789));
#2865=CARTESIAN_POINT('Ctrl Pts',(-12.1377465693895,-13.1687397611212,6.82708009153244));
#2866=CARTESIAN_POINT('Ctrl Pts',(-12.1815507336526,-13.5088641208916,5.99501753673985));
#2867=CARTESIAN_POINT('Ctrl Pts',(-12.2191230850664,-13.7153376901592,5.2415442793772));
#2868=CARTESIAN_POINT('Ctrl Pts',(-12.295685696012,-13.8475926804563,4.39164815431085));
#2869=CARTESIAN_POINT('Ctrl Pts',(-12.3638800521188,-13.8812395254672,3.87163104445966));
#2870=CARTESIAN_POINT('Ctrl Pts',(-12.462416102369,-13.8686843676481,3.38355514882457));
#2871=CARTESIAN_POINT('Ctrl Pts',(-12.5303406210798,-13.8498977652869,3.10935719523896));
#2872=CARTESIAN_POINT('Ctrl Pts',(-12.6118223938511,-13.8215116503424,2.84693683281084));
#2873=CARTESIAN_POINT('Ctrl Pts',(-12.7109369292797,-13.7850982953623,2.60134731802277));
#2874=CARTESIAN_POINT('Ctrl Pts',(-12.8246597831909,-13.7443673357193,2.3932317572584));
#2875=CARTESIAN_POINT('Ctrl Pts',(-12.943529554362,-13.7057619078169,2.24030621443141));
#2876=CARTESIAN_POINT('Ctrl Pts',(-13.0639600668123,-13.6742518526795,2.14342938165453));
#2877=CARTESIAN_POINT('Ctrl Pts',(-13.141417368351,-13.6626147182081,2.11890550000209));
#2878=CARTESIAN_POINT('Ctrl Pts',(-13.1783842428307,-13.6606734481737,2.11716724084907));
#2879=CARTESIAN_POINT('Ctrl Pts',(-12.1032256676828,-12.8381263323621,7.41695772422017));
#2880=CARTESIAN_POINT('Ctrl Pts',(-12.1033083005758,-12.8386301116612,7.41599362490063));
#2881=CARTESIAN_POINT('Ctrl Pts',(-12.1033912615751,-12.8391345646751,7.41502725043579));
#2882=CARTESIAN_POINT('Ctrl Pts',(-12.1203644927004,-12.9426210193558,7.21681908411925));
#2883=CARTESIAN_POINT('Ctrl Pts',(-12.1505152202154,-13.1373725335915,6.81379226057922));
#2884=CARTESIAN_POINT('Ctrl Pts',(-12.1960184124159,-13.4664204360805,5.97918344715272));
#2885=CARTESIAN_POINT('Ctrl Pts',(-12.2308030994221,-13.657014491612,5.22488207901965));
#2886=CARTESIAN_POINT('Ctrl Pts',(-12.2964598294319,-13.7675008054827,4.37544387300586));
#2887=CARTESIAN_POINT('Ctrl Pts',(-12.3531151398219,-13.7871903697075,3.85628201303045));
#2888=CARTESIAN_POINT('Ctrl Pts',(-12.4352689533568,-13.7632825521387,3.36607318369345));
#2889=CARTESIAN_POINT('Ctrl Pts',(-12.4927496607168,-13.7392286259347,3.08777620851554));
#2890=CARTESIAN_POINT('Ctrl Pts',(-12.5635239386447,-13.7077941866636,2.81696844529514));
#2891=CARTESIAN_POINT('Ctrl Pts',(-12.6531622859551,-13.6713083614534,2.55804408884216));
#2892=CARTESIAN_POINT('Ctrl Pts',(-12.7623943183932,-13.6340056069057,2.33076622104105));
#2893=CARTESIAN_POINT('Ctrl Pts',(-12.8872562704324,-13.6016161229001,2.15454033557809));
#2894=CARTESIAN_POINT('Ctrl Pts',(-13.0275675201366,-13.5770621603108,2.03544871057134));
#2895=CARTESIAN_POINT('Ctrl Pts',(-13.1288146635147,-13.5681989172324,2.00302435790186));
#2896=CARTESIAN_POINT('Ctrl Pts',(-13.1783842428307,-13.5665784321473,2.00082794562666));
#2897=CARTESIAN_POINT('Ctrl Pts',(-12.1067772428071,-12.825322114455,7.41097906509359));
#2898=CARTESIAN_POINT('Ctrl Pts',(-12.1068623178613,-12.8258219314253,7.41001330187044));
#2899=CARTESIAN_POINT('Ctrl Pts',(-12.1069473596761,-12.8263215948552,7.40904742994337));
#2900=CARTESIAN_POINT('Ctrl Pts',(-12.1244053706582,-12.9289540653503,7.21060012298872));
#2901=CARTESIAN_POINT('Ctrl Pts',(-12.1552814647224,-13.1217461769363,6.8072410164597));
#2902=CARTESIAN_POINT('Ctrl Pts',(-12.201090143265,-13.4454149685583,5.97142908558192));
#2903=CARTESIAN_POINT('Ctrl Pts',(-12.2336460969524,-13.6286375762205,5.21691798716231));
#2904=CARTESIAN_POINT('Ctrl Pts',(-12.2928969604157,-13.7296485262826,4.36780742954881));
#2905=CARTESIAN_POINT('Ctrl Pts',(-12.3432824750048,-13.7437125864717,3.84895246121752));
#2906=CARTESIAN_POINT('Ctrl Pts',(-12.4172161630354,-13.715772935548,3.35739851743998));
#2907=CARTESIAN_POINT('Ctrl Pts',(-12.4696340365833,-13.6902078481637,3.07673491899311));
#2908=CARTESIAN_POINT('Ctrl Pts',(-12.5354951335859,-13.6583876360865,2.8014684706559));
#2909=CARTESIAN_POINT('Ctrl Pts',(-12.6211566407492,-13.6230808846399,2.53566454428338));
#2910=CARTESIAN_POINT('Ctrl Pts',(-12.7292234176536,-13.588572216012,2.29888517812069));
#2911=CARTESIAN_POINT('Ctrl Pts',(-12.8581446331836,-13.560113533885,2.11144086281542));
#2912=CARTESIAN_POINT('Ctrl Pts',(-13.0092014021942,-13.5395162761709,1.98205433263965));
#2913=CARTESIAN_POINT('Ctrl Pts',(-13.1223878104631,-13.5321699549055,1.94599561623216));
#2914=CARTESIAN_POINT('Ctrl Pts',(-13.1783842428307,-13.5307163295972,1.94367916202925));
#2915=CARTESIAN_POINT('',(-11.9053293223362,-14.7074178554904,2.94819606268013));
#2916=CARTESIAN_POINT('Ctrl Pts',(-11.90532800229,-14.7091026043041,2.94653954717236));
#2917=CARTESIAN_POINT('Ctrl Pts',(-11.9044845598679,-14.7075536907736,2.95418140900492));
#2918=CARTESIAN_POINT('Ctrl Pts',(-11.9036507417936,-14.7059958070223,2.96182275668306));
#2919=CARTESIAN_POINT('Ctrl Pts',(-11.9028264364164,-14.704429272451,2.96946321456894));
#2920=CARTESIAN_POINT('Ctrl Pts',(-11.8948734387039,-14.6893151579424,3.04317927389317));
#2921=CARTESIAN_POINT('Ctrl Pts',(-11.8877793117868,-14.6733342214794,3.11713667493191));
#2922=CARTESIAN_POINT('Ctrl Pts',(-11.8814362866889,-14.6567485694963,3.1908453286052));
#2923=CARTESIAN_POINT('Ctrl Pts',(-11.8788583580376,-14.6500078382542,3.22080195769285));
#2924=CARTESIAN_POINT('Ctrl Pts',(-11.8764042869585,-14.6431665820589,3.25071747047002));
#2925=CARTESIAN_POINT('Ctrl Pts',(-11.874066241903,-14.63624020125,3.28055887437523));
#2926=CARTESIAN_POINT('Ctrl Pts',(-11.8641599443629,-14.6068931238669,3.4069969108893));
#2927=CARTESIAN_POINT('Ctrl Pts',(-11.8560445790101,-14.5752672685976,3.53534071092233));
#2928=CARTESIAN_POINT('Ctrl Pts',(-11.8493882212313,-14.542108099141,3.66330334361447));
#2929=CARTESIAN_POINT('Ctrl Pts',(-11.8444750089706,-14.5176325460925,3.75775553454714));
#2930=CARTESIAN_POINT('Ctrl Pts',(-11.8403561687915,-14.4923184455063,3.85200001131649));
#2931=CARTESIAN_POINT('Ctrl Pts',(-11.8369018629829,-14.46646757302,3.94512396635575));
#2932=CARTESIAN_POINT('Ctrl Pts',(-11.8314779546907,-14.4258768525085,4.09134604972761));
#2933=CARTESIAN_POINT('Ctrl Pts',(-11.8275540520091,-14.3830295450106,4.23816941617096));
#2934=CARTESIAN_POINT('Ctrl Pts',(-11.8248504122741,-14.3383037138192,4.38410285911416));
#2935=CARTESIAN_POINT('Ctrl Pts',(-11.8239940777393,-14.3241375239411,4.43032493721154));
#2936=CARTESIAN_POINT('Ctrl Pts',(-11.8232603683045,-14.309783142857,4.4764577734302));
#2937=CARTESIAN_POINT('Ctrl Pts',(-11.8226408784793,-14.2952538039487,4.52245419449469));
#2938=CARTESIAN_POINT('Ctrl Pts',(-11.8206712820683,-14.2490594475587,4.66869450733559));
#2939=CARTESIAN_POINT('Ctrl Pts',(-11.8199328761836,-14.201007966219,4.81390941685911));
#2940=CARTESIAN_POINT('Ctrl Pts',(-11.8199407043484,-14.1508861459398,4.958279705268));
#2941=CARTESIAN_POINT('Ctrl Pts',(-11.8199432898814,-14.1343316117311,5.0059631865316));
#2942=CARTESIAN_POINT('Ctrl Pts',(-11.8200272513404,-14.1175509188537,5.0535542560685));
#2943=CARTESIAN_POINT('Ctrl Pts',(-11.8201748990959,-14.1005360832579,5.10105882253489));
#2944=CARTESIAN_POINT('Ctrl Pts',(-11.8207865215496,-14.030053091738,5.29784379506961));
#2945=CARTESIAN_POINT('Ctrl Pts',(-11.8224114649756,-13.9558501908029,5.49228726744076));
#2946=CARTESIAN_POINT('Ctrl Pts',(-11.8244133214283,-13.8774815832714,5.68509692591536));
#2947=CARTESIAN_POINT('Ctrl Pts',(-11.8263266621156,-13.8025781878794,5.86938115067109));
#2948=CARTESIAN_POINT('Ctrl Pts',(-11.8285826264731,-13.7238664042482,6.05217039459322));
#2949=CARTESIAN_POINT('Ctrl Pts',(-11.8306040788636,-13.6409705999045,6.23406686662029));
#2950=CARTESIAN_POINT('Ctrl Pts',(-11.8307389360541,-13.6354403705883,6.246201729296));
#2951=CARTESIAN_POINT('Ctrl Pts',(-11.8308725217578,-13.6298933128894,6.25832870638879));
#2952=CARTESIAN_POINT('Ctrl Pts',(-11.8310046391313,-13.6243293138301,6.27044808279999));
#2953=CARTESIAN_POINT('',(-12.107202541737,-12.8278216777057,7.40614628593301));
#2954=CARTESIAN_POINT('Ctrl Pts',(-11.865476557552,-12.9957650350985,7.490666936429));
#2955=CARTESIAN_POINT('Ctrl Pts',(-11.8727618590896,-12.99583201894,7.49055072431169));
#2956=CARTESIAN_POINT('Ctrl Pts',(-11.8801590145215,-12.9956073272723,7.49029831045838));
#2957=CARTESIAN_POINT('Ctrl Pts',(-11.8876263848328,-12.9950697686148,7.48989977156215));
#2958=CARTESIAN_POINT('Ctrl Pts',(-11.8950937563603,-12.9945322098696,7.48950123260102));
#2959=CARTESIAN_POINT('Ctrl Pts',(-11.902631335585,-12.9936817771832,7.48895661351575));
#2960=CARTESIAN_POINT('Ctrl Pts',(-11.9101929030026,-12.9924971336351,7.48825590440534));
#2961=CARTESIAN_POINT('Ctrl Pts',(-11.9253160283794,-12.9901278480209,7.48685448706102));
#2962=CARTESIAN_POINT('Ctrl Pts',(-11.9405351169956,-12.9864217279852,7.48482870882941));
#2963=CARTESIAN_POINT('Ctrl Pts',(-11.9554177186926,-12.9813327511443,7.48215758926833));
#2964=CARTESIAN_POINT('Ctrl Pts',(-11.9591383648182,-12.9800605084039,7.48148981014959));
#2965=CARTESIAN_POINT('Ctrl Pts',(-11.9628379803201,-12.9787018369585,7.48078169457438));
#2966=CARTESIAN_POINT('Ctrl Pts',(-11.9665092742928,-12.9772581998981,7.48003393518708));
#2967=CARTESIAN_POINT('Ctrl Pts',(-11.9775231396453,-12.9729272952311,7.47779066039925));
#2968=CARTESIAN_POINT('Ctrl Pts',(-11.9882821181341,-12.9678316993035,7.47519059800044));
#2969=CARTESIAN_POINT('Ctrl Pts',(-11.9985977705522,-12.962020866726,7.47225714384169));
#2970=CARTESIAN_POINT('Ctrl Pts',(-12.0123519236177,-12.9542731182105,7.46834588589355));
#2971=CARTESIAN_POINT('Ctrl Pts',(-12.0253179495607,-12.9452538448812,7.46384195251157));
#2972=CARTESIAN_POINT('Ctrl Pts',(-12.0371208893564,-12.9352250732095,7.45886822096188));
#2973=CARTESIAN_POINT('Ctrl Pts',(-12.0394493838256,-12.9332465882071,7.45788699877442));
#2974=CARTESIAN_POINT('Ctrl Pts',(-12.0417326106141,-12.9312288141659,7.45688749136081));
#2975=CARTESIAN_POINT('Ctrl Pts',(-12.0439686825951,-12.9291745799428,7.45587102222378));
#2976=CARTESIAN_POINT('Ctrl Pts',(-12.0473998307155,-12.9260224533774,7.45431129776114));
#2977=CARTESIAN_POINT('Ctrl Pts',(-12.0507199364561,-12.9227844831859,7.45271165268895));
#2978=CARTESIAN_POINT('Ctrl Pts',(-12.0539221852288,-12.9194708925875,7.45107686821498));
#2979=CARTESIAN_POINT('Ctrl Pts',(-12.0565667754948,-12.9167343502187,7.44972677476072));
#2980=CARTESIAN_POINT('Ctrl Pts',(-12.0591309830828,-12.9139462322841,7.4483527150121));
#2981=CARTESIAN_POINT('Ctrl Pts',(-12.0616117256244,-12.911112113054,7.44695728315597));
#2982=CARTESIAN_POINT('Ctrl Pts',(-12.0640924776163,-12.9082779830275,7.445561845984));
#2983=CARTESIAN_POINT('Ctrl Pts',(-12.0664897639602,-12.9053978511868,7.4441450366435));
#2984=CARTESIAN_POINT('Ctrl Pts',(-12.0688000564647,-12.9024777229738,7.44270966082064));
#2985=CARTESIAN_POINT('Ctrl Pts',(-12.0780412758303,-12.8907971477486,7.43696812686993));
#2986=CARTESIAN_POINT('Ctrl Pts',(-12.0858905962305,-12.8784766133229,7.43092951764226));
#2987=CARTESIAN_POINT('Ctrl Pts',(-12.0922850510246,-12.8659093892164,7.42477743834353));
#2988=CARTESIAN_POINT('Ctrl Pts',(-12.0986794962447,-12.8533421839262,7.41862536825602));
#2989=CARTESIAN_POINT('Ctrl Pts',(-12.1036190692436,-12.8405282450102,7.41235989620555));
#2990=CARTESIAN_POINT('Ctrl Pts',(-12.1072025061642,-12.827821735041,7.40614631087797));
#2991=CARTESIAN_POINT('Ctrl Pts',(-12.1072025056408,-12.8278217319627,7.40614631683302));
#2992=CARTESIAN_POINT('Ctrl Pts',(-12.1245061964724,-12.9295836777364,7.20928263821188));
#2993=CARTESIAN_POINT('Ctrl Pts',(-12.1553188696418,-13.1220104675781,6.80655853709396));
#2994=CARTESIAN_POINT('Ctrl Pts',(-12.201090143265,-13.4454149685583,5.97142908558192));
#2995=CARTESIAN_POINT('Ctrl Pts',(-12.2336460969524,-13.6286375762205,5.21691798716231));
#2996=CARTESIAN_POINT('Ctrl Pts',(-12.2928969604157,-13.7296485262826,4.36780742954881));
#2997=CARTESIAN_POINT('Ctrl Pts',(-12.3432824750048,-13.7437125864717,3.84895246121752));
#2998=CARTESIAN_POINT('Ctrl Pts',(-12.4172161630354,-13.715772935548,3.35739851743998));
#2999=CARTESIAN_POINT('Ctrl Pts',(-12.4696340365833,-13.6902078481637,3.07673491899311));
#3000=CARTESIAN_POINT('Ctrl Pts',(-12.5354951335859,-13.6583876360865,2.8014684706559));
#3001=CARTESIAN_POINT('Ctrl Pts',(-12.6211566407492,-13.6230808846399,2.53566454428338));
#3002=CARTESIAN_POINT('Ctrl Pts',(-12.7292234176536,-13.588572216012,2.29888517812069));
#3003=CARTESIAN_POINT('Ctrl Pts',(-12.8581446331836,-13.560113533885,2.11144086281542));
#3004=CARTESIAN_POINT('Ctrl Pts',(-13.0092014021942,-13.5395162761709,1.98205433263965));
#3005=CARTESIAN_POINT('Ctrl Pts',(-13.1223878104631,-13.5321699549055,1.94599561623216));
#3006=CARTESIAN_POINT('Ctrl Pts',(-13.1783842428307,-13.5307163295972,1.94367916202925));
#3007=CARTESIAN_POINT('Ctrl Pts',(-13.1783842428307,-14.9115726524477,1.62634591362749));
#3008=CARTESIAN_POINT('Ctrl Pts',(-13.0665427703515,-14.9115726524477,1.62634591362749));
#3009=CARTESIAN_POINT('Ctrl Pts',(-12.8420776043693,-14.906889010332,1.67016235880701));
#3010=CARTESIAN_POINT('Ctrl Pts',(-12.5468240242451,-14.8872190379351,1.84005578795253));
#3011=CARTESIAN_POINT('Ctrl Pts',(-12.3011173876674,-14.8550489187931,2.08670359205485));
#3012=CARTESIAN_POINT('Ctrl Pts',(-12.1057097859215,-14.809143745795,2.39293257984008));
#3013=CARTESIAN_POINT('Ctrl Pts',(-11.980622542269,-14.7578758232212,2.68939465624958));
#3014=CARTESIAN_POINT('Ctrl Pts',(-11.9248306740807,-14.7221828485874,2.87457979818021));
#3015=CARTESIAN_POINT('Ctrl Pts',(-11.9054081784997,-14.7074211203566,2.9482175151369));
#3016=CARTESIAN_POINT('Ctrl Pts',(13.5463440385901,-12.5106474457797,-7.93054448649252));
#3017=CARTESIAN_POINT('Ctrl Pts',(13.4700371501838,-10.6094963995856,-10.9296614475813));
#3018=CARTESIAN_POINT('Ctrl Pts',(13.3174200645118,-4.57168735019596,-15.4923831293147));
#3019=CARTESIAN_POINT('Ctrl Pts',(13.0884875217887,6.7733502450188,-14.6641988224406));
#3020=CARTESIAN_POINT('Ctrl Pts',(12.8595564745248,14.7537567573506,-6.57155127761473));
#3021=CARTESIAN_POINT('Ctrl Pts',(12.6306237857487,15.4291458874363,4.77672691559882));
#3022=CARTESIAN_POINT('Ctrl Pts',(12.4016916776499,8.46291599061584,13.7572630240023));
#3023=CARTESIAN_POINT('Ctrl Pts',(12.1727600516462,-2.7016334999866,15.9266715673001));
#3024=CARTESIAN_POINT('Ctrl Pts',(11.981984226738,-10.8775544034251,11.1539720223109));
#3025=CARTESIAN_POINT('Ctrl Pts',(11.829363309969,-14.3389577856311,4.81700765199594));
#3026=CARTESIAN_POINT('Ctrl Pts',(11.685221939638,-15.3414325443604,-1.92423629066274));
#3027=CARTESIAN_POINT('Ctrl Pts',(11.5114032890901,-12.3867822719159,-9.90732603151903));
#3028=CARTESIAN_POINT('Ctrl Pts',(11.3079073347103,-4.0244026255148,-15.3427555471815));
#3029=CARTESIAN_POINT('Ctrl Pts',(11.1213722801697,5.0875490247308,-14.761603471008));
#3030=CARTESIAN_POINT('Ctrl Pts',(10.951791849618,11.6840237256456,-10.0149458485557));
#3031=CARTESIAN_POINT('Ctrl Pts',(10.7991717019927,14.9899589494949,-3.50055496336925));
#3032=CARTESIAN_POINT('Ctrl Pts',(10.6465495793081,14.912628196857,3.81145585804519));
#3033=CARTESIAN_POINT('Ctrl Pts',(10.493929556885,11.473601204762,10.259934424071));
#3034=CARTESIAN_POINT('Ctrl Pts',(10.3413078945311,5.44639962760791,14.3966209913095));
#3035=CARTESIAN_POINT('Ctrl Pts',(10.1886872790172,-1.80886932667792,15.2851771569232));
#3036=CARTESIAN_POINT('Ctrl Pts',(10.036065840008,-8.65626134922671,12.7277516823517));
#3037=CARTESIAN_POINT('Ctrl Pts',(9.88344515058543,-13.5515201776117,7.29834076724842));
#3038=CARTESIAN_POINT('Ctrl Pts',(9.73082373539466,-15.3903640432707,0.225666569525942));
#3039=CARTESIAN_POINT('Ctrl Pts',(9.57820302830256,-13.7588081984893,-6.90294518898178));
#3040=CARTESIAN_POINT('Ctrl Pts',(9.42558163429761,-9.02335257852675,-12.4650797386798));
#3041=CARTESIAN_POINT('Ctrl Pts',(9.25600300015907,-1.50232903924394,-15.5421721588787));
#3042=CARTESIAN_POINT('Ctrl Pts',(9.06946588575751,7.49577139968765,-13.9782006972644));
#3043=CARTESIAN_POINT('Ctrl Pts',(8.86597186428798,14.3561267226694,-6.74277068547339));
#3044=CARTESIAN_POINT('Ctrl Pts',(8.66247676695736,15.5432563766549,3.15355567715099));
#3045=CARTESIAN_POINT('Ctrl Pts',(8.45898173892205,10.5929874495706,11.8027570173116));
#3046=CARTESIAN_POINT('Ctrl Pts',(8.25548772339435,1.45694493495868,15.7951666284579));
#3047=CARTESIAN_POINT('Ctrl Pts',(8.0859082386032,-6.63210396306363,13.9163594242713));
#3048=CARTESIAN_POINT('Ctrl Pts',(7.95024489044444,-11.4802944120846,9.74619508537119));
#3049=CARTESIAN_POINT('Ctrl Pts',(7.81458202573168,-14.8085107328058,4.28885667986954));
#3050=CARTESIAN_POINT('Ctrl Pts',(7.64500268348287,-15.3485263091466,-4.00411057061175));
#3051=CARTESIAN_POINT('Ctrl Pts',(7.45846556250873,-10.3794893113644,-11.6642421864342));
#3052=CARTESIAN_POINT('Ctrl Pts',(7.28888737341916,-3.00693725993663,-15.0944745584681));
#3053=CARTESIAN_POINT('Ctrl Pts',(7.15322345315415,3.47195329213978,-14.811454419118));
#3054=CARTESIAN_POINT('Ctrl Pts',(7.00060289655851,9.98836423537617,-11.738890886761));
#3055=CARTESIAN_POINT('Ctrl Pts',(6.84798112830331,14.5004995900534,-5.79687762641681));
#3056=CARTESIAN_POINT('Ctrl Pts',(6.67840303922266,15.2151714314594,2.30609211930258));
#3057=CARTESIAN_POINT('Ctrl Pts',(6.52578164405539,12.4430383568151,9.06057360345988));
#3058=CARTESIAN_POINT('Ctrl Pts',(6.37316065314744,6.85657473930319,13.7814695704308));
#3059=CARTESIAN_POINT('Ctrl Pts',(6.22053969520683,-0.272694422715212,15.3888498097003));
#3060=CARTESIAN_POINT('Ctrl Pts',(6.06791842566705,-7.34094017757648,13.5292790259462));
#3061=CARTESIAN_POINT('Ctrl Pts',(5.91529766726662,-12.7559850986363,8.61514295047514));
#3062=CARTESIAN_POINT('Ctrl Pts',(5.76267625384451,-15.2879807837244,1.76283734229937));
#3063=CARTESIAN_POINT('Ctrl Pts',(5.59309770684599,-14.2847807169231,-6.30188697554801));
#3064=CARTESIAN_POINT('Ctrl Pts',(5.40656066803207,-8.5177579702284,-13.3803230173616));
#3065=CARTESIAN_POINT('Ctrl Pts',(5.20306596191805,1.15519699263461,-15.8205951832988));
#3066=CARTESIAN_POINT('Ctrl Pts',(5.01652880711152,9.58834094729237,-12.3213379632535));
#3067=CARTESIAN_POINT('Ctrl Pts',(4.84695016542288,14.2953471585711,-5.69924379442787));
#3068=CARTESIAN_POINT('Ctrl Pts',(4.69432930942265,15.3173635958247,1.53884073592607));
#3069=CARTESIAN_POINT('Ctrl Pts',(4.54170783232873,12.876149910761,8.42437758481049));
#3070=CARTESIAN_POINT('Ctrl Pts',(4.36365026828627,6.65284027703954,14.2650794348379));
#3071=CARTESIAN_POINT('Ctrl Pts',(4.16015628394903,-3.31937999165979,15.8121139165369));
#3072=CARTESIAN_POINT('Ctrl Pts',(3.93122430231856,-12.922495630388,9.69329605338625));
#3073=CARTESIAN_POINT('Ctrl Pts',(3.74044780674521,-15.5651496736359,0.614926390572532));
#3074=CARTESIAN_POINT('Ctrl Pts',(3.5878262474938,-13.7222568246679,-6.37690740255598));
#3075=CARTESIAN_POINT('Ctrl Pts',(3.47760020600605,-10.7238974040926,-10.6264306408917));
#3076=CARTESIAN_POINT('Ctrl Pts',(3.3376972417694,-5.34425108352635,-14.4612206853868));
#3077=CARTESIAN_POINT('Ctrl Pts',(3.18507670961695,2.04817683723509,-15.4793898990253));
#3078=CARTESIAN_POINT('Ctrl Pts',(3.01549687996994,9.46026970505183,-12.1384448921389));
#3079=CARTESIAN_POINT('Ctrl Pts',(2.86287663980793,13.9965208974988,-6.4094060570033));
#3080=CARTESIAN_POINT('Ctrl Pts',(2.71025498611563,15.3677082805955,0.767101536193973));
#3081=CARTESIAN_POINT('Ctrl Pts',(2.53219805706177,12.948595960485,8.95112369780286));
#3082=CARTESIAN_POINT('Ctrl Pts',(2.3287032468353,5.11856508170303,15.3231336058529));
#3083=CARTESIAN_POINT('Ctrl Pts',(2.09977051032836,-6.25018968783741,14.89375197706));
#3084=CARTESIAN_POINT('Ctrl Pts',(1.87083884451306,-14.5106229703497,7.09088221196277));
#3085=CARTESIAN_POINT('Ctrl Pts',(1.64190702662441,-15.5903561980711,-4.22716082790671));
#3086=CARTESIAN_POINT('Ctrl Pts',(1.41297717685977,-8.94224542261698,-13.4486497771396));
#3087=CARTESIAN_POINT('Ctrl Pts',(1.18404430397134,2.12960252159354,-16.0121278448274));
#3088=CARTESIAN_POINT('Ctrl Pts',(0.95511649942721,12.15575066933,-10.6374991075824));
#3089=CARTESIAN_POINT('Ctrl Pts',(0.802488469034486,14.8124891684291,-3.55092633642761));
#3090=CARTESIAN_POINT('Ctrl Pts',(0.726181580628156,14.8124891684291,0.));
#3091=CARTESIAN_POINT('Ctrl Pts',(13.5620298717146,-12.5617872245549,-7.96338833548449));
#3092=CARTESIAN_POINT('Ctrl Pts',(13.4857229833083,-10.6527345042137,-10.9748126591711));
#3093=CARTESIAN_POINT('Ctrl Pts',(13.3331058976364,-4.59008927677606,-15.5560311388008));
#3094=CARTESIAN_POINT('Ctrl Pts',(13.1041733549132,6.80150828226877,-14.7242195665682));
#3095=CARTESIAN_POINT('Ctrl Pts',(12.8752423076493,14.8144495485923,-6.59814938752019));
#3096=CARTESIAN_POINT('Ctrl Pts',(12.6463096188732,15.4923409413452,4.79669723714377));
#3097=CARTESIAN_POINT('Ctrl Pts',(12.4173775107744,8.49730627852038,13.8139205634796));
#3098=CARTESIAN_POINT('Ctrl Pts',(12.1884458847707,-2.71310660723923,15.9919533758019));
#3099=CARTESIAN_POINT('Ctrl Pts',(11.9976700598625,-10.9224558578464,11.1994785247598));
#3100=CARTESIAN_POINT('Ctrl Pts',(11.8450491430936,-14.3979106034638,4.83642418395077));
#3101=CARTESIAN_POINT('Ctrl Pts',(11.7009077727625,-15.404335194853,-1.93250767950713));
#3102=CARTESIAN_POINT('Ctrl Pts',(11.5270891222146,-12.4373675754313,-9.94827613731608));
#3103=CARTESIAN_POINT('Ctrl Pts',(11.3235931678348,-4.04054285498397,-15.4058086342414));
#3104=CARTESIAN_POINT('Ctrl Pts',(11.1370581132942,5.10878416983979,-14.8220504045404));
#3105=CARTESIAN_POINT('Ctrl Pts',(10.9674776827425,11.7322078895625,-10.0557533797414));
#3106=CARTESIAN_POINT('Ctrl Pts',(10.8148575351172,15.0515519249136,-3.51455889516498));
#3107=CARTESIAN_POINT('Ctrl Pts',(10.6622354124326,14.9737237701953,3.82746059535128));
#3108=CARTESIAN_POINT('Ctrl Pts',(10.5096153900095,11.5204311111645,10.3023112208539));
#3109=CARTESIAN_POINT('Ctrl Pts',(10.3569937276556,5.46839727617811,14.4558258639091));
#3110=CARTESIAN_POINT('Ctrl Pts',(10.2043731121417,-1.81666275738013,15.3478513547497));
#3111=CARTESIAN_POINT('Ctrl Pts',(10.0517516731326,-8.69208899889846,12.779766062016));
#3112=CARTESIAN_POINT('Ctrl Pts',(9.89913098370995,-13.6073023639916,7.32795804406525));
#3113=CARTESIAN_POINT('Ctrl Pts',(9.74650956851917,-15.4535190169538,0.226218733164314));
#3114=CARTESIAN_POINT('Ctrl Pts',(9.59388886142708,-13.8150964808654,-6.93160392604593));
#3115=CARTESIAN_POINT('Ctrl Pts',(9.44126746742212,-9.06007306343682,-12.5164453477154));
#3116=CARTESIAN_POINT('Ctrl Pts',(9.27168883328359,-1.5081176110607,-15.6059822841154));
#3117=CARTESIAN_POINT('Ctrl Pts',(9.08515171888201,7.52686752863962,-14.0353741800607));
#3118=CARTESIAN_POINT('Ctrl Pts',(8.8816576974125,14.4151983527499,-6.7700854644276));
#3119=CARTESIAN_POINT('Ctrl Pts',(8.67816260008188,15.6069573876387,3.16686804177378));
#3120=CARTESIAN_POINT('Ctrl Pts',(8.47466757204657,10.6361662974059,11.8514453725397));
#3121=CARTESIAN_POINT('Ctrl Pts',(8.27117355651886,1.46253442866854,15.8600124861995));
#3122=CARTESIAN_POINT('Ctrl Pts',(8.10159407172771,-6.65964971179197,13.9733024785299));
#3123=CARTESIAN_POINT('Ctrl Pts',(7.96593072356895,-11.5276376591587,9.78590575905649));
#3124=CARTESIAN_POINT('Ctrl Pts',(7.83026785885617,-14.869379732365,4.30609451449012));
#3125=CARTESIAN_POINT('Ctrl Pts',(7.66068851660741,-15.4114040918264,-4.02091120410745));
#3126=CARTESIAN_POINT('Ctrl Pts',(7.47415139563322,-10.4217979014162,-11.7123591241215));
#3127=CARTESIAN_POINT('Ctrl Pts',(7.30457320654368,-3.01890466876861,-15.1564795698982));
#3128=CARTESIAN_POINT('Ctrl Pts',(7.16890928627866,3.4865515909813,-14.8721491966719));
#3129=CARTESIAN_POINT('Ctrl Pts',(7.01628872968302,10.0296394983592,-11.7868103772468));
#3130=CARTESIAN_POINT('Ctrl Pts',(6.86366696142782,14.5601375682705,-5.8203130338835));
#3131=CARTESIAN_POINT('Ctrl Pts',(6.69408887234717,15.2775468232934,2.31592470048343));
#3132=CARTESIAN_POINT('Ctrl Pts',(6.54146747717989,12.4938744041916,9.09805307384143));
#3133=CARTESIAN_POINT('Ctrl Pts',(6.38884648627195,6.88437395922024,13.8381845584135));
#3134=CARTESIAN_POINT('Ctrl Pts',(6.23622552833135,-0.274187296095258,15.4519866831799));
#3135=CARTESIAN_POINT('Ctrl Pts',(6.08360425879155,-7.3713902312158,13.5846143232562));
#3136=CARTESIAN_POINT('Ctrl Pts',(5.93098350039113,-12.8085349432113,8.6501823914046));
#3137=CARTESIAN_POINT('Ctrl Pts',(5.77836208696902,-15.3507532893819,1.76969991453051));
#3138=CARTESIAN_POINT('Ctrl Pts',(5.6087835399705,-14.3432408183289,-6.32809403992761));
#3139=CARTESIAN_POINT('Ctrl Pts',(5.42224650115658,-8.55238408888962,-13.4354299141494));
#3140=CARTESIAN_POINT('Ctrl Pts',(5.21875179504255,1.16032152348025,-15.8854838191359));
#3141=CARTESIAN_POINT('Ctrl Pts',(5.03221464023604,9.62798464156757,-12.3716603321767));
#3142=CARTESIAN_POINT('Ctrl Pts',(4.86263599854739,14.3541402418937,-5.72228523222657));
#3143=CARTESIAN_POINT('Ctrl Pts',(4.71001514254716,15.3801780282633,1.5455321317978));
#3144=CARTESIAN_POINT('Ctrl Pts',(4.55739366545324,12.9287785194899,8.45925471174542));
#3145=CARTESIAN_POINT('Ctrl Pts',(4.37933610141078,6.67979008563252,14.3237758961086));
#3146=CARTESIAN_POINT('Ctrl Pts',(4.17584211707354,-3.33338344390301,15.876913570112));
#3147=CARTESIAN_POINT('Ctrl Pts',(3.94691013544307,-12.9757552212836,9.73275375622786));
#3148=CARTESIAN_POINT('Ctrl Pts',(3.75613363986972,-15.6290316683513,0.617075934301246));
#3149=CARTESIAN_POINT('Ctrl Pts',(3.60351208061831,-13.7784072264246,-6.40340765077217));
#3150=CARTESIAN_POINT('Ctrl Pts',(3.49328603913057,-10.7676415369954,-10.6702925903355));
#3151=CARTESIAN_POINT('Ctrl Pts',(3.3533830748939,-5.36582962405911,-14.5206886850119));
#3152=CARTESIAN_POINT('Ctrl Pts',(3.20076254274147,2.05696047700847,-15.5428541990134));
#3153=CARTESIAN_POINT('Ctrl Pts',(3.03118271309445,9.49937852369192,-12.1880236786737));
#3154=CARTESIAN_POINT('Ctrl Pts',(2.87856247293244,14.0541109779565,-6.43536143242405));
#3155=CARTESIAN_POINT('Ctrl Pts',(2.72594081924014,15.4307449434956,0.770620168947562));
#3156=CARTESIAN_POINT('Ctrl Pts',(2.54788389018628,13.0015092719587,8.98816959290211));
#3157=CARTESIAN_POINT('Ctrl Pts',(2.34438907995982,5.13919534955818,15.3861309611146));
#3158=CARTESIAN_POINT('Ctrl Pts',(2.11545634345287,-6.27619744150321,14.9547118484057));
#3159=CARTESIAN_POINT('Ctrl Pts',(1.88652467763757,-14.5703352055289,7.11962702780934));
#3160=CARTESIAN_POINT('Ctrl Pts',(1.65759285974892,-15.6542242601149,-4.24488897176865));
#3161=CARTESIAN_POINT('Ctrl Pts',(1.42866300998428,-8.9786099999269,-13.5040407766203));
#3162=CARTESIAN_POINT('Ctrl Pts',(1.19973013709585,2.13872864211868,-16.0777947249542));
#3163=CARTESIAN_POINT('Ctrl Pts',(0.970802332551723,12.2058890218627,-10.680814578129));
#3164=CARTESIAN_POINT('Ctrl Pts',(0.818174302158997,14.8733508042347,-3.5651917394597));
#3165=CARTESIAN_POINT('Ctrl Pts',(0.741867413752667,14.8732663503068,0.000359934433318982));
#3166=CARTESIAN_POINT('Ctrl Pts',(13.6313520586086,-12.6411604460968,-8.01551418746352));
#3167=CARTESIAN_POINT('Ctrl Pts',(13.5550451702023,-10.7196508664127,-11.0459003001909));
#3168=CARTESIAN_POINT('Ctrl Pts',(13.4024280845303,-4.61776563383018,-15.6558491835408));
#3169=CARTESIAN_POINT('Ctrl Pts',(13.1734955418072,6.84642521959043,-14.8174934632884));
#3170=CARTESIAN_POINT('Ctrl Pts',(12.9445644945433,14.9097026007798,-6.63875885955391));
#3171=CARTESIAN_POINT('Ctrl Pts',(12.7156318057671,15.5907419496395,4.82891427485248));
#3172=CARTESIAN_POINT('Ctrl Pts',(12.4866996976684,8.55013179370011,13.9029710974472));
#3173=CARTESIAN_POINT('Ctrl Pts',(12.2577680716647,-2.73206694844587,16.0937647508651));
#3174=CARTESIAN_POINT('Ctrl Pts',(12.0669922467565,-10.9933334883159,11.269844502178));
#3175=CARTESIAN_POINT('Ctrl Pts',(11.9143713299875,-14.4903172639542,4.86581980274322));
#3176=CARTESIAN_POINT('Ctrl Pts',(11.7702299596565,-15.5024710371584,-1.946421441364));
#3177=CARTESIAN_POINT('Ctrl Pts',(11.5964113091085,-12.5157402427953,-10.013062490317));
#3178=CARTESIAN_POINT('Ctrl Pts',(11.3929153547288,-4.06475398621726,-15.5045665415565));
#3179=CARTESIAN_POINT('Ctrl Pts',(11.2063803001881,5.14291674842129,-14.9161426188345));
#3180=CARTESIAN_POINT('Ctrl Pts',(11.0367998696365,11.808135444037,-10.1187430828005));
#3181=CARTESIAN_POINT('Ctrl Pts',(10.8841797220112,15.147994088674,-3.53544238824217));
#3182=CARTESIAN_POINT('Ctrl Pts',(10.7315575993265,15.0689186211162,3.85342656111064));
#3183=CARTESIAN_POINT('Ctrl Pts',(10.5789375769035,11.5929139035636,10.3692605835646));
#3184=CARTESIAN_POINT('Ctrl Pts',(10.4263159145495,5.50182120699672,14.5486669036617));
#3185=CARTESIAN_POINT('Ctrl Pts',(10.2736952990357,-1.82983567493464,15.4456391073008));
#3186=CARTESIAN_POINT('Ctrl Pts',(10.1210738600265,-8.74888789190868,12.8604539909867));
#3187=CARTESIAN_POINT('Ctrl Pts',(9.96845317060391,-13.6949178158375,7.37333947498555));
#3188=CARTESIAN_POINT('Ctrl Pts',(9.81583175541313,-15.5521914358727,0.226075812277411));
#3189=CARTESIAN_POINT('Ctrl Pts',(9.66321104832104,-13.9025733695847,-6.97727058558372));
#3190=CARTESIAN_POINT('Ctrl Pts',(9.51058965431609,-9.11662534975031,-12.5972759250697));
#3191=CARTESIAN_POINT('Ctrl Pts',(9.34101102017755,-1.51613979845677,-15.7057578784533));
#3192=CARTESIAN_POINT('Ctrl Pts',(9.15447390577599,7.57635731067883,-14.1241969471955));
#3193=CARTESIAN_POINT('Ctrl Pts',(8.95097988430646,14.5079117506948,-6.81182733698897));
#3194=CARTESIAN_POINT('Ctrl Pts',(8.74748478697584,15.7062597679742,3.18869344066241));
#3195=CARTESIAN_POINT('Ctrl Pts',(8.54398975894053,10.7028455799448,11.9281895770528));
#3196=CARTESIAN_POINT('Ctrl Pts',(8.34049574341282,1.47024884646233,15.961406778625));
#3197=CARTESIAN_POINT('Ctrl Pts',(8.17091625862167,-6.7036041931845,14.0618148027433));
#3198=CARTESIAN_POINT('Ctrl Pts',(8.03525291046292,-11.6022294552846,9.8471925874929));
#3199=CARTESIAN_POINT('Ctrl Pts',(7.89959004575015,-14.9647383510031,4.33205657359012));
#3200=CARTESIAN_POINT('Ctrl Pts',(7.73001070350135,-15.509375370603,-4.04816422729398));
#3201=CARTESIAN_POINT('Ctrl Pts',(7.54347358252721,-10.4871197033552,-11.7881904966701));
#3202=CARTESIAN_POINT('Ctrl Pts',(7.37389539343764,-3.03662520386505,-15.2535473592516));
#3203=CARTESIAN_POINT('Ctrl Pts',(7.23823147317263,3.51034604242404,-14.9667221658852));
#3204=CARTESIAN_POINT('Ctrl Pts',(7.08561091657699,10.0948668366982,-11.8610293363655));
#3205=CARTESIAN_POINT('Ctrl Pts',(6.93298914832178,14.653682899105,-5.85596968102423));
#3206=CARTESIAN_POINT('Ctrl Pts',(6.76341105924114,15.3748337932874,2.33227658153609));
#3207=CARTESIAN_POINT('Ctrl Pts',(6.61078966407386,12.5726960120677,9.15741444428565));
#3208=CARTESIAN_POINT('Ctrl Pts',(6.45816867316591,6.92689977042369,13.9272283080043));
#3209=CARTESIAN_POINT('Ctrl Pts',(6.30554771522533,-0.27752416725171,15.550597630857));
#3210=CARTESIAN_POINT('Ctrl Pts',(6.15292644568551,-7.41984103762073,13.6705754977328));
#3211=CARTESIAN_POINT('Ctrl Pts',(6.0003056872851,-12.8911872994315,8.70408674301661));
#3212=CARTESIAN_POINT('Ctrl Pts',(5.84768427386298,-15.4489277894386,1.77941965477948));
#3213=CARTESIAN_POINT('Ctrl Pts',(5.67810572686448,-14.4341524604312,-6.36995986836391));
#3214=CARTESIAN_POINT('Ctrl Pts',(5.49156868805054,-8.60559776629474,-13.5220773390731));
#3215=CARTESIAN_POINT('Ctrl Pts',(5.28807398193653,1.16935949984821,-15.9867687318014));
#3216=CARTESIAN_POINT('Ctrl Pts',(5.10153682713,9.69071404874158,-12.4496494379429));
#3217=CARTESIAN_POINT('Ctrl Pts',(4.93195818544137,14.4463615281477,-5.75733496390451));
#3218=CARTESIAN_POINT('Ctrl Pts',(4.77933732944112,15.478197770161,1.55697041980989));
#3219=CARTESIAN_POINT('Ctrl Pts',(4.62671585234721,13.0104420152647,8.51458628055436));
#3220=CARTESIAN_POINT('Ctrl Pts',(4.44865828830474,6.72096241659047,14.4158955801117));
#3221=CARTESIAN_POINT('Ctrl Pts',(4.2451643039675,-3.35629378364141,15.977922852436));
#3222=CARTESIAN_POINT('Ctrl Pts',(4.01623232233704,-13.0595857581066,9.79355380050011));
#3223=CARTESIAN_POINT('Ctrl Pts',(3.82545582676368,-15.7288640771544,0.619403941201256));
#3224=CARTESIAN_POINT('Ctrl Pts',(3.67283426751227,-13.8657050934439,-6.44569759865781));
#3225=CARTESIAN_POINT('Ctrl Pts',(3.56260822602453,-10.8352819954517,-10.7395143057885));
#3226=CARTESIAN_POINT('Ctrl Pts',(3.42270526178787,-5.39858993267111,-14.6139324920059));
#3227=CARTESIAN_POINT('Ctrl Pts',(3.27008472963543,2.07168244170411,-15.6418634596321));
#3228=CARTESIAN_POINT('Ctrl Pts',(3.10050489998841,9.56127492903838,-12.2648485130601));
#3229=CARTESIAN_POINT('Ctrl Pts',(2.94788465982641,14.1444820849925,-6.47500403636975));
#3230=CARTESIAN_POINT('Ctrl Pts',(2.7952630061341,15.5291713207269,0.777127181110496));
#3231=CARTESIAN_POINT('Ctrl Pts',(2.61720607708025,13.0835824243523,9.0468771516136));
#3232=CARTESIAN_POINT('Ctrl Pts',(2.41371126685378,5.17042184475734,15.484878566927));
#3233=CARTESIAN_POINT('Ctrl Pts',(2.18477853034684,-6.31779751965374,15.0495324911015));
#3234=CARTESIAN_POINT('Ctrl Pts',(1.95584686453154,-14.6640772780318,7.16357678092034));
#3235=CARTESIAN_POINT('Ctrl Pts',(1.72691504664289,-15.7537178788036,-4.27358780682779));
#3236=CARTESIAN_POINT('Ctrl Pts',(1.49798519687825,-9.03453973209187,-13.5911790619221));
#3237=CARTESIAN_POINT('Ctrl Pts',(1.26905232398982,2.15403378663562,-16.180184591679));
#3238=CARTESIAN_POINT('Ctrl Pts',(1.04012451944569,12.2848998354123,-10.747794382684));
#3239=CARTESIAN_POINT('Ctrl Pts',(0.887496489052963,14.9686665089281,-3.58634676875968));
#3240=CARTESIAN_POINT('Ctrl Pts',(0.811189600646632,14.9682130377521,0.00188940677174532));
#3241=CARTESIAN_POINT('Ctrl Pts',(13.7412858359578,-12.6667310930415,-8.03454569022028));
#3242=CARTESIAN_POINT('Ctrl Pts',(13.6649789475514,-10.7406371210787,-11.0710970013611));
#3243=CARTESIAN_POINT('Ctrl Pts',(13.5123618618795,-4.62509886054978,-15.6898082368993));
#3244=CARTESIAN_POINT('Ctrl Pts',(13.2834293191563,6.86332780812383,-14.8478838979949));
#3245=CARTESIAN_POINT('Ctrl Pts',(13.0544982718924,14.9424179853259,-6.65048142303473));
#3246=CARTESIAN_POINT('Ctrl Pts',(12.8255655831163,15.6230858437387,4.84164466385259));
#3247=CARTESIAN_POINT('Ctrl Pts',(12.5966334750175,8.56607888785712,13.9338582164793));
#3248=CARTESIAN_POINT('Ctrl Pts',(12.3677018490139,-2.74042807449483,16.1275063207955));
#3249=CARTESIAN_POINT('Ctrl Pts',(12.1769260241057,-11.0184698316169,11.2920333100656));
#3250=CARTESIAN_POINT('Ctrl Pts',(12.0243051073367,-14.5218637958437,4.87384946843216));
#3251=CARTESIAN_POINT('Ctrl Pts',(11.8801637370056,-15.5350842168459,-1.95302190613214));
#3252=CARTESIAN_POINT('Ctrl Pts',(11.7063450864577,-12.5407283576748,-10.0363148553337));
#3253=CARTESIAN_POINT('Ctrl Pts',(11.5028491320779,-4.07092141122041,-15.538140231217));
#3254=CARTESIAN_POINT('Ctrl Pts',(11.3163140775373,5.1562109582594,-14.9470027123671));
#3255=CARTESIAN_POINT('Ctrl Pts',(11.1467336469856,11.8348200134149,-10.1383534637869));
#3256=CARTESIAN_POINT('Ctrl Pts',(10.9941134993603,15.1807266337886,-3.54054583947979));
#3257=CARTESIAN_POINT('Ctrl Pts',(10.8414913766757,15.1003065853727,3.86400803765039));
#3258=CARTESIAN_POINT('Ctrl Pts',(10.6888713542527,11.6158856587979,10.3931242359747));
#3259=CARTESIAN_POINT('Ctrl Pts',(10.5362496918987,5.5111922566605,14.5804385803969));
#3260=CARTESIAN_POINT('Ctrl Pts',(10.3836290763848,-1.83617709317535,15.4781498723308));
#3261=CARTESIAN_POINT('Ctrl Pts',(10.2310076373757,-8.76951231282029,12.8863748008841));
#3262=CARTESIAN_POINT('Ctrl Pts',(10.0783869479531,-13.7251738833448,7.3868209235624));
#3263=CARTESIAN_POINT('Ctrl Pts',(9.92576553276228,-15.5852551333641,0.224083598224909));
#3264=CARTESIAN_POINT('Ctrl Pts',(9.7731448256702,-13.9309894568093,-6.99429851968568));
#3265=CARTESIAN_POINT('Ctrl Pts',(9.62052343166523,-9.13398255661293,-12.6254776098234));
#3266=CARTESIAN_POINT('Ctrl Pts',(9.45094479752671,-1.51686410477381,-15.7393537520939));
#3267=CARTESIAN_POINT('Ctrl Pts',(9.26440768312514,7.59469241935539,-14.1529880054087));
#3268=CARTESIAN_POINT('Ctrl Pts',(9.0609136616556,14.5398061351925,-6.8239845355008));
#3269=CARTESIAN_POINT('Ctrl Pts',(8.85741856432501,15.7391084803668,3.19795844936716));
#3270=CARTESIAN_POINT('Ctrl Pts',(8.65392353628968,10.7236790489654,11.9552242293207));
#3271=CARTESIAN_POINT('Ctrl Pts',(8.45042952076198,1.47083004808445,15.9955372000699));
#3272=CARTESIAN_POINT('Ctrl Pts',(8.28085003597083,-6.72007217442097,14.0906139810253));
#3273=CARTESIAN_POINT('Ctrl Pts',(8.14518668781206,-11.6284347594351,9.86625968134703));
#3274=CARTESIAN_POINT('Ctrl Pts',(8.00952382309931,-14.9972093008025,4.33887709059955));
#3275=CARTESIAN_POINT('Ctrl Pts',(7.83994448085049,-15.5416666079877,-4.05922535947637));
#3276=CARTESIAN_POINT('Ctrl Pts',(7.65340735987637,-10.5075190528686,-11.8148951800984));
#3277=CARTESIAN_POINT('Ctrl Pts',(7.48382917078678,-3.04064621791886,-15.2864209802004));
#3278=CARTESIAN_POINT('Ctrl Pts',(7.34816525052179,3.52017460646988,-14.997952426156));
#3279=CARTESIAN_POINT('Ctrl Pts',(7.19554469392614,10.1181950174362,-11.8846098179572));
#3280=CARTESIAN_POINT('Ctrl Pts',(7.04292292567093,14.6857327101611,-5.86607781833827));
#3281=CARTESIAN_POINT('Ctrl Pts',(6.8733448365903,15.407114692067,2.3396742644993));
#3282=CARTESIAN_POINT('Ctrl Pts',(6.72072344142301,12.5979405686793,9.17886051743768));
#3283=CARTESIAN_POINT('Ctrl Pts',(6.56810245051507,6.93939632819994,13.9579067647447));
#3284=CARTESIAN_POINT('Ctrl Pts',(6.41548149257446,-0.280585768825871,15.5835780448072));
#3285=CARTESIAN_POINT('Ctrl Pts',(6.26286022303467,-7.43777174272075,13.6984281380062));
#3286=CARTESIAN_POINT('Ctrl Pts',(6.11023946463425,-12.9199479778584,8.72052185454764));
#3287=CARTESIAN_POINT('Ctrl Pts',(5.95761805121213,-15.482019357613,1.78074311429613));
#3288=CARTESIAN_POINT('Ctrl Pts',(5.78803950421363,-14.4637932496195,-6.38578391238402));
#3289=CARTESIAN_POINT('Ctrl Pts',(5.60150246539969,-8.62172454637835,-13.5521604277565));
#3290=CARTESIAN_POINT('Ctrl Pts',(5.39800775928568,1.17438451503241,-16.0205349015435));
#3291=CARTESIAN_POINT('Ctrl Pts',(5.21147060447915,9.71327432348012,-12.4745467467744));
#3292=CARTESIAN_POINT('Ctrl Pts',(5.04189196279051,14.4779548514588,-5.76726784843191));
#3293=CARTESIAN_POINT('Ctrl Pts',(4.88927110679029,15.5108221581575,1.56274143774415));
#3294=CARTESIAN_POINT('Ctrl Pts',(4.73664962969636,13.0367184205971,8.53473496139482));
#3295=CARTESIAN_POINT('Ctrl Pts',(4.5585920656539,6.73294262700086,14.4475805935333));
#3296=CARTESIAN_POINT('Ctrl Pts',(4.35509808131665,-3.36596100705218,16.0113213845881));
#3297=CARTESIAN_POINT('Ctrl Pts',(4.12616609968619,-13.0888774734255,9.81227464098275));
#3298=CARTESIAN_POINT('Ctrl Pts',(3.93538960411284,-15.7623658780837,0.618222246859225));
#3299=CARTESIAN_POINT('Ctrl Pts',(3.78276804486143,-13.894126862347,-6.46159139226338));
#3300=CARTESIAN_POINT('Ctrl Pts',(3.67254200337368,-10.8565854141119,-10.7640434710148));
#3301=CARTESIAN_POINT('Ctrl Pts',(3.53263903913702,-5.40773256222963,-14.6458268004939));
#3302=CARTESIAN_POINT('Ctrl Pts',(3.38001850698458,2.07857131242492,-15.6747516905578));
#3303=CARTESIAN_POINT('Ctrl Pts',(3.21043867733757,9.58352731793787,-12.2893768534451));
#3304=CARTESIAN_POINT('Ctrl Pts',(3.05781843717555,14.1755526692994,-6.48650345418335));
#3305=CARTESIAN_POINT('Ctrl Pts',(2.90519678348326,15.5620257678652,0.781244563557319));
#3306=CARTESIAN_POINT('Ctrl Pts',(2.7271398544294,13.1099296001922,9.06817212719279));
#3307=CARTESIAN_POINT('Ctrl Pts',(2.52364504420293,5.1789405211856,15.5185848694081));
#3308=CARTESIAN_POINT('Ctrl Pts',(2.29471230769599,-6.33360712841062,15.0804883232121));
#3309=CARTESIAN_POINT('Ctrl Pts',(2.06578064188069,-14.69635800315,7.17646025528498));
#3310=CARTESIAN_POINT('Ctrl Pts',(1.83684882399204,-15.7864946203734,-4.28517138950092));
#3311=CARTESIAN_POINT('Ctrl Pts',(1.6079189742274,-9.05156536914445,-13.6214721359529));
#3312=CARTESIAN_POINT('Ctrl Pts',(1.37898610133897,2.16118007932876,-16.2142170087505));
#3313=CARTESIAN_POINT('Ctrl Pts',(1.15005829679484,12.3126987988616,-10.7686385282753));
#3314=CARTESIAN_POINT('Ctrl Pts',(0.997430266402116,15.0010240592331,-3.59162475287129));
#3315=CARTESIAN_POINT('Ctrl Pts',(0.921123377995785,14.9999994257649,0.004273021558447));
#3316=CARTESIAN_POINT('Ctrl Pts',(13.7883521855151,-12.6661869851227,-8.03540336622295));
#3317=CARTESIAN_POINT('Ctrl Pts',(13.7120452971088,-10.7398986272042,-11.0718070682726));
#3318=CARTESIAN_POINT('Ctrl Pts',(13.5594282114369,-4.62402842608942,-15.6901320411242));
#3319=CARTESIAN_POINT('Ctrl Pts',(13.3304956687137,6.86432922760106,-14.8474131356567));
#3320=CARTESIAN_POINT('Ctrl Pts',(13.1015646214498,14.9428695097043,-6.64947216482919));
#3321=CARTESIAN_POINT('Ctrl Pts',(12.8726319326736,15.6227564780664,4.84270395303851));
#3322=CARTESIAN_POINT('Ctrl Pts',(12.6436998245749,8.56513527817605,13.9344365592359));
#3323=CARTESIAN_POINT('Ctrl Pts',(12.4147681985712,-2.74151976534989,16.127321190698));
#3324=CARTESIAN_POINT('Ctrl Pts',(12.223992373663,-11.0192348084088,11.2912853199062));
#3325=CARTESIAN_POINT('Ctrl Pts',(12.071371456894,-14.5221931855703,4.87286603942527));
#3326=CARTESIAN_POINT('Ctrl Pts',(11.927230086563,-15.5349512483083,-1.9540726014763));
#3327=CARTESIAN_POINT('Ctrl Pts',(11.7534114360151,-12.5400480132774,-10.0371645763649));
#3328=CARTESIAN_POINT('Ctrl Pts',(11.5499154816353,-4.06986909966576,-15.5384149321708));
#3329=CARTESIAN_POINT('Ctrl Pts',(11.3633804270947,5.15722238699869,-14.946652727776));
#3330=CARTESIAN_POINT('Ctrl Pts',(11.193799996543,11.8355064656065,-10.1375523755206));
#3331=CARTESIAN_POINT('Ctrl Pts',(11.0411798489177,15.1809652784065,-3.53951606386749));
#3332=CARTESIAN_POINT('Ctrl Pts',(10.8885577262331,15.1000448843482,3.86502920028745));
#3333=CARTESIAN_POINT('Ctrl Pts',(10.73593770381,11.6151811762234,10.3939105582405));
#3334=CARTESIAN_POINT('Ctrl Pts',(10.5833160414561,5.51020484014631,14.5808110657306));
#3335=CARTESIAN_POINT('Ctrl Pts',(10.4306954259422,-1.83722513228847,15.4780249204695));
#3336=CARTESIAN_POINT('Ctrl Pts',(10.278073986933,-8.77038452611088,12.8857804099296));
#3337=CARTESIAN_POINT('Ctrl Pts',(10.1254532975104,-13.725673427562,7.38589126672363));
#3338=CARTESIAN_POINT('Ctrl Pts',(9.97283188231965,-15.5852697790406,0.223028204893047));
#3339=CARTESIAN_POINT('Ctrl Pts',(9.82021117522756,-13.9305149861817,-6.9952414362784));
#3340=CARTESIAN_POINT('Ctrl Pts',(9.66758978122261,-9.13312774774479,-12.6260957491589));
#3341=CARTESIAN_POINT('Ctrl Pts',(9.49801114708409,-1.51579762168432,-15.7394554454957));
#3342=CARTESIAN_POINT('Ctrl Pts',(9.31147403268249,7.59565051095772,-14.1524730880626));
#3343=CARTESIAN_POINT('Ctrl Pts',(9.10798001121301,14.5402670471038,-6.82300099489113));
#3344=CARTESIAN_POINT('Ctrl Pts',(8.90448491388234,15.7388910267559,3.19902588603311));
#3345=CARTESIAN_POINT('Ctrl Pts',(8.70098988584706,10.7228689573259,11.9559491777886));
#3346=CARTESIAN_POINT('Ctrl Pts',(8.49749587031934,1.4697486738421,15.9956363439548));
#3347=CARTESIAN_POINT('Ctrl Pts',(8.32791638552819,-6.72102790981812,14.090157340601));
#3348=CARTESIAN_POINT('Ctrl Pts',(8.19225303736945,-11.629102205753,9.86547226243097));
#3349=CARTESIAN_POINT('Ctrl Pts',(8.05659017265666,-14.9975015852902,4.33786160245266));
#3350=CARTESIAN_POINT('Ctrl Pts',(7.88701083040789,-15.5413922031579,-4.06027834598731));
#3351=CARTESIAN_POINT('Ctrl Pts',(7.70047370943372,-10.5067176224463,-11.8156046722735));
#3352=CARTESIAN_POINT('Ctrl Pts',(7.53089552034417,-3.0396123838184,-15.2866276967304));
#3353=CARTESIAN_POINT('Ctrl Pts',(7.39523160007915,3.52119277989819,-14.9977115751061));
#3354=CARTESIAN_POINT('Ctrl Pts',(7.24261104348352,10.1189973086369,-11.8839260980583));
#3355=CARTESIAN_POINT('Ctrl Pts',(7.08998927522829,14.6861297903348,-5.8650824174288));
#3356=CARTESIAN_POINT('Ctrl Pts',(6.92041118614768,15.4069554681125,2.34071722599904));
#3357=CARTESIAN_POINT('Ctrl Pts',(6.76778979098037,12.5973185675669,9.1797132753843));
#3358=CARTESIAN_POINT('Ctrl Pts',(6.61516880007245,6.93845086208028,13.9583759975309));
#3359=CARTESIAN_POINT('Ctrl Pts',(6.46254784213183,-0.281640951357201,15.5835584395052));
#3360=CARTESIAN_POINT('Ctrl Pts',(6.30992657259205,-7.43869900970119,13.6979238415248));
#3361=CARTESIAN_POINT('Ctrl Pts',(6.15730581419162,-12.9205379032402,8.71964676624848));
#3362=CARTESIAN_POINT('Ctrl Pts',(6.0046844007695,-15.4821392990207,1.77969443252901));
#3363=CARTESIAN_POINT('Ctrl Pts',(5.835105853771,-14.4633603459533,-6.38676227976683));
#3364=CARTESIAN_POINT('Ctrl Pts',(5.64856881495707,-8.62080608186004,-13.5527444857756));
#3365=CARTESIAN_POINT('Ctrl Pts',(5.44507410884304,1.17546919046527,-16.0204541435963));
#3366=CARTESIAN_POINT('Ctrl Pts',(5.25853695403652,9.71411812355138,-12.4738891434116));
#3367=CARTESIAN_POINT('Ctrl Pts',(5.08895831234788,14.4783454939324,-5.7662858966976));
#3368=CARTESIAN_POINT('Ctrl Pts',(4.93633745634765,15.5107152168824,1.56378976716442));
#3369=CARTESIAN_POINT('Ctrl Pts',(4.78371597925373,13.0361399904716,8.53561835193834));
#3370=CARTESIAN_POINT('Ctrl Pts',(4.60565841521127,6.73196467392546,14.4480350910428));
#3371=CARTESIAN_POINT('Ctrl Pts',(4.40216443087402,-3.3670453491611,16.0110928020191));
#3372=CARTESIAN_POINT('Ctrl Pts',(4.17323244924357,-13.0895412255076,9.81138865550834));
#3373=CARTESIAN_POINT('Ctrl Pts',(3.9824559536702,-15.7624069875375,0.617153222813531));
#3374=CARTESIAN_POINT('Ctrl Pts',(3.8298343944188,-13.89368873127,-6.46253153677964));
#3375=CARTESIAN_POINT('Ctrl Pts',(3.71960835293105,-10.855856090325,-10.7647785378202));
#3376=CARTESIAN_POINT('Ctrl Pts',(3.57970538869439,-5.40674014229385,-14.6461920495719));
#3377=CARTESIAN_POINT('Ctrl Pts',(3.42708485654196,2.07963135672203,-15.6746107396925));
#3378=CARTESIAN_POINT('Ctrl Pts',(3.25750502689494,9.58436033846759,-12.2887265734391));
#3379=CARTESIAN_POINT('Ctrl Pts',(3.10488478673292,14.1759899795514,-6.48554473067546));
#3380=CARTESIAN_POINT('Ctrl Pts',(2.95226313304063,15.5619727560715,0.782299169235156));
#3381=CARTESIAN_POINT('Ctrl Pts',(2.77420620398677,13.1093150556881,9.06905836066623));
#3382=CARTESIAN_POINT('Ctrl Pts',(2.5707113937603,5.17788946080704,15.5189352640516));
#3383=CARTESIAN_POINT('Ctrl Pts',(2.34177865725335,-6.33462799127764,15.0800589739385));
#3384=CARTESIAN_POINT('Ctrl Pts',(2.11284699143806,-14.6968433397364,7.1754640701137));
#3385=CARTESIAN_POINT('Ctrl Pts',(1.88391517354941,-15.7862037547358,-4.28623851960358));
#3386=CARTESIAN_POINT('Ctrl Pts',(1.65498532378477,-9.05064268500952,-13.6220877487713));
#3387=CARTESIAN_POINT('Ctrl Pts',(1.42605245089634,2.16227801266989,-16.214063492103));
#3388=CARTESIAN_POINT('Ctrl Pts',(1.19712464635221,12.3134272357331,-10.7678180494988));
#3389=CARTESIAN_POINT('Ctrl Pts',(1.04449661595949,15.0012669090293,-3.59058844811512));
#3390=CARTESIAN_POINT('Ctrl Pts',(0.968189727553155,14.9999990676449,0.00528872891027593));
#3391=CARTESIAN_POINT('',(11.8200581081408,-14.1181973082907,-5.0582589602743));
#3392=CARTESIAN_POINT('',(11.9053109268302,-14.7072474511822,-2.94904601688337));
#3393=CARTESIAN_POINT('Ctrl Pts',(11.8200581081408,-14.1181973082907,-5.0582589602743));
#3394=CARTESIAN_POINT('Ctrl Pts',(11.8189404396177,-14.2936906852159,-4.56273100609182));
#3395=CARTESIAN_POINT('Ctrl Pts',(11.8263480782903,-14.4449773597974,-4.05438307149134));
#3396=CARTESIAN_POINT('Ctrl Pts',(11.8665165599096,-14.6170958377074,-3.36617243919827));
#3397=CARTESIAN_POINT('Ctrl Pts',(11.8820792082633,-14.6638235719976,-3.16382170251138));
#3398=CARTESIAN_POINT('Ctrl Pts',(11.9040645089339,-14.7049589347518,-2.96043426430638));
#3399=CARTESIAN_POINT('Ctrl Pts',(11.9046851142774,-14.7061056556254,-2.95474028875859));
#3400=CARTESIAN_POINT('Ctrl Pts',(11.9053109268302,-14.7072474511824,-2.94904601688202));
#3401=CARTESIAN_POINT('',(13.7883521855151,-12.6661869851232,-8.03540336622228));
#3402=CARTESIAN_POINT('Ctrl Pts',(11.9052762944892,-14.7055072990981,-2.94869223554276));
#3403=CARTESIAN_POINT('Ctrl Pts',(11.9224862672428,-14.8667528427324,-2.15388691404393));
#3404=CARTESIAN_POINT('Ctrl Pts',(11.9778514205835,-15.1792784525099,0.443495428334192));
#3405=CARTESIAN_POINT('Ctrl Pts',(12.071371456894,-14.5221931855703,4.87286603942527));
#3406=CARTESIAN_POINT('Ctrl Pts',(12.223992373663,-11.0192348084088,11.2912853199062));
#3407=CARTESIAN_POINT('Ctrl Pts',(12.4147681985712,-2.74151976534989,16.127321190698));
#3408=CARTESIAN_POINT('Ctrl Pts',(12.6436998245749,8.56513527817605,13.9344365592359));
#3409=CARTESIAN_POINT('Ctrl Pts',(12.8726319326736,15.6227564780664,4.84270395303851));
#3410=CARTESIAN_POINT('Ctrl Pts',(13.1015646214498,14.9428695097043,-6.64947216482919));
#3411=CARTESIAN_POINT('Ctrl Pts',(13.3304956687137,6.86432922760106,-14.8474131356567));
#3412=CARTESIAN_POINT('Ctrl Pts',(13.5594282114369,-4.62402842608942,-15.6901320411242));
#3413=CARTESIAN_POINT('Ctrl Pts',(13.7120452971088,-10.7398986272042,-11.0718070682726));
#3414=CARTESIAN_POINT('Ctrl Pts',(13.7883521855151,-12.6661869851227,-8.03540336622295));
#3415=CARTESIAN_POINT('',(13.5463440385901,-12.5106474457797,-7.93054448649252));
#3416=CARTESIAN_POINT('Origin',(13.7883521855151,-12.455083868704,-7.9014799767859));
#3417=CARTESIAN_POINT('',(0.726181580628156,14.8124891684291,0.));
#3418=CARTESIAN_POINT('Ctrl Pts',(13.5463440385901,-12.5106474457797,-7.93054448649252));
#3419=CARTESIAN_POINT('Ctrl Pts',(13.4700371501838,-10.6094963995856,-10.9296614475813));
#3420=CARTESIAN_POINT('Ctrl Pts',(13.3174200645118,-4.57168735019596,-15.4923831293147));
#3421=CARTESIAN_POINT('Ctrl Pts',(13.0884875217887,6.7733502450188,-14.6641988224406));
#3422=CARTESIAN_POINT('Ctrl Pts',(12.8595564745248,14.7537567573506,-6.57155127761473));
#3423=CARTESIAN_POINT('Ctrl Pts',(12.6306237857487,15.4291458874363,4.77672691559882));
#3424=CARTESIAN_POINT('Ctrl Pts',(12.4016916776499,8.46291599061584,13.7572630240023));
#3425=CARTESIAN_POINT('Ctrl Pts',(12.1727600516462,-2.7016334999866,15.9266715673001));
#3426=CARTESIAN_POINT('Ctrl Pts',(11.981984226738,-10.8775544034251,11.1539720223109));
#3427=CARTESIAN_POINT('Ctrl Pts',(11.829363309969,-14.3389577856311,4.81700765199594));
#3428=CARTESIAN_POINT('Ctrl Pts',(11.685221939638,-15.3414325443604,-1.92423629066274));
#3429=CARTESIAN_POINT('Ctrl Pts',(11.5114032890901,-12.3867822719159,-9.90732603151903));
#3430=CARTESIAN_POINT('Ctrl Pts',(11.3079073347103,-4.0244026255148,-15.3427555471815));
#3431=CARTESIAN_POINT('Ctrl Pts',(11.1213722801697,5.0875490247308,-14.761603471008));
#3432=CARTESIAN_POINT('Ctrl Pts',(10.951791849618,11.6840237256456,-10.0149458485557));
#3433=CARTESIAN_POINT('Ctrl Pts',(10.7991717019927,14.9899589494949,-3.50055496336925));
#3434=CARTESIAN_POINT('Ctrl Pts',(10.6465495793081,14.912628196857,3.81145585804519));
#3435=CARTESIAN_POINT('Ctrl Pts',(10.493929556885,11.473601204762,10.259934424071));
#3436=CARTESIAN_POINT('Ctrl Pts',(10.3413078945311,5.44639962760791,14.3966209913095));
#3437=CARTESIAN_POINT('Ctrl Pts',(10.1886872790172,-1.80886932667792,15.2851771569232));
#3438=CARTESIAN_POINT('Ctrl Pts',(10.036065840008,-8.65626134922671,12.7277516823517));
#3439=CARTESIAN_POINT('Ctrl Pts',(9.88344515058543,-13.5515201776117,7.29834076724842));
#3440=CARTESIAN_POINT('Ctrl Pts',(9.73082373539466,-15.3903640432707,0.225666569525942));
#3441=CARTESIAN_POINT('Ctrl Pts',(9.57820302830256,-13.7588081984893,-6.90294518898178));
#3442=CARTESIAN_POINT('Ctrl Pts',(9.42558163429761,-9.02335257852675,-12.4650797386798));
#3443=CARTESIAN_POINT('Ctrl Pts',(9.25600300015907,-1.50232903924394,-15.5421721588787));
#3444=CARTESIAN_POINT('Ctrl Pts',(9.06946588575751,7.49577139968765,-13.9782006972644));
#3445=CARTESIAN_POINT('Ctrl Pts',(8.86597186428798,14.3561267226694,-6.74277068547339));
#3446=CARTESIAN_POINT('Ctrl Pts',(8.66247676695736,15.5432563766549,3.15355567715099));
#3447=CARTESIAN_POINT('Ctrl Pts',(8.45898173892205,10.5929874495706,11.8027570173116));
#3448=CARTESIAN_POINT('Ctrl Pts',(8.25548772339435,1.45694493495868,15.7951666284579));
#3449=CARTESIAN_POINT('Ctrl Pts',(8.0859082386032,-6.63210396306363,13.9163594242713));
#3450=CARTESIAN_POINT('Ctrl Pts',(7.95024489044444,-11.4802944120846,9.74619508537119));
#3451=CARTESIAN_POINT('Ctrl Pts',(7.81458202573168,-14.8085107328058,4.28885667986954));
#3452=CARTESIAN_POINT('Ctrl Pts',(7.64500268348287,-15.3485263091466,-4.00411057061175));
#3453=CARTESIAN_POINT('Ctrl Pts',(7.45846556250873,-10.3794893113644,-11.6642421864342));
#3454=CARTESIAN_POINT('Ctrl Pts',(7.28888737341916,-3.00693725993663,-15.0944745584681));
#3455=CARTESIAN_POINT('Ctrl Pts',(7.15322345315415,3.47195329213978,-14.811454419118));
#3456=CARTESIAN_POINT('Ctrl Pts',(7.00060289655851,9.98836423537617,-11.738890886761));
#3457=CARTESIAN_POINT('Ctrl Pts',(6.84798112830331,14.5004995900534,-5.79687762641681));
#3458=CARTESIAN_POINT('Ctrl Pts',(6.67840303922266,15.2151714314594,2.30609211930258));
#3459=CARTESIAN_POINT('Ctrl Pts',(6.52578164405539,12.4430383568151,9.06057360345988));
#3460=CARTESIAN_POINT('Ctrl Pts',(6.37316065314744,6.85657473930319,13.7814695704308));
#3461=CARTESIAN_POINT('Ctrl Pts',(6.22053969520683,-0.272694422715212,15.3888498097003));
#3462=CARTESIAN_POINT('Ctrl Pts',(6.06791842566705,-7.34094017757648,13.5292790259462));
#3463=CARTESIAN_POINT('Ctrl Pts',(5.91529766726662,-12.7559850986363,8.61514295047514));
#3464=CARTESIAN_POINT('Ctrl Pts',(5.76267625384451,-15.2879807837244,1.76283734229937));
#3465=CARTESIAN_POINT('Ctrl Pts',(5.59309770684599,-14.2847807169231,-6.30188697554801));
#3466=CARTESIAN_POINT('Ctrl Pts',(5.40656066803207,-8.5177579702284,-13.3803230173616));
#3467=CARTESIAN_POINT('Ctrl Pts',(5.20306596191805,1.15519699263461,-15.8205951832988));
#3468=CARTESIAN_POINT('Ctrl Pts',(5.01652880711152,9.58834094729237,-12.3213379632535));
#3469=CARTESIAN_POINT('Ctrl Pts',(4.84695016542288,14.2953471585711,-5.69924379442787));
#3470=CARTESIAN_POINT('Ctrl Pts',(4.69432930942265,15.3173635958247,1.53884073592607));
#3471=CARTESIAN_POINT('Ctrl Pts',(4.54170783232873,12.876149910761,8.42437758481049));
#3472=CARTESIAN_POINT('Ctrl Pts',(4.36365026828627,6.65284027703954,14.2650794348379));
#3473=CARTESIAN_POINT('Ctrl Pts',(4.16015628394903,-3.31937999165979,15.8121139165369));
#3474=CARTESIAN_POINT('Ctrl Pts',(3.93122430231856,-12.922495630388,9.69329605338625));
#3475=CARTESIAN_POINT('Ctrl Pts',(3.74044780674521,-15.5651496736359,0.614926390572532));
#3476=CARTESIAN_POINT('Ctrl Pts',(3.5878262474938,-13.7222568246679,-6.37690740255598));
#3477=CARTESIAN_POINT('Ctrl Pts',(3.47760020600605,-10.7238974040926,-10.6264306408917));
#3478=CARTESIAN_POINT('Ctrl Pts',(3.3376972417694,-5.34425108352635,-14.4612206853868));
#3479=CARTESIAN_POINT('Ctrl Pts',(3.18507670961695,2.04817683723509,-15.4793898990253));
#3480=CARTESIAN_POINT('Ctrl Pts',(3.01549687996994,9.46026970505183,-12.1384448921389));
#3481=CARTESIAN_POINT('Ctrl Pts',(2.86287663980793,13.9965208974988,-6.4094060570033));
#3482=CARTESIAN_POINT('Ctrl Pts',(2.71025498611563,15.3677082805955,0.767101536193973));
#3483=CARTESIAN_POINT('Ctrl Pts',(2.53219805706177,12.948595960485,8.95112369780286));
#3484=CARTESIAN_POINT('Ctrl Pts',(2.3287032468353,5.11856508170303,15.3231336058529));
#3485=CARTESIAN_POINT('Ctrl Pts',(2.09977051032836,-6.25018968783741,14.89375197706));
#3486=CARTESIAN_POINT('Ctrl Pts',(1.87083884451306,-14.5106229703497,7.09088221196277));
#3487=CARTESIAN_POINT('Ctrl Pts',(1.64190702662441,-15.5903561980711,-4.22716082790671));
#3488=CARTESIAN_POINT('Ctrl Pts',(1.41297717685977,-8.94224542261698,-13.4486497771396));
#3489=CARTESIAN_POINT('Ctrl Pts',(1.18404430397134,2.12960252159354,-16.0121278448274));
#3490=CARTESIAN_POINT('Ctrl Pts',(0.95511649942721,12.15575066933,-10.6374991075824));
#3491=CARTESIAN_POINT('Ctrl Pts',(0.802488469034486,14.8124891684291,-3.55092633642761));
#3492=CARTESIAN_POINT('Ctrl Pts',(0.726181580628156,14.8124891684291,0.));
#3493=CARTESIAN_POINT('Origin',(0.968189727553155,14.7499990831841,0.00520058342843799));
#3494=CARTESIAN_POINT('Ctrl Pts',(7.96833139279677,-14.9965320572974,-5.55998901763388E-6));
#3495=CARTESIAN_POINT('Ctrl Pts',(8.00905624770271,-14.9938125495762,1.92042938874652));
#3496=CARTESIAN_POINT('Ctrl Pts',(8.08369690736446,-14.3244632518868,5.44233095038541));
#3497=CARTESIAN_POINT('Ctrl Pts',(8.19225303736945,-11.629102205753,9.86547226243097));
#3498=CARTESIAN_POINT('Ctrl Pts',(8.32791638552819,-6.72102790981812,14.090157340601));
#3499=CARTESIAN_POINT('Ctrl Pts',(8.49749587031934,1.4697486738421,15.9956363439548));
#3500=CARTESIAN_POINT('Ctrl Pts',(8.70098988584706,10.7228689573259,11.9559491777886));
#3501=CARTESIAN_POINT('Ctrl Pts',(8.90448491388234,15.7388910267559,3.19902588603311));
#3502=CARTESIAN_POINT('Ctrl Pts',(9.10798001121301,14.5402670471038,-6.82300099489113));
#3503=CARTESIAN_POINT('Ctrl Pts',(9.31147403268249,7.59565051095772,-14.1524730880626));
#3504=CARTESIAN_POINT('Ctrl Pts',(9.49801114708409,-1.51579762168432,-15.7394554454957));
#3505=CARTESIAN_POINT('Ctrl Pts',(9.66758978122261,-9.13312774774479,-12.6260957491589));
#3506=CARTESIAN_POINT('Ctrl Pts',(9.81869868969459,-13.8829726423216,-7.05104347990422));
#3507=CARTESIAN_POINT('Ctrl Pts',(9.9189333557365,-15.0004244925165,-2.32589464306337));
#3508=CARTESIAN_POINT('Ctrl Pts',(9.9682945539401,-15.0010380659131,-1.16721040069323E-7));
#3509=CARTESIAN_POINT('Ctrl Pts',(11.8310003407236,-13.6260588321367,-6.27140500232202));
#3510=CARTESIAN_POINT('Ctrl Pts',(11.8308829026904,-13.6310104477529,-6.26064648717662));
#3511=CARTESIAN_POINT('Ctrl Pts',(11.8307643072406,-13.6359485234871,-6.24988189143233));
#3512=CARTESIAN_POINT('Ctrl Pts',(11.82649774551,-13.8116055384816,-5.86569325658329));
#3513=CARTESIAN_POINT('Ctrl Pts',(11.8213646784292,-13.9644249844352,-5.48844397817055));
#3514=CARTESIAN_POINT('Ctrl Pts',(11.8201302113359,-14.1078312317157,-5.08745747648356));
#3515=CARTESIAN_POINT('Ctrl Pts',(11.8200910465003,-14.1130254135477,-5.07286246535334));
#3516=CARTESIAN_POINT('Ctrl Pts',(11.8200581081407,-14.1181973082907,-5.05825896027429));
#3517=CARTESIAN_POINT('Ctrl Pts',(0.726181580628156,14.8124891684291,0.));
#3518=CARTESIAN_POINT('Ctrl Pts',(0.649795110572802,14.8124891684291,3.5546296531178));
#3519=CARTESIAN_POINT('Ctrl Pts',(0.497007903610876,12.1499941043294,10.6485348407484));
#3520=CARTESIAN_POINT('Ctrl Pts',(0.267841337290039,2.10595342325125,16.0182029112998));
#3521=CARTESIAN_POINT('Ctrl Pts',(0.0386696836835435,-8.97411585484552,
13.4309559399457));
#3522=CARTESIAN_POINT('Ctrl Pts',(-0.190498918993689,-15.6057872367485,
4.18106191602873));
#3523=CARTESIAN_POINT('Ctrl Pts',(-0.419669463425668,-14.4865822087217,
-7.14642685447412));
#3524=CARTESIAN_POINT('Ctrl Pts',(-0.648839823905391,-6.18416519560675,
-14.9246704964901));
#3525=CARTESIAN_POINT('Ctrl Pts',(-0.878011322238458,5.19977184337951,-15.2983601230661));
#3526=CARTESIAN_POINT('Ctrl Pts',(-1.08171838972175,13.0033772351569,-8.87614802116081));
#3527=CARTESIAN_POINT('Ctrl Pts',(-1.25996108654927,15.373153901547,-0.665837932407001));
#3528=CARTESIAN_POINT('Ctrl Pts',(-1.41274174738996,13.9533246885887,6.50492258851601));
#3529=CARTESIAN_POINT('Ctrl Pts',(-1.56552175522365,9.36800047998483,12.2145119933092));
#3530=CARTESIAN_POINT('Ctrl Pts',(-1.71830211016264,2.67186034748915,15.1593071538246));
#3531=CARTESIAN_POINT('Ctrl Pts',(-1.87108220650023,-4.63104150507984,14.6805041351429));
#3532=CARTESIAN_POINT('Ctrl Pts',(-2.02386271037026,-10.8863217243744,10.8832187137271));
#3533=CARTESIAN_POINT('Ctrl Pts',(-2.1766422807614,-14.6814735109177,4.62688189519739));
#3534=CARTESIAN_POINT('Ctrl Pts',(-2.32942322331753,-15.1591089118068,-2.67539289683111));
#3535=CARTESIAN_POINT('Ctrl Pts',(-2.48220285999289,-12.2107057925782,-9.3728934509464));
#3536=CARTESIAN_POINT('Ctrl Pts',(-2.63498325392034,-6.5032634452845,-13.9523045607386));
#3537=CARTESIAN_POINT('Ctrl Pts',(-2.78776378574318,0.674092148214034,-15.3787184007193));
#3538=CARTESIAN_POINT('Ctrl Pts',(-2.94054381636041,7.69945708072342,-13.3291681651366));
#3539=CARTESIAN_POINT('Ctrl Pts',(-3.09332405044262,12.9835125032436,-8.26930631744581));
#3540=CARTESIAN_POINT('Ctrl Pts',(-3.24610455293491,15.3363950069384,-1.33667092401125));
#3541=CARTESIAN_POINT('Ctrl Pts',(-3.39888451418597,14.2185331887455,5.89058811194697));
#3542=CARTESIAN_POINT('Ctrl Pts',(-3.56864027298328,9.41553345370739,12.4574221400932));
#3543=CARTESIAN_POINT('Ctrl Pts',(-3.75537161504069,0.922582923113512,15.8368543978211));
#3544=CARTESIAN_POINT('Ctrl Pts',(-3.95907956045924,-8.72480041912474,13.2505978357542));
#3545=CARTESIAN_POINT('Ctrl Pts',(-4.14581002879178,-14.3843572497328,6.07363804839653));
#3546=CARTESIAN_POINT('Ctrl Pts',(-4.31556588245403,-15.2583231625216,-2.01488117118809));
#3547=CARTESIAN_POINT('Ctrl Pts',(-4.46834625330098,-12.6086459654501,-8.83165260494453));
#3548=CARTESIAN_POINT('Ctrl Pts',(-4.6211262441451,-7.10342298012073,-13.6564668608727));
#3549=CARTESIAN_POINT('Ctrl Pts',(-4.77390674284813,0.00385497711499984,
-15.3930773485517));
#3550=CARTESIAN_POINT('Ctrl Pts',(-4.92668670020554,7.11199922307001,-13.6522435191408));
#3551=CARTESIAN_POINT('Ctrl Pts',(-5.07946717238512,12.6118659051987,-8.82537171858463));
#3552=CARTESIAN_POINT('Ctrl Pts',(-5.23224721228971,15.2625357216029,-2.00496039278102));
#3553=CARTESIAN_POINT('Ctrl Pts',(-5.38502752574016,14.4629435747158,5.26983099523166));
#3554=CARTESIAN_POINT('Ctrl Pts',(-5.53780781558106,10.3968622222045,11.3514321602857));
#3555=CARTESIAN_POINT('Ctrl Pts',(-5.69058773320726,3.97769806623866,14.8720204827979));
#3556=CARTESIAN_POINT('Ctrl Pts',(-5.84336888541169,-3.33399199366916,15.0246431256912));
#3557=CARTESIAN_POINT('Ctrl Pts',(-6.01312326539314,-10.6344597164073,11.4351873803666));
#3558=CARTESIAN_POINT('Ctrl Pts',(-6.19985551172199,-15.4366936261918,3.65531615297147));
#3559=CARTESIAN_POINT('Ctrl Pts',(-6.40356251651957,-14.5631725952019,-6.29019603400071));
#3560=CARTESIAN_POINT('Ctrl Pts',(-6.60726837884942,-7.92524730731222,-13.7385576584593));
#3561=CARTESIAN_POINT('Ctrl Pts',(-6.8109773632855,1.84581649601518,-15.7558258229488));
#3562=CARTESIAN_POINT('Ctrl Pts',(-7.01468312511889,10.8924490505561,-11.5328451921374));
#3563=CARTESIAN_POINT('Ctrl Pts',(-7.20141422389269,15.2229657619259,-3.48093438852909));
#3564=CARTESIAN_POINT('Ctrl Pts',(-7.37117075742908,14.6752909231699,4.63588685955264));
#3565=CARTESIAN_POINT('Ctrl Pts',(-7.52395080416136,10.8826481126849,10.8888376984059));
#3566=CARTESIAN_POINT('Ctrl Pts',(-7.67673086033668,4.62136692822584,14.6830733487198));
#3567=CARTESIAN_POINT('Ctrl Pts',(-7.82951120157478,-2.67889377831396,15.158233640062));
#3568=CARTESIAN_POINT('Ctrl Pts',(-7.9822913167792,-9.37657894631742,12.2083088139428));
#3569=CARTESIAN_POINT('Ctrl Pts',(-8.13507168329939,-13.9538406088222,6.49926323450366));
#3570=CARTESIAN_POINT('Ctrl Pts',(-8.28785173352462,-15.3784930086156,-0.678430608650668));
#3571=CARTESIAN_POINT('Ctrl Pts',(-8.44063219581265,-13.3274185185591,-7.70280969095879));
#3572=CARTESIAN_POINT('Ctrl Pts',(-8.59341211926406,-8.26480090844654,-12.986560690575));
#3573=CARTESIAN_POINT('Ctrl Pts',(-8.74619272095766,-1.33423506731594,-15.3352950308601));
#3574=CARTESIAN_POINT('Ctrl Pts',(-8.89897248100429,5.89756582526595,-14.2189872174157));
#3575=CARTESIAN_POINT('Ctrl Pts',(-9.05175334194715,11.7970738599034,-9.88838221868875));
#3576=CARTESIAN_POINT('Ctrl Pts',(-9.2045325316672,15.0296363498278,-3.32507626583075));
#3577=CARTESIAN_POINT('Ctrl Pts',(-9.3573140161722,14.8678338091827,3.99361354541322));
#3578=CARTESIAN_POINT('Ctrl Pts',(-9.51009300068116,11.3422152971636,10.4015109719357));
#3579=CARTESIAN_POINT('Ctrl Pts',(-9.6798505291146,4.58392082325773,14.9279137797133));
#3580=CARTESIAN_POINT('Ctrl Pts',(-9.8665800649289,-4.55673631693704,15.1961797668085));
#3581=CARTESIAN_POINT('Ctrl Pts',(-10.0702880695299,-12.7267648710994,9.46495617749761));
#3582=CARTESIAN_POINT('Ctrl Pts',(-10.2824832551567,-15.9990607227873,-0.404437663158321));
#3583=CARTESIAN_POINT('Ctrl Pts',(-10.5031655855972,-12.143407685421,-10.6580061715313));
#3584=CARTESIAN_POINT('Ctrl Pts',(-10.7323350176876,-2.09736862642822,-16.0179394110923));
#3585=CARTESIAN_POINT('Ctrl Pts',(-10.9615049711119,8.98164911903428,-13.4268550295533));
#3586=CARTESIAN_POINT('Ctrl Pts',(-11.1906755666615,15.6079743861802,-4.17177510671547));
#3587=CARTESIAN_POINT('Ctrl Pts',(-11.4198466600133,14.482788116212,7.15376893141186));
#3588=CARTESIAN_POINT('Ctrl Pts',(-11.6490177380029,6.17553038888275,14.929264327299));
#3589=CARTESIAN_POINT('Ctrl Pts',(-11.8781876804414,-5.20792801910342,15.2933987595348));
#3590=CARTESIAN_POINT('Ctrl Pts',(-12.0309682490466,-11.0573601212417,10.4775956341008));
#3591=CARTESIAN_POINT('Ctrl Pts',(-12.1073547063669,-12.83271151009,7.39806398077463));
#3592=CARTESIAN_POINT('Ctrl Pts',(0.741867413752667,14.8732663503068,0.000359934433318962));
#3593=CARTESIAN_POINT('Ctrl Pts',(0.665480943697314,14.8731818083005,3.56963017801003));
#3594=CARTESIAN_POINT('Ctrl Pts',(0.512693736735388,12.1995891727115,10.6924859318401));
#3595=CARTESIAN_POINT('Ctrl Pts',(0.28352717041455,2.11420544210893,16.0839976847272));
#3596=CARTESIAN_POINT('Ctrl Pts',(0.0543555168080546,-9.01126479798004,
13.4858389133451));
#3597=CARTESIAN_POINT('Ctrl Pts',(-0.174813085869178,-15.669922639484,4.19784307378123));
#3598=CARTESIAN_POINT('Ctrl Pts',(-0.403983630301157,-14.5458498368864,
-7.17610427749607));
#3599=CARTESIAN_POINT('Ctrl Pts',(-0.63315399078088,-6.20917780693301,-14.9860589309107));
#3600=CARTESIAN_POINT('Ctrl Pts',(-0.862325489113946,5.2214799130314,-15.3610058060917));
#3601=CARTESIAN_POINT('Ctrl Pts',(-1.06603255659724,13.0569472043452,-8.91225441881781));
#3602=CARTESIAN_POINT('Ctrl Pts',(-1.24427525342476,15.4362495602145,-0.668196118306924));
#3603=CARTESIAN_POINT('Ctrl Pts',(-1.39705591426545,14.0104199990369,6.53195269340929));
#3604=CARTESIAN_POINT('Ctrl Pts',(-1.54983592209913,9.40614229870658,12.2648577563302));
#3605=CARTESIAN_POINT('Ctrl Pts',(-1.70261627703813,2.68245582563418,15.2215749578274));
#3606=CARTESIAN_POINT('Ctrl Pts',(-1.85539637337572,-4.65040150281593,14.7406264524194));
#3607=CARTESIAN_POINT('Ctrl Pts',(-2.00817687724574,-10.9312527880332,10.9276145236585));
#3608=CARTESIAN_POINT('Ctrl Pts',(-2.1609564476369,-14.7418278551156,4.64550712962163));
#3609=CARTESIAN_POINT('Ctrl Pts',(-2.31373739019302,-15.2212446418163,-2.6867389608689));
#3610=CARTESIAN_POINT('Ctrl Pts',(-2.46651702686839,-12.2605828359035,-9.41164604257391));
#3611=CARTESIAN_POINT('Ctrl Pts',(-2.61929742079582,-6.52960528167402,-14.0097155757739));
#3612=CARTESIAN_POINT('Ctrl Pts',(-2.77207795261868,0.677229648765385,-15.4418014581631));
#3613=CARTESIAN_POINT('Ctrl Pts',(-2.92485798323589,7.73137482724898,-13.383675770399));
#3614=CARTESIAN_POINT('Ctrl Pts',(-3.07763821731812,13.0369859788121,-8.30291838068686));
#3615=CARTESIAN_POINT('Ctrl Pts',(-3.2304187198104,15.3993579379892,-1.34178799455346));
#3616=CARTESIAN_POINT('Ctrl Pts',(-3.38319868106146,14.2767289369287,5.91510712024895));
#3617=CARTESIAN_POINT('Ctrl Pts',(-3.55295443985877,9.4538670275695,12.5087656005228));
#3618=CARTESIAN_POINT('Ctrl Pts',(-3.73968578191618,0.925983885740941,15.9018583534349));
#3619=CARTESIAN_POINT('Ctrl Pts',(-3.94339372733474,-8.76092538604222,13.3047549770627));
#3620=CARTESIAN_POINT('Ctrl Pts',(-4.13012419566726,-14.4435244108188,6.09821167443052));
#3621=CARTESIAN_POINT('Ctrl Pts',(-4.29988004932952,-15.3208833080906,-2.02351997508316));
#3622=CARTESIAN_POINT('Ctrl Pts',(-4.45266042017646,-12.6601666829342,-8.86819672272506));
#3623=CARTESIAN_POINT('Ctrl Pts',(-4.6054404110206,-7.13223831474366,-13.7126748940833));
#3624=CARTESIAN_POINT('Ctrl Pts',(-4.75822090972362,0.00424502890008413,
-15.4562381133891));
#3625=CARTESIAN_POINT('Ctrl Pts',(-4.91100086708103,7.1415126436832,-13.7080887574992));
#3626=CARTESIAN_POINT('Ctrl Pts',(-5.0637813392606,12.6638298143523,-8.86127752259432));
#3627=CARTESIAN_POINT('Ctrl Pts',(-5.2165613791652,15.3252089998867,-2.01281648012849));
#3628=CARTESIAN_POINT('Ctrl Pts',(-5.36934169261565,14.5221613921631,5.29180584808107));
#3629=CARTESIAN_POINT('Ctrl Pts',(-5.52212198245655,10.4392441566022,11.3982615137125));
#3630=CARTESIAN_POINT('Ctrl Pts',(-5.67490190008275,3.99366299672459,14.9331410724859));
#3631=CARTESIAN_POINT('Ctrl Pts',(-5.82768305228718,-3.34804046609254,15.086209300666));
#3632=CARTESIAN_POINT('Ctrl Pts',(-5.99743743226862,-10.67837230799,11.4818521492347));
#3633=CARTESIAN_POINT('Ctrl Pts',(-6.18416967859748,-15.5001213010538,3.66993967601707));
#3634=CARTESIAN_POINT('Ctrl Pts',(-6.38787668339505,-14.6227766598043,-6.3163631077854));
#3635=CARTESIAN_POINT('Ctrl Pts',(-6.59158254572491,-7.95743079921693,-13.7951197081098));
#3636=CARTESIAN_POINT('Ctrl Pts',(-6.79529153016099,1.8537706550954,-15.8204328967543));
#3637=CARTESIAN_POINT('Ctrl Pts',(-6.99899729199438,10.9374227942423,-11.5799012042686));
#3638=CARTESIAN_POINT('Ctrl Pts',(-7.18572839076819,15.285515012321,-3.49484598940753));
#3639=CARTESIAN_POINT('Ctrl Pts',(-7.35548492430456,14.7353937067937,4.65526148439077));
#3640=CARTESIAN_POINT('Ctrl Pts',(-7.50826497103685,10.9270359981354,10.9337861167482));
#3641=CARTESIAN_POINT('Ctrl Pts',(-7.66104502721216,4.63997335856383,14.7434306260806));
#3642=CARTESIAN_POINT('Ctrl Pts',(-7.81382536845028,-2.69025450851489,15.220367284058));
#3643=CARTESIAN_POINT('Ctrl Pts',(-7.96660548365469,-9.41534938813626,12.2581734790626));
#3644=CARTESIAN_POINT('Ctrl Pts',(-8.11938585017487,-14.0112540809836,6.52559239584537));
#3645=CARTESIAN_POINT('Ctrl Pts',(-8.27216590040013,-15.4415776050449,-0.68158818713077));
#3646=CARTESIAN_POINT('Ctrl Pts',(-8.42494636268813,-13.3819164899652,-7.73473958053213));
#3647=CARTESIAN_POINT('Ctrl Pts',(-8.57772628613955,-8.29839762702344,-13.0400481161418));
#3648=CARTESIAN_POINT('Ctrl Pts',(-8.73050688783315,-1.33933697015411,-15.3982511842587));
#3649=CARTESIAN_POINT('Ctrl Pts',(-8.88328664787977,5.92210990740784,-14.2771875784781));
#3650=CARTESIAN_POINT('Ctrl Pts',(-9.03606750882265,11.8457205515873,-9.92866904334404));
#3651=CARTESIAN_POINT('Ctrl Pts',(-9.18884669854267,15.0913853040917,-3.33835774283924));
#3652=CARTESIAN_POINT('Ctrl Pts',(-9.34162818304771,14.9287436924241,4.01036599409009));
#3653=CARTESIAN_POINT('Ctrl Pts',(-9.49440716755664,11.3885008421237,10.4444639241321));
#3654=CARTESIAN_POINT('Ctrl Pts',(-9.6641646959901,4.60236811462837,14.9892784657322));
#3655=CARTESIAN_POINT('Ctrl Pts',(-9.85089423180438,-4.57580275015701,15.2584220986774));
#3656=CARTESIAN_POINT('Ctrl Pts',(-10.0546022364054,-12.7792159209072,9.50348252322087));
#3657=CARTESIAN_POINT('Ctrl Pts',(-10.2667974220322,-16.0646983787024,-0.406486075498666));
#3658=CARTESIAN_POINT('Ctrl Pts',(-10.4874797524726,-12.1929758373872,-10.7020334842886));
#3659=CARTESIAN_POINT('Ctrl Pts',(-10.7166491845631,-2.10558477122484,-16.0837143363149));
#3660=CARTESIAN_POINT('Ctrl Pts',(-10.9458191379874,9.01882758359946,-13.4817319176773));
#3661=CARTESIAN_POINT('Ctrl Pts',(-11.174989733537,15.6721210319336,-4.18850967318868));
#3662=CARTESIAN_POINT('Ctrl Pts',(-11.4041608268888,14.5420351847019,7.18346668428727));
#3663=CARTESIAN_POINT('Ctrl Pts',(-11.6333319048784,6.20051689023063,14.9906869205018));
#3664=CARTESIAN_POINT('Ctrl Pts',(-11.8625018473169,-5.22968934970664,15.3559931312301));
#3665=CARTESIAN_POINT('Ctrl Pts',(-12.0152824159221,-11.102954872255,10.5203648424083));
#3666=CARTESIAN_POINT('Ctrl Pts',(-12.0916688732424,-12.885545226996,7.42810717880141));
#3667=CARTESIAN_POINT('Ctrl Pts',(0.811188603926424,14.9682145449366,0.00188938579359758));
#3668=CARTESIAN_POINT('Ctrl Pts',(0.734802133871071,14.9677606008284,3.59386778903076));
#3669=CARTESIAN_POINT('Ctrl Pts',(0.582014926909145,12.2763695617405,10.7620478456524));
#3670=CARTESIAN_POINT('Ctrl Pts',(0.352848360588307,2.12605031196687,16.1868652779896));
#3671=CARTESIAN_POINT('Ctrl Pts',(0.123676706981812,-9.07017461264955,13.571015346946));
#3672=CARTESIAN_POINT('Ctrl Pts',(-0.105491895695421,-15.7703853064527,
4.22302537885096));
#3673=CARTESIAN_POINT('Ctrl Pts',(-0.3346624401274,-14.6379692311635,-7.22340474961431));
#3674=CARTESIAN_POINT('Ctrl Pts',(-0.563832800607122,-6.24727594592274,
-15.082363790933));
#3675=CARTESIAN_POINT('Ctrl Pts',(-0.793004298940189,5.25638855574885,-15.4585297780452));
#3676=CARTESIAN_POINT('Ctrl Pts',(-0.996711366423481,13.1412153597485,-8.96780433396949));
#3677=CARTESIAN_POINT('Ctrl Pts',(-1.17495406325101,15.5348578331251,-0.670877166718012));
#3678=CARTESIAN_POINT('Ctrl Pts',(-1.32773472409169,14.0991872931379,6.57508910790385));
#3679=CARTESIAN_POINT('Ctrl Pts',(-1.48051473192538,9.46492904014811,12.3441191849848));
#3680=CARTESIAN_POINT('Ctrl Pts',(-1.63329508686437,2.69801594727755,15.3190184392324));
#3681=CARTESIAN_POINT('Ctrl Pts',(-1.78607518320196,-4.68160009389757,14.8342515403304));
#3682=CARTESIAN_POINT('Ctrl Pts',(-1.93885568707199,-11.0021594600249,10.996244560323));
#3683=CARTESIAN_POINT('Ctrl Pts',(-2.09163525746314,-14.8364107986299,4.67365316262925));
#3684=CARTESIAN_POINT('Ctrl Pts',(-2.24441620001926,-15.3181365676317,-2.70545308690525));
#3685=CARTESIAN_POINT('Ctrl Pts',(-2.39719583669463,-12.3378816128057,-9.47299005355672));
#3686=CARTESIAN_POINT('Ctrl Pts',(-2.54997623062207,-6.56985438204723,-14.0998142195993));
#3687=CARTESIAN_POINT('Ctrl Pts',(-2.70275676244491,0.683141365787366,-15.5403110225547));
#3688=CARTESIAN_POINT('Ctrl Pts',(-2.85553679306214,7.78210167315393,-13.4683156903316));
#3689=CARTESIAN_POINT('Ctrl Pts',(-3.00831702714435,13.1210644907236,-8.35458725386266));
#3690=CARTESIAN_POINT('Ctrl Pts',(-3.16109752963665,15.4977973442382,-1.34876527349129));
#3691=CARTESIAN_POINT('Ctrl Pts',(-3.31387749088769,14.3672633611567,5.95432868796497));
#3692=CARTESIAN_POINT('Ctrl Pts',(-3.48363324968501,9.51292973490581,12.5895891839486));
#3693=CARTESIAN_POINT('Ctrl Pts',(-3.67036459174242,0.930261969183519,16.0034662258311));
#3694=CARTESIAN_POINT('Ctrl Pts',(-3.87407253716098,-8.8182137621733,13.3887897854085));
#3695=CARTESIAN_POINT('Ctrl Pts',(-4.06080300549351,-14.5363566956241,6.1356551913403));
#3696=CARTESIAN_POINT('Ctrl Pts',(-4.23055885915576,-15.4184776269595,-2.0380097935408));
#3697=CARTESIAN_POINT('Ctrl Pts',(-4.38333923000271,-12.7400752969369,-8.9261088332659));
#3698=CARTESIAN_POINT('Ctrl Pts',(-4.53611922084684,-7.17635972080111,-13.8009443195035));
#3699=CARTESIAN_POINT('Ctrl Pts',(-4.68889971954987,0.00585886815790963,
-15.5549054580818));
#3700=CARTESIAN_POINT('Ctrl Pts',(-4.84167967690727,7.1885097067844,-13.7948633695619));
#3701=CARTESIAN_POINT('Ctrl Pts',(-4.99446014908685,12.7455809430784,-8.91654484034001));
#3702=CARTESIAN_POINT('Ctrl Pts',(-5.14724018899144,15.4232479222223,-2.02409182677437));
#3703=CARTESIAN_POINT('Ctrl Pts',(-5.3000205024419,14.6143208308133,5.32707782754329));
#3704=CARTESIAN_POINT('Ctrl Pts',(-5.45280079228279,10.50471833163,11.4720969783833));
#3705=CARTESIAN_POINT('Ctrl Pts',(-5.605580709909,4.01761699778439,15.0288781103324));
#3706=CARTESIAN_POINT('Ctrl Pts',(-5.75836186211342,-3.37095766077809,15.1821738358712));
#3707=CARTESIAN_POINT('Ctrl Pts',(-5.92811624209487,-10.7477194181832,11.5540490183547));
#3708=CARTESIAN_POINT('Ctrl Pts',(-6.11484848842372,-15.5994473906684,3.69177571524317));
#3709=CARTESIAN_POINT('Ctrl Pts',(-6.3185554932213,-14.7154735092956,-6.35818165887357));
#3710=CARTESIAN_POINT('Ctrl Pts',(-6.52226135555116,-8.00681422643932,-13.8840040533752));
#3711=CARTESIAN_POINT('Ctrl Pts',(-6.72597033998723,1.86723235173199,-15.9212315594929));
#3712=CARTESIAN_POINT('Ctrl Pts',(-6.92967610182062,11.0084334039942,-11.6527018424436));
#3713=CARTESIAN_POINT('Ctrl Pts',(-7.11640720059442,15.3834492766822,-3.5155885473359));
#3714=CARTESIAN_POINT('Ctrl Pts',(-7.2861637341308,14.8289821248547,4.6864976977386));
#3715=CARTESIAN_POINT('Ctrl Pts',(-7.4389437808631,10.9956697942362,11.0046991073386));
#3716=CARTESIAN_POINT('Ctrl Pts',(-7.5917238370384,4.66807850908502,14.8380280913664));
#3717=CARTESIAN_POINT('Ctrl Pts',(-7.74450417827653,-2.7089905322957,15.3172510341383));
#3718=CARTESIAN_POINT('Ctrl Pts',(-7.89728429348093,-9.47671292031964,12.3354599206826));
#3719=CARTESIAN_POINT('Ctrl Pts',(-8.05006466000112,-14.1013673424706,6.56581045074978));
#3720=CARTESIAN_POINT('Ctrl Pts',(-8.20284471022635,-15.540081721996,-0.687524518735597));
#3721=CARTESIAN_POINT('Ctrl Pts',(-8.35562517251438,-13.4665481339158,-7.78548992052662));
#3722=CARTESIAN_POINT('Ctrl Pts',(-8.5084050959658,-8.35003285277494,-13.1241435397911));
#3723=CARTESIAN_POINT('Ctrl Pts',(-8.66118569765938,-1.34630595059419,-15.4966863610004));
#3724=CARTESIAN_POINT('Ctrl Pts',(-8.81396545770603,5.96138118585732,-14.3677201343686));
#3725=CARTESIAN_POINT('Ctrl Pts',(-8.96674631864889,11.922358439167,-9.9908349828246));
#3726=CARTESIAN_POINT('Ctrl Pts',(-9.11952550836893,15.1880687346409,-3.35811471243378));
#3727=CARTESIAN_POINT('Ctrl Pts',(-9.27230699287394,15.0236306185495,4.0374933787761));
#3728=CARTESIAN_POINT('Ctrl Pts',(-9.42508597738289,11.4601305351388,10.5123104141159));
#3729=CARTESIAN_POINT('Ctrl Pts',(-9.59484350581634,4.63020733398774,15.0854363455226));
#3730=CARTESIAN_POINT('Ctrl Pts',(-9.78157304163063,-4.60657996467146,15.35535709923));
#3731=CARTESIAN_POINT('Ctrl Pts',(-9.9852810462316,-12.8617693784446,9.56283903394881));
#3732=CARTESIAN_POINT('Ctrl Pts',(-10.1974762318584,-16.1672084264412,-0.410730218828309));
#3733=CARTESIAN_POINT('Ctrl Pts',(-10.4181585622989,-12.2697126748207,-10.7716034148196));
#3734=CARTESIAN_POINT('Ctrl Pts',(-10.6473279943893,-2.11737549258641,-16.1866050835373));
#3735=CARTESIAN_POINT('Ctrl Pts',(-10.8764979478137,9.07778701625015,-13.5668661384366));
#3736=CARTESIAN_POINT('Ctrl Pts',(-11.1056685433632,15.7725933271936,-4.21364392265502));
#3737=CARTESIAN_POINT('Ctrl Pts',(-11.3348396367151,14.6341361442796,7.23082729368736));
#3738=CARTESIAN_POINT('Ctrl Pts',(-11.5640107147046,6.23854617876339,15.0869987918775));
#3739=CARTESIAN_POINT('Ctrl Pts',(-11.7931806571431,-5.26462224603712,15.4535271564924));
#3740=CARTESIAN_POINT('Ctrl Pts',(-11.9459612257483,-11.1749550470229,10.5863190431331));
#3741=CARTESIAN_POINT('Ctrl Pts',(-12.0223476830687,-12.9685669092483,7.4742038073215));
#3742=CARTESIAN_POINT('Ctrl Pts',(0.921123377995785,14.9999994257649,0.00427302155844661));
#3743=CARTESIAN_POINT('Ctrl Pts',(0.844736907940432,14.9989737236905,3.60392101409539));
#3744=CARTESIAN_POINT('Ctrl Pts',(0.691949700978507,12.3007292388601,10.7868255228467));
#3745=CARTESIAN_POINT('Ctrl Pts',(0.462783134657668,2.12799148094535,16.2215908335067));
#3746=CARTESIAN_POINT('Ctrl Pts',(0.233611481051173,-9.0915932230554,13.5983858575364));
#3747=CARTESIAN_POINT('Ctrl Pts',(0.00444287837394056,-15.804546618771,
4.2294896467581));
#3748=CARTESIAN_POINT('Ctrl Pts',(-0.224727666058038,-14.6679057138013,
-7.24107305852602));
#3749=CARTESIAN_POINT('Ctrl Pts',(-0.45389802653776,-6.25814508115241,-15.1153850933023));
#3750=CARTESIAN_POINT('Ctrl Pts',(-0.683069524870829,5.27000900871074,-15.4905214367092));
#3751=CARTESIAN_POINT('Ctrl Pts',(-0.886776592354117,13.1705466853391,-8.98476037764182));
#3752=CARTESIAN_POINT('Ctrl Pts',(-1.06501928918165,15.5679543225876,-0.66983184220209));
#3753=CARTESIAN_POINT('Ctrl Pts',(-1.21779995002233,14.1280828585088,6.59129339382868));
#3754=CARTESIAN_POINT('Ctrl Pts',(-1.37057995785602,9.48306602871252,12.3718373438476));
#3755=CARTESIAN_POINT('Ctrl Pts',(-1.523360312795,2.70131046301273,15.3519795183196));
#3756=CARTESIAN_POINT('Ctrl Pts',(-1.6761404091326,-4.69390106695591,14.8650073494778));
#3757=CARTESIAN_POINT('Ctrl Pts',(-1.82892091300262,-11.0272701192341,11.0178501873612));
#3758=CARTESIAN_POINT('Ctrl Pts',(-1.98170048339378,-14.8686607912415,4.68121704453585));
#3759=CARTESIAN_POINT('Ctrl Pts',(-2.1344814259499,-15.3502357120429,-2.71363365040665));
#3760=CARTESIAN_POINT('Ctrl Pts',(-2.28726106262526,-12.3625775632282,-9.49506600903045));
#3761=CARTESIAN_POINT('Ctrl Pts',(-2.44004145655271,-6.58156183372043,-14.1308037101352));
#3762=CARTESIAN_POINT('Ctrl Pts',(-2.59282198837555,0.68706101834877,-15.5732017071254));
#3763=CARTESIAN_POINT('Ctrl Pts',(-2.74560201899277,7.80076995738905,-13.495681411666));
#3764=CARTESIAN_POINT('Ctrl Pts',(-2.898382253075,13.1502552559233,-8.3702406410222));
#3765=CARTESIAN_POINT('Ctrl Pts',(-3.05116275556728,15.5309243755252,-1.34916946105149));
#3766=CARTESIAN_POINT('Ctrl Pts',(-3.20394271681834,14.3968247956273,5.96925971741883));
#3767=CARTESIAN_POINT('Ctrl Pts',(-3.37369847561565,9.53113161648117,12.6178361776044));
#3768=CARTESIAN_POINT('Ctrl Pts',(-3.56042981767306,0.92969341231591,16.0375986413075));
#3769=CARTESIAN_POINT('Ctrl Pts',(-3.76413776309161,-8.83907107703816,13.4158194775813));
#3770=CARTESIAN_POINT('Ctrl Pts',(-3.95086823142415,-14.5681995990637,6.14637518577186));
#3771=CARTESIAN_POINT('Ctrl Pts',(-4.1206240850864,-15.4508969132171,-2.04478937222347));
#3772=CARTESIAN_POINT('Ctrl Pts',(-4.27340445593335,-12.7657104850094,-8.94708935753899));
#3773=CARTESIAN_POINT('Ctrl Pts',(-4.42618444677748,-7.18940555054812,-13.831392848179));
#3774=CARTESIAN_POINT('Ctrl Pts',(-4.5789649454805,0.00834437938656003,
-15.5879366550911));
#3775=CARTESIAN_POINT('Ctrl Pts',(-4.73174490283791,7.20596801701836,-13.8230152196409));
#3776=CARTESIAN_POINT('Ctrl Pts',(-4.88452537501749,12.7740651477331,-8.93345356328093));
#3777=CARTESIAN_POINT('Ctrl Pts',(-5.03730541492208,15.4563217640171,-2.02593832958636));
#3778=CARTESIAN_POINT('Ctrl Pts',(-5.19008572837254,14.6445098094731,5.34071392759745));
#3779=CARTESIAN_POINT('Ctrl Pts',(-5.34286601821343,10.5252001582176,11.4981285645686));
#3780=CARTESIAN_POINT('Ctrl Pts',(-5.49564593583964,4.0237632213379,15.0614328177096));
#3781=CARTESIAN_POINT('Ctrl Pts',(-5.64842708804405,-3.38053233054527,15.2138770128767));
#3782=CARTESIAN_POINT('Ctrl Pts',(-5.81818146802552,-10.7723795679167,11.5768780979159));
#3783=CARTESIAN_POINT('Ctrl Pts',(-6.00491371435436,-15.6331602994077,3.69713562404543));
#3784=CARTESIAN_POINT('Ctrl Pts',(-6.20862071915194,-14.7457131421795,-6.37402575698336));
#3785=CARTESIAN_POINT('Ctrl Pts',(-6.41232658148179,-8.02160896796111,-13.9147588444323));
#3786=CARTESIAN_POINT('Ctrl Pts',(-6.61603556591788,1.87372693922118,-15.95474680699));
#3787=CARTESIAN_POINT('Ctrl Pts',(-6.81974132775125,11.0336629695249,-11.6756965499561));
#3788=CARTESIAN_POINT('Ctrl Pts',(-7.00647242652507,15.4166775550684,-3.5206073868701));
#3789=CARTESIAN_POINT('Ctrl Pts',(-7.17622896006144,14.8597275629103,4.69880439725735));
#3790=CARTESIAN_POINT('Ctrl Pts',(-7.32900900679374,11.0172694786721,11.0298202818019));
#3791=CARTESIAN_POINT('Ctrl Pts',(-7.48178906296904,4.67563328795732,14.8702780669809));
#3792=CARTESIAN_POINT('Ctrl Pts',(-7.63456940420716,-2.71717874339296,15.3493489314833));
#3793=CARTESIAN_POINT('Ctrl Pts',(-7.78734951941157,-9.49879845290856,12.3601482250353));
#3794=CARTESIAN_POINT('Ctrl Pts',(-7.94012988593176,-14.1323567314694,6.57751199890395));
#3795=CARTESIAN_POINT('Ctrl Pts',(-8.092909936157,-15.572973118628,-0.691455220276249));
#3796=CARTESIAN_POINT('Ctrl Pts',(-8.24569039844502,-13.4939078008772,-7.80416388302883));
#3797=CARTESIAN_POINT('Ctrl Pts',(-8.39847032189644,-8.36567847843652,-13.1533413585339));
#3798=CARTESIAN_POINT('Ctrl Pts',(-8.55125092359002,-1.34670120622104,-15.5298088690362));
#3799=CARTESIAN_POINT('Ctrl Pts',(-8.70403068363666,5.9763246264834,-14.3972836974769));
#3800=CARTESIAN_POINT('Ctrl Pts',(-8.85681154457952,11.9492653985717,-10.0101555275162));
#3801=CARTESIAN_POINT('Ctrl Pts',(-9.00959073429956,15.2208547173698,-3.36283382052142));
#3802=CARTESIAN_POINT('Ctrl Pts',(-9.16237221880458,15.0548935110625,4.04845928003113));
#3803=CARTESIAN_POINT('Ctrl Pts',(-9.31515120331353,11.482795056398,10.5364544846078));
#3804=CARTESIAN_POINT('Ctrl Pts',(-9.48490873174698,4.63764262926601,15.1182084910119));
#3805=CARTESIAN_POINT('Ctrl Pts',(-9.67163826756127,-4.61880360662474,15.3872332013128));
#3806=CARTESIAN_POINT('Ctrl Pts',(-9.87534627216223,-12.8906031566567,9.58110097909412));
#3807=CARTESIAN_POINT('Ctrl Pts',(-10.0875414577891,-16.2014756506476,-0.414172828865239));
#3808=CARTESIAN_POINT('Ctrl Pts',(-10.3082237882295,-12.2940561879486,-10.7964286970536));
#3809=CARTESIAN_POINT('Ctrl Pts',(-10.53739322032,-2.11929816408241,-16.2213146638386));
#3810=CARTESIAN_POINT('Ctrl Pts',(-10.7665631737443,9.09922038047621,-13.5942349129374));
#3811=CARTESIAN_POINT('Ctrl Pts',(-10.9957337692939,15.806759550826,-4.22008149139561));
#3812=CARTESIAN_POINT('Ctrl Pts',(-11.2249048626457,14.6640598658994,7.24850332128216));
#3813=CARTESIAN_POINT('Ctrl Pts',(-11.4540759406353,6.24940285299128,15.1200404739941));
#3814=CARTESIAN_POINT('Ctrl Pts',(-11.6832458830737,-5.2782738175465,15.4854832253934));
#3815=CARTESIAN_POINT('Ctrl Pts',(-11.836026451679,-11.2003469708648,10.6070589458036));
#3816=CARTESIAN_POINT('Ctrl Pts',(-11.9124129089993,-12.9972940523442,7.48801364505695));
#3817=CARTESIAN_POINT('Ctrl Pts',(0.968189727553155,14.9999990676449,0.00528872891027543));
#3818=CARTESIAN_POINT('Ctrl Pts',(0.891803257497801,14.9987299040088,3.60491610256152));
#3819=CARTESIAN_POINT('Ctrl Pts',(0.739016050535876,12.2999977215908,10.787671733706));
#3820=CARTESIAN_POINT('Ctrl Pts',(0.509849484215038,2.12689326515036,16.2217277474019));
#3821=CARTESIAN_POINT('Ctrl Pts',(0.280677830608543,-9.09251379758983,13.5977729752601));
#3822=CARTESIAN_POINT('Ctrl Pts',(0.0515092279313098,-15.8048322494705,
4.22841761110378));
#3823=CARTESIAN_POINT('Ctrl Pts',(-0.177661316500669,-14.6674148847945,
-7.2420651613964));
#3824=CARTESIAN_POINT('Ctrl Pts',(-0.406831676980391,-6.25712117511449,
-15.1158085153394));
#3825=CARTESIAN_POINT('Ctrl Pts',(-0.636003175313459,5.27105747010658,-15.4901640628942));
#3826=CARTESIAN_POINT('Ctrl Pts',(-0.83971024279675,13.1711549440362,-8.98386754524713));
#3827=CARTESIAN_POINT('Ctrl Pts',(-1.01795293962428,15.5679989368555,-0.668777800218763));
#3828=CARTESIAN_POINT('Ctrl Pts',(-1.17073360046496,14.1276359542085,6.59224975655273));
#3829=CARTESIAN_POINT('Ctrl Pts',(-1.32351360829865,9.48222797840941,12.3724791452982));
#3830=CARTESIAN_POINT('Ctrl Pts',(-1.47629396323764,2.70027061626213,15.3521613641586));
#3831=CARTESIAN_POINT('Ctrl Pts',(-1.62907405957523,-4.69490702570648,14.8646897569315));
#3832=CARTESIAN_POINT('Ctrl Pts',(-1.78185456344526,-11.0280164428616,11.0171014404703));
#3833=CARTESIAN_POINT('Ctrl Pts',(-1.9346341338364,-14.8689769015249,4.68021120504308));
#3834=CARTESIAN_POINT('Ctrl Pts',(-2.08741507639253,-15.3500514012381,-2.7146729302804));
#3835=CARTESIAN_POINT('Ctrl Pts',(-2.24019471306789,-12.3619334150581,-9.49590379703802));
#3836=CARTESIAN_POINT('Ctrl Pts',(-2.39297510699534,-6.58060603798965,-14.1312474237015));
#3837=CARTESIAN_POINT('Ctrl Pts',(-2.54575563881818,0.688116315321979,-15.5731554608248));
#3838=CARTESIAN_POINT('Ctrl Pts',(-2.69853566943541,7.80168289577916,-13.4951517894999));
#3839=CARTESIAN_POINT('Ctrl Pts',(-2.85131590351762,13.1508220764125,-8.36935098241635));
#3840=CARTESIAN_POINT('Ctrl Pts',(-3.00409640600991,15.5310142326109,-1.34811592779594));
#3841=CARTESIAN_POINT('Ctrl Pts',(-3.15687636726097,14.396421048889,5.97023316939241));
#3842=CARTESIAN_POINT('Ctrl Pts',(-3.32663212605828,9.53027593763572,12.6184812400751));
#3843=CARTESIAN_POINT('Ctrl Pts',(-3.51336346811569,0.928607339416189,16.0376610434284));
#3844=CARTESIAN_POINT('Ctrl Pts',(-3.71707141353425,-8.83997790534737,13.4152207517807));
#3845=CARTESIAN_POINT('Ctrl Pts',(-3.90380188186678,-14.5686160311087,6.14538779148161));
#3846=CARTESIAN_POINT('Ctrl Pts',(-4.07355773552903,-15.4507574283423,-2.04583527315972));
#3847=CARTESIAN_POINT('Ctrl Pts',(-4.22633810637598,-12.7651043224095,-8.94795351701337));
#3848=CARTESIAN_POINT('Ctrl Pts',(-4.37911809722011,-7.18846856305184,-13.831879026489));
#3849=CARTESIAN_POINT('Ctrl Pts',(-4.53189859592313,0.00939980206831395,
-15.5879354822184));
#3850=CARTESIAN_POINT('Ctrl Pts',(-4.68467855328054,7.2069038171963,-13.8225266728876));
#3851=CARTESIAN_POINT('Ctrl Pts',(-4.83745902546012,12.774669379749,-8.93258825752075));
#3852=CARTESIAN_POINT('Ctrl Pts',(-4.99023906536471,15.45645857915,-2.02489158084197));
#3853=CARTESIAN_POINT('Ctrl Pts',(-5.14301937881516,14.644147041196,5.34170521262383));
#3854=CARTESIAN_POINT('Ctrl Pts',(-5.29579966865606,10.5244221426555,11.4988410165092));
#3855=CARTESIAN_POINT('Ctrl Pts',(-5.44857958628227,4.02274138551086,15.0617042014946));
#3856=CARTESIAN_POINT('Ctrl Pts',(-5.60136073848668,-3.38156116041571,15.2136482757759));
#3857=CARTESIAN_POINT('Ctrl Pts',(-5.77111511846814,-10.7731632153512,11.5761473523818));
#3858=CARTESIAN_POINT('Ctrl Pts',(-5.95784736479699,-15.6334103838652,3.69607685623478));
#3859=CARTESIAN_POINT('Ctrl Pts',(-6.16155436959457,-14.7452805348803,-6.37502274219436));
#3860=CARTESIAN_POINT('Ctrl Pts',(-6.36526023192443,-8.02066697653246,-13.91530243219));
#3861=CARTESIAN_POINT('Ctrl Pts',(-6.56896921636049,1.87480805521839,-15.9546182916266));
#3862=CARTESIAN_POINT('Ctrl Pts',(-6.7726749781939,11.0344532803347,-11.6749492912875));
#3863=CARTESIAN_POINT('Ctrl Pts',(-6.95940607696769,15.4169146966019,-3.51956392005063));
#3864=CARTESIAN_POINT('Ctrl Pts',(-7.12916261050408,14.8594088213905,4.69981185571063));
#3865=CARTESIAN_POINT('Ctrl Pts',(-7.28194265723636,11.0165227179269,11.03056406264));
#3866=CARTESIAN_POINT('Ctrl Pts',(-7.43472271341168,4.67462585341181,14.8705950224297));
#3867=CARTESIAN_POINT('Ctrl Pts',(-7.58750305464979,-2.71821781657916,15.3491637995379));
#3868=CARTESIAN_POINT('Ctrl Pts',(-7.7402831698542,-9.49963509091646,12.3595047774084));
#3869=CARTESIAN_POINT('Ctrl Pts',(-7.89306353637439,-14.1328014882162,6.57655464048025));
#3870=CARTESIAN_POINT('Ctrl Pts',(-8.04584358659963,-15.572925666477,-0.6925096154437));
#3871=CARTESIAN_POINT('Ctrl Pts',(-8.19862404888765,-13.4933787972783,-7.80507732168737));
#3872=CARTESIAN_POINT('Ctrl Pts',(-8.35140397233907,-8.36478745152993,-13.153907241824));
#3873=CARTESIAN_POINT('Ctrl Pts',(-8.50418457403266,-1.34564962856238,-15.5298994623285));
#3874=CARTESIAN_POINT('Ctrl Pts',(-8.65696433407929,5.97729937503303,-14.3968783337058));
#3875=CARTESIAN_POINT('Ctrl Pts',(-8.80974519502216,11.949942501877,-10.0093462246218));
#3876=CARTESIAN_POINT('Ctrl Pts',(-8.96252438474219,15.2210822973614,-3.36180183146868));
#3877=CARTESIAN_POINT('Ctrl Pts',(-9.11530586924721,15.0546184102205,4.04947681096554));
#3878=CARTESIAN_POINT('Ctrl Pts',(-9.26808485375616,11.482081517615,10.5372323995181));
#3879=CARTESIAN_POINT('Ctrl Pts',(-9.4378423821896,4.63661830262997,15.1185214953249));
#3880=CARTESIAN_POINT('Ctrl Pts',(-9.6245719180039,-4.61984533475102,15.3869198079532));
#3881=CARTESIAN_POINT('Ctrl Pts',(-9.82827992260487,-12.8912512013838,9.58022813146836));
#3882=CARTESIAN_POINT('Ctrl Pts',(-10.0404751082317,-16.2014469165206,-0.415269789927497));
#3883=CARTESIAN_POINT('Ctrl Pts',(-10.2611574386722,-12.2933245441348,-10.7972606095197));
#3884=CARTESIAN_POINT('Ctrl Pts',(-10.4903268707626,-2.1181998882779,-16.2214578464092));
#3885=CARTESIAN_POINT('Ctrl Pts',(-10.7194968241869,9.10014096044677,-13.5936174621148));
#3886=CARTESIAN_POINT('Ctrl Pts',(-10.9486674197365,15.8070437700089,-4.21901246003858));
#3887=CARTESIAN_POINT('Ctrl Pts',(-11.1778385130883,14.6635701417729,7.24949882632887));
#3888=CARTESIAN_POINT('Ctrl Pts',(-11.4070095910779,6.24837542098349,15.1204574160012));
#3889=CARTESIAN_POINT('Ctrl Pts',(-11.6361795335164,-5.27931512265619,15.4851369818075));
#3890=CARTESIAN_POINT('Ctrl Pts',(-11.7889601021216,-11.2010751728215,10.6062825482011));
#3891=CARTESIAN_POINT('Ctrl Pts',(-11.8653465594419,-12.9978010348127,7.48713351419767));
#3892=CARTESIAN_POINT('Ctrl Pts',(0.726181580628156,14.8124891684291,0.));
#3893=CARTESIAN_POINT('Ctrl Pts',(0.649795110572802,14.8124891684291,3.5546296531178));
#3894=CARTESIAN_POINT('Ctrl Pts',(0.497007903610876,12.1499941043294,10.6485348407484));
#3895=CARTESIAN_POINT('Ctrl Pts',(0.267841337290039,2.10595342325125,16.0182029112998));
#3896=CARTESIAN_POINT('Ctrl Pts',(0.0386696836835435,-8.97411585484552,
13.4309559399457));
#3897=CARTESIAN_POINT('Ctrl Pts',(-0.190498918993689,-15.6057872367485,
4.18106191602873));
#3898=CARTESIAN_POINT('Ctrl Pts',(-0.419669463425668,-14.4865822087217,
-7.14642685447412));
#3899=CARTESIAN_POINT('Ctrl Pts',(-0.648839823905391,-6.18416519560675,
-14.9246704964901));
#3900=CARTESIAN_POINT('Ctrl Pts',(-0.878011322238458,5.19977184337951,-15.2983601230661));
#3901=CARTESIAN_POINT('Ctrl Pts',(-1.08171838972175,13.0033772351569,-8.87614802116081));
#3902=CARTESIAN_POINT('Ctrl Pts',(-1.25996108654927,15.373153901547,-0.665837932407001));
#3903=CARTESIAN_POINT('Ctrl Pts',(-1.41274174738996,13.9533246885887,6.50492258851601));
#3904=CARTESIAN_POINT('Ctrl Pts',(-1.56552175522365,9.36800047998483,12.2145119933092));
#3905=CARTESIAN_POINT('Ctrl Pts',(-1.71830211016264,2.67186034748915,15.1593071538246));
#3906=CARTESIAN_POINT('Ctrl Pts',(-1.87108220650023,-4.63104150507984,14.6805041351429));
#3907=CARTESIAN_POINT('Ctrl Pts',(-2.02386271037026,-10.8863217243744,10.8832187137271));
#3908=CARTESIAN_POINT('Ctrl Pts',(-2.1766422807614,-14.6814735109177,4.62688189519739));
#3909=CARTESIAN_POINT('Ctrl Pts',(-2.32942322331753,-15.1591089118068,-2.67539289683111));
#3910=CARTESIAN_POINT('Ctrl Pts',(-2.48220285999289,-12.2107057925782,-9.3728934509464));
#3911=CARTESIAN_POINT('Ctrl Pts',(-2.63498325392034,-6.5032634452845,-13.9523045607386));
#3912=CARTESIAN_POINT('Ctrl Pts',(-2.78776378574318,0.674092148214034,-15.3787184007193));
#3913=CARTESIAN_POINT('Ctrl Pts',(-2.94054381636041,7.69945708072342,-13.3291681651366));
#3914=CARTESIAN_POINT('Ctrl Pts',(-3.09332405044262,12.9835125032436,-8.26930631744581));
#3915=CARTESIAN_POINT('Ctrl Pts',(-3.24610455293491,15.3363950069384,-1.33667092401125));
#3916=CARTESIAN_POINT('Ctrl Pts',(-3.39888451418597,14.2185331887455,5.89058811194697));
#3917=CARTESIAN_POINT('Ctrl Pts',(-3.56864027298328,9.41553345370739,12.4574221400932));
#3918=CARTESIAN_POINT('Ctrl Pts',(-3.75537161504069,0.922582923113512,15.8368543978211));
#3919=CARTESIAN_POINT('Ctrl Pts',(-3.95907956045924,-8.72480041912474,13.2505978357542));
#3920=CARTESIAN_POINT('Ctrl Pts',(-4.14581002879178,-14.3843572497328,6.07363804839653));
#3921=CARTESIAN_POINT('Ctrl Pts',(-4.31556588245403,-15.2583231625216,-2.01488117118809));
#3922=CARTESIAN_POINT('Ctrl Pts',(-4.46834625330098,-12.6086459654501,-8.83165260494453));
#3923=CARTESIAN_POINT('Ctrl Pts',(-4.6211262441451,-7.10342298012073,-13.6564668608727));
#3924=CARTESIAN_POINT('Ctrl Pts',(-4.77390674284813,0.00385497711499984,
-15.3930773485517));
#3925=CARTESIAN_POINT('Ctrl Pts',(-4.92668670020554,7.11199922307001,-13.6522435191408));
#3926=CARTESIAN_POINT('Ctrl Pts',(-5.07946717238512,12.6118659051987,-8.82537171858463));
#3927=CARTESIAN_POINT('Ctrl Pts',(-5.23224721228971,15.2625357216029,-2.00496039278102));
#3928=CARTESIAN_POINT('Ctrl Pts',(-5.38502752574016,14.4629435747158,5.26983099523166));
#3929=CARTESIAN_POINT('Ctrl Pts',(-5.53780781558106,10.3968622222045,11.3514321602857));
#3930=CARTESIAN_POINT('Ctrl Pts',(-5.69058773320726,3.97769806623866,14.8720204827979));
#3931=CARTESIAN_POINT('Ctrl Pts',(-5.84336888541169,-3.33399199366916,15.0246431256912));
#3932=CARTESIAN_POINT('Ctrl Pts',(-6.01312326539314,-10.6344597164073,11.4351873803666));
#3933=CARTESIAN_POINT('Ctrl Pts',(-6.19985551172199,-15.4366936261918,3.65531615297147));
#3934=CARTESIAN_POINT('Ctrl Pts',(-6.40356251651957,-14.5631725952019,-6.29019603400071));
#3935=CARTESIAN_POINT('Ctrl Pts',(-6.60726837884942,-7.92524730731222,-13.7385576584593));
#3936=CARTESIAN_POINT('Ctrl Pts',(-6.8109773632855,1.84581649601518,-15.7558258229488));
#3937=CARTESIAN_POINT('Ctrl Pts',(-7.01468312511889,10.8924490505561,-11.5328451921374));
#3938=CARTESIAN_POINT('Ctrl Pts',(-7.20141422389269,15.2229657619259,-3.48093438852909));
#3939=CARTESIAN_POINT('Ctrl Pts',(-7.37117075742908,14.6752909231699,4.63588685955264));
#3940=CARTESIAN_POINT('Ctrl Pts',(-7.52395080416136,10.8826481126849,10.8888376984059));
#3941=CARTESIAN_POINT('Ctrl Pts',(-7.67673086033668,4.62136692822584,14.6830733487198));
#3942=CARTESIAN_POINT('Ctrl Pts',(-7.82951120157478,-2.67889377831396,15.158233640062));
#3943=CARTESIAN_POINT('Ctrl Pts',(-7.9822913167792,-9.37657894631742,12.2083088139428));
#3944=CARTESIAN_POINT('Ctrl Pts',(-8.13507168329939,-13.9538406088222,6.49926323450366));
#3945=CARTESIAN_POINT('Ctrl Pts',(-8.28785173352462,-15.3784930086156,-0.678430608650668));
#3946=CARTESIAN_POINT('Ctrl Pts',(-8.44063219581265,-13.3274185185591,-7.70280969095879));
#3947=CARTESIAN_POINT('Ctrl Pts',(-8.59341211926406,-8.26480090844654,-12.986560690575));
#3948=CARTESIAN_POINT('Ctrl Pts',(-8.74619272095766,-1.33423506731594,-15.3352950308601));
#3949=CARTESIAN_POINT('Ctrl Pts',(-8.89897248100429,5.89756582526595,-14.2189872174157));
#3950=CARTESIAN_POINT('Ctrl Pts',(-9.05175334194715,11.7970738599034,-9.88838221868875));
#3951=CARTESIAN_POINT('Ctrl Pts',(-9.2045325316672,15.0296363498278,-3.32507626583075));
#3952=CARTESIAN_POINT('Ctrl Pts',(-9.3573140161722,14.8678338091827,3.99361354541322));
#3953=CARTESIAN_POINT('Ctrl Pts',(-9.51009300068116,11.3422152971636,10.4015109719357));
#3954=CARTESIAN_POINT('Ctrl Pts',(-9.6798505291146,4.58392082325773,14.9279137797133));
#3955=CARTESIAN_POINT('Ctrl Pts',(-9.8665800649289,-4.55673631693704,15.1961797668085));
#3956=CARTESIAN_POINT('Ctrl Pts',(-10.0702880695299,-12.7267648710994,9.46495617749761));
#3957=CARTESIAN_POINT('Ctrl Pts',(-10.2824832551567,-15.9990607227873,-0.404437663158321));
#3958=CARTESIAN_POINT('Ctrl Pts',(-10.5031655855972,-12.143407685421,-10.6580061715313));
#3959=CARTESIAN_POINT('Ctrl Pts',(-10.7323350176876,-2.09736862642822,-16.0179394110923));
#3960=CARTESIAN_POINT('Ctrl Pts',(-10.9615049711119,8.98164911903428,-13.4268550295533));
#3961=CARTESIAN_POINT('Ctrl Pts',(-11.1906755666615,15.6079743861802,-4.17177510671547));
#3962=CARTESIAN_POINT('Ctrl Pts',(-11.4198466600133,14.482788116212,7.15376893141186));
#3963=CARTESIAN_POINT('Ctrl Pts',(-11.6490177380029,6.17553038888275,14.929264327299));
#3964=CARTESIAN_POINT('Ctrl Pts',(-11.878120025969,-5.20456744806353,15.2932912614807));
#3965=CARTESIAN_POINT('Ctrl Pts',(-12.0308329395645,-11.0521792546486,10.4818597383879));
#3966=CARTESIAN_POINT('Ctrl Pts',(-12.1071517523027,-12.8279918080426,7.40624452357455));
#3967=CARTESIAN_POINT('Ctrl Pts',(13.7883521855151,-12.6661869851229,-8.03540336622265));
#3968=CARTESIAN_POINT('Ctrl Pts',(13.7927456115848,-12.7813128773654,-7.85393069938656));
#3969=CARTESIAN_POINT('Ctrl Pts',(13.7948109043688,-12.8841172120564,-7.66457149710082));
#3970=CARTESIAN_POINT('Ctrl Pts',(13.7936121062647,-12.9736096579097,-7.46913017596579));
#3971=CARTESIAN_POINT('Ctrl Pts',(13.725597052772,-12.6669124623479,-8.03425979821908));
#3972=CARTESIAN_POINT('Ctrl Pts',(13.7300121474545,-12.7817213102663,-7.85317059726201));
#3973=CARTESIAN_POINT('Ctrl Pts',(13.7325490652704,-12.8842493668958,-7.66429662821557));
#3974=CARTESIAN_POINT('Ctrl Pts',(13.7323032390112,-12.9734593898221,-7.46945834437474));
#3975=CARTESIAN_POINT('Ctrl Pts',(13.6163576325246,-12.6315236768271,-8.00901743366047));
#3976=CARTESIAN_POINT('Ctrl Pts',(13.620808222029,-12.7447412460523,-7.8303268264271));
#3977=CARTESIAN_POINT('Ctrl Pts',(13.6241773348969,-12.8464441999042,-7.64429049249099));
#3978=CARTESIAN_POINT('Ctrl Pts',(13.6255303172897,-12.9356256666312,-7.45282566534293));
#3979=CARTESIAN_POINT('Ctrl Pts',(13.5581084134335,-12.5490022798613,-7.95517737323616));
#3980=CARTESIAN_POINT('Ctrl Pts',(13.562529010506,-12.6596015896299,-7.78066812569553));
#3981=CARTESIAN_POINT('Ctrl Pts',(13.5655580081294,-12.760034033564,-7.59966059989695));
#3982=CARTESIAN_POINT('Ctrl Pts',(13.5664333661034,-12.849425292189,-7.4137372273344));
#3983=CARTESIAN_POINT('Ctrl Pts',(13.5463440385901,-12.5106474457799,-7.93054448649218));
#3984=CARTESIAN_POINT('Ctrl Pts',(13.5507374646598,-12.6201076366372,-7.75786808835899));
#3985=CARTESIAN_POINT('Ctrl Pts',(13.5533848175796,-12.7199086349493,-7.57900975892803));
#3986=CARTESIAN_POINT('Ctrl Pts',(13.5535808551817,-12.8092522891632,-7.39542525726623));
#3987=CARTESIAN_POINT('',(13.5535808551817,-12.8092522891632,-7.39542525726622));
#3988=CARTESIAN_POINT('Ctrl Pts',(13.5535808551817,-12.8092522891632,-7.39542525726623));
#3989=CARTESIAN_POINT('Ctrl Pts',(13.5533848175796,-12.7199086349493,-7.57900975892803));
#3990=CARTESIAN_POINT('Ctrl Pts',(13.5507374646598,-12.6201076366372,-7.75786808835899));
#3991=CARTESIAN_POINT('Ctrl Pts',(13.5463440385901,-12.5106474457799,-7.93054448649218));
#3992=CARTESIAN_POINT('',(13.7936432046998,-12.9712247527929,-7.47433025206936));
#3993=CARTESIAN_POINT('Ctrl Pts',(13.7883521855151,-12.6661869851229,-8.03540336622265));
#3994=CARTESIAN_POINT('Ctrl Pts',(13.7927066357726,-12.7802915502533,-7.85554061485505));
#3995=CARTESIAN_POINT('Ctrl Pts',(13.7947740770902,-12.882292206881,-7.66793063647602));
#3996=CARTESIAN_POINT('Ctrl Pts',(13.7936432412801,-12.9712247474454,-7.47433024938762));
#3997=CARTESIAN_POINT('',(13.5537728320847,-12.8098344962938,-7.39572810087802));
#3998=CARTESIAN_POINT('Ctrl Pts',(13.7936432412694,-12.9712247482923,-7.47433024754378));
#3999=CARTESIAN_POINT('Ctrl Pts',(13.793146444881,-12.9712282717204,-7.47432258846723));
#4000=CARTESIAN_POINT('Ctrl Pts',(13.7926496690709,-12.9712303863937,-7.4743142822853));
#4001=CARTESIAN_POINT('Ctrl Pts',(13.792152919754,-12.9712310952599,-7.47430533047595));
#4002=CARTESIAN_POINT('Ctrl Pts',(13.7764865593687,-12.9712534513106,-7.47402301046734));
#4003=CARTESIAN_POINT('Ctrl Pts',(13.760893323665,-12.9698815700279,-7.47310126169903));
#4004=CARTESIAN_POINT('Ctrl Pts',(13.7455580389177,-12.9672071701813,-7.47158623529054));
#4005=CARTESIAN_POINT('Ctrl Pts',(13.7404712846668,-12.966320064724,-7.47108369704944));
#4006=CARTESIAN_POINT('Ctrl Pts',(13.7354129443092,-12.9652892566665,-7.47051570079198));
#4007=CARTESIAN_POINT('Ctrl Pts',(13.730390004067,-12.9641169820299,-7.46988341306002));
#4008=CARTESIAN_POINT('Ctrl Pts',(13.7151253365587,-12.9605544505857,-7.46796189667074));
#4009=CARTESIAN_POINT('Ctrl Pts',(13.7002765905184,-12.9557098391908,-7.46545954383992));
#4010=CARTESIAN_POINT('Ctrl Pts',(13.6860355987352,-12.9496609716099,-7.46241582181065));
#4011=CARTESIAN_POINT('Ctrl Pts',(13.6814598978732,-12.9477174406378,-7.46143785891838));
#4012=CARTESIAN_POINT('Ctrl Pts',(13.676947067911,-12.9456492404793,-7.46040384480429));
#4013=CARTESIAN_POINT('Ctrl Pts',(13.6725039678328,-12.9434580189874,-7.45931464975223));
#4014=CARTESIAN_POINT('Ctrl Pts',(13.6586707976357,-12.9366358589407,-7.45592354438261));
#4015=CARTESIAN_POINT('Ctrl Pts',(13.6456160663507,-12.9286757684731,-7.45202451332672));
#4016=CARTESIAN_POINT('Ctrl Pts',(13.6335292852562,-12.9196520886032,-7.447654757108));
#4017=CARTESIAN_POINT('Ctrl Pts',(13.6309192208802,-12.9177034816759,-7.44671113572946));
#4018=CARTESIAN_POINT('Ctrl Pts',(13.6283543843856,-12.9157051239547,-7.44574549109925));
#4019=CARTESIAN_POINT('Ctrl Pts',(13.6258368604214,-12.913657519984,-7.44475808244941));
#4020=CARTESIAN_POINT('Ctrl Pts',(13.6159941761724,-12.9056520671514,-7.44089764191212));
#4021=CARTESIAN_POINT('Ctrl Pts',(13.6068729828966,-12.896894941122,-7.4367050513683));
#4022=CARTESIAN_POINT('Ctrl Pts',(13.5985451940434,-12.887484921705,-7.43222745246135));
#4023=CARTESIAN_POINT('Ctrl Pts',(13.5883859125906,-12.8760053996593,-7.42676511565988));
#4024=CARTESIAN_POINT('Ctrl Pts',(13.579502276273,-12.8636639736459,-7.42093088782979));
#4025=CARTESIAN_POINT('Ctrl Pts',(13.5719975656474,-12.8506604912077,-7.41481870191451));
#4026=CARTESIAN_POINT('Ctrl Pts',(13.5644928550219,-12.8376570087696,-7.40870651599923));
#4027=CARTESIAN_POINT('Ctrl Pts',(13.5583660421369,-12.8239899096534,-7.40231565796461));
#4028=CARTESIAN_POINT('Ctrl Pts',(13.553772853549,-12.8098344937084,-7.39572809954943));
#4029=CARTESIAN_POINT('Ctrl Pts',(13.553772853549,-12.8098344937084,-7.39572809954943));
#4030=CARTESIAN_POINT('Ctrl Pts',(13.5537086542447,-12.8096366425152,-7.39563602479871));
#4031=CARTESIAN_POINT('Ctrl Pts',(13.5536446544147,-12.809442559489,-7.39553510989006));
#4032=CARTESIAN_POINT('Ctrl Pts',(13.5535808551817,-12.8092522891632,-7.39542525726623));
#4033=CARTESIAN_POINT('Ctrl Pts',(13.7934312235814,-12.9688624353866,-7.47946482669438));
#4034=CARTESIAN_POINT('Ctrl Pts',(13.840629879111,-13.4950878202236,-6.33748867005794));
#4035=CARTESIAN_POINT('Ctrl Pts',(13.8645988867056,-13.5505730732123,-4.62521624674274));
#4036=CARTESIAN_POINT('Ctrl Pts',(13.8123159900431,-12.6840465166547,-2.9246580014686));
#4037=CARTESIAN_POINT('Ctrl Pts',(13.7716070792105,-12.0942026964928,-2.17554508091199));
#4038=CARTESIAN_POINT('Ctrl Pts',(13.7174419176218,-11.3679918061256,-1.56047977983764));
#4039=CARTESIAN_POINT('Ctrl Pts',(13.6522094157201,-10.5346078615632,-1.10208891357539));
#4040=CARTESIAN_POINT('Ctrl Pts',(13.5794205621334,-9.63156040636365,-0.818364760414399));
#4041=CARTESIAN_POINT('Ctrl Pts',(13.5277595680764,-8.99970444391071,-0.751775755457807));
#4042=CARTESIAN_POINT('Ctrl Pts',(13.5014210151697,-8.67763054419869,-0.750024200678507));
#4043=CARTESIAN_POINT('Ctrl Pts',(13.5007104817218,-8.66894196352726,-0.749999999999997));
#4044=CARTESIAN_POINT('Ctrl Pts',(13.5000000000001,-8.66025403784352,-0.749999999999999));
#4045=CARTESIAN_POINT('Ctrl Pts',(13.732297433154,-12.9698762440797,-7.47726473261259));
#4046=CARTESIAN_POINT('Ctrl Pts',(13.7851183027474,-13.4949704912232,-6.33589281603361));
#4047=CARTESIAN_POINT('Ctrl Pts',(13.8179323033998,-13.5503939116536,-4.62569634778251));
#4048=CARTESIAN_POINT('Ctrl Pts',(13.7780201489461,-12.6847107390433,-2.92574258120727));
#4049=CARTESIAN_POINT('Ctrl Pts',(13.743792019149,-12.0952210605294,-2.17662753340151));
#4050=CARTESIAN_POINT('Ctrl Pts',(13.6963272751224,-11.3691698605781,-1.56128195465592));
#4051=CARTESIAN_POINT('Ctrl Pts',(13.6379792789496,-10.5356445399379,-1.10250519291646));
#4052=CARTESIAN_POINT('Ctrl Pts',(13.5721621795866,-9.632175320504,-0.818452959246555));
#4053=CARTESIAN_POINT('Ctrl Pts',(13.5252231994094,-8.99992229435759,-0.75177781842982));
#4054=CARTESIAN_POINT('Ctrl Pts',(13.5012911595043,-8.67764177272346,-0.750024235738905));
#4055=CARTESIAN_POINT('Ctrl Pts',(13.5006455588537,-8.66894756814348,-0.749999999999997));
#4056=CARTESIAN_POINT('Ctrl Pts',(13.5,-8.66025403784352,-0.749999999999999));
#4057=CARTESIAN_POINT('Ctrl Pts',(13.6258249688546,-12.9342748985056,-7.45621416593107));
#4058=CARTESIAN_POINT('Ctrl Pts',(13.6880782069011,-13.4602294652163,-6.3295095201575));
#4059=CARTESIAN_POINT('Ctrl Pts',(13.7363453964661,-13.5279437838696,-4.63316713265898));
#4060=CARTESIAN_POINT('Ctrl Pts',(13.7179652858452,-12.6756629579016,-2.93465985635084));
#4061=CARTESIAN_POINT('Ctrl Pts',(13.6950793152943,-12.0914706722317,-2.18440841319534));
#4062=CARTESIAN_POINT('Ctrl Pts',(13.6593408934841,-11.3689073191887,-1.56659093797629));
#4063=CARTESIAN_POINT('Ctrl Pts',(13.6130549236603,-10.5368754021445,-1.10512071555327));
#4064=CARTESIAN_POINT('Ctrl Pts',(13.5594477150083,-9.63328211195092,-0.81899482046237));
#4065=CARTESIAN_POINT('Ctrl Pts',(13.5207832875263,-9.000307404686,-0.751791412314677));
#4066=CARTESIAN_POINT('Ctrl Pts',(13.501063933517,-8.67766135571432,-0.750024432030502));
#4067=CARTESIAN_POINT('Ctrl Pts',(13.5005319438345,-8.66895737622187,-0.749999999999997));
#4068=CARTESIAN_POINT('Ctrl Pts',(13.5,-8.66025403784353,-0.749999999999999));
#4069=CARTESIAN_POINT('Ctrl Pts',(13.5667070783424,-12.8496020079278,-7.41461738630221));
#4070=CARTESIAN_POINT('Ctrl Pts',(13.6261025913955,-13.3776660812825,-6.31721171457225));
#4071=CARTESIAN_POINT('Ctrl Pts',(13.6741524754436,-13.4716873244703,-4.6497233383923));
#4072=CARTESIAN_POINT('Ctrl Pts',(13.6664530797438,-12.649725049079,-2.95434379220247));
#4073=CARTESIAN_POINT('Ctrl Pts',(13.6508551642739,-12.0780711002907,-2.20164465143719));
#4074=CARTESIAN_POINT('Ctrl Pts',(13.6242557299125,-11.3643378551677,-1.57842138000589));
#4075=CARTESIAN_POINT('Ctrl Pts',(13.5886389309563,-10.5369065655064,-1.11097639427704));
#4076=CARTESIAN_POINT('Ctrl Pts',(13.5467513177176,-9.63436199797409,-0.820211280242587));
#4077=CARTESIAN_POINT('Ctrl Pts',(13.516344661477,-9.00069076363086,-0.751821599011919));
#4078=CARTESIAN_POINT('Ctrl Pts',(13.5008366869035,-8.67768096600728,-0.750024879439004));
#4079=CARTESIAN_POINT('Ctrl Pts',(13.5004183288153,-8.66896718430026,-0.749999999999997));
#4080=CARTESIAN_POINT('Ctrl Pts',(13.4999999999999,-8.66025403784353,-0.749999999999999));
#4081=CARTESIAN_POINT('Ctrl Pts',(13.5537728320847,-12.8098344962938,-7.39572810087802));
#4082=CARTESIAN_POINT('Ctrl Pts',(13.6091313257138,-13.3379151720961,-6.31120110942654));
#4083=CARTESIAN_POINT('Ctrl Pts',(13.6531850458322,-13.4430901569916,-4.657817557631));
#4084=CARTESIAN_POINT('Ctrl Pts',(13.6469257258272,-12.6360410711503,-2.96438373489415));
#4085=CARTESIAN_POINT('Ctrl Pts',(13.6332657738931,-12.0707299446781,-2.21055478989353));
#4086=CARTESIAN_POINT('Ctrl Pts',(13.6097928100314,-11.3616319002742,-1.584619143851));
#4087=CARTESIAN_POINT('Ctrl Pts',(13.5783224854743,-10.5367063347123,-1.1140712181073));
#4088=CARTESIAN_POINT('Ctrl Pts',(13.5413069327834,-9.63482576843202,-0.82086011616265));
#4089=CARTESIAN_POINT('Ctrl Pts',(13.51444191368,-9.00085530382751,-0.751837768439246));
#4090=CARTESIAN_POINT('Ctrl Pts',(13.5007393039485,-8.67768936592119,-0.750025114250149));
#4091=CARTESIAN_POINT('Ctrl Pts',(13.5003696366642,-8.66897138776242,-0.749999999999997));
#4092=CARTESIAN_POINT('Ctrl Pts',(13.4999999999999,-8.66025403784353,-0.749999999999999));
#4093=CARTESIAN_POINT('Ctrl Pts',(13.793643190764,-12.9712245511547,-7.47433015888961));
#4094=CARTESIAN_POINT('Ctrl Pts',(13.8406872432364,-13.4952197184008,-6.33338424482084));
#4095=CARTESIAN_POINT('Ctrl Pts',(13.8645466623904,-13.5497075175745,-4.62351759392553));
#4096=CARTESIAN_POINT('Ctrl Pts',(13.8123159900431,-12.6840465166547,-2.9246580014686));
#4097=CARTESIAN_POINT('Ctrl Pts',(13.7716070792105,-12.0942026964928,-2.17554508091199));
#4098=CARTESIAN_POINT('Ctrl Pts',(13.7174419176218,-11.3679918061256,-1.56047977983764));
#4099=CARTESIAN_POINT('Ctrl Pts',(13.6522094157201,-10.5346078615632,-1.10208891357539));
#4100=CARTESIAN_POINT('Ctrl Pts',(13.5794205621334,-9.63156040636365,-0.818364760414399));
#4101=CARTESIAN_POINT('Ctrl Pts',(13.5277595680764,-8.99970444391071,-0.751775755457807));
#4102=CARTESIAN_POINT('Ctrl Pts',(13.5014210151697,-8.67763054419869,-0.750024200678507));
#4103=CARTESIAN_POINT('Ctrl Pts',(13.5007104817218,-8.66894196352726,-0.749999999999997));
#4104=CARTESIAN_POINT('Ctrl Pts',(13.5000000000001,-8.66025403784352,-0.749999999999999));
#4105=CARTESIAN_POINT('Ctrl Pts',(13.4999999999999,-8.66025403784353,-0.749999999999999));
#4106=CARTESIAN_POINT('Ctrl Pts',(13.5003696366642,-8.66897138776242,-0.749999999999997));
#4107=CARTESIAN_POINT('Ctrl Pts',(13.5007393039485,-8.67768936592119,-0.750025114250149));
#4108=CARTESIAN_POINT('Ctrl Pts',(13.51444191368,-9.00085530382751,-0.751837768439246));
#4109=CARTESIAN_POINT('Ctrl Pts',(13.5413069327834,-9.63482576843202,-0.82086011616265));
#4110=CARTESIAN_POINT('Ctrl Pts',(13.5783224854743,-10.5367063347123,-1.1140712181073));
#4111=CARTESIAN_POINT('Ctrl Pts',(13.6097928100314,-11.3616319002742,-1.584619143851));
#4112=CARTESIAN_POINT('Ctrl Pts',(13.6332657738931,-12.0707299446781,-2.21055478989353));
#4113=CARTESIAN_POINT('Ctrl Pts',(13.6469257258272,-12.6360410711503,-2.96438373489415));
#4114=CARTESIAN_POINT('Ctrl Pts',(13.6531850458322,-13.4430901569916,-4.657817557631));
#4115=CARTESIAN_POINT('Ctrl Pts',(13.6091313257138,-13.3379151720961,-6.31120110942654));
#4116=CARTESIAN_POINT('Ctrl Pts',(13.5537728320847,-12.8098344962938,-7.39572810087802));
#4117=CARTESIAN_POINT('Ctrl Pts',(-13.5463440385901,-12.5106474457785,7.93054448649439));
#4118=CARTESIAN_POINT('Ctrl Pts',(-13.4700371501837,-10.609496399584,10.9296614475829));
#4119=CARTESIAN_POINT('Ctrl Pts',(-13.3174091250224,-4.57143813079888,15.4925600440521));
#4120=CARTESIAN_POINT('Ctrl Pts',(-13.0884813159921,6.7740713419001,14.6640831940003));
#4121=CARTESIAN_POINT('Ctrl Pts',(-12.8595484443722,14.753147811695,6.57103548828034));
#4122=CARTESIAN_POINT('Ctrl Pts',(-12.6306185892892,15.4305271408797,-4.77661168979335));
#4123=CARTESIAN_POINT('Ctrl Pts',(-12.4016867745234,8.45985941040731,-13.7581518518275));
#4124=CARTESIAN_POINT('Ctrl Pts',(-12.1727551022879,-2.6962882320575,-15.9251117867956));
#4125=CARTESIAN_POINT('Ctrl Pts',(-11.9438223820224,-12.5247748185181,-10.2024670871157));
#4126=CARTESIAN_POINT('Ctrl Pts',(-11.7233696624187,-16.0006695077895,0.17243627421042));
#4127=CARTESIAN_POINT('Ctrl Pts',(-11.5113963880184,-12.382423896094,9.90750575282811));
#4128=CARTESIAN_POINT('Ctrl Pts',(-11.3079025573659,-4.02646181563423,15.3428424288789));
#4129=CARTESIAN_POINT('Ctrl Pts',(-11.1213641021795,5.08930128300748,14.7615068218698));
#4130=CARTESIAN_POINT('Ctrl Pts',(-10.9517865250456,11.6834820889568,10.0146922300437));
#4131=CARTESIAN_POINT('Ctrl Pts',(-10.799164700425,14.990424680289,3.50031204565362));
#4132=CARTESIAN_POINT('Ctrl Pts',(-10.6465443018527,14.9123259042721,-3.8118310486752));
#4133=CARTESIAN_POINT('Ctrl Pts',(-10.4939230473025,11.4735836352956,-10.2598913895347));
#4134=CARTESIAN_POINT('Ctrl Pts',(-10.3413013656473,5.44589096815766,-14.3973176906077));
#4135=CARTESIAN_POINT('Ctrl Pts',(-10.2141184932587,-0.599657426306563,
-15.1360361837495));
#4136=CARTESIAN_POINT('Ctrl Pts',(-10.1123697833966,-5.23329267715397,-14.0074272224305));
#4137=CARTESIAN_POINT('Ctrl Pts',(-10.0106235228848,-9.47178414935383,-11.8214502536235));
#4138=CARTESIAN_POINT('Ctrl Pts',(-9.88343837402532,-13.5519184202314,-7.29931136675613));
#4139=CARTESIAN_POINT('Ctrl Pts',(-9.73081777003437,-15.390398861791,-0.223857313988314));
#4140=CARTESIAN_POINT('Ctrl Pts',(-9.57819647471896,-13.7583541415661,6.90073688774261));
#4141=CARTESIAN_POINT('Ctrl Pts',(-9.42557561318022,-9.02382767765786,12.4698261496399));
#4142=CARTESIAN_POINT('Ctrl Pts',(-9.27295433661811,-2.25297023351054,15.2260885373399));
#4143=CARTESIAN_POINT('Ctrl Pts',(-9.12033356314526,5.02329315084781,14.5491734079279));
#4144=CARTESIAN_POINT('Ctrl Pts',(-8.96771214815091,11.1719752259803,10.5899955349646));
#4145=CARTESIAN_POINT('Ctrl Pts',(-8.81509098293649,14.7919164375561,4.24464925183073));
#4146=CARTESIAN_POINT('Ctrl Pts',(-8.64551280534152,15.1257242619767,-3.87453505910811));
#4147=CARTESIAN_POINT('Ctrl Pts',(-8.4589756289847,10.5951228544007,-11.8038411690766));
#4148=CARTESIAN_POINT('Ctrl Pts',(-8.25547976267596,1.45584059542517,-15.7938635042931));
#4149=CARTESIAN_POINT('Ctrl Pts',(-8.05198705747593,-8.25135084045677,-13.543267691838));
#4150=CARTESIAN_POINT('Ctrl Pts',(-7.84849090934222,-14.7046886437497,-5.94575438435835));
#4151=CARTESIAN_POINT('Ctrl Pts',(-7.64499641521618,-15.3464791155661,4.00112469787829));
#4152=CARTESIAN_POINT('Ctrl Pts',(-7.44150267970059,-9.92911075577867,12.3688550273172));
#4153=CARTESIAN_POINT('Ctrl Pts',(-7.23800686160631,-0.590205576547506,
15.8482598028088));
#4154=CARTESIAN_POINT('Ctrl Pts',(-7.03451217373473,8.986777901908,13.0717550711933));
#4155=CARTESIAN_POINT('Ctrl Pts',(-6.84797611992582,14.4993528819776,5.79051320369448));
#4156=CARTESIAN_POINT('Ctrl Pts',(-6.6783961110163,15.2157939774385,-2.30343128998648));
#4157=CARTESIAN_POINT('Ctrl Pts',(-6.5257757199496,12.4425154592163,-9.06237273830268));
#4158=CARTESIAN_POINT('Ctrl Pts',(-6.37315416918254,6.85645990555579,-13.7807983424782));
#4159=CARTESIAN_POINT('Ctrl Pts',(-6.22053349408774,-0.273041532029739,
-15.3892691868115));
#4160=CARTESIAN_POINT('Ctrl Pts',(-6.06791215415266,-7.34125722876789,-13.5288979063667));
#4161=CARTESIAN_POINT('Ctrl Pts',(-5.91529128255298,-12.7559887069781,-8.61504633838943));
#4162=CARTESIAN_POINT('Ctrl Pts',(-5.76267015321295,-15.2883706576176,-1.76239018318337));
#4163=CARTESIAN_POINT('Ctrl Pts',(-5.59309112495345,-14.2839095882743,6.30193092474314));
#4164=CARTESIAN_POINT('Ctrl Pts',(-5.40655362437527,-8.51903026235258,13.3811493794526));
#4165=CARTESIAN_POINT('Ctrl Pts',(-5.20305981981114,1.15489228379101,15.8192853238756));
#4166=CARTESIAN_POINT('Ctrl Pts',(-5.01652251156881,9.5888025615516,12.3223970505545));
#4167=CARTESIAN_POINT('Ctrl Pts',(-4.84694424251195,14.2957266999256,5.6973692595495));
#4168=CARTESIAN_POINT('Ctrl Pts',(-4.69432230236197,15.316472241813,-1.53615657568367));
#4169=CARTESIAN_POINT('Ctrl Pts',(-4.54170203457714,12.8779199980491,-8.43052426176008));
#4170=CARTESIAN_POINT('Ctrl Pts',(-4.38908040121961,7.53807186818074,-13.4196924329692));
#4171=CARTESIAN_POINT('Ctrl Pts',(-4.23645979624217,0.496833484310806,-15.384220730278));
#4172=CARTESIAN_POINT('Ctrl Pts',(-4.08383833115244,-6.6560975735105,-13.8786807747721));
#4173=CARTESIAN_POINT('Ctrl Pts',(-3.93121814280399,-12.3076243002444,-9.24319761224699));
#4174=CARTESIAN_POINT('Ctrl Pts',(-3.77859591303153,-15.1839452304965,-2.52312392434312));
#4175=CARTESIAN_POINT('Ctrl Pts',(-3.62597600875879,-14.6355867484869,4.76601483577734));
#4176=CARTESIAN_POINT('Ctrl Pts',(-3.47335410360357,-10.7868527556174,10.9801194905894));
#4177=CARTESIAN_POINT('Ctrl Pts',(-3.32073332143878,-4.50541436313797,14.7182354073295));
#4178=CARTESIAN_POINT('Ctrl Pts',(-3.16811219803823,2.79312068507024,15.1361870413458));
#4179=CARTESIAN_POINT('Ctrl Pts',(-3.01549111279142,9.4588543661116,12.1427273035756));
#4180=CARTESIAN_POINT('Ctrl Pts',(-2.86287009650888,13.9974948636431,6.40630564258818));
#4181=CARTESIAN_POINT('Ctrl Pts',(-2.71024910519305,15.3672993956334,-0.76601469441341));
#4182=CARTESIAN_POINT('Ctrl Pts',(-2.532190840103,12.9486407156044,-8.95225983387901));
#4183=CARTESIAN_POINT('Ctrl Pts',(-2.32869633312839,5.11810223604934,-15.3227840563605));
#4184=CARTESIAN_POINT('Ctrl Pts',(-2.09976567850017,-6.25035284663084,-14.8938688943071));
#4185=CARTESIAN_POINT('Ctrl Pts',(-1.87083388002418,-14.5107655617097,-7.09056365366549));
#4186=CARTESIAN_POINT('Ctrl Pts',(-1.6419018640628,-15.5902710448253,4.22739863312338));
#4187=CARTESIAN_POINT('Ctrl Pts',(-1.41296913021689,-8.94195263492539,13.448849134412));
#4188=CARTESIAN_POINT('Ctrl Pts',(-1.1840381111125,2.12999601094271,16.0121384764398));
#4189=CARTESIAN_POINT('Ctrl Pts',(-0.955105545565723,12.1560112969856,10.6370528198419));
#4190=CARTESIAN_POINT('Ctrl Pts',(-0.802488469034485,14.8124891684291,3.55092633642758));
#4191=CARTESIAN_POINT('Ctrl Pts',(-0.726181580628156,14.8124891684291,-5.55111512312578E-16));
#4192=CARTESIAN_POINT('Ctrl Pts',(-13.5620298717146,-12.5617872245537,7.96338833548637));
#4193=CARTESIAN_POINT('Ctrl Pts',(-13.4857229833083,-10.652734504212,10.9748126591727));
#4194=CARTESIAN_POINT('Ctrl Pts',(-13.3330949581469,-4.5898390968019,15.556208916225));
#4195=CARTESIAN_POINT('Ctrl Pts',(-13.1041671491167,6.80223244474138,14.7241033096882));
#4196=CARTESIAN_POINT('Ctrl Pts',(-12.8752342774968,14.813837936988,6.59763179935062));
#4197=CARTESIAN_POINT('Ctrl Pts',(-12.6463044224137,15.4937282459078,-4.79658211907919));
#4198=CARTESIAN_POINT('Ctrl Pts',(-12.4173726076479,8.49423647216483,-13.8148119570832));
#4199=CARTESIAN_POINT('Ctrl Pts',(-12.1884409354124,-2.70773799818229,-15.990389427079));
#4200=CARTESIAN_POINT('Ctrl Pts',(-11.9595082151469,-12.5764146605529,-10.2440259284132));
#4201=CARTESIAN_POINT('Ctrl Pts',(-11.7390554955432,-16.0663194930112,0.173532333508472));
#4202=CARTESIAN_POINT('Ctrl Pts',(-11.5270822211429,-12.4329913911145,9.94845800382877));
#4203=CARTESIAN_POINT('Ctrl Pts',(-11.3235883904904,-4.04261051778086,15.4058951606165));
#4204=CARTESIAN_POINT('Ctrl Pts',(-11.1370499353041,5.11054372373845,14.8219538248352));
#4205=CARTESIAN_POINT('Ctrl Pts',(-10.9674723581701,11.7316638589091,10.0554984939151));
#4206=CARTESIAN_POINT('Ctrl Pts',(-10.8148505335495,15.0520199656104,3.51431515661682));
#4207=CARTESIAN_POINT('Ctrl Pts',(-10.6622301349772,14.9734196198683,-3.82783741276289));
#4208=CARTESIAN_POINT('Ctrl Pts',(-10.5096088804271,11.52041492187,-10.3022680448266));
#4209=CARTESIAN_POINT('Ctrl Pts',(-10.3569871987718,5.46788350787069,-14.4565253255317));
#4210=CARTESIAN_POINT('Ctrl Pts',(-10.2298043263833,-0.60247992622418,-15.1981282275925));
#4211=CARTESIAN_POINT('Ctrl Pts',(-10.1280556165211,-5.25510641634802,-14.0647757025376));
#4212=CARTESIAN_POINT('Ctrl Pts',(-10.0263093560093,-9.51094073657212,-11.8697229310002));
#4213=CARTESIAN_POINT('Ctrl Pts',(-9.89912420714982,-13.6076997238068,-7.32893430034169));
#4214=CARTESIAN_POINT('Ctrl Pts',(-9.74650360315889,-15.4535554586582,-0.224401291492488));
#4215=CARTESIAN_POINT('Ctrl Pts',(-9.59388230784345,-13.8146394186181,6.92938628489886));
#4216=CARTESIAN_POINT('Ctrl Pts',(-9.44126144630474,-9.06055143618419,12.5212111927744));
#4217=CARTESIAN_POINT('Ctrl Pts',(-9.28864016974262,-2.26184502531213,15.2886204150663));
#4218=CARTESIAN_POINT('Ctrl Pts',(-9.13601939626976,5.04425908180331,14.60874700677));
#4219=CARTESIAN_POINT('Ctrl Pts',(-8.98339798127544,11.218071952124,10.6331820483896));
#4220=CARTESIAN_POINT('Ctrl Pts',(-8.83077681606097,14.8527137426596,4.26170249461663));
#4221=CARTESIAN_POINT('Ctrl Pts',(-8.66119863846606,15.1876958342584,-3.89079895608748));
#4222=CARTESIAN_POINT('Ctrl Pts',(-8.47466146210919,10.638309707448,-11.8525311785046));
#4223=CARTESIAN_POINT('Ctrl Pts',(-8.27116559580048,1.46142787629365,-15.8587072378298));
#4224=CARTESIAN_POINT('Ctrl Pts',(-8.06767289060043,-8.28553490585156,-13.5986351242623));
#4225=CARTESIAN_POINT('Ctrl Pts',(-7.86417674246673,-14.7651714264238,-5.9697975722348));
#4226=CARTESIAN_POINT('Ctrl Pts',(-7.66068224834068,-15.4093493979923,4.0179155718885));
#4227=CARTESIAN_POINT('Ctrl Pts',(-7.4571885128251,-9.96955332058612,12.4198500427312));
#4228=CARTESIAN_POINT('Ctrl Pts',(-7.25369269473083,-0.592242973505972,
15.9133012601572));
#4229=CARTESIAN_POINT('Ctrl Pts',(-7.05019800685924,9.02397398486566,13.1251728406322));
#4230=CARTESIAN_POINT('Ctrl Pts',(-6.86366195305034,14.5589848594126,5.8139220386956));
#4231=CARTESIAN_POINT('Ctrl Pts',(-6.69408194414081,15.2781727619028,-2.31325288893025));
#4232=CARTESIAN_POINT('Ctrl Pts',(-6.54146155307411,12.4933489663746,-9.09985962390095));
#4233=CARTESIAN_POINT('Ctrl Pts',(-6.38884000230704,6.88425881888921,-13.837510585376));
#4234=CARTESIAN_POINT('Ctrl Pts',(-6.23621932721226,-0.274535789573486,
-15.4524078111308));
#4235=CARTESIAN_POINT('Ctrl Pts',(-6.08359798727716,-7.37170884430556,-13.5842316515067));
#4236=CARTESIAN_POINT('Ctrl Pts',(-5.93097711567749,-12.8085380093097,-8.65008540995311));
#4237=CARTESIAN_POINT('Ctrl Pts',(-5.77835598633746,-15.3511459118875,-1.76925089264642));
#4238=CARTESIAN_POINT('Ctrl Pts',(-5.60877695807796,-14.3423639967005,6.32813803279854));
#4239=CARTESIAN_POINT('Ctrl Pts',(-5.42223945749977,-8.55366399812196,13.4362610087604));
#4240=CARTESIAN_POINT('Ctrl Pts',(-5.21874565293565,1.16001560434756,15.8841667781995));
#4241=CARTESIAN_POINT('Ctrl Pts',(-5.03220834469331,9.62844931829242,12.3727249155191));
#4242=CARTESIAN_POINT('Ctrl Pts',(-4.86263007563646,14.3545205155574,5.72040266876587));
#4243=CARTESIAN_POINT('Ctrl Pts',(-4.71000813548649,15.3792840463994,-1.54283699714267));
#4244=CARTESIAN_POINT('Ctrl Pts',(-4.55738786770165,12.9305543080172,-8.46542617769206));
#4245=CARTESIAN_POINT('Ctrl Pts',(-4.40476623434413,7.56867774064268,-13.4749417455921));
#4246=CARTESIAN_POINT('Ctrl Pts',(-4.25214562936667,0.498496027000824,-15.4473549180725));
#4247=CARTESIAN_POINT('Ctrl Pts',(-4.09952416427695,-6.68374238728031,-13.9354699843485));
#4248=CARTESIAN_POINT('Ctrl Pts',(-3.94690397592849,-12.3583516034981,-9.28082236963234));
#4249=CARTESIAN_POINT('Ctrl Pts',(-3.79428174615604,-15.2463092402018,-2.53310798722722));
#4250=CARTESIAN_POINT('Ctrl Pts',(-3.6416618418833,-14.6955245114179,4.78592310486704));
#4251=CARTESIAN_POINT('Ctrl Pts',(-3.48903993672809,-10.8308447043535,11.0254398084904));
#4252=CARTESIAN_POINT('Ctrl Pts',(-3.33641915456329,-4.52354454390592,14.7787344441367));
#4253=CARTESIAN_POINT('Ctrl Pts',(-3.18379803116274,2.80494974332798,15.1982273425546));
#4254=CARTESIAN_POINT('Ctrl Pts',(-3.03117694591593,9.49796082472929,12.1923211322149));
#4255=CARTESIAN_POINT('Ctrl Pts',(-2.87855592963339,14.0550851657208,6.43225203566548));
#4256=CARTESIAN_POINT('Ctrl Pts',(-2.72593493831756,15.4303363017362,-0.769530759804615));
#4257=CARTESIAN_POINT('Ctrl Pts',(-2.54787667322751,13.0015530451004,-8.98930926692043));
#4258=CARTESIAN_POINT('Ctrl Pts',(-2.34438216625291,5.13873126221958,-15.385780623234));
#4259=CARTESIAN_POINT('Ctrl Pts',(-2.11545151162468,-6.27636160749867,-14.9548289539));
#4260=CARTESIAN_POINT('Ctrl Pts',(-1.88651971314869,-14.5704782333787,-7.11930733513676));
#4261=CARTESIAN_POINT('Ctrl Pts',(-1.65758769718731,-15.654138871384,4.24512783832723));
#4262=CARTESIAN_POINT('Ctrl Pts',(-1.4286549633414,-8.97831597415266,13.5042409340955));
#4263=CARTESIAN_POINT('Ctrl Pts',(-1.19972394423702,2.13912371628809,16.0778054307627));
#4264=CARTESIAN_POINT('Ctrl Pts',(-0.970791378690232,12.2061507625719,10.6803664876147));
#4265=CARTESIAN_POINT('Ctrl Pts',(-0.818174302158996,14.8733508042347,3.56519173945966));
#4266=CARTESIAN_POINT('Ctrl Pts',(-0.741867413752667,14.8732663503068,-0.000359934433319532));
#4267=CARTESIAN_POINT('Ctrl Pts',(-13.6313520585821,-12.6411604461297,8.01551418748636));
#4268=CARTESIAN_POINT('Ctrl Pts',(-13.5550451701758,-10.7196508664452,11.0459003002134));
#4269=CARTESIAN_POINT('Ctrl Pts',(-13.4024171450144,-4.61751374707028,15.6560278719979));
#4270=CARTESIAN_POINT('Ctrl Pts',(-13.1734893359842,6.84715384138879,14.8173765794583));
#4271=CARTESIAN_POINT('Ctrl Pts',(-12.9445564643643,14.9090872454424,6.63823760999614));
#4272=CARTESIAN_POINT('Ctrl Pts',(-12.7156266092812,15.5921375958994,-4.82879780502977));
#4273=CARTESIAN_POINT('Ctrl Pts',(-12.4866947945154,8.54704321515781,-13.9038692640366));
#4274=CARTESIAN_POINT('Ctrl Pts',(-12.2577631222799,-2.72666580124608,-16.0921884519573));
#4275=CARTESIAN_POINT('Ctrl Pts',(-12.0288304020144,-12.6577487313319,-10.3081276151537));
#4276=CARTESIAN_POINT('Ctrl Pts',(-11.8083776824107,-16.1688620641214,0.176290161639438));
#4277=CARTESIAN_POINT('Ctrl Pts',(-11.5964044080104,-12.5113359989588,10.0132429700176));
#4278=CARTESIAN_POINT('Ctrl Pts',(-11.392910577358,-4.06683480155522,15.5046548886073));
#4279=CARTESIAN_POINT('Ctrl Pts',(-11.2063721221716,5.14468737328293,14.9160445373203));
#4280=CARTESIAN_POINT('Ctrl Pts',(-11.0367945450376,11.8075881443202,10.1184869577188));
#4281=CARTESIAN_POINT('Ctrl Pts',(-10.884172720417,15.1484645304446,3.53519678742244));
#4282=CARTESIAN_POINT('Ctrl Pts',(-10.7315523218447,15.068613334007,-3.85380562339829));
#4283=CARTESIAN_POINT('Ctrl Pts',(-10.5789310672945,11.5928956038585,-10.3692170766518));
#4284=CARTESIAN_POINT('Ctrl Pts',(-10.4263093856393,5.50130825211148,-14.549370903212));
#4285=CARTESIAN_POINT('Ctrl Pts',(-10.2991265132508,-0.607894488027472,
-15.2950842840812));
#4286=CARTESIAN_POINT('Ctrl Pts',(-10.1973778033886,-5.29009681857516,-14.1540192835198));
#4287=CARTESIAN_POINT('Ctrl Pts',(-10.0956315428768,-9.57286688146112,-11.9445218242057));
#4288=CARTESIAN_POINT('Ctrl Pts',(-9.96844639401735,-13.6953213289146,-7.3743195806392));
#4289=CARTESIAN_POINT('Ctrl Pts',(-9.81582579002638,-15.5522258130291,-0.224247825337124));
#4290=CARTESIAN_POINT('Ctrl Pts',(-9.66320449471098,-13.9021152742923,6.97503911583173));
#4291=CARTESIAN_POINT('Ctrl Pts',(-9.51058363317224,-9.11710429131453,12.6020723114431));
#4292=CARTESIAN_POINT('Ctrl Pts',(-9.35796235661014,-2.27471335066731,15.3864468526797));
#4293=CARTESIAN_POINT('Ctrl Pts',(-9.20534158313726,5.07795841821309,14.7014887142855));
#4294=CARTESIAN_POINT('Ctrl Pts',(-9.05272016814296,11.2907772630374,10.6999009083614));
#4295=CARTESIAN_POINT('Ctrl Pts',(-8.90009900292848,14.9479649331426,4.28738787167462));
#4296=CARTESIAN_POINT('Ctrl Pts',(-8.73052082533356,15.2842457010424,-3.91719792448189));
#4297=CARTESIAN_POINT('Ctrl Pts',(-8.54398364897671,10.7050035650427,-11.9292864819779));
#4298=CARTESIAN_POINT('Ctrl Pts',(-8.34048778266799,1.46913220427595,-15.9600885730603));
#4299=CARTESIAN_POINT('Ctrl Pts',(-8.13699507746793,-8.33982534977168,-13.6845962861794));
#4300=CARTESIAN_POINT('Ctrl Pts',(-7.93349892933425,-14.8600362962576,-6.00638483061728));
#4301=CARTESIAN_POINT('Ctrl Pts',(-7.73000443520818,-15.5073067291066,4.04514573522988));
#4302=CARTESIAN_POINT('Ctrl Pts',(-7.52651069969261,-10.0319167920425,12.5001542844822));
#4303=CARTESIAN_POINT('Ctrl Pts',(-7.32301488159833,-0.594388576878239,
16.014947999503));
#4304=CARTESIAN_POINT('Ctrl Pts',(-7.11952019372675,9.08292155571911,13.2080317669254));
#4305=CARTESIAN_POINT('Ctrl Pts',(-6.93298413991784,14.6525237586893,5.84953867673748));
#4306=CARTESIAN_POINT('Ctrl Pts',(-6.76340413100832,15.3754629295033,-2.329587886309));
#4307=CARTESIAN_POINT('Ctrl Pts',(-6.61078373994161,12.5721675212248,-9.15923241038133));
#4308=CARTESIAN_POINT('Ctrl Pts',(-6.45816218917456,6.92678375878448,-13.9265500038886));
#4309=CARTESIAN_POINT('Ctrl Pts',(-6.30554151407976,-0.277874998196665,
-15.5510213578713));
#4310=CARTESIAN_POINT('Ctrl Pts',(-6.15292017414468,-7.42016127068017,-13.6701903244932));
#4311=CARTESIAN_POINT('Ctrl Pts',(-6.00029930254499,-12.8911911440082,-8.70398910288043));
#4312=CARTESIAN_POINT('Ctrl Pts',(-5.84767817320497,-15.4493212646653,-1.77896775539512));
#4313=CARTESIAN_POINT('Ctrl Pts',(-5.67809914494546,-14.433272971924,6.3700042185626));
#4314=CARTESIAN_POINT('Ctrl Pts',(-5.49156164436729,-8.60688241461056,13.5229120460726));
#4315=CARTESIAN_POINT('Ctrl Pts',(-5.28806783980316,1.16905139857252,15.9854458300299));
#4316=CARTESIAN_POINT('Ctrl Pts',(-5.10153053156083,9.69118021369244,12.4507191627371));
#4317=CARTESIAN_POINT('Ctrl Pts',(-4.93195226250397,14.44674511754,5.75544079588881));
#4318=CARTESIAN_POINT('Ctrl Pts',(-4.77933032235399,15.4772970217226,-1.55425790141145));
#4319=CARTESIAN_POINT('Ctrl Pts',(-4.62671005456916,13.0122304624632,-8.52079798773264));
#4320=CARTESIAN_POINT('Ctrl Pts',(-4.47408842121163,7.61560702861415,-13.5617339013979));
#4321=CARTESIAN_POINT('Ctrl Pts',(-4.32146781623419,0.500095195287122,-15.5460189574587));
#4322=CARTESIAN_POINT('Ctrl Pts',(-4.16884635114445,-6.7278446567698,-14.0237364731248));
#4323=CARTESIAN_POINT('Ctrl Pts',(-4.01622616279601,-12.4381922882645,-9.33880231604499));
#4324=CARTESIAN_POINT('Ctrl Pts',(-3.86360393302355,-15.3438955279493,-2.54771262568991));
#4325=CARTESIAN_POINT('Ctrl Pts',(-3.71098402875082,-14.7888420522489,4.81798791137563));
#4326=CARTESIAN_POINT('Ctrl Pts',(-3.55836212359559,-10.8988548214213,11.0969273931958));
#4327=CARTESIAN_POINT('Ctrl Pts',(-3.4057413414308,-4.55090182592132,14.8735434074049));
#4328=CARTESIAN_POINT('Ctrl Pts',(-3.25312021803024,2.82441518131045,15.2949566033528));
#4329=CARTESIAN_POINT('Ctrl Pts',(-3.10049913278345,9.55984399469574,12.2691771094775));
#4330=CARTESIAN_POINT('Ctrl Pts',(-2.9478781165009,14.1454672889518,6.47186946319413));
#4331=CARTESIAN_POINT('Ctrl Pts',(-2.79525712518508,15.5287575618947,-0.776028133286692));
#4332=CARTESIAN_POINT('Ctrl Pts',(-2.61719886009502,13.0836279340028,-9.04802566816602));
#4333=CARTESIAN_POINT('Ctrl Pts',(-2.41370435312041,5.16995393327454,-15.4845250321599));
#4334=CARTESIAN_POINT('Ctrl Pts',(-2.18477369849219,-6.31796228231713,-15.0496507269049));
#4335=CARTESIAN_POINT('Ctrl Pts',(-1.95584190001619,-14.6642213808332,-7.16325478812784));
#4336=CARTESIAN_POINT('Ctrl Pts',(-1.72690988405482,-15.7536317548509,4.27382806759423));
#4337=CARTESIAN_POINT('Ctrl Pts',(-1.49797715020891,-9.03424385299945,13.5913804818749));
#4338=CARTESIAN_POINT('Ctrl Pts',(-1.26904613110452,2.15443142536724,16.1801952695794));
#4339=CARTESIAN_POINT('Ctrl Pts',(-1.04011356555774,12.2851631253489,10.7473433568784));
#4340=CARTESIAN_POINT('Ctrl Pts',(-0.887496489026505,14.9686665089681,3.58634676876019));
#4341=CARTESIAN_POINT('Ctrl Pts',(-0.811189600620176,14.9682130377921,-0.00188940677118897));
#4342=CARTESIAN_POINT('Ctrl Pts',(-13.7412858359577,-12.6667310930403,8.03454569022218));
#4343=CARTESIAN_POINT('Ctrl Pts',(-13.6649789475514,-10.740637121077,11.0710970013627));
#4344=CARTESIAN_POINT('Ctrl Pts',(-13.51235092239,-4.62484645725651,15.6899873731321));
#4345=CARTESIAN_POINT('Ctrl Pts',(-13.2834231133597,6.86405803806268,14.8477665455648));
#4346=CARTESIAN_POINT('Ctrl Pts',(-13.0544902417399,14.9418011303813,6.64995939436214));
#4347=CARTESIAN_POINT('Ctrl Pts',(-12.8255603866568,15.6244847466784,-4.84152858621041));
#4348=CARTESIAN_POINT('Ctrl Pts',(-12.596628571891,8.56298313098655,-13.9347570312879));
#4349=CARTESIAN_POINT('Ctrl Pts',(-12.3676968996555,-2.73501422175715,-16.1259291361221));
#4350=CARTESIAN_POINT('Ctrl Pts',(-12.13876417939,-12.6862687786669,-10.3280068168362));
#4351=CARTESIAN_POINT('Ctrl Pts',(-11.9183114597863,-16.2031717691158,0.179234844306022));
#4352=CARTESIAN_POINT('Ctrl Pts',(-11.706338185386,-12.5363147605545,10.0364961541882));
#4353=CARTESIAN_POINT('Ctrl Pts',(-11.5028443547336,-4.07300666605643,15.5382285261745));
#4354=CARTESIAN_POINT('Ctrl Pts',(-11.3163058995472,5.15798541908848,14.9469045200115));
#4355=CARTESIAN_POINT('Ctrl Pts',(-11.1467283224132,11.8342713818648,10.1380967053602));
#4356=CARTESIAN_POINT('Ctrl Pts',(-10.9941064977926,15.1811983427417,3.54029977440284));
#4357=CARTESIAN_POINT('Ctrl Pts',(-10.8414860992203,15.1000001318294,-3.86438791501587));
#4358=CARTESIAN_POINT('Ctrl Pts',(-10.6888648446702,11.6158684140606,-10.3930806897476));
#4359=CARTESIAN_POINT('Ctrl Pts',(-10.5362431630149,5.51067585013917,-14.5811438695949));
#4360=CARTESIAN_POINT('Ctrl Pts',(-10.4090602906264,-0.611612714230947,
-15.3274700093747));
#4361=CARTESIAN_POINT('Ctrl Pts',(-10.3073115807642,-5.3035816022969,-14.1832372097118));
#4362=CARTESIAN_POINT('Ctrl Pts',(-10.2055653202524,-9.59509902342877,-11.9683640322968));
#4363=CARTESIAN_POINT('Ctrl Pts',(-10.0783801713929,-13.7255765392149,-7.38780435998868));
#4364=CARTESIAN_POINT('Ctrl Pts',(-9.92575956740199,-15.5852904198704,-0.222251122101974));
#4365=CARTESIAN_POINT('Ctrl Pts',(-9.77313827208659,-13.9305298525047,6.99206201323308));
#4366=CARTESIAN_POINT('Ctrl Pts',(-9.62051741054784,-9.13446283272112,12.6302842478145));
#4367=CARTESIAN_POINT('Ctrl Pts',(-9.46789613398576,-2.27709826389017,15.4194855273428));
#4368=CARTESIAN_POINT('Ctrl Pts',(-9.31527536051287,5.09108018776704,14.7319008476678));
#4369=CARTESIAN_POINT('Ctrl Pts',(-9.16265394551856,11.3164553805609,10.7208329848883));
#4370=CARTESIAN_POINT('Ctrl Pts',(-9.0100327803041,14.9803911904927,4.29411354384446));
#4371=CARTESIAN_POINT('Ctrl Pts',(-8.84045460270917,15.3160832771288,-3.92794549639425));
#4372=CARTESIAN_POINT('Ctrl Pts',(-8.65391742635232,10.7258409527357,-11.9563216588035));
#4373=CARTESIAN_POINT('Ctrl Pts',(-8.45042156004358,1.46971289216844,-15.9942184993456));
#4374=CARTESIAN_POINT('Ctrl Pts',(-8.24692885484356,-8.35971053335077,-13.7123301290336));
#4375=CARTESIAN_POINT('Ctrl Pts',(-8.04343270670985,-14.8925508044487,-6.01678093054539));
#4376=CARTESIAN_POINT('Ctrl Pts',(-7.83993821258379,-15.5395946216914,4.05620205007493));
#4377=CARTESIAN_POINT('Ctrl Pts',(-7.63644447706823,-10.0512356083104,12.5282969596807));
#4378=CARTESIAN_POINT('Ctrl Pts',(-7.43294865897394,-0.593105436055531,
16.0490521029009));
#4379=CARTESIAN_POINT('Ctrl Pts',(-7.22945397110236,9.10431353624614,13.2346374687232));
#4380=CARTESIAN_POINT('Ctrl Pts',(-7.04291791729346,14.6845692206919,5.85963299988483));
#4381=CARTESIAN_POINT('Ctrl Pts',(-6.87333790838393,15.4077461731423,-2.3369799154712));
#4382=CARTESIAN_POINT('Ctrl Pts',(-6.72071751731723,12.5974104024814,-9.18068228742753));
#4383=CARTESIAN_POINT('Ctrl Pts',(-6.56809596655016,6.93928028890731,-13.9572270135592));
#4384=CARTESIAN_POINT('Ctrl Pts',(-6.41547529145537,-0.280937375279629,
-15.5840026457311));
#4385=CARTESIAN_POINT('Ctrl Pts',(-6.26285395152029,-7.43809279752902,-13.698042104857));
#4386=CARTESIAN_POINT('Ctrl Pts',(-6.11023307992061,-12.9199513998527,-8.72042403799848));
#4387=CARTESIAN_POINT('Ctrl Pts',(-5.95761195058058,-15.4824144654108,-1.7802901552926));
#4388=CARTESIAN_POINT('Ctrl Pts',(-5.78803292232108,-14.4629103015763,6.38582808747869));
#4389=CARTESIAN_POINT('Ctrl Pts',(-5.60149542174289,-8.6230135748943,13.5529981430445));
#4390=CARTESIAN_POINT('Ctrl Pts',(-5.39800161717877,1.17407556620511,16.0192078780399));
#4391=CARTESIAN_POINT('Ctrl Pts',(-5.21146430893643,9.71374252837565,12.4756195166435));
#4392=CARTESIAN_POINT('Ctrl Pts',(-5.04188603987958,14.4783383634582,5.76536936693758));
#4393=CARTESIAN_POINT('Ctrl Pts',(-4.8892640997296,15.5099206495216,-1.56002308078474));
#4394=CARTESIAN_POINT('Ctrl Pts',(-4.73664383194477,13.0385086293622,-8.54095975991643));
#4395=CARTESIAN_POINT('Ctrl Pts',(-4.58402219858724,7.62962540030338,-13.5917473400106));
#4396=CARTESIAN_POINT('Ctrl Pts',(-4.43140159360979,0.498684121554308,-15.5791114360031));
#4397=CARTESIAN_POINT('Ctrl Pts',(-4.27878012852007,-6.74435923732573,-14.0524519056536));
#4398=CARTESIAN_POINT('Ctrl Pts',(-4.12615994017162,-12.4660932344192,-9.35665538295833));
#4399=CARTESIAN_POINT('Ctrl Pts',(-3.97353771039916,-15.3768861013192,-2.55068391290867));
#4400=CARTESIAN_POINT('Ctrl Pts',(-3.82091780612643,-14.8194836135197,4.83056846989617));
#4401=CARTESIAN_POINT('Ctrl Pts',(-3.6682959009712,-10.9202348842681,11.122229843021));
#4402=CARTESIAN_POINT('Ctrl Pts',(-3.51567511880641,-4.55820287551483,14.9058519086147));
#4403=CARTESIAN_POINT('Ctrl Pts',(-3.36305399540586,2.83284534478257,15.3269902521041));
#4404=CARTESIAN_POINT('Ctrl Pts',(-3.21043291015905,9.5820964867114,12.2937128805732));
#4405=CARTESIAN_POINT('Ctrl Pts',(-3.05781189387651,14.1765367707262,6.48336496273028));
#4406=CARTESIAN_POINT('Ctrl Pts',(-2.90519090256068,15.5616126864109,-0.780144579897968));
#4407=CARTESIAN_POINT('Ctrl Pts',(-2.72713263747063,13.1099741937347,-9.06932222386547));
#4408=CARTESIAN_POINT('Ctrl Pts',(-2.52363813049602,5.17847214527709,-15.5182310150713));
#4409=CARTESIAN_POINT('Ctrl Pts',(-2.2947074758678,-6.33377250492709,-15.0806065615985));
#4410=CARTESIAN_POINT('Ctrl Pts',(-2.06577567739181,-14.6965022587557,-7.17613769066396));
#4411=CARTESIAN_POINT('Ctrl Pts',(-1.83684366143043,-15.7864083632156,4.28541221491955));
#4412=CARTESIAN_POINT('Ctrl Pts',(-1.60791092758452,-9.05126880598114,13.621673927928));
#4413=CARTESIAN_POINT('Ctrl Pts',(-1.37897990848014,2.16157854253753,16.2142276767588));
#4414=CARTESIAN_POINT('Ctrl Pts',(-1.15004734293335,12.3129626177515,10.7681865276938));
#4415=CARTESIAN_POINT('Ctrl Pts',(-0.997430266402115,15.0010240592331,3.59162475287122));
#4416=CARTESIAN_POINT('Ctrl Pts',(-0.921123377995785,14.9999994257649,-0.00427302155844738));
#4417=CARTESIAN_POINT('Ctrl Pts',(-13.7883521855151,-12.6661869851215,8.03540336622485));
#4418=CARTESIAN_POINT('Ctrl Pts',(-13.7120452971087,-10.7398986272025,11.0718070682743));
#4419=CARTESIAN_POINT('Ctrl Pts',(-13.5594172719474,-4.62377598868103,15.6903111064258));
#4420=CARTESIAN_POINT('Ctrl Pts',(-13.3304894629171,6.86505941149499,14.8472957860227));
#4421=CARTESIAN_POINT('Ctrl Pts',(-13.1015565912972,14.9422526713031,6.64895006358757));
#4422=CARTESIAN_POINT('Ctrl Pts',(-12.8726267362142,15.6241552578074,-4.84258776177046));
#4423=CARTESIAN_POINT('Ctrl Pts',(-12.6436949214483,8.56203968765603,-13.935335547311));
#4424=CARTESIAN_POINT('Ctrl Pts',(-12.4147632492129,-2.73610627526747,-16.1257435735821));
#4425=CARTESIAN_POINT('Ctrl Pts',(-12.1858305289474,-12.6869675006015,-10.3271472415165));
#4426=CARTESIAN_POINT('Ctrl Pts',(-11.9653778093437,-16.2031589019741,0.180332091751832));
#4427=CARTESIAN_POINT('Ctrl Pts',(-11.7534045349434,-12.5356344010196,10.0373450166116));
#4428=CARTESIAN_POINT('Ctrl Pts',(-11.5499107042909,-4.07195432585744,15.5385036489194));
#4429=CARTESIAN_POINT('Ctrl Pts',(-11.3633722491046,5.15899679243903,14.94655422953));
#4430=CARTESIAN_POINT('Ctrl Pts',(-11.1937946719706,11.8349578818368,10.1372957398647));
#4431=CARTESIAN_POINT('Ctrl Pts',(-11.04117284735,15.18143681811,3.53926990479252));
#4432=CARTESIAN_POINT('Ctrl Pts',(-10.8885524487777,15.0997386311102,-3.86540903248803));
#4433=CARTESIAN_POINT('Ctrl Pts',(-10.7359311942276,11.6151633997121,-10.393866972661));
#4434=CARTESIAN_POINT('Ctrl Pts',(-10.5833095125722,5.50968949287101,-14.5815164028648));
#4435=CARTESIAN_POINT('Ctrl Pts',(-10.4561266401838,-0.612652682777903,
-15.3274277291905));
#4436=CARTESIAN_POINT('Ctrl Pts',(-10.3543779303216,-5.30454171948365,-14.1828773963291));
#4437=CARTESIAN_POINT('Ctrl Pts',(-10.2526316698098,-9.5959073616006,-11.9677150186028));
#4438=CARTESIAN_POINT('Ctrl Pts',(-10.1254465209503,-13.7260770580454,-7.38687401076806));
#4439=CARTESIAN_POINT('Ctrl Pts',(-9.97282591695938,-15.5853043923391,-0.221196033728915));
#4440=CARTESIAN_POINT('Ctrl Pts',(-9.82020462164395,-13.9300559698584,6.99300501824385));
#4441=CARTESIAN_POINT('Ctrl Pts',(-9.66758376010522,-9.13360716642735,12.6309024141183));
#4442=CARTESIAN_POINT('Ctrl Pts',(-9.51496248354312,-2.27605396797919,15.4196385641649));
#4443=CARTESIAN_POINT('Ctrl Pts',(-9.36234171007025,5.09207725694129,14.7315564748765));
#4444=CARTESIAN_POINT('Ctrl Pts',(-9.20972029507593,11.3171813111799,10.7200643859988));
#4445=CARTESIAN_POINT('Ctrl Pts',(-9.05709912986147,14.9806814403744,4.29310048167837));
#4446=CARTESIAN_POINT('Ctrl Pts',(-8.88752095226654,15.3158159902696,-3.92898299992776));
#4447=CARTESIAN_POINT('Ctrl Pts',(-8.70098377590968,10.7250310069525,-11.9570478161644));
#4448=CARTESIAN_POINT('Ctrl Pts',(-8.49748790960097,1.46863081985322,-15.9943163293652));
#4449=CARTESIAN_POINT('Ctrl Pts',(-8.29399520440092,-8.36063946963055,-13.7117645308115));
#4450=CARTESIAN_POINT('Ctrl Pts',(-8.09049905626723,-14.8929568096862,-6.01577088743442));
#4451=CARTESIAN_POINT('Ctrl Pts',(-7.88700456214116,-15.5393201604393,4.05725394443261));
#4452=CARTESIAN_POINT('Ctrl Pts',(-7.6835108266256,-10.0503861886597,12.528976334933));
#4453=CARTESIAN_POINT('Ctrl Pts',(-7.4800150085313,-0.59201838721512,16.0490921546059));
#4454=CARTESIAN_POINT('Ctrl Pts',(-7.27652032065974,9.10520788134406,13.2340204957645));
#4455=CARTESIAN_POINT('Ctrl Pts',(-7.08998426685082,14.6849662938029,5.85863783750793));
#4456=CARTESIAN_POINT('Ctrl Pts',(-6.9204042579413,15.4075868448787,-2.33802293577341));
#4457=CARTESIAN_POINT('Ctrl Pts',(-6.7677838668746,12.5967884082843,-9.18153499860677));
#4458=CARTESIAN_POINT('Ctrl Pts',(-6.61516231610753,6.93833481432208,-13.9576962315663));
#4459=CARTESIAN_POINT('Ctrl Pts',(-6.46254164101274,-0.281992604432305,
-15.5839830015379));
#4460=CARTESIAN_POINT('Ctrl Pts',(-6.30992030107766,-7.43901993833672,-13.697537784187));
#4461=CARTESIAN_POINT('Ctrl Pts',(-6.15729942947797,-12.9205415227649,-8.71954892987121));
#4462=CARTESIAN_POINT('Ctrl Pts',(-6.00467830013795,-15.4825339486345,-1.77924147366541));
#4463=CARTESIAN_POINT('Ctrl Pts',(-5.83509927187845,-14.4624781740775,6.38680647427829));
#4464=CARTESIAN_POINT('Ctrl Pts',(-5.64856177130027,-8.6220941847612,13.5535817629721));
#4465=CARTESIAN_POINT('Ctrl Pts',(-5.44506796673613,1.17516015666216,16.0191278115814));
#4466=CARTESIAN_POINT('Ctrl Pts',(-5.25853065849381,9.71458595948395,12.4749614727814));
#4467=CARTESIAN_POINT('Ctrl Pts',(-5.08895238943695,14.4787291705712,5.76438749674607));
#4468=CARTESIAN_POINT('Ctrl Pts',(-4.93633044928697,15.5098135376712,-1.56107131013769));
#4469=CARTESIAN_POINT('Ctrl Pts',(-4.78371018150214,13.0379302904854,-8.54184347109128));
#4470=CARTESIAN_POINT('Ctrl Pts',(-4.63108854814461,7.62870416945574,-13.5922624828212));
#4471=CARTESIAN_POINT('Ctrl Pts',(-4.47846794316717,0.497629989442246,-15.579145517289));
#4472=CARTESIAN_POINT('Ctrl Pts',(-4.32584647807744,-6.74531180012716,-14.0519931538373));
#4473=CARTESIAN_POINT('Ctrl Pts',(-4.17322628972899,-12.4667255918478,-9.35581199766746));
#4474=CARTESIAN_POINT('Ctrl Pts',(-4.02060405995652,-15.377058226279,-2.54964255589676));
#4475=CARTESIAN_POINT('Ctrl Pts',(-3.8679841556838,-14.8191555737399,4.83157293349009));
#4476=CARTESIAN_POINT('Ctrl Pts',(-3.71536225052857,-10.9194821047655,11.1229671791187));
#4477=CARTESIAN_POINT('Ctrl Pts',(-3.56274146836378,-4.55719290132482,14.9061607939006));
#4478=CARTESIAN_POINT('Ctrl Pts',(-3.41012034496323,2.83388283930954,15.3267973308394));
#4479=CARTESIAN_POINT('Ctrl Pts',(-3.25749925971642,9.58292861190029,12.2930637008571));
#4480=CARTESIAN_POINT('Ctrl Pts',(-3.10487824343388,14.1769751680528,6.48240472065753));
#4481=CARTESIAN_POINT('Ctrl Pts',(-2.95225725211806,15.5615590831251,-0.78119842323685));
#4482=CARTESIAN_POINT('Ctrl Pts',(-2.774198987028,13.1093599717063,-9.07020889496112));
#4483=CARTESIAN_POINT('Ctrl Pts',(-2.5707044800534,5.17742088083899,-15.5185811243884));
#4484=CARTESIAN_POINT('Ctrl Pts',(-2.34177382542517,-6.33479325722755,-15.080177312975));
#4485=CARTESIAN_POINT('Ctrl Pts',(-2.11284202694918,-14.6969876224072,-7.17514142830549));
#4486=CARTESIAN_POINT('Ctrl Pts',(-1.8839100109878,-15.7861174386359,4.28647930477041));
#4487=CARTESIAN_POINT('Ctrl Pts',(-1.65497727714189,-9.05034611976665,13.62228952515));
#4488=CARTESIAN_POINT('Ctrl Pts',(-1.4260462580375,2.16267648695947,16.2140741178064));
#4489=CARTESIAN_POINT('Ctrl Pts',(-1.19711369249072,12.3136910033046,10.7673660191883));
#4490=CARTESIAN_POINT('Ctrl Pts',(-1.04449661595948,15.0012669090293,3.59058844811505));
#4491=CARTESIAN_POINT('Ctrl Pts',(-0.968189727553155,14.9999990676449,-0.00528872891027626));
#4492=CARTESIAN_POINT('',(-13.7883521855151,-12.6661869851219,8.03540336622419));
#4493=CARTESIAN_POINT('Ctrl Pts',(-11.9052864607028,-14.7087136436195,2.94845794780866));
#4494=CARTESIAN_POINT('Ctrl Pts',(-11.9224906198343,-14.8698508402821,2.15397578185243));
#4495=CARTESIAN_POINT('Ctrl Pts',(-12.0160052252394,-15.3956583877319,-2.23273193021544));
#4496=CARTESIAN_POINT('Ctrl Pts',(-12.1858305289474,-12.6869675006015,-10.3271472415165));
#4497=CARTESIAN_POINT('Ctrl Pts',(-12.4147632492129,-2.73610627526747,-16.1257435735821));
#4498=CARTESIAN_POINT('Ctrl Pts',(-12.6436949214483,8.56203968765603,-13.935335547311));
#4499=CARTESIAN_POINT('Ctrl Pts',(-12.8726267362142,15.6241552578074,-4.84258776177046));
#4500=CARTESIAN_POINT('Ctrl Pts',(-13.1015565912972,14.9422526713031,6.64895006358757));
#4501=CARTESIAN_POINT('Ctrl Pts',(-13.3304894629171,6.86505941149499,14.8472957860227));
#4502=CARTESIAN_POINT('Ctrl Pts',(-13.5594172719474,-4.62377598868103,15.6903111064258));
#4503=CARTESIAN_POINT('Ctrl Pts',(-13.7120452971087,-10.7398986272025,11.0718070682743));
#4504=CARTESIAN_POINT('Ctrl Pts',(-13.7883521855151,-12.6661869851215,8.03540336622485));
#4505=CARTESIAN_POINT('',(-13.5463440385901,-12.5106474457785,7.93054448649439));
#4506=CARTESIAN_POINT('Origin',(-13.7883521855151,-12.4550838687028,7.90147997678777));
#4507=CARTESIAN_POINT('',(-0.726181580628156,14.8124891684291,-2.77555756156289E-16));
#4508=CARTESIAN_POINT('Ctrl Pts',(-13.5463440385901,-12.5106474457785,7.93054448649439));
#4509=CARTESIAN_POINT('Ctrl Pts',(-13.4700371501837,-10.609496399584,10.9296614475829));
#4510=CARTESIAN_POINT('Ctrl Pts',(-13.3174091250224,-4.57143813079888,15.4925600440521));
#4511=CARTESIAN_POINT('Ctrl Pts',(-13.0884813159921,6.7740713419001,14.6640831940003));
#4512=CARTESIAN_POINT('Ctrl Pts',(-12.8595484443722,14.753147811695,6.57103548828034));
#4513=CARTESIAN_POINT('Ctrl Pts',(-12.6306185892892,15.4305271408797,-4.77661168979335));
#4514=CARTESIAN_POINT('Ctrl Pts',(-12.4016867745234,8.45985941040731,-13.7581518518275));
#4515=CARTESIAN_POINT('Ctrl Pts',(-12.1727551022879,-2.6962882320575,-15.9251117867956));
#4516=CARTESIAN_POINT('Ctrl Pts',(-11.9438223820224,-12.5247748185181,-10.2024670871157));
#4517=CARTESIAN_POINT('Ctrl Pts',(-11.7233696624187,-16.0006695077895,0.17243627421042));
#4518=CARTESIAN_POINT('Ctrl Pts',(-11.5113963880184,-12.382423896094,9.90750575282811));
#4519=CARTESIAN_POINT('Ctrl Pts',(-11.3079025573659,-4.02646181563423,15.3428424288789));
#4520=CARTESIAN_POINT('Ctrl Pts',(-11.1213641021795,5.08930128300748,14.7615068218698));
#4521=CARTESIAN_POINT('Ctrl Pts',(-10.9517865250456,11.6834820889568,10.0146922300437));
#4522=CARTESIAN_POINT('Ctrl Pts',(-10.799164700425,14.990424680289,3.50031204565362));
#4523=CARTESIAN_POINT('Ctrl Pts',(-10.6465443018527,14.9123259042721,-3.8118310486752));
#4524=CARTESIAN_POINT('Ctrl Pts',(-10.4939230473025,11.4735836352956,-10.2598913895347));
#4525=CARTESIAN_POINT('Ctrl Pts',(-10.3413013656473,5.44589096815766,-14.3973176906077));
#4526=CARTESIAN_POINT('Ctrl Pts',(-10.2141184932587,-0.599657426306563,
-15.1360361837495));
#4527=CARTESIAN_POINT('Ctrl Pts',(-10.1123697833966,-5.23329267715397,-14.0074272224305));
#4528=CARTESIAN_POINT('Ctrl Pts',(-10.0106235228848,-9.47178414935383,-11.8214502536235));
#4529=CARTESIAN_POINT('Ctrl Pts',(-9.88343837402532,-13.5519184202314,-7.29931136675613));
#4530=CARTESIAN_POINT('Ctrl Pts',(-9.73081777003437,-15.390398861791,-0.223857313988314));
#4531=CARTESIAN_POINT('Ctrl Pts',(-9.57819647471896,-13.7583541415661,6.90073688774261));
#4532=CARTESIAN_POINT('Ctrl Pts',(-9.42557561318022,-9.02382767765786,12.4698261496399));
#4533=CARTESIAN_POINT('Ctrl Pts',(-9.27295433661811,-2.25297023351054,15.2260885373399));
#4534=CARTESIAN_POINT('Ctrl Pts',(-9.12033356314526,5.02329315084781,14.5491734079279));
#4535=CARTESIAN_POINT('Ctrl Pts',(-8.96771214815091,11.1719752259803,10.5899955349646));
#4536=CARTESIAN_POINT('Ctrl Pts',(-8.81509098293649,14.7919164375561,4.24464925183073));
#4537=CARTESIAN_POINT('Ctrl Pts',(-8.64551280534152,15.1257242619767,-3.87453505910811));
#4538=CARTESIAN_POINT('Ctrl Pts',(-8.4589756289847,10.5951228544007,-11.8038411690766));
#4539=CARTESIAN_POINT('Ctrl Pts',(-8.25547976267596,1.45584059542517,-15.7938635042931));
#4540=CARTESIAN_POINT('Ctrl Pts',(-8.05198705747593,-8.25135084045677,-13.543267691838));
#4541=CARTESIAN_POINT('Ctrl Pts',(-7.84849090934222,-14.7046886437497,-5.94575438435835));
#4542=CARTESIAN_POINT('Ctrl Pts',(-7.64499641521618,-15.3464791155661,4.00112469787829));
#4543=CARTESIAN_POINT('Ctrl Pts',(-7.44150267970059,-9.92911075577867,12.3688550273172));
#4544=CARTESIAN_POINT('Ctrl Pts',(-7.23800686160631,-0.590205576547506,
15.8482598028088));
#4545=CARTESIAN_POINT('Ctrl Pts',(-7.03451217373473,8.986777901908,13.0717550711933));
#4546=CARTESIAN_POINT('Ctrl Pts',(-6.84797611992582,14.4993528819776,5.79051320369448));
#4547=CARTESIAN_POINT('Ctrl Pts',(-6.6783961110163,15.2157939774385,-2.30343128998648));
#4548=CARTESIAN_POINT('Ctrl Pts',(-6.5257757199496,12.4425154592163,-9.06237273830268));
#4549=CARTESIAN_POINT('Ctrl Pts',(-6.37315416918254,6.85645990555579,-13.7807983424782));
#4550=CARTESIAN_POINT('Ctrl Pts',(-6.22053349408774,-0.273041532029739,
-15.3892691868115));
#4551=CARTESIAN_POINT('Ctrl Pts',(-6.06791215415266,-7.34125722876789,-13.5288979063667));
#4552=CARTESIAN_POINT('Ctrl Pts',(-5.91529128255298,-12.7559887069781,-8.61504633838943));
#4553=CARTESIAN_POINT('Ctrl Pts',(-5.76267015321295,-15.2883706576176,-1.76239018318337));
#4554=CARTESIAN_POINT('Ctrl Pts',(-5.59309112495345,-14.2839095882743,6.30193092474314));
#4555=CARTESIAN_POINT('Ctrl Pts',(-5.40655362437527,-8.51903026235258,13.3811493794526));
#4556=CARTESIAN_POINT('Ctrl Pts',(-5.20305981981114,1.15489228379101,15.8192853238756));
#4557=CARTESIAN_POINT('Ctrl Pts',(-5.01652251156881,9.5888025615516,12.3223970505545));
#4558=CARTESIAN_POINT('Ctrl Pts',(-4.84694424251195,14.2957266999256,5.6973692595495));
#4559=CARTESIAN_POINT('Ctrl Pts',(-4.69432230236197,15.316472241813,-1.53615657568367));
#4560=CARTESIAN_POINT('Ctrl Pts',(-4.54170203457714,12.8779199980491,-8.43052426176008));
#4561=CARTESIAN_POINT('Ctrl Pts',(-4.38908040121961,7.53807186818074,-13.4196924329692));
#4562=CARTESIAN_POINT('Ctrl Pts',(-4.23645979624217,0.496833484310806,-15.384220730278));
#4563=CARTESIAN_POINT('Ctrl Pts',(-4.08383833115244,-6.6560975735105,-13.8786807747721));
#4564=CARTESIAN_POINT('Ctrl Pts',(-3.93121814280399,-12.3076243002444,-9.24319761224699));
#4565=CARTESIAN_POINT('Ctrl Pts',(-3.77859591303153,-15.1839452304965,-2.52312392434312));
#4566=CARTESIAN_POINT('Ctrl Pts',(-3.62597600875879,-14.6355867484869,4.76601483577734));
#4567=CARTESIAN_POINT('Ctrl Pts',(-3.47335410360357,-10.7868527556174,10.9801194905894));
#4568=CARTESIAN_POINT('Ctrl Pts',(-3.32073332143878,-4.50541436313797,14.7182354073295));
#4569=CARTESIAN_POINT('Ctrl Pts',(-3.16811219803823,2.79312068507024,15.1361870413458));
#4570=CARTESIAN_POINT('Ctrl Pts',(-3.01549111279142,9.4588543661116,12.1427273035756));
#4571=CARTESIAN_POINT('Ctrl Pts',(-2.86287009650888,13.9974948636431,6.40630564258818));
#4572=CARTESIAN_POINT('Ctrl Pts',(-2.71024910519305,15.3672993956334,-0.76601469441341));
#4573=CARTESIAN_POINT('Ctrl Pts',(-2.532190840103,12.9486407156044,-8.95225983387901));
#4574=CARTESIAN_POINT('Ctrl Pts',(-2.32869633312839,5.11810223604934,-15.3227840563605));
#4575=CARTESIAN_POINT('Ctrl Pts',(-2.09976567850017,-6.25035284663084,-14.8938688943071));
#4576=CARTESIAN_POINT('Ctrl Pts',(-1.87083388002418,-14.5107655617097,-7.09056365366549));
#4577=CARTESIAN_POINT('Ctrl Pts',(-1.6419018640628,-15.5902710448253,4.22739863312338));
#4578=CARTESIAN_POINT('Ctrl Pts',(-1.41296913021689,-8.94195263492539,13.448849134412));
#4579=CARTESIAN_POINT('Ctrl Pts',(-1.1840381111125,2.12999601094271,16.0121384764398));
#4580=CARTESIAN_POINT('Ctrl Pts',(-0.955105545565723,12.1560112969856,10.6370528198419));
#4581=CARTESIAN_POINT('Ctrl Pts',(-0.802488469034485,14.8124891684291,3.55092633642758));
#4582=CARTESIAN_POINT('Ctrl Pts',(-0.726181580628156,14.8124891684291,-5.55111512312578E-16));
#4583=CARTESIAN_POINT('Origin',(-0.968189727553155,14.7499990831841,-0.00520058342843827));
#4584=CARTESIAN_POINT('Ctrl Pts',(-12.8333333333333,-13.6399001096049,7.87500000000001));
#4585=CARTESIAN_POINT('Ctrl Pts',(-12.9074074074074,-14.3089429895361,6.71618373951704));
#4586=CARTESIAN_POINT('Ctrl Pts',(-13.0555555555556,-14.8039643572764,3.91787454343919));
#4587=CARTESIAN_POINT('Ctrl Pts',(-13.2777777777778,-12.6692573330239,0.220453518159673));
#4588=CARTESIAN_POINT('Ctrl Pts',(-13.4259259259259,-9.9983397977067,-0.749999999999986));
#4589=CARTESIAN_POINT('Ctrl Pts',(-13.5,-8.66025403784438,-0.749999999999986));
#4590=CARTESIAN_POINT('Ctrl Pts',(-12.7146542413785,-13.6399001096049,7.87500000000001));
#4591=CARTESIAN_POINT('Ctrl Pts',(-12.7887283154526,-14.3090494733655,6.71599930411433));
#4592=CARTESIAN_POINT('Ctrl Pts',(-12.9368764636008,-14.8042108361846,3.91790477381205));
#4593=CARTESIAN_POINT('Ctrl Pts',(-13.159098685823,-12.6693543922071,0.220224945977227));
#4594=CARTESIAN_POINT('Ctrl Pts',(-13.3072468339711,-9.9985527653655,-0.749999999999986));
#4595=CARTESIAN_POINT('Ctrl Pts',(-13.3813209080452,-8.66025403784438,-0.749999999999986));
#4596=CARTESIAN_POINT('Ctrl Pts',(-12.5567090387603,-13.6065447750265,7.85574228860226));
#4597=CARTESIAN_POINT('Ctrl Pts',(-12.6307831128343,-14.2710776161409,6.70473764449395));
#4598=CARTESIAN_POINT('Ctrl Pts',(-12.7789312609825,-14.7627456094521,3.92511487185958));
#4599=CARTESIAN_POINT('Ctrl Pts',(-13.0011534832047,-12.642377650768,0.252529836677503));
#4600=CARTESIAN_POINT('Ctrl Pts',(-13.1493016313529,-9.98931972007327,-0.711484577204473));
#4601=CARTESIAN_POINT('Ctrl Pts',(-13.2233757054269,-8.66025403784438,-0.711484577204474));
#4602=CARTESIAN_POINT('Ctrl Pts',(-12.2862996642498,-13.4622920538795,7.77245794121673));
#4603=CARTESIAN_POINT('Ctrl Pts',(-12.3603737383239,-14.107499214614,6.65492635741742));
#4604=CARTESIAN_POINT('Ctrl Pts',(-12.508521886472,-14.5849001202417,3.95647813619962));
#4605=CARTESIAN_POINT('Ctrl Pts',(-12.7307441086942,-12.5262935224987,0.390866916112173));
#4606=CARTESIAN_POINT('Ctrl Pts',(-12.8788922568424,-9.95066835931326,-0.544915882433423));
#4607=CARTESIAN_POINT('Ctrl Pts',(-12.9529663309164,-8.66025403784438,-0.544915882433423));
#4608=CARTESIAN_POINT('Ctrl Pts',(-12.0684846190474,-13.1989574742256,7.6204216507666));
#4609=CARTESIAN_POINT('Ctrl Pts',(-12.1425586931214,-13.8087447641271,6.56423908284742));
#4610=CARTESIAN_POINT('Ctrl Pts',(-12.2907068412696,-14.259916031638,4.01369210696467));
#4611=CARTESIAN_POINT('Ctrl Pts',(-12.5129290634918,-12.3142527260629,0.643704407286224));
#4612=CARTESIAN_POINT('Ctrl Pts',(-12.66107721164,-9.87982861764744,-0.240843301533154));
#4613=CARTESIAN_POINT('Ctrl Pts',(-12.735151285714,-8.66025403784438,-0.240843301533155));
#4614=CARTESIAN_POINT('Ctrl Pts',(-12.0740309228354,-12.7664825844501,7.37073215673698));
#4615=CARTESIAN_POINT('Ctrl Pts',(-12.1481049969094,-13.3181879806995,6.41515037962318));
#4616=CARTESIAN_POINT('Ctrl Pts',(-12.2962531450576,-13.7263982577773,4.10767976969903));
#4617=CARTESIAN_POINT('Ctrl Pts',(-12.5184753672798,-11.9660981355623,1.05875052145289));
#4618=CARTESIAN_POINT('Ctrl Pts',(-12.666623515428,-9.76366483034307,0.258535686526083));
#4619=CARTESIAN_POINT('Ctrl Pts',(-12.740697589502,-8.66025403784437,0.258535686526083));
#4620=CARTESIAN_POINT('Ctrl Pts',(-12.3741411825578,-12.4211627527011,7.17136165892015));
#4621=CARTESIAN_POINT('Ctrl Pts',(-12.4482152566319,-12.9264534126895,6.29617256323025));
#4622=CARTESIAN_POINT('Ctrl Pts',(-12.59636340478,-13.3003106790228,4.18271569649203));
#4623=CARTESIAN_POINT('Ctrl Pts',(-12.8185856270022,-11.6880713273858,1.39023522549479));
#4624=CARTESIAN_POINT('Ctrl Pts',(-12.9667337751504,-9.67083535782116,0.657276682159739));
#4625=CARTESIAN_POINT('Ctrl Pts',(-13.0408078492245,-8.66025403784438,0.657276682159739));
#4626=CARTESIAN_POINT('Ctrl Pts',(-12.8519120037008,-12.295887624027,7.09903402965737));
#4627=CARTESIAN_POINT('Ctrl Pts',(-12.9259860777748,-12.7843671666599,6.25296264335919));
#4628=CARTESIAN_POINT('Ctrl Pts',(-13.074134225923,-13.1457976349741,4.20994495789077));
#4629=CARTESIAN_POINT('Ctrl Pts',(-13.2963564481452,-11.5872335732638,1.51043281615768));
#4630=CARTESIAN_POINT('Ctrl Pts',(-13.4445045962933,-9.63721312311017,0.801931940685298));
#4631=CARTESIAN_POINT('Ctrl Pts',(-13.5185786703674,-8.66025403784439,0.801931940685298));
#4632=CARTESIAN_POINT('Ctrl Pts',(-13.3225484410771,-12.4402268042702,7.18236829422542));
#4633=CARTESIAN_POINT('Ctrl Pts',(-13.3966225151512,-12.9480795831693,6.30274147840709));
#4634=CARTESIAN_POINT('Ctrl Pts',(-13.5447706632994,-13.3238329840728,4.17857310828004));
#4635=CARTESIAN_POINT('Ctrl Pts',(-13.7669928855216,-11.7034200665398,1.37193560587192));
#4636=CARTESIAN_POINT('Ctrl Pts',(-13.9151410336697,-9.67595959564264,0.635263411549199));
#4637=CARTESIAN_POINT('Ctrl Pts',(-13.9892151077438,-8.66025403784438,0.635263411549199));
#4638=CARTESIAN_POINT('Ctrl Pts',(-13.5097818292041,-12.6781828662712,7.31975229067698));
#4639=CARTESIAN_POINT('Ctrl Pts',(-13.5838559032782,-13.2180083144086,6.38474718728428));
#4640=CARTESIAN_POINT('Ctrl Pts',(-13.7320040514263,-13.6174192554907,4.12686350171514));
#4641=CARTESIAN_POINT('Ctrl Pts',(-13.9542262736485,-11.8949950351536,1.14353723990414));
#4642=CARTESIAN_POINT('Ctrl Pts',(-14.1023744217967,-9.73990493411928,0.360495418646071));
#4643=CARTESIAN_POINT('Ctrl Pts',(-14.1764484958708,-8.66025403784438,0.36049541864607));
#4644=CARTESIAN_POINT('Ctrl Pts',(-13.5537709166273,-12.8098200797167,7.39575307129515));
#4645=CARTESIAN_POINT('Ctrl Pts',(-13.6278449907013,-13.3673371351683,6.43010520516686));
#4646=CARTESIAN_POINT('Ctrl Pts',(-13.7759931388495,-13.7798411219929,4.09825899614532));
#4647=CARTESIAN_POINT('Ctrl Pts',(-13.9982153610717,-12.0009781968909,1.01717803016806));
#4648=CARTESIAN_POINT('Ctrl Pts',(-14.1463635092199,-9.77528814874749,0.20849385740974));
#4649=CARTESIAN_POINT('Ctrl Pts',(-14.2204375832939,-8.66025403784438,0.20849385740974));
#4650=CARTESIAN_POINT('',(-12.8333333333333,-12.3408620039282,7.12500000000001));
#4651=CARTESIAN_POINT('Origin',(-12.8333333333333,-12.9903810567666,7.50000000000001));
#4652=CARTESIAN_POINT('',(-13.5535808551816,-12.8092522891631,7.39542525726614));
#4653=CARTESIAN_POINT('Origin',(-12.8333333333333,-12.9903810567666,7.50000000000001));
#4654=CARTESIAN_POINT('',(-13.5537728320846,-12.8098344962937,7.39572810087789));
#4655=CARTESIAN_POINT('Ctrl Pts',(-13.5537728320846,-12.8098344962905,7.39572810087663));
#4656=CARTESIAN_POINT('Ctrl Pts',(-13.5537086468482,-12.8096366429421,7.39563602504212));
#4657=CARTESIAN_POINT('Ctrl Pts',(-13.5536446511576,-12.8094425602951,7.39553511035538));
#4658=CARTESIAN_POINT('Ctrl Pts',(-13.5535808457645,-12.8092522928914,7.39542525941864));
#4659=CARTESIAN_POINT('Ctrl Pts',(-13.4999999999991,-8.66025403785673,0.750000000000004));
#4660=CARTESIAN_POINT('Ctrl Pts',(-13.5003882614223,-8.66941062602547,0.750000000000031));
#4661=CARTESIAN_POINT('Ctrl Pts',(-13.5007762883102,-8.67856201047498,0.750027418333578));
#4662=CARTESIAN_POINT('Ctrl Pts',(-13.5278543821097,-9.31713437511928,0.753815126040045));
#4663=CARTESIAN_POINT('Ctrl Pts',(-13.5612128654459,-10.1054077219189,0.923501995177543));
#4664=CARTESIAN_POINT('Ctrl Pts',(-13.6050637679693,-11.2315346094442,1.49214662527589));
#4665=CARTESIAN_POINT('Ctrl Pts',(-13.6310186334553,-11.9772793468107,2.08572871677448));
#4666=CARTESIAN_POINT('Ctrl Pts',(-13.6470250194358,-12.6373456511707,2.9646158662816));
#4667=CARTESIAN_POINT('Ctrl Pts',(-13.6509899888542,-13.17214850397,4.09265325364631));
#4668=CARTESIAN_POINT('Ctrl Pts',(-13.6275296177255,-13.3916197748872,5.65231833532754));
#4669=CARTESIAN_POINT('Ctrl Pts',(-13.5814483338773,-13.0738391093488,6.85353797378951));
#4670=CARTESIAN_POINT('Ctrl Pts',(-13.5537728320846,-12.8098344962937,7.39572810087789));
#4671=CARTESIAN_POINT('Ctrl Pts',(-13.5,-8.66025403784438,-0.749999999999986));
#4672=CARTESIAN_POINT('Ctrl Pts',(-13.4952153717406,-8.67240563089729,-0.749999999999986));
#4673=CARTESIAN_POINT('Ctrl Pts',(-13.4904341567537,-8.68455095078144,-0.749931449905139));
#4674=CARTESIAN_POINT('Ctrl Pts',(-13.3452265147378,-9.05322294665764,-0.745375846625305));
#4675=CARTESIAN_POINT('Ctrl Pts',(-13.0646027297721,-9.76647823302753,-0.613928669300194));
#4676=CARTESIAN_POINT('Ctrl Pts',(-12.7509166497819,-10.5430057735404,-0.128473490194517));
#4677=CARTESIAN_POINT('Ctrl Pts',(-12.6173616451317,-10.8780053838385,0.332381693693361));
#4678=CARTESIAN_POINT('Ctrl Pts',(-12.5934401343547,-10.9535669609861,0.581147965382035));
#4679=CARTESIAN_POINT('Ctrl Pts',(-12.6121674821885,-10.9354911415271,0.791914090730845));
#4680=CARTESIAN_POINT('Ctrl Pts',(-12.7227076046823,-10.7152206341036,0.928160534771526));
#4681=CARTESIAN_POINT('Ctrl Pts',(-13.0190030512712,-10.0300478642058,0.872143327999776));
#4682=CARTESIAN_POINT('Ctrl Pts',(-13.3016439093985,-9.23351625614486,0.751113621941192));
#4683=CARTESIAN_POINT('Ctrl Pts',(-13.4921434858845,-8.68290254238344,0.750047697420149));
#4684=CARTESIAN_POINT('Ctrl Pts',(-13.4960705080362,-8.67158973918733,0.750000000000013));
#4685=CARTESIAN_POINT('Ctrl Pts',(-13.5,-8.66025403784438,0.750000000000013));
#4686=CARTESIAN_POINT('Origin',(0.,0.,0.));
#4687=CARTESIAN_POINT('',(15.,-12.6661869851236,-8.0354033662216));
#4688=CARTESIAN_POINT('Ctrl Pts',(13.1783842428308,-14.9115726524478,-1.62634591362675));
#4689=CARTESIAN_POINT('Ctrl Pts',(13.0826949282273,-14.9115726524478,-1.62634591362675));
#4690=CARTESIAN_POINT('Ctrl Pts',(12.8914195901664,-14.9082182954114,-1.65740435598453));
#4691=CARTESIAN_POINT('Ctrl Pts',(12.5301371212411,-14.8881659410056,-1.83407923009299));
#4692=CARTESIAN_POINT('Ctrl Pts',(12.1752548284418,-14.8376277385543,-2.22383176220112));
#4693=CARTESIAN_POINT('Ctrl Pts',(11.9900994117133,-14.7655403153436,-2.65139432612654));
#4694=CARTESIAN_POINT('Ctrl Pts',(11.9194048647917,-14.7181181763681,-2.89490138505571));
#4695=CARTESIAN_POINT('Ctrl Pts',(11.9051723979117,-14.7072671425002,-2.94901182799761));
#4696=CARTESIAN_POINT('Origin',(0.,0.,0.));
#4697=CARTESIAN_POINT('',(-15.,-12.6661869851224,8.03540336622348));
#4698=CARTESIAN_POINT('Ctrl Pts',(0.726181580631016,14.8124891684402,0.));
#4699=CARTESIAN_POINT('Ctrl Pts',(0.6740135589508,14.8124891684402,2.42762882843981));
#4700=CARTESIAN_POINT('Ctrl Pts',(0.569677515590366,13.5965007670115,7.28057384521));
#4701=CARTESIAN_POINT('Ctrl Pts',(0.413173450549715,8.54753754429437,12.8373575203511));
#4702=CARTESIAN_POINT('Ctrl Pts',(0.256669385509065,1.47510284460095,15.3518499056439));
#4703=CARTESIAN_POINT('Ctrl Pts',(0.100165320468415,-5.94754383828906,14.2298167394211));
#4704=CARTESIAN_POINT('Ctrl Pts',(-0.0563387445722357,-11.9607788655773,
9.73634197238796));
#4705=CARTESIAN_POINT('Ctrl Pts',(-0.212842809612886,-15.1405702672075,
2.93635126483435));
#4706=CARTESIAN_POINT('Ctrl Pts',(-0.369346874653536,-14.7333038136996,
-4.55935617445875));
#4707=CARTESIAN_POINT('Ctrl Pts',(-0.525850939694187,-10.8356118129072,
-10.9748714236861));
#4708=CARTESIAN_POINT('Ctrl Pts',(-0.682355004734837,-4.37082399375532,
-14.790340555844));
#4709=CARTESIAN_POINT('Ctrl Pts',(-0.838859069775489,3.12944530305493,-15.1018136438462));
#4710=CARTESIAN_POINT('Ctrl Pts',(-0.995363134816137,9.8883225328202,-11.8355121865698));
#4711=CARTESIAN_POINT('Ctrl Pts',(-1.15186719985679,14.3045486022493,-5.76525093933368));
#4712=CARTESIAN_POINT('Ctrl Pts',(-1.30837126489744,15.3318780036759,1.67085791559376));
#4713=CARTESIAN_POINT('Ctrl Pts',(-1.46487532993809,12.7269230271422,8.71112348392458));
#4714=CARTESIAN_POINT('Ctrl Pts',(-1.62137939497874,7.10682626181032,13.6876317823954));
#4715=CARTESIAN_POINT('Ctrl Pts',(-1.77788346001939,-0.196952783605769,
15.4213959706674));
#4716=CARTESIAN_POINT('Ctrl Pts',(-1.93438752506004,-7.45407152530693,13.5016688146188));
#4717=CARTESIAN_POINT('Ctrl Pts',(-2.09089159010069,-12.9452422033549,8.38325402697536));
#4718=CARTESIAN_POINT('Ctrl Pts',(-2.24739565514134,-15.369548512269,1.27875796918491));
#4719=CARTESIAN_POINT('Ctrl Pts',(-2.40389972018199,-14.1526467759101,-6.12868932164978));
#4720=CARTESIAN_POINT('Ctrl Pts',(-2.56040378522264,-9.58283382106566,-12.0841855118056));
#4721=CARTESIAN_POINT('Ctrl Pts',(-2.71690785026329,-2.74274652072361,-15.1768107665978));
#4722=CARTESIAN_POINT('Ctrl Pts',(-2.87341191530394,4.7471263449194,-14.6738895661986));
#4723=CARTESIAN_POINT('Ctrl Pts',(-3.02991598034459,11.1123549367661,-10.6945692425538));
#4724=CARTESIAN_POINT('Ctrl Pts',(-3.18642004538524,14.8449495040554,-4.18159272921283));
#4725=CARTESIAN_POINT('Ctrl Pts',(-3.34292411042589,15.060619045999,3.32204718198001));
#4726=CARTESIAN_POINT('Ctrl Pts',(-3.49942817546654,11.7082691750271,10.0386590964172));
#4727=CARTESIAN_POINT('Ctrl Pts',(-3.65593224050719,5.58210691406684,14.3770068487429));
#4728=CARTESIAN_POINT('Ctrl Pts',(-3.81243630554785,-1.86651531840924,15.3092901238057));
#4729=CARTESIAN_POINT('Ctrl Pts',(-3.96894037058849,-8.872940396158,12.6146411861419));
#4730=CARTESIAN_POINT('Ctrl Pts',(-4.12544443562915,-13.7772723602213,6.93145077462527));
#4731=CARTESIAN_POINT('Ctrl Pts',(-4.2819485006698,-15.417623269462,-0.393873393071162));
#4732=CARTESIAN_POINT('Ctrl Pts',(-4.43845256571045,-13.4053767017659,-7.62588480194637));
#4733=CARTESIAN_POINT('Ctrl Pts',(-4.59495663075109,-8.21725508105859,-13.0512437132109));
#4734=CARTESIAN_POINT('Ctrl Pts',(-4.75146069579175,-1.08237910970755,-15.384625409534));
#4735=CARTESIAN_POINT('Ctrl Pts',(-4.9079647608324,6.30892388259884,-14.0732271697853));
#4736=CARTESIAN_POINT('Ctrl Pts',(-5.06446882587305,12.2055763017917,-9.42773306102542));
#4737=CARTESIAN_POINT('Ctrl Pts',(-5.2209728909137,15.2105990303848,-2.54870960795204));
#4738=CARTESIAN_POINT('Ctrl Pts',(-5.37747695595435,14.6120705066204,4.9341300183887));
#4739=CARTESIAN_POINT('Ctrl Pts',(-5.53398102099501,10.5517884471481,11.2480222303941));
#4740=CARTESIAN_POINT('Ctrl Pts',(-5.69048508603564,3.99167647319488,14.8971394053406));
#4741=CARTESIAN_POINT('Ctrl Pts',(-5.84698915107631,-3.51410573539237,15.0169672174275));
#4742=CARTESIAN_POINT('Ctrl Pts',(-6.00349321611695,-10.1873592514282,11.5791171948102));
#4743=CARTESIAN_POINT('Ctrl Pts',(-6.15999728115761,-14.4471199710682,5.39805224783647));
#4744=CARTESIAN_POINT('Ctrl Pts',(-6.31650134619825,-15.2842056756936,-2.06186818005061));
#4745=CARTESIAN_POINT('Ctrl Pts',(-6.4730054112389,-12.5003019377656,-9.03331030096398));
#4746=CARTESIAN_POINT('Ctrl Pts',(-6.62950947627956,-6.7549448992347,-13.8646659872178));
#4747=CARTESIAN_POINT('Ctrl Pts',(-6.78601354132021,0.590729792968057,-15.4113361471519));
#4748=CARTESIAN_POINT('Ctrl Pts',(-6.94251760636085,7.79645437005613,-13.3068983157022));
#4749=CARTESIAN_POINT('Ctrl Pts',(-7.09902167140151,13.1551167207966,-8.04991599900543));
#4750=CARTESIAN_POINT('Ctrl Pts',(-7.25552573644215,15.3971932461214,-0.885823724203846));
#4751=CARTESIAN_POINT('Ctrl Pts',(-7.41202980148281,13.991512382409,6.48812952874536));
#4752=CARTESIAN_POINT('Ctrl Pts',(-7.56853386652345,9.27109474419806,12.3249765019173));
#4753=CARTESIAN_POINT('Ctrl Pts',(-7.72503793156412,2.3542570301488,15.2419066184276));
#4754=CARTESIAN_POINT('Ctrl Pts',(-7.88154199660474,-5.12032899171117,14.5478683849426));
#4755=CARTESIAN_POINT('Ctrl Pts',(-8.03804606164542,-11.3818550995649,10.4072867751647));
#4756=CARTESIAN_POINT('Ctrl Pts',(-8.19455012668605,-14.9468997530156,3.80110922024912));
#4757=CARTESIAN_POINT('Ctrl Pts',(-8.35105419172671,-14.9708662923857,-3.70559117820021));
#4758=CARTESIAN_POINT('Ctrl Pts',(-8.50755825676735,-11.4480767927739,-10.3343979641957));
#4759=CARTESIAN_POINT('Ctrl Pts',(-8.66406232180802,-5.21311722021091,-14.5148769326646));
#4760=CARTESIAN_POINT('Ctrl Pts',(-8.82056638684865,2.25688477338474,-15.2566285478003));
#4761=CARTESIAN_POINT('Ctrl Pts',(-8.97707045188932,9.19220697790121,-12.3839240324062));
#4762=CARTESIAN_POINT('Ctrl Pts',(-9.13357451692995,13.9497984409147,-6.57733736952856));
#4763=CARTESIAN_POINT('Ctrl Pts',(-9.29007858197061,15.4025356197354,0.787489852061414));
#4764=CARTESIAN_POINT('Ctrl Pts',(-9.44658264701126,13.2062497098514,7.96575242429049));
#4765=CARTESIAN_POINT('Ctrl Pts',(-9.60308671205191,7.8812640992824,13.256844280614));
#4766=CARTESIAN_POINT('Ctrl Pts',(-9.75959077709256,0.689123808187643,15.4072499721069));
#4767=CARTESIAN_POINT('Ctrl Pts',(-9.91609484213321,-6.66627691155192,13.907515746153));
#4768=CARTESIAN_POINT('Ctrl Pts',(-10.0725989071739,-12.4423668811103,9.11294440285652));
#4769=CARTESIAN_POINT('Ctrl Pts',(-10.2291029722145,-15.2707279488839,2.15942052846961));
#4770=CARTESIAN_POINT('Ctrl Pts',(-10.3856070372552,-14.4812946075213,-5.30569295395965));
#4771=CARTESIAN_POINT('Ctrl Pts',(-10.5421111022958,-10.2610859541225,-11.5138316072618));
#4772=CARTESIAN_POINT('Ctrl Pts',(-10.6986151673365,-3.60992566385936,-14.9942226488618));
#4773=CARTESIAN_POINT('Ctrl Pts',(-10.8551192323771,3.8964793836813,-14.9223233626336));
#4774=CARTESIAN_POINT('Ctrl Pts',(-11.0116232974178,10.4797372971086,-11.3151701788326));
#4775=CARTESIAN_POINT('Ctrl Pts',(-11.1681273624584,14.5802941116023,-5.02733034382267));
#4776=CARTESIAN_POINT('Ctrl Pts',(-11.3246314274991,15.2265093328319,2.45153005523199));
#4777=CARTESIAN_POINT('Ctrl Pts',(-11.4811354925397,12.2656324237905,9.34961086839124));
#4778=CARTESIAN_POINT('Ctrl Pts',(-11.6376395575804,6.39844841620283,14.0326434356738));
#4779=CARTESIAN_POINT('Ctrl Pts',(-11.794143622621,-0.983705892984664,15.3912465022344));
#4780=CARTESIAN_POINT('Ctrl Pts',(-11.9506476876617,-8.13462814420161,13.1034122875862));
#4781=CARTESIAN_POINT('Ctrl Pts',(-12.0549837310221,-11.6141774989312,9.50863282060845));
#4782=CARTESIAN_POINT('Ctrl Pts',(-12.1071517527023,-12.8279919131511,7.40624458422013));
#4783=CARTESIAN_POINT('Ctrl Pts',(0.690873260084891,14.675749056894,0.));
#4784=CARTESIAN_POINT('Ctrl Pts',(0.638705238404675,14.675749056894,2.40512908184985));
#4785=CARTESIAN_POINT('Ctrl Pts',(0.534369195044241,13.470977804442,7.21341731219888));
#4786=CARTESIAN_POINT('Ctrl Pts',(0.377865130003591,8.46863023066704,12.7188197813756));
#4787=CARTESIAN_POINT('Ctrl Pts',(0.22136106496294,1.46148427252489,15.2101384239004));
#4788=CARTESIAN_POINT('Ctrl Pts',(0.0648569999222899,-5.89263712527322,
14.0984437404297));
#4789=CARTESIAN_POINT('Ctrl Pts',(-0.0916470651183605,-11.8503599750103,
9.64646176090326));
#4790=CARTESIAN_POINT('Ctrl Pts',(-0.248151130159011,-15.0007959922771,
2.90924183187382));
#4791=CARTESIAN_POINT('Ctrl Pts',(-0.404655195199661,-14.5972894793216,
-4.51726439295191));
#4792=CARTESIAN_POINT('Ctrl Pts',(-0.561159260240312,-10.7355799740806,
-10.8735544473197));
#4793=CARTESIAN_POINT('Ctrl Pts',(-0.717663325280961,-4.33047359086329,
-14.6537993921728));
#4794=CARTESIAN_POINT('Ctrl Pts',(-0.874167390321614,3.10055500889988,-14.9623973781729));
#4795=CARTESIAN_POINT('Ctrl Pts',(-1.03067145536226,9.79703586795798,-11.7262494704822));
#4796=CARTESIAN_POINT('Ctrl Pts',(-1.18717552040291,14.1724923851154,-5.71202753247602));
#4797=CARTESIAN_POINT('Ctrl Pts',(-1.34367958544356,15.1903377211577,1.65543296468869));
#4798=CARTESIAN_POINT('Ctrl Pts',(-1.50018365048422,12.6094310759239,8.63070443870531));
#4799=CARTESIAN_POINT('Ctrl Pts',(-1.65668771552486,7.04121771771293,13.5612707980415));
#4800=CARTESIAN_POINT('Ctrl Pts',(-1.81319178056552,-0.195134561842052,
15.2790292782705));
#4801=CARTESIAN_POINT('Ctrl Pts',(-1.96969584560617,-7.38525729512814,13.3770245935888));
#4802=CARTESIAN_POINT('Ctrl Pts',(-2.12619991064682,-12.825734780508,8.30586180251215));
#4803=CARTESIAN_POINT('Ctrl Pts',(-2.28270397568747,-15.2276604654099,1.26695277748084));
#4804=CARTESIAN_POINT('Ctrl Pts',(-2.43920804072812,-14.0219928788449,-6.07211070745177));
#4805=CARTESIAN_POINT('Ctrl Pts',(-2.59571210576877,-9.49436735939651,-11.972627161212));
#4806=CARTESIAN_POINT('Ctrl Pts',(-2.75221617080942,-2.71742613173377,-15.036702029168));
#4807=CARTESIAN_POINT('Ctrl Pts',(-2.90872023585007,4.70330199413736,-14.5384236786215));
#4808=CARTESIAN_POINT('Ctrl Pts',(-3.06522430089072,11.0097682968991,-10.5958395016873));
#4809=CARTESIAN_POINT('Ctrl Pts',(-3.22172836593137,14.7079044314949,-4.14298925138326));
#4810=CARTESIAN_POINT('Ctrl Pts',(-3.37823243097201,14.9215829630945,3.29137882591632));
#4811=CARTESIAN_POINT('Ctrl Pts',(-3.53473649601267,11.6001811954615,9.94598456331201));
#4812=CARTESIAN_POINT('Ctrl Pts',(-3.69124056105332,5.53057421960616,14.2442817124091));
#4813=CARTESIAN_POINT('Ctrl Pts',(-3.84774462609397,-1.84928408921739,15.1679583681615));
#4814=CARTESIAN_POINT('Ctrl Pts',(-4.00424869113462,-8.7910275031514,12.4981857939423));
#4815=CARTESIAN_POINT('Ctrl Pts',(-4.16075275617527,-13.6500838312355,6.86746125589399));
#4816=CARTESIAN_POINT('Ctrl Pts',(-4.31725682121592,-15.2752914077677,-0.390237246803544));
#4817=CARTESIAN_POINT('Ctrl Pts',(-4.47376088625657,-13.2816214257854,-7.55548443206073));
#4818=CARTESIAN_POINT('Ctrl Pts',(-4.63026495129722,-8.14139532023409,-12.9307577094566));
#4819=CARTESIAN_POINT('Ctrl Pts',(-4.78676901633788,-1.07238684105165,-15.2425981762999));
#4820=CARTESIAN_POINT('Ctrl Pts',(-4.94327308137852,6.25068138530831,-13.9433064558002));
#4821=CARTESIAN_POINT('Ctrl Pts',(-5.09977714641918,12.0928973001244,-9.3406984529876));
#4822=CARTESIAN_POINT('Ctrl Pts',(-5.25628121145982,15.0701783676379,-2.5251805219783));
#4823=CARTESIAN_POINT('Ctrl Pts',(-5.41278527650048,14.4771753180387,4.88857929380005));
#4824=CARTESIAN_POINT('Ctrl Pts',(-5.56928934154113,10.4543768249001,11.1441831420697));
#4825=CARTESIAN_POINT('Ctrl Pts',(-5.72579340658177,3.95482625745272,14.759612527921));
#4826=CARTESIAN_POINT('Ctrl Pts',(-5.88229747162243,-3.48166434006397,14.8783341179087));
#4827=CARTESIAN_POINT('Ctrl Pts',(-6.03880153666307,-10.0933119535625,11.4722215158648));
#4828=CARTESIAN_POINT('Ctrl Pts',(-6.19530560170373,-14.3137475669263,5.34821870264412));
#4829=CARTESIAN_POINT('Ctrl Pts',(-6.35180966674437,-15.1431054937578,-2.04283349931509));
#4830=CARTESIAN_POINT('Ctrl Pts',(-6.50831373178503,-12.3849020985396,-8.94991691082032));
#4831=CARTESIAN_POINT('Ctrl Pts',(-6.66481779682568,-6.69258484111507,-13.7366706608799));
#4832=CARTESIAN_POINT('Ctrl Pts',(-6.82132186186633,0.585276314846173,-15.2690623266879));
#4833=CARTESIAN_POINT('Ctrl Pts',(-6.97782592690698,7.72447934214749,-13.1840521689552));
#4834=CARTESIAN_POINT('Ctrl Pts',(-7.13432999194763,13.0336717859352,-7.97560107311865));
#4835=CARTESIAN_POINT('Ctrl Pts',(-7.29083405698828,15.2550499895842,-0.877646008508224));
#4836=CARTESIAN_POINT('Ctrl Pts',(-7.44733812202893,13.862346040068,6.42823264719612));
#4837=CARTESIAN_POINT('Ctrl Pts',(-7.60384218706958,9.18550618415738,12.2111952257639));
#4838=CARTESIAN_POINT('Ctrl Pts',(-7.76034625211023,2.33252308451031,15.1011969314115));
#4839=CARTESIAN_POINT('Ctrl Pts',(-7.91685031715087,-5.07305932211617,14.4135658952068));
#4840=CARTESIAN_POINT('Ctrl Pts',(-8.07335438219154,-11.2767804977588,10.311209158269));
#4841=CARTESIAN_POINT('Ctrl Pts',(-8.22985844723218,-14.8089134997999,3.76601827644371));
#4842=CARTESIAN_POINT('Ctrl Pts',(-8.38636251227283,-14.8326587857388,-3.67138203443427));
#4843=CARTESIAN_POINT('Ctrl Pts',(-8.54286657731348,-11.3423908479037,-10.2389932395987));
#4844=CARTESIAN_POINT('Ctrl Pts',(-8.69937064235414,-5.16499095159493,-14.3808790122634));
#4845=CARTESIAN_POINT('Ctrl Pts',(-8.85587470739478,2.23604974549311,-15.1157829513474));
#4846=CARTESIAN_POINT('Ctrl Pts',(-9.01237877243544,9.10734669103833,-12.2695985666672));
#4847=CARTESIAN_POINT('Ctrl Pts',(-9.16888283747608,13.8210171919894,-6.51661694201132));
#4848=CARTESIAN_POINT('Ctrl Pts',(-9.32538690251674,15.2603430433777,0.780219931044314));
#4849=CARTESIAN_POINT('Ctrl Pts',(-9.48189096755737,13.0843327278597,7.89221447753297));
#4850=CARTESIAN_POINT('Ctrl Pts',(-9.63839503259804,7.8085061268469,13.1344602192274));
#4851=CARTESIAN_POINT('Ctrl Pts',(-9.79489909763869,0.682761981904303,15.2650138775605));
#4852=CARTESIAN_POINT('Ctrl Pts',(-9.95140316267933,-6.60473541966635,13.7791248344359));
#4853=CARTESIAN_POINT('Ctrl Pts',(-10.10790722772,-12.3275018762432,9.02881586226149));
#4854=CARTESIAN_POINT('Ctrl Pts',(-10.2644112927606,-15.1297522066894,2.13948524231732));
#4855=CARTESIAN_POINT('Ctrl Pts',(-10.4209153578013,-14.3476066786801,-5.25671199857245));
#4856=CARTESIAN_POINT('Ctrl Pts',(-10.5774194228419,-10.1663580926248,-11.4075387265655));
#4857=CARTESIAN_POINT('Ctrl Pts',(-10.7339234878826,-3.57659955598119,-14.8557993310143));
#4858=CARTESIAN_POINT('Ctrl Pts',(-10.8904275529232,3.86050775825343,-14.7845643678524));
#4859=CARTESIAN_POINT('Ctrl Pts',(-11.0469316179639,10.3829913190118,-11.2107104595681));
#4860=CARTESIAN_POINT('Ctrl Pts',(-11.2034356830045,14.4456913222366,-4.98092066398344));
#4861=CARTESIAN_POINT('Ctrl Pts',(-11.3599397480452,15.0859436628009,2.42890095407221));
#4862=CARTESIAN_POINT('Ctrl Pts',(-11.5164438130858,12.1523953159848,9.26329187040126));
#4863=CARTESIAN_POINT('Ctrl Pts',(-11.6729478781265,6.33938670471223,13.903108406438));
#4864=CARTESIAN_POINT('Ctrl Pts',(-11.8294519431671,-0.974639024326775,
15.2491361521608));
#4865=CARTESIAN_POINT('Ctrl Pts',(-11.9859560082078,-8.05950033636371,12.9824915426837));
#4866=CARTESIAN_POINT('Ctrl Pts',(-12.0902920515682,-11.5070069619108,9.42077741270971));
#4867=CARTESIAN_POINT('Ctrl Pts',(-12.1424600732484,-12.7095715028357,7.33787452844701));
#4868=CARTESIAN_POINT('Ctrl Pts',(0.540930234780722,14.4233832241631,0.));
#4869=CARTESIAN_POINT('Ctrl Pts',(0.488762213100505,14.4233832241631,2.3638959298655));
#4870=CARTESIAN_POINT('Ctrl Pts',(0.384426169740071,13.2393408034225,7.08929940616192));
#4871=CARTESIAN_POINT('Ctrl Pts',(0.227922104699422,8.32300484916806,12.5001489769371));
#4872=CARTESIAN_POINT('Ctrl Pts',(0.0714180396587708,1.43635425119528,14.9485723500974));
#4873=CARTESIAN_POINT('Ctrl Pts',(-0.0850860253818791,-5.79131021684805,
13.8560218867665));
#4874=CARTESIAN_POINT('Ctrl Pts',(-0.24159009042253,-11.6465855889278,9.48058022996809));
#4875=CARTESIAN_POINT('Ctrl Pts',(-0.39809415546318,-14.742848376119,2.85921809520017));
#4876=CARTESIAN_POINT('Ctrl Pts',(-0.55459822050383,-14.3462801867233,-4.43958853951932));
#4877=CARTESIAN_POINT('Ctrl Pts',(-0.711102285544482,-10.5509752211187,
-10.6865764721952));
#4878=CARTESIAN_POINT('Ctrl Pts',(-0.867606350585131,-4.25600845990271,
-14.4018187709174));
#4879=CARTESIAN_POINT('Ctrl Pts',(-1.02411041562578,3.04723908095165,-14.7051097436146));
#4880=CARTESIAN_POINT('Ctrl Pts',(-1.18061448066643,9.62856991644553,-11.5246096026642));
#4881=CARTESIAN_POINT('Ctrl Pts',(-1.33711854570708,13.9287878054588,-5.61380572248944));
#4882=CARTESIAN_POINT('Ctrl Pts',(-1.49362261074773,14.9291306791519,1.62696677223782));
#4883=CARTESIAN_POINT('Ctrl Pts',(-1.65012667578839,12.3926042825518,8.48229426753335));
#4884=CARTESIAN_POINT('Ctrl Pts',(-1.80663074082903,6.9201397213026,13.3280765401027));
#4885=CARTESIAN_POINT('Ctrl Pts',(-1.96313480586968,-0.191779105212081,
15.0162971328825));
#4886=CARTESIAN_POINT('Ctrl Pts',(-2.11963887091033,-7.25826332972057,13.146998564686));
#4887=CARTESIAN_POINT('Ctrl Pts',(-2.27614293595099,-12.6051885148123,8.1630374866959));
#4888=CARTESIAN_POINT('Ctrl Pts',(-2.43264700099163,-14.9658116349658,1.24516675792598));
#4889=CARTESIAN_POINT('Ctrl Pts',(-2.58915106603229,-13.7808762316957,-5.96769709162099));
#4890=CARTESIAN_POINT('Ctrl Pts',(-2.74565513107293,-9.3311059710571,-11.766750596989));
#4891=CARTESIAN_POINT('Ctrl Pts',(-2.90215919611359,-2.67069834607517,-14.7781368444872));
#4892=CARTESIAN_POINT('Ctrl Pts',(-3.05866326115424,4.62242587209202,-14.2884266915795));
#4893=CARTESIAN_POINT('Ctrl Pts',(-3.21516732619489,10.8204486730262,-10.4136376337539));
#4894=CARTESIAN_POINT('Ctrl Pts',(-3.37167139123554,14.4549931203915,-4.07174804579608));
#4895=CARTESIAN_POINT('Ctrl Pts',(-3.52817545627618,14.6649973204205,3.23478157659163));
#4896=CARTESIAN_POINT('Ctrl Pts',(-3.68467952131684,11.4007090647546,9.77495734404591));
#4897=CARTESIAN_POINT('Ctrl Pts',(-3.84118358635749,5.43547265136079,13.9993426743303));
#4898=CARTESIAN_POINT('Ctrl Pts',(-3.99768765139814,-1.81748453097398,14.907136151405));
#4899=CARTESIAN_POINT('Ctrl Pts',(-4.15419171643878,-8.63986046898097,12.2832719311086));
#4900=CARTESIAN_POINT('Ctrl Pts',(-4.31069578147944,-13.4153623850557,6.74937110659542));
#4901=CARTESIAN_POINT('Ctrl Pts',(-4.46719984652009,-15.0126235344874,-0.383526881354049));
#4902=CARTESIAN_POINT('Ctrl Pts',(-4.62370391156075,-13.05323591349,-7.42556330817551));
#4903=CARTESIAN_POINT('Ctrl Pts',(-4.78020797660138,-8.00139910430509,-12.7084055109434));
#4904=CARTESIAN_POINT('Ctrl Pts',(-4.93671204164204,-1.05394650080849,-14.9804924829054));
#4905=CARTESIAN_POINT('Ctrl Pts',(-5.09321610668269,6.1431971388738,-13.7035428692686));
#4906=CARTESIAN_POINT('Ctrl Pts',(-5.24972017172334,11.8849526180343,-9.18007949442873));
#4907=CARTESIAN_POINT('Ctrl Pts',(-5.40622423676399,14.8110375371219,-2.48175851583447));
#4908=CARTESIAN_POINT('Ctrl Pts',(-5.56272830180465,14.2282315335711,4.80451721654163));
#4909=CARTESIAN_POINT('Ctrl Pts',(-5.71923236684528,10.2746074932545,10.9525521736493));
#4910=CARTESIAN_POINT('Ctrl Pts',(-5.87573643188595,3.88682062832867,14.5058120648294));
#4911=CARTESIAN_POINT('Ctrl Pts',(-6.03224049692658,-3.42179501624764,14.622492165282));
#4912=CARTESIAN_POINT('Ctrl Pts',(-6.18874456196725,-9.91975135072855,11.2749497292303));
#4913=CARTESIAN_POINT('Ctrl Pts',(-6.34524862700789,-14.0676140214697,5.25625284778995));
#4914=CARTESIAN_POINT('Ctrl Pts',(-6.50175269204855,-14.8827106372064,-2.0077057419187));
#4915=CARTESIAN_POINT('Ctrl Pts',(-6.6582567570892,-12.1719362173549,-8.79601767719883));
#4916=CARTESIAN_POINT('Ctrl Pts',(-6.81476082212984,-6.57750179752286,-13.5004603018021));
#4917=CARTESIAN_POINT('Ctrl Pts',(-6.9712648871705,0.575212134674547,-15.0065015662237));
#4918=CARTESIAN_POINT('Ctrl Pts',(-7.12776895221114,7.59165224858592,-12.9573444190346));
#4919=CARTESIAN_POINT('Ctrl Pts',(-7.2842730172518,12.8095499176412,-7.83845578953055));
#4920=CARTESIAN_POINT('Ctrl Pts',(-7.44077708229245,14.9927301797302,-0.862554354647588));
#4921=CARTESIAN_POINT('Ctrl Pts',(-7.5972811473331,13.6239746168448,6.31769529944191));
#4922=CARTESIAN_POINT('Ctrl Pts',(-7.75378521237374,9.02755585051119,12.0012163393031));
#4923=CARTESIAN_POINT('Ctrl Pts',(-7.91028927741441,2.29241393951117,14.8415227179341));
#4924=CARTESIAN_POINT('Ctrl Pts',(-8.06679334245504,-4.98582499921001,14.1657159132303));
#4925=CARTESIAN_POINT('Ctrl Pts',(-8.22329740749571,-11.082869437619,10.1339016812325));
#4926=CARTESIAN_POINT('Ctrl Pts',(-8.37980147253635,-14.5542652766864,3.70125931472673));
#4927=CARTESIAN_POINT('Ctrl Pts',(-8.536305537577,-14.5776022480633,-3.60825040012338));
#4928=CARTESIAN_POINT('Ctrl Pts',(-8.69280960261765,-11.1473515781319,-10.0629275589735));
#4929=CARTESIAN_POINT('Ctrl Pts',(-8.8493136676583,-5.07617580869744,-14.1335911009662));
#4930=CARTESIAN_POINT('Ctrl Pts',(-9.00581773269895,2.19759951784555,-14.8558579225168));
#4931=CARTESIAN_POINT('Ctrl Pts',(-9.1623217977396,8.95074035724716,-12.0586153992822));
#4932=CARTESIAN_POINT('Ctrl Pts',(-9.31882586278025,13.5833564430961,-6.40455977317108));
#4933=CARTESIAN_POINT('Ctrl Pts',(-9.4753299278209,14.9979322166672,0.766803578117178));
#4934=CARTESIAN_POINT('Ctrl Pts',(-9.63183399286155,12.8593397132381,7.75650307567531));
#4935=CARTESIAN_POINT('Ctrl Pts',(-9.78833805790219,7.67423414347003,12.9086052352456));
#4936=CARTESIAN_POINT('Ctrl Pts',(-9.94484212294287,0.671021473665619,15.0025227279637));
#4937=CARTESIAN_POINT('Ctrl Pts',(-10.1013461879835,-6.49116299397093,13.5421844593349));
#4938=CARTESIAN_POINT('Ctrl Pts',(-10.2578502530242,-12.1155230384442,8.87355989544711));
#4939=CARTESIAN_POINT('Ctrl Pts',(-10.4143543180648,-14.8695869446949,2.10269553514308));
#4940=CARTESIAN_POINT('Ctrl Pts',(-10.5708583831055,-14.1008909510885,-5.1663197263825));
#4941=CARTESIAN_POINT('Ctrl Pts',(-10.7273624481461,-9.99154132731615,-11.2113790629325));
#4942=CARTESIAN_POINT('Ctrl Pts',(-10.8838665131868,-3.51509794046147,-14.6003451462654));
#4943=CARTESIAN_POINT('Ctrl Pts',(-11.0403705782274,3.79412434009132,-14.5303343149654));
#4944=CARTESIAN_POINT('Ctrl Pts',(-11.1968746432681,10.2044488217521,-11.0179365509357));
#4945=CARTESIAN_POINT('Ctrl Pts',(-11.3533787083087,14.1972902654613,-4.89526868265602));
#4946=CARTESIAN_POINT('Ctrl Pts',(-11.5098827733494,14.8265291023453,2.38713052730498));
#4947=CARTESIAN_POINT('Ctrl Pts',(-11.66638683839,11.94343271237,9.10401184090897));
#4948=CARTESIAN_POINT('Ctrl Pts',(-11.8228909034306,6.23036690467982,13.6640205310917));
#4949=CARTESIAN_POINT('Ctrl Pts',(-11.9793949684713,-0.957859146732108,
14.9869489897016));
#4950=CARTESIAN_POINT('Ctrl Pts',(-12.135899033512,-7.92095576204284,12.7591837824814));
#4951=CARTESIAN_POINT('Ctrl Pts',(-12.2402350768724,-11.3090683157107,9.2588855392477));
#4952=CARTESIAN_POINT('Ctrl Pts',(-12.2924030985526,-12.4910162806435,7.21169161208154));
#4953=CARTESIAN_POINT('Ctrl Pts',(0.104457661096904,14.1998029985455,0.));
#4954=CARTESIAN_POINT('Ctrl Pts',(0.0522896394166877,14.1998029985455,2.3271839151838));
#4955=CARTESIAN_POINT('Ctrl Pts',(-0.0520464039437459,13.0341084374531,
6.97944760845893));
#4956=CARTESIAN_POINT('Ctrl Pts',(-0.208550468984397,8.1939868426986,12.3063575044311));
#4957=CARTESIAN_POINT('Ctrl Pts',(-0.365054534025046,1.41408799069671,14.7168569599491));
#4958=CARTESIAN_POINT('Ctrl Pts',(-0.521558599065698,-5.70153583075636,
13.6412274039612));
#4959=CARTESIAN_POINT('Ctrl Pts',(-0.678062664106347,-11.4660460146108,
9.33361948493392));
#4960=CARTESIAN_POINT('Ctrl Pts',(-0.834566729146998,-14.5143118052517,
2.81489455010897));
#4961=CARTESIAN_POINT('Ctrl Pts',(-0.991070794187648,-14.123891141282,-4.3707675113488));
#4962=CARTESIAN_POINT('Ctrl Pts',(-1.1475748592283,-10.3874190947478,-10.5209186858406));
#4963=CARTESIAN_POINT('Ctrl Pts',(-1.30407892426895,-4.19003388894023,-14.1785685781967));
#4964=CARTESIAN_POINT('Ctrl Pts',(-1.4605829893096,3.00000226224613,-14.4771583458782));
#4965=CARTESIAN_POINT('Ctrl Pts',(-1.61708705435025,9.47931248773144,-11.3459606425441));
#4966=CARTESIAN_POINT('Ctrl Pts',(-1.7735911193909,13.7128704863795,-5.52678324903654));
#4967=CARTESIAN_POINT('Ctrl Pts',(-1.93009518443155,14.6977065274444,1.60174633332034));
#4968=CARTESIAN_POINT('Ctrl Pts',(-2.0865992494722,12.2005001352025,8.3508058452591));
#4969=CARTESIAN_POINT('Ctrl Pts',(-2.24310331451285,6.81286706778937,13.1214711577245));
#4970=CARTESIAN_POINT('Ctrl Pts',(-2.3996073795535,-0.188806238344332,14.783521768177));
#4971=CARTESIAN_POINT('Ctrl Pts',(-2.55611144459415,-7.14574924806586,12.9432001630979));
#4972=CARTESIAN_POINT('Ctrl Pts',(-2.7126155096348,-12.4097889893124,8.03649803395138));
#4973=CARTESIAN_POINT('Ctrl Pts',(-2.86911957467545,-14.7338188735521,1.2258647862992));
#4974=CARTESIAN_POINT('Ctrl Pts',(-3.02562363971611,-13.5672517648157,-5.87518874260192));
#4975=CARTESIAN_POINT('Ctrl Pts',(-3.18212770475675,-9.18645968697075,-11.5843481298609));
#4976=CARTESIAN_POINT('Ctrl Pts',(-3.33863176979741,-2.6292984741954,-14.549053326767));
#4977=CARTESIAN_POINT('Ctrl Pts',(-3.49513583483805,4.55077126566504,-14.0669344233576));
#4978=CARTESIAN_POINT('Ctrl Pts',(-3.65163989987871,10.6527153199184,-10.2522104682942));
#4979=CARTESIAN_POINT('Ctrl Pts',(-3.80814396491935,14.2309188201006,-4.00862978024077));
#4980=CARTESIAN_POINT('Ctrl Pts',(-3.96464802996,14.4376676367625,3.18463755975555));
#4981=CARTESIAN_POINT('Ctrl Pts',(-4.12115209500066,11.2239807961745,9.62343069100758));
#4982=CARTESIAN_POINT('Ctrl Pts',(-4.27765616004131,5.35121458766207,13.7823316465034));
#4983=CARTESIAN_POINT('Ctrl Pts',(-4.43416022508196,-1.78931076629799,14.6760529488991));
#4984=CARTESIAN_POINT('Ctrl Pts',(-4.59066429012261,-8.50592953777456,12.0928626005526));
#4985=CARTESIAN_POINT('Ctrl Pts',(-4.74716835516326,-13.2074039367506,6.64474562559271));
#4986=CARTESIAN_POINT('Ctrl Pts',(-4.90367242020391,-14.7799051176746,-0.377581633447955));
#4987=CARTESIAN_POINT('Ctrl Pts',(-5.06017648524456,-12.8508909743064,-7.31045582326105));
#4988=CARTESIAN_POINT('Ctrl Pts',(-5.21668055028521,-7.87736529185624,-12.5114059655989));
#4989=CARTESIAN_POINT('Ctrl Pts',(-5.37318461532586,-1.03760873276215,-14.7482721460875));
#4990=CARTESIAN_POINT('Ctrl Pts',(-5.52968868036652,6.04796827304341,-13.4911171867131));
#4991=CARTESIAN_POINT('Ctrl Pts',(-5.68619274540715,11.7007178404945,-9.03777434961165));
#4992=CARTESIAN_POINT('Ctrl Pts',(-5.84269681044782,14.5814440087772,-2.44328749766831));
#4993=CARTESIAN_POINT('Ctrl Pts',(-5.99920087548845,14.0076723815393,4.73003991831224));
#4994=CARTESIAN_POINT('Ctrl Pts',(-6.15570494052912,10.1153355056694,10.7827710160751));
#4995=CARTESIAN_POINT('Ctrl Pts',(-6.31220900556976,3.82656901801005,14.2809499938824));
#4996=CARTESIAN_POINT('Ctrl Pts',(-6.46871307061042,-3.36875200767488,14.3958213759463));
#4997=CARTESIAN_POINT('Ctrl Pts',(-6.62521713565106,-9.76598017114655,11.1001709209425));
#4998=CARTESIAN_POINT('Ctrl Pts',(-6.78172120069172,-13.8495446842956,5.17477296265891));
#4999=CARTESIAN_POINT('Ctrl Pts',(-6.93822526573236,-14.6520060671879,-1.97658326018779));
#5000=CARTESIAN_POINT('Ctrl Pts',(-7.09472933077303,-11.9832527590944,-8.65966607260465));
#5001=CARTESIAN_POINT('Ctrl Pts',(-7.25123339581365,-6.47554055128321,-13.2911827068193));
#5002=CARTESIAN_POINT('Ctrl Pts',(-7.40773746085433,0.566295474837873,-14.773878049197));
#5003=CARTESIAN_POINT('Ctrl Pts',(-7.56424152589495,7.47397013338295,-12.7564859433412));
#5004=CARTESIAN_POINT('Ctrl Pts',(-7.72074559093562,12.6109824807058,-7.71694784540566));
#5005=CARTESIAN_POINT('Ctrl Pts',(-7.87724965597626,14.760320140065,-0.849183454926547));
#5006=CARTESIAN_POINT('Ctrl Pts',(-8.03375372101693,13.4127823627895,6.21976144766604));
#5007=CARTESIAN_POINT('Ctrl Pts',(-8.19025778605755,8.8876150533286,11.8151792978831));
#5008=CARTESIAN_POINT('Ctrl Pts',(-8.34676185109823,2.25687804923448,14.6114566230852));
#5009=CARTESIAN_POINT('Ctrl Pts',(-8.50326591613886,-4.908537155572,13.9461258480586));
#5010=CARTESIAN_POINT('Ctrl Pts',(-8.65976998117952,-10.911068164955,9.9768108469757));
#5011=CARTESIAN_POINT('Ctrl Pts',(-8.81627404622017,-14.3286521075215,3.64388418599499));
#5012=CARTESIAN_POINT('Ctrl Pts',(-8.97277811126082,-14.3516273204801,-3.55231705052832));
#5013=CARTESIAN_POINT('Ctrl Pts',(-9.12928217630146,-10.974550734557,-9.90693693116493));
#5014=CARTESIAN_POINT('Ctrl Pts',(-9.28578624134212,-4.99748739059867,-13.9144990190924));
#5015=CARTESIAN_POINT('Ctrl Pts',(-9.44229030638277,2.16353339482784,-14.6255696102277));
#5016=CARTESIAN_POINT('Ctrl Pts',(-9.59879437142343,8.81199031656869,-11.8716885855295));
#5017=CARTESIAN_POINT('Ctrl Pts',(-9.75529843646405,13.3727938324044,-6.30527939023618));
#5018=CARTESIAN_POINT('Ctrl Pts',(-9.91180250150473,14.7654415373246,0.754916960209373));
#5019=CARTESIAN_POINT('Ctrl Pts',(-10.0683065665454,12.6600004594475,7.63626552347669));
#5020=CARTESIAN_POINT('Ctrl Pts',(-10.224810631586,7.55527188288776,12.7085022894694));
#5021=CARTESIAN_POINT('Ctrl Pts',(-10.3813146966267,0.660619625550317,14.7699608915089));
#5022=CARTESIAN_POINT('Ctrl Pts',(-10.5378187616673,-6.39054013333125,13.3322600716672));
#5023=CARTESIAN_POINT('Ctrl Pts',(-10.694322826708,-11.9277140634751,8.73600627879625));
#5024=CARTESIAN_POINT('Ctrl Pts',(-10.8508268917486,-14.6390858245287,2.07010054831381));
#5025=CARTESIAN_POINT('Ctrl Pts',(-11.0073309567893,-13.8823057460585,-5.08623390291584));
#5026=CARTESIAN_POINT('Ctrl Pts',(-11.1638350218299,-9.83665734345503,-11.0375857710174));
#5027=CARTESIAN_POINT('Ctrl Pts',(-11.3203390868706,-3.46060849855841,-14.3740175224882));
#5028=CARTESIAN_POINT('Ctrl Pts',(-11.4768431519112,3.73530947288685,-14.3050924004622));
#5029=CARTESIAN_POINT('Ctrl Pts',(-11.6333472169519,10.0462647729617,-10.8471412695047));
#5030=CARTESIAN_POINT('Ctrl Pts',(-11.7898512819925,13.9772100168508,-4.81938571325711));
#5031=CARTESIAN_POINT('Ctrl Pts',(-11.9463553470332,14.5966968720812,2.35012857590481));
#5032=CARTESIAN_POINT('Ctrl Pts',(-12.1028594120738,11.7582885720028,8.9628815552527));
#5033=CARTESIAN_POINT('Ctrl Pts',(-12.2593634771145,6.13379235684467,13.4522159865261));
#5034=CARTESIAN_POINT('Ctrl Pts',(-12.4158675421551,-0.943022011836899,
14.7546116482399));
#5035=CARTESIAN_POINT('Ctrl Pts',(-12.5723716071958,-7.79814521828603,12.5614331520345));
#5036=CARTESIAN_POINT('Ctrl Pts',(-12.6767076505562,-11.1337981678829,9.11530188910043));
#5037=CARTESIAN_POINT('Ctrl Pts',(-12.7288756722364,-12.2973901254748,7.09990149927274));
#5038=CARTESIAN_POINT('Ctrl Pts',(-0.44121756666569,14.3033406479967,0.));
#5039=CARTESIAN_POINT('Ctrl Pts',(-0.493385588345906,14.3033406479967,2.34416092349004));
#5040=CARTESIAN_POINT('Ctrl Pts',(-0.59772163170634,13.1291472059578,7.03033313373574));
#5041=CARTESIAN_POINT('Ctrl Pts',(-0.75422569674699,8.25373331669984,12.39609202165));
#5042=CARTESIAN_POINT('Ctrl Pts',(-0.91072976178764,1.42439891374991,14.8241639790832));
#5043=CARTESIAN_POINT('Ctrl Pts',(-1.06723382682829,-5.74310872950533,13.7406933127636));
#5044=CARTESIAN_POINT('Ctrl Pts',(-1.22373789186894,-11.5496508987952,9.40167543809408));
#5045=CARTESIAN_POINT('Ctrl Pts',(-1.38024195690959,-14.6201432083156,2.83541957218613));
#5046=CARTESIAN_POINT('Ctrl Pts',(-1.53674602195024,-14.2268757699689,-4.40263713234092));
#5047=CARTESIAN_POINT('Ctrl Pts',(-1.69325008699089,-10.4631591703917,-10.5976321318975));
#5048=CARTESIAN_POINT('Ctrl Pts',(-1.84975415203154,-4.22058560323032,-14.281951914737));
#5049=CARTESIAN_POINT('Ctrl Pts',(-2.00625821707219,3.02187683784652,-14.5827188233656));
#5050=CARTESIAN_POINT('Ctrl Pts',(-2.16276228211284,9.54843108383095,-11.4286899460543));
#5051=CARTESIAN_POINT('Ctrl Pts',(-2.31926634715349,13.8128581544442,-5.56708189633741));
#5052=CARTESIAN_POINT('Ctrl Pts',(-2.47577041219414,14.8048751473635,1.61342549717198));
#5053=CARTESIAN_POINT('Ctrl Pts',(-2.63227447723479,12.2894603248565,8.41169591310806));
#5054=CARTESIAN_POINT('Ctrl Pts',(-2.78877854227544,6.8625432237074,13.2171466256006));
#5055=CARTESIAN_POINT('Ctrl Pts',(-2.94528260731609,-0.190182922802172,
14.891316111738));
#5056=CARTESIAN_POINT('Ctrl Pts',(-3.10178667235675,-7.19785262100302,13.0375757647419));
#5057=CARTESIAN_POINT('Ctrl Pts',(-3.25829073739739,-12.5002752128595,8.09509631945381));
#5058=CARTESIAN_POINT('Ctrl Pts',(-3.41479480243805,-14.8412508072766,1.23480320377547));
#5059=CARTESIAN_POINT('Ctrl Pts',(-3.5712988674787,-13.666177651238,-5.91802779830449));
#5060=CARTESIAN_POINT('Ctrl Pts',(-3.72780293251935,-9.25344294071718,-11.668815634947));
#5061=CARTESIAN_POINT('Ctrl Pts',(-3.88430699756,-2.64847005638007,-14.6551380388259));
#5062=CARTESIAN_POINT('Ctrl Pts',(-4.04081106260065,4.58395330497285,-14.1695037558362));
#5063=CARTESIAN_POINT('Ctrl Pts',(-4.1973151276413,10.7303898058118,-10.3269646650856));
#5064=CARTESIAN_POINT('Ctrl Pts',(-4.35381919268195,14.334683848072,-4.03785878411174));
#5065=CARTESIAN_POINT('Ctrl Pts',(-4.5103232577226,14.5429401778479,3.20785840794165));
#5066=CARTESIAN_POINT('Ctrl Pts',(-4.66682732276325,11.3058206756643,9.69360012753204));
#5067=CARTESIAN_POINT('Ctrl Pts',(-4.8233313878039,5.39023307539216,13.8828257921655));
#5068=CARTESIAN_POINT('Ctrl Pts',(-4.97983545284455,-1.80235756138281,14.783063681235));
#5069=CARTESIAN_POINT('Ctrl Pts',(-5.13633951788519,-8.56795069238642,12.181037949022));
#5070=CARTESIAN_POINT('Ctrl Pts',(-5.29284358292585,-13.3037059855679,6.69319592064524));
#5071=CARTESIAN_POINT('Ctrl Pts',(-5.4493476479665,-14.8876730901673,-0.3803347774474));
#5072=CARTESIAN_POINT('Ctrl Pts',(-5.60585171300715,-12.9445935017583,-7.36376015747686));
#5073=CARTESIAN_POINT('Ctrl Pts',(-5.7623557780478,-7.93480325775176,-12.6026331313494));
#5074=CARTESIAN_POINT('Ctrl Pts',(-5.91885984308845,-1.04517447750003,-14.855809466138));
#5075=CARTESIAN_POINT('Ctrl Pts',(-6.0753639081291,6.0920671541456,-13.5894879363423));
#5076=CARTESIAN_POINT('Ctrl Pts',(-6.23186797316975,11.7860338576368,-9.10367346126018));
#5077=CARTESIAN_POINT('Ctrl Pts',(-6.3883720382104,14.6877648981422,-2.46110277711322));
#5078=CARTESIAN_POINT('Ctrl Pts',(-6.54487610325105,14.1098096036582,4.76452909857068));
#5079=CARTESIAN_POINT('Ctrl Pts',(-6.7013801682917,10.1890916759459,10.861393805667));
#5080=CARTESIAN_POINT('Ctrl Pts',(-6.85788423333235,3.85447052220722,14.3850798251538));
#5081=CARTESIAN_POINT('Ctrl Pts',(-7.014388298373,-3.39331533002422,14.5007887941875));
#5082=CARTESIAN_POINT('Ctrl Pts',(-7.17089236341365,-9.8371890100443,11.1811080382615));
#5083=CARTESIAN_POINT('Ctrl Pts',(-7.32739642845431,-13.9505289151611,5.21250492276662));
#5084=CARTESIAN_POINT('Ctrl Pts',(-7.48390049349496,-14.758841461207,-1.99099555639114));
#5085=CARTESIAN_POINT('Ctrl Pts',(-7.6404045585356,-12.070628885222,-8.72280820022175));
#5086=CARTESIAN_POINT('Ctrl Pts',(-7.79690862357626,-6.52275708416687,-13.3880956302069));
#5087=CARTESIAN_POINT('Ctrl Pts',(-7.9534126886169,0.570424629569868,-14.8816020751999));
#5088=CARTESIAN_POINT('Ctrl Pts',(-8.10991675365756,7.52846673544723,-12.8495001146298));
#5089=CARTESIAN_POINT('Ctrl Pts',(-8.2664208186982,12.7029357105991,-7.77321612429582));
#5090=CARTESIAN_POINT('Ctrl Pts',(-8.42292488373886,14.8679453083035,-0.855375292998789));
#5091=CARTESIAN_POINT('Ctrl Pts',(-8.5794289487795,13.5105819324901,6.26511296212208));
#5092=CARTESIAN_POINT('Ctrl Pts',(-8.73593301382016,8.95241927547798,11.9013299130212));
#5093=CARTESIAN_POINT('Ctrl Pts',(-8.89243707886082,2.27333412047401,14.7179963500252));
#5094=CARTESIAN_POINT('Ctrl Pts',(-9.04894114390144,-4.94432785199057,14.047814302403));
#5095=CARTESIAN_POINT('Ctrl Pts',(-9.20544520894213,-10.9906264357628,10.0495569619449));
#5096=CARTESIAN_POINT('Ctrl Pts',(-9.36194927398275,-14.4331297597047,3.67045364010116));
#5097=CARTESIAN_POINT('Ctrl Pts',(-9.51845333902342,-14.4562724968854,-3.57821884104242));
#5098=CARTESIAN_POINT('Ctrl Pts',(-9.67495740406405,-11.0545718897863,-9.97917355908677));
#5099=CARTESIAN_POINT('Ctrl Pts',(-9.83146146910472,-5.03392666942544,-14.0159568657809));
#5100=CARTESIAN_POINT('Ctrl Pts',(-9.98796553414535,2.1793088416573,-14.7322122422998));
#5101=CARTESIAN_POINT('Ctrl Pts',(-10.144469599186,8.87624311945101,-11.9582512392532));
#5102=CARTESIAN_POINT('Ctrl Pts',(-10.3009736642267,13.4703018249256,-6.35125446049434));
#5103=CARTESIAN_POINT('Ctrl Pts',(-10.4574777292673,14.8731040483602,0.760421452299135));
#5104=CARTESIAN_POINT('Ctrl Pts',(-10.613981794308,12.752311104856,7.69194550552928));
#5105=CARTESIAN_POINT('Ctrl Pts',(-10.7704858593486,7.61036129838173,12.8011665871485));
#5106=CARTESIAN_POINT('Ctrl Pts',(-10.9269899243892,0.665436546500995,14.8776563551676));
#5107=CARTESIAN_POINT('Ctrl Pts',(-11.0834939894299,-6.43713688357264,13.4294725120896));
#5108=CARTESIAN_POINT('Ctrl Pts',(-11.2399980544706,-12.0146852288877,8.79970504134627));
#5109=CARTESIAN_POINT('Ctrl Pts',(-11.3965021195112,-14.7458270087885,2.0851947300455));
#5110=CARTESIAN_POINT('Ctrl Pts',(-11.5530061845518,-13.9835288579097,-5.12332028334331));
#5111=CARTESIAN_POINT('Ctrl Pts',(-11.7095102495925,-9.90838152036568,-11.1180665383569));
#5112=CARTESIAN_POINT('Ctrl Pts',(-11.8660143146332,-3.48584160612415,-14.4788259754052));
#5113=CARTESIAN_POINT('Ctrl Pts',(-12.0225183796738,3.76254557945054,-14.4093982313813));
#5114=CARTESIAN_POINT('Ctrl Pts',(-12.1790224447145,10.1195172671079,-10.9262334852364));
#5115=CARTESIAN_POINT('Ctrl Pts',(-12.3355265097551,14.0791252114609,-4.854526224257));
#5116=CARTESIAN_POINT('Ctrl Pts',(-12.4920305747958,14.7031288022455,2.36726431812802));
#5117=CARTESIAN_POINT('Ctrl Pts',(-12.6485346398364,11.8440247128296,9.02823510971159));
#5118=CARTESIAN_POINT('Ctrl Pts',(-12.8050387048771,6.1785163451112,13.5503020526272));
#5119=CARTESIAN_POINT('Ctrl Pts',(-12.9615427699177,-0.949896717499073,
14.8621972567484));
#5120=CARTESIAN_POINT('Ctrl Pts',(-13.1180468349584,-7.85500844351706,12.6530206938615));
#5121=CARTESIAN_POINT('Ctrl Pts',(-13.2223828783188,-11.2149758984027,9.18177323429952));
#5122=CARTESIAN_POINT('Ctrl Pts',(-13.274550899999,-12.3870563601477,7.15167032399836));
#5123=CARTESIAN_POINT('Ctrl Pts',(-0.679103819897334,14.6301690197018,0.));
#5124=CARTESIAN_POINT('Ctrl Pts',(-0.731271841577551,14.6301690197018,2.3977846954804));
#5125=CARTESIAN_POINT('Ctrl Pts',(-0.835607884937985,13.4291509815237,7.19093880669361));
#5126=CARTESIAN_POINT('Ctrl Pts',(-0.992111949978635,8.44233043676866,12.6793609574127));
#5127=CARTESIAN_POINT('Ctrl Pts',(-1.14861601501929,1.45694700838813,15.1628878759505));
#5128=CARTESIAN_POINT('Ctrl Pts',(-1.30512008005993,-5.87433927056896,14.0546732421876));
#5129=CARTESIAN_POINT('Ctrl Pts',(-1.46162414510059,-11.8135607767105,9.61650182814477));
#5130=CARTESIAN_POINT('Ctrl Pts',(-1.61812821014124,-14.9542141676881,2.90021019550188));
#5131=CARTESIAN_POINT('Ctrl Pts',(-1.77463227518189,-14.5519604488357,-4.50323817054419));
#5132=CARTESIAN_POINT('Ctrl Pts',(-1.93113634022254,-10.7022428179983,-10.839788172765));
#5133=CARTESIAN_POINT('Ctrl Pts',(-2.08764040526319,-4.31702615393594,-14.6082952741927));
#5134=CARTESIAN_POINT('Ctrl Pts',(-2.24414447030384,3.09092684693487,-14.9159344875785));
#5135=CARTESIAN_POINT('Ctrl Pts',(-2.40064853534449,9.7666131406081,-11.6898360348847));
#5136=CARTESIAN_POINT('Ctrl Pts',(-2.55715260038514,14.1284825467873,-5.6942899330769));
#5137=CARTESIAN_POINT('Ctrl Pts',(-2.71365666542579,15.1431671717733,1.65029232777596));
#5138=CARTESIAN_POINT('Ctrl Pts',(-2.87016073046644,12.5702750131855,8.60390352603215));
#5139=CARTESIAN_POINT('Ctrl Pts',(-3.02666479550709,7.01935262701643,13.5191589828093));
#5140=CARTESIAN_POINT('Ctrl Pts',(-3.18316886054774,-0.194528610718036,
15.2315833165978));
#5141=CARTESIAN_POINT('Ctrl Pts',(-3.33967292558839,-7.36232385803748,13.3354849221557));
#5142=CARTESIAN_POINT('Ctrl Pts',(-3.49617699062904,-12.7859070306303,8.28006961337009));
#5143=CARTESIAN_POINT('Ctrl Pts',(-3.65268105566969,-15.1803740164422,1.26301850907205));
#5144=CARTESIAN_POINT('Ctrl Pts',(-3.80918512071034,-13.9784503890631,-6.05325498391471));
#5145=CARTESIAN_POINT('Ctrl Pts',(-3.96568918575099,-9.46488450360789,-11.9354485661926));
#5146=CARTESIAN_POINT('Ctrl Pts',(-4.12219325079164,-2.7089877092794,-14.9900085633411));
#5147=CARTESIAN_POINT('Ctrl Pts',(-4.27869731583229,4.68869683203082,-14.4932775164639));
#5148=CARTESIAN_POINT('Ctrl Pts',(-4.43520138087294,10.9755796670914,-10.5629362448169));
#5149=CARTESIAN_POINT('Ctrl Pts',(-4.59170544591359,14.6622319807875,-4.13012402825425));
#5150=CARTESIAN_POINT('Ctrl Pts',(-4.74820951095424,14.8752469765139,3.28115810835326));
#5151=CARTESIAN_POINT('Ctrl Pts',(-4.9047135759949,11.5641591566784,9.91509930077522));
#5152=CARTESIAN_POINT('Ctrl Pts',(-5.06121764103554,5.51340012933327,14.2000489491765));
#5153=CARTESIAN_POINT('Ctrl Pts',(-5.2177217060762,-1.84354150795414,15.1208573121178));
#5154=CARTESIAN_POINT('Ctrl Pts',(-5.37422577111685,-8.7637287283886,12.4593751817803));
#5155=CARTESIAN_POINT('Ctrl Pts',(-5.53072983615749,-13.6076962304836,6.84613573075476));
#5156=CARTESIAN_POINT('Ctrl Pts',(-5.68723390119816,-15.2278570504725,-0.389025443211607));
#5157=CARTESIAN_POINT('Ctrl Pts',(-5.84373796623879,-13.2403780112178,-7.53202238878302));
#5158=CARTESIAN_POINT('Ctrl Pts',(-6.00024203127945,-8.11611384807144,-12.8906038318698));
#5159=CARTESIAN_POINT('Ctrl Pts',(-6.15674609632009,-1.06905675855311,-15.1952653412853));
#5160=CARTESIAN_POINT('Ctrl Pts',(-6.31325016136076,6.23127114649489,-13.9000083109304));
#5161=CARTESIAN_POINT('Ctrl Pts',(-6.46975422640139,12.0553452301863,-9.31169278520827));
#5162=CARTESIAN_POINT('Ctrl Pts',(-6.62625829144205,15.0233809477975,-2.51733907974867));
#5163=CARTESIAN_POINT('Ctrl Pts',(-6.7827623564827,14.4322193503697,4.87339879015542));
#5164=CARTESIAN_POINT('Ctrl Pts',(-6.93926642152335,10.4219128520453,11.109577113889));
#5165=CARTESIAN_POINT('Ctrl Pts',(-7.095770486564,3.94254533679929,14.7137795080787));
#5166=CARTESIAN_POINT('Ctrl Pts',(-7.25227455160466,-3.47085272895422,14.8321324319528));
#5167=CARTESIAN_POINT('Ctrl Pts',(-7.4087786166453,-10.0619691953318,11.4365968302318));
#5168=CARTESIAN_POINT('Ctrl Pts',(-7.56528268168596,-14.2692990913981,5.33161088089705));
#5169=CARTESIAN_POINT('Ctrl Pts',(-7.7217867467266,-15.096081613337,-2.03648988913348));
#5170=CARTESIAN_POINT('Ctrl Pts',(-7.87829081176726,-12.3464432661988,-8.92212473683307));
#5171=CARTESIAN_POINT('Ctrl Pts',(-8.03479487680789,-6.67180235964824,-13.6940141820749));
#5172=CARTESIAN_POINT('Ctrl Pts',(-8.19129894184857,0.583458856501606,-15.221647312556));
#5173=CARTESIAN_POINT('Ctrl Pts',(-8.3478030068892,7.70049251903201,-13.1431117361682));
#5174=CARTESIAN_POINT('Ctrl Pts',(-8.50430707192986,12.9931983293013,-7.950834441776));
#5175=CARTESIAN_POINT('Ctrl Pts',(-8.6608111369705,15.207678487958,-0.874920654651882));
#5176=CARTESIAN_POINT('Ctrl Pts',(-8.81731520201116,13.8192993015502,6.40827105850875));
#5177=CARTESIAN_POINT('Ctrl Pts',(-8.9738192670518,9.15698243487824,12.1732758053166));
#5178=CARTESIAN_POINT('Ctrl Pts',(-9.13032333209246,2.32527990135724,15.0543031896361));
#5179=CARTESIAN_POINT('Ctrl Pts',(-9.28682739713309,-5.05730595270229,14.3688074538558));
#5180=CARTESIAN_POINT('Ctrl Pts',(-9.44333146217377,-11.241762715052,10.2791897639242));
#5181=CARTESIAN_POINT('Ctrl Pts',(-9.59983552721439,-14.7629273856697,3.75432366114508));
#5182=CARTESIAN_POINT('Ctrl Pts',(-9.75633959225507,-14.7865989353695,-3.65998129302105));
#5183=CARTESIAN_POINT('Ctrl Pts',(-9.9128436572957,-11.3071693254142,-10.2071980973401));
#5184=CARTESIAN_POINT('Ctrl Pts',(-10.0693477223364,-5.14895210689482,-14.3362220734394));
#5185=CARTESIAN_POINT('Ctrl Pts',(-10.225851787377,2.22910614091375,-15.0688439156893));
#5186=CARTESIAN_POINT('Ctrl Pts',(-10.3823558524176,9.07906565051176,-12.2314977861865));
#5187=CARTESIAN_POINT('Ctrl Pts',(-10.5388599174583,13.7780987917242,-6.49638089391478));
#5188=CARTESIAN_POINT('Ctrl Pts',(-10.695363982499,15.2129551056369,0.777797114966962));
#5189=CARTESIAN_POINT('Ctrl Pts',(-10.8518680475396,13.0437019530266,7.86770678535241));
#5190=CARTESIAN_POINT('Ctrl Pts',(-11.0083721125803,7.78425837694371,13.0936737866739));
#5191=CARTESIAN_POINT('Ctrl Pts',(-11.1648761776209,0.680641798287419,15.2176114304216));
#5192=CARTESIAN_POINT('Ctrl Pts',(-11.3213802426616,-6.58422573095925,13.7363365318471));
#5193=CARTESIAN_POINT('Ctrl Pts',(-11.4778843077022,-12.2892213006222,9.00077866541121));
#5194=CARTESIAN_POINT('Ctrl Pts',(-11.6343883727429,-15.0827697689813,2.13284153483505));
#5195=CARTESIAN_POINT('Ctrl Pts',(-11.7908924377835,-14.3030531061439,-5.24038840198083));
#5196=CARTESIAN_POINT('Ctrl Pts',(-11.9473965028242,-10.1347884144742,-11.37211476396));
#5197=CARTESIAN_POINT('Ctrl Pts',(-12.1039005678648,-3.56549331898602,-14.809667890403));
#5198=CARTESIAN_POINT('Ctrl Pts',(-12.2604046329055,3.84852007147349,-14.7386533382558));
#5199=CARTESIAN_POINT('Ctrl Pts',(-12.4169086979461,10.350748338286,-11.1758988794009));
#5200=CARTESIAN_POINT('Ctrl Pts',(-12.5734127629868,14.400834460602,-4.96545137822482));
#5201=CARTESIAN_POINT('Ctrl Pts',(-12.7299168280274,15.0390946558551,2.42135449035763));
#5202=CARTESIAN_POINT('Ctrl Pts',(-12.8864208930681,12.1146636598551,9.23453443433937));
#5203=CARTESIAN_POINT('Ctrl Pts',(-13.0429249581087,6.31969081674334,13.8599195995022));
#5204=CARTESIAN_POINT('Ctrl Pts',(-13.1994290231494,-0.971592146677891,
15.2018139112563));
#5205=CARTESIAN_POINT('Ctrl Pts',(-13.35593308819,-8.03451649790946,12.9421111744179));
#5206=CARTESIAN_POINT('Ctrl Pts',(-13.4602691315505,-11.4712056849816,9.39162696894245));
#5207=CARTESIAN_POINT('Ctrl Pts',(-13.5124371532307,-12.6700980327218,7.3150845098509));
#5208=CARTESIAN_POINT('Ctrl Pts',(-0.72618158062822,14.8124891684294,0.));
#5209=CARTESIAN_POINT('Ctrl Pts',(-0.778349602308437,14.8124891684294,2.42762882843804));
#5210=CARTESIAN_POINT('Ctrl Pts',(-0.88268564566887,13.5965007670016,7.28057384520468));
#5211=CARTESIAN_POINT('Ctrl Pts',(-1.03918971070952,8.54753754428813,12.8373575203417));
#5212=CARTESIAN_POINT('Ctrl Pts',(-1.19569377575017,1.47510284459986,15.3518499056327));
#5213=CARTESIAN_POINT('Ctrl Pts',(-1.35219784079082,-5.94754383828469,14.2298167394107));
#5214=CARTESIAN_POINT('Ctrl Pts',(-1.50870190583148,-11.9607788655686,9.73634197238086));
#5215=CARTESIAN_POINT('Ctrl Pts',(-1.66520597087212,-15.1405702671965,2.9363512648322));
#5216=CARTESIAN_POINT('Ctrl Pts',(-1.82171003591277,-14.7333038136889,-4.5593561744554));
#5217=CARTESIAN_POINT('Ctrl Pts',(-1.97821410095342,-10.8356118128992,-10.9748714236781));
#5218=CARTESIAN_POINT('Ctrl Pts',(-2.13471816599407,-4.37082399375213,-14.7903405558332));
#5219=CARTESIAN_POINT('Ctrl Pts',(-2.29122223103472,3.12944530305265,-15.1018136438352));
#5220=CARTESIAN_POINT('Ctrl Pts',(-2.44772629607537,9.88832253281296,-11.8355121865611));
#5221=CARTESIAN_POINT('Ctrl Pts',(-2.60423036111603,14.3045486022389,-5.76525093932946));
#5222=CARTESIAN_POINT('Ctrl Pts',(-2.76073442615667,15.3318780036647,1.67085791559254));
#5223=CARTESIAN_POINT('Ctrl Pts',(-2.91723849119733,12.7269230271329,8.71112348391822));
#5224=CARTESIAN_POINT('Ctrl Pts',(-3.07374255623797,7.10682626180512,13.6876317823854));
#5225=CARTESIAN_POINT('Ctrl Pts',(-3.23024662127863,-0.196952783605621,
15.4213959706561));
#5226=CARTESIAN_POINT('Ctrl Pts',(-3.38675068631928,-7.45407152530148,13.5016688146089));
#5227=CARTESIAN_POINT('Ctrl Pts',(-3.54325475135993,-12.9452422033454,8.38325402696922));
#5228=CARTESIAN_POINT('Ctrl Pts',(-3.69975881640058,-15.3695485122577,1.27875796918398));
#5229=CARTESIAN_POINT('Ctrl Pts',(-3.85626288144123,-14.1526467758998,-6.12868932164531));
#5230=CARTESIAN_POINT('Ctrl Pts',(-4.01276694648188,-9.58283382105864,-12.0841855117967));
#5231=CARTESIAN_POINT('Ctrl Pts',(-4.16927101152253,-2.74274652072161,-15.1768107665867));
#5232=CARTESIAN_POINT('Ctrl Pts',(-4.32577507656318,4.74712634491593,-14.6738895661879));
#5233=CARTESIAN_POINT('Ctrl Pts',(-4.48227914160383,11.1123549367579,-10.694569242546));
#5234=CARTESIAN_POINT('Ctrl Pts',(-4.63878320664448,14.8449495040445,-4.18159272920977));
#5235=CARTESIAN_POINT('Ctrl Pts',(-4.79528727168512,15.060619045988,3.32204718197758));
#5236=CARTESIAN_POINT('Ctrl Pts',(-4.95179133672579,11.7082691750186,10.0386590964098));
#5237=CARTESIAN_POINT('Ctrl Pts',(-5.10829540176642,5.58210691406276,14.3770068487324));
#5238=CARTESIAN_POINT('Ctrl Pts',(-5.26479946680709,-1.86651531840787,15.3092901237945));
#5239=CARTESIAN_POINT('Ctrl Pts',(-5.42130353184772,-8.87294039615152,12.6146411861327));
#5240=CARTESIAN_POINT('Ctrl Pts',(-5.57780759688839,-13.7772723602112,6.93145077462021));
#5241=CARTESIAN_POINT('Ctrl Pts',(-5.73431166192903,-15.4176232694507,-0.393873393070884));
#5242=CARTESIAN_POINT('Ctrl Pts',(-5.89081572696968,-13.4053767017561,-7.62588480194078));
#5243=CARTESIAN_POINT('Ctrl Pts',(-6.04731979201033,-8.21725508105259,-13.0512437132013));
#5244=CARTESIAN_POINT('Ctrl Pts',(-6.20382385705099,-1.08237910970675,-15.3846254095227));
#5245=CARTESIAN_POINT('Ctrl Pts',(-6.36032792209163,6.30892388259423,-14.073227169775));
#5246=CARTESIAN_POINT('Ctrl Pts',(-6.51683198713229,12.2055763017827,-9.42773306101853));
#5247=CARTESIAN_POINT('Ctrl Pts',(-6.67333605217293,15.2105990303737,-2.54870960795017));
#5248=CARTESIAN_POINT('Ctrl Pts',(-6.82984011721359,14.6120705066097,4.93413001838509));
#5249=CARTESIAN_POINT('Ctrl Pts',(-6.98634418225423,10.5517884471404,11.2480222303859));
#5250=CARTESIAN_POINT('Ctrl Pts',(-7.14284824729489,3.99167647319196,14.8971394053297));
#5251=CARTESIAN_POINT('Ctrl Pts',(-7.29935231233554,-3.5141057353898,15.0169672174165));
#5252=CARTESIAN_POINT('Ctrl Pts',(-7.45585637737619,-10.1873592514208,11.5791171948017));
#5253=CARTESIAN_POINT('Ctrl Pts',(-7.61236044241684,-14.4471199710576,5.39805224783251));
#5254=CARTESIAN_POINT('Ctrl Pts',(-7.76886450745749,-15.2842056756824,-2.06186818004909));
#5255=CARTESIAN_POINT('Ctrl Pts',(-7.92536857249813,-12.5003019377565,-9.03331030095739));
#5256=CARTESIAN_POINT('Ctrl Pts',(-8.08187263753879,-6.75494489922976,-13.8646659872076));
#5257=CARTESIAN_POINT('Ctrl Pts',(-8.23837670257943,0.590729792967632,-15.4113361471406));
#5258=CARTESIAN_POINT('Ctrl Pts',(-8.3948807676201,7.79645437005041,-13.3068983156924));
#5259=CARTESIAN_POINT('Ctrl Pts',(-8.55138483266074,13.155116720787,-8.04991599899955));
#5260=CARTESIAN_POINT('Ctrl Pts',(-8.70788889770139,15.3971932461102,-0.885823724203196));
#5261=CARTESIAN_POINT('Ctrl Pts',(-8.86439296274204,13.9915123823987,6.48812952874062));
#5262=CARTESIAN_POINT('Ctrl Pts',(-9.0208970277827,9.27109474419128,12.3249765019083));
#5263=CARTESIAN_POINT('Ctrl Pts',(-9.17740109282333,2.35425703014708,15.2419066184165));
#5264=CARTESIAN_POINT('Ctrl Pts',(-9.33390515786399,-5.12032899170743,14.5478683849319));
#5265=CARTESIAN_POINT('Ctrl Pts',(-9.49040922290465,-11.3818550995565,10.4072867751571));
#5266=CARTESIAN_POINT('Ctrl Pts',(-9.64691328794529,-14.9468997530047,3.80110922024634));
#5267=CARTESIAN_POINT('Ctrl Pts',(-9.80341735298594,-14.9708662923748,-3.7055911781975));
#5268=CARTESIAN_POINT('Ctrl Pts',(-9.95992141802659,-11.4480767927655,-10.3343979641881));
#5269=CARTESIAN_POINT('Ctrl Pts',(-10.1164254830673,-5.2131172202071,-14.514876932654));
#5270=CARTESIAN_POINT('Ctrl Pts',(-10.2729295481079,2.25688477338309,-15.2566285477892));
#5271=CARTESIAN_POINT('Ctrl Pts',(-10.4294336131485,9.19220697789449,-12.3839240323972));
#5272=CARTESIAN_POINT('Ctrl Pts',(-10.5859376781892,13.9497984409045,-6.57733736952375));
#5273=CARTESIAN_POINT('Ctrl Pts',(-10.7424417432299,15.4025356197242,0.787489852060838));
#5274=CARTESIAN_POINT('Ctrl Pts',(-10.8989458082705,13.2062497098418,7.96575242428466));
#5275=CARTESIAN_POINT('Ctrl Pts',(-11.0554498733111,7.88126409927664,13.2568442806043));
#5276=CARTESIAN_POINT('Ctrl Pts',(-11.2119539383518,0.689123808187144,15.4072499720956));
#5277=CARTESIAN_POINT('Ctrl Pts',(-11.3684580033924,-6.66627691154706,13.9075157461428));
#5278=CARTESIAN_POINT('Ctrl Pts',(-11.5249620684331,-12.4423668811012,9.11294440284985));
#5279=CARTESIAN_POINT('Ctrl Pts',(-11.6814661334737,-15.2707279488728,2.15942052846803));
#5280=CARTESIAN_POINT('Ctrl Pts',(-11.8379701985144,-14.4812946075107,-5.30569295395577));
#5281=CARTESIAN_POINT('Ctrl Pts',(-11.9944742635551,-10.261085954115,-11.5138316072533));
#5282=CARTESIAN_POINT('Ctrl Pts',(-12.1509783285957,-3.60992566385672,-14.9942226488509));
#5283=CARTESIAN_POINT('Ctrl Pts',(-12.3074823936363,3.89647938367844,-14.9223233626227));
#5284=CARTESIAN_POINT('Ctrl Pts',(-12.463986458677,10.479737297101,-11.3151701788243));
#5285=CARTESIAN_POINT('Ctrl Pts',(-12.6204905237176,14.5802941115916,-5.02733034381899));
#5286=CARTESIAN_POINT('Ctrl Pts',(-12.7769945887583,15.2265093328208,2.4515300552302));
#5287=CARTESIAN_POINT('Ctrl Pts',(-12.9334986537989,12.2656324237815,9.3496108683844));
#5288=CARTESIAN_POINT('Ctrl Pts',(-13.0900027188396,6.39844841619816,14.0326434356636));
#5289=CARTESIAN_POINT('Ctrl Pts',(-13.2465067838802,-0.983705892983948,
15.3912465022232));
#5290=CARTESIAN_POINT('Ctrl Pts',(-13.4030108489209,-8.13462814419566,13.1034122875766));
#5291=CARTESIAN_POINT('Ctrl Pts',(-13.5073468922813,-11.6141774989227,9.5086328206015));
#5292=CARTESIAN_POINT('Ctrl Pts',(-13.5595149139616,-12.8279919131417,7.40624458421471));
#5293=CARTESIAN_POINT('Origin',(0.,15.,0.));
#5294=CARTESIAN_POINT('Ctrl Pts',(-13.5535808551816,-12.8092522891631,7.39542525726609));
#5295=CARTESIAN_POINT('Ctrl Pts',(-13.5533848175795,-12.7199086349488,7.57900975892874));
#5296=CARTESIAN_POINT('Ctrl Pts',(-13.5507374646598,-12.6201076366363,7.75786808836048));
#5297=CARTESIAN_POINT('Ctrl Pts',(-13.5463440385901,-12.5106474457785,7.93054448649439));
#5298=CARTESIAN_POINT('Ctrl Pts',(-0.726181580631003,14.8124891684402,0.));
#5299=CARTESIAN_POINT('Ctrl Pts',(-0.674013558950786,14.8124891684402,-2.4276288284398));
#5300=CARTESIAN_POINT('Ctrl Pts',(-0.569677515590352,13.5965007670115,-7.28057384520997));
#5301=CARTESIAN_POINT('Ctrl Pts',(-0.413173450549703,8.54753754429434,-12.8373575203511));
#5302=CARTESIAN_POINT('Ctrl Pts',(-0.256669385509052,1.47510284460094,-15.3518499056439));
#5303=CARTESIAN_POINT('Ctrl Pts',(-0.100165320468401,-5.94754383828903,
-14.2298167394211));
#5304=CARTESIAN_POINT('Ctrl Pts',(0.056338744572249,-11.9607788655773,-9.73634197238792));
#5305=CARTESIAN_POINT('Ctrl Pts',(0.2128428096129,-15.1405702672075,-2.93635126483434));
#5306=CARTESIAN_POINT('Ctrl Pts',(0.36934687465355,-14.7333038136996,4.55935617445873));
#5307=CARTESIAN_POINT('Ctrl Pts',(0.5258509396942,-10.8356118129071,10.974871423686));
#5308=CARTESIAN_POINT('Ctrl Pts',(0.682355004734851,-4.3708239937553,14.790340555844));
#5309=CARTESIAN_POINT('Ctrl Pts',(0.838859069775501,3.12944530305491,15.1018136438461));
#5310=CARTESIAN_POINT('Ctrl Pts',(0.995363134816152,9.88832253282018,11.8355121865698));
#5311=CARTESIAN_POINT('Ctrl Pts',(1.1518671998568,14.3045486022492,5.76525093933365));
#5312=CARTESIAN_POINT('Ctrl Pts',(1.30837126489745,15.3318780036759,-1.67085791559375));
#5313=CARTESIAN_POINT('Ctrl Pts',(1.4648753299381,12.7269230271421,-8.71112348392455));
#5314=CARTESIAN_POINT('Ctrl Pts',(1.62137939497875,7.1068262618103,-13.6876317823954));
#5315=CARTESIAN_POINT('Ctrl Pts',(1.7778834600194,-0.196952783605774,-15.4213959706673));
#5316=CARTESIAN_POINT('Ctrl Pts',(1.93438752506006,-7.45407152530689,-13.5016688146187));
#5317=CARTESIAN_POINT('Ctrl Pts',(2.0908915901007,-12.9452422033548,-8.38325402697534));
#5318=CARTESIAN_POINT('Ctrl Pts',(2.24739565514135,-15.3695485122689,-1.2787579691849));
#5319=CARTESIAN_POINT('Ctrl Pts',(2.403899720182,-14.1526467759101,6.12868932164975));
#5320=CARTESIAN_POINT('Ctrl Pts',(2.56040378522265,-9.58283382106561,12.0841855118055));
#5321=CARTESIAN_POINT('Ctrl Pts',(2.71690785026331,-2.74274652072361,15.1768107665977));
#5322=CARTESIAN_POINT('Ctrl Pts',(2.87341191530396,4.7471263449194,14.6738895661986));
#5323=CARTESIAN_POINT('Ctrl Pts',(3.02991598034461,11.112354936766,10.6945692425538));
#5324=CARTESIAN_POINT('Ctrl Pts',(3.18642004538525,14.8449495040554,4.18159272921281));
#5325=CARTESIAN_POINT('Ctrl Pts',(3.34292411042591,15.0606190459989,-3.32204718198));
#5326=CARTESIAN_POINT('Ctrl Pts',(3.49942817546655,11.7082691750271,-10.0386590964171));
#5327=CARTESIAN_POINT('Ctrl Pts',(3.65593224050721,5.58210691406682,-14.3770068487428));
#5328=CARTESIAN_POINT('Ctrl Pts',(3.81243630554785,-1.86651531840923,-15.3092901238057));
#5329=CARTESIAN_POINT('Ctrl Pts',(3.96894037058851,-8.87294039615797,-12.6146411861419));
#5330=CARTESIAN_POINT('Ctrl Pts',(4.12544443562916,-13.7772723602212,-6.93145077462525));
#5331=CARTESIAN_POINT('Ctrl Pts',(4.28194850066981,-15.4176232694619,0.39387339307116));
#5332=CARTESIAN_POINT('Ctrl Pts',(4.43845256571046,-13.4053767017659,7.62588480194634));
#5333=CARTESIAN_POINT('Ctrl Pts',(4.59495663075111,-8.21725508105856,13.0512437132108));
#5334=CARTESIAN_POINT('Ctrl Pts',(4.75146069579176,-1.08237910970755,15.3846254095339));
#5335=CARTESIAN_POINT('Ctrl Pts',(4.90796476083241,6.30892388259883,14.0732271697852));
#5336=CARTESIAN_POINT('Ctrl Pts',(5.06446882587306,12.2055763017916,9.42773306102539));
#5337=CARTESIAN_POINT('Ctrl Pts',(5.22097289091371,15.2105990303847,2.54870960795202));
#5338=CARTESIAN_POINT('Ctrl Pts',(5.37747695595436,14.6120705066203,-4.93413001838868));
#5339=CARTESIAN_POINT('Ctrl Pts',(5.53398102099502,10.5517884471481,-11.2480222303941));
#5340=CARTESIAN_POINT('Ctrl Pts',(5.69048508603565,3.99167647319486,-14.8971394053405));
#5341=CARTESIAN_POINT('Ctrl Pts',(5.84698915107632,-3.51410573539235,-15.0169672174274));
#5342=CARTESIAN_POINT('Ctrl Pts',(6.00349321611696,-10.1873592514282,-11.5791171948102));
#5343=CARTESIAN_POINT('Ctrl Pts',(6.15999728115762,-14.4471199710681,-5.39805224783644));
#5344=CARTESIAN_POINT('Ctrl Pts',(6.31650134619826,-15.2842056756936,2.0618681800506));
#5345=CARTESIAN_POINT('Ctrl Pts',(6.47300541123892,-12.5003019377655,9.03331030096396));
#5346=CARTESIAN_POINT('Ctrl Pts',(6.62950947627956,-6.75494489923468,13.8646659872177));
#5347=CARTESIAN_POINT('Ctrl Pts',(6.78601354132021,0.59072979296805,15.4113361471518));
#5348=CARTESIAN_POINT('Ctrl Pts',(6.94251760636087,7.79645437005611,13.3068983157021));
#5349=CARTESIAN_POINT('Ctrl Pts',(7.09902167140152,13.1551167207965,8.0499159990054));
#5350=CARTESIAN_POINT('Ctrl Pts',(7.25552573644217,15.3971932461214,0.885823724203847));
#5351=CARTESIAN_POINT('Ctrl Pts',(7.41202980148282,13.9915123824089,-6.48812952874535));
#5352=CARTESIAN_POINT('Ctrl Pts',(7.56853386652346,9.27109474419802,-12.3249765019173));
#5353=CARTESIAN_POINT('Ctrl Pts',(7.72503793156412,2.35425703014879,-15.2419066184276));
#5354=CARTESIAN_POINT('Ctrl Pts',(7.88154199660476,-5.12032899171116,-14.5478683849425));
#5355=CARTESIAN_POINT('Ctrl Pts',(8.03804606164542,-11.3818550995648,-10.4072867751647));
#5356=CARTESIAN_POINT('Ctrl Pts',(8.19455012668607,-14.9468997530155,-3.80110922024911));
#5357=CARTESIAN_POINT('Ctrl Pts',(8.35105419172671,-14.9708662923857,3.7055911782002));
#5358=CARTESIAN_POINT('Ctrl Pts',(8.50755825676737,-11.4480767927739,10.3343979641957));
#5359=CARTESIAN_POINT('Ctrl Pts',(8.66406232180803,-5.21311722021089,14.5148769326646));
#5360=CARTESIAN_POINT('Ctrl Pts',(8.82056638684866,2.25688477338473,15.2566285478003));
#5361=CARTESIAN_POINT('Ctrl Pts',(8.97707045188933,9.19220697790118,12.3839240324062));
#5362=CARTESIAN_POINT('Ctrl Pts',(9.13357451692996,13.9497984409147,6.57733736952853));
#5363=CARTESIAN_POINT('Ctrl Pts',(9.29007858197063,15.4025356197354,-0.787489852061411));
#5364=CARTESIAN_POINT('Ctrl Pts',(9.44658264701126,13.2062497098514,-7.96575242429045));
#5365=CARTESIAN_POINT('Ctrl Pts',(9.60308671205193,7.88126409928238,-13.256844280614));
#5366=CARTESIAN_POINT('Ctrl Pts',(9.75959077709257,0.689123808187641,-15.4072499721068));
#5367=CARTESIAN_POINT('Ctrl Pts',(9.91609484213322,-6.6662769115519,-13.907515746153));
#5368=CARTESIAN_POINT('Ctrl Pts',(10.0725989071739,-12.4423668811103,-9.11294440285648));
#5369=CARTESIAN_POINT('Ctrl Pts',(10.2291029722145,-15.2707279488839,-2.1594205284696));
#5370=CARTESIAN_POINT('Ctrl Pts',(10.3856070372552,-14.4812946075212,5.30569295395962));
#5371=CARTESIAN_POINT('Ctrl Pts',(10.5421111022959,-10.2610859541225,11.5138316072617));
#5372=CARTESIAN_POINT('Ctrl Pts',(10.6986151673365,-3.60992566385934,14.9942226488618));
#5373=CARTESIAN_POINT('Ctrl Pts',(10.8551192323771,3.89647938368128,14.9223233626336));
#5374=CARTESIAN_POINT('Ctrl Pts',(11.0116232974178,10.4797372971086,11.3151701788325));
#5375=CARTESIAN_POINT('Ctrl Pts',(11.1681273624584,14.5802941116022,5.02733034382265));
#5376=CARTESIAN_POINT('Ctrl Pts',(11.3246314274991,15.2265093328319,-2.45153005523198));
#5377=CARTESIAN_POINT('Ctrl Pts',(11.4811354925397,12.2656324237904,-9.34961086839121));
#5378=CARTESIAN_POINT('Ctrl Pts',(11.6376395575804,6.3984484162028,-14.0326434356738));
#5379=CARTESIAN_POINT('Ctrl Pts',(11.794143622621,-0.983705892984655,-15.3912465022344));
#5380=CARTESIAN_POINT('Ctrl Pts',(11.9506476876617,-8.13462814420158,-13.1034122875861));
#5381=CARTESIAN_POINT('Ctrl Pts',(12.0549837310221,-11.6141774989311,-9.50863282060842));
#5382=CARTESIAN_POINT('Ctrl Pts',(12.1071517527023,-12.827991913151,-7.4062445842201));
#5383=CARTESIAN_POINT('Ctrl Pts',(-0.690873260084869,14.6757490568939,0.));
#5384=CARTESIAN_POINT('Ctrl Pts',(-0.638705238404653,14.6757490568939,-2.40512908184984));
#5385=CARTESIAN_POINT('Ctrl Pts',(-0.534369195044219,13.470977804442,-7.21341731219884));
#5386=CARTESIAN_POINT('Ctrl Pts',(-0.377865130003569,8.46863023066702,-12.7188197813755));
#5387=CARTESIAN_POINT('Ctrl Pts',(-0.221361064962918,1.46148427252488,-15.2101384239004));
#5388=CARTESIAN_POINT('Ctrl Pts',(-0.0648569999222679,-5.8926371252732,
-14.0984437404297));
#5389=CARTESIAN_POINT('Ctrl Pts',(0.0916470651183823,-11.8503599750103,
-9.64646176090322));
#5390=CARTESIAN_POINT('Ctrl Pts',(0.248151130159033,-15.000795992277,-2.90924183187382));
#5391=CARTESIAN_POINT('Ctrl Pts',(0.404655195199683,-14.5972894793215,4.5172643929519));
#5392=CARTESIAN_POINT('Ctrl Pts',(0.561159260240334,-10.7355799740806,10.8735544473196));
#5393=CARTESIAN_POINT('Ctrl Pts',(0.717663325280983,-4.33047359086327,14.6537993921728));
#5394=CARTESIAN_POINT('Ctrl Pts',(0.874167390321636,3.10055500889986,14.9623973781728));
#5395=CARTESIAN_POINT('Ctrl Pts',(1.03067145536229,9.79703586795796,11.7262494704822));
#5396=CARTESIAN_POINT('Ctrl Pts',(1.18717552040293,14.1724923851153,5.71202753247599));
#5397=CARTESIAN_POINT('Ctrl Pts',(1.34367958544359,15.1903377211577,-1.65543296468868));
#5398=CARTESIAN_POINT('Ctrl Pts',(1.50018365048424,12.6094310759239,-8.63070443870529));
#5399=CARTESIAN_POINT('Ctrl Pts',(1.65668771552489,7.04121771771292,-13.5612707980414));
#5400=CARTESIAN_POINT('Ctrl Pts',(1.81319178056554,-0.195134561842058,-15.2790292782705));
#5401=CARTESIAN_POINT('Ctrl Pts',(1.96969584560619,-7.38525729512811,-13.3770245935887));
#5402=CARTESIAN_POINT('Ctrl Pts',(2.12619991064684,-12.825734780508,-8.30586180251213));
#5403=CARTESIAN_POINT('Ctrl Pts',(2.28270397568749,-15.2276604654099,-1.26695277748083));
#5404=CARTESIAN_POINT('Ctrl Pts',(2.43920804072814,-14.0219928788449,6.07211070745174));
#5405=CARTESIAN_POINT('Ctrl Pts',(2.59571210576879,-9.49436735939648,11.972627161212));
#5406=CARTESIAN_POINT('Ctrl Pts',(2.75221617080944,-2.71742613173376,15.036702029168));
#5407=CARTESIAN_POINT('Ctrl Pts',(2.90872023585009,4.70330199413735,14.5384236786214));
#5408=CARTESIAN_POINT('Ctrl Pts',(3.06522430089074,11.009768296899,10.5958395016873));
#5409=CARTESIAN_POINT('Ctrl Pts',(3.22172836593139,14.7079044314949,4.14298925138326));
#5410=CARTESIAN_POINT('Ctrl Pts',(3.37823243097204,14.9215829630945,-3.29137882591631));
#5411=CARTESIAN_POINT('Ctrl Pts',(3.53473649601269,11.6001811954615,-9.94598456331198));
#5412=CARTESIAN_POINT('Ctrl Pts',(3.69124056105334,5.53057421960614,-14.244281712409));
#5413=CARTESIAN_POINT('Ctrl Pts',(3.84774462609399,-1.84928408921737,-15.1679583681615));
#5414=CARTESIAN_POINT('Ctrl Pts',(4.00424869113464,-8.79102750315138,-12.4981857939423));
#5415=CARTESIAN_POINT('Ctrl Pts',(4.16075275617529,-13.6500838312355,-6.86746125589396));
#5416=CARTESIAN_POINT('Ctrl Pts',(4.31725682121594,-15.2752914077677,0.390237246803529));
#5417=CARTESIAN_POINT('Ctrl Pts',(4.47376088625659,-13.2816214257854,7.55548443206072));
#5418=CARTESIAN_POINT('Ctrl Pts',(4.63026495129725,-8.14139532023406,12.9307577094565));
#5419=CARTESIAN_POINT('Ctrl Pts',(4.78676901633789,-1.07238684105166,15.2425981762998));
#5420=CARTESIAN_POINT('Ctrl Pts',(4.94327308137855,6.25068138530831,13.9433064558001));
#5421=CARTESIAN_POINT('Ctrl Pts',(5.0997771464192,12.0928973001243,9.34069845298758));
#5422=CARTESIAN_POINT('Ctrl Pts',(5.25628121145984,15.0701783676378,2.52518052197829));
#5423=CARTESIAN_POINT('Ctrl Pts',(5.4127852765005,14.4771753180387,-4.88857929380004));
#5424=CARTESIAN_POINT('Ctrl Pts',(5.56928934154114,10.4543768249001,-11.1441831420697));
#5425=CARTESIAN_POINT('Ctrl Pts',(5.7257934065818,3.95482625745271,-14.7596125279209));
#5426=CARTESIAN_POINT('Ctrl Pts',(5.88229747162245,-3.48166434006397,-14.8783341179087));
#5427=CARTESIAN_POINT('Ctrl Pts',(6.0388015366631,-10.0933119535625,-11.4722215158648));
#5428=CARTESIAN_POINT('Ctrl Pts',(6.19530560170375,-14.3137475669262,-5.3482187026441));
#5429=CARTESIAN_POINT('Ctrl Pts',(6.3518096667444,-15.1431054937577,2.04283349931509));
#5430=CARTESIAN_POINT('Ctrl Pts',(6.50831373178505,-12.3849020985396,8.9499169108203));
#5431=CARTESIAN_POINT('Ctrl Pts',(6.6648177968257,-6.69258484111504,13.7366706608798));
#5432=CARTESIAN_POINT('Ctrl Pts',(6.82132186186636,0.585276314846168,15.2690623266879));
#5433=CARTESIAN_POINT('Ctrl Pts',(6.97782592690699,7.72447934214747,13.1840521689551));
#5434=CARTESIAN_POINT('Ctrl Pts',(7.13432999194766,13.0336717859352,7.97560107311861));
#5435=CARTESIAN_POINT('Ctrl Pts',(7.2908340569883,15.2550499895841,0.877646008508223));
#5436=CARTESIAN_POINT('Ctrl Pts',(7.44733812202896,13.8623460400679,-6.4282326471961));
#5437=CARTESIAN_POINT('Ctrl Pts',(7.60384218706959,9.18550618415734,-12.2111952257639));
#5438=CARTESIAN_POINT('Ctrl Pts',(7.76034625211025,2.33252308451032,-15.1011969314114));
#5439=CARTESIAN_POINT('Ctrl Pts',(7.9168503171509,-5.07305932211617,-14.4135658952068));
#5440=CARTESIAN_POINT('Ctrl Pts',(8.07335438219155,-11.2767804977587,-10.311209158269));
#5441=CARTESIAN_POINT('Ctrl Pts',(8.22985844723221,-14.8089134997999,-3.7660182764437));
#5442=CARTESIAN_POINT('Ctrl Pts',(8.38636251227285,-14.8326587857387,3.67138203443426));
#5443=CARTESIAN_POINT('Ctrl Pts',(8.54286657731351,-11.3423908479037,10.2389932395987));
#5444=CARTESIAN_POINT('Ctrl Pts',(8.69937064235416,-5.16499095159492,14.3808790122634));
#5445=CARTESIAN_POINT('Ctrl Pts',(8.8558747073948,2.23604974549311,15.1157829513474));
#5446=CARTESIAN_POINT('Ctrl Pts',(9.01237877243546,9.1073466910383,12.2695985666672));
#5447=CARTESIAN_POINT('Ctrl Pts',(9.1688828374761,13.8210171919893,6.51661694201128));
#5448=CARTESIAN_POINT('Ctrl Pts',(9.32538690251676,15.2603430433776,-0.780219931044303));
#5449=CARTESIAN_POINT('Ctrl Pts',(9.48189096755739,13.0843327278597,-7.89221447753295));
#5450=CARTESIAN_POINT('Ctrl Pts',(9.63839503259807,7.80850612684688,-13.1344602192274));
#5451=CARTESIAN_POINT('Ctrl Pts',(9.79489909763869,0.6827619819043,-15.2650138775604));
#5452=CARTESIAN_POINT('Ctrl Pts',(9.95140316267936,-6.60473541966633,-13.7791248344358));
#5453=CARTESIAN_POINT('Ctrl Pts',(10.10790722772,-12.3275018762432,-9.02881586226145));
#5454=CARTESIAN_POINT('Ctrl Pts',(10.2644112927606,-15.1297522066894,-2.13948524231732));
#5455=CARTESIAN_POINT('Ctrl Pts',(10.4209153578013,-14.34760667868,5.25671199857244));
#5456=CARTESIAN_POINT('Ctrl Pts',(10.5774194228419,-10.1663580926248,11.4075387265654));
#5457=CARTESIAN_POINT('Ctrl Pts',(10.7339234878826,-3.57659955598118,14.8557993310142));
#5458=CARTESIAN_POINT('Ctrl Pts',(10.8904275529233,3.86050775825342,14.7845643678524));
#5459=CARTESIAN_POINT('Ctrl Pts',(11.0469316179639,10.3829913190118,11.210710459568));
#5460=CARTESIAN_POINT('Ctrl Pts',(11.2034356830046,14.4456913222366,4.98092066398343));
#5461=CARTESIAN_POINT('Ctrl Pts',(11.3599397480452,15.0859436628008,-2.42890095407221));
#5462=CARTESIAN_POINT('Ctrl Pts',(11.5164438130859,12.1523953159847,-9.26329187040123));
#5463=CARTESIAN_POINT('Ctrl Pts',(11.6729478781265,6.3393867047122,-13.903108406438));
#5464=CARTESIAN_POINT('Ctrl Pts',(11.8294519431672,-0.974639024326766,-15.2491361521608));
#5465=CARTESIAN_POINT('Ctrl Pts',(11.9859560082078,-8.05950033636368,-12.9824915426837));
#5466=CARTESIAN_POINT('Ctrl Pts',(12.0902920515682,-11.5070069619107,-9.42077741270968));
#5467=CARTESIAN_POINT('Ctrl Pts',(12.1424600732485,-12.7095715028357,-7.33787452844698));
#5468=CARTESIAN_POINT('Ctrl Pts',(-0.540930234780688,14.423383224163,0.));
#5469=CARTESIAN_POINT('Ctrl Pts',(-0.488762213100472,14.423383224163,-2.3638959298655));
#5470=CARTESIAN_POINT('Ctrl Pts',(-0.384426169740038,13.2393408034225,-7.0892994061619));
#5471=CARTESIAN_POINT('Ctrl Pts',(-0.227922104699388,8.32300484916805,-12.5001489769371));
#5472=CARTESIAN_POINT('Ctrl Pts',(-0.0714180396587372,1.43635425119528,
-14.9485723500974));
#5473=CARTESIAN_POINT('Ctrl Pts',(0.085086025381913,-5.79131021684805,-13.8560218867665));
#5474=CARTESIAN_POINT('Ctrl Pts',(0.241590090422564,-11.6465855889277,-9.48058022996806));
#5475=CARTESIAN_POINT('Ctrl Pts',(0.398094155463214,-14.742848376119,-2.85921809520017));
#5476=CARTESIAN_POINT('Ctrl Pts',(0.554598220503864,-14.3462801867233,4.43958853951931));
#5477=CARTESIAN_POINT('Ctrl Pts',(0.711102285544514,-10.5509752211187,10.6865764721951));
#5478=CARTESIAN_POINT('Ctrl Pts',(0.867606350585166,-4.2560084599027,14.4018187709173));
#5479=CARTESIAN_POINT('Ctrl Pts',(1.02411041562581,3.04723908095163,14.7051097436146));
#5480=CARTESIAN_POINT('Ctrl Pts',(1.18061448066647,9.62856991644552,11.5246096026641));
#5481=CARTESIAN_POINT('Ctrl Pts',(1.33711854570712,13.9287878054587,5.61380572248944));
#5482=CARTESIAN_POINT('Ctrl Pts',(1.49362261074777,14.9291306791519,-1.62696677223783));
#5483=CARTESIAN_POINT('Ctrl Pts',(1.65012667578842,12.3926042825517,-8.48229426753332));
#5484=CARTESIAN_POINT('Ctrl Pts',(1.80663074082907,6.92013972130258,-13.3280765401027));
#5485=CARTESIAN_POINT('Ctrl Pts',(1.96313480586972,-0.191779105212078,-15.0162971328825));
#5486=CARTESIAN_POINT('Ctrl Pts',(2.11963887091037,-7.25826332972056,-13.146998564686));
#5487=CARTESIAN_POINT('Ctrl Pts',(2.27614293595102,-12.6051885148122,-8.16303748669587));
#5488=CARTESIAN_POINT('Ctrl Pts',(2.43264700099167,-14.9658116349657,-1.24516675792598));
#5489=CARTESIAN_POINT('Ctrl Pts',(2.58915106603232,-13.7808762316957,5.96769709162098));
#5490=CARTESIAN_POINT('Ctrl Pts',(2.74565513107297,-9.33110597105708,11.766750596989));
#5491=CARTESIAN_POINT('Ctrl Pts',(2.90215919611362,-2.67069834607516,14.7781368444871));
#5492=CARTESIAN_POINT('Ctrl Pts',(3.05866326115427,4.62242587209202,14.2884266915795));
#5493=CARTESIAN_POINT('Ctrl Pts',(3.21516732619492,10.8204486730262,10.4136376337539));
#5494=CARTESIAN_POINT('Ctrl Pts',(3.37167139123558,14.4549931203915,4.07174804579608));
#5495=CARTESIAN_POINT('Ctrl Pts',(3.52817545627622,14.6649973204205,-3.23478157659163));
#5496=CARTESIAN_POINT('Ctrl Pts',(3.68467952131688,11.4007090647546,-9.77495734404589));
#5497=CARTESIAN_POINT('Ctrl Pts',(3.84118358635752,5.43547265136078,-13.9993426743303));
#5498=CARTESIAN_POINT('Ctrl Pts',(3.99768765139818,-1.81748453097397,-14.9071361514049));
#5499=CARTESIAN_POINT('Ctrl Pts',(4.15419171643882,-8.63986046898095,-12.2832719311086));
#5500=CARTESIAN_POINT('Ctrl Pts',(4.31069578147947,-13.4153623850557,-6.7493711065954));
#5501=CARTESIAN_POINT('Ctrl Pts',(4.46719984652012,-15.0126235344874,0.383526881354042));
#5502=CARTESIAN_POINT('Ctrl Pts',(4.62370391156077,-13.05323591349,7.4255633081755));
#5503=CARTESIAN_POINT('Ctrl Pts',(4.78020797660143,-8.00139910430507,12.7084055109434));
#5504=CARTESIAN_POINT('Ctrl Pts',(4.93671204164207,-1.05394650080849,14.9804924829054));
#5505=CARTESIAN_POINT('Ctrl Pts',(5.09321610668273,6.14319713887378,13.7035428692686));
#5506=CARTESIAN_POINT('Ctrl Pts',(5.24972017172337,11.8849526180343,9.18007949442872));
#5507=CARTESIAN_POINT('Ctrl Pts',(5.40622423676403,14.8110375371219,2.48175851583446));
#5508=CARTESIAN_POINT('Ctrl Pts',(5.56272830180467,14.2282315335711,-4.80451721654163));
#5509=CARTESIAN_POINT('Ctrl Pts',(5.71923236684533,10.2746074932544,-10.9525521736493));
#5510=CARTESIAN_POINT('Ctrl Pts',(5.87573643188597,3.88682062832867,-14.5058120648294));
#5511=CARTESIAN_POINT('Ctrl Pts',(6.03224049692663,-3.42179501624762,-14.622492165282));
#5512=CARTESIAN_POINT('Ctrl Pts',(6.18874456196727,-9.91975135072854,-11.2749497292303));
#5513=CARTESIAN_POINT('Ctrl Pts',(6.34524862700793,-14.0676140214697,-5.25625284778994));
#5514=CARTESIAN_POINT('Ctrl Pts',(6.50175269204858,-14.8827106372064,2.0077057419187));
#5515=CARTESIAN_POINT('Ctrl Pts',(6.65825675708923,-12.1719362173549,8.7960176771988));
#5516=CARTESIAN_POINT('Ctrl Pts',(6.81476082212988,-6.57750179752285,13.5004603018021));
#5517=CARTESIAN_POINT('Ctrl Pts',(6.97126488717053,0.575212134674538,15.0065015662237));
#5518=CARTESIAN_POINT('Ctrl Pts',(7.12776895221118,7.59165224858592,12.9573444190346));
#5519=CARTESIAN_POINT('Ctrl Pts',(7.28427301725184,12.8095499176412,7.83845578953055));
#5520=CARTESIAN_POINT('Ctrl Pts',(7.44077708229248,14.9927301797302,0.862554354647581));
#5521=CARTESIAN_POINT('Ctrl Pts',(7.59728114733313,13.6239746168447,-6.3176952994419));
#5522=CARTESIAN_POINT('Ctrl Pts',(7.75378521237378,9.02755585051118,-12.001216339303));
#5523=CARTESIAN_POINT('Ctrl Pts',(7.91028927741443,2.29241393951116,-14.8415227179341));
#5524=CARTESIAN_POINT('Ctrl Pts',(8.06679334245509,-4.98582499921,-14.1657159132303));
#5525=CARTESIAN_POINT('Ctrl Pts',(8.22329740749573,-11.082869437619,-10.1339016812325));
#5526=CARTESIAN_POINT('Ctrl Pts',(8.37980147253639,-14.5542652766863,-3.70125931472672));
#5527=CARTESIAN_POINT('Ctrl Pts',(8.53630553757703,-14.5776022480632,3.60825040012337));
#5528=CARTESIAN_POINT('Ctrl Pts',(8.69280960261768,-11.1473515781319,10.0629275589735));
#5529=CARTESIAN_POINT('Ctrl Pts',(8.84931366765834,-5.07617580869743,14.1335911009662));
#5530=CARTESIAN_POINT('Ctrl Pts',(9.00581773269898,2.19759951784554,14.8558579225168));
#5531=CARTESIAN_POINT('Ctrl Pts',(9.16232179773962,8.95074035724715,12.0586153992821));
#5532=CARTESIAN_POINT('Ctrl Pts',(9.31882586278029,13.583356443096,6.40455977317108));
#5533=CARTESIAN_POINT('Ctrl Pts',(9.47532992782093,14.9979322166672,-0.766803578117179));
#5534=CARTESIAN_POINT('Ctrl Pts',(9.63183399286159,12.859339713238,-7.75650307567529));
#5535=CARTESIAN_POINT('Ctrl Pts',(9.78833805790223,7.67423414347001,-12.9086052352456));
#5536=CARTESIAN_POINT('Ctrl Pts',(9.9448421229429,0.671021473665625,-15.0025227279637));
#5537=CARTESIAN_POINT('Ctrl Pts',(10.1013461879835,-6.49116299397093,-13.5421844593349));
#5538=CARTESIAN_POINT('Ctrl Pts',(10.2578502530242,-12.1155230384442,-8.87355989544709));
#5539=CARTESIAN_POINT('Ctrl Pts',(10.4143543180648,-14.8695869446949,-2.10269553514307));
#5540=CARTESIAN_POINT('Ctrl Pts',(10.5708583831055,-14.1008909510885,5.16631972638248));
#5541=CARTESIAN_POINT('Ctrl Pts',(10.7273624481461,-9.99154132731613,11.2113790629325));
#5542=CARTESIAN_POINT('Ctrl Pts',(10.8838665131868,-3.51509794046146,14.6003451462653));
#5543=CARTESIAN_POINT('Ctrl Pts',(11.0403705782274,3.79412434009131,14.5303343149654));
#5544=CARTESIAN_POINT('Ctrl Pts',(11.1968746432681,10.204448821752,11.0179365509356));
#5545=CARTESIAN_POINT('Ctrl Pts',(11.3533787083088,14.1972902654613,4.89526868265601));
#5546=CARTESIAN_POINT('Ctrl Pts',(11.5098827733494,14.8265291023452,-2.38713052730498));
#5547=CARTESIAN_POINT('Ctrl Pts',(11.6663868383901,11.94343271237,-9.10401184090896));
#5548=CARTESIAN_POINT('Ctrl Pts',(11.8228909034307,6.2303669046798,-13.6640205310917));
#5549=CARTESIAN_POINT('Ctrl Pts',(11.9793949684713,-0.957859146732101,-14.9869489897016));
#5550=CARTESIAN_POINT('Ctrl Pts',(12.135899033512,-7.92095576204283,-12.7591837824814));
#5551=CARTESIAN_POINT('Ctrl Pts',(12.2402350768724,-11.3090683157107,-9.25888553924768));
#5552=CARTESIAN_POINT('Ctrl Pts',(12.2924030985526,-12.4910162806435,-7.21169161208153));
#5553=CARTESIAN_POINT('Ctrl Pts',(-0.104457661096872,14.1998029985454,0.));
#5554=CARTESIAN_POINT('Ctrl Pts',(-0.052289639416655,14.1998029985454,-2.32718391518379));
#5555=CARTESIAN_POINT('Ctrl Pts',(0.0520464039437785,13.0341084374531,-6.97944760845891));
#5556=CARTESIAN_POINT('Ctrl Pts',(0.208550468984429,8.1939868426986,-12.3063575044311));
#5557=CARTESIAN_POINT('Ctrl Pts',(0.365054534025079,1.4140879906967,-14.7168569599491));
#5558=CARTESIAN_POINT('Ctrl Pts',(0.52155859906573,-5.70153583075635,-13.6412274039612));
#5559=CARTESIAN_POINT('Ctrl Pts',(0.67806266410638,-11.4660460146108,-9.33361948493391));
#5560=CARTESIAN_POINT('Ctrl Pts',(0.83456672914703,-14.5143118052516,-2.81489455010897));
#5561=CARTESIAN_POINT('Ctrl Pts',(0.99107079418768,-14.1238911412819,4.3707675113488));
#5562=CARTESIAN_POINT('Ctrl Pts',(1.14757485922833,-10.3874190947478,10.5209186858405));
#5563=CARTESIAN_POINT('Ctrl Pts',(1.30407892426898,-4.19003388894023,14.1785685781967));
#5564=CARTESIAN_POINT('Ctrl Pts',(1.46058298930963,3.00000226224613,14.4771583458782));
#5565=CARTESIAN_POINT('Ctrl Pts',(1.61708705435028,9.47931248773143,11.345960642544));
#5566=CARTESIAN_POINT('Ctrl Pts',(1.77359111939093,13.7128704863795,5.52678324903653));
#5567=CARTESIAN_POINT('Ctrl Pts',(1.93009518443159,14.6977065274444,-1.60174633332035));
#5568=CARTESIAN_POINT('Ctrl Pts',(2.08659924947223,12.2005001352025,-8.35080584525909));
#5569=CARTESIAN_POINT('Ctrl Pts',(2.24310331451289,6.81286706778937,-13.1214711577245));
#5570=CARTESIAN_POINT('Ctrl Pts',(2.39960737955353,-0.188806238344336,-14.783521768177));
#5571=CARTESIAN_POINT('Ctrl Pts',(2.55611144459419,-7.14574924806585,-12.9432001630979));
#5572=CARTESIAN_POINT('Ctrl Pts',(2.71261550963483,-12.4097889893124,-8.03649803395138));
#5573=CARTESIAN_POINT('Ctrl Pts',(2.86911957467549,-14.7338188735521,-1.2258647862992));
#5574=CARTESIAN_POINT('Ctrl Pts',(3.02562363971613,-13.5672517648157,5.87518874260193));
#5575=CARTESIAN_POINT('Ctrl Pts',(3.18212770475679,-9.18645968697075,11.5843481298608));
#5576=CARTESIAN_POINT('Ctrl Pts',(3.33863176979743,-2.6292984741954,14.549053326767));
#5577=CARTESIAN_POINT('Ctrl Pts',(3.49513583483809,4.55077126566505,14.0669344233576));
#5578=CARTESIAN_POINT('Ctrl Pts',(3.65163989987873,10.6527153199184,10.2522104682942));
#5579=CARTESIAN_POINT('Ctrl Pts',(3.80814396491939,14.2309188201006,4.00862978024077));
#5580=CARTESIAN_POINT('Ctrl Pts',(3.96464802996003,14.4376676367625,-3.18463755975555));
#5581=CARTESIAN_POINT('Ctrl Pts',(4.12115209500069,11.2239807961745,-9.62343069100756));
#5582=CARTESIAN_POINT('Ctrl Pts',(4.27765616004133,5.35121458766206,-13.7823316465034));
#5583=CARTESIAN_POINT('Ctrl Pts',(4.43416022508199,-1.78931076629798,-14.676052948899));
#5584=CARTESIAN_POINT('Ctrl Pts',(4.59066429012264,-8.50592953777454,-12.0928626005526));
#5585=CARTESIAN_POINT('Ctrl Pts',(4.74716835516329,-13.2074039367507,-6.64474562559269));
#5586=CARTESIAN_POINT('Ctrl Pts',(4.90367242020393,-14.7799051176745,0.377581633447942));
#5587=CARTESIAN_POINT('Ctrl Pts',(5.06017648524459,-12.8508909743064,7.31045582326106));
#5588=CARTESIAN_POINT('Ctrl Pts',(5.21668055028523,-7.87736529185625,12.5114059655989));
#5589=CARTESIAN_POINT('Ctrl Pts',(5.3731846153259,-1.03760873276214,14.7482721460875));
#5590=CARTESIAN_POINT('Ctrl Pts',(5.52968868036653,6.0479682730434,13.4911171867131));
#5591=CARTESIAN_POINT('Ctrl Pts',(5.6861927454072,11.7007178404945,9.03777434961164));
#5592=CARTESIAN_POINT('Ctrl Pts',(5.84269681044784,14.5814440087771,2.44328749766832));
#5593=CARTESIAN_POINT('Ctrl Pts',(5.99920087548849,14.0076723815392,-4.73003991831224));
#5594=CARTESIAN_POINT('Ctrl Pts',(6.15570494052914,10.1153355056694,-10.7827710160751));
#5595=CARTESIAN_POINT('Ctrl Pts',(6.31220900556979,3.82656901801005,-14.2809499938824));
#5596=CARTESIAN_POINT('Ctrl Pts',(6.46871307061044,-3.36875200767489,-14.3958213759463));
#5597=CARTESIAN_POINT('Ctrl Pts',(6.6252171356511,-9.76598017114653,-11.1001709209425));
#5598=CARTESIAN_POINT('Ctrl Pts',(6.78172120069174,-13.8495446842956,-5.17477296265891));
#5599=CARTESIAN_POINT('Ctrl Pts',(6.9382252657324,-14.6520060671879,1.97658326018779));
#5600=CARTESIAN_POINT('Ctrl Pts',(7.09472933077304,-11.9832527590944,8.65966607260465));
#5601=CARTESIAN_POINT('Ctrl Pts',(7.25123339581369,-6.4755405512832,13.2911827068193));
#5602=CARTESIAN_POINT('Ctrl Pts',(7.40773746085435,0.56629547483787,14.773878049197));
#5603=CARTESIAN_POINT('Ctrl Pts',(7.56424152589499,7.47397013338295,12.7564859433411));
#5604=CARTESIAN_POINT('Ctrl Pts',(7.72074559093566,12.6109824807058,7.71694784540566));
#5605=CARTESIAN_POINT('Ctrl Pts',(7.87724965597628,14.760320140065,0.849183454926536));
#5606=CARTESIAN_POINT('Ctrl Pts',(8.03375372101696,13.4127823627895,-6.21976144766601));
#5607=CARTESIAN_POINT('Ctrl Pts',(8.19025778605759,8.88761505332857,-11.8151792978831));
#5608=CARTESIAN_POINT('Ctrl Pts',(8.34676185109825,2.2568780492345,-14.6114566230852));
#5609=CARTESIAN_POINT('Ctrl Pts',(8.5032659161389,-4.908537155572,-13.9461258480586));
#5610=CARTESIAN_POINT('Ctrl Pts',(8.65976998117955,-10.911068164955,-9.9768108469757));
#5611=CARTESIAN_POINT('Ctrl Pts',(8.81627404622019,-14.3286521075215,-3.64388418599499));
#5612=CARTESIAN_POINT('Ctrl Pts',(8.97277811126085,-14.3516273204801,3.55231705052833));
#5613=CARTESIAN_POINT('Ctrl Pts',(9.12928217630149,-10.974550734557,9.90693693116491));
#5614=CARTESIAN_POINT('Ctrl Pts',(9.28578624134216,-4.99748739059868,13.9144990190924));
#5615=CARTESIAN_POINT('Ctrl Pts',(9.44229030638279,2.16353339482784,14.6255696102276));
#5616=CARTESIAN_POINT('Ctrl Pts',(9.59879437142346,8.81199031656869,11.8716885855295));
#5617=CARTESIAN_POINT('Ctrl Pts',(9.75529843646409,13.3727938324043,6.30527939023617));
#5618=CARTESIAN_POINT('Ctrl Pts',(9.91180250150475,14.7654415373246,-0.754916960209377));
#5619=CARTESIAN_POINT('Ctrl Pts',(10.0683065665454,12.6600004594475,-7.63626552347667));
#5620=CARTESIAN_POINT('Ctrl Pts',(10.2248106315861,7.55527188288775,-12.7085022894694));
#5621=CARTESIAN_POINT('Ctrl Pts',(10.3813146966267,0.660619625550322,-14.7699608915089));
#5622=CARTESIAN_POINT('Ctrl Pts',(10.5378187616674,-6.39054013333125,-13.3322600716672));
#5623=CARTESIAN_POINT('Ctrl Pts',(10.694322826708,-11.9277140634751,-8.73600627879622));
#5624=CARTESIAN_POINT('Ctrl Pts',(10.8508268917487,-14.6390858245287,-2.07010054831382));
#5625=CARTESIAN_POINT('Ctrl Pts',(11.0073309567893,-13.8823057460585,5.08623390291584));
#5626=CARTESIAN_POINT('Ctrl Pts',(11.16383502183,-9.83665734345503,11.0375857710174));
#5627=CARTESIAN_POINT('Ctrl Pts',(11.3203390868706,-3.4606084985584,14.3740175224882));
#5628=CARTESIAN_POINT('Ctrl Pts',(11.4768431519113,3.73530947288685,14.3050924004622));
#5629=CARTESIAN_POINT('Ctrl Pts',(11.6333472169519,10.0462647729617,10.8471412695047));
#5630=CARTESIAN_POINT('Ctrl Pts',(11.7898512819926,13.9772100168508,4.81938571325711));
#5631=CARTESIAN_POINT('Ctrl Pts',(11.9463553470332,14.5966968720812,-2.35012857590481));
#5632=CARTESIAN_POINT('Ctrl Pts',(12.1028594120739,11.7582885720028,-8.96288155525268));
#5633=CARTESIAN_POINT('Ctrl Pts',(12.2593634771145,6.13379235684466,-13.4522159865261));
#5634=CARTESIAN_POINT('Ctrl Pts',(12.4158675421552,-0.94302201183689,-14.7546116482399));
#5635=CARTESIAN_POINT('Ctrl Pts',(12.5723716071958,-7.79814521828603,-12.5614331520345));
#5636=CARTESIAN_POINT('Ctrl Pts',(12.6767076505562,-11.1337981678829,-9.11530188910043));
#5637=CARTESIAN_POINT('Ctrl Pts',(12.7288756722365,-12.2973901254748,-7.09990149927274));
#5638=CARTESIAN_POINT('Ctrl Pts',(0.441217566665703,14.3033406479967,0.));
#5639=CARTESIAN_POINT('Ctrl Pts',(0.49338558834592,14.3033406479967,-2.34416092349004));
#5640=CARTESIAN_POINT('Ctrl Pts',(0.597721631706354,13.1291472059578,-7.03033313373576));
#5641=CARTESIAN_POINT('Ctrl Pts',(0.754225696747004,8.25373331669987,-12.3960920216501));
#5642=CARTESIAN_POINT('Ctrl Pts',(0.910729761787655,1.4243989137499,-14.8241639790832));
#5643=CARTESIAN_POINT('Ctrl Pts',(1.0672338268283,-5.74310872950534,-13.7406933127636));
#5644=CARTESIAN_POINT('Ctrl Pts',(1.22373789186896,-11.5496508987953,-9.40167543809409));
#5645=CARTESIAN_POINT('Ctrl Pts',(1.38024195690961,-14.6201432083156,-2.83541957218614));
#5646=CARTESIAN_POINT('Ctrl Pts',(1.53674602195026,-14.2268757699689,4.40263713234092));
#5647=CARTESIAN_POINT('Ctrl Pts',(1.69325008699091,-10.4631591703917,10.5976321318975));
#5648=CARTESIAN_POINT('Ctrl Pts',(1.84975415203156,-4.22058560323033,14.281951914737));
#5649=CARTESIAN_POINT('Ctrl Pts',(2.00625821707221,3.02187683784653,14.5827188233656));
#5650=CARTESIAN_POINT('Ctrl Pts',(2.16276228211286,9.54843108383097,11.4286899460543));
#5651=CARTESIAN_POINT('Ctrl Pts',(2.31926634715351,13.8128581544443,5.56708189633743));
#5652=CARTESIAN_POINT('Ctrl Pts',(2.47577041219416,14.8048751473635,-1.61342549717199));
#5653=CARTESIAN_POINT('Ctrl Pts',(2.63227447723481,12.2894603248566,-8.41169591310807));
#5654=CARTESIAN_POINT('Ctrl Pts',(2.78877854227546,6.86254322370741,-13.2171466256006));
#5655=CARTESIAN_POINT('Ctrl Pts',(2.94528260731611,-0.190182922802169,-14.891316111738));
#5656=CARTESIAN_POINT('Ctrl Pts',(3.10178667235676,-7.19785262100304,-13.0375757647419));
#5657=CARTESIAN_POINT('Ctrl Pts',(3.25829073739741,-12.5002752128595,-8.09509631945381));
#5658=CARTESIAN_POINT('Ctrl Pts',(3.41479480243807,-14.8412508072766,-1.23480320377547));
#5659=CARTESIAN_POINT('Ctrl Pts',(3.5712988674787,-13.6661776512381,5.9180277983045));
#5660=CARTESIAN_POINT('Ctrl Pts',(3.72780293251937,-9.25344294071719,11.6688156349471));
#5661=CARTESIAN_POINT('Ctrl Pts',(3.88430699756,-2.64847005638007,14.6551380388259));
#5662=CARTESIAN_POINT('Ctrl Pts',(4.04081106260067,4.58395330497285,14.1695037558363));
#5663=CARTESIAN_POINT('Ctrl Pts',(4.19731512764131,10.7303898058118,10.3269646650856));
#5664=CARTESIAN_POINT('Ctrl Pts',(4.35381919268197,14.3346838480721,4.03785878411173));
#5665=CARTESIAN_POINT('Ctrl Pts',(4.51032325772261,14.5429401778479,-3.20785840794165));
#5666=CARTESIAN_POINT('Ctrl Pts',(4.66682732276327,11.3058206756643,-9.69360012753205));
#5667=CARTESIAN_POINT('Ctrl Pts',(4.82333138780391,5.39023307539216,-13.8828257921655));
#5668=CARTESIAN_POINT('Ctrl Pts',(4.97983545284457,-1.8023575613828,-14.783063681235));
#5669=CARTESIAN_POINT('Ctrl Pts',(5.13633951788522,-8.56795069238644,-12.181037949022));
#5670=CARTESIAN_POINT('Ctrl Pts',(5.29284358292587,-13.3037059855679,-6.69319592064525));
#5671=CARTESIAN_POINT('Ctrl Pts',(5.44934764796651,-14.8876730901673,0.38033477744739));
#5672=CARTESIAN_POINT('Ctrl Pts',(5.60585171300717,-12.9445935017584,7.36376015747689));
#5673=CARTESIAN_POINT('Ctrl Pts',(5.76235577804782,-7.93480325775178,12.6026331313494));
#5674=CARTESIAN_POINT('Ctrl Pts',(5.91885984308847,-1.04517447750002,14.855809466138));
#5675=CARTESIAN_POINT('Ctrl Pts',(6.07536390812912,6.09206715414561,13.5894879363423));
#5676=CARTESIAN_POINT('Ctrl Pts',(6.23186797316977,11.7860338576368,9.10367346126021));
#5677=CARTESIAN_POINT('Ctrl Pts',(6.38837203821042,14.6877648981422,2.46110277711322));
#5678=CARTESIAN_POINT('Ctrl Pts',(6.54487610325107,14.1098096036582,-4.76452909857069));
#5679=CARTESIAN_POINT('Ctrl Pts',(6.70138016829172,10.1890916759459,-10.861393805667));
#5680=CARTESIAN_POINT('Ctrl Pts',(6.85788423333237,3.85447052220722,-14.3850798251539));
#5681=CARTESIAN_POINT('Ctrl Pts',(7.01438829837303,-3.39331533002422,-14.5007887941876));
#5682=CARTESIAN_POINT('Ctrl Pts',(7.17089236341367,-9.83718901004432,-11.1811080382615));
#5683=CARTESIAN_POINT('Ctrl Pts',(7.32739642845432,-13.9505289151611,-5.21250492276663));
#5684=CARTESIAN_POINT('Ctrl Pts',(7.48390049349497,-14.758841461207,1.99099555639115));
#5685=CARTESIAN_POINT('Ctrl Pts',(7.64040455853563,-12.070628885222,8.72280820022175));
#5686=CARTESIAN_POINT('Ctrl Pts',(7.79690862357627,-6.52275708416688,13.3880956302069));
#5687=CARTESIAN_POINT('Ctrl Pts',(7.95341268861693,0.570424629569864,14.8816020751999));
#5688=CARTESIAN_POINT('Ctrl Pts',(8.10991675365756,7.52846673544725,12.8495001146299));
#5689=CARTESIAN_POINT('Ctrl Pts',(8.26642081869824,12.7029357105992,7.77321612429583));
#5690=CARTESIAN_POINT('Ctrl Pts',(8.42292488373888,14.8679453083035,0.855375292998797));
#5691=CARTESIAN_POINT('Ctrl Pts',(8.57942894877952,13.5105819324901,-6.26511296212211));
#5692=CARTESIAN_POINT('Ctrl Pts',(8.73593301382017,8.95241927547799,-11.9013299130212));
#5693=CARTESIAN_POINT('Ctrl Pts',(8.89243707886083,2.27333412047402,-14.7179963500252));
#5694=CARTESIAN_POINT('Ctrl Pts',(9.04894114390147,-4.94432785199059,-14.047814302403));
#5695=CARTESIAN_POINT('Ctrl Pts',(9.20544520894212,-10.9906264357628,-10.049556961945));
#5696=CARTESIAN_POINT('Ctrl Pts',(9.36194927398278,-14.4331297597047,-3.67045364010116));
#5697=CARTESIAN_POINT('Ctrl Pts',(9.51845333902343,-14.4562724968854,3.57821884104242));
#5698=CARTESIAN_POINT('Ctrl Pts',(9.67495740406408,-11.0545718897863,9.97917355908678));
#5699=CARTESIAN_POINT('Ctrl Pts',(9.83146146910473,-5.03392666942544,14.0159568657809));
#5700=CARTESIAN_POINT('Ctrl Pts',(9.98796553414538,2.1793088416573,14.7322122422998));
#5701=CARTESIAN_POINT('Ctrl Pts',(10.144469599186,8.87624311945103,11.9582512392532));
#5702=CARTESIAN_POINT('Ctrl Pts',(10.3009736642267,13.4703018249256,6.35125446049434));
#5703=CARTESIAN_POINT('Ctrl Pts',(10.4574777292673,14.8731040483602,-0.760421452299129));
#5704=CARTESIAN_POINT('Ctrl Pts',(10.613981794308,12.752311104856,-7.6919455055293));
#5705=CARTESIAN_POINT('Ctrl Pts',(10.7704858593486,7.61036129838174,-12.8011665871485));
#5706=CARTESIAN_POINT('Ctrl Pts',(10.9269899243893,0.665436546500999,-14.8776563551676));
#5707=CARTESIAN_POINT('Ctrl Pts',(11.0834939894299,-6.43713688357265,-13.4294725120896));
#5708=CARTESIAN_POINT('Ctrl Pts',(11.2399980544706,-12.0146852288877,-8.79970504134629));
#5709=CARTESIAN_POINT('Ctrl Pts',(11.3965021195112,-14.7458270087885,-2.0851947300455));
#5710=CARTESIAN_POINT('Ctrl Pts',(11.5530061845519,-13.9835288579097,5.12332028334332));
#5711=CARTESIAN_POINT('Ctrl Pts',(11.7095102495925,-9.9083815203657,11.1180665383569));
#5712=CARTESIAN_POINT('Ctrl Pts',(11.8660143146332,-3.48584160612416,14.4788259754052));
#5713=CARTESIAN_POINT('Ctrl Pts',(12.0225183796738,3.76254557945055,14.4093982313814));
#5714=CARTESIAN_POINT('Ctrl Pts',(12.1790224447145,10.1195172671079,10.9262334852364));
#5715=CARTESIAN_POINT('Ctrl Pts',(12.3355265097551,14.0791252114609,4.85452622425701));
#5716=CARTESIAN_POINT('Ctrl Pts',(12.4920305747958,14.7031288022455,-2.36726431812802));
#5717=CARTESIAN_POINT('Ctrl Pts',(12.6485346398364,11.8440247128296,-9.02823510971161));
#5718=CARTESIAN_POINT('Ctrl Pts',(12.8050387048771,6.1785163451112,-13.5503020526272));
#5719=CARTESIAN_POINT('Ctrl Pts',(12.9615427699177,-0.949896717499063,-14.8621972567485));
#5720=CARTESIAN_POINT('Ctrl Pts',(13.1180468349584,-7.85500844351708,-12.6530206938615));
#5721=CARTESIAN_POINT('Ctrl Pts',(13.2223828783188,-11.2149758984027,-9.18177323429953));
#5722=CARTESIAN_POINT('Ctrl Pts',(13.274550899999,-12.3870563601477,-7.15167032399837));
#5723=CARTESIAN_POINT('Ctrl Pts',(0.679103819897337,14.6301690197018,0.));
#5724=CARTESIAN_POINT('Ctrl Pts',(0.731271841577554,14.6301690197018,-2.39778469548039));
#5725=CARTESIAN_POINT('Ctrl Pts',(0.835607884937987,13.4291509815237,-7.19093880669361));
#5726=CARTESIAN_POINT('Ctrl Pts',(0.992111949978638,8.44233043676865,-12.6793609574127));
#5727=CARTESIAN_POINT('Ctrl Pts',(1.14861601501929,1.45694700838814,-15.1628878759505));
#5728=CARTESIAN_POINT('Ctrl Pts',(1.30512008005994,-5.87433927056898,-14.0546732421876));
#5729=CARTESIAN_POINT('Ctrl Pts',(1.46162414510059,-11.8135607767104,-9.61650182814477));
#5730=CARTESIAN_POINT('Ctrl Pts',(1.61812821014124,-14.9542141676882,-2.90021019550188));
#5731=CARTESIAN_POINT('Ctrl Pts',(1.77463227518189,-14.5519604488357,4.50323817054419));
#5732=CARTESIAN_POINT('Ctrl Pts',(1.93113634022254,-10.7022428179983,10.839788172765));
#5733=CARTESIAN_POINT('Ctrl Pts',(2.08764040526319,-4.31702615393593,14.6082952741927));
#5734=CARTESIAN_POINT('Ctrl Pts',(2.24414447030384,3.09092684693487,14.9159344875785));
#5735=CARTESIAN_POINT('Ctrl Pts',(2.40064853534449,9.76661314060811,11.6898360348847));
#5736=CARTESIAN_POINT('Ctrl Pts',(2.55715260038514,14.1284825467872,5.69428993307691));
#5737=CARTESIAN_POINT('Ctrl Pts',(2.71365666542579,15.1431671717733,-1.65029232777597));
#5738=CARTESIAN_POINT('Ctrl Pts',(2.87016073046644,12.5702750131855,-8.60390352603215));
#5739=CARTESIAN_POINT('Ctrl Pts',(3.0266647955071,7.01935262701643,-13.5191589828093));
#5740=CARTESIAN_POINT('Ctrl Pts',(3.18316886054774,-0.194528610718036,-15.2315833165979));
#5741=CARTESIAN_POINT('Ctrl Pts',(3.3396729255884,-7.36232385803748,-13.3354849221557));
#5742=CARTESIAN_POINT('Ctrl Pts',(3.49617699062904,-12.7859070306303,-8.28006961337011));
#5743=CARTESIAN_POINT('Ctrl Pts',(3.65268105566969,-15.1803740164422,-1.26301850907204));
#5744=CARTESIAN_POINT('Ctrl Pts',(3.80918512071034,-13.9784503890631,6.05325498391471));
#5745=CARTESIAN_POINT('Ctrl Pts',(3.965689185751,-9.46488450360789,11.9354485661926));
#5746=CARTESIAN_POINT('Ctrl Pts',(4.12219325079164,-2.70898770927941,14.9900085633411));
#5747=CARTESIAN_POINT('Ctrl Pts',(4.27869731583229,4.68869683203082,14.4932775164639));
#5748=CARTESIAN_POINT('Ctrl Pts',(4.43520138087295,10.9755796670914,10.5629362448168));
#5749=CARTESIAN_POINT('Ctrl Pts',(4.5917054459136,14.6622319807875,4.13012402825426));
#5750=CARTESIAN_POINT('Ctrl Pts',(4.74820951095425,14.8752469765139,-3.28115810835327));
#5751=CARTESIAN_POINT('Ctrl Pts',(4.9047135759949,11.5641591566784,-9.9150993007752));
#5752=CARTESIAN_POINT('Ctrl Pts',(5.06121764103555,5.51340012933327,-14.2000489491766));
#5753=CARTESIAN_POINT('Ctrl Pts',(5.21772170607619,-1.84354150795413,-15.1208573121177));
#5754=CARTESIAN_POINT('Ctrl Pts',(5.37422577111685,-8.76372872838861,-12.4593751817803));
#5755=CARTESIAN_POINT('Ctrl Pts',(5.5307298361575,-13.6076962304836,-6.84613573075476));
#5756=CARTESIAN_POINT('Ctrl Pts',(5.68723390119815,-15.2278570504725,0.389025443211605));
#5757=CARTESIAN_POINT('Ctrl Pts',(5.8437379662388,-13.2403780112178,7.53202238878302));
#5758=CARTESIAN_POINT('Ctrl Pts',(6.00024203127945,-8.11611384807145,12.8906038318698));
#5759=CARTESIAN_POINT('Ctrl Pts',(6.1567460963201,-1.0690567585531,15.1952653412854));
#5760=CARTESIAN_POINT('Ctrl Pts',(6.31325016136075,6.23127114649489,13.9000083109303));
#5761=CARTESIAN_POINT('Ctrl Pts',(6.4697542264014,12.0553452301863,9.31169278520828));
#5762=CARTESIAN_POINT('Ctrl Pts',(6.62625829144205,15.0233809477975,2.51733907974867));
#5763=CARTESIAN_POINT('Ctrl Pts',(6.7827623564827,14.4322193503697,-4.87339879015542));
#5764=CARTESIAN_POINT('Ctrl Pts',(6.93926642152335,10.4219128520453,-11.109577113889));
#5765=CARTESIAN_POINT('Ctrl Pts',(7.095770486564,3.94254533679929,-14.7137795080787));
#5766=CARTESIAN_POINT('Ctrl Pts',(7.25227455160465,-3.47085272895423,-14.8321324319528));
#5767=CARTESIAN_POINT('Ctrl Pts',(7.4087786166453,-10.0619691953318,-11.4365968302318));
#5768=CARTESIAN_POINT('Ctrl Pts',(7.56528268168595,-14.2692990913981,-5.33161088089706));
#5769=CARTESIAN_POINT('Ctrl Pts',(7.72178674672661,-15.096081613337,2.03648988913349));
#5770=CARTESIAN_POINT('Ctrl Pts',(7.87829081176725,-12.3464432661988,8.92212473683306));
#5771=CARTESIAN_POINT('Ctrl Pts',(8.03479487680791,-6.67180235964823,13.6940141820749));
#5772=CARTESIAN_POINT('Ctrl Pts',(8.19129894184855,0.5834588565016,15.221647312556));
#5773=CARTESIAN_POINT('Ctrl Pts',(8.3478030068892,7.70049251903202,13.1431117361682));
#5774=CARTESIAN_POINT('Ctrl Pts',(8.50430707192986,12.9931983293013,7.95083444177601));
#5775=CARTESIAN_POINT('Ctrl Pts',(8.6608111369705,15.207678487958,0.874920654651882));
#5776=CARTESIAN_POINT('Ctrl Pts',(8.81731520201116,13.8192993015502,-6.40827105850876));
#5777=CARTESIAN_POINT('Ctrl Pts',(8.9738192670518,9.15698243487824,-12.1732758053166));
#5778=CARTESIAN_POINT('Ctrl Pts',(9.13032333209246,2.32527990135724,-15.0543031896361));
#5779=CARTESIAN_POINT('Ctrl Pts',(9.2868273971331,-5.05730595270229,-14.3688074538558));
#5780=CARTESIAN_POINT('Ctrl Pts',(9.44333146217377,-11.2417627150521,-10.2791897639242));
#5781=CARTESIAN_POINT('Ctrl Pts',(9.5998355272144,-14.7629273856697,-3.75432366114508));
#5782=CARTESIAN_POINT('Ctrl Pts',(9.75633959225506,-14.7865989353695,3.65998129302105));
#5783=CARTESIAN_POINT('Ctrl Pts',(9.91284365729571,-11.3071693254142,10.2071980973401));
#5784=CARTESIAN_POINT('Ctrl Pts',(10.0693477223364,-5.14895210689482,14.3362220734394));
#5785=CARTESIAN_POINT('Ctrl Pts',(10.225851787377,2.22910614091376,15.0688439156893));
#5786=CARTESIAN_POINT('Ctrl Pts',(10.3823558524177,9.07906565051177,12.2314977861865));
#5787=CARTESIAN_POINT('Ctrl Pts',(10.5388599174583,13.7780987917242,6.49638089391477));
#5788=CARTESIAN_POINT('Ctrl Pts',(10.695363982499,15.2129551056369,-0.777797114966949));
#5789=CARTESIAN_POINT('Ctrl Pts',(10.8518680475396,13.0437019530266,-7.86770678535243));
#5790=CARTESIAN_POINT('Ctrl Pts',(11.0083721125803,7.78425837694371,-13.0936737866739));
#5791=CARTESIAN_POINT('Ctrl Pts',(11.1648761776209,0.680641798287424,-15.2176114304216));
#5792=CARTESIAN_POINT('Ctrl Pts',(11.3213802426616,-6.58422573095926,-13.7363365318471));
#5793=CARTESIAN_POINT('Ctrl Pts',(11.4778843077022,-12.2892213006222,-9.00077866541121));
#5794=CARTESIAN_POINT('Ctrl Pts',(11.6343883727429,-15.0827697689813,-2.13284153483506));
#5795=CARTESIAN_POINT('Ctrl Pts',(11.7908924377835,-14.3030531061439,5.24038840198085));
#5796=CARTESIAN_POINT('Ctrl Pts',(11.9473965028242,-10.1347884144742,11.37211476396));
#5797=CARTESIAN_POINT('Ctrl Pts',(12.1039005678648,-3.56549331898602,14.809667890403));
#5798=CARTESIAN_POINT('Ctrl Pts',(12.2604046329055,3.8485200714735,14.7386533382558));
#5799=CARTESIAN_POINT('Ctrl Pts',(12.4169086979461,10.350748338286,11.1758988794009));
#5800=CARTESIAN_POINT('Ctrl Pts',(12.5734127629868,14.400834460602,4.96545137822483));
#5801=CARTESIAN_POINT('Ctrl Pts',(12.7299168280274,15.0390946558551,-2.42135449035764));
#5802=CARTESIAN_POINT('Ctrl Pts',(12.8864208930681,12.1146636598551,-9.23453443433937));
#5803=CARTESIAN_POINT('Ctrl Pts',(13.0429249581087,6.31969081674335,-13.8599195995023));
#5804=CARTESIAN_POINT('Ctrl Pts',(13.1994290231494,-0.971592146677888,-15.2018139112563));
#5805=CARTESIAN_POINT('Ctrl Pts',(13.35593308819,-8.03451649790946,-12.9421111744179));
#5806=CARTESIAN_POINT('Ctrl Pts',(13.4602691315505,-11.4712056849816,-9.39162696894246));
#5807=CARTESIAN_POINT('Ctrl Pts',(13.5124371532307,-12.6700980327218,-7.31508450985091));
#5808=CARTESIAN_POINT('Ctrl Pts',(0.726181580628221,14.8124891684294,0.));
#5809=CARTESIAN_POINT('Ctrl Pts',(0.778349602308437,14.8124891684294,-2.42762882843804));
#5810=CARTESIAN_POINT('Ctrl Pts',(0.88268564566887,13.5965007670016,-7.28057384520467));
#5811=CARTESIAN_POINT('Ctrl Pts',(1.03918971070952,8.54753754428812,-12.8373575203417));
#5812=CARTESIAN_POINT('Ctrl Pts',(1.19569377575017,1.47510284459987,-15.3518499056327));
#5813=CARTESIAN_POINT('Ctrl Pts',(1.35219784079082,-5.9475438382847,-14.2298167394107));
#5814=CARTESIAN_POINT('Ctrl Pts',(1.50870190583147,-11.9607788655686,-9.73634197238084));
#5815=CARTESIAN_POINT('Ctrl Pts',(1.66520597087212,-15.1405702671965,-2.93635126483221));
#5816=CARTESIAN_POINT('Ctrl Pts',(1.82171003591277,-14.7333038136888,4.55935617445542));
#5817=CARTESIAN_POINT('Ctrl Pts',(1.97821410095342,-10.8356118128993,10.974871423678));
#5818=CARTESIAN_POINT('Ctrl Pts',(2.13471816599408,-4.37082399375213,14.7903405558332));
#5819=CARTESIAN_POINT('Ctrl Pts',(2.29122223103472,3.12944530305265,15.1018136438351));
#5820=CARTESIAN_POINT('Ctrl Pts',(2.44772629607538,9.88832253281296,11.8355121865611));
#5821=CARTESIAN_POINT('Ctrl Pts',(2.60423036111602,14.3045486022389,5.76525093932947));
#5822=CARTESIAN_POINT('Ctrl Pts',(2.76073442615668,15.3318780036647,-1.67085791559255));
#5823=CARTESIAN_POINT('Ctrl Pts',(2.91723849119732,12.7269230271329,-8.7111234839182));
#5824=CARTESIAN_POINT('Ctrl Pts',(3.07374255623798,7.10682626180512,-13.6876317823855));
#5825=CARTESIAN_POINT('Ctrl Pts',(3.23024662127862,-0.196952783605621,-15.4213959706561));
#5826=CARTESIAN_POINT('Ctrl Pts',(3.38675068631928,-7.45407152530148,-13.5016688146089));
#5827=CARTESIAN_POINT('Ctrl Pts',(3.54325475135993,-12.9452422033454,-8.38325402696923));
#5828=CARTESIAN_POINT('Ctrl Pts',(3.69975881640058,-15.3695485122577,-1.27875796918398));
#5829=CARTESIAN_POINT('Ctrl Pts',(3.85626288144123,-14.1526467758998,6.12868932164531));
#5830=CARTESIAN_POINT('Ctrl Pts',(4.01276694648188,-9.58283382105864,12.0841855117967));
#5831=CARTESIAN_POINT('Ctrl Pts',(4.16927101152252,-2.74274652072161,15.1768107665867));
#5832=CARTESIAN_POINT('Ctrl Pts',(4.32577507656318,4.74712634491594,14.6738895661879));
#5833=CARTESIAN_POINT('Ctrl Pts',(4.48227914160383,11.1123549367579,10.694569242546));
#5834=CARTESIAN_POINT('Ctrl Pts',(4.63878320664448,14.8449495040446,4.18159272920977));
#5835=CARTESIAN_POINT('Ctrl Pts',(4.79528727168513,15.060619045988,-3.32204718197758));
#5836=CARTESIAN_POINT('Ctrl Pts',(4.95179133672578,11.7082691750186,-10.0386590964098));
#5837=CARTESIAN_POINT('Ctrl Pts',(5.10829540176643,5.58210691406275,-14.3770068487324));
#5838=CARTESIAN_POINT('Ctrl Pts',(5.26479946680708,-1.86651531840786,-15.3092901237945));
#5839=CARTESIAN_POINT('Ctrl Pts',(5.42130353184773,-8.87294039615153,-12.6146411861327));
#5840=CARTESIAN_POINT('Ctrl Pts',(5.57780759688838,-13.7772723602112,-6.93145077462021));
#5841=CARTESIAN_POINT('Ctrl Pts',(5.73431166192903,-15.4176232694507,0.393873393070877));
#5842=CARTESIAN_POINT('Ctrl Pts',(5.89081572696968,-13.4053767017561,7.62588480194079));
#5843=CARTESIAN_POINT('Ctrl Pts',(6.04731979201033,-8.21725508105259,13.0512437132013));
#5844=CARTESIAN_POINT('Ctrl Pts',(6.20382385705099,-1.08237910970675,15.3846254095227));
#5845=CARTESIAN_POINT('Ctrl Pts',(6.36032792209163,6.30892388259422,14.073227169775));
#5846=CARTESIAN_POINT('Ctrl Pts',(6.51683198713229,12.2055763017827,9.42773306101853));
#5847=CARTESIAN_POINT('Ctrl Pts',(6.67333605217293,15.2105990303737,2.54870960795017));
#5848=CARTESIAN_POINT('Ctrl Pts',(6.82984011721359,14.6120705066097,-4.9341300183851));
#5849=CARTESIAN_POINT('Ctrl Pts',(6.98634418225423,10.5517884471404,-11.2480222303859));
#5850=CARTESIAN_POINT('Ctrl Pts',(7.14284824729489,3.99167647319196,-14.8971394053297));
#5851=CARTESIAN_POINT('Ctrl Pts',(7.29935231233554,-3.5141057353898,-15.0169672174165));
#5852=CARTESIAN_POINT('Ctrl Pts',(7.45585637737619,-10.1873592514208,-11.5791171948017));
#5853=CARTESIAN_POINT('Ctrl Pts',(7.61236044241683,-14.4471199710576,-5.39805224783252));
#5854=CARTESIAN_POINT('Ctrl Pts',(7.76886450745749,-15.2842056756824,2.0618681800491));
#5855=CARTESIAN_POINT('Ctrl Pts',(7.92536857249814,-12.5003019377565,9.03331030095738));
#5856=CARTESIAN_POINT('Ctrl Pts',(8.08187263753879,-6.75494489922976,13.8646659872077));
#5857=CARTESIAN_POINT('Ctrl Pts',(8.23837670257944,0.590729792967621,15.4113361471406));
#5858=CARTESIAN_POINT('Ctrl Pts',(8.39488076762009,7.79645437005044,13.3068983156924));
#5859=CARTESIAN_POINT('Ctrl Pts',(8.55138483266074,13.155116720787,8.04991599899955));
#5860=CARTESIAN_POINT('Ctrl Pts',(8.70788889770139,15.3971932461102,0.885823724203196));
#5861=CARTESIAN_POINT('Ctrl Pts',(8.86439296274204,13.9915123823987,-6.48812952874062));
#5862=CARTESIAN_POINT('Ctrl Pts',(9.02089702778269,9.27109474419128,-12.3249765019083));
#5863=CARTESIAN_POINT('Ctrl Pts',(9.17740109282334,2.35425703014708,-15.2419066184165));
#5864=CARTESIAN_POINT('Ctrl Pts',(9.33390515786399,-5.12032899170743,-14.547868384932));
#5865=CARTESIAN_POINT('Ctrl Pts',(9.49040922290464,-11.3818550995565,-10.4072867751571));
#5866=CARTESIAN_POINT('Ctrl Pts',(9.64691328794529,-14.9468997530047,-3.80110922024635));
#5867=CARTESIAN_POINT('Ctrl Pts',(9.80341735298594,-14.9708662923748,3.70559117819751));
#5868=CARTESIAN_POINT('Ctrl Pts',(9.95992141802659,-11.4480767927655,10.3343979641881));
#5869=CARTESIAN_POINT('Ctrl Pts',(10.1164254830672,-5.2131172202071,14.5148769326541));
#5870=CARTESIAN_POINT('Ctrl Pts',(10.2729295481079,2.25688477338308,15.2566285477892));
#5871=CARTESIAN_POINT('Ctrl Pts',(10.4294336131485,9.1922069778945,12.3839240323972));
#5872=CARTESIAN_POINT('Ctrl Pts',(10.5859376781892,13.9497984409045,6.57733736952374));
#5873=CARTESIAN_POINT('Ctrl Pts',(10.7424417432299,15.4025356197242,-0.787489852060831));
#5874=CARTESIAN_POINT('Ctrl Pts',(10.8989458082705,13.2062497098418,-7.96575242428466));
#5875=CARTESIAN_POINT('Ctrl Pts',(11.0554498733112,7.88126409927665,-13.2568442806043));
#5876=CARTESIAN_POINT('Ctrl Pts',(11.2119539383518,0.689123808187137,-15.4072499720956));
#5877=CARTESIAN_POINT('Ctrl Pts',(11.3684580033924,-6.66627691154705,-13.9075157461428));
#5878=CARTESIAN_POINT('Ctrl Pts',(11.5249620684331,-12.4423668811012,-9.11294440284985));
#5879=CARTESIAN_POINT('Ctrl Pts',(11.6814661334737,-15.2707279488727,-2.15942052846803));
#5880=CARTESIAN_POINT('Ctrl Pts',(11.8379701985144,-14.4812946075107,5.30569295395576));
#5881=CARTESIAN_POINT('Ctrl Pts',(11.9944742635551,-10.261085954115,11.5138316072534));
#5882=CARTESIAN_POINT('Ctrl Pts',(12.1509783285957,-3.60992566385672,14.9942226488509));
#5883=CARTESIAN_POINT('Ctrl Pts',(12.3074823936364,3.89647938367845,14.9223233626227));
#5884=CARTESIAN_POINT('Ctrl Pts',(12.463986458677,10.479737297101,11.3151701788243));
#5885=CARTESIAN_POINT('Ctrl Pts',(12.6204905237176,14.5802941115916,5.02733034381899));
#5886=CARTESIAN_POINT('Ctrl Pts',(12.7769945887583,15.2265093328208,-2.4515300552302));
#5887=CARTESIAN_POINT('Ctrl Pts',(12.9334986537989,12.2656324237815,-9.3496108683844));
#5888=CARTESIAN_POINT('Ctrl Pts',(13.0900027188396,6.39844841619815,-14.0326434356636));
#5889=CARTESIAN_POINT('Ctrl Pts',(13.2465067838803,-0.983705892983938,-15.3912465022232));
#5890=CARTESIAN_POINT('Ctrl Pts',(13.4030108489209,-8.13462814419567,-13.1034122875766));
#5891=CARTESIAN_POINT('Ctrl Pts',(13.5073468922813,-11.6141774989227,-9.5086328206015));
#5892=CARTESIAN_POINT('Ctrl Pts',(13.5595149139616,-12.8279919131417,-7.40624458421471));
#5893=CARTESIAN_POINT('',(12.8333333333333,-12.3408620039282,-7.12500000000001));
#5894=CARTESIAN_POINT('Origin',(12.8333333333333,-12.9903810567666,-7.50000000000001));
#5895=CARTESIAN_POINT('',(12.1072025461836,-12.8278216628121,-7.40614627733004));
#5896=CARTESIAN_POINT('Origin',(12.8333333333333,-12.9903810567666,-7.50000000000001));
#5897=CARTESIAN_POINT('Ctrl Pts',(-0.726181580628156,14.8124891684291,-1.11022302462516E-15));
#5898=CARTESIAN_POINT('Ctrl Pts',(-0.649795110432812,14.8124891684291,-3.55462965963223));
#5899=CARTESIAN_POINT('Ctrl Pts',(-0.497007900300915,12.1500019294291,-10.648530937756));
#5900=CARTESIAN_POINT('Ctrl Pts',(-0.267841335154416,2.10594335570347,-16.0182099354508));
#5901=CARTESIAN_POINT('Ctrl Pts',(-0.0386696826142364,-8.97410003195038,
-13.4309423736378));
#5902=CARTESIAN_POINT('Ctrl Pts',(0.190498921549176,-15.6058153662666,-4.18108708406139));
#5903=CARTESIAN_POINT('Ctrl Pts',(0.419669459841782,-14.4865291225226,7.14647491556435));
#5904=CARTESIAN_POINT('Ctrl Pts',(0.648839832833055,-6.18426623479365,14.9245780139337));
#5905=CARTESIAN_POINT('Ctrl Pts',(0.878011310560288,5.19997064598134,15.2985421314607));
#5906=CARTESIAN_POINT('Ctrl Pts',(1.08171842354526,13.0030152191762,8.87581666547039));
#5907=CARTESIAN_POINT('Ctrl Pts',(1.25996105041893,15.3737559691578,0.666377094426762));
#5908=CARTESIAN_POINT('Ctrl Pts',(1.41274173101387,13.9519419021033,-6.50601374747053));
#5909=CARTESIAN_POINT('Ctrl Pts',(1.5655219737189,9.36959074668695,-12.213370303951));
#5910=CARTESIAN_POINT('Ctrl Pts',(1.71830206497226,2.66910454339425,-15.1617402546134));
#5911=CARTESIAN_POINT('Ctrl Pts',(1.87108205118193,-4.62593987223717,-14.6756987367544));
#5912=CARTESIAN_POINT('Ctrl Pts',(2.04932555496244,-11.9411284568183,-10.2611904852456));
#5913=CARTESIAN_POINT('Ctrl Pts',(2.25303212196551,-16.1234077917581,-1.05683894017698));
#5914=CARTESIAN_POINT('Ctrl Pts',(2.42491178216414,-13.6411650932533,7.11098955200336));
#5915=CARTESIAN_POINT('Ctrl Pts',(2.53949502441027,-9.99645922980898,11.0352144348095));
#5916=CARTESIAN_POINT('Ctrl Pts',(2.61588659965916,-7.15280318092544,13.1809220263385));
#5917=CARTESIAN_POINT('Ctrl Pts',(2.74956860742736,-1.26613211487689,15.5334852769284));
#5918=CARTESIAN_POINT('Ctrl Pts',(2.91508127029165,6.81984921482719,14.1896940075597));
#5919=CARTESIAN_POINT('Ctrl Pts',(3.0933236869389,12.9830575120297,8.26195237759207));
#5920=CARTESIAN_POINT('Ctrl Pts',(3.24610474506001,15.3366206905095,1.34033316885213));
#5921=CARTESIAN_POINT('Ctrl Pts',(3.39888443079446,14.2184222061087,-5.89237842437803));
#5922=CARTESIAN_POINT('Ctrl Pts',(3.56864033633428,9.41559772276204,-12.4564157672073));
#5923=CARTESIAN_POINT('Ctrl Pts',(3.75537159080593,0.922544744386664,-15.8373641835962));
#5924=CARTESIAN_POINT('Ctrl Pts',(3.95907959426576,-8.72476484137082,-13.2502807908904));
#5925=CARTESIAN_POINT('Ctrl Pts',(4.14581002359478,-14.3844004682221,-6.0737686306392));
#5926=CARTESIAN_POINT('Ctrl Pts',(4.31556589833922,-15.2582590158605,2.01490080577882));
#5927=CARTESIAN_POINT('Ctrl Pts',(4.46834625961736,-12.6087696795584,8.83174062093127));
#5928=CARTESIAN_POINT('Ctrl Pts',(4.62112625506611,-7.10318236978259,13.6562301446423));
#5929=CARTESIAN_POINT('Ctrl Pts',(4.77390675344459,0.0033891264247166,15.3935726959314));
#5930=CARTESIAN_POINT('Ctrl Pts',(4.92668670751797,7.11290667181726,13.6512612712625));
#5931=CARTESIAN_POINT('Ctrl Pts',(5.07946719053937,12.6100953686923,8.82729756624212));
#5932=CARTESIAN_POINT('Ctrl Pts',(5.23224720879106,15.2660539490503,2.00113556588207));
#5933=CARTESIAN_POINT('Ctrl Pts',(5.3680519599452,14.5454186540916,-4.45466857971249));
#5934=CARTESIAN_POINT('Ctrl Pts',(5.5208322434575,11.0439596773307,-10.7568984500539));
#5935=CARTESIAN_POINT('Ctrl Pts',(5.67361220800152,4.79883815855354,-14.8629297624241));
#5936=CARTESIAN_POINT('Ctrl Pts',(5.84336865908304,-3.33765187953464,-15.0208270710281));
#5937=CARTESIAN_POINT('Ctrl Pts',(6.01312302199535,-10.632047045027,-11.4369401349136));
#5938=CARTESIAN_POINT('Ctrl Pts',(6.19985625654919,-15.4386124779305,-3.65500839014677));
#5939=CARTESIAN_POINT('Ctrl Pts',(6.4035619878463,-14.5617803581955,6.28865284000214));
#5940=CARTESIAN_POINT('Ctrl Pts',(6.60726864059101,-7.92651683042606,13.7393462141674));
#5941=CARTESIAN_POINT('Ctrl Pts',(6.8109771773425,1.84761464840683,15.7554908225744));
#5942=CARTESIAN_POINT('Ctrl Pts',(7.01468331633784,10.8896191507184,11.5327814227726));
#5943=CARTESIAN_POINT('Ctrl Pts',(7.2183902665197,15.6225485827951,2.74843660697169));
#5944=CARTESIAN_POINT('Ctrl Pts',(7.42209797110914,14.1730770421125,-7.12402065402786));
#5945=CARTESIAN_POINT('Ctrl Pts',(7.62580411627223,7.11199879495311,-14.1800102445025));
#5946=CARTESIAN_POINT('Ctrl Pts',(7.81253543150786,-1.93640753790383,-15.4957316250021));
#5947=CARTESIAN_POINT('Ctrl Pts',(7.98229141735636,-9.37570504884612,-12.2038852686043));
#5948=CARTESIAN_POINT('Ctrl Pts',(8.13507165905254,-13.9542348611458,-6.5014933057077));
#5949=CARTESIAN_POINT('Ctrl Pts',(8.28785176664892,-15.3784293751058,0.679461455532615));
#5950=CARTESIAN_POINT('Ctrl Pts',(8.44063221243785,-13.3271775403172,7.70251143928267));
#5951=CARTESIAN_POINT('Ctrl Pts',(8.59341212020816,-8.26545559076169,12.9862660257658));
#5952=CARTESIAN_POINT('Ctrl Pts',(8.74619277784894,-1.33286273679256,15.3363179214531));
#5953=CARTESIAN_POINT('Ctrl Pts',(8.89897242071582,5.89484520964276,14.2167850146306));
#5954=CARTESIAN_POINT('Ctrl Pts',(9.06872914658883,12.4588370384569,9.41211965354059));
#5955=CARTESIAN_POINT('Ctrl Pts',(9.25546012634567,15.8389071357094,0.916895540059496));
#5956=CARTESIAN_POINT('Ctrl Pts',(9.45916652052776,13.2466850233311,-8.72409327396294));
#5957=CARTESIAN_POINT('Ctrl Pts',(9.66287518565629,5.41893822328601,-14.9088425157778));
#5958=CARTESIAN_POINT('Ctrl Pts',(9.86658005236002,-4.55861193686856,-15.1938363106787));
#5959=CARTESIAN_POINT('Ctrl Pts',(10.0702880961943,-12.725883010231,-9.46568850391234));
#5960=CARTESIAN_POINT('Ctrl Pts',(10.2824832940117,-15.9993656004019,0.403646641375821));
#5961=CARTESIAN_POINT('Ctrl Pts',(10.5031655637477,-12.143615279595,10.6609218691133));
#5962=CARTESIAN_POINT('Ctrl Pts',(10.6941401617323,-3.7710382928697,15.1194091590785));
#5963=CARTESIAN_POINT('Ctrl Pts',(10.8469210017638,3.44261076626956,14.7276063511556));
#5964=CARTESIAN_POINT('Ctrl Pts',(10.9997001154192,10.0844177061115,11.8796703229004));
#5965=CARTESIAN_POINT('Ctrl Pts',(11.1906755276708,15.6089530720482,4.17466676239796));
#5966=CARTESIAN_POINT('Ctrl Pts',(11.4198467176448,14.4822901342591,-7.15524990909624));
#5967=CARTESIAN_POINT('Ctrl Pts',(11.649017743635,6.17579295990174,-14.9284819764365));
#5968=CARTESIAN_POINT('Ctrl Pts',(11.8781200531418,-5.20471463689544,-15.2937200863588));
#5969=CARTESIAN_POINT('Ctrl Pts',(12.0308329472802,-11.0521795554263,-10.4818598014796));
#5970=CARTESIAN_POINT('Ctrl Pts',(12.1071517523102,-12.8279918083663,-7.40624452376148));
#5971=CARTESIAN_POINT('Ctrl Pts',(11.7658041094594,-14.1203764711284,-5.0611232264789));
#5972=CARTESIAN_POINT('Ctrl Pts',(11.7498926553871,-14.2528024278512,-4.69165892383302));
#5973=CARTESIAN_POINT('Ctrl Pts',(11.7404583497918,-14.4308182366877,-4.12632335424995));
#5974=CARTESIAN_POINT('Ctrl Pts',(11.8105230242797,-14.6233060684121,-3.35776771032562));
#5975=CARTESIAN_POINT('Ctrl Pts',(11.9321480513238,-14.7429778415264,-2.78521613198525));
#5976=CARTESIAN_POINT('Ctrl Pts',(12.1752548284418,-14.8376277385543,-2.22383176220112));
#5977=CARTESIAN_POINT('Ctrl Pts',(12.5301371212411,-14.8881659410056,-1.83407923009299));
#5978=CARTESIAN_POINT('Ctrl Pts',(12.8914195901664,-14.9082182954114,-1.65740435598453));
#5979=CARTESIAN_POINT('Ctrl Pts',(13.0826949282273,-14.9115726524478,-1.62634591362675));
#5980=CARTESIAN_POINT('Ctrl Pts',(13.1783842428308,-14.9115726524478,-1.62634591362675));
#5981=CARTESIAN_POINT('Ctrl Pts',(11.7983927017414,-14.1208372924529,-5.05983754930855));
#5982=CARTESIAN_POINT('Ctrl Pts',(11.7863137068606,-14.2531300399617,-4.69063760732606));
#5983=CARTESIAN_POINT('Ctrl Pts',(11.7833586233855,-14.4305902434001,-4.12677753340837));
#5984=CARTESIAN_POINT('Ctrl Pts',(11.8620484890591,-14.6216668301001,-3.36459136163856));
#5985=CARTESIAN_POINT('Ctrl Pts',(11.9882479983913,-14.7396510080364,-2.80201665434421));
#5986=CARTESIAN_POINT('Ctrl Pts',(12.2299842936868,-14.832306721964,-2.25762674095378));
#5987=CARTESIAN_POINT('Ctrl Pts',(12.5717477131337,-14.8815483996677,-1.88711291802447));
#5988=CARTESIAN_POINT('Ctrl Pts',(12.9117723091253,-14.9010266847382,-1.72201933373661));
#5989=CARTESIAN_POINT('Ctrl Pts',(13.0896199211977,-14.904261835521,-1.69338079115162));
#5990=CARTESIAN_POINT('Ctrl Pts',(13.1783842428308,-14.9042574505997,-1.69341723154958));
#5991=CARTESIAN_POINT('Ctrl Pts',(11.8663675632242,-14.1153947188072,-5.05558255787464));
#5992=CARTESIAN_POINT('Ctrl Pts',(11.8625391076826,-14.2463775969681,-4.6868806180306));
#5993=CARTESIAN_POINT('Ctrl Pts',(11.8736652137586,-14.4207821904589,-4.12595909343121));
#5994=CARTESIAN_POINT('Ctrl Pts',(11.9715398398698,-14.606007725408,-3.37742760054895));
#5995=CARTESIAN_POINT('Ctrl Pts',(12.1082980862988,-14.718268525871,-2.8361849766238));
#5996=CARTESIAN_POINT('Ctrl Pts',(12.3483351004843,-14.8046755398935,-2.32855005337285));
#5997=CARTESIAN_POINT('Ctrl Pts',(12.6628590991168,-14.8497849579814,-2.00084354677517));
#5998=CARTESIAN_POINT('Ctrl Pts',(12.956608526325,-14.8674041335239,-1.8621019833207));
#5999=CARTESIAN_POINT('Ctrl Pts',(13.1048825865697,-14.8702323321475,-1.83900154072328));
#6000=CARTESIAN_POINT('Ctrl Pts',(13.1783842428308,-14.870198949231,-1.83914609636378));
#6001=CARTESIAN_POINT('Ctrl Pts',(11.9704257821019,-14.0840844864939,-5.04342355906623));
#6002=CARTESIAN_POINT('Ctrl Pts',(11.9794596697854,-14.2089205541262,-4.67521239078639));
#6003=CARTESIAN_POINT('Ctrl Pts',(12.0126289218213,-14.3710723122142,-4.11834433628227));
#6004=CARTESIAN_POINT('Ctrl Pts',(12.1409348054441,-14.5340209771336,-3.39107087810756));
#6005=CARTESIAN_POINT('Ctrl Pts',(12.2948629405756,-14.6266629092531,-2.88248538571737));
#6006=CARTESIAN_POINT('Ctrl Pts',(12.5342790063451,-14.691746621163,-2.43156460215512));
#6007=CARTESIAN_POINT('Ctrl Pts',(12.8088018002979,-14.7204773316858,-2.17323192691966));
#6008=CARTESIAN_POINT('Ctrl Pts',(13.0291971003309,-14.7295249782825,-2.07911359889639));
#6009=CARTESIAN_POINT('Ctrl Pts',(13.1295955300759,-14.7304058669092,-2.06551569767471));
#6010=CARTESIAN_POINT('Ctrl Pts',(13.1783842428308,-14.7301280296298,-2.0658895031758));
#6011=CARTESIAN_POINT('Ctrl Pts',(12.0681219188391,-14.0282404182279,-5.02551024649608));
#6012=CARTESIAN_POINT('Ctrl Pts',(12.0886008079928,-14.1423920333971,-4.65744945284016));
#6013=CARTESIAN_POINT('Ctrl Pts',(12.1408975482933,-14.2838644528755,-4.10387178768036));
#6014=CARTESIAN_POINT('Ctrl Pts',(12.2936698529334,-14.4095379528132,-3.39575146388716));
#6015=CARTESIAN_POINT('Ctrl Pts',(12.4598529158319,-14.4702180575215,-2.91492799401132));
#6016=CARTESIAN_POINT('Ctrl Pts',(12.6955039238628,-14.5002371740676,-2.51056381474969));
#6017=CARTESIAN_POINT('Ctrl Pts',(12.9339712409035,-14.4996934738381,-2.3086656139127));
#6018=CARTESIAN_POINT('Ctrl Pts',(13.091102615555,-14.4922606240773,-2.25099479035682));
#6019=CARTESIAN_POINT('Ctrl Pts',(13.1506297563509,-14.489291776727,-2.24499747138997));
#6020=CARTESIAN_POINT('Ctrl Pts',(13.1783842428308,-14.4884730403916,-2.24545319033075));
#6021=CARTESIAN_POINT('Ctrl Pts',(12.1506135716851,-13.9505309083039,-5.00287775151055));
#6022=CARTESIAN_POINT('Ctrl Pts',(12.1790611503663,-14.0502582893624,-4.63469457797165));
#6023=CARTESIAN_POINT('Ctrl Pts',(12.2434088131915,-14.1644312894767,-4.08373203806461));
#6024=CARTESIAN_POINT('Ctrl Pts',(12.4061594033952,-14.2423662242922,-3.38995601822609));
#6025=CARTESIAN_POINT('Ctrl Pts',(12.5725026538942,-14.2636042280764,-2.92641930698188));
#6026=CARTESIAN_POINT('Ctrl Pts',(12.7946735280329,-14.2517449499414,-2.54620733353632));
#6027=CARTESIAN_POINT('Ctrl Pts',(13.0026991820978,-14.2170276929769,-2.36682841324235));
#6028=CARTESIAN_POINT('Ctrl Pts',(13.1227251023942,-14.1905269385982,-2.32044206405358));
#6029=CARTESIAN_POINT('Ctrl Pts',(13.1612478633516,-14.1831184631366,-2.31610134762704));
#6030=CARTESIAN_POINT('Ctrl Pts',(13.1783842428308,-14.1816484787136,-2.3162031229679));
#6031=CARTESIAN_POINT('Ctrl Pts',(12.2110209014725,-13.8573473287784,-4.97739161274189));
#6032=CARTESIAN_POINT('Ctrl Pts',(12.2425876361357,-13.9407760226098,-4.60901973495954));
#6033=CARTESIAN_POINT('Ctrl Pts',(12.3092502755114,-14.0250583835812,-4.05998251383967));
#6034=CARTESIAN_POINT('Ctrl Pts',(12.4633361789357,-14.0545566913572,-3.37427824873914));
#6035=CARTESIAN_POINT('Ctrl Pts',(12.6150808958284,-14.0388254073499,-2.91497466697566));
#6036=CARTESIAN_POINT('Ctrl Pts',(12.812941536887,-13.9921203336065,-2.53177541773144));
#6037=CARTESIAN_POINT('Ctrl Pts',(12.9994162984329,-13.9346156325182,-2.33448371822259));
#6038=CARTESIAN_POINT('Ctrl Pts',(13.1162397883627,-13.8975507370969,-2.27001100683068));
#6039=CARTESIAN_POINT('Ctrl Pts',(13.1588060835561,-13.8878698022376,-2.26053309135167));
#6040=CARTESIAN_POINT('Ctrl Pts',(13.1783842428308,-13.8860529093084,-2.259874246405));
#6041=CARTESIAN_POINT('Ctrl Pts',(12.2464531729563,-13.7572359893416,-4.95127555309768));
#6042=CARTESIAN_POINT('Ctrl Pts',(12.2761392210886,-13.8247684042576,-4.5828899193322));
#6043=CARTESIAN_POINT('Ctrl Pts',(12.3354517397413,-13.8810790515295,-4.03554899794705));
#6044=CARTESIAN_POINT('Ctrl Pts',(12.4650892035225,-13.8712391491329,-3.35204939137367));
#6045=CARTESIAN_POINT('Ctrl Pts',(12.591660390392,-13.82972423862,-2.88572608745812));
#6046=CARTESIAN_POINT('Ctrl Pts',(12.7609305032194,-13.7655205444805,-2.47805394505122));
#6047=CARTESIAN_POINT('Ctrl Pts',(12.9393302551319,-13.7055883855934,-2.23585385571801));
#6048=CARTESIAN_POINT('Ctrl Pts',(13.0814442625182,-13.6712176681726,-2.13654538992287));
#6049=CARTESIAN_POINT('Ctrl Pts',(13.1467260694359,-13.6624438787288,-2.11852387872255));
#6050=CARTESIAN_POINT('Ctrl Pts',(13.1783842428307,-13.6607525738459,-2.11706322276458));
#6051=CARTESIAN_POINT('Ctrl Pts',(12.254123534195,-13.6913865427467,-4.93476857058208));
#6052=CARTESIAN_POINT('Ctrl Pts',(12.2798784626948,-13.7498159443809,-4.56659402992315));
#6053=CARTESIAN_POINT('Ctrl Pts',(12.329500109852,-13.7912854964492,-4.02028268160285));
#6054=CARTESIAN_POINT('Ctrl Pts',(12.4372214693085,-13.7647098149923,-3.33530673461606));
#6055=CARTESIAN_POINT('Ctrl Pts',(12.5448579497932,-13.7154029389738,-2.85952020514212));
#6056=CARTESIAN_POINT('Ctrl Pts',(12.6976835042471,-13.6515780369163,-2.42809962730186));
#6057=CARTESIAN_POINT('Ctrl Pts',(12.8803026159957,-13.6012323083838,-2.15030695954521));
#6058=CARTESIAN_POINT('Ctrl Pts',(13.0499703375119,-13.5747554152851,-2.0263442701122));
#6059=CARTESIAN_POINT('Ctrl Pts',(13.135904188404,-13.5679804745777,-2.00266706401558));
#6060=CARTESIAN_POINT('Ctrl Pts',(13.1783842428307,-13.5665784321471,-2.00082794562626));
#6061=CARTESIAN_POINT('Ctrl Pts',(12.2546496298149,-13.6597206184687,-4.92696638293881));
#6062=CARTESIAN_POINT('Ctrl Pts',(12.2780247162393,-13.7141382191128,-4.55895726051905));
#6063=CARTESIAN_POINT('Ctrl Pts',(12.3221725117844,-13.7493712457747,-4.01311631566883));
#6064=CARTESIAN_POINT('Ctrl Pts',(12.4187663866264,-13.7167640739988,-3.3269424531148));
#6065=CARTESIAN_POINT('Ctrl Pts',(12.5173959829071,-13.6655221258836,-2.84590023409832));
#6066=CARTESIAN_POINT('Ctrl Pts',(12.6634029876387,-13.6039343941011,-2.40223131017848));
#6067=CARTESIAN_POINT('Ctrl Pts',(12.8499263882733,-13.5596866487501,-2.10726687137683));
#6068=CARTESIAN_POINT('Ctrl Pts',(13.0341382792781,-13.5376421460787,-1.97189842162408));
#6069=CARTESIAN_POINT('Ctrl Pts',(13.1304748214443,-13.5319600221768,-1.94566107365851));
#6070=CARTESIAN_POINT('Ctrl Pts',(13.1783842428307,-13.5307163295969,-1.94367916202884));
#6071=CARTESIAN_POINT('',(12.2546496298149,-13.6597206184687,-4.9269663829388));
#6072=CARTESIAN_POINT('Ctrl Pts',(11.8200578534703,-14.1181950206393,-5.05825840918177));
#6073=CARTESIAN_POINT('Ctrl Pts',(11.8354718565312,-14.1167352507294,-5.05723811855048));
#6074=CARTESIAN_POINT('Ctrl Pts',(11.8852354946913,-14.1097175188332,-5.05337787708441));
#6075=CARTESIAN_POINT('Ctrl Pts',(11.9704257821019,-14.0840844864939,-5.04342355906623));
#6076=CARTESIAN_POINT('Ctrl Pts',(12.0681219188391,-14.0282404182279,-5.02551024649608));
#6077=CARTESIAN_POINT('Ctrl Pts',(12.1506135716851,-13.9505309083039,-5.00287775151055));
#6078=CARTESIAN_POINT('Ctrl Pts',(12.2110209014725,-13.8573473287784,-4.97739161274189));
#6079=CARTESIAN_POINT('Ctrl Pts',(12.2464531729563,-13.7572359893416,-4.95127555309768));
#6080=CARTESIAN_POINT('Ctrl Pts',(12.254123534195,-13.6913865427467,-4.93476857058208));
#6081=CARTESIAN_POINT('Ctrl Pts',(12.2546496298149,-13.6597206184687,-4.92696638293881));
#6082=CARTESIAN_POINT('Ctrl Pts',(12.2546496298149,-13.6597206184687,-4.92696638293881));
#6083=CARTESIAN_POINT('Ctrl Pts',(12.2780247162393,-13.7141382191128,-4.55895726051905));
#6084=CARTESIAN_POINT('Ctrl Pts',(12.3221725117844,-13.7493712457747,-4.01311631566883));
#6085=CARTESIAN_POINT('Ctrl Pts',(12.4187663866264,-13.7167640739988,-3.3269424531148));
#6086=CARTESIAN_POINT('Ctrl Pts',(12.5173959829071,-13.6655221258836,-2.84590023409832));
#6087=CARTESIAN_POINT('Ctrl Pts',(12.6634029876387,-13.6039343941011,-2.40223131017848));
#6088=CARTESIAN_POINT('Ctrl Pts',(12.8499263882733,-13.5596866487501,-2.10726687137683));
#6089=CARTESIAN_POINT('Ctrl Pts',(13.0341382792781,-13.5376421460787,-1.97189842162408));
#6090=CARTESIAN_POINT('Ctrl Pts',(13.1304748214443,-13.5319600221768,-1.94566107365851));
#6091=CARTESIAN_POINT('Ctrl Pts',(13.1783842428307,-13.5307163295969,-1.94367916202884));
#6092=CARTESIAN_POINT('Ctrl Pts',(11.8654765925805,-12.9957650365019,-7.4906669339942));
#6093=CARTESIAN_POINT('Ctrl Pts',(11.8654760595299,-12.9963125669646,-7.48971700826578));
#6094=CARTESIAN_POINT('Ctrl Pts',(11.8654737338619,-12.9968599539105,-7.48876709246636));
#6095=CARTESIAN_POINT('Ctrl Pts',(11.8669571247779,-13.4401229651481,-6.71934606202636));
#6096=CARTESIAN_POINT('Ctrl Pts',(11.8022513726051,-13.8170375261069,-5.90742945345413));
#6097=CARTESIAN_POINT('Ctrl Pts',(11.7658041094589,-14.1203764711284,-5.06112322647892));
#6098=CARTESIAN_POINT('Ctrl Pts',(11.8946180358095,-12.9957722313349,-7.49065445147975));
#6099=CARTESIAN_POINT('Ctrl Pts',(11.8946223210915,-12.9963226218021,-7.48970348429321));
#6100=CARTESIAN_POINT('Ctrl Pts',(11.894638141407,-12.9968659674634,-7.48875298990014));
#6101=CARTESIAN_POINT('Ctrl Pts',(11.903457623943,-13.4405731020258,-6.71873500234554));
#6102=CARTESIAN_POINT('Ctrl Pts',(11.8497680531672,-13.8185777642354,-5.90387229241326));
#6103=CARTESIAN_POINT('Ctrl Pts',(11.830981294023,-14.1212981137775,-5.05855187213821));
#6104=CARTESIAN_POINT('Ctrl Pts',(11.9566172407173,-12.9862704720624,-7.4861856657973));
#6105=CARTESIAN_POINT('Ctrl Pts',(11.9566506250344,-12.9868099747106,-7.48522348396154));
#6106=CARTESIAN_POINT('Ctrl Pts',(11.9566675282089,-12.9873687941005,-7.48428760028022));
#6107=CARTESIAN_POINT('Ctrl Pts',(11.9814070429236,-13.4294058285864,-6.71224812150668));
#6108=CARTESIAN_POINT('Ctrl Pts',(11.951229336484,-13.8049804592751,-5.88969461054344));
#6109=CARTESIAN_POINT('Ctrl Pts',(11.9732005182673,-14.0973078732596,-5.04655313974514));
#6110=CARTESIAN_POINT('Ctrl Pts',(12.0561380335539,-12.9297719612984,-7.45976006867396));
#6111=CARTESIAN_POINT('Ctrl Pts',(12.0561875858068,-12.9303049212893,-7.45881201003651));
#6112=CARTESIAN_POINT('Ctrl Pts',(12.0562684293711,-12.9308341640708,-7.4578331009328));
#6113=CARTESIAN_POINT('Ctrl Pts',(12.1063875263255,-13.3615193009189,-6.68249821102731));
#6114=CARTESIAN_POINT('Ctrl Pts',(12.1144218292782,-13.7148363552026,-5.84169347937844));
#6115=CARTESIAN_POINT('Ctrl Pts',(12.1944008524435,-13.9354751412486,-4.99729928557214));
#6116=CARTESIAN_POINT('Ctrl Pts',(12.0961225538622,-12.8637349964953,-7.42891462273125));
#6117=CARTESIAN_POINT('Ctrl Pts',(12.0962039680062,-12.86422681424,-7.4279458530685));
#6118=CARTESIAN_POINT('Ctrl Pts',(12.0962747663043,-12.8647783409578,-7.42699341939237));
#6119=CARTESIAN_POINT('Ctrl Pts',(12.1606486322886,-13.2796821815337,-6.64761452626435));
#6120=CARTESIAN_POINT('Ctrl Pts',(12.1831525395843,-13.6016446250938,-5.79487156225848));
#6121=CARTESIAN_POINT('Ctrl Pts',(12.2530713429551,-13.7547183913027,-4.95037294586865));
#6122=CARTESIAN_POINT('Ctrl Pts',(12.106777236661,-12.8253221392014,-7.41097907280012));
#6123=CARTESIAN_POINT('Ctrl Pts',(12.1068623137191,-12.825821947584,-7.41001330758002));
#6124=CARTESIAN_POINT('Ctrl Pts',(12.1069464938687,-12.8263206986257,-7.4090467427771));
#6125=CARTESIAN_POINT('Ctrl Pts',(12.1767571117235,-13.2318898017856,-6.62764709237809));
#6126=CARTESIAN_POINT('Ctrl Pts',(12.2011059422235,-13.5350699987677,-5.76993932960003));
#6127=CARTESIAN_POINT('Ctrl Pts',(12.2546496298149,-13.6597206184687,-4.92696638293884));
#6128=CARTESIAN_POINT('Ctrl Pts',(11.8654765925805,-12.9957650365019,-7.4906669339942));
#6129=CARTESIAN_POINT('Ctrl Pts',(11.8910134021089,-12.9959999703917,-7.49025934069742));
#6130=CARTESIAN_POINT('Ctrl Pts',(11.9179546093855,-12.9925832205568,-7.48814810747598));
#6131=CARTESIAN_POINT('Ctrl Pts',(11.9442344159672,-12.9848865366388,-7.48404060846145));
#6132=CARTESIAN_POINT('Ctrl Pts',(11.947962935325,-12.9837945485798,-7.48345784581668));
#6133=CARTESIAN_POINT('Ctrl Pts',(11.951678130127,-12.9826163303168,-7.48283484077272));
#6134=CARTESIAN_POINT('Ctrl Pts',(11.9553741098983,-12.9813499768638,-7.48217067933335));
#6135=CARTESIAN_POINT('Ctrl Pts',(11.9769818963911,-12.9739465015397,-7.47828779591232));
#6136=CARTESIAN_POINT('Ctrl Pts',(11.9979365708021,-12.9635313209365,-7.47299760360053));
#6137=CARTESIAN_POINT('Ctrl Pts',(12.0168302112398,-12.9506818957415,-7.46656897649059));
#6138=CARTESIAN_POINT('Ctrl Pts',(12.0239034762143,-12.9458714205197,-7.46416227339273));
#6139=CARTESIAN_POINT('Ctrl Pts',(12.0306873728823,-12.9407197147791,-7.4615961181312));
#6140=CARTESIAN_POINT('Ctrl Pts',(12.0371060667372,-12.9352567750837,-7.45888481306276));
#6141=CARTESIAN_POINT('Ctrl Pts',(12.0394413869405,-12.9332691879315,-7.45789835605972));
#6142=CARTESIAN_POINT('Ctrl Pts',(12.0417283527314,-12.9312403984433,-7.45689268386955));
#6143=CARTESIAN_POINT('Ctrl Pts',(12.0439662966534,-12.9291733050832,-7.4558691526665));
#6144=CARTESIAN_POINT('Ctrl Pts',(12.0440222839783,-12.9291215919788,-7.45584354667457));
#6145=CARTESIAN_POINT('Ctrl Pts',(12.0440782392771,-12.9290698561014,-7.45581793018684));
#6146=CARTESIAN_POINT('Ctrl Pts',(12.0441341625454,-12.9290180974981,-7.4557923032253));
#6147=CARTESIAN_POINT('Ctrl Pts',(12.057520180662,-12.9166289503186,-7.44965813078004));
#6148=CARTESIAN_POINT('Ctrl Pts',(12.0690741779704,-12.9029420412957,-7.44292496616008));
#6149=CARTESIAN_POINT('Ctrl Pts',(12.0787204410283,-12.8885854523988,-7.4358831998195));
#6150=CARTESIAN_POINT('Ctrl Pts',(12.0890203112786,-12.8732560961511,-7.42836430061418));
#6151=CARTESIAN_POINT('Ctrl Pts',(12.0971461675575,-12.8571608738552,-7.42049246114488));
#6152=CARTESIAN_POINT('Ctrl Pts',(12.1029607797934,-12.8410357032979,-7.41260778268408));
#6153=CARTESIAN_POINT('Ctrl Pts',(12.104549679585,-12.8366293423748,-7.41045321700443));
#6154=CARTESIAN_POINT('Ctrl Pts',(12.1059657011844,-12.8322207110402,-7.408297676572));
#6155=CARTESIAN_POINT('Ctrl Pts',(12.1072053509362,-12.8278248753634,-7.40614812405252));
#6156=CARTESIAN_POINT('Ctrl Pts',(12.1072053460459,-12.8278248469347,-7.4061481788571));
#6157=CARTESIAN_POINT('Ctrl Pts',(12.176797346023,-13.2323904107322,-6.62623051715172));
#6158=CARTESIAN_POINT('Ctrl Pts',(12.2011501584489,-13.5351729348959,-5.76924320493206));
#6159=CARTESIAN_POINT('Ctrl Pts',(12.2546496298149,-13.6597206184687,-4.92696638293884));
#6160=CARTESIAN_POINT('Ctrl Pts',(-13.7883521855151,-12.6661869851215,8.03540336622491));
#6161=CARTESIAN_POINT('Ctrl Pts',(-13.7927456115848,-12.7813128773645,7.85393069938806));
#6162=CARTESIAN_POINT('Ctrl Pts',(-13.7948109043688,-12.8841172120559,7.66457149710147));
#6163=CARTESIAN_POINT('Ctrl Pts',(-13.7936121062646,-12.9736096579096,7.46913017596555));
#6164=CARTESIAN_POINT('Ctrl Pts',(-13.7255970527719,-12.6669124623465,8.03425979822134));
#6165=CARTESIAN_POINT('Ctrl Pts',(-13.7300121474545,-12.7817213102654,7.8531705972635));
#6166=CARTESIAN_POINT('Ctrl Pts',(-13.7325490652703,-12.8842493668953,7.66429662821623));
#6167=CARTESIAN_POINT('Ctrl Pts',(-13.7323032390112,-12.973459389822,7.46945834437451));
#6168=CARTESIAN_POINT('Ctrl Pts',(-13.6163576325245,-12.6315236768256,8.00901743366272));
#6169=CARTESIAN_POINT('Ctrl Pts',(-13.620808222029,-12.7447412460514,7.8303268264286));
#6170=CARTESIAN_POINT('Ctrl Pts',(-13.6241773348968,-12.8464441999037,7.64429049249166));
#6171=CARTESIAN_POINT('Ctrl Pts',(-13.6255303172897,-12.9356256666311,7.45282566534272));
#6172=CARTESIAN_POINT('Ctrl Pts',(-13.5581084134335,-12.5490022798599,7.95517737323839));
#6173=CARTESIAN_POINT('Ctrl Pts',(-13.5625290105059,-12.659601589629,7.78066812569702));
#6174=CARTESIAN_POINT('Ctrl Pts',(-13.5655580081294,-12.7600340335636,7.59966059989765));
#6175=CARTESIAN_POINT('Ctrl Pts',(-13.5664333661034,-12.8494252921889,7.41373722733425));
#6176=CARTESIAN_POINT('Ctrl Pts',(-13.5463440385901,-12.5106474457785,7.93054448649439));
#6177=CARTESIAN_POINT('Ctrl Pts',(-13.5507374646598,-12.6201076366363,7.75786808836048));
#6178=CARTESIAN_POINT('Ctrl Pts',(-13.5533848175795,-12.7199086349488,7.57900975892874));
#6179=CARTESIAN_POINT('Ctrl Pts',(-13.5535808551816,-12.8092522891631,7.39542525726609));
#6180=CARTESIAN_POINT('',(-13.7936432046997,-12.9712247527926,7.47433025206963));
#6181=CARTESIAN_POINT('Ctrl Pts',(-13.7883521855151,-12.6661869851215,8.03540336622491));
#6182=CARTESIAN_POINT('Ctrl Pts',(-13.7927066357725,-12.7802915502523,7.8555406148567));
#6183=CARTESIAN_POINT('Ctrl Pts',(-13.7947740770902,-12.8822922068804,7.66793063647699));
#6184=CARTESIAN_POINT('Ctrl Pts',(-13.7936432412801,-12.971224747445,7.47433024938788));
#6185=CARTESIAN_POINT('Ctrl Pts',(-13.7936432412693,-12.971224748292,7.47433024754404));
#6186=CARTESIAN_POINT('Ctrl Pts',(-13.793146444881,-12.9712282717201,7.4743225884675));
#6187=CARTESIAN_POINT('Ctrl Pts',(-13.7926496690711,-12.9712303863978,7.4743142822759));
#6188=CARTESIAN_POINT('Ctrl Pts',(-13.7921529197541,-12.9712310952629,7.47430533046884));
#6189=CARTESIAN_POINT('Ctrl Pts',(-13.776486559554,-12.9712534512802,7.47402301053589));
#6190=CARTESIAN_POINT('Ctrl Pts',(-13.760893324036,-12.9698815700452,7.47310126175343));
#6191=CARTESIAN_POINT('Ctrl Pts',(-13.745558039466,-12.9672071702712,7.47158623535662));
#6192=CARTESIAN_POINT('Ctrl Pts',(-13.7404712850304,-12.9663200647955,7.47108369709534));
#6193=CARTESIAN_POINT('Ctrl Pts',(-13.7354129444898,-12.9652892567086,7.47051570081426));
#6194=CARTESIAN_POINT('Ctrl Pts',(-13.730390004067,-12.9641169820299,7.46988341305959));
#6195=CARTESIAN_POINT('Ctrl Pts',(-13.7151253365585,-12.9605544505856,7.46796189667035));
#6196=CARTESIAN_POINT('Ctrl Pts',(-13.7002765905181,-12.9557098391906,7.46545954383959));
#6197=CARTESIAN_POINT('Ctrl Pts',(-13.6860355987347,-12.9496609716096,7.46241582181031));
#6198=CARTESIAN_POINT('Ctrl Pts',(-13.6814598978729,-12.9477174406375,7.46143785891809));
#6199=CARTESIAN_POINT('Ctrl Pts',(-13.6769470679109,-12.9456492404791,7.46040384480405));
#6200=CARTESIAN_POINT('Ctrl Pts',(-13.6725039678328,-12.9434580189873,7.45931464975204));
#6201=CARTESIAN_POINT('Ctrl Pts',(-13.6586707976357,-12.9366358589406,7.45592354438242));
#6202=CARTESIAN_POINT('Ctrl Pts',(-13.6456160663508,-12.928675768473,7.45202451332655));
#6203=CARTESIAN_POINT('Ctrl Pts',(-13.6335292852562,-12.9196520886031,7.44765475710783));
#6204=CARTESIAN_POINT('Ctrl Pts',(-13.6309192208801,-12.9177034816758,7.44671113572929));
#6205=CARTESIAN_POINT('Ctrl Pts',(-13.6283543843856,-12.9157051239546,7.44574549109908));
#6206=CARTESIAN_POINT('Ctrl Pts',(-13.6258368604213,-12.9136575199839,7.44475808244924));
#6207=CARTESIAN_POINT('Ctrl Pts',(-13.6159941761724,-12.9056520671513,7.44089764191196));
#6208=CARTESIAN_POINT('Ctrl Pts',(-13.6068729828966,-12.8968949411219,7.43670505136816));
#6209=CARTESIAN_POINT('Ctrl Pts',(-13.5985451940433,-12.8874849217049,7.43222745246123));
#6210=CARTESIAN_POINT('Ctrl Pts',(-13.5883859125906,-12.8760053996592,7.42676511565976));
#6211=CARTESIAN_POINT('Ctrl Pts',(-13.579502276273,-12.8636639736457,7.42093088782966));
#6212=CARTESIAN_POINT('Ctrl Pts',(-13.5719975656474,-12.8506604912076,7.41481870191439));
#6213=CARTESIAN_POINT('Ctrl Pts',(-13.5644928550218,-12.8376570087695,7.40870651599911));
#6214=CARTESIAN_POINT('Ctrl Pts',(-13.5583660421369,-12.8239899096533,7.40231565796448));
#6215=CARTESIAN_POINT('Ctrl Pts',(-13.553772853549,-12.8098344937083,7.3957280995493));
#6216=CARTESIAN_POINT('Ctrl Pts',(-0.726181580628156,14.8124891684291,-1.11022302462516E-15));
#6217=CARTESIAN_POINT('Ctrl Pts',(-0.649795110432812,14.8124891684291,-3.55462965963223));
#6218=CARTESIAN_POINT('Ctrl Pts',(-0.497007900300915,12.1500019294291,-10.648530937756));
#6219=CARTESIAN_POINT('Ctrl Pts',(-0.267841335154416,2.10594335570347,-16.0182099354508));
#6220=CARTESIAN_POINT('Ctrl Pts',(-0.0386696826142364,-8.97410003195038,
-13.4309423736378));
#6221=CARTESIAN_POINT('Ctrl Pts',(0.190498921549176,-15.6058153662666,-4.18108708406139));
#6222=CARTESIAN_POINT('Ctrl Pts',(0.419669459841782,-14.4865291225226,7.14647491556435));
#6223=CARTESIAN_POINT('Ctrl Pts',(0.648839832833055,-6.18426623479365,14.9245780139337));
#6224=CARTESIAN_POINT('Ctrl Pts',(0.878011310560288,5.19997064598134,15.2985421314607));
#6225=CARTESIAN_POINT('Ctrl Pts',(1.08171842354526,13.0030152191762,8.87581666547039));
#6226=CARTESIAN_POINT('Ctrl Pts',(1.25996105041893,15.3737559691578,0.666377094426762));
#6227=CARTESIAN_POINT('Ctrl Pts',(1.41274173101387,13.9519419021033,-6.50601374747053));
#6228=CARTESIAN_POINT('Ctrl Pts',(1.5655219737189,9.36959074668695,-12.213370303951));
#6229=CARTESIAN_POINT('Ctrl Pts',(1.71830206497226,2.66910454339425,-15.1617402546134));
#6230=CARTESIAN_POINT('Ctrl Pts',(1.87108205118193,-4.62593987223717,-14.6756987367544));
#6231=CARTESIAN_POINT('Ctrl Pts',(2.04932555496244,-11.9411284568183,-10.2611904852456));
#6232=CARTESIAN_POINT('Ctrl Pts',(2.25303212196551,-16.1234077917581,-1.05683894017698));
#6233=CARTESIAN_POINT('Ctrl Pts',(2.42491178216414,-13.6411650932533,7.11098955200336));
#6234=CARTESIAN_POINT('Ctrl Pts',(2.53949502441027,-9.99645922980898,11.0352144348095));
#6235=CARTESIAN_POINT('Ctrl Pts',(2.61588659965916,-7.15280318092544,13.1809220263385));
#6236=CARTESIAN_POINT('Ctrl Pts',(2.74956860742736,-1.26613211487689,15.5334852769284));
#6237=CARTESIAN_POINT('Ctrl Pts',(2.91508127029165,6.81984921482719,14.1896940075597));
#6238=CARTESIAN_POINT('Ctrl Pts',(3.0933236869389,12.9830575120297,8.26195237759207));
#6239=CARTESIAN_POINT('Ctrl Pts',(3.24610474506001,15.3366206905095,1.34033316885213));
#6240=CARTESIAN_POINT('Ctrl Pts',(3.39888443079446,14.2184222061087,-5.89237842437803));
#6241=CARTESIAN_POINT('Ctrl Pts',(3.56864033633428,9.41559772276204,-12.4564157672073));
#6242=CARTESIAN_POINT('Ctrl Pts',(3.75537159080593,0.922544744386664,-15.8373641835962));
#6243=CARTESIAN_POINT('Ctrl Pts',(3.95907959426576,-8.72476484137082,-13.2502807908904));
#6244=CARTESIAN_POINT('Ctrl Pts',(4.14581002359478,-14.3844004682221,-6.0737686306392));
#6245=CARTESIAN_POINT('Ctrl Pts',(4.31556589833922,-15.2582590158605,2.01490080577882));
#6246=CARTESIAN_POINT('Ctrl Pts',(4.46834625961736,-12.6087696795584,8.83174062093127));
#6247=CARTESIAN_POINT('Ctrl Pts',(4.62112625506611,-7.10318236978259,13.6562301446423));
#6248=CARTESIAN_POINT('Ctrl Pts',(4.77390675344459,0.0033891264247166,15.3935726959314));
#6249=CARTESIAN_POINT('Ctrl Pts',(4.92668670751797,7.11290667181726,13.6512612712625));
#6250=CARTESIAN_POINT('Ctrl Pts',(5.07946719053937,12.6100953686923,8.82729756624212));
#6251=CARTESIAN_POINT('Ctrl Pts',(5.23224720879106,15.2660539490503,2.00113556588207));
#6252=CARTESIAN_POINT('Ctrl Pts',(5.3680519599452,14.5454186540916,-4.45466857971249));
#6253=CARTESIAN_POINT('Ctrl Pts',(5.5208322434575,11.0439596773307,-10.7568984500539));
#6254=CARTESIAN_POINT('Ctrl Pts',(5.67361220800152,4.79883815855354,-14.8629297624241));
#6255=CARTESIAN_POINT('Ctrl Pts',(5.84336865908304,-3.33765187953464,-15.0208270710281));
#6256=CARTESIAN_POINT('Ctrl Pts',(6.01312302199535,-10.632047045027,-11.4369401349136));
#6257=CARTESIAN_POINT('Ctrl Pts',(6.19985625654919,-15.4386124779305,-3.65500839014677));
#6258=CARTESIAN_POINT('Ctrl Pts',(6.4035619878463,-14.5617803581955,6.28865284000214));
#6259=CARTESIAN_POINT('Ctrl Pts',(6.60726864059101,-7.92651683042606,13.7393462141674));
#6260=CARTESIAN_POINT('Ctrl Pts',(6.8109771773425,1.84761464840683,15.7554908225744));
#6261=CARTESIAN_POINT('Ctrl Pts',(7.01468331633784,10.8896191507184,11.5327814227726));
#6262=CARTESIAN_POINT('Ctrl Pts',(7.2183902665197,15.6225485827951,2.74843660697169));
#6263=CARTESIAN_POINT('Ctrl Pts',(7.42209797110914,14.1730770421125,-7.12402065402786));
#6264=CARTESIAN_POINT('Ctrl Pts',(7.62580411627223,7.11199879495311,-14.1800102445025));
#6265=CARTESIAN_POINT('Ctrl Pts',(7.81253543150786,-1.93640753790383,-15.4957316250021));
#6266=CARTESIAN_POINT('Ctrl Pts',(7.98229141735636,-9.37570504884612,-12.2038852686043));
#6267=CARTESIAN_POINT('Ctrl Pts',(8.13507165905254,-13.9542348611458,-6.5014933057077));
#6268=CARTESIAN_POINT('Ctrl Pts',(8.28785176664892,-15.3784293751058,0.679461455532615));
#6269=CARTESIAN_POINT('Ctrl Pts',(8.44063221243785,-13.3271775403172,7.70251143928267));
#6270=CARTESIAN_POINT('Ctrl Pts',(8.59341212020816,-8.26545559076169,12.9862660257658));
#6271=CARTESIAN_POINT('Ctrl Pts',(8.74619277784894,-1.33286273679256,15.3363179214531));
#6272=CARTESIAN_POINT('Ctrl Pts',(8.89897242071582,5.89484520964276,14.2167850146306));
#6273=CARTESIAN_POINT('Ctrl Pts',(9.06872914658883,12.4588370384569,9.41211965354059));
#6274=CARTESIAN_POINT('Ctrl Pts',(9.25546012634567,15.8389071357094,0.916895540059496));
#6275=CARTESIAN_POINT('Ctrl Pts',(9.45916652052776,13.2466850233311,-8.72409327396294));
#6276=CARTESIAN_POINT('Ctrl Pts',(9.66287518565629,5.41893822328601,-14.9088425157778));
#6277=CARTESIAN_POINT('Ctrl Pts',(9.86658005236002,-4.55861193686856,-15.1938363106787));
#6278=CARTESIAN_POINT('Ctrl Pts',(10.0702880961943,-12.725883010231,-9.46568850391234));
#6279=CARTESIAN_POINT('Ctrl Pts',(10.2824832940117,-15.9993656004019,0.403646641375821));
#6280=CARTESIAN_POINT('Ctrl Pts',(10.5031655637477,-12.143615279595,10.6609218691133));
#6281=CARTESIAN_POINT('Ctrl Pts',(10.6941401617323,-3.7710382928697,15.1194091590785));
#6282=CARTESIAN_POINT('Ctrl Pts',(10.8469210017638,3.44261076626956,14.7276063511556));
#6283=CARTESIAN_POINT('Ctrl Pts',(10.9997001154192,10.0844177061115,11.8796703229004));
#6284=CARTESIAN_POINT('Ctrl Pts',(11.1906755276708,15.6089530720482,4.17466676239796));
#6285=CARTESIAN_POINT('Ctrl Pts',(11.4198467176448,14.4822901342591,-7.15524990909624));
#6286=CARTESIAN_POINT('Ctrl Pts',(11.649017743635,6.17579295990174,-14.9284819764365));
#6287=CARTESIAN_POINT('Ctrl Pts',(11.87818771546,-5.208075718362,-15.2938279545739));
#6288=CARTESIAN_POINT('Ctrl Pts',(12.0309682724265,-11.0573608921607,-10.4775948227112));
#6289=CARTESIAN_POINT('Ctrl Pts',(12.1073547298853,-12.8327120566973,-7.39806303262724));
#6290=CARTESIAN_POINT('Ctrl Pts',(-0.741867413752667,14.8732663503068,-0.000359934433320077));
#6291=CARTESIAN_POINT('Ctrl Pts',(-0.665480943557323,14.8731818083004,-3.56963018455129));
#6292=CARTESIAN_POINT('Ctrl Pts',(-0.512693733425426,12.1995970032157,-10.692481988027));
#6293=CARTESIAN_POINT('Ctrl Pts',(-0.283527168278927,2.11419533269701,-16.0840047191191));
#6294=CARTESIAN_POINT('Ctrl Pts',(-0.0543555157387475,-9.01124889618944,
-13.4858252834665));
#6295=CARTESIAN_POINT('Ctrl Pts',(0.174813088424665,-15.6699508757266,-4.19786831402765));
#6296=CARTESIAN_POINT('Ctrl Pts',(0.403983626717272,-14.5457964918177,7.17615247429817));
#6297=CARTESIAN_POINT('Ctrl Pts',(0.633153999708543,-6.20927929701795,14.9859661561574));
#6298=CARTESIAN_POINT('Ctrl Pts',(0.862325477435778,5.2216796130624,15.3611883298929));
#6299=CARTESIAN_POINT('Ctrl Pts',(1.06603259042075,13.0565835360613,8.91192209257308));
#6300=CARTESIAN_POINT('Ctrl Pts',(1.24427521729442,15.4368542756695,0.668736675163431));
#6301=CARTESIAN_POINT('Ctrl Pts',(1.39705589788936,14.0090320522319,-6.53304488005759));
#6302=CARTESIAN_POINT('Ctrl Pts',(1.54983614059438,9.40773763334416,-12.2637158667237));
#6303=CARTESIAN_POINT('Ctrl Pts',(1.70261623184775,2.67968795720346,-15.2240151303031));
#6304=CARTESIAN_POINT('Ctrl Pts',(1.85539621805742,-4.64527369334996,-14.7358044226484));
#6305=CARTESIAN_POINT('Ctrl Pts',(2.03363972183793,-11.9903826201838,-10.3030024576247));
#6306=CARTESIAN_POINT('Ctrl Pts',(2.237346288841,-16.1895824191103,-1.0607808188323));
#6307=CARTESIAN_POINT('Ctrl Pts',(2.40922594903963,-13.6969731551694,7.14049179281362));
#6308=CARTESIAN_POINT('Ctrl Pts',(2.52380919128576,-10.0372082692119,11.0807359376364));
#6309=CARTESIAN_POINT('Ctrl Pts',(2.60020076653465,-7.18182873307257,13.2351836823249));
#6310=CARTESIAN_POINT('Ctrl Pts',(2.73388277430285,-1.27094729628296,15.5972501064271));
#6311=CARTESIAN_POINT('Ctrl Pts',(2.89939543716713,6.8481743723381,14.2477554071121));
#6312=CARTESIAN_POINT('Ctrl Pts',(3.0776378538144,13.0365307188554,8.29553407852402));
#6313=CARTESIAN_POINT('Ctrl Pts',(3.23041891193549,15.3995837350887,1.34546530988538));
#6314=CARTESIAN_POINT('Ctrl Pts',(3.38319859766996,14.2766178852121,-5.91690478569938));
#6315=CARTESIAN_POINT('Ctrl Pts',(3.55295450320976,9.45393131229855,-12.5077550627943));
#6316=CARTESIAN_POINT('Ctrl Pts',(3.73968575768143,0.925945651881743,-15.9023702274071));
#6317=CARTESIAN_POINT('Ctrl Pts',(3.94339376114125,-8.76088967931711,-13.3044366199972));
#6318=CARTESIAN_POINT('Ctrl Pts',(4.13012419047028,-14.4435677856503,-6.09834275720328));
#6319=CARTESIAN_POINT('Ctrl Pts',(4.29988006521471,-15.3208188760677,2.02353966272862));
#6320=CARTESIAN_POINT('Ctrl Pts',(4.45266042649284,-12.6602909039718,8.86828513615053));
#6321=CARTESIAN_POINT('Ctrl Pts',(4.6054404219416,-7.13199667203062,13.7124370997545));
#6322=CARTESIAN_POINT('Ctrl Pts',(4.75822092032007,0.0037771949758621,15.4567356486814));
#6323=CARTESIAN_POINT('Ctrl Pts',(4.91100087439346,7.14242394977448,13.7071021217768));
#6324=CARTESIAN_POINT('Ctrl Pts',(5.06378135741485,12.6620517222944,8.86321192840304));
#6325=CARTESIAN_POINT('Ctrl Pts',(5.21656137566656,15.3287421563856,2.00897459455801));
#6326=CARTESIAN_POINT('Ctrl Pts',(5.35236612682067,14.6049936510886,-4.47329798551847));
#6327=CARTESIAN_POINT('Ctrl Pts',(5.505146410333,11.0890145037332,-10.8013050964615));
#6328=CARTESIAN_POINT('Ctrl Pts',(5.657926374877,4.81816571413519,-14.9240324261769));
#6329=CARTESIAN_POINT('Ctrl Pts',(5.82768282595854,-3.35171186214503,-15.0823790935118));
#6330=CARTESIAN_POINT('Ctrl Pts',(5.99743718887083,-10.6759500391722,-11.4836104376694));
#6331=CARTESIAN_POINT('Ctrl Pts',(6.18417042342469,-15.5020491923261,-3.66963118619133));
#6332=CARTESIAN_POINT('Ctrl Pts',(6.38787615472179,-14.6213771573737,6.31481178658001));
#6333=CARTESIAN_POINT('Ctrl Pts',(6.59158280746649,-7.95870599639385,13.7959136193627));
#6334=CARTESIAN_POINT('Ctrl Pts',(6.795291344218,1.85557625485687,15.8200947062157));
#6335=CARTESIAN_POINT('Ctrl Pts',(6.99899748321331,10.9345809613187,11.579839407743));
#6336=CARTESIAN_POINT('Ctrl Pts',(7.2027044333952,15.6867190827176,2.75933001688614));
#6337=CARTESIAN_POINT('Ctrl Pts',(7.40641213798462,14.2310600911233,-7.15359314775402));
#6338=CARTESIAN_POINT('Ctrl Pts',(7.61011828314773,7.14083624739441,-14.2383665563429));
#6339=CARTESIAN_POINT('Ctrl Pts',(7.79684959838334,-1.94473132005034,-15.5592676865044));
#6340=CARTESIAN_POINT('Ctrl Pts',(7.96660558423184,-9.4144706341989,-12.2537319878674));
#6341=CARTESIAN_POINT('Ctrl Pts',(8.11938582592803,-14.0116506486871,-6.52783153367924));
#6342=CARTESIAN_POINT('Ctrl Pts',(8.2721659335244,-15.4415132973893,0.682623285406498));
#6343=CARTESIAN_POINT('Ctrl Pts',(8.42494637931334,-13.3816747490666,7.73443996864432));
#6344=CARTESIAN_POINT('Ctrl Pts',(8.57772628708365,-8.29905478191314,13.0397525173412));
#6345=CARTESIAN_POINT('Ctrl Pts',(8.73050694472443,-1.33795925937496,15.3992776656517));
#6346=CARTESIAN_POINT('Ctrl Pts',(8.8832865875913,5.91937851456857,14.2749774642752));
#6347=CARTESIAN_POINT('Ctrl Pts',(9.05304331346433,12.5101869436557,9.4504337622076));
#6348=CARTESIAN_POINT('Ctrl Pts',(9.23977429322116,15.9039212520844,0.920276629126688));
#6349=CARTESIAN_POINT('Ctrl Pts',(9.44348068740325,13.3008253565994,-8.7602123912456));
#6350=CARTESIAN_POINT('Ctrl Pts',(9.64718935253178,5.4408115455484,-14.9701492479213));
#6351=CARTESIAN_POINT('Ctrl Pts',(9.85089421923551,-4.57768558962808,-15.256068739408));
#6352=CARTESIAN_POINT('Ctrl Pts',(10.0546022630697,-12.778330287102,-9.50421807548217));
#6353=CARTESIAN_POINT('Ctrl Pts',(10.2667974608872,-16.0650055849773,0.40569207604717));
#6354=CARTESIAN_POINT('Ctrl Pts',(10.4874797306232,-12.1931814779723,10.7049606924486));
#6355=CARTESIAN_POINT('Ctrl Pts',(10.6784543286078,-3.78614864930777,15.1815386670698));
#6356=CARTESIAN_POINT('Ctrl Pts',(10.8312351686392,3.45709492629949,14.7879526404166));
#6357=CARTESIAN_POINT('Ctrl Pts',(10.9840142822947,10.1260867353088,11.9281697830343));
#6358=CARTESIAN_POINT('Ctrl Pts',(11.1749896945463,15.6731023866494,4.19141378896556));
#6359=CARTESIAN_POINT('Ctrl Pts',(11.4041608845203,14.5415357893701,-7.18495401569354));
#6360=CARTESIAN_POINT('Ctrl Pts',(11.6333319105105,6.2007801909558,-14.9899012000919));
#6361=CARTESIAN_POINT('Ctrl Pts',(11.8625018823355,-5.22983746205246,-15.3564241301577));
#6362=CARTESIAN_POINT('Ctrl Pts',(12.0152824393019,-11.1029556463209,-10.520364027673));
#6363=CARTESIAN_POINT('Ctrl Pts',(12.0916688967608,-12.8855457758231,-7.42810622675039));
#6364=CARTESIAN_POINT('Ctrl Pts',(-0.811188603926528,14.9682145449364,-0.00188938579360089));
#6365=CARTESIAN_POINT('Ctrl Pts',(-0.734802133731184,14.9677606008274,-3.59386779561363));
#6366=CARTESIAN_POINT('Ctrl Pts',(-0.582014923599287,12.2763774798793,-10.7620439123631));
#6367=CARTESIAN_POINT('Ctrl Pts',(-0.352848358452788,2.12604013777466,-16.186872381786));
#6368=CARTESIAN_POINT('Ctrl Pts',(-0.123676705912609,-9.07015862697143,
-13.5710016431934));
#6369=CARTESIAN_POINT('Ctrl Pts',(0.105491898250804,-15.7704137385971,-4.22305081959312));
#6370=CARTESIAN_POINT('Ctrl Pts',(0.334662436543411,-14.6379155959555,7.22345333258062));
#6371=CARTESIAN_POINT('Ctrl Pts',(0.563832809534683,-6.24737804623807,15.0822703161179));
#6372=CARTESIAN_POINT('Ctrl Pts',(0.793004287261918,5.25658944243293,15.4587137623119));
#6373=CARTESIAN_POINT('Ctrl Pts',(0.996711400246889,13.1408495557928,8.96746939350802));
#6374=CARTESIAN_POINT('Ctrl Pts',(1.17495402712056,15.5354662380599,0.671422230819854));
#6375=CARTESIAN_POINT('Ctrl Pts',(1.3277347077155,14.0977896110818,-6.5761928798217));
#6376=CARTESIAN_POINT('Ctrl Pts',(1.48051495042052,9.46653675829197,-12.3429639830037));
#6377=CARTESIAN_POINT('Ctrl Pts',(1.63329504167389,2.6952311216405,-15.321477868957));
#6378=CARTESIAN_POINT('Ctrl Pts',(1.78607502788356,-4.67644618566438,-14.8293951132307));
#6379=CARTESIAN_POINT('Ctrl Pts',(1.96431853166407,-12.0679722184854,-10.3675446678002));
#6380=CARTESIAN_POINT('Ctrl Pts',(2.16802509866714,-16.2930525471503,-1.06589401251631));
#6381=CARTESIAN_POINT('Ctrl Pts',(2.33990475886577,-13.7836653942146,7.18749059697791));
#6382=CARTESIAN_POINT('Ctrl Pts',(2.4544880011119,-10.1001452952185,11.1525039901174));
#6383=CARTESIAN_POINT('Ctrl Pts',(2.53087957636079,-7.22632125564826,13.3204049356493));
#6384=CARTESIAN_POINT('Ctrl Pts',(2.66456158412899,-1.27746269041055,15.6969526307745));
#6385=CARTESIAN_POINT('Ctrl Pts',(2.83007424699327,6.89335783912672,14.3379999066311));
#6386=CARTESIAN_POINT('Ctrl Pts',(3.00831666364054,13.1206030923475,8.34715614169102));
#6387=CARTESIAN_POINT('Ctrl Pts',(3.16109772176164,15.4980262156567,1.35246596930207));
#6388=CARTESIAN_POINT('Ctrl Pts',(3.31387740749609,14.3671508173889,-5.95613780286824));
#6389=CARTESIAN_POINT('Ctrl Pts',(3.48363331303591,9.51299491313907,-12.588572254332));
#6390=CARTESIAN_POINT('Ctrl Pts',(3.67036456750756,0.930223280045339,-16.0039813668201));
#6391=CARTESIAN_POINT('Ctrl Pts',(3.87407257096739,-8.81817776043735,-13.3884694167416));
#6392=CARTESIAN_POINT('Ctrl Pts',(4.06080300029641,-14.5364003945679,-6.13578715403825));
#6393=CARTESIAN_POINT('Ctrl Pts',(4.23055887504086,-15.4184128117099,2.0380296364603));
#6394=CARTESIAN_POINT('Ctrl Pts',(4.38333923631898,-12.7402002999779,8.92619777748917));
#6395=CARTESIAN_POINT('Ctrl Pts',(4.53611923176775,-7.17611663043836,13.800705123121));
#6396=CARTESIAN_POINT('Ctrl Pts',(4.68889973014621,0.00538821505510294,
15.5554060165926));
#6397=CARTESIAN_POINT('Ctrl Pts',(4.84167968421961,7.1894265104004,13.7938708095463));
#6398=CARTESIAN_POINT('Ctrl Pts',(4.99446016724099,12.7437921669294,8.91849092259385));
#6399=CARTESIAN_POINT('Ctrl Pts',(5.1472401854927,15.426802426733,2.02022683633391));
#6400=CARTESIAN_POINT('Ctrl Pts',(5.28304493664682,14.6977673472341,-4.50335710461546));
#6401=CARTESIAN_POINT('Ctrl Pts',(5.43582522015914,11.1586933444557,-10.8713950100505));
#6402=CARTESIAN_POINT('Ctrl Pts',(5.58860518470315,4.847393620781,-15.0197968020124));
#6403=CARTESIAN_POINT('Ctrl Pts',(5.75836163578468,-3.37465685061036,-15.1783165695399));
#6404=CARTESIAN_POINT('Ctrl Pts',(5.92811599869698,-10.7452815107198,-11.5558211714062));
#6405=CARTESIAN_POINT('Ctrl Pts',(6.11484923325082,-15.601385921061,-3.6914642507222));
#6406=CARTESIAN_POINT('Ctrl Pts',(6.31855496454793,-14.7140674413734,6.3566227488258));
#6407=CARTESIAN_POINT('Ctrl Pts',(6.52226161729263,-8.00809681493434,13.884800252681));
#6408=CARTESIAN_POINT('Ctrl Pts',(6.72597015404414,1.86904934104655,15.9208934925801));
#6409=CARTESIAN_POINT('Ctrl Pts',(6.92967629303945,11.0055738620257,11.6526369260462));
#6410=CARTESIAN_POINT('Ctrl Pts',(7.13338324322135,15.7871397191955,2.77534011001679));
#6411=CARTESIAN_POINT('Ctrl Pts',(7.33709094781075,14.3211705192622,-7.20072507465469));
#6412=CARTESIAN_POINT('Ctrl Pts',(7.54079709297388,7.18495904844325,-14.3299929008947));
#6413=CARTESIAN_POINT('Ctrl Pts',(7.72752840820947,-1.95874097911174,-15.65839204434));
#6414=CARTESIAN_POINT('Ctrl Pts',(7.897284394058,-9.47582972003449,-12.3309899072671));
#6415=CARTESIAN_POINT('Ctrl Pts',(8.05006463575417,-14.1017657757013,-6.56806394720963));
#6416=CARTESIAN_POINT('Ctrl Pts',(8.20284474335054,-15.5400174379649,0.688566187107842));
#6417=CARTESIAN_POINT('Ctrl Pts',(8.35562518913948,-13.4663045753444,7.78518855233976));
#6418=CARTESIAN_POINT('Ctrl Pts',(8.50840509690979,-8.35069454151571,13.1238457612148));
#6419=CARTESIAN_POINT('Ctrl Pts',(8.66118575455056,-1.34491895399065,15.4977200507699));
#6420=CARTESIAN_POINT('Ctrl Pts',(8.81396539741747,5.95863151427744,14.3654947191135));
#6421=CARTESIAN_POINT('Ctrl Pts',(8.98372212329045,12.5910182594261,9.5094819619116));
#6422=CARTESIAN_POINT('Ctrl Pts',(9.17045310304733,16.0055390833847,0.924513181172306));
#6423=CARTESIAN_POINT('Ctrl Pts',(9.37415949722936,13.384836216285,-8.81749978809243));
#6424=CARTESIAN_POINT('Ctrl Pts',(9.57786816235796,5.47400602926003,-15.0662710917559));
#6425=CARTESIAN_POINT('Ctrl Pts',(9.78157302906163,-4.60847516703423,-15.352988859086));
#6426=CARTESIAN_POINT('Ctrl Pts',(9.98528107289589,-12.8608784058572,-9.56357909424547));
#6427=CARTESIAN_POINT('Ctrl Pts',(10.1974762707133,-16.167516202074,0.409930815943816));
#6428=CARTESIAN_POINT('Ctrl Pts',(10.4181585404494,-12.2699231344734,10.7745499771675));
#6429=CARTESIAN_POINT('Ctrl Pts',(10.6091331384339,-3.80875326608358,15.2788416866806));
#6430=CARTESIAN_POINT('Ctrl Pts',(10.7619139784654,3.48068153159982,14.881999827272));
#6431=CARTESIAN_POINT('Ctrl Pts',(10.9146930921209,10.1919504846571,12.0032759681955));
#6432=CARTESIAN_POINT('Ctrl Pts',(11.1056685043725,15.7735832164488,4.21656561031917));
#6433=CARTESIAN_POINT('Ctrl Pts',(11.3348396943464,14.6336324817413,-7.23232366378191));
#6434=CARTESIAN_POINT('Ctrl Pts',(11.5640107203367,6.23881175114434,-15.0862083147544));
#6435=CARTESIAN_POINT('Ctrl Pts',(11.7931806921616,-5.26477163123742,-15.4539608263051));
#6436=CARTESIAN_POINT('Ctrl Pts',(11.9459612491281,-11.1749558259417,-10.586318223114));
#6437=CARTESIAN_POINT('Ctrl Pts',(12.022347706587,-12.9685674614811,-7.47420284913633));
#6438=CARTESIAN_POINT('Ctrl Pts',(-0.921123377995785,14.9999994257649,-0.00427302155844774));
#6439=CARTESIAN_POINT('Ctrl Pts',(-0.844736907800441,14.9989737236886,-3.60392102069232));
#6440=CARTESIAN_POINT('Ctrl Pts',(-0.691949697668545,12.3007371546892,-10.7868215630204));
#6441=CARTESIAN_POINT('Ctrl Pts',(-0.462783132522046,2.12798128410127,-16.2215979369014));
#6442=CARTESIAN_POINT('Ctrl Pts',(-0.233611479981866,-9.09157719077001,
-13.5983721212351));
#6443=CARTESIAN_POINT('Ctrl Pts',(-0.0044428758184543,-15.8045751076821,
-4.22951511423401));
#6444=CARTESIAN_POINT('Ctrl Pts',(0.224727662474154,-14.6678519280498,7.24112168980945));
#6445=CARTESIAN_POINT('Ctrl Pts',(0.453898035465424,-6.2582474371726,15.1152915010379));
#6446=CARTESIAN_POINT('Ctrl Pts',(0.68306951319266,5.2702104050495,15.4907056068752));
#6447=CARTESIAN_POINT('Ctrl Pts',(0.886776626177632,13.1701799389966,8.98442507478241));
#6448=CARTESIAN_POINT('Ctrl Pts',(1.0650192530513,15.5685642140521,0.670377356783377));
#6449=CARTESIAN_POINT('Ctrl Pts',(1.21779993364624,14.1266825107832,-6.59239671603938));
#6450=CARTESIAN_POINT('Ctrl Pts',(1.37058017635126,9.48467613136207,-12.3706832749735));
#6451=CARTESIAN_POINT('Ctrl Pts',(1.52336026760463,2.69851886316695,-15.3544415631873));
#6452=CARTESIAN_POINT('Ctrl Pts',(1.6761402538143,-4.68873162637295,-14.8601437726208));
#6453=CARTESIAN_POINT('Ctrl Pts',(1.85438375759481,-12.0952538086843,-10.3876410875723));
#6454=CARTESIAN_POINT('Ctrl Pts',(2.05809032459788,-16.327815092481,-1.06556534570372));
#6455=CARTESIAN_POINT('Ctrl Pts',(2.22996998479651,-13.8118000059892,7.20494001466536));
#6456=CARTESIAN_POINT('Ctrl Pts',(2.34455322704264,-10.1198205787854,11.1777921565778));
#6457=CARTESIAN_POINT('Ctrl Pts',(2.42094480229153,-7.23954651444821,13.349843641881));
#6458=CARTESIAN_POINT('Ctrl Pts',(2.55462681005973,-1.27767810805014,15.7304872462801));
#6459=CARTESIAN_POINT('Ctrl Pts',(2.72013947292401,6.91027384993911,14.3673549976898));
#6460=CARTESIAN_POINT('Ctrl Pts',(2.89838188957128,13.1497930355979,8.36279363519411));
#6461=CARTESIAN_POINT('Ctrl Pts',(3.05116294769238,15.5311536407837,1.35287803467261));
#6462=CARTESIAN_POINT('Ctrl Pts',(3.20394263342683,14.3967120499873,-5.97107267233587));
#6463=CARTESIAN_POINT('Ctrl Pts',(3.37369853896665,9.53119688955123,-12.6168170652468));
#6464=CARTESIAN_POINT('Ctrl Pts',(3.5604297934383,0.929654645290602,-16.0381148704259));
#6465=CARTESIAN_POINT('Ctrl Pts',(3.76413779689813,-8.83903496635415,-13.4154984246058));
#6466=CARTESIAN_POINT('Ctrl Pts',(3.95086822622716,-14.5682433928192,-6.14650739637502));
#6467=CARTESIAN_POINT('Ctrl Pts',(4.12062410097159,-15.4508319413127,2.04480922691573));
#6468=CARTESIAN_POINT('Ctrl Pts',(4.27340446224973,-12.765835739778,8.9471785357091));
#6469=CARTESIAN_POINT('Ctrl Pts',(4.42618445769848,-7.18916194560192,13.8311530278358));
#6470=CARTESIAN_POINT('Ctrl Pts',(4.57896495607695,0.00787274598145212,
15.5884384620398));
#6471=CARTESIAN_POINT('Ctrl Pts',(4.73174491015034,7.20688672218197,13.8220201492827));
#6472=CARTESIAN_POINT('Ctrl Pts',(4.88452539317174,12.7722726397143,8.93540453288461));
#6473=CARTESIAN_POINT('Ctrl Pts',(5.03730541142343,15.4598836193031,2.02206358743328));
#6474=CARTESIAN_POINT('Ctrl Pts',(5.17311016257756,14.7282637552097,-4.51525518626662));
#6475=CARTESIAN_POINT('Ctrl Pts',(5.32589044608988,11.1806618958456,-10.8962557923184));
#6476=CARTESIAN_POINT('Ctrl Pts',(5.47867041063389,4.85529818526757,-15.0524635650363));
#6477=CARTESIAN_POINT('Ctrl Pts',(5.64842686171542,-3.38423621394972,-15.2100122422423));
#6478=CARTESIAN_POINT('Ctrl Pts',(5.81818122462771,-10.769936926391,-11.5786530987862));
#6479=CARTESIAN_POINT('Ctrl Pts',(6.00491445918157,-15.6351037960158,-3.69682360631797));
#6480=CARTESIAN_POINT('Ctrl Pts',(6.20862019047867,-14.7443031698263,6.37246194892843));
#6481=CARTESIAN_POINT('Ctrl Pts',(6.41232684322338,-8.02289447697077,13.9155585276676));
#6482=CARTESIAN_POINT('Ctrl Pts',(6.61603537997487,1.87554775566394,15.954406392165));
#6483=CARTESIAN_POINT('Ctrl Pts',(6.8197415189702,11.0307971470659,11.6756335941328));
#6484=CARTESIAN_POINT('Ctrl Pts',(7.02344846915208,15.8211071313244,2.77872061198823));
#6485=CARTESIAN_POINT('Ctrl Pts',(7.2271561737415,14.3504389140631,-7.21829081919367));
#6486=CARTESIAN_POINT('Ctrl Pts',(7.43086231890461,7.19793877034271,-14.3615661680449));
#6487=CARTESIAN_POINT('Ctrl Pts',(7.61759363414022,-1.96539127196195,-15.6913332918884));
#6488=CARTESIAN_POINT('Ctrl Pts',(7.78734961998872,-9.49791179079002,-12.3556690220951));
#6489=CARTESIAN_POINT('Ctrl Pts',(7.94012986168491,-14.1327568540385,-6.57977014828355));
#6490=CARTESIAN_POINT('Ctrl Pts',(8.0929099692813,-15.5729082386818,0.692499100105831));
#6491=CARTESIAN_POINT('Ctrl Pts',(8.24569041507021,-13.4936639411342,7.80386174189093));
#6492=CARTESIAN_POINT('Ctrl Pts',(8.39847032284054,-8.36634144740282,13.1530432442255));
#6493=CARTESIAN_POINT('Ctrl Pts',(8.5512509804813,-1.34531131987052,15.5308441058718));
#6494=CARTESIAN_POINT('Ctrl Pts',(8.7040306233482,5.97356911580774,14.3950547848177));
#6495=CARTESIAN_POINT('Ctrl Pts',(8.8737873492212,12.6192681750868,9.52767217990695));
#6496=CARTESIAN_POINT('Ctrl Pts',(9.06051832897805,16.0396764767919,0.923934704160846));
#6497=CARTESIAN_POINT('Ctrl Pts',(9.26422472316011,13.4118571021335,-8.8383527856635));
#6498=CARTESIAN_POINT('Ctrl Pts',(9.46793338828868,5.48323573747242,-15.0991366786327));
#6499=CARTESIAN_POINT('Ctrl Pts',(9.67163825499238,-4.62070213498636,-15.3848594563924));
#6500=CARTESIAN_POINT('Ctrl Pts',(9.87534629882664,-12.8897102834927,-9.58184290697944));
#6501=CARTESIAN_POINT('Ctrl Pts',(10.087541496644,-16.2017850018459,0.413371995934002));
#6502=CARTESIAN_POINT('Ctrl Pts',(10.3082237663801,-12.2942645681066,10.7993811480258));
#6503=CARTESIAN_POINT('Ctrl Pts',(10.4991983643646,-3.81441578326072,15.3118931294832));
#6504=CARTESIAN_POINT('Ctrl Pts',(10.6519792043961,3.49043941808776,14.9130493478735));
#6505=CARTESIAN_POINT('Ctrl Pts',(10.8047583180516,10.2155037227055,12.0271454503181));
#6506=CARTESIAN_POINT('Ctrl Pts',(10.9957337303032,15.8077509479226,4.2230097228618));
#6507=CARTESIAN_POINT('Ctrl Pts',(11.2249049202772,14.6635553934481,-7.25000302108661));
#6508=CARTESIAN_POINT('Ctrl Pts',(11.4540759462674,6.24966884117198,-15.1192482276389));
#6509=CARTESIAN_POINT('Ctrl Pts',(11.6832459180924,-5.27842343611291,-15.4859178316185));
#6510=CARTESIAN_POINT('Ctrl Pts',(11.8360264750588,-11.2003477513101,-10.6070581239211));
#6511=CARTESIAN_POINT('Ctrl Pts',(11.9124129325177,-12.9972946055975,-7.48801268474935));
#6512=CARTESIAN_POINT('Ctrl Pts',(-0.968189727553155,14.9999990676449,-0.00528872891027656));
#6513=CARTESIAN_POINT('Ctrl Pts',(-0.891803257357811,14.9987299040065,-3.60491610915841));
#6514=CARTESIAN_POINT('Ctrl Pts',(-0.739016047225914,12.3000056471412,-10.7876677840999));
#6515=CARTESIAN_POINT('Ctrl Pts',(-0.509849482079415,2.1268830676505,-16.2217348568764));
#6516=CARTESIAN_POINT('Ctrl Pts',(-0.280677829539235,-9.09249776955037,
-13.5977592428671));
#6517=CARTESIAN_POINT('Ctrl Pts',(-0.0515092253758235,-15.8048607440637,
-4.22844308769269));
#6518=CARTESIAN_POINT('Ctrl Pts',(0.177661312916784,-14.6673611094223,7.24211381193328));
#6519=CARTESIAN_POINT('Ctrl Pts',(0.406831685908055,-6.25722352636735,15.1157148981306));
#6520=CARTESIAN_POINT('Ctrl Pts',(0.636003163635289,5.27125885431697,15.4903483043344));
#6521=CARTESIAN_POINT('Ctrl Pts',(0.839710276620263,13.1707882270206,8.98353212421242));
#6522=CARTESIAN_POINT('Ctrl Pts',(1.01795290349393,15.5686088184885,0.669323572474167));
#6523=CARTESIAN_POINT('Ctrl Pts',(1.17073358408887,14.1262352735667,-6.59335423466791));
#6524=CARTESIAN_POINT('Ctrl Pts',(1.3235138267939,9.48383878378205,-12.3713235711995));
#6525=CARTESIAN_POINT('Ctrl Pts',(1.47629391804726,2.69747905797678,-15.3546242813933));
#6526=CARTESIAN_POINT('Ctrl Pts',(1.62907390425693,-4.68973909603156,-14.8598253489731));
#6527=CARTESIAN_POINT('Ctrl Pts',(1.80731740803744,-12.0959537817286,-10.38682240175));
#6528=CARTESIAN_POINT('Ctrl Pts',(2.01102397504051,-16.3278898251464,-1.0644605781715));
#6529=CARTESIAN_POINT('Ctrl Pts',(2.18290363523914,-13.811308366753,7.20587740929978));
#6530=CARTESIAN_POINT('Ctrl Pts',(2.29748687748527,-10.1190633906919,11.1784773587715));
#6531=CARTESIAN_POINT('Ctrl Pts',(2.37387845273416,-7.23864365417219,13.3503319458441));
#6532=CARTESIAN_POINT('Ctrl Pts',(2.50756046050236,-1.27661380440441,15.7305742641384));
#6533=CARTESIAN_POINT('Ctrl Pts',(2.67307312336665,6.91124740377914,14.3668850069731));
#6534=CARTESIAN_POINT('Ctrl Pts',(2.85131554001391,13.1503586998185,8.36190411218608));
#6535=CARTESIAN_POINT('Ctrl Pts',(3.00409659813501,15.5312440806762,1.35182445206859));
#6536=CARTESIAN_POINT('Ctrl Pts',(3.15687628386947,14.396308022111,-5.97204610559335));
#6537=CARTESIAN_POINT('Ctrl Pts',(3.32663218940927,9.53034137958691,-12.6174621505569));
#6538=CARTESIAN_POINT('Ctrl Pts',(3.51336344388094,0.928568495371868,-16.0381772689019));
#6539=CARTESIAN_POINT('Ctrl Pts',(3.71707144734075,-8.83994176401868,-13.4148997061788));
#6540=CARTESIAN_POINT('Ctrl Pts',(3.90380187666979,-14.5686598433205,-6.14552001132159));
#6541=CARTESIAN_POINT('Ctrl Pts',(4.07355775141422,-15.4506924626443,2.04585513339961));
#6542=CARTESIAN_POINT('Ctrl Pts',(4.22633811269236,-12.7652295711773,8.9480426913577));
#6543=CARTESIAN_POINT('Ctrl Pts',(4.37911810814111,-7.18822499136858,13.8316392277814));
#6544=CARTESIAN_POINT('Ctrl Pts',(4.53189860651958,0.00892823107963387,
15.5884372664834));
#6545=CARTESIAN_POINT('Ctrl Pts',(4.68467856059298,7.20782240254446,13.8215316668261));
#6546=CARTESIAN_POINT('Ctrl Pts',(4.83745904361436,12.7728771178031,8.93453911646321));
#6547=CARTESIAN_POINT('Ctrl Pts',(4.99023906186607,15.4600199778696,2.02101707965473));
#6548=CARTESIAN_POINT('Ctrl Pts',(5.12604381302019,14.7279572146691,-4.51625318053121));
#6549=CARTESIAN_POINT('Ctrl Pts',(5.27882409653252,11.1799234186925,-10.8970122033518));
#6550=CARTESIAN_POINT('Ctrl Pts',(5.43160406107651,4.85427945837823,-15.0527915867218));
#6551=CARTESIAN_POINT('Ctrl Pts',(5.60136051215806,-3.38526601392594,-15.2097826072929));
#6552=CARTESIAN_POINT('Ctrl Pts',(5.77111487507034,-10.7707206280049,-11.5779231563157));
#6553=CARTESIAN_POINT('Ctrl Pts',(5.9578481096242,-15.6353534162812,-3.69576451235269));
#6554=CARTESIAN_POINT('Ctrl Pts',(6.1615538409213,-14.7438712246674,6.37345951595734));
#6555=CARTESIAN_POINT('Ctrl Pts',(6.36526049366601,-8.02195228886925,13.9161014234274));
#6556=CARTESIAN_POINT('Ctrl Pts',(6.5689690304175,1.8766288506408,15.9542784084925));
#6557=CARTESIAN_POINT('Ctrl Pts',(6.77267516941283,11.0315875342942,11.6748857250747));
#6558=CARTESIAN_POINT('Ctrl Pts',(6.9763821195947,15.8212942637485,2.77765084921764));
#6559=CARTESIAN_POINT('Ctrl Pts',(7.18008982418413,14.3499490859643,-7.21926338744733));
#6560=CARTESIAN_POINT('Ctrl Pts',(7.38379596934724,7.19696600963424,-14.3620529582423));
#6561=CARTESIAN_POINT('Ctrl Pts',(7.57052728458286,-1.96645301513884,-15.6911992407301));
#6562=CARTESIAN_POINT('Ctrl Pts',(7.74028327043135,-9.49874855145388,-12.3550255468489));
#6563=CARTESIAN_POINT('Ctrl Pts',(7.89306351212754,-14.133201527579,-6.57881280117878));
#6564=CARTESIAN_POINT('Ctrl Pts',(8.04584361972393,-15.5728608593777,0.69355348899877));
#6565=CARTESIAN_POINT('Ctrl Pts',(8.19862406551283,-13.493134875005,7.80477520843135));
#6566=CARTESIAN_POINT('Ctrl Pts',(8.35140397328318,-8.36545052661526,13.1536090806321));
#6567=CARTESIAN_POINT('Ctrl Pts',(8.50418463092393,-1.34425956061849,15.5309348116127));
#6568=CARTESIAN_POINT('Ctrl Pts',(8.65696427379083,5.97454353310797,14.3946492248268));
#6569=CARTESIAN_POINT('Ctrl Pts',(8.82672099966383,12.6199128306222,9.5268184173128));
#6570=CARTESIAN_POINT('Ctrl Pts',(9.01345197942069,16.0397377360783,0.922847227397761));
#6571=CARTESIAN_POINT('Ctrl Pts',(9.21715837360275,13.4112586599181,-8.83926041145076));
#6572=CARTESIAN_POINT('Ctrl Pts',(9.42086703873129,5.48221291824208,-15.0995069490602));
#6573=CARTESIAN_POINT('Ctrl Pts',(9.62457190543503,-4.62174386125796,-15.3845460165528));
#6574=CARTESIAN_POINT('Ctrl Pts',(9.82827994926926,-12.8903584385957,-9.58097004319815));
#6575=CARTESIAN_POINT('Ctrl Pts',(10.0404751470867,-16.2017559359827,0.414468863530198));
#6576=CARTESIAN_POINT('Ctrl Pts',(10.2611574168227,-12.2935337251879,10.8002132907621));
#6577=CARTESIAN_POINT('Ctrl Pts',(10.4521320148073,-3.81337719666753,15.3121507607363));
#6578=CARTESIAN_POINT('Ctrl Pts',(10.6049128548388,3.49144887221414,14.9128125589923));
#6579=CARTESIAN_POINT('Ctrl Pts',(10.7576919684942,10.2163169758012,12.0264533523274));
#6580=CARTESIAN_POINT('Ctrl Pts',(10.9486673807459,15.8080358774207,4.22194037148167));
#6581=CARTESIAN_POINT('Ctrl Pts',(11.1778385707198,14.6630653271376,-7.25099837376757));
#6582=CARTESIAN_POINT('Ctrl Pts',(11.40700959671,6.24864159519884,-15.1196652551829));
#6583=CARTESIAN_POINT('Ctrl Pts',(11.636179568535,-5.27946484486778,-15.4855715572507));
#6584=CARTESIAN_POINT('Ctrl Pts',(11.7889601255015,-11.2010759532098,-10.6062817262649));
#6585=CARTESIAN_POINT('Ctrl Pts',(11.8653465829603,-12.997801588001,-7.4871325538526));
#6586=CARTESIAN_POINT('Ctrl Pts',(10.0317053747079,-15.0047603558055,2.79385678741712E-6));
#6587=CARTESIAN_POINT('Ctrl Pts',(9.96389697031316,-15.0067188657027,-3.19273921022373));
#6588=CARTESIAN_POINT('Ctrl Pts',(9.82818599618814,-12.8865448345696,-9.58364673594889));
#6589=CARTESIAN_POINT('Ctrl Pts',(9.62457190543503,-4.62174386125796,-15.3845460165528));
#6590=CARTESIAN_POINT('Ctrl Pts',(9.42086703873129,5.48221291824208,-15.0995069490602));
#6591=CARTESIAN_POINT('Ctrl Pts',(9.21715837360275,13.4112586599181,-8.83926041145076));
#6592=CARTESIAN_POINT('Ctrl Pts',(9.01345197942069,16.0397377360783,0.922847227397761));
#6593=CARTESIAN_POINT('Ctrl Pts',(8.82672099966383,12.6199128306222,9.5268184173128));
#6594=CARTESIAN_POINT('Ctrl Pts',(8.65696427379083,5.97454353310797,14.3946492248268));
#6595=CARTESIAN_POINT('Ctrl Pts',(8.50418463092393,-1.34425956061849,15.5309348116127));
#6596=CARTESIAN_POINT('Ctrl Pts',(8.35140397328318,-8.36545052661526,13.1536090806321));
#6597=CARTESIAN_POINT('Ctrl Pts',(8.19862406551283,-13.493134875005,7.80477520843135));
#6598=CARTESIAN_POINT('Ctrl Pts',(8.09205273901523,-14.943838567887,2.84437384459724));
#6599=CARTESIAN_POINT('Ctrl Pts',(8.03640829507275,-15.0010275671381,0.222315841992557));
#6600=CARTESIAN_POINT('Ctrl Pts',(8.03169060522743,-15.0008855725915,-4.02237157248742E-7));
#6601=CARTESIAN_POINT('Ctrl Pts',(-13.7934312235813,-12.9688624353865,7.47946482669415));
#6602=CARTESIAN_POINT('Ctrl Pts',(-13.8170273583402,-13.23193952847,6.90855400346977));
#6603=CARTESIAN_POINT('Ctrl Pts',(-13.8512635238789,-13.5302354589774,5.65294622356264));
#6604=CARTESIAN_POINT('Ctrl Pts',(-13.8470106956475,-13.2596167919747,4.05791677170539));
#6605=CARTESIAN_POINT('Ctrl Pts',(-13.8124354731574,-12.6855714947762,2.92455753723479));
#6606=CARTESIAN_POINT('Ctrl Pts',(-13.7648877483184,-11.9966417473004,2.05147781394936));
#6607=CARTESIAN_POINT('Ctrl Pts',(-13.7072847056503,-11.2359300313902,1.47010105474989));
#6608=CARTESIAN_POINT('Ctrl Pts',(-13.6177315176803,-10.1009630952473,0.91690521324522));
#6609=CARTESIAN_POINT('Ctrl Pts',(-13.5535384856784,-9.31490468199695,0.753697761787407));
#6610=CARTESIAN_POINT('Ctrl Pts',(-13.5014921211693,-8.67850034923823,0.75002630425744));
#6611=CARTESIAN_POINT('Ctrl Pts',(-13.500746280527,-8.66937971920123,0.750000000000031));
#6612=CARTESIAN_POINT('Ctrl Pts',(-13.4999999999991,-8.66025403785673,0.750000000000004));
#6613=CARTESIAN_POINT('Ctrl Pts',(-13.732297433154,-12.9698762440796,7.47726473261237));
#6614=CARTESIAN_POINT('Ctrl Pts',(-13.7587042945999,-13.2323878448382,6.90665598853966));
#6615=CARTESIAN_POINT('Ctrl Pts',(-13.7992687727298,-13.5300019745087,5.65225145010332));
#6616=CARTESIAN_POINT('Ctrl Pts',(-13.8044960801341,-13.2596684839076,4.05856668933815));
#6617=CARTESIAN_POINT('Ctrl Pts',(-13.7781449799286,-12.6862060000193,2.92565047282024));
#6618=CARTESIAN_POINT('Ctrl Pts',(-13.7381556521079,-11.9976903755541,2.05255208255647));
#6619=CARTESIAN_POINT('Ctrl Pts',(-13.6873071366657,-11.2370996688134,1.47083875096252));
#6620=CARTESIAN_POINT('Ctrl Pts',(-13.606969066464,-10.1018328787752,0.917138188844701));
#6621=CARTESIAN_POINT('Ctrl Pts',(-13.5486482784986,-9.3153217004819,0.753700886178857));
#6622=CARTESIAN_POINT('Ctrl Pts',(-13.5013557524722,-8.67851216987965,0.75002635405887));
#6623=CARTESIAN_POINT('Ctrl Pts',(-13.5006780864118,-8.66938560621537,0.750000000000031));
#6624=CARTESIAN_POINT('Ctrl Pts',(-13.4999999999991,-8.66025403785673,0.750000000000004));
#6625=CARTESIAN_POINT('Ctrl Pts',(-13.6258249688546,-12.9342748985055,7.45621416593088));
#6626=CARTESIAN_POINT('Ctrl Pts',(-13.6569473764241,-13.1972166008468,6.89293806501478));
#6627=CARTESIAN_POINT('Ctrl Pts',(-13.7084314899246,-13.4998996971553,5.65193927428619));
#6628=CARTESIAN_POINT('Ctrl Pts',(-13.7300617140826,-13.2418071538177,4.06649038123254));
#6629=CARTESIAN_POINT('Ctrl Pts',(-13.7180939063027,-12.6771307050871,2.9346548798965));
#6630=CARTESIAN_POINT('Ctrl Pts',(-13.6913063745698,-11.9948675646568,2.06016093403189));
#6631=CARTESIAN_POINT('Ctrl Pts',(-13.652311075055,-11.2372162216623,1.47568475345627));
#6632=CARTESIAN_POINT('Ctrl Pts',(-13.5880958244098,-10.1034243198384,0.918576070355847));
#6633=CARTESIAN_POINT('Ctrl Pts',(-13.5400845093726,-9.31607104679678,0.753727700208908));
#6634=CARTESIAN_POINT('Ctrl Pts',(-13.5011171635527,-8.67853266730608,0.750026583486952));
#6635=CARTESIAN_POINT('Ctrl Pts',(-13.5005587467103,-8.66939590849011,0.75000000000003));
#6636=CARTESIAN_POINT('Ctrl Pts',(-13.4999999999991,-8.66025403785672,0.750000000000004));
#6637=CARTESIAN_POINT('Ctrl Pts',(-13.5667070783424,-12.8496020079277,7.41461738630206));
#6638=CARTESIAN_POINT('Ctrl Pts',(-13.5964008167412,-13.1135983208821,6.86598879032174));
#6639=CARTESIAN_POINT('Ctrl Pts',(-13.6461717587919,-13.4273074224653,5.65226262510679));
#6640=CARTESIAN_POINT('Ctrl Pts',(-13.6714828362431,-13.1957234326999,4.08395967382037));
#6641=CARTESIAN_POINT('Ctrl Pts',(-13.6665637788429,-12.6510958382349,2.95450911192906));
#6642=CARTESIAN_POINT('Ctrl Pts',(-13.6482972852569,-11.9835597772769,2.0769998822713));
#6643=CARTESIAN_POINT('Ctrl Pts',(-13.618903216524,-11.2336864220798,1.48648507054958));
#6644=CARTESIAN_POINT('Ctrl Pts',(-13.5692809423185,-10.1048334213183,0.921790675235428));
#6645=CARTESIAN_POINT('Ctrl Pts',(-13.5315252271703,-9.31681437588845,0.753784945961677));
#6646=CARTESIAN_POINT('Ctrl Pts',(-13.5008785333078,-8.67855321773476,0.750027127769166));
#6647=CARTESIAN_POINT('Ctrl Pts',(-13.5004394070087,-8.66940621076486,0.750000000000031));
#6648=CARTESIAN_POINT('Ctrl Pts',(-13.4999999999991,-8.66025403785673,0.750000000000004));
#6649=CARTESIAN_POINT('Ctrl Pts',(-13.5537728320846,-12.8098344962937,7.39572810087789));
#6650=CARTESIAN_POINT('Ctrl Pts',(-13.5814483338773,-13.0738391093488,6.85353797378951));
#6651=CARTESIAN_POINT('Ctrl Pts',(-13.6275296177255,-13.3916197748872,5.65231833532754));
#6652=CARTESIAN_POINT('Ctrl Pts',(-13.6509899888542,-13.17214850397,4.09265325364631));
#6653=CARTESIAN_POINT('Ctrl Pts',(-13.6470250194358,-12.6373456511707,2.9646158662816));
#6654=CARTESIAN_POINT('Ctrl Pts',(-13.6310186334553,-11.9772793468107,2.08572871677448));
#6655=CARTESIAN_POINT('Ctrl Pts',(-13.6050637679693,-11.2315346094442,1.49214662527589));
#6656=CARTESIAN_POINT('Ctrl Pts',(-13.5612128654459,-10.1054077219189,0.923501995177543));
#6657=CARTESIAN_POINT('Ctrl Pts',(-13.5278543821097,-9.31713437511928,0.753815126040045));
#6658=CARTESIAN_POINT('Ctrl Pts',(-13.5007762883102,-8.67856201047498,0.750027418333578));
#6659=CARTESIAN_POINT('Ctrl Pts',(-13.5003882614223,-8.66941062602547,0.750000000000031));
#6660=CARTESIAN_POINT('Ctrl Pts',(-13.4999999999991,-8.66025403785673,0.750000000000004));
#6661=CARTESIAN_POINT('Ctrl Pts',(-13.7936432022064,-12.9712246958083,7.47433022579211));
#6662=CARTESIAN_POINT('Ctrl Pts',(-13.8171298798114,-13.2328323671532,6.90479089375179));
#6663=CARTESIAN_POINT('Ctrl Pts',(-13.8512584255784,-13.5299110406851,5.65103409851707));
#6664=CARTESIAN_POINT('Ctrl Pts',(-13.8470106956475,-13.2596167919747,4.05791677170539));
#6665=CARTESIAN_POINT('Ctrl Pts',(-13.8124354731574,-12.6855714947762,2.92455753723479));
#6666=CARTESIAN_POINT('Ctrl Pts',(-13.7648877483184,-11.9966417473004,2.05147781394936));
#6667=CARTESIAN_POINT('Ctrl Pts',(-13.7072847056503,-11.2359300313902,1.47010105474989));
#6668=CARTESIAN_POINT('Ctrl Pts',(-13.6177315176803,-10.1009630952473,0.91690521324522));
#6669=CARTESIAN_POINT('Ctrl Pts',(-13.5535384856784,-9.31490468199695,0.753697761787407));
#6670=CARTESIAN_POINT('Ctrl Pts',(-13.5014921211693,-8.67850034923823,0.75002630425744));
#6671=CARTESIAN_POINT('Ctrl Pts',(-13.500746280527,-8.66937971920123,0.750000000000031));
#6672=CARTESIAN_POINT('Ctrl Pts',(-13.4999999999991,-8.66025403785673,0.750000000000004));
#6673=CARTESIAN_POINT('Ctrl Pts',(12.0833333333333,-12.9903810567666,-7.50000000000001));
#6674=CARTESIAN_POINT('Ctrl Pts',(12.1574074074074,-13.572157474098,-6.49233368653656));
#6675=CARTESIAN_POINT('Ctrl Pts',(12.3055555555556,-14.0026185738368,-4.05902449168461));
#6676=CARTESIAN_POINT('Ctrl Pts',(12.5277777777778,-12.1463450003807,-0.84386434971124));
#6677=CARTESIAN_POINT('Ctrl Pts',(12.6759259259259,-9.82380687250726,-1.22770434282473E-14));
#6678=CARTESIAN_POINT('Ctrl Pts',(12.75,-8.66025403784438,-1.22124532708767E-14));
#6679=CARTESIAN_POINT('Ctrl Pts',(12.0833333333333,-12.8576987070177,-7.42339580965578));
#6680=CARTESIAN_POINT('Ctrl Pts',(12.1574074074074,-13.421602694508,-6.44668545273184));
#6681=CARTESIAN_POINT('Ctrl Pts',(12.3055555555556,-13.8388143955751,-4.08784409437388));
#6682=CARTESIAN_POINT('Ctrl Pts',(12.5277777777778,-12.039484403194,-0.971313127987245));
#6683=CARTESIAN_POINT('Ctrl Pts',(12.6759259259259,-9.78806201282504,-0.15320838068847));
#6684=CARTESIAN_POINT('Ctrl Pts',(12.75,-8.66025403784438,-0.15320838068847));
#6685=CARTESIAN_POINT('Ctrl Pts',(12.1802423276286,-12.5930739805394,-7.27061465258931));
#6686=CARTESIAN_POINT('Ctrl Pts',(12.2543164017026,-13.1215004312185,-6.35535319194983));
#6687=CARTESIAN_POINT('Ctrl Pts',(12.4024645498508,-13.5125043506609,-4.14537182927655));
#6688=CARTESIAN_POINT('Ctrl Pts',(12.624686772073,-11.826508900889,-1.22514204894163));
#6689=CARTESIAN_POINT('Ctrl Pts',(12.7728349202212,-9.71710693920257,-0.458770694821421));
#6690=CARTESIAN_POINT('Ctrl Pts',(12.8469089942952,-8.66025403784438,-0.458770694821421));
#6691=CARTESIAN_POINT('Ctrl Pts',(12.6055115249067,-12.3103778215486,-7.10739994909711));
#6692=CARTESIAN_POINT('Ctrl Pts',(12.6795855989808,-12.800770972555,-6.25801409587028));
#6693=CARTESIAN_POINT('Ctrl Pts',(12.8277337471289,-13.1636051437307,-4.20678910934489));
#6694=CARTESIAN_POINT('Ctrl Pts',(13.0499559693511,-11.5988703726534,-1.49658898546926));
#6695=CARTESIAN_POINT('Ctrl Pts',(13.1981041174993,-9.64104033985712,-0.785200101805816));
#6696=CARTESIAN_POINT('Ctrl Pts',(13.2721781915733,-8.66025403784438,-0.785200101805816));
#6697=CARTESIAN_POINT('Ctrl Pts',(13.2142715548154,-12.3433614495647,-7.12644305561102));
#6698=CARTESIAN_POINT('Ctrl Pts',(13.2883456288895,-12.838181161027,-6.2693901747716));
#6699=CARTESIAN_POINT('Ctrl Pts',(13.4364937770376,-13.2042878199576,-4.19962000987166));
#6700=CARTESIAN_POINT('Ctrl Pts',(13.6587159992598,-11.6254203330329,-1.46494130409942));
#6701=CARTESIAN_POINT('Ctrl Pts',(13.806864147408,-9.64989346076915,-0.747113888777996));
#6702=CARTESIAN_POINT('Ctrl Pts',(13.8809382214821,-8.66025403784438,-0.747113888777996));
#6703=CARTESIAN_POINT('Ctrl Pts',(13.4969833499123,-12.6398834550078,-7.29764011527427));
#6704=CARTESIAN_POINT('Ctrl Pts',(13.5710574239864,-13.174602271529,-6.37147995729643));
#6705=CARTESIAN_POINT('Ctrl Pts',(13.7192055721345,-13.5702637708587,-4.135200666274));
#6706=CARTESIAN_POINT('Ctrl Pts',(13.9414277943567,-11.8641970965341,-1.18020650524376));
#6707=CARTESIAN_POINT('Ctrl Pts',(14.0895759425049,-9.7296916708868,-0.404719769451494));
#6708=CARTESIAN_POINT('Ctrl Pts',(14.1636500165789,-8.66025403784438,-0.404719769451494));
#6709=CARTESIAN_POINT('Ctrl Pts',(13.5537709166273,-12.8098200797169,-7.39575307129523));
#6710=CARTESIAN_POINT('Ctrl Pts',(13.6278449907014,-13.3673371351685,-6.43010520516691));
#6711=CARTESIAN_POINT('Ctrl Pts',(13.7759931388496,-13.7798485358773,-4.09826201437593));
#6712=CARTESIAN_POINT('Ctrl Pts',(13.9982153610718,-12.0009792899687,-1.01717010044046));
#6713=CARTESIAN_POINT('Ctrl Pts',(14.1463635092199,-9.77528814874752,-0.208493857409578));
#6714=CARTESIAN_POINT('Ctrl Pts',(14.220437583294,-8.66025403784438,-0.208493857409578));
#6715=CARTESIAN_POINT('',(12.599470681734,-10.9376116789717,-0.548748246347021));
#6716=CARTESIAN_POINT('Ctrl Pts',(12.599470681734,-10.9376116789717,-0.548748246347019));
#6717=CARTESIAN_POINT('Ctrl Pts',(12.5952452965891,-10.9573740216643,-0.655843331578002));
#6718=CARTESIAN_POINT('Ctrl Pts',(12.6165536496119,-10.9268524609633,-0.794244046694908));
#6719=CARTESIAN_POINT('Ctrl Pts',(12.7416034672551,-10.6728180912802,-0.929487151198169));
#6720=CARTESIAN_POINT('Ctrl Pts',(12.9472818923101,-10.1992019640089,-0.887162447097671));
#6721=CARTESIAN_POINT('Ctrl Pts',(13.231229832061,-9.43425151828208,-0.779703090275523));
#6722=CARTESIAN_POINT('Ctrl Pts',(13.4046595230339,-8.93530237044321,-0.751030708312281));
#6723=CARTESIAN_POINT('Ctrl Pts',(13.493378507858,-8.6793549228794,-0.750018489803509));
#6724=CARTESIAN_POINT('Ctrl Pts',(13.4966896242811,-8.66980372794347,-0.750000000000013));
#6725=CARTESIAN_POINT('Ctrl Pts',(13.5,-8.66025403784438,-0.750000000000013));
#6726=CARTESIAN_POINT('Ctrl Pts',(12.2546496298149,-13.659242135426,-4.92583662887165));
#6727=CARTESIAN_POINT('Ctrl Pts',(12.2716182717284,-13.6561808228783,-4.65950780186838));
#6728=CARTESIAN_POINT('Ctrl Pts',(12.3626609877161,-13.5256037030452,-3.23281049950763));
#6729=CARTESIAN_POINT('Ctrl Pts',(12.4776013383558,-12.565480393672,-1.56982814614209));
#6730=CARTESIAN_POINT('Ctrl Pts',(12.5755730470819,-11.2725876122138,-0.72069483842676));
#6731=CARTESIAN_POINT('Ctrl Pts',(12.599470681734,-10.9380190809825,-0.55064516847554));
#6732=CARTESIAN_POINT('Origin',(-15.,-8.66025403784294,5.49404761904841));
#6733=CARTESIAN_POINT('Origin',(-7.25000000000001,-7.75,-1.24849990817507E-13));
#6734=CARTESIAN_POINT('Origin',(-7.25000000000001,-7.75,-1.24849990817507E-13));
#6735=CARTESIAN_POINT('Ctrl Pts',(-8.00000000000001,-6.901178833477,1.23673062033016));
#6736=CARTESIAN_POINT('Ctrl Pts',(-8.00000000000001,-6.92554760668291,1.17172661613168));
#6737=CARTESIAN_POINT('Ctrl Pts',(-7.9909475588409,-6.9584936734769,1.11132840029234));
#6738=CARTESIAN_POINT('Ctrl Pts',(-7.95246409228503,-7.03936116713282,1.00086576842049));
#6739=CARTESIAN_POINT('Ctrl Pts',(-7.92324379484247,-7.08579031402917,0.953699856376033));
#6740=CARTESIAN_POINT('Ctrl Pts',(-7.83969322450275,-7.19505717044477,0.866201163026995));
#6741=CARTESIAN_POINT('Ctrl Pts',(-7.78237079004573,-7.25730394345856,0.831434977862997));
#6742=CARTESIAN_POINT('Ctrl Pts',(-7.60148001228448,-7.43101930663403,0.759916533476214));
#6743=CARTESIAN_POINT('Ctrl Pts',(-7.47288316218801,-7.52838814020784,0.751165868418306));
#6744=CARTESIAN_POINT('Ctrl Pts',(-7.40338815260644,-7.59515571496955,0.75003282262375));
#6745=CARTESIAN_POINT('Ctrl Pts',(-7.39911711520215,-7.59939005159643,0.749999999999855));
#6746=CARTESIAN_POINT('Ctrl Pts',(-7.39516765717788,-7.6034531628729,0.749999999999855));
#6747=CARTESIAN_POINT('Origin',(0.,-7.6034531628728,1.49999999999986));
#6748=CARTESIAN_POINT('',(0.,-6.86763511485285,1.35483870967729));
#6749=CARTESIAN_POINT('Origin',(15.,-7.75,-1.24849990817507E-13));
#6750=CARTESIAN_POINT('Ctrl Pts',(13.5,-8.66025403784438,0.749999999999986));
#6751=CARTESIAN_POINT('Ctrl Pts',(13.4979625103751,-8.66542868119611,0.749999999999986));
#6752=CARTESIAN_POINT('Ctrl Pts',(13.4959255359544,-8.67060200727957,0.749987067773696));
#6753=CARTESIAN_POINT('Ctrl Pts',(13.4172788431702,-8.87034257181393,0.748963967596774));
#6754=CARTESIAN_POINT('Ctrl Pts',(13.2631582833272,-9.26178443807579,0.709549294484147));
#6755=CARTESIAN_POINT('Ctrl Pts',(13.040454239314,-9.82353670027444,0.53874988886403));
#6756=CARTESIAN_POINT('Ctrl Pts',(12.8346171008257,-10.3371600681839,0.256530688440012));
#6757=CARTESIAN_POINT('Ctrl Pts',(12.6652874112026,-10.7556122494864,-0.126469733497928));
#6758=CARTESIAN_POINT('Ctrl Pts',(12.6045034614631,-10.9140731104647,-0.421189229701598));
#6759=CARTESIAN_POINT('Ctrl Pts',(12.599470681734,-10.9376116789717,-0.548748246347018));
#6760=CARTESIAN_POINT('Ctrl Pts',(13.5,-8.66025403784434,0.749999999999986));
#6761=CARTESIAN_POINT('Ctrl Pts',(13.4972956152143,-8.66484121846019,0.749999966700742));
#6762=CARTESIAN_POINT('Ctrl Pts',(13.4945913119039,-8.66943927922742,0.749983445994025));
#6763=CARTESIAN_POINT('Ctrl Pts',(13.3902022013377,-8.84650179302237,0.748745545610089));
#6764=CARTESIAN_POINT('Ctrl Pts',(13.1856705867995,-9.19391501184945,0.698983851117893));
#6765=CARTESIAN_POINT('Ctrl Pts',(12.9102807306839,-9.67216025533964,0.489913576322433));
#6766=CARTESIAN_POINT('Ctrl Pts',(12.6972696280638,-10.0737581784991,0.168771450552769));
#6767=CARTESIAN_POINT('Ctrl Pts',(12.5942912802104,-10.3539712229406,-0.201703120317519));
#6768=CARTESIAN_POINT('Ctrl Pts',(12.614642148058,-10.4525914997886,-0.390901081036429));
#6769=CARTESIAN_POINT('Ctrl Pts',(12.6282052778836,-10.4838766741262,-0.444627064898024));
#6770=CARTESIAN_POINT('Ctrl Pts',(13.4999999999999,-8.66025403784428,0.749999999999986));
#6771=CARTESIAN_POINT('Ctrl Pts',(13.4961307560094,-8.66382188133605,0.749999491026005));
#6772=CARTESIAN_POINT('Ctrl Pts',(13.4922539320081,-8.66739402231365,0.749982200981742));
#6773=CARTESIAN_POINT('Ctrl Pts',(13.342908166247,-8.80511480608918,0.748601884392698));
#6774=CARTESIAN_POINT('Ctrl Pts',(13.049883032958,-9.07531700828183,0.69412021847838));
#6775=CARTESIAN_POINT('Ctrl Pts',(12.6531486744161,-9.41701457247298,0.465863007773996));
#6776=CARTESIAN_POINT('Ctrl Pts',(12.3433999529221,-9.64282702472878,0.133342316977691));
#6777=CARTESIAN_POINT('Ctrl Pts',(12.1980429141386,-9.69421753977173,-0.204702416921078));
#6778=CARTESIAN_POINT('Ctrl Pts',(12.2452128779105,-9.66045095234365,-0.270591882212452));
#6779=CARTESIAN_POINT('Ctrl Pts',(12.2700179287484,-9.67647160557497,-0.252825299490235));
#6780=CARTESIAN_POINT('Ctrl Pts',(13.4999999999998,-8.66025403784421,0.749999999999986));
#6781=CARTESIAN_POINT('Ctrl Pts',(13.4949632909439,-8.66280136512261,0.749999900618168));
#6782=CARTESIAN_POINT('Ctrl Pts',(13.4899196865424,-8.66535027218245,0.749987333726949));
#6783=CARTESIAN_POINT('Ctrl Pts',(13.2955082636775,-8.76367583716219,0.749042944820411));
#6784=CARTESIAN_POINT('Ctrl Pts',(12.9142079833524,-8.95624507083646,0.710848305649636));
#6785=CARTESIAN_POINT('Ctrl Pts',(12.3731570336164,-9.20457771996902,0.550983054060213));
#6786=CARTESIAN_POINT('Ctrl Pts',(11.8935788718761,-9.37659022537605,0.306632778716087));
#6787=CARTESIAN_POINT('Ctrl Pts',(11.5382664812289,-9.43431162687474,0.0262955866313121));
#6788=CARTESIAN_POINT('Ctrl Pts',(11.4480991232204,-9.40228536471644,-0.12216417976913));
#6789=CARTESIAN_POINT('Ctrl Pts',(11.4522697197642,-9.38987324916645,-0.173739167710542));
#6790=CARTESIAN_POINT('Ctrl Pts',(13.4999999999998,-8.66025403784418,0.749999999999986));
#6791=CARTESIAN_POINT('Ctrl Pts',(13.494460449432,-8.66236426530551,0.749999999999987));
#6792=CARTESIAN_POINT('Ctrl Pts',(13.4889222925448,-8.66447398158197,0.74999121901131));
#6793=CARTESIAN_POINT('Ctrl Pts',(13.2750974994428,-8.74592563168239,0.74929650215199));
#6794=CARTESIAN_POINT('Ctrl Pts',(12.8561054778337,-8.90542973251562,0.722512400512951));
#6795=CARTESIAN_POINT('Ctrl Pts',(12.2529998128777,-9.12482588320358,0.60649582284408));
#6796=CARTESIAN_POINT('Ctrl Pts',(11.7007651700625,-9.30466584327261,0.413875203121758));
#6797=CARTESIAN_POINT('Ctrl Pts',(11.2555893387792,-9.41555099688869,0.149079859300734));
#6798=CARTESIAN_POINT('Ctrl Pts',(11.1074096085869,-9.41476083790404,-0.06575986321111));
#6799=CARTESIAN_POINT('Ctrl Pts',(11.1025011089538,-9.39109295269088,-0.168447263394227));
#6800=CARTESIAN_POINT('',(11.1025011089538,-9.39109295269088,-0.168447263394227));
#6801=CARTESIAN_POINT('Origin',(11.1025011089538,-10.8527707823852,-0.505341790182683));
#6802=CARTESIAN_POINT('Ctrl Pts',(11.1025011089538,-9.39109295269088,-0.168447263394227));
#6803=CARTESIAN_POINT('Ctrl Pts',(11.1074096085869,-9.41476083790404,-0.06575986321111));
#6804=CARTESIAN_POINT('Ctrl Pts',(11.2555893387792,-9.41555099688869,0.149079859300734));
#6805=CARTESIAN_POINT('Ctrl Pts',(11.7007651700625,-9.30466584327261,0.413875203121758));
#6806=CARTESIAN_POINT('Ctrl Pts',(12.2529998128777,-9.12482588320358,0.60649582284408));
#6807=CARTESIAN_POINT('Ctrl Pts',(12.8561054778337,-8.90542973251562,0.722512400512951));
#6808=CARTESIAN_POINT('Ctrl Pts',(13.2750974994428,-8.74592563168239,0.74929650215199));
#6809=CARTESIAN_POINT('Ctrl Pts',(13.4889222925448,-8.66447398158197,0.74999121901131));
#6810=CARTESIAN_POINT('Ctrl Pts',(13.494460449432,-8.66236426530551,0.749999999999987));
#6811=CARTESIAN_POINT('Ctrl Pts',(13.4999999999998,-8.66025403784418,0.749999999999986));
#6812=CARTESIAN_POINT('Ctrl Pts',(13.5,-8.66025403784438,0.749999999999986));
#6813=CARTESIAN_POINT('Ctrl Pts',(13.4979625103751,-8.66542868119611,0.749999999999986));
#6814=CARTESIAN_POINT('Ctrl Pts',(13.4959255359544,-8.67060200727957,0.749987067773696));
#6815=CARTESIAN_POINT('Ctrl Pts',(13.4172788431702,-8.87034257181393,0.748963967596774));
#6816=CARTESIAN_POINT('Ctrl Pts',(13.2631582833272,-9.26178443807579,0.709549294484147));
#6817=CARTESIAN_POINT('Ctrl Pts',(13.040454239314,-9.82353670027444,0.53874988886403));
#6818=CARTESIAN_POINT('Ctrl Pts',(12.8346171008257,-10.3371600681839,0.256530688440012));
#6819=CARTESIAN_POINT('Ctrl Pts',(12.6652874112026,-10.7556122494864,-0.126469733497928));
#6820=CARTESIAN_POINT('Ctrl Pts',(12.6045034614631,-10.9140731104647,-0.421189229701598));
#6821=CARTESIAN_POINT('Ctrl Pts',(12.599470681734,-10.9376116789717,-0.548748246347018));
#6822=CARTESIAN_POINT('Ctrl Pts',(12.599470681734,-10.9376116789717,-0.548748246347019));
#6823=CARTESIAN_POINT('Ctrl Pts',(12.5952452965891,-10.9573740216643,-0.655843331578002));
#6824=CARTESIAN_POINT('Ctrl Pts',(12.6165536496119,-10.9268524609633,-0.794244046694908));
#6825=CARTESIAN_POINT('Ctrl Pts',(12.7416034672551,-10.6728180912802,-0.929487151198169));
#6826=CARTESIAN_POINT('Ctrl Pts',(12.9472818923101,-10.1992019640089,-0.887162447097671));
#6827=CARTESIAN_POINT('Ctrl Pts',(13.231229832061,-9.43425151828208,-0.779703090275523));
#6828=CARTESIAN_POINT('Ctrl Pts',(13.4046595230339,-8.93530237044321,-0.751030708312281));
#6829=CARTESIAN_POINT('Ctrl Pts',(13.493378507858,-8.6793549228794,-0.750018489803509));
#6830=CARTESIAN_POINT('Ctrl Pts',(13.4966896242811,-8.66980372794347,-0.750000000000013));
#6831=CARTESIAN_POINT('Ctrl Pts',(13.5,-8.66025403784438,-0.750000000000013));
#6832=CARTESIAN_POINT('Ctrl Pts',(12.6282052778836,-10.4838766741262,-0.444627064898024));
#6833=CARTESIAN_POINT('Ctrl Pts',(12.6393882554574,-10.5091162572017,-0.492447537728473));
#6834=CARTESIAN_POINT('Ctrl Pts',(12.6521598894261,-10.525690831093,-0.536389477079816));
#6835=CARTESIAN_POINT('Ctrl Pts',(12.6778675183465,-10.3890049600968,-0.633927788129132));
#6836=CARTESIAN_POINT('Ctrl Pts',(12.8180967656237,-9.98520568643962,-0.719872588953143));
#6837=CARTESIAN_POINT('Ctrl Pts',(13.1518451220973,-9.31687522501808,-0.746274087139437));
#6838=CARTESIAN_POINT('Ctrl Pts',(13.3759542924377,-8.8936006347294,-0.749926603229218));
#6839=CARTESIAN_POINT('Ctrl Pts',(13.4914067895682,-8.67644972321607,-0.7499960158644));
#6840=CARTESIAN_POINT('Ctrl Pts',(13.4957010003243,-8.6683523887515,-0.750000000000013));
#6841=CARTESIAN_POINT('Ctrl Pts',(13.5,-8.66025403784432,-0.750000000000013));
#6842=CARTESIAN_POINT('Ctrl Pts',(12.2706195339808,-9.67616149396947,-0.252763409136436));
#6843=CARTESIAN_POINT('Ctrl Pts',(12.2905750419033,-9.68855276670902,-0.24186554207501));
#6844=CARTESIAN_POINT('Ctrl Pts',(12.3074407158441,-9.74511704050553,-0.199218874219387));
#6845=CARTESIAN_POINT('Ctrl Pts',(12.3367680064667,-9.78433469743818,-0.298836385142869));
#6846=CARTESIAN_POINT('Ctrl Pts',(12.5391286432657,-9.56495868393125,-0.54840020362497));
#6847=CARTESIAN_POINT('Ctrl Pts',(13.0139553772811,-9.10940872056995,-0.712782379843746));
#6848=CARTESIAN_POINT('Ctrl Pts',(13.326244774698,-8.82045428400229,-0.74881536531127));
#6849=CARTESIAN_POINT('Ctrl Pts',(13.4879438374893,-8.67136921892336,-0.749974284419426));
#6850=CARTESIAN_POINT('Ctrl Pts',(13.4939709083997,-8.66581254516556,-0.750000000000013));
#6851=CARTESIAN_POINT('Ctrl Pts',(13.4999999999999,-8.66025403784422,-0.750000000000013));
#6852=CARTESIAN_POINT('Ctrl Pts',(11.4522697197642,-9.38987324916645,-0.173739167710541));
#6853=CARTESIAN_POINT('Ctrl Pts',(11.4552987075833,-9.37848896494292,-0.21967450993686));
#6854=CARTESIAN_POINT('Ctrl Pts',(11.5086932956241,-9.3657275352795,-0.278056372374091));
#6855=CARTESIAN_POINT('Ctrl Pts',(11.7646121189756,-9.31002071943255,-0.435978516755554));
#6856=CARTESIAN_POINT('Ctrl Pts',(12.2120865144193,-9.15892839530234,-0.611813465198453));
#6857=CARTESIAN_POINT('Ctrl Pts',(12.8709594073026,-8.90489465367149,-0.72539267510137));
#6858=CARTESIAN_POINT('Ctrl Pts',(13.2765103656855,-8.74727735292217,-0.749185579509438));
#6859=CARTESIAN_POINT('Ctrl Pts',(13.484480564334,-8.66628995404178,-0.749982824842616));
#6860=CARTESIAN_POINT('Ctrl Pts',(13.4922408164752,-8.66327270157961,-0.750000000000014));
#6861=CARTESIAN_POINT('Ctrl Pts',(13.4999999999998,-8.66025403784412,-0.750000000000013));
#6862=CARTESIAN_POINT('Ctrl Pts',(11.1025011089538,-9.39109295269088,-0.168447263394227));
#6863=CARTESIAN_POINT('Ctrl Pts',(11.0983800660015,-9.3712220392047,-0.254660815081732));
#6864=CARTESIAN_POINT('Ctrl Pts',(11.1674535703473,-9.31679871881424,-0.379659254042436));
#6865=CARTESIAN_POINT('Ctrl Pts',(11.5196435438194,-9.16669757353009,-0.570467697447258));
#6866=CARTESIAN_POINT('Ctrl Pts',(12.071712954535,-8.9984488557172,-0.680830565641724));
#6867=CARTESIAN_POINT('Ctrl Pts',(12.8095850342293,-8.81741620753014,-0.738810812229678));
#6868=CARTESIAN_POINT('Ctrl Pts',(13.2551831445035,-8.71582855870075,-0.749606296667842));
#6869=CARTESIAN_POINT('Ctrl Pts',(13.4829965866239,-8.66411526272967,-0.749992205838444));
#6870=CARTESIAN_POINT('Ctrl Pts',(13.4914993485075,-8.66218419718563,-0.750000000000014));
#6871=CARTESIAN_POINT('Ctrl Pts',(13.4999999999998,-8.66025403784407,-0.750000000000013));
#6872=CARTESIAN_POINT('Ctrl Pts',(13.4999999999998,-8.66025403784407,-0.750000000000013));
#6873=CARTESIAN_POINT('Ctrl Pts',(13.4914993485075,-8.66218419718563,-0.750000000000014));
#6874=CARTESIAN_POINT('Ctrl Pts',(13.4829965866239,-8.66411526272967,-0.749992205838444));
#6875=CARTESIAN_POINT('Ctrl Pts',(13.2551831445035,-8.71582855870075,-0.749606296667842));
#6876=CARTESIAN_POINT('Ctrl Pts',(12.8095850342293,-8.81741620753014,-0.738810812229678));
#6877=CARTESIAN_POINT('Ctrl Pts',(12.071712954535,-8.9984488557172,-0.680830565641724));
#6878=CARTESIAN_POINT('Ctrl Pts',(11.5196435438194,-9.16669757353009,-0.570467697447258));
#6879=CARTESIAN_POINT('Ctrl Pts',(11.1674535703473,-9.31679871881424,-0.379659254042436));
#6880=CARTESIAN_POINT('Ctrl Pts',(11.0983800660015,-9.3712220392047,-0.254660815081732));
#6881=CARTESIAN_POINT('Ctrl Pts',(11.1025011089538,-9.39109295269088,-0.168447263394227));
#6882=CARTESIAN_POINT('Ctrl Pts',(12.8333333333393,-13.6399001096049,-7.87500000000001));
#6883=CARTESIAN_POINT('Ctrl Pts',(12.9074074074134,-14.3089429895361,-6.71618373951704));
#6884=CARTESIAN_POINT('Ctrl Pts',(13.0555555555615,-14.8039643572764,-3.91787454343919));
#6885=CARTESIAN_POINT('Ctrl Pts',(13.2777777777838,-12.6692573330239,-0.220453518159671));
#6886=CARTESIAN_POINT('Ctrl Pts',(13.4259259259319,-9.9983397977067,0.749999999999986));
#6887=CARTESIAN_POINT('Ctrl Pts',(13.500000000006,-8.66025403784438,0.749999999999986));
#6888=CARTESIAN_POINT('Ctrl Pts',(12.6089338580818,-13.6399001096065,-7.87500000000091));
#6889=CARTESIAN_POINT('Ctrl Pts',(12.6830079321558,-14.3092218794463,-6.71570068802646));
#6890=CARTESIAN_POINT('Ctrl Pts',(12.831156080304,-14.804609905814,-3.91795371927212));
#6891=CARTESIAN_POINT('Ctrl Pts',(13.0533783025262,-12.66951153901,-0.219854868810292));
#6892=CARTESIAN_POINT('Ctrl Pts',(13.2015264506744,-9.99889757752397,0.75000000000178));
#6893=CARTESIAN_POINT('Ctrl Pts',(13.2756005247484,-8.66025403784438,0.75000000000178));
#6894=CARTESIAN_POINT('Ctrl Pts',(12.2202579426001,-13.476913552835,-7.7808996675746));
#6895=CARTESIAN_POINT('Ctrl Pts',(12.2943320166742,-14.1239602614444,-6.66018189339282));
#6896=CARTESIAN_POINT('Ctrl Pts',(12.4424801648223,-14.6026504270947,-3.95326527499192));
#6897=CARTESIAN_POINT('Ctrl Pts',(12.6647023870445,-12.5379510953499,-0.37710113005639));
#6898=CARTESIAN_POINT('Ctrl Pts',(12.8128505351927,-9.95434745506328,0.561799335149156));
#6899=CARTESIAN_POINT('Ctrl Pts',(12.8869246092668,-8.66025403784438,0.561799335149156));
#6900=CARTESIAN_POINT('Ctrl Pts',(12.0833333333333,-13.1361327913933,-7.5841498032216));
#6901=CARTESIAN_POINT('Ctrl Pts',(12.1574074074074,-13.7374516996812,-6.54263490251502));
#6902=CARTESIAN_POINT('Ctrl Pts',(12.3055555555556,-14.182341425422,-4.0273367023954));
#6903=CARTESIAN_POINT('Ctrl Pts',(12.5277777777778,-12.2636488566875,-0.704063689242419));
#6904=CARTESIAN_POINT('Ctrl Pts',(12.6759259259259,-9.86289185442027,0.168299606443152));
#6905=CARTESIAN_POINT('Ctrl Pts',(12.75,-8.66025403784438,0.168299606443152));
#6906=CARTESIAN_POINT('Ctrl Pts',(12.0833333333333,-12.9903810567666,-7.50000000000001));
#6907=CARTESIAN_POINT('Ctrl Pts',(12.1574074074074,-13.572157474098,-6.49233368653656));
#6908=CARTESIAN_POINT('Ctrl Pts',(12.3055555555556,-14.0026108373505,-4.05902134212103));
#6909=CARTESIAN_POINT('Ctrl Pts',(12.5277777777778,-12.1463438597396,-0.843872624486674));
#6910=CARTESIAN_POINT('Ctrl Pts',(12.6759259259259,-9.82380687250726,-1.50526009898101E-14));
#6911=CARTESIAN_POINT('Ctrl Pts',(12.75,-8.66025403784438,-1.49880108324396E-14));
#6912=CARTESIAN_POINT('Ctrl Pts',(-13.5,-8.66025403784438,-0.749999999999986));
#6913=CARTESIAN_POINT('Ctrl Pts',(-13.4952153717406,-8.67240563089729,-0.749999999999986));
#6914=CARTESIAN_POINT('Ctrl Pts',(-13.4904341567537,-8.68455095078144,-0.749931449905139));
#6915=CARTESIAN_POINT('Ctrl Pts',(-13.3452265147378,-9.05322294665764,-0.745375846625305));
#6916=CARTESIAN_POINT('Ctrl Pts',(-13.0646027297721,-9.76647823302753,-0.613928669300194));
#6917=CARTESIAN_POINT('Ctrl Pts',(-12.7509166497819,-10.5430057735404,-0.128473490194517));
#6918=CARTESIAN_POINT('Ctrl Pts',(-12.6173616451317,-10.8780053838385,0.332381693693361));
#6919=CARTESIAN_POINT('Ctrl Pts',(-12.5934401343547,-10.9535669609861,0.581147965382035));
#6920=CARTESIAN_POINT('Ctrl Pts',(-12.6121674821885,-10.9354911415271,0.791914090730845));
#6921=CARTESIAN_POINT('Ctrl Pts',(-12.7227076046823,-10.7152206341036,0.928160534771526));
#6922=CARTESIAN_POINT('Ctrl Pts',(-13.0190030512712,-10.0300478642058,0.872143327999776));
#6923=CARTESIAN_POINT('Ctrl Pts',(-13.3016439093985,-9.23351625614486,0.751113621941192));
#6924=CARTESIAN_POINT('Ctrl Pts',(-13.4921434858845,-8.68290254238344,0.750047697420149));
#6925=CARTESIAN_POINT('Ctrl Pts',(-13.4960705080362,-8.67158973918733,0.750000000000013));
#6926=CARTESIAN_POINT('Ctrl Pts',(-13.5,-8.66025403784438,0.750000000000013));
#6927=CARTESIAN_POINT('Ctrl Pts',(-13.5,-8.66025403784434,-0.749999999999986));
#6928=CARTESIAN_POINT('Ctrl Pts',(-13.4936716953481,-8.67096070322476,-0.749937326043394));
#6929=CARTESIAN_POINT('Ctrl Pts',(-13.4872709740143,-8.68190644771046,-0.749990190005423));
#6930=CARTESIAN_POINT('Ctrl Pts',(-13.2955265665303,-9.00614553596128,-0.742383720007723));
#6931=CARTESIAN_POINT('Ctrl Pts',(-12.9202137234941,-9.64500409344383,-0.579430345306343));
#6932=CARTESIAN_POINT('Ctrl Pts',(-12.6171093390256,-10.2238417339413,-0.0131983793013549));
#6933=CARTESIAN_POINT('Ctrl Pts',(-12.6056379663488,-10.4263301899943,0.3425444392647));
#6934=CARTESIAN_POINT('Ctrl Pts',(-12.6316033572575,-10.4946052350373,0.462270222356226));
#6935=CARTESIAN_POINT('Ctrl Pts',(-12.6529548351129,-10.5261599308076,0.539183232523263));
#6936=CARTESIAN_POINT('Ctrl Pts',(-12.6663564910941,-10.4220943906938,0.627294669292884));
#6937=CARTESIAN_POINT('Ctrl Pts',(-12.8781063753865,-9.83825771241323,0.745137495238726));
#6938=CARTESIAN_POINT('Ctrl Pts',(-13.2424704037885,-9.14182838504672,0.751508244509125));
#6939=CARTESIAN_POINT('Ctrl Pts',(-13.4897734275248,-8.67966792928706,0.7499305212483));
#6940=CARTESIAN_POINT('Ctrl Pts',(-13.4949219719603,-8.66967158203409,0.750071796746636));
#6941=CARTESIAN_POINT('Ctrl Pts',(-13.5,-8.66025403784432,0.750000000000013));
#6942=CARTESIAN_POINT('Ctrl Pts',(-13.4999999999999,-8.66025403784428,-0.749999999999986));
#6943=CARTESIAN_POINT('Ctrl Pts',(-13.4909268783373,-8.66857281272755,-0.749919466328725));
#6944=CARTESIAN_POINT('Ctrl Pts',(-13.4817929153361,-8.67710696713401,-0.750013826367372));
#6945=CARTESIAN_POINT('Ctrl Pts',(-13.2068734652963,-8.92846671827157,-0.740676560738306));
#6946=CARTESIAN_POINT('Ctrl Pts',(-12.6705757912081,-9.43006766881809,-0.564302333889871));
#6947=CARTESIAN_POINT('Ctrl Pts',(-12.2241606443062,-9.70927426466077,0.0412124069514306));
#6948=CARTESIAN_POINT('Ctrl Pts',(-12.2256073110741,-9.66456641447425,0.269417104604631));
#6949=CARTESIAN_POINT('Ctrl Pts',(-12.277743565208,-9.67338569356313,0.253696172540903));
#6950=CARTESIAN_POINT('Ctrl Pts',(-12.3121407839449,-9.73586107722741,0.200160627139127));
#6951=CARTESIAN_POINT('Ctrl Pts',(-12.3165598010623,-9.80360281022909,0.277564668619971));
#6952=CARTESIAN_POINT('Ctrl Pts',(-12.6208677898969,-9.4791160063028,0.625983942136161));
#6953=CARTESIAN_POINT('Ctrl Pts',(-13.1401362480295,-8.99098745772764,0.747489825708736));
#6954=CARTESIAN_POINT('Ctrl Pts',(-13.4856146183278,-8.67353662554803,0.749977758567096));
#6955=CARTESIAN_POINT('Ctrl Pts',(-13.492914588707,-8.66677340593461,0.749986206036581));
#6956=CARTESIAN_POINT('Ctrl Pts',(-13.4999999999999,-8.66025403784422,0.750000000000014));
#6957=CARTESIAN_POINT('Ctrl Pts',(-13.4999999999998,-8.66025403784421,-0.749999999999986));
#6958=CARTESIAN_POINT('Ctrl Pts',(-13.4881845119344,-8.66618404522492,-0.749949882216398));
#6959=CARTESIAN_POINT('Ctrl Pts',(-13.4763171382195,-8.6722876129151,-0.749993152718641));
#6960=CARTESIAN_POINT('Ctrl Pts',(-13.1179623948936,-8.8517699750828,-0.744194273381369));
#6961=CARTESIAN_POINT('Ctrl Pts',(-12.4224223337992,-9.20760545362927,-0.618367806104748));
#6962=CARTESIAN_POINT('Ctrl Pts',(-11.7005401985269,-9.43471894848186,-0.189404912218966));
#6963=CARTESIAN_POINT('Ctrl Pts',(-11.4630479901185,-9.41276011346551,0.082559817337334));
#6964=CARTESIAN_POINT('Ctrl Pts',(-11.4443365521267,-9.38633821841443,0.187670178066958));
#6965=CARTESIAN_POINT('Ctrl Pts',(-11.5016749559844,-9.36496191455954,0.276071118587296));
#6966=CARTESIAN_POINT('Ctrl Pts',(-11.7227198511334,-9.3238925850328,0.418417071069632));
#6967=CARTESIAN_POINT('Ctrl Pts',(-12.3708050413425,-9.10189508173879,0.667074762161282));
#6968=CARTESIAN_POINT('Ctrl Pts',(-13.0357378534331,-8.84036205131508,0.748540347361573));
#6969=CARTESIAN_POINT('Ctrl Pts',(-13.481542189216,-8.66745256814221,0.749970968802601));
#6970=CARTESIAN_POINT('Ctrl Pts',(-13.4908312875071,-8.663806037405,0.750005063933004));
#6971=CARTESIAN_POINT('Ctrl Pts',(-13.4999999999998,-8.66025403784412,0.750000000000013));
#6972=CARTESIAN_POINT('Ctrl Pts',(-13.4999999999998,-8.66025403784419,-0.749999999999986));
#6973=CARTESIAN_POINT('Ctrl Pts',(-13.4869914968673,-8.6652094760326,-0.749999999999987));
#6974=CARTESIAN_POINT('Ctrl Pts',(-13.4739923095013,-8.67016243008806,-0.749952092322461));
#6975=CARTESIAN_POINT('Ctrl Pts',(-13.0792010967932,-8.82049324419091,-0.746921561635037));
#6976=CARTESIAN_POINT('Ctrl Pts',(-12.3163252381415,-9.11102378876958,-0.657127584262316));
#6977=CARTESIAN_POINT('Ctrl Pts',(-11.4763161414714,-9.37583873021378,-0.327937645706585));
#6978=CARTESIAN_POINT('Ctrl Pts',(-11.1367495452695,-9.42142064064607,-0.000818496480054758));
#6979=CARTESIAN_POINT('Ctrl Pts',(-11.0880535502617,-9.39017908235055,0.192103930085801));
#6980=CARTESIAN_POINT('Ctrl Pts',(-11.1550269861963,-9.32215345342331,0.37541808518135));
#6981=CARTESIAN_POINT('Ctrl Pts',(-11.4684848664598,-9.1834590151107,0.555903628613971));
#6982=CARTESIAN_POINT('Ctrl Pts',(-12.2632817759825,-8.94174849802213,0.716493730733218));
#6983=CARTESIAN_POINT('Ctrl Pts',(-12.9907221322936,-8.77589775564601,0.748655768435802));
#6984=CARTESIAN_POINT('Ctrl Pts',(-13.4798242068807,-8.66483517443789,0.749994115347507));
#6985=CARTESIAN_POINT('Ctrl Pts',(-13.4899095315612,-8.66254518128187,0.750000000000014));
#6986=CARTESIAN_POINT('Ctrl Pts',(-13.4999999999998,-8.66025403784407,0.750000000000013));
#6987=CARTESIAN_POINT('Ctrl Pts',(-13.4999999999998,-8.66025403784407,0.750000000000013));
#6988=CARTESIAN_POINT('Ctrl Pts',(-13.4899095315612,-8.66254518128187,0.750000000000014));
#6989=CARTESIAN_POINT('Ctrl Pts',(-13.4798242068807,-8.66483517443789,0.749994115347507));
#6990=CARTESIAN_POINT('Ctrl Pts',(-12.9907221322936,-8.77589775564601,0.748655768435802));
#6991=CARTESIAN_POINT('Ctrl Pts',(-12.2632817759825,-8.94174849802213,0.716493730733218));
#6992=CARTESIAN_POINT('Ctrl Pts',(-11.4684848664598,-9.1834590151107,0.555903628613971));
#6993=CARTESIAN_POINT('Ctrl Pts',(-11.1550269861963,-9.32215345342331,0.37541808518135));
#6994=CARTESIAN_POINT('Ctrl Pts',(-11.0880535502617,-9.39017908235055,0.192103930085801));
#6995=CARTESIAN_POINT('Ctrl Pts',(-11.1367495452695,-9.42142064064607,-0.000818496480054758));
#6996=CARTESIAN_POINT('Ctrl Pts',(-11.4763161414714,-9.37583873021378,-0.327937645706585));
#6997=CARTESIAN_POINT('Ctrl Pts',(-12.3163252381415,-9.11102378876958,-0.657127584262316));
#6998=CARTESIAN_POINT('Ctrl Pts',(-13.0792010967932,-8.82049324419091,-0.746921561635037));
#6999=CARTESIAN_POINT('Ctrl Pts',(-13.4739923095013,-8.67016243008806,-0.749952092322461));
#7000=CARTESIAN_POINT('Ctrl Pts',(-13.4869914968673,-8.6652094760326,-0.749999999999987));
#7001=CARTESIAN_POINT('Ctrl Pts',(-13.4999999999998,-8.66025403784419,-0.749999999999986));
#7002=CARTESIAN_POINT('Origin',(13.75,0.,0.));
#7003=CARTESIAN_POINT('',(13.75,-3.875,4.74550634669599E-16));
#7004=CARTESIAN_POINT('Origin',(0.,0.,0.));
#7005=CARTESIAN_POINT('Origin',(15.,-8.66025403784448,-5.49404761904757));
#7006=CARTESIAN_POINT('Origin',(0.,0.,0.));
#7007=CARTESIAN_POINT('Origin',(0.,-8.66025403784371,8.32667268468867E-16));
#7008=UNCERTAINTY_MEASURE_WITH_UNIT(LENGTH_MEASURE(0.01),#7012,
'DISTANCE_ACCURACY_VALUE',
'Maximum model space distance between geometric entities at asserted c
onnectivities');
#7009=UNCERTAINTY_MEASURE_WITH_UNIT(LENGTH_MEASURE(0.01),#7012,
'DISTANCE_ACCURACY_VALUE',
'Maximum model space distance between geometric entities at asserted c
onnectivities');
#7010=(
GEOMETRIC_REPRESENTATION_CONTEXT(3)
GLOBAL_UNCERTAINTY_ASSIGNED_CONTEXT((#7008))
GLOBAL_UNIT_ASSIGNED_CONTEXT((#7012,#7014,#7015))
REPRESENTATION_CONTEXT('','3D')
);
#7011=(
GEOMETRIC_REPRESENTATION_CONTEXT(3)
GLOBAL_UNCERTAINTY_ASSIGNED_CONTEXT((#7009))
GLOBAL_UNIT_ASSIGNED_CONTEXT((#7012,#7014,#7015))
REPRESENTATION_CONTEXT('','3D')
);
#7012=(
LENGTH_UNIT()
NAMED_UNIT(*)
SI_UNIT(.MILLI.,.METRE.)
);
#7013=(
LENGTH_UNIT()
NAMED_UNIT(*)
SI_UNIT($,.METRE.)
);
#7014=(
NAMED_UNIT(*)
PLANE_ANGLE_UNIT()
SI_UNIT($,.RADIAN.)
);
#7015=(
NAMED_UNIT(*)
SI_UNIT($,.STERADIAN.)
SOLID_ANGLE_UNIT()
);
#7016=SHAPE_DEFINITION_REPRESENTATION(#7017,#7018);
#7017=PRODUCT_DEFINITION_SHAPE('',$,#7020);
#7018=SHAPE_REPRESENTATION('',(#1308),#7010);
#7019=PRODUCT_DEFINITION_CONTEXT('part definition',#7024,'design');
#7020=PRODUCT_DEFINITION('2026-09-01-22-08-05-113','Drum - 60AIM (XL)',
#7021,#7019);
#7021=PRODUCT_DEFINITION_FORMATION('',$,#7026);
#7022=PRODUCT_RELATED_PRODUCT_CATEGORY('Drum - 60AIM (XL)',
'Drum - 60AIM (XL)',(#7026));
#7023=APPLICATION_PROTOCOL_DEFINITION('international standard',
'automotive_design',2009,#7024);
#7024=APPLICATION_CONTEXT(
'Core Data for Automotive Mechanical Design Process');
#7025=PRODUCT_CONTEXT('part definition',#7024,'mechanical');
#7026=PRODUCT('2026-09-01-22-08-05-113','Drum - 60AIM (XL)',$,(#7025));
#7027=PRESENTATION_STYLE_ASSIGNMENT((#7029));
#7028=PRESENTATION_STYLE_ASSIGNMENT((#7030));
#7029=SURFACE_STYLE_USAGE(.BOTH.,#7031);
#7030=SURFACE_STYLE_USAGE(.BOTH.,#7032);
#7031=SURFACE_SIDE_STYLE('',(#7033));
#7032=SURFACE_SIDE_STYLE('',(#7034));
#7033=SURFACE_STYLE_FILL_AREA(#7035);
#7034=SURFACE_STYLE_FILL_AREA(#7036);
#7035=FILL_AREA_STYLE('Steel - Satin',(#7037));
#7036=FILL_AREA_STYLE('Plastic - Matte (White)',(#7038));
#7037=FILL_AREA_STYLE_COLOUR('Steel - Satin',#7039);
#7038=FILL_AREA_STYLE_COLOUR('Plastic - Matte (White)',#7040);
#7039=COLOUR_RGB('Steel - Satin',0.627450980392157,0.627450980392157,0.627450980392157);
#7040=COLOUR_RGB('Plastic - Matte (White)',0.964705882352941,0.964705882352941,
0.952941176470588);
ENDSEC;
END-ISO-10303-21;
