ISO-10303-21;
HEADER;
/* Generated by software containing ST-Developer
 * from STEP Tools, Inc. (www.steptools.com) 
 */

FILE_DESCRIPTION(
/* description */ (''),
/* implementation_level */ '2;1');

FILE_NAME(
/* name */ 'Side Offset Mount 3030.step',
/* time_stamp */ '2026-09-08T09:37:43+02:00',
/* author */ (''),
/* organization */ (''),
/* preprocessor_version */ 'ST-DEVELOPER v20.2',
/* originating_system */ 'Autodesk Translation Framework v15.15.0.0',
/* authorisation */ '');

FILE_SCHEMA (('AUTOMOTIVE_DESIGN { 1 0 10303 214 3 1 1 }'));
ENDSEC;

DATA;
#10=MECHANICAL_DESIGN_GEOMETRIC_PRESENTATION_REPRESENTATION('',(#13),#2681);
#11=SHAPE_REPRESENTATION_RELATIONSHIP('SRR','None',#2688,#12);
#12=ADVANCED_BREP_SHAPE_REPRESENTATION('',(#14),#2680);
#13=STYLED_ITEM('',(#2698),#14);
#14=MANIFOLD_SOLID_BREP('Body1',#1407);
#15=TOROIDAL_SURFACE('',#1501,6.5,1.);
#16=TOROIDAL_SURFACE('',#1505,6.5,1.);
#17=TOROIDAL_SURFACE('',#1512,6.5,1.);
#18=TOROIDAL_SURFACE('',#1516,6.49999999999999,1.);
#19=ELLIPSE('',#1500,1.02542242432685,1.);
#20=ELLIPSE('',#1508,1.02542242432684,1.);
#21=ELLIPSE('',#1511,1.02542242432684,1.);
#22=ELLIPSE('',#1519,1.02542242432685,1.);
#23=B_SPLINE_CURVE_WITH_KNOTS('',3,(#2123,#2124,#2125,#2126,#2127,#2128),
 .UNSPECIFIED.,.F.,.F.,(4,1,1,4),(-3.14159265358979,-2.69279370307697,-2.24399475256414,
-1.62708056598954),.UNSPECIFIED.);
#24=B_SPLINE_CURVE_WITH_KNOTS('',3,(#2129,#2130,#2131,#2132,#2133,#2134,
#2135,#2136,#2137,#2138,#2139,#2140),.UNSPECIFIED.,.F.,.F.,(4,1,1,1,1,1,
1,1,1,4),(-1.62708056598954,-1.34639685153848,-0.448798950512828,0.149599650170943,
0.448798950512828,0.897597901025655,1.34639685153848,2.24399475256414,2.69279370307697,
3.14159265358979),.UNSPECIFIED.);
#25=B_SPLINE_CURVE_WITH_KNOTS('',3,(#2141,#2142,#2143,#2144,#2145,#2146,
#2147,#2148,#2149,#2150,#2151,#2152,#2153,#2154),.UNSPECIFIED.,.T.,.F.,
(4,1,1,1,1,1,1,1,1,1,1,4),(-3.14159265358979,-2.69279370307697,-2.24399475256414,
-1.34639685153848,-0.897597901025655,-0.448798950512828,-0.149599650170943,
0.448798950512828,1.34639685153848,2.24399475256414,2.69279370307697,3.14159265358979),
 .UNSPECIFIED.);
#26=B_SPLINE_CURVE_WITH_KNOTS('',3,(#2160,#2161,#2162,#2163),
 .UNSPECIFIED.,.F.,.F.,(4,4),(-1.72926773956403,-1.65775249707118),
 .UNSPECIFIED.);
#27=B_SPLINE_CURVE_WITH_KNOTS('',3,(#2165,#2166,#2167,#2168,#2169,#2170,
#2171),.UNSPECIFIED.,.F.,.F.,(4,1,1,1,4),(-3.14159265358975,-2.62904000315691,
-2.11648735272408,-1.73207286489945,-1.34765837707482),.UNSPECIFIED.);
#28=B_SPLINE_CURVE_WITH_KNOTS('',3,(#2175,#2176,#2177,#2178,#2179,#2180,
#2181),.UNSPECIFIED.,.F.,.F.,(4,1,1,1,4),(-1.79393427651498,-1.40951978869034,
-1.0251053008657,-0.51255265043285,2.90045765183322E-15),.UNSPECIFIED.);
#29=B_SPLINE_CURVE_WITH_KNOTS('',3,(#2183,#2184,#2185,#2186),
 .UNSPECIFIED.,.F.,.F.,(4,4),(0.739381234870198,0.810896477363042),
 .UNSPECIFIED.);
#30=B_SPLINE_CURVE_WITH_KNOTS('',3,(#2190,#2191,#2192,#2193),
 .UNSPECIFIED.,.F.,.F.,(4,4),(1.27109319839787,1.34765837707484),
 .UNSPECIFIED.);
#31=B_SPLINE_CURVE_WITH_KNOTS('',3,(#2195,#2196,#2197,#2198,#2199,#2200),
 .UNSPECIFIED.,.F.,.F.,(4,1,1,4),(8.32667268468867E-16,0.363169485256536,
0.726338970513071,1.27109319839787),.UNSPECIFIED.);
#32=B_SPLINE_CURVE_WITH_KNOTS('',3,(#2204,#2205,#2206,#2207,#2208),
 .UNSPECIFIED.,.F.,.F.,(4,1,4),(-1.27109319839786,-0.544754227884795,6.53904655671372E-16),
 .UNSPECIFIED.);
#33=B_SPLINE_CURVE_WITH_KNOTS('',3,(#2209,#2210,#2211,#2212),
 .UNSPECIFIED.,.F.,.F.,(4,4),(-1.34765837707482,-1.27109319839785),
 .UNSPECIFIED.);
#34=B_SPLINE_CURVE_WITH_KNOTS('',3,(#2214,#2215,#2216,#2217,#2218,#2219,
#2220,#2221,#2222,#2223,#2224,#2225,#2226,#2227),.UNSPECIFIED.,.T.,.F.,
(4,1,1,1,1,1,1,1,1,1,1,4),(-3.14159265358979,-2.69279370307697,-2.24399475256414,
-1.34639685153848,-0.897597901025655,-0.448798950512828,-0.149599650170943,
0.448798950512828,1.34639685153848,2.24399475256414,2.69279370307697,3.14159265358979),
 .UNSPECIFIED.);
#35=B_SPLINE_CURVE_WITH_KNOTS('',3,(#2304,#2305,#2306,#2307,#2308,#2309),
 .UNSPECIFIED.,.F.,.F.,(4,1,1,4),(-3.14159265358979,-2.69279370307697,-2.24399475256414,
-1.62708056598954),.UNSPECIFIED.);
#36=B_SPLINE_CURVE_WITH_KNOTS('',3,(#2310,#2311,#2312,#2313,#2314,#2315,
#2316,#2317,#2318,#2319,#2320,#2321),.UNSPECIFIED.,.F.,.F.,(4,1,1,1,1,1,
1,1,1,4),(-1.62708056598954,-1.34639685153848,-0.448798950512828,0.149599650170943,
0.448798950512828,0.897597901025655,1.34639685153848,2.24399475256414,2.69279370307697,
3.14159265358979),.UNSPECIFIED.);
#37=B_SPLINE_CURVE_WITH_KNOTS('',3,(#2355,#2356,#2357,#2358,#2359,#2360,
#2361),.UNSPECIFIED.,.F.,.F.,(4,1,1,1,4),(1.34765837707482,1.73207286489945,
2.11648735272408,2.62904000315691,3.14159265358975),.UNSPECIFIED.);
#38=B_SPLINE_CURVE_WITH_KNOTS('',3,(#2393,#2394,#2395,#2396,#2397,#2398,
#2399),.UNSPECIFIED.,.F.,.F.,(4,1,1,1,4),(-2.90045765183322E-15,0.51255265043285,
1.0251053008657,1.40951978869034,1.79393427651498),.UNSPECIFIED.);
#39=B_SPLINE_CURVE_WITH_KNOTS('',3,(#2423,#2424,#2425,#2426),
 .UNSPECIFIED.,.F.,.F.,(4,4),(-0.810896477363042,-0.739381234870198),
 .UNSPECIFIED.);
#40=B_SPLINE_CURVE_WITH_KNOTS('',3,(#2454,#2455,#2456,#2457,#2458,#2459),
 .UNSPECIFIED.,.F.,.F.,(4,1,1,4),(-1.27109319839787,-0.726338970513071,
-0.363169485256536,-8.32667268468867E-16),.UNSPECIFIED.);
#41=B_SPLINE_CURVE_WITH_KNOTS('',3,(#2487,#2488,#2489,#2490,#2491),
 .UNSPECIFIED.,.F.,.F.,(4,1,4),(-6.53904655671372E-16,0.544754227884795,
1.27109319839786),.UNSPECIFIED.);
#42=B_SPLINE_CURVE_WITH_KNOTS('',3,(#2508,#2509,#2510,#2511),
 .UNSPECIFIED.,.F.,.F.,(4,4),(-1.34765837707484,-1.27109319839787),
 .UNSPECIFIED.);
#43=B_SPLINE_CURVE_WITH_KNOTS('',3,(#2534,#2535,#2536,#2537),
 .UNSPECIFIED.,.F.,.F.,(4,4),(1.27109319839785,1.34765837707482),
 .UNSPECIFIED.);
#44=B_SPLINE_CURVE_WITH_KNOTS('',3,(#2554,#2555,#2556,#2557),
 .UNSPECIFIED.,.F.,.F.,(4,4),(1.65775249707118,1.72926773956403),
 .UNSPECIFIED.);
#45=B_SPLINE_SURFACE_WITH_KNOTS('',3,3,((#2063,#2064,#2065,#2066,#2067,
#2068,#2069,#2070,#2071,#2072,#2073,#2074,#2075,#2076),(#2077,#2078,#2079,
#2080,#2081,#2082,#2083,#2084,#2085,#2086,#2087,#2088,#2089,#2090),(#2091,
#2092,#2093,#2094,#2095,#2096,#2097,#2098,#2099,#2100,#2101,#2102,#2103,
#2104),(#2105,#2106,#2107,#2108,#2109,#2110,#2111,#2112,#2113,#2114,#2115,
#2116,#2117,#2118)),.UNSPECIFIED.,.F.,.T.,.F.,(4,4),(4,1,1,1,1,1,1,1,1,
1,1,4),(0.,1.),(-3.14159265358979,-2.69279370307697,-2.24399475256414,-1.34639685153848,
-0.448798950512828,0.149599650170943,0.448798950512828,0.897597901025655,
1.34639685153848,2.24399475256414,2.69279370307697,3.14159265358979),
 .UNSPECIFIED.);
#46=B_SPLINE_SURFACE_WITH_KNOTS('',3,3,((#2245,#2246,#2247,#2248,#2249,
#2250,#2251,#2252,#2253,#2254,#2255,#2256,#2257,#2258),(#2259,#2260,#2261,
#2262,#2263,#2264,#2265,#2266,#2267,#2268,#2269,#2270,#2271,#2272),(#2273,
#2274,#2275,#2276,#2277,#2278,#2279,#2280,#2281,#2282,#2283,#2284,#2285,
#2286),(#2287,#2288,#2289,#2290,#2291,#2292,#2293,#2294,#2295,#2296,#2297,
#2298,#2299,#2300)),.UNSPECIFIED.,.F.,.T.,.F.,(4,4),(4,1,1,1,1,1,1,1,1,
1,1,4),(0.,1.),(-3.14159265358979,-2.69279370307697,-2.24399475256414,-1.34639685153848,
-0.448798950512828,0.149599650170943,0.448798950512828,0.897597901025655,
1.34639685153848,2.24399475256414,2.69279370307697,3.14159265358979),
 .UNSPECIFIED.);
#47=B_SPLINE_SURFACE_WITH_KNOTS('',3,3,((#2324,#2325,#2326,#2327,#2328,
#2329,#2330),(#2331,#2332,#2333,#2334,#2335,#2336,#2337),(#2338,#2339,#2340,
#2341,#2342,#2343,#2344),(#2345,#2346,#2347,#2348,#2349,#2350,#2351)),
 .UNSPECIFIED.,.F.,.F.,.F.,(4,4),(4,1,1,1,4),(0.,1.),(1.34765837707482,
1.73207286489945,2.11648735272408,2.62904000315691,3.14159265358975),
 .UNSPECIFIED.);
#48=B_SPLINE_SURFACE_WITH_KNOTS('',3,3,((#2362,#2363,#2364,#2365,#2366,
#2367,#2368),(#2369,#2370,#2371,#2372,#2373,#2374,#2375),(#2376,#2377,#2378,
#2379,#2380,#2381,#2382),(#2383,#2384,#2385,#2386,#2387,#2388,#2389)),
 .UNSPECIFIED.,.F.,.F.,.F.,(4,4),(4,1,1,1,4),(0.,1.),(-2.90045765183322E-15,
0.51255265043285,1.0251053008657,1.40951978869034,1.79393427651498),
 .UNSPECIFIED.);
#49=B_SPLINE_SURFACE_WITH_KNOTS('',3,3,((#2407,#2408,#2409,#2410),(#2411,
#2412,#2413,#2414),(#2415,#2416,#2417,#2418),(#2419,#2420,#2421,#2422)),
 .UNSPECIFIED.,.F.,.F.,.F.,(4,4),(4,4),(0.,1.),(-0.810896477363042,-0.739381234870198),
 .UNSPECIFIED.);
#50=B_SPLINE_SURFACE_WITH_KNOTS('',3,3,((#2427,#2428,#2429,#2430,#2431,
#2432),(#2433,#2434,#2435,#2436,#2437,#2438),(#2439,#2440,#2441,#2442,#2443,
#2444),(#2445,#2446,#2447,#2448,#2449,#2450)),.UNSPECIFIED.,.F.,.F.,.F.,
(4,4),(4,1,1,4),(0.,1.),(-1.27109319839787,-0.726338970513071,-0.363169485256536,
-8.32667268468867E-16),.UNSPECIFIED.);
#51=B_SPLINE_SURFACE_WITH_KNOTS('',3,3,((#2465,#2466,#2467,#2468,#2469),
(#2470,#2471,#2472,#2473,#2474),(#2475,#2476,#2477,#2478,#2479),(#2480,
#2481,#2482,#2483,#2484)),.UNSPECIFIED.,.F.,.F.,.F.,(4,4),(4,1,4),(0.,1.),
(-6.53904655671372E-16,0.544754227884795,1.27109319839786),
 .UNSPECIFIED.);
#52=B_SPLINE_SURFACE_WITH_KNOTS('',3,3,((#2492,#2493,#2494,#2495),(#2496,
#2497,#2498,#2499),(#2500,#2501,#2502,#2503),(#2504,#2505,#2506,#2507)),
 .UNSPECIFIED.,.F.,.F.,.F.,(4,4),(4,4),(0.,1.),(-1.34765837707484,-1.27109319839787),
 .UNSPECIFIED.);
#53=B_SPLINE_SURFACE_WITH_KNOTS('',3,3,((#2518,#2519,#2520,#2521),(#2522,
#2523,#2524,#2525),(#2526,#2527,#2528,#2529),(#2530,#2531,#2532,#2533)),
 .UNSPECIFIED.,.F.,.F.,.F.,(4,4),(4,4),(0.,1.),(1.27109319839785,1.34765837707482),
 .UNSPECIFIED.);
#54=B_SPLINE_SURFACE_WITH_KNOTS('',3,3,((#2538,#2539,#2540,#2541),(#2542,
#2543,#2544,#2545),(#2546,#2547,#2548,#2549),(#2550,#2551,#2552,#2553)),
 .UNSPECIFIED.,.F.,.F.,.F.,(4,4),(4,4),(0.,1.),(1.65775249707118,1.72926773956403),
 .UNSPECIFIED.);
#55=FACE_BOUND('',#212,.T.);
#56=FACE_BOUND('',#216,.T.);
#57=FACE_BOUND('',#224,.T.);
#58=FACE_BOUND('',#225,.T.);
#59=FACE_BOUND('',#226,.T.);
#60=FACE_BOUND('',#227,.T.);
#61=FACE_BOUND('',#230,.T.);
#62=FACE_BOUND('',#231,.T.);
#63=FACE_BOUND('',#243,.T.);
#64=FACE_BOUND('',#246,.T.);
#65=FACE_BOUND('',#247,.T.);
#66=FACE_BOUND('',#253,.T.);
#67=PLANE('',#1426);
#68=PLANE('',#1432);
#69=PLANE('',#1433);
#70=PLANE('',#1434);
#71=PLANE('',#1435);
#72=PLANE('',#1436);
#73=PLANE('',#1437);
#74=PLANE('',#1438);
#75=PLANE('',#1439);
#76=PLANE('',#1448);
#77=PLANE('',#1451);
#78=PLANE('',#1452);
#79=PLANE('',#1453);
#80=PLANE('',#1454);
#81=PLANE('',#1455);
#82=PLANE('',#1456);
#83=PLANE('',#1463);
#84=PLANE('',#1465);
#85=PLANE('',#1473);
#86=PLANE('',#1476);
#87=PLANE('',#1477);
#88=PLANE('',#1478);
#89=PLANE('',#1479);
#90=PLANE('',#1484);
#91=PLANE('',#1485);
#92=PLANE('',#1486);
#93=PLANE('',#1487);
#94=PLANE('',#1488);
#95=PLANE('',#1489);
#96=PLANE('',#1490);
#97=PLANE('',#1491);
#98=PLANE('',#1494);
#99=PLANE('',#1497);
#100=PLANE('',#1520);
#101=PLANE('',#1521);
#102=PLANE('',#1522);
#103=PLANE('',#1523);
#104=PLANE('',#1524);
#105=PLANE('',#1525);
#106=PLANE('',#1526);
#107=PLANE('',#1527);
#108=PLANE('',#1528);
#109=PLANE('',#1529);
#110=PLANE('',#1530);
#111=CYLINDRICAL_SURFACE('',#1424,3.15);
#112=CYLINDRICAL_SURFACE('',#1430,3.15);
#113=CYLINDRICAL_SURFACE('',#1459,3.);
#114=CYLINDRICAL_SURFACE('',#1466,5.25);
#115=CYLINDRICAL_SURFACE('',#1469,3.);
#116=CYLINDRICAL_SURFACE('',#1475,5.25);
#117=CYLINDRICAL_SURFACE('',#1480,7.5);
#118=CYLINDRICAL_SURFACE('',#1482,7.49999999999999);
#119=CYLINDRICAL_SURFACE('',#1492,7.5);
#120=CYLINDRICAL_SURFACE('',#1495,7.5);
#121=CYLINDRICAL_SURFACE('',#1498,1.);
#122=CYLINDRICAL_SURFACE('',#1503,1.);
#123=CYLINDRICAL_SURFACE('',#1507,1.);
#124=CYLINDRICAL_SURFACE('',#1509,1.);
#125=CYLINDRICAL_SURFACE('',#1514,1.);
#126=CYLINDRICAL_SURFACE('',#1518,1.);
#127=FACE_OUTER_BOUND('',#209,.T.);
#128=FACE_OUTER_BOUND('',#210,.T.);
#129=FACE_OUTER_BOUND('',#211,.T.);
#130=FACE_OUTER_BOUND('',#213,.T.);
#131=FACE_OUTER_BOUND('',#214,.T.);
#132=FACE_OUTER_BOUND('',#215,.T.);
#133=FACE_OUTER_BOUND('',#217,.T.);
#134=FACE_OUTER_BOUND('',#218,.T.);
#135=FACE_OUTER_BOUND('',#219,.T.);
#136=FACE_OUTER_BOUND('',#220,.T.);
#137=FACE_OUTER_BOUND('',#221,.T.);
#138=FACE_OUTER_BOUND('',#222,.T.);
#139=FACE_OUTER_BOUND('',#223,.T.);
#140=FACE_OUTER_BOUND('',#228,.T.);
#141=FACE_OUTER_BOUND('',#229,.T.);
#142=FACE_OUTER_BOUND('',#232,.T.);
#143=FACE_OUTER_BOUND('',#233,.T.);
#144=FACE_OUTER_BOUND('',#234,.T.);
#145=FACE_OUTER_BOUND('',#235,.T.);
#146=FACE_OUTER_BOUND('',#236,.T.);
#147=FACE_OUTER_BOUND('',#237,.T.);
#148=FACE_OUTER_BOUND('',#238,.T.);
#149=FACE_OUTER_BOUND('',#239,.T.);
#150=FACE_OUTER_BOUND('',#240,.T.);
#151=FACE_OUTER_BOUND('',#241,.T.);
#152=FACE_OUTER_BOUND('',#242,.T.);
#153=FACE_OUTER_BOUND('',#244,.T.);
#154=FACE_OUTER_BOUND('',#245,.T.);
#155=FACE_OUTER_BOUND('',#248,.T.);
#156=FACE_OUTER_BOUND('',#249,.T.);
#157=FACE_OUTER_BOUND('',#250,.T.);
#158=FACE_OUTER_BOUND('',#251,.T.);
#159=FACE_OUTER_BOUND('',#252,.T.);
#160=FACE_OUTER_BOUND('',#254,.T.);
#161=FACE_OUTER_BOUND('',#255,.T.);
#162=FACE_OUTER_BOUND('',#256,.T.);
#163=FACE_OUTER_BOUND('',#257,.T.);
#164=FACE_OUTER_BOUND('',#258,.T.);
#165=FACE_OUTER_BOUND('',#259,.T.);
#166=FACE_OUTER_BOUND('',#260,.T.);
#167=FACE_OUTER_BOUND('',#261,.T.);
#168=FACE_OUTER_BOUND('',#262,.T.);
#169=FACE_OUTER_BOUND('',#263,.T.);
#170=FACE_OUTER_BOUND('',#264,.T.);
#171=FACE_OUTER_BOUND('',#265,.T.);
#172=FACE_OUTER_BOUND('',#266,.T.);
#173=FACE_OUTER_BOUND('',#267,.T.);
#174=FACE_OUTER_BOUND('',#268,.T.);
#175=FACE_OUTER_BOUND('',#269,.T.);
#176=FACE_OUTER_BOUND('',#270,.T.);
#177=FACE_OUTER_BOUND('',#271,.T.);
#178=FACE_OUTER_BOUND('',#272,.T.);
#179=FACE_OUTER_BOUND('',#273,.T.);
#180=FACE_OUTER_BOUND('',#274,.T.);
#181=FACE_OUTER_BOUND('',#275,.T.);
#182=FACE_OUTER_BOUND('',#276,.T.);
#183=FACE_OUTER_BOUND('',#277,.T.);
#184=FACE_OUTER_BOUND('',#278,.T.);
#185=FACE_OUTER_BOUND('',#279,.T.);
#186=FACE_OUTER_BOUND('',#280,.T.);
#187=FACE_OUTER_BOUND('',#281,.T.);
#188=FACE_OUTER_BOUND('',#282,.T.);
#189=FACE_OUTER_BOUND('',#283,.T.);
#190=FACE_OUTER_BOUND('',#284,.T.);
#191=FACE_OUTER_BOUND('',#285,.T.);
#192=FACE_OUTER_BOUND('',#286,.T.);
#193=FACE_OUTER_BOUND('',#287,.T.);
#194=FACE_OUTER_BOUND('',#288,.T.);
#195=FACE_OUTER_BOUND('',#289,.T.);
#196=FACE_OUTER_BOUND('',#290,.T.);
#197=FACE_OUTER_BOUND('',#291,.T.);
#198=FACE_OUTER_BOUND('',#292,.T.);
#199=FACE_OUTER_BOUND('',#293,.T.);
#200=FACE_OUTER_BOUND('',#294,.T.);
#201=FACE_OUTER_BOUND('',#295,.T.);
#202=FACE_OUTER_BOUND('',#296,.T.);
#203=FACE_OUTER_BOUND('',#297,.T.);
#204=FACE_OUTER_BOUND('',#298,.T.);
#205=FACE_OUTER_BOUND('',#299,.T.);
#206=FACE_OUTER_BOUND('',#300,.T.);
#207=FACE_OUTER_BOUND('',#301,.T.);
#208=FACE_OUTER_BOUND('',#302,.T.);
#209=EDGE_LOOP('',(#925,#926,#927,#928));
#210=EDGE_LOOP('',(#929,#930,#931,#932));
#211=EDGE_LOOP('',(#933,#934,#935,#936,#937));
#212=EDGE_LOOP('',(#938));
#213=EDGE_LOOP('',(#939,#940,#941,#942));
#214=EDGE_LOOP('',(#943,#944,#945,#946));
#215=EDGE_LOOP('',(#947,#948,#949,#950,#951));
#216=EDGE_LOOP('',(#952));
#217=EDGE_LOOP('',(#953,#954,#955,#956));
#218=EDGE_LOOP('',(#957,#958,#959,#960));
#219=EDGE_LOOP('',(#961,#962,#963,#964));
#220=EDGE_LOOP('',(#965,#966,#967,#968));
#221=EDGE_LOOP('',(#969,#970,#971,#972,#973));
#222=EDGE_LOOP('',(#974,#975,#976,#977));
#223=EDGE_LOOP('',(#978,#979,#980,#981,#982,#983,#984,#985,#986,#987,#988,
#989,#990,#991,#992,#993));
#224=EDGE_LOOP('',(#994,#995,#996,#997));
#225=EDGE_LOOP('',(#998));
#226=EDGE_LOOP('',(#999));
#227=EDGE_LOOP('',(#1000,#1001,#1002,#1003));
#228=EDGE_LOOP('',(#1004,#1005,#1006,#1007));
#229=EDGE_LOOP('',(#1008,#1009,#1010,#1011));
#230=EDGE_LOOP('',(#1012));
#231=EDGE_LOOP('',(#1013));
#232=EDGE_LOOP('',(#1014,#1015,#1016,#1017));
#233=EDGE_LOOP('',(#1018,#1019,#1020,#1021));
#234=EDGE_LOOP('',(#1022,#1023,#1024,#1025));
#235=EDGE_LOOP('',(#1026,#1027,#1028,#1029));
#236=EDGE_LOOP('',(#1030,#1031,#1032,#1033));
#237=EDGE_LOOP('',(#1034,#1035,#1036,#1037,#1038));
#238=EDGE_LOOP('',(#1039,#1040,#1041,#1042));
#239=EDGE_LOOP('',(#1043,#1044,#1045,#1046));
#240=EDGE_LOOP('',(#1047,#1048,#1049,#1050));
#241=EDGE_LOOP('',(#1051,#1052,#1053,#1054));
#242=EDGE_LOOP('',(#1055));
#243=EDGE_LOOP('',(#1056));
#244=EDGE_LOOP('',(#1057,#1058,#1059,#1060,#1061));
#245=EDGE_LOOP('',(#1062,#1063,#1064,#1065,#1066,#1067,#1068,#1069,#1070,
#1071,#1072,#1073));
#246=EDGE_LOOP('',(#1074));
#247=EDGE_LOOP('',(#1075));
#248=EDGE_LOOP('',(#1076,#1077,#1078,#1079,#1080));
#249=EDGE_LOOP('',(#1081,#1082,#1083,#1084));
#250=EDGE_LOOP('',(#1085,#1086,#1087,#1088));
#251=EDGE_LOOP('',(#1089,#1090,#1091,#1092));
#252=EDGE_LOOP('',(#1093));
#253=EDGE_LOOP('',(#1094));
#254=EDGE_LOOP('',(#1095,#1096,#1097,#1098,#1099));
#255=EDGE_LOOP('',(#1100,#1101,#1102,#1103,#1104));
#256=EDGE_LOOP('',(#1105,#1106,#1107,#1108));
#257=EDGE_LOOP('',(#1109,#1110,#1111,#1112));
#258=EDGE_LOOP('',(#1113,#1114,#1115,#1116));
#259=EDGE_LOOP('',(#1117,#1118,#1119,#1120));
#260=EDGE_LOOP('',(#1121,#1122,#1123,#1124));
#261=EDGE_LOOP('',(#1125,#1126,#1127,#1128));
#262=EDGE_LOOP('',(#1129,#1130,#1131,#1132));
#263=EDGE_LOOP('',(#1133,#1134,#1135,#1136));
#264=EDGE_LOOP('',(#1137,#1138,#1139,#1140));
#265=EDGE_LOOP('',(#1141,#1142,#1143,#1144));
#266=EDGE_LOOP('',(#1145,#1146,#1147,#1148));
#267=EDGE_LOOP('',(#1149,#1150,#1151,#1152));
#268=EDGE_LOOP('',(#1153,#1154,#1155,#1156,#1157));
#269=EDGE_LOOP('',(#1158,#1159,#1160,#1161,#1162));
#270=EDGE_LOOP('',(#1163,#1164,#1165,#1166));
#271=EDGE_LOOP('',(#1167,#1168,#1169,#1170,#1171,#1172));
#272=EDGE_LOOP('',(#1173,#1174,#1175,#1176));
#273=EDGE_LOOP('',(#1177,#1178,#1179,#1180));
#274=EDGE_LOOP('',(#1181,#1182,#1183,#1184));
#275=EDGE_LOOP('',(#1185,#1186,#1187,#1188,#1189,#1190,#1191,#1192,#1193,
#1194,#1195));
#276=EDGE_LOOP('',(#1196,#1197,#1198,#1199));
#277=EDGE_LOOP('',(#1200,#1201,#1202,#1203));
#278=EDGE_LOOP('',(#1204,#1205,#1206,#1207));
#279=EDGE_LOOP('',(#1208,#1209,#1210,#1211));
#280=EDGE_LOOP('',(#1212,#1213,#1214,#1215));
#281=EDGE_LOOP('',(#1216,#1217,#1218,#1219,#1220,#1221,#1222,#1223,#1224,
#1225,#1226));
#282=EDGE_LOOP('',(#1227,#1228,#1229,#1230));
#283=EDGE_LOOP('',(#1231,#1232,#1233,#1234));
#284=EDGE_LOOP('',(#1235,#1236,#1237,#1238));
#285=EDGE_LOOP('',(#1239,#1240,#1241,#1242));
#286=EDGE_LOOP('',(#1243,#1244,#1245,#1246));
#287=EDGE_LOOP('',(#1247,#1248,#1249,#1250));
#288=EDGE_LOOP('',(#1251,#1252,#1253,#1254));
#289=EDGE_LOOP('',(#1255,#1256,#1257,#1258));
#290=EDGE_LOOP('',(#1259,#1260,#1261,#1262));
#291=EDGE_LOOP('',(#1263,#1264,#1265,#1266));
#292=EDGE_LOOP('',(#1267,#1268,#1269,#1270));
#293=EDGE_LOOP('',(#1271,#1272,#1273,#1274));
#294=EDGE_LOOP('',(#1275,#1276,#1277,#1278));
#295=EDGE_LOOP('',(#1279,#1280,#1281,#1282));
#296=EDGE_LOOP('',(#1283,#1284,#1285,#1286));
#297=EDGE_LOOP('',(#1287,#1288,#1289,#1290));
#298=EDGE_LOOP('',(#1291,#1292,#1293,#1294,#1295));
#299=EDGE_LOOP('',(#1296,#1297,#1298,#1299,#1300));
#300=EDGE_LOOP('',(#1301,#1302,#1303,#1304,#1305,#1306));
#301=EDGE_LOOP('',(#1307,#1308,#1309,#1310,#1311));
#302=EDGE_LOOP('',(#1312,#1313,#1314,#1315,#1316));
#303=LINE('',#1894,#439);
#304=LINE('',#1899,#440);
#305=LINE('',#1903,#441);
#306=LINE('',#1905,#442);
#307=LINE('',#1907,#443);
#308=LINE('',#1909,#444);
#309=LINE('',#1910,#445);
#310=LINE('',#1915,#446);
#311=LINE('',#1920,#447);
#312=LINE('',#1924,#448);
#313=LINE('',#1926,#449);
#314=LINE('',#1928,#450);
#315=LINE('',#1930,#451);
#316=LINE('',#1931,#452);
#317=LINE('',#1935,#453);
#318=LINE('',#1937,#454);
#319=LINE('',#1938,#455);
#320=LINE('',#1939,#456);
#321=LINE('',#1943,#457);
#322=LINE('',#1944,#458);
#323=LINE('',#1946,#459);
#324=LINE('',#1947,#460);
#325=LINE('',#1949,#461);
#326=LINE('',#1951,#462);
#327=LINE('',#1952,#463);
#328=LINE('',#1955,#464);
#329=LINE('',#1957,#465);
#330=LINE('',#1959,#466);
#331=LINE('',#1960,#467);
#332=LINE('',#1962,#468);
#333=LINE('',#1966,#469);
#334=LINE('',#1968,#470);
#335=LINE('',#1970,#471);
#336=LINE('',#1972,#472);
#337=LINE('',#1974,#473);
#338=LINE('',#1978,#474);
#339=LINE('',#1982,#475);
#340=LINE('',#1984,#476);
#341=LINE('',#1986,#477);
#342=LINE('',#1988,#478);
#343=LINE('',#1990,#479);
#344=LINE('',#1994,#480);
#345=LINE('',#1998,#481);
#346=LINE('',#2000,#482);
#347=LINE('',#2002,#483);
#348=LINE('',#2003,#484);
#349=LINE('',#2011,#485);
#350=LINE('',#2015,#486);
#351=LINE('',#2017,#487);
#352=LINE('',#2019,#488);
#353=LINE('',#2020,#489);
#354=LINE('',#2024,#490);
#355=LINE('',#2027,#491);
#356=LINE('',#2028,#492);
#357=LINE('',#2029,#493);
#358=LINE('',#2031,#494);
#359=LINE('',#2033,#495);
#360=LINE('',#2034,#496);
#361=LINE('',#2037,#497);
#362=LINE('',#2040,#498);
#363=LINE('',#2042,#499);
#364=LINE('',#2044,#500);
#365=LINE('',#2045,#501);
#366=LINE('',#2047,#502);
#367=LINE('',#2050,#503);
#368=LINE('',#2055,#504);
#369=LINE('',#2058,#505);
#370=LINE('',#2121,#506);
#371=LINE('',#2158,#507);
#372=LINE('',#2173,#508);
#373=LINE('',#2188,#509);
#374=LINE('',#2202,#510);
#375=LINE('',#2229,#511);
#376=LINE('',#2232,#512);
#377=LINE('',#2237,#513);
#378=LINE('',#2240,#514);
#379=LINE('',#2302,#515);
#380=LINE('',#2323,#516);
#381=LINE('',#2352,#517);
#382=LINE('',#2354,#518);
#383=LINE('',#2391,#519);
#384=LINE('',#2392,#520);
#385=LINE('',#2403,#521);
#386=LINE('',#2405,#522);
#387=LINE('',#2406,#523);
#388=LINE('',#2452,#524);
#389=LINE('',#2460,#525);
#390=LINE('',#2463,#526);
#391=LINE('',#2464,#527);
#392=LINE('',#2486,#528);
#393=LINE('',#2514,#529);
#394=LINE('',#2516,#530);
#395=LINE('',#2517,#531);
#396=LINE('',#2561,#532);
#397=LINE('',#2564,#533);
#398=LINE('',#2569,#534);
#399=LINE('',#2571,#535);
#400=LINE('',#2573,#536);
#401=LINE('',#2574,#537);
#402=LINE('',#2577,#538);
#403=LINE('',#2579,#539);
#404=LINE('',#2580,#540);
#405=LINE('',#2581,#541);
#406=LINE('',#2584,#542);
#407=LINE('',#2585,#543);
#408=LINE('',#2588,#544);
#409=LINE('',#2589,#545);
#410=LINE('',#2593,#546);
#411=LINE('',#2595,#547);
#412=LINE('',#2597,#548);
#413=LINE('',#2598,#549);
#414=LINE('',#2601,#550);
#415=LINE('',#2603,#551);
#416=LINE('',#2604,#552);
#417=LINE('',#2606,#553);
#418=LINE('',#2608,#554);
#419=LINE('',#2610,#555);
#420=LINE('',#2611,#556);
#421=LINE('',#2614,#557);
#422=LINE('',#2615,#558);
#423=LINE('',#2618,#559);
#424=LINE('',#2619,#560);
#425=LINE('',#2622,#561);
#426=LINE('',#2626,#562);
#427=LINE('',#2627,#563);
#428=LINE('',#2630,#564);
#429=LINE('',#2634,#565);
#430=LINE('',#2635,#566);
#431=LINE('',#2637,#567);
#432=LINE('',#2638,#568);
#433=LINE('',#2662,#569);
#434=LINE('',#2663,#570);
#435=LINE('',#2667,#571);
#436=LINE('',#2668,#572);
#437=LINE('',#2672,#573);
#438=LINE('',#2674,#574);
#439=VECTOR('',#1537,3.4);
#440=VECTOR('',#1544,3.15);
#441=VECTOR('',#1547,10.);
#442=VECTOR('',#1548,10.);
#443=VECTOR('',#1549,10.);
#444=VECTOR('',#1550,10.);
#445=VECTOR('',#1551,10.);
#446=VECTOR('',#1556,3.4);
#447=VECTOR('',#1563,3.15);
#448=VECTOR('',#1566,10.);
#449=VECTOR('',#1567,10.);
#450=VECTOR('',#1568,10.);
#451=VECTOR('',#1569,10.);
#452=VECTOR('',#1570,10.);
#453=VECTOR('',#1573,10.);
#454=VECTOR('',#1574,10.);
#455=VECTOR('',#1575,10.);
#456=VECTOR('',#1576,10.);
#457=VECTOR('',#1579,10.);
#458=VECTOR('',#1580,10.);
#459=VECTOR('',#1581,10.);
#460=VECTOR('',#1582,10.);
#461=VECTOR('',#1585,10.);
#462=VECTOR('',#1588,10.);
#463=VECTOR('',#1589,10.);
#464=VECTOR('',#1592,10.);
#465=VECTOR('',#1593,10.);
#466=VECTOR('',#1594,10.);
#467=VECTOR('',#1595,10.);
#468=VECTOR('',#1598,10.);
#469=VECTOR('',#1601,10.);
#470=VECTOR('',#1602,10.);
#471=VECTOR('',#1603,10.);
#472=VECTOR('',#1604,10.);
#473=VECTOR('',#1605,10.);
#474=VECTOR('',#1608,10.);
#475=VECTOR('',#1611,10.);
#476=VECTOR('',#1612,10.);
#477=VECTOR('',#1613,10.);
#478=VECTOR('',#1614,10.);
#479=VECTOR('',#1615,10.);
#480=VECTOR('',#1618,10.);
#481=VECTOR('',#1621,10.);
#482=VECTOR('',#1622,10.);
#483=VECTOR('',#1623,10.);
#484=VECTOR('',#1624,10.);
#485=VECTOR('',#1633,3.4);
#486=VECTOR('',#1636,10.);
#487=VECTOR('',#1637,10.);
#488=VECTOR('',#1638,10.);
#489=VECTOR('',#1639,10.);
#490=VECTOR('',#1644,3.4);
#491=VECTOR('',#1647,10.);
#492=VECTOR('',#1648,10.);
#493=VECTOR('',#1649,10.);
#494=VECTOR('',#1652,10.);
#495=VECTOR('',#1653,10.);
#496=VECTOR('',#1654,10.);
#497=VECTOR('',#1659,10.);
#498=VECTOR('',#1662,10.);
#499=VECTOR('',#1663,10.);
#500=VECTOR('',#1664,10.);
#501=VECTOR('',#1665,10.);
#502=VECTOR('',#1668,10.);
#503=VECTOR('',#1671,3.25);
#504=VECTOR('',#1678,3.);
#505=VECTOR('',#1681,3.25);
#506=VECTOR('',#1688,10.);
#507=VECTOR('',#1691,10.);
#508=VECTOR('',#1692,10.);
#509=VECTOR('',#1693,10.);
#510=VECTOR('',#1694,10.);
#511=VECTOR('',#1697,5.25);
#512=VECTOR('',#1700,3.25);
#513=VECTOR('',#1707,3.);
#514=VECTOR('',#1710,3.25);
#515=VECTOR('',#1717,10.);
#516=VECTOR('',#1720,5.25);
#517=VECTOR('',#1721,10.);
#518=VECTOR('',#1722,10.);
#519=VECTOR('',#1723,10.);
#520=VECTOR('',#1724,10.);
#521=VECTOR('',#1729,10.);
#522=VECTOR('',#1730,10.);
#523=VECTOR('',#1731,10.);
#524=VECTOR('',#1732,10.);
#525=VECTOR('',#1733,10.);
#526=VECTOR('',#1736,10.);
#527=VECTOR('',#1737,10.);
#528=VECTOR('',#1738,10.);
#529=VECTOR('',#1741,10.);
#530=VECTOR('',#1742,10.);
#531=VECTOR('',#1743,10.);
#532=VECTOR('',#1748,10.);
#533=VECTOR('',#1751,10.);
#534=VECTOR('',#1756,10.);
#535=VECTOR('',#1757,10.);
#536=VECTOR('',#1758,10.);
#537=VECTOR('',#1759,10.);
#538=VECTOR('',#1762,10.);
#539=VECTOR('',#1763,10.);
#540=VECTOR('',#1764,10.);
#541=VECTOR('',#1765,10.);
#542=VECTOR('',#1768,10.);
#543=VECTOR('',#1769,10.);
#544=VECTOR('',#1772,10.);
#545=VECTOR('',#1773,10.);
#546=VECTOR('',#1776,10.);
#547=VECTOR('',#1777,10.);
#548=VECTOR('',#1778,10.);
#549=VECTOR('',#1779,10.);
#550=VECTOR('',#1782,10.);
#551=VECTOR('',#1783,10.);
#552=VECTOR('',#1784,10.);
#553=VECTOR('',#1785,10.);
#554=VECTOR('',#1786,10.);
#555=VECTOR('',#1787,10.);
#556=VECTOR('',#1788,10.);
#557=VECTOR('',#1791,10.);
#558=VECTOR('',#1792,10.);
#559=VECTOR('',#1795,10.);
#560=VECTOR('',#1796,10.);
#561=VECTOR('',#1799,10.);
#562=VECTOR('',#1804,10.);
#563=VECTOR('',#1805,10.);
#564=VECTOR('',#1808,10.);
#565=VECTOR('',#1813,10.);
#566=VECTOR('',#1814,10.);
#567=VECTOR('',#1815,10.);
#568=VECTOR('',#1816,10.);
#569=VECTOR('',#1863,10.);
#570=VECTOR('',#1864,10.);
#571=VECTOR('',#1871,10.);
#572=VECTOR('',#1872,10.);
#573=VECTOR('',#1879,10.);
#574=VECTOR('',#1882,10.);
#575=CIRCLE('',#1422,3.65);
#576=CIRCLE('',#1423,3.15);
#577=CIRCLE('',#1425,3.15);
#578=CIRCLE('',#1428,3.65);
#579=CIRCLE('',#1429,3.15);
#580=CIRCLE('',#1431,3.15);
#581=CIRCLE('',#1440,6.5);
#582=CIRCLE('',#1441,6.49999999999999);
#583=CIRCLE('',#1442,6.5);
#584=CIRCLE('',#1443,6.5);
#585=CIRCLE('',#1444,3.5);
#586=CIRCLE('',#1445,3.5);
#587=CIRCLE('',#1447,3.65);
#588=CIRCLE('',#1449,3.65);
#589=CIRCLE('',#1458,3.);
#590=CIRCLE('',#1460,3.);
#591=CIRCLE('',#1462,3.5);
#592=CIRCLE('',#1464,5.25);
#593=CIRCLE('',#1468,3.);
#594=CIRCLE('',#1470,3.);
#595=CIRCLE('',#1472,3.5);
#596=CIRCLE('',#1474,5.25);
#597=CIRCLE('',#1481,7.5);
#598=CIRCLE('',#1483,7.49999999999999);
#599=CIRCLE('',#1493,7.5);
#600=CIRCLE('',#1496,7.5);
#601=CIRCLE('',#1499,1.);
#602=CIRCLE('',#1502,0.999999999999996);
#603=CIRCLE('',#1504,0.999999999999996);
#604=CIRCLE('',#1506,1.);
#605=CIRCLE('',#1510,0.999999999999992);
#606=CIRCLE('',#1513,1.00000000000001);
#607=CIRCLE('',#1515,0.999999999999988);
#608=CIRCLE('',#1517,1.);
#609=VERTEX_POINT('',#1891);
#610=VERTEX_POINT('',#1893);
#611=VERTEX_POINT('',#1897);
#612=VERTEX_POINT('',#1901);
#613=VERTEX_POINT('',#1902);
#614=VERTEX_POINT('',#1904);
#615=VERTEX_POINT('',#1906);
#616=VERTEX_POINT('',#1908);
#617=VERTEX_POINT('',#1912);
#618=VERTEX_POINT('',#1914);
#619=VERTEX_POINT('',#1918);
#620=VERTEX_POINT('',#1922);
#621=VERTEX_POINT('',#1923);
#622=VERTEX_POINT('',#1925);
#623=VERTEX_POINT('',#1927);
#624=VERTEX_POINT('',#1929);
#625=VERTEX_POINT('',#1933);
#626=VERTEX_POINT('',#1934);
#627=VERTEX_POINT('',#1936);
#628=VERTEX_POINT('',#1941);
#629=VERTEX_POINT('',#1942);
#630=VERTEX_POINT('',#1945);
#631=VERTEX_POINT('',#1954);
#632=VERTEX_POINT('',#1956);
#633=VERTEX_POINT('',#1958);
#634=VERTEX_POINT('',#1964);
#635=VERTEX_POINT('',#1965);
#636=VERTEX_POINT('',#1967);
#637=VERTEX_POINT('',#1969);
#638=VERTEX_POINT('',#1971);
#639=VERTEX_POINT('',#1973);
#640=VERTEX_POINT('',#1975);
#641=VERTEX_POINT('',#1977);
#642=VERTEX_POINT('',#1979);
#643=VERTEX_POINT('',#1981);
#644=VERTEX_POINT('',#1983);
#645=VERTEX_POINT('',#1985);
#646=VERTEX_POINT('',#1987);
#647=VERTEX_POINT('',#1989);
#648=VERTEX_POINT('',#1991);
#649=VERTEX_POINT('',#1993);
#650=VERTEX_POINT('',#1996);
#651=VERTEX_POINT('',#1997);
#652=VERTEX_POINT('',#1999);
#653=VERTEX_POINT('',#2001);
#654=VERTEX_POINT('',#2004);
#655=VERTEX_POINT('',#2006);
#656=VERTEX_POINT('',#2009);
#657=VERTEX_POINT('',#2013);
#658=VERTEX_POINT('',#2014);
#659=VERTEX_POINT('',#2016);
#660=VERTEX_POINT('',#2018);
#661=VERTEX_POINT('',#2021);
#662=VERTEX_POINT('',#2026);
#663=VERTEX_POINT('',#2032);
#664=VERTEX_POINT('',#2039);
#665=VERTEX_POINT('',#2041);
#666=VERTEX_POINT('',#2043);
#667=VERTEX_POINT('',#2049);
#668=VERTEX_POINT('',#2053);
#669=VERTEX_POINT('',#2057);
#670=VERTEX_POINT('',#2061);
#671=VERTEX_POINT('',#2119);
#672=VERTEX_POINT('',#2120);
#673=VERTEX_POINT('',#2122);
#674=VERTEX_POINT('',#2156);
#675=VERTEX_POINT('',#2157);
#676=VERTEX_POINT('',#2159);
#677=VERTEX_POINT('',#2164);
#678=VERTEX_POINT('',#2172);
#679=VERTEX_POINT('',#2174);
#680=VERTEX_POINT('',#2182);
#681=VERTEX_POINT('',#2187);
#682=VERTEX_POINT('',#2189);
#683=VERTEX_POINT('',#2194);
#684=VERTEX_POINT('',#2201);
#685=VERTEX_POINT('',#2203);
#686=VERTEX_POINT('',#2213);
#687=VERTEX_POINT('',#2231);
#688=VERTEX_POINT('',#2235);
#689=VERTEX_POINT('',#2239);
#690=VERTEX_POINT('',#2243);
#691=VERTEX_POINT('',#2301);
#692=VERTEX_POINT('',#2303);
#693=VERTEX_POINT('',#2353);
#694=VERTEX_POINT('',#2390);
#695=VERTEX_POINT('',#2402);
#696=VERTEX_POINT('',#2404);
#697=VERTEX_POINT('',#2451);
#698=VERTEX_POINT('',#2453);
#699=VERTEX_POINT('',#2462);
#700=VERTEX_POINT('',#2485);
#701=VERTEX_POINT('',#2513);
#702=VERTEX_POINT('',#2515);
#703=VERTEX_POINT('',#2559);
#704=VERTEX_POINT('',#2563);
#705=VERTEX_POINT('',#2567);
#706=VERTEX_POINT('',#2568);
#707=VERTEX_POINT('',#2570);
#708=VERTEX_POINT('',#2572);
#709=VERTEX_POINT('',#2576);
#710=VERTEX_POINT('',#2578);
#711=VERTEX_POINT('',#2583);
#712=VERTEX_POINT('',#2587);
#713=VERTEX_POINT('',#2591);
#714=VERTEX_POINT('',#2592);
#715=VERTEX_POINT('',#2594);
#716=VERTEX_POINT('',#2596);
#717=VERTEX_POINT('',#2600);
#718=VERTEX_POINT('',#2602);
#719=VERTEX_POINT('',#2605);
#720=VERTEX_POINT('',#2607);
#721=VERTEX_POINT('',#2609);
#722=VERTEX_POINT('',#2613);
#723=VERTEX_POINT('',#2617);
#724=VERTEX_POINT('',#2621);
#725=VERTEX_POINT('',#2625);
#726=VERTEX_POINT('',#2629);
#727=VERTEX_POINT('',#2633);
#728=VERTEX_POINT('',#2636);
#729=EDGE_CURVE('',#609,#609,#575,.T.);
#730=EDGE_CURVE('',#609,#610,#303,.T.);
#731=EDGE_CURVE('',#610,#610,#576,.T.);
#732=EDGE_CURVE('',#611,#611,#577,.T.);
#733=EDGE_CURVE('',#611,#610,#304,.T.);
#734=EDGE_CURVE('',#612,#613,#305,.T.);
#735=EDGE_CURVE('',#612,#614,#306,.T.);
#736=EDGE_CURVE('',#614,#615,#307,.T.);
#737=EDGE_CURVE('',#615,#616,#308,.T.);
#738=EDGE_CURVE('',#616,#613,#309,.T.);
#739=EDGE_CURVE('',#617,#617,#578,.T.);
#740=EDGE_CURVE('',#617,#618,#310,.T.);
#741=EDGE_CURVE('',#618,#618,#579,.T.);
#742=EDGE_CURVE('',#619,#619,#580,.T.);
#743=EDGE_CURVE('',#619,#618,#311,.T.);
#744=EDGE_CURVE('',#620,#621,#312,.T.);
#745=EDGE_CURVE('',#620,#622,#313,.T.);
#746=EDGE_CURVE('',#622,#623,#314,.T.);
#747=EDGE_CURVE('',#623,#624,#315,.T.);
#748=EDGE_CURVE('',#624,#621,#316,.T.);
#749=EDGE_CURVE('',#625,#626,#317,.T.);
#750=EDGE_CURVE('',#626,#627,#318,.T.);
#751=EDGE_CURVE('',#627,#620,#319,.T.);
#752=EDGE_CURVE('',#620,#625,#320,.T.);
#753=EDGE_CURVE('',#628,#629,#321,.T.);
#754=EDGE_CURVE('',#629,#621,#322,.T.);
#755=EDGE_CURVE('',#621,#630,#323,.T.);
#756=EDGE_CURVE('',#630,#628,#324,.T.);
#757=EDGE_CURVE('',#629,#625,#325,.T.);
#758=EDGE_CURVE('',#626,#628,#326,.T.);
#759=EDGE_CURVE('',#630,#627,#327,.T.);
#760=EDGE_CURVE('',#631,#630,#328,.T.);
#761=EDGE_CURVE('',#632,#631,#329,.T.);
#762=EDGE_CURVE('',#633,#632,#330,.T.);
#763=EDGE_CURVE('',#627,#633,#331,.T.);
#764=EDGE_CURVE('',#624,#631,#332,.T.);
#765=EDGE_CURVE('',#634,#635,#333,.T.);
#766=EDGE_CURVE('',#634,#636,#334,.T.);
#767=EDGE_CURVE('',#636,#637,#335,.T.);
#768=EDGE_CURVE('',#637,#638,#336,.T.);
#769=EDGE_CURVE('',#639,#638,#337,.T.);
#770=EDGE_CURVE('',#640,#639,#581,.T.);
#771=EDGE_CURVE('',#641,#640,#338,.T.);
#772=EDGE_CURVE('',#642,#641,#582,.T.);
#773=EDGE_CURVE('',#643,#642,#339,.T.);
#774=EDGE_CURVE('',#643,#644,#340,.T.);
#775=EDGE_CURVE('',#644,#645,#341,.T.);
#776=EDGE_CURVE('',#645,#646,#342,.T.);
#777=EDGE_CURVE('',#647,#646,#343,.T.);
#778=EDGE_CURVE('',#648,#647,#583,.T.);
#779=EDGE_CURVE('',#649,#648,#344,.T.);
#780=EDGE_CURVE('',#635,#649,#584,.T.);
#781=EDGE_CURVE('',#650,#651,#345,.T.);
#782=EDGE_CURVE('',#652,#650,#346,.T.);
#783=EDGE_CURVE('',#653,#652,#347,.T.);
#784=EDGE_CURVE('',#651,#653,#348,.T.);
#785=EDGE_CURVE('',#654,#654,#585,.T.);
#786=EDGE_CURVE('',#655,#655,#586,.T.);
#787=EDGE_CURVE('',#656,#656,#587,.T.);
#788=EDGE_CURVE('',#656,#619,#349,.T.);
#789=EDGE_CURVE('',#657,#658,#350,.T.);
#790=EDGE_CURVE('',#659,#657,#351,.T.);
#791=EDGE_CURVE('',#660,#659,#352,.T.);
#792=EDGE_CURVE('',#658,#660,#353,.T.);
#793=EDGE_CURVE('',#661,#661,#588,.T.);
#794=EDGE_CURVE('',#661,#611,#354,.T.);
#795=EDGE_CURVE('',#652,#662,#355,.T.);
#796=EDGE_CURVE('',#662,#612,#356,.T.);
#797=EDGE_CURVE('',#612,#653,#357,.T.);
#798=EDGE_CURVE('',#651,#613,#358,.T.);
#799=EDGE_CURVE('',#613,#663,#359,.T.);
#800=EDGE_CURVE('',#663,#650,#360,.T.);
#801=EDGE_CURVE('',#663,#662,#361,.T.);
#802=EDGE_CURVE('',#664,#663,#362,.T.);
#803=EDGE_CURVE('',#665,#664,#363,.T.);
#804=EDGE_CURVE('',#666,#665,#364,.T.);
#805=EDGE_CURVE('',#662,#666,#365,.T.);
#806=EDGE_CURVE('',#616,#664,#366,.T.);
#807=EDGE_CURVE('',#655,#667,#367,.T.);
#808=EDGE_CURVE('',#667,#667,#589,.T.);
#809=EDGE_CURVE('',#668,#668,#590,.T.);
#810=EDGE_CURVE('',#668,#667,#368,.T.);
#811=EDGE_CURVE('',#668,#669,#369,.T.);
#812=EDGE_CURVE('',#669,#669,#591,.T.);
#813=EDGE_CURVE('',#670,#670,#592,.T.);
#814=EDGE_CURVE('',#671,#672,#370,.T.);
#815=EDGE_CURVE('',#672,#673,#23,.T.);
#816=EDGE_CURVE('',#673,#672,#24,.T.);
#817=EDGE_CURVE('',#671,#671,#25,.T.);
#818=EDGE_CURVE('',#674,#675,#371,.T.);
#819=EDGE_CURVE('',#676,#674,#26,.T.);
#820=EDGE_CURVE('',#677,#676,#27,.T.);
#821=EDGE_CURVE('',#678,#677,#372,.T.);
#822=EDGE_CURVE('',#679,#678,#28,.T.);
#823=EDGE_CURVE('',#680,#679,#29,.T.);
#824=EDGE_CURVE('',#681,#680,#373,.T.);
#825=EDGE_CURVE('',#682,#681,#30,.T.);
#826=EDGE_CURVE('',#683,#682,#31,.T.);
#827=EDGE_CURVE('',#684,#683,#374,.T.);
#828=EDGE_CURVE('',#685,#684,#32,.T.);
#829=EDGE_CURVE('',#675,#685,#33,.T.);
#830=EDGE_CURVE('',#686,#686,#34,.T.);
#831=EDGE_CURVE('',#670,#673,#375,.T.);
#832=EDGE_CURVE('',#654,#687,#376,.T.);
#833=EDGE_CURVE('',#687,#687,#593,.T.);
#834=EDGE_CURVE('',#688,#688,#594,.T.);
#835=EDGE_CURVE('',#688,#687,#377,.T.);
#836=EDGE_CURVE('',#688,#689,#378,.T.);
#837=EDGE_CURVE('',#689,#689,#595,.T.);
#838=EDGE_CURVE('',#690,#690,#596,.T.);
#839=EDGE_CURVE('',#686,#691,#379,.T.);
#840=EDGE_CURVE('',#691,#692,#35,.T.);
#841=EDGE_CURVE('',#692,#691,#36,.T.);
#842=EDGE_CURVE('',#690,#692,#380,.T.);
#843=EDGE_CURVE('',#657,#677,#381,.T.);
#844=EDGE_CURVE('',#676,#693,#382,.T.);
#845=EDGE_CURVE('',#693,#657,#37,.T.);
#846=EDGE_CURVE('',#694,#679,#383,.T.);
#847=EDGE_CURVE('',#678,#658,#384,.T.);
#848=EDGE_CURVE('',#658,#694,#38,.T.);
#849=EDGE_CURVE('',#680,#695,#385,.T.);
#850=EDGE_CURVE('',#695,#696,#386,.T.);
#851=EDGE_CURVE('',#696,#681,#387,.T.);
#852=EDGE_CURVE('',#694,#695,#39,.T.);
#853=EDGE_CURVE('',#682,#697,#388,.T.);
#854=EDGE_CURVE('',#697,#698,#40,.T.);
#855=EDGE_CURVE('',#698,#683,#389,.T.);
#856=EDGE_CURVE('',#699,#684,#390,.T.);
#857=EDGE_CURVE('',#698,#699,#391,.T.);
#858=EDGE_CURVE('',#700,#685,#392,.T.);
#859=EDGE_CURVE('',#699,#700,#41,.T.);
#860=EDGE_CURVE('',#696,#697,#42,.T.);
#861=EDGE_CURVE('',#701,#674,#393,.T.);
#862=EDGE_CURVE('',#675,#702,#394,.T.);
#863=EDGE_CURVE('',#702,#701,#395,.T.);
#864=EDGE_CURVE('',#700,#702,#43,.T.);
#865=EDGE_CURVE('',#701,#693,#44,.T.);
#866=EDGE_CURVE('',#703,#660,#597,.T.);
#867=EDGE_CURVE('',#703,#695,#396,.T.);
#868=EDGE_CURVE('',#704,#701,#397,.T.);
#869=EDGE_CURVE('',#659,#704,#598,.T.);
#870=EDGE_CURVE('',#705,#706,#398,.T.);
#871=EDGE_CURVE('',#706,#707,#399,.T.);
#872=EDGE_CURVE('',#707,#708,#400,.T.);
#873=EDGE_CURVE('',#708,#705,#401,.T.);
#874=EDGE_CURVE('',#709,#707,#402,.T.);
#875=EDGE_CURVE('',#710,#709,#403,.T.);
#876=EDGE_CURVE('',#637,#710,#404,.T.);
#877=EDGE_CURVE('',#636,#708,#405,.T.);
#878=EDGE_CURVE('',#706,#711,#406,.T.);
#879=EDGE_CURVE('',#709,#711,#407,.T.);
#880=EDGE_CURVE('',#711,#712,#408,.T.);
#881=EDGE_CURVE('',#712,#710,#409,.T.);
#882=EDGE_CURVE('',#713,#714,#410,.T.);
#883=EDGE_CURVE('',#714,#715,#411,.T.);
#884=EDGE_CURVE('',#715,#716,#412,.T.);
#885=EDGE_CURVE('',#716,#713,#413,.T.);
#886=EDGE_CURVE('',#717,#700,#414,.T.);
#887=EDGE_CURVE('',#718,#717,#415,.T.);
#888=EDGE_CURVE('',#718,#716,#416,.T.);
#889=EDGE_CURVE('',#719,#715,#417,.T.);
#890=EDGE_CURVE('',#720,#719,#418,.T.);
#891=EDGE_CURVE('',#721,#720,#419,.T.);
#892=EDGE_CURVE('',#704,#721,#420,.T.);
#893=EDGE_CURVE('',#714,#722,#421,.T.);
#894=EDGE_CURVE('',#719,#722,#422,.T.);
#895=EDGE_CURVE('',#722,#723,#423,.T.);
#896=EDGE_CURVE('',#723,#720,#424,.T.);
#897=EDGE_CURVE('',#724,#699,#425,.T.);
#898=EDGE_CURVE('',#717,#724,#599,.T.);
#899=EDGE_CURVE('',#725,#698,#426,.T.);
#900=EDGE_CURVE('',#724,#725,#427,.T.);
#901=EDGE_CURVE('',#726,#697,#428,.T.);
#902=EDGE_CURVE('',#725,#726,#600,.T.);
#903=EDGE_CURVE('',#727,#703,#429,.T.);
#904=EDGE_CURVE('',#727,#712,#430,.T.);
#905=EDGE_CURVE('',#728,#705,#431,.T.);
#906=EDGE_CURVE('',#726,#728,#432,.T.);
#907=EDGE_CURVE('',#717,#647,#601,.T.);
#908=EDGE_CURVE('',#646,#718,#19,.F.);
#909=EDGE_CURVE('',#724,#648,#602,.T.);
#910=EDGE_CURVE('',#725,#649,#603,.T.);
#911=EDGE_CURVE('',#726,#635,#604,.T.);
#912=EDGE_CURVE('',#728,#634,#20,.F.);
#913=EDGE_CURVE('',#703,#639,#605,.T.);
#914=EDGE_CURVE('',#638,#727,#21,.F.);
#915=EDGE_CURVE('',#660,#640,#606,.T.);
#916=EDGE_CURVE('',#659,#641,#607,.T.);
#917=EDGE_CURVE('',#704,#642,#608,.T.);
#918=EDGE_CURVE('',#721,#643,#22,.F.);
#919=EDGE_CURVE('',#622,#633,#433,.T.);
#920=EDGE_CURVE('',#623,#632,#434,.T.);
#921=EDGE_CURVE('',#614,#666,#435,.T.);
#922=EDGE_CURVE('',#615,#665,#436,.T.);
#923=EDGE_CURVE('',#645,#713,#437,.T.);
#924=EDGE_CURVE('',#644,#723,#438,.T.);
#925=ORIENTED_EDGE('',*,*,#729,.T.);
#926=ORIENTED_EDGE('',*,*,#730,.T.);
#927=ORIENTED_EDGE('',*,*,#731,.T.);
#928=ORIENTED_EDGE('',*,*,#730,.F.);
#929=ORIENTED_EDGE('',*,*,#732,.F.);
#930=ORIENTED_EDGE('',*,*,#733,.T.);
#931=ORIENTED_EDGE('',*,*,#731,.F.);
#932=ORIENTED_EDGE('',*,*,#733,.F.);
#933=ORIENTED_EDGE('',*,*,#734,.F.);
#934=ORIENTED_EDGE('',*,*,#735,.T.);
#935=ORIENTED_EDGE('',*,*,#736,.T.);
#936=ORIENTED_EDGE('',*,*,#737,.T.);
#937=ORIENTED_EDGE('',*,*,#738,.T.);
#938=ORIENTED_EDGE('',*,*,#729,.F.);
#939=ORIENTED_EDGE('',*,*,#739,.T.);
#940=ORIENTED_EDGE('',*,*,#740,.T.);
#941=ORIENTED_EDGE('',*,*,#741,.T.);
#942=ORIENTED_EDGE('',*,*,#740,.F.);
#943=ORIENTED_EDGE('',*,*,#742,.F.);
#944=ORIENTED_EDGE('',*,*,#743,.T.);
#945=ORIENTED_EDGE('',*,*,#741,.F.);
#946=ORIENTED_EDGE('',*,*,#743,.F.);
#947=ORIENTED_EDGE('',*,*,#744,.F.);
#948=ORIENTED_EDGE('',*,*,#745,.T.);
#949=ORIENTED_EDGE('',*,*,#746,.T.);
#950=ORIENTED_EDGE('',*,*,#747,.T.);
#951=ORIENTED_EDGE('',*,*,#748,.T.);
#952=ORIENTED_EDGE('',*,*,#739,.F.);
#953=ORIENTED_EDGE('',*,*,#749,.T.);
#954=ORIENTED_EDGE('',*,*,#750,.T.);
#955=ORIENTED_EDGE('',*,*,#751,.T.);
#956=ORIENTED_EDGE('',*,*,#752,.T.);
#957=ORIENTED_EDGE('',*,*,#753,.T.);
#958=ORIENTED_EDGE('',*,*,#754,.T.);
#959=ORIENTED_EDGE('',*,*,#755,.T.);
#960=ORIENTED_EDGE('',*,*,#756,.T.);
#961=ORIENTED_EDGE('',*,*,#744,.T.);
#962=ORIENTED_EDGE('',*,*,#754,.F.);
#963=ORIENTED_EDGE('',*,*,#757,.T.);
#964=ORIENTED_EDGE('',*,*,#752,.F.);
#965=ORIENTED_EDGE('',*,*,#758,.T.);
#966=ORIENTED_EDGE('',*,*,#756,.F.);
#967=ORIENTED_EDGE('',*,*,#759,.T.);
#968=ORIENTED_EDGE('',*,*,#750,.F.);
#969=ORIENTED_EDGE('',*,*,#759,.F.);
#970=ORIENTED_EDGE('',*,*,#760,.F.);
#971=ORIENTED_EDGE('',*,*,#761,.F.);
#972=ORIENTED_EDGE('',*,*,#762,.F.);
#973=ORIENTED_EDGE('',*,*,#763,.F.);
#974=ORIENTED_EDGE('',*,*,#755,.F.);
#975=ORIENTED_EDGE('',*,*,#748,.F.);
#976=ORIENTED_EDGE('',*,*,#764,.T.);
#977=ORIENTED_EDGE('',*,*,#760,.T.);
#978=ORIENTED_EDGE('',*,*,#765,.F.);
#979=ORIENTED_EDGE('',*,*,#766,.T.);
#980=ORIENTED_EDGE('',*,*,#767,.T.);
#981=ORIENTED_EDGE('',*,*,#768,.T.);
#982=ORIENTED_EDGE('',*,*,#769,.F.);
#983=ORIENTED_EDGE('',*,*,#770,.F.);
#984=ORIENTED_EDGE('',*,*,#771,.F.);
#985=ORIENTED_EDGE('',*,*,#772,.F.);
#986=ORIENTED_EDGE('',*,*,#773,.F.);
#987=ORIENTED_EDGE('',*,*,#774,.T.);
#988=ORIENTED_EDGE('',*,*,#775,.T.);
#989=ORIENTED_EDGE('',*,*,#776,.T.);
#990=ORIENTED_EDGE('',*,*,#777,.F.);
#991=ORIENTED_EDGE('',*,*,#778,.F.);
#992=ORIENTED_EDGE('',*,*,#779,.F.);
#993=ORIENTED_EDGE('',*,*,#780,.F.);
#994=ORIENTED_EDGE('',*,*,#781,.F.);
#995=ORIENTED_EDGE('',*,*,#782,.F.);
#996=ORIENTED_EDGE('',*,*,#783,.F.);
#997=ORIENTED_EDGE('',*,*,#784,.F.);
#998=ORIENTED_EDGE('',*,*,#785,.F.);
#999=ORIENTED_EDGE('',*,*,#786,.F.);
#1000=ORIENTED_EDGE('',*,*,#753,.F.);
#1001=ORIENTED_EDGE('',*,*,#758,.F.);
#1002=ORIENTED_EDGE('',*,*,#749,.F.);
#1003=ORIENTED_EDGE('',*,*,#757,.F.);
#1004=ORIENTED_EDGE('',*,*,#787,.T.);
#1005=ORIENTED_EDGE('',*,*,#788,.T.);
#1006=ORIENTED_EDGE('',*,*,#742,.T.);
#1007=ORIENTED_EDGE('',*,*,#788,.F.);
#1008=ORIENTED_EDGE('',*,*,#789,.F.);
#1009=ORIENTED_EDGE('',*,*,#790,.F.);
#1010=ORIENTED_EDGE('',*,*,#791,.F.);
#1011=ORIENTED_EDGE('',*,*,#792,.F.);
#1012=ORIENTED_EDGE('',*,*,#793,.F.);
#1013=ORIENTED_EDGE('',*,*,#787,.F.);
#1014=ORIENTED_EDGE('',*,*,#793,.T.);
#1015=ORIENTED_EDGE('',*,*,#794,.T.);
#1016=ORIENTED_EDGE('',*,*,#732,.T.);
#1017=ORIENTED_EDGE('',*,*,#794,.F.);
#1018=ORIENTED_EDGE('',*,*,#783,.T.);
#1019=ORIENTED_EDGE('',*,*,#795,.T.);
#1020=ORIENTED_EDGE('',*,*,#796,.T.);
#1021=ORIENTED_EDGE('',*,*,#797,.T.);
#1022=ORIENTED_EDGE('',*,*,#781,.T.);
#1023=ORIENTED_EDGE('',*,*,#798,.T.);
#1024=ORIENTED_EDGE('',*,*,#799,.T.);
#1025=ORIENTED_EDGE('',*,*,#800,.T.);
#1026=ORIENTED_EDGE('',*,*,#734,.T.);
#1027=ORIENTED_EDGE('',*,*,#798,.F.);
#1028=ORIENTED_EDGE('',*,*,#784,.T.);
#1029=ORIENTED_EDGE('',*,*,#797,.F.);
#1030=ORIENTED_EDGE('',*,*,#782,.T.);
#1031=ORIENTED_EDGE('',*,*,#800,.F.);
#1032=ORIENTED_EDGE('',*,*,#801,.T.);
#1033=ORIENTED_EDGE('',*,*,#795,.F.);
#1034=ORIENTED_EDGE('',*,*,#801,.F.);
#1035=ORIENTED_EDGE('',*,*,#802,.F.);
#1036=ORIENTED_EDGE('',*,*,#803,.F.);
#1037=ORIENTED_EDGE('',*,*,#804,.F.);
#1038=ORIENTED_EDGE('',*,*,#805,.F.);
#1039=ORIENTED_EDGE('',*,*,#799,.F.);
#1040=ORIENTED_EDGE('',*,*,#738,.F.);
#1041=ORIENTED_EDGE('',*,*,#806,.T.);
#1042=ORIENTED_EDGE('',*,*,#802,.T.);
#1043=ORIENTED_EDGE('',*,*,#786,.T.);
#1044=ORIENTED_EDGE('',*,*,#807,.T.);
#1045=ORIENTED_EDGE('',*,*,#808,.T.);
#1046=ORIENTED_EDGE('',*,*,#807,.F.);
#1047=ORIENTED_EDGE('',*,*,#809,.F.);
#1048=ORIENTED_EDGE('',*,*,#810,.T.);
#1049=ORIENTED_EDGE('',*,*,#808,.F.);
#1050=ORIENTED_EDGE('',*,*,#810,.F.);
#1051=ORIENTED_EDGE('',*,*,#809,.T.);
#1052=ORIENTED_EDGE('',*,*,#811,.T.);
#1053=ORIENTED_EDGE('',*,*,#812,.T.);
#1054=ORIENTED_EDGE('',*,*,#811,.F.);
#1055=ORIENTED_EDGE('',*,*,#813,.F.);
#1056=ORIENTED_EDGE('',*,*,#812,.F.);
#1057=ORIENTED_EDGE('',*,*,#814,.T.);
#1058=ORIENTED_EDGE('',*,*,#815,.T.);
#1059=ORIENTED_EDGE('',*,*,#816,.T.);
#1060=ORIENTED_EDGE('',*,*,#814,.F.);
#1061=ORIENTED_EDGE('',*,*,#817,.T.);
#1062=ORIENTED_EDGE('',*,*,#818,.F.);
#1063=ORIENTED_EDGE('',*,*,#819,.F.);
#1064=ORIENTED_EDGE('',*,*,#820,.F.);
#1065=ORIENTED_EDGE('',*,*,#821,.F.);
#1066=ORIENTED_EDGE('',*,*,#822,.F.);
#1067=ORIENTED_EDGE('',*,*,#823,.F.);
#1068=ORIENTED_EDGE('',*,*,#824,.F.);
#1069=ORIENTED_EDGE('',*,*,#825,.F.);
#1070=ORIENTED_EDGE('',*,*,#826,.F.);
#1071=ORIENTED_EDGE('',*,*,#827,.F.);
#1072=ORIENTED_EDGE('',*,*,#828,.F.);
#1073=ORIENTED_EDGE('',*,*,#829,.F.);
#1074=ORIENTED_EDGE('',*,*,#830,.F.);
#1075=ORIENTED_EDGE('',*,*,#817,.F.);
#1076=ORIENTED_EDGE('',*,*,#813,.T.);
#1077=ORIENTED_EDGE('',*,*,#831,.T.);
#1078=ORIENTED_EDGE('',*,*,#815,.F.);
#1079=ORIENTED_EDGE('',*,*,#816,.F.);
#1080=ORIENTED_EDGE('',*,*,#831,.F.);
#1081=ORIENTED_EDGE('',*,*,#785,.T.);
#1082=ORIENTED_EDGE('',*,*,#832,.T.);
#1083=ORIENTED_EDGE('',*,*,#833,.T.);
#1084=ORIENTED_EDGE('',*,*,#832,.F.);
#1085=ORIENTED_EDGE('',*,*,#834,.F.);
#1086=ORIENTED_EDGE('',*,*,#835,.T.);
#1087=ORIENTED_EDGE('',*,*,#833,.F.);
#1088=ORIENTED_EDGE('',*,*,#835,.F.);
#1089=ORIENTED_EDGE('',*,*,#834,.T.);
#1090=ORIENTED_EDGE('',*,*,#836,.T.);
#1091=ORIENTED_EDGE('',*,*,#837,.T.);
#1092=ORIENTED_EDGE('',*,*,#836,.F.);
#1093=ORIENTED_EDGE('',*,*,#838,.F.);
#1094=ORIENTED_EDGE('',*,*,#837,.F.);
#1095=ORIENTED_EDGE('',*,*,#839,.T.);
#1096=ORIENTED_EDGE('',*,*,#840,.T.);
#1097=ORIENTED_EDGE('',*,*,#841,.T.);
#1098=ORIENTED_EDGE('',*,*,#839,.F.);
#1099=ORIENTED_EDGE('',*,*,#830,.T.);
#1100=ORIENTED_EDGE('',*,*,#838,.T.);
#1101=ORIENTED_EDGE('',*,*,#842,.T.);
#1102=ORIENTED_EDGE('',*,*,#840,.F.);
#1103=ORIENTED_EDGE('',*,*,#841,.F.);
#1104=ORIENTED_EDGE('',*,*,#842,.F.);
#1105=ORIENTED_EDGE('',*,*,#843,.T.);
#1106=ORIENTED_EDGE('',*,*,#820,.T.);
#1107=ORIENTED_EDGE('',*,*,#844,.T.);
#1108=ORIENTED_EDGE('',*,*,#845,.T.);
#1109=ORIENTED_EDGE('',*,*,#846,.T.);
#1110=ORIENTED_EDGE('',*,*,#822,.T.);
#1111=ORIENTED_EDGE('',*,*,#847,.T.);
#1112=ORIENTED_EDGE('',*,*,#848,.T.);
#1113=ORIENTED_EDGE('',*,*,#847,.F.);
#1114=ORIENTED_EDGE('',*,*,#821,.T.);
#1115=ORIENTED_EDGE('',*,*,#843,.F.);
#1116=ORIENTED_EDGE('',*,*,#789,.T.);
#1117=ORIENTED_EDGE('',*,*,#849,.T.);
#1118=ORIENTED_EDGE('',*,*,#850,.T.);
#1119=ORIENTED_EDGE('',*,*,#851,.T.);
#1120=ORIENTED_EDGE('',*,*,#824,.T.);
#1121=ORIENTED_EDGE('',*,*,#849,.F.);
#1122=ORIENTED_EDGE('',*,*,#823,.T.);
#1123=ORIENTED_EDGE('',*,*,#846,.F.);
#1124=ORIENTED_EDGE('',*,*,#852,.T.);
#1125=ORIENTED_EDGE('',*,*,#853,.T.);
#1126=ORIENTED_EDGE('',*,*,#854,.T.);
#1127=ORIENTED_EDGE('',*,*,#855,.T.);
#1128=ORIENTED_EDGE('',*,*,#826,.T.);
#1129=ORIENTED_EDGE('',*,*,#856,.T.);
#1130=ORIENTED_EDGE('',*,*,#827,.T.);
#1131=ORIENTED_EDGE('',*,*,#855,.F.);
#1132=ORIENTED_EDGE('',*,*,#857,.T.);
#1133=ORIENTED_EDGE('',*,*,#858,.T.);
#1134=ORIENTED_EDGE('',*,*,#828,.T.);
#1135=ORIENTED_EDGE('',*,*,#856,.F.);
#1136=ORIENTED_EDGE('',*,*,#859,.T.);
#1137=ORIENTED_EDGE('',*,*,#853,.F.);
#1138=ORIENTED_EDGE('',*,*,#825,.T.);
#1139=ORIENTED_EDGE('',*,*,#851,.F.);
#1140=ORIENTED_EDGE('',*,*,#860,.T.);
#1141=ORIENTED_EDGE('',*,*,#861,.T.);
#1142=ORIENTED_EDGE('',*,*,#818,.T.);
#1143=ORIENTED_EDGE('',*,*,#862,.T.);
#1144=ORIENTED_EDGE('',*,*,#863,.T.);
#1145=ORIENTED_EDGE('',*,*,#862,.F.);
#1146=ORIENTED_EDGE('',*,*,#829,.T.);
#1147=ORIENTED_EDGE('',*,*,#858,.F.);
#1148=ORIENTED_EDGE('',*,*,#864,.T.);
#1149=ORIENTED_EDGE('',*,*,#844,.F.);
#1150=ORIENTED_EDGE('',*,*,#819,.T.);
#1151=ORIENTED_EDGE('',*,*,#861,.F.);
#1152=ORIENTED_EDGE('',*,*,#865,.T.);
#1153=ORIENTED_EDGE('',*,*,#852,.F.);
#1154=ORIENTED_EDGE('',*,*,#848,.F.);
#1155=ORIENTED_EDGE('',*,*,#792,.T.);
#1156=ORIENTED_EDGE('',*,*,#866,.F.);
#1157=ORIENTED_EDGE('',*,*,#867,.T.);
#1158=ORIENTED_EDGE('',*,*,#845,.F.);
#1159=ORIENTED_EDGE('',*,*,#865,.F.);
#1160=ORIENTED_EDGE('',*,*,#868,.F.);
#1161=ORIENTED_EDGE('',*,*,#869,.F.);
#1162=ORIENTED_EDGE('',*,*,#790,.T.);
#1163=ORIENTED_EDGE('',*,*,#870,.T.);
#1164=ORIENTED_EDGE('',*,*,#871,.T.);
#1165=ORIENTED_EDGE('',*,*,#872,.T.);
#1166=ORIENTED_EDGE('',*,*,#873,.T.);
#1167=ORIENTED_EDGE('',*,*,#872,.F.);
#1168=ORIENTED_EDGE('',*,*,#874,.F.);
#1169=ORIENTED_EDGE('',*,*,#875,.F.);
#1170=ORIENTED_EDGE('',*,*,#876,.F.);
#1171=ORIENTED_EDGE('',*,*,#767,.F.);
#1172=ORIENTED_EDGE('',*,*,#877,.T.);
#1173=ORIENTED_EDGE('',*,*,#871,.F.);
#1174=ORIENTED_EDGE('',*,*,#878,.T.);
#1175=ORIENTED_EDGE('',*,*,#879,.F.);
#1176=ORIENTED_EDGE('',*,*,#874,.T.);
#1177=ORIENTED_EDGE('',*,*,#875,.T.);
#1178=ORIENTED_EDGE('',*,*,#879,.T.);
#1179=ORIENTED_EDGE('',*,*,#880,.T.);
#1180=ORIENTED_EDGE('',*,*,#881,.T.);
#1181=ORIENTED_EDGE('',*,*,#882,.T.);
#1182=ORIENTED_EDGE('',*,*,#883,.T.);
#1183=ORIENTED_EDGE('',*,*,#884,.T.);
#1184=ORIENTED_EDGE('',*,*,#885,.T.);
#1185=ORIENTED_EDGE('',*,*,#864,.F.);
#1186=ORIENTED_EDGE('',*,*,#886,.F.);
#1187=ORIENTED_EDGE('',*,*,#887,.F.);
#1188=ORIENTED_EDGE('',*,*,#888,.T.);
#1189=ORIENTED_EDGE('',*,*,#884,.F.);
#1190=ORIENTED_EDGE('',*,*,#889,.F.);
#1191=ORIENTED_EDGE('',*,*,#890,.F.);
#1192=ORIENTED_EDGE('',*,*,#891,.F.);
#1193=ORIENTED_EDGE('',*,*,#892,.F.);
#1194=ORIENTED_EDGE('',*,*,#868,.T.);
#1195=ORIENTED_EDGE('',*,*,#863,.F.);
#1196=ORIENTED_EDGE('',*,*,#883,.F.);
#1197=ORIENTED_EDGE('',*,*,#893,.T.);
#1198=ORIENTED_EDGE('',*,*,#894,.F.);
#1199=ORIENTED_EDGE('',*,*,#889,.T.);
#1200=ORIENTED_EDGE('',*,*,#890,.T.);
#1201=ORIENTED_EDGE('',*,*,#894,.T.);
#1202=ORIENTED_EDGE('',*,*,#895,.T.);
#1203=ORIENTED_EDGE('',*,*,#896,.T.);
#1204=ORIENTED_EDGE('',*,*,#859,.F.);
#1205=ORIENTED_EDGE('',*,*,#897,.F.);
#1206=ORIENTED_EDGE('',*,*,#898,.F.);
#1207=ORIENTED_EDGE('',*,*,#886,.T.);
#1208=ORIENTED_EDGE('',*,*,#857,.F.);
#1209=ORIENTED_EDGE('',*,*,#899,.F.);
#1210=ORIENTED_EDGE('',*,*,#900,.F.);
#1211=ORIENTED_EDGE('',*,*,#897,.T.);
#1212=ORIENTED_EDGE('',*,*,#854,.F.);
#1213=ORIENTED_EDGE('',*,*,#901,.F.);
#1214=ORIENTED_EDGE('',*,*,#902,.F.);
#1215=ORIENTED_EDGE('',*,*,#899,.T.);
#1216=ORIENTED_EDGE('',*,*,#850,.F.);
#1217=ORIENTED_EDGE('',*,*,#867,.F.);
#1218=ORIENTED_EDGE('',*,*,#903,.F.);
#1219=ORIENTED_EDGE('',*,*,#904,.T.);
#1220=ORIENTED_EDGE('',*,*,#880,.F.);
#1221=ORIENTED_EDGE('',*,*,#878,.F.);
#1222=ORIENTED_EDGE('',*,*,#870,.F.);
#1223=ORIENTED_EDGE('',*,*,#905,.F.);
#1224=ORIENTED_EDGE('',*,*,#906,.F.);
#1225=ORIENTED_EDGE('',*,*,#901,.T.);
#1226=ORIENTED_EDGE('',*,*,#860,.F.);
#1227=ORIENTED_EDGE('',*,*,#907,.T.);
#1228=ORIENTED_EDGE('',*,*,#777,.T.);
#1229=ORIENTED_EDGE('',*,*,#908,.T.);
#1230=ORIENTED_EDGE('',*,*,#887,.T.);
#1231=ORIENTED_EDGE('',*,*,#909,.T.);
#1232=ORIENTED_EDGE('',*,*,#778,.T.);
#1233=ORIENTED_EDGE('',*,*,#907,.F.);
#1234=ORIENTED_EDGE('',*,*,#898,.T.);
#1235=ORIENTED_EDGE('',*,*,#910,.T.);
#1236=ORIENTED_EDGE('',*,*,#779,.T.);
#1237=ORIENTED_EDGE('',*,*,#909,.F.);
#1238=ORIENTED_EDGE('',*,*,#900,.T.);
#1239=ORIENTED_EDGE('',*,*,#911,.T.);
#1240=ORIENTED_EDGE('',*,*,#780,.T.);
#1241=ORIENTED_EDGE('',*,*,#910,.F.);
#1242=ORIENTED_EDGE('',*,*,#902,.T.);
#1243=ORIENTED_EDGE('',*,*,#912,.T.);
#1244=ORIENTED_EDGE('',*,*,#765,.T.);
#1245=ORIENTED_EDGE('',*,*,#911,.F.);
#1246=ORIENTED_EDGE('',*,*,#906,.T.);
#1247=ORIENTED_EDGE('',*,*,#913,.T.);
#1248=ORIENTED_EDGE('',*,*,#769,.T.);
#1249=ORIENTED_EDGE('',*,*,#914,.T.);
#1250=ORIENTED_EDGE('',*,*,#903,.T.);
#1251=ORIENTED_EDGE('',*,*,#915,.T.);
#1252=ORIENTED_EDGE('',*,*,#770,.T.);
#1253=ORIENTED_EDGE('',*,*,#913,.F.);
#1254=ORIENTED_EDGE('',*,*,#866,.T.);
#1255=ORIENTED_EDGE('',*,*,#916,.T.);
#1256=ORIENTED_EDGE('',*,*,#771,.T.);
#1257=ORIENTED_EDGE('',*,*,#915,.F.);
#1258=ORIENTED_EDGE('',*,*,#791,.T.);
#1259=ORIENTED_EDGE('',*,*,#917,.T.);
#1260=ORIENTED_EDGE('',*,*,#772,.T.);
#1261=ORIENTED_EDGE('',*,*,#916,.F.);
#1262=ORIENTED_EDGE('',*,*,#869,.T.);
#1263=ORIENTED_EDGE('',*,*,#918,.T.);
#1264=ORIENTED_EDGE('',*,*,#773,.T.);
#1265=ORIENTED_EDGE('',*,*,#917,.F.);
#1266=ORIENTED_EDGE('',*,*,#892,.T.);
#1267=ORIENTED_EDGE('',*,*,#746,.F.);
#1268=ORIENTED_EDGE('',*,*,#919,.T.);
#1269=ORIENTED_EDGE('',*,*,#762,.T.);
#1270=ORIENTED_EDGE('',*,*,#920,.F.);
#1271=ORIENTED_EDGE('',*,*,#751,.F.);
#1272=ORIENTED_EDGE('',*,*,#763,.T.);
#1273=ORIENTED_EDGE('',*,*,#919,.F.);
#1274=ORIENTED_EDGE('',*,*,#745,.F.);
#1275=ORIENTED_EDGE('',*,*,#747,.F.);
#1276=ORIENTED_EDGE('',*,*,#920,.T.);
#1277=ORIENTED_EDGE('',*,*,#761,.T.);
#1278=ORIENTED_EDGE('',*,*,#764,.F.);
#1279=ORIENTED_EDGE('',*,*,#736,.F.);
#1280=ORIENTED_EDGE('',*,*,#921,.T.);
#1281=ORIENTED_EDGE('',*,*,#804,.T.);
#1282=ORIENTED_EDGE('',*,*,#922,.F.);
#1283=ORIENTED_EDGE('',*,*,#796,.F.);
#1284=ORIENTED_EDGE('',*,*,#805,.T.);
#1285=ORIENTED_EDGE('',*,*,#921,.F.);
#1286=ORIENTED_EDGE('',*,*,#735,.F.);
#1287=ORIENTED_EDGE('',*,*,#737,.F.);
#1288=ORIENTED_EDGE('',*,*,#922,.T.);
#1289=ORIENTED_EDGE('',*,*,#803,.T.);
#1290=ORIENTED_EDGE('',*,*,#806,.F.);
#1291=ORIENTED_EDGE('',*,*,#885,.F.);
#1292=ORIENTED_EDGE('',*,*,#888,.F.);
#1293=ORIENTED_EDGE('',*,*,#908,.F.);
#1294=ORIENTED_EDGE('',*,*,#776,.F.);
#1295=ORIENTED_EDGE('',*,*,#923,.T.);
#1296=ORIENTED_EDGE('',*,*,#896,.F.);
#1297=ORIENTED_EDGE('',*,*,#924,.F.);
#1298=ORIENTED_EDGE('',*,*,#774,.F.);
#1299=ORIENTED_EDGE('',*,*,#918,.F.);
#1300=ORIENTED_EDGE('',*,*,#891,.T.);
#1301=ORIENTED_EDGE('',*,*,#882,.F.);
#1302=ORIENTED_EDGE('',*,*,#923,.F.);
#1303=ORIENTED_EDGE('',*,*,#775,.F.);
#1304=ORIENTED_EDGE('',*,*,#924,.T.);
#1305=ORIENTED_EDGE('',*,*,#895,.F.);
#1306=ORIENTED_EDGE('',*,*,#893,.F.);
#1307=ORIENTED_EDGE('',*,*,#881,.F.);
#1308=ORIENTED_EDGE('',*,*,#904,.F.);
#1309=ORIENTED_EDGE('',*,*,#914,.F.);
#1310=ORIENTED_EDGE('',*,*,#768,.F.);
#1311=ORIENTED_EDGE('',*,*,#876,.T.);
#1312=ORIENTED_EDGE('',*,*,#873,.F.);
#1313=ORIENTED_EDGE('',*,*,#877,.F.);
#1314=ORIENTED_EDGE('',*,*,#766,.F.);
#1315=ORIENTED_EDGE('',*,*,#912,.F.);
#1316=ORIENTED_EDGE('',*,*,#905,.T.);
#1317=CONICAL_SURFACE('',#1421,3.4,0.78539816339642);
#1318=CONICAL_SURFACE('',#1427,3.4,0.78539816339848);
#1319=CONICAL_SURFACE('',#1446,3.4,0.785398163393453);
#1320=CONICAL_SURFACE('',#1450,3.4,0.785398163395514);
#1321=CONICAL_SURFACE('',#1457,3.25,0.785398163397448);
#1322=CONICAL_SURFACE('',#1461,3.25,0.785398163397448);
#1323=CONICAL_SURFACE('',#1467,3.25,0.785398163397448);
#1324=CONICAL_SURFACE('',#1471,3.25,0.785398163397448);
#1325=ADVANCED_FACE('',(#127),#1317,.F.);
#1326=ADVANCED_FACE('',(#128),#111,.F.);
#1327=ADVANCED_FACE('',(#129,#55),#67,.F.);
#1328=ADVANCED_FACE('',(#130),#1318,.F.);
#1329=ADVANCED_FACE('',(#131),#112,.F.);
#1330=ADVANCED_FACE('',(#132,#56),#68,.F.);
#1331=ADVANCED_FACE('',(#133),#69,.T.);
#1332=ADVANCED_FACE('',(#134),#70,.T.);
#1333=ADVANCED_FACE('',(#135),#71,.T.);
#1334=ADVANCED_FACE('',(#136),#72,.T.);
#1335=ADVANCED_FACE('',(#137),#73,.F.);
#1336=ADVANCED_FACE('',(#138),#74,.F.);
#1337=ADVANCED_FACE('',(#139,#57,#58,#59,#60),#75,.F.);
#1338=ADVANCED_FACE('',(#140),#1319,.F.);
#1339=ADVANCED_FACE('',(#141,#61,#62),#76,.T.);
#1340=ADVANCED_FACE('',(#142),#1320,.F.);
#1341=ADVANCED_FACE('',(#143),#77,.T.);
#1342=ADVANCED_FACE('',(#144),#78,.T.);
#1343=ADVANCED_FACE('',(#145),#79,.T.);
#1344=ADVANCED_FACE('',(#146),#80,.T.);
#1345=ADVANCED_FACE('',(#147),#81,.F.);
#1346=ADVANCED_FACE('',(#148),#82,.F.);
#1347=ADVANCED_FACE('',(#149),#1321,.F.);
#1348=ADVANCED_FACE('',(#150),#113,.F.);
#1349=ADVANCED_FACE('',(#151),#1322,.F.);
#1350=ADVANCED_FACE('',(#152,#63),#83,.T.);
#1351=ADVANCED_FACE('',(#153),#45,.T.);
#1352=ADVANCED_FACE('',(#154,#64,#65),#84,.T.);
#1353=ADVANCED_FACE('',(#155),#114,.F.);
#1354=ADVANCED_FACE('',(#156),#1323,.F.);
#1355=ADVANCED_FACE('',(#157),#115,.F.);
#1356=ADVANCED_FACE('',(#158),#1324,.F.);
#1357=ADVANCED_FACE('',(#159,#66),#85,.T.);
#1358=ADVANCED_FACE('',(#160),#46,.T.);
#1359=ADVANCED_FACE('',(#161),#116,.F.);
#1360=ADVANCED_FACE('',(#162),#47,.T.);
#1361=ADVANCED_FACE('',(#163),#48,.T.);
#1362=ADVANCED_FACE('',(#164),#86,.T.);
#1363=ADVANCED_FACE('',(#165),#87,.T.);
#1364=ADVANCED_FACE('',(#166),#49,.T.);
#1365=ADVANCED_FACE('',(#167),#50,.T.);
#1366=ADVANCED_FACE('',(#168),#88,.T.);
#1367=ADVANCED_FACE('',(#169),#51,.T.);
#1368=ADVANCED_FACE('',(#170),#52,.T.);
#1369=ADVANCED_FACE('',(#171),#89,.T.);
#1370=ADVANCED_FACE('',(#172),#53,.T.);
#1371=ADVANCED_FACE('',(#173),#54,.T.);
#1372=ADVANCED_FACE('',(#174),#117,.T.);
#1373=ADVANCED_FACE('',(#175),#118,.T.);
#1374=ADVANCED_FACE('',(#176),#90,.T.);
#1375=ADVANCED_FACE('',(#177),#91,.T.);
#1376=ADVANCED_FACE('',(#178),#92,.T.);
#1377=ADVANCED_FACE('',(#179),#93,.T.);
#1378=ADVANCED_FACE('',(#180),#94,.T.);
#1379=ADVANCED_FACE('',(#181),#95,.T.);
#1380=ADVANCED_FACE('',(#182),#96,.T.);
#1381=ADVANCED_FACE('',(#183),#97,.T.);
#1382=ADVANCED_FACE('',(#184),#119,.T.);
#1383=ADVANCED_FACE('',(#185),#98,.T.);
#1384=ADVANCED_FACE('',(#186),#120,.T.);
#1385=ADVANCED_FACE('',(#187),#99,.T.);
#1386=ADVANCED_FACE('',(#188),#121,.T.);
#1387=ADVANCED_FACE('',(#189),#15,.T.);
#1388=ADVANCED_FACE('',(#190),#122,.T.);
#1389=ADVANCED_FACE('',(#191),#16,.T.);
#1390=ADVANCED_FACE('',(#192),#123,.T.);
#1391=ADVANCED_FACE('',(#193),#124,.T.);
#1392=ADVANCED_FACE('',(#194),#17,.T.);
#1393=ADVANCED_FACE('',(#195),#125,.T.);
#1394=ADVANCED_FACE('',(#196),#18,.T.);
#1395=ADVANCED_FACE('',(#197),#126,.T.);
#1396=ADVANCED_FACE('',(#198),#100,.F.);
#1397=ADVANCED_FACE('',(#199),#101,.F.);
#1398=ADVANCED_FACE('',(#200),#102,.F.);
#1399=ADVANCED_FACE('',(#201),#103,.F.);
#1400=ADVANCED_FACE('',(#202),#104,.F.);
#1401=ADVANCED_FACE('',(#203),#105,.F.);
#1402=ADVANCED_FACE('',(#204),#106,.T.);
#1403=ADVANCED_FACE('',(#205),#107,.T.);
#1404=ADVANCED_FACE('',(#206),#108,.T.);
#1405=ADVANCED_FACE('',(#207),#109,.T.);
#1406=ADVANCED_FACE('',(#208),#110,.T.);
#1407=CLOSED_SHELL('',(#1325,#1326,#1327,#1328,#1329,#1330,#1331,#1332,
#1333,#1334,#1335,#1336,#1337,#1338,#1339,#1340,#1341,#1342,#1343,#1344,
#1345,#1346,#1347,#1348,#1349,#1350,#1351,#1352,#1353,#1354,#1355,#1356,
#1357,#1358,#1359,#1360,#1361,#1362,#1363,#1364,#1365,#1366,#1367,#1368,
#1369,#1370,#1371,#1372,#1373,#1374,#1375,#1376,#1377,#1378,#1379,#1380,
#1381,#1382,#1383,#1384,#1385,#1386,#1387,#1388,#1389,#1390,#1391,#1392,
#1393,#1394,#1395,#1396,#1397,#1398,#1399,#1400,#1401,#1402,#1403,#1404,
#1405,#1406));
#1408=DERIVED_UNIT_ELEMENT(#1410,1.);
#1409=DERIVED_UNIT_ELEMENT(#2683,-3.);
#1410=(
MASS_UNIT()
NAMED_UNIT(*)
SI_UNIT(.KILO.,.GRAM.)
);
#1411=DERIVED_UNIT((#1408,#1409));
#1412=MEASURE_REPRESENTATION_ITEM('density measure',
POSITIVE_RATIO_MEASURE(1380.),#1411);
#1413=PROPERTY_DEFINITION_REPRESENTATION(#1418,#1415);
#1414=PROPERTY_DEFINITION_REPRESENTATION(#1419,#1416);
#1415=REPRESENTATION('material name',(#1417),#2680);
#1416=REPRESENTATION('density',(#1412),#2680);
#1417=DESCRIPTIVE_REPRESENTATION_ITEM('Laminate, White, Matte',
'Laminate, White, Matte');
#1418=PROPERTY_DEFINITION('material property','material name',#2690);
#1419=PROPERTY_DEFINITION('material property','density of part',#2690);
#1420=AXIS2_PLACEMENT_3D('',#1889,#1531,#1532);
#1421=AXIS2_PLACEMENT_3D('',#1890,#1533,#1534);
#1422=AXIS2_PLACEMENT_3D('',#1892,#1535,#1536);
#1423=AXIS2_PLACEMENT_3D('',#1895,#1538,#1539);
#1424=AXIS2_PLACEMENT_3D('',#1896,#1540,#1541);
#1425=AXIS2_PLACEMENT_3D('',#1898,#1542,#1543);
#1426=AXIS2_PLACEMENT_3D('',#1900,#1545,#1546);
#1427=AXIS2_PLACEMENT_3D('',#1911,#1552,#1553);
#1428=AXIS2_PLACEMENT_3D('',#1913,#1554,#1555);
#1429=AXIS2_PLACEMENT_3D('',#1916,#1557,#1558);
#1430=AXIS2_PLACEMENT_3D('',#1917,#1559,#1560);
#1431=AXIS2_PLACEMENT_3D('',#1919,#1561,#1562);
#1432=AXIS2_PLACEMENT_3D('',#1921,#1564,#1565);
#1433=AXIS2_PLACEMENT_3D('',#1932,#1571,#1572);
#1434=AXIS2_PLACEMENT_3D('',#1940,#1577,#1578);
#1435=AXIS2_PLACEMENT_3D('',#1948,#1583,#1584);
#1436=AXIS2_PLACEMENT_3D('',#1950,#1586,#1587);
#1437=AXIS2_PLACEMENT_3D('',#1953,#1590,#1591);
#1438=AXIS2_PLACEMENT_3D('',#1961,#1596,#1597);
#1439=AXIS2_PLACEMENT_3D('',#1963,#1599,#1600);
#1440=AXIS2_PLACEMENT_3D('',#1976,#1606,#1607);
#1441=AXIS2_PLACEMENT_3D('',#1980,#1609,#1610);
#1442=AXIS2_PLACEMENT_3D('',#1992,#1616,#1617);
#1443=AXIS2_PLACEMENT_3D('',#1995,#1619,#1620);
#1444=AXIS2_PLACEMENT_3D('',#2005,#1625,#1626);
#1445=AXIS2_PLACEMENT_3D('',#2007,#1627,#1628);
#1446=AXIS2_PLACEMENT_3D('',#2008,#1629,#1630);
#1447=AXIS2_PLACEMENT_3D('',#2010,#1631,#1632);
#1448=AXIS2_PLACEMENT_3D('',#2012,#1634,#1635);
#1449=AXIS2_PLACEMENT_3D('',#2022,#1640,#1641);
#1450=AXIS2_PLACEMENT_3D('',#2023,#1642,#1643);
#1451=AXIS2_PLACEMENT_3D('',#2025,#1645,#1646);
#1452=AXIS2_PLACEMENT_3D('',#2030,#1650,#1651);
#1453=AXIS2_PLACEMENT_3D('',#2035,#1655,#1656);
#1454=AXIS2_PLACEMENT_3D('',#2036,#1657,#1658);
#1455=AXIS2_PLACEMENT_3D('',#2038,#1660,#1661);
#1456=AXIS2_PLACEMENT_3D('',#2046,#1666,#1667);
#1457=AXIS2_PLACEMENT_3D('',#2048,#1669,#1670);
#1458=AXIS2_PLACEMENT_3D('',#2051,#1672,#1673);
#1459=AXIS2_PLACEMENT_3D('',#2052,#1674,#1675);
#1460=AXIS2_PLACEMENT_3D('',#2054,#1676,#1677);
#1461=AXIS2_PLACEMENT_3D('',#2056,#1679,#1680);
#1462=AXIS2_PLACEMENT_3D('',#2059,#1682,#1683);
#1463=AXIS2_PLACEMENT_3D('',#2060,#1684,#1685);
#1464=AXIS2_PLACEMENT_3D('',#2062,#1686,#1687);
#1465=AXIS2_PLACEMENT_3D('',#2155,#1689,#1690);
#1466=AXIS2_PLACEMENT_3D('',#2228,#1695,#1696);
#1467=AXIS2_PLACEMENT_3D('',#2230,#1698,#1699);
#1468=AXIS2_PLACEMENT_3D('',#2233,#1701,#1702);
#1469=AXIS2_PLACEMENT_3D('',#2234,#1703,#1704);
#1470=AXIS2_PLACEMENT_3D('',#2236,#1705,#1706);
#1471=AXIS2_PLACEMENT_3D('',#2238,#1708,#1709);
#1472=AXIS2_PLACEMENT_3D('',#2241,#1711,#1712);
#1473=AXIS2_PLACEMENT_3D('',#2242,#1713,#1714);
#1474=AXIS2_PLACEMENT_3D('',#2244,#1715,#1716);
#1475=AXIS2_PLACEMENT_3D('',#2322,#1718,#1719);
#1476=AXIS2_PLACEMENT_3D('',#2400,#1725,#1726);
#1477=AXIS2_PLACEMENT_3D('',#2401,#1727,#1728);
#1478=AXIS2_PLACEMENT_3D('',#2461,#1734,#1735);
#1479=AXIS2_PLACEMENT_3D('',#2512,#1739,#1740);
#1480=AXIS2_PLACEMENT_3D('',#2558,#1744,#1745);
#1481=AXIS2_PLACEMENT_3D('',#2560,#1746,#1747);
#1482=AXIS2_PLACEMENT_3D('',#2562,#1749,#1750);
#1483=AXIS2_PLACEMENT_3D('',#2565,#1752,#1753);
#1484=AXIS2_PLACEMENT_3D('',#2566,#1754,#1755);
#1485=AXIS2_PLACEMENT_3D('',#2575,#1760,#1761);
#1486=AXIS2_PLACEMENT_3D('',#2582,#1766,#1767);
#1487=AXIS2_PLACEMENT_3D('',#2586,#1770,#1771);
#1488=AXIS2_PLACEMENT_3D('',#2590,#1774,#1775);
#1489=AXIS2_PLACEMENT_3D('',#2599,#1780,#1781);
#1490=AXIS2_PLACEMENT_3D('',#2612,#1789,#1790);
#1491=AXIS2_PLACEMENT_3D('',#2616,#1793,#1794);
#1492=AXIS2_PLACEMENT_3D('',#2620,#1797,#1798);
#1493=AXIS2_PLACEMENT_3D('',#2623,#1800,#1801);
#1494=AXIS2_PLACEMENT_3D('',#2624,#1802,#1803);
#1495=AXIS2_PLACEMENT_3D('',#2628,#1806,#1807);
#1496=AXIS2_PLACEMENT_3D('',#2631,#1809,#1810);
#1497=AXIS2_PLACEMENT_3D('',#2632,#1811,#1812);
#1498=AXIS2_PLACEMENT_3D('',#2639,#1817,#1818);
#1499=AXIS2_PLACEMENT_3D('',#2640,#1819,#1820);
#1500=AXIS2_PLACEMENT_3D('',#2641,#1821,#1822);
#1501=AXIS2_PLACEMENT_3D('',#2642,#1823,#1824);
#1502=AXIS2_PLACEMENT_3D('',#2643,#1825,#1826);
#1503=AXIS2_PLACEMENT_3D('',#2644,#1827,#1828);
#1504=AXIS2_PLACEMENT_3D('',#2645,#1829,#1830);
#1505=AXIS2_PLACEMENT_3D('',#2646,#1831,#1832);
#1506=AXIS2_PLACEMENT_3D('',#2647,#1833,#1834);
#1507=AXIS2_PLACEMENT_3D('',#2648,#1835,#1836);
#1508=AXIS2_PLACEMENT_3D('',#2649,#1837,#1838);
#1509=AXIS2_PLACEMENT_3D('',#2650,#1839,#1840);
#1510=AXIS2_PLACEMENT_3D('',#2651,#1841,#1842);
#1511=AXIS2_PLACEMENT_3D('',#2652,#1843,#1844);
#1512=AXIS2_PLACEMENT_3D('',#2653,#1845,#1846);
#1513=AXIS2_PLACEMENT_3D('',#2654,#1847,#1848);
#1514=AXIS2_PLACEMENT_3D('',#2655,#1849,#1850);
#1515=AXIS2_PLACEMENT_3D('',#2656,#1851,#1852);
#1516=AXIS2_PLACEMENT_3D('',#2657,#1853,#1854);
#1517=AXIS2_PLACEMENT_3D('',#2658,#1855,#1856);
#1518=AXIS2_PLACEMENT_3D('',#2659,#1857,#1858);
#1519=AXIS2_PLACEMENT_3D('',#2660,#1859,#1860);
#1520=AXIS2_PLACEMENT_3D('',#2661,#1861,#1862);
#1521=AXIS2_PLACEMENT_3D('',#2664,#1865,#1866);
#1522=AXIS2_PLACEMENT_3D('',#2665,#1867,#1868);
#1523=AXIS2_PLACEMENT_3D('',#2666,#1869,#1870);
#1524=AXIS2_PLACEMENT_3D('',#2669,#1873,#1874);
#1525=AXIS2_PLACEMENT_3D('',#2670,#1875,#1876);
#1526=AXIS2_PLACEMENT_3D('',#2671,#1877,#1878);
#1527=AXIS2_PLACEMENT_3D('',#2673,#1880,#1881);
#1528=AXIS2_PLACEMENT_3D('',#2675,#1883,#1884);
#1529=AXIS2_PLACEMENT_3D('',#2676,#1885,#1886);
#1530=AXIS2_PLACEMENT_3D('',#2677,#1887,#1888);
#1531=DIRECTION('axis',(0.,0.,1.));
#1532=DIRECTION('refdir',(1.,0.,0.));
#1533=DIRECTION('center_axis',(0.,-3.99680288864234E-14,-1.));
#1534=DIRECTION('ref_axis',(1.,0.,0.));
#1535=DIRECTION('center_axis',(0.,-4.11884833819474E-14,-1.));
#1536=DIRECTION('ref_axis',(1.,0.,0.));
#1537=DIRECTION('',(0.70710678118582,2.81750686506554E-14,0.707106781187275));
#1538=DIRECTION('center_axis',(0.,4.11884833819474E-14,1.));
#1539=DIRECTION('ref_axis',(1.,0.,0.));
#1540=DIRECTION('center_axis',(0.,0.,-1.));
#1541=DIRECTION('ref_axis',(1.,0.,0.));
#1542=DIRECTION('center_axis',(0.,-4.11884833819474E-14,-1.));
#1543=DIRECTION('ref_axis',(1.,0.,0.));
#1544=DIRECTION('',(0.,0.,-1.));
#1545=DIRECTION('center_axis',(0.,4.11884833819474E-14,1.));
#1546=DIRECTION('ref_axis',(1.,0.,0.));
#1547=DIRECTION('',(0.,-1.,4.11884833819474E-14));
#1548=DIRECTION('',(1.,1.15377761183014E-15,-4.75223499913286E-29));
#1549=DIRECTION('',(0.500000000000001,-0.866025403784438,3.56702729521196E-14));
#1550=DIRECTION('',(-0.499999999999999,-0.866025403784439,3.56702729521197E-14));
#1551=DIRECTION('',(-1.,-1.53837014910685E-15,6.33631333217716E-29));
#1552=DIRECTION('center_axis',(0.,-3.99680288865881E-14,-1.));
#1553=DIRECTION('ref_axis',(1.,0.,0.));
#1554=DIRECTION('center_axis',(0.,-4.11884833819474E-14,-1.));
#1555=DIRECTION('ref_axis',(1.,0.,0.));
#1556=DIRECTION('',(0.707106781187277,2.81750686507135E-14,0.707106781185818));
#1557=DIRECTION('center_axis',(0.,4.11884833819474E-14,1.));
#1558=DIRECTION('ref_axis',(1.,0.,0.));
#1559=DIRECTION('center_axis',(0.,0.,-1.));
#1560=DIRECTION('ref_axis',(1.,0.,0.));
#1561=DIRECTION('center_axis',(0.,-4.11884833819474E-14,-1.));
#1562=DIRECTION('ref_axis',(1.,0.,0.));
#1563=DIRECTION('',(0.,0.,-1.));
#1564=DIRECTION('center_axis',(0.,4.11884833819474E-14,1.));
#1565=DIRECTION('ref_axis',(1.,0.,0.));
#1566=DIRECTION('',(0.,-1.,4.11884833819474E-14));
#1567=DIRECTION('',(1.,-3.84592537276713E-16,1.58407833304429E-29));
#1568=DIRECTION('',(0.5,-0.866025403784439,3.56702729521197E-14));
#1569=DIRECTION('',(-0.5,-0.866025403784439,3.56702729521197E-14));
#1570=DIRECTION('',(-1.,1.99801706807014E-16,-8.22952928050543E-30));
#1571=DIRECTION('center_axis',(-0.707106781186548,-0.707106781186548,0.));
#1572=DIRECTION('ref_axis',(0.,0.,1.));
#1573=DIRECTION('',(0.,0.,-1.));
#1574=DIRECTION('',(0.577350269189709,-0.577350269189709,0.57735026918946));
#1575=DIRECTION('',(0.,0.,1.));
#1576=DIRECTION('',(-0.57735026918964,0.57735026918964,0.577350269189597));
#1577=DIRECTION('center_axis',(-0.707106781186544,0.707106781186551,0.));
#1578=DIRECTION('ref_axis',(0.,0.,1.));
#1579=DIRECTION('',(0.,0.,1.));
#1580=DIRECTION('',(0.577350269189625,0.57735026918962,-0.577350269189633));
#1581=DIRECTION('',(0.,0.,-1.));
#1582=DIRECTION('',(-0.577350269189553,-0.577350269189548,-0.577350269189776));
#1583=DIRECTION('center_axis',(-0.70710678118654,-2.91246559061648E-14,
-0.707106781186555));
#1584=DIRECTION('ref_axis',(-0.707106781186555,0.,0.70710678118654));
#1585=DIRECTION('',(0.,1.,-4.11884833819474E-14));
#1586=DIRECTION('center_axis',(-0.70710678118654,0.,0.707106781186555));
#1587=DIRECTION('ref_axis',(0.707106781186555,0.,0.70710678118654));
#1588=DIRECTION('',(0.,-1.,0.));
#1589=DIRECTION('',(0.,1.,0.));
#1590=DIRECTION('center_axis',(0.,0.,-1.));
#1591=DIRECTION('ref_axis',(-1.,0.,0.));
#1592=DIRECTION('',(-1.,1.99801706807014E-16,-8.22952928050543E-30));
#1593=DIRECTION('',(-0.5,-0.866025403784439,3.56702729521197E-14));
#1594=DIRECTION('',(0.5,-0.866025403784439,3.56702729521197E-14));
#1595=DIRECTION('',(1.,-3.84592537276713E-16,1.58407833304429E-29));
#1596=DIRECTION('center_axis',(-1.99801706807014E-16,-1.,0.));
#1597=DIRECTION('ref_axis',(-1.,1.99801706807014E-16,-8.22952928050543E-30));
#1598=DIRECTION('',(0.,0.,-1.));
#1599=DIRECTION('center_axis',(1.,0.,0.));
#1600=DIRECTION('ref_axis',(0.,1.,0.));
#1601=DIRECTION('',(0.,0.221290860760134,-0.975207852175135));
#1602=DIRECTION('',(0.,1.,5.54420071905157E-16));
#1603=DIRECTION('',(0.,-1.67643676718399E-13,1.));
#1604=DIRECTION('',(0.,-1.,0.));
#1605=DIRECTION('',(0.,0.221290860760134,-0.975207852175135));
#1606=DIRECTION('center_axis',(1.,0.,0.));
#1607=DIRECTION('ref_axis',(0.,-0.78143805281036,0.623982827984836));
#1608=DIRECTION('',(0.,-1.,4.11884833819474E-14));
#1609=DIRECTION('center_axis',(1.,0.,0.));
#1610=DIRECTION('ref_axis',(0.,0.781438052810391,0.623982827984797));
#1611=DIRECTION('',(0.,0.221290860760149,0.975207852175131));
#1612=DIRECTION('',(0.,-1.,4.97989413895559E-16));
#1613=DIRECTION('',(0.,1.11022302462517E-15,-1.));
#1614=DIRECTION('',(0.,1.,-1.66326021571576E-15));
#1615=DIRECTION('',(0.,0.221290860760149,0.975207852175131));
#1616=DIRECTION('center_axis',(1.,0.,0.));
#1617=DIRECTION('ref_axis',(0.,0.623982827984814,-0.781438052810377));
#1618=DIRECTION('',(0.,1.,2.72991022534861E-16));
#1619=DIRECTION('center_axis',(1.,0.,0.));
#1620=DIRECTION('ref_axis',(0.,-0.62398282798482,-0.781438052810372));
#1621=DIRECTION('',(0.,0.,1.));
#1622=DIRECTION('',(0.,-1.,0.));
#1623=DIRECTION('',(0.,0.,-1.));
#1624=DIRECTION('',(0.,1.,-4.11884833819474E-14));
#1625=DIRECTION('center_axis',(-1.,0.,0.));
#1626=DIRECTION('ref_axis',(0.,1.,0.));
#1627=DIRECTION('center_axis',(-1.,0.,0.));
#1628=DIRECTION('ref_axis',(0.,1.,0.));
#1629=DIRECTION('center_axis',(0.,3.99680288861863E-14,1.));
#1630=DIRECTION('ref_axis',(1.,0.,0.));
#1631=DIRECTION('center_axis',(0.,4.11884833819474E-14,1.));
#1632=DIRECTION('ref_axis',(1.,0.,0.));
#1633=DIRECTION('',(0.707106781183722,-2.81750686505719E-14,-0.707106781189373));
#1634=DIRECTION('center_axis',(0.,4.11884833819474E-14,1.));
#1635=DIRECTION('ref_axis',(0.,-1.,4.11884833819474E-14));
#1636=DIRECTION('',(3.04050812299537E-14,-1.,4.11884833819474E-14));
#1637=DIRECTION('',(1.,0.,0.));
#1638=DIRECTION('',(0.,1.,-4.11884833819474E-14));
#1639=DIRECTION('',(-1.,0.,0.));
#1640=DIRECTION('center_axis',(0.,4.11884833819474E-14,1.));
#1641=DIRECTION('ref_axis',(1.,0.,0.));
#1642=DIRECTION('center_axis',(0.,3.9968028886351E-14,1.));
#1643=DIRECTION('ref_axis',(1.,0.,0.));
#1644=DIRECTION('',(0.707106781185179,-2.81750686506299E-14,-0.707106781187915));
#1645=DIRECTION('center_axis',(-0.707106781186548,-0.707106781186548,0.));
#1646=DIRECTION('ref_axis',(0.,0.,1.));
#1647=DIRECTION('',(0.577350269189709,-0.577350269189707,0.577350269189461));
#1648=DIRECTION('',(0.,0.,1.));
#1649=DIRECTION('',(-0.577350269189638,0.577350269189635,0.577350269189604));
#1650=DIRECTION('center_axis',(-0.707106781186548,0.707106781186547,0.));
#1651=DIRECTION('ref_axis',(0.,0.,1.));
#1652=DIRECTION('',(0.577350269189619,0.577350269189621,-0.577350269189637));
#1653=DIRECTION('',(0.,0.,-1.));
#1654=DIRECTION('',(-0.577350269189551,-0.577350269189552,-0.577350269189774));
#1655=DIRECTION('center_axis',(-0.70710678118654,-2.91246559061648E-14,
-0.707106781186555));
#1656=DIRECTION('ref_axis',(-0.707106781186555,0.,0.70710678118654));
#1657=DIRECTION('center_axis',(-0.70710678118654,0.,0.707106781186555));
#1658=DIRECTION('ref_axis',(0.707106781186555,0.,0.70710678118654));
#1659=DIRECTION('',(0.,1.,0.));
#1660=DIRECTION('center_axis',(0.,0.,-1.));
#1661=DIRECTION('ref_axis',(-1.,0.,0.));
#1662=DIRECTION('',(-1.,-1.53837014910685E-15,6.33631333217716E-29));
#1663=DIRECTION('',(-0.499999999999999,-0.866025403784439,3.56702729521197E-14));
#1664=DIRECTION('',(0.500000000000001,-0.866025403784438,3.56702729521196E-14));
#1665=DIRECTION('',(1.,1.15377761183014E-15,-4.75223499913286E-29));
#1666=DIRECTION('center_axis',(1.53837014910685E-15,-1.,0.));
#1667=DIRECTION('ref_axis',(-1.,-1.53837014910685E-15,6.33631333217716E-29));
#1668=DIRECTION('',(0.,0.,-1.));
#1669=DIRECTION('center_axis',(-1.,0.,0.));
#1670=DIRECTION('ref_axis',(0.,1.,0.));
#1671=DIRECTION('',(0.707106781186547,0.707106781186547,-8.65956056235493E-17));
#1672=DIRECTION('center_axis',(1.,0.,0.));
#1673=DIRECTION('ref_axis',(0.,1.,0.));
#1674=DIRECTION('center_axis',(1.,0.,0.));
#1675=DIRECTION('ref_axis',(0.,1.,0.));
#1676=DIRECTION('center_axis',(-1.,0.,0.));
#1677=DIRECTION('ref_axis',(0.,1.,0.));
#1678=DIRECTION('',(-1.,0.,0.));
#1679=DIRECTION('center_axis',(1.,0.,0.));
#1680=DIRECTION('ref_axis',(0.,1.,0.));
#1681=DIRECTION('',(0.707106781186547,-0.707106781186547,8.65956056235493E-17));
#1682=DIRECTION('center_axis',(1.,0.,0.));
#1683=DIRECTION('ref_axis',(0.,1.,0.));
#1684=DIRECTION('center_axis',(1.,0.,0.));
#1685=DIRECTION('ref_axis',(0.,1.,0.));
#1686=DIRECTION('center_axis',(-1.,0.,0.));
#1687=DIRECTION('ref_axis',(0.,1.,0.));
#1688=DIRECTION('',(-0.452015672500686,0.,0.892009995355295));
#1689=DIRECTION('center_axis',(0.806404995855706,1.61436971223638E-16,-0.591363663627517));
#1690=DIRECTION('ref_axis',(-0.591363663627517,0.,-0.806404995855706));
#1691=DIRECTION('',(-0.581704910714964,-0.179997963949297,-0.79323396915677));
#1692=DIRECTION('',(-3.04050812299537E-14,1.,-4.11884833819474E-14));
#1693=DIRECTION('',(0.581704910714966,-0.179997963949285,0.793233969156771));
#1694=DIRECTION('',(0.,-1.,-2.72991022534861E-16));
#1695=DIRECTION('center_axis',(1.,0.,0.));
#1696=DIRECTION('ref_axis',(0.,1.,0.));
#1697=DIRECTION('',(1.,0.,0.));
#1698=DIRECTION('center_axis',(-1.,0.,0.));
#1699=DIRECTION('ref_axis',(0.,1.,0.));
#1700=DIRECTION('',(0.707106781186547,0.707106781186547,-8.65956056235493E-17));
#1701=DIRECTION('center_axis',(1.,0.,0.));
#1702=DIRECTION('ref_axis',(0.,1.,0.));
#1703=DIRECTION('center_axis',(1.,0.,0.));
#1704=DIRECTION('ref_axis',(0.,1.,0.));
#1705=DIRECTION('center_axis',(-1.,0.,0.));
#1706=DIRECTION('ref_axis',(0.,1.,0.));
#1707=DIRECTION('',(-1.,0.,0.));
#1708=DIRECTION('center_axis',(1.,0.,0.));
#1709=DIRECTION('ref_axis',(0.,1.,0.));
#1710=DIRECTION('',(0.707106781186547,-0.707106781186547,8.65956056235493E-17));
#1711=DIRECTION('center_axis',(1.,0.,0.));
#1712=DIRECTION('ref_axis',(0.,1.,0.));
#1713=DIRECTION('center_axis',(1.,0.,0.));
#1714=DIRECTION('ref_axis',(0.,1.,0.));
#1715=DIRECTION('center_axis',(-1.,0.,0.));
#1716=DIRECTION('ref_axis',(0.,1.,0.));
#1717=DIRECTION('',(-0.452015672500686,0.,0.892009995355295));
#1718=DIRECTION('center_axis',(1.,0.,0.));
#1719=DIRECTION('ref_axis',(0.,1.,0.));
#1720=DIRECTION('',(1.,0.,0.));
#1721=DIRECTION('',(0.452015672500672,-2.94739255871307E-14,-0.892009995355302));
#1722=DIRECTION('',(-0.617653116896809,0.732301254936867,0.286774300113429));
#1723=DIRECTION('',(0.617653116896807,0.732301254936859,-0.286774300113451));
#1724=DIRECTION('',(-0.452015672500678,1.47369627935653E-14,0.892009995355299));
#1725=DIRECTION('center_axis',(0.892009995355296,4.57394763818826E-14,0.452015672500684));
#1726=DIRECTION('ref_axis',(0.452015672500684,0.,-0.892009995355296));
#1727=DIRECTION('center_axis',(0.536207818936644,-0.648450937323168,-0.540363356266793));
#1728=DIRECTION('ref_axis',(-0.709830907352353,0.,-0.704372119669238));
#1729=DIRECTION('',(-0.611637614737112,-0.739670274418822,0.280690778936325));
#1730=DIRECTION('',(-0.581704910714966,0.179997963949285,-0.793233969156771));
#1731=DIRECTION('',(0.61163761473711,0.739670274418823,-0.280690778936325));
#1732=DIRECTION('',(-0.633373044582573,-0.736719244883209,0.236819215045815));
#1733=DIRECTION('',(0.892009995355298,0.,0.452015672500679));
#1734=DIRECTION('center_axis',(0.452015672500678,2.43510720743359E-16,-0.892009995355298));
#1735=DIRECTION('ref_axis',(-0.892009995355298,0.,-0.452015672500678));
#1736=DIRECTION('',(0.892009995355298,-2.48926139932534E-15,0.452015672500678));
#1737=DIRECTION('',(0.,1.,2.72991022534861E-16));
#1738=DIRECTION('',(0.633373044582581,-0.73671924488321,-0.236819215045791));
#1739=DIRECTION('center_axis',(0.536207818936639,0.648450937323166,-0.540363356266799));
#1740=DIRECTION('ref_axis',(-0.709830907352361,0.,-0.70437211966923));
#1741=DIRECTION('',(0.611637614737116,-0.739670274418825,-0.28069077893631));
#1742=DIRECTION('',(-0.611637614737117,0.739670274418821,0.280690778936316));
#1743=DIRECTION('',(0.581704910714964,0.179997963949297,0.79323396915677));
#1744=DIRECTION('center_axis',(1.,0.,0.));
#1745=DIRECTION('ref_axis',(0.,4.08562073062058E-14,1.));
#1746=DIRECTION('center_axis',(-1.,0.,0.));
#1747=DIRECTION('ref_axis',(0.,-0.78143805281036,0.623982827984836));
#1748=DIRECTION('',(1.,0.,0.));
#1749=DIRECTION('center_axis',(1.,0.,0.));
#1750=DIRECTION('ref_axis',(0.,0.975207852175131,-0.221290860760149));
#1751=DIRECTION('',(1.,0.,0.));
#1752=DIRECTION('center_axis',(-1.,0.,0.));
#1753=DIRECTION('ref_axis',(0.,0.781438052810391,0.623982827984797));
#1754=DIRECTION('center_axis',(-0.707106781186549,3.92034192470068E-16,
-0.707106781186546));
#1755=DIRECTION('ref_axis',(-0.707106781186546,0.,0.707106781186549));
#1756=DIRECTION('',(-0.698176418857615,-0.158427826792851,0.698176418857619));
#1757=DIRECTION('',(0.,1.,5.54420071905157E-16));
#1758=DIRECTION('',(0.707106781186546,1.18541980630625E-13,-0.707106781186549));
#1759=DIRECTION('',(0.,-1.,-5.54420071905157E-16));
#1760=DIRECTION('center_axis',(0.,1.,1.67643676718399E-13));
#1761=DIRECTION('ref_axis',(0.,1.67643676718399E-13,-1.));
#1762=DIRECTION('',(0.,1.67643676718399E-13,-1.));
#1763=DIRECTION('',(-0.707106781186547,1.18541980630625E-13,-0.707106781186548));
#1764=DIRECTION('',(-1.,0.,0.));
#1765=DIRECTION('',(-1.,0.,0.));
#1766=DIRECTION('center_axis',(-1.,0.,0.));
#1767=DIRECTION('ref_axis',(0.,0.,1.));
#1768=DIRECTION('',(0.,-0.221290860760134,0.975207852175135));
#1769=DIRECTION('',(0.,-1.,0.));
#1770=DIRECTION('center_axis',(-0.707106781186548,0.,0.707106781186547));
#1771=DIRECTION('ref_axis',(0.707106781186547,0.,0.707106781186548));
#1772=DIRECTION('',(0.698176418857617,-0.15842782679285,0.698176418857618));
#1773=DIRECTION('',(0.,1.,0.));
#1774=DIRECTION('center_axis',(-0.707106781186548,-1.17610257741041E-15,
-0.707106781186547));
#1775=DIRECTION('ref_axis',(-0.707106781186547,0.,0.707106781186548));
#1776=DIRECTION('',(-0.707106781186547,-7.85046229341898E-16,0.707106781186548));
#1777=DIRECTION('',(0.,1.,-1.66326021571576E-15));
#1778=DIRECTION('',(0.698176418857616,-0.158427826792861,-0.698176418857616));
#1779=DIRECTION('',(0.,-1.,1.66326021571576E-15));
#1780=DIRECTION('center_axis',(0.,0.975207852175131,-0.221290860760149));
#1781=DIRECTION('ref_axis',(0.,0.221290860760149,0.975207852175131));
#1782=DIRECTION('',(1.,0.,0.));
#1783=DIRECTION('',(0.,-0.221290860760149,-0.975207852175131));
#1784=DIRECTION('',(-1.,0.,0.));
#1785=DIRECTION('',(0.,-0.221290860760149,-0.975207852175131));
#1786=DIRECTION('',(-0.698176418857616,-0.158427826792861,-0.698176418857617));
#1787=DIRECTION('',(-1.,0.,0.));
#1788=DIRECTION('',(0.,-0.221290860760149,-0.975207852175131));
#1789=DIRECTION('center_axis',(-1.,0.,0.));
#1790=DIRECTION('ref_axis',(0.,0.,1.));
#1791=DIRECTION('',(0.,-1.11022302462517E-15,1.));
#1792=DIRECTION('',(0.,-1.,4.97989413895559E-16));
#1793=DIRECTION('center_axis',(-0.707106781186548,3.52131691524664E-16,
0.707106781186547));
#1794=DIRECTION('ref_axis',(0.707106781186547,0.,0.707106781186548));
#1795=DIRECTION('',(0.707106781186547,-7.85046229341898E-16,0.707106781186548));
#1796=DIRECTION('',(0.,1.,-4.97989413895559E-16));
#1797=DIRECTION('center_axis',(1.,0.,0.));
#1798=DIRECTION('ref_axis',(0.,-5.9211894646675E-16,-1.));
#1799=DIRECTION('',(1.,0.,0.));
#1800=DIRECTION('center_axis',(-1.,0.,0.));
#1801=DIRECTION('ref_axis',(0.,0.623982827984814,-0.781438052810377));
#1802=DIRECTION('center_axis',(0.,2.72991022534861E-16,-1.));
#1803=DIRECTION('ref_axis',(0.,1.,2.72991022534861E-16));
#1804=DIRECTION('',(1.,0.,0.));
#1805=DIRECTION('',(0.,-1.,-2.72991022534861E-16));
#1806=DIRECTION('center_axis',(1.,0.,0.));
#1807=DIRECTION('ref_axis',(0.,-0.975207852175135,-0.221290860760133));
#1808=DIRECTION('',(1.,0.,0.));
#1809=DIRECTION('center_axis',(-1.,0.,0.));
#1810=DIRECTION('ref_axis',(0.,-0.62398282798482,-0.781438052810372));
#1811=DIRECTION('center_axis',(0.,-0.975207852175135,-0.221290860760134));
#1812=DIRECTION('ref_axis',(0.,0.221290860760134,-0.975207852175135));
#1813=DIRECTION('',(0.,-0.221290860760134,0.975207852175135));
#1814=DIRECTION('',(-1.,0.,0.));
#1815=DIRECTION('',(-1.,0.,0.));
#1816=DIRECTION('',(0.,-0.221290860760134,0.975207852175135));
#1817=DIRECTION('center_axis',(0.,-0.221290860760149,-0.975207852175131));
#1818=DIRECTION('ref_axis',(-0.707106781186548,0.689576085339406,-0.156476268258099));
#1819=DIRECTION('center_axis',(0.,0.221290860760153,0.97520785217513));
#1820=DIRECTION('ref_axis',(0.,0.97520785217513,-0.221290860760153));
#1821=DIRECTION('center_axis',(0.,1.66326021571576E-15,1.));
#1822=DIRECTION('ref_axis',(3.24809463384023E-15,1.,-1.62686440024621E-15));
#1823=DIRECTION('center_axis',(-1.,0.,0.));
#1824=DIRECTION('ref_axis',(0.,0.,1.));
#1825=DIRECTION('center_axis',(0.,1.,0.));
#1826=DIRECTION('ref_axis',(0.,0.,-1.));
#1827=DIRECTION('center_axis',(0.,-1.,-2.72991022534861E-16));
#1828=DIRECTION('ref_axis',(-0.707106781186555,0.,-0.70710678118654));
#1829=DIRECTION('center_axis',(0.,1.,0.));
#1830=DIRECTION('ref_axis',(0.,0.,-1.));
#1831=DIRECTION('center_axis',(-1.,0.,0.));
#1832=DIRECTION('ref_axis',(0.,0.,1.));
#1833=DIRECTION('center_axis',(0.,0.221290860760135,-0.975207852175134));
#1834=DIRECTION('ref_axis',(0.,-0.975207852175134,-0.221290860760135));
#1835=DIRECTION('center_axis',(0.,-0.221290860760134,0.975207852175135));
#1836=DIRECTION('ref_axis',(-0.707106781186548,-0.689576085339406,-0.156476268258099));
#1837=DIRECTION('center_axis',(0.,-5.54420071905157E-16,1.));
#1838=DIRECTION('ref_axis',(1.62404731692012E-15,-1.,-5.50262958906809E-16));
#1839=DIRECTION('center_axis',(0.,-0.221290860760134,0.975207852175135));
#1840=DIRECTION('ref_axis',(-0.707106781186548,-0.689576085339406,-0.156476268258099));
#1841=DIRECTION('center_axis',(0.,0.221290860760137,-0.975207852175134));
#1842=DIRECTION('ref_axis',(0.,-0.975207852175134,-0.221290860760137));
#1843=DIRECTION('center_axis',(0.,0.,-1.));
#1844=DIRECTION('ref_axis',(1.62404731692012E-15,-1.,0.));
#1845=DIRECTION('center_axis',(-1.,0.,0.));
#1846=DIRECTION('ref_axis',(0.,0.,1.));
#1847=DIRECTION('center_axis',(0.,-1.,3.99680288865054E-14));
#1848=DIRECTION('ref_axis',(0.,3.99680288865054E-14,1.));
#1849=DIRECTION('center_axis',(0.,1.,-4.11884833819474E-14));
#1850=DIRECTION('ref_axis',(-0.707106781186549,2.8261664256308E-14,0.707106781186546));
#1851=DIRECTION('center_axis',(0.,-1.,4.44089209850068E-14));
#1852=DIRECTION('ref_axis',(0.,4.44089209850068E-14,1.));
#1853=DIRECTION('center_axis',(-1.,0.,0.));
#1854=DIRECTION('ref_axis',(0.,0.,1.));
#1855=DIRECTION('center_axis',(0.,0.221290860760143,0.975207852175132));
#1856=DIRECTION('ref_axis',(0.,0.975207852175133,-0.221290860760143));
#1857=DIRECTION('center_axis',(0.,-0.221290860760149,-0.975207852175131));
#1858=DIRECTION('ref_axis',(-0.707106781186548,0.689576085339406,-0.156476268258099));
#1859=DIRECTION('center_axis',(0.,-4.97989413895559E-16,-1.));
#1860=DIRECTION('ref_axis',(3.24809463384023E-15,1.,-5.26338482432598E-16));
#1861=DIRECTION('center_axis',(0.866025403784439,0.5,0.));
#1862=DIRECTION('ref_axis',(0.5,-0.866025403784439,3.56702729521197E-14));
#1863=DIRECTION('',(0.,0.,-1.));
#1864=DIRECTION('',(0.,0.,-1.));
#1865=DIRECTION('center_axis',(3.84592537276713E-16,1.,0.));
#1866=DIRECTION('ref_axis',(1.,-3.84592537276713E-16,1.58407833304429E-29));
#1867=DIRECTION('center_axis',(0.866025403784439,-0.5,0.));
#1868=DIRECTION('ref_axis',(-0.5,-0.866025403784439,3.56702729521197E-14));
#1869=DIRECTION('center_axis',(0.866025403784438,0.500000000000001,0.));
#1870=DIRECTION('ref_axis',(0.500000000000001,-0.866025403784438,3.56702729521196E-14));
#1871=DIRECTION('',(0.,0.,-1.));
#1872=DIRECTION('',(0.,0.,-1.));
#1873=DIRECTION('center_axis',(-1.15377761183014E-15,1.,0.));
#1874=DIRECTION('ref_axis',(1.,1.15377761183014E-15,-4.75223499913286E-29));
#1875=DIRECTION('center_axis',(0.866025403784439,-0.499999999999999,0.));
#1876=DIRECTION('ref_axis',(-0.499999999999999,-0.866025403784439,3.56702729521197E-14));
#1877=DIRECTION('center_axis',(0.,-1.66326021571576E-15,-1.));
#1878=DIRECTION('ref_axis',(0.,-1.,1.66326021571576E-15));
#1879=DIRECTION('',(-1.,0.,0.));
#1880=DIRECTION('center_axis',(0.,4.97989413895559E-16,1.));
#1881=DIRECTION('ref_axis',(0.,1.,-4.97989413895559E-16));
#1882=DIRECTION('',(-1.,0.,0.));
#1883=DIRECTION('center_axis',(0.,-1.,-1.11022302462517E-15));
#1884=DIRECTION('ref_axis',(0.,-1.11022302462517E-15,1.));
#1885=DIRECTION('center_axis',(0.,0.,1.));
#1886=DIRECTION('ref_axis',(0.,1.,0.));
#1887=DIRECTION('center_axis',(0.,5.54420071905157E-16,-1.));
#1888=DIRECTION('ref_axis',(0.,-1.,-5.54420071905157E-16));
#1889=CARTESIAN_POINT('',(0.,0.,0.));
#1890=CARTESIAN_POINT('Origin',(0.,12.5,-63.8179671189236));
#1891=CARTESIAN_POINT('',(-3.65,12.5,-64.0679671189241));
#1892=CARTESIAN_POINT('Origin',(0.,12.5,-64.0679671189241));
#1893=CARTESIAN_POINT('',(-3.15,12.5,-63.5679671189231));
#1894=CARTESIAN_POINT('',(-3.4,12.5,-63.8179671189236));
#1895=CARTESIAN_POINT('Origin',(0.,12.5,-63.5679671189231));
#1896=CARTESIAN_POINT('Origin',(0.,12.5,-60.0679671189236));
#1897=CARTESIAN_POINT('',(-3.15,12.5,-60.567967118926));
#1898=CARTESIAN_POINT('Origin',(0.,12.5,-60.567967118926));
#1899=CARTESIAN_POINT('',(-3.15,12.5,-60.0679671189236));
#1900=CARTESIAN_POINT('Origin',(-4.11324865405188,-1.62533487478539E-13,
-64.0679671189236));
#1901=CARTESIAN_POINT('',(-13.5,17.5,-64.0679671189243));
#1902=CARTESIAN_POINT('',(-13.5,7.49999999999998,-64.0679671189239));
#1903=CARTESIAN_POINT('',(-13.5,-2.63292158200632E-13,-64.0679671189236));
#1904=CARTESIAN_POINT('',(2.88675134594812,17.5,-64.0679671189243));
#1905=CARTESIAN_POINT('',(-9.05662432702595,17.5,-64.0679671189243));
#1906=CARTESIAN_POINT('',(5.77350269189625,12.5,-64.0679671189241));
#1907=CARTESIAN_POINT('',(5.80061248750565,12.4530444566217,-64.0679671189241));
#1908=CARTESIAN_POINT('',(2.88675134594813,7.50000000000001,-64.0679671189239));
#1909=CARTESIAN_POINT('',(1.83132938682577,5.67195554337618,-64.0679671189238));
#1910=CARTESIAN_POINT('',(-0.613248654051877,7.5,-64.0679671189239));
#1911=CARTESIAN_POINT('Origin',(0.,-12.5,-63.8179671189236));
#1912=CARTESIAN_POINT('',(-3.65,-12.5,-64.0679671189231));
#1913=CARTESIAN_POINT('Origin',(0.,-12.5,-64.0679671189231));
#1914=CARTESIAN_POINT('',(-3.15,-12.5,-63.5679671189241));
#1915=CARTESIAN_POINT('',(-3.4,-12.5,-63.8179671189236));
#1916=CARTESIAN_POINT('Origin',(0.,-12.5,-63.5679671189241));
#1917=CARTESIAN_POINT('Origin',(0.,-12.5,-60.0679671189236));
#1918=CARTESIAN_POINT('',(-3.15,-12.5,-60.567967118927));
#1919=CARTESIAN_POINT('Origin',(0.,-12.5,-60.567967118927));
#1920=CARTESIAN_POINT('',(-3.15,-12.5,-60.0679671189236));
#1921=CARTESIAN_POINT('Origin',(-4.11324865405188,-1.62533487478539E-13,
-64.0679671189236));
#1922=CARTESIAN_POINT('',(-13.5,-7.5,-64.0679671189233));
#1923=CARTESIAN_POINT('',(-13.5,-17.5,-64.0679671189229));
#1924=CARTESIAN_POINT('',(-13.5,-2.63292158200632E-13,-64.0679671189236));
#1925=CARTESIAN_POINT('',(2.88675134594813,-7.50000000000001,-64.0679671189233));
#1926=CARTESIAN_POINT('',(-9.05662432702593,-7.5,-64.0679671189233));
#1927=CARTESIAN_POINT('',(5.77350269189625,-12.5,-64.0679671189231));
#1928=CARTESIAN_POINT('',(0.387953713852906,-3.17195554337829,-64.0679671189234));
#1929=CARTESIAN_POINT('',(2.88675134594813,-17.5,-64.0679671189229));
#1930=CARTESIAN_POINT('',(7.2439881604785,-9.95304445662382,-64.0679671189232));
#1931=CARTESIAN_POINT('',(-0.613248654051878,-17.5,-64.0679671189229));
#1932=CARTESIAN_POINT('Origin',(-13.75,-7.25,-69.567967118923));
#1933=CARTESIAN_POINT('',(-14.,-7.,-63.5679671189233));
#1934=CARTESIAN_POINT('',(-14.,-7.,-69.5679671189231));
#1935=CARTESIAN_POINT('',(-14.,-7.,-69.567967118923));
#1936=CARTESIAN_POINT('',(-13.5,-7.5,-69.0679671189233));
#1937=CARTESIAN_POINT('',(-14.,-7.,-69.5679671189231));
#1938=CARTESIAN_POINT('',(-13.5,-7.5,-69.567967118923));
#1939=CARTESIAN_POINT('',(-13.5,-7.5,-64.0679671189233));
#1940=CARTESIAN_POINT('Origin',(-13.75,-17.75,-69.5679671189228));
#1941=CARTESIAN_POINT('',(-14.,-18.,-69.5679671189231));
#1942=CARTESIAN_POINT('',(-14.,-18.,-63.5679671189229));
#1943=CARTESIAN_POINT('',(-14.,-18.,-69.5679671189228));
#1944=CARTESIAN_POINT('',(-14.,-18.,-63.5679671189229));
#1945=CARTESIAN_POINT('',(-13.5,-17.5,-69.0679671189229));
#1946=CARTESIAN_POINT('',(-13.5,-17.5,-69.5679671189228));
#1947=CARTESIAN_POINT('',(-13.5,-17.5,-69.0679671189229));
#1948=CARTESIAN_POINT('Origin',(-13.75,-2.52995037355146E-13,-63.8179671189236));
#1949=CARTESIAN_POINT('',(-14.,-2.42697916509659E-13,-63.5679671189236));
#1950=CARTESIAN_POINT('Origin',(-13.75,-4.89608353859694E-13,-69.3179671189231));
#1951=CARTESIAN_POINT('',(-14.,-4.89608353859694E-13,-69.5679671189231));
#1952=CARTESIAN_POINT('',(-13.5,-4.89608353859694E-13,-69.0679671189231));
#1953=CARTESIAN_POINT('Origin',(-4.11324865405188,-1.62092561595273E-13,
-69.0679671189231));
#1954=CARTESIAN_POINT('',(2.88675134594813,-17.5,-69.0679671189229));
#1955=CARTESIAN_POINT('',(-0.613248654051878,-17.5,-69.0679671189229));
#1956=CARTESIAN_POINT('',(5.77350269189625,-12.5,-69.0679671189231));
#1957=CARTESIAN_POINT('',(7.2439881604785,-9.95304445662382,-69.0679671189232));
#1958=CARTESIAN_POINT('',(2.88675134594813,-7.50000000000001,-69.0679671189233));
#1959=CARTESIAN_POINT('',(0.387953713852906,-3.17195554337829,-69.0679671189234));
#1960=CARTESIAN_POINT('',(-9.05662432702593,-7.5,-69.0679671189233));
#1961=CARTESIAN_POINT('Origin',(2.88675134594813,-17.5,-64.0679671189229));
#1962=CARTESIAN_POINT('',(2.88675134594813,-17.5,-64.0679671189229));
#1963=CARTESIAN_POINT('Origin',(-14.,-8.17124146124115E-13,-75.0679671189228));
#1964=CARTESIAN_POINT('',(-14.,-39.994531843346,-79.0679671189236));
#1965=CARTESIAN_POINT('',(-14.,-38.8739289861328,-84.0063577138644));
#1966=CARTESIAN_POINT('',(-14.,-40.5884551524367,-76.4506033804235));
#1967=CARTESIAN_POINT('',(-14.,-24.9999999999987,-79.0679671189235));
#1968=CARTESIAN_POINT('',(-14.,-12.4999999999997,-79.0679671189235));
#1969=CARTESIAN_POINT('',(-14.,-25.,-71.0679671189236));
#1970=CARTESIAN_POINT('',(-14.,-24.9999999999997,-73.0679671189253));
#1971=CARTESIAN_POINT('',(-14.,-41.8098647307223,-71.0679671189236));
#1972=CARTESIAN_POINT('',(-14.,-21.417643577525,-71.0679671189236));
#1973=CARTESIAN_POINT('',(-14.,-42.2776781499636,-69.0063577138629));
#1974=CARTESIAN_POINT('',(-14.,-40.5884551524367,-76.4506033804235));
#1975=CARTESIAN_POINT('',(-14.,-35.938827110825,-61.0679671189221));
#1976=CARTESIAN_POINT('Origin',(-14.,-35.9388271108252,-67.5679671189221));
#1977=CARTESIAN_POINT('',(-14.,35.9388271108239,-61.067967118925));
#1978=CARTESIAN_POINT('',(-14.,17.9694135554118,-61.0679671189243));
#1979=CARTESIAN_POINT('',(-14.,42.277678149962,-69.006357713866));
#1980=CARTESIAN_POINT('Origin',(-14.,35.9388271108236,-67.567967118925));
#1981=CARTESIAN_POINT('',(-14.,41.8098647307213,-71.0679671189236));
#1982=CARTESIAN_POINT('',(-14.,38.88658057052,-83.9506033804246));
#1983=CARTESIAN_POINT('',(-14.,25.0000000000003,-71.0679671189236));
#1984=CARTESIAN_POINT('',(-14.,12.4999999999998,-71.0679671189236));
#1985=CARTESIAN_POINT('',(-14.,25.0000000000003,-79.0679671189235));
#1986=CARTESIAN_POINT('',(-14.,25.0000000000003,-77.0679671189231));
#1987=CARTESIAN_POINT('',(-14.,39.9945318433449,-79.0679671189235));
#1988=CARTESIAN_POINT('',(-14.,20.5099771338355,-79.0679671189235));
#1989=CARTESIAN_POINT('',(-14.,38.8739289861316,-84.0063577138645));
#1990=CARTESIAN_POINT('',(-14.,38.88658057052,-83.9506033804246));
#1991=CARTESIAN_POINT('',(-14.,32.5350779469932,-89.0679671189235));
#1992=CARTESIAN_POINT('Origin',(-14.,32.5350779469932,-82.5679671189235));
#1993=CARTESIAN_POINT('',(-14.,-32.5350779469944,-89.0679671189236));
#1994=CARTESIAN_POINT('',(-14.,-16.2675389734976,-89.0679671189236));
#1995=CARTESIAN_POINT('Origin',(-14.,-32.5350779469944,-82.5679671189236));
#1996=CARTESIAN_POINT('',(-14.,6.99999999999998,-69.5679671189241));
#1997=CARTESIAN_POINT('',(-14.,6.99999999999998,-63.5679671189239));
#1998=CARTESIAN_POINT('',(-14.,6.99999999999998,-69.5679671189233));
#1999=CARTESIAN_POINT('',(-14.,18.,-69.5679671189241));
#2000=CARTESIAN_POINT('',(-14.,-4.89608353859694E-13,-69.5679671189241));
#2001=CARTESIAN_POINT('',(-14.,18.,-63.5679671189243));
#2002=CARTESIAN_POINT('',(-14.,18.,-69.5679671189235));
#2003=CARTESIAN_POINT('',(-14.,-2.42697916509659E-13,-63.5679671189236));
#2004=CARTESIAN_POINT('',(-14.,-16.0000000000005,-75.0679671189235));
#2005=CARTESIAN_POINT('Origin',(-14.,-12.5000000000005,-75.0679671189235));
#2006=CARTESIAN_POINT('',(-14.,8.99999999999947,-75.0679671189235));
#2007=CARTESIAN_POINT('Origin',(-14.,12.4999999999995,-75.0679671189235));
#2008=CARTESIAN_POINT('Origin',(0.,-12.5,-60.317967118925));
#2009=CARTESIAN_POINT('',(-3.65,-12.5,-60.0679671189231));
#2010=CARTESIAN_POINT('Origin',(0.,-12.5,-60.0679671189231));
#2011=CARTESIAN_POINT('',(-3.4,-12.5,-60.317967118925));
#2012=CARTESIAN_POINT('Origin',(0.,35.9388271108239,-60.067967118925));
#2013=CARTESIAN_POINT('',(12.9999999999989,35.9388271108239,-60.0679671189251));
#2014=CARTESIAN_POINT('',(13.0000000000011,-35.9388271108249,-60.0679671189221));
#2015=CARTESIAN_POINT('',(12.9999999999997,9.8356440686638,-60.067967118924));
#2016=CARTESIAN_POINT('',(-13.,35.9388271108239,-60.0679671189251));
#2017=CARTESIAN_POINT('',(0.,35.9388271108239,-60.0679671189251));
#2018=CARTESIAN_POINT('',(-13.,-35.9388271108249,-60.0679671189221));
#2019=CARTESIAN_POINT('',(-13.,17.9694135554119,-60.0679671189243));
#2020=CARTESIAN_POINT('',(0.,-35.9388271108249,-60.0679671189221));
#2021=CARTESIAN_POINT('',(-3.65,12.5,-60.0679671189241));
#2022=CARTESIAN_POINT('Origin',(0.,12.5,-60.0679671189241));
#2023=CARTESIAN_POINT('Origin',(0.,12.5,-60.317967118925));
#2024=CARTESIAN_POINT('',(-3.4,12.5,-60.317967118925));
#2025=CARTESIAN_POINT('Origin',(-13.75,17.75,-69.5679671189235));
#2026=CARTESIAN_POINT('',(-13.5,17.5,-69.0679671189243));
#2027=CARTESIAN_POINT('',(-14.,18.,-69.5679671189241));
#2028=CARTESIAN_POINT('',(-13.5,17.5,-69.5679671189235));
#2029=CARTESIAN_POINT('',(-13.5,17.5,-64.0679671189243));
#2030=CARTESIAN_POINT('Origin',(-13.75,7.24999999999998,-69.5679671189233));
#2031=CARTESIAN_POINT('',(-14.,6.99999999999998,-63.5679671189239));
#2032=CARTESIAN_POINT('',(-13.5,7.49999999999998,-69.0679671189239));
#2033=CARTESIAN_POINT('',(-13.5,7.49999999999998,-69.5679671189233));
#2034=CARTESIAN_POINT('',(-13.5,7.49999999999998,-69.0679671189239));
#2035=CARTESIAN_POINT('Origin',(-13.75,-2.52995037355146E-13,-63.8179671189236));
#2036=CARTESIAN_POINT('Origin',(-13.75,-4.89608353859694E-13,-69.3179671189241));
#2037=CARTESIAN_POINT('',(-13.5,-4.89608353859694E-13,-69.0679671189241));
#2038=CARTESIAN_POINT('Origin',(-4.11324865405188,-1.62092561595273E-13,
-69.0679671189241));
#2039=CARTESIAN_POINT('',(2.88675134594813,7.50000000000001,-69.0679671189239));
#2040=CARTESIAN_POINT('',(-0.613248654051877,7.5,-69.0679671189239));
#2041=CARTESIAN_POINT('',(5.77350269189625,12.5,-69.0679671189241));
#2042=CARTESIAN_POINT('',(1.83132938682577,5.67195554337618,-69.0679671189238));
#2043=CARTESIAN_POINT('',(2.88675134594812,17.5,-69.0679671189243));
#2044=CARTESIAN_POINT('',(5.80061248750565,12.4530444566217,-69.0679671189241));
#2045=CARTESIAN_POINT('',(-9.05662432702595,17.5,-69.0679671189243));
#2046=CARTESIAN_POINT('Origin',(2.88675134594813,7.50000000000001,-64.0679671189239));
#2047=CARTESIAN_POINT('',(2.88675134594813,7.50000000000001,-64.0679671189239));
#2048=CARTESIAN_POINT('Origin',(-13.75,12.4999999999995,-75.0679671189235));
#2049=CARTESIAN_POINT('',(-13.5,9.49999999999947,-75.0679671189235));
#2050=CARTESIAN_POINT('',(-13.75,9.24999999999947,-75.0679671189235));
#2051=CARTESIAN_POINT('Origin',(-13.5,12.4999999999995,-75.0679671189235));
#2052=CARTESIAN_POINT('Origin',(0.,12.4999999999995,-75.0679671189235));
#2053=CARTESIAN_POINT('',(-6.5,9.49999999999947,-75.0679671189235));
#2054=CARTESIAN_POINT('Origin',(-6.5,12.4999999999995,-75.0679671189235));
#2055=CARTESIAN_POINT('',(0.,9.49999999999947,-75.0679671189235));
#2056=CARTESIAN_POINT('Origin',(-6.25,12.4999999999995,-75.0679671189235));
#2057=CARTESIAN_POINT('',(-6.,8.99999999999947,-75.0679671189235));
#2058=CARTESIAN_POINT('',(-6.25,9.24999999999947,-75.0679671189235));
#2059=CARTESIAN_POINT('Origin',(-6.,12.4999999999995,-75.0679671189235));
#2060=CARTESIAN_POINT('Origin',(-6.,12.4999999999995,-75.0679671189235));
#2061=CARTESIAN_POINT('',(-6.,7.24999999999948,-75.0679671189235));
#2062=CARTESIAN_POINT('Origin',(-6.,12.4999999999995,-75.0679671189235));
#2063=CARTESIAN_POINT('Ctrl Pts',(-1.14568183181375,12.4999999999995,-80.7211696168514));
#2064=CARTESIAN_POINT('Ctrl Pts',(-1.14568183181375,11.6218446916564,-80.7211696168514));
#2065=CARTESIAN_POINT('Ctrl Pts',(-0.848137994866863,9.87298950976267,-80.3154280210147));
#2066=CARTESIAN_POINT('Ctrl Pts',(0.75384140677699,7.12228432262845,-78.1309106551368));
#2067=CARTESIAN_POINT('Ctrl Pts',(4.02844139621938,6.11177480318122,-73.6655470331698));
#2068=CARTESIAN_POINT('Ctrl Pts',(6.89283073496386,9.17011738301862,-69.7595615712456));
#2069=CARTESIAN_POINT('Ctrl Pts',(7.2910837157224,12.8287109309568,-69.2164893247567));
#2070=CARTESIAN_POINT('Ctrl Pts',(6.71409662390182,15.3595272656141,-70.003289904512));
#2071=CARTESIAN_POINT('Ctrl Pts',(5.64437564295083,17.1773535559679,-71.4620003330815));
#2072=CARTESIAN_POINT('Ctrl Pts',(3.36829128929967,18.6848183802622,-74.565751724424));
#2073=CARTESIAN_POINT('Ctrl Pts',(0.757149472139443,17.8767762069804,-78.1263996569152));
#2074=CARTESIAN_POINT('Ctrl Pts',(-0.848798820596658,15.1253224200804,-80.3163291470099));
#2075=CARTESIAN_POINT('Ctrl Pts',(-1.14568183181375,13.3781553083426,-80.7211696168514));
#2076=CARTESIAN_POINT('Ctrl Pts',(-1.14568183181375,12.4999999999995,-80.7211696168514));
#2077=CARTESIAN_POINT('Ctrl Pts',(-1.21378788787584,12.4999999999995,-80.5867687842088));
#2078=CARTESIAN_POINT('Ctrl Pts',(-1.21378788787584,11.634479338284,-80.5867687842088));
#2079=CARTESIAN_POINT('Ctrl Pts',(-0.920073668743026,9.91163215164222,-80.1768263437912));
#2080=CARTESIAN_POINT('Ctrl Pts',(0.656625344918648,7.22624406134266,-77.9884865583683));
#2081=CARTESIAN_POINT('Ctrl Pts',(3.8848845647132,6.32505751090675,-73.5679886445686));
#2082=CARTESIAN_POINT('Ctrl Pts',(6.64954612643402,9.36637316675981,-69.8552800584401));
#2083=CARTESIAN_POINT('Ctrl Pts',(7.01645330091984,12.8065171018674,-69.3678918586188));
#2084=CARTESIAN_POINT('Ctrl Pts',(6.47328207690422,15.2074083248411,-70.0928726690875));
#2085=CARTESIAN_POINT('Ctrl Pts',(5.44707946499787,16.9720078043791,-71.4696189131605));
#2086=CARTESIAN_POINT('Ctrl Pts',(3.23180200380222,18.4952256121414,-74.4620317155101));
#2087=CARTESIAN_POINT('Ctrl Pts',(0.661463322815006,17.7716094960164,-77.9820838969791));
#2088=CARTESIAN_POINT('Ctrl Pts',(-0.921112323708261,15.086917559176,-80.178311907444));
#2089=CARTESIAN_POINT('Ctrl Pts',(-1.21378788787584,13.3655206617149,-80.5867687842088));
#2090=CARTESIAN_POINT('Ctrl Pts',(-1.21378788787584,12.4999999999995,-80.5867687842088));
#2091=CARTESIAN_POINT('Ctrl Pts',(-1.28189394393792,12.4999999999995,-80.4523679515662));
#2092=CARTESIAN_POINT('Ctrl Pts',(-1.28189394393792,11.6471139849117,-80.4523679515662));
#2093=CARTESIAN_POINT('Ctrl Pts',(-0.992009342619189,9.95027479352177,-80.0382246665677));
#2094=CARTESIAN_POINT('Ctrl Pts',(0.559409283060302,7.33020380005688,-77.8460624615999));
#2095=CARTESIAN_POINT('Ctrl Pts',(3.74132773320702,6.53834021863226,-73.4704302559673));
#2096=CARTESIAN_POINT('Ctrl Pts',(6.40626151790417,9.562628950501,-69.9509985456345));
#2097=CARTESIAN_POINT('Ctrl Pts',(6.74182288611728,12.7843232727781,-69.519294392481));
#2098=CARTESIAN_POINT('Ctrl Pts',(6.23246752990663,15.0552893840681,-70.182455433663));
#2099=CARTESIAN_POINT('Ctrl Pts',(5.2497832870449,16.7666620527902,-71.4772374932396));
#2100=CARTESIAN_POINT('Ctrl Pts',(3.09531271830478,18.3056328440205,-74.3583117065962));
#2101=CARTESIAN_POINT('Ctrl Pts',(0.565777173490564,17.6664427850524,-77.837768137043));
#2102=CARTESIAN_POINT('Ctrl Pts',(-0.993425826819866,15.0485126982716,-80.040294667878));
#2103=CARTESIAN_POINT('Ctrl Pts',(-1.28189394393792,13.3528860150873,-80.4523679515662));
#2104=CARTESIAN_POINT('Ctrl Pts',(-1.28189394393792,12.4999999999995,-80.4523679515662));
#2105=CARTESIAN_POINT('Ctrl Pts',(-1.35,12.4999999999995,-80.3179671189235));
#2106=CARTESIAN_POINT('Ctrl Pts',(-1.35,11.6597486315393,-80.3179671189235));
#2107=CARTESIAN_POINT('Ctrl Pts',(-1.06394501649535,9.98891743540131,-79.8996229893441));
#2108=CARTESIAN_POINT('Ctrl Pts',(0.46219322120196,7.4341635387711,-77.7036383648314));
#2109=CARTESIAN_POINT('Ctrl Pts',(3.59777090170084,6.75162292635778,-73.372871867366));
#2110=CARTESIAN_POINT('Ctrl Pts',(6.16297690937433,9.75888473424219,-70.046717032829));
#2111=CARTESIAN_POINT('Ctrl Pts',(6.46719247131472,12.7621294436887,-69.6706969263432));
#2112=CARTESIAN_POINT('Ctrl Pts',(5.99165298290902,14.9031704432951,-70.2720381982385));
#2113=CARTESIAN_POINT('Ctrl Pts',(5.05248710909193,16.5613163012014,-71.4848560733186));
#2114=CARTESIAN_POINT('Ctrl Pts',(2.95882343280733,18.1160400758996,-74.2545916976824));
#2115=CARTESIAN_POINT('Ctrl Pts',(0.470091024166126,17.5612760740885,-77.6934523771069));
#2116=CARTESIAN_POINT('Ctrl Pts',(-1.06573932993147,15.0101078373672,-79.902277428312));
#2117=CARTESIAN_POINT('Ctrl Pts',(-1.35,13.3402513684596,-80.3179671189235));
#2118=CARTESIAN_POINT('Ctrl Pts',(-1.35,12.4999999999995,-80.3179671189235));
#2119=CARTESIAN_POINT('',(-1.14568183181375,12.4999999999995,-80.7211696168514));
#2120=CARTESIAN_POINT('',(-1.35,12.4999999999995,-80.3179671189235));
#2121=CARTESIAN_POINT('',(-1.14568183181375,12.4999999999995,-80.7211696168514));
#2122=CARTESIAN_POINT('',(2.38372321037828,7.25560001435125,-75.0637759645973));
#2123=CARTESIAN_POINT('Ctrl Pts',(-1.35,12.4999999999995,-80.3179671189235));
#2124=CARTESIAN_POINT('Ctrl Pts',(-1.35,11.6597486315393,-80.3179671189235));
#2125=CARTESIAN_POINT('Ctrl Pts',(-1.06394501649535,9.98891743540131,-79.8996229893441));
#2126=CARTESIAN_POINT('Ctrl Pts',(0.223577383958358,7.83360621371224,-78.0469864946462));
#2127=CARTESIAN_POINT('Ctrl Pts',(1.59114890033508,7.26086053496384,-76.1472309281021));
#2128=CARTESIAN_POINT('Ctrl Pts',(2.38372321037828,7.25560001435125,-75.0637759645973));
#2129=CARTESIAN_POINT('Ctrl Pts',(2.38372321037828,7.25560001435125,-75.0637759645973));
#2130=CARTESIAN_POINT('Ctrl Pts',(2.744328795665,7.25320658184862,-74.5708254534646));
#2131=CARTESIAN_POINT('Ctrl Pts',(4.25891548651934,7.52670097212358,-72.5156037764042));
#2132=CARTESIAN_POINT('Ctrl Pts',(6.16297690937433,9.75888473424219,-70.046717032829));
#2133=CARTESIAN_POINT('Ctrl Pts',(6.46719247131472,12.7621294436887,-69.6706969263432));
#2134=CARTESIAN_POINT('Ctrl Pts',(5.99165298290902,14.9031704432951,-70.2720381982385));
#2135=CARTESIAN_POINT('Ctrl Pts',(5.05248710909193,16.5613163012014,-71.4848560733186));
#2136=CARTESIAN_POINT('Ctrl Pts',(2.95882343280733,18.1160400758996,-74.2545916976824));
#2137=CARTESIAN_POINT('Ctrl Pts',(0.470091024166126,17.5612760740885,-77.6934523771069));
#2138=CARTESIAN_POINT('Ctrl Pts',(-1.06573932993147,15.0101078373672,-79.902277428312));
#2139=CARTESIAN_POINT('Ctrl Pts',(-1.35,13.3402513684596,-80.3179671189235));
#2140=CARTESIAN_POINT('Ctrl Pts',(-1.35,12.4999999999995,-80.3179671189235));
#2141=CARTESIAN_POINT('Ctrl Pts',(-1.14568183181375,12.4999999999995,-80.7211696168514));
#2142=CARTESIAN_POINT('Ctrl Pts',(-1.14568183181375,13.3781553083426,-80.7211696168514));
#2143=CARTESIAN_POINT('Ctrl Pts',(-0.848798820596658,15.1253224200804,-80.3163291470099));
#2144=CARTESIAN_POINT('Ctrl Pts',(0.757149472139443,17.8767762069804,-78.1263996569152));
#2145=CARTESIAN_POINT('Ctrl Pts',(3.36829128929967,18.6848183802622,-74.565751724424));
#2146=CARTESIAN_POINT('Ctrl Pts',(5.64437564295083,17.1773535559679,-71.4620003330815));
#2147=CARTESIAN_POINT('Ctrl Pts',(6.71409662390182,15.3595272656141,-70.003289904512));
#2148=CARTESIAN_POINT('Ctrl Pts',(7.2910837157224,12.8287109309568,-69.2164893247567));
#2149=CARTESIAN_POINT('Ctrl Pts',(6.89283073496386,9.17011738301862,-69.7595615712456));
#2150=CARTESIAN_POINT('Ctrl Pts',(4.02844139621938,6.11177480318122,-73.6655470331698));
#2151=CARTESIAN_POINT('Ctrl Pts',(0.75384140677699,7.12228432262845,-78.1309106551368));
#2152=CARTESIAN_POINT('Ctrl Pts',(-0.848137994866863,9.87298950976267,-80.3154280210147));
#2153=CARTESIAN_POINT('Ctrl Pts',(-1.14568183181375,11.6218446916564,-80.7211696168514));
#2154=CARTESIAN_POINT('Ctrl Pts',(-1.14568183181375,12.4999999999995,-80.7211696168514));
#2155=CARTESIAN_POINT('Origin',(3.,-16.2675389734976,-75.0679671189236));
#2156=CARTESIAN_POINT('',(6.97333684373405,42.1404930389756,-69.6497805138316));
#2157=CARTESIAN_POINT('',(-3.61065547877426,38.8654698555458,-84.0824973172521));
#2158=CARTESIAN_POINT('',(-2.66989083922895,39.1565722969288,-82.7996364451448));
#2159=CARTESIAN_POINT('',(7.38934452122463,42.2692190193761,-69.0824973172536));
#2160=CARTESIAN_POINT('Ctrl Pts',(7.38934452122463,42.2692190193761,-69.0824973172536));
#2161=CARTESIAN_POINT('Ctrl Pts',(7.25067529539444,42.2263103592426,-69.271591716113));
#2162=CARTESIAN_POINT('Ctrl Pts',(7.11200606956425,42.1834016991091,-69.4606861149723));
#2163=CARTESIAN_POINT('Ctrl Pts',(6.97333684373405,42.1404930389756,-69.6497805138317));
#2164=CARTESIAN_POINT('',(13.4086363363714,35.9388271108239,-60.8743721147808));
#2165=CARTESIAN_POINT('Ctrl Pts',(13.4086363363714,35.9388271108239,-60.8743721147808));
#2166=CARTESIAN_POINT('Ctrl Pts',(13.4086363363713,37.0083413943726,-60.8743721147808));
#2167=CARTESIAN_POINT('Ctrl Pts',(13.0050891388558,39.159758627495,-61.4246637477565));
#2168=CARTESIAN_POINT('Ctrl Pts',(11.3707638908057,41.4889561341414,-63.6532890860067));
#2169=CARTESIAN_POINT('Ctrl Pts',(9.32776534811392,42.5182458376518,-66.4391961896773));
#2170=CARTESIAN_POINT('Ctrl Pts',(8.01547630262877,42.4629640673217,-68.2286812517025));
#2171=CARTESIAN_POINT('Ctrl Pts',(7.38934452122463,42.2692190193761,-69.0824973172536));
#2172=CARTESIAN_POINT('',(13.4086363363736,-35.9388271108249,-60.8743721147778));
#2173=CARTESIAN_POINT('',(13.4086363363722,9.83564406866378,-60.8743721147797));
#2174=CARTESIAN_POINT('',(7.3893445212269,-42.2692190193778,-69.0824973172505));
#2175=CARTESIAN_POINT('Ctrl Pts',(7.3893445212269,-42.2692190193778,-69.0824973172505));
#2176=CARTESIAN_POINT('Ctrl Pts',(8.01547630263107,-42.4629640673234,-68.2286812516994));
#2177=CARTESIAN_POINT('Ctrl Pts',(9.32776534811625,-42.5182458376534,-66.4391961896741));
#2178=CARTESIAN_POINT('Ctrl Pts',(11.3707638908081,-41.4889561341428,-63.6532890860035));
#2179=CARTESIAN_POINT('Ctrl Pts',(13.0050891388582,-39.1597586274962,-61.4246637477533));
#2180=CARTESIAN_POINT('Ctrl Pts',(13.4086363363736,-37.0083413943737,-60.8743721147778));
#2181=CARTESIAN_POINT('Ctrl Pts',(13.4086363363736,-35.9388271108249,-60.8743721147778));
#2182=CARTESIAN_POINT('',(6.97333684373633,-42.1404930389772,-69.6497805138286));
#2183=CARTESIAN_POINT('Ctrl Pts',(6.97333684373632,-42.1404930389772,-69.6497805138286));
#2184=CARTESIAN_POINT('Ctrl Pts',(7.11200606956652,-42.1834016991107,-69.4606861149692));
#2185=CARTESIAN_POINT('Ctrl Pts',(7.25067529539671,-42.2263103592443,-69.2715917161099));
#2186=CARTESIAN_POINT('Ctrl Pts',(7.38934452122691,-42.2692190193778,-69.0824973172505));
#2187=CARTESIAN_POINT('',(-3.61065547877418,-38.865469855547,-84.082497317252));
#2188=CARTESIAN_POINT('',(2.67231989159143,-40.8096218703878,-75.5148036303898));
#2189=CARTESIAN_POINT('',(-3.9808130065611,-38.7304316833184,-84.587257582416));
#2190=CARTESIAN_POINT('Ctrl Pts',(-3.9808130065611,-38.7304316833185,-84.587257582416));
#2191=CARTESIAN_POINT('Ctrl Pts',(-3.85888153193228,-38.7818110019178,-84.4209873897403));
#2192=CARTESIAN_POINT('Ctrl Pts',(-3.73536433662662,-38.8268809763981,-84.2525548506872));
#2193=CARTESIAN_POINT('Ctrl Pts',(-3.61065547877418,-38.865469855547,-84.082497317252));
#2194=CARTESIAN_POINT('',(-7.40863633637248,-32.5350779469944,-89.2615621230679));
#2195=CARTESIAN_POINT('Ctrl Pts',(-7.40863633637248,-32.5350779469944,-89.2615621230679));
#2196=CARTESIAN_POINT('Ctrl Pts',(-7.40863633637248,-33.2928829285956,-89.2615621230679));
#2197=CARTESIAN_POINT('Ctrl Pts',(-7.20609575466973,-34.8088039431214,-88.9853704207459));
#2198=CARTESIAN_POINT('Ctrl Pts',(-6.15158946057603,-37.2061663650521,-87.5474072924363));
#2199=CARTESIAN_POINT('Ctrl Pts',(-4.84834427160931,-38.364872541206,-85.7702547620272));
#2200=CARTESIAN_POINT('Ctrl Pts',(-3.98081300656108,-38.7304316833185,-84.587257582416));
#2201=CARTESIAN_POINT('',(-7.40863633637248,32.5350779469932,-89.2615621230678));
#2202=CARTESIAN_POINT('',(-7.40863633637248,-24.401308460246,-89.2615621230679));
#2203=CARTESIAN_POINT('',(-3.98081300656117,38.7304316833172,-84.5872575824161));
#2204=CARTESIAN_POINT('Ctrl Pts',(-3.98081300656115,38.7304316833172,-84.587257582416));
#2205=CARTESIAN_POINT('Ctrl Pts',(-5.13752135995877,38.2430194938339,-86.164587155231));
#2206=CARTESIAN_POINT('Ctrl Pts',(-6.87801734151479,36.348323543445,-88.5379907664437));
#2207=CARTESIAN_POINT('Ctrl Pts',(-7.40863633637249,33.671785419395,-89.2615621230678));
#2208=CARTESIAN_POINT('Ctrl Pts',(-7.40863633637248,32.5350779469932,-89.2615621230678));
#2209=CARTESIAN_POINT('Ctrl Pts',(-3.61065547877426,38.8654698555457,-84.0824973172521));
#2210=CARTESIAN_POINT('Ctrl Pts',(-3.73536433662669,38.8268809763969,-84.2525548506872));
#2211=CARTESIAN_POINT('Ctrl Pts',(-3.85888153193235,38.7818110019166,-84.4209873897404));
#2212=CARTESIAN_POINT('Ctrl Pts',(-3.98081300656116,38.7304316833172,-84.587257582416));
#2213=CARTESIAN_POINT('',(-1.14568183181375,-12.5000000000005,-80.7211696168514));
#2214=CARTESIAN_POINT('Ctrl Pts',(-1.14568183181375,-12.5000000000005,-80.7211696168514));
#2215=CARTESIAN_POINT('Ctrl Pts',(-1.14568183181375,-11.6218446916574,-80.7211696168514));
#2216=CARTESIAN_POINT('Ctrl Pts',(-0.848798820596653,-9.8746775799196,-80.3163291470099));
#2217=CARTESIAN_POINT('Ctrl Pts',(0.757149472139448,-7.12322379301961,-78.1263996569152));
#2218=CARTESIAN_POINT('Ctrl Pts',(3.36829128929967,-6.31518161973779,-74.565751724424));
#2219=CARTESIAN_POINT('Ctrl Pts',(5.64437564295084,-7.82264644403212,-71.4620003330815));
#2220=CARTESIAN_POINT('Ctrl Pts',(6.71409662390183,-9.64047273438591,-70.003289904512));
#2221=CARTESIAN_POINT('Ctrl Pts',(7.2910837157224,-12.1712890690432,-69.2164893247567));
#2222=CARTESIAN_POINT('Ctrl Pts',(6.89283073496387,-15.8298826169814,-69.7595615712456));
#2223=CARTESIAN_POINT('Ctrl Pts',(4.02844139621938,-18.8882251968188,-73.6655470331698));
#2224=CARTESIAN_POINT('Ctrl Pts',(0.753841406776996,-17.8777156773716,-78.1309106551368));
#2225=CARTESIAN_POINT('Ctrl Pts',(-0.848137994866859,-15.1270104902373,
-80.3154280210148));
#2226=CARTESIAN_POINT('Ctrl Pts',(-1.14568183181375,-13.3781553083436,-80.7211696168514));
#2227=CARTESIAN_POINT('Ctrl Pts',(-1.14568183181375,-12.5000000000005,-80.7211696168514));
#2228=CARTESIAN_POINT('Origin',(0.,12.4999999999995,-75.0679671189235));
#2229=CARTESIAN_POINT('',(0.,7.24999999999948,-75.0679671189235));
#2230=CARTESIAN_POINT('Origin',(-13.75,-12.5000000000005,-75.0679671189235));
#2231=CARTESIAN_POINT('',(-13.5,-15.5000000000005,-75.0679671189235));
#2232=CARTESIAN_POINT('',(-13.75,-15.7500000000005,-75.0679671189235));
#2233=CARTESIAN_POINT('Origin',(-13.5,-12.5000000000005,-75.0679671189235));
#2234=CARTESIAN_POINT('Origin',(0.,-12.5000000000005,-75.0679671189235));
#2235=CARTESIAN_POINT('',(-6.5,-15.5000000000005,-75.0679671189235));
#2236=CARTESIAN_POINT('Origin',(-6.5,-12.5000000000005,-75.0679671189235));
#2237=CARTESIAN_POINT('',(0.,-15.5000000000005,-75.0679671189235));
#2238=CARTESIAN_POINT('Origin',(-6.25,-12.5000000000005,-75.0679671189235));
#2239=CARTESIAN_POINT('',(-6.,-16.0000000000005,-75.0679671189235));
#2240=CARTESIAN_POINT('',(-6.25,-15.7500000000005,-75.0679671189235));
#2241=CARTESIAN_POINT('Origin',(-6.,-12.5000000000005,-75.0679671189235));
#2242=CARTESIAN_POINT('Origin',(-6.,-12.5000000000005,-75.0679671189235));
#2243=CARTESIAN_POINT('',(-6.,-17.7500000000005,-75.0679671189235));
#2244=CARTESIAN_POINT('Origin',(-6.,-12.5000000000005,-75.0679671189235));
#2245=CARTESIAN_POINT('Ctrl Pts',(-1.14568183181375,-12.5000000000005,-80.7211696168514));
#2246=CARTESIAN_POINT('Ctrl Pts',(-1.14568183181375,-13.3781553083436,-80.7211696168514));
#2247=CARTESIAN_POINT('Ctrl Pts',(-0.848137994866859,-15.1270104902373,
-80.3154280210148));
#2248=CARTESIAN_POINT('Ctrl Pts',(0.753841406776996,-17.8777156773716,-78.1309106551368));
#2249=CARTESIAN_POINT('Ctrl Pts',(4.02844139621938,-18.8882251968188,-73.6655470331698));
#2250=CARTESIAN_POINT('Ctrl Pts',(6.89283073496387,-15.8298826169814,-69.7595615712456));
#2251=CARTESIAN_POINT('Ctrl Pts',(7.2910837157224,-12.1712890690432,-69.2164893247567));
#2252=CARTESIAN_POINT('Ctrl Pts',(6.71409662390183,-9.64047273438591,-70.003289904512));
#2253=CARTESIAN_POINT('Ctrl Pts',(5.64437564295084,-7.82264644403212,-71.4620003330815));
#2254=CARTESIAN_POINT('Ctrl Pts',(3.36829128929967,-6.31518161973779,-74.565751724424));
#2255=CARTESIAN_POINT('Ctrl Pts',(0.757149472139448,-7.12322379301961,-78.1263996569152));
#2256=CARTESIAN_POINT('Ctrl Pts',(-0.848798820596653,-9.8746775799196,-80.3163291470099));
#2257=CARTESIAN_POINT('Ctrl Pts',(-1.14568183181375,-11.6218446916574,-80.7211696168514));
#2258=CARTESIAN_POINT('Ctrl Pts',(-1.14568183181375,-12.5000000000005,-80.7211696168514));
#2259=CARTESIAN_POINT('Ctrl Pts',(-1.21378788787583,-12.5000000000005,-80.5867687842088));
#2260=CARTESIAN_POINT('Ctrl Pts',(-1.21378788787583,-13.365520661716,-80.5867687842088));
#2261=CARTESIAN_POINT('Ctrl Pts',(-0.920073668743022,-15.0883678483578,
-80.1768263437912));
#2262=CARTESIAN_POINT('Ctrl Pts',(0.656625344918653,-17.7737559386573,-77.9884865583684));
#2263=CARTESIAN_POINT('Ctrl Pts',(3.8848845647132,-18.6749424890932,-73.5679886445685));
#2264=CARTESIAN_POINT('Ctrl Pts',(6.64954612643402,-15.6336268332402,-69.8552800584401));
#2265=CARTESIAN_POINT('Ctrl Pts',(7.01645330091984,-12.1934828981326,-69.3678918586188));
#2266=CARTESIAN_POINT('Ctrl Pts',(6.47328207690423,-9.79259167515891,-70.0928726690875));
#2267=CARTESIAN_POINT('Ctrl Pts',(5.44707946499787,-8.02799219562095,-71.4696189131605));
#2268=CARTESIAN_POINT('Ctrl Pts',(3.23180200380223,-6.50477438785865,-74.4620317155101));
#2269=CARTESIAN_POINT('Ctrl Pts',(0.661463322815009,-7.22839050398358,-77.9820838969791));
#2270=CARTESIAN_POINT('Ctrl Pts',(-0.921112323708256,-9.91308244082399,
-80.1783119074439));
#2271=CARTESIAN_POINT('Ctrl Pts',(-1.21378788787583,-11.6344793382851,-80.5867687842088));
#2272=CARTESIAN_POINT('Ctrl Pts',(-1.21378788787583,-12.5000000000005,-80.5867687842088));
#2273=CARTESIAN_POINT('Ctrl Pts',(-1.28189394393791,-12.5000000000005,-80.4523679515662));
#2274=CARTESIAN_POINT('Ctrl Pts',(-1.28189394393791,-13.3528860150883,-80.4523679515662));
#2275=CARTESIAN_POINT('Ctrl Pts',(-0.992009342619186,-15.0497252064782,
-80.0382246665677));
#2276=CARTESIAN_POINT('Ctrl Pts',(0.559409283060309,-17.6697961999431,-77.8460624615999));
#2277=CARTESIAN_POINT('Ctrl Pts',(3.74132773320702,-18.4616597813677,-73.4704302559672));
#2278=CARTESIAN_POINT('Ctrl Pts',(6.40626151790418,-15.437371049499,-69.9509985456346));
#2279=CARTESIAN_POINT('Ctrl Pts',(6.74182288611728,-12.2156767272219,-69.519294392481));
#2280=CARTESIAN_POINT('Ctrl Pts',(6.23246752990663,-9.94471061593191,-70.182455433663));
#2281=CARTESIAN_POINT('Ctrl Pts',(5.24978328704491,-8.23333794720977,-71.4772374932395));
#2282=CARTESIAN_POINT('Ctrl Pts',(3.09531271830478,-6.69436715597951,-74.3583117065962));
#2283=CARTESIAN_POINT('Ctrl Pts',(0.56577717349057,-7.33355721494755,-77.837768137043));
#2284=CARTESIAN_POINT('Ctrl Pts',(-0.99342582681986,-9.95148730172839,-80.0402946678779));
#2285=CARTESIAN_POINT('Ctrl Pts',(-1.28189394393791,-11.6471139849127,-80.4523679515662));
#2286=CARTESIAN_POINT('Ctrl Pts',(-1.28189394393791,-12.5000000000005,-80.4523679515662));
#2287=CARTESIAN_POINT('Ctrl Pts',(-1.34999999999999,-12.5000000000005,-80.3179671189235));
#2288=CARTESIAN_POINT('Ctrl Pts',(-1.34999999999999,-13.3402513684607,-80.3179671189235));
#2289=CARTESIAN_POINT('Ctrl Pts',(-1.06394501649535,-15.0110825645987,-79.8996229893442));
#2290=CARTESIAN_POINT('Ctrl Pts',(0.462193221201965,-17.5658364612289,-77.7036383648314));
#2291=CARTESIAN_POINT('Ctrl Pts',(3.59777090170084,-18.2483770736422,-73.3728718673659));
#2292=CARTESIAN_POINT('Ctrl Pts',(6.16297690937434,-15.2411152657578,-70.0467170328291));
#2293=CARTESIAN_POINT('Ctrl Pts',(6.46719247131473,-12.2378705563113,-69.6706969263432));
#2294=CARTESIAN_POINT('Ctrl Pts',(5.99165298290903,-10.0968295567049,-70.2720381982385));
#2295=CARTESIAN_POINT('Ctrl Pts',(5.05248710909194,-8.43868369879859,-71.4848560733186));
#2296=CARTESIAN_POINT('Ctrl Pts',(2.95882343280734,-6.88395992410038,-74.2545916976824));
#2297=CARTESIAN_POINT('Ctrl Pts',(0.470091024166131,-7.43872392591152,-77.6934523771069));
#2298=CARTESIAN_POINT('Ctrl Pts',(-1.06573932993146,-9.98989216263278,-79.9022774283119));
#2299=CARTESIAN_POINT('Ctrl Pts',(-1.34999999999999,-11.6597486315404,-80.3179671189235));
#2300=CARTESIAN_POINT('Ctrl Pts',(-1.34999999999999,-12.5000000000005,-80.3179671189235));
#2301=CARTESIAN_POINT('',(-1.34999999999999,-12.5000000000005,-80.3179671189235));
#2302=CARTESIAN_POINT('',(-1.14568183181375,-12.5000000000005,-80.7211696168514));
#2303=CARTESIAN_POINT('',(2.38372321037828,-17.7443999856487,-75.0637759645973));
#2304=CARTESIAN_POINT('Ctrl Pts',(-1.34999999999999,-12.5000000000005,-80.3179671189235));
#2305=CARTESIAN_POINT('Ctrl Pts',(-1.34999999999999,-13.3402513684607,-80.3179671189235));
#2306=CARTESIAN_POINT('Ctrl Pts',(-1.06394501649535,-15.0110825645987,-79.8996229893442));
#2307=CARTESIAN_POINT('Ctrl Pts',(0.223577383958362,-17.1663937862878,-78.0469864946462));
#2308=CARTESIAN_POINT('Ctrl Pts',(1.59114890033508,-17.7391394650362,-76.1472309281021));
#2309=CARTESIAN_POINT('Ctrl Pts',(2.38372321037828,-17.7443999856487,-75.0637759645973));
#2310=CARTESIAN_POINT('Ctrl Pts',(2.38372321037828,-17.7443999856487,-75.0637759645973));
#2311=CARTESIAN_POINT('Ctrl Pts',(2.744328795665,-17.7467934181514,-74.5708254534646));
#2312=CARTESIAN_POINT('Ctrl Pts',(4.25891548651934,-17.4732990278764,-72.5156037764042));
#2313=CARTESIAN_POINT('Ctrl Pts',(6.16297690937434,-15.2411152657578,-70.0467170328291));
#2314=CARTESIAN_POINT('Ctrl Pts',(6.46719247131473,-12.2378705563113,-69.6706969263432));
#2315=CARTESIAN_POINT('Ctrl Pts',(5.99165298290903,-10.0968295567049,-70.2720381982385));
#2316=CARTESIAN_POINT('Ctrl Pts',(5.05248710909194,-8.43868369879859,-71.4848560733186));
#2317=CARTESIAN_POINT('Ctrl Pts',(2.95882343280734,-6.88395992410038,-74.2545916976824));
#2318=CARTESIAN_POINT('Ctrl Pts',(0.470091024166131,-7.43872392591152,-77.6934523771069));
#2319=CARTESIAN_POINT('Ctrl Pts',(-1.06573932993146,-9.98989216263278,-79.9022774283119));
#2320=CARTESIAN_POINT('Ctrl Pts',(-1.34999999999999,-11.6597486315404,-80.3179671189235));
#2321=CARTESIAN_POINT('Ctrl Pts',(-1.34999999999999,-12.5000000000005,-80.3179671189235));
#2322=CARTESIAN_POINT('Origin',(0.,-12.5000000000005,-75.0679671189235));
#2323=CARTESIAN_POINT('',(0.,-17.7500000000005,-75.0679671189235));
#2324=CARTESIAN_POINT('Ctrl Pts',(7.38934452122463,42.2692190193761,-69.0824973172536));
#2325=CARTESIAN_POINT('Ctrl Pts',(8.01547630262877,42.4629640673217,-68.2286812517025));
#2326=CARTESIAN_POINT('Ctrl Pts',(9.32776534811392,42.5182458376518,-66.4391961896773));
#2327=CARTESIAN_POINT('Ctrl Pts',(11.3707638908057,41.4889561341414,-63.6532890860067));
#2328=CARTESIAN_POINT('Ctrl Pts',(13.0050891388558,39.159758627495,-61.4246637477565));
#2329=CARTESIAN_POINT('Ctrl Pts',(13.4086363363713,37.0083413943726,-60.8743721147808));
#2330=CARTESIAN_POINT('Ctrl Pts',(13.4086363363714,35.9388271108239,-60.8743721147808));
#2331=CARTESIAN_POINT('Ctrl Pts',(7.08279893852505,42.6326652787168,-68.9401692166958));
#2332=CARTESIAN_POINT('Ctrl Pts',(7.73198823962557,42.8088225345513,-68.050301689301));
#2333=CARTESIAN_POINT('Ctrl Pts',(9.08573446410023,42.8124984240061,-66.2048258671934));
#2334=CARTESIAN_POINT('Ctrl Pts',(11.182595550681,41.6794968887813,-63.3774199556118));
#2335=CARTESIAN_POINT('Ctrl Pts',(12.8576641723754,39.2464985007541,-61.1496726435372));
#2336=CARTESIAN_POINT('Ctrl Pts',(13.2724242242472,37.0372002925892,-60.6055704494956));
#2337=CARTESIAN_POINT('Ctrl Pts',(13.2724242242472,35.9388271108239,-60.6055704494955));
#2338=CARTESIAN_POINT('Ctrl Pts',(6.77625335582548,42.9961115380574,-68.797841116138));
#2339=CARTESIAN_POINT('Ctrl Pts',(7.44850017662238,43.1546810017809,-67.8719221268995));
#2340=CARTESIAN_POINT('Ctrl Pts',(8.84370358008654,43.1067510103605,-65.9704555447096));
#2341=CARTESIAN_POINT('Ctrl Pts',(10.9944272105563,41.8700376434213,-63.101550825217));
#2342=CARTESIAN_POINT('Ctrl Pts',(12.710239205895,39.3332383740132,-60.874681539318));
#2343=CARTESIAN_POINT('Ctrl Pts',(13.136212112123,37.0660591908058,-60.3367687842103));
#2344=CARTESIAN_POINT('Ctrl Pts',(13.1362121121231,35.9388271108239,-60.3367687842103));
#2345=CARTESIAN_POINT('Ctrl Pts',(6.4697077731259,43.3595577973981,-68.6555130155802));
#2346=CARTESIAN_POINT('Ctrl Pts',(7.16501211361918,43.5005394690104,-67.693542564498));
#2347=CARTESIAN_POINT('Ctrl Pts',(8.60167269607286,43.4010035967148,-65.7360852222257));
#2348=CARTESIAN_POINT('Ctrl Pts',(10.8062588704315,42.0605783980612,-62.8256816948221));
#2349=CARTESIAN_POINT('Ctrl Pts',(12.5628142394145,39.4199782472723,-60.5996904350987));
#2350=CARTESIAN_POINT('Ctrl Pts',(12.9999999999989,37.0949180890224,-60.0679671189251));
#2351=CARTESIAN_POINT('Ctrl Pts',(12.9999999999989,35.9388271108239,-60.0679671189251));
#2352=CARTESIAN_POINT('',(12.9999999999989,35.9388271108239,-60.0679671189251));
#2353=CARTESIAN_POINT('',(6.4697077731259,43.3595577973981,-68.6555130155802));
#2354=CARTESIAN_POINT('',(7.38934452122463,42.2692190193761,-69.0824973172536));
#2355=CARTESIAN_POINT('Ctrl Pts',(6.4697077731259,43.3595577973981,-68.6555130155802));
#2356=CARTESIAN_POINT('Ctrl Pts',(7.16501211361918,43.5005394690104,-67.693542564498));
#2357=CARTESIAN_POINT('Ctrl Pts',(8.60167269607286,43.4010035967148,-65.7360852222257));
#2358=CARTESIAN_POINT('Ctrl Pts',(10.8062588704315,42.0605783980612,-62.8256816948221));
#2359=CARTESIAN_POINT('Ctrl Pts',(12.5628142394145,39.4199782472723,-60.5996904350987));
#2360=CARTESIAN_POINT('Ctrl Pts',(12.9999999999989,37.0949180890224,-60.0679671189251));
#2361=CARTESIAN_POINT('Ctrl Pts',(12.9999999999989,35.9388271108239,-60.0679671189251));
#2362=CARTESIAN_POINT('Ctrl Pts',(13.4086363363736,-35.9388271108249,-60.8743721147778));
#2363=CARTESIAN_POINT('Ctrl Pts',(13.4086363363736,-37.0083413943737,-60.8743721147778));
#2364=CARTESIAN_POINT('Ctrl Pts',(13.0050891388582,-39.1597586274962,-61.4246637477533));
#2365=CARTESIAN_POINT('Ctrl Pts',(11.3707638908081,-41.4889561341428,-63.6532890860035));
#2366=CARTESIAN_POINT('Ctrl Pts',(9.32776534811625,-42.5182458376534,-66.4391961896741));
#2367=CARTESIAN_POINT('Ctrl Pts',(8.01547630263107,-42.4629640673234,-68.2286812516994));
#2368=CARTESIAN_POINT('Ctrl Pts',(7.3893445212269,-42.2692190193778,-69.0824973172505));
#2369=CARTESIAN_POINT('Ctrl Pts',(13.2724242242494,-35.9388271108249,-60.6055704494926));
#2370=CARTESIAN_POINT('Ctrl Pts',(13.2724242242494,-37.0372002925903,-60.6055704494925));
#2371=CARTESIAN_POINT('Ctrl Pts',(12.8576641723778,-39.2464985007553,-61.149672643534));
#2372=CARTESIAN_POINT('Ctrl Pts',(11.1825955506833,-41.6794968887827,-63.3774199556086));
#2373=CARTESIAN_POINT('Ctrl Pts',(9.08573446410257,-42.8124984240077,-66.2048258671902));
#2374=CARTESIAN_POINT('Ctrl Pts',(7.73198823962787,-42.8088225345529,-68.0503016892979));
#2375=CARTESIAN_POINT('Ctrl Pts',(7.08279893852733,-42.6326652787184,-68.9401692166927));
#2376=CARTESIAN_POINT('Ctrl Pts',(13.1362121121253,-35.9388271108249,-60.3367687842073));
#2377=CARTESIAN_POINT('Ctrl Pts',(13.1362121121253,-37.0660591908069,-60.3367687842073));
#2378=CARTESIAN_POINT('Ctrl Pts',(12.7102392058973,-39.3332383740144,-60.8746815393148));
#2379=CARTESIAN_POINT('Ctrl Pts',(10.9944272105586,-41.8700376434227,-63.1015508252137));
#2380=CARTESIAN_POINT('Ctrl Pts',(8.84370358008889,-43.106751010362,-65.9704555447064));
#2381=CARTESIAN_POINT('Ctrl Pts',(7.44850017662468,-43.1546810017825,-67.8719221268964));
#2382=CARTESIAN_POINT('Ctrl Pts',(6.77625335582776,-42.9961115380591,-68.7978411161349));
#2383=CARTESIAN_POINT('Ctrl Pts',(13.0000000000011,-35.9388271108249,-60.0679671189221));
#2384=CARTESIAN_POINT('Ctrl Pts',(13.0000000000011,-37.0949180890235,-60.067967118922));
#2385=CARTESIAN_POINT('Ctrl Pts',(12.5628142394169,-39.4199782472734,-60.5996904350955));
#2386=CARTESIAN_POINT('Ctrl Pts',(10.8062588704339,-42.0605783980627,-62.8256816948188));
#2387=CARTESIAN_POINT('Ctrl Pts',(8.60167269607521,-43.4010035967163,-65.7360852222225));
#2388=CARTESIAN_POINT('Ctrl Pts',(7.16501211362148,-43.500539469012,-67.6935425644949));
#2389=CARTESIAN_POINT('Ctrl Pts',(6.46970777312819,-43.3595577973998,-68.6555130155771));
#2390=CARTESIAN_POINT('',(6.46970777312819,-43.3595577973998,-68.6555130155771));
#2391=CARTESIAN_POINT('',(6.46970777312819,-43.3595577973998,-68.6555130155771));
#2392=CARTESIAN_POINT('',(13.4086363363736,-35.9388271108249,-60.8743721147778));
#2393=CARTESIAN_POINT('Ctrl Pts',(13.0000000000011,-35.9388271108249,-60.0679671189221));
#2394=CARTESIAN_POINT('Ctrl Pts',(13.0000000000011,-37.0949180890235,-60.067967118922));
#2395=CARTESIAN_POINT('Ctrl Pts',(12.5628142394169,-39.4199782472734,-60.5996904350955));
#2396=CARTESIAN_POINT('Ctrl Pts',(10.8062588704339,-42.0605783980627,-62.8256816948188));
#2397=CARTESIAN_POINT('Ctrl Pts',(8.60167269607521,-43.4010035967163,-65.7360852222225));
#2398=CARTESIAN_POINT('Ctrl Pts',(7.16501211362148,-43.500539469012,-67.6935425644949));
#2399=CARTESIAN_POINT('Ctrl Pts',(6.46970777312819,-43.3595577973998,-68.6555130155771));
#2400=CARTESIAN_POINT('Origin',(13.2043181681859,9.83564406866379,-60.4711696168518));
#2401=CARTESIAN_POINT('Origin',(2.21239781403259,-41.3658183519686,-75.303737660787));
#2402=CARTESIAN_POINT('',(6.05349268861864,-43.2528860021387,-69.2276485746231));
#2403=CARTESIAN_POINT('',(6.97333684373633,-42.1404930389772,-69.6497805138286));
#2404=CARTESIAN_POINT('',(-4.53049963389187,-39.9778628187085,-83.6603653780465));
#2405=CARTESIAN_POINT('',(1.75247573647374,-41.9220148335493,-75.0926716911843));
#2406=CARTESIAN_POINT('',(-4.53049963389187,-39.9778628187085,-83.6603653780465));
#2407=CARTESIAN_POINT('Ctrl Pts',(7.38934452122691,-42.2692190193778,-69.0824973172505));
#2408=CARTESIAN_POINT('Ctrl Pts',(7.25067529539671,-42.2263103592443,-69.2715917161099));
#2409=CARTESIAN_POINT('Ctrl Pts',(7.11200606956652,-42.1834016991107,-69.4606861149692));
#2410=CARTESIAN_POINT('Ctrl Pts',(6.97333684373632,-42.1404930389772,-69.6497805138286));
#2411=CARTESIAN_POINT('Ctrl Pts',(7.08279893852734,-42.6326652787184,-68.9401692166927));
#2412=CARTESIAN_POINT('Ctrl Pts',(6.94403745156765,-42.5946684902145,-69.1303105426539));
#2413=CARTESIAN_POINT('Ctrl Pts',(6.80539135119396,-42.5541993534979,-69.3199754685674));
#2414=CARTESIAN_POINT('Ctrl Pts',(6.66672212536376,-42.5112906933644,-69.5090698674267));
#2415=CARTESIAN_POINT('Ctrl Pts',(6.77625335582777,-42.9961115380591,-68.7978411161349));
#2416=CARTESIAN_POINT('Ctrl Pts',(6.63739960773858,-42.9630266211848,-68.989029369198));
#2417=CARTESIAN_POINT('Ctrl Pts',(6.4987766328214,-42.9249970078851,-69.1792648221656));
#2418=CARTESIAN_POINT('Ctrl Pts',(6.3601074069912,-42.8820883477516,-69.3683592210249));
#2419=CARTESIAN_POINT('Ctrl Pts',(6.46970777312819,-43.3595577973998,-68.6555130155771));
#2420=CARTESIAN_POINT('Ctrl Pts',(6.33076176390951,-43.3313847521551,-68.847748195742));
#2421=CARTESIAN_POINT('Ctrl Pts',(6.19216191444884,-43.2957946622722,-69.0385541757637));
#2422=CARTESIAN_POINT('Ctrl Pts',(6.05349268861864,-43.2528860021387,-69.2276485746231));
#2423=CARTESIAN_POINT('Ctrl Pts',(6.46970777312819,-43.3595577973998,-68.6555130155771));
#2424=CARTESIAN_POINT('Ctrl Pts',(6.33076176390951,-43.3313847521551,-68.847748195742));
#2425=CARTESIAN_POINT('Ctrl Pts',(6.19216191444884,-43.2957946622722,-69.0385541757637));
#2426=CARTESIAN_POINT('Ctrl Pts',(6.05349268861864,-43.2528860021387,-69.2276485746231));
#2427=CARTESIAN_POINT('Ctrl Pts',(-3.98081300656108,-38.7304316833185,-84.587257582416));
#2428=CARTESIAN_POINT('Ctrl Pts',(-4.84834427160931,-38.364872541206,-85.7702547620272));
#2429=CARTESIAN_POINT('Ctrl Pts',(-6.15158946057603,-37.2061663650521,-87.5474072924363));
#2430=CARTESIAN_POINT('Ctrl Pts',(-7.20609575466973,-34.8088039431214,-88.9853704207459));
#2431=CARTESIAN_POINT('Ctrl Pts',(-7.40863633637248,-33.2928829285956,-89.2615621230679));
#2432=CARTESIAN_POINT('Ctrl Pts',(-7.40863633637248,-32.5350779469944,-89.2615621230679));
#2433=CARTESIAN_POINT('Ctrl Pts',(-4.30140446430947,-39.1033334016481,-84.4673879131528));
#2434=CARTESIAN_POINT('Ctrl Pts',(-5.20287693197026,-38.7575739329318,-85.705792247317));
#2435=CARTESIAN_POINT('Ctrl Pts',(-6.57164661155139,-37.5995248477019,-87.6038890143123));
#2436=CARTESIAN_POINT('Ctrl Pts',(-7.7137038182832,-35.0461624298473,-89.2104077349718));
#2437=CARTESIAN_POINT('Ctrl Pts',(-7.93909089091499,-33.3725140934632,-89.5303637883531));
#2438=CARTESIAN_POINT('Ctrl Pts',(-7.93909089091499,-32.5350779469944,-89.5303637883531));
#2439=CARTESIAN_POINT('Ctrl Pts',(-4.62199592205786,-39.4762351199778,-84.3475182438896));
#2440=CARTESIAN_POINT('Ctrl Pts',(-5.55740959233121,-39.1502753246576,-85.6413297326069));
#2441=CARTESIAN_POINT('Ctrl Pts',(-6.99170376252675,-37.9928833303517,-87.6603707361883));
#2442=CARTESIAN_POINT('Ctrl Pts',(-8.22131188189666,-35.2835209165732,-89.4354450491978));
#2443=CARTESIAN_POINT('Ctrl Pts',(-8.46954544545749,-33.4521452583309,-89.7991654536383));
#2444=CARTESIAN_POINT('Ctrl Pts',(-8.46954544545749,-32.5350779469944,-89.7991654536383));
#2445=CARTESIAN_POINT('Ctrl Pts',(-4.94258737980625,-39.8491368383075,-84.2276485746264));
#2446=CARTESIAN_POINT('Ctrl Pts',(-5.91194225269216,-39.5429767163834,-85.5768672178967));
#2447=CARTESIAN_POINT('Ctrl Pts',(-7.41176091350211,-38.3862418130015,-87.7168524580642));
#2448=CARTESIAN_POINT('Ctrl Pts',(-8.72891994551013,-35.5208794032991,-89.6604823634237));
#2449=CARTESIAN_POINT('Ctrl Pts',(-8.99999999999999,-33.5317764231985,-90.0679671189236));
#2450=CARTESIAN_POINT('Ctrl Pts',(-8.99999999999999,-32.5350779469944,-90.0679671189236));
#2451=CARTESIAN_POINT('',(-4.94258737980697,-39.8491368383076,-84.227648574626));
#2452=CARTESIAN_POINT('',(-3.9808130065611,-38.7304316833184,-84.587257582416));
#2453=CARTESIAN_POINT('',(-8.99999999999999,-32.5350779469944,-90.0679671189236));
#2454=CARTESIAN_POINT('Ctrl Pts',(-4.94258737980625,-39.8491368383075,-84.2276485746264));
#2455=CARTESIAN_POINT('Ctrl Pts',(-5.91194225269216,-39.5429767163834,-85.5768672178967));
#2456=CARTESIAN_POINT('Ctrl Pts',(-7.41176091350211,-38.3862418130015,-87.7168524580642));
#2457=CARTESIAN_POINT('Ctrl Pts',(-8.72891994551013,-35.5208794032991,-89.6604823634237));
#2458=CARTESIAN_POINT('Ctrl Pts',(-8.99999999999999,-33.5317764231985,-90.0679671189236));
#2459=CARTESIAN_POINT('Ctrl Pts',(-8.99999999999999,-32.5350779469944,-90.0679671189236));
#2460=CARTESIAN_POINT('',(-8.99999999999999,-32.5350779469944,-90.0679671189236));
#2461=CARTESIAN_POINT('Origin',(-8.20431816818624,-24.401308460246,-89.6647646209957));
#2462=CARTESIAN_POINT('',(-8.99999999999999,32.5350779469932,-90.0679671189235));
#2463=CARTESIAN_POINT('',(-8.99999999999999,32.5350779469932,-90.0679671189235));
#2464=CARTESIAN_POINT('',(-8.99999999999999,-24.401308460246,-90.0679671189236));
#2465=CARTESIAN_POINT('Ctrl Pts',(-7.40863633637248,32.5350779469932,-89.2615621230678));
#2466=CARTESIAN_POINT('Ctrl Pts',(-7.40863633637249,33.671785419395,-89.2615621230678));
#2467=CARTESIAN_POINT('Ctrl Pts',(-6.87801734151479,36.348323543445,-88.5379907664437));
#2468=CARTESIAN_POINT('Ctrl Pts',(-5.13752135995877,38.2430194938339,-86.164587155231));
#2469=CARTESIAN_POINT('Ctrl Pts',(-3.98081300656115,38.7304316833172,-84.587257582416));
#2470=CARTESIAN_POINT('Ctrl Pts',(-7.93909089091499,32.5350779469932,-89.5303637883531));
#2471=CARTESIAN_POINT('Ctrl Pts',(-7.93909089091499,33.7912321666964,-89.5303637883531));
#2472=CARTESIAN_POINT('Ctrl Pts',(-7.34428121827738,36.7304527391677,-88.6830374380207));
#2473=CARTESIAN_POINT('Ctrl Pts',(-5.50336775452391,38.6423207766918,-86.1185936920385));
#2474=CARTESIAN_POINT('Ctrl Pts',(-4.30140446430955,39.1033334016469,-84.4673879131529));
#2475=CARTESIAN_POINT('Ctrl Pts',(-8.46954544545749,32.5350779469932,-89.7991654536383));
#2476=CARTESIAN_POINT('Ctrl Pts',(-8.46954544545749,33.9106789139978,-89.7991654536383));
#2477=CARTESIAN_POINT('Ctrl Pts',(-7.81054509503996,37.1125819348904,-88.8280841095978));
#2478=CARTESIAN_POINT('Ctrl Pts',(-5.86921414908906,39.0416220595496,-86.072600228846));
#2479=CARTESIAN_POINT('Ctrl Pts',(-4.62199592205794,39.4762351199766,-84.3475182438897));
#2480=CARTESIAN_POINT('Ctrl Pts',(-9.,32.5350779469932,-90.0679671189235));
#2481=CARTESIAN_POINT('Ctrl Pts',(-9.,34.0301256612993,-90.0679671189235));
#2482=CARTESIAN_POINT('Ctrl Pts',(-8.27680897180254,37.494711130613,-88.9731307811749));
#2483=CARTESIAN_POINT('Ctrl Pts',(-6.2350605436542,39.4409233424075,-86.0266067656536));
#2484=CARTESIAN_POINT('Ctrl Pts',(-4.94258737980634,39.8491368383063,-84.2276485746265));
#2485=CARTESIAN_POINT('',(-4.94258737980704,39.8491368383064,-84.2276485746261));
#2486=CARTESIAN_POINT('',(-4.94258737980704,39.8491368383064,-84.2276485746261));
#2487=CARTESIAN_POINT('Ctrl Pts',(-9.,32.5350779469932,-90.0679671189235));
#2488=CARTESIAN_POINT('Ctrl Pts',(-9.,34.0301256612993,-90.0679671189235));
#2489=CARTESIAN_POINT('Ctrl Pts',(-8.27680897180254,37.494711130613,-88.9731307811749));
#2490=CARTESIAN_POINT('Ctrl Pts',(-6.2350605436542,39.4409233424075,-86.0266067656536));
#2491=CARTESIAN_POINT('Ctrl Pts',(-4.94258737980634,39.8491368383063,-84.2276485746265));
#2492=CARTESIAN_POINT('Ctrl Pts',(-3.61065547877418,-38.865469855547,-84.082497317252));
#2493=CARTESIAN_POINT('Ctrl Pts',(-3.73536433662662,-38.8268809763981,-84.2525548506872));
#2494=CARTESIAN_POINT('Ctrl Pts',(-3.85888153193228,-38.7818110019178,-84.4209873897403));
#2495=CARTESIAN_POINT('Ctrl Pts',(-3.9808130065611,-38.7304316833185,-84.587257582416));
#2496=CARTESIAN_POINT('Ctrl Pts',(-3.91727019714674,-39.2362675099341,-83.9417866708502));
#2497=CARTESIAN_POINT('Ctrl Pts',(-4.0465705770988,-39.1962578681028,-84.1181053707848));
#2498=CARTESIAN_POINT('Ctrl Pts',(-4.17470255540128,-39.1519298771712,-84.2933302477579));
#2499=CARTESIAN_POINT('Ctrl Pts',(-4.30140446430949,-39.1033334016481,-84.4673879131528));
#2500=CARTESIAN_POINT('Ctrl Pts',(-4.2238849155193,-39.6070651643213,-83.8010760244483));
#2501=CARTESIAN_POINT('Ctrl Pts',(-4.35777681757098,-39.5656347598075,-83.9836558908824));
#2502=CARTESIAN_POINT('Ctrl Pts',(-4.49052357887029,-39.5220487524247,-84.1656731057755));
#2503=CARTESIAN_POINT('Ctrl Pts',(-4.62199592205788,-39.4762351199778,-84.3475182438897));
#2504=CARTESIAN_POINT('Ctrl Pts',(-4.53049963389186,-39.9778628187085,-83.6603653780465));
#2505=CARTESIAN_POINT('Ctrl Pts',(-4.66898305804317,-39.9350116515122,-83.8492064109801));
#2506=CARTESIAN_POINT('Ctrl Pts',(-4.8063446023393,-39.8921676276781,-84.0380159637931));
#2507=CARTESIAN_POINT('Ctrl Pts',(-4.94258737980627,-39.8491368383075,-84.2276485746265));
#2508=CARTESIAN_POINT('Ctrl Pts',(-4.53049963389186,-39.9778628187085,-83.6603653780465));
#2509=CARTESIAN_POINT('Ctrl Pts',(-4.66898305804317,-39.9350116515122,-83.8492064109801));
#2510=CARTESIAN_POINT('Ctrl Pts',(-4.8063446023393,-39.8921676276781,-84.0380159637931));
#2511=CARTESIAN_POINT('Ctrl Pts',(-4.94258737980627,-39.8491368383075,-84.2276485746265));
#2512=CARTESIAN_POINT('Origin',(-3.1298129167878,39.7127687785096,-82.5885704755421));
#2513=CARTESIAN_POINT('',(6.05349268861637,43.2528860021371,-69.2276485746262));
#2514=CARTESIAN_POINT('',(6.05349268861637,43.2528860021371,-69.2276485746262));
#2515=CARTESIAN_POINT('',(-4.53049963389194,39.9778628187073,-83.6603653780466));
#2516=CARTESIAN_POINT('',(-3.61065547877426,38.8654698555458,-84.0824973172521));
#2517=CARTESIAN_POINT('',(-3.58973499434664,40.2689652600903,-82.3775045059394));
#2518=CARTESIAN_POINT('Ctrl Pts',(-3.98081300656116,38.7304316833172,-84.587257582416));
#2519=CARTESIAN_POINT('Ctrl Pts',(-3.85888153193235,38.7818110019166,-84.4209873897404));
#2520=CARTESIAN_POINT('Ctrl Pts',(-3.73536433662669,38.8268809763969,-84.2525548506872));
#2521=CARTESIAN_POINT('Ctrl Pts',(-3.61065547877426,38.8654698555457,-84.0824973172521));
#2522=CARTESIAN_POINT('Ctrl Pts',(-4.30140446430956,39.1033334016469,-84.4673879131529));
#2523=CARTESIAN_POINT('Ctrl Pts',(-4.17470255540136,39.15192987717,-84.293330247758));
#2524=CARTESIAN_POINT('Ctrl Pts',(-4.04657057709888,39.1962578681016,-84.1181053707849));
#2525=CARTESIAN_POINT('Ctrl Pts',(-3.91727019714682,39.2362675099329,-83.9417866708503));
#2526=CARTESIAN_POINT('Ctrl Pts',(-4.62199592205796,39.4762351199766,-84.3475182438897));
#2527=CARTESIAN_POINT('Ctrl Pts',(-4.49052357887037,39.5220487524235,-84.1656731057756));
#2528=CARTESIAN_POINT('Ctrl Pts',(-4.35777681757107,39.5656347598063,-83.9836558908825));
#2529=CARTESIAN_POINT('Ctrl Pts',(-4.22388491551939,39.6070651643201,-83.8010760244484));
#2530=CARTESIAN_POINT('Ctrl Pts',(-4.94258737980635,39.8491368383063,-84.2276485746266));
#2531=CARTESIAN_POINT('Ctrl Pts',(-4.80634460233938,39.8921676276769,-84.0380159637932));
#2532=CARTESIAN_POINT('Ctrl Pts',(-4.66898305804325,39.9350116515109,-83.8492064109802));
#2533=CARTESIAN_POINT('Ctrl Pts',(-4.53049963389195,39.9778628187073,-83.6603653780466));
#2534=CARTESIAN_POINT('Ctrl Pts',(-4.94258737980635,39.8491368383063,-84.2276485746266));
#2535=CARTESIAN_POINT('Ctrl Pts',(-4.80634460233938,39.8921676276769,-84.0380159637932));
#2536=CARTESIAN_POINT('Ctrl Pts',(-4.66898305804325,39.9350116515109,-83.8492064109802));
#2537=CARTESIAN_POINT('Ctrl Pts',(-4.53049963389195,39.9778628187073,-83.6603653780466));
#2538=CARTESIAN_POINT('Ctrl Pts',(6.97333684373405,42.1404930389756,-69.6497805138317));
#2539=CARTESIAN_POINT('Ctrl Pts',(7.11200606956425,42.1834016991091,-69.4606861149723));
#2540=CARTESIAN_POINT('Ctrl Pts',(7.25067529539444,42.2263103592426,-69.271591716113));
#2541=CARTESIAN_POINT('Ctrl Pts',(7.38934452122463,42.2692190193761,-69.0824973172536));
#2542=CARTESIAN_POINT('Ctrl Pts',(6.66672212536149,42.5112906933628,-69.5090698674298));
#2543=CARTESIAN_POINT('Ctrl Pts',(6.80539135119168,42.5541993534963,-69.3199754685705));
#2544=CARTESIAN_POINT('Ctrl Pts',(6.94403745156537,42.5946684902129,-69.130310542657));
#2545=CARTESIAN_POINT('Ctrl Pts',(7.08279893852506,42.6326652787168,-68.9401692166958));
#2546=CARTESIAN_POINT('Ctrl Pts',(6.36010740698893,42.8820883477499,-69.368359221028));
#2547=CARTESIAN_POINT('Ctrl Pts',(6.49877663281912,42.9249970078834,-69.1792648221686));
#2548=CARTESIAN_POINT('Ctrl Pts',(6.6373996077363,42.9630266211832,-68.989029369201));
#2549=CARTESIAN_POINT('Ctrl Pts',(6.77625335582548,42.9961115380574,-68.797841116138));
#2550=CARTESIAN_POINT('Ctrl Pts',(6.05349268861637,43.2528860021371,-69.2276485746262));
#2551=CARTESIAN_POINT('Ctrl Pts',(6.19216191444656,43.2957946622706,-69.0385541757668));
#2552=CARTESIAN_POINT('Ctrl Pts',(6.33076176390723,43.3313847521535,-68.8477481957451));
#2553=CARTESIAN_POINT('Ctrl Pts',(6.46970777312591,43.3595577973981,-68.6555130155802));
#2554=CARTESIAN_POINT('Ctrl Pts',(6.05349268861637,43.2528860021371,-69.2276485746262));
#2555=CARTESIAN_POINT('Ctrl Pts',(6.19216191444656,43.2957946622706,-69.0385541757668));
#2556=CARTESIAN_POINT('Ctrl Pts',(6.33076176390723,43.3313847521535,-68.8477481957451));
#2557=CARTESIAN_POINT('Ctrl Pts',(6.46970777312591,43.3595577973981,-68.6555130155802));
#2558=CARTESIAN_POINT('Origin',(0.,-35.9388271108252,-67.5679671189221));
#2559=CARTESIAN_POINT('',(-13.,-43.2528860021387,-69.2276485746231));
#2560=CARTESIAN_POINT('Origin',(-13.,-35.9388271108252,-67.5679671189221));
#2561=CARTESIAN_POINT('',(0.,-43.2528860021387,-69.2276485746231));
#2562=CARTESIAN_POINT('Origin',(0.,35.9388271108236,-67.567967118925));
#2563=CARTESIAN_POINT('',(-13.,43.2528860021371,-69.2276485746262));
#2564=CARTESIAN_POINT('',(0.,43.2528860021371,-69.2276485746262));
#2565=CARTESIAN_POINT('Origin',(-13.,35.9388271108236,-67.567967118925));
#2566=CARTESIAN_POINT('Origin',(-17.,-12.4999999999996,-78.0679671189235));
#2567=CARTESIAN_POINT('',(-16.,-41.0199542676729,-79.0679671189236));
#2568=CARTESIAN_POINT('',(-18.,-41.4737874895169,-77.0679671189235));
#2569=CARTESIAN_POINT('',(-13.5323696793684,-40.4600079583067,-81.5355974395552));
#2570=CARTESIAN_POINT('',(-18.,-24.999999999999,-77.0679671189235));
#2571=CARTESIAN_POINT('',(-18.,-12.4999999999996,-77.0679671189235));
#2572=CARTESIAN_POINT('',(-16.,-24.9999999999987,-79.0679671189235));
#2573=CARTESIAN_POINT('',(-17.9999999999995,-24.999999999999,-77.0679671189241));
#2574=CARTESIAN_POINT('',(-16.,-12.4999999999996,-79.0679671189235));
#2575=CARTESIAN_POINT('Origin',(-14.,-25.,-71.0679671189236));
#2576=CARTESIAN_POINT('',(-18.,-24.9999999999997,-73.0679671189236));
#2577=CARTESIAN_POINT('',(-18.,-24.9999999999997,-73.0679671189257));
#2578=CARTESIAN_POINT('',(-16.,-25.,-71.0679671189236));
#2579=CARTESIAN_POINT('',(-16.0000000000002,-25.,-71.0679671189237));
#2580=CARTESIAN_POINT('',(-14.,-25.,-71.0679671189236));
#2581=CARTESIAN_POINT('',(-14.,-24.9999999999987,-79.0679671189235));
#2582=CARTESIAN_POINT('Origin',(-18.,-4.88498130835069E-13,-75.0679671189236));
#2583=CARTESIAN_POINT('',(-18.,-42.381453933205,-73.0679671189236));
#2584=CARTESIAN_POINT('',(-18.,-40.4471971373788,-81.5920535133342));
#2585=CARTESIAN_POINT('',(-18.,-21.4176435775248,-73.0679671189236));
#2586=CARTESIAN_POINT('Origin',(-17.,-21.4176435775248,-72.0679671189235));
#2587=CARTESIAN_POINT('',(-16.,-42.8352871550491,-71.0679671189236));
#2588=CARTESIAN_POINT('',(-13.3007293806824,-43.4477964959461,-68.368696499606));
#2589=CARTESIAN_POINT('',(-16.,-21.4176435775248,-71.0679671189236));
#2590=CARTESIAN_POINT('Origin',(-17.,20.5099771338356,-78.0679671189235));
#2591=CARTESIAN_POINT('',(-16.,25.0000000000003,-79.0679671189235));
#2592=CARTESIAN_POINT('',(-18.,25.0000000000003,-77.0679671189235));
#2593=CARTESIAN_POINT('',(-16.,25.0000000000003,-79.0679671189235));
#2594=CARTESIAN_POINT('',(-18.,41.4737874895159,-77.0679671189235));
#2595=CARTESIAN_POINT('',(-18.,20.5099771338356,-77.0679671189235));
#2596=CARTESIAN_POINT('',(-16.,41.0199542676718,-79.0679671189235));
#2597=CARTESIAN_POINT('',(-10.1312410975088,39.6882353871999,-84.9367260214147));
#2598=CARTESIAN_POINT('',(-16.,20.5099771338356,-79.0679671189235));
#2599=CARTESIAN_POINT('Origin',(0.,39.8491368383067,-84.2276485746247));
#2600=CARTESIAN_POINT('',(-13.,39.8491368383067,-84.2276485746247));
#2601=CARTESIAN_POINT('',(0.,39.8491368383067,-84.2276485746247));
#2602=CARTESIAN_POINT('',(-13.,41.0199542676718,-79.0679671189235));
#2603=CARTESIAN_POINT('',(-13.,39.8617884226951,-84.1718942411847));
#2604=CARTESIAN_POINT('',(-14.,41.0199542676718,-79.0679671189235));
#2605=CARTESIAN_POINT('',(-18.,42.381453933204,-73.0679671189236));
#2606=CARTESIAN_POINT('',(-18.,41.3548635810658,-77.5920535133345));
#2607=CARTESIAN_POINT('',(-16.,42.8352871550481,-71.0679671189236));
#2608=CARTESIAN_POINT('',(-17.6380448736957,42.4635875637708,-72.7060119926194));
#2609=CARTESIAN_POINT('',(-13.,42.8352871550481,-71.0679671189236));
#2610=CARTESIAN_POINT('',(-14.,42.8352871550481,-71.0679671189236));
#2611=CARTESIAN_POINT('',(-13.,39.8617884226951,-84.1718942411847));
#2612=CARTESIAN_POINT('Origin',(-18.,-4.9293902293357E-13,-75.0679671189236));
#2613=CARTESIAN_POINT('',(-18.,25.0000000000003,-73.0679671189236));
#2614=CARTESIAN_POINT('',(-18.,25.0000000000003,-77.0679671189235));
#2615=CARTESIAN_POINT('',(-18.,12.4999999999999,-73.0679671189236));
#2616=CARTESIAN_POINT('Origin',(-17.,12.4999999999999,-72.0679671189236));
#2617=CARTESIAN_POINT('',(-16.,25.0000000000003,-71.0679671189236));
#2618=CARTESIAN_POINT('',(-18.,25.0000000000003,-73.0679671189236));
#2619=CARTESIAN_POINT('',(-16.,12.4999999999999,-71.0679671189236));
#2620=CARTESIAN_POINT('Origin',(0.,32.5350779469932,-82.5679671189235));
#2621=CARTESIAN_POINT('',(-13.,32.5350779469932,-90.0679671189235));
#2622=CARTESIAN_POINT('',(0.,32.5350779469932,-90.0679671189235));
#2623=CARTESIAN_POINT('Origin',(-13.,32.5350779469932,-82.5679671189235));
#2624=CARTESIAN_POINT('Origin',(0.,-32.5350779469944,-90.0679671189236));
#2625=CARTESIAN_POINT('',(-13.,-32.5350779469944,-90.0679671189236));
#2626=CARTESIAN_POINT('',(0.,-32.5350779469944,-90.0679671189236));
#2627=CARTESIAN_POINT('',(-13.,-16.2675389734976,-90.0679671189236));
#2628=CARTESIAN_POINT('Origin',(0.,-32.5350779469944,-82.5679671189236));
#2629=CARTESIAN_POINT('',(-13.,-39.8491368383079,-84.2276485746246));
#2630=CARTESIAN_POINT('',(0.,-39.8491368383079,-84.2276485746246));
#2631=CARTESIAN_POINT('Origin',(-13.,-32.5350779469944,-82.5679671189236));
#2632=CARTESIAN_POINT('Origin',(0.,-43.2528860021387,-69.2276485746231));
#2633=CARTESIAN_POINT('',(-13.,-42.8352871550491,-71.0679671189236));
#2634=CARTESIAN_POINT('',(-13.,-41.5636630046118,-76.6718942411836));
#2635=CARTESIAN_POINT('',(-14.,-42.8352871550491,-71.0679671189236));
#2636=CARTESIAN_POINT('',(-13.,-41.0199542676729,-79.0679671189236));
#2637=CARTESIAN_POINT('',(-14.,-41.0199542676729,-79.0679671189236));
#2638=CARTESIAN_POINT('',(-13.,-41.5636630046118,-76.6718942411836));
#2639=CARTESIAN_POINT('Origin',(-13.,38.88658057052,-83.9506033804246));
#2640=CARTESIAN_POINT('Origin',(-13.,38.8739289861316,-84.0063577138645));
#2641=CARTESIAN_POINT('Origin',(-13.,39.9945318433449,-79.0679671189235));
#2642=CARTESIAN_POINT('Origin',(-13.,32.5350779469932,-82.5679671189235));
#2643=CARTESIAN_POINT('Origin',(-13.,32.5350779469932,-89.0679671189235));
#2644=CARTESIAN_POINT('Origin',(-13.,-16.2675389734976,-89.0679671189236));
#2645=CARTESIAN_POINT('Origin',(-13.,-32.5350779469944,-89.0679671189236));
#2646=CARTESIAN_POINT('Origin',(-13.,-32.5350779469944,-82.5679671189236));
#2647=CARTESIAN_POINT('Origin',(-13.,-38.8739289861328,-84.0063577138644));
#2648=CARTESIAN_POINT('Origin',(-13.,-40.5884551524367,-76.4506033804235));
#2649=CARTESIAN_POINT('Origin',(-13.,-39.994531843346,-79.0679671189236));
#2650=CARTESIAN_POINT('Origin',(-13.,-40.5884551524367,-76.4506033804235));
#2651=CARTESIAN_POINT('Origin',(-13.,-42.2776781499636,-69.0063577138629));
#2652=CARTESIAN_POINT('Origin',(-13.,-41.8098647307223,-71.0679671189236));
#2653=CARTESIAN_POINT('Origin',(-13.,-35.9388271108252,-67.5679671189221));
#2654=CARTESIAN_POINT('Origin',(-13.,-35.938827110825,-61.0679671189221));
#2655=CARTESIAN_POINT('Origin',(-13.,17.9694135554118,-61.0679671189243));
#2656=CARTESIAN_POINT('Origin',(-13.,35.9388271108239,-61.067967118925));
#2657=CARTESIAN_POINT('Origin',(-13.,35.9388271108236,-67.567967118925));
#2658=CARTESIAN_POINT('Origin',(-13.,42.277678149962,-69.006357713866));
#2659=CARTESIAN_POINT('Origin',(-13.,38.88658057052,-83.9506033804246));
#2660=CARTESIAN_POINT('Origin',(-13.,41.8098647307213,-71.0679671189236));
#2661=CARTESIAN_POINT('Origin',(2.88675134594813,-7.50000000000001,-64.0679671189233));
#2662=CARTESIAN_POINT('',(2.88675134594813,-7.50000000000001,-64.0679671189233));
#2663=CARTESIAN_POINT('',(5.77350269189625,-12.5,-64.0679671189231));
#2664=CARTESIAN_POINT('Origin',(-14.,-7.5,-64.0679671189233));
#2665=CARTESIAN_POINT('Origin',(5.77350269189625,-12.5,-64.0679671189231));
#2666=CARTESIAN_POINT('Origin',(2.88675134594812,17.5,-64.0679671189243));
#2667=CARTESIAN_POINT('',(2.88675134594812,17.5,-64.0679671189243));
#2668=CARTESIAN_POINT('',(5.77350269189625,12.5,-64.0679671189241));
#2669=CARTESIAN_POINT('Origin',(-14.,17.5,-64.0679671189243));
#2670=CARTESIAN_POINT('Origin',(5.77350269189625,12.5,-64.0679671189241));
#2671=CARTESIAN_POINT('Origin',(-14.,41.0199542676718,-79.0679671189235));
#2672=CARTESIAN_POINT('',(-14.,25.0000000000003,-79.0679671189235));
#2673=CARTESIAN_POINT('Origin',(-14.,25.0000000000003,-71.0679671189236));
#2674=CARTESIAN_POINT('',(-14.,25.0000000000003,-71.0679671189236));
#2675=CARTESIAN_POINT('Origin',(-14.,25.0000000000003,-79.0679671189235));
#2676=CARTESIAN_POINT('Origin',(-14.,-42.8352871550491,-71.0679671189236));
#2677=CARTESIAN_POINT('Origin',(-14.,-24.9999999999987,-79.0679671189235));
#2678=UNCERTAINTY_MEASURE_WITH_UNIT(LENGTH_MEASURE(0.01),#2682,
'DISTANCE_ACCURACY_VALUE',
'Maximum model space distance between geometric entities at asserted c
onnectivities');
#2679=UNCERTAINTY_MEASURE_WITH_UNIT(LENGTH_MEASURE(0.01),#2682,
'DISTANCE_ACCURACY_VALUE',
'Maximum model space distance between geometric entities at asserted c
onnectivities');
#2680=(
GEOMETRIC_REPRESENTATION_CONTEXT(3)
GLOBAL_UNCERTAINTY_ASSIGNED_CONTEXT((#2678))
GLOBAL_UNIT_ASSIGNED_CONTEXT((#2682,#2684,#2685))
REPRESENTATION_CONTEXT('','3D')
);
#2681=(
GEOMETRIC_REPRESENTATION_CONTEXT(3)
GLOBAL_UNCERTAINTY_ASSIGNED_CONTEXT((#2679))
GLOBAL_UNIT_ASSIGNED_CONTEXT((#2682,#2684,#2685))
REPRESENTATION_CONTEXT('','3D')
);
#2682=(
LENGTH_UNIT()
NAMED_UNIT(*)
SI_UNIT(.MILLI.,.METRE.)
);
#2683=(
LENGTH_UNIT()
NAMED_UNIT(*)
SI_UNIT($,.METRE.)
);
#2684=(
NAMED_UNIT(*)
PLANE_ANGLE_UNIT()
SI_UNIT($,.RADIAN.)
);
#2685=(
NAMED_UNIT(*)
SI_UNIT($,.STERADIAN.)
SOLID_ANGLE_UNIT()
);
#2686=SHAPE_DEFINITION_REPRESENTATION(#2687,#2688);
#2687=PRODUCT_DEFINITION_SHAPE('',$,#2690);
#2688=SHAPE_REPRESENTATION('',(#1420),#2680);
#2689=PRODUCT_DEFINITION_CONTEXT('part definition',#2694,'design');
#2690=PRODUCT_DEFINITION('2026-09-08-09-37-43-456','Side Mount',#2691,#2689);
#2691=PRODUCT_DEFINITION_FORMATION('',$,#2696);
#2692=PRODUCT_RELATED_PRODUCT_CATEGORY('Side Mount','Side Mount',(#2696));
#2693=APPLICATION_PROTOCOL_DEFINITION('international standard',
'automotive_design',2009,#2694);
#2694=APPLICATION_CONTEXT(
'Core Data for Automotive Mechanical Design Process');
#2695=PRODUCT_CONTEXT('part definition',#2694,'mechanical');
#2696=PRODUCT('2026-09-08-09-37-43-456','Side Mount',$,(#2695));
#2697=PRESENTATION_STYLE_ASSIGNMENT((#2699));
#2698=PRESENTATION_STYLE_ASSIGNMENT((#2700));
#2699=SURFACE_STYLE_USAGE(.BOTH.,#2701);
#2700=SURFACE_STYLE_USAGE(.BOTH.,#2702);
#2701=SURFACE_SIDE_STYLE('',(#2703));
#2702=SURFACE_SIDE_STYLE('',(#2704));
#2703=SURFACE_STYLE_FILL_AREA(#2705);
#2704=SURFACE_STYLE_FILL_AREA(#2706);
#2705=FILL_AREA_STYLE('Plastic - Matte (White)',(#2707));
#2706=FILL_AREA_STYLE('PETG Black',(#2708));
#2707=FILL_AREA_STYLE_COLOUR('Plastic - Matte (White)',#2709);
#2708=FILL_AREA_STYLE_COLOUR('PETG Black',#2710);
#2709=COLOUR_RGB('Plastic - Matte (White)',0.964705882352941,0.964705882352941,
0.952941176470588);
#2710=COLOUR_RGB('PETG Black',0.247058823529412,0.247058823529412,0.247058823529412);
ENDSEC;
END-ISO-10303-21;
